file,class,type,cbo,cboModified,fanin,fanout,wmc,dit,noc,rfc,lcom,lcom*,tcc,lcc,totalMethodsQty,staticMethodsQty,publicMethodsQty,privateMethodsQty,protectedMethodsQty,defaultMethodsQty,visibleMethodsQty,abstractMethodsQty,finalMethodsQty,synchronizedMethodsQty,totalFieldsQty,staticFieldsQty,publicFieldsQty,privateFieldsQty,protectedFieldsQty,defaultFieldsQty,finalFieldsQty,synchronizedFieldsQty,nosi,loc,returnQty,loopQty,comparisonsQty,tryCatchQty,parenthesizedExpsQty,stringLiteralsQty,numbersQty,assignmentsQty,mathOperationsQty,variablesQty,maxNestedBlocksQty,anonymousClassesQty,innerClassesQty,lambdasQty,uniqueWordsQty,modifiers,logStatementsQty
/Users/kaiohs/Downloads/codes/lab02-experimentacao-software/data/repos/javaparser__javaparser/javaparser-symbol-solver-testing/src/test/java/com/github/javaparser/symbolsolver/resolution/InstanceOfTest.java,com.github.javaparser.symbolsolver.resolution.InstanceOfTest$Simpler,innerclass,7,7,0,7,1,1,0,7,0,0.0,NaN,NaN,1,0,1,0,0,0,1,0,0,0,0,0,0,0,0,0,0,0,0,10,0,0,0,0,0,1,2,5,0,5,0,0,0,0,17,0,0
/Users/kaiohs/Downloads/codes/lab02-experimentacao-software/data/repos/javaparser__javaparser/javaparser-core-testing/src/test/java/com/github/javaparser/ast/body/FieldDeclarationTest.java,com.github.javaparser.ast.body.FieldDeclarationTest,class,8,9,1,8,7,1,0,34,15,0.0,0.0,0.0,6,0,0,1,0,5,5,0,0,0,0,0,0,0,0,0,0,0,0,49,0,1,0,0,0,30,13,17,3,15,1,0,0,3,55,0,0
/Users/kaiohs/Downloads/codes/lab02-experimentacao-software/data/repos/javaparser__javaparser/javaparser-symbol-solver-testing/src/test/resources/differentiate_dot_expressions/InnerClassDotExpressions.java,InnerClassDotExpressions,class,3,3,0,3,1,1,0,3,0,0.0,NaN,NaN,1,1,1,0,0,0,1,0,0,0,0,0,0,0,0,0,0,0,3,7,0,0,0,0,0,0,0,0,0,0,0,0,0,0,6,1,0
/Users/kaiohs/Downloads/codes/lab02-experimentacao-software/data/repos/javaparser__javaparser/javaparser-symbol-solver-core/src/main/java/com/github/javaparser/symbolsolver/resolution/typeinference/Substitution.java,com.github.javaparser.symbolsolver.resolution.typeinference.Substitution,class,3,6,3,3,5,1,0,8,0,0.41666666,0.0,0.0,4,1,3,1,0,0,3,0,0,0,3,1,0,3,0,0,1,0,0,27,3,1,0,0,0,0,1,7,0,6,1,0,0,0,24,1,0
/Users/kaiohs/Downloads/codes/lab02-experimentacao-software/data/repos/javaparser__javaparser/javaparser-core-testing/src/test/java/com/github/javaparser/javadoc/JavadocTest.java,com.github.javaparser.javadoc.JavadocTest,class,10,10,0,10,13,1,0,26,78,0.0,0.0,0.0,13,0,0,0,0,13,13,0,0,0,0,0,0,0,0,0,0,0,2,90,0,0,0,0,0,79,29,21,15,23,0,0,0,2,105,0,0
/Users/kaiohs/Downloads/codes/lab02-experimentacao-software/data/repos/javaparser__javaparser/javaparser-core-testing/src/test/java/com/github/javaparser/printer/lexicalpreservation/Issue1467Test.java,com.github.javaparser.printer.lexicalpreservation.Issue1467Test,class,10,10,0,10,1,2,0,11,0,0.0,NaN,NaN,1,0,1,0,0,0,1,0,0,0,0,0,0,0,0,0,0,0,1,19,0,0,0,0,0,11,1,7,2,7,0,0,0,0,32,1,0
/Users/kaiohs/Downloads/codes/lab02-experimentacao-software/data/repos/javaparser__javaparser/javaparser-core-testing/src/test/java/com/github/javaparser/ast/validator/Java16PreviewValidatorTest.java,com.github.javaparser.ast.validator.Java16PreviewValidatorTest,class,2,2,0,2,0,1,0,1,0,NaN,-1.0,-1.0,0,0,0,0,0,0,0,0,0,0,1,0,0,1,0,0,1,0,0,3,0,0,0,0,0,0,0,1,0,1,0,0,0,0,18,0,0
/Users/kaiohs/Downloads/codes/lab02-experimentacao-software/data/repos/javaparser__javaparser/javaparser-core/src/main/java/com/github/javaparser/printer/Printer.java,com.github.javaparser.printer.Printer,interface,1,8,7,1,1,1,0,0,0,0.0,NaN,NaN,1,0,0,0,0,1,1,0,0,0,0,0,0,0,0,0,0,0,0,3,0,0,0,0,0,0,0,0,0,0,0,0,0,0,18,1,0
/Users/kaiohs/Downloads/codes/lab02-experimentacao-software/data/repos/javaparser__javaparser/javaparser-symbol-solver-testing/src/test/test_sourcecode/javasymbolsolver_0_6_0/src/java-symbol-solver-model/com/github/javaparser/symbolsolver/model/resolution/UnsolvedSymbolException.java,com.github.javaparser.symbolsolver.model.resolution.UnsolvedSymbolException,class,1,12,11,1,4,4,0,0,0,0.25,0.0,0.0,4,0,4,0,0,0,4,0,0,0,3,0,0,3,0,0,0,0,0,23,1,0,0,0,0,10,0,6,5,3,0,0,0,0,24,1,0
/Users/kaiohs/Downloads/codes/lab02-experimentacao-software/data/repos/javaparser__javaparser/javaparser-core/src/main/java/com/github/javaparser/ast/type/Type.java,com.github.javaparser.ast.type.Type,class,24,121,94,27,67,2,14,18,1681,0.89830506,0.0,0.0,59,0,58,0,1,0,59,2,0,0,1,0,0,1,0,0,0,0,11,193,37,2,6,0,0,63,3,3,0,3,2,0,0,0,94,1025,0
/Users/kaiohs/Downloads/codes/lab02-experimentacao-software/data/repos/javaparser__javaparser/javaparser-core-generators/src/main/java/com/github/javaparser/generator/core/other/GrammarLetterGenerator.java,com.github.javaparser.generator.core.other.GrammarLetterGenerator,class,1,2,1,1,11,1,0,12,3,0.0,NaN,NaN,3,3,1,2,0,0,1,0,0,0,0,0,0,0,0,0,0,0,11,45,1,3,0,0,0,12,10,7,4,7,2,0,0,2,33,1,0
/Users/kaiohs/Downloads/codes/lab02-experimentacao-software/data/repos/javaparser__javaparser/javaparser-symbol-solver-testing/src/test/java/com/github/javaparser/resolution/declarations/ResolvedTypeParametrizableTest.java,com.github.javaparser.resolution.declarations.ResolvedTypeParametrizableTest,interface,4,8,4,4,3,1,0,5,3,0.0,0.0,0.0,3,0,0,0,0,3,3,0,0,0,0,0,0,0,0,0,0,0,0,10,0,0,0,0,0,1,0,1,0,1,0,0,0,1,30,1,0
/Users/kaiohs/Downloads/codes/lab02-experimentacao-software/data/repos/javaparser__javaparser/javaparser-core-testing/src/test/java/com/github/javaparser/ast/nodeTypes/NodeWithTraversableScopeTest.java,com.github.javaparser.ast.nodeTypes.NodeWithTraversableScopeTest,class,5,5,0,5,1,1,0,6,0,0.0,NaN,NaN,1,0,0,0,0,1,1,0,0,0,0,0,0,0,0,0,0,0,3,11,0,0,0,0,0,1,0,3,0,1,0,0,0,0,13,0,0
/Users/kaiohs/Downloads/codes/lab02-experimentacao-software/data/repos/javaparser__javaparser/javaparser-symbol-solver-testing/src/test/java/com/github/javaparser/symbolsolver/Issue3045Test.java,com.github.javaparser.symbolsolver.Issue3045Test,class,7,7,0,7,1,3,0,11,0,0.0,NaN,NaN,1,0,0,0,0,1,1,0,0,0,0,0,0,0,0,0,0,0,0,9,0,0,0,0,0,9,0,3,1,4,0,0,0,1,31,0,0
/Users/kaiohs/Downloads/codes/lab02-experimentacao-software/data/repos/javaparser__javaparser/javaparser-symbol-solver-testing/src/test/resources/issue1769/foo/OtherClass.java,foo.OtherClass,class,0,0,0,0,0,1,0,0,0,0.0,-1.0,-1.0,0,0,0,0,0,0,0,0,0,0,0,0,0,0,0,0,0,0,0,4,0,0,0,0,0,0,0,0,0,0,0,0,1,0,2,1,0
/Users/kaiohs/Downloads/codes/lab02-experimentacao-software/data/repos/javaparser__javaparser/javaparser-symbol-solver-testing/src/test/test_sourcecode/javaparser_new_src/javaparser-generated-sources/com/github/javaparser/ASTParser.java,LookaheadSuccess,innerclass,2,3,1,2,0,1,0,0,0,0.0,-1.0,-1.0,0,0,0,0,0,0,0,0,0,0,0,0,0,0,0,0,0,0,0,2,0,0,0,0,0,1,0,0,0,0,0,0,0,0,2,26,0
/Users/kaiohs/Downloads/codes/lab02-experimentacao-software/data/repos/javaparser__javaparser/javaparser-core/src/main/java/com/github/javaparser/resolution/cache/CacheStats.java,com.github.javaparser.resolution.cache.CacheStats,interface,1,7,6,1,14,1,0,0,91,0.0,0.0,0.0,14,0,0,0,0,14,14,0,0,0,0,0,0,0,0,0,0,0,0,16,0,0,0,0,0,0,0,0,0,0,0,0,0,0,154,1,0
/Users/kaiohs/Downloads/codes/lab02-experimentacao-software/data/repos/javaparser__javaparser/javaparser-symbol-solver-testing/src/test/resources/EmptyVarargsCallTest/Foo.java,foo.Foo,class,0,0,0,0,2,1,0,0,1,0.0,0.0,0.0,2,2,0,0,0,2,2,0,0,0,0,0,0,0,0,0,0,0,0,8,2,0,0,0,0,0,0,0,0,0,0,0,0,0,6,1,0
/Users/kaiohs/Downloads/codes/lab02-experimentacao-software/data/repos/javaparser__javaparser/javaparser-core/src/main/java/com/github/javaparser/metamodel/DoubleLiteralExprMetaModel.java,com.github.javaparser.metamodel.DoubleLiteralExprMetaModel,class,4,6,2,4,1,6,0,0,0,0.0,NaN,NaN,1,0,0,0,0,1,1,0,0,0,0,0,0,0,0,0,0,0,0,5,0,0,0,0,0,4,0,0,0,0,0,0,0,0,37,1,0
/Users/kaiohs/Downloads/codes/lab02-experimentacao-software/data/repos/javaparser__javaparser/javaparser-core-testing-bdd/src/test/java/com/github/javaparser/CommentParsingTest.java,com.github.javaparser.CommentParsingTest,class,6,6,0,6,2,3,0,1,1,0.0,0.0,0.0,2,0,2,0,0,0,2,0,0,0,0,0,0,0,0,0,0,0,0,8,1,0,0,0,0,1,0,0,0,0,0,0,0,0,13,1,0
/Users/kaiohs/Downloads/codes/lab02-experimentacao-software/data/repos/javaparser__javaparser/javaparser-symbol-solver-testing/src/test/resources/issue4427/DerivedClass.java,DerivedClass,class,2,2,0,2,1,3,0,0,0,0.0,NaN,NaN,1,0,0,0,0,1,1,0,0,0,0,0,0,0,0,0,0,0,0,7,0,0,0,0,0,0,1,1,1,0,0,0,1,0,5,1,0
/Users/kaiohs/Downloads/codes/lab02-experimentacao-software/data/repos/javaparser__javaparser/javaparser-symbol-solver-core/src/main/java/com/github/javaparser/symbolsolver/reflectionmodel/ReflectionMethodResolutionLogic.java,com.github.javaparser.symbolsolver.reflectionmodel.ReflectionMethodResolutionLogic,class,15,31,4,27,29,1,0,35,3,0.0,0.0,0.0,3,3,0,1,0,2,2,0,0,0,0,0,0,0,0,0,0,0,11,96,4,8,2,0,1,0,3,27,0,26,3,0,0,4,45,0,0
/Users/kaiohs/Downloads/codes/lab02-experimentacao-software/data/repos/javaparser__javaparser/javaparser-core/src/main/java/com/github/javaparser/ast/expr/VariableDeclarationExpr.java,com.github.javaparser.ast.expr.VariableDeclarationExpr,class,21,87,62,25,45,3,0,35,174,0.6933333,0.0,0.0,25,0,25,0,0,0,25,0,0,0,3,0,0,3,0,0,0,0,9,150,25,6,14,0,0,17,6,9,0,9,2,0,0,2,100,1,0
/Users/kaiohs/Downloads/codes/lab02-experimentacao-software/data/repos/javaparser__javaparser/javaparser-core-testing/src/test/java/com/github/javaparser/printer/lexicalpreservation/IndentationCalculatorTest.java,com.github.javaparser.printer.lexicalpreservation.IndentationCalculatorTest$EdgeCasesTests,innerclass,7,7,0,7,5,1,0,19,6,0.0,0.0,0.0,4,0,0,0,0,4,4,0,0,0,0,0,0,0,0,0,0,0,1,40,0,1,0,0,0,6,10,10,0,11,1,0,0,1,35,0,0
/Users/kaiohs/Downloads/codes/lab02-experimentacao-software/data/repos/javaparser__javaparser/javaparser-symbol-solver-testing/src/test/resources/issue4427/DerivedClass.java,DerivedClass$BaseClass,innerclass,1,1,0,1,0,2,0,0,0,0.0,-1.0,-1.0,0,0,0,0,0,0,0,0,0,0,0,0,0,0,0,0,0,0,0,2,0,0,0,0,0,0,0,0,0,0,0,0,0,0,3,8,0
/Users/kaiohs/Downloads/codes/lab02-experimentacao-software/data/repos/javaparser__javaparser/javaparser-core-testing-bdd/src/test/resources/com/github/javaparser/samples/JavaConcepts.java,japa.bdd.samples.JavaConcepts$Enum,enum,0,0,0,0,3,1,0,0,1,0.33333334,0.0,0.0,3,0,0,1,0,2,2,1,0,0,1,0,0,0,0,1,0,0,0,15,0,0,0,0,0,0,2,1,0,1,0,2,0,0,7,1,0
/Users/kaiohs/Downloads/codes/lab02-experimentacao-software/data/repos/javaparser__javaparser/javaparser-symbol-solver-testing/src/test/java/com/github/javaparser/symbolsolver/Issue185Test.java,com.github.javaparser.symbolsolver.Issue185Test,class,9,9,0,9,1,3,0,7,0,0.0,NaN,NaN,1,0,0,0,0,1,1,0,0,0,0,0,0,0,0,0,0,0,2,12,0,0,0,0,0,3,0,4,0,4,0,0,0,0,36,0,0
/Users/kaiohs/Downloads/codes/lab02-experimentacao-software/data/repos/javaparser__javaparser/javaparser-symbol-solver-testing/src/test/java/com/github/javaparser/symbolsolver/resolution/javaparser/contexts/BlockStmtContextResolutionTest.java,com.github.javaparser.symbolsolver.resolution.javaparser.contexts.BlockStmtContextResolutionTest,class,10,10,0,10,3,3,0,9,3,0.0,0.0,0.0,3,0,0,0,0,3,3,0,0,0,0,0,0,0,0,0,0,0,0,22,0,0,0,0,0,18,1,10,2,10,0,0,0,0,45,0,0
/Users/kaiohs/Downloads/codes/lab02-experimentacao-software/data/repos/javaparser__javaparser/javaparser-core/src/main/java/com/github/javaparser/printer/lexicalpreservation/changes/PropertyChange.java,com.github.javaparser.printer.lexicalpreservation.changes.PropertyChange,class,3,4,1,3,6,1,0,1,0,0.4666667,0.0,0.0,5,0,5,0,0,0,5,0,0,0,3,0,0,3,0,0,3,0,0,25,5,0,1,0,0,0,0,3,0,3,1,0,0,0,19,1,0
/Users/kaiohs/Downloads/codes/lab02-experimentacao-software/data/repos/javaparser__javaparser/javaparser-symbol-solver-testing/src/test/test_sourcecode/javasymbolsolver_0_6_0/src/java-symbol-solver-model/com/github/javaparser/symbolsolver/model/declarations/ReferenceTypeDeclaration.java,com.github.javaparser.symbolsolver.model.declarations.ReferenceTypeDeclaration,interface,12,77,65,12,32,1,0,36,210,0.0,0.0,0.0,21,0,0,0,0,21,21,0,0,0,0,0,0,0,0,0,0,0,6,83,16,3,1,0,1,1,0,3,1,12,4,0,0,9,135,1,0
/Users/kaiohs/Downloads/codes/lab02-experimentacao-software/data/repos/javaparser__javaparser/javaparser-core/src/main/java/com/github/javaparser/ast/validator/language_level_validations/Java18Validator.java,com.github.javaparser.ast.validator.language_level_validations.Java18Validator,class,1,2,1,1,1,20,1,0,0,0.0,NaN,NaN,1,0,1,0,0,0,1,0,0,0,0,0,0,0,0,0,0,0,0,5,0,0,0,0,0,0,0,0,0,0,0,0,0,0,14,1,0
/Users/kaiohs/Downloads/codes/lab02-experimentacao-software/data/repos/javaparser__javaparser/javaparser-symbol-solver-testing/src/test/java/com/github/javaparser/symbolsolver/resolution/ReferenceTypeResolutionTest.java,com.github.javaparser.symbolsolver.resolution.ReferenceTypeResolutionTest,class,10,10,0,10,9,3,0,16,36,0.0,0.0,0.0,9,0,0,0,0,9,9,0,0,0,0,0,0,0,0,0,0,0,0,47,0,0,0,0,0,8,0,17,0,17,0,0,0,0,41,1,0
/Users/kaiohs/Downloads/codes/lab02-experimentacao-software/data/repos/javaparser__javaparser/javaparser-core-testing/src/test/java/com/github/javaparser/ast/validator/Java21ValidatorTest.java,com.github.javaparser.ast.validator.Java21ValidatorTest,class,7,7,0,7,3,1,0,4,0,0.0,0.0,0.0,3,0,0,0,0,3,3,0,0,0,1,0,0,1,0,0,1,0,3,15,0,0,0,0,0,3,0,4,0,4,0,0,0,0,29,0,0
/Users/kaiohs/Downloads/codes/lab02-experimentacao-software/data/repos/javaparser__javaparser/javaparser-core/src/main/java/com/github/javaparser/ast/validator/postprocessors/Java18PostProcessor.java,com.github.javaparser.ast.validator.postprocessors.Java18PostProcessor,class,1,2,1,1,0,10,1,0,0,0.0,-1.0,-1.0,0,0,0,0,0,0,0,0,0,0,0,0,0,0,0,0,0,0,0,2,0,0,0,0,0,0,0,0,0,0,0,0,0,0,15,1,0
/Users/kaiohs/Downloads/codes/lab02-experimentacao-software/data/repos/javaparser__javaparser/javaparser-core-generators/src/main/java/com/github/javaparser/generator/VisitorGenerator.java,com.github.javaparser.generator.VisitorGenerator,class,10,20,10,10,9,2,9,32,6,0.6,0.0,0.0,5,0,1,1,3,0,4,1,1,0,5,0,0,5,0,0,5,0,1,42,0,0,0,0,0,7,1,11,1,14,2,0,0,5,66,1025,1
/Users/kaiohs/Downloads/codes/lab02-experimentacao-software/data/repos/javaparser__javaparser/javaparser-core-testing-bdd/src/test/resources/com/github/javaparser/samples/ClassInLatin1.java,A,class,0,147,140,7,0,1,3,0,0,0.0,-1.0,-1.0,0,0,0,0,0,0,0,0,0,0,0,0,0,0,0,0,0,0,0,2,0,0,0,0,0,0,0,0,0,0,0,0,0,0,1,0,0
/Users/kaiohs/Downloads/codes/lab02-experimentacao-software/data/repos/javaparser__javaparser/javaparser-symbol-solver-testing/src/test/java/com/github/javaparser/symbolsolver/Issue2406Test.java,com.github.javaparser.symbolsolver.Issue2406Test,class,7,7,0,7,1,2,0,8,0,0.0,NaN,NaN,1,0,1,0,0,0,1,0,0,0,0,0,0,0,0,0,0,0,0,15,0,0,0,0,0,19,1,4,1,4,0,1,0,0,34,1,0
/Users/kaiohs/Downloads/codes/lab02-experimentacao-software/data/repos/javaparser__javaparser/javaparser-core/src/main/java/com/github/javaparser/metamodel/UnaryExprMetaModel.java,com.github.javaparser.metamodel.UnaryExprMetaModel,class,5,7,2,5,1,4,0,0,0,0.0,NaN,NaN,1,0,0,0,0,1,1,0,0,0,4,0,4,0,0,0,0,0,0,9,0,0,0,0,0,4,0,0,0,4,0,0,0,0,40,1,0
/Users/kaiohs/Downloads/codes/lab02-experimentacao-software/data/repos/javaparser__javaparser/javaparser-core-generators/src/test/resources/com/github/javaparser/generator/core/quality/NotNullGeneratorTest/expected/ConstructorParameterWithSuperTest.java,B,class,1,11,5,6,1,1,0,1,0,0.0,NaN,NaN,1,0,1,0,0,0,1,0,0,0,0,0,0,0,0,0,0,0,0,6,0,0,0,0,0,2,0,0,0,0,0,0,0,0,3,0,0
/Users/kaiohs/Downloads/codes/lab02-experimentacao-software/data/repos/javaparser__javaparser/javaparser-symbol-solver-testing/src/test/java/com/github/javaparser/symbolsolver/reflectionmodel/ReflectionAnnotationDeclarationTest.java,com.github.javaparser.symbolsolver.reflectionmodel.ReflectionAnnotationDeclarationTest,class,6,6,0,6,8,1,0,19,0,0.0,0.0,0.0,8,0,0,0,0,8,8,0,0,0,1,0,0,1,0,0,0,0,5,36,0,0,0,0,0,12,0,10,0,10,0,0,0,0,36,0,0
/Users/kaiohs/Downloads/codes/lab02-experimentacao-software/data/repos/javaparser__javaparser/javaparser-symbol-solver-testing/src/test/resources/issue3277/C.java,C,class,1,7,4,3,0,1,0,0,0,NaN,-1.0,-1.0,0,0,0,0,0,0,0,0,0,0,1,0,1,0,0,0,0,0,0,3,0,0,0,0,0,2,0,1,0,1,0,0,0,0,3,1,0
/Users/kaiohs/Downloads/codes/lab02-experimentacao-software/data/repos/javaparser__javaparser/javaparser-symbol-solver-testing/src/test/resources/issue276/foo/A.java,foo.A$FindMeIfYouCan,enum,0,0,0,0,0,1,0,0,0,0.0,-1.0,-1.0,0,0,0,0,0,0,0,0,0,0,0,0,0,0,0,0,0,0,0,1,0,0,0,0,0,0,0,0,0,0,0,0,0,0,12,0,0
/Users/kaiohs/Downloads/codes/lab02-experimentacao-software/data/repos/javaparser__javaparser/javaparser-symbol-solver-testing/src/test/resources/issue3277/D.java,D,class,0,1,1,0,1,1,0,0,0,0.0,NaN,NaN,1,0,1,0,0,0,1,0,0,0,2,0,2,0,0,0,0,0,0,8,0,0,0,0,0,0,0,2,0,2,0,0,0,0,3,1,0
/Users/kaiohs/Downloads/codes/lab02-experimentacao-software/data/repos/javaparser__javaparser/javaparser-symbol-solver-testing/src/test/java/com/github/javaparser/resolution/declarations/ResolvedMethodDeclarationTest.java,com.github.javaparser.resolution.declarations.ResolvedMethodDeclarationTest,interface,2,3,1,2,1,1,0,0,0,0.0,NaN,NaN,1,0,0,0,0,1,1,0,0,0,0,0,0,0,0,0,0,0,0,3,0,0,0,0,0,0,0,0,0,0,0,0,0,0,7,1,0
/Users/kaiohs/Downloads/codes/lab02-experimentacao-software/data/repos/javaparser__javaparser/javaparser-core/src/main/java/com/github/javaparser/metamodel/LabeledStmtMetaModel.java,com.github.javaparser.metamodel.LabeledStmtMetaModel,class,5,7,2,5,1,4,0,0,0,0.0,NaN,NaN,1,0,0,0,0,1,1,0,0,0,2,0,2,0,0,0,0,0,0,7,0,0,0,0,0,4,0,0,0,2,0,0,0,0,38,1,0
/Users/kaiohs/Downloads/codes/lab02-experimentacao-software/data/repos/javaparser__javaparser/javaparser-symbol-solver-core/src/main/java/com/github/javaparser/symbolsolver/javaparsermodel/contexts/ContextHelper.java,com.github.javaparser.symbolsolver.javaparsermodel.contexts.ContextHelper,class,5,23,4,19,3,1,0,2,1,0.0,NaN,NaN,2,1,1,1,0,0,1,0,0,0,0,0,0,0,0,0,0,0,0,10,1,0,0,0,1,0,0,0,0,0,1,0,0,0,18,1,0
/Users/kaiohs/Downloads/codes/lab02-experimentacao-software/data/repos/javaparser__javaparser/javaparser-symbol-solver-testing/src/test/java/com/github/javaparser/symbolsolver/resolution/PatternVariableIntroductionTest.java,com.github.javaparser.symbolsolver.resolution.PatternVariableIntroductionTest$DoStatements,innerclass,6,6,0,6,2,1,0,8,1,0.0,0.0,0.0,2,0,2,0,0,0,2,0,0,0,0,0,0,0,0,0,0,0,0,12,0,0,0,0,0,18,0,4,2,4,0,0,0,1,55,0,0
/Users/kaiohs/Downloads/codes/lab02-experimentacao-software/data/repos/javaparser__javaparser/javaparser-core-testing-bdd/src/test/resources/com/github/javaparser/samples/JavaConcepts.java,japa.bdd.samples.JavaConcepts,class,12,15,3,12,33,5,0,9,21,0.9821429,0.0,0.0,7,3,4,2,0,1,8,0,0,0,23,3,1,0,1,21,0,0,5,302,3,7,6,7,7,14,56,62,3,48,2,1,8,0,109,1,0
/Users/kaiohs/Downloads/codes/lab02-experimentacao-software/data/repos/javaparser__javaparser/javaparser-core-testing/src/test/resources/com/github/javaparser/utils/Bla.java,X,class,0,1,1,0,0,1,0,0,0,0.0,-1.0,-1.0,0,0,0,0,0,0,0,0,0,0,0,0,0,0,0,0,0,0,0,2,0,0,0,0,0,0,0,0,0,0,0,0,0,0,1,0,0
/Users/kaiohs/Downloads/codes/lab02-experimentacao-software/data/repos/javaparser__javaparser/javaparser-core-testing/src/test/resources/com/github/javaparser/utils/source.root/Y.java,Y,class,0,0,0,0,0,1,0,0,0,0.0,-1.0,-1.0,0,0,0,0,0,0,0,0,0,0,0,0,0,0,0,0,0,0,0,2,0,0,0,0,0,0,0,0,0,0,0,0,0,0,1,0,0
/Users/kaiohs/Downloads/codes/lab02-experimentacao-software/data/repos/javaparser__javaparser/javaparser-symbol-solver-core/src/main/java/com/github/javaparser/symbolsolver/resolution/typeinference/Bound.java,com.github.javaparser.symbolsolver.resolution.typeinference.Bound,class,7,15,8,7,15,1,5,15,55,0.0,0.0,0.0,11,1,6,0,0,5,11,2,0,0,0,0,0,0,0,0,0,0,6,39,11,0,0,0,0,0,0,2,0,2,1,0,0,0,68,1025,0
/Users/kaiohs/Downloads/codes/lab02-experimentacao-software/data/repos/javaparser__javaparser/javaparser-symbol-solver-testing/src/test/test_sourcecode/javaparser_new_src/javaparser-core/com/github/javaparser/ast/stmt/EmptyStmt.java,EmptyStmt,class,6,17,11,6,4,1,0,1,6,0.0,0.0,0.0,4,0,4,0,0,0,4,0,0,0,0,0,0,0,0,0,0,0,0,13,1,0,0,0,0,0,0,0,0,0,0,0,0,0,12,17,0
/Users/kaiohs/Downloads/codes/lab02-experimentacao-software/data/repos/javaparser__javaparser/javaparser-symbol-solver-core/src/main/java/com/github/javaparser/symbolsolver/resolution/typeinference/constraintformulas/TypeContainedByType.java,com.github.javaparser.symbolsolver.resolution.typeinference.constraintformulas.TypeContainedByType,class,7,8,1,7,16,2,0,10,0,0.125,0.0,0.0,4,0,4,0,0,0,4,0,0,0,2,0,0,2,0,0,0,0,2,34,7,0,3,0,0,3,1,3,4,4,1,0,0,0,41,1,0
/Users/kaiohs/Downloads/codes/lab02-experimentacao-software/data/repos/javaparser__javaparser/javaparser-symbol-solver-testing/src/test/java/com/github/javaparser/symbolsolver/Issue1668Test.java,com.github.javaparser.symbolsolver.Issue1668Test,class,15,15,0,15,2,1,0,19,0,0.0,0.0,0.0,2,0,0,0,0,2,2,0,0,0,1,0,0,1,0,0,0,0,4,22,0,0,0,0,0,9,0,10,0,11,0,0,0,1,40,0,0
/Users/kaiohs/Downloads/codes/lab02-experimentacao-software/data/repos/javaparser__javaparser/javaparser-symbol-solver-testing/src/test/java/com/github/javaparser/symbolsolver/Issue1774Test.java,com.github.javaparser.symbolsolver.Issue1774Test,class,7,7,0,7,1,3,0,8,0,0.0,NaN,NaN,1,0,1,0,0,0,1,0,0,0,0,0,0,0,0,0,0,0,0,22,0,0,0,0,0,32,14,3,1,3,0,0,0,0,43,1,0
/Users/kaiohs/Downloads/codes/lab02-experimentacao-software/data/repos/javaparser__javaparser/javaparser-core/src/main/java/com/github/javaparser/ast/validator/language_level_validations/chunks/UnderscoreKeywordValidator.java,com.github.javaparser.ast.validator.language_level_validations.chunks.UnderscoreKeywordValidator,class,6,8,2,6,4,3,0,7,3,0.0,0.0,0.0,3,1,2,1,0,0,2,0,0,0,0,0,0,0,0,0,0,0,2,15,0,0,0,0,0,2,0,0,0,0,1,0,0,0,17,1,0
/Users/kaiohs/Downloads/codes/lab02-experimentacao-software/data/repos/javaparser__javaparser/javaparser-symbol-solver-testing/src/test/resources/symbolsolver_quicksetup/a/src/a.java,a,class,0,0,0,0,0,1,0,0,0,0.0,-1.0,-1.0,0,0,0,0,0,0,0,0,0,0,0,0,0,0,0,0,0,0,0,2,0,0,0,0,0,0,0,0,0,0,0,0,0,0,1,1,0
/Users/kaiohs/Downloads/codes/lab02-experimentacao-software/data/repos/javaparser__javaparser/javaparser-symbol-solver-testing/src/test/resources/symbolsolver_quicksetup/b/src/b.java,b,class,0,0,0,0,0,1,0,0,0,0.0,-1.0,-1.0,0,0,0,0,0,0,0,0,0,0,0,0,0,0,0,0,0,0,0,2,0,0,0,0,0,0,0,0,0,0,0,0,0,0,1,1,0
/Users/kaiohs/Downloads/codes/lab02-experimentacao-software/data/repos/javaparser__javaparser/javaparser-symbol-solver-testing/src/test/resources/symbolsolver_quicksetup/c/src/c.java,c,class,0,0,0,0,0,1,0,0,0,0.0,-1.0,-1.0,0,0,0,0,0,0,0,0,0,0,0,0,0,0,0,0,0,0,0,2,0,0,0,0,0,0,0,0,0,0,0,0,0,0,1,1,0
/Users/kaiohs/Downloads/codes/lab02-experimentacao-software/data/repos/javaparser__javaparser/javaparser-core-testing/src/test/java/com/github/javaparser/ast/visitor/VoidVisitorWithDefaultsTest.java,com.github.javaparser.ast.visitor.VoidVisitorWithDefaultsTest,class,106,107,1,106,107,1,0,14,0,0.3271028,0.0,0.0,107,0,0,0,0,107,107,0,0,0,3,0,0,3,0,0,0,0,0,440,0,0,0,0,0,0,3,3,0,4,0,1,0,0,150,0,0
/Users/kaiohs/Downloads/codes/lab02-experimentacao-software/data/repos/javaparser__javaparser/javaparser-core/src/main/java/com/github/javaparser/resolution/types/ResolvedWildcard.java,com.github.javaparser.resolution.types.ResolvedWildcard,class,5,24,19,5,47,1,0,13,32,0.65000004,0.0,0.0,20,2,19,1,0,0,19,0,0,0,3,1,1,2,0,0,0,0,2,121,31,0,24,0,2,6,3,8,6,7,2,0,1,0,85,1,0
/Users/kaiohs/Downloads/codes/lab02-experimentacao-software/data/repos/javaparser__javaparser/javaparser-symbol-solver-testing/src/test/java/com/github/javaparser/symbolsolver/Issue4450Test.java,com.github.javaparser.symbolsolver.Issue4450Test,class,9,9,0,9,1,2,0,15,0,0.0,NaN,NaN,1,0,1,0,0,0,1,0,0,0,0,0,0,0,0,0,0,0,0,19,0,0,0,0,0,2,0,5,0,6,1,0,0,2,33,1,0
/Users/kaiohs/Downloads/codes/lab02-experimentacao-software/data/repos/javaparser__javaparser/javaparser-core-testing/src/test/java/com/github/javaparser/utils/TestUtils.java,com.github.javaparser.utils.TestUtils,class,17,112,95,17,50,1,0,86,378,0.0,0.0,0.0,28,28,28,0,0,0,28,0,0,0,0,0,0,0,0,0,0,0,23,201,14,6,8,8,2,22,11,40,9,37,5,0,0,8,212,1,4
/Users/kaiohs/Downloads/codes/lab02-experimentacao-software/data/repos/javaparser__javaparser/javaparser-symbol-solver-core/src/main/java/com/github/javaparser/symbolsolver/resolution/naming/NameRole.java,com.github.javaparser.symbolsolver.resolution.naming.NameRole,enum,0,2,2,0,0,1,0,0,0,0.0,-1.0,-1.0,0,0,0,0,0,0,0,0,0,0,0,0,0,0,0,0,0,0,0,1,0,0,0,0,0,0,0,0,0,0,0,0,0,0,19,1,0
/Users/kaiohs/Downloads/codes/lab02-experimentacao-software/data/repos/javaparser__javaparser/javaparser-core/src/main/java/com/github/javaparser/ast/expr/NormalAnnotationExpr.java,com.github.javaparser.ast.expr.NormalAnnotationExpr,class,17,55,37,18,25,4,0,20,106,0.64705884,0.0,0.0,17,0,17,0,0,0,17,0,0,0,1,0,0,1,0,0,0,0,1,84,17,2,6,0,0,13,2,4,0,4,2,0,0,0,74,1,0
/Users/kaiohs/Downloads/codes/lab02-experimentacao-software/data/repos/javaparser__javaparser/javaparser-symbol-solver-testing/src/test/resources/symbolsolver_quicksetup/b/src/package_b/b.java,package_b.b,class,0,0,0,0,0,1,0,0,0,0.0,-1.0,-1.0,0,0,0,0,0,0,0,0,0,0,0,0,0,0,0,0,0,0,0,2,0,0,0,0,0,0,0,0,0,0,0,0,0,0,1,1,0
/Users/kaiohs/Downloads/codes/lab02-experimentacao-software/data/repos/javaparser__javaparser/javaparser-symbol-solver-testing/src/test/test_sourcecode/javasymbolsolver_0_6_0/src/java-symbol-solver-model/com/github/javaparser/symbolsolver/model/declarations/TypeParameterDeclaration.java,com.github.javaparser.symbolsolver.model.declarations.TypeParameterDeclaration$Anonymous1,anonymous,4,4,0,4,10,1,0,0,45,0.0,0.0,0.0,10,0,10,0,0,0,10,0,0,0,0,0,0,0,0,0,0,0,0,32,9,0,0,0,0,1,0,0,1,0,0,0,0,0,28,-1,0
/Users/kaiohs/Downloads/codes/lab02-experimentacao-software/data/repos/javaparser__javaparser/javaparser-core/src/main/java/com/github/javaparser/resolution/declarations/HasAccessSpecifier.java,com.github.javaparser.resolution.declarations.HasAccessSpecifier,interface,1,14,13,1,1,1,0,0,0,0.0,NaN,NaN,1,0,0,0,0,1,1,0,0,0,0,0,0,0,0,0,0,0,0,3,0,0,0,0,0,0,0,0,0,0,0,0,0,0,14,1,0
/Users/kaiohs/Downloads/codes/lab02-experimentacao-software/data/repos/javaparser__javaparser/javaparser-symbol-solver-testing/src/test/java/com/github/javaparser/symbolsolver/Issue3099Test.java,com.github.javaparser.symbolsolver.Issue3099Test,class,12,12,0,12,1,3,0,17,0,0.0,NaN,NaN,1,0,0,0,0,1,1,0,0,0,0,0,0,0,0,0,0,0,2,15,0,0,0,0,0,2,2,6,0,6,0,0,0,0,42,0,0
/Users/kaiohs/Downloads/codes/lab02-experimentacao-software/data/repos/javaparser__javaparser/javaparser-symbol-solver-core/src/main/java/com/github/javaparser/symbolsolver/javaparsermodel/declarations/JavaParserTypeParameter.java,com.github.javaparser.symbolsolver.javaparsermodel.declarations.JavaParserTypeParameter,class,26,60,14,46,45,2,0,37,345,0.75,0.0,0.0,30,0,29,1,0,0,29,0,0,0,2,0,0,2,0,0,0,0,14,142,33,0,4,0,8,4,3,16,3,16,3,0,0,1,90,1,0
/Users/kaiohs/Downloads/codes/lab02-experimentacao-software/data/repos/javaparser__javaparser/javaparser-core/src/main/java/com/github/javaparser/metamodel/SuperExprMetaModel.java,com.github.javaparser.metamodel.SuperExprMetaModel,class,5,7,2,5,1,4,0,0,0,0.0,NaN,NaN,1,0,0,0,0,1,1,0,0,0,1,0,1,0,0,0,0,0,0,6,0,0,0,0,0,4,0,0,0,1,0,0,0,0,38,1,0
/Users/kaiohs/Downloads/codes/lab02-experimentacao-software/data/repos/javaparser__javaparser/javaparser-symbol-solver-testing/src/test/java/com/github/javaparser/symbolsolver/resolution/VariableResolutionTest.java,com.github.javaparser.symbolsolver.resolution.VariableResolutionTest,class,8,8,0,8,2,3,0,10,1,0.0,0.0,0.0,2,0,0,0,0,2,2,0,0,0,0,0,0,0,0,0,0,0,0,18,0,0,0,0,0,8,0,10,0,10,0,0,0,0,30,1,0
/Users/kaiohs/Downloads/codes/lab02-experimentacao-software/data/repos/javaparser__javaparser/javaparser-core/src/main/java/com/github/javaparser/metamodel/CharLiteralExprMetaModel.java,com.github.javaparser.metamodel.CharLiteralExprMetaModel,class,4,6,2,4,1,6,0,0,0,0.0,NaN,NaN,1,0,0,0,0,1,1,0,0,0,0,0,0,0,0,0,0,0,0,5,0,0,0,0,0,4,0,0,0,0,0,0,0,0,37,1,0
/Users/kaiohs/Downloads/codes/lab02-experimentacao-software/data/repos/javaparser__javaparser/javaparser-core-testing-bdd/src/test/java/com/github/javaparser/PrettyPrintingTest.java,com.github.javaparser.PrettyPrintingTest,class,6,6,0,6,2,3,0,1,1,0.0,0.0,0.0,2,0,2,0,0,0,2,0,0,0,0,0,0,0,0,0,0,0,0,8,1,0,0,0,0,1,0,0,0,0,0,0,0,0,14,1,0
/Users/kaiohs/Downloads/codes/lab02-experimentacao-software/data/repos/javaparser__javaparser/javaparser-symbol-solver-testing/src/test/java/com/github/javaparser/symbolsolver/Issue4427Test.java,com.github.javaparser.symbolsolver.Issue4427Test,class,9,9,0,9,1,2,0,12,0,0.0,NaN,NaN,1,0,1,0,0,0,1,0,0,0,0,0,0,0,0,0,0,0,0,14,0,0,0,0,0,2,0,6,0,6,0,0,0,1,32,1,0
/Users/kaiohs/Downloads/codes/lab02-experimentacao-software/data/repos/javaparser__javaparser/javaparser-symbol-solver-core/src/main/java/com/github/javaparser/symbolsolver/javassistmodel/JavassistFactory.java,com.github.javaparser.symbolsolver.javassistmodel.JavassistFactory,class,14,33,12,21,17,1,0,14,3,0.0,0.0,0.0,3,3,2,0,0,1,3,0,0,0,0,0,0,0,0,0,0,0,5,55,15,0,1,1,0,3,0,0,0,0,3,0,0,0,41,1,0
/Users/kaiohs/Downloads/codes/lab02-experimentacao-software/data/repos/javaparser__javaparser/javaparser-core-testing/src/test/java/com/github/javaparser/ast/visitor/GenericVisitorAdapterTest.java,com.github.javaparser.ast.visitor.GenericVisitorAdapterTest$Anonymous1,anonymous,0,0,0,0,0,1,0,0,0,0.0,-1.0,-1.0,0,0,0,0,0,0,0,0,0,0,0,0,0,0,0,0,0,0,0,2,0,0,0,0,0,0,0,0,0,0,0,0,0,0,0,-1,0
/Users/kaiohs/Downloads/codes/lab02-experimentacao-software/data/repos/javaparser__javaparser/javaparser-symbol-solver-core/src/main/java/com/github/javaparser/symbolsolver/resolution/typesolvers/TypeSolverBuilder.java,com.github.javaparser.symbolsolver.resolution.typesolvers.TypeSolverBuilder,class,9,11,2,9,16,1,0,5,89,0.85714287,0.0,0.0,14,0,14,0,0,0,14,0,0,0,1,0,0,1,0,0,1,0,0,66,15,0,2,0,0,2,3,14,0,14,1,0,0,0,105,1,0
/Users/kaiohs/Downloads/codes/lab02-experimentacao-software/data/repos/javaparser__javaparser/javaparser-symbol-solver-testing/src/test/test_sourcecode/javaparser_new_src/javaparser-core/com/github/javaparser/ast/comments/LineComment.java,LineComment,class,6,28,22,6,6,1,0,1,15,0.0,0.0,0.0,6,0,6,0,0,0,6,0,0,0,0,0,0,0,0,0,0,0,0,19,2,0,0,0,0,0,0,0,0,0,0,0,0,0,30,17,0
/Users/kaiohs/Downloads/codes/lab02-experimentacao-software/data/repos/javaparser__javaparser/javaparser-core-testing/src/test/java/com/github/javaparser/GeneratedJavaParserTokenManagerTest.java,com.github.javaparser.GeneratedJavaParserTokenManagerTest,class,2,3,1,2,2,1,0,2,1,0.0,NaN,NaN,2,0,0,1,0,1,1,0,0,0,0,0,0,0,0,0,0,0,0,8,1,0,0,0,0,3,0,0,1,0,0,0,0,0,20,0,0
/Users/kaiohs/Downloads/codes/lab02-experimentacao-software/data/repos/javaparser__javaparser/javaparser-symbol-solver-testing/src/test/resources/modules/src/main/java/com.github.javaparser.testmodule/com/github/javaparser/testpackage/TestClass.java,com.github.javaparser.testpackage.TestClass,class,0,0,0,0,2,1,0,0,1,0.0,0.0,0.0,2,2,2,0,0,0,2,0,0,0,0,0,0,0,0,0,0,0,0,6,0,0,0,0,0,0,0,0,0,0,0,0,0,0,6,1,0
/Users/kaiohs/Downloads/codes/lab02-experimentacao-software/data/repos/javaparser__javaparser/javaparser-symbol-solver-testing/src/test/resources/enumLiteralsInAnnotatedClass/foo/bar/differentpackage/AClass2.java,foo.bar.differentpackage.AClass,class,0,0,0,0,0,1,0,0,0,NaN,-1.0,-1.0,0,0,0,0,0,0,0,0,0,0,2,2,0,0,0,2,0,0,0,4,0,0,0,0,0,0,0,2,0,2,0,0,0,0,5,0,0
/Users/kaiohs/Downloads/codes/lab02-experimentacao-software/data/repos/javaparser__javaparser/javaparser-symbol-solver-core/src/main/java/com/github/javaparser/symbolsolver/javaparsermodel/declarations/JavaParserVariableDeclaration.java,com.github.javaparser.symbolsolver.javaparsermodel.declarations.JavaParserVariableDeclaration,class,9,13,4,9,10,1,0,10,6,0.5833333,0.0,0.0,8,0,8,0,0,0,8,0,0,0,3,0,0,3,0,0,0,0,5,37,7,0,1,0,1,3,0,3,1,3,1,0,0,0,42,1,0
/Users/kaiohs/Downloads/codes/lab02-experimentacao-software/data/repos/javaparser__javaparser/javaparser-core-testing/src/test/java/com/github/javaparser/printer/lexicalpreservation/IndentationCalculatorTest.java,com.github.javaparser.printer.lexicalpreservation.IndentationCalculatorTest$AnalyzeEnforcingContextTests,innerclass,6,6,0,6,13,1,0,11,78,0.0,0.0,0.0,13,0,0,0,0,13,13,0,0,0,0,0,0,0,0,0,0,0,0,126,0,0,0,0,0,20,36,26,0,26,0,0,0,0,77,0,0
/Users/kaiohs/Downloads/codes/lab02-experimentacao-software/data/repos/javaparser__javaparser/javaparser-core/src/main/java/com/github/javaparser/metamodel/VoidTypeMetaModel.java,com.github.javaparser.metamodel.VoidTypeMetaModel,class,4,6,2,4,1,4,0,0,0,0.0,NaN,NaN,1,0,0,0,0,1,1,0,0,0,0,0,0,0,0,0,0,0,0,5,0,0,0,0,0,4,0,0,0,0,0,0,0,0,34,1,0
/Users/kaiohs/Downloads/codes/lab02-experimentacao-software/data/repos/javaparser__javaparser/javaparser-core-generators/src/main/java/com/github/javaparser/generator/core/visitor/GenericListVisitorAdapterGenerator.java,com.github.javaparser.generator.core.visitor.GenericListVisitorAdapterGenerator,class,7,8,1,7,5,2,0,24,1,0.0,0.0,0.0,2,0,1,0,1,0,2,0,0,0,0,0,0,0,0,0,0,0,1,26,0,1,0,0,0,14,0,3,2,6,3,0,0,3,37,1,0
/Users/kaiohs/Downloads/codes/lab02-experimentacao-software/data/repos/javaparser__javaparser/javaparser-core/src/main/java/com/github/javaparser/ast/validator/language_level_validations/Java15PreviewValidator.java,com.github.javaparser.ast.validator.language_level_validations.Java15PreviewValidator,class,2,2,0,2,1,18,0,2,0,0.0,NaN,NaN,1,0,1,0,0,0,1,0,0,0,0,0,0,0,0,0,0,0,0,11,0,0,0,0,0,0,0,0,0,0,1,0,0,0,34,1,0
/Users/kaiohs/Downloads/codes/lab02-experimentacao-software/data/repos/javaparser__javaparser/javaparser-core/src/main/java/com/github/javaparser/printer/concretesyntaxmodel/CsmConditional.java,com.github.javaparser.printer.concretesyntaxmodel.CsmConditional$Condition,enum,2,2,0,2,1,1,0,0,0,0.0,NaN,NaN,1,0,0,0,0,1,1,1,0,0,0,0,0,0,0,0,0,0,0,24,0,0,0,0,0,0,0,0,0,0,0,4,0,0,20,1,0
/Users/kaiohs/Downloads/codes/lab02-experimentacao-software/data/repos/javaparser__javaparser/javaparser-core-testing/src/test/java/com/github/javaparser/ast/validator/Java23ValidatorTest.java,com.github.javaparser.ast.validator.Java23ValidatorTest,class,7,7,0,7,6,1,0,4,0,0.0,0.0,0.0,6,0,0,0,0,6,6,0,0,0,1,0,0,1,0,0,1,0,6,27,0,0,0,0,0,6,0,7,0,7,0,0,0,0,46,0,0
/Users/kaiohs/Downloads/codes/lab02-experimentacao-software/data/repos/javaparser__javaparser/javaparser-core-testing/src/test/java/com/github/javaparser/builders/CompilationUnitBuildersTest.java,com.github.javaparser.builders.CompilationUnitBuildersTest$F$F,innerclass,0,0,0,0,0,1,0,0,0,0.0,-1.0,-1.0,0,0,0,0,0,0,0,0,0,0,0,0,0,0,0,0,0,0,0,2,0,0,0,0,0,0,0,0,0,0,0,0,0,0,0,1,0
/Users/kaiohs/Downloads/codes/lab02-experimentacao-software/data/repos/javaparser__javaparser/javaparser-core-generators/src/main/java/com/github/javaparser/generator/core/visitor/NoCommentHashCodeVisitorGenerator.java,com.github.javaparser.generator.core.visitor.NoCommentHashCodeVisitorGenerator,class,8,8,0,8,13,3,0,21,1,0.0,0.0,0.0,2,0,1,0,1,0,2,0,0,0,0,0,0,0,0,0,0,0,0,48,0,1,1,0,0,15,1,5,1,6,4,0,0,1,40,1,0
/Users/kaiohs/Downloads/codes/lab02-experimentacao-software/data/repos/javaparser__javaparser/javaparser-core/src/main/java/com/github/javaparser/utils/Log.java,com.github.javaparser.utils.Log$SilentAdapter,innerclass,1,1,0,1,3,1,0,0,3,0.0,0.0,0.0,3,0,3,0,0,0,3,0,0,0,0,0,0,0,0,0,0,0,0,8,0,0,0,0,0,0,0,0,0,0,0,0,0,0,10,9,0
/Users/kaiohs/Downloads/codes/lab02-experimentacao-software/data/repos/javaparser__javaparser/javaparser-symbol-solver-testing/src/test/java/com/github/javaparser/symbolsolver/utils/SymbolSolverCollectionStrategyTest.java,com.github.javaparser.symbolsolver.utils.SymbolSolverCollectionStrategyTest,class,7,8,1,7,7,1,0,28,0,0.25,0.0,0.0,2,0,0,0,0,2,2,0,0,0,2,0,0,2,0,0,2,0,3,37,0,2,0,1,0,10,1,10,0,13,4,0,0,5,52,0,1
/Users/kaiohs/Downloads/codes/lab02-experimentacao-software/data/repos/javaparser__javaparser/javaparser-core/src/main/java/com/github/javaparser/printer/concretesyntaxmodel/CsmAttribute.java,com.github.javaparser.printer.concretesyntaxmodel.CsmAttribute,class,8,11,3,8,16,1,0,11,0,0.2,0.0,0.0,5,0,5,0,0,0,5,0,0,0,1,0,0,1,0,0,1,0,4,50,7,2,0,0,0,9,2,6,3,6,3,0,0,0,58,1,0
/Users/kaiohs/Downloads/codes/lab02-experimentacao-software/data/repos/javaparser__javaparser/javaparser-core/src/main/java/com/github/javaparser/ast/validator/language_level_validations/Java13Validator.java,com.github.javaparser.ast.validator.language_level_validations.Java13Validator,class,1,3,2,1,1,15,2,0,0,0.0,NaN,NaN,1,0,1,0,0,0,1,0,0,0,0,0,0,0,0,0,0,0,0,5,0,0,0,0,0,0,0,0,0,0,0,0,0,0,14,1,0
/Users/kaiohs/Downloads/codes/lab02-experimentacao-software/data/repos/javaparser__javaparser/javaparser-core-testing/src/test/java/com/github/javaparser/printer/lexicalpreservation/Issue3761Test.java,com.github.javaparser.printer.lexicalpreservation.Issue3761Test,class,5,5,0,5,1,2,0,13,0,0.0,NaN,NaN,1,0,1,0,0,0,1,0,0,0,0,0,0,0,0,0,0,0,2,11,0,0,0,0,0,6,2,3,2,3,0,0,0,0,21,1,0
/Users/kaiohs/Downloads/codes/lab02-experimentacao-software/data/repos/javaparser__javaparser/javaparser-symbol-solver-testing/src/test/java/com/github/javaparser/symbolsolver/Issue300Test.java,com.github.javaparser.symbolsolver.Issue300Test,class,12,12,0,12,1,3,0,10,0,0.0,NaN,NaN,1,0,0,0,0,1,1,0,0,0,0,0,0,0,0,0,0,0,2,12,0,0,0,0,0,2,0,6,0,6,0,0,0,0,44,0,0
/Users/kaiohs/Downloads/codes/lab02-experimentacao-software/data/repos/javaparser__javaparser/javaparser-core/src/main/java/com/github/javaparser/metamodel/JavaParserMetaModel.java,com.github.javaparser.metamodel.JavaParserMetaModel,class,161,162,1,161,9,1,0,27,3,0.8291322,0.0,0.0,6,5,2,4,0,0,3,0,0,0,119,119,118,1,0,0,119,0,346,973,3,1,0,0,0,344,0,342,0,119,2,0,0,0,221,17,0
/Users/kaiohs/Downloads/codes/lab02-experimentacao-software/data/repos/javaparser__javaparser/javaparser-symbol-solver-testing/src/test/resources/differentiate_dot_expressions/InnerClassDotExpressions.java,InnerClassContainer$InnerClass$InnerInnerClass$InnerInnerInnerClass,innerclass,0,0,0,0,1,1,0,0,0,0.0,NaN,NaN,1,1,1,0,0,0,1,0,0,0,0,0,0,0,0,0,0,0,0,5,1,0,0,0,0,1,0,0,0,0,0,0,0,0,5,0,0
/Users/kaiohs/Downloads/codes/lab02-experimentacao-software/data/repos/javaparser__javaparser/javaparser-symbol-solver-testing/src/test/test_sourcecode/javaparser_src/proper_source/com/github/javaparser/SourcesHelper.java,com.github.javaparser.SourcesHelper,class,3,5,2,3,10,1,0,9,10,0.0,0.0,0.0,5,5,0,0,0,5,5,0,0,0,0,0,0,0,0,0,0,0,1,31,6,1,2,0,1,4,5,6,1,6,1,0,0,0,28,1,0
/Users/kaiohs/Downloads/codes/lab02-experimentacao-software/data/repos/javaparser__javaparser/javaparser-core/src/main/java/com/github/javaparser/metamodel/CallableDeclarationMetaModel.java,com.github.javaparser.metamodel.CallableDeclarationMetaModel,class,5,9,4,5,2,4,2,0,1,0.5,0.0,0.0,2,0,0,0,1,1,2,0,0,0,6,0,6,0,0,0,0,0,0,14,0,0,0,0,0,5,0,0,0,6,0,0,0,0,47,1,0
/Users/kaiohs/Downloads/codes/lab02-experimentacao-software/data/repos/javaparser__javaparser/javaparser-core/src/main/java/com/github/javaparser/resolution/Resolvable.java,com.github.javaparser.resolution.Resolvable,interface,1,1,0,1,1,1,0,0,0,0.0,NaN,NaN,1,0,0,0,0,1,1,0,0,0,0,0,0,0,0,0,0,0,0,3,0,0,0,0,0,0,0,0,0,0,0,0,0,0,2,1,0
/Users/kaiohs/Downloads/codes/lab02-experimentacao-software/data/repos/javaparser__javaparser/javaparser-core/src/main/java/com/github/javaparser/ast/nodeTypes/modifiers/NodeWithStrictfpModifier.java,com.github.javaparser.ast.nodeTypes.modifiers.NodeWithStrictfpModifier,interface,2,5,3,2,2,1,0,2,1,0.0,0.0,0.0,2,0,0,0,0,2,2,0,0,0,0,0,0,0,0,0,0,0,0,8,2,0,0,0,0,1,0,0,0,0,0,0,0,0,19,1,0
/Users/kaiohs/Downloads/codes/lab02-experimentacao-software/data/repos/javaparser__javaparser/javaparser-core-testing/src/test/test_sourcecode/com/github/javaparser/printer/JavaConceptsMethods.java,japa.bdd.samples.JavaConceptsMethods$Anonymous1,anonymous,1,1,0,1,3,1,0,1,1,0.0,0.0,0.0,2,0,2,0,0,0,2,0,0,0,0,0,0,0,0,0,0,0,0,15,2,0,0,1,0,1,2,1,0,1,1,1,0,0,9,-1,0
/Users/kaiohs/Downloads/codes/lab02-experimentacao-software/data/repos/javaparser__javaparser/javaparser-core/src/main/java/com/github/javaparser/metamodel/ModifierMetaModel.java,com.github.javaparser.metamodel.ModifierMetaModel,class,5,7,2,5,1,3,0,0,0,0.0,NaN,NaN,1,0,0,0,0,1,1,0,0,0,1,0,1,0,0,0,0,0,0,6,0,0,0,0,0,4,0,0,0,1,0,0,0,0,35,1,0
/Users/kaiohs/Downloads/codes/lab02-experimentacao-software/data/repos/javaparser__javaparser/javaparser-core-testing/src/test/java/com/github/javaparser/printer/lexicalpreservation/Issue2374Test.java,com.github.javaparser.printer.lexicalpreservation.Issue2374Test,class,5,5,0,5,1,2,0,10,0,0.0,NaN,NaN,1,0,1,0,0,0,1,0,0,0,0,0,0,0,0,0,0,0,1,13,0,0,0,0,0,14,0,5,2,5,0,0,0,0,24,1,0
/Users/kaiohs/Downloads/codes/lab02-experimentacao-software/data/repos/javaparser__javaparser/javaparser-core/src/main/java/com/github/javaparser/ast/validator/language_level_validations/Java22Validator.java,com.github.javaparser.ast.validator.language_level_validations.Java22Validator,class,18,20,2,18,17,24,1,17,1,0.5,NaN,NaN,2,0,1,1,0,0,1,0,0,0,2,0,0,0,0,2,2,0,0,57,8,0,0,1,1,5,0,8,1,14,3,0,0,4,84,1,0
/Users/kaiohs/Downloads/codes/lab02-experimentacao-software/data/repos/javaparser__javaparser/javaparser-symbol-solver-testing/src/test/java/com/github/javaparser/symbolsolver/Issue4846Test.java,com.github.javaparser.symbolsolver.Issue4846Test,class,12,12,0,12,2,3,0,10,0,0.0,0.0,0.0,2,0,0,0,0,2,2,0,0,0,2,1,1,1,0,0,1,0,1,14,0,0,0,0,0,4,2,6,0,6,0,0,0,0,38,1,0
/Users/kaiohs/Downloads/codes/lab02-experimentacao-software/data/repos/javaparser__javaparser/javaparser-core/src/main/java/com/github/javaparser/ast/body/VariableDeclarator.java,com.github.javaparser.ast.body.VariableDeclarator,class,23,97,66,31,36,2,0,21,127,0.6818182,0.0,0.0,22,0,21,0,1,0,22,0,0,0,3,0,0,3,0,0,0,0,1,147,23,0,14,0,0,14,0,3,0,3,2,1,0,0,108,1,0
/Users/kaiohs/Downloads/codes/lab02-experimentacao-software/data/repos/javaparser__javaparser/javaparser-symbol-solver-testing/src/test/test_sourcecode/javaparser_src/proper_source/com/github/javaparser/ast/stmt/TypeDeclarationStmt.java,com.github.javaparser.ast.stmt.TypeDeclarationStmt,class,8,18,10,8,7,3,0,4,9,0.42857143,0.0,0.0,7,0,7,0,0,0,7,0,0,0,1,0,0,1,0,0,0,0,0,25,2,0,0,0,0,0,0,1,0,1,0,0,0,0,19,17,0
/Users/kaiohs/Downloads/codes/lab02-experimentacao-software/data/repos/javaparser__javaparser/javaparser-core/src/main/java/com/github/javaparser/metamodel/MemberValuePairMetaModel.java,com.github.javaparser.metamodel.MemberValuePairMetaModel,class,5,7,2,5,1,3,0,0,0,0.0,NaN,NaN,1,0,0,0,0,1,1,0,0,0,2,0,2,0,0,0,0,0,0,7,0,0,0,0,0,4,0,0,0,2,0,0,0,0,38,1,0
/Users/kaiohs/Downloads/codes/lab02-experimentacao-software/data/repos/javaparser__javaparser/javaparser-symbol-solver-testing/src/test/resources/javassist_generics/javaparser/GenericClass.java,javaparser.GenericClass$Foo,interface,0,0,0,0,0,1,0,0,0,0.0,-1.0,-1.0,0,0,0,0,0,0,0,0,0,0,0,0,0,0,0,0,0,0,0,2,0,0,0,0,0,0,0,0,0,0,0,0,0,0,0,1,0
/Users/kaiohs/Downloads/codes/lab02-experimentacao-software/data/repos/javaparser__javaparser/javaparser-core/src/main/java/com/github/javaparser/metamodel/ArrayTypeMetaModel.java,com.github.javaparser.metamodel.ArrayTypeMetaModel,class,5,7,2,5,1,5,0,0,0,0.0,NaN,NaN,1,0,0,0,0,1,1,0,0,0,2,0,2,0,0,0,0,0,0,7,0,0,0,0,0,4,0,0,0,2,0,0,0,0,38,1,0
/Users/kaiohs/Downloads/codes/lab02-experimentacao-software/data/repos/javaparser__javaparser/javaparser-core/src/main/java/com/github/javaparser/TokenTypes.java,com.github.javaparser.TokenTypes,class,3,12,9,3,166,1,0,9,45,0.0,0.0,0.0,10,10,10,0,0,0,10,0,0,0,0,0,0,0,0,0,0,0,7,205,19,0,0,0,0,3,0,0,1,0,1,0,0,0,99,1,0
/Users/kaiohs/Downloads/codes/lab02-experimentacao-software/data/repos/javaparser__javaparser/javaparser-symbol-solver-testing/src/test/test_sourcecode/javaparser_src/generated/com/github/javaparser/JavaCharStream.java,com.github.javaparser.JavaCharStream,class,3,6,3,3,109,1,0,15,365,0.82763535,0.0,0.0,39,1,31,0,7,1,39,0,1,0,18,1,2,0,13,3,1,0,16,375,36,4,21,4,18,3,118,116,54,32,5,0,0,0,124,1,0
/Users/kaiohs/Downloads/codes/lab02-experimentacao-software/data/repos/javaparser__javaparser/javaparser-symbol-solver-testing/src/test/test_sourcecode/javaparser_src/proper_source/com/github/javaparser/ast/DocumentableNode.java,com.github.javaparser.ast.DocumentableNode,interface,1,12,11,1,2,1,0,0,1,0.0,0.0,0.0,2,0,2,0,0,0,2,0,0,0,0,0,0,0,0,0,0,0,0,4,0,0,0,0,0,0,0,0,0,0,0,0,0,0,15,1,0
/Users/kaiohs/Downloads/codes/lab02-experimentacao-software/data/repos/javaparser__javaparser/javaparser-core/src/main/java/com/github/javaparser/resolution/logic/InferenceVariableType.java,com.github.javaparser.resolution.logic.InferenceVariableType,class,8,10,2,8,27,1,0,23,13,0.6909091,0.0,0.0,11,0,9,2,0,0,9,0,0,0,5,0,0,5,0,0,0,0,2,90,17,1,7,0,2,5,4,12,5,16,3,0,0,4,61,1,0
/Users/kaiohs/Downloads/codes/lab02-experimentacao-software/data/repos/javaparser__javaparser/javaparser-core-generators/src/main/java/com/github/javaparser/generator/CompilationUnitGenerator.java,com.github.javaparser.generator.CompilationUnitGenerator,class,4,4,0,4,4,2,0,2,3,0.0,0.0,0.0,3,0,1,0,2,0,3,1,0,0,0,0,0,0,0,0,0,0,0,12,0,1,0,0,0,0,0,1,0,1,1,0,0,0,12,1025,0
/Users/kaiohs/Downloads/codes/lab02-experimentacao-software/data/repos/javaparser__javaparser/javaparser-symbol-solver-testing/src/test/java/com/github/javaparser/symbolsolver/Issue347Test.java,com.github.javaparser.symbolsolver.Issue347Test,class,9,9,0,9,2,3,0,11,0,0.25,0.0,0.0,2,0,0,0,0,2,2,0,0,0,2,0,0,2,0,0,0,0,0,17,0,0,0,0,0,8,0,6,1,6,0,0,0,0,35,0,0
/Users/kaiohs/Downloads/codes/lab02-experimentacao-software/data/repos/javaparser__javaparser/javaparser-symbol-solver-testing/src/test/java/com/github/javaparser/symbolsolver/reflectionmodel/ReflectionMethodDeclarationTest.java,com.github.javaparser.symbolsolver.reflectionmodel.ReflectionMethodDeclarationTest,class,9,9,0,9,2,1,0,10,1,0.0,0.0,0.0,2,0,0,0,0,2,2,0,0,0,0,0,0,0,0,0,0,0,0,25,0,0,0,0,0,10,6,9,0,13,0,0,1,4,35,0,0
/Users/kaiohs/Downloads/codes/lab02-experimentacao-software/data/repos/javaparser__javaparser/javaparser-core-testing/src/test/java/com/github/javaparser/printer/lexicalpreservation/changes/NoChangeTest.java,com.github.javaparser.printer.lexicalpreservation.changes.NoChangeTest,class,7,7,0,7,6,1,0,3,15,0.0,0.0,0.0,6,2,0,0,0,6,6,0,0,0,0,0,0,0,0,0,0,0,0,20,0,0,0,0,0,1,0,1,0,1,1,0,0,1,27,0,0
/Users/kaiohs/Downloads/codes/lab02-experimentacao-software/data/repos/javaparser__javaparser/javaparser-core/src/main/java/com/github/javaparser/ast/stmt/BreakStmt.java,com.github.javaparser.ast.stmt.BreakStmt,class,14,39,25,14,25,3,0,14,94,0.5882353,0.0,0.0,17,0,17,0,0,0,17,0,0,0,1,0,0,1,0,0,0,0,2,81,16,0,8,0,0,14,0,1,0,1,2,0,0,0,84,1,0
/Users/kaiohs/Downloads/codes/lab02-experimentacao-software/data/repos/javaparser__javaparser/javaparser-core-testing/src/test/java/com/github/javaparser/ast/validator/Java16ValidatorTest.java,com.github.javaparser.ast.validator.Java16ValidatorTest$Record,innerclass,1,1,0,1,0,1,0,0,0,0.0,-1.0,-1.0,0,0,0,0,0,0,0,0,0,0,0,0,0,0,0,0,0,0,0,38,0,0,0,0,0,0,0,0,0,0,0,0,3,0,24,0,0
/Users/kaiohs/Downloads/codes/lab02-experimentacao-software/data/repos/javaparser__javaparser/javaparser-symbol-solver-core/src/main/java/com/github/javaparser/symbolsolver/resolution/typeinference/Instantiation.java,com.github.javaparser.symbolsolver.resolution.typeinference.Instantiation,class,3,8,5,3,10,1,0,5,0,0.16666667,0.0,0.0,6,0,6,0,0,0,6,0,0,0,2,0,0,2,0,0,0,0,0,29,8,0,3,0,0,3,1,5,4,4,1,0,0,0,24,1,0
/Users/kaiohs/Downloads/codes/lab02-experimentacao-software/data/repos/javaparser__javaparser/javaparser-core-testing/src/test/java/com/github/javaparser/ast/DataKeyTest.java,com.github.javaparser.ast.DataKeyTest$Anonymous1,anonymous,0,0,0,0,0,1,0,0,0,0.0,-1.0,-1.0,0,0,0,0,0,0,0,0,0,0,0,0,0,0,0,0,0,0,0,2,0,0,0,0,0,0,0,0,0,0,0,0,0,0,0,-1,0
/Users/kaiohs/Downloads/codes/lab02-experimentacao-software/data/repos/javaparser__javaparser/javaparser-core-testing-bdd/src/test/resources/com/github/javaparser/samples/JavaConcepts.java,japa.bdd.samples.JavaConcepts$Anonymous3,anonymous,1,1,0,1,3,1,0,1,1,0.0,0.0,0.0,2,0,2,0,0,0,2,0,0,0,0,0,0,0,0,0,0,0,0,15,2,0,0,1,0,1,2,1,0,1,1,1,0,0,9,-1,0
/Users/kaiohs/Downloads/codes/lab02-experimentacao-software/data/repos/javaparser__javaparser/javaparser-core/src/main/java/com/github/javaparser/printer/ConcreteSyntaxModel.java,com.github.javaparser.printer.ConcreteSyntaxModel,class,104,109,5,104,14,1,0,60,53,0.8181818,0.0,0.0,11,10,3,8,0,0,4,0,0,0,2,2,0,2,0,0,1,0,1157,152,9,0,0,0,0,6,0,5,2,7,1,0,0,3,101,1,0
/Users/kaiohs/Downloads/codes/lab02-experimentacao-software/data/repos/javaparser__javaparser/javaparser-core-testing/src/test/java/com/github/javaparser/ast/DataKeyTest.java,com.github.javaparser.ast.DataKeyTest$Anonymous2,anonymous,0,0,0,0,0,1,0,0,0,0.0,-1.0,-1.0,0,0,0,0,0,0,0,0,0,0,0,0,0,0,0,0,0,0,0,2,0,0,0,0,0,0,0,0,0,0,0,0,0,0,0,-1,0
/Users/kaiohs/Downloads/codes/lab02-experimentacao-software/data/repos/javaparser__javaparser/javaparser-symbol-solver-testing/src/test/resources/CompilationUnitContextResolutionTest/01_parent/main/GrandParent.java,main.GrandParent$MyEnum,enum,0,0,0,0,0,1,0,0,0,0.0,-1.0,-1.0,0,0,0,0,0,0,0,0,0,0,0,0,0,0,0,0,0,0,0,1,0,0,0,0,0,2,0,0,0,0,0,0,0,0,5,1,0
/Users/kaiohs/Downloads/codes/lab02-experimentacao-software/data/repos/javaparser__javaparser/javaparser-core-testing/src/test/java/com/github/javaparser/ast/DataKeyTest.java,com.github.javaparser.ast.DataKeyTest$Anonymous3,anonymous,0,0,0,0,0,1,0,0,0,0.0,-1.0,-1.0,0,0,0,0,0,0,0,0,0,0,0,0,0,0,0,0,0,0,0,2,0,0,0,0,0,0,0,0,0,0,0,0,0,0,0,-1,0
/Users/kaiohs/Downloads/codes/lab02-experimentacao-software/data/repos/javaparser__javaparser/javaparser-core/src/main/java/com/github/javaparser/ast/body/AnnotationDeclaration.java,com.github.javaparser.ast.body.AnnotationDeclaration,class,23,70,44,26,14,4,0,8,91,0.0,0.0,0.0,14,0,14,0,0,0,14,0,0,0,0,0,0,0,0,0,0,0,1,45,7,0,0,0,0,10,0,0,0,0,0,0,0,0,55,1,0
/Users/kaiohs/Downloads/codes/lab02-experimentacao-software/data/repos/javaparser__javaparser/javaparser-core-testing/src/test/java/com/github/javaparser/ast/DataKeyTest.java,com.github.javaparser.ast.DataKeyTest$Anonymous4,anonymous,0,0,0,0,0,1,0,0,0,0.0,-1.0,-1.0,0,0,0,0,0,0,0,0,0,0,0,0,0,0,0,0,0,0,0,2,0,0,0,0,0,0,0,0,0,0,0,0,0,0,0,-1,0
/Users/kaiohs/Downloads/codes/lab02-experimentacao-software/data/repos/javaparser__javaparser/javaparser-core/src/main/java/com/github/javaparser/resolution/types/ResolvedTypeVariable.java,com.github.javaparser.resolution.types.ResolvedTypeVariable,class,6,26,20,6,28,1,0,26,26,0.3529412,0.0,0.0,17,0,17,0,0,0,17,0,0,0,1,0,0,1,0,0,0,0,1,73,25,0,5,0,0,3,3,2,1,2,2,0,0,0,60,1,0
/Users/kaiohs/Downloads/codes/lab02-experimentacao-software/data/repos/javaparser__javaparser/javaparser-core-testing/src/test/java/com/github/javaparser/printer/lexicalpreservation/Issue4488Test.java,com.github.javaparser.printer.lexicalpreservation.Issue4488Test$Anonymous1,anonymous,2,2,0,2,2,1,0,4,0,0.0,NaN,NaN,1,0,1,0,0,0,1,0,0,0,0,0,0,0,0,0,0,0,0,8,2,0,0,0,0,2,0,0,0,0,1,0,0,0,7,-1,0
/Users/kaiohs/Downloads/codes/lab02-experimentacao-software/data/repos/javaparser__javaparser/javaparser-core-testing/src/test/java/com/github/javaparser/TokenTypesTest.java,com.github.javaparser.TokenTypesTest,class,4,4,0,4,2,1,0,8,1,0.0,0.0,0.0,2,0,0,0,0,2,2,0,0,0,0,0,0,0,0,0,0,0,0,15,0,0,0,0,0,1,2,4,1,4,1,0,0,1,36,1,0
/Users/kaiohs/Downloads/codes/lab02-experimentacao-software/data/repos/javaparser__javaparser/javaparser-core/src/main/java/com/github/javaparser/printer/lexicalpreservation/changes/ListReplacementChange.java,com.github.javaparser.printer.lexicalpreservation.changes.ListReplacementChange,class,5,6,1,5,6,1,0,8,0,0.22222222,0.0,0.0,3,0,3,0,0,0,3,0,0,0,3,0,0,3,0,0,3,0,0,32,3,0,1,0,1,1,0,8,1,7,2,0,0,0,31,1,0
/Users/kaiohs/Downloads/codes/lab02-experimentacao-software/data/repos/javaparser__javaparser/javaparser-core-testing-bdd/src/test/resources/com/github/javaparser/samples/JavaConcepts.java,japa.bdd.samples.JavaConcepts$Anonymous3$Anonymous4,anonymous,0,0,0,0,0,1,0,0,0,0.0,-1.0,-1.0,0,0,0,0,0,0,0,0,0,0,0,0,0,0,0,0,0,0,0,2,0,0,0,0,0,0,0,0,0,0,0,0,0,0,0,-1,0
/Users/kaiohs/Downloads/codes/lab02-experimentacao-software/data/repos/javaparser__javaparser/javaparser-core/src/main/java/com/github/javaparser/printer/concretesyntaxmodel/CsmChar.java,com.github.javaparser.printer.concretesyntaxmodel.CsmChar,class,5,8,3,5,4,1,0,6,0,0.25,0.0,0.0,4,0,4,0,0,0,4,0,0,0,1,0,0,1,0,0,1,0,1,17,2,0,0,0,0,3,0,1,0,1,0,0,0,0,16,1,0
/Users/kaiohs/Downloads/codes/lab02-experimentacao-software/data/repos/javaparser__javaparser/javaparser-core/src/main/java/com/github/javaparser/metamodel/ModuleExportsDirectiveMetaModel.java,com.github.javaparser.metamodel.ModuleExportsDirectiveMetaModel,class,5,7,2,5,1,4,0,0,0,0.0,NaN,NaN,1,0,0,0,0,1,1,0,0,0,2,0,2,0,0,0,0,0,0,7,0,0,0,0,0,4,0,0,0,2,0,0,0,0,39,1,0
/Users/kaiohs/Downloads/codes/lab02-experimentacao-software/data/repos/javaparser__javaparser/javaparser-symbol-solver-core/src/main/java/com/github/javaparser/symbolsolver/javassistmodel/JavassistAnnotationMemberDeclaration.java,com.github.javaparser.symbolsolver.javassistmodel.JavassistAnnotationMemberDeclaration,class,23,24,1,23,9,1,0,19,0,0.41666666,0.0,0.0,4,0,4,0,0,0,5,0,0,0,3,1,0,3,0,0,0,0,2,42,4,0,2,1,0,3,0,9,0,15,2,0,0,6,56,1,0
/Users/kaiohs/Downloads/codes/lab02-experimentacao-software/data/repos/javaparser__javaparser/javaparser-core/src/main/java/com/github/javaparser/resolution/declarations/ResolvedReferenceTypeDeclaration.java,com.github.javaparser.resolution.declarations.ResolvedReferenceTypeDeclaration,interface,14,105,91,14,45,1,0,68,465,0.9769586,0.0,0.0,31,0,0,0,0,31,31,0,0,0,7,0,0,0,0,7,0,0,6,136,26,4,1,0,0,3,0,14,2,31,4,0,0,17,242,1,0
/Users/kaiohs/Downloads/codes/lab02-experimentacao-software/data/repos/javaparser__javaparser/javaparser-core-testing/src/test/java/com/github/javaparser/ast/validator/Java13ValidatorTest.java,com.github.javaparser.ast.validator.Java13ValidatorTest,class,6,6,0,6,1,1,0,4,0,0.0,NaN,NaN,1,0,0,0,0,1,1,0,0,0,1,1,1,0,0,0,1,0,1,7,0,0,0,0,0,1,0,2,0,2,0,0,0,0,24,0,0
/Users/kaiohs/Downloads/codes/lab02-experimentacao-software/data/repos/javaparser__javaparser/javaparser-core/src/main/java/com/github/javaparser/ast/type/ArrayType.java,com.github.javaparser.ast.type.ArrayType$ArrayBracketPair,innerclass,5,5,0,5,7,1,0,5,3,0.5714286,0.0,0.0,7,0,7,0,0,0,7,0,0,0,3,0,0,3,0,0,0,0,1,31,6,0,0,0,0,0,0,4,0,3,0,0,0,0,30,9,0
/Users/kaiohs/Downloads/codes/lab02-experimentacao-software/data/repos/javaparser__javaparser/javaparser-core/src/main/java/com/github/javaparser/ast/validator/language_level_validations/Java8Validator.java,com.github.javaparser.ast.validator.language_level_validations.Java8Validator,class,9,10,1,9,4,10,1,10,0,0.0,NaN,NaN,1,0,1,0,0,0,1,0,0,0,2,0,0,0,0,2,2,0,0,20,0,0,0,0,0,1,0,2,0,5,3,0,0,2,31,1,0
/Users/kaiohs/Downloads/codes/lab02-experimentacao-software/data/repos/javaparser__javaparser/javaparser-core/src/main/java/com/github/javaparser/printer/concretesyntaxmodel/CsmOrphanCommentsEnding.java,com.github.javaparser.printer.concretesyntaxmodel.CsmOrphanCommentsEnding,class,6,8,2,6,6,1,0,7,0,0.0,NaN,NaN,1,0,1,0,0,0,1,0,0,0,0,0,0,0,0,0,0,0,2,23,1,2,0,0,1,0,3,7,3,6,2,0,0,0,25,1,0
/Users/kaiohs/Downloads/codes/lab02-experimentacao-software/data/repos/javaparser__javaparser/javaparser-symbol-solver-testing/src/test/java/com/github/javaparser/symbolsolver/Issue2823Test.java,com.github.javaparser.symbolsolver.Issue2823Test,class,10,10,0,10,1,2,0,7,0,0.0,NaN,NaN,1,0,0,0,0,1,1,0,0,0,0,0,0,0,0,0,0,0,0,13,0,0,0,0,0,10,0,7,1,8,0,0,0,1,35,1,0
/Users/kaiohs/Downloads/codes/lab02-experimentacao-software/data/repos/javaparser__javaparser/javaparser-symbol-solver-testing/src/test/resources/differentiate_dot_expressions/InnerClassDotExpressions.java,InnerClassContainer$InnerClass,innerclass,0,0,0,0,1,1,0,0,0,0.0,NaN,NaN,1,1,1,0,0,0,1,0,0,0,0,0,0,0,0,0,0,0,0,15,1,0,0,0,0,1,0,0,0,0,0,0,1,0,4,0,0
/Users/kaiohs/Downloads/codes/lab02-experimentacao-software/data/repos/javaparser__javaparser/javaparser-symbol-solver-testing/src/test/java/com/github/javaparser/symbolsolver/Issue2602Test.java,com.github.javaparser.symbolsolver.Issue2602Test,class,15,15,0,15,3,2,0,18,0,0.375,0.0,0.0,2,0,2,0,0,0,2,0,0,0,4,0,0,4,0,0,0,0,3,27,0,1,0,0,0,11,1,10,1,10,1,0,0,0,64,1,0
/Users/kaiohs/Downloads/codes/lab02-experimentacao-software/data/repos/javaparser__javaparser/javaparser-core-testing/src/test/java/com/github/javaparser/ast/validator/Java25ValidatorTest.java,com.github.javaparser.ast.validator.Java25ValidatorTest,class,7,7,0,7,2,1,0,4,0,0.0,0.0,0.0,2,0,0,0,0,2,2,0,0,0,1,0,0,1,0,0,1,0,2,12,0,0,0,0,0,7,0,4,1,4,0,0,0,0,33,0,0
/Users/kaiohs/Downloads/codes/lab02-experimentacao-software/data/repos/javaparser__javaparser/javaparser-symbol-solver-testing/src/test/test_sourcecode/javasymbolsolver_0_6_0/src/java-symbol-solver-logic/com/github/javaparser/symbolsolver/logic/FunctionalInterfaceLogic.java,com.github.javaparser.symbolsolver.logic.FunctionalInterfaceLogic,class,8,13,5,8,9,1,0,35,13,0.6666667,0.0,0.0,6,5,2,4,0,0,2,0,0,0,1,1,0,1,0,0,0,0,14,31,7,0,1,0,0,2,1,2,0,6,1,0,0,4,44,17,0
/Users/kaiohs/Downloads/codes/lab02-experimentacao-software/data/repos/javaparser__javaparser/javaparser-core/src/main/java/com/github/javaparser/metamodel/ArrayCreationLevelMetaModel.java,com.github.javaparser.metamodel.ArrayCreationLevelMetaModel,class,5,7,2,5,1,3,0,0,0,0.0,NaN,NaN,1,0,0,0,0,1,1,0,0,0,2,0,2,0,0,0,0,0,0,7,0,0,0,0,0,4,0,0,0,2,0,0,0,0,37,1,0
/Users/kaiohs/Downloads/codes/lab02-experimentacao-software/data/repos/javaparser__javaparser/javaparser-symbol-solver-core/src/main/java/com/github/javaparser/symbolsolver/resolution/typesolvers/JarTypeSolver.java,com.github.javaparser.symbolsolver.resolution.typesolvers.JarTypeSolver,class,11,31,15,16,43,1,0,59,127,0.81052625,0.0,0.0,19,4,11,8,0,0,11,0,0,0,5,1,0,5,0,0,3,0,20,178,13,4,5,6,1,13,7,35,9,34,5,0,0,2,209,1,0
/Users/kaiohs/Downloads/codes/lab02-experimentacao-software/data/repos/javaparser__javaparser/javaparser-symbol-solver-testing/src/test/java/com/github/javaparser/symbolsolver/SolveMethodDeclaredInEnumTest.java,com.github.javaparser.symbolsolver.SolveMethodDeclaredInEnumTest,class,13,13,0,13,1,2,0,11,0,0.0,NaN,NaN,1,0,0,0,0,1,1,0,0,0,0,0,0,0,0,0,0,0,1,14,0,0,0,0,0,3,0,8,0,8,0,0,0,0,50,0,0
/Users/kaiohs/Downloads/codes/lab02-experimentacao-software/data/repos/javaparser__javaparser/javaparser-core-testing/src/test/java/com/github/javaparser/printer/PrinterConfigurationTest.java,com.github.javaparser.printer.PrinterConfigurationTest,class,7,8,1,7,6,1,0,15,10,0.0,0.0,0.0,5,0,0,1,0,4,4,0,0,0,0,0,0,0,0,0,0,0,4,43,1,0,1,0,0,2,5,4,0,4,1,0,0,2,20,0,0
/Users/kaiohs/Downloads/codes/lab02-experimentacao-software/data/repos/javaparser__javaparser/javaparser-core/src/main/java/com/github/javaparser/metamodel/ExpressionStmtMetaModel.java,com.github.javaparser.metamodel.ExpressionStmtMetaModel,class,5,7,2,5,1,4,0,0,0,0.0,NaN,NaN,1,0,0,0,0,1,1,0,0,0,1,0,1,0,0,0,0,0,0,6,0,0,0,0,0,4,0,0,0,1,0,0,0,0,37,1,0
/Users/kaiohs/Downloads/codes/lab02-experimentacao-software/data/repos/javaparser__javaparser/javaparser-symbol-solver-testing/src/test/java/com/github/javaparser/symbolsolver/Issue1945Test.java,com.github.javaparser.symbolsolver.Issue1945Test,class,12,12,0,12,3,3,0,13,1,0.44444445,0.0,0.0,3,2,0,1,0,2,2,0,0,0,3,3,0,3,0,0,3,0,1,34,1,0,0,0,0,50,0,9,1,9,0,0,0,0,50,1,0
/Users/kaiohs/Downloads/codes/lab02-experimentacao-software/data/repos/javaparser__javaparser/javaparser-symbol-solver-testing/src/test/java/com/github/javaparser/symbolsolver/resolution/javaparser/contexts/CompilationUnitContextResolutionTest.java,com.github.javaparser.symbolsolver.resolution.javaparser.contexts.CompilationUnitContextResolutionTest,class,16,16,0,16,15,3,0,28,15,0.33333334,0.0,0.0,15,0,0,0,0,15,15,0,0,0,1,0,0,1,0,0,0,0,8,132,0,0,0,0,0,53,6,52,0,52,0,0,0,0,68,0,0
/Users/kaiohs/Downloads/codes/lab02-experimentacao-software/data/repos/javaparser__javaparser/javaparser-core/src/main/java/com/github/javaparser/utils/SourceZip.java,com.github.javaparser.utils.SourceZip$Callback,interface,1,1,0,1,1,1,0,0,0,0.0,NaN,NaN,1,0,0,0,0,1,1,0,0,0,0,0,0,0,0,0,0,0,0,3,0,0,0,0,0,0,0,0,0,0,0,0,0,0,31,1,0
/Users/kaiohs/Downloads/codes/lab02-experimentacao-software/data/repos/javaparser__javaparser/javaparser-symbol-solver-testing/src/test/java/com/github/javaparser/symbolsolver/resolution/InstanceOfTest.java,com.github.javaparser.symbolsolver.resolution.InstanceOfTest$IfElseIfElse$Condition,innerclass,12,12,0,12,4,1,0,19,6,0.0,0.0,0.0,4,0,4,0,0,0,4,0,0,0,0,0,0,0,0,0,0,0,0,54,0,0,0,0,0,10,15,25,0,25,1,0,0,1,58,0,0
/Users/kaiohs/Downloads/codes/lab02-experimentacao-software/data/repos/javaparser__javaparser/javaparser-symbol-solver-testing/src/test/test_sourcecode/javaparser_src/proper_source/com/github/javaparser/ast/body/ModifierSet.java,com.github.javaparser.ast.body.ModifierSet,class,2,7,5,2,32,1,0,3,130,0.9251337,0.0,0.0,17,16,16,1,0,0,16,0,0,0,11,11,11,0,0,0,11,0,6,74,19,0,12,0,12,0,12,11,0,11,1,0,0,0,81,17,0
/Users/kaiohs/Downloads/codes/lab02-experimentacao-software/data/repos/javaparser__javaparser/javaparser-core/src/main/java/com/github/javaparser/UnicodeEscapeProcessingProvider.java,com.github.javaparser.UnicodeEscapeProcessingProvider$PositionMappingBuilder,innerclass,3,3,0,3,5,1,0,4,0,0.46666664,0.0,0.0,3,0,3,0,0,0,3,0,0,0,5,0,0,5,0,0,1,0,0,24,1,0,2,0,0,0,2,9,2,7,1,0,0,0,23,26,0
/Users/kaiohs/Downloads/codes/lab02-experimentacao-software/data/repos/javaparser__javaparser/javaparser-symbol-solver-core/src/main/java/com/github/javaparser/symbolsolver/javassistmodel/JavassistTypeParameter.java,com.github.javaparser.symbolsolver.javassistmodel.JavassistTypeParameter,class,13,21,1,20,21,1,0,18,27,0.6666667,0.0,0.0,11,0,11,0,0,0,11,0,0,0,3,0,0,3,0,0,0,0,7,66,16,1,4,0,3,1,0,6,1,6,1,0,0,0,43,1,0
/Users/kaiohs/Downloads/codes/lab02-experimentacao-software/data/repos/javaparser__javaparser/javaparser-core-testing/src/test/java/com/github/javaparser/printer/PrettyPrinterTest.java,com.github.javaparser.printer.PrettyPrinterTest,class,28,29,1,28,45,1,0,42,739,0.94871795,0.0,0.0,39,0,17,4,0,18,35,0,0,0,1,1,0,1,0,0,1,0,20,242,4,0,5,0,0,364,15,90,26,83,1,0,0,1,164,0,0
/Users/kaiohs/Downloads/codes/lab02-experimentacao-software/data/repos/javaparser__javaparser/javaparser-core-testing/src/test/java/com/github/javaparser/ast/NodeTest.java,com.github.javaparser.ast.NodeTest$PreOrderIteratorTest,innerclass,11,11,0,11,4,1,0,10,6,0.0,0.0,0.0,4,0,0,1,0,3,3,0,0,0,0,0,0,0,0,0,0,0,4,20,1,0,0,0,0,5,0,6,1,6,0,0,0,0,22,0,0
/Users/kaiohs/Downloads/codes/lab02-experimentacao-software/data/repos/javaparser__javaparser/javaparser-symbol-solver-core/src/main/java/com/github/javaparser/symbolsolver/resolution/typeinference/ConstraintFormula.java,com.github.javaparser.symbolsolver.resolution.typeinference.ConstraintFormula,class,2,11,9,2,1,1,7,0,0,0.0,NaN,NaN,1,0,1,0,0,0,1,1,0,0,0,0,0,0,0,0,0,0,0,80,0,0,0,0,0,0,0,0,0,0,0,0,1,0,39,1025,0
/Users/kaiohs/Downloads/codes/lab02-experimentacao-software/data/repos/javaparser__javaparser/javaparser-symbol-solver-testing/src/test/java/com/github/javaparser/symbolsolver/Issue2987Test.java,com.github.javaparser.symbolsolver.Issue2987Test,class,7,7,0,7,1,2,0,8,0,0.0,NaN,NaN,1,0,0,0,0,1,1,0,0,0,0,0,0,0,0,0,0,0,0,11,0,0,0,0,0,7,0,4,1,4,0,0,0,0,29,1,0
/Users/kaiohs/Downloads/codes/lab02-experimentacao-software/data/repos/javaparser__javaparser/javaparser-symbol-solver-testing/src/test/java/com/github/javaparser/symbolsolver/javassistmodel/JavassistMethodDeclarationTest.java,com.github.javaparser.symbolsolver.javassistmodel.JavassistMethodDeclarationTest,class,12,13,1,12,8,2,0,18,0,0.125,0.0,0.0,8,0,0,1,0,7,7,0,0,0,1,0,0,1,0,0,0,0,0,46,1,0,0,0,0,19,8,18,0,20,0,0,0,2,47,1,0
/Users/kaiohs/Downloads/codes/lab02-experimentacao-software/data/repos/javaparser__javaparser/javaparser-symbol-solver-testing/src/test/test_sourcecode/javasymbolsolver_0_6_0/src/java-symbol-solver-model/com/github/javaparser/symbolsolver/model/declarations/ClassDeclaration.java,com.github.javaparser.symbolsolver.model.declarations.ClassDeclaration,interface,5,18,13,5,6,1,0,0,15,0.0,0.0,0.0,6,0,0,0,0,6,6,0,0,0,0,0,0,0,0,0,0,0,0,10,1,0,0,0,0,0,0,0,0,0,0,0,0,0,69,1,0
/Users/kaiohs/Downloads/codes/lab02-experimentacao-software/data/repos/javaparser__javaparser/javaparser-core/src/main/java/com/github/javaparser/ast/expr/MarkerAnnotationExpr.java,com.github.javaparser.ast.expr.MarkerAnnotationExpr,class,14,55,39,16,12,4,0,7,66,0.0,0.0,0.0,12,0,12,0,0,0,12,0,0,0,0,0,0,0,0,0,0,0,2,39,6,0,0,0,0,9,0,0,0,0,0,0,0,0,42,1,0
/Users/kaiohs/Downloads/codes/lab02-experimentacao-software/data/repos/javaparser__javaparser/javaparser-symbol-solver-testing/src/test/test_sourcecode/javaparser_new_src/javaparser-core/com/github/javaparser/ast/stmt/WhileStmt.java,WhileStmt,class,9,24,15,9,9,1,0,4,14,0.5555556,0.0,0.0,9,0,9,0,0,0,9,0,0,0,2,0,0,2,0,0,0,0,0,37,5,0,0,0,0,0,0,2,0,2,0,0,0,0,23,17,0
/Users/kaiohs/Downloads/codes/lab02-experimentacao-software/data/repos/javaparser__javaparser/javaparser-core/src/main/java/com/github/javaparser/ast/stmt/SwitchStmt.java,com.github.javaparser.ast.stmt.SwitchStmt,class,17,43,25,18,29,3,0,22,109,0.6944444,0.0,0.0,18,0,18,0,0,0,18,0,0,0,2,0,0,2,0,0,0,0,1,99,20,2,9,0,0,15,2,4,0,4,2,0,0,0,122,1,0
/Users/kaiohs/Downloads/codes/lab02-experimentacao-software/data/repos/javaparser__javaparser/javaparser-symbol-solver-testing/src/test/resources/CompilationUnitContextResolutionTest/01_parent/main/Child.java,main.Child,class,1,1,0,1,0,2,0,0,0,0.0,-1.0,-1.0,0,0,0,0,0,0,0,0,0,0,0,0,0,0,0,0,0,0,0,2,0,0,0,0,0,0,0,0,0,0,0,0,0,0,2,1,0
/Users/kaiohs/Downloads/codes/lab02-experimentacao-software/data/repos/javaparser__javaparser/javaparser-core-generators/src/main/java/com/github/javaparser/generator/core/other/TokenKindGenerator.java,com.github.javaparser.generator.core.other.TokenKindGenerator,class,15,16,1,15,5,2,0,37,4,0.5,0.0,0.0,4,0,2,2,0,0,2,0,0,0,1,0,0,1,0,0,1,0,0,41,1,1,0,0,0,14,1,12,0,17,2,0,0,10,51,1,1
/Users/kaiohs/Downloads/codes/lab02-experimentacao-software/data/repos/javaparser__javaparser/javaparser-core/src/main/java/com/github/javaparser/utils/ProjectRoot.java,com.github.javaparser.utils.ProjectRoot,class,2,7,5,2,7,1,0,6,0,0.52380955,0.0,0.0,7,0,7,0,0,0,7,0,0,0,3,0,0,3,0,0,3,0,1,27,4,0,0,0,0,2,0,3,1,3,0,0,0,0,52,1,0
/Users/kaiohs/Downloads/codes/lab02-experimentacao-software/data/repos/javaparser__javaparser/javaparser-symbol-solver-testing/src/test/java/com/github/javaparser/symbolsolver/Issue4668Test.java,com.github.javaparser.symbolsolver.Issue4668Test,class,6,6,0,6,1,2,0,9,0,0.0,NaN,NaN,1,0,0,0,0,1,1,0,0,0,0,0,0,0,0,0,0,0,0,10,0,0,0,0,0,14,0,3,1,3,0,0,0,0,27,1,0
/Users/kaiohs/Downloads/codes/lab02-experimentacao-software/data/repos/javaparser__javaparser/javaparser-symbol-solver-testing/src/test/java/com/github/javaparser/symbolsolver/Issue113Test.java,com.github.javaparser.symbolsolver.Issue113Test,class,14,14,0,14,3,2,0,17,0,0.0,0.0,0.0,3,0,0,0,0,3,3,0,0,0,1,0,0,1,0,0,0,0,1,20,0,0,0,0,0,6,0,9,0,10,0,0,0,1,57,0,0
/Users/kaiohs/Downloads/codes/lab02-experimentacao-software/data/repos/javaparser__javaparser/javaparser-core-testing/src/test/java/com/github/javaparser/ast/observer/PropagatingAstObserverTest.java,com.github.javaparser.ast.observer.PropagatingAstObserverTest,class,5,5,0,5,1,1,0,13,0,0.0,NaN,NaN,1,0,0,0,0,1,1,0,0,0,0,0,0,0,0,0,0,0,3,20,0,0,0,0,0,8,1,5,0,5,0,1,0,0,24,0,0
/Users/kaiohs/Downloads/codes/lab02-experimentacao-software/data/repos/javaparser__javaparser/javaparser-core/src/main/java/com/github/javaparser/utils/SourceRoot.java,com.github.javaparser.utils.SourceRoot,class,12,43,31,12,60,3,0,71,252,0.79444444,0.0,0.0,36,0,30,4,0,2,32,0,0,0,5,1,0,5,0,0,3,0,52,329,40,1,2,3,1,21,0,29,2,34,4,2,2,16,311,1,12
/Users/kaiohs/Downloads/codes/lab02-experimentacao-software/data/repos/javaparser__javaparser/javaparser-symbol-solver-testing/src/test/resources/enums/EnumWithInnerType.java,EnumWithInnerType$EnumInner,innerclass,0,0,0,0,0,1,0,0,0,0.0,-1.0,-1.0,0,0,0,0,0,0,0,0,0,0,0,0,0,0,0,0,0,0,0,2,0,0,0,0,0,0,0,0,0,0,0,0,0,0,2,9,0
/Users/kaiohs/Downloads/codes/lab02-experimentacao-software/data/repos/javaparser__javaparser/javaparser-core-testing/src/test/java/com/github/javaparser/printer/lexicalpreservation/transformations/ast/CompilationUnitTransformationsTest.java,com.github.javaparser.printer.lexicalpreservation.transformations.ast.CompilationUnitTransformationsTest,class,6,6,0,6,7,2,0,10,21,0.0,0.0,0.0,7,0,0,0,0,7,7,0,0,0,0,0,0,0,0,0,0,0,0,35,0,0,0,0,0,21,2,0,3,0,0,0,0,0,33,0,0
/Users/kaiohs/Downloads/codes/lab02-experimentacao-software/data/repos/javaparser__javaparser/javaparser-symbol-solver-testing/src/test/resources/issue1945/issue1945/implementations/WoolRenderer.java,issue1945.implementations.WoolRenderer,class,4,6,2,4,2,2,0,0,1,1.0,NaN,NaN,2,0,1,1,0,0,1,0,0,0,1,1,1,0,0,0,1,0,0,7,0,0,0,0,0,0,0,1,0,1,0,0,0,0,15,1,0
/Users/kaiohs/Downloads/codes/lab02-experimentacao-software/data/repos/javaparser__javaparser/javaparser-symbol-solver-testing/src/test/test_sourcecode/javasymbolsolver_0_6_0/src/java-symbol-solver-model/com/github/javaparser/symbolsolver/model/resolution/TypeSolver.java,com.github.javaparser.symbolsolver.model.resolution.TypeSolver,interface,4,91,87,4,7,1,0,5,10,0.0,0.0,0.0,5,0,0,0,0,5,5,0,0,0,0,0,0,0,0,0,0,0,0,22,3,0,1,0,0,0,0,1,0,1,1,0,0,0,57,1,0
/Users/kaiohs/Downloads/codes/lab02-experimentacao-software/data/repos/javaparser__javaparser/javaparser-symbol-solver-core/src/main/java/com/github/javaparser/symbolsolver/javaparsermodel/NormalCompletionVisitor.java,com.github.javaparser.symbolsolver.javaparsermodel.NormalCompletionVisitor,class,24,29,5,24,53,2,0,40,153,0.9444444,0.0,0.0,18,2,16,2,0,0,16,0,0,0,1,1,0,1,0,0,0,0,2,143,36,4,1,1,1,6,1,11,0,17,4,0,0,7,217,1,0
/Users/kaiohs/Downloads/codes/lab02-experimentacao-software/data/repos/javaparser__javaparser/javaparser-core/src/main/java/com/github/javaparser/ast/visitor/VoidVisitor.java,com.github.javaparser.ast.visitor.VoidVisitor,interface,104,268,125,143,103,1,0,0,5253,0.0,0.0,0.0,103,0,0,0,0,103,103,0,0,0,0,0,0,0,0,0,0,0,0,105,0,0,0,0,0,0,0,0,0,0,0,0,0,0,119,1,0
/Users/kaiohs/Downloads/codes/lab02-experimentacao-software/data/repos/javaparser__javaparser/javaparser-core-testing/src/test/java/com/github/javaparser/ast/NodeListTest.java,com.github.javaparser.ast.NodeListTest$IteratorTest$EmptyIteratorTest,innerclass,5,5,0,5,5,1,0,10,0,0.4,0.0,0.0,5,0,0,0,0,5,5,0,0,0,2,0,0,0,0,2,0,0,0,34,0,0,0,0,0,2,0,2,0,2,1,0,0,2,18,0,0
/Users/kaiohs/Downloads/codes/lab02-experimentacao-software/data/repos/javaparser__javaparser/javaparser-symbol-solver-testing/src/test/resources/differentiate_dot_expressions/com/packageName/InnerClassContainer.java,InnerClassContainer,class,0,0,0,0,0,1,0,0,0,0.0,-1.0,-1.0,0,0,0,0,0,0,0,0,0,0,0,0,0,0,0,0,0,0,0,17,0,0,0,0,0,0,0,0,0,0,0,0,1,0,3,1,0
/Users/kaiohs/Downloads/codes/lab02-experimentacao-software/data/repos/javaparser__javaparser/javaparser-symbol-solver-testing/src/test/java/com/github/javaparser/symbolsolver/logic/FunctionInterfaceLogicTest.java,com.github.javaparser.symbolsolver.logic.FunctionInterfaceLogicTest$Foo,interface,3,3,0,3,2,1,0,1,1,0.0,0.0,0.0,2,0,0,0,0,2,2,0,0,0,0,0,0,0,0,0,0,0,0,6,1,0,0,0,0,0,0,0,0,0,0,0,0,0,5,9,0
/Users/kaiohs/Downloads/codes/lab02-experimentacao-software/data/repos/javaparser__javaparser/javaparser-core/src/main/java/com/github/javaparser/ast/type/WildcardType.java,com.github.javaparser.ast.type.WildcardType,class,21,57,35,22,45,3,0,31,222,0.70000005,0.0,0.0,25,0,25,0,0,0,25,0,0,0,2,0,0,2,0,0,0,0,3,141,28,0,14,0,0,21,0,3,0,5,2,0,0,2,91,1,0
/Users/kaiohs/Downloads/codes/lab02-experimentacao-software/data/repos/javaparser__javaparser/javaparser-core/src/main/java/com/github/javaparser/javadoc/description/JavadocInlineTag.java,com.github.javaparser.javadoc.description.JavadocInlineTag$Type,enum,1,1,0,1,4,1,0,4,0,0.0,0.0,0.0,2,1,0,0,0,2,2,0,0,0,1,0,0,1,0,0,0,0,1,13,2,1,0,0,0,0,0,1,0,1,2,0,0,0,31,1,0
/Users/kaiohs/Downloads/codes/lab02-experimentacao-software/data/repos/javaparser__javaparser/javaparser-core/src/main/java/com/github/javaparser/printer/lexicalpreservation/IndentationContext.java,com.github.javaparser.printer.lexicalpreservation.IndentationContext,class,3,6,3,3,17,1,0,10,0,0.0,0.0,0.0,11,0,11,0,0,0,11,0,0,0,1,0,0,1,0,0,1,0,1,44,7,2,3,0,0,4,3,5,2,4,1,0,0,0,119,1,0
/Users/kaiohs/Downloads/codes/lab02-experimentacao-software/data/repos/javaparser__javaparser/javaparser-symbol-solver-testing/src/test/resources/javassist_symbols/main_jar/src/com/github/javaparser/javasymbolsolver/javassist_symbols/main_jar/SubClassIncludedJar.java,com.github.javaparser.javasymbolsolver.javassist_symbols.main_jar.SubClassIncludedJar,class,1,1,0,1,0,2,0,0,0,NaN,-1.0,-1.0,0,0,0,0,0,0,0,0,0,0,1,1,1,0,0,0,1,0,0,3,0,0,0,0,0,1,0,1,0,1,0,0,0,0,14,1,0
/Users/kaiohs/Downloads/codes/lab02-experimentacao-software/data/repos/javaparser__javaparser/javaparser-core/src/main/java/com/github/javaparser/printer/lexicalpreservation/IndentationCalculator.java,com.github.javaparser.printer.lexicalpreservation.IndentationCalculator,class,5,8,3,5,34,1,0,15,28,0.0,0.0,0.0,8,7,6,2,0,0,6,0,0,0,0,0,0,0,0,0,0,0,4,128,11,7,0,0,0,2,17,19,5,16,3,0,1,0,254,17,0
/Users/kaiohs/Downloads/codes/lab02-experimentacao-software/data/repos/javaparser__javaparser/javaparser-core-generators/src/test/resources/com/github/javaparser/generator/core/quality/NotNullGeneratorTest/expected/ConstructorParameterTest.java,ConstructorParameterTest,class,3,3,0,3,1,1,0,1,0,0.0,NaN,NaN,1,0,1,0,0,0,1,0,0,0,3,0,0,3,0,0,3,0,0,11,0,0,0,0,0,1,0,3,0,3,0,0,0,0,12,0,0
/Users/kaiohs/Downloads/codes/lab02-experimentacao-software/data/repos/javaparser__javaparser/javaparser-core-testing/src/test/java/com/github/javaparser/ExpectedTokensTest.java,com.github.javaparser.ExpectedTokensTest,class,7,8,1,7,2,1,0,7,1,0.0,NaN,NaN,2,0,0,1,0,1,1,0,0,0,0,0,0,0,0,0,0,0,3,34,0,0,0,0,0,26,47,3,1,3,0,0,0,0,32,0,0
/Users/kaiohs/Downloads/codes/lab02-experimentacao-software/data/repos/javaparser__javaparser/javaparser-symbol-solver-core/src/main/java/com/github/javaparser/symbolsolver/javaparsermodel/declarations/DefaultConstructorDeclaration.java,com.github.javaparser.symbolsolver.javaparsermodel.declarations.DefaultConstructorDeclaration,class,7,16,3,13,9,1,0,2,30,0.6666667,0.0,0.0,9,0,8,0,0,1,9,0,0,0,1,0,0,1,0,0,0,0,1,30,6,0,0,0,0,2,2,1,0,1,0,0,0,0,46,1,0
/Users/kaiohs/Downloads/codes/lab02-experimentacao-software/data/repos/javaparser__javaparser/javaparser-core/src/main/java/com/github/javaparser/ast/expr/ThisExpr.java,com.github.javaparser.ast.expr.ThisExpr,class,16,56,39,17,26,3,0,16,123,0.6666667,0.0,0.0,18,0,18,0,0,0,18,0,0,0,1,0,0,1,0,0,0,0,2,84,18,0,8,0,0,15,0,1,0,1,2,0,0,0,75,1,0
/Users/kaiohs/Downloads/codes/lab02-experimentacao-software/data/repos/javaparser__javaparser/javaparser-core-testing/src/test/java/com/github/javaparser/ast/validator/Java15ValidatorTest.java,com.github.javaparser.ast.validator.Java15ValidatorTest,class,2,2,0,2,0,1,0,1,0,NaN,-1.0,-1.0,0,0,0,0,0,0,0,0,0,0,1,0,0,1,0,0,1,0,0,24,0,0,0,0,0,0,0,1,0,1,0,0,1,0,11,0,0
/Users/kaiohs/Downloads/codes/lab02-experimentacao-software/data/repos/javaparser__javaparser/javaparser-core-testing/src/test/java/com/github/javaparser/ast/nodeTypes/NodeWithOptionalScopeTest.java,com.github.javaparser.ast.nodeTypes.NodeWithOptionalScopeTest,class,4,4,0,4,2,1,0,4,1,0.0,0.0,0.0,2,0,0,0,0,2,2,0,0,0,0,0,0,0,0,0,0,0,0,13,0,0,0,0,0,4,0,3,0,3,0,0,0,0,22,0,0
/Users/kaiohs/Downloads/codes/lab02-experimentacao-software/data/repos/javaparser__javaparser/javaparser-symbol-solver-core/src/main/java/com/github/javaparser/symbolsolver/cache/InMemoryCache.java,com.github.javaparser.symbolsolver.cache.InMemoryCache,class,8,11,3,8,10,1,0,9,0,0.1,0.0,0.0,10,1,9,1,0,0,9,0,0,0,1,0,0,1,0,0,1,0,2,33,6,0,0,0,0,0,0,1,0,1,0,0,0,0,44,1,0
/Users/kaiohs/Downloads/codes/lab02-experimentacao-software/data/repos/javaparser__javaparser/javaparser-symbol-solver-testing/src/test/java/com/github/javaparser/symbolsolver/Issue1364Test.java,com.github.javaparser.symbolsolver.Issue1364Test,class,14,14,0,14,3,2,0,18,0,0.0,0.0,0.0,2,0,0,0,0,2,2,0,0,0,1,0,0,1,0,0,0,0,1,44,0,0,0,1,0,8,3,7,0,7,2,1,0,1,50,0,0
/Users/kaiohs/Downloads/codes/lab02-experimentacao-software/data/repos/javaparser__javaparser/javaparser-core-testing/src/test/java/com/github/javaparser/utils/VisitorListTest.java,com.github.javaparser.utils.VisitorListTest,class,5,5,0,5,15,1,0,23,55,0.0,0.0,0.0,11,0,0,0,0,11,11,0,0,0,0,0,0,0,0,0,0,0,0,111,0,3,1,0,0,29,19,28,1,28,1,0,0,0,39,0,0
/Users/kaiohs/Downloads/codes/lab02-experimentacao-software/data/repos/javaparser__javaparser/javaparser-core/src/main/java/com/github/javaparser/ast/validator/TypedValidator.java,com.github.javaparser.ast.validator.TypedValidator$Anonymous1,anonymous,5,5,0,5,1,1,0,5,0,0.0,NaN,NaN,1,0,1,0,0,0,1,0,0,0,0,0,0,0,0,0,0,0,0,5,0,0,0,0,0,0,0,0,0,2,0,0,0,2,12,-1,0
/Users/kaiohs/Downloads/codes/lab02-experimentacao-software/data/repos/javaparser__javaparser/javaparser-core/src/main/java/com/github/javaparser/ast/DataKey.java,com.github.javaparser.ast.DataKey,class,0,2,2,0,3,1,0,3,1,0.0,0.0,0.0,2,0,2,0,0,0,2,0,0,0,0,0,0,0,0,0,0,0,0,8,2,0,1,0,0,0,0,0,0,0,0,0,0,0,71,1025,0
/Users/kaiohs/Downloads/codes/lab02-experimentacao-software/data/repos/javaparser__javaparser/javaparser-core-metamodel-generator/src/main/java/com/github/javaparser/generator/metamodel/InitializeConstructorParametersStatementsGenerator.java,com.github.javaparser.generator.metamodel.InitializeConstructorParametersStatementsGenerator,class,5,7,2,5,11,1,0,18,3,0.0,NaN,NaN,3,0,0,2,0,1,1,0,0,0,0,0,0,0,0,0,0,0,3,36,3,5,3,0,0,3,0,5,0,4,3,0,0,0,35,0,0
/Users/kaiohs/Downloads/codes/lab02-experimentacao-software/data/repos/javaparser__javaparser/javaparser-symbol-solver-core/src/main/java/com/github/javaparser/symbolsolver/javaparsermodel/declarations/JavaParserInterfaceDeclaration.java,com.github.javaparser.symbolsolver.javaparsermodel.declarations.JavaParserInterfaceDeclaration$Anonymous1,anonymous,10,10,0,10,7,1,0,8,21,0.0,0.0,0.0,7,0,7,0,0,0,7,0,0,0,0,0,0,0,0,0,0,0,0,23,7,0,0,0,0,0,0,0,0,0,0,0,0,0,14,-1,0
/Users/kaiohs/Downloads/codes/lab02-experimentacao-software/data/repos/javaparser__javaparser/javaparser-symbol-solver-testing/src/test/resources/javassist_generics/javaparser/GenericClass.java,javaparser.GenericClass$Bar,interface,1,1,0,1,0,1,0,0,0,NaN,-1.0,-1.0,0,0,0,0,0,0,0,0,0,0,1,1,1,0,0,0,0,0,0,5,0,0,0,0,0,0,0,1,0,1,0,0,1,0,8,1,0
/Users/kaiohs/Downloads/codes/lab02-experimentacao-software/data/repos/javaparser__javaparser/javaparser-core-serialization/src/test/java/com/github/javaparser/serialization/JavaParserJsonDeserializerTest.java,com.github.javaparser.serialization.JavaParserJsonDeserializerTest$Anonymous1,anonymous,6,6,0,6,4,1,0,0,6,0.0,0.0,0.0,4,0,4,0,0,0,4,0,0,0,0,0,0,0,0,0,0,0,0,14,4,0,0,0,0,0,0,0,0,0,0,0,0,0,15,-1,0
/Users/kaiohs/Downloads/codes/lab02-experimentacao-software/data/repos/javaparser__javaparser/javaparser-core-testing/src/test/test_sourcecode/com/github/javaparser/printer/JavaConceptsEnums.java,japa.bdd.samples.JavaConceptsEnums$Sexo,enum,0,0,0,0,0,1,0,0,0,0.0,-1.0,-1.0,0,0,0,0,0,0,0,0,0,0,0,0,0,0,0,0,0,0,0,2,0,0,0,0,0,0,0,0,0,0,0,0,1,0,3,1,0
/Users/kaiohs/Downloads/codes/lab02-experimentacao-software/data/repos/javaparser__javaparser/javaparser-symbol-solver-testing/src/test/resources/issue4846/foo/Main.java,foo.Main,class,1,2,1,1,2,1,0,1,1,0.0,0.0,0.0,2,1,2,0,0,0,2,0,0,0,0,0,0,0,0,0,0,0,0,7,0,0,0,0,0,0,0,0,0,0,0,0,0,0,6,1,0
/Users/kaiohs/Downloads/codes/lab02-experimentacao-software/data/repos/javaparser__javaparser/javaparser-core-testing-bdd/src/test/java/com/github/javaparser/visitors/PositionTestVisitor.java,com.github.javaparser.visitors.PositionTestVisitor,class,86,88,2,86,85,2,0,9,3484,0.97619045,0.0,0.0,84,0,83,1,0,0,83,0,0,0,1,0,0,1,0,0,0,0,0,353,1,0,1,0,0,0,4,2,0,3,1,0,0,0,111,1,0
/Users/kaiohs/Downloads/codes/lab02-experimentacao-software/data/repos/javaparser__javaparser/javaparser-core/src/main/java/com/github/javaparser/ast/validator/postprocessors/Java12PostProcessor.java,com.github.javaparser.ast.validator.postprocessors.Java12PostProcessor,class,1,2,1,1,0,4,1,0,0,0.0,-1.0,-1.0,0,0,0,0,0,0,0,0,0,0,0,0,0,0,0,0,0,0,0,2,0,0,0,0,0,0,0,0,0,0,0,0,0,0,15,1,0
/Users/kaiohs/Downloads/codes/lab02-experimentacao-software/data/repos/javaparser__javaparser/javaparser-core/src/main/java/com/github/javaparser/metamodel/EnumDeclarationMetaModel.java,com.github.javaparser.metamodel.EnumDeclarationMetaModel,class,5,7,2,5,1,5,0,0,0,0.0,NaN,NaN,1,0,0,0,0,1,1,0,0,0,2,0,2,0,0,0,0,0,0,7,0,0,0,0,0,4,0,0,0,2,0,0,0,0,39,1,0
/Users/kaiohs/Downloads/codes/lab02-experimentacao-software/data/repos/javaparser__javaparser/javaparser-core/src/main/java/com/github/javaparser/ParserConfiguration.java,com.github.javaparser.ParserConfiguration,class,6,60,54,6,25,3,0,3,252,0.91666675,0.0,0.0,24,0,24,0,0,0,24,0,0,0,12,0,0,12,0,0,1,0,1,236,23,0,0,0,0,0,1,23,0,12,1,4,3,6,266,1,0
/Users/kaiohs/Downloads/codes/lab02-experimentacao-software/data/repos/javaparser__javaparser/javaparser-core-testing-bdd/src/test/java/com/github/javaparser/steps/ManipulationSteps.java,com.github.javaparser.steps.ManipulationSteps,class,25,26,1,25,31,3,0,42,153,0.8387097,0.0,0.0,31,0,31,0,0,0,31,0,0,0,7,0,0,7,0,0,0,0,8,155,0,0,0,0,0,54,4,41,3,40,0,0,2,1,159,1,0
/Users/kaiohs/Downloads/codes/lab02-experimentacao-software/data/repos/javaparser__javaparser/javaparser-core/src/main/java/com/github/javaparser/resolution/types/ResolvedPrimitiveType.java,com.github.javaparser.resolution.types.ResolvedPrimitiveType,enum,5,24,19,5,47,1,0,29,184,0.8412698,0.0,0.0,21,5,20,0,0,1,21,0,0,0,3,0,0,3,0,0,0,0,17,122,33,4,9,0,0,11,0,6,3,6,3,0,0,1,63,1,0
/Users/kaiohs/Downloads/codes/lab02-experimentacao-software/data/repos/javaparser__javaparser/javaparser-symbol-solver-testing/src/test/java/com/github/javaparser/symbolsolver/resolution/FieldsResolutionTest.java,com.github.javaparser.symbolsolver.resolution.FieldsResolutionTest,class,28,28,0,28,11,3,0,30,55,0.0,0.0,0.0,11,0,0,0,0,11,11,0,0,0,0,0,0,0,0,0,0,0,1,110,0,0,0,0,4,42,9,68,0,67,0,0,0,0,76,0,0
/Users/kaiohs/Downloads/codes/lab02-experimentacao-software/data/repos/javaparser__javaparser/javaparser-symbol-solver-testing/src/test/java/com/github/javaparser/symbolsolver/FindingAllFieldsTest.java,com.github.javaparser.symbolsolver.FindingAllFieldsTest,class,7,7,0,7,2,2,0,15,1,0.0,0.0,0.0,2,0,0,0,0,2,2,0,0,0,0,0,0,0,0,0,0,0,4,17,0,0,0,0,0,12,2,6,0,6,0,0,0,0,29,0,0
/Users/kaiohs/Downloads/codes/lab02-experimentacao-software/data/repos/javaparser__javaparser/javaparser-symbol-solver-core/src/main/java/com/github/javaparser/symbolsolver/javaparsermodel/contexts/AbstractJavaParserContext.java,com.github.javaparser.symbolsolver.javaparsermodel.contexts.AbstractJavaParserContext,class,40,75,25,50,62,1,0,99,25,0.53333336,0.0,0.0,15,1,12,0,3,0,15,0,1,0,2,0,0,0,2,0,0,0,29,179,32,6,9,1,5,10,4,33,2,33,3,0,0,8,182,1025,0
/Users/kaiohs/Downloads/codes/lab02-experimentacao-software/data/repos/javaparser__javaparser/javaparser-core/src/main/java/com/github/javaparser/ast/visitor/NoCommentHashCodeVisitor.java,com.github.javaparser.ast.visitor.NoCommentHashCodeVisitor,class,115,116,1,115,152,1,0,303,5356,0.99038464,0.0,0.0,104,1,104,0,0,0,104,0,0,0,1,1,0,1,0,0,1,0,0,319,104,1,0,0,249,0,219,3,305,2,1,0,0,0,128,1,0
/Users/kaiohs/Downloads/codes/lab02-experimentacao-software/data/repos/javaparser__javaparser/javaparser-core/src/main/java/com/github/javaparser/TokenRange.java,com.github.javaparser.TokenRange,class,5,13,8,5,11,1,0,9,0,0.5833333,0.0,0.0,8,0,8,0,0,0,8,0,0,0,3,1,1,2,0,0,3,0,6,58,8,1,0,0,0,0,0,4,0,4,1,1,0,0,30,1,0
/Users/kaiohs/Downloads/codes/lab02-experimentacao-software/data/repos/javaparser__javaparser/javaparser-symbol-solver-testing/src/test/java/com/github/javaparser/symbolsolver/model/typesystem/LazyTypeTest.java,com.github.javaparser.symbolsolver.model.typesystem.LazyTypeTest$Foo,innerclass,0,0,0,0,0,1,0,0,0,0.0,-1.0,-1.0,0,0,0,0,0,0,0,0,0,0,0,0,0,0,0,0,0,0,0,2,0,0,0,0,0,0,0,0,0,0,0,0,0,0,1,0,0
/Users/kaiohs/Downloads/codes/lab02-experimentacao-software/data/repos/javaparser__javaparser/javaparser-core/src/main/java/com/github/javaparser/ast/validator/postprocessors/Java22PostProcessor.java,com.github.javaparser.ast.validator.postprocessors.Java22PostProcessor,class,1,2,1,1,0,14,1,0,0,0.0,-1.0,-1.0,0,0,0,0,0,0,0,0,0,0,0,0,0,0,0,0,0,0,0,2,0,0,0,0,0,0,0,0,0,0,0,0,0,0,15,1,0
/Users/kaiohs/Downloads/codes/lab02-experimentacao-software/data/repos/javaparser__javaparser/javaparser-core-testing/src/test/java/com/github/javaparser/utils/ExtractingVisitors.java,com.github.javaparser.utils.ExtractingVisitors$Anonymous1,anonymous,1,1,0,1,1,1,0,2,0,0.0,NaN,NaN,1,0,1,0,0,0,1,0,0,0,0,0,0,0,0,0,0,0,0,6,1,0,0,0,0,0,0,0,0,0,0,0,0,0,7,-1,0
/Users/kaiohs/Downloads/codes/lab02-experimentacao-software/data/repos/javaparser__javaparser/javaparser-core-generators/src/main/java/com/github/javaparser/generator/core/node/MainConstructorGenerator.java,com.github.javaparser.generator.core.node.MainConstructorGenerator,class,12,12,0,12,5,3,0,22,1,0.0,0.0,0.0,2,0,1,0,1,0,2,0,0,0,0,0,0,0,0,0,0,0,1,27,1,1,0,0,0,8,0,3,0,3,2,0,0,0,49,1,0
/Users/kaiohs/Downloads/codes/lab02-experimentacao-software/data/repos/javaparser__javaparser/javaparser-core/src/main/java/com/github/javaparser/resolution/model/typesystem/LazyType.java,com.github.javaparser.resolution.model.typesystem.LazyType,class,8,14,6,8,22,1,0,21,208,0.92857146,0.0,0.0,21,0,21,0,0,0,21,0,0,0,2,0,0,2,0,0,0,0,0,70,20,0,1,0,0,0,0,2,0,2,1,0,0,0,29,1,0
/Users/kaiohs/Downloads/codes/lab02-experimentacao-software/data/repos/javaparser__javaparser/javaparser-symbol-solver-testing/src/test/resources/issue3277/StackOverflowTestCase.java,StackOverflowTestCase,class,2,2,0,2,1,1,0,2,0,1.0,NaN,NaN,1,0,1,0,0,0,1,0,0,0,1,0,0,1,0,0,0,0,0,7,0,0,0,0,0,0,0,2,0,2,0,0,0,0,13,1,0
/Users/kaiohs/Downloads/codes/lab02-experimentacao-software/data/repos/javaparser__javaparser/javaparser-symbol-solver-testing/src/test/java/com/github/javaparser/symbolsolver/javassistmodel/JavassistTypeDeclarationAdapterTest.java,com.github.javaparser.symbolsolver.javassistmodel.JavassistTypeDeclarationAdapterTest,class,13,13,0,13,1,2,0,8,0,0.0,NaN,NaN,1,0,0,0,0,1,1,0,0,0,0,0,0,0,0,0,0,0,2,15,0,0,0,0,0,1,0,5,0,5,0,0,1,0,33,0,0
/Users/kaiohs/Downloads/codes/lab02-experimentacao-software/data/repos/javaparser__javaparser/javaparser-core/src/main/java/com/github/javaparser/resolution/declarations/ResolvedTypeParameterDeclaration.java,com.github.javaparser.resolution.declarations.ResolvedTypeParameterDeclaration,interface,10,84,74,10,30,1,0,12,231,0.0,0.0,0.0,22,1,0,0,0,22,22,0,0,0,0,0,0,0,0,0,0,0,1,149,16,4,0,0,3,1,0,0,0,0,2,1,1,0,99,1,0
/Users/kaiohs/Downloads/codes/lab02-experimentacao-software/data/repos/javaparser__javaparser/javaparser-symbol-solver-testing/src/test/test_sourcecode/javaparser_src/generated/com/github/javaparser/TokenMgrError.java,com.github.javaparser.TokenMgrError,class,1,3,2,1,19,3,0,11,15,0.97222227,0.0,0.0,6,2,4,0,2,0,6,0,1,0,6,5,0,1,0,5,5,0,5,67,3,1,0,0,4,20,11,10,6,10,3,0,0,0,156,1,0
/Users/kaiohs/Downloads/codes/lab02-experimentacao-software/data/repos/javaparser__javaparser/javaparser-symbol-solver-testing/src/test/resources/differentiate_dot_expressions/com/packageName/InnerClassFieldContainer.java,InnerInnerInnerClass,innerclass,1,2,0,2,0,1,0,0,0,NaN,-1.0,-1.0,0,0,0,0,0,0,0,0,0,0,1,0,0,0,0,1,0,0,0,3,0,0,0,0,0,0,0,1,0,1,0,0,0,0,5,0,0
/Users/kaiohs/Downloads/codes/lab02-experimentacao-software/data/repos/javaparser__javaparser/javaparser-core-testing-bdd/src/test/java/com/github/javaparser/steps/ParsingSteps.java,com.github.javaparser.steps.ParsingSteps,class,34,36,2,34,41,1,0,67,391,0.7236842,0.0,0.0,38,0,34,4,0,0,34,0,0,0,2,0,0,2,0,0,0,0,6,196,2,1,1,0,2,55,26,69,12,69,1,0,0,0,200,1,0
/Users/kaiohs/Downloads/codes/lab02-experimentacao-software/data/repos/javaparser__javaparser/javaparser-symbol-solver-core/src/main/java/com/github/javaparser/symbolsolver/javaparsermodel/contexts/ObjectCreationContext.java,com.github.javaparser.symbolsolver.javaparsermodel.contexts.ObjectCreationContext,class,15,17,2,15,9,3,0,18,3,0.0,0.0,0.0,3,0,3,0,0,0,3,0,0,0,0,0,0,0,0,0,0,0,7,27,3,2,0,0,0,0,0,5,0,4,4,0,0,0,26,1,0
/Users/kaiohs/Downloads/codes/lab02-experimentacao-software/data/repos/javaparser__javaparser/javaparser-symbol-solver-core/src/main/java/com/github/javaparser/symbolsolver/resolution/typeinference/ProperLowerBound.java,com.github.javaparser.symbolsolver.resolution.typeinference.ProperLowerBound,class,3,7,4,3,10,1,0,5,0,0.16666667,0.0,0.0,6,0,6,0,0,0,6,0,0,0,2,0,0,2,0,0,0,0,0,29,8,0,3,0,0,3,1,5,4,4,1,0,0,0,25,1,0
/Users/kaiohs/Downloads/codes/lab02-experimentacao-software/data/repos/javaparser__javaparser/javaparser-core-testing/src/test/java/com/github/javaparser/ast/type/ArrayTypeTest.java,com.github.javaparser.ast.type.ArrayTypeTest,class,13,13,0,13,14,1,0,50,91,0.0,0.0,0.0,14,0,0,0,0,14,14,0,0,0,0,0,0,0,0,0,0,0,0,111,0,0,0,0,0,44,12,38,3,38,0,0,0,0,57,0,0
/Users/kaiohs/Downloads/codes/lab02-experimentacao-software/data/repos/javaparser__javaparser/javaparser-core-generators/src/main/java/com/github/javaparser/generator/core/node/TypeCastingGenerator.java,com.github.javaparser.generator.core.node.TypeCastingGenerator,class,11,12,1,11,10,3,0,13,15,0.8333333,0.0,0.0,6,0,1,4,1,0,2,0,0,0,1,0,0,1,0,0,1,0,9,60,2,1,2,0,0,9,0,14,0,13,2,0,0,0,55,1,0
/Users/kaiohs/Downloads/codes/lab02-experimentacao-software/data/repos/javaparser__javaparser/javaparser-core-testing/src/test/java/com/github/javaparser/ast/visitor/VoidVisitorWithDefaultsTest.java,com.github.javaparser.ast.visitor.VoidVisitorWithDefaultsTest$Anonymous1,anonymous,0,0,0,0,0,1,0,0,0,0.0,-1.0,-1.0,0,0,0,0,0,0,0,0,0,0,0,0,0,0,0,0,0,0,0,2,0,0,0,0,0,0,0,0,0,0,0,0,0,0,0,-1,0
/Users/kaiohs/Downloads/codes/lab02-experimentacao-software/data/repos/javaparser__javaparser/javaparser-symbol-solver-testing/src/test/java/com/github/javaparser/symbolsolver/resolution/types/ResolvedPrimitiveTypeTest.java,com.github.javaparser.symbolsolver.resolution.types.ResolvedPrimitiveTypeTest,class,8,9,1,8,6,3,0,17,15,0.0,0.0,0.0,6,0,0,1,0,5,5,0,0,0,0,0,0,0,0,0,0,0,0,69,1,0,0,0,0,25,0,16,0,16,0,0,0,1,40,0,0
/Users/kaiohs/Downloads/codes/lab02-experimentacao-software/data/repos/javaparser__javaparser/javaparser-symbol-solver-testing/src/test/java/com/github/javaparser/symbolsolver/Issue1950Test.java,com.github.javaparser.symbolsolver.Issue1950Test,class,9,9,0,9,1,2,0,12,0,0.0,NaN,NaN,1,0,1,0,0,0,1,0,0,0,0,0,0,0,0,0,0,0,0,14,0,0,0,0,0,11,1,6,1,6,0,0,0,0,34,1,0
/Users/kaiohs/Downloads/codes/lab02-experimentacao-software/data/repos/javaparser__javaparser/javaparser-core-testing/src/test/java/com/github/javaparser/ast/expr/ThisExprTest.java,com.github.javaparser.ast.expr.ThisExprTest,class,7,7,0,7,6,1,0,13,15,0.0,0.0,0.0,6,0,0,0,0,6,6,0,0,0,0,0,0,0,0,0,0,0,0,34,0,0,0,0,0,11,0,14,0,14,0,0,0,0,24,0,0
/Users/kaiohs/Downloads/codes/lab02-experimentacao-software/data/repos/javaparser__javaparser/javaparser-core-testing/src/test/java/com/github/javaparser/printer/DefaultPrettyPrinterTest.java,com.github.javaparser.printer.DefaultPrettyPrinterTest,class,23,24,1,23,38,1,0,39,484,0.90625,0.0,0.0,32,0,6,5,0,21,27,0,0,0,3,0,0,3,0,0,3,0,14,226,5,0,5,0,0,364,15,92,20,84,1,0,0,0,154,0,0
/Users/kaiohs/Downloads/codes/lab02-experimentacao-software/data/repos/javaparser__javaparser/javaparser-core/src/main/java/com/github/javaparser/resolution/declarations/AssociableToAST.java,com.github.javaparser.resolution.declarations.AssociableToAST,interface,3,11,8,3,2,1,0,4,1,0.0,0.0,0.0,2,0,0,0,0,2,2,0,0,0,0,0,0,0,0,0,0,0,1,8,2,0,0,0,0,0,0,0,0,0,0,0,0,0,114,1,0
/Users/kaiohs/Downloads/codes/lab02-experimentacao-software/data/repos/javaparser__javaparser/javaparser-core/src/main/java/com/github/javaparser/ast/type/VarType.java,com.github.javaparser.ast.type.VarType,class,24,48,24,24,25,3,0,35,105,0.93333334,0.0,0.0,15,0,14,1,0,0,14,0,0,0,1,1,0,1,0,0,1,0,4,81,16,0,0,0,4,12,1,11,0,11,4,0,0,3,102,1,0
/Users/kaiohs/Downloads/codes/lab02-experimentacao-software/data/repos/javaparser__javaparser/javaparser-core/src/main/java/com/github/javaparser/ast/body/FieldDeclaration.java,com.github.javaparser.ast.body.FieldDeclaration,class,40,126,78,48,55,3,0,57,371,0.7419355,0.0,0.0,31,0,30,1,0,0,30,0,0,0,2,0,0,2,0,0,0,0,2,174,31,4,12,0,4,24,14,21,7,23,2,0,0,4,149,1,0
/Users/kaiohs/Downloads/codes/lab02-experimentacao-software/data/repos/javaparser__javaparser/javaparser-symbol-solver-testing/src/test/java/com/github/javaparser/symbolsolver/Issue3038Test.java,com.github.javaparser.symbolsolver.Issue3038Test,class,9,10,1,9,7,3,0,13,4,0.625,0.0,0.0,4,0,2,2,0,0,2,0,0,0,2,2,0,2,0,0,2,0,2,35,1,2,0,1,1,17,5,9,4,9,2,0,0,0,110,1,0
/Users/kaiohs/Downloads/codes/lab02-experimentacao-software/data/repos/javaparser__javaparser/javaparser-core-testing/src/test/java/com/github/javaparser/ast/ReplaceNodeTest.java,com.github.javaparser.ast.ReplaceNodeTest,class,2,2,0,2,2,1,0,10,1,0.0,0.0,0.0,2,0,0,0,0,2,2,0,0,0,0,0,0,0,0,0,0,0,2,12,0,0,0,0,0,16,0,2,2,2,0,0,0,0,20,0,0
/Users/kaiohs/Downloads/codes/lab02-experimentacao-software/data/repos/javaparser__javaparser/javaparser-core/src/main/java/com/github/javaparser/resolution/model/Value.java,com.github.javaparser.resolution.model.Value,class,4,21,17,4,5,1,0,2,0,0.3,0.0,0.0,5,1,5,0,0,0,5,0,0,0,2,0,0,2,0,0,0,0,0,21,4,0,0,0,0,3,0,3,2,3,0,0,0,0,18,1,0
/Users/kaiohs/Downloads/codes/lab02-experimentacao-software/data/repos/javaparser__javaparser/javaparser-symbol-solver-testing/src/test/resources/issue3099/com/example/Beta.java,com.example.Beta$CustomInterface,interface,0,0,0,0,0,1,0,0,0,0.0,-1.0,-1.0,0,0,0,0,0,0,0,0,0,0,0,0,0,0,0,0,0,0,0,2,0,0,0,0,0,0,0,0,0,0,0,0,0,0,0,1,0
/Users/kaiohs/Downloads/codes/lab02-experimentacao-software/data/repos/javaparser__javaparser/javaparser-core/src/main/java/com/github/javaparser/ast/expr/ClassExpr.java,com.github.javaparser.ast.expr.ClassExpr,class,15,55,38,17,18,3,0,12,71,0.64285713,0.0,0.0,14,0,14,0,0,0,14,0,0,0,1,0,0,1,0,0,0,0,1,62,12,0,4,0,0,12,0,1,0,1,1,0,0,0,62,1,0
/Users/kaiohs/Downloads/codes/lab02-experimentacao-software/data/repos/javaparser__javaparser/javaparser-symbol-solver-testing/src/test/test_sourcecode/javaparser_new_src/javaparser-generated-sources/com/github/javaparser/Provider.java,com.github.javaparser.Provider,interface,1,12,11,1,2,1,0,0,1,0.0,0.0,0.0,2,0,2,0,0,0,2,0,0,0,0,0,0,0,0,0,0,0,0,4,0,0,0,0,0,0,0,0,0,0,0,0,0,0,38,1,0
/Users/kaiohs/Downloads/codes/lab02-experimentacao-software/data/repos/javaparser__javaparser/javaparser-core/src/main/java/com/github/javaparser/metamodel/TraditionalJavadocCommentMetaModel.java,com.github.javaparser.metamodel.TraditionalJavadocCommentMetaModel,class,4,6,2,4,1,5,0,0,0,0.0,NaN,NaN,1,0,0,0,0,1,1,0,0,0,0,0,0,0,0,0,0,0,0,5,0,0,0,0,0,4,0,0,0,0,0,0,0,0,35,1,0
/Users/kaiohs/Downloads/codes/lab02-experimentacao-software/data/repos/javaparser__javaparser/javaparser-symbol-solver-testing/src/test/java/com/github/javaparser/symbolsolver/Issue1479Test.java,com.github.javaparser.symbolsolver.Issue1479Test,class,10,10,0,10,1,2,0,20,0,0.0,NaN,NaN,1,0,1,0,0,0,1,0,0,0,0,0,0,0,0,0,0,0,0,15,0,0,0,0,0,11,1,7,1,7,0,0,0,0,40,1,0
/Users/kaiohs/Downloads/codes/lab02-experimentacao-software/data/repos/javaparser__javaparser/javaparser-core-testing/src/test/java/com/github/javaparser/utils/UtilsTest.java,com.github.javaparser.utils.UtilsTest$Anonymous1,anonymous,1,1,0,1,2,1,0,0,1,0.0,0.0,0.0,2,0,2,0,0,0,2,0,0,0,0,0,0,0,0,0,0,0,0,7,1,0,0,0,0,0,1,0,0,0,0,0,0,0,6,-1,0
/Users/kaiohs/Downloads/codes/lab02-experimentacao-software/data/repos/javaparser__javaparser/javaparser-symbol-solver-testing/src/test/test_sourcecode/javaparser_new_src/javaparser-core/com/github/javaparser/ast/Node.java,Node,class,28,107,79,28,57,1,4,31,492,0.91358024,0.0,0.0,36,0,34,0,2,0,36,2,7,0,9,3,3,6,0,0,2,0,0,177,29,4,14,0,2,2,2,20,0,17,2,0,0,1,196,1025,0
/Users/kaiohs/Downloads/codes/lab02-experimentacao-software/data/repos/javaparser__javaparser/javaparser-symbol-solver-testing/src/test/java/com/github/javaparser/symbolsolver/model/typesystem/ReferenceTypeTest.java,com.github.javaparser.symbolsolver.model.typesystem.ReferenceTypeTest$MoreBazzing,innerclass,3,3,0,3,0,2,0,0,0,0.0,-1.0,-1.0,0,0,0,0,0,0,0,0,0,0,0,0,0,0,0,0,0,0,0,2,0,0,0,0,0,0,0,0,0,0,0,0,0,0,0,0,0
/Users/kaiohs/Downloads/codes/lab02-experimentacao-software/data/repos/javaparser__javaparser/javaparser-core-testing/src/test/java/com/github/javaparser/builders/EnumDeclarationBuildersTest.java,com.github.javaparser.builders.EnumDeclarationBuildersTest,class,3,3,0,3,2,1,0,16,0,0.0,0.0,0.0,2,0,0,0,0,2,2,0,0,0,1,0,0,1,0,0,1,0,0,17,0,0,0,0,0,6,6,3,1,3,0,0,0,0,13,0,0
/Users/kaiohs/Downloads/codes/lab02-experimentacao-software/data/repos/javaparser__javaparser/javaparser-core/src/main/java/com/github/javaparser/ast/modules/ModuleExportsDirective.java,com.github.javaparser.ast.modules.ModuleExportsDirective,class,16,35,19,16,33,3,0,23,171,0.7045455,0.0,0.0,22,0,22,0,0,0,22,0,0,0,2,0,0,2,0,0,0,0,3,112,23,2,9,0,0,19,2,4,0,4,2,0,0,0,61,1,0
/Users/kaiohs/Downloads/codes/lab02-experimentacao-software/data/repos/javaparser__javaparser/javaparser-core/src/main/java/com/github/javaparser/ast/validator/language_level_validations/Java1_4Validator.java,com.github.javaparser.ast.validator.language_level_validations.Java1_4Validator,class,2,3,1,2,1,6,1,2,0,0.0,NaN,NaN,1,0,1,0,0,0,1,0,0,0,0,0,0,0,0,0,0,0,0,7,0,0,0,0,0,0,0,0,0,0,0,0,0,0,17,1,0
/Users/kaiohs/Downloads/codes/lab02-experimentacao-software/data/repos/javaparser__javaparser/javaparser-core/src/main/java/com/github/javaparser/ast/body/CompactConstructorDeclaration.java,com.github.javaparser.ast.body.CompactConstructorDeclaration,class,29,49,20,29,59,3,0,48,274,0.77931035,0.0,0.0,29,0,28,0,1,0,29,0,0,0,5,0,0,5,0,0,0,0,1,216,36,7,20,0,0,26,6,17,0,16,3,0,0,0,147,1,0
/Users/kaiohs/Downloads/codes/lab02-experimentacao-software/data/repos/javaparser__javaparser/javaparser-symbol-solver-testing/src/test/java/com/github/javaparser/symbolsolver/Issue2481Test.java,com.github.javaparser.symbolsolver.Issue2481Test$Anonymous1,anonymous,1,1,0,1,1,1,0,2,0,0.0,NaN,NaN,1,0,1,0,0,0,1,0,0,0,0,0,0,0,0,0,0,0,0,6,0,0,0,0,0,0,0,0,0,0,0,0,0,0,7,-1,0
/Users/kaiohs/Downloads/codes/lab02-experimentacao-software/data/repos/javaparser__javaparser/javaparser-core/src/main/java/com/github/javaparser/Providers.java,com.github.javaparser.Providers,class,5,16,11,5,14,1,0,16,54,0.6666667,0.0,0.0,12,11,11,1,0,0,11,0,0,0,1,1,1,0,0,0,1,0,20,50,11,0,1,1,0,2,0,3,1,3,1,0,0,0,67,17,0
/Users/kaiohs/Downloads/codes/lab02-experimentacao-software/data/repos/javaparser__javaparser/javaparser-symbol-solver-testing/src/test/test_sourcecode/javaparser_src/generated/com/github/javaparser/ASTParser.java,com.github.javaparser.ASTParser$LookaheadSuccess,innerclass,0,0,0,0,0,3,0,0,0,0.0,-1.0,-1.0,0,0,0,0,0,0,0,0,0,0,0,0,0,0,0,0,0,0,0,2,0,0,0,0,0,0,0,0,0,0,0,0,0,0,2,26,0
/Users/kaiohs/Downloads/codes/lab02-experimentacao-software/data/repos/javaparser__javaparser/javaparser-core-testing/src/test/java/com/github/javaparser/printer/configuration/imports/DefaultImportOrderingStrategyTest.java,com.github.javaparser.printer.configuration.imports.DefaultImportOrderingStrategyTest,class,4,4,0,4,3,1,0,7,0,0.0,0.0,0.0,3,0,0,0,0,3,3,0,0,0,1,0,0,1,0,0,1,0,0,33,0,0,0,0,0,10,14,8,0,8,0,0,0,0,30,0,0
/Users/kaiohs/Downloads/codes/lab02-experimentacao-software/data/repos/javaparser__javaparser/javaparser-core-testing-bdd/src/test/java/com/github/javaparser/PositionRangeTest.java,com.github.javaparser.PositionRangeTest,class,7,7,0,7,2,3,0,1,1,0.0,0.0,0.0,2,0,2,0,0,0,2,0,0,0,0,0,0,0,0,0,0,0,0,9,1,0,0,0,0,1,0,1,0,1,0,0,0,0,16,1,0
/Users/kaiohs/Downloads/codes/lab02-experimentacao-software/data/repos/javaparser__javaparser/javaparser-symbol-solver-testing/src/test/test_sourcecode/javasymbolsolver_0_6_0/src/java-symbol-solver-model/com/github/javaparser/symbolsolver/model/declarations/TypeParameterDeclaration.java,com.github.javaparser.symbolsolver.model.declarations.TypeParameterDeclaration,interface,9,61,52,9,12,1,0,4,66,0.0,0.0,0.0,12,1,0,0,0,12,12,0,0,0,0,0,0,0,0,0,0,0,1,83,5,0,0,0,3,1,0,0,0,0,0,1,1,0,77,1,0
/Users/kaiohs/Downloads/codes/lab02-experimentacao-software/data/repos/javaparser__javaparser/javaparser-core-serialization/src/main/java/com/github/javaparser/serialization/JavaParserJsonSerializer.java,com.github.javaparser.serialization.JavaParserJsonSerializer$JsonToken,enum,0,0,0,0,2,1,0,0,0,0.0,0.0,0.0,2,0,1,0,0,1,2,0,0,0,1,0,0,0,0,1,1,0,0,8,1,0,0,0,0,2,0,1,0,1,0,0,0,0,15,1,0
/Users/kaiohs/Downloads/codes/lab02-experimentacao-software/data/repos/javaparser__javaparser/javaparser-symbol-solver-testing/src/test/java/com/github/javaparser/symbolsolver/resolution/PatternVariableIntroductionTest.java,com.github.javaparser.symbolsolver.resolution.PatternVariableIntroductionTest$PatternMatchOperator,innerclass,5,5,0,5,1,1,0,7,0,0.0,NaN,NaN,1,0,1,0,0,0,1,0,0,0,0,0,0,0,0,0,0,0,0,7,0,0,0,0,0,9,0,2,1,2,0,0,0,0,46,0,0
/Users/kaiohs/Downloads/codes/lab02-experimentacao-software/data/repos/javaparser__javaparser/javaparser-core/src/main/java/com/github/javaparser/ast/expr/TypePatternExpr.java,com.github.javaparser.ast.expr.TypePatternExpr,class,19,42,23,19,28,5,0,21,92,0.67647064,0.0,0.0,17,0,17,0,0,0,17,0,0,0,2,0,0,2,0,0,0,0,1,96,19,2,9,0,0,15,2,4,0,4,2,0,0,0,116,1,0
/Users/kaiohs/Downloads/codes/lab02-experimentacao-software/data/repos/javaparser__javaparser/javaparser-core/src/main/java/com/github/javaparser/metamodel/IntersectionTypeMetaModel.java,com.github.javaparser.metamodel.IntersectionTypeMetaModel,class,5,7,2,5,1,4,0,0,0,0.0,NaN,NaN,1,0,0,0,0,1,1,0,0,0,1,0,1,0,0,0,0,0,0,6,0,0,0,0,0,4,0,0,0,1,0,0,0,0,36,1,0
/Users/kaiohs/Downloads/codes/lab02-experimentacao-software/data/repos/javaparser__javaparser/javaparser-symbol-solver-core/src/main/java/com/github/javaparser/symbolsolver/javaparsermodel/declarations/JavaParserMethodDeclaration.java,com.github.javaparser.symbolsolver.javaparsermodel.declarations.JavaParserMethodDeclaration,class,23,47,12,35,26,1,0,31,0,0.33333334,0.0,0.0,21,0,19,2,0,0,19,0,0,0,2,0,0,2,0,0,0,0,10,78,20,0,0,0,0,5,2,3,2,4,1,0,0,1,79,1,0
/Users/kaiohs/Downloads/codes/lab02-experimentacao-software/data/repos/javaparser__javaparser/javaparser-core-testing-bdd/src/test/java/com/github/javaparser/VisitorTest.java,com.github.javaparser.VisitorTest,class,7,7,0,7,2,3,0,1,1,0.0,0.0,0.0,2,0,2,0,0,0,2,0,0,0,0,0,0,0,0,0,0,0,0,9,1,0,0,0,0,1,0,1,0,1,0,0,0,0,14,1,0
/Users/kaiohs/Downloads/codes/lab02-experimentacao-software/data/repos/javaparser__javaparser/javaparser-core-testing/src/test/java/com/github/javaparser/ast/validator/Java14PreviewValidatorTest.java,com.github.javaparser.ast.validator.Java14PreviewValidatorTest,class,2,2,0,2,0,1,0,1,0,NaN,-1.0,-1.0,0,0,0,0,0,0,0,0,0,0,1,0,0,1,0,0,1,0,0,41,0,0,0,0,0,0,0,1,0,1,0,0,1,0,18,0,0
/Users/kaiohs/Downloads/codes/lab02-experimentacao-software/data/repos/javaparser__javaparser/javaparser-core/src/main/java/com/github/javaparser/ast/validator/language_level_validations/Java9Validator.java,com.github.javaparser.ast.validator.language_level_validations.Java9Validator,class,9,10,1,9,4,11,1,10,0,0.0,NaN,NaN,1,0,1,0,0,0,1,0,0,0,3,0,0,0,0,3,3,0,0,17,0,0,0,0,0,1,0,3,0,5,1,0,0,1,29,1,0
/Users/kaiohs/Downloads/codes/lab02-experimentacao-software/data/repos/javaparser__javaparser/javaparser-core/src/main/java/com/github/javaparser/printer/lexicalpreservation/LexicalDifferenceCalculator.java,com.github.javaparser.printer.lexicalpreservation.LexicalDifferenceCalculator$CsmChild,innerclass,6,6,0,6,11,1,0,7,1,0.2857143,0.0,0.0,7,0,6,0,0,1,7,0,0,0,1,0,0,1,0,0,1,0,0,27,7,0,4,0,2,3,0,2,1,2,1,0,0,0,34,9,0
/Users/kaiohs/Downloads/codes/lab02-experimentacao-software/data/repos/javaparser__javaparser/javaparser-core-testing/src/test/java/com/github/javaparser/LineSeparatorProcessorTest.java,com.github.javaparser.LineSeparatorProcessorTest,class,10,11,1,10,4,2,0,15,6,0.0,0.0,0.0,4,0,4,0,0,0,4,0,0,0,0,0,0,0,0,0,0,0,0,29,0,0,0,0,0,20,0,9,4,9,0,0,0,0,56,1,0
/Users/kaiohs/Downloads/codes/lab02-experimentacao-software/data/repos/javaparser__javaparser/javaparser-core-testing/src/test/java/com/github/javaparser/printer/lexicalpreservation/Issue4163Test.java,com.github.javaparser.printer.lexicalpreservation.Issue4163Test,class,11,11,0,11,1,2,0,10,0,0.0,NaN,NaN,1,0,0,0,0,1,1,0,0,0,0,0,0,0,0,0,0,0,1,20,0,0,0,0,0,7,0,7,2,7,0,1,0,0,29,1,0
/Users/kaiohs/Downloads/codes/lab02-experimentacao-software/data/repos/javaparser__javaparser/javaparser-symbol-solver-core/src/main/java/com/github/javaparser/symbolsolver/javaparsermodel/contexts/RecordDeclarationContext.java,com.github.javaparser.symbolsolver.javaparsermodel.contexts.RecordDeclarationContext,class,20,22,2,20,18,2,0,39,24,0.5555556,0.0,0.0,9,0,8,1,0,0,8,0,0,0,1,0,0,1,0,0,0,0,6,55,12,1,2,0,0,0,0,5,0,7,2,0,0,2,48,1,0
/Users/kaiohs/Downloads/codes/lab02-experimentacao-software/data/repos/javaparser__javaparser/javaparser-symbol-solver-testing/src/test/resources/CompilationUnitContextResolutionTest/01_parent/main/GrandParent.java,main.GrandParent,class,0,0,0,0,0,1,0,0,0,0.0,-1.0,-1.0,0,0,0,0,0,0,0,0,0,0,0,0,0,0,0,0,0,0,0,3,0,0,0,0,0,0,0,0,0,0,0,0,1,0,7,1,0
/Users/kaiohs/Downloads/codes/lab02-experimentacao-software/data/repos/javaparser__javaparser/javaparser-core-testing/src/test/java/com/github/javaparser/printer/lexicalpreservation/IndentationCalculatorTest.java,com.github.javaparser.printer.lexicalpreservation.IndentationCalculatorTest$RemoveExcessIndentationTests,innerclass,5,5,0,5,5,1,0,6,10,0.0,0.0,0.0,5,0,0,0,0,5,5,0,0,0,0,0,0,0,0,0,0,0,0,47,0,0,0,0,0,8,19,11,0,11,0,0,0,0,36,0,0
/Users/kaiohs/Downloads/codes/lab02-experimentacao-software/data/repos/javaparser__javaparser/javaparser-symbol-solver-testing/src/test/test_sourcecode/javaparser_src/generated/com/github/javaparser/ASTParserConstants.java,com.github.javaparser.ASTParserConstants,interface,0,2,2,0,0,1,0,0,0,NaN,-1.0,-1.0,0,0,0,0,0,0,0,0,0,0,127,0,0,0,0,127,0,0,0,129,0,0,0,0,0,133,126,127,0,127,0,0,0,0,45,1,0
/Users/kaiohs/Downloads/codes/lab02-experimentacao-software/data/repos/javaparser__javaparser/javaparser-symbol-solver-testing/src/test/java/com/github/javaparser/symbolsolver/Issue4864Test.java,com.github.javaparser.symbolsolver.Issue4864Test,class,7,7,0,7,5,1,0,5,0,0.0,0.0,0.0,5,0,0,0,0,5,5,0,0,0,1,0,0,1,0,0,1,0,0,38,0,0,0,0,0,15,1,13,0,13,0,0,0,0,25,1,0
/Users/kaiohs/Downloads/codes/lab02-experimentacao-software/data/repos/javaparser__javaparser/javaparser-symbol-solver-core/src/main/java/com/github/javaparser/symbolsolver/javaparsermodel/declarators/VariableSymbolDeclarator.java,com.github.javaparser.symbolsolver.javaparsermodel.declarators.VariableSymbolDeclarator,class,6,13,1,12,3,2,0,8,1,0.0,0.0,0.0,2,0,2,0,0,0,2,0,0,0,0,0,0,0,0,0,0,0,1,16,1,0,0,0,0,0,0,2,0,4,2,0,0,2,20,1,0
/Users/kaiohs/Downloads/codes/lab02-experimentacao-software/data/repos/javaparser__javaparser/javaparser-symbol-solver-testing/src/test/java/com/github/javaparser/symbolsolver/resolution/logic/FunctionalInterfaceLogicTest.java,com.github.javaparser.symbolsolver.resolution.logic.FunctionalInterfaceLogicTest,class,12,12,0,12,14,2,0,9,0,0.0,0.0,0.0,14,0,0,0,0,14,14,0,0,0,1,0,0,1,0,0,0,0,0,116,0,0,0,0,0,66,0,70,13,67,0,0,0,0,126,0,0
/Users/kaiohs/Downloads/codes/lab02-experimentacao-software/data/repos/javaparser__javaparser/javaparser-symbol-solver-testing/src/test/java/com/github/javaparser/symbolsolver/model/typesystem/ReferenceTypeTest.java,com.github.javaparser.symbolsolver.model.typesystem.ReferenceTypeTest$2Foo,innerclass,1,1,0,1,0,1,0,0,0,NaN,-1.0,-1.0,0,0,0,0,0,0,0,0,0,0,1,0,0,0,0,1,0,0,0,3,0,0,0,0,0,0,0,0,0,1,0,0,0,0,1,0,0
/Users/kaiohs/Downloads/codes/lab02-experimentacao-software/data/repos/javaparser__javaparser/javaparser-core-testing/src/test/java/com/github/javaparser/ast/validator/Java14PreviewValidatorTest.java,com.github.javaparser.ast.validator.Java14PreviewValidatorTest$Record,innerclass,1,1,0,1,0,1,0,0,0,0.0,-1.0,-1.0,0,0,0,0,0,0,0,0,0,0,0,0,0,0,0,0,0,0,0,38,0,0,0,0,0,0,0,0,0,0,0,0,3,0,24,0,0
/Users/kaiohs/Downloads/codes/lab02-experimentacao-software/data/repos/javaparser__javaparser/javaparser-core/src/main/java/com/github/javaparser/UnicodeEscapeProcessingProvider.java,com.github.javaparser.UnicodeEscapeProcessingProvider,class,6,9,3,6,49,1,0,18,111,0.8552632,0.0,0.0,19,1,7,12,0,0,7,0,0,0,12,4,0,12,0,0,7,0,6,363,30,4,4,0,0,0,26,45,14,33,3,0,3,0,181,1,0
/Users/kaiohs/Downloads/codes/lab02-experimentacao-software/data/repos/javaparser__javaparser/javaparser-core-testing/src/test/resources/com/github/javaparser/Sample.java,com.github.javaparser.Sample,class,0,0,0,0,2,1,0,0,1,0.5,0.0,0.0,2,0,2,0,0,0,2,0,0,0,1,0,0,1,0,0,0,0,0,8,0,0,0,0,0,0,0,1,0,1,0,0,0,0,3,1,0
/Users/kaiohs/Downloads/codes/lab02-experimentacao-software/data/repos/javaparser__javaparser/javaparser-core/src/main/java/com/github/javaparser/resolution/declarations/ResolvedMethodLikeDeclaration.java,com.github.javaparser.resolution.declarations.ResolvedMethodLikeDeclaration,interface,10,34,24,10,25,1,0,23,105,0.0,0.0,0.0,15,0,0,0,0,15,15,0,0,0,0,0,0,0,0,0,0,0,3,72,14,4,5,0,0,6,10,6,4,6,2,0,0,0,109,1,0
/Users/kaiohs/Downloads/codes/lab02-experimentacao-software/data/repos/javaparser__javaparser/javaparser-symbol-solver-core/src/main/java/com/github/javaparser/symbolsolver/reflectionmodel/comparators/ClassComparator.java,com.github.javaparser.symbolsolver.reflectionmodel.comparators.ClassComparator,class,0,2,2,0,6,1,0,7,0,0.0,NaN,NaN,1,0,1,0,0,0,1,0,0,0,0,0,0,0,0,0,0,0,4,16,6,0,5,0,0,0,6,5,0,1,1,0,0,0,8,1,0
/Users/kaiohs/Downloads/codes/lab02-experimentacao-software/data/repos/javaparser__javaparser/javaparser-core/src/main/java/com/github/javaparser/utils/SourceRoot.java,com.github.javaparser.utils.SourceRoot$Anonymous2,anonymous,1,1,0,1,5,1,0,5,1,0.0,0.0,0.0,2,0,2,0,0,0,2,0,0,0,0,0,0,0,0,0,0,0,0,11,3,0,0,0,0,1,0,0,0,0,1,0,0,0,30,-1,0
/Users/kaiohs/Downloads/codes/lab02-experimentacao-software/data/repos/javaparser__javaparser/javaparser-symbol-solver-testing/src/test/java/com/github/javaparser/symbolsolver/Issue343Test.java,com.github.javaparser.symbolsolver.Issue343Test,class,16,17,1,16,8,3,0,10,0,0.3125,0.0,0.0,8,0,0,1,0,7,7,0,0,0,2,0,0,2,0,0,0,0,0,29,1,0,0,0,0,7,1,2,0,2,0,0,0,3,63,0,0
/Users/kaiohs/Downloads/codes/lab02-experimentacao-software/data/repos/javaparser__javaparser/javaparser-core-testing/src/test/java/com/github/javaparser/ProvidersTest.java,com.github.javaparser.ProvidersTest,class,5,5,0,5,3,1,0,7,3,0.0,0.0,0.0,3,0,0,0,0,3,3,0,0,0,0,0,0,0,0,0,0,0,1,23,0,0,0,0,0,4,0,9,0,9,0,0,0,0,25,0,0
/Users/kaiohs/Downloads/codes/lab02-experimentacao-software/data/repos/javaparser__javaparser/javaparser-symbol-solver-testing/src/test/java/com/github/javaparser/resolution/declarations/ResolvedTypePatternDeclarationTest.java,com.github.javaparser.resolution.declarations.ResolvedTypePatternDeclarationTest,interface,4,6,2,4,3,1,0,4,3,0.0,0.0,0.0,3,0,0,0,0,3,3,0,0,0,0,0,0,0,0,0,0,0,0,9,0,0,0,0,0,0,0,0,0,0,0,0,0,0,17,1,0
/Users/kaiohs/Downloads/codes/lab02-experimentacao-software/data/repos/javaparser__javaparser/javaparser-core-testing/src/test/java/com/github/javaparser/remove/NodeRemovalTest.java,com.github.javaparser.remove.NodeRemovalTest,class,14,15,1,14,11,2,0,30,9,0.5,0.0,0.0,6,0,1,0,0,5,6,0,0,0,1,0,0,1,0,0,1,0,1,49,1,0,3,0,0,21,12,16,3,16,1,0,0,1,51,0,1
/Users/kaiohs/Downloads/codes/lab02-experimentacao-software/data/repos/javaparser__javaparser/javaparser-core/src/main/java/com/github/javaparser/printer/lexicalpreservation/TokenOwnerDetector.java,com.github.javaparser.printer.lexicalpreservation.TokenOwnerDetector$DetectionStrategy,interface,1,1,0,1,1,1,0,0,0,0.0,NaN,NaN,1,0,0,0,0,1,1,0,0,0,0,0,0,0,0,0,0,0,0,3,0,0,0,0,0,0,0,0,0,0,0,0,0,0,27,0,0
/Users/kaiohs/Downloads/codes/lab02-experimentacao-software/data/repos/javaparser__javaparser/javaparser-symbol-solver-testing/src/test/java/com/github/javaparser/symbolsolver/Issue1456Test.java,com.github.javaparser.symbolsolver.Issue1456Test,class,9,9,0,9,1,2,0,13,0,0.0,NaN,NaN,1,0,0,0,0,1,1,0,0,0,0,0,0,0,0,0,0,0,0,14,0,0,0,0,0,3,1,7,1,7,0,0,0,0,41,0,0
/Users/kaiohs/Downloads/codes/lab02-experimentacao-software/data/repos/javaparser__javaparser/javaparser-core-testing/src/test/java/com/github/javaparser/ast/body/RecordDeclarationTest.java,com.github.javaparser.ast.body.RecordDeclarationTest$LanguageLevels,innerclass,8,8,0,8,4,1,0,3,6,0.0,0.0,0.0,4,0,0,0,0,4,4,0,0,0,0,0,0,0,0,0,0,0,2,24,0,0,0,0,0,20,0,8,0,8,1,0,0,2,23,0,0
/Users/kaiohs/Downloads/codes/lab02-experimentacao-software/data/repos/javaparser__javaparser/javaparser-symbol-solver-testing/src/test/test_sourcecode/javaparser_src/proper_source/com/github/javaparser/ast/TreeVisitor.java,com.github.javaparser.ast.TreeVisitor,class,2,3,1,2,3,1,0,3,1,0.0,0.0,0.0,2,0,2,0,0,0,2,1,0,0,0,0,0,0,0,0,0,0,0,9,0,1,0,0,0,0,0,0,0,0,1,0,0,0,9,1025,0
/Users/kaiohs/Downloads/codes/lab02-experimentacao-software/data/repos/javaparser__javaparser/javaparser-symbol-solver-testing/src/test/java/com/github/javaparser/symbolsolver/javaparsermodel/declarations/JavaParserSymbolDeclarationTest.java,com.github.javaparser.symbolsolver.javaparsermodel.declarations.JavaParserSymbolDeclarationTest,class,7,7,0,7,4,1,0,15,0,0.0,0.0,0.0,4,0,0,0,0,4,4,0,0,0,1,0,0,1,0,0,1,0,0,27,0,0,0,0,0,3,2,9,0,9,0,0,0,0,54,0,0
/Users/kaiohs/Downloads/codes/lab02-experimentacao-software/data/repos/javaparser__javaparser/javaparser-core/src/main/java/com/github/javaparser/ast/Node.java,com.github.javaparser.ast.Node$TreeTraversal,enum,0,0,0,0,0,1,0,0,0,0.0,-1.0,-1.0,0,0,0,0,0,0,0,0,0,0,0,0,0,0,0,0,0,0,0,1,0,0,0,0,0,0,0,0,0,0,0,0,0,0,13,1,0
/Users/kaiohs/Downloads/codes/lab02-experimentacao-software/data/repos/javaparser__javaparser/javaparser-symbol-solver-testing/src/test/test_sourcecode/javaparser_new_src/javaparser-core/com/github/javaparser/ast/stmt/Statement.java,Statement,class,1,59,58,1,2,1,20,0,1,0.0,0.0,0.0,2,0,2,0,0,0,2,0,0,0,0,0,0,0,0,0,0,0,0,7,0,0,0,0,0,0,0,0,0,0,0,0,0,0,7,1025,0
/Users/kaiohs/Downloads/codes/lab02-experimentacao-software/data/repos/javaparser__javaparser/javaparser-symbol-solver-testing/src/test/java/com/github/javaparser/symbolsolver/javaparsermodel/declarations/JavaParserParameterDeclarationTest.java,com.github.javaparser.symbolsolver.javaparsermodel.declarations.JavaParserParameterDeclarationTest,class,8,8,0,8,3,1,0,6,3,0.0,0.0,0.0,3,0,3,0,0,0,3,0,0,0,0,0,0,0,0,0,0,0,1,13,3,0,0,0,0,2,0,2,0,2,0,0,0,0,29,0,0
/Users/kaiohs/Downloads/codes/lab02-experimentacao-software/data/repos/javaparser__javaparser/javaparser-symbol-solver-core/src/main/java/com/github/javaparser/symbolsolver/javaparsermodel/contexts/EnclosedExprContext.java,com.github.javaparser.symbolsolver.javaparsermodel.contexts.EnclosedExprContext,class,3,4,1,3,1,3,0,0,0,0.0,NaN,NaN,1,0,1,0,0,0,1,0,0,0,0,0,0,0,0,0,0,0,0,5,0,0,0,0,0,0,0,0,0,0,0,0,0,0,6,1,0
/Users/kaiohs/Downloads/codes/lab02-experimentacao-software/data/repos/javaparser__javaparser/javaparser-core/src/main/java/com/github/javaparser/utils/SourceRoot.java,com.github.javaparser.utils.SourceRoot$Anonymous1,anonymous,1,1,0,1,5,1,0,8,1,0.0,0.0,0.0,2,0,2,0,0,0,2,0,0,0,0,0,0,0,0,0,0,0,0,12,2,0,0,0,0,1,0,1,0,1,1,0,0,0,32,-1,0
/Users/kaiohs/Downloads/codes/lab02-experimentacao-software/data/repos/javaparser__javaparser/javaparser-symbol-solver-testing/src/test/java/com/github/javaparser/symbolsolver/resolution/MethodsResolutionTest.java,com.github.javaparser.symbolsolver.resolution.MethodsResolutionTest,class,29,29,0,29,32,3,0,46,378,0.0,0.0,0.0,28,0,0,0,0,28,28,0,0,0,0,0,0,0,0,0,0,0,0,425,0,0,0,4,5,147,52,191,3,187,1,0,0,0,135,0,0
/Users/kaiohs/Downloads/codes/lab02-experimentacao-software/data/repos/javaparser__javaparser/javaparser-symbol-solver-core/src/main/java/com/github/javaparser/symbolsolver/javaparsermodel/contexts/CompilationUnitContext.java,com.github.javaparser.symbolsolver.javaparsermodel.contexts.CompilationUnitContext,class,21,37,2,35,88,2,0,73,103,0.9,0.0,0.0,15,0,5,9,1,0,6,0,0,0,2,2,0,2,0,0,1,0,18,238,33,8,17,0,4,17,14,57,14,54,5,0,0,5,89,1,0
/Users/kaiohs/Downloads/codes/lab02-experimentacao-software/data/repos/javaparser__javaparser/javaparser-core-testing/src/test/java/com/github/javaparser/printer/lexicalpreservation/Issue2620Test.java,com.github.javaparser.printer.lexicalpreservation.Issue2620Test,class,11,12,1,11,6,2,0,17,15,0.0,0.0,0.0,6,0,4,2,0,0,4,0,0,0,0,0,0,0,0,0,0,0,1,32,2,0,0,0,0,25,0,6,4,6,0,0,0,0,53,1,0
/Users/kaiohs/Downloads/codes/lab02-experimentacao-software/data/repos/javaparser__javaparser/javaparser-symbol-solver-testing/src/test/test_sourcecode/javasymbolsolver_0_6_0/src/java-symbol-solver-model/com/github/javaparser/symbolsolver/model/declarations/InterfaceDeclaration.java,com.github.javaparser.symbolsolver.model.declarations.InterfaceDeclaration,interface,5,11,6,5,4,1,0,4,3,0.0,0.0,0.0,3,0,0,0,0,3,3,0,0,0,0,0,0,0,0,0,0,0,0,14,2,1,0,0,0,0,0,1,0,1,1,0,0,0,27,1,0
/Users/kaiohs/Downloads/codes/lab02-experimentacao-software/data/repos/javaparser__javaparser/javaparser-core/src/main/java/com/github/javaparser/metamodel/ReturnStmtMetaModel.java,com.github.javaparser.metamodel.ReturnStmtMetaModel,class,5,7,2,5,1,4,0,0,0,0.0,NaN,NaN,1,0,0,0,0,1,1,0,0,0,1,0,1,0,0,0,0,0,0,6,0,0,0,0,0,4,0,0,0,1,0,0,0,0,37,1,0
/Users/kaiohs/Downloads/codes/lab02-experimentacao-software/data/repos/javaparser__javaparser/javaparser-symbol-solver-testing/src/test/test_sourcecode/javasymbolsolver_0_6_0/src/java-symbol-solver-model/com/github/javaparser/symbolsolver/model/typesystem/parametrization/TypeParametersMap.java,com.github.javaparser.symbolsolver.model.typesystem.parametrization.TypeParametersMap$Builder,innerclass,4,4,0,4,4,1,0,5,0,0.0,0.0,0.0,4,0,3,1,0,0,3,0,0,0,2,0,0,2,0,0,0,0,0,23,2,0,0,0,0,0,0,5,0,3,0,0,0,0,14,9,0
/Users/kaiohs/Downloads/codes/lab02-experimentacao-software/data/repos/javaparser__javaparser/javaparser-core/src/main/java/com/github/javaparser/printer/configuration/PrinterConfiguration.java,com.github.javaparser.printer.configuration.PrinterConfiguration,interface,2,10,8,2,5,1,0,0,10,0.0,0.0,0.0,5,0,0,0,0,5,5,0,0,0,0,0,0,0,0,0,0,0,0,7,0,0,0,0,0,0,0,0,0,0,0,0,0,0,26,1,0
/Users/kaiohs/Downloads/codes/lab02-experimentacao-software/data/repos/javaparser__javaparser/javaparser-core-testing/src/test/java/com/github/javaparser/printer/lexicalpreservation/Issue2806Test.java,com.github.javaparser.printer.lexicalpreservation.Issue2806Test,class,5,5,0,5,1,2,0,5,0,1.0,NaN,NaN,1,0,0,0,0,1,1,0,0,0,1,0,0,1,0,0,0,0,0,11,0,0,0,0,0,10,0,4,2,5,0,0,0,0,27,0,0
/Users/kaiohs/Downloads/codes/lab02-experimentacao-software/data/repos/javaparser__javaparser/javaparser-core/src/main/java/com/github/javaparser/ast/stmt/LocalClassDeclarationStmt.java,com.github.javaparser.ast.stmt.LocalClassDeclarationStmt,class,13,34,21,13,18,3,0,12,71,0.64285713,0.0,0.0,14,0,14,0,0,0,14,0,0,0,1,0,0,1,0,0,0,0,1,62,12,0,4,0,0,12,0,1,0,1,1,0,0,0,70,1,0
/Users/kaiohs/Downloads/codes/lab02-experimentacao-software/data/repos/javaparser__javaparser/javaparser-core-testing/src/test/java/com/github/javaparser/printer/lexicalpreservation/Issue3387Test.java,com.github.javaparser.printer.lexicalpreservation.Issue3387Test,class,5,5,0,5,1,2,0,10,0,0.0,NaN,NaN,1,0,1,0,0,0,1,0,0,0,0,0,0,0,0,0,0,0,1,11,0,0,0,0,0,20,0,3,1,3,0,0,0,0,27,1,0
/Users/kaiohs/Downloads/codes/lab02-experimentacao-software/data/repos/javaparser__javaparser/javaparser-core/src/main/java/com/github/javaparser/metamodel/InitializerDeclarationMetaModel.java,com.github.javaparser.metamodel.InitializerDeclarationMetaModel,class,5,7,2,5,1,4,0,0,0,0.0,NaN,NaN,1,0,0,0,0,1,1,0,0,0,2,0,2,0,0,0,0,0,0,7,0,0,0,0,0,4,0,0,0,2,0,0,0,0,39,1,0
/Users/kaiohs/Downloads/codes/lab02-experimentacao-software/data/repos/javaparser__javaparser/javaparser-symbol-solver-testing/src/test/test_sourcecode/javaparser_new_src/javaparser-core/com/github/javaparser/ast/body/EmptyTypeDeclaration.java,com.github.javaparser.ast.body.EmptyTypeDeclaration,class,8,20,10,10,4,4,0,3,6,0.0,0.0,0.0,4,0,4,0,0,0,4,0,0,0,0,0,0,0,0,0,0,0,2,14,1,0,0,0,0,0,0,0,0,0,0,0,0,0,12,17,0
/Users/kaiohs/Downloads/codes/lab02-experimentacao-software/data/repos/javaparser__javaparser/javaparser-core-generators/src/main/java/com/github/javaparser/generator/core/node/ReplaceMethodGenerator.java,com.github.javaparser.generator.core.node.ReplaceMethodGenerator,class,12,13,1,12,11,3,0,21,6,0.0,0.0,0.0,4,0,1,2,1,0,2,0,0,0,0,0,0,0,0,0,0,0,3,48,2,1,1,0,0,15,2,6,2,4,2,0,0,0,50,1,0
/Users/kaiohs/Downloads/codes/lab02-experimentacao-software/data/repos/javaparser__javaparser/javaparser-core/src/main/java/com/github/javaparser/javadoc/description/JavadocSnippet.java,com.github.javaparser.javadoc.description.JavadocSnippet,class,2,4,2,2,9,1,0,3,0,0.0,0.0,0.0,5,0,5,0,0,0,5,0,0,0,1,0,0,1,0,0,0,0,0,24,6,0,4,0,0,2,0,2,2,2,1,0,0,0,46,1,0
/Users/kaiohs/Downloads/codes/lab02-experimentacao-software/data/repos/javaparser__javaparser/javaparser-symbol-solver-core/src/main/java/com/github/javaparser/symbolsolver/javassistmodel/JavassistClassDeclaration.java,com.github.javaparser.symbolsolver.javassistmodel.JavassistClassDeclaration,class,30,69,16,53,62,3,0,64,269,0.6837607,0.0,0.0,39,0,35,3,1,0,36,0,0,0,3,0,0,3,0,0,0,0,6,179,49,3,6,0,0,4,2,15,5,17,2,0,0,3,113,1,0
/Users/kaiohs/Downloads/codes/lab02-experimentacao-software/data/repos/javaparser__javaparser/javaparser-core/src/main/java/com/github/javaparser/printer/lexicalpreservation/TextElementMatchers.java,com.github.javaparser.printer.lexicalpreservation.TextElementMatchers,class,4,5,1,4,2,1,0,1,1,0.0,0.0,0.0,2,2,0,0,0,2,2,0,0,0,0,0,0,0,0,0,0,0,0,16,2,0,0,0,0,0,0,0,0,1,0,1,0,1,11,0,0
/Users/kaiohs/Downloads/codes/lab02-experimentacao-software/data/repos/javaparser__javaparser/javaparser-symbol-solver-testing/src/test/java/com/github/javaparser/symbolsolver/Issue2062Test.java,com.github.javaparser.symbolsolver.Issue2062Test,class,7,7,0,7,1,2,0,9,0,0.0,NaN,NaN,1,0,1,0,0,0,1,0,0,0,0,0,0,0,0,0,0,0,0,12,0,0,0,0,0,13,2,4,1,4,0,0,0,0,26,1,0
/Users/kaiohs/Downloads/codes/lab02-experimentacao-software/data/repos/javaparser__javaparser/javaparser-core-testing/src/test/java/com/github/javaparser/ast/expr/MethodReferenceExprTest.java,com.github.javaparser.ast.expr.MethodReferenceExprTest,class,4,4,0,4,22,1,0,7,231,0.0,0.0,0.0,22,0,0,0,0,22,22,0,0,0,0,0,0,0,0,0,0,0,20,75,0,0,0,0,0,22,0,4,0,4,0,0,0,0,60,0,0
/Users/kaiohs/Downloads/codes/lab02-experimentacao-software/data/repos/javaparser__javaparser/javaparser-core/src/main/java/com/github/javaparser/printer/lexicalpreservation/Difference.java,com.github.javaparser.printer.lexicalpreservation.Difference$EnforcingIndentationContext,innerclass,0,0,0,0,2,1,0,0,0,0.25,0.0,0.0,2,0,2,0,0,0,2,0,0,0,2,0,0,0,0,2,0,0,0,11,0,0,0,0,0,0,1,2,0,2,0,0,0,0,6,2,0
/Users/kaiohs/Downloads/codes/lab02-experimentacao-software/data/repos/javaparser__javaparser/javaparser-core-testing/src/test/java/com/github/javaparser/printer/lexicalpreservation/AnnotationSpaceTest.java,com.github.javaparser.printer.lexicalpreservation.AnnotationSpaceTest,class,5,5,0,5,1,2,0,7,0,0.0,NaN,NaN,1,0,1,0,0,0,1,0,0,0,0,0,0,0,0,0,0,0,0,9,0,0,0,0,0,5,0,2,1,2,0,0,0,0,30,1,0
/Users/kaiohs/Downloads/codes/lab02-experimentacao-software/data/repos/javaparser__javaparser/javaparser-core/src/main/java/com/github/javaparser/ParserConfiguration.java,com.github.javaparser.ParserConfiguration$UnicodeEscapeProcessor,innerclass,6,6,0,6,5,2,0,9,0,0.0,0.0,0.0,2,0,2,0,0,0,2,0,0,0,1,0,0,1,0,0,0,0,0,21,2,0,0,0,0,0,0,2,0,5,3,0,0,3,24,2,0
/Users/kaiohs/Downloads/codes/lab02-experimentacao-software/data/repos/javaparser__javaparser/javaparser-symbol-solver-testing/src/test/java/com/github/javaparser/symbolsolver/Issue232Test.java,com.github.javaparser.symbolsolver.Issue232Test,class,9,9,0,9,1,3,0,5,0,0.0,NaN,NaN,1,0,0,0,0,1,1,0,0,0,0,0,0,0,0,0,0,0,0,10,0,0,0,0,0,3,0,6,0,6,0,0,0,0,28,0,0
/Users/kaiohs/Downloads/codes/lab02-experimentacao-software/data/repos/javaparser__javaparser/javaparser-symbol-solver-testing/src/test/java/com/github/javaparser/symbolsolver/reflectionmodel/ReflectionClassDeclarationTest.java,com.github.javaparser.symbolsolver.reflectionmodel.ReflectionClassDeclarationTest$3Foo,innerclass,2,2,0,2,0,2,0,0,0,NaN,-1.0,-1.0,0,0,0,0,0,0,0,0,0,0,1,0,0,0,0,1,0,0,0,3,0,0,0,0,0,0,0,0,0,1,0,0,0,0,3,0,0
/Users/kaiohs/Downloads/codes/lab02-experimentacao-software/data/repos/javaparser__javaparser/javaparser-core/src/main/java/com/github/javaparser/ParserConfiguration.java,com.github.javaparser.ParserConfiguration$LineEndingProcessor,innerclass,6,6,0,6,4,2,0,5,0,0.0,0.0,0.0,2,0,2,0,0,0,2,0,0,0,1,0,0,1,0,0,0,0,0,19,2,0,0,0,0,0,0,2,0,3,2,0,0,1,20,2,0
/Users/kaiohs/Downloads/codes/lab02-experimentacao-software/data/repos/javaparser__javaparser/javaparser-core/src/main/java/com/github/javaparser/metamodel/TypeMetaModel.java,com.github.javaparser.metamodel.TypeMetaModel,class,5,15,10,5,2,3,8,0,1,0.5,0.0,0.0,2,0,0,0,1,1,2,0,0,0,1,0,1,0,0,0,0,0,0,9,0,0,0,0,0,5,0,0,0,1,0,0,0,0,36,1,0
/Users/kaiohs/Downloads/codes/lab02-experimentacao-software/data/repos/javaparser__javaparser/javaparser-symbol-solver-testing/src/test/resources/javassist_symbols/main_jar/src/com/github/javaparser/javasymbolsolver/javassist_symbols/main_jar/InterfaceUserExcludedJar.java,com.github.javaparser.javasymbolsolver.javassist_symbols.main_jar.InterfaceUserExcludedJar,class,1,1,0,1,0,1,0,0,0,NaN,-1.0,-1.0,0,0,0,0,0,0,0,0,0,0,1,1,1,0,0,0,1,0,0,3,0,0,0,0,0,1,0,1,0,1,0,0,0,0,13,1,0
/Users/kaiohs/Downloads/codes/lab02-experimentacao-software/data/repos/javaparser__javaparser/javaparser-core/src/main/java/com/github/javaparser/ast/nodeTypes/NodeWithType.java,com.github.javaparser.ast.nodeTypes.NodeWithType,interface,5,20,13,7,6,1,0,7,15,0.0,0.0,0.0,6,0,0,0,0,6,6,0,0,0,0,0,0,0,0,0,0,0,2,16,3,0,0,0,0,2,0,0,0,0,0,0,0,0,43,1,0
/Users/kaiohs/Downloads/codes/lab02-experimentacao-software/data/repos/javaparser__javaparser/javaparser-core/src/main/java/com/github/javaparser/javadoc/description/JavadocDescription.java,com.github.javaparser.javadoc.description.JavadocDescription,class,5,9,4,5,19,1,0,18,0,0.27272728,0.0,0.0,11,2,10,1,0,0,10,0,0,0,1,0,0,1,0,0,0,0,2,63,13,1,7,0,1,4,5,9,4,9,2,0,0,1,51,1,0
/Users/kaiohs/Downloads/codes/lab02-experimentacao-software/data/repos/javaparser__javaparser/javaparser-core-testing-bdd/src/test/resources/com/github/javaparser/samples/JavaConcepts.java,japa.bdd.samples.JavaConcepts$1Y,innerclass,1,1,0,1,3,2,0,1,3,0.0,0.0,0.0,3,0,3,0,0,0,3,0,0,0,0,0,0,0,0,0,0,0,0,14,0,0,0,0,0,0,1,2,0,0,0,0,0,0,4,16,0
/Users/kaiohs/Downloads/codes/lab02-experimentacao-software/data/repos/javaparser__javaparser/javaparser-symbol-solver-testing/src/test/test_sourcecode/javaparser_new_src/javaparser-core/com/github/javaparser/ast/expr/QualifiedNameExpr.java,com.github.javaparser.ast.expr.QualifiedNameExpr,class,7,20,12,8,7,4,0,4,19,0.71428573,0.0,0.0,7,0,7,0,0,0,7,0,0,0,1,0,0,1,0,0,0,0,0,27,3,0,0,0,0,0,0,1,0,1,0,0,0,0,21,17,0
/Users/kaiohs/Downloads/codes/lab02-experimentacao-software/data/repos/javaparser__javaparser/javaparser-symbol-solver-testing/src/test/java/com/github/javaparser/symbolsolver/resolution/PatternVariableIntroductionTest.java,com.github.javaparser.symbolsolver.resolution.PatternVariableIntroductionTest$ForStatements,innerclass,6,6,0,6,8,1,0,8,28,0.0,0.0,0.0,8,0,8,0,0,0,8,0,0,0,0,0,0,0,0,0,0,0,0,42,0,0,0,0,0,61,0,16,8,16,0,0,0,4,77,0,0
/Users/kaiohs/Downloads/codes/lab02-experimentacao-software/data/repos/javaparser__javaparser/javaparser-core-generators/src/main/java/com/github/javaparser/generator/core/utils/CodeUtils.java,com.github.javaparser.generator.core.utils.CodeUtils,class,1,2,1,1,3,1,0,3,1,0.0,NaN,NaN,2,1,1,1,0,0,1,0,0,0,0,0,0,0,0,0,0,0,1,9,2,0,0,0,0,1,0,1,0,1,1,0,0,0,33,17,0
/Users/kaiohs/Downloads/codes/lab02-experimentacao-software/data/repos/javaparser__javaparser/javaparser-symbol-solver-core/src/main/java/com/github/javaparser/symbolsolver/javassistmodel/JavassistRecordDeclaration.java,com.github.javaparser.symbolsolver.javassistmodel.JavassistRecordDeclaration,class,31,34,3,31,60,2,0,68,311,0.7008547,0.0,0.0,39,0,36,3,0,0,36,0,2,0,3,0,0,3,0,0,0,0,6,194,49,4,7,0,0,5,2,17,5,21,2,0,0,5,116,1,0
/Users/kaiohs/Downloads/codes/lab02-experimentacao-software/data/repos/javaparser__javaparser/javaparser-symbol-solver-core/src/main/java/com/github/javaparser/symbolsolver/javaparsermodel/declarators/FieldSymbolDeclarator.java,com.github.javaparser.symbolsolver.javaparsermodel.declarators.FieldSymbolDeclarator,class,5,9,1,8,3,2,0,3,1,0.0,0.0,0.0,2,0,2,0,0,0,2,0,0,0,0,0,0,0,0,0,0,0,1,12,1,1,0,0,0,0,0,1,0,1,1,0,0,0,14,1,0
/Users/kaiohs/Downloads/codes/lab02-experimentacao-software/data/repos/javaparser__javaparser/javaparser-core-testing-bdd/src/test/resources/com/github/javaparser/samples/JavaConcepts.java,japa.bdd.samples.JavaConcepts$1X,innerclass,0,0,0,0,2,1,0,0,1,1.0,0.0,0.0,2,0,2,0,0,0,2,0,0,0,1,0,0,0,0,1,0,0,0,7,0,0,0,0,0,0,1,1,0,1,0,0,0,0,3,1024,0
/Users/kaiohs/Downloads/codes/lab02-experimentacao-software/data/repos/javaparser__javaparser/javaparser-core/src/main/java/com/github/javaparser/ast/validator/postprocessors/Java20PostProcessor.java,com.github.javaparser.ast.validator.postprocessors.Java20PostProcessor,class,1,2,1,1,0,12,1,0,0,0.0,-1.0,-1.0,0,0,0,0,0,0,0,0,0,0,0,0,0,0,0,0,0,0,0,2,0,0,0,0,0,0,0,0,0,0,0,0,0,0,15,1,0
/Users/kaiohs/Downloads/codes/lab02-experimentacao-software/data/repos/javaparser__javaparser/javaparser-core/src/main/javacc-support/com/github/javaparser/GeneratedJavaParserTokenManagerBase.java,com.github.javaparser.GeneratedJavaParserTokenManagerBase,class,10,11,1,10,16,1,0,15,6,0.0,0.0,0.0,4,4,0,1,0,3,3,0,0,0,0,0,0,0,0,0,0,0,7,50,6,2,4,0,0,4,5,5,2,5,4,0,0,0,90,1024,0
/Users/kaiohs/Downloads/codes/lab02-experimentacao-software/data/repos/javaparser__javaparser/javaparser-core/src/main/java/com/github/javaparser/ast/body/Parameter.java,com.github.javaparser.ast.body.Parameter,class,24,106,71,35,55,2,0,37,167,0.75,0.0,0.0,26,0,26,0,0,0,26,0,0,0,6,0,0,6,0,0,0,0,0,194,36,6,21,0,0,19,6,13,0,13,2,0,0,0,147,1,0
/Users/kaiohs/Downloads/codes/lab02-experimentacao-software/data/repos/javaparser__javaparser/javaparser-core-generators/src/main/java/com/github/javaparser/generator/core/visitor/GenericVisitorAdapterGenerator.java,com.github.javaparser.generator.core.visitor.GenericVisitorAdapterGenerator,class,7,7,0,7,5,3,0,14,1,0.0,0.0,0.0,2,0,1,0,1,0,2,0,0,0,0,0,0,0,0,0,0,0,2,24,0,1,0,0,0,13,0,3,2,4,3,0,0,1,33,1,0
/Users/kaiohs/Downloads/codes/lab02-experimentacao-software/data/repos/javaparser__javaparser/javaparser-symbol-solver-testing/src/test/resources/TypeResolutionWithSameNameTest/05_asterisk_import_precedes_java_lang/another/String.java,another.String,class,0,0,0,0,0,1,0,0,0,0.0,-1.0,-1.0,0,0,0,0,0,0,0,0,0,0,0,0,0,0,0,0,0,0,0,2,0,0,0,0,0,0,0,0,0,0,0,0,0,0,0,0,0
/Users/kaiohs/Downloads/codes/lab02-experimentacao-software/data/repos/javaparser__javaparser/javaparser-core/src/main/java/com/github/javaparser/ast/stmt/CatchClause.java,com.github.javaparser.ast.stmt.CatchClause,class,19,50,28,22,20,2,0,12,34,0.57692313,0.0,0.0,13,0,13,0,0,0,13,0,0,0,2,0,0,2,0,0,0,0,0,73,13,0,7,0,0,10,0,2,0,2,1,0,0,0,87,1,0
/Users/kaiohs/Downloads/codes/lab02-experimentacao-software/data/repos/javaparser__javaparser/javaparser-core-testing/src/test/java/com/github/javaparser/ast/NodeListTest.java,com.github.javaparser.ast.NodeListTest$IteratorTest$SingleItemIteratorTest,innerclass,5,5,0,5,6,1,0,9,0,0.41666666,0.0,0.0,6,0,0,0,0,6,6,0,0,0,2,0,0,0,0,2,0,0,0,39,0,0,0,0,0,1,0,4,0,4,1,0,0,2,24,0,0
/Users/kaiohs/Downloads/codes/lab02-experimentacao-software/data/repos/javaparser__javaparser/javaparser-core-testing/src/test/java/com/github/javaparser/ast/NodeListTest.java,com.github.javaparser.ast.NodeListTest$IteratorTest$AddRemoveListIteratorTest,innerclass,5,5,0,5,2,1,0,7,0,0.25,0.0,0.0,2,0,0,0,0,2,2,0,0,0,2,0,0,0,0,2,0,0,0,15,0,0,0,0,0,1,0,2,0,2,0,0,0,0,14,0,0
/Users/kaiohs/Downloads/codes/lab02-experimentacao-software/data/repos/javaparser__javaparser/javaparser-core-testing/src/test/test_sourcecode/com/github/javaparser/printer/JavaConceptsEnums.java,japa.bdd.samples.JavaConceptsEnums$Teste,enum,0,0,0,0,0,1,0,0,0,0.0,-1.0,-1.0,0,0,0,0,0,0,0,0,0,0,0,0,0,0,0,0,0,0,0,1,0,0,0,0,0,0,0,0,0,0,0,0,0,0,3,1,0
/Users/kaiohs/Downloads/codes/lab02-experimentacao-software/data/repos/javaparser__javaparser/javaparser-symbol-solver-testing/src/test/java/com/github/javaparser/symbolsolver/resolution/typeinference/bounds/SameAsBoundTest.java,com.github.javaparser.symbolsolver.resolution.typeinference.bounds.SameAsBoundTest,class,9,9,0,9,1,1,0,5,0,0.5,NaN,NaN,1,0,0,0,0,1,1,0,0,0,2,0,0,2,0,0,0,0,2,11,0,0,0,0,0,1,0,5,0,5,0,0,0,0,21,0,0
/Users/kaiohs/Downloads/codes/lab02-experimentacao-software/data/repos/javaparser__javaparser/javaparser-core-testing/src/test/java/com/github/javaparser/builders/NodeWithMembersBuildersTest.java,com.github.javaparser.builders.NodeWithMembersBuildersTest,class,11,11,0,11,16,1,0,58,10,0.65625,0.0,0.0,16,0,0,0,0,16,16,0,0,0,2,0,0,2,0,0,2,0,0,178,0,0,0,0,0,77,43,59,0,59,0,0,0,0,70,0,0
/Users/kaiohs/Downloads/codes/lab02-experimentacao-software/data/repos/javaparser__javaparser/javaparser-core/src/main/java/com/github/javaparser/metamodel/ComponentPatternExprMetaModel.java,com.github.javaparser.metamodel.ComponentPatternExprMetaModel,class,4,8,4,4,2,4,2,0,1,0.0,0.0,0.0,2,0,0,0,1,1,2,0,0,0,0,0,0,0,0,0,0,0,0,8,0,0,0,0,0,5,0,0,0,0,0,0,0,0,38,1,0
/Users/kaiohs/Downloads/codes/lab02-experimentacao-software/data/repos/javaparser__javaparser/javaparser-symbol-solver-testing/src/test/resources/javassist_symbols/main_jar/src/com/github/javaparser/javasymbolsolver/javassist_symbols/main_jar/ConcreteClass.java,com.github.javaparser.javasymbolsolver.javassist_symbols.main_jar.ConcreteClass,class,0,0,0,0,0,1,0,0,0,NaN,-1.0,-1.0,0,0,0,0,0,0,0,0,0,0,2,2,2,0,0,0,2,0,0,4,0,0,0,0,0,2,0,2,0,2,0,0,0,0,14,1,0
/Users/kaiohs/Downloads/codes/lab02-experimentacao-software/data/repos/javaparser__javaparser/javaparser-symbol-solver-core/src/main/java/com/github/javaparser/symbolsolver/javaparsermodel/contexts/TryWithResourceContext.java,com.github.javaparser.symbolsolver.javaparsermodel.contexts.TryWithResourceContext,class,18,28,1,27,21,3,0,27,10,0.0,0.0,0.0,5,0,5,0,0,0,5,0,0,0,0,0,0,0,0,0,0,0,11,57,10,6,2,0,4,0,2,4,0,5,4,0,0,1,43,1,0
/Users/kaiohs/Downloads/codes/lab02-experimentacao-software/data/repos/javaparser__javaparser/javaparser-core/src/main/java/com/github/javaparser/metamodel/AnnotationMemberDeclarationMetaModel.java,com.github.javaparser.metamodel.AnnotationMemberDeclarationMetaModel,class,5,7,2,5,1,4,0,0,0,0.0,NaN,NaN,1,0,0,0,0,1,1,0,0,0,4,0,4,0,0,0,0,0,0,9,0,0,0,0,0,4,0,0,0,4,0,0,0,0,42,1,0
/Users/kaiohs/Downloads/codes/lab02-experimentacao-software/data/repos/javaparser__javaparser/javaparser-symbol-solver-testing/src/test/resources/TypeResolutionWithSameNameTest/01_package_precedes_nested_interface/implements_duplicate/DuplicateTypeName.java,implements_duplicate.DuplicateTypeName,interface,0,1,1,0,0,1,0,0,0,0.0,-1.0,-1.0,0,0,0,0,0,0,0,0,0,0,0,0,0,0,0,0,0,0,0,2,0,0,0,0,0,0,0,0,0,0,0,0,0,0,3,1,0
/Users/kaiohs/Downloads/codes/lab02-experimentacao-software/data/repos/javaparser__javaparser/javaparser-symbol-solver-core/src/main/java/com/github/javaparser/symbolsolver/reflectionmodel/ReflectionFieldDeclaration.java,com.github.javaparser.symbolsolver.reflectionmodel.ReflectionFieldDeclaration,class,8,19,5,14,13,1,0,10,2,0.5641026,0.0,0.0,13,0,11,2,0,0,11,0,0,0,3,0,0,3,0,0,0,0,5,48,11,0,0,0,0,0,0,6,0,3,0,0,0,0,24,1,0
/Users/kaiohs/Downloads/codes/lab02-experimentacao-software/data/repos/javaparser__javaparser/javaparser-core-testing/src/test/java/com/github/javaparser/ast/NodeListTest.java,com.github.javaparser.ast.NodeListTest$IteratorTest$ObserversTest,innerclass,13,13,0,13,8,1,0,24,0,0.34285715,0.0,0.0,5,0,0,0,0,5,5,0,0,0,7,0,0,0,0,7,0,0,0,96,0,1,0,0,3,18,30,16,2,17,5,1,0,1,68,0,0
/Users/kaiohs/Downloads/codes/lab02-experimentacao-software/data/repos/javaparser__javaparser/javaparser-core/src/main/java/com/github/javaparser/ast/visitor/NodeFinderVisitor.java,com.github.javaparser.ast.visitor.NodeFinderVisitor,class,111,112,1,111,648,2,0,274,0,0.3529412,0.0,0.0,102,0,102,0,0,0,102,0,0,0,3,2,1,2,0,0,0,0,0,1864,416,1,314,0,1,0,0,99,0,3,2,0,0,1,143,1,0
/Users/kaiohs/Downloads/codes/lab02-experimentacao-software/data/repos/javaparser__javaparser/javaparser-core-testing/src/test/java/com/github/javaparser/printer/lexicalpreservation/IndentationContextTest.java,com.github.javaparser.printer.lexicalpreservation.IndentationContextTest$IntegrationTests,innerclass,4,4,0,4,5,1,0,9,3,0.0,0.0,0.0,3,0,0,0,0,3,3,0,0,0,0,0,0,0,0,0,0,0,1,31,0,2,0,0,0,4,10,2,0,2,1,0,0,0,22,0,0
/Users/kaiohs/Downloads/codes/lab02-experimentacao-software/data/repos/javaparser__javaparser/javaparser-core/src/main/java/com/github/javaparser/ast/modules/ModuleProvidesDirective.java,com.github.javaparser.ast.modules.ModuleProvidesDirective,class,15,34,19,15,32,3,0,21,166,0.7380953,0.0,0.0,21,0,21,0,0,0,21,0,0,0,2,0,0,2,0,0,0,0,2,108,22,2,9,0,0,19,2,4,0,4,2,0,0,0,59,1,0
/Users/kaiohs/Downloads/codes/lab02-experimentacao-software/data/repos/javaparser__javaparser/javaparser-symbol-solver-testing/src/test/java/com/github/javaparser/symbolsolver/Issue1713Test.java,com.github.javaparser.symbolsolver.Issue1713Test,class,7,7,0,7,1,3,0,8,0,0.0,NaN,NaN,1,0,0,0,0,1,1,0,0,0,0,0,0,0,0,0,0,0,0,11,0,0,0,0,0,5,0,4,1,4,0,0,0,0,29,0,0
/Users/kaiohs/Downloads/codes/lab02-experimentacao-software/data/repos/javaparser__javaparser/javaparser-core/src/main/java/com/github/javaparser/resolution/UnsolvedSymbolException.java,com.github.javaparser.resolution.UnsolvedSymbolException,class,0,29,29,0,7,4,0,0,0,0.33333334,0.0,0.0,6,0,6,0,0,0,6,0,0,0,3,0,0,3,0,0,0,0,0,26,2,0,1,0,1,12,0,3,4,3,0,0,0,0,48,1,0
/Users/kaiohs/Downloads/codes/lab02-experimentacao-software/data/repos/javaparser__javaparser/javaparser-symbol-solver-testing/src/test/java/com/github/javaparser/symbolsolver/Issue2764Test.java,com.github.javaparser.symbolsolver.Issue2764Test,class,12,12,0,12,2,1,0,14,0,0.0,0.0,0.0,2,0,0,0,0,2,2,0,0,0,1,0,0,1,0,0,0,0,0,19,0,0,0,0,0,7,0,8,1,8,0,0,0,0,33,1,0
/Users/kaiohs/Downloads/codes/lab02-experimentacao-software/data/repos/javaparser__javaparser/javaparser-core/src/main/java/com/github/javaparser/printer/lexicalpreservation/NodeText.java,com.github.javaparser.printer.lexicalpreservation.NodeText,class,8,21,13,8,29,1,0,21,94,0.6666667,0.0,0.0,24,0,2,0,0,22,24,0,0,0,2,1,1,1,0,0,2,0,3,100,12,0,2,0,0,4,7,7,1,8,3,0,0,1,136,0,0
/Users/kaiohs/Downloads/codes/lab02-experimentacao-software/data/repos/javaparser__javaparser/javaparser-core/src/main/java/com/github/javaparser/resolution/types/ResolvedReferenceType.java,com.github.javaparser.resolution.types.ResolvedReferenceType,class,23,91,68,23,113,1,1,125,745,0.8470589,0.0,0.0,51,1,42,4,5,0,47,11,4,0,5,3,0,0,5,0,0,0,29,305,63,6,14,0,2,15,8,38,3,49,5,0,0,14,262,1025,0
/Users/kaiohs/Downloads/codes/lab02-experimentacao-software/data/repos/javaparser__javaparser/javaparser-symbol-solver-testing/src/test/test_sourcecode/javaparser_src/generated/com/github/javaparser/ASTParser.java,com.github.javaparser.ASTParser$GTToken,innerclass,2,2,0,2,2,2,0,0,1,1.0,0.0,0.0,2,1,1,0,0,1,2,0,0,0,1,0,0,0,0,1,0,0,0,10,1,0,0,0,0,0,0,3,0,1,0,0,0,0,8,24,0
/Users/kaiohs/Downloads/codes/lab02-experimentacao-software/data/repos/javaparser__javaparser/javaparser-symbol-solver-testing/src/test/test_sourcecode/javaparser_src/proper_source/com/github/javaparser/ast/body/BaseParameter.java,com.github.javaparser.ast.body.BaseParameter,class,4,13,9,4,11,2,2,5,1,0.54545456,0.0,0.0,11,0,11,0,0,0,11,0,0,0,3,0,0,3,0,0,0,0,0,45,3,0,0,0,0,0,0,3,0,3,0,0,0,0,22,1025,0
/Users/kaiohs/Downloads/codes/lab02-experimentacao-software/data/repos/javaparser__javaparser/javaparser-core/src/main/java/com/github/javaparser/ast/observer/ObservableProperty.java,com.github.javaparser.ast.observer.ObservableProperty,enum,5,14,9,5,35,1,0,28,174,0.82500005,0.0,0.0,20,1,16,1,0,3,19,0,0,0,2,0,0,2,0,0,0,0,3,132,23,0,2,5,0,18,0,13,7,10,3,0,1,1,101,1,0
/Users/kaiohs/Downloads/codes/lab02-experimentacao-software/data/repos/javaparser__javaparser/javaparser-core-testing/src/test/java/com/github/javaparser/utils/SourceZipTest.java,com.github.javaparser.utils.SourceZipTest,class,6,7,1,6,6,1,0,18,0,0.0,0.0,0.0,4,0,0,0,0,4,4,0,0,0,1,0,0,1,0,0,1,0,1,30,0,2,0,0,0,13,2,7,0,11,1,0,0,5,29,0,0
/Users/kaiohs/Downloads/codes/lab02-experimentacao-software/data/repos/javaparser__javaparser/javaparser-core/src/main/java/com/github/javaparser/metamodel/ArrayAccessExprMetaModel.java,com.github.javaparser.metamodel.ArrayAccessExprMetaModel,class,5,7,2,5,1,4,0,0,0,0.0,NaN,NaN,1,0,0,0,0,1,1,0,0,0,2,0,2,0,0,0,0,0,0,7,0,0,0,0,0,4,0,0,0,2,0,0,0,0,39,1,0
/Users/kaiohs/Downloads/codes/lab02-experimentacao-software/data/repos/javaparser__javaparser/javaparser-symbol-solver-testing/src/test/java/com/github/javaparser/symbolsolver/Issue2489Test.java,com.github.javaparser.symbolsolver.Issue2489Test,class,10,10,0,10,1,2,0,9,0,0.0,NaN,NaN,1,0,1,0,0,0,1,0,0,0,0,0,0,0,0,0,0,0,1,14,0,0,0,0,0,9,1,8,1,8,0,0,0,0,35,1,0
/Users/kaiohs/Downloads/codes/lab02-experimentacao-software/data/repos/javaparser__javaparser/javaparser-symbol-solver-testing/src/test/resources/differentiate_dot_expressions/com/packageName/InnerClassFieldContainer.java,InnerClassFieldContainer,class,1,1,0,1,0,1,0,0,0,NaN,-1.0,-1.0,0,0,0,0,0,0,0,0,0,0,1,0,0,0,0,1,0,0,0,12,0,0,0,0,0,0,0,1,0,1,0,0,1,0,5,1,0
/Users/kaiohs/Downloads/codes/lab02-experimentacao-software/data/repos/javaparser__javaparser/javaparser-symbol-solver-testing/src/test/resources/differentiate_dot_expressions/InnerClassDotExpressions.java,InnerClassContainer$InnerClass$InnerInnerClass,innerclass,0,0,0,0,1,1,0,0,0,0.0,NaN,NaN,1,1,1,0,0,0,1,0,0,0,0,0,0,0,0,0,0,0,0,10,1,0,0,0,0,1,0,0,0,0,0,0,1,0,5,0,0
/Users/kaiohs/Downloads/codes/lab02-experimentacao-software/data/repos/javaparser__javaparser/javaparser-core/src/main/java/com/github/javaparser/resolution/types/parametrization/ResolvedTypeParametersMap.java,com.github.javaparser.resolution.types.parametrization.ResolvedTypeParametersMap,class,5,14,9,5,17,1,0,17,4,0.5,0.0,0.0,12,1,11,1,0,0,11,0,0,0,2,0,0,2,0,0,0,0,2,80,15,1,1,0,1,2,0,6,2,5,1,0,1,0,43,1,0
/Users/kaiohs/Downloads/codes/lab02-experimentacao-software/data/repos/javaparser__javaparser/javaparser-symbol-solver-testing/src/test/resources/issue1526/errors/d/e/f/DataObjectFactory.java,d.e.f.DataObjectFactory,class,1,1,0,1,1,1,0,0,0,0.0,NaN,NaN,1,0,1,0,0,0,1,0,0,0,0,0,0,0,0,0,0,0,0,5,1,0,0,0,0,0,0,0,0,0,0,0,0,0,8,1,0
/Users/kaiohs/Downloads/codes/lab02-experimentacao-software/data/repos/javaparser__javaparser/javaparser-symbol-solver-core/src/main/java/com/github/javaparser/symbolsolver/utils/SymbolSolverCollectionStrategy.java,com.github.javaparser.symbolsolver.utils.SymbolSolverCollectionStrategy$Anonymous1,anonymous,6,6,0,6,13,1,0,14,1,0.6,0.0,0.0,3,0,3,0,0,0,3,0,0,0,5,0,0,5,0,0,2,0,7,42,4,0,4,0,1,7,0,7,0,6,3,0,0,5,55,-1,5
/Users/kaiohs/Downloads/codes/lab02-experimentacao-software/data/repos/javaparser__javaparser/javaparser-core/src/main/java/com/github/javaparser/resolution/types/parametrization/ResolvedTypeParametersMap.java,com.github.javaparser.resolution.types.parametrization.ResolvedTypeParametersMap$Builder,innerclass,4,4,0,4,4,1,0,5,0,0.0,0.0,0.0,4,0,3,1,0,0,3,0,0,0,2,0,0,2,0,0,0,0,0,23,2,0,0,0,0,0,0,5,0,3,0,0,0,0,15,9,0
/Users/kaiohs/Downloads/codes/lab02-experimentacao-software/data/repos/javaparser__javaparser/javaparser-symbol-solver-testing/src/test/java/com/github/javaparser/symbolsolver/Issue4037Test.java,com.github.javaparser.symbolsolver.Issue4037Test,class,6,6,0,6,1,3,0,8,0,0.0,NaN,NaN,1,0,0,0,0,1,1,0,0,0,0,0,0,0,0,0,0,0,0,12,0,0,0,0,0,9,0,4,1,5,1,0,0,2,34,1,0
/Users/kaiohs/Downloads/codes/lab02-experimentacao-software/data/repos/javaparser__javaparser/javaparser-core-testing/src/test/java/com/github/javaparser/utils/OptionalsTest.java,com.github.javaparser.utils.OptionalsTest,class,2,2,0,2,18,1,0,25,91,0.0,0.0,0.0,14,0,0,0,0,14,14,0,0,0,0,0,0,0,0,0,0,0,15,147,12,0,0,1,0,43,10,29,0,29,2,0,1,38,93,0,0
/Users/kaiohs/Downloads/codes/lab02-experimentacao-software/data/repos/javaparser__javaparser/javaparser-symbol-solver-testing/src/test/resources/modules/src/main/java/com.github.javaparser.testmodule/com/github/javaparser/testpackage3/ThirdClass.java,com.github.javaparser.testpackage3.ThirdClass,class,0,0,0,0,1,1,0,0,0,0.0,NaN,NaN,1,1,1,0,0,0,1,0,0,0,0,0,0,0,0,0,0,0,0,4,0,0,0,0,0,0,0,0,0,0,0,0,0,0,4,1,0
/Users/kaiohs/Downloads/codes/lab02-experimentacao-software/data/repos/javaparser__javaparser/javaparser-core/src/main/java/com/github/javaparser/ast/visitor/VoidVisitorAdapter.java,com.github.javaparser.ast.visitor.VoidVisitorAdapter,class,113,166,9,157,104,1,0,268,5253,0.0,0.0,0.0,103,0,103,0,0,0,103,0,0,0,0,0,0,0,0,0,0,0,0,532,0,1,0,0,1,0,0,0,0,238,1,0,0,238,136,1025,0
/Users/kaiohs/Downloads/codes/lab02-experimentacao-software/data/repos/javaparser__javaparser/javaparser-symbol-solver-core/src/main/java/com/github/javaparser/symbolsolver/reflectionmodel/ReflectionRecordDeclaration.java,com.github.javaparser.symbolsolver.reflectionmodel.ReflectionRecordDeclaration,class,32,36,4,32,79,2,0,102,377,0.7008548,0.0,0.0,39,0,37,0,2,0,39,0,0,0,3,0,0,3,0,0,0,0,24,254,52,8,10,0,1,9,4,22,2,35,3,0,0,14,119,1,0
/Users/kaiohs/Downloads/codes/lab02-experimentacao-software/data/repos/javaparser__javaparser/javaparser-core/src/main/java/com/github/javaparser/ast/validator/language_level_validations/chunks/ModifierValidator.java,com.github.javaparser.ast.validator.language_level_validations.chunks.ModifierValidator,class,24,29,5,24,44,3,0,58,149,0.9166667,0.0,0.0,18,0,12,6,0,0,12,0,0,0,6,0,0,6,0,0,6,0,2,165,3,5,1,0,1,7,2,12,0,13,5,0,0,3,81,1,0
/Users/kaiohs/Downloads/codes/lab02-experimentacao-software/data/repos/javaparser__javaparser/javaparser-symbol-solver-testing/src/test/test_sourcecode/javaparser_src/proper_source/com/github/javaparser/ast/internal/Utils.java,com.github.javaparser.ast.internal.Utils,class,2,4,2,2,4,1,0,2,1,0.0,0.0,0.0,2,2,2,0,0,0,2,0,0,0,0,0,0,0,0,0,0,0,1,8,2,0,2,0,0,0,0,0,0,0,0,0,0,0,14,1,0
/Users/kaiohs/Downloads/codes/lab02-experimentacao-software/data/repos/javaparser__javaparser/javaparser-core/src/main/java/com/github/javaparser/ast/nodeTypes/NodeWithTraversableScope.java,com.github.javaparser.ast.nodeTypes.NodeWithTraversableScope,interface,1,3,2,1,1,1,0,0,0,0.0,NaN,NaN,1,0,0,0,0,1,1,0,0,0,0,0,0,0,0,0,0,0,0,3,0,0,0,0,0,0,0,0,0,0,0,0,0,0,33,1,0
/Users/kaiohs/Downloads/codes/lab02-experimentacao-software/data/repos/javaparser__javaparser/javaparser-symbol-solver-testing/src/test/java/com/github/javaparser/symbolsolver/Issue144Test.java,com.github.javaparser.symbolsolver.Issue144Test,class,15,15,0,15,4,3,0,15,0,0.25,0.0,0.0,4,0,0,0,0,4,4,0,0,0,1,0,0,1,0,0,0,0,1,36,0,0,0,0,0,11,9,20,0,20,0,0,0,0,48,0,0
/Users/kaiohs/Downloads/codes/lab02-experimentacao-software/data/repos/javaparser__javaparser/javaparser-symbol-solver-testing/src/test/java/com/github/javaparser/symbolsolver/model/resolution/SymbolReferenceTest.java,com.github.javaparser.symbolsolver.model.resolution.SymbolReferenceTest,class,9,9,0,9,7,1,0,12,1,0.2857143,0.0,0.0,7,0,0,0,0,7,7,0,0,0,1,0,0,1,0,0,1,0,10,53,0,0,0,0,0,0,0,16,0,16,0,0,0,0,30,0,0
/Users/kaiohs/Downloads/codes/lab02-experimentacao-software/data/repos/javaparser__javaparser/javaparser-core/src/main/java/com/github/javaparser/ast/expr/NullLiteralExpr.java,com.github.javaparser.ast.expr.NullLiteralExpr,class,12,49,36,13,10,4,0,6,45,0.0,0.0,0.0,10,0,10,0,0,0,10,0,0,0,0,0,0,0,0,0,0,0,1,33,6,0,0,0,0,9,0,0,0,0,0,0,0,0,37,1,0
/Users/kaiohs/Downloads/codes/lab02-experimentacao-software/data/repos/javaparser__javaparser/javaparser-core-testing-bdd/src/test/java/com/github/javaparser/steps/VisitorSteps.java,com.github.javaparser.steps.VisitorSteps,class,9,10,1,9,16,1,0,9,58,0.8333333,0.0,0.0,16,0,16,0,0,0,16,0,0,0,9,0,0,9,0,0,0,0,0,91,0,0,0,0,0,24,1,16,0,16,0,4,0,0,92,1,0
/Users/kaiohs/Downloads/codes/lab02-experimentacao-software/data/repos/javaparser__javaparser/javaparser-symbol-solver-testing/src/test/java/com/github/javaparser/symbolsolver/resolution/JavaParserFacadeResolutionTest.java,com.github.javaparser.symbolsolver.resolution.JavaParserFacadeResolutionTest,class,29,30,1,29,18,3,0,53,136,0.0,0.0,0.0,17,1,0,2,0,15,15,0,0,0,0,0,0,0,0,0,0,0,4,127,2,0,1,0,0,148,1,66,13,67,0,0,0,2,165,0,0
/Users/kaiohs/Downloads/codes/lab02-experimentacao-software/data/repos/javaparser__javaparser/javaparser-core/src/main/java/com/github/javaparser/resolution/declarations/ResolvedDeclaration.java,com.github.javaparser.resolution.declarations.ResolvedDeclaration,interface,7,36,29,7,15,1,0,1,105,0.0,0.0,0.0,15,0,0,0,0,15,15,0,0,0,0,0,0,0,0,0,0,0,6,45,8,0,0,0,0,6,0,0,0,0,0,0,0,0,48,1,0
/Users/kaiohs/Downloads/codes/lab02-experimentacao-software/data/repos/javaparser__javaparser/javaparser-symbol-solver-testing/src/test/resources/issue4450/a/RefCycleClass.java,a.RefCycleClass,class,1,1,0,1,1,1,0,1,0,1.0,NaN,NaN,1,0,1,0,0,0,1,0,0,0,2,1,1,1,0,0,0,0,0,8,0,0,0,0,0,0,1,2,0,3,0,0,0,0,11,1,0
/Users/kaiohs/Downloads/codes/lab02-experimentacao-software/data/repos/javaparser__javaparser/javaparser-core-testing/src/test/java/com/github/javaparser/ast/visitor/NoCommentHashCodeVisitorTest.java,com.github.javaparser.ast.visitor.NoCommentHashCodeVisitorTest,class,101,101,0,101,101,1,0,104,5050,0.0,0.0,0.0,101,0,0,0,0,101,101,0,0,0,0,0,0,0,0,0,0,0,0,736,0,0,0,0,0,6,230,105,0,105,0,0,0,0,132,0,0
/Users/kaiohs/Downloads/codes/lab02-experimentacao-software/data/repos/javaparser__javaparser/javaparser-core/src/main/java/com/github/javaparser/ast/Node.java,com.github.javaparser.ast.Node$ObserverRegistrationMode,enum,0,0,0,0,0,1,0,0,0,0.0,-1.0,-1.0,0,0,0,0,0,0,0,0,0,0,0,0,0,0,0,0,0,0,0,4,0,0,0,0,0,0,0,0,0,0,0,0,0,0,54,1,0
/Users/kaiohs/Downloads/codes/lab02-experimentacao-software/data/repos/javaparser__javaparser/javaparser-symbol-solver-testing/src/test/java/com/github/javaparser/symbolsolver/reflectionmodel/ReflectionClassDeclarationTest.java,com.github.javaparser.symbolsolver.reflectionmodel.ReflectionClassDeclarationTest$7Foo,innerclass,1,1,0,1,0,1,0,0,0,NaN,-1.0,-1.0,0,0,0,0,0,0,0,0,0,0,1,0,0,0,0,1,0,0,0,3,0,0,0,0,0,0,0,0,0,1,0,0,0,0,2,0,0
/Users/kaiohs/Downloads/codes/lab02-experimentacao-software/data/repos/javaparser__javaparser/javaparser-core-testing/src/test/java/com/github/javaparser/ast/type/TypeTest.java,com.github.javaparser.ast.type.TypeTest,class,10,11,1,10,6,1,0,24,15,0.0,0.0,0.0,6,0,0,1,0,5,5,0,0,0,0,0,0,0,0,0,0,0,0,39,1,0,0,0,0,14,5,8,0,8,0,1,0,3,38,0,0
/Users/kaiohs/Downloads/codes/lab02-experimentacao-software/data/repos/javaparser__javaparser/javaparser-symbol-solver-core/src/main/java/com/github/javaparser/symbolsolver/javaparsermodel/declarations/JavaParserConstructorDeclaration.java,com.github.javaparser.symbolsolver.javaparsermodel.declarations.JavaParserConstructorDeclaration,class,14,27,5,22,15,1,0,17,0,0.5151515,0.0,0.0,11,0,10,0,0,1,11,0,0,0,3,0,0,3,0,0,0,0,5,46,10,0,0,0,0,2,2,3,0,4,1,0,0,1,49,1,0
/Users/kaiohs/Downloads/codes/lab02-experimentacao-software/data/repos/javaparser__javaparser/javaparser-symbol-solver-testing/src/test/java/com/github/javaparser/symbolsolver/javaparsermodel/contexts/IfStatementContextTest.java,com.github.javaparser.symbolsolver.javaparsermodel.contexts.IfStatementContextTest,class,12,13,1,12,10,1,0,15,0,0.45000002,0.0,0.0,10,0,0,1,0,9,9,0,0,0,2,0,0,2,0,0,1,0,0,121,1,0,0,0,0,86,31,58,8,58,0,0,0,0,63,0,0
/Users/kaiohs/Downloads/codes/lab02-experimentacao-software/data/repos/javaparser__javaparser/javaparser-core/src/main/java/com/github/javaparser/resolution/declarations/ResolvedMethodDeclaration.java,com.github.javaparser.resolution.declarations.ResolvedMethodDeclaration,interface,3,77,74,3,11,1,0,9,15,0.0,0.0,0.0,6,0,0,0,0,6,6,0,0,0,0,0,0,0,0,0,0,0,0,26,5,0,0,0,0,1,0,1,0,1,1,0,0,0,58,1,0
/Users/kaiohs/Downloads/codes/lab02-experimentacao-software/data/repos/javaparser__javaparser/javaparser-symbol-solver-testing/src/test/resources/issue3099/com/example/Alpha.java,com.example.Alpha,interface,0,0,0,0,0,1,0,0,0,0.0,-1.0,-1.0,0,0,0,0,0,0,0,0,0,0,0,0,0,0,0,0,0,0,0,4,0,0,0,0,0,0,0,0,0,0,0,0,1,0,1,0,0
/Users/kaiohs/Downloads/codes/lab02-experimentacao-software/data/repos/javaparser__javaparser/javaparser-symbol-solver-testing/src/test/java/com/github/javaparser/symbolsolver/javaparsermodel/declarations/JavaParserFieldDeclarationTest.java,com.github.javaparser.symbolsolver.javaparsermodel.declarations.JavaParserFieldDeclarationTest,class,13,14,1,13,9,1,0,13,28,0.0,0.0,0.0,8,1,4,1,0,3,7,0,0,0,0,0,0,0,0,0,0,0,3,39,5,0,0,0,0,5,4,13,0,13,0,0,0,1,58,0,0
/Users/kaiohs/Downloads/codes/lab02-experimentacao-software/data/repos/javaparser__javaparser/javaparser-symbol-solver-core/src/main/java/com/github/javaparser/symbolsolver/javaparsermodel/declarations/JavaParserTypePatternDeclaration.java,com.github.javaparser.symbolsolver.javaparsermodel.declarations.JavaParserTypePatternDeclaration,class,6,10,4,6,5,1,0,6,0,0.3,0.0,0.0,5,0,5,0,0,0,5,0,0,0,2,0,0,2,0,0,2,0,2,20,4,0,0,0,0,0,0,2,0,2,0,0,0,0,34,1,0
/Users/kaiohs/Downloads/codes/lab02-experimentacao-software/data/repos/javaparser__javaparser/javaparser-symbol-solver-testing/src/test/test_sourcecode/javasymbolsolver_0_6_0/src/java-symbol-solver-model/com/github/javaparser/symbolsolver/model/declarations/EnumDeclaration.java,com.github.javaparser.symbolsolver.model.declarations.EnumDeclaration,interface,3,9,6,3,2,1,0,0,1,0.0,0.0,0.0,2,0,0,0,0,2,2,0,0,0,0,0,0,0,0,0,0,0,0,8,2,0,0,0,0,0,0,0,0,0,0,0,0,0,12,1,0
/Users/kaiohs/Downloads/codes/lab02-experimentacao-software/data/repos/javaparser__javaparser/javaparser-symbol-solver-testing/src/test/java/com/github/javaparser/symbolsolver/Issue1868Test.java,com.github.javaparser.symbolsolver.Issue1868Test,class,9,9,0,9,1,2,0,11,0,0.0,NaN,NaN,1,0,1,0,0,0,1,0,0,0,0,0,0,0,0,0,0,0,3,14,0,0,0,0,0,17,4,5,1,5,0,0,0,0,35,1,0
/Users/kaiohs/Downloads/codes/lab02-experimentacao-software/data/repos/javaparser__javaparser/javaparser-core-testing/src/test/java/com/github/javaparser/printer/lexicalpreservation/IndentationCalculatorTest.java,com.github.javaparser.printer.lexicalpreservation.IndentationCalculatorTest$EnforcingContextTests,innerclass,4,4,0,4,9,1,0,11,36,0.0,0.0,0.0,9,0,0,0,0,9,9,0,0,0,0,0,0,0,0,0,0,0,0,46,0,0,0,0,0,13,26,13,0,13,0,0,0,0,44,0,0
/Users/kaiohs/Downloads/codes/lab02-experimentacao-software/data/repos/javaparser__javaparser/javaparser-core/src/main/java/com/github/javaparser/ast/validator/postprocessors/Java14PostProcessor.java,com.github.javaparser.ast.validator.postprocessors.Java14PostProcessor,class,1,2,1,1,0,6,1,0,0,0.0,-1.0,-1.0,0,0,0,0,0,0,0,0,0,0,0,0,0,0,0,0,0,0,0,2,0,0,0,0,0,0,0,0,0,0,0,0,0,0,15,1,0
/Users/kaiohs/Downloads/codes/lab02-experimentacao-software/data/repos/javaparser__javaparser/javaparser-core-testing/src/test/java/com/github/javaparser/utils/PairTest.java,com.github.javaparser.utils.PairTest,class,2,2,0,2,2,1,0,2,1,0.0,0.0,0.0,2,0,0,0,0,2,2,0,0,0,0,0,0,0,0,0,0,0,0,10,0,0,0,0,0,4,0,2,0,2,0,0,0,0,11,0,0
/Users/kaiohs/Downloads/codes/lab02-experimentacao-software/data/repos/javaparser__javaparser/javaparser-symbol-solver-testing/src/test/test_sourcecode/javasymbolsolver_0_6_0/src/java-symbol-solver-model/com/github/javaparser/symbolsolver/model/declarations/FieldDeclaration.java,com.github.javaparser.symbolsolver.model.declarations.FieldDeclaration,interface,4,25,21,4,4,1,0,0,6,0.0,0.0,0.0,4,0,0,0,0,4,4,0,0,0,0,0,0,0,0,0,0,0,0,10,2,0,0,0,0,0,0,0,0,0,0,0,0,0,25,1,0
/Users/kaiohs/Downloads/codes/lab02-experimentacao-software/data/repos/javaparser__javaparser/javaparser-core/src/main/java/com/github/javaparser/JavaParserAdapter.java,com.github.javaparser.JavaParserAdapter,class,28,32,4,28,34,1,0,32,516,0.8787879,0.0,0.0,33,1,32,1,0,0,32,0,0,0,1,0,0,1,0,0,1,0,2,105,32,0,0,0,0,1,0,1,0,1,1,0,0,0,93,1,0
/Users/kaiohs/Downloads/codes/lab02-experimentacao-software/data/repos/javaparser__javaparser/javaparser-core-metamodel-generator/src/main/java/com/github/javaparser/generator/metamodel/NodeMetaModelGenerator.java,com.github.javaparser.generator.metamodel.NodeMetaModelGenerator,class,17,19,2,17,12,2,0,48,6,0.75,0.0,0.0,4,0,1,2,1,0,2,0,0,0,4,2,1,3,0,0,4,0,8,75,2,3,0,0,0,19,1,17,3,17,2,0,0,0,127,1,0
/Users/kaiohs/Downloads/codes/lab02-experimentacao-software/data/repos/javaparser__javaparser/javaparser-symbol-solver-testing/src/test/test_sourcecode/javaparser_src/proper_source/com/github/javaparser/ast/stmt/SwitchEntryStmt.java,com.github.javaparser.ast.stmt.SwitchEntryStmt,class,8,22,14,8,9,3,0,6,14,0.5555556,0.0,0.0,9,0,9,0,0,0,9,0,0,0,2,0,0,2,0,0,0,0,0,35,3,0,0,0,0,0,0,2,0,2,0,0,0,0,22,17,0
/Users/kaiohs/Downloads/codes/lab02-experimentacao-software/data/repos/javaparser__javaparser/javaparser-core/src/main/java/com/github/javaparser/ast/expr/UnaryExpr.java,com.github.javaparser.ast.expr.UnaryExpr,class,16,52,35,17,23,3,0,16,115,0.7222222,0.0,0.0,18,0,18,0,0,0,18,0,0,0,2,0,0,2,0,0,0,0,1,98,17,0,5,0,0,14,0,2,0,2,1,0,1,0,94,1,0
/Users/kaiohs/Downloads/codes/lab02-experimentacao-software/data/repos/javaparser__javaparser/javaparser-core/src/main/java/com/github/javaparser/ast/nodeTypes/NodeWithVariables.java,com.github.javaparser.ast.nodeTypes.NodeWithVariables$1Helper,innerclass,2,2,0,2,4,1,0,4,0,0.0,-1.0,-1.0,1,0,0,1,0,0,0,0,0,0,0,0,0,0,0,0,0,0,3,14,3,1,0,0,2,0,0,2,0,1,2,0,0,0,8,0,0
/Users/kaiohs/Downloads/codes/lab02-experimentacao-software/data/repos/javaparser__javaparser/javaparser-symbol-solver-testing/src/test/test_sourcecode/javasymbolsolver_0_6_0/src/java-symbol-solver-model/com/github/javaparser/symbolsolver/model/typesystem/TypeVariable.java,com.github.javaparser.symbolsolver.model.typesystem.TypeVariable,class,3,18,15,3,22,1,0,12,35,0.42857143,0.0,0.0,14,0,14,0,0,0,14,0,0,0,1,0,0,1,0,0,0,0,0,62,20,0,5,0,0,2,0,2,1,2,1,0,0,0,52,1,0
/Users/kaiohs/Downloads/codes/lab02-experimentacao-software/data/repos/javaparser__javaparser/javaparser-symbol-solver-testing/src/test/java/com/github/javaparser/symbolsolver/Issue2289Test.java,com.github.javaparser.symbolsolver.Issue2289Test,class,8,8,0,8,1,2,0,8,0,0.0,NaN,NaN,1,0,1,0,0,0,1,0,0,0,0,0,0,0,0,0,0,0,0,13,0,0,0,0,0,18,2,5,1,5,0,0,0,0,25,1,0
/Users/kaiohs/Downloads/codes/lab02-experimentacao-software/data/repos/javaparser__javaparser/javaparser-symbol-solver-core/src/main/java/com/github/javaparser/symbolsolver/resolution/SymbolSolver.java,com.github.javaparser.symbolsolver.resolution.SymbolSolver,class,25,57,16,41,26,1,0,33,19,0.35714287,0.0,0.0,14,0,14,0,0,0,14,0,0,0,1,0,0,1,0,0,1,0,9,91,18,0,1,0,4,1,0,11,0,8,2,0,0,0,93,1,0
/Users/kaiohs/Downloads/codes/lab02-experimentacao-software/data/repos/javaparser__javaparser/javaparser-core/src/main/java/com/github/javaparser/ast/stmt/BlockStmt.java,com.github.javaparser.ast.stmt.BlockStmt,class,14,62,48,14,23,3,0,17,75,0.6,0.0,0.0,15,0,15,0,0,0,15,0,0,0,1,0,0,1,0,0,0,0,1,76,15,2,6,0,0,13,2,3,0,3,2,0,0,0,57,1,0
/Users/kaiohs/Downloads/codes/lab02-experimentacao-software/data/repos/javaparser__javaparser/javaparser-core/src/main/java/com/github/javaparser/ast/comments/Comment.java,com.github.javaparser.ast.comments.Comment,class,14,41,27,14,44,2,6,22,571,0.8857143,0.0,0.0,35,0,35,0,0,0,35,2,0,0,2,0,0,2,0,0,0,0,6,134,25,1,5,0,0,31,0,5,1,3,1,0,0,0,80,1025,0
/Users/kaiohs/Downloads/codes/lab02-experimentacao-software/data/repos/javaparser__javaparser/javaparser-core-testing/src/test/java/com/github/javaparser/printer/lexicalpreservation/TextElementIteratorTest.java,com.github.javaparser.printer.lexicalpreservation.TextElementIteratorTest,class,6,7,1,6,32,1,0,24,406,0.0,0.0,0.0,29,3,0,3,0,26,26,0,0,0,0,0,0,0,0,0,0,0,56,181,3,2,0,0,0,4,52,60,0,59,2,0,0,3,87,0,0
/Users/kaiohs/Downloads/codes/lab02-experimentacao-software/data/repos/javaparser__javaparser/javaparser-core-testing/src/test/java/com/github/javaparser/RangeTest.java,com.github.javaparser.RangeTest,class,3,3,0,3,31,1,0,10,417,0.9646697,0.0,0.0,31,0,0,0,0,31,31,0,0,0,21,0,0,21,0,0,15,0,0,195,0,0,0,0,0,0,144,73,0,73,0,0,0,0,70,0,0
/Users/kaiohs/Downloads/codes/lab02-experimentacao-software/data/repos/javaparser__javaparser/javaparser-symbol-solver-testing/src/test/test_sourcecode/javaparser_new_src/javaparser-core/com/github/javaparser/ast/stmt/ThrowStmt.java,ThrowStmt,class,8,22,14,8,7,1,0,3,9,0.42857143,0.0,0.0,7,0,7,0,0,0,7,0,0,0,1,0,0,1,0,0,0,0,0,26,3,0,0,0,0,0,0,1,0,1,0,0,0,0,21,17,0
/Users/kaiohs/Downloads/codes/lab02-experimentacao-software/data/repos/javaparser__javaparser/javaparser-symbol-solver-testing/src/test/java/com/github/javaparser/resolution/declarations/ResolvedEnumConstantDeclarationTest.java,com.github.javaparser.resolution.declarations.ResolvedEnumConstantDeclarationTest,interface,4,5,1,4,3,1,0,5,3,0.0,0.0,0.0,3,0,0,0,0,3,3,0,0,0,0,0,0,0,0,0,0,0,0,9,0,0,0,0,0,0,0,0,0,0,0,0,0,0,17,1,0
/Users/kaiohs/Downloads/codes/lab02-experimentacao-software/data/repos/javaparser__javaparser/javaparser-symbol-solver-core/src/main/java/com/github/javaparser/symbolsolver/javaparsermodel/contexts/CatchClauseContext.java,com.github.javaparser.symbolsolver.javaparsermodel.contexts.CatchClauseContext,class,13,22,1,21,9,2,0,13,15,0.0,0.0,0.0,6,0,6,0,0,0,6,0,3,0,0,0,0,0,0,0,0,0,6,33,8,0,1,0,0,0,0,4,0,4,1,0,0,0,35,1,0
/Users/kaiohs/Downloads/codes/lab02-experimentacao-software/data/repos/javaparser__javaparser/javaparser-core/src/main/java/com/github/javaparser/resolution/types/ResolvedIntersectionType.java,com.github.javaparser.resolution.types.ResolvedIntersectionType,class,3,6,3,3,12,1,0,15,0,0.0,0.0,0.0,7,0,7,0,0,0,7,0,0,0,1,0,0,1,0,0,0,0,3,34,9,0,3,0,0,2,1,3,1,5,1,0,0,2,53,1,0
/Users/kaiohs/Downloads/codes/lab02-experimentacao-software/data/repos/javaparser__javaparser/javaparser-symbol-solver-testing/src/test/test_sourcecode/javaparser_new_src/javaparser-generated-sources/com/github/javaparser/ASTParserTokenManager.java,ASTParserTokenManager,class,18,19,1,18,1318,1,0,57,829,0.94948745,0.0,0.0,43,3,7,30,1,5,13,0,5,0,93,76,4,8,2,79,79,0,0,2299,407,12,421,19,476,121,2964,351,29,123,12,0,0,0,361,1,0
/Users/kaiohs/Downloads/codes/lab02-experimentacao-software/data/repos/javaparser__javaparser/javaparser-symbol-solver-testing/src/test/java/com/github/javaparser/symbolsolver/Issue1511Test.java,com.github.javaparser.symbolsolver.Issue1511Test,class,11,11,0,11,2,1,0,23,1,0.0,0.0,0.0,2,0,2,0,0,0,2,0,0,0,0,0,0,0,0,0,0,0,1,22,0,0,0,0,0,5,2,11,0,11,0,0,0,0,58,1,0
/Users/kaiohs/Downloads/codes/lab02-experimentacao-software/data/repos/javaparser__javaparser/javaparser-symbol-solver-core/src/main/java/com/github/javaparser/symbolsolver/resolution/typeinference/constraintformulas/TypeCompatibleWithType.java,com.github.javaparser.symbolsolver.resolution.typeinference.constraintformulas.TypeCompatibleWithType,class,14,16,2,14,20,2,0,24,0,0.2,0.0,0.0,5,0,5,0,0,0,5,0,0,0,3,0,0,3,0,0,0,0,9,55,12,0,3,0,0,3,1,13,4,12,2,0,0,0,62,1,0
/Users/kaiohs/Downloads/codes/lab02-experimentacao-software/data/repos/javaparser__javaparser/javaparser-core/src/main/java/com/github/javaparser/ast/nodeTypes/modifiers/NodeWithStaticModifier.java,com.github.javaparser.ast.nodeTypes.modifiers.NodeWithStaticModifier,interface,2,8,6,2,2,1,0,2,1,0.0,0.0,0.0,2,0,0,0,0,2,2,0,0,0,0,0,0,0,0,0,0,0,0,8,2,0,0,0,0,1,0,0,0,0,0,0,0,0,30,1,0
/Users/kaiohs/Downloads/codes/lab02-experimentacao-software/data/repos/javaparser__javaparser/javaparser-core/src/main/java/com/github/javaparser/resolution/types/ResolvedType.java,com.github.javaparser.resolution.types.ResolvedType,interface,10,169,159,10,30,1,0,17,406,0.0,0.0,0.0,29,0,0,0,0,29,29,0,0,0,0,0,0,0,0,0,0,0,10,88,19,0,0,0,0,9,2,0,1,1,1,0,0,1,120,1,0
/Users/kaiohs/Downloads/codes/lab02-experimentacao-software/data/repos/javaparser__javaparser/javaparser-core/src/main/java/com/github/javaparser/printer/YamlPrinter.java,com.github.javaparser.printer.YamlPrinter,class,6,7,1,6,17,1,0,26,13,0.75,0.0,0.0,6,1,4,2,0,0,4,0,0,0,2,1,0,2,0,0,2,0,9,52,3,6,2,0,0,27,7,15,9,14,3,0,0,0,65,1,0
/Users/kaiohs/Downloads/codes/lab02-experimentacao-software/data/repos/javaparser__javaparser/javaparser-core-testing/src/test/java/com/github/javaparser/printer/lexicalpreservation/PrettyPrinterIssue2351Test.java,com.github.javaparser.printer.lexicalpreservation.PrettyPrinterIssue2351Test,class,3,3,0,3,3,2,0,8,0,0.0,NaN,NaN,1,0,0,0,0,1,1,0,0,0,0,0,0,0,0,0,0,0,0,9,0,0,1,0,0,4,1,2,1,2,1,0,0,0,23,0,0
/Users/kaiohs/Downloads/codes/lab02-experimentacao-software/data/repos/javaparser__javaparser/javaparser-core-testing/src/test/java/com/github/javaparser/ast/validator/Java15PreviewValidatorTest.java,com.github.javaparser.ast.validator.Java15PreviewValidatorTest$Record$RecordDeclarationPermitted,innerclass,5,5,0,5,1,1,0,3,0,0.0,NaN,NaN,1,0,0,0,0,1,1,0,0,0,0,0,0,0,0,0,0,0,1,7,0,0,0,0,0,1,0,2,0,2,0,0,0,0,7,0,0
/Users/kaiohs/Downloads/codes/lab02-experimentacao-software/data/repos/javaparser__javaparser/javaparser-core/src/main/java/com/github/javaparser/metamodel/WildcardTypeMetaModel.java,com.github.javaparser.metamodel.WildcardTypeMetaModel,class,5,7,2,5,1,4,0,0,0,0.0,NaN,NaN,1,0,0,0,0,1,1,0,0,0,2,0,2,0,0,0,0,0,0,7,0,0,0,0,0,4,0,0,0,2,0,0,0,0,36,1,0
/Users/kaiohs/Downloads/codes/lab02-experimentacao-software/data/repos/javaparser__javaparser/javaparser-core-testing/src/test/java/com/github/javaparser/ast/visitor/VoidVisitorTest.java,com.github.javaparser.ast.visitor.VoidVisitorTest,class,6,7,1,6,3,1,0,9,3,0.0,0.0,0.0,3,0,0,1,0,2,2,0,0,0,0,0,0,0,0,0,0,0,0,25,1,0,0,0,0,14,2,7,1,7,0,1,0,0,28,1,0
/Users/kaiohs/Downloads/codes/lab02-experimentacao-software/data/repos/javaparser__javaparser/javaparser-core/src/main/java/com/github/javaparser/ast/visitor/GenericVisitorWithDefaults.java,com.github.javaparser.ast.visitor.GenericVisitorWithDefaults,class,108,110,2,108,105,1,0,2,5460,0.0,0.0,0.0,105,0,105,0,0,0,105,0,0,0,0,0,0,0,0,0,0,0,0,317,105,0,0,0,0,0,0,0,0,0,0,0,0,0,138,1025,0
/Users/kaiohs/Downloads/codes/lab02-experimentacao-software/data/repos/javaparser__javaparser/javaparser-symbol-solver-testing/src/test/resources/differentiate_dot_expressions/com/packageName/InnerStaticClassFieldContainer.java,com.packageName.InnerStaticClassFieldContainer$InnerClass$InnerInnerClass,innerclass,0,0,0,0,1,1,0,0,0,1.0,NaN,NaN,1,1,1,0,0,0,1,0,0,0,1,1,1,0,0,0,1,0,0,6,1,0,0,0,0,2,0,1,0,1,0,0,0,0,11,8,0
/Users/kaiohs/Downloads/codes/lab02-experimentacao-software/data/repos/javaparser__javaparser/javaparser-core-testing/src/test/java/com/github/javaparser/ast/stmt/SwitchStmtTest.java,com.github.javaparser.ast.stmt.SwitchStmtTest,class,9,9,0,9,7,1,0,19,21,0.85714287,0.0,0.0,7,2,2,0,0,5,7,0,0,0,1,1,0,1,0,0,1,0,0,40,0,0,0,0,0,17,13,8,4,8,0,0,0,0,41,0,0
/Users/kaiohs/Downloads/codes/lab02-experimentacao-software/data/repos/javaparser__javaparser/javaparser-core-testing/src/test/java/com/github/javaparser/ast/nodeTypes/NodeWithBodyTest.java,com.github.javaparser.ast.nodeTypes.NodeWithBodyTest,class,3,3,0,3,4,1,0,5,6,0.0,0.0,0.0,4,0,0,0,0,4,4,0,0,0,0,0,0,0,0,0,0,0,4,18,0,0,0,0,0,4,0,4,0,4,0,0,0,0,20,0,0
/Users/kaiohs/Downloads/codes/lab02-experimentacao-software/data/repos/javaparser__javaparser/javaparser-core/src/main/java/com/github/javaparser/metamodel/ModuleDirectiveMetaModel.java,com.github.javaparser.metamodel.ModuleDirectiveMetaModel,class,4,11,7,4,2,3,5,0,1,0.0,0.0,0.0,2,0,0,0,1,1,2,0,0,0,0,0,0,0,0,0,0,0,0,8,0,0,0,0,0,5,0,0,0,0,0,0,0,0,36,1,0
/Users/kaiohs/Downloads/codes/lab02-experimentacao-software/data/repos/javaparser__javaparser/javaparser-core/src/main/java/com/github/javaparser/resolution/declarations/ResolvedInterfaceDeclaration.java,com.github.javaparser.resolution.declarations.ResolvedInterfaceDeclaration,interface,5,11,6,5,4,1,0,4,3,0.0,0.0,0.0,3,0,0,0,0,3,3,0,0,0,0,0,0,0,0,0,0,0,0,14,2,1,0,0,0,0,0,1,0,1,1,0,0,0,28,1,0
/Users/kaiohs/Downloads/codes/lab02-experimentacao-software/data/repos/javaparser__javaparser/javaparser-core-testing/src/test/java/com/github/javaparser/printer/PrettyPrintVisitorTest.java,com.github.javaparser.printer.PrettyPrintVisitorTest,class,22,23,1,22,57,2,0,32,1576,0.9122807,0.0,0.0,57,1,2,3,0,52,54,0,0,0,1,0,0,1,0,0,0,0,67,300,3,0,0,0,1,416,6,109,48,109,0,0,0,0,247,0,0
/Users/kaiohs/Downloads/codes/lab02-experimentacao-software/data/repos/javaparser__javaparser/javaparser-core/src/main/java/com/github/javaparser/ast/body/VariableDeclarator.java,com.github.javaparser.ast.body.VariableDeclarator$Anonymous1,anonymous,6,6,0,6,6,1,0,13,0,0.0,NaN,NaN,1,0,1,0,0,0,1,0,0,0,0,0,0,0,0,0,0,0,1,23,0,1,2,0,1,0,1,7,0,7,4,0,0,0,22,-1,0
/Users/kaiohs/Downloads/codes/lab02-experimentacao-software/data/repos/javaparser__javaparser/javaparser-symbol-solver-testing/src/test/java/com/github/javaparser/symbolsolver/javaparsermodel/contexts/SwitchStatementContextTest.java,com.github.javaparser.symbolsolver.javaparsermodel.contexts.SwitchStatementContextTest,class,12,13,1,12,7,1,0,13,0,0.42857143,0.0,0.0,7,0,0,1,0,6,6,0,0,0,2,0,0,2,0,0,1,0,0,59,1,0,0,0,0,43,14,27,5,27,0,0,0,0,54,0,0
/Users/kaiohs/Downloads/codes/lab02-experimentacao-software/data/repos/javaparser__javaparser/javaparser-symbol-solver-testing/src/test/resources/differentiate_dot_expressions/com/packageName/InnerStaticClassFieldContainer.java,com.packageName.InnerStaticClassFieldContainer$InnerClass,innerclass,0,0,0,0,1,1,0,0,0,0.0,NaN,NaN,1,1,1,0,0,0,1,0,0,0,0,0,0,0,0,0,0,0,0,11,1,0,0,0,0,1,0,0,0,0,0,0,1,0,4,8,0
/Users/kaiohs/Downloads/codes/lab02-experimentacao-software/data/repos/javaparser__javaparser/javaparser-symbol-solver-testing/src/test/resources/CompilationUnitContextResolutionTest/04_reviewComment/main/Main.java,NestedEnum,enum,0,1,1,0,3,1,0,0,3,0.0,0.0,0.0,3,2,3,0,0,0,3,0,0,0,0,0,0,0,0,0,0,0,0,7,0,0,0,0,0,0,0,0,0,0,0,0,0,0,6,1,0
/Users/kaiohs/Downloads/codes/lab02-experimentacao-software/data/repos/javaparser__javaparser/javaparser-symbol-solver-testing/src/test/java/com/github/javaparser/symbolsolver/resolution/PatternVariableIntroductionTest.java,com.github.javaparser.symbolsolver.resolution.PatternVariableIntroductionTest,class,6,17,11,6,1,1,0,5,0,0.0,-1.0,-1.0,1,0,0,1,0,0,0,0,0,0,0,0,0,0,0,0,0,0,0,393,1,0,0,0,0,0,0,2,0,2,0,0,11,0,33,1,0
/Users/kaiohs/Downloads/codes/lab02-experimentacao-software/data/repos/javaparser__javaparser/javaparser-core/src/main/java/com/github/javaparser/UnicodeEscapeProcessingProvider.java,com.github.javaparser.UnicodeEscapeProcessingProvider$PositionMapping$PositionUpdate$Anonymous1,anonymous,1,1,0,1,3,1,0,0,3,0.0,0.0,0.0,3,0,3,0,0,0,3,0,0,0,0,0,0,0,0,0,0,0,0,11,3,0,0,0,0,0,0,0,0,0,0,0,0,0,7,-1,0
/Users/kaiohs/Downloads/codes/lab02-experimentacao-software/data/repos/javaparser__javaparser/javaparser-core/src/main/java/com/github/javaparser/ast/nodeTypes/NodeWithScope.java,com.github.javaparser.ast.nodeTypes.NodeWithScope,interface,4,7,3,4,3,1,0,2,3,0.0,0.0,0.0,3,0,0,0,0,3,3,0,0,0,0,0,0,0,0,0,0,0,1,7,1,0,0,0,0,0,0,0,0,0,0,0,0,0,19,1,0
/Users/kaiohs/Downloads/codes/lab02-experimentacao-software/data/repos/javaparser__javaparser/javaparser-core/src/main/java/com/github/javaparser/metamodel/TextBlockLiteralExprMetaModel.java,com.github.javaparser.metamodel.TextBlockLiteralExprMetaModel,class,4,6,2,4,1,6,0,0,0,0.0,NaN,NaN,1,0,0,0,0,1,1,0,0,0,0,0,0,0,0,0,0,0,0,5,0,0,0,0,0,4,0,0,0,0,0,0,0,0,38,1,0
/Users/kaiohs/Downloads/codes/lab02-experimentacao-software/data/repos/javaparser__javaparser/javaparser-symbol-solver-testing/src/test/java/com/github/javaparser/symbolsolver/reflectionmodel/ReflectionEnumDeclarationTest.java,com.github.javaparser.symbolsolver.reflectionmodel.MyModifier,enum,0,0,0,0,0,1,0,0,0,0.0,-1.0,-1.0,0,0,0,0,0,0,0,0,0,0,0,0,0,0,0,0,0,0,0,1,0,0,0,0,0,0,0,0,0,0,0,0,0,0,3,0,0
/Users/kaiohs/Downloads/codes/lab02-experimentacao-software/data/repos/javaparser__javaparser/javaparser-core/src/main/java/com/github/javaparser/utils/StringEscapeUtils.java,com.github.javaparser.utils.StringEscapeUtils$AggregateTranslator,innerclass,1,1,0,1,5,2,0,2,0,0.0,NaN,NaN,2,0,0,1,1,0,1,0,0,0,1,0,0,1,0,0,1,0,0,15,2,1,2,0,0,0,2,2,0,2,2,0,0,0,48,10,0
/Users/kaiohs/Downloads/codes/lab02-experimentacao-software/data/repos/javaparser__javaparser/javaparser-symbol-solver-core/src/main/java/com/github/javaparser/symbolsolver/javassistmodel/JavassistEnumDeclaration.java,com.github.javaparser.symbolsolver.javassistmodel.JavassistEnumDeclaration,class,29,53,6,47,41,2,0,62,54,0.60714287,0.0,0.0,28,0,26,2,0,0,26,0,0,0,3,0,0,3,0,0,0,0,8,133,35,2,4,0,1,9,3,11,6,17,2,0,0,8,113,1,0
/Users/kaiohs/Downloads/codes/lab02-experimentacao-software/data/repos/javaparser__javaparser/javaparser-core-testing/src/test/java/com/github/javaparser/printer/lexicalpreservation/Issue3441Test.java,com.github.javaparser.printer.lexicalpreservation.Issue3441Test,class,5,5,0,5,1,2,0,7,0,0.0,NaN,NaN,1,0,0,0,0,1,1,0,0,0,0,0,0,0,0,0,0,0,1,10,0,0,0,0,0,11,1,3,2,3,0,0,0,0,25,1,0
/Users/kaiohs/Downloads/codes/lab02-experimentacao-software/data/repos/javaparser__javaparser/javaparser-core-testing/src/test/java/com/github/javaparser/ast/expr/CharLiteralExprTest.java,com.github.javaparser.ast.expr.CharLiteralExprTest,class,5,5,0,5,6,1,0,9,15,0.0,0.0,0.0,6,0,0,0,0,6,6,0,0,0,0,0,0,0,0,0,0,0,0,27,0,0,0,0,0,12,0,7,0,7,0,0,0,0,19,0,0
/Users/kaiohs/Downloads/codes/lab02-experimentacao-software/data/repos/javaparser__javaparser/javaparser-core/src/main/java/com/github/javaparser/UnicodeEscapeProcessingProvider.java,com.github.javaparser.UnicodeEscapeProcessingProvider$PositionMapping$DeltaInfo,innerclass,2,2,0,2,4,2,0,0,0,0.25,0.0,0.0,4,0,4,0,0,0,4,0,0,0,2,0,0,2,0,0,2,0,0,18,3,0,0,0,0,5,0,2,3,2,0,0,0,0,28,26,0
/Users/kaiohs/Downloads/codes/lab02-experimentacao-software/data/repos/javaparser__javaparser/javaparser-core-testing/src/test/java/com/github/javaparser/ast/validator/Java15ValidatorTest.java,com.github.javaparser.ast.validator.Java15ValidatorTest$Record$RecordDeclarationForbidden,innerclass,5,5,0,5,1,1,0,3,0,0.0,NaN,NaN,1,0,0,0,0,1,1,0,0,0,0,0,0,0,0,0,0,0,1,7,0,0,0,0,0,2,0,2,0,2,0,0,0,0,33,0,0
/Users/kaiohs/Downloads/codes/lab02-experimentacao-software/data/repos/javaparser__javaparser/javaparser-core/src/main/java/com/github/javaparser/ast/nodeTypes/NodeWithParameters.java,com.github.javaparser.ast.nodeTypes.NodeWithParameters,interface,8,19,8,11,18,1,0,29,153,0.0,0.0,0.0,18,0,0,0,0,18,18,0,0,0,0,0,0,0,0,0,0,0,9,55,15,0,0,0,0,2,0,0,0,5,0,0,0,6,119,1,0
/Users/kaiohs/Downloads/codes/lab02-experimentacao-software/data/repos/javaparser__javaparser/javaparser-symbol-solver-testing/src/test/test_sourcecode/javasymbolsolver_0_6_0/src/java-symbol-solver-core/com/github/javaparser/symbolsolver/core/resolution/Context.java,com.github.javaparser.symbolsolver.core.resolution.Context,interface,11,53,42,11,11,1,0,14,28,0.0,0.0,0.0,8,0,0,0,0,8,8,0,0,0,0,0,0,0,0,0,0,0,8,41,7,0,1,0,0,1,0,6,0,6,1,0,0,0,59,1,0
/Users/kaiohs/Downloads/codes/lab02-experimentacao-software/data/repos/javaparser__javaparser/javaparser-core-testing/src/test/java/com/github/javaparser/ast/visitor/ObjectIdentityHashCodeVisitorTest.java,com.github.javaparser.ast.visitor.ObjectIdentityHashCodeVisitorTest,class,100,100,0,100,98,1,0,7,4753,0.0,0.0,0.0,98,0,0,0,0,98,98,0,0,0,0,0,0,0,0,0,0,0,0,396,0,0,0,0,0,0,0,99,0,99,0,0,0,0,116,0,0
/Users/kaiohs/Downloads/codes/lab02-experimentacao-software/data/repos/javaparser__javaparser/javaparser-core/src/main/java/com/github/javaparser/ast/validator/language_level_validations/Java23Validator.java,com.github.javaparser.ast.validator.language_level_validations.Java23Validator,class,1,2,1,1,1,25,1,0,0,0.0,NaN,NaN,1,0,1,0,0,0,1,0,0,0,0,0,0,0,0,0,0,0,0,5,0,0,0,0,0,0,0,0,0,0,0,0,0,0,15,1,0
/Users/kaiohs/Downloads/codes/lab02-experimentacao-software/data/repos/javaparser__javaparser/javaparser-symbol-solver-testing/src/test/java/com/github/javaparser/symbolsolver/model/typesystem/VoidTypeTest.java,com.github.javaparser.symbolsolver.model.typesystem.VoidTypeTest,class,9,9,0,9,13,1,0,18,76,0.89230776,0.0,0.0,13,0,0,0,0,13,13,0,0,0,5,0,0,5,0,0,0,0,1,54,0,0,0,0,0,3,0,5,0,5,0,0,0,3,45,0,0
/Users/kaiohs/Downloads/codes/lab02-experimentacao-software/data/repos/javaparser__javaparser/javaparser-core-testing/src/test/java/com/github/javaparser/ast/validator/Java11ValidatorTest.java,com.github.javaparser.ast.validator.Java11ValidatorTest,class,6,6,0,6,3,1,0,5,0,0.0,0.0,0.0,3,0,0,0,0,3,3,0,0,0,1,1,1,0,0,0,1,0,3,15,0,0,0,0,0,5,0,4,0,4,0,0,0,0,61,0,0
/Users/kaiohs/Downloads/codes/lab02-experimentacao-software/data/repos/javaparser__javaparser/javaparser-symbol-solver-testing/src/test/java/com/github/javaparser/symbolsolver/model/typesystem/NullTypeTest.java,com.github.javaparser.symbolsolver.model.typesystem.NullTypeTest,class,11,11,0,11,18,1,0,18,76,0.89230776,0.0,0.0,13,0,0,0,0,13,13,0,0,0,5,0,0,5,0,0,0,0,1,79,0,0,0,5,0,3,0,5,0,5,1,0,0,3,49,0,0
/Users/kaiohs/Downloads/codes/lab02-experimentacao-software/data/repos/javaparser__javaparser/javaparser-symbol-solver-core/src/main/java/com/github/javaparser/symbolsolver/reflectionmodel/ReflectionConstructorDeclaration.java,com.github.javaparser.symbolsolver.reflectionmodel.ReflectionConstructorDeclaration,class,15,24,3,21,15,1,0,21,0,0.22222222,0.0,0.0,9,0,9,0,0,0,9,0,0,0,2,0,0,2,0,0,0,0,6,47,9,0,1,0,1,1,3,4,1,4,1,0,0,1,40,1,0
/Users/kaiohs/Downloads/codes/lab02-experimentacao-software/data/repos/javaparser__javaparser/javaparser-core/src/main/java/com/github/javaparser/utils/SourceRoot.java,com.github.javaparser.utils.SourceRoot$Callback,interface,2,2,0,2,1,1,0,0,0,0.0,NaN,NaN,1,0,0,0,0,1,1,0,0,0,0,0,0,0,0,0,0,0,0,4,0,0,0,0,0,0,0,0,0,0,0,0,1,0,26,1,0
/Users/kaiohs/Downloads/codes/lab02-experimentacao-software/data/repos/javaparser__javaparser/javaparser-core/src/main/java/com/github/javaparser/ast/validator/postprocessors/Java16PostProcessor.java,com.github.javaparser.ast.validator.postprocessors.Java16PostProcessor,class,1,2,1,1,0,8,1,0,0,0.0,-1.0,-1.0,0,0,0,0,0,0,0,0,0,0,0,0,0,0,0,0,0,0,0,2,0,0,0,0,0,0,0,0,0,0,0,0,0,0,15,1,0
/Users/kaiohs/Downloads/codes/lab02-experimentacao-software/data/repos/javaparser__javaparser/javaparser-core/src/main/java/com/github/javaparser/ast/NodeList.java,com.github.javaparser.ast.NodeList,class,14,125,111,14,92,1,0,70,1413,0.8109453,0.0,0.0,67,4,61,6,0,0,61,0,0,0,3,0,0,3,0,0,2,0,9,358,55,8,9,0,0,7,14,19,4,21,2,0,1,5,145,1,0
/Users/kaiohs/Downloads/codes/lab02-experimentacao-software/data/repos/javaparser__javaparser/javaparser-core/src/main/java/com/github/javaparser/ast/type/UnknownType.java,com.github.javaparser.ast.type.UnknownType,class,17,53,36,17,16,3,0,10,105,0.0,0.0,0.0,15,0,15,0,0,0,15,0,0,0,0,0,0,0,0,0,0,0,1,51,10,0,0,0,0,12,1,0,0,0,1,0,0,0,91,1,0
/Users/kaiohs/Downloads/codes/lab02-experimentacao-software/data/repos/javaparser__javaparser/javaparser-symbol-solver-core/src/main/java/com/github/javaparser/symbolsolver/resolution/typeinference/LeastUpperBoundLogic.java,com.github.javaparser.symbolsolver.resolution.typeinference.LeastUpperBoundLogic$TypeSubstitution,innerclass,3,3,0,3,8,1,0,5,3,0.5555556,0.0,0.0,6,1,5,1,0,0,5,0,0,0,3,1,0,3,0,0,1,0,0,26,4,0,1,0,0,0,1,4,0,4,0,0,0,0,21,8,0
/Users/kaiohs/Downloads/codes/lab02-experimentacao-software/data/repos/javaparser__javaparser/javaparser-core/src/main/java/com/github/javaparser/ast/CompilationUnit.java,com.github.javaparser.ast.CompilationUnit$Storage,innerclass,4,4,0,4,14,1,0,25,8,0.5833333,0.0,0.0,12,0,10,2,0,0,10,0,0,0,3,0,0,3,0,0,3,0,3,56,7,0,0,2,0,0,0,5,0,8,1,0,0,4,86,9,0
/Users/kaiohs/Downloads/codes/lab02-experimentacao-software/data/repos/javaparser__javaparser/javaparser-core/src/main/java/com/github/javaparser/metamodel/ImportDeclarationMetaModel.java,com.github.javaparser.metamodel.ImportDeclarationMetaModel,class,5,7,2,5,1,3,0,0,0,0.0,NaN,NaN,1,0,0,0,0,1,1,0,0,0,4,0,4,0,0,0,0,0,0,9,0,0,0,0,0,4,0,0,0,4,0,0,0,0,40,1,0
/Users/kaiohs/Downloads/codes/lab02-experimentacao-software/data/repos/javaparser__javaparser/javaparser-core/src/main/java/com/github/javaparser/ast/validator/TreeVisitorValidator.java,com.github.javaparser.ast.validator.TreeVisitorValidator,class,4,8,4,4,3,1,0,3,0,0.0,0.0,0.0,2,0,2,0,0,0,2,0,1,0,1,0,0,1,0,0,1,0,0,12,0,1,0,0,0,0,0,1,0,1,1,0,0,0,17,1,0
/Users/kaiohs/Downloads/codes/lab02-experimentacao-software/data/repos/javaparser__javaparser/javaparser-core-testing/src/test/java/com/github/javaparser/ast/visitor/NodeFinderVisitorTest.java,com.github.javaparser.ast.visitor.NodeFinderVisitorTest,class,8,9,1,8,8,1,0,12,1,0.2857143,0.0,0.0,7,0,0,2,0,5,5,0,0,0,1,0,0,0,0,1,0,0,0,42,2,0,1,0,0,11,9,13,2,13,0,0,0,0,36,0,0
/Users/kaiohs/Downloads/codes/lab02-experimentacao-software/data/repos/javaparser__javaparser/javaparser-symbol-solver-testing/src/test/java/com/github/javaparser/symbolsolver/Issue1526Test.java,com.github.javaparser.symbolsolver.Issue1526Test,class,11,11,0,11,3,2,0,17,3,0.77777785,0.0,0.0,3,0,2,1,0,0,2,0,0,0,3,0,0,3,0,0,3,0,1,35,0,0,0,0,0,6,0,10,0,11,1,0,0,3,65,1,0
/Users/kaiohs/Downloads/codes/lab02-experimentacao-software/data/repos/javaparser__javaparser/javaparser-core/src/main/java/com/github/javaparser/metamodel/VarTypeMetaModel.java,com.github.javaparser.metamodel.VarTypeMetaModel,class,4,6,2,4,1,4,0,0,0,0.0,NaN,NaN,1,0,0,0,0,1,1,0,0,0,0,0,0,0,0,0,0,0,0,5,0,0,0,0,0,4,0,0,0,0,0,0,0,0,34,1,0
/Users/kaiohs/Downloads/codes/lab02-experimentacao-software/data/repos/javaparser__javaparser/javaparser-core-testing/src/test/java/com/github/javaparser/ast/WalkFindTest.java,com.github.javaparser.ast.WalkFindTest,class,9,9,0,9,15,1,0,30,66,0.0,0.0,0.0,12,0,0,0,0,12,12,0,0,0,0,0,0,0,0,0,0,0,1,64,0,0,0,0,0,23,9,23,0,29,0,0,0,6,45,1,0
/Users/kaiohs/Downloads/codes/lab02-experimentacao-software/data/repos/javaparser__javaparser/javaparser-core/src/main/java/com/github/javaparser/ast/nodeTypes/NodeWithJavadoc.java,com.github.javaparser.ast.nodeTypes.NodeWithJavadoc,interface,8,18,10,8,12,1,0,14,55,0.0,0.0,0.0,11,0,0,0,0,11,11,0,0,0,0,0,0,0,0,0,0,0,0,33,9,0,0,0,0,1,0,1,0,3,0,0,0,2,39,1,0
/Users/kaiohs/Downloads/codes/lab02-experimentacao-software/data/repos/javaparser__javaparser/javaparser-symbol-solver-core/src/main/java/com/github/javaparser/symbolsolver/javaparsermodel/declarations/JavaParserParameterDeclaration.java,com.github.javaparser.symbolsolver.javaparsermodel.declarations.JavaParserParameterDeclaration,class,11,21,5,16,10,1,0,15,0,0.33333334,0.0,0.0,6,0,6,0,0,0,6,0,0,0,2,0,0,2,0,0,2,0,4,33,6,0,0,0,0,0,0,5,0,4,2,0,0,0,33,1,0
/Users/kaiohs/Downloads/codes/lab02-experimentacao-software/data/repos/javaparser__javaparser/javaparser-symbol-solver-testing/src/test/test_sourcecode/javasymbolsolver_0_6_0/src/java-symbol-solver-core/com/github/javaparser/symbolsolver/javaparser/Navigator.java,com.github.javaparser.symbolsolver.javaparser.Navigator,class,16,40,24,16,76,1,0,44,253,0.0,0.0,0.0,23,22,17,6,0,0,17,0,0,0,0,0,0,0,0,0,0,0,26,232,39,11,12,0,3,13,4,29,2,28,4,0,0,1,84,17,0
/Users/kaiohs/Downloads/codes/lab02-experimentacao-software/data/repos/javaparser__javaparser/javaparser-core/src/main/java/com/github/javaparser/ast/stmt/TryStmt.java,com.github.javaparser.ast.stmt.TryStmt,class,17,47,29,18,46,3,0,31,153,0.7173913,0.0,0.0,23,0,23,0,0,0,23,0,0,0,4,0,0,4,0,0,0,0,2,157,30,4,19,0,0,20,4,8,0,8,2,0,0,0,125,1,0
/Users/kaiohs/Downloads/codes/lab02-experimentacao-software/data/repos/javaparser__javaparser/javaparser-core-testing-bdd/src/test/java/com/github/javaparser/steps/PrettyPrintingSteps.java,com.github.javaparser.steps.PrettyPrintingSteps$Anonymous1,anonymous,0,0,0,0,0,1,0,0,0,0.0,-1.0,-1.0,0,0,0,0,0,0,0,0,0,0,0,0,0,0,0,0,0,0,0,2,0,0,0,0,0,0,0,0,0,0,0,0,0,0,0,-1,0
/Users/kaiohs/Downloads/codes/lab02-experimentacao-software/data/repos/javaparser__javaparser/javaparser-symbol-solver-testing/src/test/java/com/github/javaparser/symbolsolver/javassistmodel/JavassistInterfaceDeclarationTest.java,com.github.javaparser.symbolsolver.javassistmodel.JavassistInterfaceDeclarationTest$TestIsAssignableBy,innerclass,14,14,0,14,6,1,0,13,0,0.16666667,0.0,0.0,6,0,0,0,0,6,6,0,0,0,1,1,0,1,0,0,1,0,2,43,0,0,0,0,0,11,1,19,2,19,0,0,0,0,64,0,0
/Users/kaiohs/Downloads/codes/lab02-experimentacao-software/data/repos/javaparser__javaparser/javaparser-symbol-solver-testing/src/test/test_sourcecode/javaparser_new_src/javaparser-core/com/github/javaparser/ast/comments/CommentsCollection.java,CommentsCollection,class,7,13,6,7,16,1,0,14,0,0.18181819,0.0,0.0,11,0,11,0,0,0,11,0,0,0,1,0,0,1,0,0,1,0,0,42,9,1,3,0,0,0,1,2,1,9,2,0,0,10,42,1,0
/Users/kaiohs/Downloads/codes/lab02-experimentacao-software/data/repos/javaparser__javaparser/javaparser-core/src/main/java/com/github/javaparser/ast/observer/ObservableProperty.java,com.github.javaparser.ast.observer.ObservableProperty$Type,enum,0,0,0,0,1,1,0,0,0,0.0,NaN,NaN,1,0,0,0,0,1,1,0,0,0,2,0,0,2,0,0,0,0,0,7,0,0,0,0,0,0,0,2,0,2,0,0,0,0,20,0,0
/Users/kaiohs/Downloads/codes/lab02-experimentacao-software/data/repos/javaparser__javaparser/javaparser-core/src/main/java/com/github/javaparser/printer/configuration/PrettyPrinterConfiguration.java,com.github.javaparser.printer.configuration.PrettyPrinterConfiguration,class,8,13,5,8,41,1,0,22,0,0.2647059,0.0,0.0,34,0,34,0,0,0,34,0,0,0,1,0,0,0,0,1,0,0,3,120,33,0,0,0,0,0,0,10,0,3,0,0,0,0,139,1,0
/Users/kaiohs/Downloads/codes/lab02-experimentacao-software/data/repos/javaparser__javaparser/javaparser-symbol-solver-testing/src/test/resources/differentiate_dot_expressions/InnerStaticClassFieldDotExpressions.java,InnerStaticClassFieldDotExpressions,class,0,0,0,0,1,1,0,1,0,0.0,NaN,NaN,1,1,1,0,0,0,1,0,0,0,0,0,0,0,0,0,0,0,1,5,0,0,0,0,0,0,0,0,0,0,0,0,0,0,8,1,0
/Users/kaiohs/Downloads/codes/lab02-experimentacao-software/data/repos/javaparser__javaparser/javaparser-symbol-solver-testing/src/test/test_sourcecode/javaparser_src/proper_source/com/github/javaparser/ast/NamedNode.java,com.github.javaparser.ast.NamedNode,interface,0,9,9,0,1,1,0,0,0,0.0,NaN,NaN,1,0,0,0,0,1,1,0,0,0,0,0,0,0,0,0,0,0,0,3,0,0,0,0,0,0,0,0,0,0,0,0,0,0,20,1,0
/Users/kaiohs/Downloads/codes/lab02-experimentacao-software/data/repos/javaparser__javaparser/javaparser-core-serialization/src/main/java/com/github/javaparser/serialization/JavaParserJsonSerializer.java,com.github.javaparser.serialization.JavaParserJsonSerializer$JsonTokenRange,enum,0,0,0,0,2,1,0,0,0,0.0,0.0,0.0,2,0,1,0,0,1,2,0,0,0,1,0,0,0,0,1,1,0,0,8,1,0,0,0,0,2,0,1,0,1,0,0,0,0,19,1,0
/Users/kaiohs/Downloads/codes/lab02-experimentacao-software/data/repos/javaparser__javaparser/javaparser-symbol-solver-testing/src/test/java/com/github/javaparser/symbolsolver/model/typesystem/PrimitiveTypeTest.java,com.github.javaparser.symbolsolver.model.typesystem.PrimitiveTypeTest,class,9,9,0,9,30,1,0,21,116,0.8798077,0.0,0.0,16,0,0,0,0,16,16,0,0,0,13,0,0,13,0,0,0,0,1,257,0,11,0,3,0,10,0,13,0,13,2,0,0,0,66,0,0
/Users/kaiohs/Downloads/codes/lab02-experimentacao-software/data/repos/javaparser__javaparser/javaparser-core/src/main/java/com/github/javaparser/metamodel/TypeExprMetaModel.java,com.github.javaparser.metamodel.TypeExprMetaModel,class,5,7,2,5,1,4,0,0,0,0.0,NaN,NaN,1,0,0,0,0,1,1,0,0,0,1,0,1,0,0,0,0,0,0,6,0,0,0,0,0,4,0,0,0,1,0,0,0,0,37,1,0
/Users/kaiohs/Downloads/codes/lab02-experimentacao-software/data/repos/javaparser__javaparser/javaparser-symbol-solver-core/src/main/java/com/github/javaparser/symbolsolver/logic/AbstractClassDeclaration.java,com.github.javaparser.symbolsolver.logic.AbstractClassDeclaration,class,6,17,8,9,8,2,8,10,10,0.0,0.0,0.0,5,0,4,0,1,0,5,1,3,0,0,0,0,0,0,0,0,0,0,33,4,1,1,0,0,0,0,2,0,4,1,0,0,2,35,1025,0
/Users/kaiohs/Downloads/codes/lab02-experimentacao-software/data/repos/javaparser__javaparser/javaparser-symbol-solver-testing/src/test/test_sourcecode/javasymbolsolver_0_6_0/src/java-symbol-solver-model/com/github/javaparser/symbolsolver/model/resolution/Value.java,com.github.javaparser.symbolsolver.model.resolution.Value,class,4,17,13,4,5,1,0,2,0,0.3,0.0,0.0,5,1,5,0,0,0,5,0,0,0,2,0,0,2,0,0,0,0,0,21,4,0,0,0,0,3,0,3,2,3,0,0,0,0,17,1,0
/Users/kaiohs/Downloads/codes/lab02-experimentacao-software/data/repos/javaparser__javaparser/javaparser-core/src/main/java/com/github/javaparser/JavaToken.java,com.github.javaparser.JavaToken$Category,enum,1,1,0,1,21,1,0,1,45,0.0,0.0,0.0,10,0,10,0,0,0,10,0,0,0,0,0,0,0,0,0,0,0,0,31,10,0,11,0,0,0,0,0,0,0,0,0,0,0,35,1,0
/Users/kaiohs/Downloads/codes/lab02-experimentacao-software/data/repos/javaparser__javaparser/javaparser-core/src/main/java/com/github/javaparser/ast/validator/language_level_validations/Java10PreviewValidator.java,com.github.javaparser.ast.validator.language_level_validations.Java10PreviewValidator,class,1,1,0,1,1,13,0,0,0,0.0,NaN,NaN,1,0,1,0,0,0,1,0,0,0,0,0,0,0,0,0,0,0,0,5,0,0,0,0,0,0,0,0,0,0,0,0,0,0,19,1,0
/Users/kaiohs/Downloads/codes/lab02-experimentacao-software/data/repos/javaparser__javaparser/javaparser-core/src/main/java/com/github/javaparser/metamodel/CompilationUnitMetaModel.java,com.github.javaparser.metamodel.CompilationUnitMetaModel,class,5,7,2,5,1,3,0,0,0,0.0,NaN,NaN,1,0,0,0,0,1,1,0,0,0,4,0,4,0,0,0,0,0,0,9,0,0,0,0,0,4,0,0,0,4,0,0,0,0,40,1,0
/Users/kaiohs/Downloads/codes/lab02-experimentacao-software/data/repos/javaparser__javaparser/javaparser-symbol-solver-testing/src/test/java/com/github/javaparser/symbolsolver/Issue3083Test.java,com.github.javaparser.symbolsolver.Issue3083Test,class,7,7,0,7,1,3,0,6,0,0.0,NaN,NaN,1,0,0,0,0,1,1,0,0,0,0,0,0,0,0,0,0,0,0,10,0,0,0,0,0,12,0,4,1,4,0,0,0,0,31,1,0
/Users/kaiohs/Downloads/codes/lab02-experimentacao-software/data/repos/javaparser__javaparser/javaparser-core-testing/src/test/java/com/github/javaparser/issues/Issue3113Test.java,com.github.javaparser.issues.Issue3113Test,class,4,4,0,4,1,2,0,8,0,0.0,NaN,NaN,1,0,1,0,0,0,1,0,0,0,0,0,0,0,0,0,0,0,0,11,0,0,0,0,0,17,0,4,2,4,0,0,0,0,26,1,0
/Users/kaiohs/Downloads/codes/lab02-experimentacao-software/data/repos/javaparser__javaparser/javaparser-core/src/main/java/com/github/javaparser/printer/configuration/imports/DefaultImportOrderingStrategy.java,com.github.javaparser.printer.configuration.imports.DefaultImportOrderingStrategy,class,3,5,2,3,5,1,0,5,0,0.0,0.0,0.0,3,0,3,0,0,0,3,0,0,0,1,0,0,1,0,0,0,0,2,16,2,0,0,0,0,0,2,3,0,2,1,0,0,1,17,1,0
/Users/kaiohs/Downloads/codes/lab02-experimentacao-software/data/repos/javaparser__javaparser/javaparser-core-testing/src/test/java/com/github/javaparser/ast/body/RecordDeclarationTest.java,com.github.javaparser.ast.body.RecordDeclarationTest,class,15,16,1,15,45,1,0,58,990,0.0,0.0,0.0,45,0,0,3,0,42,42,0,0,0,0,0,0,0,0,0,0,0,39,359,0,0,0,0,0,245,56,121,25,121,1,0,1,2,241,1,0
/Users/kaiohs/Downloads/codes/lab02-experimentacao-software/data/repos/javaparser__javaparser/javaparser-core/src/main/java/com/github/javaparser/ast/validator/postprocessors/Java10PostProcessor.java,com.github.javaparser.ast.validator.postprocessors.Java10PostProcessor$Anonymous1,anonymous,7,7,0,7,4,1,0,16,1,0.0,NaN,NaN,2,0,1,1,0,0,1,0,0,0,0,0,0,0,0,0,0,0,0,16,1,0,0,0,0,1,0,0,0,3,3,0,0,3,19,-1,0
/Users/kaiohs/Downloads/codes/lab02-experimentacao-software/data/repos/javaparser__javaparser/javaparser-symbol-solver-testing/src/test/resources/issue1945/issue1945/implementations/HairTypeWool.java,issue1945.implementations.HairTypeWool,class,2,4,2,2,1,1,0,0,0,0.0,NaN,NaN,1,0,1,0,0,0,1,0,0,0,0,0,0,0,0,0,0,0,0,5,1,0,0,0,0,0,0,0,0,0,0,0,0,0,5,1,0
/Users/kaiohs/Downloads/codes/lab02-experimentacao-software/data/repos/javaparser__javaparser/javaparser-symbol-solver-testing/src/test/java/com/github/javaparser/symbolsolver/Issue1769Test.java,com.github.javaparser.symbolsolver.Issue1769Test,class,9,9,0,9,2,3,0,15,1,0.0,0.0,0.0,2,0,0,0,0,2,2,0,0,0,0,0,0,0,0,0,0,0,2,26,0,0,0,0,0,14,0,10,2,11,1,0,0,1,44,1,0
/Users/kaiohs/Downloads/codes/lab02-experimentacao-software/data/repos/javaparser__javaparser/javaparser-symbol-solver-testing/src/test/java/com/github/javaparser/symbolsolver/Issue1726Test.java,com.github.javaparser.symbolsolver.Issue1726Test,class,8,8,0,8,1,2,0,9,0,0.0,NaN,NaN,1,0,1,0,0,0,1,0,0,0,0,0,0,0,0,0,0,0,0,13,0,0,0,0,2,9,1,5,1,5,0,0,0,0,34,1,0
/Users/kaiohs/Downloads/codes/lab02-experimentacao-software/data/repos/javaparser__javaparser/javaparser-symbol-solver-testing/src/test/test_sourcecode/javasymbolsolver_0_6_0/src/java-symbol-solver-model/com/github/javaparser/symbolsolver/model/declarations/MethodDeclaration.java,com.github.javaparser.symbolsolver.model.declarations.MethodDeclaration,interface,2,52,50,2,4,1,0,0,6,0.0,0.0,0.0,4,0,0,0,0,4,4,0,0,0,0,0,0,0,0,0,0,0,0,6,0,0,0,0,0,0,0,0,0,0,0,0,0,0,43,1,0
/Users/kaiohs/Downloads/codes/lab02-experimentacao-software/data/repos/javaparser__javaparser/javaparser-symbol-solver-testing/src/test/test_sourcecode/javaparser_new_src/javaparser-core/com/github/javaparser/ast/body/VariableDeclaratorId.java,com.github.javaparser.ast.body.VariableDeclaratorId,class,9,30,19,11,9,2,0,6,18,0.61111116,0.0,0.0,9,0,9,0,0,0,9,0,0,0,2,0,0,2,0,0,0,0,0,36,5,0,0,0,0,0,0,3,0,2,0,0,0,0,28,17,0
/Users/kaiohs/Downloads/codes/lab02-experimentacao-software/data/repos/javaparser__javaparser/javaparser-core-testing/src/test/java/com/github/javaparser/ast/visitor/CloneVisitorTest.java,com.github.javaparser.ast.visitor.CloneVisitorTest,class,18,18,0,18,7,1,0,23,0,0.25,0.0,0.0,4,0,0,0,0,4,4,0,0,0,1,0,0,0,0,1,0,0,0,56,0,2,1,0,0,19,0,16,0,15,3,0,0,0,42,0,0
/Users/kaiohs/Downloads/codes/lab02-experimentacao-software/data/repos/javaparser__javaparser/javaparser-core/src/main/java/com/github/javaparser/metamodel/SwitchExprMetaModel.java,com.github.javaparser.metamodel.SwitchExprMetaModel,class,5,7,2,5,1,4,0,0,0,0.0,NaN,NaN,1,0,0,0,0,1,1,0,0,0,2,0,2,0,0,0,0,0,0,7,0,0,0,0,0,4,0,0,0,2,0,0,0,0,38,1,0
/Users/kaiohs/Downloads/codes/lab02-experimentacao-software/data/repos/javaparser__javaparser/javaparser-symbol-solver-testing/src/test/resources/differentiate_dot_expressions/FieldDotExpressions.java,InnerClassFieldContainer$InnerClass$InnerInnerClass$InnerInnerInnerClass,innerclass,1,1,0,1,0,1,0,0,0,NaN,-1.0,-1.0,0,0,0,0,0,0,0,0,0,0,1,0,0,0,0,1,0,0,0,3,0,0,0,0,0,0,0,1,0,1,0,0,0,0,5,0,0
/Users/kaiohs/Downloads/codes/lab02-experimentacao-software/data/repos/javaparser__javaparser/javaparser-symbol-solver-testing/src/test/java/com/github/javaparser/symbolsolver/Issue4722Test.java,com.github.javaparser.symbolsolver.Issue4722Test,class,8,8,0,8,1,1,0,8,0,0.0,NaN,NaN,1,0,0,0,0,1,1,0,0,0,0,0,0,0,0,0,0,0,0,11,0,0,0,0,0,8,0,5,1,5,0,0,0,0,27,1,0
/Users/kaiohs/Downloads/codes/lab02-experimentacao-software/data/repos/javaparser__javaparser/javaparser-core/src/main/java/com/github/javaparser/ast/expr/TextBlockLiteralExpr.java,com.github.javaparser.ast.expr.TextBlockLiteralExpr,class,13,33,20,13,25,5,0,33,171,0.0,0.0,0.0,19,0,15,4,0,0,15,0,0,0,0,0,0,0,0,0,0,0,5,71,15,1,1,0,2,12,7,4,2,8,1,0,0,4,118,1,0
/Users/kaiohs/Downloads/codes/lab02-experimentacao-software/data/repos/javaparser__javaparser/javaparser-core/src/main/java/com/github/javaparser/ast/type/ArrayType.java,com.github.javaparser.ast.type.ArrayType,class,23,71,46,25,39,4,0,43,255,0.75,0.0,0.0,26,3,25,1,0,0,25,0,0,0,2,0,0,2,0,0,0,0,3,167,27,3,7,0,0,16,6,14,4,11,4,0,2,0,138,1,0
/Users/kaiohs/Downloads/codes/lab02-experimentacao-software/data/repos/javaparser__javaparser/javaparser-core/src/main/java/com/github/javaparser/CommentsInserter.java,com.github.javaparser.CommentsInserter,class,9,13,1,12,42,1,0,47,19,0.71428573,0.0,0.0,7,0,0,5,0,2,2,0,0,0,1,0,0,1,0,0,1,0,3,116,11,4,4,0,4,0,2,17,2,21,4,0,0,7,84,0,0
/Users/kaiohs/Downloads/codes/lab02-experimentacao-software/data/repos/javaparser__javaparser/javaparser-core/src/main/java/com/github/javaparser/printer/concretesyntaxmodel/CsmToken.java,com.github.javaparser.printer.concretesyntaxmodel.CsmToken,class,8,19,11,8,23,1,0,22,0,0.4166667,0.0,0.0,12,0,12,0,0,0,12,0,0,0,2,0,0,2,0,0,1,0,7,63,13,0,8,0,4,3,4,10,3,4,1,0,0,0,41,1,0
/Users/kaiohs/Downloads/codes/lab02-experimentacao-software/data/repos/javaparser__javaparser/javaparser-core/src/main/java/com/github/javaparser/ast/body/EnumConstantDeclaration.java,com.github.javaparser.ast.body.EnumConstantDeclaration,class,22,74,44,30,38,3,0,30,138,0.7142857,0.0,0.0,21,0,21,0,0,0,21,0,0,0,3,0,0,3,0,0,0,0,1,130,25,4,13,0,0,17,4,7,0,7,2,0,0,0,74,1,0
/Users/kaiohs/Downloads/codes/lab02-experimentacao-software/data/repos/javaparser__javaparser/javaparser-core/src/main/java/com/github/javaparser/ast/type/TypeParameter.java,com.github.javaparser.ast.type.TypeParameter,class,21,67,44,23,35,4,0,38,204,0.7083333,0.0,0.0,24,0,24,0,0,0,24,0,0,0,2,0,0,2,0,0,0,0,3,120,23,2,9,0,0,19,2,5,0,6,2,0,0,1,105,1,0
/Users/kaiohs/Downloads/codes/lab02-experimentacao-software/data/repos/javaparser__javaparser/javaparser-symbol-solver-testing/src/test/resources/issue1945/issue1945/interfaces/HairyAnimal.java,issue1945.interfaces.HairyAnimal,interface,1,5,4,1,1,1,0,0,0,0.0,NaN,NaN,1,0,0,0,0,1,1,0,0,0,0,0,0,0,0,0,0,0,0,3,0,0,0,0,0,0,0,0,0,0,0,0,0,0,5,1,0
/Users/kaiohs/Downloads/codes/lab02-experimentacao-software/data/repos/javaparser__javaparser/javaparser-symbol-solver-testing/src/test/resources/enums/EnumWithInnerType.java,EnumWithInnerType,enum,0,0,0,0,0,1,0,0,0,0.0,-1.0,-1.0,0,0,0,0,0,0,0,0,0,0,0,0,0,0,0,0,0,0,0,3,0,0,0,0,0,0,0,0,0,0,0,0,1,0,12,9,0
/Users/kaiohs/Downloads/codes/lab02-experimentacao-software/data/repos/javaparser__javaparser/javaparser-core/src/main/java/com/github/javaparser/printer/concretesyntaxmodel/CsmString.java,com.github.javaparser.printer.concretesyntaxmodel.CsmString,class,5,8,3,5,4,1,0,6,0,0.25,0.0,0.0,4,0,4,0,0,0,4,0,0,0,1,0,0,1,0,0,1,0,1,17,2,0,0,0,0,3,0,1,0,1,0,0,0,0,15,1,0
/Users/kaiohs/Downloads/codes/lab02-experimentacao-software/data/repos/javaparser__javaparser/javaparser-symbol-solver-testing/src/test/resources/javassist_symbols/main_jar/src/com/github/javaparser/javasymbolsolver/javassist_symbols/main_jar/SubInterfaceIncludedJar.java,com.github.javaparser.javasymbolsolver.javassist_symbols.main_jar.SubInterfaceIncludedJar,interface,1,1,0,1,0,1,0,0,0,NaN,-1.0,-1.0,0,0,0,0,0,0,0,0,0,0,1,1,1,0,0,0,1,0,0,3,0,0,0,0,0,1,0,1,0,1,0,0,0,0,13,1,0
/Users/kaiohs/Downloads/codes/lab02-experimentacao-software/data/repos/javaparser__javaparser/javaparser-core/src/main/java/com/github/javaparser/ast/validator/language_level_validations/Java16PreviewValidator.java,com.github.javaparser.ast.validator.language_level_validations.Java16PreviewValidator,class,1,1,0,1,1,19,0,0,0,0.0,NaN,NaN,1,0,1,0,0,0,1,0,0,0,0,0,0,0,0,0,0,0,0,5,0,0,0,0,0,0,0,0,0,0,0,0,0,0,19,1,0
/Users/kaiohs/Downloads/codes/lab02-experimentacao-software/data/repos/javaparser__javaparser/javaparser-core/src/main/java/com/github/javaparser/ast/expr/ComponentPatternExpr.java,com.github.javaparser.ast.expr.ComponentPatternExpr,class,9,19,10,9,8,3,2,4,28,0.0,0.0,0.0,8,0,8,0,0,0,8,0,0,0,0,0,0,0,0,0,0,0,1,26,5,0,0,0,0,7,0,0,0,0,0,0,0,0,104,1025,0
/Users/kaiohs/Downloads/codes/lab02-experimentacao-software/data/repos/javaparser__javaparser/javaparser-symbol-solver-testing/src/test/java/com/github/javaparser/symbolsolver/javaparsermodel/declarations/JavaParserClassDeclarationTest.java,com.github.javaparser.symbolsolver.javaparsermodel.declarations.JavaParserClassDeclarationTest,class,27,28,1,27,50,3,0,96,141,0.74456525,0.0,0.0,46,0,1,2,0,43,44,0,0,0,4,0,0,4,0,0,0,0,22,548,2,2,1,0,0,410,131,182,1,119,1,0,0,13,166,0,0
/Users/kaiohs/Downloads/codes/lab02-experimentacao-software/data/repos/javaparser__javaparser/javaparser-core/src/main/java/com/github/javaparser/ParseStart.java,com.github.javaparser.ParseStart,interface,24,34,2,32,1,1,0,0,0,1.0,NaN,NaN,1,0,0,0,0,1,1,0,0,0,22,0,0,0,0,22,0,0,0,25,0,0,0,0,0,0,0,22,0,22,0,0,0,0,53,1,0
/Users/kaiohs/Downloads/codes/lab02-experimentacao-software/data/repos/javaparser__javaparser/javaparser-core-testing/src/test/java/com/github/javaparser/ast/CompilationUnitTest.java,com.github.javaparser.ast.CompilationUnitTest,class,4,5,1,4,8,1,0,18,28,0.0,0.0,0.0,8,0,0,0,0,8,8,0,0,0,0,0,0,0,0,0,0,0,10,51,0,0,0,0,0,55,1,22,1,22,1,0,0,1,45,0,0
/Users/kaiohs/Downloads/codes/lab02-experimentacao-software/data/repos/javaparser__javaparser/javaparser-core-testing-bdd/src/test/java/com/github/javaparser/steps/PositionRangeSteps.java,com.github.javaparser.steps.PositionRangeSteps,class,6,7,1,6,15,1,0,10,0,0.48076925,0.0,0.0,13,0,13,0,0,0,13,0,0,0,4,0,0,4,0,0,0,0,0,58,0,0,2,0,0,12,0,8,0,4,1,0,0,0,47,1,0
/Users/kaiohs/Downloads/codes/lab02-experimentacao-software/data/repos/javaparser__javaparser/javaparser-core-testing/src/test/java/com/github/javaparser/printer/lexicalpreservation/IndentationContextTest.java,com.github.javaparser.printer.lexicalpreservation.IndentationContextTest$SizeTests,innerclass,3,3,0,3,4,1,0,5,6,0.0,0.0,0.0,4,0,0,0,0,4,4,0,0,0,0,0,0,0,0,0,0,0,0,21,0,0,0,0,0,5,4,0,0,0,0,0,0,0,18,0,0
/Users/kaiohs/Downloads/codes/lab02-experimentacao-software/data/repos/javaparser__javaparser/javaparser-core-testing-bdd/src/test/resources/com/github/javaparser/samples/JavaConcepts.java,japa.bdd.samples.JavaConcepts$Teste,enum,0,0,0,0,0,1,0,0,0,0.0,-1.0,-1.0,0,0,0,0,0,0,0,0,0,0,0,0,0,0,0,0,0,0,0,1,0,0,0,0,0,0,0,0,0,0,0,0,0,0,3,1,0
/Users/kaiohs/Downloads/codes/lab02-experimentacao-software/data/repos/javaparser__javaparser/javaparser-core-testing/src/test/resources/com/github/javaparser/EscapeSequences.java,com.github.javaparser.EscapeSequences,class,0,0,0,0,3,1,0,2,0,0.0,NaN,NaN,1,1,1,0,0,0,1,0,0,0,0,0,0,0,0,0,0,0,0,13,0,1,0,0,0,8,0,1,1,1,2,0,0,0,8,1,0
/Users/kaiohs/Downloads/codes/lab02-experimentacao-software/data/repos/javaparser__javaparser/javaparser-symbol-solver-testing/src/test/resources/issue2489/ComponentBase.java,ComponentBase,class,1,1,0,1,0,3,0,0,0,0.0,-1.0,-1.0,0,0,0,0,0,0,0,0,0,0,0,0,0,0,0,0,0,0,0,2,0,0,0,0,0,0,0,0,0,0,0,0,0,0,5,1,0
/Users/kaiohs/Downloads/codes/lab02-experimentacao-software/data/repos/javaparser__javaparser/javaparser-symbol-solver-testing/src/test/java/com/github/javaparser/symbolsolver/resolution/naming/NameLogicTest.java,com.github.javaparser.symbolsolver.resolution.naming.NameLogicTest,class,14,15,1,14,130,4,0,29,8385,0.0,0.0,0.0,130,0,0,4,0,126,126,0,0,0,0,0,0,0,0,0,0,0,0,448,0,0,0,0,0,336,11,20,24,20,0,0,0,0,165,0,0
/Users/kaiohs/Downloads/codes/lab02-experimentacao-software/data/repos/javaparser__javaparser/javaparser-symbol-solver-testing/src/test/java/com/github/javaparser/symbolsolver/Issue251Test.java,com.github.javaparser.symbolsolver.Issue251Test,class,10,10,0,10,1,3,0,9,0,0.0,NaN,NaN,1,0,0,0,0,1,1,0,0,0,0,0,0,0,0,0,0,0,0,12,0,0,0,0,0,3,1,7,0,7,0,0,0,0,35,0,0
/Users/kaiohs/Downloads/codes/lab02-experimentacao-software/data/repos/javaparser__javaparser/javaparser-core-testing/src/test/java/com/github/javaparser/ast/validator/Java16ValidatorTest.java,com.github.javaparser.ast.validator.Java16ValidatorTest$Record$RecordDeclarationPermitted,innerclass,5,5,0,5,1,1,0,3,0,0.0,NaN,NaN,1,0,0,0,0,1,1,0,0,0,0,0,0,0,0,0,0,0,1,7,0,0,0,0,0,1,0,2,0,2,0,0,0,0,10,0,0
/Users/kaiohs/Downloads/codes/lab02-experimentacao-software/data/repos/javaparser__javaparser/javaparser-core/src/main/java/com/github/javaparser/ast/stmt/UnparsableStmt.java,com.github.javaparser.ast.stmt.UnparsableStmt,class,13,32,19,13,11,3,0,6,55,0.0,0.0,0.0,11,0,11,0,0,0,11,0,0,0,0,0,0,0,0,0,0,0,1,36,7,0,0,0,0,9,0,0,0,0,0,0,0,0,52,1,0
/Users/kaiohs/Downloads/codes/lab02-experimentacao-software/data/repos/javaparser__javaparser/javaparser-symbol-solver-testing/src/test/java/com/github/javaparser/symbolsolver/Issue2284Test.java,com.github.javaparser.symbolsolver.Issue2284Test,class,8,8,0,8,1,2,0,8,0,0.0,NaN,NaN,1,0,1,0,0,0,1,0,0,0,0,0,0,0,0,0,0,0,0,15,0,0,0,0,0,13,0,5,1,6,1,0,0,1,37,1,0
/Users/kaiohs/Downloads/codes/lab02-experimentacao-software/data/repos/javaparser__javaparser/javaparser-core/src/main/java/com/github/javaparser/ast/expr/LiteralExpr.java,com.github.javaparser.ast.expr.LiteralExpr,class,9,17,7,10,8,3,9,4,28,0.0,0.0,0.0,8,0,8,0,0,0,8,0,0,0,0,0,0,0,0,0,0,0,1,27,5,0,0,0,0,7,0,0,0,0,0,0,0,0,37,1025,0
/Users/kaiohs/Downloads/codes/lab02-experimentacao-software/data/repos/javaparser__javaparser/javaparser-core-testing/src/test/java/com/github/javaparser/utils/UtilsTest.java,com.github.javaparser.utils.UtilsTest,class,1,1,0,1,25,1,0,29,300,0.0,0.0,0.0,25,0,0,0,0,25,25,0,0,0,0,0,0,0,0,0,0,0,9,123,0,0,0,0,0,94,12,2,0,2,0,1,0,7,70,0,0
/Users/kaiohs/Downloads/codes/lab02-experimentacao-software/data/repos/javaparser__javaparser/javaparser-symbol-solver-testing/src/test/java/com/github/javaparser/symbolsolver/resolution/typesolvers/JavaParserTypeSolverTest.java,com.github.javaparser.symbolsolver.resolution.typesolvers.JavaParserTypeSolverTest,class,12,12,0,12,10,3,0,26,43,0.8,0.0,0.0,10,0,7,0,0,3,10,0,0,0,1,1,0,1,0,0,1,0,12,87,1,0,0,0,0,24,1,29,0,29,0,0,1,1,89,0,0
/Users/kaiohs/Downloads/codes/lab02-experimentacao-software/data/repos/javaparser__javaparser/javaparser-symbol-solver-testing/src/test/resources/CompilationUnitContextResolutionTest/03_symbol/main/Clazz.java,main.Clazz,class,0,0,0,0,0,1,0,0,0,0.0,-1.0,-1.0,0,0,0,0,0,0,0,0,0,0,0,0,0,0,0,0,0,0,0,3,0,0,0,0,0,0,0,0,0,0,0,0,1,0,6,1,0
/Users/kaiohs/Downloads/codes/lab02-experimentacao-software/data/repos/javaparser__javaparser/javaparser-core/src/main/java/com/github/javaparser/ast/nodeTypes/NodeWithRange.java,com.github.javaparser.ast.nodeTypes.NodeWithRange,interface,5,11,6,5,9,1,0,9,21,0.0,0.0,0.0,7,0,0,0,0,7,7,0,0,0,0,0,0,0,0,0,0,0,0,22,6,0,0,0,0,0,0,0,0,2,1,0,0,2,69,1,0
/Users/kaiohs/Downloads/codes/lab02-experimentacao-software/data/repos/javaparser__javaparser/javaparser-core-generators/src/main/java/com/github/javaparser/generator/core/visitor/GenericVisitorWithDefaultsGenerator.java,com.github.javaparser.generator.core.visitor.GenericVisitorWithDefaultsGenerator,class,6,7,1,6,2,2,0,8,1,0.0,0.0,0.0,2,0,1,0,1,0,2,0,0,0,0,0,0,0,0,0,0,0,0,11,0,0,0,0,0,5,0,1,0,2,0,0,0,1,29,1,0
/Users/kaiohs/Downloads/codes/lab02-experimentacao-software/data/repos/javaparser__javaparser/javaparser-symbol-solver-core/src/main/java/com/github/javaparser/symbolsolver/resolution/typeinference/ConstraintFormula.java,com.github.javaparser.symbolsolver.resolution.typeinference.ConstraintFormula$ReductionResult,innerclass,4,4,0,4,22,1,0,17,38,0.5,0.0,0.0,17,8,16,1,0,0,16,0,0,0,2,0,0,2,0,0,0,0,8,77,19,0,3,0,0,6,1,14,5,8,1,0,0,0,42,9,0
/Users/kaiohs/Downloads/codes/lab02-experimentacao-software/data/repos/javaparser__javaparser/javaparser-symbol-solver-testing/src/test/test_sourcecode/javasymbolsolver_0_6_0/src/java-symbol-solver-logic/com/github/javaparser/symbolsolver/logic/ConfilictingGenericTypesException.java,com.github.javaparser.symbolsolver.logic.ConfilictingGenericTypesException,class,1,2,1,1,1,4,0,1,0,0.0,NaN,NaN,1,0,1,0,0,0,1,0,0,0,0,0,0,0,0,0,0,0,1,5,0,0,0,0,0,1,0,0,0,0,0,0,0,0,13,1,0
/Users/kaiohs/Downloads/codes/lab02-experimentacao-software/data/repos/javaparser__javaparser/javaparser-symbol-solver-testing/src/test/java/com/github/javaparser/symbolsolver/Issue3200Test.java,com.github.javaparser.symbolsolver.Issue3200Test,class,8,8,0,8,2,1,0,10,1,0.0,0.0,0.0,2,0,2,0,0,0,2,0,0,0,0,0,0,0,0,0,0,0,0,27,0,0,0,0,0,31,2,12,2,12,0,0,0,0,38,1,0
/Users/kaiohs/Downloads/codes/lab02-experimentacao-software/data/repos/javaparser__javaparser/javaparser-core/src/main/java/com/github/javaparser/printer/lexicalpreservation/ReshuffledDiffElementExtractor.java,com.github.javaparser.printer.lexicalpreservation.ReshuffledDiffElementExtractor$MatchClassification,enum,0,0,0,0,2,1,0,0,0,0.0,0.0,0.0,2,0,0,0,0,2,2,0,0,0,1,0,0,1,0,0,1,0,0,8,1,0,0,0,0,0,5,1,0,1,0,0,0,0,23,2,0
/Users/kaiohs/Downloads/codes/lab02-experimentacao-software/data/repos/javaparser__javaparser/javaparser-symbol-solver-testing/src/test/resources/TypeResolutionWithSameNameTest/00_package_precedes_nested_class/extends_duplicate/A.java,extends_duplicate.A$DuplicateTypeName,innerclass,1,1,0,1,0,3,0,0,0,0.0,-1.0,-1.0,0,0,0,0,0,0,0,0,0,0,0,0,0,0,0,0,0,0,0,2,0,0,0,0,0,0,0,0,0,0,0,0,0,0,4,0,0
/Users/kaiohs/Downloads/codes/lab02-experimentacao-software/data/repos/javaparser__javaparser/javaparser-core/src/main/java/com/github/javaparser/metamodel/MatchAllPatternExprMetaModel.java,com.github.javaparser.metamodel.MatchAllPatternExprMetaModel,class,5,7,2,5,1,5,0,0,0,0.0,NaN,NaN,1,0,0,0,0,1,1,0,0,0,1,0,1,0,0,0,0,0,0,6,0,0,0,0,0,4,0,0,0,1,0,0,0,0,39,1,0
/Users/kaiohs/Downloads/codes/lab02-experimentacao-software/data/repos/javaparser__javaparser/javaparser-symbol-solver-testing/src/test/java/com/github/javaparser/symbolsolver/javassistmodel/JavassistEnumConstantDeclarationTest.java,com.github.javaparser.symbolsolver.javassistmodel.JavassistEnumConstantDeclarationTest,class,9,9,0,9,4,1,0,4,3,0.0,0.0,0.0,3,0,3,0,0,0,3,0,0,0,0,0,0,0,0,0,0,0,1,19,3,0,0,1,0,4,0,3,0,3,1,0,0,0,35,0,0
/Users/kaiohs/Downloads/codes/lab02-experimentacao-software/data/repos/javaparser__javaparser/javaparser-symbol-solver-testing/src/test/java/com/github/javaparser/symbolsolver/Issue84Test.java,com.github.javaparser.symbolsolver.Issue84Test,class,7,7,0,7,1,2,0,9,0,0.0,NaN,NaN,1,0,0,0,0,1,1,0,0,0,0,0,0,0,0,0,0,0,1,9,0,0,0,0,0,2,0,4,0,4,0,0,0,0,26,0,0
/Users/kaiohs/Downloads/codes/lab02-experimentacao-software/data/repos/javaparser__javaparser/javaparser-core/src/main/java/com/github/javaparser/ast/stmt/ThrowStmt.java,com.github.javaparser.ast.stmt.ThrowStmt,class,15,38,23,15,18,3,0,12,71,0.64285713,0.0,0.0,14,0,14,0,0,0,14,0,0,0,1,0,0,1,0,0,0,0,1,62,12,0,4,0,0,12,0,1,0,1,1,0,0,0,58,1,0
/Users/kaiohs/Downloads/codes/lab02-experimentacao-software/data/repos/javaparser__javaparser/javaparser-core-testing/src/test/java/com/github/javaparser/printer/lexicalpreservation/Issue3358Test.java,com.github.javaparser.printer.lexicalpreservation.Issue3358Test,class,2,2,0,2,4,2,0,14,6,0.0,0.0,0.0,4,0,0,0,0,4,4,0,0,0,0,0,0,0,0,0,0,0,0,30,0,0,0,0,0,8,0,4,0,8,0,0,0,4,27,1,0
/Users/kaiohs/Downloads/codes/lab02-experimentacao-software/data/repos/javaparser__javaparser/javaparser-symbol-solver-core/src/main/java/com/github/javaparser/symbolsolver/resolution/promotion/NumericConditionalExprHandler.java,com.github.javaparser.symbolsolver.resolution.promotion.NumericConditionalExprHandler,class,5,7,2,5,41,1,0,34,13,0.75,0.0,0.0,6,0,2,0,4,0,7,0,0,0,4,2,0,2,0,2,0,0,4,58,13,0,3,0,10,0,0,8,0,12,2,0,0,4,33,1,0
/Users/kaiohs/Downloads/codes/lab02-experimentacao-software/data/repos/javaparser__javaparser/javaparser-symbol-solver-testing/src/test/resources/javassist_symbols/included_jar/src/com/github/javaparser/javasymbolsolver/javassist_symbols/included_jar/SuperClassIncludedJar.java,com.github.javaparser.javasymbolsolver.javassist_symbols.included_jar.SuperClassIncludedJar,class,0,1,1,0,0,1,1,0,0,NaN,-1.0,-1.0,0,0,0,0,0,0,0,0,0,0,1,1,1,0,0,0,1,0,0,3,0,0,0,0,0,1,0,1,0,1,0,0,0,0,14,1,0
/Users/kaiohs/Downloads/codes/lab02-experimentacao-software/data/repos/javaparser__javaparser/javaparser-core-testing/src/test/java/com/github/javaparser/ast/visitor/ObjectIdentityEqualsVisitorTest.java,com.github.javaparser.ast.visitor.ObjectIdentityEqualsVisitorTest,class,103,103,0,103,100,1,0,3,4950,0.0,0.0,0.0,100,0,0,0,0,100,100,0,0,0,0,0,0,0,0,0,0,0,0,602,0,0,0,0,0,2,0,200,0,200,0,0,0,0,115,0,0
/Users/kaiohs/Downloads/codes/lab02-experimentacao-software/data/repos/javaparser__javaparser/javaparser-symbol-solver-testing/src/test/resources/Ancestor.java,Ancestor,class,0,0,0,0,0,1,0,0,0,0.0,-1.0,-1.0,0,0,0,0,0,0,0,0,0,0,0,0,0,0,0,0,0,0,0,4,0,0,0,0,0,0,0,0,0,0,0,0,1,0,1,1,0
/Users/kaiohs/Downloads/codes/lab02-experimentacao-software/data/repos/javaparser__javaparser/javaparser-core-testing/src/test/java/com/github/javaparser/builders/CompilationUnitBuildersTest.java,com.github.javaparser.builders.CompilationUnitBuildersTest,class,18,19,1,18,29,1,0,51,0,0.03448276,0.0,0.0,29,0,2,1,0,26,28,0,0,0,1,0,0,1,0,0,1,0,0,186,1,0,0,0,0,62,49,7,15,8,0,1,4,3,79,0,0
/Users/kaiohs/Downloads/codes/lab02-experimentacao-software/data/repos/javaparser__javaparser/javaparser-core-testing/src/test/java/com/github/javaparser/JavaParserTest.java,com.github.javaparser.JavaParserTest,class,30,32,2,30,29,1,0,73,406,0.0,0.0,0.0,29,1,0,1,0,28,28,0,0,0,0,0,0,0,0,0,0,0,3,189,1,0,0,0,0,62,101,66,7,64,0,0,0,1,142,0,0
/Users/kaiohs/Downloads/codes/lab02-experimentacao-software/data/repos/javaparser__javaparser/javaparser-core/src/main/java/com/github/javaparser/utils/CodeGenerationUtils.java,com.github.javaparser.utils.CodeGenerationUtils,class,2,23,21,2,26,1,0,25,105,0.0,0.0,0.0,15,14,14,1,0,0,14,0,0,0,0,0,0,0,0,0,0,0,20,84,20,1,1,1,0,20,1,5,5,0,2,0,0,0,105,17,0
/Users/kaiohs/Downloads/codes/lab02-experimentacao-software/data/repos/javaparser__javaparser/javaparser-symbol-solver-testing/src/test/test_sourcecode/javaparser_new_src/javaparser-core/com/github/javaparser/ast/stmt/LabeledStmt.java,LabeledStmt,class,8,22,14,8,9,1,0,4,14,0.5555556,0.0,0.0,9,0,9,0,0,0,9,0,0,0,2,0,0,2,0,0,0,0,0,36,5,0,0,0,0,0,0,2,0,2,0,0,0,0,21,17,0
/Users/kaiohs/Downloads/codes/lab02-experimentacao-software/data/repos/javaparser__javaparser/javaparser-core/src/main/java/com/github/javaparser/ast/nodeTypes/NodeWithOptionalBlockStmt.java,com.github.javaparser.ast.nodeTypes.NodeWithOptionalBlockStmt,interface,3,5,2,3,4,1,0,1,6,0.0,0.0,0.0,4,0,0,0,0,4,4,0,0,0,0,0,0,0,0,0,0,0,0,10,1,0,0,0,0,0,0,1,0,1,0,0,0,0,18,1,0
/Users/kaiohs/Downloads/codes/lab02-experimentacao-software/data/repos/javaparser__javaparser/javaparser-symbol-solver-testing/src/test/java/com/github/javaparser/symbolsolver/logic/AbstractTypeDeclarationTest.java,com.github.javaparser.symbolsolver.logic.AbstractTypeDeclarationTest,class,6,12,6,6,3,2,5,4,3,0.0,0.0,0.0,3,0,2,0,0,1,3,2,0,0,0,0,0,0,0,0,0,0,0,8,0,0,0,0,0,1,0,1,0,1,0,0,0,0,34,1025,0
/Users/kaiohs/Downloads/codes/lab02-experimentacao-software/data/repos/javaparser__javaparser/javaparser-symbol-solver-testing/src/test/java/com/github/javaparser/symbolsolver/Issue3173Test.java,com.github.javaparser.symbolsolver.Issue3173Test,class,7,7,0,7,1,3,0,11,0,0.0,NaN,NaN,1,0,1,0,0,0,1,0,0,0,0,0,0,0,0,0,0,0,0,15,0,0,0,0,0,6,0,4,1,5,1,0,0,1,27,1,0
/Users/kaiohs/Downloads/codes/lab02-experimentacao-software/data/repos/javaparser__javaparser/javaparser-symbol-solver-testing/src/test/java/com/github/javaparser/symbolsolver/testingclasses/SomeClass.java,com.github.javaparser.symbolsolver.testingclasses.SomeClass$InnerEnum,enum,0,0,0,0,0,1,0,0,0,0.0,-1.0,-1.0,0,0,0,0,0,0,0,0,0,0,0,0,0,0,0,0,0,0,0,1,0,0,0,0,0,0,0,0,0,0,0,0,0,0,9,1,0
/Users/kaiohs/Downloads/codes/lab02-experimentacao-software/data/repos/javaparser__javaparser/javaparser-symbol-solver-testing/src/test/resources/ImplementedOrExtendedTypeResolution/pkg/another/A.java,another.A,interface,0,1,1,0,0,1,0,0,0,0.0,-1.0,-1.0,0,0,0,0,0,0,0,0,0,0,0,0,0,0,0,0,0,0,0,2,0,0,0,0,0,0,0,0,0,0,0,0,0,0,1,0,0
/Users/kaiohs/Downloads/codes/lab02-experimentacao-software/data/repos/javaparser__javaparser/javaparser-core/src/main/java/com/github/javaparser/printer/lexicalpreservation/TextElementIteratorsFactory.java,com.github.javaparser.printer.lexicalpreservation.TextElementIteratorsFactory$ComposedIterator,innerclass,2,2,0,2,7,1,0,6,0,0.0,0.0,0.0,4,0,3,0,0,1,4,0,0,0,2,0,0,2,0,0,1,0,0,27,4,0,0,0,0,0,1,2,0,2,1,0,0,0,15,8,0
/Users/kaiohs/Downloads/codes/lab02-experimentacao-software/data/repos/javaparser__javaparser/javaparser-symbol-solver-testing/src/test/resources/issue2362/Test.java,Test$InnerClass,innerclass,0,0,0,0,1,1,0,0,0,0.0,NaN,NaN,1,0,1,0,0,0,1,0,0,0,0,0,0,0,0,0,0,0,0,4,0,0,0,0,0,0,0,0,0,0,0,0,0,0,3,1,0
/Users/kaiohs/Downloads/codes/lab02-experimentacao-software/data/repos/javaparser__javaparser/javaparser-core-testing/src/test/java/com/github/javaparser/ast/expr/StringLiteralExprTest.java,com.github.javaparser.ast.expr.StringLiteralExprTest,class,2,2,0,2,1,1,0,3,0,0.0,NaN,NaN,1,0,0,0,0,1,1,0,0,0,0,0,0,0,0,0,0,0,0,6,0,0,0,0,0,2,0,1,0,1,0,0,0,0,15,0,0
/Users/kaiohs/Downloads/codes/lab02-experimentacao-software/data/repos/javaparser__javaparser/javaparser-core/src/main/java/com/github/javaparser/ast/modules/ModuleDirective.java,com.github.javaparser.ast.modules.ModuleDirective,class,13,26,13,13,44,2,5,6,946,0.0,0.0,0.0,44,0,44,0,0,0,44,0,0,0,0,0,0,0,0,0,0,0,10,125,22,0,0,0,0,53,0,0,0,0,0,0,0,0,45,1025,0
/Users/kaiohs/Downloads/codes/lab02-experimentacao-software/data/repos/javaparser__javaparser/javaparser-symbol-solver-testing/src/test/java/com/github/javaparser/resolution/declarations/ResolvedTypeDeclarationTest.java,com.github.javaparser.resolution.declarations.ResolvedTypeDeclarationTest,interface,4,7,3,4,14,1,0,12,36,0.0,0.0,0.0,9,0,0,0,0,9,9,0,0,0,0,0,0,0,0,0,0,0,0,37,0,0,0,0,0,0,0,5,0,5,1,0,0,0,34,1,0
/Users/kaiohs/Downloads/codes/lab02-experimentacao-software/data/repos/javaparser__javaparser/javaparser-symbol-solver-testing/src/test/java/com/github/javaparser/symbolsolver/resolution/typesolvers/AarTypeSolverTest.java,com.github.javaparser.symbolsolver.resolution.typesolvers.AarTypeSolverTest,class,4,4,0,4,3,3,0,4,1,0.5,0.0,0.0,2,0,1,0,0,1,2,0,0,0,1,1,0,1,0,0,1,0,2,27,1,0,0,1,0,11,0,4,0,4,1,0,0,1,34,0,0
/Users/kaiohs/Downloads/codes/lab02-experimentacao-software/data/repos/javaparser__javaparser/javaparser-symbol-solver-core/src/main/java/com/github/javaparser/symbolsolver/javaparsermodel/contexts/MethodCallExprContext.java,com.github.javaparser.symbolsolver.javaparsermodel.contexts.MethodCallExprContext,class,36,65,2,63,102,3,0,133,171,0.0,0.0,0.0,19,0,5,14,0,0,5,0,0,0,0,0,0,0,0,0,0,0,22,312,33,18,5,0,6,8,12,78,7,61,4,0,0,2,111,1,0
/Users/kaiohs/Downloads/codes/lab02-experimentacao-software/data/repos/javaparser__javaparser/javaparser-symbol-solver-testing/src/test/java/com/github/javaparser/symbolsolver/resolution/ImplementedOrExtendedTypeResolutionTest.java,com.github.javaparser.symbolsolver.resolution.ImplementedOrExtendedTypeResolutionTest,class,9,9,0,9,6,3,0,13,15,0.0,0.0,0.0,6,0,0,0,0,6,6,0,0,0,0,0,0,0,0,0,0,0,2,39,0,0,0,0,0,26,0,11,0,11,0,0,0,0,53,0,0
/Users/kaiohs/Downloads/codes/lab02-experimentacao-software/data/repos/javaparser__javaparser/javaparser-core-testing/src/test/java/com/github/javaparser/printer/lexicalpreservation/Issue4829Test.java,com.github.javaparser.printer.lexicalpreservation.Issue4829Test,class,5,5,0,5,1,2,0,9,0,0.0,NaN,NaN,1,0,1,0,0,0,1,0,0,0,0,0,0,0,0,0,0,0,1,11,0,0,0,0,0,2,0,2,0,3,0,0,0,1,22,0,0
/Users/kaiohs/Downloads/codes/lab02-experimentacao-software/data/repos/javaparser__javaparser/javaparser-core/src/main/java/com/github/javaparser/ast/observer/PropagatingAstObserver.java,com.github.javaparser.ast.observer.PropagatingAstObserver$Anonymous1,anonymous,5,5,0,5,3,1,0,3,3,0.0,0.0,0.0,3,0,3,0,0,0,3,0,0,0,0,0,0,0,0,0,0,0,0,11,0,0,0,0,0,0,0,0,0,0,0,0,0,0,16,-1,0
/Users/kaiohs/Downloads/codes/lab02-experimentacao-software/data/repos/javaparser__javaparser/javaparser-core/src/main/java/com/github/javaparser/javadoc/JavadocBlockTag.java,com.github.javaparser.javadoc.JavadocBlockTag,class,3,6,3,3,18,1,0,21,0,0.47727272,0.0,0.0,11,1,11,0,0,0,11,0,0,0,4,0,0,4,0,0,0,0,4,78,13,0,4,0,0,8,2,12,7,8,1,0,1,1,80,1,0
/Users/kaiohs/Downloads/codes/lab02-experimentacao-software/data/repos/javaparser__javaparser/javaparser-symbol-solver-testing/src/test/resources/TypeResolutionWithSameNameTest/01_package_precedes_nested_interface/implements_duplicate/A.java,implements_duplicate.A$DuplicateTypeName,innerclass,1,1,0,1,0,2,0,0,0,0.0,-1.0,-1.0,0,0,0,0,0,0,0,0,0,0,0,0,0,0,0,0,0,0,0,2,0,0,0,0,0,0,0,0,0,0,0,0,0,0,4,0,0
/Users/kaiohs/Downloads/codes/lab02-experimentacao-software/data/repos/javaparser__javaparser/javaparser-core/src/main/java/com/github/javaparser/printer/lexicalpreservation/TextElementIterator.java,com.github.javaparser.printer.lexicalpreservation.TextElementIterator,class,1,4,3,1,11,1,0,10,0,0.27272728,0.0,0.0,11,0,11,0,0,0,11,0,0,0,2,0,0,2,0,0,1,0,0,44,7,0,0,0,0,0,2,8,0,4,0,0,0,0,106,1,0
/Users/kaiohs/Downloads/codes/lab02-experimentacao-software/data/repos/javaparser__javaparser/javaparser-symbol-solver-core/src/main/java/com/github/javaparser/symbolsolver/javaparsermodel/declarations/JavaParserRecordDeclaration.java,com.github.javaparser.symbolsolver.javaparsermodel.declarations.JavaParserRecordDeclaration$ImplicitGetterMethod,innerclass,14,14,0,14,16,1,0,8,108,0.8541667,0.0,0.0,16,0,16,0,0,0,16,0,0,0,3,0,0,3,0,0,0,0,3,55,13,0,0,0,0,3,2,3,0,3,0,0,0,0,53,9,0
/Users/kaiohs/Downloads/codes/lab02-experimentacao-software/data/repos/javaparser__javaparser/javaparser-symbol-solver-core/src/main/java/com/github/javaparser/symbolsolver/javaparsermodel/declarations/JavaParserSymbolDeclaration.java,com.github.javaparser.symbolsolver.javaparsermodel.declarations.JavaParserSymbolDeclaration,class,10,41,12,29,9,1,0,2,15,0.0,0.0,0.0,6,5,5,1,0,0,5,0,0,0,0,0,0,0,0,0,0,0,1,28,6,1,1,0,0,0,1,1,0,1,2,0,0,0,40,17,0
/Users/kaiohs/Downloads/codes/lab02-experimentacao-software/data/repos/javaparser__javaparser/javaparser-symbol-solver-testing/src/test/java/com/github/javaparser/symbolsolver/Issue3030Test.java,com.github.javaparser.symbolsolver.Issue3030Test,class,7,7,0,7,1,2,0,13,0,0.0,NaN,NaN,1,0,1,0,0,0,1,0,0,0,0,0,0,0,0,0,0,0,0,13,0,0,0,0,0,59,0,6,1,6,0,0,0,0,55,1,0
/Users/kaiohs/Downloads/codes/lab02-experimentacao-software/data/repos/javaparser__javaparser/javaparser-symbol-solver-testing/src/test/java/com/github/javaparser/symbolsolver/Issue2035Test.java,com.github.javaparser.symbolsolver.Issue2035Test,class,12,12,0,12,7,1,0,19,0,0.0,0.0,0.0,4,0,0,0,0,4,4,0,0,0,1,0,0,1,0,0,0,0,6,65,0,0,0,3,0,51,0,12,3,20,3,0,0,8,44,0,0
/Users/kaiohs/Downloads/codes/lab02-experimentacao-software/data/repos/javaparser__javaparser/javaparser-core-testing/src/test/java/com/github/javaparser/issues/Issue3255Test.java,com.github.javaparser.issues.Issue3255Test,class,5,5,0,5,4,1,0,8,0,0.25,0.0,0.0,4,0,3,0,0,1,4,0,0,0,1,1,0,1,0,0,1,0,1,24,0,0,0,0,0,18,3,10,3,10,0,0,0,0,34,1,0
/Users/kaiohs/Downloads/codes/lab02-experimentacao-software/data/repos/javaparser__javaparser/javaparser-core-testing/src/test/java/com/github/javaparser/utils/PositionUtilsTest.java,com.github.javaparser.utils.PositionUtilsTest,class,13,14,1,13,12,1,0,23,66,0.0,0.0,0.0,12,0,11,1,0,0,11,0,0,0,0,0,0,0,0,0,0,0,3,100,1,0,0,0,0,74,5,47,3,47,0,0,0,0,93,1,0
/Users/kaiohs/Downloads/codes/lab02-experimentacao-software/data/repos/javaparser__javaparser/javaparser-core-testing/src/test/java/com/github/javaparser/ast/validator/Java1_0ValidatorTest.java,com.github.javaparser.ast.validator.Java1_0ValidatorTest,class,9,9,0,9,16,1,0,5,0,0.0,0.0,0.0,16,0,0,0,0,16,16,0,0,0,1,1,1,0,0,0,1,0,16,69,0,0,0,0,0,40,0,19,2,19,0,0,0,0,129,0,0
/Users/kaiohs/Downloads/codes/lab02-experimentacao-software/data/repos/javaparser__javaparser/javaparser-symbol-solver-testing/src/test/resources/TypeResolutionWithSameNameTest/01_package_precedes_nested_interface/implements_duplicate/A.java,implements_duplicate.A,class,2,4,2,2,0,2,2,0,0,0.0,-1.0,-1.0,0,0,0,0,0,0,0,0,0,0,0,0,0,0,0,0,0,0,0,4,0,0,0,0,0,0,0,0,0,0,0,0,1,0,4,1,0
/Users/kaiohs/Downloads/codes/lab02-experimentacao-software/data/repos/javaparser__javaparser/javaparser-symbol-solver-core/src/main/java/com/github/javaparser/symbolsolver/resolution/typeinference/ControlFlowLogic.java,com.github.javaparser.symbolsolver.resolution.typeinference.ControlFlowLogic,class,10,14,4,10,22,1,0,12,55,0.90909094,0.0,0.0,11,1,6,5,0,0,6,0,0,0,1,1,0,1,0,0,0,0,0,122,11,2,0,0,0,0,0,4,0,4,3,2,0,0,111,1,0
/Users/kaiohs/Downloads/codes/lab02-experimentacao-software/data/repos/javaparser__javaparser/javaparser-core/src/main/java/com/github/javaparser/metamodel/UnparsableStmtMetaModel.java,com.github.javaparser.metamodel.UnparsableStmtMetaModel,class,4,6,2,4,1,4,0,0,0,0.0,NaN,NaN,1,0,0,0,0,1,1,0,0,0,0,0,0,0,0,0,0,0,0,5,0,0,0,0,0,4,0,0,0,0,0,0,0,0,35,1,0
/Users/kaiohs/Downloads/codes/lab02-experimentacao-software/data/repos/javaparser__javaparser/javaparser-core-testing/src/test/test_sourcecode/com/github/javaparser/printer/JavaConceptsEnums.java,japa.bdd.samples.JavaConceptsEnums$Enum,enum,0,0,0,0,3,1,0,0,1,0.33333334,0.0,0.0,3,0,0,1,0,2,2,1,0,0,1,0,0,0,0,1,0,0,0,15,0,0,0,0,0,0,2,1,0,1,0,2,0,0,7,1,0
/Users/kaiohs/Downloads/codes/lab02-experimentacao-software/data/repos/javaparser__javaparser/javaparser-symbol-solver-testing/src/test/resources/javassist_symbols/main_jar/src/com/github/javaparser/javasymbolsolver/javassist_symbols/main_jar/EnumInterfaceUserIncludedJar.java,com.github.javaparser.javasymbolsolver.javassist_symbols.main_jar.EnumInterfaceUserIncludedJar,enum,0,0,0,0,0,1,0,0,0,0.0,-1.0,-1.0,0,0,0,0,0,0,0,0,0,0,0,0,0,0,0,0,0,0,0,1,0,0,0,0,0,0,0,0,0,0,0,0,0,0,16,1,0
/Users/kaiohs/Downloads/codes/lab02-experimentacao-software/data/repos/javaparser__javaparser/javaparser-symbol-solver-testing/src/test/java/com/github/javaparser/symbolsolver/resolution/javaparser/contexts/MethodContextResolutionTest.java,com.github.javaparser.symbolsolver.resolution.javaparser.contexts.MethodContextResolutionTest,class,12,12,0,12,2,3,0,6,1,0.5,0.0,0.0,2,0,0,0,0,2,2,0,0,0,1,0,0,1,0,0,0,0,0,14,0,0,0,0,0,4,0,6,0,6,0,0,0,0,32,0,0
/Users/kaiohs/Downloads/codes/lab02-experimentacao-software/data/repos/javaparser__javaparser/javaparser-symbol-solver-core/src/main/java/com/github/javaparser/symbolsolver/javaparsermodel/TypeExtractor.java,com.github.javaparser.symbolsolver.javaparsermodel.TypeExtractor,class,84,152,2,150,153,2,0,165,508,0.79878056,0.0,0.0,41,1,35,5,1,0,36,0,0,0,4,1,0,4,0,0,2,0,38,487,71,3,4,4,7,24,10,100,7,95,6,0,0,26,213,1,7
/Users/kaiohs/Downloads/codes/lab02-experimentacao-software/data/repos/javaparser__javaparser/javaparser-symbol-solver-testing/src/test/java/com/github/javaparser/symbolsolver/resolution/ContextTest.java,com.github.javaparser.symbolsolver.resolution.ContextTest$TypePatternExprTests$TypePatternExprNegationTests,innerclass,4,4,0,4,4,1,0,6,6,0.0,0.0,0.0,4,0,0,0,0,4,4,0,0,0,0,0,0,0,0,0,0,0,0,25,0,0,0,0,0,18,0,8,1,8,0,0,0,0,49,0,0
/Users/kaiohs/Downloads/codes/lab02-experimentacao-software/data/repos/javaparser__javaparser/javaparser-symbol-solver-testing/src/test/java/com/github/javaparser/symbolsolver/Issue2397Test.java,com.github.javaparser.symbolsolver.Issue2397Test$Anonymous1,anonymous,2,2,0,2,1,1,0,4,0,0.0,NaN,NaN,1,0,1,0,0,0,1,0,0,0,0,0,0,0,0,0,0,0,0,7,0,0,0,0,0,0,0,1,0,1,0,0,0,0,11,-1,0
/Users/kaiohs/Downloads/codes/lab02-experimentacao-software/data/repos/javaparser__javaparser/javaparser-core-testing/src/test/java/com/github/javaparser/printer/lexicalpreservation/Issue3773Test.java,com.github.javaparser.printer.lexicalpreservation.Issue3773Test$FunctionVisitor,innerclass,6,6,0,6,6,2,0,11,0,0.0,NaN,NaN,1,0,1,0,0,0,1,0,0,0,0,0,0,0,0,0,0,0,0,18,3,0,1,0,0,2,1,5,0,5,3,0,0,0,20,1,0
/Users/kaiohs/Downloads/codes/lab02-experimentacao-software/data/repos/javaparser__javaparser/javaparser-core/src/main/java/com/github/javaparser/ast/expr/MatchAllPatternExpr.java,com.github.javaparser.ast.expr.MatchAllPatternExpr,class,15,34,19,15,23,4,0,17,75,0.8,0.0,0.0,15,0,15,0,0,0,15,0,0,0,2,1,1,1,0,0,1,0,1,77,16,2,6,0,0,14,2,4,0,4,2,0,0,0,98,1,0
/Users/kaiohs/Downloads/codes/lab02-experimentacao-software/data/repos/javaparser__javaparser/javaparser-symbol-solver-testing/src/test/java/com/github/javaparser/symbolsolver/resolution/InstanceOfTest.java,com.github.javaparser.symbolsolver.resolution.InstanceOfTest$VariableInBlock$LogicalOperatorScope,innerclass,9,9,0,9,2,1,0,17,1,0.0,0.0,0.0,2,0,2,0,0,0,2,0,0,0,0,0,0,0,0,0,0,0,0,28,0,0,0,0,0,8,5,10,0,10,1,0,0,1,47,0,0
/Users/kaiohs/Downloads/codes/lab02-experimentacao-software/data/repos/javaparser__javaparser/javaparser-core-testing/src/test/java/com/github/javaparser/ast/expr/AssignExprTest.java,com.github.javaparser.ast.expr.AssignExprTest,class,1,1,0,1,1,1,0,3,0,0.0,NaN,NaN,1,0,0,0,0,1,1,0,0,0,0,0,0,0,0,0,0,0,0,5,0,0,0,0,0,0,0,0,0,0,0,0,0,0,7,0,0
/Users/kaiohs/Downloads/codes/lab02-experimentacao-software/data/repos/javaparser__javaparser/javaparser-symbol-solver-core/src/main/java/com/github/javaparser/symbolsolver/javassistmodel/JavassistParameterDeclaration.java,com.github.javaparser.symbolsolver.javassistmodel.JavassistParameterDeclaration,class,5,12,4,8,11,1,0,1,17,0.625,0.0,0.0,10,0,10,0,0,0,10,0,0,0,4,0,0,4,0,0,0,0,1,39,8,0,1,0,0,4,0,4,2,4,0,0,0,0,24,1,0
/Users/kaiohs/Downloads/codes/lab02-experimentacao-software/data/repos/javaparser__javaparser/javaparser-symbol-solver-core/src/main/java/com/github/javaparser/symbolsolver/resolution/typesolvers/ClassLoaderTypeSolver.java,com.github.javaparser.symbolsolver.resolution.typesolvers.ClassLoaderTypeSolver,class,8,11,3,8,21,1,1,25,6,0.5833333,0.0,0.0,8,0,6,0,2,0,8,0,0,0,3,0,0,3,0,0,0,0,11,82,11,1,5,1,0,5,3,13,2,13,4,0,0,2,107,1,0
/Users/kaiohs/Downloads/codes/lab02-experimentacao-software/data/repos/javaparser__javaparser/javaparser-core/src/main/java/com/github/javaparser/ast/stmt/LocalRecordDeclarationStmt.java,com.github.javaparser.ast.stmt.LocalRecordDeclarationStmt,class,13,33,20,13,18,3,0,12,71,0.64285713,0.0,0.0,14,0,14,0,0,0,14,0,0,0,1,0,0,1,0,0,0,0,1,62,12,0,4,0,0,12,0,1,0,1,1,0,0,0,57,1,0
/Users/kaiohs/Downloads/codes/lab02-experimentacao-software/data/repos/javaparser__javaparser/javaparser-core/src/main/java/com/github/javaparser/resolution/logic/ConstructorResolutionLogic.java,com.github.javaparser.resolution.logic.ConstructorResolutionLogic,class,14,17,3,14,44,1,0,48,15,0.0,0.0,0.0,6,6,3,3,0,0,3,0,0,0,0,0,0,0,0,0,0,0,19,136,12,5,4,0,3,2,9,31,3,19,5,0,0,1,78,1,0
/Users/kaiohs/Downloads/codes/lab02-experimentacao-software/data/repos/javaparser__javaparser/javaparser-core-testing/src/test/java/com/github/javaparser/utils/TestParser.java,com.github.javaparser.utils.TestParser,class,10,28,18,10,13,1,1,15,66,0.9166667,0.0,0.0,12,12,10,2,0,0,10,0,0,0,1,1,0,1,0,0,1,0,20,42,12,0,0,0,0,0,0,1,0,2,1,0,0,1,34,1,0
/Users/kaiohs/Downloads/codes/lab02-experimentacao-software/data/repos/javaparser__javaparser/javaparser-core/src/main/java/com/github/javaparser/ast/nodeTypes/modifiers/NodeWithProtectedModifier.java,com.github.javaparser.ast.nodeTypes.modifiers.NodeWithProtectedModifier,interface,2,3,1,2,2,1,0,2,1,0.0,0.0,0.0,2,0,0,0,0,2,2,0,0,0,0,0,0,0,0,0,0,0,0,8,2,0,0,0,0,1,0,0,0,0,0,0,0,0,19,1,0
/Users/kaiohs/Downloads/codes/lab02-experimentacao-software/data/repos/javaparser__javaparser/javaparser-core-testing/src/test/java/com/github/javaparser/printer/lexicalpreservation/DifferenceElementCalculatorTest.java,com.github.javaparser.printer.lexicalpreservation.DifferenceElementCalculatorTest,class,33,34,1,33,20,2,0,47,190,0.0,0.0,0.0,20,0,0,4,0,16,16,0,0,0,0,0,0,0,0,0,0,0,6,344,4,0,0,0,2,33,75,90,4,90,0,0,0,0,110,0,0
/Users/kaiohs/Downloads/codes/lab02-experimentacao-software/data/repos/javaparser__javaparser/javaparser-core-testing/src/test/test_sourcecode/com/github/javaparser/printer/JavaConceptsInnerClasses.java,japa.bdd.samples.JavaConceptsInnerClasses,class,7,9,2,7,2,5,0,1,1,0.0,0.0,0.0,2,0,2,0,0,0,2,0,0,0,0,0,0,0,0,0,0,0,0,79,0,0,0,0,0,0,1,5,0,4,0,0,3,0,17,1,0
/Users/kaiohs/Downloads/codes/lab02-experimentacao-software/data/repos/javaparser__javaparser/javaparser-core-testing/src/test/java/com/github/javaparser/printer/lexicalpreservation/DifferenceApplyRemovedRulesCompleteTest.java,com.github.javaparser.printer.lexicalpreservation.DifferenceApplyRemovedRulesCompleteTest,class,11,12,1,11,17,2,0,27,136,0.0,0.0,0.0,17,0,0,1,0,16,16,0,0,0,0,0,0,0,0,0,0,0,0,125,1,0,0,0,0,143,12,37,25,37,0,0,0,0,138,0,0
/Users/kaiohs/Downloads/codes/lab02-experimentacao-software/data/repos/javaparser__javaparser/javaparser-core/src/main/java/com/github/javaparser/metamodel/ContinueStmtMetaModel.java,com.github.javaparser.metamodel.ContinueStmtMetaModel,class,5,7,2,5,1,4,0,0,0,0.0,NaN,NaN,1,0,0,0,0,1,1,0,0,0,1,0,1,0,0,0,0,0,0,6,0,0,0,0,0,4,0,0,0,1,0,0,0,0,37,1,0
/Users/kaiohs/Downloads/codes/lab02-experimentacao-software/data/repos/javaparser__javaparser/javaparser-core-testing-bdd/src/test/resources/com/github/javaparser/samples/JavaConcepts.java,japa.bdd.samples.Base,class,2,7,5,2,1,1,3,0,0,0.0,NaN,NaN,1,0,1,0,0,0,1,0,0,0,0,0,0,0,0,0,0,0,0,4,0,0,0,0,0,0,0,0,0,0,0,0,0,0,5,0,0
/Users/kaiohs/Downloads/codes/lab02-experimentacao-software/data/repos/javaparser__javaparser/javaparser-core/src/main/java/com/github/javaparser/ast/nodeTypes/NodeWithSimpleName.java,com.github.javaparser.ast.nodeTypes.NodeWithSimpleName,interface,4,27,23,4,5,1,0,4,10,0.0,0.0,0.0,5,0,0,0,0,5,5,0,0,0,0,0,0,0,0,0,0,0,0,14,3,0,0,0,0,1,0,0,0,0,0,0,0,0,29,1,0
/Users/kaiohs/Downloads/codes/lab02-experimentacao-software/data/repos/javaparser__javaparser/javaparser-symbol-solver-testing/src/test/resources/enums/COLOR.java,COLOR,enum,0,0,0,0,0,1,0,0,0,NaN,-1.0,-1.0,0,0,0,0,0,0,0,0,0,0,2,0,0,2,0,0,2,0,0,3,0,0,0,0,0,0,6,0,0,2,0,0,0,0,13,0,0
/Users/kaiohs/Downloads/codes/lab02-experimentacao-software/data/repos/javaparser__javaparser/javaparser-symbol-solver-testing/src/test/resources/issue4427/BaseClass.java,BaseClass,class,0,1,1,0,0,1,1,0,0,NaN,-1.0,-1.0,0,0,0,0,0,0,0,0,0,0,1,0,0,0,1,0,0,0,0,3,0,0,0,0,0,0,0,0,0,1,0,0,0,0,3,1025,0
/Users/kaiohs/Downloads/codes/lab02-experimentacao-software/data/repos/javaparser__javaparser/javaparser-core/src/main/java/com/github/javaparser/metamodel/ClassExprMetaModel.java,com.github.javaparser.metamodel.ClassExprMetaModel,class,5,7,2,5,1,4,0,0,0,0.0,NaN,NaN,1,0,0,0,0,1,1,0,0,0,1,0,1,0,0,0,0,0,0,6,0,0,0,0,0,4,0,0,0,1,0,0,0,0,37,1,0
/Users/kaiohs/Downloads/codes/lab02-experimentacao-software/data/repos/javaparser__javaparser/javaparser-core/src/main/java/com/github/javaparser/utils/ParserCollectionStrategy.java,com.github.javaparser.utils.ParserCollectionStrategy,class,4,5,1,4,5,1,0,2,0,0.25,0.0,0.0,4,0,4,0,0,0,4,0,0,0,1,0,0,1,0,0,1,0,2,51,2,0,0,1,0,1,0,2,0,2,1,1,0,1,72,1,1
/Users/kaiohs/Downloads/codes/lab02-experimentacao-software/data/repos/javaparser__javaparser/javaparser-symbol-solver-core/src/main/java/com/github/javaparser/symbolsolver/javaparsermodel/contexts/ForEachStatementContext.java,com.github.javaparser.symbolsolver.javaparsermodel.contexts.ForEachStatementContext,class,13,14,1,13,8,3,0,15,6,0.0,0.0,0.0,4,0,4,0,0,0,4,0,0,0,0,0,0,0,0,0,0,0,5,27,6,0,2,0,0,0,2,1,0,1,1,0,0,0,35,1,0
/Users/kaiohs/Downloads/codes/lab02-experimentacao-software/data/repos/javaparser__javaparser/javaparser-core/src/main/java/com/github/javaparser/metamodel/EnumConstantDeclarationMetaModel.java,com.github.javaparser.metamodel.EnumConstantDeclarationMetaModel,class,5,7,2,5,1,2,0,0,0,0.0,NaN,NaN,1,0,0,0,0,1,1,0,0,0,3,0,3,0,0,0,0,0,0,8,0,0,0,0,0,4,0,0,0,3,0,0,0,0,40,1,0
/Users/kaiohs/Downloads/codes/lab02-experimentacao-software/data/repos/javaparser__javaparser/javaparser-core-testing/src/test/java/com/github/javaparser/printer/configuration/imports/IntelliJImportOrderingStrategyTest.java,com.github.javaparser.printer.configuration.imports.IntelliJImportOrderingStrategyTest,class,4,4,0,4,3,1,0,7,0,0.0,0.0,0.0,3,0,0,0,0,3,3,0,0,0,1,0,0,1,0,0,1,0,0,37,0,0,0,0,0,10,31,6,0,6,0,0,0,0,31,0,0
/Users/kaiohs/Downloads/codes/lab02-experimentacao-software/data/repos/javaparser__javaparser/javaparser-symbol-solver-testing/src/test/resources/issue4846/foo/Foo.java,Foo,class,1,1,0,1,1,1,0,0,0,0.0,NaN,NaN,1,0,1,0,0,0,1,0,0,0,0,0,0,0,0,0,0,0,0,4,0,0,0,0,0,0,0,0,0,0,0,0,0,0,3,1,0
/Users/kaiohs/Downloads/codes/lab02-experimentacao-software/data/repos/javaparser__javaparser/javaparser-symbol-solver-core/src/main/java/com/github/javaparser/symbolsolver/javaparsermodel/DefaultVisitorAdapter.java,com.github.javaparser.symbolsolver.javaparsermodel.DefaultVisitorAdapter,class,105,188,1,187,103,1,2,2,5253,0.0,0.0,0.0,103,0,103,0,0,0,103,0,0,0,0,0,0,0,0,0,0,0,0,311,0,0,0,0,0,0,0,0,0,0,0,0,0,0,119,1,0
/Users/kaiohs/Downloads/codes/lab02-experimentacao-software/data/repos/javaparser__javaparser/javaparser-symbol-solver-testing/src/test/resources/symbolsolver_quicksetup/a/src/package_a/a.java,package_a.a,class,0,0,0,0,0,1,0,0,0,0.0,-1.0,-1.0,0,0,0,0,0,0,0,0,0,0,0,0,0,0,0,0,0,0,0,2,0,0,0,0,0,0,0,0,0,0,0,0,0,0,1,1,0
/Users/kaiohs/Downloads/codes/lab02-experimentacao-software/data/repos/javaparser__javaparser/javaparser-core-testing/src/test/java/com/github/javaparser/ast/validator/Java14ValidatorTest.java,com.github.javaparser.ast.validator.Java14ValidatorTest$Record$RecordDeclarationForbidden,innerclass,5,5,0,5,1,1,0,3,0,0.0,NaN,NaN,1,0,0,0,0,1,1,0,0,0,0,0,0,0,0,0,0,0,1,7,0,0,0,0,0,2,0,2,0,2,0,0,0,0,35,0,0
/Users/kaiohs/Downloads/codes/lab02-experimentacao-software/data/repos/javaparser__javaparser/javaparser-core-testing/src/test/java/com/github/javaparser/ast/validator/Java16ValidatorTest.java,com.github.javaparser.ast.validator.Java16ValidatorTest$Yield,innerclass,5,5,0,5,1,1,0,3,0,0.0,NaN,NaN,1,0,0,0,0,1,1,0,0,0,0,0,0,0,0,0,0,0,1,6,0,0,0,0,0,1,0,1,0,1,0,0,0,0,8,0,0
/Users/kaiohs/Downloads/codes/lab02-experimentacao-software/data/repos/javaparser__javaparser/javaparser-core-testing/src/test/java/com/github/javaparser/Issue1017Test.java,com.github.javaparser.Issue1017Test,class,3,3,0,3,1,1,0,2,0,0.0,NaN,NaN,1,0,0,0,0,1,1,0,0,0,0,0,0,0,0,0,0,0,0,9,0,0,0,0,0,1,0,2,0,2,1,0,0,1,10,1,0
/Users/kaiohs/Downloads/codes/lab02-experimentacao-software/data/repos/javaparser__javaparser/javaparser-core/src/main/java/com/github/javaparser/ast/nodeTypes/NodeWithVariables.java,com.github.javaparser.ast.nodeTypes.NodeWithVariables,interface,8,15,6,9,20,1,0,23,45,0.0,0.0,0.0,10,1,0,0,0,10,10,0,0,0,0,0,0,0,0,0,0,0,2,84,9,4,2,0,0,7,8,13,0,14,2,0,1,2,100,1,0
/Users/kaiohs/Downloads/codes/lab02-experimentacao-software/data/repos/javaparser__javaparser/javaparser-symbol-solver-core/src/main/java/com/github/javaparser/symbolsolver/javaparsermodel/declarations/JavaParserEnumDeclaration.java,com.github.javaparser.symbolsolver.javaparsermodel.declarations.JavaParserEnumDeclaration$ValueOfMethod$Anonymous1,anonymous,5,5,0,5,4,1,0,2,6,0.0,0.0,0.0,4,0,4,0,0,0,4,0,0,0,0,0,0,0,0,0,0,0,0,14,4,0,0,0,0,2,0,0,0,0,0,0,0,0,11,-1,0
/Users/kaiohs/Downloads/codes/lab02-experimentacao-software/data/repos/javaparser__javaparser/javaparser-core/src/main/java/com/github/javaparser/ast/expr/FieldAccessExpr.java,com.github.javaparser.ast.expr.FieldAccessExpr,class,22,73,48,25,39,3,0,30,181,0.73913044,0.0,0.0,23,0,23,0,0,0,23,0,0,0,3,0,0,3,0,0,0,0,2,131,26,2,14,0,0,17,2,5,0,5,3,0,0,0,103,1,0
/Users/kaiohs/Downloads/codes/lab02-experimentacao-software/data/repos/javaparser__javaparser/javaparser-core/src/main/java/com/github/javaparser/ast/body/ClassOrInterfaceDeclaration.java,com.github.javaparser.ast.body.ClassOrInterfaceDeclaration,class,29,141,108,33,66,4,0,48,365,0.7794118,0.0,0.0,34,0,33,1,0,0,33,0,0,0,6,0,0,6,0,0,0,0,2,258,41,8,22,0,0,23,8,16,0,18,3,1,0,2,141,1,0
/Users/kaiohs/Downloads/codes/lab02-experimentacao-software/data/repos/javaparser__javaparser/javaparser-symbol-solver-core/src/main/java/com/github/javaparser/symbolsolver/javassistmodel/JavassistInterfaceDeclaration.java,com.github.javaparser.symbolsolver.javassistmodel.JavassistInterfaceDeclaration,class,30,60,11,49,44,2,0,60,100,0.6309524,0.0,0.0,28,0,26,2,0,0,26,0,0,0,3,0,0,3,0,0,0,0,9,138,36,3,2,0,0,6,2,12,6,15,2,0,0,4,100,1,0
/Users/kaiohs/Downloads/codes/lab02-experimentacao-software/data/repos/javaparser__javaparser/javaparser-core-testing/src/test/java/com/github/javaparser/ast/type/ClassOrInterfaceTypeTest.java,com.github.javaparser.ast.type.ClassOrInterfaceTypeTest,class,7,15,0,15,12,1,0,28,66,0.0,0.0,0.0,12,0,0,0,0,12,12,0,0,0,0,0,0,0,0,0,0,0,0,70,0,0,0,0,0,20,4,16,0,17,0,1,0,1,42,0,0
/Users/kaiohs/Downloads/codes/lab02-experimentacao-software/data/repos/javaparser__javaparser/javaparser-symbol-solver-testing/src/test/java/com/github/javaparser/symbolsolver/Issue1814Test.java,com.github.javaparser.symbolsolver.Issue1814Test$Anonymous1,anonymous,4,4,0,4,5,1,0,3,6,0.0,0.0,0.0,4,0,4,0,0,0,4,0,0,0,0,0,0,0,0,0,0,0,0,16,3,0,0,0,0,1,0,0,0,0,1,0,0,0,22,-1,0
/Users/kaiohs/Downloads/codes/lab02-experimentacao-software/data/repos/javaparser__javaparser/javaparser-core/src/main/java/com/github/javaparser/metamodel/FieldDeclarationMetaModel.java,com.github.javaparser.metamodel.FieldDeclarationMetaModel,class,5,7,2,5,1,4,0,0,0,0.0,NaN,NaN,1,0,0,0,0,1,1,0,0,0,3,0,3,0,0,0,0,0,0,8,0,0,0,0,0,4,0,0,0,3,0,0,0,0,41,1,0
/Users/kaiohs/Downloads/codes/lab02-experimentacao-software/data/repos/javaparser__javaparser/javaparser-symbol-solver-testing/src/test/test_sourcecode/javaparser_new_src/javaparser-generated-sources/com/github/javaparser/StringProvider.java,com.github.javaparser.StringProvider,class,2,4,2,2,6,1,0,2,0,0.33333334,0.0,0.0,3,0,3,0,0,0,3,0,0,0,3,0,0,0,0,3,0,0,0,27,2,0,1,0,0,0,3,10,3,6,1,0,0,0,22,1,0
/Users/kaiohs/Downloads/codes/lab02-experimentacao-software/data/repos/javaparser__javaparser/javaparser-symbol-solver-testing/src/test/java/com/github/javaparser/symbolsolver/Issue1814Test.java,com.github.javaparser.symbolsolver.Issue1814Test,class,15,15,0,15,3,3,0,24,0,0.0,0.0,0.0,2,0,0,0,0,2,2,0,0,0,1,0,0,1,0,0,0,0,1,46,0,0,0,0,0,8,4,11,0,11,1,1,0,1,50,0,0
/Users/kaiohs/Downloads/codes/lab02-experimentacao-software/data/repos/javaparser__javaparser/javaparser-symbol-solver-core/src/main/java/com/github/javaparser/symbolsolver/javaparsermodel/PatternVariableVisitor.java,com.github.javaparser.symbolsolver.javaparsermodel.PatternVariableVisitor,class,13,21,8,13,16,2,0,32,28,0.0,0.0,0.0,8,3,5,3,0,0,5,0,0,0,0,0,0,0,0,0,0,0,3,69,11,1,0,0,0,1,0,12,1,13,4,0,0,1,115,1,0
/Users/kaiohs/Downloads/codes/lab02-experimentacao-software/data/repos/javaparser__javaparser/javaparser-symbol-solver-testing/src/test/java/com/github/javaparser/symbolsolver/model/typesystem/ReferenceTypeTest.java,com.github.javaparser.symbolsolver.model.typesystem.ReferenceTypeTest$Bazzer,innerclass,0,0,0,0,0,1,0,0,0,0.0,-1.0,-1.0,0,0,0,0,0,0,0,0,0,0,0,0,0,0,0,0,0,0,0,2,0,0,0,0,0,0,0,0,0,0,0,0,0,0,0,0,0
/Users/kaiohs/Downloads/codes/lab02-experimentacao-software/data/repos/javaparser__javaparser/javaparser-symbol-solver-testing/src/test/test_sourcecode/javasymbolsolver_0_6_0/src/java-symbol-solver-model/com/github/javaparser/symbolsolver/model/declarations/AccessLevel.java,com.github.javaparser.symbolsolver.model.declarations.AccessLevel,enum,0,25,25,0,0,1,0,0,0,0.0,-1.0,-1.0,0,0,0,0,0,0,0,0,0,0,0,0,0,0,0,0,0,0,0,1,0,0,0,0,0,0,0,0,0,0,0,0,0,0,16,1,0
/Users/kaiohs/Downloads/codes/lab02-experimentacao-software/data/repos/javaparser__javaparser/javaparser-core/src/main/java/com/github/javaparser/ast/validator/language_level_validations/Java19Validator.java,com.github.javaparser.ast.validator.language_level_validations.Java19Validator,class,1,2,1,1,1,21,1,0,0,0.0,NaN,NaN,1,0,1,0,0,0,1,0,0,0,0,0,0,0,0,0,0,0,0,5,0,0,0,0,0,0,0,0,0,0,0,0,0,0,14,1,0
/Users/kaiohs/Downloads/codes/lab02-experimentacao-software/data/repos/javaparser__javaparser/javaparser-symbol-solver-testing/src/test/java/com/github/javaparser/symbolsolver/Issue1491Test.java,com.github.javaparser.symbolsolver.Issue1491Test$Anonymous2,anonymous,2,2,0,2,1,1,0,4,0,0.0,NaN,NaN,1,0,1,0,0,0,1,0,0,0,0,0,0,0,0,0,0,0,0,6,0,0,0,0,0,0,0,1,0,1,0,0,0,0,12,-1,0
/Users/kaiohs/Downloads/codes/lab02-experimentacao-software/data/repos/javaparser__javaparser/javaparser-symbol-solver-testing/src/test/java/com/github/javaparser/symbolsolver/Issue1491Test.java,com.github.javaparser.symbolsolver.Issue1491Test$Anonymous1,anonymous,2,2,0,2,1,1,0,3,0,0.0,NaN,NaN,1,0,1,0,0,0,1,0,0,0,0,0,0,0,0,0,0,0,0,6,0,0,0,0,0,0,0,1,0,1,0,0,0,0,11,-1,0
/Users/kaiohs/Downloads/codes/lab02-experimentacao-software/data/repos/javaparser__javaparser/javaparser-symbol-solver-testing/src/test/test_sourcecode/javaparser_new_src/javaparser-core/com/github/javaparser/ast/stmt/TypeDeclarationStmt.java,TypeDeclarationStmt,class,8,12,4,8,7,1,0,3,9,0.42857143,0.0,0.0,7,0,7,0,0,0,7,0,0,0,1,0,0,1,0,0,0,0,0,26,3,0,0,0,0,0,0,1,0,1,0,0,0,0,21,17,0
/Users/kaiohs/Downloads/codes/lab02-experimentacao-software/data/repos/javaparser__javaparser/javaparser-symbol-solver-testing/src/test/java/com/github/javaparser/symbolsolver/Issue1491Test.java,com.github.javaparser.symbolsolver.Issue1491Test$Anonymous3,anonymous,4,4,0,4,3,1,0,6,1,0.0,0.0,0.0,2,0,2,0,0,0,2,0,0,0,0,0,0,0,0,0,0,0,0,15,0,0,0,1,0,1,0,2,1,2,1,0,0,0,25,-1,0
/Users/kaiohs/Downloads/codes/lab02-experimentacao-software/data/repos/javaparser__javaparser/javaparser-symbol-solver-testing/src/test/java/com/github/javaparser/symbolsolver/javassistmodel/JavassistRecordDeclarationTest.java,com.github.javaparser.symbolsolver.javassistmodel.JavassistRecordDeclarationTest,class,28,29,1,28,32,2,0,64,0,0.09677419,0.0,0.0,31,0,5,0,0,26,31,0,0,0,1,0,0,1,0,0,0,0,7,198,3,1,0,0,0,89,28,43,1,43,1,0,0,4,111,0,0
/Users/kaiohs/Downloads/codes/lab02-experimentacao-software/data/repos/javaparser__javaparser/javaparser-core/src/main/java/com/github/javaparser/printer/lexicalpreservation/TextElementIteratorsFactory.java,com.github.javaparser.printer.lexicalpreservation.TextElementIteratorsFactory$EmptyIterator,innerclass,1,1,0,1,2,1,0,0,1,0.0,0.0,0.0,2,0,2,0,0,0,2,0,0,0,0,0,0,0,0,0,0,0,0,8,1,0,0,0,0,0,0,0,0,0,0,0,0,0,8,8,0
/Users/kaiohs/Downloads/codes/lab02-experimentacao-software/data/repos/javaparser__javaparser/javaparser-core-testing/src/test/java/com/github/javaparser/ast/validator/Java1_1ValidatorTest.java,com.github.javaparser.ast.validator.Java1_1ValidatorTest,class,8,8,0,8,17,1,0,5,0,0.0882353,0.0,0.0,17,0,0,0,0,17,17,0,0,0,2,2,2,0,0,0,2,0,17,72,0,0,0,0,0,183,0,19,14,19,0,0,0,0,84,0,0
/Users/kaiohs/Downloads/codes/lab02-experimentacao-software/data/repos/javaparser__javaparser/javaparser-symbol-solver-testing/src/test/test_sourcecode/javasymbolsolver_0_6_0/src/java-symbol-solver-model/com/github/javaparser/symbolsolver/model/typesystem/parametrization/TypeParameterValueProvider.java,com.github.javaparser.symbolsolver.model.typesystem.parametrization.TypeParameterValueProvider,interface,5,9,4,5,10,1,0,17,3,0.0,0.0,0.0,3,0,0,0,0,3,3,0,0,0,0,0,0,0,0,0,0,0,2,27,3,0,0,0,0,0,0,4,0,3,3,0,0,1,37,1,0
/Users/kaiohs/Downloads/codes/lab02-experimentacao-software/data/repos/javaparser__javaparser/javaparser-core-generators/src/test/java/com/github/javaparser/generator/core/quality/NotNullGeneratorTest.java,com.github.javaparser.generator.core.quality.NotNullGeneratorTest,class,5,5,0,5,3,1,0,16,0,0.0,NaN,NaN,1,0,0,0,0,1,1,0,0,0,0,0,0,0,0,0,0,0,3,31,0,1,0,0,0,13,1,12,0,12,2,0,0,0,35,0,0
/Users/kaiohs/Downloads/codes/lab02-experimentacao-software/data/repos/javaparser__javaparser/javaparser-symbol-solver-testing/src/test/resources/issue2909/OuterClass.java,OuterClass,class,0,0,0,0,0,1,0,0,0,0.0,-1.0,-1.0,0,0,0,0,0,0,0,0,0,0,0,0,0,0,0,0,0,0,0,2,0,0,0,0,0,0,0,0,0,0,0,0,0,0,2,1,0
/Users/kaiohs/Downloads/codes/lab02-experimentacao-software/data/repos/javaparser__javaparser/javaparser-symbol-solver-testing/src/test/test_sourcecode/javaparser_new_src/javaparser-core/com/github/javaparser/ast/stmt/TryStmt.java,TryStmt,class,9,29,20,9,13,1,0,7,40,0.7115385,0.0,0.0,13,0,13,0,0,0,13,0,0,0,4,0,0,4,0,0,0,0,0,60,9,0,0,0,0,0,0,6,0,4,0,0,0,0,29,17,0
/Users/kaiohs/Downloads/codes/lab02-experimentacao-software/data/repos/javaparser__javaparser/javaparser-symbol-solver-core/src/main/java/com/github/javaparser/symbolsolver/resolution/promotion/ConditionalExprResolver.java,com.github.javaparser.symbolsolver.resolution.promotion.ConditionalExprResolver,class,6,7,1,6,7,1,0,3,0,0.0,NaN,NaN,1,1,1,0,0,0,1,0,0,0,1,1,0,1,0,0,1,0,0,12,3,0,0,0,0,0,0,1,0,1,1,0,0,0,23,1,0
/Users/kaiohs/Downloads/codes/lab02-experimentacao-software/data/repos/javaparser__javaparser/javaparser-symbol-solver-testing/src/test/test_sourcecode/javasymbolsolver_0_6_0/src/java-symbol-solver-core/com/github/javaparser/symbolsolver/javaparsermodel/LambdaArgumentTypePlaceholder.java,com.github.javaparser.symbolsolver.javaparsermodel.LambdaArgumentTypePlaceholder,class,2,8,6,2,8,1,0,0,28,0.875,0.0,0.0,8,0,8,0,0,0,8,0,0,0,2,0,0,2,0,0,0,0,0,28,4,0,0,0,0,0,0,2,0,2,0,0,0,0,34,1,0
/Users/kaiohs/Downloads/codes/lab02-experimentacao-software/data/repos/javaparser__javaparser/javaparser-core/src/main/java/com/github/javaparser/utils/VisitorSet.java,com.github.javaparser.utils.VisitorSet,class,6,9,3,6,22,1,0,22,33,0.75555557,0.0,0.0,15,0,15,0,0,0,15,0,0,0,3,0,0,3,0,0,3,0,3,92,14,3,1,0,0,3,0,8,0,9,2,1,1,3,52,1,0
/Users/kaiohs/Downloads/codes/lab02-experimentacao-software/data/repos/javaparser__javaparser/javaparser-core/src/main/java/com/github/javaparser/ast/nodeTypes/modifiers/NodeWithPublicModifier.java,com.github.javaparser.ast.nodeTypes.modifiers.NodeWithPublicModifier,interface,2,4,2,2,2,1,0,2,1,0.0,0.0,0.0,2,0,0,0,0,2,2,0,0,0,0,0,0,0,0,0,0,0,0,8,2,0,0,0,0,1,0,0,0,0,0,0,0,0,18,1,0
/Users/kaiohs/Downloads/codes/lab02-experimentacao-software/data/repos/javaparser__javaparser/javaparser-symbol-solver-testing/src/test/test_sourcecode/javasymbolsolver_0_6_0/src/java-symbol-solver-model/com/github/javaparser/symbolsolver/model/typesystem/LambdaConstraintType.java,com.github.javaparser.symbolsolver.model.typesystem.LambdaConstraintType,class,2,9,7,2,7,1,0,2,1,0.2857143,0.0,0.0,7,1,7,0,0,0,7,0,0,0,1,0,0,0,0,1,0,0,0,24,6,0,0,0,0,1,0,1,1,1,0,0,0,0,13,1,0
/Users/kaiohs/Downloads/codes/lab02-experimentacao-software/data/repos/javaparser__javaparser/javaparser-symbol-solver-testing/src/test/java/com/github/javaparser/symbolsolver/javassistmodel/JavassistAnnotationMemberDeclarationTest.java,com.github.javaparser.symbolsolver.javassistmodel.JavassistAnnotationMemberDeclarationTest,class,9,9,0,9,4,1,0,5,3,0.0,0.0,0.0,3,0,3,0,0,0,3,0,0,0,0,0,0,0,0,0,0,0,1,20,3,0,0,1,0,5,0,4,0,4,1,0,0,0,36,0,0
/Users/kaiohs/Downloads/codes/lab02-experimentacao-software/data/repos/javaparser__javaparser/javaparser-core/src/main/java/com/github/javaparser/ast/validator/language_level_validations/Java17Validator.java,com.github.javaparser.ast.validator.language_level_validations.Java17Validator,class,9,11,2,9,1,19,2,6,0,0.0,NaN,NaN,1,0,1,0,0,0,1,0,0,0,2,0,0,0,0,2,2,0,0,11,0,0,0,0,0,4,0,2,0,8,0,0,0,4,35,1,0
/Users/kaiohs/Downloads/codes/lab02-experimentacao-software/data/repos/javaparser__javaparser/javaparser-core-testing/src/test/resources/com/github/javaparser/wiki_samples/TestFile.java,com.github.javaparser.wiki_samples.TestFile,class,0,0,0,0,3,1,0,0,3,0.0,0.0,0.0,3,0,3,0,0,0,3,0,0,0,0,0,0,0,0,0,0,0,0,10,1,0,0,0,0,0,2,1,0,1,0,0,0,0,7,1,0
/Users/kaiohs/Downloads/codes/lab02-experimentacao-software/data/repos/javaparser__javaparser/javaparser-core-serialization/src/main/java/com/github/javaparser/serialization/JavaParserJsonSerializer.java,com.github.javaparser.serialization.JavaParserJsonSerializer,class,9,11,2,9,14,1,0,30,15,0.0,0.0,0.0,6,0,1,1,4,0,5,0,0,0,0,0,0,0,0,0,0,0,2,107,0,2,2,1,0,2,0,6,1,6,4,0,4,1,116,1,1
/Users/kaiohs/Downloads/codes/lab02-experimentacao-software/data/repos/javaparser__javaparser/javaparser-core-testing/src/test/java/com/github/javaparser/ast/expr/NameTest.java,com.github.javaparser.ast.expr.NameTest,class,6,6,0,6,10,1,0,19,45,0.0,0.0,0.0,10,0,0,0,0,10,10,0,0,0,0,0,0,0,0,0,0,0,0,50,0,0,0,0,0,17,0,12,3,12,0,0,0,1,46,0,0
/Users/kaiohs/Downloads/codes/lab02-experimentacao-software/data/repos/javaparser__javaparser/javaparser-core/src/main/java/com/github/javaparser/metamodel/ParameterMetaModel.java,com.github.javaparser.metamodel.ParameterMetaModel,class,5,7,2,5,1,3,0,0,0,0.0,NaN,NaN,1,0,0,0,0,1,1,0,0,0,6,0,6,0,0,0,0,0,0,11,0,0,0,0,0,4,0,0,0,6,0,0,0,0,42,1,0
/Users/kaiohs/Downloads/codes/lab02-experimentacao-software/data/repos/javaparser__javaparser/javaparser-core/src/main/java/com/github/javaparser/utils/SourceRoot.java,com.github.javaparser.utils.SourceRoot$ParallelParse$Anonymous3,anonymous,3,3,0,3,4,1,0,5,1,0.0,0.0,0.0,2,0,2,0,0,0,2,0,0,0,0,0,0,0,0,0,0,0,0,17,4,0,0,0,0,0,0,1,0,1,1,0,0,0,29,-1,0
/Users/kaiohs/Downloads/codes/lab02-experimentacao-software/data/repos/javaparser__javaparser/javaparser-core-testing/src/test/java/com/github/javaparser/printer/lexicalpreservation/IndentationCalculatorTest.java,com.github.javaparser.printer.lexicalpreservation.IndentationCalculatorTest$CreateIndentationBlockTests,innerclass,4,4,0,4,4,1,0,11,6,0.0,0.0,0.0,4,0,0,0,0,4,4,0,0,0,0,0,0,0,0,0,0,0,0,21,0,0,0,0,0,5,1,5,0,6,0,0,0,2,43,0,0
/Users/kaiohs/Downloads/codes/lab02-experimentacao-software/data/repos/javaparser__javaparser/javaparser-symbol-solver-testing/src/test/resources/issue4450/a/RefCycleEnum.java,a.RefCycleEnum,enum,0,1,1,0,1,1,0,0,0,0.0,-1.0,-1.0,1,0,0,1,0,0,0,0,0,0,1,0,1,0,0,0,1,0,0,5,0,0,0,0,0,0,0,1,0,1,0,0,0,0,9,1,0
/Users/kaiohs/Downloads/codes/lab02-experimentacao-software/data/repos/javaparser__javaparser/javaparser-symbol-solver-core/src/main/java/com/github/javaparser/symbolsolver/resolution/typesolvers/MemoryTypeSolver.java,com.github.javaparser.symbolsolver.resolution.typesolvers.MemoryTypeSolver,class,4,11,4,7,17,1,0,10,0,0.375,0.0,0.0,8,0,8,0,0,0,8,0,0,0,2,0,0,2,0,0,0,0,3,44,9,0,9,0,3,6,3,5,4,4,1,0,0,0,61,1,0
/Users/kaiohs/Downloads/codes/lab02-experimentacao-software/data/repos/javaparser__javaparser/javaparser-symbol-solver-testing/src/test/test_sourcecode/javaparser_new_src/javaparser-generated-sources/com/github/javaparser/ASTParser.java,ModifierHolder,innerclass,3,4,1,3,1,1,0,0,0,0.0,NaN,NaN,1,0,1,0,0,0,1,0,0,0,3,0,0,0,0,3,3,0,0,10,0,0,0,0,0,0,0,3,0,3,0,0,0,0,6,2,0
/Users/kaiohs/Downloads/codes/lab02-experimentacao-software/data/repos/javaparser__javaparser/javaparser-symbol-solver-testing/src/test/test_sourcecode/javasymbolsolver_0_6_0/src/java-symbol-solver-model/com/github/javaparser/symbolsolver/model/declarations/MethodLikeDeclaration.java,com.github.javaparser.symbolsolver.model.declarations.MethodLikeDeclaration,interface,8,24,16,8,17,1,0,18,55,0.0,0.0,0.0,11,0,0,0,0,11,11,0,0,0,0,0,0,0,0,0,0,0,1,52,10,2,3,0,0,6,6,2,4,2,2,0,0,0,85,1,0
/Users/kaiohs/Downloads/codes/lab02-experimentacao-software/data/repos/javaparser__javaparser/javaparser-core-testing/src/test/java/com/github/javaparser/printer/lexicalpreservation/IndentationCalculatorTest.java,com.github.javaparser.printer.lexicalpreservation.IndentationCalculatorTest$EnforceIndentationTests,innerclass,5,5,0,5,5,1,0,7,10,0.0,0.0,0.0,5,0,0,0,0,5,5,0,0,0,0,0,0,0,0,0,0,0,0,54,0,0,0,0,0,7,19,11,0,11,0,0,0,0,41,0,0
/Users/kaiohs/Downloads/codes/lab02-experimentacao-software/data/repos/javaparser__javaparser/javaparser-core/src/main/java/com/github/javaparser/ast/nodeTypes/modifiers/NodeWithAccessModifiers.java,com.github.javaparser.ast.nodeTypes.modifiers.NodeWithAccessModifiers,interface,4,10,6,4,0,1,0,0,0,0.0,-1.0,-1.0,0,0,0,0,0,0,0,0,0,0,0,0,0,0,0,0,0,0,0,2,0,0,0,0,0,0,0,0,0,0,0,0,0,0,8,1,0
/Users/kaiohs/Downloads/codes/lab02-experimentacao-software/data/repos/javaparser__javaparser/javaparser-symbol-solver-testing/src/test/java/com/github/javaparser/symbolsolver/resolution/UnknownMethodsResolutionTest.java,com.github.javaparser.symbolsolver.resolution.UnknownMethodsResolutionTest,class,9,9,0,9,2,3,0,11,1,0.0,0.0,0.0,2,0,0,0,0,2,2,0,0,0,0,0,0,0,0,0,0,0,0,22,0,0,0,0,0,6,2,10,0,10,1,0,0,2,28,0,0
/Users/kaiohs/Downloads/codes/lab02-experimentacao-software/data/repos/javaparser__javaparser/javaparser-core/src/main/java/com/github/javaparser/ast/validator/language_level_validations/Java11PreviewValidator.java,com.github.javaparser.ast.validator.language_level_validations.Java11PreviewValidator,class,1,1,0,1,1,14,0,0,0,0.0,NaN,NaN,1,0,1,0,0,0,1,0,0,0,0,0,0,0,0,0,0,0,0,5,0,0,0,0,0,0,0,0,0,0,0,0,0,0,19,1,0
/Users/kaiohs/Downloads/codes/lab02-experimentacao-software/data/repos/javaparser__javaparser/javaparser-symbol-solver-testing/src/test/java/com/github/javaparser/symbolsolver/resolution/PatternVariableIntroductionTest.java,com.github.javaparser.symbolsolver.resolution.PatternVariableIntroductionTest$ConditionalAnd,innerclass,7,7,0,7,10,1,0,8,45,0.0,0.0,0.0,10,0,10,0,0,0,10,0,0,0,0,0,0,0,0,0,0,0,0,56,0,0,0,0,0,83,0,22,10,22,0,0,0,5,75,0,0
/Users/kaiohs/Downloads/codes/lab02-experimentacao-software/data/repos/javaparser__javaparser/javaparser-core/src/main/java/com/github/javaparser/ast/validator/language_level_validations/Java14PreviewValidator.java,com.github.javaparser.ast.validator.language_level_validations.Java14PreviewValidator,class,2,2,0,2,1,17,0,2,0,0.0,NaN,NaN,1,0,1,0,0,0,1,0,0,0,0,0,0,0,0,0,0,0,0,12,0,0,0,0,0,0,0,0,0,0,1,0,0,0,37,1,0
/Users/kaiohs/Downloads/codes/lab02-experimentacao-software/data/repos/javaparser__javaparser/javaparser-core/src/main/java/com/github/javaparser/resolution/declarations/ResolvedAnnotationDeclaration.java,com.github.javaparser.resolution.declarations.ResolvedAnnotationDeclaration,interface,3,21,18,3,4,1,0,0,6,0.0,0.0,0.0,4,0,0,0,0,4,4,0,0,0,0,0,0,0,0,0,0,0,0,10,2,0,0,0,0,0,0,0,0,0,0,0,0,0,13,1,0
/Users/kaiohs/Downloads/codes/lab02-experimentacao-software/data/repos/javaparser__javaparser/javaparser-symbol-solver-testing/src/test/java/com/github/javaparser/symbolsolver/resolution/InstanceOfTest.java,com.github.javaparser.symbolsolver.resolution.InstanceOfTest,class,13,21,8,13,7,1,0,18,3,0.5555556,0.0,0.0,6,0,2,4,0,0,2,0,0,0,3,0,0,0,3,0,2,0,0,281,4,0,1,0,0,129,2,9,2,10,1,0,4,1,114,1,0
/Users/kaiohs/Downloads/codes/lab02-experimentacao-software/data/repos/javaparser__javaparser/javaparser-core/src/main/java/com/github/javaparser/ast/stmt/AssertStmt.java,com.github.javaparser.ast.stmt.AssertStmt,class,15,39,24,15,30,3,0,16,117,0.68421054,0.0,0.0,19,0,19,0,0,0,19,0,0,0,2,0,0,2,0,0,0,0,2,101,20,0,11,0,0,16,0,2,0,2,2,0,0,0,69,1,0
/Users/kaiohs/Downloads/codes/lab02-experimentacao-software/data/repos/javaparser__javaparser/javaparser-symbol-solver-testing/src/test/java/com/github/javaparser/symbolsolver/model/typesystem/WildcardUsageTest.java,com.github.javaparser.symbolsolver.model.typesystem.WildcardUsageTest$Foo,innerclass,0,0,0,0,0,1,0,0,0,0.0,-1.0,-1.0,0,0,0,0,0,0,0,0,0,0,0,0,0,0,0,0,0,0,0,2,0,0,0,0,0,0,0,0,0,0,0,0,0,0,1,0,0
/Users/kaiohs/Downloads/codes/lab02-experimentacao-software/data/repos/javaparser__javaparser/javaparser-core/src/main/java/com/github/javaparser/metamodel/BinaryExprMetaModel.java,com.github.javaparser.metamodel.BinaryExprMetaModel,class,5,7,2,5,1,4,0,0,0,0.0,NaN,NaN,1,0,0,0,0,1,1,0,0,0,3,0,3,0,0,0,0,0,0,8,0,0,0,0,0,4,0,0,0,3,0,0,0,0,39,1,0
/Users/kaiohs/Downloads/codes/lab02-experimentacao-software/data/repos/javaparser__javaparser/javaparser-symbol-solver-testing/src/test/java/com/github/javaparser/symbolsolver/resolution/typeinference/bounds/SubtypeOfBoundTest.java,com.github.javaparser.symbolsolver.resolution.typeinference.bounds.SubtypeOfBoundTest,class,12,12,0,12,4,1,0,16,4,0.75,0.0,0.0,4,0,0,0,0,4,4,0,0,0,6,0,0,6,0,0,0,0,7,41,0,0,0,0,0,5,0,24,0,24,0,0,0,0,40,0,0
/Users/kaiohs/Downloads/codes/lab02-experimentacao-software/data/repos/javaparser__javaparser/javaparser-core/src/main/java/com/github/javaparser/printer/concretesyntaxmodel/CsmNone.java,com.github.javaparser.printer.concretesyntaxmodel.CsmNone,class,3,7,4,3,1,1,0,0,0,0.0,NaN,NaN,1,0,1,0,0,0,1,0,0,0,0,0,0,0,0,0,0,0,0,4,0,0,0,0,0,0,0,0,0,0,0,0,0,0,9,1,0
/Users/kaiohs/Downloads/codes/lab02-experimentacao-software/data/repos/javaparser__javaparser/javaparser-symbol-solver-testing/src/test/java/com/github/javaparser/symbolsolver/Issue314Test.java,com.github.javaparser.symbolsolver.Issue314Test,class,11,11,0,11,3,2,0,12,1,0.5,0.0,0.0,3,0,0,1,0,2,2,0,0,0,2,0,0,2,0,0,0,0,2,20,1,0,0,0,0,13,0,6,1,6,0,0,0,0,41,0,0
/Users/kaiohs/Downloads/codes/lab02-experimentacao-software/data/repos/javaparser__javaparser/javaparser-symbol-solver-testing/src/test/java/com/github/javaparser/resolution/declarations/ResolvedTypeParameterDeclarationTest.java,com.github.javaparser.resolution.declarations.ResolvedTypeParameterDeclarationTest,interface,4,6,2,4,2,1,0,3,1,0.0,0.0,0.0,2,0,0,0,0,2,2,0,0,0,0,0,0,0,0,0,0,0,0,6,0,0,0,0,0,0,0,0,0,0,0,0,0,0,12,1,0
/Users/kaiohs/Downloads/codes/lab02-experimentacao-software/data/repos/javaparser__javaparser/javaparser-symbol-solver-testing/src/test/java/com/github/javaparser/symbolsolver/resolution/types/ResolvedArrayTypeTest.java,com.github.javaparser.symbolsolver.resolution.types.ResolvedArrayTypeTest,class,8,9,1,8,15,3,0,22,77,0.90000004,0.0,0.0,15,0,0,4,0,11,11,0,0,0,14,0,0,0,0,14,0,0,3,106,4,0,0,0,0,13,0,14,0,16,0,0,0,2,61,0,0
/Users/kaiohs/Downloads/codes/lab02-experimentacao-software/data/repos/javaparser__javaparser/javaparser-core/src/main/java/com/github/javaparser/ast/AccessSpecifier.java,com.github.javaparser.ast.AccessSpecifier,enum,0,6,6,0,2,1,0,0,0,0.0,0.0,0.0,2,0,1,0,0,1,2,0,0,0,1,0,0,1,0,0,0,0,0,8,1,0,0,0,0,4,0,1,0,1,0,0,0,0,34,1,0
/Users/kaiohs/Downloads/codes/lab02-experimentacao-software/data/repos/javaparser__javaparser/javaparser-core-testing-bdd/src/test/resources/com/github/javaparser/samples/JavaConcepts.java,japa.bdd.samples.JavaConcepts$Sexo$Sexo_,enum,0,0,0,0,0,1,0,0,0,0.0,-1.0,-1.0,0,0,0,0,0,0,0,0,0,0,0,0,0,0,0,0,0,0,0,1,0,0,0,0,0,0,0,0,0,0,0,0,0,0,4,1,0
/Users/kaiohs/Downloads/codes/lab02-experimentacao-software/data/repos/javaparser__javaparser/javaparser-core/src/main/java/com/github/javaparser/ast/expr/CastExpr.java,com.github.javaparser.ast.expr.CastExpr,class,17,55,36,19,23,3,0,14,86,0.6875,0.0,0.0,16,0,16,0,0,0,16,0,0,0,2,0,0,2,0,0,0,0,1,82,16,0,7,0,0,14,0,2,0,2,1,0,0,0,60,1,0
/Users/kaiohs/Downloads/codes/lab02-experimentacao-software/data/repos/javaparser__javaparser/javaparser-core/src/main/java/com/github/javaparser/metamodel/FieldAccessExprMetaModel.java,com.github.javaparser.metamodel.FieldAccessExprMetaModel,class,5,7,2,5,1,4,0,0,0,0.0,NaN,NaN,1,0,0,0,0,1,1,0,0,0,4,0,4,0,0,0,0,0,0,9,0,0,0,0,0,4,0,0,0,4,0,0,0,0,44,1,0
/Users/kaiohs/Downloads/codes/lab02-experimentacao-software/data/repos/javaparser__javaparser/javaparser-core/src/main/javacc-support/com/github/javaparser/TokenBase.java,com.github.javaparser.TokenBase,class,1,1,0,1,0,1,0,0,0,NaN,-1.0,-1.0,0,0,0,0,0,0,0,0,0,0,2,0,0,0,0,2,0,0,0,4,0,0,0,0,0,0,0,2,0,2,0,0,0,0,22,1024,0
/Users/kaiohs/Downloads/codes/lab02-experimentacao-software/data/repos/javaparser__javaparser/javaparser-core-testing-bdd/src/test/java/com/github/javaparser/steps/ComparingSteps.java,com.github.javaparser.steps.ComparingSteps,class,3,4,1,3,3,1,0,5,0,0.33333334,0.0,0.0,3,0,3,0,0,0,3,0,0,0,2,0,0,2,0,0,0,0,0,13,0,0,0,0,0,3,0,2,0,2,0,0,0,0,23,1,0
/Users/kaiohs/Downloads/codes/lab02-experimentacao-software/data/repos/javaparser__javaparser/javaparser-symbol-solver-testing/src/test/test_sourcecode/javaparser_new_src/javaparser-core/com/github/javaparser/PackageLocalClasses.java,com.github.javaparser.FooClass,class,0,0,0,0,0,1,0,0,0,0.0,-1.0,-1.0,0,0,0,0,0,0,0,0,0,0,0,0,0,0,0,0,0,0,0,2,0,0,0,0,0,0,0,0,0,0,0,0,0,0,2,0,0
/Users/kaiohs/Downloads/codes/lab02-experimentacao-software/data/repos/javaparser__javaparser/javaparser-symbol-solver-testing/src/test/java/com/github/javaparser/resolution/declarations/ResolvedClassDeclarationTest.java,com.github.javaparser.resolution.declarations.ResolvedClassDeclarationTest,interface,6,8,2,6,6,1,0,8,15,0.0,0.0,0.0,6,0,0,0,0,6,6,0,0,0,0,0,0,0,0,0,0,0,0,18,0,0,0,0,0,0,0,0,0,0,0,0,0,0,23,1,0
/Users/kaiohs/Downloads/codes/lab02-experimentacao-software/data/repos/javaparser__javaparser/javaparser-symbol-solver-core/src/main/java/com/github/javaparser/symbolsolver/reflectionmodel/comparators/ParameterComparator.java,com.github.javaparser.symbolsolver.reflectionmodel.comparators.ParameterComparator,class,1,2,1,1,3,1,0,4,0,0.0,NaN,NaN,1,0,1,0,0,0,1,0,0,0,0,0,0,0,0,0,0,0,0,9,3,0,2,0,0,0,3,2,0,2,1,0,0,0,9,1,0
/Users/kaiohs/Downloads/codes/lab02-experimentacao-software/data/repos/javaparser__javaparser/javaparser-core-testing/src/test/java/com/github/javaparser/UnicodeEscapeProcessingProviderTest.java,com.github.javaparser.UnicodeEscapeProcessingProviderTest,class,5,7,2,5,23,1,0,8,210,0.0,0.0,0.0,21,3,0,0,0,21,21,0,0,0,0,0,0,0,0,0,0,0,20,76,3,1,0,0,0,38,5,4,2,4,2,0,0,0,44,1,0
/Users/kaiohs/Downloads/codes/lab02-experimentacao-software/data/repos/javaparser__javaparser/javaparser-symbol-solver-core/src/main/java/com/github/javaparser/symbolsolver/javaparsermodel/contexts/AnonymousClassDeclarationContext.java,com.github.javaparser.symbolsolver.javaparsermodel.contexts.AnonymousClassDeclarationContext,class,19,34,1,33,23,2,0,58,0,0.25,0.0,0.0,4,0,4,0,0,0,4,0,0,0,1,0,0,1,0,0,1,0,7,75,9,3,1,1,2,3,1,11,1,20,5,0,0,10,61,1,0
/Users/kaiohs/Downloads/codes/lab02-experimentacao-software/data/repos/javaparser__javaparser/javaparser-symbol-solver-core/src/main/java/com/github/javaparser/symbolsolver/resolution/typeinference/bounds/ThrowsBound.java,com.github.javaparser.symbolsolver.resolution.typeinference.bounds.ThrowsBound,class,4,6,2,4,10,2,0,4,0,0.14285715,0.0,0.0,7,0,7,0,0,0,7,0,0,0,1,0,0,1,0,0,0,0,0,29,7,0,3,0,0,2,0,3,2,3,1,0,0,0,50,1,0
/Users/kaiohs/Downloads/codes/lab02-experimentacao-software/data/repos/javaparser__javaparser/javaparser-symbol-solver-testing/src/test/test_sourcecode/javasymbolsolver_0_6_0/src/java-symbol-solver-logic/com/github/javaparser/symbolsolver/logic/InferenceContext.java,com.github.javaparser.symbolsolver.logic.InferenceContext,class,11,17,6,11,64,1,0,51,15,0.75000006,0.0,0.0,7,0,4,3,0,0,4,0,0,0,4,0,0,4,0,0,0,0,7,186,19,1,0,0,10,1,3,22,1,21,5,0,0,4,57,1,0
/Users/kaiohs/Downloads/codes/lab02-experimentacao-software/data/repos/javaparser__javaparser/javaparser-symbol-solver-core/src/main/java/com/github/javaparser/symbolsolver/utils/SymbolSolverCollectionStrategy.java,com.github.javaparser.symbolsolver.utils.SymbolSolverCollectionStrategy,class,7,7,0,7,6,1,0,5,0,0.5,0.0,0.0,4,0,4,0,0,0,4,0,0,0,2,0,0,2,0,0,2,0,2,68,2,0,0,1,0,1,0,3,0,3,1,1,0,1,39,1,1
/Users/kaiohs/Downloads/codes/lab02-experimentacao-software/data/repos/javaparser__javaparser/javaparser-symbol-solver-testing/src/test/java/com/github/javaparser/symbolsolver/reflectionmodel/ReflectionClassDeclarationTest.java,com.github.javaparser.symbolsolver.reflectionmodel.ReflectionClassDeclarationTest$3Bar,innerclass,1,1,0,1,0,2,0,0,0,0.0,-1.0,-1.0,0,0,0,0,0,0,0,0,0,0,0,0,0,0,0,0,0,0,0,2,0,0,0,0,0,0,0,0,0,0,0,0,0,0,1,0,0
/Users/kaiohs/Downloads/codes/lab02-experimentacao-software/data/repos/javaparser__javaparser/javaparser-core/src/main/java/com/github/javaparser/ast/body/CallableDeclaration.java,com.github.javaparser.ast.body.CallableDeclaration,class,35,55,20,35,72,3,0,65,319,0.8055556,0.0,0.0,30,0,25,3,1,1,27,0,0,0,6,0,0,6,0,0,0,0,3,279,46,9,27,0,2,30,9,19,0,17,3,0,1,0,104,1025,0
/Users/kaiohs/Downloads/codes/lab02-experimentacao-software/data/repos/javaparser__javaparser/javaparser-core-testing/src/test/java/com/github/javaparser/printer/lexicalpreservation/Issue3949Test.java,com.github.javaparser.printer.lexicalpreservation.Issue3949Test,class,7,7,0,7,1,2,0,10,0,0.0,NaN,NaN,1,0,1,0,0,0,1,0,0,0,0,0,0,0,0,0,0,0,1,15,0,0,0,0,0,15,2,5,2,5,0,0,0,0,29,0,0
/Users/kaiohs/Downloads/codes/lab02-experimentacao-software/data/repos/javaparser__javaparser/javaparser-core-testing/src/test/java/com/github/javaparser/ast/visitor/GenericVisitorWithDefaultsTest.java,com.github.javaparser.ast.visitor.GenericVisitorWithDefaultsTest$Anonymous1,anonymous,1,1,0,1,1,1,0,1,0,0.0,NaN,NaN,1,0,1,0,0,0,1,0,0,0,0,0,0,0,0,0,0,0,0,6,1,0,0,0,0,0,0,0,0,0,0,0,0,0,6,-1,0
/Users/kaiohs/Downloads/codes/lab02-experimentacao-software/data/repos/javaparser__javaparser/javaparser-symbol-solver-core/src/main/java/com/github/javaparser/symbolsolver/javaparsermodel/contexts/LambdaExprContext.java,com.github.javaparser.symbolsolver.javaparsermodel.contexts.LambdaExprContext,class,36,63,3,60,34,3,0,62,21,0.0,0.0,0.0,7,0,5,1,1,0,6,0,1,0,0,0,0,0,0,0,0,0,23,133,15,6,1,0,0,7,2,37,3,36,7,0,0,9,88,1,0
/Users/kaiohs/Downloads/codes/lab02-experimentacao-software/data/repos/javaparser__javaparser/javaparser-core/src/main/java/com/github/javaparser/printer/lexicalpreservation/TextElementIteratorsFactory.java,com.github.javaparser.printer.lexicalpreservation.TextElementIteratorsFactory,class,8,10,2,8,6,1,0,7,3,0.0,0.0,0.0,3,3,2,1,0,0,2,0,0,0,0,0,0,0,0,0,0,0,3,127,4,1,0,0,0,0,2,5,1,5,1,1,4,0,23,0,0
/Users/kaiohs/Downloads/codes/lab02-experimentacao-software/data/repos/javaparser__javaparser/javaparser-core/src/main/java/com/github/javaparser/ast/visitor/CloneVisitor.java,com.github.javaparser.ast.visitor.CloneVisitor,class,124,284,120,164,115,1,0,303,5671,0.0,0.0,0.0,107,0,103,2,2,0,105,0,0,0,0,0,0,0,0,0,0,0,0,1079,111,2,5,0,1,4,0,427,0,428,2,0,0,1,218,1,0
/Users/kaiohs/Downloads/codes/lab02-experimentacao-software/data/repos/javaparser__javaparser/javaparser-core/src/main/java/com/github/javaparser/ast/nodeTypes/NodeWithCondition.java,com.github.javaparser.ast.nodeTypes.NodeWithCondition,interface,2,6,4,2,2,1,0,0,1,0.0,0.0,0.0,2,0,0,0,0,2,2,0,0,0,0,0,0,0,0,0,0,0,0,4,0,0,0,0,0,0,0,0,0,0,0,0,0,0,7,1,0
/Users/kaiohs/Downloads/codes/lab02-experimentacao-software/data/repos/javaparser__javaparser/javaparser-core/src/main/java/com/github/javaparser/ast/validator/language_level_validations/Java14Validator.java,com.github.javaparser.ast.validator.language_level_validations.Java14Validator,class,9,11,2,9,1,16,2,2,0,0.6666667,NaN,NaN,1,0,1,0,0,0,1,0,0,0,3,0,0,0,0,3,3,0,0,14,0,0,0,0,0,0,0,3,0,3,1,0,0,0,79,1,0
/Users/kaiohs/Downloads/codes/lab02-experimentacao-software/data/repos/javaparser__javaparser/javaparser-core/src/main/java/com/github/javaparser/ast/expr/RecordPatternExpr.java,com.github.javaparser.ast.expr.RecordPatternExpr,class,19,39,20,19,32,5,0,26,105,0.6666667,0.0,0.0,18,0,18,0,0,0,18,0,0,0,2,0,0,2,0,0,0,0,1,107,21,4,10,0,0,15,4,6,0,6,2,0,0,0,111,1,0
/Users/kaiohs/Downloads/codes/lab02-experimentacao-software/data/repos/javaparser__javaparser/javaparser-symbol-solver-testing/src/test/test_sourcecode/javasymbolsolver_0_6_0/src/java-symbol-solver-model/com/github/javaparser/symbolsolver/model/typesystem/Wildcard.java,com.github.javaparser.symbolsolver.model.typesystem.Wildcard,class,4,18,14,4,38,1,0,8,0,0.5777778,0.0,0.0,15,2,14,1,0,0,14,0,0,0,3,1,1,2,0,0,0,0,0,105,24,0,23,0,2,6,3,7,6,6,1,0,1,0,75,1,0
/Users/kaiohs/Downloads/codes/lab02-experimentacao-software/data/repos/javaparser__javaparser/javaparser-symbol-solver-testing/src/test/resources/differentiate_dot_expressions/FieldDotExpressions.java,FieldDotExpressions,class,0,0,0,0,1,1,0,3,0,0.0,NaN,NaN,1,1,1,0,0,0,1,0,0,0,0,0,0,0,0,0,0,0,0,7,0,0,0,0,0,0,0,0,0,0,0,0,0,0,5,1,0
/Users/kaiohs/Downloads/codes/lab02-experimentacao-software/data/repos/javaparser__javaparser/javaparser-symbol-solver-testing/src/test/java/com/github/javaparser/symbolsolver/Issue3710Test.java,com.github.javaparser.symbolsolver.Issue3710Test,class,11,11,0,11,3,1,0,12,3,0.0,0.0,0.0,3,0,0,0,0,3,3,0,0,0,0,0,0,0,0,0,0,0,0,46,0,0,0,0,0,33,0,28,3,28,0,0,0,0,53,1,0
/Users/kaiohs/Downloads/codes/lab02-experimentacao-software/data/repos/javaparser__javaparser/javaparser-core/src/main/java/com/github/javaparser/metamodel/SynchronizedStmtMetaModel.java,com.github.javaparser.metamodel.SynchronizedStmtMetaModel,class,5,7,2,5,1,4,0,0,0,0.0,NaN,NaN,1,0,0,0,0,1,1,0,0,0,2,0,2,0,0,0,0,0,0,7,0,0,0,0,0,4,0,0,0,2,0,0,0,0,38,1,0
/Users/kaiohs/Downloads/codes/lab02-experimentacao-software/data/repos/javaparser__javaparser/javaparser-core-testing/src/test/java/com/github/javaparser/utils/OptionalsTest.java,com.github.javaparser.utils.OptionalsTest$1TestNode,innerclass,0,0,0,0,1,1,0,0,0,0.0,NaN,NaN,1,0,0,0,0,1,1,0,0,0,1,0,0,0,0,1,0,0,0,6,0,0,0,0,0,0,0,1,0,1,0,0,0,0,3,0,0
/Users/kaiohs/Downloads/codes/lab02-experimentacao-software/data/repos/javaparser__javaparser/javaparser-core-testing-bdd/src/test/java/com/github/javaparser/steps/VisitorSteps.java,com.github.javaparser.steps.VisitorSteps$Anonymous1,anonymous,1,1,0,1,1,1,0,3,0,0.0,NaN,NaN,1,0,1,0,0,0,1,0,0,0,0,0,0,0,0,0,0,0,0,5,0,0,0,0,0,0,0,0,0,0,0,0,0,0,4,-1,0
/Users/kaiohs/Downloads/codes/lab02-experimentacao-software/data/repos/javaparser__javaparser/javaparser-core-testing-bdd/src/test/java/com/github/javaparser/steps/VisitorSteps.java,com.github.javaparser.steps.VisitorSteps$Anonymous2,anonymous,2,2,0,2,2,1,0,3,1,0.0,0.0,0.0,2,0,2,0,0,0,2,0,0,0,0,0,0,0,0,0,0,0,0,8,0,0,0,0,0,2,0,0,2,0,0,0,0,0,5,-1,0
/Users/kaiohs/Downloads/codes/lab02-experimentacao-software/data/repos/javaparser__javaparser/javaparser-core/src/main/java/com/github/javaparser/resolution/promotion/ConditionalExprHandler.java,com.github.javaparser.resolution.promotion.ConditionalExprHandler,interface,1,6,5,1,1,1,0,0,0,0.0,NaN,NaN,1,0,0,0,0,1,1,0,0,0,0,0,0,0,0,0,0,0,0,3,0,0,0,0,0,0,0,0,0,0,0,0,0,0,6,1,0
/Users/kaiohs/Downloads/codes/lab02-experimentacao-software/data/repos/javaparser__javaparser/javaparser-symbol-solver-testing/src/test/java/com/github/javaparser/symbolsolver/javaparsermodel/contexts/MultiCatchMethodCallExprTest.java,com.github.javaparser.symbolsolver.javaparsermodel.contexts.MultiCatchMethodCallExprTest$Visitor,innerclass,3,3,0,3,2,2,0,5,0,0.0,NaN,NaN,1,0,1,0,0,0,1,0,0,0,0,0,0,0,0,0,0,0,0,7,0,0,1,0,0,0,2,0,0,0,1,0,0,0,11,10,0
/Users/kaiohs/Downloads/codes/lab02-experimentacao-software/data/repos/javaparser__javaparser/javaparser-symbol-solver-testing/src/test/test_sourcecode/javaparser_src/generated/com/github/javaparser/ASTParserTokenManager.java,com.github.javaparser.ASTParserTokenManager,class,8,10,2,8,1248,1,0,49,698,0.9412087,0.0,0.0,40,3,7,29,1,3,11,0,5,0,91,76,4,6,2,79,79,0,7,1929,381,10,406,19,460,114,2812,334,23,116,12,0,0,0,330,1,0
/Users/kaiohs/Downloads/codes/lab02-experimentacao-software/data/repos/javaparser__javaparser/javaparser-core-testing-bdd/src/test/java/com/github/javaparser/steps/VisitorSteps.java,com.github.javaparser.steps.VisitorSteps$Anonymous3,anonymous,1,1,0,1,1,1,0,1,0,0.0,NaN,NaN,1,0,1,0,0,0,1,0,0,0,0,0,0,0,0,0,0,0,0,5,1,0,0,0,0,0,0,0,0,0,0,0,0,0,5,-1,0
/Users/kaiohs/Downloads/codes/lab02-experimentacao-software/data/repos/javaparser__javaparser/javaparser-symbol-solver-testing/src/test/resources/javassist_symbols/excluded_jar/src/com/github/javaparser/javasymbolsolver/javassist_symbols/excluded_jar/InterfaceExcludedJar.java,com.github.javaparser.javasymbolsolver.javassist_symbols.excluded_jar.InterfaceExcludedJar,interface,0,2,2,0,0,1,0,0,0,NaN,-1.0,-1.0,0,0,0,0,0,0,0,0,0,0,1,1,1,0,0,0,1,0,0,3,0,0,0,0,0,1,0,1,0,1,0,0,0,0,14,1,0
/Users/kaiohs/Downloads/codes/lab02-experimentacao-software/data/repos/javaparser__javaparser/javaparser-core-testing-bdd/src/test/java/com/github/javaparser/steps/VisitorSteps.java,com.github.javaparser.steps.VisitorSteps$Anonymous4,anonymous,1,1,0,1,1,1,0,2,0,0.0,NaN,NaN,1,0,1,0,0,0,1,0,0,0,0,0,0,0,0,0,0,0,1,5,1,0,0,0,0,0,0,0,0,0,0,0,0,0,5,-1,0
/Users/kaiohs/Downloads/codes/lab02-experimentacao-software/data/repos/javaparser__javaparser/javaparser-symbol-solver-core/src/main/java/com/github/javaparser/symbolsolver/javaparsermodel/contexts/WhileStatementContext.java,com.github.javaparser.symbolsolver.javaparsermodel.contexts.WhileStatementContext,class,9,10,1,9,5,3,0,8,3,0.0,0.0,0.0,3,0,3,0,0,0,3,0,0,0,0,0,0,0,0,0,0,0,1,26,2,0,0,0,0,0,0,9,0,9,1,0,0,0,70,1,0
/Users/kaiohs/Downloads/codes/lab02-experimentacao-software/data/repos/javaparser__javaparser/javaparser-core-testing/src/test/java/com/github/javaparser/printer/lexicalpreservation/transformations/ast/body/StatementTransformationsTest.java,com.github.javaparser.printer.lexicalpreservation.transformations.ast.body.StatementTransformationsTest,class,22,23,1,22,15,2,0,38,105,0.93333334,0.0,0.0,15,0,2,0,0,13,15,0,0,0,1,1,0,1,0,0,1,0,3,130,1,0,0,0,0,58,41,58,8,58,0,0,0,0,100,0,0
/Users/kaiohs/Downloads/codes/lab02-experimentacao-software/data/repos/javaparser__javaparser/javaparser-symbol-solver-core/src/main/java/com/github/javaparser/symbolsolver/cache/DefaultCacheStats.java,com.github.javaparser.symbolsolver.cache.DefaultCacheStats,class,3,7,4,3,24,1,0,16,0,0.45614037,0.0,0.0,19,0,19,0,0,0,19,0,0,0,6,0,0,6,0,0,6,0,7,84,18,0,10,0,4,14,20,18,4,12,1,0,0,0,204,1,0
/Users/kaiohs/Downloads/codes/lab02-experimentacao-software/data/repos/javaparser__javaparser/javaparser-core/src/main/java/com/github/javaparser/printer/DefaultPrettyPrinterVisitor.java,com.github.javaparser.printer.DefaultPrettyPrinterVisitor,class,129,132,3,129,376,1,1,201,0,0.6959999,0.0,0.0,125,0,106,4,15,0,121,0,0,0,3,1,0,1,2,0,2,0,25,1637,14,56,17,0,12,266,25,141,14,138,4,0,0,16,383,1,0
/Users/kaiohs/Downloads/codes/lab02-experimentacao-software/data/repos/javaparser__javaparser/javaparser-symbol-solver-core/src/main/java/com/github/javaparser/symbolsolver/resolution/typeinference/constraintformulas/ExpressionCompatibleWithType.java,com.github.javaparser.symbolsolver.resolution.typeinference.constraintformulas.ExpressionCompatibleWithType,class,24,26,2,24,48,2,0,86,25,0.4848485,0.0,0.0,11,0,5,6,0,0,5,0,0,0,3,0,0,3,0,0,0,0,24,161,27,3,4,0,1,6,3,28,6,30,7,0,0,5,102,1,0
/Users/kaiohs/Downloads/codes/lab02-experimentacao-software/data/repos/javaparser__javaparser/javaparser-core-testing/src/test/java/com/github/javaparser/printer/lexicalpreservation/IndentationContextTest.java,com.github.javaparser.printer.lexicalpreservation.IndentationContextTest$ConstructorTests,innerclass,6,6,0,6,4,1,0,8,6,0.0,0.0,0.0,4,0,0,0,0,4,4,0,0,0,0,0,0,0,0,0,0,0,2,25,0,0,0,0,0,5,5,7,0,7,0,0,0,0,27,0,0
/Users/kaiohs/Downloads/codes/lab02-experimentacao-software/data/repos/javaparser__javaparser/javaparser-symbol-solver-testing/src/test/java/com/github/javaparser/symbolsolver/resolution/SymbolSolverWithJavassistClassTest.java,com.github.javaparser.symbolsolver.resolution.SymbolSolverWithJavassistClassTest,class,13,14,1,13,13,2,0,14,17,0.77777785,0.0,0.0,11,0,0,1,0,10,10,0,0,0,9,0,0,9,0,0,0,0,2,77,2,0,0,2,0,23,0,13,0,13,1,0,0,1,75,0,0
/Users/kaiohs/Downloads/codes/lab02-experimentacao-software/data/repos/javaparser__javaparser/javaparser-core-testing/src/test/java/com/github/javaparser/printer/lexicalpreservation/transformations/ast/body/MethodDeclarationTransformationsTest.java,com.github.javaparser.printer.lexicalpreservation.transformations.ast.body.MethodDeclarationTransformationsTest,class,17,18,1,17,33,2,0,44,528,0.0,0.0,0.0,33,0,5,0,1,27,33,0,0,0,0,0,0,0,0,0,0,0,15,197,1,0,0,0,0,271,32,45,38,46,1,0,0,1,115,0,0
/Users/kaiohs/Downloads/codes/lab02-experimentacao-software/data/repos/javaparser__javaparser/javaparser-core-testing/src/test/java/com/github/javaparser/ast/imports/ImportDeclarationTest.java,com.github.javaparser.ast.imports.ImportDeclarationTest,class,3,3,0,3,8,1,0,15,28,0.0,0.0,0.0,8,1,0,0,0,8,8,0,0,0,0,0,0,0,0,0,0,0,0,39,0,0,0,0,0,16,0,7,0,7,0,0,0,0,21,0,0
/Users/kaiohs/Downloads/codes/lab02-experimentacao-software/data/repos/javaparser__javaparser/javaparser-core/src/main/java/com/github/javaparser/ast/stmt/ForStmt.java,com.github.javaparser.ast.stmt.ForStmt,class,18,45,27,18,45,3,0,26,151,0.7386364,0.0,0.0,22,0,22,0,0,0,22,0,0,0,4,0,0,4,0,0,0,0,2,154,30,4,19,0,0,20,4,8,0,8,2,0,0,0,104,1,0
/Users/kaiohs/Downloads/codes/lab02-experimentacao-software/data/repos/javaparser__javaparser/javaparser-core-testing/src/test/java/com/github/javaparser/printer/DotPrinterTest.java,com.github.javaparser.printer.DotPrinterTest,class,5,5,0,5,3,1,0,6,3,0.0,0.0,0.0,3,0,0,0,0,3,3,0,0,0,0,0,0,0,0,0,0,0,29,50,0,0,0,0,0,52,0,39,29,11,0,0,0,0,42,0,0
/Users/kaiohs/Downloads/codes/lab02-experimentacao-software/data/repos/javaparser__javaparser/javaparser-core/src/main/java/com/github/javaparser/metamodel/JavadocCommentMetaModel.java,com.github.javaparser.metamodel.JavadocCommentMetaModel,class,4,8,4,4,2,4,2,0,1,0.0,0.0,0.0,2,0,0,0,1,1,2,0,0,0,0,0,0,0,0,0,0,0,0,8,0,0,0,0,0,5,0,0,0,0,0,0,0,0,36,1,0
/Users/kaiohs/Downloads/codes/lab02-experimentacao-software/data/repos/javaparser__javaparser/javaparser-symbol-solver-testing/src/test/resources/issue1526/compiles/d/e/f/DataObjectFactory.java,DataObjectFactory,class,1,2,1,1,1,1,0,0,0,0.0,NaN,NaN,1,0,1,0,0,0,1,0,0,0,0,0,0,0,0,0,0,0,0,5,1,0,0,0,0,0,0,0,0,0,0,0,0,0,8,1,0
/Users/kaiohs/Downloads/codes/lab02-experimentacao-software/data/repos/javaparser__javaparser/javaparser-core/src/main/java/com/github/javaparser/metamodel/ThrowStmtMetaModel.java,com.github.javaparser.metamodel.ThrowStmtMetaModel,class,5,7,2,5,1,4,0,0,0,0.0,NaN,NaN,1,0,0,0,0,1,1,0,0,0,1,0,1,0,0,0,0,0,0,6,0,0,0,0,0,4,0,0,0,1,0,0,0,0,37,1,0
/Users/kaiohs/Downloads/codes/lab02-experimentacao-software/data/repos/javaparser__javaparser/javaparser-symbol-solver-testing/src/test/resources/internalClassInInterface/foo/bar/AnInterface.java,foo.bar.AnInterface,interface,0,0,0,0,0,1,0,0,0,0.0,-1.0,-1.0,0,0,0,0,0,0,0,0,0,0,0,0,0,0,0,0,0,0,0,3,0,0,0,0,0,0,0,0,0,0,0,0,1,0,13,1,0
/Users/kaiohs/Downloads/codes/lab02-experimentacao-software/data/repos/javaparser__javaparser/javaparser-core-testing/src/test/resources/com/github/javaparser/issue_samples/issue_2627/Ops.java,org.tensorflow.op.Ops,class,369,370,1,369,313,1,0,11,0,0.92031574,0.0,0.0,313,2,312,1,0,0,312,0,1,0,17,0,16,1,0,0,17,0,0,974,311,0,0,0,0,0,0,17,0,17,0,0,0,0,1790,17,0
/Users/kaiohs/Downloads/codes/lab02-experimentacao-software/data/repos/javaparser__javaparser/javaparser-core/src/main/java/com/github/javaparser/ast/validator/ProblemReporter.java,com.github.javaparser.ast.validator.ProblemReporter,class,5,32,27,5,4,1,0,6,4,0.5,0.0,0.0,4,0,4,0,0,0,4,0,0,0,1,0,0,1,0,0,1,0,0,15,0,0,0,0,0,0,0,1,0,1,0,0,0,0,31,1,0
/Users/kaiohs/Downloads/codes/lab02-experimentacao-software/data/repos/javaparser__javaparser/javaparser-symbol-solver-testing/src/test/java/com/github/javaparser/symbolsolver/Issue1491Test.java,com.github.javaparser.symbolsolver.Issue1491Test,class,8,8,0,8,6,1,0,8,3,0.0,0.0,0.0,3,0,0,0,0,3,3,0,0,0,0,0,0,0,0,0,0,0,0,68,0,0,0,0,0,3,0,12,0,12,1,3,0,0,39,0,0
/Users/kaiohs/Downloads/codes/lab02-experimentacao-software/data/repos/javaparser__javaparser/javaparser-core-testing/src/test/java/com/github/javaparser/ast/NodeListTest.java,com.github.javaparser.ast.NodeListTest$IteratorTest$ObserversTest$Anonymous1,anonymous,4,4,0,4,4,1,0,6,6,0.0,0.0,0.0,4,0,4,0,0,0,4,0,0,0,0,0,0,0,0,0,0,0,4,14,0,0,0,0,0,4,0,0,0,0,0,0,0,0,25,-1,0
/Users/kaiohs/Downloads/codes/lab02-experimentacao-software/data/repos/javaparser__javaparser/javaparser-core-testing/src/test/test_sourcecode/com/github/javaparser/printer/JavaConceptsBase.java,japa.bdd.samples.JavaConceptsBase,class,4,5,1,4,2,2,0,0,0,NaN,0.0,0.0,0,0,0,0,0,0,2,0,0,0,22,3,1,0,1,20,0,0,0,30,0,0,0,0,2,0,24,23,0,23,0,0,0,0,40,1,0
/Users/kaiohs/Downloads/codes/lab02-experimentacao-software/data/repos/javaparser__javaparser/javaparser-symbol-solver-testing/src/test/java/com/github/javaparser/symbolsolver/reflectionmodel/ReflectionMethodDeclarationTest.java,com.github.javaparser.symbolsolver.reflectionmodel.ReflectionMethodDeclarationTest$Foo,innerclass,0,0,0,0,1,1,0,0,0,0.0,NaN,NaN,1,0,0,0,0,1,1,0,0,0,0,0,0,0,0,0,0,0,0,4,0,0,0,0,0,0,0,0,0,0,0,0,0,0,4,0,0
/Users/kaiohs/Downloads/codes/lab02-experimentacao-software/data/repos/javaparser__javaparser/javaparser-symbol-solver-testing/src/test/test_sourcecode/javasymbolsolver_0_6_0/src/java-symbol-solver-logic/com/github/javaparser/symbolsolver/logic/InferenceVariableType.java,com.github.javaparser.symbolsolver.logic.InferenceVariableType,class,7,9,2,7,30,1,0,25,10,0.6666667,0.0,0.0,12,1,10,2,0,0,10,0,0,0,5,0,0,5,0,0,0,0,2,106,18,1,7,0,2,5,4,13,5,17,3,0,0,4,61,1,0
/Users/kaiohs/Downloads/codes/lab02-experimentacao-software/data/repos/javaparser__javaparser/javaparser-core-testing/src/test/java/com/github/javaparser/ast/validator/Java9ValidatorTest.java,com.github.javaparser.ast.validator.Java9ValidatorTest,class,7,7,0,7,5,1,0,5,0,0.0,0.0,0.0,5,0,0,0,0,5,5,0,0,0,1,1,1,0,0,0,1,0,5,23,0,0,0,0,0,32,0,6,2,6,0,0,0,0,48,0,0
/Users/kaiohs/Downloads/codes/lab02-experimentacao-software/data/repos/javaparser__javaparser/javaparser-symbol-solver-core/src/main/java/com/github/javaparser/symbolsolver/resolution/typeinference/bounds/FalseBound.java,com.github.javaparser.symbolsolver.resolution.typeinference.bounds.FalseBound,class,4,7,3,4,5,2,0,1,10,0.8,0.0,0.0,5,1,4,1,0,0,4,0,0,0,1,1,0,1,0,0,0,0,1,17,4,0,0,0,0,1,0,1,0,1,0,0,0,0,29,1,0
/Users/kaiohs/Downloads/codes/lab02-experimentacao-software/data/repos/javaparser__javaparser/javaparser-core-testing/src/test/java/com/github/javaparser/ast/expr/LiteralStringValueExprTest.java,com.github.javaparser.ast.expr.LiteralStringValueExprTest,class,8,8,0,8,8,1,0,21,28,0.0,0.0,0.0,8,0,0,0,0,8,8,0,0,0,0,0,0,0,0,0,0,0,0,137,0,0,0,0,0,75,67,40,0,40,0,0,0,0,86,0,0
/Users/kaiohs/Downloads/codes/lab02-experimentacao-software/data/repos/javaparser__javaparser/javaparser-core-generators/src/main/java/com/github/javaparser/generator/core/node/NodeModifierGenerator.java,com.github.javaparser.generator.core.node.NodeModifierGenerator,class,5,5,0,5,2,3,0,2,1,0.0,0.0,0.0,2,0,1,0,1,0,2,0,0,0,0,0,0,0,0,0,0,0,0,8,0,0,0,0,0,0,0,0,0,0,0,0,0,0,20,1,0
/Users/kaiohs/Downloads/codes/lab02-experimentacao-software/data/repos/javaparser__javaparser/javaparser-core/src/main/java/com/github/javaparser/metamodel/RecordPatternExprMetaModel.java,com.github.javaparser.metamodel.RecordPatternExprMetaModel,class,5,7,2,5,1,6,0,0,0,0.0,NaN,NaN,1,0,0,0,0,1,1,0,0,0,2,0,2,0,0,0,0,0,0,7,0,0,0,0,0,4,0,0,0,2,0,0,0,0,39,1,0
/Users/kaiohs/Downloads/codes/lab02-experimentacao-software/data/repos/javaparser__javaparser/javaparser-symbol-solver-testing/src/test/java/com/github/javaparser/resolution/declarations/ResolvedValueDeclarationTest.java,com.github.javaparser.resolution.declarations.ResolvedValueDeclarationTest,interface,4,11,7,4,3,1,0,5,3,0.0,0.0,0.0,3,0,0,0,0,3,3,0,0,0,0,0,0,0,0,0,0,0,0,9,0,0,0,0,0,0,0,2,0,2,0,0,0,0,19,1,0
/Users/kaiohs/Downloads/codes/lab02-experimentacao-software/data/repos/javaparser__javaparser/javaparser-core/src/main/java/com/github/javaparser/ast/expr/SuperExpr.java,com.github.javaparser.ast.expr.SuperExpr,class,14,48,33,15,25,3,0,14,106,0.64705884,0.0,0.0,17,0,17,0,0,0,17,0,0,0,1,0,0,1,0,0,0,0,2,81,17,0,8,0,0,15,0,1,0,1,2,0,0,0,70,1,0
/Users/kaiohs/Downloads/codes/lab02-experimentacao-software/data/repos/javaparser__javaparser/javaparser-core/src/main/java/com/github/javaparser/printer/XmlPrinter.java,com.github.javaparser.printer.XmlPrinter,class,9,10,1,9,17,1,0,37,26,0.8125,0.0,0.0,8,1,8,0,0,0,8,0,0,0,2,1,0,2,0,0,2,0,4,99,2,1,2,6,1,2,2,17,1,23,4,0,0,6,166,1,0
/Users/kaiohs/Downloads/codes/lab02-experimentacao-software/data/repos/javaparser__javaparser/javaparser-symbol-solver-core/src/main/java/com/github/javaparser/symbolsolver/resolution/naming/NameLogic.java,com.github.javaparser.symbolsolver.resolution.naming.NameLogic$PredicateOnParentAndChild,interface,2,2,0,2,1,1,0,0,0,0.0,NaN,NaN,1,0,0,0,0,1,1,0,0,0,0,0,0,0,0,0,0,0,0,3,0,0,0,0,0,0,0,0,0,0,0,0,0,0,6,2,0
/Users/kaiohs/Downloads/codes/lab02-experimentacao-software/data/repos/javaparser__javaparser/javaparser-core/src/main/java/com/github/javaparser/ast/nodeTypes/SwitchNode.java,com.github.javaparser.ast.nodeTypes.SwitchNode,interface,6,9,3,6,10,1,0,2,45,0.0,0.0,0.0,10,0,0,0,0,10,10,0,0,0,0,0,0,0,0,0,0,0,0,14,1,0,0,0,0,0,0,0,0,0,0,0,0,0,32,1,0
/Users/kaiohs/Downloads/codes/lab02-experimentacao-software/data/repos/javaparser__javaparser/javaparser-symbol-solver-core/src/main/java/com/github/javaparser/symbolsolver/resolution/typeinference/MethodType.java,com.github.javaparser.symbolsolver.resolution.typeinference.MethodType,class,5,8,3,5,6,1,0,5,1,0.5833334,0.0,0.0,6,1,6,0,0,0,6,0,0,0,4,0,0,4,0,0,0,0,0,27,5,0,0,0,0,0,0,4,0,4,0,0,0,0,43,1,0
/Users/kaiohs/Downloads/codes/lab02-experimentacao-software/data/repos/javaparser__javaparser/javaparser-symbol-solver-testing/src/test/java/com/github/javaparser/symbolsolver/Issue1485Test.java,com.github.javaparser.symbolsolver.Issue1485Test,class,12,12,0,12,1,2,0,16,0,0.0,NaN,NaN,1,0,0,0,0,1,1,0,0,0,0,0,0,0,0,0,0,0,3,15,0,0,0,0,0,4,0,7,0,8,0,0,0,1,44,0,0
/Users/kaiohs/Downloads/codes/lab02-experimentacao-software/data/repos/javaparser__javaparser/javaparser-core/src/main/java/com/github/javaparser/utils/LineSeparator.java,com.github.javaparser.utils.LineSeparator,enum,1,12,11,1,33,1,0,12,52,0.75,0.0,0.0,12,5,10,1,0,1,11,0,0,0,2,0,0,2,0,0,2,0,14,86,21,0,9,0,1,30,9,10,3,10,1,0,0,0,127,1,0
/Users/kaiohs/Downloads/codes/lab02-experimentacao-software/data/repos/javaparser__javaparser/javaparser-core-testing/src/test/java/com/github/javaparser/printer/lexicalpreservation/TextElementListTest.java,com.github.javaparser.printer.lexicalpreservation.TextElementListTest,class,6,7,1,6,93,1,0,53,4095,0.0,0.0,0.0,91,4,0,4,0,87,87,0,0,0,0,0,0,0,0,0,0,0,204,499,7,2,0,0,1,20,121,152,1,164,1,0,0,35,155,0,0
/Users/kaiohs/Downloads/codes/lab02-experimentacao-software/data/repos/javaparser__javaparser/javaparser-core-testing/src/test/java/com/github/javaparser/printer/lexicalpreservation/Issue3796Test.java,com.github.javaparser.printer.lexicalpreservation.Issue3796Test,class,4,4,0,4,1,2,0,6,0,0.0,NaN,NaN,1,0,0,0,0,1,1,0,0,0,0,0,0,0,0,0,0,0,1,10,0,0,0,0,0,7,1,3,2,3,0,0,0,0,23,1,0
/Users/kaiohs/Downloads/codes/lab02-experimentacao-software/data/repos/javaparser__javaparser/javaparser-core-testing/src/test/java/com/github/javaparser/utils/SourceRootTest.java,com.github.javaparser.utils.SourceRootTest,class,14,16,2,14,16,1,0,62,79,0.80952376,0.0,0.0,14,0,0,0,0,14,14,0,0,0,3,0,0,3,0,0,2,0,15,110,0,0,0,1,1,32,5,35,1,43,1,0,0,10,98,0,0
/Users/kaiohs/Downloads/codes/lab02-experimentacao-software/data/repos/javaparser__javaparser/javaparser-core/src/main/java/com/github/javaparser/ast/nodeTypes/NodeWithThrownExceptions.java,com.github.javaparser.ast.nodeTypes.NodeWithThrownExceptions,interface,6,11,5,6,8,1,0,12,28,0.0,0.0,0.0,8,0,0,0,0,8,8,0,0,0,0,0,0,0,0,0,0,0,1,22,5,0,0,0,0,1,0,0,0,1,0,0,0,1,62,1,0
/Users/kaiohs/Downloads/codes/lab02-experimentacao-software/data/repos/javaparser__javaparser/javaparser-symbol-solver-core/src/main/java/com/github/javaparser/symbolsolver/reflectionmodel/ReflectionClassDeclaration.java,com.github.javaparser.symbolsolver.reflectionmodel.ReflectionClassDeclaration,class,31,76,26,50,71,3,0,93,217,0.6666667,0.0,0.0,35,0,34,0,1,0,35,0,0,0,3,0,0,3,0,0,0,0,23,220,47,7,10,0,1,8,4,20,2,31,3,0,0,12,113,1,0
/Users/kaiohs/Downloads/codes/lab02-experimentacao-software/data/repos/javaparser__javaparser/javaparser-core-testing/src/test/java/com/github/javaparser/ast/expr/InstanceOfExprTest.java,com.github.javaparser.ast.expr.InstanceOfExprTest,class,7,7,0,7,9,1,0,21,36,0.0,0.0,0.0,9,0,0,0,0,9,9,0,0,0,0,0,0,0,0,0,0,0,9,66,0,0,0,0,0,29,0,18,0,18,0,0,0,0,50,0,0
/Users/kaiohs/Downloads/codes/lab02-experimentacao-software/data/repos/javaparser__javaparser/javaparser-symbol-solver-testing/src/test/resources/CompilationUnitContextResolutionTest/01_parent/main/Parent.java,main.Parent,class,0,1,1,0,1,1,1,0,0,0.0,NaN,NaN,1,0,0,0,0,1,1,0,0,0,0,0,0,0,0,0,0,0,0,4,0,0,0,0,0,0,0,0,0,0,0,0,0,0,2,1,0
/Users/kaiohs/Downloads/codes/lab02-experimentacao-software/data/repos/javaparser__javaparser/javaparser-symbol-solver-testing/src/test/resources/differentiate_dot_expressions/com/packageName/ClassInPackage.java,com.packageName.ClassInPackage,class,0,1,1,0,1,1,0,0,0,0.0,NaN,NaN,1,1,1,0,0,0,1,0,0,0,0,0,0,0,0,0,0,0,0,5,1,0,0,0,0,1,0,0,0,0,0,0,0,0,5,1,0
/Users/kaiohs/Downloads/codes/lab02-experimentacao-software/data/repos/javaparser__javaparser/javaparser-symbol-solver-testing/src/test/java/com/github/javaparser/symbolsolver/resolution/javaparser/contexts/LambdaExprContextResolutionTest.java,com.github.javaparser.symbolsolver.resolution.javaparser.contexts.LambdaExprContextResolutionTest,class,21,21,0,21,6,3,0,24,13,0.6666667,0.0,0.0,6,0,0,0,0,6,6,0,0,0,1,0,0,1,0,0,0,0,5,77,0,0,0,0,1,31,1,44,0,44,0,0,0,0,56,0,0
/Users/kaiohs/Downloads/codes/lab02-experimentacao-software/data/repos/javaparser__javaparser/javaparser-core-testing/src/test/java/com/github/javaparser/printer/lexicalpreservation/Issue2393Test.java,com.github.javaparser.printer.lexicalpreservation.Issue2393Test,class,4,4,0,4,1,2,0,8,0,0.0,NaN,NaN,1,0,1,0,0,0,1,0,0,0,0,0,0,0,0,0,0,0,0,8,0,0,0,0,0,4,0,1,0,1,0,0,0,1,18,1,0
/Users/kaiohs/Downloads/codes/lab02-experimentacao-software/data/repos/javaparser__javaparser/javaparser-symbol-solver-testing/src/test/resources/issue3100/Trie.java,Trie$Node,innerclass,0,0,0,0,0,1,0,0,0,0.0,-1.0,-1.0,0,0,0,0,0,0,0,0,0,0,0,0,0,0,0,0,0,0,0,2,0,0,0,0,0,0,0,0,0,0,0,0,0,0,1,1,0
/Users/kaiohs/Downloads/codes/lab02-experimentacao-software/data/repos/javaparser__javaparser/javaparser-core/src/main/java/com/github/javaparser/ast/nodeTypes/NodeWithMembers.java,com.github.javaparser.ast.nodeTypes.NodeWithMembers,interface,19,45,19,26,37,1,0,59,666,0.0,0.0,0.0,37,0,0,0,0,37,37,0,0,0,0,0,0,0,0,0,0,0,19,133,34,0,0,0,0,2,0,9,0,28,0,0,0,19,176,1,0
/Users/kaiohs/Downloads/codes/lab02-experimentacao-software/data/repos/javaparser__javaparser/javaparser-core/src/main/java/com/github/javaparser/resolution/declarations/ResolvedClassDeclaration.java,com.github.javaparser.resolution.declarations.ResolvedClassDeclaration,interface,5,13,8,5,6,1,0,0,15,0.0,0.0,0.0,6,0,0,0,0,6,6,0,0,0,0,0,0,0,0,0,0,0,0,10,1,0,0,0,0,0,0,0,0,0,0,0,0,0,83,1,0
/Users/kaiohs/Downloads/codes/lab02-experimentacao-software/data/repos/javaparser__javaparser/javaparser-symbol-solver-core/src/main/java/com/github/javaparser/symbolsolver/SourceFileInfoExtractor.java,com.github.javaparser.symbolsolver.SourceFileInfoExtractor$Anonymous2,anonymous,2,2,0,2,3,1,0,6,0,0.0,NaN,NaN,1,0,1,0,0,0,1,0,0,0,0,0,0,0,0,0,0,0,0,12,1,0,0,0,0,2,0,1,1,1,2,0,0,0,22,-1,0
/Users/kaiohs/Downloads/codes/lab02-experimentacao-software/data/repos/javaparser__javaparser/javaparser-symbol-solver-core/src/main/java/com/github/javaparser/symbolsolver/SourceFileInfoExtractor.java,com.github.javaparser.symbolsolver.SourceFileInfoExtractor$Anonymous1,anonymous,3,3,0,3,3,1,0,8,0,0.0,NaN,NaN,1,0,1,0,0,0,1,0,0,0,0,0,0,0,0,0,0,0,0,13,1,0,0,0,0,2,0,2,1,3,2,0,0,1,25,-1,0
/Users/kaiohs/Downloads/codes/lab02-experimentacao-software/data/repos/javaparser__javaparser/javaparser-core/src/main/java/com/github/javaparser/ast/modules/ModuleDeclaration.java,com.github.javaparser.ast.modules.ModuleDeclaration,class,18,41,23,18,38,2,0,32,104,0.71250004,0.0,0.0,20,0,20,0,0,0,20,0,0,0,4,0,0,4,0,0,0,0,1,135,26,4,14,0,0,15,4,8,0,8,2,0,0,0,66,1,0
/Users/kaiohs/Downloads/codes/lab02-experimentacao-software/data/repos/javaparser__javaparser/javaparser-core-generators/src/test/resources/com/github/javaparser/generator/core/quality/NotNullGeneratorTest/original/ConstructorParameterTest.java,com.example.ConstructorParameterTest,class,2,2,0,2,1,1,0,0,0,0.0,NaN,NaN,1,0,1,0,0,0,1,0,0,0,3,0,0,3,0,0,3,0,0,10,0,0,0,0,0,0,0,3,0,3,0,0,0,0,11,0,0
/Users/kaiohs/Downloads/codes/lab02-experimentacao-software/data/repos/javaparser__javaparser/javaparser-core-testing/src/test/java/com/github/javaparser/printer/lexicalpreservation/Issue2137Test.java,com.github.javaparser.printer.lexicalpreservation.Issue2137Test,class,8,8,0,8,1,2,0,9,0,0.0,NaN,NaN,1,0,0,0,0,1,1,0,0,0,0,0,0,0,0,0,0,0,1,12,0,0,0,0,0,13,1,3,2,3,0,0,0,0,28,1,0
/Users/kaiohs/Downloads/codes/lab02-experimentacao-software/data/repos/javaparser__javaparser/javaparser-core/src/main/java/com/github/javaparser/JavaParser.java,com.github.javaparser.JavaParser,class,33,80,31,49,45,1,0,40,610,0.8783784,0.0,0.0,37,0,36,1,0,0,36,0,0,0,2,0,0,2,0,0,1,0,34,165,36,2,3,2,0,3,0,14,0,16,2,0,0,4,198,17,0
/Users/kaiohs/Downloads/codes/lab02-experimentacao-software/data/repos/javaparser__javaparser/javaparser-core/src/main/java/com/github/javaparser/ast/validator/language_level_validations/Java11Validator.java,com.github.javaparser.ast.validator.language_level_validations.Java11Validator,class,6,8,2,6,1,13,2,1,0,0.0,NaN,NaN,1,0,1,0,0,0,1,0,0,0,1,0,0,0,0,1,1,0,0,9,0,0,0,0,0,0,0,1,0,1,1,0,0,0,22,1,0
/Users/kaiohs/Downloads/codes/lab02-experimentacao-software/data/repos/javaparser__javaparser/javaparser-core/src/main/java/com/github/javaparser/ast/validator/RecordAsTypeIdentifierNotAllowed.java,com.github.javaparser.ast.validator.RecordAsTypeIdentifierNotAllowed,class,7,9,2,7,9,3,0,10,0,0.25,0.0,0.0,4,0,3,1,0,0,3,0,0,0,1,0,0,1,0,0,1,0,0,25,2,0,0,0,1,3,0,2,0,2,1,0,0,0,44,1,0
/Users/kaiohs/Downloads/codes/lab02-experimentacao-software/data/repos/javaparser__javaparser/javaparser-core-testing/src/test/java/com/github/javaparser/printer/lexicalpreservation/Issue4747Test.java,com.github.javaparser.printer.lexicalpreservation.Issue4747Test$Anonymous1,anonymous,3,3,0,3,2,1,0,4,0,0.0,NaN,NaN,1,0,1,0,0,0,1,0,0,0,0,0,0,0,0,0,0,0,0,8,1,0,0,0,0,2,0,0,0,0,1,0,0,0,7,-1,0
/Users/kaiohs/Downloads/codes/lab02-experimentacao-software/data/repos/javaparser__javaparser/javaparser-core/src/main/java/com/github/javaparser/ast/validator/postprocessors/Java21PostProcessor.java,com.github.javaparser.ast.validator.postprocessors.Java21PostProcessor,class,1,2,1,1,0,13,1,0,0,0.0,-1.0,-1.0,0,0,0,0,0,0,0,0,0,0,0,0,0,0,0,0,0,0,0,2,0,0,0,0,0,0,0,0,0,0,0,0,0,0,15,1,0
/Users/kaiohs/Downloads/codes/lab02-experimentacao-software/data/repos/javaparser__javaparser/javaparser-core-testing/src/test/java/com/github/javaparser/ast/validator/Java17ValidatorTest.java,com.github.javaparser.ast.validator.Java17ValidatorTest,class,2,2,0,2,0,1,0,1,0,NaN,-1.0,-1.0,0,0,0,0,0,0,0,0,0,0,1,0,0,1,0,0,1,0,0,13,0,0,0,0,0,0,0,1,0,1,0,0,1,0,11,0,0
/Users/kaiohs/Downloads/codes/lab02-experimentacao-software/data/repos/javaparser__javaparser/javaparser-core-testing/src/test/java/com/github/javaparser/printer/lexicalpreservation/IndentationCalculatorTest.java,com.github.javaparser.printer.lexicalpreservation.IndentationCalculatorTest,class,1,7,6,1,4,1,0,0,6,0.0,-1.0,-1.0,4,0,0,4,0,0,0,0,0,0,0,0,0,0,0,0,0,0,0,439,4,0,0,0,0,3,0,0,0,0,0,0,8,0,11,0,0
/Users/kaiohs/Downloads/codes/lab02-experimentacao-software/data/repos/javaparser__javaparser/javaparser-core/src/main/java/com/github/javaparser/javadoc/description/JavadocInlineTag.java,com.github.javaparser.javadoc.description.JavadocInlineTag,class,3,5,2,3,20,1,0,12,0,0.25925925,0.0,0.0,9,1,9,0,0,0,9,0,0,0,3,0,0,3,0,0,0,0,3,65,12,0,11,0,2,10,7,11,8,8,1,0,1,0,68,1,0
/Users/kaiohs/Downloads/codes/lab02-experimentacao-software/data/repos/javaparser__javaparser/javaparser-core-testing/src/test/java/com/github/javaparser/utils/LogTest.java,com.github.javaparser.utils.LogTest,class,6,6,0,6,5,1,0,5,0,0.2,0.0,0.0,5,0,0,0,0,5,5,0,0,0,1,0,0,1,0,0,0,0,0,41,0,0,0,0,0,20,0,1,0,1,0,0,1,6,15,0,9
/Users/kaiohs/Downloads/codes/lab02-experimentacao-software/data/repos/javaparser__javaparser/javaparser-symbol-solver-testing/src/test/java/com/github/javaparser/symbolsolver/javassistmodel/JavassistConstructorDeclarationTest.java,com.github.javaparser.symbolsolver.javassistmodel.JavassistConstructorDeclarationTest,class,9,9,0,9,3,1,0,4,1,0.0,0.0,0.0,2,0,2,0,0,0,2,0,0,0,0,0,0,0,0,0,0,0,1,16,2,0,0,1,0,2,1,3,0,3,1,0,0,0,28,0,0
/Users/kaiohs/Downloads/codes/lab02-experimentacao-software/data/repos/javaparser__javaparser/javaparser-symbol-solver-core/src/main/java/com/github/javaparser/symbolsolver/javaparsermodel/declarators/NoSymbolDeclarator.java,com.github.javaparser.symbolsolver.javaparsermodel.declarators.NoSymbolDeclarator,class,4,7,1,6,2,2,0,1,1,0.0,0.0,0.0,2,0,2,0,0,0,2,0,0,0,0,0,0,0,0,0,0,0,1,8,1,0,0,0,0,0,0,0,0,0,0,0,0,0,12,1,0
/Users/kaiohs/Downloads/codes/lab02-experimentacao-software/data/repos/javaparser__javaparser/javaparser-core/src/main/java/com/github/javaparser/metamodel/ArrayCreationExprMetaModel.java,com.github.javaparser.metamodel.ArrayCreationExprMetaModel,class,5,7,2,5,1,4,0,0,0,0.0,NaN,NaN,1,0,0,0,0,1,1,0,0,0,3,0,3,0,0,0,0,0,0,8,0,0,0,0,0,4,0,0,0,3,0,0,0,0,41,1,0
/Users/kaiohs/Downloads/codes/lab02-experimentacao-software/data/repos/javaparser__javaparser/javaparser-symbol-solver-testing/src/test/java/com/github/javaparser/symbolsolver/javaparsermodel/declarations/JavaParserVariableDeclarationTest.java,com.github.javaparser.symbolsolver.javaparsermodel.declarations.JavaParserVariableDeclarationTest,class,23,23,0,23,8,3,0,28,28,0.0,0.0,0.0,8,0,3,0,0,5,8,0,0,0,0,0,0,0,0,0,0,0,2,67,3,0,0,0,0,38,3,37,3,37,0,0,0,0,93,0,0
/Users/kaiohs/Downloads/codes/lab02-experimentacao-software/data/repos/javaparser__javaparser/javaparser-symbol-solver-testing/src/test/java/com/github/javaparser/resolution/declarations/ResolvedAnnotationDeclarationTest.java,com.github.javaparser.resolution.declarations.ResolvedAnnotationDeclarationTest,interface,4,5,1,4,2,1,0,3,1,0.0,0.0,0.0,2,0,0,0,0,2,2,0,0,0,0,0,0,0,0,0,0,0,0,6,0,0,0,0,0,0,0,0,0,0,0,0,0,0,15,1,0
/Users/kaiohs/Downloads/codes/lab02-experimentacao-software/data/repos/javaparser__javaparser/javaparser-core/src/main/java/com/github/javaparser/ast/comments/CommentsCollection.java,com.github.javaparser.ast.comments.CommentsCollection,class,8,12,4,8,17,1,0,23,0,0.18181819,0.0,0.0,11,0,11,0,0,0,11,0,0,0,1,0,0,1,0,0,1,0,5,50,11,1,1,0,0,0,1,4,1,11,2,0,0,10,43,1,0
/Users/kaiohs/Downloads/codes/lab02-experimentacao-software/data/repos/javaparser__javaparser/javaparser-core-testing/src/test/java/com/github/javaparser/printer/lexicalpreservation/DifferenceApplyAddedRulesCompleteTest.java,com.github.javaparser.printer.lexicalpreservation.DifferenceApplyAddedRulesCompleteTest,class,8,9,1,8,15,2,0,20,78,0.0,0.0,0.0,13,0,0,1,0,12,12,0,0,0,0,0,0,0,0,0,0,0,0,135,1,1,0,0,0,151,3,51,16,50,2,0,0,0,108,0,0
/Users/kaiohs/Downloads/codes/lab02-experimentacao-software/data/repos/javaparser__javaparser/javaparser-core/src/main/java/com/github/javaparser/metamodel/MarkdownCommentMetaModel.java,com.github.javaparser.metamodel.MarkdownCommentMetaModel,class,4,6,2,4,1,5,0,0,0,0.0,NaN,NaN,1,0,0,0,0,1,1,0,0,0,0,0,0,0,0,0,0,0,0,5,0,0,0,0,0,4,0,0,0,0,0,0,0,0,35,1,0
/Users/kaiohs/Downloads/codes/lab02-experimentacao-software/data/repos/javaparser__javaparser/javaparser-symbol-solver-testing/src/test/resources/issue241/TypeWithMemberType.java,issue241.TypeWithMemberType,class,0,0,0,0,0,1,0,0,0,0.0,-1.0,-1.0,0,0,0,0,0,0,0,0,0,0,0,0,0,0,0,0,0,0,0,4,0,0,0,0,0,0,0,0,0,0,0,0,1,0,3,1,0
/Users/kaiohs/Downloads/codes/lab02-experimentacao-software/data/repos/javaparser__javaparser/javaparser-symbol-solver-core/src/main/java/com/github/javaparser/symbolsolver/JavaSymbolSolver.java,com.github.javaparser.symbolsolver.JavaSymbolSolver,class,64,70,6,64,82,1,0,70,16,0.44444445,0.0,0.0,9,0,6,3,0,0,6,0,0,0,1,0,0,1,0,0,0,0,17,317,39,1,5,0,9,25,3,40,20,48,5,2,1,15,141,1,0
/Users/kaiohs/Downloads/codes/lab02-experimentacao-software/data/repos/javaparser__javaparser/javaparser-core/src/main/java/com/github/javaparser/printer/lexicalpreservation/RemovedGroup.java,com.github.javaparser.printer.lexicalpreservation.RemovedGroup,class,10,12,2,10,33,1,0,42,67,0.8469387,0.0,0.0,14,1,2,4,0,8,10,0,9,0,7,0,0,7,0,0,6,0,12,123,18,2,2,0,1,2,4,27,3,28,5,1,0,6,157,16,0
/Users/kaiohs/Downloads/codes/lab02-experimentacao-software/data/repos/javaparser__javaparser/javaparser-symbol-solver-testing/src/test/java/com/github/javaparser/symbolsolver/javaparsermodel/ConvertToUsageTest.java,com.github.javaparser.symbolsolver.javaparsermodel.ConvertToUsageTest,class,7,8,1,7,2,3,0,12,1,0.5,NaN,NaN,2,0,0,1,0,1,1,0,0,0,1,0,0,1,0,0,1,0,0,17,1,0,0,0,0,15,0,3,0,4,0,0,0,1,24,0,0
/Users/kaiohs/Downloads/codes/lab02-experimentacao-software/data/repos/javaparser__javaparser/javaparser-symbol-solver-core/src/main/java/com/github/javaparser/symbolsolver/javaparsermodel/JavaParserFacade.java,com.github.javaparser.symbolsolver.javaparsermodel.JavaParserFacade$Anonymous1,anonymous,0,0,0,0,0,1,0,0,0,0.0,-1.0,-1.0,0,0,0,0,0,0,0,0,0,0,0,0,0,0,0,0,0,0,0,2,0,0,0,0,0,0,0,0,0,0,0,0,0,0,0,-1,0
/Users/kaiohs/Downloads/codes/lab02-experimentacao-software/data/repos/javaparser__javaparser/javaparser-symbol-solver-core/src/main/java/com/github/javaparser/symbolsolver/javaparsermodel/JavaParserFacade.java,com.github.javaparser.symbolsolver.javaparsermodel.JavaParserFacade$Anonymous2,anonymous,0,0,0,0,0,1,0,0,0,0.0,-1.0,-1.0,0,0,0,0,0,0,0,0,0,0,0,0,0,0,0,0,0,0,0,2,0,0,0,0,0,0,0,0,0,0,0,0,0,0,0,-1,0
/Users/kaiohs/Downloads/codes/lab02-experimentacao-software/data/repos/javaparser__javaparser/javaparser-core/src/main/java/com/github/javaparser/metamodel/LiteralExprMetaModel.java,com.github.javaparser.metamodel.LiteralExprMetaModel,class,4,9,5,4,2,4,3,0,1,0.0,0.0,0.0,2,0,0,0,1,1,2,0,0,0,0,0,0,0,0,0,0,0,0,8,0,0,0,0,0,5,0,0,0,0,0,0,0,0,37,1,0
/Users/kaiohs/Downloads/codes/lab02-experimentacao-software/data/repos/javaparser__javaparser/javaparser-core-testing/src/test/java/com/github/javaparser/ast/body/ConstructorDeclarationTest.java,com.github.javaparser.ast.body.ConstructorDeclarationTest,class,9,9,0,9,2,1,0,25,1,0.0,0.0,0.0,2,0,0,0,0,2,2,0,0,0,0,0,0,0,0,0,0,0,2,23,0,0,0,0,0,12,6,8,2,8,0,0,0,0,32,0,0
/Users/kaiohs/Downloads/codes/lab02-experimentacao-software/data/repos/javaparser__javaparser/javaparser-core/src/main/java/com/github/javaparser/metamodel/ExpressionMetaModel.java,com.github.javaparser.metamodel.ExpressionMetaModel,class,4,31,27,4,2,3,25,0,1,0.0,0.0,0.0,2,0,0,0,1,1,2,0,0,0,0,0,0,0,0,0,0,0,0,8,0,0,0,0,0,5,0,0,0,0,0,0,0,0,35,1,0
/Users/kaiohs/Downloads/codes/lab02-experimentacao-software/data/repos/javaparser__javaparser/javaparser-symbol-solver-testing/src/test/test_sourcecode/javasymbolsolver_0_6_0/src/java-symbol-solver-core/com/github/javaparser/symbolsolver/resolution/typesolvers/JarTypeSolver.java,com.github.javaparser.symbolsolver.resolution.typesolvers.JarTypeSolver$ClasspathElement,innerclass,1,1,0,1,2,1,0,2,0,0.16666667,0.0,0.0,2,0,0,0,0,2,2,0,0,0,3,0,0,3,0,0,0,0,0,15,1,0,0,1,0,0,0,4,0,4,1,0,0,0,17,2,0
/Users/kaiohs/Downloads/codes/lab02-experimentacao-software/data/repos/javaparser__javaparser/javaparser-symbol-solver-testing/src/test/resources/issue1769/foo/OtherClass.java,foo.OtherClass$InnerClass,innerclass,0,0,0,0,0,1,0,0,0,0.0,-1.0,-1.0,0,0,0,0,0,0,0,0,0,0,0,0,0,0,0,0,0,0,0,2,0,0,0,0,0,0,0,0,0,0,0,0,0,0,2,9,0
/Users/kaiohs/Downloads/codes/lab02-experimentacao-software/data/repos/javaparser__javaparser/javaparser-symbol-solver-testing/src/test/resources/differentiate_dot_expressions/PackageDotExpressions.java,PackageDotExpressions,class,1,1,0,1,1,1,0,7,0,0.0,NaN,NaN,1,1,1,0,0,0,1,0,0,0,0,0,0,0,0,0,0,0,1,11,0,0,0,0,0,0,0,0,0,0,0,0,0,0,5,1,0
/Users/kaiohs/Downloads/codes/lab02-experimentacao-software/data/repos/javaparser__javaparser/javaparser-symbol-solver-core/src/main/java/com/github/javaparser/symbolsolver/javassistmodel/JavassistConstructorDeclaration.java,com.github.javaparser.symbolsolver.javassistmodel.JavassistConstructorDeclaration,class,10,22,1,21,13,1,0,12,28,0.6410256,0.0,0.0,13,0,13,0,0,0,13,0,0,0,3,0,0,3,0,0,3,0,2,46,12,0,0,0,0,3,0,3,1,3,0,0,0,0,40,1,0
/Users/kaiohs/Downloads/codes/lab02-experimentacao-software/data/repos/javaparser__javaparser/javaparser-symbol-solver-core/src/main/java/com/github/javaparser/symbolsolver/javassistmodel/JavassistAnnotationDeclaration.java,com.github.javaparser.symbolsolver.javassistmodel.JavassistAnnotationDeclaration,class,15,18,3,15,22,2,0,24,99,0.7407408,0.0,0.0,18,0,18,0,0,0,18,0,0,0,3,0,0,3,0,0,0,0,4,73,15,0,1,1,0,7,1,4,4,5,1,0,0,1,71,1,0
/Users/kaiohs/Downloads/codes/lab02-experimentacao-software/data/repos/javaparser__javaparser/javaparser-core-testing/src/test/java/com/github/javaparser/printer/lexicalpreservation/IndentationContextTest.java,com.github.javaparser.printer.lexicalpreservation.IndentationContextTest$IncreaseTests,innerclass,4,4,0,4,4,1,0,8,6,0.0,0.0,0.0,4,0,0,0,0,4,4,0,0,0,0,0,0,0,0,0,0,0,0,26,0,0,0,0,0,5,3,3,2,4,0,0,0,1,41,0,0
/Users/kaiohs/Downloads/codes/lab02-experimentacao-software/data/repos/javaparser__javaparser/javaparser-symbol-solver-core/src/main/java/com/github/javaparser/symbolsolver/javaparsermodel/contexts/AbstractMethodLikeDeclarationContext.java,com.github.javaparser.symbolsolver.javaparsermodel.contexts.AbstractMethodLikeDeclarationContext,class,17,30,3,27,18,2,0,27,15,0.0,0.0,0.0,6,0,6,0,0,0,6,0,5,0,0,0,0,0,0,0,0,0,9,55,11,5,1,0,0,1,1,5,1,5,3,0,0,0,38,1025,0
/Users/kaiohs/Downloads/codes/lab02-experimentacao-software/data/repos/javaparser__javaparser/javaparser-symbol-solver-testing/src/test/test_sourcecode/javaparser_src/proper_source/com/github/javaparser/ast/comments/CommentsParser.java,com.github.javaparser.ast.comments.CommentsParser$State,enum,0,0,0,0,0,1,0,0,0,0.0,-1.0,-1.0,0,0,0,0,0,0,0,0,0,0,0,0,0,0,0,0,0,0,0,1,0,0,0,0,0,0,0,0,0,0,0,0,0,0,9,2,0
/Users/kaiohs/Downloads/codes/lab02-experimentacao-software/data/repos/javaparser__javaparser/javaparser-core-testing/src/test/java/com/github/javaparser/printer/lexicalpreservation/transformations/ast/body/AnnotationDeclarationTransformationsTest.java,com.github.javaparser.printer.lexicalpreservation.transformations.ast.body.AnnotationDeclarationTransformationsTest,class,5,5,0,5,11,2,0,16,55,0.0,0.0,0.0,11,0,0,0,0,11,11,0,0,0,0,0,0,0,0,0,0,0,0,58,0,0,0,0,0,38,2,1,0,1,0,0,0,0,49,0,0
/Users/kaiohs/Downloads/codes/lab02-experimentacao-software/data/repos/javaparser__javaparser/javaparser-core/src/main/java/com/github/javaparser/utils/Log.java,com.github.javaparser.utils.Log$StandardOutStandardErrorAdapter,innerclass,2,2,0,2,7,1,0,7,6,0.0,0.0,0.0,4,0,3,1,0,0,3,0,0,0,0,0,0,0,0,0,0,0,0,32,0,0,2,1,0,2,0,4,1,4,1,0,0,0,34,9,0
/Users/kaiohs/Downloads/codes/lab02-experimentacao-software/data/repos/javaparser__javaparser/javaparser-core-testing/src/test/test_sourcecode/com/github/javaparser/printer/JavaConceptsEnums.java,japa.bdd.samples.JavaConceptsEnums,class,0,0,0,0,0,1,0,0,0,0.0,-1.0,-1.0,0,0,0,0,0,0,0,0,0,0,0,0,0,0,0,0,0,0,0,20,0,0,0,0,0,0,0,0,0,0,0,0,3,0,15,1,0
/Users/kaiohs/Downloads/codes/lab02-experimentacao-software/data/repos/javaparser__javaparser/javaparser-symbol-solver-testing/src/test/java/com/github/javaparser/symbolsolver/javassistmodel/JavassistEnumDeclarationTest.java,com.github.javaparser.symbolsolver.javassistmodel.JavassistEnumDeclarationTest,class,8,8,0,8,15,2,0,20,0,0.46666667,0.0,0.0,15,0,0,0,0,15,15,0,0,0,2,0,0,2,0,0,0,0,0,72,0,0,0,0,0,21,0,18,0,18,1,0,0,2,48,0,0
/Users/kaiohs/Downloads/codes/lab02-experimentacao-software/data/repos/javaparser__javaparser/javaparser-symbol-solver-core/src/main/java/com/github/javaparser/symbolsolver/javassistmodel/JavassistUtils.java,com.github.javaparser.symbolsolver.javassistmodel.JavassistUtils,class,32,59,11,48,53,1,0,78,66,0.0,0.0,0.0,12,12,0,7,0,5,5,0,0,0,0,0,0,0,0,0,0,0,32,147,27,5,13,1,6,6,10,30,3,33,3,0,0,5,128,0,0
/Users/kaiohs/Downloads/codes/lab02-experimentacao-software/data/repos/javaparser__javaparser/javaparser-core/src/main/java/com/github/javaparser/ast/expr/ArrayInitializerExpr.java,com.github.javaparser.ast.expr.ArrayInitializerExpr,class,13,55,41,14,23,3,0,17,75,0.6,0.0,0.0,15,0,15,0,0,0,15,0,0,0,1,0,0,1,0,0,0,0,1,76,15,2,6,0,0,13,2,3,0,3,2,0,0,0,71,1,0
/Users/kaiohs/Downloads/codes/lab02-experimentacao-software/data/repos/javaparser__javaparser/javaparser-core/src/main/java/com/github/javaparser/printer/lexicalpreservation/TextElement.java,com.github.javaparser.printer.lexicalpreservation.TextElement,class,5,39,34,5,19,1,2,10,171,0.0,0.0,0.0,19,0,13,0,0,6,19,14,2,0,0,0,0,0,0,0,0,0,0,31,5,0,0,0,0,0,0,0,0,1,0,0,0,2,54,1025,0
/Users/kaiohs/Downloads/codes/lab02-experimentacao-software/data/repos/javaparser__javaparser/javaparser-core/src/main/java/com/github/javaparser/metamodel/AnnotationDeclarationMetaModel.java,com.github.javaparser.metamodel.AnnotationDeclarationMetaModel,class,4,6,2,4,1,5,0,0,0,0.0,NaN,NaN,1,0,0,0,0,1,1,0,0,0,0,0,0,0,0,0,0,0,0,5,0,0,0,0,0,4,0,0,0,0,0,0,0,0,35,1,0
/Users/kaiohs/Downloads/codes/lab02-experimentacao-software/data/repos/javaparser__javaparser/javaparser-core-testing/src/test/java/com/github/javaparser/ast/visitor/ModifierVisitorTest.java,com.github.javaparser.ast.visitor.ModifierVisitorTest$Anonymous1,anonymous,2,2,0,2,3,1,0,4,0,0.0,NaN,NaN,1,0,1,0,0,0,1,0,0,0,0,0,0,0,0,0,0,0,0,14,3,0,0,0,0,5,0,1,1,1,1,0,0,0,10,-1,0
/Users/kaiohs/Downloads/codes/lab02-experimentacao-software/data/repos/javaparser__javaparser/javaparser-core-testing/src/test/java/com/github/javaparser/ast/visitor/ModifierVisitorTest.java,com.github.javaparser.ast.visitor.ModifierVisitorTest$Anonymous2,anonymous,3,3,0,3,2,1,0,2,0,0.0,NaN,NaN,1,0,1,0,0,0,1,0,0,0,0,0,0,0,0,0,0,0,0,8,2,0,0,0,0,1,0,0,0,0,1,0,0,0,9,-1,0
/Users/kaiohs/Downloads/codes/lab02-experimentacao-software/data/repos/javaparser__javaparser/javaparser-core-testing/src/test/java/com/github/javaparser/ast/visitor/ModifierVisitorTest.java,com.github.javaparser.ast.visitor.ModifierVisitorTest$Anonymous5,anonymous,2,2,0,2,1,1,0,0,0,0.0,NaN,NaN,1,0,1,0,0,0,1,0,0,0,0,0,0,0,0,0,0,0,0,5,1,0,0,0,0,0,0,0,0,0,0,0,0,0,7,-1,0
/Users/kaiohs/Downloads/codes/lab02-experimentacao-software/data/repos/javaparser__javaparser/javaparser-symbol-solver-core/src/main/java/com/github/javaparser/symbolsolver/resolution/naming/NameCategory.java,com.github.javaparser.symbolsolver.resolution.naming.NameCategory,enum,0,3,3,0,6,1,0,1,4,0.5,0.0,0.0,4,0,3,0,0,1,4,0,0,0,1,0,0,1,0,0,0,0,0,14,3,0,2,0,0,1,0,1,0,1,0,0,0,0,96,1,0
/Users/kaiohs/Downloads/codes/lab02-experimentacao-software/data/repos/javaparser__javaparser/javaparser-symbol-solver-testing/src/test/java/com/github/javaparser/symbolsolver/Issue4503Test.java,com.github.javaparser.symbolsolver.Issue4503Test,class,7,7,0,7,3,3,0,10,0,0.0,NaN,NaN,1,0,0,0,0,1,1,0,0,0,0,0,0,0,0,0,0,0,0,16,0,1,0,0,0,15,0,4,1,4,2,0,0,0,39,1,0
/Users/kaiohs/Downloads/codes/lab02-experimentacao-software/data/repos/javaparser__javaparser/javaparser-core-testing/src/test/java/com/github/javaparser/ast/visitor/ModifierVisitorTest.java,com.github.javaparser.ast.visitor.ModifierVisitorTest$Anonymous3,anonymous,3,3,0,3,2,1,0,2,0,0.0,NaN,NaN,1,0,1,0,0,0,1,0,0,0,0,0,0,0,0,0,0,0,0,8,2,0,0,0,0,1,0,0,0,0,1,0,0,0,9,-1,0
/Users/kaiohs/Downloads/codes/lab02-experimentacao-software/data/repos/javaparser__javaparser/javaparser-symbol-solver-testing/src/test/java/com/github/javaparser/resolution/declarations/ResolvedConstructorDeclarationTest.java,com.github.javaparser.resolution.declarations.ResolvedConstructorDeclarationTest,interface,3,3,0,3,1,1,0,0,0,0.0,NaN,NaN,1,0,0,0,0,1,1,0,0,0,0,0,0,0,0,0,0,0,0,3,0,0,0,0,0,0,0,0,0,0,0,0,0,0,11,1,0
/Users/kaiohs/Downloads/codes/lab02-experimentacao-software/data/repos/javaparser__javaparser/javaparser-core-testing/src/test/java/com/github/javaparser/ast/visitor/ModifierVisitorTest.java,com.github.javaparser.ast.visitor.ModifierVisitorTest$Anonymous4,anonymous,2,2,0,2,1,1,0,0,0,0.0,NaN,NaN,1,0,1,0,0,0,1,0,0,0,0,0,0,0,0,0,0,0,0,5,1,0,0,0,0,0,0,0,0,0,0,0,0,0,7,-1,0
/Users/kaiohs/Downloads/codes/lab02-experimentacao-software/data/repos/javaparser__javaparser/javaparser-core-generators/src/main/java/com/github/javaparser/generator/core/node/AcceptGenerator.java,com.github.javaparser.generator.core.node.AcceptGenerator,class,9,9,0,9,3,3,0,5,0,0.0,0.0,0.0,2,0,1,0,1,0,2,0,0,0,2,0,0,2,0,0,2,0,0,18,1,0,0,0,0,2,0,2,0,2,1,0,0,0,32,1,0
/Users/kaiohs/Downloads/codes/lab02-experimentacao-software/data/repos/javaparser__javaparser/javaparser-core/src/main/java/com/github/javaparser/printer/concretesyntaxmodel/CsmMix.java,com.github.javaparser.printer.concretesyntaxmodel.CsmMix,class,4,11,7,4,13,1,0,11,0,0.0,0.0,0.0,6,0,6,0,0,0,6,0,0,0,1,0,0,1,0,0,0,0,1,30,6,0,7,0,0,4,1,2,0,4,1,0,0,2,40,1,0
/Users/kaiohs/Downloads/codes/lab02-experimentacao-software/data/repos/javaparser__javaparser/javaparser-symbol-solver-testing/src/test/java/com/github/javaparser/symbolsolver/Issue3308Test.java,com.github.javaparser.symbolsolver.Issue3308Test,class,7,7,0,7,2,1,0,17,1,0.0,0.0,0.0,2,0,0,0,0,2,2,0,0,0,0,0,0,0,0,0,0,0,0,44,0,0,0,0,0,36,6,16,2,12,0,0,0,0,38,1,0
/Users/kaiohs/Downloads/codes/lab02-experimentacao-software/data/repos/javaparser__javaparser/javaparser-core/src/main/java-templates/com/github/javaparser/JavaParserBuild.java,com.github.javaparser.JavaParserBuild,class,0,0,0,0,0,1,0,0,0,NaN,-1.0,-1.0,0,0,0,0,0,0,0,0,0,0,3,3,3,0,0,0,3,0,0,5,0,0,0,0,0,3,0,3,0,3,0,0,0,0,25,1,0
/Users/kaiohs/Downloads/codes/lab02-experimentacao-software/data/repos/javaparser__javaparser/javaparser-symbol-solver-testing/src/test/java/com/github/javaparser/symbolsolver/resolution/EnumResolutionTest.java,com.github.javaparser.symbolsolver.resolution.EnumResolutionTest,class,21,21,0,21,7,3,0,42,21,0.0,0.0,0.0,7,0,3,0,0,4,7,0,0,0,0,0,0,0,0,0,0,0,0,93,0,0,0,2,4,80,5,39,3,39,1,0,0,0,82,0,0
/Users/kaiohs/Downloads/codes/lab02-experimentacao-software/data/repos/javaparser__javaparser/javaparser-symbol-solver-testing/src/test/java/com/github/javaparser/symbolsolver/resolution/InstanceOfTest.java,com.github.javaparser.symbolsolver.resolution.InstanceOfTest$VariableInBlock,innerclass,7,7,0,7,2,1,0,7,1,0.0,0.0,0.0,2,0,2,0,0,0,2,0,0,0,0,0,0,0,0,0,0,0,0,50,0,0,0,0,0,3,4,8,0,8,1,0,1,2,42,0,0
/Users/kaiohs/Downloads/codes/lab02-experimentacao-software/data/repos/javaparser__javaparser/javaparser-symbol-solver-testing/src/test/java/com/github/javaparser/symbolsolver/model/typesystem/ReferenceTypeTest.java,com.github.javaparser.symbolsolver.model.typesystem.ReferenceTypeTest$1ResolvedReferenceTypeTester,innerclass,3,3,0,3,2,3,0,1,1,0.0,0.0,0.0,2,0,2,0,0,0,2,0,0,0,0,0,0,0,0,0,0,0,0,8,1,0,0,0,0,0,0,0,0,0,0,0,0,0,12,0,0
/Users/kaiohs/Downloads/codes/lab02-experimentacao-software/data/repos/javaparser__javaparser/javaparser-core-testing/src/test/java/com/github/javaparser/ast/validator/Java14PreviewValidatorTest.java,com.github.javaparser.ast.validator.Java14PreviewValidatorTest$Record$RecordUsedAsIdentifierAllowedAsFieldDeclarations,innerclass,5,5,0,5,2,1,0,3,1,0.0,0.0,0.0,2,0,0,0,0,2,2,0,0,0,0,0,0,0,0,0,0,0,2,12,0,0,0,0,0,2,0,4,0,4,0,0,0,0,14,0,0
/Users/kaiohs/Downloads/codes/lab02-experimentacao-software/data/repos/javaparser__javaparser/javaparser-core/src/main/java/com/github/javaparser/ast/observer/PropagatingAstObserver.java,com.github.javaparser.ast.observer.PropagatingAstObserver,class,8,10,2,8,18,1,0,9,45,0.0,0.0,0.0,10,1,8,2,0,0,8,0,2,0,0,0,0,0,0,0,0,0,0,64,3,0,3,0,4,0,0,0,0,0,2,1,0,0,53,1025,0
/Users/kaiohs/Downloads/codes/lab02-experimentacao-software/data/repos/javaparser__javaparser/javaparser-symbol-solver-testing/src/test/resources/javassist_symbols/main_jar/src/com/github/javaparser/javasymbolsolver/javassist_symbols/main_jar/EnumInterfaceUserOwnJar.java,com.github.javaparser.javasymbolsolver.javassist_symbols.main_jar.EnumInterfaceUserOwnJar,enum,0,0,0,0,0,1,0,0,0,0.0,-1.0,-1.0,0,0,0,0,0,0,0,0,0,0,0,0,0,0,0,0,0,0,0,1,0,0,0,0,0,0,0,0,0,0,0,0,0,0,16,1,0
/Users/kaiohs/Downloads/codes/lab02-experimentacao-software/data/repos/javaparser__javaparser/javaparser-symbol-solver-testing/src/test/test_sourcecode/javasymbolsolver_0_6_0/src/java-symbol-solver-core/com/github/javaparser/symbolsolver/resolution/ConstructorResolutionLogic.java,com.github.javaparser.symbolsolver.resolution.ConstructorResolutionLogic,class,14,17,3,14,53,1,0,50,21,0.0,0.0,0.0,7,7,3,4,0,0,3,0,0,0,0,0,0,0,0,0,0,0,18,160,17,5,5,0,4,2,11,36,4,24,5,0,0,1,84,1,0
/Users/kaiohs/Downloads/codes/lab02-experimentacao-software/data/repos/javaparser__javaparser/javaparser-core/src/main/java/com/github/javaparser/printer/concretesyntaxmodel/CsmList.java,com.github.javaparser.printer.concretesyntaxmodel.CsmList,class,9,12,3,9,31,1,0,18,9,0.65999997,0.0,0.0,10,0,10,0,0,0,10,0,0,0,5,0,0,5,0,0,5,0,3,82,8,2,12,0,1,1,3,9,1,9,3,0,0,0,29,1,0
/Users/kaiohs/Downloads/codes/lab02-experimentacao-software/data/repos/javaparser__javaparser/javaparser-symbol-solver-testing/src/test/test_sourcecode/javasymbolsolver_0_6_0/src/java-symbol-solver-core/com/github/javaparser/symbolsolver/reflectionmodel/MyObjectProvider.java,com.github.javaparser.symbolsolver.reflectionmodel.MyObjectProvider,class,9,10,1,9,4,1,0,3,3,1.0,0.0,0.0,3,0,2,1,0,0,2,0,0,0,1,1,1,0,0,0,1,0,0,16,2,0,0,0,0,0,0,3,0,3,1,0,0,0,27,1,0
/Users/kaiohs/Downloads/codes/lab02-experimentacao-software/data/repos/javaparser__javaparser/javaparser-symbol-solver-testing/src/test/java/com/github/javaparser/symbolsolver/resolution/naming/AbstractNameLogicTest.java,com.github.javaparser.symbolsolver.resolution.naming.AbstractNameLogicTest,class,11,14,3,11,16,3,2,27,15,0.0,0.0,0.0,6,0,0,1,5,0,5,0,0,0,0,0,0,0,0,0,0,0,8,57,7,2,2,0,0,4,6,10,4,12,3,0,0,2,46,1025,0
/Users/kaiohs/Downloads/codes/lab02-experimentacao-software/data/repos/javaparser__javaparser/javaparser-symbol-solver-testing/src/test/java/com/github/javaparser/symbolsolver/model/typesystem/WildcardUsageTest.java,com.github.javaparser.symbolsolver.model.typesystem.WildcardUsageTest$Bar,innerclass,1,1,0,1,0,2,0,0,0,0.0,-1.0,-1.0,0,0,0,0,0,0,0,0,0,0,0,0,0,0,0,0,0,0,0,2,0,0,0,0,0,0,0,0,0,0,0,0,0,0,2,0,0
/Users/kaiohs/Downloads/codes/lab02-experimentacao-software/data/repos/javaparser__javaparser/javaparser-core/src/main/java/com/github/javaparser/utils/SeparatedItemStringBuilder.java,com.github.javaparser.utils.SeparatedItemStringBuilder,class,1,6,5,1,5,1,0,4,0,0.4375,0.0,0.0,4,0,4,0,0,0,4,0,0,0,4,0,0,4,0,0,2,0,1,25,3,0,0,0,0,0,0,5,1,4,1,0,0,0,45,1,0
/Users/kaiohs/Downloads/codes/lab02-experimentacao-software/data/repos/javaparser__javaparser/javaparser-symbol-solver-testing/src/test/java/com/github/javaparser/symbolsolver/javassistmodel/JavassistFieldDeclarationTest.java,com.github.javaparser.symbolsolver.javassistmodel.JavassistFieldDeclarationTest,class,6,6,0,6,2,1,0,6,0,0.0,0.0,0.0,2,0,0,0,0,2,2,0,0,0,1,0,0,1,0,0,0,0,0,13,0,0,0,0,0,4,0,5,0,5,0,0,0,0,24,0,0
/Users/kaiohs/Downloads/codes/lab02-experimentacao-software/data/repos/javaparser__javaparser/javaparser-symbol-solver-testing/src/test/test_sourcecode/javasymbolsolver_0_6_0/src/java-symbol-solver-core/com/github/javaparser/symbolsolver/model/typesystem/ReferenceTypeImpl.java,com.github.javaparser.symbolsolver.model.typesystem.ReferenceTypeImpl,class,17,55,38,17,29,2,2,41,28,0.0,0.0,0.0,8,1,6,0,2,0,8,0,0,0,0,0,0,0,0,0,0,0,1,92,21,3,0,0,0,0,0,5,0,6,4,0,0,1,51,1,0
/Users/kaiohs/Downloads/codes/lab02-experimentacao-software/data/repos/javaparser__javaparser/javaparser-core/src/main/java/com/github/javaparser/metamodel/TryStmtMetaModel.java,com.github.javaparser.metamodel.TryStmtMetaModel,class,5,7,2,5,1,4,0,0,0,0.0,NaN,NaN,1,0,0,0,0,1,1,0,0,0,4,0,4,0,0,0,0,0,0,9,0,0,0,0,0,4,0,0,0,4,0,0,0,0,42,1,0
/Users/kaiohs/Downloads/codes/lab02-experimentacao-software/data/repos/javaparser__javaparser/javaparser-symbol-solver-testing/src/test/resources/differentiate_dot_expressions/FieldDotExpressions.java,InnerClassFieldContainer$InnerClass,innerclass,1,1,0,1,0,1,0,0,0,NaN,-1.0,-1.0,0,0,0,0,0,0,0,0,0,0,1,0,0,0,0,1,0,0,0,9,0,0,0,0,0,0,0,1,0,1,0,0,1,0,5,0,0
/Users/kaiohs/Downloads/codes/lab02-experimentacao-software/data/repos/javaparser__javaparser/javaparser-core-testing/src/test/java/com/github/javaparser/ast/nodeTypes/NodeWithJavadocTest.java,com.github.javaparser.ast.nodeTypes.NodeWithJavadocTest,class,6,6,0,6,4,1,0,9,6,0.0,0.0,0.0,4,0,0,0,0,4,4,0,0,0,0,0,0,0,0,0,0,0,0,24,0,0,0,0,0,6,0,4,0,4,0,0,0,0,31,0,0
/Users/kaiohs/Downloads/codes/lab02-experimentacao-software/data/repos/javaparser__javaparser/javaparser-core-testing/src/test/java/com/github/javaparser/printer/lexicalpreservation/Issue3936Test.java,com.github.javaparser.printer.lexicalpreservation.Issue3936Test,class,5,5,0,5,1,2,0,7,0,0.0,NaN,NaN,1,0,0,0,0,1,1,0,0,0,1,1,0,0,0,1,1,0,1,13,0,0,0,0,0,27,0,5,2,5,0,0,0,0,34,1,0
/Users/kaiohs/Downloads/codes/lab02-experimentacao-software/data/repos/javaparser__javaparser/javaparser-core/src/main/java/com/github/javaparser/ast/body/InitializerDeclaration.java,com.github.javaparser.ast.body.InitializerDeclaration,class,15,59,38,21,21,3,0,14,90,0.71875,0.0,0.0,16,0,16,0,0,0,16,0,0,0,2,0,0,2,0,0,0,0,1,75,15,0,5,0,0,14,0,2,0,2,1,0,0,0,60,1,0
/Users/kaiohs/Downloads/codes/lab02-experimentacao-software/data/repos/javaparser__javaparser/javaparser-symbol-solver-testing/src/test/java/com/github/javaparser/symbolsolver/reflectionmodel/ReflectionClassDeclarationTest.java,com.github.javaparser.symbolsolver.reflectionmodel.ReflectionClassDeclarationTest$6Bar,innerclass,1,1,0,1,0,2,0,0,0,0.0,-1.0,-1.0,0,0,0,0,0,0,0,0,0,0,0,0,0,0,0,0,0,0,0,2,0,0,0,0,0,0,0,0,0,0,0,0,0,0,1,0,0
/Users/kaiohs/Downloads/codes/lab02-experimentacao-software/data/repos/javaparser__javaparser/javaparser-symbol-solver-testing/src/test/test_sourcecode/javasymbolsolver_0_6_0/src/java-symbol-solver-model/com/github/javaparser/symbolsolver/model/typesystem/parametrization/TypeParametersMap.java,com.github.javaparser.symbolsolver.model.typesystem.parametrization.TypeParametersMap,class,5,11,6,5,17,1,0,17,4,0.5,0.0,0.0,12,1,11,1,0,0,11,0,0,0,2,0,0,2,0,0,0,0,2,84,15,1,1,0,1,2,0,6,2,5,1,0,1,0,42,1,0
/Users/kaiohs/Downloads/codes/lab02-experimentacao-software/data/repos/javaparser__javaparser/javaparser-symbol-solver-testing/src/test/resources/issue3099/com/example/Alpha.java,com.example.Alpha$CustomInterface,interface,0,0,0,0,0,1,0,0,0,0.0,-1.0,-1.0,0,0,0,0,0,0,0,0,0,0,0,0,0,0,0,0,0,0,0,2,0,0,0,0,0,0,0,0,0,0,0,0,0,0,2,0,0
/Users/kaiohs/Downloads/codes/lab02-experimentacao-software/data/repos/javaparser__javaparser/javaparser-symbol-solver-testing/src/test/resources/issue300/Issue300.java,Issue300$B,innerclass,1,1,0,1,1,1,0,0,0,0.0,NaN,NaN,1,0,0,0,0,1,1,0,0,0,0,0,0,0,0,0,0,0,0,5,0,0,0,0,0,0,1,1,0,0,0,0,0,0,2,0,0
/Users/kaiohs/Downloads/codes/lab02-experimentacao-software/data/repos/javaparser__javaparser/javaparser-symbol-solver-testing/src/test/resources/issue300/Issue300.java,Issue300$A,innerclass,0,0,0,0,0,1,0,0,0,NaN,-1.0,-1.0,0,0,0,0,0,0,0,0,0,0,1,0,0,0,0,1,0,0,0,3,0,0,0,0,0,0,0,0,0,1,0,0,0,0,2,0,0
/Users/kaiohs/Downloads/codes/lab02-experimentacao-software/data/repos/javaparser__javaparser/javaparser-symbol-solver-testing/src/test/java/com/github/javaparser/symbolsolver/resolution/InstanceOfTest.java,com.github.javaparser.symbolsolver.resolution.InstanceOfTest$PatternTest,innerclass,6,6,0,6,11,1,0,8,55,0.0,0.0,0.0,11,0,11,0,0,0,11,0,0,0,0,0,0,0,0,0,0,0,0,57,0,0,0,0,0,123,0,22,11,22,0,0,0,3,42,0,0
/Users/kaiohs/Downloads/codes/lab02-experimentacao-software/data/repos/javaparser__javaparser/javaparser-symbol-solver-core/src/main/java/com/github/javaparser/symbolsolver/javaparsermodel/declarations/JavaParserFieldDeclaration.java,com.github.javaparser.symbolsolver.javaparsermodel.declarations.JavaParserFieldDeclaration,class,13,36,9,27,15,1,0,16,0,0.5833334,0.0,0.0,12,0,12,0,0,0,12,0,0,0,3,0,0,3,0,0,0,0,6,53,11,0,1,0,1,3,0,4,1,4,1,0,0,0,47,1,0
/Users/kaiohs/Downloads/codes/lab02-experimentacao-software/data/repos/javaparser__javaparser/javaparser-symbol-solver-core/src/main/java/com/github/javaparser/symbolsolver/javaparsermodel/contexts/FieldAccessContext.java,com.github.javaparser.symbolsolver.javaparsermodel.contexts.FieldAccessContext,class,23,36,3,33,22,3,0,48,21,0.85714287,0.0,0.0,7,0,6,1,0,0,6,0,0,0,1,1,0,1,0,0,1,0,11,71,14,1,0,1,0,1,0,10,0,12,3,0,0,2,58,1,0
/Users/kaiohs/Downloads/codes/lab02-experimentacao-software/data/repos/javaparser__javaparser/javaparser-core-testing/src/test/java/com/github/javaparser/ast/validator/Java15ValidatorTest.java,com.github.javaparser.ast.validator.Java15ValidatorTest$Record,innerclass,1,1,0,1,0,1,0,0,0,0.0,-1.0,-1.0,0,0,0,0,0,0,0,0,0,0,0,0,0,0,0,0,0,0,0,21,0,0,0,0,0,0,0,0,0,0,0,0,2,0,24,0,0
/Users/kaiohs/Downloads/codes/lab02-experimentacao-software/data/repos/javaparser__javaparser/javaparser-symbol-solver-testing/src/test/java/com/github/javaparser/resolution/declarations/ResolvedEnumDeclarationTest.java,com.github.javaparser.resolution.declarations.ResolvedEnumDeclarationTest,interface,4,6,2,4,2,1,0,3,1,0.0,0.0,0.0,2,0,0,0,0,2,2,0,0,0,0,0,0,0,0,0,0,0,0,6,0,0,0,0,0,0,0,0,0,0,0,0,0,0,15,1,0
/Users/kaiohs/Downloads/codes/lab02-experimentacao-software/data/repos/javaparser__javaparser/javaparser-core/src/main/java/com/github/javaparser/metamodel/LineCommentMetaModel.java,com.github.javaparser.metamodel.LineCommentMetaModel,class,4,6,2,4,1,4,0,0,0,0.0,NaN,NaN,1,0,0,0,0,1,1,0,0,0,0,0,0,0,0,0,0,0,0,5,0,0,0,0,0,4,0,0,0,0,0,0,0,0,34,1,0
/Users/kaiohs/Downloads/codes/lab02-experimentacao-software/data/repos/javaparser__javaparser/javaparser-core-metamodel-generator/src/main/java/com/github/javaparser/generator/metamodel/MetaModelGenerator.java,com.github.javaparser.generator.metamodel.MetaModelGenerator,class,15,19,4,15,10,2,0,33,28,0.9166667,0.0,0.0,8,5,3,1,0,4,7,0,0,0,3,3,0,1,0,2,3,0,3,182,4,1,1,0,1,17,6,17,2,18,1,1,0,1,87,1,0
/Users/kaiohs/Downloads/codes/lab02-experimentacao-software/data/repos/javaparser__javaparser/javaparser-core-testing/src/test/java/com/github/javaparser/printer/lexicalpreservation/Issue4670Test.java,com.github.javaparser.printer.lexicalpreservation.Issue4670Test,class,5,5,0,5,1,2,0,5,0,0.0,NaN,NaN,1,0,0,0,0,1,1,0,0,0,0,0,0,0,0,0,0,0,1,16,0,0,0,0,0,6,0,3,2,3,0,1,0,0,20,1,0
/Users/kaiohs/Downloads/codes/lab02-experimentacao-software/data/repos/javaparser__javaparser/javaparser-symbol-solver-testing/src/test/java/com/github/javaparser/symbolsolver/javassistmodel/JavassistParameterDeclarationTest.java,com.github.javaparser.symbolsolver.javassistmodel.JavassistParameterDeclarationTest,class,14,14,0,14,20,2,0,27,0,0.0,0.0,0.0,11,0,0,0,0,11,11,0,0,0,1,0,0,1,0,0,0,0,0,99,0,2,4,0,0,25,39,20,1,22,3,0,0,2,57,0,0
/Users/kaiohs/Downloads/codes/lab02-experimentacao-software/data/repos/javaparser__javaparser/javaparser-core-testing/src/test/java/com/github/javaparser/utils/LogTest.java,com.github.javaparser.utils.LogTest$TestAdapter,innerclass,1,1,0,1,4,1,0,3,0,0.0,0.0,0.0,3,0,3,0,0,0,3,0,0,0,1,0,0,0,0,1,0,0,0,14,0,0,1,0,1,6,0,6,3,3,0,0,0,0,12,10,0
/Users/kaiohs/Downloads/codes/lab02-experimentacao-software/data/repos/javaparser__javaparser/javaparser-core-testing/src/test/resources/com/github/javaparser/issue_samples/issue_2627/Ops_crlf.java,Ops,class,252,253,1,252,313,1,0,11,0,0.92031574,0.0,0.0,313,2,312,1,0,0,312,0,1,0,17,0,16,1,0,0,17,0,0,974,311,0,0,0,0,0,0,17,0,17,0,0,0,0,1790,17,0
/Users/kaiohs/Downloads/codes/lab02-experimentacao-software/data/repos/javaparser__javaparser/javaparser-symbol-solver-testing/src/test/java/com/github/javaparser/symbolsolver/model/typesystem/LazyTypeTest.java,com.github.javaparser.symbolsolver.model.typesystem.LazyTypeTest$Bar,innerclass,0,0,0,0,0,1,0,0,0,0.0,-1.0,-1.0,0,0,0,0,0,0,0,0,0,0,0,0,0,0,0,0,0,0,0,2,0,0,0,0,0,0,0,0,0,0,0,0,0,0,1,0,0
/Users/kaiohs/Downloads/codes/lab02-experimentacao-software/data/repos/javaparser__javaparser/javaparser-symbol-solver-testing/src/test/java/com/github/javaparser/symbolsolver/JavaSymbolSolverTest.java,com.github.javaparser.symbolsolver.JavaSymbolSolverTest,class,9,9,0,9,3,3,0,16,3,0.0,0.0,0.0,3,0,0,0,0,3,3,0,0,0,0,0,0,0,0,0,0,0,0,25,0,0,0,0,0,12,5,9,0,9,0,0,0,0,34,0,0
/Users/kaiohs/Downloads/codes/lab02-experimentacao-software/data/repos/javaparser__javaparser/javaparser-symbol-solver-core/src/main/java/com/github/javaparser/symbolsolver/javaparsermodel/declarations/JavaParserEnumDeclaration.java,com.github.javaparser.symbolsolver.javaparsermodel.declarations.JavaParserEnumDeclaration,class,37,79,15,64,64,2,0,72,245,0.7771429,0.0,0.0,35,0,34,1,0,0,34,0,0,0,5,2,0,5,0,0,2,0,13,319,47,1,6,1,0,8,5,19,3,21,4,0,2,5,162,1,0
/Users/kaiohs/Downloads/codes/lab02-experimentacao-software/data/repos/javaparser__javaparser/javaparser-core-testing/src/test/java/com/github/javaparser/ast/expr/UnaryExprTest.java,com.github.javaparser.ast.expr.UnaryExprTest,class,16,16,0,16,18,1,0,33,153,0.0,0.0,0.0,18,0,0,0,0,18,18,0,0,0,0,0,0,0,0,0,0,0,0,178,0,0,0,0,0,40,0,45,0,45,0,0,0,0,56,0,0
/Users/kaiohs/Downloads/codes/lab02-experimentacao-software/data/repos/javaparser__javaparser/javaparser-symbol-solver-testing/src/test/resources/issue2367/Issue2367.java,Issue2367,class,0,0,0,0,1,1,0,0,0,0.0,NaN,NaN,1,0,1,0,0,0,1,0,0,0,1,0,0,1,0,0,0,0,0,6,0,0,0,0,0,0,0,1,0,1,0,0,0,0,4,1,0
/Users/kaiohs/Downloads/codes/lab02-experimentacao-software/data/repos/javaparser__javaparser/javaparser-core-testing/src/test/java/com/github/javaparser/printer/lexicalpreservation/transformations/ast/body/ClassOrInterfaceDeclarationTransformationsTest.java,com.github.javaparser.printer.lexicalpreservation.transformations.ast.body.ClassOrInterfaceDeclarationTransformationsTest,class,12,13,1,12,29,2,0,39,406,0.0,0.0,0.0,29,0,0,0,1,28,29,0,0,0,0,0,0,0,0,0,0,0,0,162,1,0,0,0,0,90,20,28,14,28,0,0,0,0,88,0,0
/Users/kaiohs/Downloads/codes/lab02-experimentacao-software/data/repos/javaparser__javaparser/javaparser-symbol-solver-testing/src/test/test_sourcecode/javaparser_src/proper_source/com/github/javaparser/ast/TypeParameter.java,com.github.javaparser.ast.TypeParameter,class,9,24,15,9,12,2,0,5,26,0.63888884,0.0,0.0,12,0,12,0,0,0,12,0,0,0,3,0,0,3,0,0,0,0,0,47,4,0,0,0,0,0,0,4,0,3,0,0,0,0,53,17,0
/Users/kaiohs/Downloads/codes/lab02-experimentacao-software/data/repos/javaparser__javaparser/javaparser-core/src/main/java/com/github/javaparser/metamodel/TypePatternExprMetaModel.java,com.github.javaparser.metamodel.TypePatternExprMetaModel,class,5,7,2,5,1,6,0,0,0,0.0,NaN,NaN,1,0,0,0,0,1,1,0,0,0,2,0,2,0,0,0,0,0,0,7,0,0,0,0,0,4,0,0,0,2,0,0,0,0,38,1,0
/Users/kaiohs/Downloads/codes/lab02-experimentacao-software/data/repos/javaparser__javaparser/javaparser-core/src/main/java/com/github/javaparser/ast/Node.java,com.github.javaparser.ast.Node$PostOrderIterator,innerclass,3,3,0,3,10,1,0,15,0,0.16666667,0.0,0.0,6,0,3,3,0,0,3,0,0,0,1,0,0,1,0,0,1,0,1,60,3,1,0,0,0,0,0,4,0,4,2,0,1,0,34,9,0
/Users/kaiohs/Downloads/codes/lab02-experimentacao-software/data/repos/javaparser__javaparser/javaparser-symbol-solver-testing/src/test/java/com/github/javaparser/symbolsolver/Issue2595Test.java,com.github.javaparser.symbolsolver.Issue2595Test,class,11,12,1,11,5,1,0,12,10,0.0,0.0,0.0,5,0,4,1,0,0,4,0,0,0,0,0,0,0,0,0,0,0,0,29,0,0,0,0,0,88,0,10,4,10,0,0,0,0,45,1,0
/Users/kaiohs/Downloads/codes/lab02-experimentacao-software/data/repos/javaparser__javaparser/javaparser-symbol-solver-core/src/main/java/com/github/javaparser/symbolsolver/resolution/typesolvers/CombinedTypeSolver.java,com.github.javaparser.symbolsolver.resolution.typesolvers.CombinedTypeSolver$ExceptionHandlers,innerclass,2,2,0,2,6,1,0,3,1,1.0,0.0,0.0,2,2,2,0,0,0,2,0,0,0,5,5,5,0,0,0,5,0,3,29,6,2,0,0,0,0,0,5,0,9,3,0,0,4,64,9,0
/Users/kaiohs/Downloads/codes/lab02-experimentacao-software/data/repos/javaparser__javaparser/javaparser-symbol-solver-testing/src/test/resources/TypeResolutionWithSameNameTest/03_single_type_import_precedes_package_member/main/Main.java,main.Main,class,1,1,0,1,0,1,0,0,0,NaN,-1.0,-1.0,0,0,0,0,0,0,0,0,0,0,1,0,0,0,0,1,0,0,0,3,0,0,0,0,0,0,0,0,0,1,0,0,0,0,4,0,0
/Users/kaiohs/Downloads/codes/lab02-experimentacao-software/data/repos/javaparser__javaparser/javaparser-symbol-solver-testing/src/test/java/com/github/javaparser/symbolsolver/model/typesystem/LazyTypeTest.java,com.github.javaparser.symbolsolver.model.typesystem.LazyTypeTest$Baz,innerclass,1,1,0,1,0,2,0,0,0,0.0,-1.0,-1.0,0,0,0,0,0,0,0,0,0,0,0,0,0,0,0,0,0,0,0,2,0,0,0,0,0,0,0,0,0,0,0,0,0,0,2,0,0
/Users/kaiohs/Downloads/codes/lab02-experimentacao-software/data/repos/javaparser__javaparser/javaparser-core-testing/src/test/java/com/github/javaparser/ast/NodeListTest.java,com.github.javaparser.ast.NodeListTest$IteratorTest,innerclass,1,1,0,1,0,1,0,0,0,0.0,-1.0,-1.0,0,0,0,0,0,0,0,0,0,0,0,0,0,0,0,0,0,0,0,186,0,0,0,0,0,0,0,0,0,0,0,0,4,0,2,0,0
/Users/kaiohs/Downloads/codes/lab02-experimentacao-software/data/repos/javaparser__javaparser/javaparser-symbol-solver-core/src/main/java/com/github/javaparser/symbolsolver/javaparsermodel/declarations/JavaParserAnnotationMemberDeclaration.java,com.github.javaparser.symbolsolver.javaparsermodel.declarations.JavaParserAnnotationMemberDeclaration,class,11,13,2,11,7,1,0,9,0,0.2857143,0.0,0.0,7,0,6,1,0,0,6,0,0,0,2,0,0,2,0,0,0,0,3,26,6,0,0,0,0,0,0,2,0,2,0,0,0,0,23,1,0
/Users/kaiohs/Downloads/codes/lab02-experimentacao-software/data/repos/javaparser__javaparser/javaparser-symbol-solver-testing/src/test/java/com/github/javaparser/symbolsolver/resolution/VariadicResolutionTest.java,com.github.javaparser.symbolsolver.resolution.VariadicResolutionTest,class,21,21,0,21,7,3,0,30,21,0.0,0.0,0.0,7,0,0,0,0,7,7,0,0,0,0,0,0,0,0,0,0,0,1,91,0,0,0,0,0,48,10,53,2,53,1,0,0,1,87,0,0
/Users/kaiohs/Downloads/codes/lab02-experimentacao-software/data/repos/javaparser__javaparser/javaparser-core-generators/src/main/java/com/github/javaparser/generator/core/visitor/VoidVisitorGenerator.java,com.github.javaparser.generator.core.visitor.VoidVisitorGenerator,class,5,6,1,5,2,2,0,4,1,0.0,0.0,0.0,2,0,1,0,1,0,2,0,0,0,0,0,0,0,0,0,0,0,0,9,0,0,0,0,0,4,0,0,0,1,0,0,0,1,22,1,0
/Users/kaiohs/Downloads/codes/lab02-experimentacao-software/data/repos/javaparser__javaparser/javaparser-core/src/main/java/com/github/javaparser/metamodel/SimpleNameMetaModel.java,com.github.javaparser.metamodel.SimpleNameMetaModel,class,5,7,2,5,1,3,0,0,0,0.0,NaN,NaN,1,0,0,0,0,1,1,0,0,0,1,0,1,0,0,0,0,0,0,6,0,0,0,0,0,4,0,0,0,1,0,0,0,0,36,1,0
/Users/kaiohs/Downloads/codes/lab02-experimentacao-software/data/repos/javaparser__javaparser/javaparser-core/src/main/java/com/github/javaparser/printer/configuration/Indentation.java,com.github.javaparser.printer.configuration.Indentation,class,2,6,4,2,10,1,0,4,0,0.61111116,0.0,0.0,9,0,8,1,0,0,8,0,0,0,4,1,0,4,0,0,1,0,0,60,6,1,0,0,0,2,2,10,1,7,1,0,1,0,79,1,0
/Users/kaiohs/Downloads/codes/lab02-experimentacao-software/data/repos/javaparser__javaparser/javaparser-core/src/main/java/com/github/javaparser/resolution/Solver.java,com.github.javaparser.resolution.Solver,interface,8,11,3,8,13,1,0,0,78,0.0,0.0,0.0,13,0,0,0,0,13,13,0,0,0,0,0,0,0,0,0,0,0,0,15,0,0,0,0,0,0,0,0,0,0,0,0,0,0,66,1,0
/Users/kaiohs/Downloads/codes/lab02-experimentacao-software/data/repos/javaparser__javaparser/javaparser-symbol-solver-testing/src/test/java/com/github/javaparser/symbolsolver/cache/InMemoryCacheTest.java,com.github.javaparser.symbolsolver.cache.InMemoryCacheTest,class,3,3,0,3,7,1,0,14,0,0.0,0.0,0.0,7,0,0,0,0,7,7,0,0,0,1,0,0,1,0,0,0,0,0,74,0,0,0,0,0,33,4,9,0,9,0,0,0,0,49,0,0
/Users/kaiohs/Downloads/codes/lab02-experimentacao-software/data/repos/javaparser__javaparser/javaparser-core-testing/src/test/java/com/github/javaparser/ast/validator/Java14ValidatorTest.java,com.github.javaparser.ast.validator.Java14ValidatorTest$Record,innerclass,1,1,0,1,0,1,0,0,0,0.0,-1.0,-1.0,0,0,0,0,0,0,0,0,0,0,0,0,0,0,0,0,0,0,0,21,0,0,0,0,0,0,0,0,0,0,0,0,2,0,24,0,0
/Users/kaiohs/Downloads/codes/lab02-experimentacao-software/data/repos/javaparser__javaparser/javaparser-symbol-solver-core/src/main/java/com/github/javaparser/symbolsolver/javaparsermodel/contexts/BinaryExprContext.java,com.github.javaparser.symbolsolver.javaparsermodel.contexts.BinaryExprContext,class,8,12,4,8,10,3,0,13,6,0.0,0.0,0.0,4,0,2,2,0,0,2,0,0,0,0,0,0,0,0,0,0,0,1,38,5,0,0,0,0,2,0,6,2,6,1,0,0,0,57,1,0
/Users/kaiohs/Downloads/codes/lab02-experimentacao-software/data/repos/javaparser__javaparser/javaparser-symbol-solver-testing/src/test/java/com/github/javaparser/symbolsolver/resolution/GenericsResolutionTest.java,com.github.javaparser.symbolsolver.resolution.GenericsResolutionTest,class,21,21,0,21,26,3,0,31,325,0.0,0.0,0.0,26,0,0,0,0,26,26,0,0,0,0,0,0,0,0,0,0,0,0,277,0,0,0,0,0,134,18,154,0,154,0,0,0,0,100,0,0
/Users/kaiohs/Downloads/codes/lab02-experimentacao-software/data/repos/javaparser__javaparser/javaparser-symbol-solver-testing/src/test/resources/CompilationUnitContextResolutionTest/02_nested/main/Parent.java,MyEnum,enum,0,0,0,0,0,1,0,0,0,0.0,-1.0,-1.0,0,0,0,0,0,0,0,0,0,0,0,0,0,0,0,0,0,0,0,1,0,0,0,0,0,2,0,0,0,0,0,0,0,0,5,1,0
/Users/kaiohs/Downloads/codes/lab02-experimentacao-software/data/repos/javaparser__javaparser/javaparser-core-testing/src/test/resources/com/github/javaparser/TestFileIso88591.java,com.github.javaparser.TestFile,class,0,0,0,0,0,1,0,0,0,NaN,-1.0,-1.0,0,0,0,0,0,0,0,0,0,0,1,0,1,0,0,0,0,0,0,3,0,0,0,0,0,0,0,0,0,1,0,0,0,0,3,1,0
/Users/kaiohs/Downloads/codes/lab02-experimentacao-software/data/repos/javaparser__javaparser/javaparser-core-testing/src/test/java/com/github/javaparser/printer/lexicalpreservation/LexicalPreservingPrinterTest.java,com.github.javaparser.printer.lexicalpreservation.LexicalPreservingPrinterTest$CallModifierVisitor,innerclass,3,3,0,3,1,2,0,1,0,0.0,NaN,NaN,1,0,1,0,0,0,1,0,0,0,0,0,0,0,0,0,0,0,0,5,1,0,0,0,0,1,0,0,0,0,0,0,0,0,9,8,0
/Users/kaiohs/Downloads/codes/lab02-experimentacao-software/data/repos/javaparser__javaparser/javaparser-symbol-solver-testing/src/test/java/com/github/javaparser/symbolsolver/reflectionmodel/ReflectionRecordDeclarationTest.java,com.github.javaparser.symbolsolver.reflectionmodel.ReflectionRecordDeclarationTest$Anonymous1,anonymous,3,3,0,3,4,1,0,10,1,0.0,NaN,NaN,2,0,1,1,0,0,1,0,0,0,0,0,0,0,0,0,0,0,4,20,2,0,0,1,0,3,3,4,1,4,1,0,0,0,25,-1,0
/Users/kaiohs/Downloads/codes/lab02-experimentacao-software/data/repos/javaparser__javaparser/javaparser-core/src/main/java/com/github/javaparser/resolution/Context.java,com.github.javaparser.resolution.Context,interface,15,73,58,15,40,1,0,35,325,0.0,0.0,0.0,26,0,0,0,0,26,26,0,0,0,0,0,0,0,0,0,0,0,20,134,36,0,0,0,0,1,0,18,0,22,1,0,0,4,245,1,0
/Users/kaiohs/Downloads/codes/lab02-experimentacao-software/data/repos/javaparser__javaparser/javaparser-core/src/main/java/com/github/javaparser/ast/validator/postprocessors/Java24PostProcessor.java,com.github.javaparser.ast.validator.postprocessors.Java24PostProcessor,class,1,2,1,1,0,16,1,0,0,0.0,-1.0,-1.0,0,0,0,0,0,0,0,0,0,0,0,0,0,0,0,0,0,0,0,2,0,0,0,0,0,0,0,0,0,0,0,0,0,0,14,1,0
/Users/kaiohs/Downloads/codes/lab02-experimentacao-software/data/repos/javaparser__javaparser/javaparser-symbol-solver-testing/src/test/java/com/github/javaparser/symbolsolver/resolution/InstanceOfTest.java,com.github.javaparser.symbolsolver.resolution.InstanceOfTest$IfElseIfElse$IfElseIfElseBlock,innerclass,9,9,0,9,3,1,0,17,3,0.0,0.0,0.0,3,0,3,0,0,0,3,0,0,0,0,0,0,0,0,0,0,0,0,35,0,0,0,0,0,8,8,14,0,14,1,0,0,1,40,0,0
/Users/kaiohs/Downloads/codes/lab02-experimentacao-software/data/repos/javaparser__javaparser/javaparser-symbol-solver-testing/src/test/java/com/github/javaparser/symbolsolver/Issue1946Test.java,com.github.javaparser.symbolsolver.Issue1946Test,class,12,12,0,12,1,1,0,13,0,0.0,NaN,NaN,1,0,0,0,0,1,1,0,0,0,0,0,0,0,0,0,0,0,1,17,0,0,0,0,0,4,0,8,0,8,0,0,0,0,38,0,0
/Users/kaiohs/Downloads/codes/lab02-experimentacao-software/data/repos/javaparser__javaparser/javaparser-core-testing/src/test/java/com/github/javaparser/ParseErrorRecoveryTest.java,com.github.javaparser.ParseErrorRecoveryTest,class,8,8,0,8,7,1,0,26,0,0.0,0.0,0.0,7,0,0,0,0,7,7,0,0,0,1,0,0,1,0,0,1,0,0,38,0,0,0,0,0,8,10,11,0,11,0,0,0,0,42,0,0
/Users/kaiohs/Downloads/codes/lab02-experimentacao-software/data/repos/javaparser__javaparser/javaparser-symbol-solver-core/src/main/java/com/github/javaparser/symbolsolver/javaparsermodel/contexts/DoStatementContext.java,com.github.javaparser.symbolsolver.javaparsermodel.contexts.DoStatementContext,class,8,9,1,8,3,3,0,5,1,0.0,0.0,0.0,2,0,2,0,0,0,2,0,0,0,0,0,0,0,0,0,0,0,1,15,1,0,0,0,0,0,0,4,0,4,1,0,0,0,55,1,0
/Users/kaiohs/Downloads/codes/lab02-experimentacao-software/data/repos/javaparser__javaparser/javaparser-core-testing/src/test/java/com/github/javaparser/ast/validator/Java14ValidatorTest.java,com.github.javaparser.ast.validator.Java14ValidatorTest$Record$RecordAsIdentifierPermitted,innerclass,5,5,0,5,2,1,0,3,1,0.0,0.0,0.0,2,0,0,0,0,2,2,0,0,0,0,0,0,0,0,0,0,0,2,12,0,0,0,0,0,2,0,4,0,4,0,0,0,0,12,0,0
/Users/kaiohs/Downloads/codes/lab02-experimentacao-software/data/repos/javaparser__javaparser/javaparser-core/src/main/java/com/github/javaparser/metamodel/ReceiverParameterMetaModel.java,com.github.javaparser.metamodel.ReceiverParameterMetaModel,class,5,7,2,5,1,3,0,0,0,0.0,NaN,NaN,1,0,0,0,0,1,1,0,0,0,3,0,3,0,0,0,0,0,0,8,0,0,0,0,0,4,0,0,0,3,0,0,0,0,37,1,0
/Users/kaiohs/Downloads/codes/lab02-experimentacao-software/data/repos/javaparser__javaparser/javaparser-symbol-solver-testing/src/test/java/com/github/javaparser/symbolsolver/Issue3951Test.java,com.github.javaparser.symbolsolver.Issue3951Test,class,5,5,0,5,1,3,0,15,0,0.0,NaN,NaN,1,0,0,0,0,1,1,0,0,0,0,0,0,0,0,0,0,0,2,8,0,0,0,0,0,23,0,3,0,4,0,0,0,1,34,1,0
/Users/kaiohs/Downloads/codes/lab02-experimentacao-software/data/repos/javaparser__javaparser/javaparser-symbol-solver-core/src/main/java/com/github/javaparser/symbolsolver/resolution/promotion/BooleanConditionalExprHandler.java,com.github.javaparser.symbolsolver.resolution.promotion.BooleanConditionalExprHandler,class,3,4,1,3,5,1,0,3,0,0.0,0.0,0.0,2,0,2,0,0,0,2,0,0,0,2,0,0,0,0,2,0,0,0,14,2,0,0,0,0,0,0,2,0,2,1,0,0,0,9,1,0
/Users/kaiohs/Downloads/codes/lab02-experimentacao-software/data/repos/javaparser__javaparser/javaparser-symbol-solver-testing/src/test/java/com/github/javaparser/symbolsolver/Issue2367Test.java,com.github.javaparser.symbolsolver.Issue2367Test,class,10,10,0,10,1,2,0,17,0,0.0,NaN,NaN,1,0,0,0,0,1,1,0,0,0,0,0,0,0,0,0,0,0,3,14,0,0,0,0,0,4,0,7,0,8,0,0,0,1,36,0,0
/Users/kaiohs/Downloads/codes/lab02-experimentacao-software/data/repos/javaparser__javaparser/javaparser-core/src/main/java/com/github/javaparser/ast/validator/postprocessors/Java10PostProcessor.java,com.github.javaparser.ast.validator.postprocessors.Java10PostProcessor,class,3,4,1,3,2,2,1,3,0,0.5,0.0,0.0,1,0,1,0,0,0,2,0,0,0,2,1,0,1,1,0,1,0,1,26,0,0,0,0,0,0,0,2,0,2,0,1,0,0,34,1,0
/Users/kaiohs/Downloads/codes/lab02-experimentacao-software/data/repos/javaparser__javaparser/javaparser-symbol-solver-testing/src/test/java/com/github/javaparser/symbolsolver/Issue2943Test.java,com.github.javaparser.symbolsolver.Issue2943Test,class,6,6,0,6,2,1,0,5,0,0.0,NaN,NaN,1,0,1,0,0,0,1,0,0,0,0,0,0,0,0,0,0,0,0,11,0,1,0,0,0,9,0,2,1,2,1,0,0,0,26,1,0
/Users/kaiohs/Downloads/codes/lab02-experimentacao-software/data/repos/javaparser__javaparser/javaparser-core/src/main/java/com/github/javaparser/ast/validator/TypedValidator.java,com.github.javaparser.ast.validator.TypedValidator,interface,4,10,6,4,2,1,0,0,1,0.0,0.0,0.0,2,0,0,0,0,2,2,0,0,0,0,0,0,0,0,0,0,0,0,11,1,0,0,0,0,1,0,0,0,0,0,1,0,0,26,1,0
/Users/kaiohs/Downloads/codes/lab02-experimentacao-software/data/repos/javaparser__javaparser/javaparser-symbol-solver-testing/src/test/java/com/github/javaparser/symbolsolver/resolution/AnalyseJavaParserTest.java,com.github.javaparser.symbolsolver.resolution.AnalyseJavaParserTest,class,10,11,1,10,19,2,0,21,101,0.8666666,0.0,0.0,15,1,0,3,0,12,12,0,0,0,3,3,0,3,0,0,3,0,5,181,2,1,2,0,2,132,6,17,6,17,1,0,0,0,93,0,0
/Users/kaiohs/Downloads/codes/lab02-experimentacao-software/data/repos/javaparser__javaparser/javaparser-symbol-solver-core/src/main/java/com/github/javaparser/symbolsolver/utils/JavassistModuleHelper.java,com.github.javaparser.symbolsolver.utils.JavassistModuleHelper,class,5,6,1,5,3,1,0,11,0,0.0,NaN,NaN,1,1,1,0,0,0,1,0,0,0,1,1,1,0,0,0,1,0,1,33,1,1,0,0,10,3,21,23,7,14,1,0,0,0,79,1,0
/Users/kaiohs/Downloads/codes/lab02-experimentacao-software/data/repos/javaparser__javaparser/javaparser-symbol-solver-core/src/main/java/com/github/javaparser/symbolsolver/resolution/typeinference/InstantiationSet.java,com.github.javaparser.symbolsolver.resolution.typeinference.InstantiationSet,class,5,8,3,5,13,1,0,10,0,0.5555556,0.0,0.0,9,1,8,1,0,0,8,0,0,0,2,1,0,2,0,0,1,0,0,40,9,1,3,0,0,2,0,5,2,4,1,0,0,0,43,1,0
/Users/kaiohs/Downloads/codes/lab02-experimentacao-software/data/repos/javaparser__javaparser/javaparser-core/src/main/java/com/github/javaparser/resolution/declarations/ResolvedTypeParameterDeclaration.java,com.github.javaparser.resolution.declarations.ResolvedTypeParameterDeclaration$Bound,innerclass,2,2,0,2,16,1,0,4,0,0.2777778,0.0,0.0,9,2,8,1,0,0,8,0,0,0,2,0,0,2,0,0,0,0,0,38,11,0,7,0,2,3,4,5,4,4,1,0,0,0,36,0,0
/Users/kaiohs/Downloads/codes/lab02-experimentacao-software/data/repos/javaparser__javaparser/javaparser-symbol-solver-core/src/main/java/com/github/javaparser/symbolsolver/reflectionmodel/ReflectionClassAdapter.java,com.github.javaparser.symbolsolver.reflectionmodel.ReflectionClassAdapter,class,22,42,6,36,45,1,0,67,0,0.3095238,0.0,0.0,14,0,13,1,0,0,13,0,1,0,3,0,0,3,0,0,0,0,17,146,25,9,2,0,2,1,0,18,1,25,3,0,0,7,67,0,0
/Users/kaiohs/Downloads/codes/lab02-experimentacao-software/data/repos/javaparser__javaparser/javaparser-core/src/main/java/com/github/javaparser/ast/validator/language_level_validations/Java1_0Validator.java,com.github.javaparser.ast.validator.language_level_validations.Java1_0Validator,class,41,42,1,41,24,2,1,35,0,0.033333335,NaN,NaN,1,0,1,0,0,0,1,0,0,0,30,0,0,0,0,30,30,0,0,122,0,0,0,0,5,30,2,31,0,100,2,0,0,44,127,1,0
/Users/kaiohs/Downloads/codes/lab02-experimentacao-software/data/repos/javaparser__javaparser/javaparser-core-metamodel-generator/src/main/java/com/github/javaparser/generator/metamodel/InitializePropertyMetaModelsStatementsGenerator.java,com.github.javaparser.generator.metamodel.InitializePropertyMetaModelsStatementsGenerator,class,7,9,2,7,5,1,0,19,10,0.0,0.0,0.0,5,0,0,3,0,2,2,0,0,0,0,0,0,0,0,0,0,0,4,35,3,0,0,0,0,10,0,14,2,14,0,0,0,0,41,0,0
/Users/kaiohs/Downloads/codes/lab02-experimentacao-software/data/repos/javaparser__javaparser/javaparser-core/src/main/java/com/github/javaparser/Processor.java,com.github.javaparser.Processor,class,3,7,4,3,2,1,4,0,1,0.0,0.0,0.0,2,0,2,0,0,0,2,0,0,0,0,0,0,0,0,0,0,0,0,7,1,0,0,0,0,0,0,0,0,0,0,0,0,0,27,1,0
/Users/kaiohs/Downloads/codes/lab02-experimentacao-software/data/repos/javaparser__javaparser/javaparser-symbol-solver-testing/src/test/resources/javassist_symbols/main_jar/src/com/github/javaparser/javasymbolsolver/javassist_symbols/main_jar/InterfaceUserOwnJar.java,com.github.javaparser.javasymbolsolver.javassist_symbols.main_jar.InterfaceUserOwnJar,class,1,1,0,1,0,1,0,0,0,NaN,-1.0,-1.0,0,0,0,0,0,0,0,0,0,0,1,1,1,0,0,0,1,0,0,3,0,0,0,0,0,1,0,1,0,1,0,0,0,0,13,1,0
/Users/kaiohs/Downloads/codes/lab02-experimentacao-software/data/repos/javaparser__javaparser/javaparser-symbol-solver-testing/src/test/java/com/github/javaparser/symbolsolver/Issue3136Test.java,com.github.javaparser.symbolsolver.Issue3136Test,class,7,7,0,7,1,3,0,10,0,0.0,NaN,NaN,1,0,0,0,0,1,1,0,0,0,0,0,0,0,0,0,0,0,0,15,0,0,0,0,0,11,0,4,1,5,1,0,0,1,25,1,0
/Users/kaiohs/Downloads/codes/lab02-experimentacao-software/data/repos/javaparser__javaparser/javaparser-core-generators/src/main/java/com/github/javaparser/generator/core/visitor/ObjectIdentityHashCodeVisitorGenerator.java,com.github.javaparser.generator.core.visitor.ObjectIdentityHashCodeVisitorGenerator,class,6,7,1,6,2,2,0,8,1,0.0,0.0,0.0,2,0,1,0,1,0,2,0,0,0,0,0,0,0,0,0,0,0,0,11,0,0,0,0,0,5,0,1,0,2,0,0,0,1,27,1,0
/Users/kaiohs/Downloads/codes/lab02-experimentacao-software/data/repos/javaparser__javaparser/javaparser-core/src/main/java/com/github/javaparser/ast/validator/language_level_validations/chunks/RecordDeclarationValidator.java,com.github.javaparser.ast.validator.language_level_validations.chunks.RecordDeclarationValidator,class,15,17,2,15,7,1,0,27,6,0.0,NaN,NaN,4,0,1,3,0,0,1,0,0,0,0,0,0,0,0,0,0,0,2,29,0,0,0,0,0,3,1,1,0,5,3,0,0,4,61,1,0
/Users/kaiohs/Downloads/codes/lab02-experimentacao-software/data/repos/javaparser__javaparser/javaparser-symbol-solver-testing/src/test/resources/issue1574/Comment.java,comment,class,0,0,0,0,1,1,0,1,0,0.0,NaN,NaN,1,0,1,0,0,0,1,0,0,0,0,0,0,0,0,0,0,0,0,5,0,0,0,0,0,1,0,0,0,0,0,0,0,0,2,1,0
/Users/kaiohs/Downloads/codes/lab02-experimentacao-software/data/repos/javaparser__javaparser/javaparser-symbol-solver-testing/src/test/java/com/github/javaparser/symbolsolver/javaparsermodel/declarations/JavaParserTypeParameterTest.java,com.github.javaparser.symbolsolver.javaparsermodel.declarations.JavaParserTypeParameterTest,class,10,10,0,10,3,3,0,6,3,0.0,0.0,0.0,3,0,3,0,0,0,3,0,0,0,0,0,0,0,0,0,0,0,1,13,3,0,0,0,0,1,0,2,0,2,0,0,0,0,27,0,0
/Users/kaiohs/Downloads/codes/lab02-experimentacao-software/data/repos/javaparser__javaparser/javaparser-core-testing/src/test/java/com/github/javaparser/printer/ConcreteSyntaxModelAcceptanceTest.java,com.github.javaparser.printer.ConcreteSyntaxModelAcceptanceTest,class,5,6,1,5,4,1,0,9,4,0.5,0.0,0.0,4,0,0,2,0,2,2,0,0,0,1,0,0,1,0,0,1,0,7,25,2,0,0,0,0,15,0,7,1,7,0,0,0,0,38,0,0
/Users/kaiohs/Downloads/codes/lab02-experimentacao-software/data/repos/javaparser__javaparser/javaparser-core/src/main/java/com/github/javaparser/ast/observer/AstObserver.java,com.github.javaparser.ast.observer.AstObserver$ListChangeType,enum,0,0,0,0,0,1,0,0,0,0.0,-1.0,-1.0,0,0,0,0,0,0,0,0,0,0,0,0,0,0,0,0,0,0,0,1,0,0,0,0,0,0,0,0,0,0,0,0,0,0,16,0,0
/Users/kaiohs/Downloads/codes/lab02-experimentacao-software/data/repos/javaparser__javaparser/javaparser-symbol-solver-testing/src/test/test_sourcecode/javasymbolsolver_0_6_0/src/java-symbol-solver-core/com/github/javaparser/symbolsolver/javaparsermodel/UnsolvedSymbolException.java,com.github.javaparser.symbolsolver.javaparsermodel.UnsolvedSymbolException,class,2,9,7,2,5,4,0,1,0,0.26666668,0.0,0.0,5,0,5,0,0,0,5,0,0,0,3,0,0,3,0,0,0,0,0,28,1,0,0,0,0,12,0,8,6,3,0,0,0,0,20,1,0
/Users/kaiohs/Downloads/codes/lab02-experimentacao-software/data/repos/javaparser__javaparser/javaparser-symbol-solver-core/src/main/java/com/github/javaparser/symbolsolver/resolution/typeinference/ProperUpperBound.java,com.github.javaparser.symbolsolver.resolution.typeinference.ProperUpperBound,class,3,7,4,3,10,1,0,5,0,0.16666667,0.0,0.0,6,0,6,0,0,0,6,0,0,0,2,0,0,2,0,0,0,0,0,29,8,0,3,0,0,3,1,5,4,4,1,0,0,0,25,1,0
/Users/kaiohs/Downloads/codes/lab02-experimentacao-software/data/repos/javaparser__javaparser/javaparser-symbol-solver-testing/src/test/resources/issue3099/com/example/Beta.java,com.example.Beta,class,2,2,0,2,0,1,0,0,0,NaN,-1.0,-1.0,0,0,0,0,0,0,0,0,0,0,1,0,0,1,0,0,1,0,0,5,0,0,0,0,0,0,0,0,0,1,0,0,1,0,5,0,0
/Users/kaiohs/Downloads/codes/lab02-experimentacao-software/data/repos/javaparser__javaparser/javaparser-core/src/main/java/com/github/javaparser/ast/type/IntersectionType.java,com.github.javaparser.ast.type.IntersectionType,class,20,53,32,21,26,3,0,26,111,0.6111111,0.0,0.0,18,0,18,0,0,0,18,0,0,0,1,0,0,1,0,0,0,0,2,85,18,2,6,0,0,14,2,3,0,3,2,0,0,0,95,1,0
/Users/kaiohs/Downloads/codes/lab02-experimentacao-software/data/repos/javaparser__javaparser/javaparser-core-testing/src/test/java/com/github/javaparser/printer/XmlPrinterTest.java,com.github.javaparser.printer.XmlPrinterTest,class,11,12,1,11,23,1,0,39,133,0.8666666,0.0,0.0,18,2,7,2,0,9,16,0,0,0,5,4,0,5,0,0,0,0,7,134,3,1,0,4,0,82,0,39,8,39,2,0,0,0,114,0,0
/Users/kaiohs/Downloads/codes/lab02-experimentacao-software/data/repos/javaparser__javaparser/javaparser-symbol-solver-core/src/main/java/com/github/javaparser/symbolsolver/resolution/typeinference/TypeHelper.java,com.github.javaparser.symbolsolver.resolution.typeinference.TypeHelper,class,23,35,12,23,62,1,0,71,91,0.0,0.0,0.0,14,14,13,1,0,0,13,0,0,0,0,0,0,0,0,0,0,0,21,158,29,2,3,0,0,4,2,24,1,23,3,0,0,5,147,1,0
/Users/kaiohs/Downloads/codes/lab02-experimentacao-software/data/repos/javaparser__javaparser/javaparser-core-testing/src/test/java/com/github/javaparser/utils/VisitorSetTest.java,com.github.javaparser.utils.VisitorSetTest,class,6,6,0,6,14,1,0,20,66,0.0,0.0,0.0,12,0,0,0,0,12,12,0,0,0,0,0,0,0,0,0,0,0,0,89,0,1,1,0,0,22,8,21,0,21,1,0,0,0,46,0,0
/Users/kaiohs/Downloads/codes/lab02-experimentacao-software/data/repos/javaparser__javaparser/javaparser-symbol-solver-testing/src/test/resources/CompilationUnitContextResolutionTest/02_nested/main/Child.java,Child,class,1,3,1,2,1,1,0,0,0,0.0,NaN,NaN,1,0,1,0,0,0,1,0,0,0,0,0,0,0,0,0,0,0,0,4,0,0,0,0,0,0,0,0,0,0,0,0,0,0,4,1,0
/Users/kaiohs/Downloads/codes/lab02-experimentacao-software/data/repos/javaparser__javaparser/javaparser-core-testing/src/test/java/com/github/javaparser/ast/expr/PatternExprTest.java,com.github.javaparser.ast.expr.PatternExprTest,class,13,13,0,13,7,1,0,40,21,0.85714287,0.0,0.0,7,2,7,0,0,0,7,0,0,0,1,1,0,1,0,0,1,0,0,116,0,0,0,0,0,7,6,35,0,35,0,0,1,2,71,1,0
/Users/kaiohs/Downloads/codes/lab02-experimentacao-software/data/repos/javaparser__javaparser/javaparser-symbol-solver-testing/src/test/java/com/github/javaparser/symbolsolver/Issue1574Test.java,com.github.javaparser.symbolsolver.Issue1574Test,class,3,3,0,3,11,1,0,10,12,0.6666667,0.0,0.0,9,0,0,0,0,9,9,0,0,0,3,3,0,3,0,0,3,0,0,56,0,2,0,0,0,3,9,19,0,19,1,0,0,0,41,1,0
/Users/kaiohs/Downloads/codes/lab02-experimentacao-software/data/repos/javaparser__javaparser/javaparser-symbol-solver-testing/src/test/test_sourcecode/javaparser_new_src/javaparser-core/com/github/javaparser/ast/stmt/SwitchStmt.java,SwitchStmt,class,9,32,23,9,9,1,0,5,14,0.5555556,0.0,0.0,9,0,9,0,0,0,9,0,0,0,2,0,0,2,0,0,0,0,0,38,5,0,0,0,0,0,0,3,0,2,0,0,0,0,26,17,0
/Users/kaiohs/Downloads/codes/lab02-experimentacao-software/data/repos/javaparser__javaparser/javaparser-core/src/main/java/com/github/javaparser/ast/stmt/LabeledStmt.java,com.github.javaparser.ast.stmt.LabeledStmt,class,14,37,23,14,24,3,0,14,88,0.64705884,0.0,0.0,17,0,17,0,0,0,17,0,0,0,2,0,0,2,0,0,0,0,1,85,16,0,7,0,0,14,0,2,0,2,1,0,0,0,60,1,0
/Users/kaiohs/Downloads/codes/lab02-experimentacao-software/data/repos/javaparser__javaparser/javaparser-symbol-solver-core/src/main/java/com/github/javaparser/symbolsolver/cache/NoCache.java,com.github.javaparser.symbolsolver.cache.NoCache,class,8,10,2,8,9,1,0,1,36,0.0,0.0,0.0,9,1,9,0,0,0,9,0,0,0,0,0,0,0,0,0,0,0,1,26,6,0,0,0,0,0,1,0,0,0,0,0,0,0,38,1,0
/Users/kaiohs/Downloads/codes/lab02-experimentacao-software/data/repos/javaparser__javaparser/javaparser-core-testing/src/test/java/com/github/javaparser/printer/lexicalpreservation/IndentationContextTest.java,com.github.javaparser.printer.lexicalpreservation.IndentationContextTest$SetTests,innerclass,5,5,0,5,4,1,0,13,6,0.0,0.0,0.0,4,0,0,0,0,4,4,0,0,0,0,0,0,0,0,0,0,0,3,29,0,0,0,0,0,5,5,4,0,4,0,0,0,0,27,0,0
/Users/kaiohs/Downloads/codes/lab02-experimentacao-software/data/repos/javaparser__javaparser/javaparser-symbol-solver-testing/src/test/test_sourcecode/javaparser_new_src/javaparser-generated-sources/com/github/javaparser/TokenMgrError.java,TokenMgrError,class,3,3,0,3,19,1,0,9,15,0.97222227,0.0,0.0,6,2,4,0,2,0,6,0,1,0,6,5,0,1,0,5,5,0,0,67,3,1,0,0,4,20,11,10,6,10,3,0,0,0,156,1,0
/Users/kaiohs/Downloads/codes/lab02-experimentacao-software/data/repos/javaparser__javaparser/javaparser-core/src/main/java/com/github/javaparser/printer/lexicalpreservation/Kept.java,com.github.javaparser.printer.lexicalpreservation.Kept,class,10,15,5,10,24,1,0,11,0,0.1875,0.0,0.0,16,0,15,0,0,1,16,0,0,0,1,0,0,1,0,0,1,0,1,74,21,0,3,0,0,2,0,7,2,7,1,0,0,0,39,1,0
/Users/kaiohs/Downloads/codes/lab02-experimentacao-software/data/repos/javaparser__javaparser/javaparser-symbol-solver-testing/src/test/test_sourcecode/javasymbolsolver_0_6_0/src/java-symbol-solver-model/com/github/javaparser/symbolsolver/model/typesystem/Type.java,com.github.javaparser.symbolsolver.model.typesystem.Type,interface,8,97,89,8,22,1,0,10,210,0.0,0.0,0.0,21,0,0,0,0,21,21,0,0,0,0,0,0,0,0,0,0,0,7,66,13,0,0,0,0,7,2,0,1,0,1,0,0,0,92,1,0
/Users/kaiohs/Downloads/codes/lab02-experimentacao-software/data/repos/javaparser__javaparser/javaparser-core-testing/src/test/java/com/github/javaparser/printer/TestVisitor.java,com.github.javaparser.printer.TestVisitor,class,4,5,1,4,2,2,0,1,1,0.0,0.0,0.0,2,0,2,0,0,0,2,0,0,0,0,0,0,0,0,0,0,0,0,8,0,0,0,0,0,1,0,0,0,0,0,0,0,0,15,1,0
/Users/kaiohs/Downloads/codes/lab02-experimentacao-software/data/repos/javaparser__javaparser/javaparser-core-testing-bdd/src/test/java/com/github/javaparser/ManipulationTest.java,com.github.javaparser.ManipulationTest,class,7,7,0,7,2,3,0,1,1,0.0,0.0,0.0,2,0,2,0,0,0,2,0,0,0,0,0,0,0,0,0,0,0,0,9,1,0,0,0,0,1,0,1,0,1,0,0,0,0,14,1,0
/Users/kaiohs/Downloads/codes/lab02-experimentacao-software/data/repos/javaparser__javaparser/javaparser-core/src/main/java/com/github/javaparser/ast/visitor/GenericVisitor.java,com.github.javaparser.ast.visitor.GenericVisitor,interface,105,278,134,144,103,1,0,0,5253,0.0,0.0,0.0,103,0,0,0,0,103,103,0,0,0,0,0,0,0,0,0,0,0,0,105,0,0,0,0,0,0,0,0,0,0,0,0,0,0,120,1,0
/Users/kaiohs/Downloads/codes/lab02-experimentacao-software/data/repos/javaparser__javaparser/javaparser-symbol-solver-testing/src/test/java/com/github/javaparser/symbolsolver/reflectionmodel/ReflectionFieldDeclarationTest.java,com.github.javaparser.symbolsolver.reflectionmodel.ReflectionFieldDeclarationTest,class,5,5,0,5,2,2,0,4,0,0.0,0.0,0.0,2,0,0,0,0,2,2,0,0,0,1,0,0,1,0,0,0,0,0,11,0,0,0,0,0,2,0,3,0,3,0,0,0,0,21,0,0
/Users/kaiohs/Downloads/codes/lab02-experimentacao-software/data/repos/javaparser__javaparser/javaparser-symbol-solver-testing/src/test/java/com/github/javaparser/symbolsolver/javassistmodel/JavassistTypeParameterDeclarationTest.java,com.github.javaparser.symbolsolver.javassistmodel.JavassistTypeParameterDeclarationTest,class,10,10,0,10,7,2,0,15,0,0.0,0.0,0.0,3,0,0,0,0,3,3,0,0,0,1,0,0,1,0,0,0,0,0,42,0,2,0,0,0,11,14,10,0,9,2,0,0,0,41,1,0
/Users/kaiohs/Downloads/codes/lab02-experimentacao-software/data/repos/javaparser__javaparser/javaparser-core/src/main/java/com/github/javaparser/ast/validator/language_level_validations/Java1_3Validator.java,com.github.javaparser.ast.validator.language_level_validations.Java1_3Validator,class,1,2,1,1,1,5,1,0,0,0.0,NaN,NaN,1,0,1,0,0,0,1,0,0,0,0,0,0,0,0,0,0,0,0,5,0,0,0,0,0,0,0,0,0,0,0,0,0,0,11,1,0
/Users/kaiohs/Downloads/codes/lab02-experimentacao-software/data/repos/javaparser__javaparser/javaparser-symbol-solver-core/src/main/java/com/github/javaparser/symbolsolver/javaparsermodel/JavaParserFactory.java,com.github.javaparser.symbolsolver.javaparsermodel.JavaParserFactory,class,79,124,28,96,55,1,0,18,1,0.0,0.0,0.0,2,2,2,0,0,0,2,0,0,0,0,0,0,0,0,0,0,0,4,153,43,1,1,0,2,1,0,8,0,9,4,0,0,2,79,1,0
/Users/kaiohs/Downloads/codes/lab02-experimentacao-software/data/repos/javaparser__javaparser/javaparser-symbol-solver-testing/src/test/test_sourcecode/javaparser_new_src/javaparser-core/com/github/javaparser/ast/visitor/DumpVisitor.java,com.github.javaparser.ast.visitor.DumpVisitor,class,101,135,2,133,317,1,0,265,0,0.5247525,0.0,0.0,101,0,90,10,1,0,91,0,0,0,2,0,0,2,0,0,1,0,2,1329,7,47,43,0,5,254,13,80,8,71,4,0,1,0,196,1,0
/Users/kaiohs/Downloads/codes/lab02-experimentacao-software/data/repos/javaparser__javaparser/javaparser-core/src/main/java/com/github/javaparser/metamodel/ArrayInitializerExprMetaModel.java,com.github.javaparser.metamodel.ArrayInitializerExprMetaModel,class,5,7,2,5,1,4,0,0,0,0.0,NaN,NaN,1,0,0,0,0,1,1,0,0,0,1,0,1,0,0,0,0,0,0,6,0,0,0,0,0,4,0,0,0,1,0,0,0,0,38,1,0
/Users/kaiohs/Downloads/codes/lab02-experimentacao-software/data/repos/javaparser__javaparser/javaparser-symbol-solver-testing/src/test/test_sourcecode/javasymbolsolver_0_6_0/src/java-symbol-solver-core/com/github/javaparser/symbolsolver/javaparsermodel/declarations/Helper.java,com.github.javaparser.symbolsolver.javaparsermodel.declarations.Helper,class,10,21,11,10,17,1,0,12,6,0.0,0.0,0.0,4,4,1,0,0,3,4,0,0,0,0,0,0,0,0,0,0,0,10,59,14,0,2,0,5,6,0,7,3,7,2,0,0,0,23,0,0
/Users/kaiohs/Downloads/codes/lab02-experimentacao-software/data/repos/javaparser__javaparser/javaparser-core/src/main/java/com/github/javaparser/ast/expr/Name.java,com.github.javaparser.ast.expr.Name,class,14,61,47,14,30,2,0,21,91,0.6315789,0.0,0.0,19,0,19,0,0,0,19,0,0,0,2,0,0,2,0,0,0,0,1,98,21,0,10,0,0,14,0,2,1,3,2,0,0,1,96,1,0
/Users/kaiohs/Downloads/codes/lab02-experimentacao-software/data/repos/javaparser__javaparser/javaparser-symbol-solver-core/src/main/java/com/github/javaparser/symbolsolver/reflectionmodel/ReflectionMethodDeclaration.java,com.github.javaparser.symbolsolver.reflectionmodel.ReflectionMethodDeclaration,class,21,37,7,30,27,1,0,31,0,0.42105263,0.0,0.0,19,0,19,0,0,0,19,0,0,0,2,0,0,2,0,0,0,0,9,81,21,0,1,0,1,2,2,4,2,4,1,0,0,1,58,1,0
/Users/kaiohs/Downloads/codes/lab02-experimentacao-software/data/repos/javaparser__javaparser/javaparser-core/src/main/java/com/github/javaparser/ast/body/EnumDeclaration.java,com.github.javaparser.ast.body.EnumDeclaration,class,22,82,57,25,37,4,0,29,205,0.73913044,0.0,0.0,23,0,23,0,0,0,23,0,0,0,2,0,0,2,0,0,0,0,1,127,25,4,10,0,0,15,4,7,0,7,2,0,0,0,80,1,0
/Users/kaiohs/Downloads/codes/lab02-experimentacao-software/data/repos/javaparser__javaparser/javaparser-symbol-solver-core/src/main/java/com/github/javaparser/symbolsolver/reflectionmodel/ReflectionParameterDeclaration.java,com.github.javaparser.symbolsolver.reflectionmodel.ReflectionParameterDeclaration,class,5,11,3,8,16,1,0,5,13,0.6,0.0,0.0,11,0,11,0,0,0,11,0,0,0,5,0,0,5,0,0,0,0,6,47,12,0,5,0,0,3,0,6,1,6,1,0,0,0,35,1,0
/Users/kaiohs/Downloads/codes/lab02-experimentacao-software/data/repos/javaparser__javaparser/javaparser-core-testing/src/test/java/com/github/javaparser/printer/lexicalpreservation/IndentationContextTest.java,com.github.javaparser.printer.lexicalpreservation.IndentationContextTest$DecreaseTests,innerclass,4,4,0,4,5,1,0,10,10,0.0,0.0,0.0,5,0,0,0,0,5,5,0,0,0,0,0,0,0,0,0,0,0,1,33,0,0,0,0,0,6,4,1,1,1,0,0,0,0,51,0,0
/Users/kaiohs/Downloads/codes/lab02-experimentacao-software/data/repos/javaparser__javaparser/javaparser-symbol-solver-testing/src/test/resources/issue1485/Complex.java,Complex,class,1,2,1,1,5,1,0,3,0,0.4,0.0,0.0,5,0,3,0,0,2,5,0,0,0,2,0,0,2,0,0,0,0,0,21,3,0,0,0,0,1,2,3,3,3,0,0,0,0,12,1,0
/Users/kaiohs/Downloads/codes/lab02-experimentacao-software/data/repos/javaparser__javaparser/javaparser-symbol-solver-testing/src/test/java/com/github/javaparser/symbolsolver/resolution/ContextTest.java,com.github.javaparser.symbolsolver.resolution.ContextTest$TypePatternExprTests$TypePatternExprScopeTests$IfElse,innerclass,8,8,0,8,7,1,0,14,21,0.0,0.0,0.0,7,0,0,0,0,7,7,0,0,0,0,0,0,0,0,0,0,0,0,112,0,0,0,0,0,72,21,63,7,63,0,0,0,0,43,0,0
/Users/kaiohs/Downloads/codes/lab02-experimentacao-software/data/repos/javaparser__javaparser/javaparser-symbol-solver-testing/src/test/test_sourcecode/javasymbolsolver_0_6_0/src/java-symbol-solver-core/com/github/javaparser/symbolsolver/model/typesystem/LazyType.java,com.github.javaparser.symbolsolver.model.typesystem.LazyType,class,8,10,2,8,22,1,0,20,208,0.92857146,0.0,0.0,21,0,20,1,0,0,20,0,0,0,2,0,0,2,0,0,0,0,0,70,20,0,1,0,0,0,0,2,0,2,1,0,0,0,28,1,0
/Users/kaiohs/Downloads/codes/lab02-experimentacao-software/data/repos/javaparser__javaparser/javaparser-symbol-solver-testing/src/test/test_sourcecode/javasymbolsolver_0_6_0/src/java-symbol-solver-core/com/github/javaparser/symbolsolver/resolution/MethodResolutionLogic.java,com.github.javaparser.symbolsolver.resolution.MethodResolutionLogic$Anonymous1,anonymous,3,3,0,3,4,1,0,2,0,0.0,NaN,NaN,1,0,1,0,0,0,1,0,0,0,0,0,0,0,0,0,0,0,0,8,2,0,0,0,2,0,2,0,0,0,1,0,0,0,7,-1,0
/Users/kaiohs/Downloads/codes/lab02-experimentacao-software/data/repos/javaparser__javaparser/javaparser-core-generators/src/main/java/com/github/javaparser/generator/core/visitor/GenericVisitorGenerator.java,com.github.javaparser.generator.core.visitor.GenericVisitorGenerator,class,5,5,0,5,2,3,0,4,1,0.0,0.0,0.0,2,0,1,0,1,0,2,0,0,0,0,0,0,0,0,0,0,0,0,9,0,0,0,0,0,4,0,0,0,1,0,0,0,1,22,1,0
/Users/kaiohs/Downloads/codes/lab02-experimentacao-software/data/repos/javaparser__javaparser/javaparser-core/src/main/java/com/github/javaparser/metamodel/EmptyStmtMetaModel.java,com.github.javaparser.metamodel.EmptyStmtMetaModel,class,4,6,2,4,1,4,0,0,0,0.0,NaN,NaN,1,0,0,0,0,1,1,0,0,0,0,0,0,0,0,0,0,0,0,5,0,0,0,0,0,4,0,0,0,0,0,0,0,0,35,1,0
/Users/kaiohs/Downloads/codes/lab02-experimentacao-software/data/repos/javaparser__javaparser/javaparser-core/src/main/java/com/github/javaparser/ast/type/PrimitiveType.java,com.github.javaparser.ast.type.PrimitiveType$Primitive,enum,3,3,0,3,8,1,0,9,9,0.6666667,0.0,0.0,6,2,5,0,0,1,6,0,0,0,3,0,0,1,0,2,2,0,5,29,6,1,0,0,0,16,0,3,0,3,2,0,0,0,40,1,0
/Users/kaiohs/Downloads/codes/lab02-experimentacao-software/data/repos/javaparser__javaparser/javaparser-core/src/main/java/com/github/javaparser/ast/expr/SingleMemberAnnotationExpr.java,com.github.javaparser.ast.expr.SingleMemberAnnotationExpr,class,15,51,34,17,18,4,0,12,71,0.64285713,0.0,0.0,14,0,14,0,0,0,14,0,0,0,1,0,0,1,0,0,0,0,1,62,12,0,4,0,0,12,0,1,0,1,1,0,0,0,63,1,0
/Users/kaiohs/Downloads/codes/lab02-experimentacao-software/data/repos/javaparser__javaparser/javaparser-core-testing/src/test/java/com/github/javaparser/printer/lexicalpreservation/IndentationContextTest.java,com.github.javaparser.printer.lexicalpreservation.IndentationContextTest$EdgeCaseTests,innerclass,5,5,0,5,7,1,0,14,6,0.0,0.0,0.0,4,0,0,0,0,4,4,0,0,0,0,0,0,0,0,0,0,0,1,29,0,3,0,0,0,5,10,6,0,7,1,0,0,1,29,0,0
/Users/kaiohs/Downloads/codes/lab02-experimentacao-software/data/repos/javaparser__javaparser/javaparser-core/src/main/java/com/github/javaparser/printer/concretesyntaxmodel/CsmElement.java,com.github.javaparser.printer.concretesyntaxmodel.CsmElement,interface,21,50,29,21,30,1,0,10,435,0.0,0.0,0.0,30,28,0,0,0,30,30,0,0,0,0,0,0,0,0,0,0,0,11,90,29,0,0,0,0,1,0,0,0,0,0,0,0,0,65,1,0
/Users/kaiohs/Downloads/codes/lab02-experimentacao-software/data/repos/javaparser__javaparser/javaparser-core-testing/src/test/java/com/github/javaparser/ast/validator/Java1_4ValidatorTest.java,com.github.javaparser.ast.validator.Java1_4ValidatorTest,class,8,8,0,8,8,1,0,5,0,0.0,0.0,0.0,8,0,0,0,0,8,8,0,0,0,1,1,1,0,0,0,1,0,8,35,0,0,0,0,0,18,0,9,0,9,0,0,0,0,72,0,0
/Users/kaiohs/Downloads/codes/lab02-experimentacao-software/data/repos/javaparser__javaparser/javaparser-symbol-solver-testing/src/test/test_sourcecode/javaparser_new_src/javaparser-core/com/github/javaparser/ast/expr/IntegerLiteralMinValueExpr.java,com.github.javaparser.ast.expr.IntegerLiteralMinValueExpr,class,6,15,9,6,4,6,0,2,6,0.0,0.0,0.0,4,0,4,0,0,0,4,0,0,0,0,0,0,0,0,0,0,0,0,14,1,0,0,0,0,0,0,0,0,0,0,0,0,0,22,17,0
/Users/kaiohs/Downloads/codes/lab02-experimentacao-software/data/repos/javaparser__javaparser/javaparser-symbol-solver-testing/src/test/java/com/github/javaparser/symbolsolver/resolution/LambdaGenericResolutionTest.java,com.github.javaparser.symbolsolver.resolution.LambdaGenericResolutionTest,class,12,12,0,12,2,2,0,18,0,0.0,NaN,NaN,1,0,0,0,0,1,1,0,0,0,0,0,0,0,0,0,0,0,3,21,0,0,0,1,0,8,0,9,0,8,1,0,0,0,44,1,0
/Users/kaiohs/Downloads/codes/lab02-experimentacao-software/data/repos/javaparser__javaparser/javaparser-symbol-solver-testing/src/test/test_sourcecode/javasymbolsolver_0_6_0/src/java-symbol-solver-model/com/github/javaparser/symbolsolver/model/declarations/ConstructorDeclaration.java,com.github.javaparser.symbolsolver.model.declarations.ConstructorDeclaration,interface,2,19,17,2,1,1,0,0,0,0.0,NaN,NaN,1,0,0,0,0,1,1,0,0,0,0,0,0,0,0,0,0,0,0,3,0,0,0,0,0,0,0,0,0,0,0,0,0,0,13,1,0
/Users/kaiohs/Downloads/codes/lab02-experimentacao-software/data/repos/javaparser__javaparser/javaparser-core/src/main/java/com/github/javaparser/printer/concretesyntaxmodel/PrintingHelper.java,com.github.javaparser.printer.concretesyntaxmodel.PrintingHelper,class,1,3,2,1,4,1,0,4,0,0.0,NaN,NaN,1,1,0,0,0,1,1,0,0,0,0,0,0,0,0,0,0,0,0,16,4,0,1,0,2,1,0,0,0,0,2,0,0,0,10,0,0
/Users/kaiohs/Downloads/codes/lab02-experimentacao-software/data/repos/javaparser__javaparser/javaparser-core-generators/src/main/java/com/github/javaparser/generator/core/CoreGenerator.java,com.github.javaparser.generator.core.CoreGenerator,class,31,32,1,31,3,1,0,9,1,0.5,NaN,NaN,2,1,1,1,0,0,1,0,0,0,1,1,0,1,0,0,1,0,2,45,0,0,1,0,0,11,3,5,0,5,1,0,0,0,73,1,0
/Users/kaiohs/Downloads/codes/lab02-experimentacao-software/data/repos/javaparser__javaparser/javaparser-core/src/main/java/com/github/javaparser/ast/expr/UnaryExpr.java,com.github.javaparser.ast.expr.UnaryExpr$Operator,enum,1,1,0,1,4,1,0,1,0,0.375,0.0,0.0,4,0,3,0,0,1,4,0,0,0,2,0,0,2,0,0,2,0,0,16,3,0,0,0,0,8,0,2,0,2,0,0,0,0,30,1,0
/Users/kaiohs/Downloads/codes/lab02-experimentacao-software/data/repos/javaparser__javaparser/javaparser-core/src/main/java/com/github/javaparser/printer/lexicalpreservation/DifferenceElement.java,com.github.javaparser.printer.lexicalpreservation.DifferenceElement,interface,6,19,13,6,9,1,0,1,36,0.0,0.0,0.0,9,3,0,0,0,9,9,0,0,0,0,0,0,0,0,0,0,0,0,21,5,0,0,0,0,0,0,0,0,0,0,0,0,0,22,1,0
/Users/kaiohs/Downloads/codes/lab02-experimentacao-software/data/repos/javaparser__javaparser/javaparser-symbol-solver-core/src/main/java/com/github/javaparser/symbolsolver/utils/ModuleLayerHelper.java,com.github.javaparser.symbolsolver.utils.ModuleLayerHelper,class,0,2,2,0,8,1,0,14,1,0.0,0.0,0.0,2,2,2,0,0,0,2,0,0,0,0,0,0,0,0,0,0,0,3,36,3,2,0,2,0,7,0,6,1,6,4,0,0,0,124,1,0
/Users/kaiohs/Downloads/codes/lab02-experimentacao-software/data/repos/javaparser__javaparser/javaparser-core/src/main/java/com/github/javaparser/ParseProblemException.java,com.github.javaparser.ParseProblemException,class,2,14,12,2,5,4,0,8,0,0.25,0.0,0.0,4,1,3,1,0,0,3,0,0,0,1,0,0,1,0,0,1,0,2,20,2,1,0,0,0,0,0,2,0,2,1,0,0,0,33,1,0
/Users/kaiohs/Downloads/codes/lab02-experimentacao-software/data/repos/javaparser__javaparser/javaparser-symbol-solver-core/src/main/java/com/github/javaparser/symbolsolver/JavaSymbolSolver.java,com.github.javaparser.symbolsolver.JavaSymbolSolver$Anonymous2,anonymous,7,7,0,7,5,1,0,13,3,0.0,0.0,0.0,3,0,3,0,0,0,3,0,0,0,0,0,0,0,0,0,0,0,2,16,4,0,0,0,0,1,0,2,1,3,1,0,0,2,25,-1,0
/Users/kaiohs/Downloads/codes/lab02-experimentacao-software/data/repos/javaparser__javaparser/javaparser-symbol-solver-testing/src/test/test_sourcecode/javasymbolsolver_0_6_0/src/java-symbol-solver-model/com/github/javaparser/symbolsolver/model/resolution/SymbolReference.java,com.github.javaparser.symbolsolver.model.resolution.SymbolReference,class,5,52,47,5,9,1,0,9,9,0.42857143,0.0,0.0,7,3,6,1,0,0,6,0,0,0,1,0,0,1,0,0,0,0,4,32,7,0,0,0,0,2,0,1,1,1,1,0,0,0,46,1,0
/Users/kaiohs/Downloads/codes/lab02-experimentacao-software/data/repos/javaparser__javaparser/javaparser-symbol-solver-core/src/main/java/com/github/javaparser/symbolsolver/resolution/typesolvers/ReflectionTypeSolver.java,com.github.javaparser.symbolsolver.resolution.typesolvers.ReflectionTypeSolver,class,3,88,79,9,6,2,0,10,2,0.5625,0.0,0.0,4,0,3,0,1,0,4,0,0,0,4,3,3,1,0,0,4,0,2,25,1,0,0,0,0,17,1,6,0,9,1,0,0,3,113,1,0
/Users/kaiohs/Downloads/codes/lab02-experimentacao-software/data/repos/javaparser__javaparser/javaparser-symbol-solver-core/src/main/java/com/github/javaparser/symbolsolver/JavaSymbolSolver.java,com.github.javaparser.symbolsolver.JavaSymbolSolver$Anonymous1,anonymous,2,2,0,2,3,1,0,3,3,0.0,0.0,0.0,3,0,3,0,0,0,3,0,0,0,0,0,0,0,0,0,0,0,0,11,3,0,0,0,0,0,0,0,0,0,0,0,0,0,6,-1,0
/Users/kaiohs/Downloads/codes/lab02-experimentacao-software/data/repos/javaparser__javaparser/javaparser-core-testing/src/test/java/com/github/javaparser/ast/nodeTypes/NodeWithModifiersTest.java,com.github.javaparser.ast.nodeTypes.NodeWithModifiersTest$Anonymous1,anonymous,2,2,0,2,1,1,0,2,0,0.0,NaN,NaN,1,0,1,0,0,0,1,0,0,0,0,0,0,0,0,0,0,0,0,5,0,0,0,0,0,2,0,0,1,0,0,0,0,0,11,-1,0
/Users/kaiohs/Downloads/codes/lab02-experimentacao-software/data/repos/javaparser__javaparser/javaparser-core/src/main/javacc-support/com/github/javaparser/ModifierHolder.java,com.github.javaparser.ModifierHolder,class,5,5,0,5,1,1,0,1,0,0.0,NaN,NaN,1,0,0,0,0,1,1,0,0,0,3,0,0,0,0,3,3,0,1,10,0,0,0,0,0,0,0,3,0,3,0,0,0,0,13,0,0
/Users/kaiohs/Downloads/codes/lab02-experimentacao-software/data/repos/javaparser__javaparser/javaparser-core-testing/src/test/java/com/github/javaparser/ast/visitor/GenericListVisitorAdapterTest.java,com.github.javaparser.ast.visitor.GenericListVisitorAdapterTest$Anonymous1,anonymous,0,0,0,0,0,1,0,0,0,0.0,-1.0,-1.0,0,0,0,0,0,0,0,0,0,0,0,0,0,0,0,0,0,0,0,2,0,0,0,0,0,0,0,0,0,0,0,0,0,0,0,-1,0
/Users/kaiohs/Downloads/codes/lab02-experimentacao-software/data/repos/javaparser__javaparser/javaparser-symbol-solver-testing/src/test/java/com/github/javaparser/symbolsolver/Issue366Test.java,com.github.javaparser.symbolsolver.Issue366Test,class,7,7,0,7,1,3,0,8,0,0.0,NaN,NaN,1,0,0,0,0,1,1,0,0,0,0,0,0,0,0,0,0,0,0,13,0,0,0,0,0,2,0,4,0,5,1,0,0,1,26,1,0
/Users/kaiohs/Downloads/codes/lab02-experimentacao-software/data/repos/javaparser__javaparser/javaparser-symbol-solver-testing/src/test/test_sourcecode/javasymbolsolver_0_6_0/src/java-symbol-solver-model/com/github/javaparser/symbolsolver/model/typesystem/parametrization/TypeParametrized.java,com.github.javaparser.symbolsolver.model.typesystem.parametrization.TypeParametrized,interface,1,3,2,1,1,1,0,0,0,0.0,NaN,NaN,1,0,0,0,0,1,1,0,0,0,0,0,0,0,0,0,0,0,0,3,0,0,0,0,0,0,0,0,0,0,0,0,0,0,12,1,0
/Users/kaiohs/Downloads/codes/lab02-experimentacao-software/data/repos/javaparser__javaparser/javaparser-symbol-solver-core/src/main/java/com/github/javaparser/symbolsolver/javaparsermodel/declarators/TypePatternSymbolDeclarator.java,com.github.javaparser.symbolsolver.javaparsermodel.declarators.TypePatternSymbolDeclarator,class,5,6,1,5,2,2,0,2,1,0.0,0.0,0.0,2,0,2,0,0,0,2,0,0,0,0,0,0,0,0,0,0,0,1,10,1,0,0,0,0,0,0,1,0,1,0,0,0,0,12,1,0
/Users/kaiohs/Downloads/codes/lab02-experimentacao-software/data/repos/javaparser__javaparser/javaparser-symbol-solver-testing/src/test/test_sourcecode/javaparser_src/generated/com/github/javaparser/ASTParser.java,com.github.javaparser.ASTParser,class,104,107,3,104,3483,4,0,668,197254,0.9927575,0.0,0.0,629,5,128,500,0,1,130,0,118,0,26,5,3,22,0,1,3,0,7,9481,1320,164,255,50,216,123,1674,1781,15,650,16,0,4,0,850,16,0
/Users/kaiohs/Downloads/codes/lab02-experimentacao-software/data/repos/javaparser__javaparser/javaparser-core/src/main/java/com/github/javaparser/utils/CollectionStrategy.java,com.github.javaparser.utils.CollectionStrategy,interface,7,12,5,7,11,1,0,18,6,0.0,0.0,0.0,4,0,0,0,0,4,4,0,0,0,0,0,0,0,0,0,0,0,10,38,4,0,0,1,0,8,0,3,0,3,5,0,0,7,52,1,7
/Users/kaiohs/Downloads/codes/lab02-experimentacao-software/data/repos/javaparser__javaparser/javaparser-symbol-solver-testing/src/test/java/com/github/javaparser/symbolsolver/logic/AbstractClassDeclarationTest.java,com.github.javaparser.symbolsolver.logic.AbstractClassDeclarationTest,class,4,4,0,4,1,3,0,0,0,0.0,NaN,NaN,1,0,1,0,0,0,1,1,0,0,0,0,0,0,0,0,0,0,0,3,0,0,0,0,0,0,0,0,0,0,0,0,0,0,10,1025,0
/Users/kaiohs/Downloads/codes/lab02-experimentacao-software/data/repos/javaparser__javaparser/javaparser-core-testing/src/test/java/com/github/javaparser/ast/validator/Java14ValidatorTest.java,com.github.javaparser.ast.validator.Java14ValidatorTest$SwitchExpr,innerclass,6,6,0,6,7,1,0,4,21,0.0,0.0,0.0,7,0,0,0,0,7,7,0,0,0,0,0,0,0,0,0,0,0,7,30,0,0,0,0,0,10,0,7,0,7,0,0,0,0,77,0,0
/Users/kaiohs/Downloads/codes/lab02-experimentacao-software/data/repos/javaparser__javaparser/javaparser-symbol-solver-testing/src/test/java/com/github/javaparser/symbolsolver/Issue2397Test.java,com.github.javaparser.symbolsolver.Issue2397Test,class,10,11,1,10,3,2,0,5,3,0.0,0.0,0.0,3,0,3,0,0,0,3,0,0,0,0,0,0,0,0,0,0,0,1,25,0,0,0,0,0,13,0,6,2,7,0,1,0,1,28,1,0
/Users/kaiohs/Downloads/codes/lab02-experimentacao-software/data/repos/javaparser__javaparser/javaparser-symbol-solver-testing/src/test/java/com/github/javaparser/symbolsolver/resolution/typesolvers/TypeSolverBuilderTest.java,com.github.javaparser.symbolsolver.resolution.typesolvers.TypeSolverBuilderTest,class,4,5,1,4,17,1,0,22,0,0.11764706,0.0,0.0,17,2,0,2,0,15,15,0,0,0,1,0,0,1,0,0,1,0,31,89,0,0,0,0,0,37,0,19,0,19,0,0,0,0,101,0,0
/Users/kaiohs/Downloads/codes/lab02-experimentacao-software/data/repos/javaparser__javaparser/javaparser-symbol-solver-core/src/main/java/com/github/javaparser/symbolsolver/resolution/typeinference/TypeInference.java,com.github.javaparser.symbolsolver.resolution.typeinference.TypeInference,class,30,32,2,30,75,1,0,85,178,0.8095238,0.0,0.0,21,2,9,12,0,0,9,0,0,0,2,0,0,2,0,0,1,0,21,258,30,12,6,0,2,5,14,71,4,62,4,0,0,1,168,1,0
/Users/kaiohs/Downloads/codes/lab02-experimentacao-software/data/repos/javaparser__javaparser/javaparser-core/src/main/java/com/github/javaparser/ast/expr/BinaryExpr.java,com.github.javaparser.ast.expr.BinaryExpr,class,14,54,39,15,26,3,0,15,109,0.7407408,0.0,0.0,18,0,18,0,0,0,18,0,0,0,3,0,0,3,0,0,0,0,1,132,19,0,8,0,0,16,0,3,0,3,1,0,1,0,99,1,0
/Users/kaiohs/Downloads/codes/lab02-experimentacao-software/data/repos/javaparser__javaparser/javaparser-core-testing/src/test/java/com/github/javaparser/builders/CompilationUnitBuildersTest.java,com.github.javaparser.builders.CompilationUnitBuildersTest$$tartsWith$,innerclass,0,0,0,0,0,1,0,0,0,0.0,-1.0,-1.0,0,0,0,0,0,0,0,0,0,0,0,0,0,0,0,0,0,0,0,2,0,0,0,0,0,0,0,0,0,0,0,0,0,0,0,1,0
/Users/kaiohs/Downloads/codes/lab02-experimentacao-software/data/repos/javaparser__javaparser/javaparser-core/src/main/java/com/github/javaparser/TokenRange.java,com.github.javaparser.TokenRange$Anonymous1,anonymous,1,1,0,1,6,1,0,2,0,0.25,0.0,0.0,2,0,2,0,0,0,2,0,0,0,2,0,0,2,0,0,0,0,0,21,2,0,3,0,0,2,0,5,0,3,1,0,0,0,23,-1,0
/Users/kaiohs/Downloads/codes/lab02-experimentacao-software/data/repos/javaparser__javaparser/javaparser-symbol-solver-testing/src/test/java/com/github/javaparser/resolution/declarations/ResolvedAnnotationMemberDeclarationTest.java,com.github.javaparser.resolution.declarations.ResolvedAnnotationMemberDeclarationTest,interface,2,2,0,2,1,1,0,0,0,0.0,NaN,NaN,1,0,0,0,0,1,1,0,0,0,0,0,0,0,0,0,0,0,0,3,0,0,0,0,0,0,0,0,0,0,0,0,0,0,7,1,0
/Users/kaiohs/Downloads/codes/lab02-experimentacao-software/data/repos/javaparser__javaparser/javaparser-core/src/main/javacc-support/com/github/javaparser/GeneratedJavaParserBase.java,com.github.javaparser.GeneratedJavaParserBase,class,33,34,1,33,93,1,0,76,500,0.7777778,0.0,0.0,36,0,1,2,0,33,34,5,0,0,2,0,0,0,0,2,0,0,2,309,38,9,26,0,5,13,21,61,5,49,3,0,0,1,233,1024,0
/Users/kaiohs/Downloads/codes/lab02-experimentacao-software/data/repos/javaparser__javaparser/javaparser-symbol-solver-testing/src/test/java/com/github/javaparser/symbolsolver/javaparsermodel/JavaParserFacadeTest.java,com.github.javaparser.symbolsolver.javaparsermodel.JavaParserFacadeTest$TestEnum,enum,0,0,0,0,0,1,0,0,0,0.0,-1.0,-1.0,0,0,0,0,0,0,0,0,0,0,0,0,0,0,0,0,0,0,0,1,0,0,0,0,0,0,0,0,0,0,0,0,0,0,8,2,0
/Users/kaiohs/Downloads/codes/lab02-experimentacao-software/data/repos/javaparser__javaparser/javaparser-symbol-solver-core/src/main/java/com/github/javaparser/symbolsolver/javaparsermodel/declarations/JavaParserRecordDeclaration.java,com.github.javaparser.symbolsolver.javaparsermodel.declarations.JavaParserRecordDeclaration,class,40,43,3,40,77,2,0,96,166,0.6306307,0.0,0.0,37,0,34,3,0,0,34,0,0,0,3,0,0,3,0,0,0,0,9,381,52,6,6,2,1,8,1,29,5,37,3,2,2,13,215,1,0
/Users/kaiohs/Downloads/codes/lab02-experimentacao-software/data/repos/javaparser__javaparser/javaparser-symbol-solver-testing/src/test/test_sourcecode/javaparser_new_src/javaparser-generated-sources/com/github/javaparser/StreamProvider.java,com.github.javaparser.StreamProvider,class,2,4,2,2,8,1,0,2,0,0.0,0.0,0.0,5,0,5,0,0,0,5,0,0,0,1,0,0,0,0,1,0,0,0,24,1,0,1,0,0,0,3,5,0,2,2,0,0,0,36,1,0
/Users/kaiohs/Downloads/codes/lab02-experimentacao-software/data/repos/javaparser__javaparser/javaparser-core-testing/src/test/resources/com/github/javaparser/utils/projectroot/issue2615/with_module_info/demo/Main.java,demo.Main,class,5,6,1,5,5,1,0,9,1,0.0,NaN,NaN,2,2,1,1,0,0,1,0,0,0,0,0,0,0,0,0,0,0,3,31,0,1,0,1,0,3,2,3,1,4,2,0,1,1,27,1,0
/Users/kaiohs/Downloads/codes/lab02-experimentacao-software/data/repos/javaparser__javaparser/javaparser-core-testing/src/test/java/com/github/javaparser/ast/observer/PropagatingAstObserverTest.java,com.github.javaparser.ast.observer.PropagatingAstObserverTest$Anonymous1,anonymous,2,2,0,2,1,1,0,6,0,0.0,NaN,NaN,1,0,1,0,0,0,1,0,0,0,0,0,0,0,0,0,0,0,1,5,0,0,0,0,0,1,0,0,0,0,0,0,0,0,11,-1,0
/Users/kaiohs/Downloads/codes/lab02-experimentacao-software/data/repos/javaparser__javaparser/javaparser-core-testing/src/test/java/com/github/javaparser/ast/body/AnnotationDeclarationTest.java,com.github.javaparser.ast.body.AnnotationDeclarationTest,class,5,5,0,5,2,1,0,5,1,0.0,0.0,0.0,2,0,0,0,0,2,2,0,0,0,0,0,0,0,0,0,0,0,1,9,0,0,0,0,0,3,0,1,0,1,0,0,0,1,15,0,0
/Users/kaiohs/Downloads/codes/lab02-experimentacao-software/data/repos/javaparser__javaparser/javaparser-symbol-solver-testing/src/test/test_sourcecode/javaparser_new_src/javaparser-core/com/github/javaparser/ast/body/EmptyMemberDeclaration.java,com.github.javaparser.ast.body.EmptyMemberDeclaration,class,9,22,11,11,6,3,0,3,10,0.0,0.0,0.0,5,0,5,0,0,0,5,0,0,0,0,0,0,0,0,0,0,0,0,20,3,0,0,0,0,0,0,0,0,0,1,0,0,0,18,17,0
/Users/kaiohs/Downloads/codes/lab02-experimentacao-software/data/repos/javaparser__javaparser/javaparser-core-testing/src/test/java/com/github/javaparser/ast/NodeTest.java,com.github.javaparser.ast.NodeTest,class,16,16,0,16,12,1,0,34,66,0.0,0.0,0.0,12,0,0,0,0,12,12,0,0,0,0,0,0,0,0,0,0,0,2,129,0,0,0,0,0,38,36,27,4,22,0,0,2,0,76,0,0
/Users/kaiohs/Downloads/codes/lab02-experimentacao-software/data/repos/javaparser__javaparser/javaparser-core-generators/src/main/java/com/github/javaparser/generator/core/node/CloneGenerator.java,com.github.javaparser.generator.core.node.CloneGenerator,class,9,9,0,9,2,3,0,5,1,0.0,0.0,0.0,2,0,1,0,1,0,2,0,0,0,0,0,0,0,0,0,0,0,1,10,0,0,0,0,0,1,0,1,0,1,0,0,0,0,31,1,0
/Users/kaiohs/Downloads/codes/lab02-experimentacao-software/data/repos/javaparser__javaparser/javaparser-symbol-solver-core/src/main/java/com/github/javaparser/symbolsolver/JavaSymbolSolver.java,com.github.javaparser.symbolsolver.JavaSymbolSolver$ArrayLengthValueDeclaration,innerclass,4,4,0,4,3,1,0,0,3,1.0,0.0,0.0,3,0,2,1,0,0,2,0,0,0,1,1,0,1,0,0,1,0,0,11,2,0,0,0,0,1,0,1,0,1,0,0,0,0,15,10,0
/Users/kaiohs/Downloads/codes/lab02-experimentacao-software/data/repos/javaparser__javaparser/javaparser-symbol-solver-testing/src/test/resources/issue113/com/foo/Widget.java,com.foo.Widget,class,9,10,1,9,3,2,0,12,3,0.77777785,0.0,0.0,3,1,3,0,0,0,3,0,0,0,3,3,0,3,0,0,3,0,0,20,0,0,0,0,0,4,0,8,2,9,0,0,0,1,47,1,0
/Users/kaiohs/Downloads/codes/lab02-experimentacao-software/data/repos/javaparser__javaparser/javaparser-symbol-solver-testing/src/test/test_sourcecode/javasymbolsolver_0_6_0/src/java-symbol-solver-core/com/github/javaparser/symbolsolver/resolution/SymbolDeclarator.java,com.github.javaparser.symbolsolver.resolution.SymbolDeclarator,interface,1,9,8,1,1,1,0,0,0,0.0,NaN,NaN,1,0,0,0,0,1,1,0,0,0,0,0,0,0,0,0,0,0,0,3,0,0,0,0,0,0,0,0,0,0,0,0,0,0,6,1,0
/Users/kaiohs/Downloads/codes/lab02-experimentacao-software/data/repos/javaparser__javaparser/javaparser-core-testing/src/test/java/com/github/javaparser/ast/ListObservationTest.java,com.github.javaparser.ast.ListObservationTest,class,11,12,1,11,17,1,0,36,91,0.0,0.0,0.0,14,0,0,2,0,12,12,0,0,0,0,0,0,0,0,0,0,0,8,149,3,2,0,0,1,65,13,52,0,54,1,1,0,2,71,1,0
/Users/kaiohs/Downloads/codes/lab02-experimentacao-software/data/repos/javaparser__javaparser/javaparser-core/src/main/java/com/github/javaparser/printer/lexicalpreservation/PhantomNodeLogic.java,com.github.javaparser.printer.lexicalpreservation.PhantomNodeLogic,class,5,6,1,5,5,1,0,13,1,0.5555556,0.0,0.0,3,3,1,1,0,1,2,0,0,0,3,3,0,3,0,0,3,0,4,28,4,0,0,0,2,0,2,4,1,4,1,1,0,0,85,1,0
/Users/kaiohs/Downloads/codes/lab02-experimentacao-software/data/repos/javaparser__javaparser/javaparser-core/src/main/java/com/github/javaparser/ast/expr/LongLiteralExpr.java,com.github.javaparser.ast.expr.LongLiteralExpr,class,12,52,38,14,25,5,2,18,105,0.93333334,0.0,0.0,15,0,15,0,0,0,15,0,0,0,2,2,2,0,0,0,2,0,8,68,13,0,2,0,0,19,10,6,2,4,1,0,0,0,153,1,0
/Users/kaiohs/Downloads/codes/lab02-experimentacao-software/data/repos/javaparser__javaparser/javaparser-symbol-solver-testing/src/test/java/com/github/javaparser/symbolsolver/reflectionmodel/ReflectionClassDeclarationTest.java,com.github.javaparser.symbolsolver.reflectionmodel.ReflectionClassDeclarationTest$6Foo,innerclass,1,1,0,1,0,1,0,0,0,NaN,-1.0,-1.0,0,0,0,0,0,0,0,0,0,0,1,0,0,0,0,1,0,0,0,3,0,0,0,0,0,0,0,0,0,1,0,0,0,0,2,0,0
/Users/kaiohs/Downloads/codes/lab02-experimentacao-software/data/repos/javaparser__javaparser/javaparser-core-testing/src/test/resources/com/github/javaparser/issue_samples/issue_2627/DefaultStrategy.java,groovy.transform.builder.DefaultStrategy,class,14,15,1,14,28,2,0,55,103,0.9,0.0,0.0,15,11,3,12,0,0,3,0,0,0,2,2,0,2,0,0,2,0,14,114,14,3,3,0,0,22,2,29,4,27,1,0,0,0,228,1,0
/Users/kaiohs/Downloads/codes/lab02-experimentacao-software/data/repos/javaparser__javaparser/javaparser-core/src/main/java/com/github/javaparser/printer/PrettyPrintVisitor.java,com.github.javaparser.printer.PrettyPrintVisitor,class,123,209,1,208,370,1,0,203,0,0.6585366,0.0,0.0,123,0,107,5,11,0,118,0,0,0,3,1,0,1,2,0,1,0,27,1600,13,56,17,0,13,264,29,136,14,132,4,0,0,16,306,1,0
/Users/kaiohs/Downloads/codes/lab02-experimentacao-software/data/repos/javaparser__javaparser/javaparser-core-generators/src/main/java/com/github/javaparser/generator/core/visitor/HashCodeVisitorGenerator.java,com.github.javaparser.generator.core.visitor.HashCodeVisitorGenerator,class,8,9,1,8,8,2,0,19,1,0.0,0.0,0.0,2,0,1,0,1,0,2,0,0,0,0,0,0,0,0,0,0,0,0,41,0,1,0,0,0,14,0,5,1,6,4,0,0,1,39,1,0
/Users/kaiohs/Downloads/codes/lab02-experimentacao-software/data/repos/javaparser__javaparser/javaparser-core-testing/src/test/java/com/github/javaparser/ast/validator/Java5ValidatorTest.java,com.github.javaparser.ast.validator.Java5ValidatorTest,class,8,8,0,8,14,1,0,5,0,0.0,0.0,0.0,14,0,0,0,0,14,14,0,0,0,1,1,1,0,0,0,1,0,14,59,0,0,0,0,0,85,0,15,5,15,0,0,0,0,100,0,0
/Users/kaiohs/Downloads/codes/lab02-experimentacao-software/data/repos/javaparser__javaparser/javaparser-core-testing/src/test/java/com/github/javaparser/printer/lexicalpreservation/transformations/ast/ArrayCreationLevelTransformationsTest.java,com.github.javaparser.printer.lexicalpreservation.transformations.ast.ArrayCreationLevelTransformationsTest,class,10,11,1,10,7,2,0,12,21,0.0,0.0,0.0,7,0,0,0,1,6,7,0,0,0,0,0,0,0,0,0,0,0,0,37,1,0,0,0,0,18,3,7,2,7,0,0,0,0,34,0,0
/Users/kaiohs/Downloads/codes/lab02-experimentacao-software/data/repos/javaparser__javaparser/javaparser-core/src/main/java/com/github/javaparser/resolution/types/ResolvedArrayType.java,com.github.javaparser.resolution.types.ResolvedArrayType,class,3,24,21,3,25,1,0,16,0,0.16666667,0.0,0.0,12,0,12,0,0,0,12,0,0,0,1,0,0,1,0,0,0,0,0,62,19,0,4,0,2,4,0,4,2,4,2,0,0,0,37,1,0
/Users/kaiohs/Downloads/codes/lab02-experimentacao-software/data/repos/javaparser__javaparser/javaparser-core-generators/src/main/java/com/github/javaparser/generator/core/other/BndGenerator.java,com.github.javaparser.generator.core.other.BndGenerator,class,3,5,2,3,5,2,0,22,6,0.0,0.0,0.0,4,1,2,2,0,0,2,0,0,0,0,0,0,0,0,0,0,0,5,27,2,0,1,2,3,9,0,9,4,12,2,0,0,3,37,1,2
/Users/kaiohs/Downloads/codes/lab02-experimentacao-software/data/repos/javaparser__javaparser/javaparser-core-testing/src/test/java/com/github/javaparser/ast/validator/Java10ValidatorTest.java,com.github.javaparser.ast.validator.Java10ValidatorTest,class,8,8,0,8,15,1,0,5,0,0.0,0.0,0.0,15,0,0,0,0,15,15,0,0,0,1,1,1,0,0,0,1,0,15,63,0,0,0,0,0,25,0,16,0,16,0,0,0,0,74,0,0
/Users/kaiohs/Downloads/codes/lab02-experimentacao-software/data/repos/javaparser__javaparser/javaparser-core-testing/src/test/java/com/github/javaparser/JavaParserAdapterTest.java,com.github.javaparser.JavaParserAdapterTest,class,26,26,0,26,25,1,0,50,0,0.02,0.0,0.0,25,0,0,0,0,25,25,0,0,0,2,0,0,2,0,0,2,0,0,135,0,0,0,0,0,58,1,31,0,31,0,0,0,1,77,0,0
/Users/kaiohs/Downloads/codes/lab02-experimentacao-software/data/repos/javaparser__javaparser/javaparser-core/src/main/java/com/github/javaparser/ParserConfiguration.java,com.github.javaparser.ParserConfiguration$Anonymous1,anonymous,3,3,0,3,2,1,0,7,0,0.0,NaN,NaN,1,0,1,0,0,0,1,0,0,0,0,0,0,0,0,0,0,0,0,7,0,0,0,0,0,0,0,0,0,2,1,0,0,2,10,-1,0
/Users/kaiohs/Downloads/codes/lab02-experimentacao-software/data/repos/javaparser__javaparser/javaparser-core/src/main/java/com/github/javaparser/ParserConfiguration.java,com.github.javaparser.ParserConfiguration$Anonymous2,anonymous,4,4,0,4,4,1,0,7,0,0.0,NaN,NaN,1,0,1,0,0,0,1,0,0,0,0,0,0,0,0,0,0,0,0,13,0,0,3,0,0,0,0,1,0,2,2,0,0,1,14,-1,0
/Users/kaiohs/Downloads/codes/lab02-experimentacao-software/data/repos/javaparser__javaparser/javaparser-symbol-solver-testing/src/test/java/com/github/javaparser/symbolsolver/resolution/AbstractResolutionTest.java,com.github.javaparser.symbolsolver.resolution.AbstractResolutionTest,class,7,116,109,7,9,2,108,11,21,0.0,0.0,0.0,7,0,0,2,5,0,5,0,0,0,0,0,0,0,0,0,0,0,0,32,7,0,2,0,0,9,0,3,5,3,1,0,0,1,38,1025,0
/Users/kaiohs/Downloads/codes/lab02-experimentacao-software/data/repos/javaparser__javaparser/javaparser-core/src/main/java/com/github/javaparser/ParserConfiguration.java,com.github.javaparser.ParserConfiguration$Anonymous3,anonymous,3,3,0,3,2,1,0,4,0,0.0,NaN,NaN,1,0,1,0,0,0,1,0,0,0,0,0,0,0,0,0,0,0,0,10,0,0,0,0,0,0,0,0,0,2,2,0,0,2,11,-1,0
/Users/kaiohs/Downloads/codes/lab02-experimentacao-software/data/repos/javaparser__javaparser/javaparser-core/src/main/java/com/github/javaparser/printer/PrettyPrinter.java,com.github.javaparser.printer.PrettyPrinter,class,7,9,2,7,7,1,0,3,0,0.4166667,0.0,0.0,6,0,6,0,0,0,6,0,0,0,2,0,0,2,0,0,0,0,0,27,3,0,0,0,1,1,0,4,0,3,1,0,0,0,48,1,0
/Users/kaiohs/Downloads/codes/lab02-experimentacao-software/data/repos/javaparser__javaparser/javaparser-core/src/main/java/com/github/javaparser/ast/body/CallableDeclaration.java,com.github.javaparser.ast.body.CallableDeclaration$Signature,innerclass,2,2,0,2,12,1,0,10,0,0.2857143,0.0,0.0,7,0,6,1,0,0,6,0,0,0,2,0,0,2,0,0,2,0,1,33,10,0,3,0,0,3,1,5,3,4,1,0,0,0,54,9,0
/Users/kaiohs/Downloads/codes/lab02-experimentacao-software/data/repos/javaparser__javaparser/javaparser-core/src/main/java/com/github/javaparser/ast/nodeTypes/NodeWithImplements.java,com.github.javaparser.ast.nodeTypes.NodeWithImplements,interface,5,12,5,7,10,1,0,9,45,0.0,0.0,0.0,10,0,0,0,0,10,10,0,0,0,0,0,0,0,0,0,0,0,1,30,7,0,0,0,0,3,0,0,0,0,0,0,0,0,40,1,0
/Users/kaiohs/Downloads/codes/lab02-experimentacao-software/data/repos/javaparser__javaparser/javaparser-core-testing/src/test/java/com/github/javaparser/ast/validator/Java15PreviewValidatorTest.java,com.github.javaparser.ast.validator.Java15PreviewValidatorTest$Record$RecordUsedAsIdentifierAllowedAsFieldDeclarations,innerclass,5,5,0,5,2,1,0,3,1,0.0,0.0,0.0,2,0,0,0,0,2,2,0,0,0,0,0,0,0,0,0,0,0,2,12,0,0,0,0,0,2,0,4,0,4,0,0,0,0,14,0,0
/Users/kaiohs/Downloads/codes/lab02-experimentacao-software/data/repos/javaparser__javaparser/javaparser-symbol-solver-core/src/main/java/com/github/javaparser/symbolsolver/resolution/typeinference/bounds/SubtypeOfBound.java,com.github.javaparser.symbolsolver.resolution.typeinference.bounds.SubtypeOfBound,class,8,12,4,8,21,2,0,14,0,0.27272728,0.0,0.0,11,0,11,0,0,0,11,0,0,0,2,0,0,2,0,0,0,0,8,56,14,0,3,0,0,4,1,6,4,5,1,0,0,0,56,1,0
/Users/kaiohs/Downloads/codes/lab02-experimentacao-software/data/repos/javaparser__javaparser/javaparser-core/src/main/java/com/github/javaparser/ParserConfiguration.java,com.github.javaparser.ParserConfiguration$Anonymous4,anonymous,3,3,0,3,2,1,0,4,0,0.0,NaN,NaN,1,0,1,0,0,0,1,0,0,0,0,0,0,0,0,0,0,0,0,11,0,0,0,0,0,0,0,0,0,1,2,0,0,1,11,-1,0
/Users/kaiohs/Downloads/codes/lab02-experimentacao-software/data/repos/javaparser__javaparser/javaparser-core/src/main/java/com/github/javaparser/ast/nodeTypes/NodeWithModifiers.java,com.github.javaparser.ast.nodeTypes.NodeWithModifiers,interface,6,31,24,7,17,1,0,15,28,0.0,0.0,0.0,8,0,0,0,0,8,8,0,0,0,0,0,0,0,0,0,0,0,4,51,11,3,2,0,0,2,0,4,0,6,2,0,0,2,75,1,0
/Users/kaiohs/Downloads/codes/lab02-experimentacao-software/data/repos/javaparser__javaparser/javaparser-symbol-solver-testing/src/test/java/com/github/javaparser/symbolsolver/Issue3277Test.java,com.github.javaparser.symbolsolver.Issue3277Test,class,11,11,0,11,1,3,0,10,0,0.0,NaN,NaN,1,0,0,0,0,1,1,0,0,0,0,0,0,0,0,0,0,0,1,13,0,0,0,0,0,9,0,7,1,7,0,0,0,0,49,1,0
/Users/kaiohs/Downloads/codes/lab02-experimentacao-software/data/repos/javaparser__javaparser/javaparser-core/src/main/java/com/github/javaparser/ast/body/ClassOrInterfaceDeclaration.java,com.github.javaparser.ast.body.ClassOrInterfaceDeclaration$Anonymous1,anonymous,6,6,0,6,6,1,0,6,0,0.0,NaN,NaN,1,0,1,0,0,0,1,0,0,0,0,0,0,0,0,0,0,0,0,23,0,0,0,0,1,2,0,2,0,3,3,0,0,1,35,-1,0
/Users/kaiohs/Downloads/codes/lab02-experimentacao-software/data/repos/javaparser__javaparser/javaparser-core/src/main/java/com/github/javaparser/ast/expr/AssignExpr.java,com.github.javaparser.ast.expr.AssignExpr,class,15,55,39,16,27,3,0,15,127,0.75438595,0.0,0.0,19,0,18,0,1,0,19,0,0,0,3,0,0,3,0,0,0,0,1,135,20,0,8,0,0,16,0,3,0,3,1,0,1,0,96,1,0
/Users/kaiohs/Downloads/codes/lab02-experimentacao-software/data/repos/javaparser__javaparser/javaparser-symbol-solver-testing/src/test/java/com/github/javaparser/symbolsolver/resolution/MethodsResolutionWithJavassistTest.java,com.github.javaparser.symbolsolver.resolution.MethodsResolutionWithJavassistTest,class,16,16,0,16,2,3,0,16,1,0.0,0.0,0.0,2,0,1,0,0,1,2,0,0,0,0,0,0,0,0,0,0,0,1,21,0,0,0,0,0,7,5,8,0,9,0,0,0,1,44,1,0
/Users/kaiohs/Downloads/codes/lab02-experimentacao-software/data/repos/javaparser__javaparser/javaparser-core-generators/src/main/java/com/github/javaparser/generator/core/visitor/CloneVisitorGenerator.java,com.github.javaparser.generator.core.visitor.CloneVisitorGenerator,class,9,9,0,9,11,3,0,21,1,0.0,0.0,0.0,2,0,1,0,1,0,2,0,0,0,0,0,0,0,0,0,0,0,5,45,0,2,0,0,0,19,0,3,1,4,3,0,0,1,41,1,0
/Users/kaiohs/Downloads/codes/lab02-experimentacao-software/data/repos/javaparser__javaparser/javaparser-core/src/main/java/com/github/javaparser/ast/validator/Validators.java,com.github.javaparser.ast.validator.Validators,class,4,27,23,4,7,1,2,8,0,0.16666667,0.0,0.0,6,0,6,0,0,0,6,0,0,0,1,0,0,1,0,0,1,0,1,27,4,0,0,0,0,1,0,1,0,2,1,0,0,1,26,1,0
/Users/kaiohs/Downloads/codes/lab02-experimentacao-software/data/repos/javaparser__javaparser/javaparser-symbol-solver-testing/src/test/resources/issue3100/ConvolutionLayer.java,ConvolutionLayer,class,0,1,1,0,0,1,1,0,0,0.0,-1.0,-1.0,0,0,0,0,0,0,0,0,0,0,0,0,0,0,0,0,0,0,0,4,0,0,0,0,0,0,0,0,0,0,0,0,1,0,2,1,0
/Users/kaiohs/Downloads/codes/lab02-experimentacao-software/data/repos/javaparser__javaparser/javaparser-core-testing/src/test/java/com/github/javaparser/printer/ConcreteSyntaxModelTest.java,com.github.javaparser.printer.ConcreteSyntaxModelTest,class,4,5,1,4,10,1,0,6,45,0.0,0.0,0.0,10,0,0,1,0,9,9,0,0,0,0,0,0,0,0,0,0,0,0,41,1,0,0,0,0,25,0,9,6,9,0,0,0,0,34,0,0
/Users/kaiohs/Downloads/codes/lab02-experimentacao-software/data/repos/javaparser__javaparser/javaparser-core-testing/src/test/java/com/github/javaparser/ast/expr/ObjectCreationExprTest.java,com.github.javaparser.ast.expr.ObjectCreationExprTest,class,3,3,0,3,1,1,0,3,0,0.0,NaN,NaN,1,0,0,0,0,1,1,0,0,0,0,0,0,0,0,0,0,0,1,6,0,0,0,0,0,2,0,1,0,1,0,0,0,0,10,0,0
/Users/kaiohs/Downloads/codes/lab02-experimentacao-software/data/repos/javaparser__javaparser/javaparser-core/src/main/java/com/github/javaparser/ast/validator/language_level_validations/Java13PreviewValidator.java,com.github.javaparser.ast.validator.language_level_validations.Java13PreviewValidator,class,2,2,0,2,1,16,0,1,0,0.0,NaN,NaN,1,0,1,0,0,0,1,0,0,0,0,0,0,0,0,0,0,0,0,11,0,0,0,0,0,0,0,0,0,0,1,0,0,0,32,1,0
/Users/kaiohs/Downloads/codes/lab02-experimentacao-software/data/repos/javaparser__javaparser/javaparser-core/src/main/java/com/github/javaparser/printer/lexicalpreservation/LexicalPreservingPrinter.java,com.github.javaparser.printer.lexicalpreservation.LexicalPreservingPrinter$Observer,innerclass,25,25,0,25,98,2,0,115,105,0.0,0.0,0.0,15,0,3,12,0,0,3,0,0,0,0,0,0,0,0,0,0,0,22,318,17,16,19,0,11,8,26,73,14,76,5,0,0,17,182,10,0
/Users/kaiohs/Downloads/codes/lab02-experimentacao-software/data/repos/javaparser__javaparser/javaparser-core/src/main/java/com/github/javaparser/printer/lexicalpreservation/Reshuffled.java,com.github.javaparser.printer.lexicalpreservation.Reshuffled,class,5,8,3,5,19,1,0,12,39,0.53571427,0.0,0.0,14,0,10,3,0,1,11,0,0,0,2,0,0,2,0,0,2,0,1,55,16,0,3,0,1,2,1,7,3,7,1,0,0,1,53,1,0
/Users/kaiohs/Downloads/codes/lab02-experimentacao-software/data/repos/javaparser__javaparser/javaparser-core-testing/src/test/java/com/github/javaparser/printer/lexicalpreservation/Issue3721Test.java,com.github.javaparser.printer.lexicalpreservation.Issue3721Test,class,4,4,0,4,1,2,0,6,0,0.0,NaN,NaN,1,0,0,0,0,1,1,0,0,0,0,0,0,0,0,0,0,0,1,9,0,0,0,0,0,12,0,2,2,2,0,0,0,0,22,1,0
/Users/kaiohs/Downloads/codes/lab02-experimentacao-software/data/repos/javaparser__javaparser/javaparser-core-testing/src/test/java/com/github/javaparser/utils/LineSeparatorTest.java,com.github.javaparser.utils.LineSeparatorTest,class,1,1,0,1,7,1,0,11,21,0.0,0.0,0.0,7,0,0,0,0,7,7,0,0,0,0,0,0,0,0,0,0,0,0,66,0,0,0,0,0,49,1,0,0,0,0,0,0,0,18,0,0
/Users/kaiohs/Downloads/codes/lab02-experimentacao-software/data/repos/javaparser__javaparser/javaparser-core/src/main/java/com/github/javaparser/ast/stmt/WhileStmt.java,com.github.javaparser.ast.stmt.WhileStmt,class,17,40,23,17,23,3,0,14,86,0.6875,0.0,0.0,16,0,16,0,0,0,16,0,0,0,2,0,0,2,0,0,0,0,1,82,16,0,7,0,0,14,0,2,0,2,1,0,0,0,60,1,0
/Users/kaiohs/Downloads/codes/lab02-experimentacao-software/data/repos/javaparser__javaparser/javaparser-core-testing/src/test/java/com/github/javaparser/javadoc/JavadocExtractorTest.java,com.github.javaparser.javadoc.JavadocExtractorTest,class,4,5,1,4,8,1,0,10,3,0.0,NaN,NaN,3,0,0,2,0,1,1,0,0,0,0,0,0,0,0,0,0,0,0,30,0,1,0,1,0,3,0,1,1,1,2,1,0,0,34,0,0
/Users/kaiohs/Downloads/codes/lab02-experimentacao-software/data/repos/javaparser__javaparser/javaparser-core/src/main/java/com/github/javaparser/printer/concretesyntaxmodel/CsmSequence.java,com.github.javaparser.printer.concretesyntaxmodel.CsmSequence,class,3,5,2,3,6,1,0,8,0,0.0,0.0,0.0,4,0,4,0,0,0,4,0,0,0,1,0,0,1,0,0,0,0,1,21,2,0,1,0,0,4,0,1,0,3,1,0,0,2,24,1,0
/Users/kaiohs/Downloads/codes/lab02-experimentacao-software/data/repos/javaparser__javaparser/javaparser-symbol-solver-core/src/main/java/com/github/javaparser/symbolsolver/javaparsermodel/FailureHandler.java,com.github.javaparser.symbolsolver.javaparsermodel.FailureHandler,class,4,6,2,4,13,1,0,11,10,0.8,0.0,0.0,5,0,2,2,1,0,4,0,1,0,1,1,0,1,0,0,1,0,0,35,9,1,4,0,0,0,0,3,0,2,2,0,0,1,30,1,0
/Users/kaiohs/Downloads/codes/lab02-experimentacao-software/data/repos/javaparser__javaparser/javaparser-core/src/main/java/com/github/javaparser/ast/nodeTypes/NodeWithBlockStmt.java,com.github.javaparser.ast.nodeTypes.NodeWithBlockStmt,interface,3,15,9,6,3,1,0,1,3,0.0,0.0,0.0,3,0,0,0,0,3,3,0,0,0,0,0,0,0,0,0,0,0,0,9,1,0,0,0,0,0,0,1,0,1,0,0,0,0,16,1,0
/Users/kaiohs/Downloads/codes/lab02-experimentacao-software/data/repos/javaparser__javaparser/javaparser-core-testing/src/test/java/com/github/javaparser/ast/visitor/HashCodeVisitorTest.java,com.github.javaparser.ast.visitor.HashCodeVisitorTest,class,100,100,0,100,100,1,0,99,4950,0.0,0.0,0.0,100,0,0,0,0,100,100,0,0,0,0,0,0,0,0,0,0,0,0,734,0,0,0,0,0,4,328,103,0,103,0,0,0,0,122,0,0
/Users/kaiohs/Downloads/codes/lab02-experimentacao-software/data/repos/javaparser__javaparser/javaparser-core/src/main/java/com/github/javaparser/printer/SourcePrinter.java,com.github.javaparser.printer.SourcePrinter,class,10,33,23,10,35,1,0,32,85,0.8223684,0.0,0.0,19,0,13,2,0,4,17,0,0,0,8,0,0,8,0,0,3,0,1,139,11,4,0,0,2,7,5,23,9,17,1,0,0,0,174,1,0
/Users/kaiohs/Downloads/codes/lab02-experimentacao-software/data/repos/javaparser__javaparser/javaparser-core/src/main/java/com/github/javaparser/utils/VisitorMap.java,com.github.javaparser.utils.VisitorMap$EqualsHashcodeOverridingFacade,innerclass,8,8,0,8,7,1,0,1,4,0.4,0.0,0.0,5,0,4,0,0,1,5,0,1,0,1,0,0,1,0,0,1,0,0,21,3,0,1,0,2,0,0,1,0,1,1,0,0,0,20,2,0
/Users/kaiohs/Downloads/codes/lab02-experimentacao-software/data/repos/javaparser__javaparser/javaparser-core-testing/src/test/java/com/github/javaparser/printer/lexicalpreservation/Issue3440Test.java,com.github.javaparser.printer.lexicalpreservation.Issue3440Test,class,5,5,0,5,1,2,0,6,0,0.0,NaN,NaN,1,0,0,0,0,1,1,0,0,0,0,0,0,0,0,0,0,0,1,9,0,0,0,0,0,2,0,2,0,2,0,0,0,0,15,1,0
/Users/kaiohs/Downloads/codes/lab02-experimentacao-software/data/repos/javaparser__javaparser/javaparser-symbol-solver-testing/src/test/resources/issue3100/Trie.java,Trie,class,0,0,0,0,0,1,0,0,0,0.0,-1.0,-1.0,0,0,0,0,0,0,0,0,0,0,0,0,0,0,0,0,0,0,0,4,0,0,0,0,0,0,0,0,0,0,0,0,1,0,1,1,0
/Users/kaiohs/Downloads/codes/lab02-experimentacao-software/data/repos/javaparser__javaparser/javaparser-symbol-solver-testing/src/test/java/com/github/javaparser/symbolsolver/javaparsermodel/declarations/JavaParserTypeVariableDeclarationTest.java,com.github.javaparser.symbolsolver.javaparsermodel.declarations.JavaParserTypeVariableDeclarationTest,class,11,12,1,11,4,3,0,8,6,0.0,0.0,0.0,4,0,3,0,0,1,4,0,0,0,0,0,0,0,0,0,0,0,1,39,3,0,0,0,0,1,0,3,0,3,0,0,1,0,36,0,0
/Users/kaiohs/Downloads/codes/lab02-experimentacao-software/data/repos/javaparser__javaparser/javaparser-symbol-solver-testing/src/test/java/com/github/javaparser/symbolsolver/resolution/LambdaResolutionTest.java,com.github.javaparser.symbolsolver.resolution.LambdaResolutionTest,class,14,14,0,14,19,3,0,19,171,0.0,0.0,0.0,19,0,0,0,0,19,19,0,0,0,0,0,0,0,0,0,0,0,0,186,0,0,0,0,0,134,3,108,8,107,0,0,0,6,106,0,0
/Users/kaiohs/Downloads/codes/lab02-experimentacao-software/data/repos/javaparser__javaparser/javaparser-core/src/main/java/com/github/javaparser/ast/Node.java,com.github.javaparser.ast.Node$Anonymous4,anonymous,0,0,0,0,0,1,0,0,0,0.0,-1.0,-1.0,0,0,0,0,0,0,0,0,0,0,0,0,0,0,0,0,0,0,0,2,0,0,0,0,0,0,0,0,0,0,0,0,0,0,0,-1,0
/Users/kaiohs/Downloads/codes/lab02-experimentacao-software/data/repos/javaparser__javaparser/javaparser-core/src/main/java/com/github/javaparser/printer/lexicalpreservation/ChildTextElement.java,com.github.javaparser.printer.lexicalpreservation.ChildTextElement,class,9,19,10,9,25,2,0,11,100,0.47619048,0.0,0.0,21,0,18,0,0,3,21,0,0,0,1,0,0,1,0,0,1,0,2,70,21,0,4,0,0,1,0,3,1,4,1,0,0,1,52,1,0
/Users/kaiohs/Downloads/codes/lab02-experimentacao-software/data/repos/javaparser__javaparser/javaparser-core/src/main/java/com/github/javaparser/ast/Node.java,com.github.javaparser.ast.Node$Anonymous3,anonymous,0,0,0,0,0,1,0,0,0,0.0,-1.0,-1.0,0,0,0,0,0,0,0,0,0,0,0,0,0,0,0,0,0,0,0,2,0,0,0,0,0,0,0,0,0,0,0,0,0,0,0,-1,0
/Users/kaiohs/Downloads/codes/lab02-experimentacao-software/data/repos/javaparser__javaparser/javaparser-core/src/main/java/com/github/javaparser/ast/Node.java,com.github.javaparser.ast.Node$Anonymous2,anonymous,0,0,0,0,0,1,0,0,0,0.0,-1.0,-1.0,0,0,0,0,0,0,0,0,0,0,0,0,0,0,0,0,0,0,0,2,0,0,0,0,0,0,0,0,0,0,0,0,0,0,0,-1,0
/Users/kaiohs/Downloads/codes/lab02-experimentacao-software/data/repos/javaparser__javaparser/javaparser-symbol-solver-testing/src/test/java/com/github/javaparser/symbolsolver/resolution/ConditionalExprTest.java,com.github.javaparser.symbolsolver.resolution.ConditionalExprTest,class,8,8,0,8,7,3,0,8,21,0.0,0.0,0.0,7,0,0,0,0,7,7,0,0,0,0,0,0,0,0,0,0,0,0,103,0,0,0,0,0,56,0,57,0,35,0,0,0,0,63,0,0
/Users/kaiohs/Downloads/codes/lab02-experimentacao-software/data/repos/javaparser__javaparser/javaparser-core/src/main/java/com/github/javaparser/ast/Node.java,com.github.javaparser.ast.Node$Anonymous1,anonymous,0,0,0,0,0,1,0,0,0,0.0,-1.0,-1.0,0,0,0,0,0,0,0,0,0,0,0,0,0,0,0,0,0,0,0,2,0,0,0,0,0,0,0,0,0,0,0,0,0,0,0,-1,0
/Users/kaiohs/Downloads/codes/lab02-experimentacao-software/data/repos/javaparser__javaparser/javaparser-core/src/main/java/com/github/javaparser/metamodel/ModuleOpensDirectiveMetaModel.java,com.github.javaparser.metamodel.ModuleOpensDirectiveMetaModel,class,5,7,2,5,1,4,0,0,0,0.0,NaN,NaN,1,0,0,0,0,1,1,0,0,0,2,0,2,0,0,0,0,0,0,7,0,0,0,0,0,4,0,0,0,2,0,0,0,0,39,1,0
/Users/kaiohs/Downloads/codes/lab02-experimentacao-software/data/repos/javaparser__javaparser/javaparser-core/src/main/java/com/github/javaparser/ast/validator/postprocessors/Java17PostProcessor.java,com.github.javaparser.ast.validator.postprocessors.Java17PostProcessor,class,1,2,1,1,0,9,1,0,0,0.0,-1.0,-1.0,0,0,0,0,0,0,0,0,0,0,0,0,0,0,0,0,0,0,0,2,0,0,0,0,0,0,0,0,0,0,0,0,0,0,15,1,0
/Users/kaiohs/Downloads/codes/lab02-experimentacao-software/data/repos/javaparser__javaparser/javaparser-core-testing/src/test/java/com/github/javaparser/javadoc/description/JavadocInlineTagTest.java,com.github.javaparser.javadoc.description.JavadocInlineTagTest,class,1,1,0,1,1,1,0,3,0,0.0,NaN,NaN,1,0,0,0,0,1,1,0,0,0,0,0,0,0,0,0,0,0,0,6,0,0,0,0,0,2,0,1,0,1,0,0,0,0,13,0,0
/Users/kaiohs/Downloads/codes/lab02-experimentacao-software/data/repos/javaparser__javaparser/javaparser-symbol-solver-testing/src/test/java/com/github/javaparser/symbolsolver/resolution/TypeDescriptorTest.java,com.github.javaparser.symbolsolver.resolution.TypeDescriptorTest,class,1,1,0,1,1,1,0,2,0,0.0,NaN,NaN,1,0,1,0,0,0,1,0,0,0,0,0,0,0,0,0,0,0,0,22,0,0,0,0,0,18,0,0,0,0,0,0,0,0,6,1,0
/Users/kaiohs/Downloads/codes/lab02-experimentacao-software/data/repos/javaparser__javaparser/javaparser-core-testing/src/test/java/com/github/javaparser/ast/visitor/VoidVisitorTest.java,com.github.javaparser.ast.visitor.VoidVisitorTest$Anonymous1,anonymous,1,1,0,1,1,1,0,2,0,0.0,NaN,NaN,1,0,1,0,0,0,1,0,0,0,0,0,0,0,0,0,0,0,0,6,0,0,0,0,1,0,0,0,0,0,0,0,0,0,7,-1,0
/Users/kaiohs/Downloads/codes/lab02-experimentacao-software/data/repos/javaparser__javaparser/javaparser-symbol-solver-testing/src/test/resources/issue144/HelloWorld.java,HelloWorld,class,0,0,0,0,1,1,0,1,0,0.0,NaN,NaN,1,1,1,0,0,0,1,0,0,0,1,1,0,0,0,1,0,0,0,6,0,0,0,0,0,1,0,1,0,1,0,0,0,0,5,1,0
/Users/kaiohs/Downloads/codes/lab02-experimentacao-software/data/repos/javaparser__javaparser/javaparser-core/src/main/javacc-support/com/github/javaparser/RangedList.java,com.github.javaparser.RangedList,class,4,4,0,4,5,1,0,3,2,0.5,0.0,0.0,4,0,0,0,0,4,4,0,0,0,2,0,0,0,0,2,0,0,0,19,0,0,1,0,0,0,0,5,0,2,1,0,0,0,18,0,0
/Users/kaiohs/Downloads/codes/lab02-experimentacao-software/data/repos/javaparser__javaparser/javaparser-core/src/main/java/com/github/javaparser/ast/visitor/GenericVisitorAdapter.java,com.github.javaparser.ast.visitor.GenericVisitorAdapter,class,114,158,3,155,563,1,0,274,5253,0.0,0.0,0.0,103,0,103,0,0,0,103,0,0,0,0,0,0,0,0,0,0,0,0,1703,425,1,322,0,1,0,0,322,0,103,2,0,0,0,145,1025,0
/Users/kaiohs/Downloads/codes/lab02-experimentacao-software/data/repos/javaparser__javaparser/javaparser-symbol-solver-testing/src/test/java/com/github/javaparser/symbolsolver/resolution/typeinference/constraintformulas/ConstraintFormulaTest.java,com.github.javaparser.symbolsolver.resolution.typeinference.constraintformulas.ConstraintFormulaTest,class,13,13,0,13,1,1,0,8,0,0.0,NaN,NaN,1,0,0,0,0,1,1,0,0,0,2,0,0,2,0,0,0,0,0,13,0,0,0,0,0,2,1,7,0,7,0,0,0,0,44,0,0
/Users/kaiohs/Downloads/codes/lab02-experimentacao-software/data/repos/javaparser__javaparser/javaparser-core/src/main/java/com/github/javaparser/resolution/declarations/ResolvedTypeParametrizable.java,com.github.javaparser.resolution.declarations.ResolvedTypeParametrizable,interface,2,28,26,2,3,1,0,2,3,0.0,0.0,0.0,3,0,0,0,0,3,3,0,0,0,0,0,0,0,0,0,0,0,0,7,1,0,0,0,0,0,0,0,0,0,0,0,0,0,36,1,0
/Users/kaiohs/Downloads/codes/lab02-experimentacao-software/data/repos/javaparser__javaparser/javaparser-core/src/main/java/com/github/javaparser/printer/lexicalpreservation/PeekingIterator.java,com.github.javaparser.printer.lexicalpreservation.PeekingIterator,class,3,6,3,3,29,1,0,16,0,0.578125,0.0,0.0,16,0,15,1,0,0,15,0,0,0,4,0,0,4,0,0,1,0,1,94,14,0,0,0,0,4,1,11,1,6,1,0,0,0,97,1,0
/Users/kaiohs/Downloads/codes/lab02-experimentacao-software/data/repos/javaparser__javaparser/javaparser-core-testing/src/test/java/com/github/javaparser/ast/validator/Java20ValidatorTest.java,com.github.javaparser.ast.validator.Java20ValidatorTest,class,2,2,0,2,0,1,0,1,0,NaN,-1.0,-1.0,0,0,0,0,0,0,0,0,0,0,1,0,0,1,0,0,1,0,0,3,0,0,0,0,0,0,0,1,0,1,0,0,0,0,11,0,0
/Users/kaiohs/Downloads/codes/lab02-experimentacao-software/data/repos/javaparser__javaparser/javaparser-core/src/main/java/com/github/javaparser/metamodel/CastExprMetaModel.java,com.github.javaparser.metamodel.CastExprMetaModel,class,5,7,2,5,1,4,0,0,0,0.0,NaN,NaN,1,0,0,0,0,1,1,0,0,0,2,0,2,0,0,0,0,0,0,7,0,0,0,0,0,4,0,0,0,2,0,0,0,0,38,1,0
/Users/kaiohs/Downloads/codes/lab02-experimentacao-software/data/repos/javaparser__javaparser/javaparser-core/src/main/java/com/github/javaparser/ast/expr/LambdaExpr.java,com.github.javaparser.ast.expr.LambdaExpr,class,21,71,48,23,39,3,0,33,189,0.71794873,0.0,0.0,26,0,26,0,0,0,26,0,0,0,3,0,0,3,0,0,0,0,3,133,26,2,10,0,1,17,2,5,0,6,2,0,0,1,114,1,0
/Users/kaiohs/Downloads/codes/lab02-experimentacao-software/data/repos/javaparser__javaparser/javaparser-core/src/main/java/com/github/javaparser/ast/validator/language_level_validations/chunks/NoBinaryIntegerLiteralsValidator.java,com.github.javaparser.ast.validator.language_level_validations.chunks.NoBinaryIntegerLiteralsValidator,class,6,8,2,6,4,3,0,7,3,0.0,0.0,0.0,3,1,2,1,0,0,2,0,0,0,0,0,0,0,0,0,0,0,2,15,0,0,0,0,0,2,0,0,0,0,1,0,0,0,20,1,0
/Users/kaiohs/Downloads/codes/lab02-experimentacao-software/data/repos/javaparser__javaparser/javaparser-symbol-solver-core/src/main/java/com/github/javaparser/symbolsolver/javaparsermodel/declarations/JavaParserAnnotationDeclaration.java,com.github.javaparser.symbolsolver.javaparsermodel.declarations.JavaParserAnnotationDeclaration,class,20,36,5,31,20,2,0,28,67,0.68421054,0.0,0.0,19,0,19,0,0,0,19,0,0,0,3,0,0,3,0,0,0,0,9,70,15,0,0,0,0,4,0,5,2,9,1,0,0,4,71,1,0
/Users/kaiohs/Downloads/codes/lab02-experimentacao-software/data/repos/javaparser__javaparser/javaparser-symbol-solver-testing/src/test/java/com/github/javaparser/symbolsolver/Issue2236Test.java,com.github.javaparser.symbolsolver.Issue2236Test,class,10,10,0,10,1,2,0,9,0,0.0,NaN,NaN,1,0,1,0,0,0,1,0,0,0,0,0,0,0,0,0,0,0,1,14,0,0,0,0,0,4,1,8,1,8,0,0,0,0,32,1,0
/Users/kaiohs/Downloads/codes/lab02-experimentacao-software/data/repos/javaparser__javaparser/javaparser-symbol-solver-testing/src/test/java/com/github/javaparser/symbolsolver/AbstractSymbolResolutionTest.java,com.github.javaparser.symbolsolver.AbstractSymbolResolutionTest,class,8,108,100,8,8,1,43,11,15,0.0,0.0,0.0,6,3,2,0,4,0,6,0,0,0,0,0,0,0,0,0,0,0,4,77,5,0,0,0,0,2,0,1,1,1,1,0,1,0,82,1025,0
/Users/kaiohs/Downloads/codes/lab02-experimentacao-software/data/repos/javaparser__javaparser/javaparser-core/src/main/java/com/github/javaparser/ast/body/AnnotationMemberDeclaration.java,com.github.javaparser.ast.body.AnnotationMemberDeclaration,class,27,79,43,36,44,3,0,29,176,0.7291666,0.0,0.0,24,0,24,0,0,0,24,0,0,0,4,0,0,4,0,0,0,0,2,152,30,2,18,0,0,20,2,6,0,6,2,0,0,0,97,1,0
/Users/kaiohs/Downloads/codes/lab02-experimentacao-software/data/repos/javaparser__javaparser/javaparser-symbol-solver-testing/src/test/java/com/github/javaparser/symbolsolver/Issue3278Test.java,com.github.javaparser.symbolsolver.Issue3278Test,class,5,5,0,5,1,2,0,9,0,0.0,NaN,NaN,1,0,0,0,0,1,1,0,0,0,0,0,0,0,0,0,0,0,0,9,0,0,0,0,0,26,0,4,1,4,0,0,0,0,39,1,0
/Users/kaiohs/Downloads/codes/lab02-experimentacao-software/data/repos/javaparser__javaparser/javaparser-symbol-solver-testing/src/test/java/com/github/javaparser/symbolsolver/Issue1757Test.java,com.github.javaparser.symbolsolver.Issue1757Test,class,7,7,0,7,1,3,0,12,0,0.0,NaN,NaN,1,0,0,0,0,1,1,0,0,0,0,0,0,0,0,0,0,0,0,12,0,0,0,0,0,12,0,4,1,4,0,0,0,0,32,1,0
/Users/kaiohs/Downloads/codes/lab02-experimentacao-software/data/repos/javaparser__javaparser/javaparser-core/src/main/java/com/github/javaparser/ast/observer/AstObserverAdapter.java,com.github.javaparser.ast.observer.AstObserverAdapter,class,5,7,2,5,4,1,0,0,6,0.0,0.0,0.0,4,0,4,0,0,0,4,0,0,0,0,0,0,0,0,0,0,0,0,10,0,0,0,0,0,0,0,0,0,0,0,0,0,0,21,1025,0
/Users/kaiohs/Downloads/codes/lab02-experimentacao-software/data/repos/javaparser__javaparser/javaparser-core/src/main/java/com/github/javaparser/ast/stmt/SynchronizedStmt.java,com.github.javaparser.ast.stmt.SynchronizedStmt,class,17,40,23,17,23,3,0,14,86,0.6875,0.0,0.0,16,0,16,0,0,0,16,0,0,0,2,0,0,2,0,0,0,0,1,82,16,0,7,0,0,14,0,2,0,2,1,0,0,0,62,1,0
/Users/kaiohs/Downloads/codes/lab02-experimentacao-software/data/repos/javaparser__javaparser/javaparser-core-testing/src/test/java/com/github/javaparser/ast/expr/MethodCallExprTest.java,com.github.javaparser.ast.expr.MethodCallExprTest,class,3,3,0,3,1,1,0,10,0,0.0,NaN,NaN,1,0,0,0,0,1,1,0,0,0,0,0,0,0,0,0,0,0,1,10,0,0,0,0,0,2,2,3,0,3,0,0,0,0,18,0,0
/Users/kaiohs/Downloads/codes/lab02-experimentacao-software/data/repos/javaparser__javaparser/javaparser-symbol-solver-testing/src/test/java/com/github/javaparser/symbolsolver/Issue2477Test.java,com.github.javaparser.symbolsolver.Issue2477Test,class,8,8,0,8,1,2,0,8,0,0.0,NaN,NaN,1,0,1,0,0,0,1,0,0,0,0,0,0,0,0,0,0,0,0,12,0,0,0,0,0,9,0,5,1,5,0,0,0,0,27,1,0
/Users/kaiohs/Downloads/codes/lab02-experimentacao-software/data/repos/javaparser__javaparser/javaparser-symbol-solver-testing/src/test/resources/javassist_symbols/included_jar/src/com/github/javaparser/javasymbolsolver/javassist_symbols/included_jar/InterfaceIncludedJar.java,com.github.javaparser.javasymbolsolver.javassist_symbols.included_jar.InterfaceIncludedJar,interface,0,2,2,0,0,1,0,0,0,NaN,-1.0,-1.0,0,0,0,0,0,0,0,0,0,0,1,1,1,0,0,0,1,0,0,3,0,0,0,0,0,1,0,1,0,1,0,0,0,0,14,1,0
/Users/kaiohs/Downloads/codes/lab02-experimentacao-software/data/repos/javaparser__javaparser/javaparser-symbol-solver-testing/src/test/java/com/github/javaparser/symbolsolver/resolution/QualifiedNameResolutionTest.java,com.github.javaparser.symbolsolver.resolution.QualifiedNameResolutionTest,class,8,8,0,8,1,3,0,13,0,0.0,NaN,NaN,1,0,0,0,0,1,1,0,0,0,0,0,0,0,0,0,0,0,0,11,0,0,0,0,0,5,0,5,0,5,0,0,0,0,33,0,0
/Users/kaiohs/Downloads/codes/lab02-experimentacao-software/data/repos/javaparser__javaparser/javaparser-symbol-solver-testing/src/test/java/com/github/javaparser/symbolsolver/Issue3859Test.java,com.github.javaparser.symbolsolver.Issue3859Test,class,6,6,0,6,1,3,0,10,0,0.0,NaN,NaN,1,0,0,0,0,1,1,0,0,0,0,0,0,0,0,0,0,0,0,14,0,0,0,0,0,16,6,4,1,4,0,0,0,0,28,1,0
/Users/kaiohs/Downloads/codes/lab02-experimentacao-software/data/repos/javaparser__javaparser/javaparser-symbol-solver-testing/src/test/java/com/github/javaparser/symbolsolver/model/typesystem/ReferenceTypeTest.java,com.github.javaparser.symbolsolver.model.typesystem.ReferenceTypeTest$Bar,innerclass,1,1,0,1,0,2,0,0,0,0.0,-1.0,-1.0,0,0,0,0,0,0,0,0,0,0,0,0,0,0,0,0,0,0,0,2,0,0,0,0,0,0,0,0,0,0,0,0,0,0,2,0,0
/Users/kaiohs/Downloads/codes/lab02-experimentacao-software/data/repos/javaparser__javaparser/javaparser-symbol-solver-testing/src/test/java/com/github/javaparser/symbolsolver/resolution/AnonymousClassesResolutionTest.java,com.github.javaparser.symbolsolver.resolution.AnonymousClassesResolutionTest,class,11,11,0,11,3,3,0,10,3,0.0,0.0,0.0,3,2,0,0,0,3,3,0,0,0,0,0,0,0,0,0,0,0,0,24,0,0,0,0,0,2,0,4,0,4,0,1,0,0,35,0,0
/Users/kaiohs/Downloads/codes/lab02-experimentacao-software/data/repos/javaparser__javaparser/javaparser-core/src/main/java/com/github/javaparser/printer/lexicalpreservation/DifferenceElementCalculator.java,com.github.javaparser.printer.lexicalpreservation.DifferenceElementCalculator$ChildPositionInfo,innerclass,2,2,0,2,7,1,0,7,0,0.16666667,0.0,0.0,3,0,2,0,0,1,3,0,0,0,2,0,0,0,0,2,0,0,0,16,3,0,3,0,3,0,0,3,1,3,1,0,0,0,15,9,0
/Users/kaiohs/Downloads/codes/lab02-experimentacao-software/data/repos/javaparser__javaparser/javaparser-symbol-solver-core/src/main/java/com/github/javaparser/symbolsolver/resolution/typeinference/BoundSet.java,com.github.javaparser.symbolsolver.resolution.typeinference.BoundSet$VariableDependency,innerclass,1,1,0,1,4,1,0,1,0,0.25,0.0,0.0,4,0,4,0,0,0,4,0,0,0,2,0,0,2,0,0,0,0,0,17,3,0,0,0,0,0,0,2,0,2,0,0,0,0,11,2,0
/Users/kaiohs/Downloads/codes/lab02-experimentacao-software/data/repos/javaparser__javaparser/javaparser-core-testing/src/test/java/com/github/javaparser/printer/lexicalpreservation/Issue3746Test.java,com.github.javaparser.printer.lexicalpreservation.Issue3746Test,class,5,5,0,5,1,2,0,8,0,0.0,NaN,NaN,1,0,0,0,0,1,1,0,0,0,0,0,0,0,0,0,0,0,0,12,0,0,0,0,0,18,3,3,3,3,0,0,0,0,28,1,0
/Users/kaiohs/Downloads/codes/lab02-experimentacao-software/data/repos/javaparser__javaparser/javaparser-symbol-solver-testing/src/test/java/com/github/javaparser/symbolsolver/resolution/MethodLikeSignaturesTest.java,com.github.javaparser.symbolsolver.resolution.MethodLikeSignaturesTest,class,10,10,0,10,2,3,0,19,1,0.0,0.0,0.0,2,0,0,0,0,2,2,0,0,0,0,0,0,0,0,0,0,0,0,22,0,0,0,0,0,12,3,10,0,10,0,0,0,0,32,0,0
/Users/kaiohs/Downloads/codes/lab02-experimentacao-software/data/repos/javaparser__javaparser/javaparser-core/src/main/java/com/github/javaparser/metamodel/LocalRecordDeclarationStmtMetaModel.java,com.github.javaparser.metamodel.LocalRecordDeclarationStmtMetaModel,class,5,7,2,5,1,4,0,0,0,0.0,NaN,NaN,1,0,0,0,0,1,1,0,0,0,1,0,1,0,0,0,0,0,0,6,0,0,0,0,0,4,0,0,0,1,0,0,0,0,39,1,0
/Users/kaiohs/Downloads/codes/lab02-experimentacao-software/data/repos/javaparser__javaparser/javaparser-core/src/main/java/com/github/javaparser/printer/configuration/DefaultConfigurationOption.java,com.github.javaparser.printer.configuration.DefaultConfigurationOption,class,5,10,5,5,18,1,0,12,21,0.5909091,0.0,0.0,11,0,10,1,0,0,10,0,0,0,2,0,0,0,0,2,0,0,4,47,10,0,3,0,2,3,0,3,0,3,1,0,0,0,41,1,0
/Users/kaiohs/Downloads/codes/lab02-experimentacao-software/data/repos/javaparser__javaparser/javaparser-core/src/main/java/com/github/javaparser/ast/stmt/SwitchEntry.java,com.github.javaparser.ast.stmt.SwitchEntry$Type,enum,0,0,0,0,0,1,0,0,0,0.0,-1.0,-1.0,0,0,0,0,0,0,0,0,0,0,0,0,0,0,0,0,0,0,0,1,0,0,0,0,0,0,0,0,0,0,0,0,0,0,13,1,0
/Users/kaiohs/Downloads/codes/lab02-experimentacao-software/data/repos/javaparser__javaparser/javaparser-core/src/main/java/com/github/javaparser/resolution/declarations/ResolvedEnumDeclaration.java,com.github.javaparser.resolution.declarations.ResolvedEnumDeclaration,interface,4,14,10,4,5,1,0,8,10,0.0,0.0,0.0,5,0,0,0,0,5,5,0,0,0,0,0,0,0,0,0,0,0,0,15,4,0,0,0,0,1,0,0,1,2,0,0,0,3,24,1,0
/Users/kaiohs/Downloads/codes/lab02-experimentacao-software/data/repos/javaparser__javaparser/javaparser-core/src/main/java/com/github/javaparser/ast/observer/AstObserver.java,com.github.javaparser.ast.observer.AstObserver,interface,4,10,6,4,4,1,0,0,6,0.0,0.0,0.0,4,0,0,0,0,4,4,0,0,0,0,0,0,0,0,0,0,0,0,7,0,0,0,0,0,0,0,0,0,0,0,0,1,0,59,1,0
/Users/kaiohs/Downloads/codes/lab02-experimentacao-software/data/repos/javaparser__javaparser/javaparser-core/src/main/java/com/github/javaparser/ast/stmt/EmptyStmt.java,com.github.javaparser.ast.stmt.EmptyStmt,class,12,35,23,12,10,3,0,6,45,0.0,0.0,0.0,10,0,10,0,0,0,10,0,0,0,0,0,0,0,0,0,0,0,1,33,6,0,0,0,0,9,0,0,0,0,0,0,0,0,41,1,0
/Users/kaiohs/Downloads/codes/lab02-experimentacao-software/data/repos/javaparser__javaparser/javaparser-symbol-solver-testing/src/test/java/com/github/javaparser/symbolsolver/model/typesystem/ReferenceTypeTest.java,com.github.javaparser.symbolsolver.model.typesystem.ReferenceTypeTest,class,34,35,1,34,77,6,0,127,1460,0.8786766,0.0,0.0,68,0,0,15,0,53,53,0,0,0,12,0,0,12,0,0,0,0,23,587,15,2,6,0,2,120,47,163,4,176,1,0,7,22,195,0,0
/Users/kaiohs/Downloads/codes/lab02-experimentacao-software/data/repos/javaparser__javaparser/javaparser-core-testing/src/test/java/com/github/javaparser/printer/lexicalpreservation/transformations/ast/body/EnumDeclarationTransformationsTest.java,com.github.javaparser.printer.lexicalpreservation.transformations.ast.body.EnumDeclarationTransformationsTest,class,7,8,1,7,6,2,0,10,15,0.0,0.0,0.0,6,0,0,0,1,5,6,0,0,0,0,0,0,0,0,0,0,0,0,31,1,0,0,0,0,17,1,5,2,5,0,0,0,0,48,0,0
/Users/kaiohs/Downloads/codes/lab02-experimentacao-software/data/repos/javaparser__javaparser/javaparser-symbol-solver-testing/src/test/java/com/github/javaparser/symbolsolver/Issue4710Test.java,com.github.javaparser.symbolsolver.Issue4710Test,class,8,8,0,8,1,1,0,8,0,0.0,NaN,NaN,1,0,0,0,0,1,1,0,0,0,0,0,0,0,0,0,0,0,0,11,0,0,0,0,0,9,0,5,1,5,0,0,0,0,27,1,0
/Users/kaiohs/Downloads/codes/lab02-experimentacao-software/data/repos/javaparser__javaparser/javaparser-symbol-solver-testing/src/test/resources/issue1945/issue1945/implementations/Sheep.java,issue1945.implementations.Sheep,class,3,4,1,3,1,1,0,0,0,0.0,NaN,NaN,1,0,1,0,0,0,1,0,0,0,0,0,0,0,0,0,0,0,0,5,1,0,0,0,0,0,0,0,0,0,0,0,0,0,7,1,0
/Users/kaiohs/Downloads/codes/lab02-experimentacao-software/data/repos/javaparser__javaparser/javaparser-core/src/main/java/com/github/javaparser/resolution/SymbolResolver.java,com.github.javaparser.resolution.SymbolResolver,interface,6,10,4,6,4,1,0,0,6,0.0,0.0,0.0,4,0,0,0,0,4,4,0,0,0,0,0,0,0,0,0,0,0,0,6,0,0,0,0,0,0,0,0,0,0,0,0,0,0,28,1,0
/Users/kaiohs/Downloads/codes/lab02-experimentacao-software/data/repos/javaparser__javaparser/javaparser-core/src/main/java/com/github/javaparser/ast/type/UnionType.java,com.github.javaparser.ast.type.UnionType,class,21,57,35,22,27,3,0,29,129,0.6315789,0.0,0.0,19,0,19,0,0,0,19,0,0,0,1,0,0,1,0,0,0,0,3,89,19,2,6,0,0,14,2,4,0,5,2,0,0,1,102,1,0
/Users/kaiohs/Downloads/codes/lab02-experimentacao-software/data/repos/javaparser__javaparser/javaparser-core-testing/src/test/java/com/github/javaparser/JavadocParserTest.java,com.github.javaparser.JavadocParserTest,class,3,3,0,3,14,1,0,11,91,0.0,0.0,0.0,14,0,0,0,0,14,14,0,0,0,0,0,0,0,0,0,0,0,0,55,0,0,0,0,0,74,6,9,10,9,0,0,0,0,87,0,0
/Users/kaiohs/Downloads/codes/lab02-experimentacao-software/data/repos/javaparser__javaparser/javaparser-core-testing/src/test/java/com/github/javaparser/ast/visitor/ModifierVisitorTest.java,com.github.javaparser.ast.visitor.ModifierVisitorTest,class,9,9,0,9,6,2,0,13,15,0.0,0.0,0.0,6,0,0,0,0,6,6,0,0,0,0,0,0,0,0,0,0,0,0,83,0,0,0,0,0,24,7,10,2,10,0,5,0,0,56,0,0
/Users/kaiohs/Downloads/codes/lab02-experimentacao-software/data/repos/javaparser__javaparser/javaparser-symbol-solver-core/src/main/java/com/github/javaparser/symbolsolver/logic/AbstractTypeDeclaration.java,com.github.javaparser.symbolsolver.logic.AbstractTypeDeclaration,class,9,38,24,14,10,1,25,20,3,0.0,0.0,0.0,3,1,3,0,0,0,3,0,2,0,0,0,0,0,0,0,0,0,4,47,5,4,0,1,0,5,0,13,1,12,3,0,0,0,137,1025,1
/Users/kaiohs/Downloads/codes/lab02-experimentacao-software/data/repos/javaparser__javaparser/javaparser-symbol-solver-testing/src/test/resources/issue2366/Test.java,Test,class,2,4,1,3,2,1,0,0,1,0.0,0.0,0.0,2,1,2,0,0,0,2,0,0,0,0,0,0,0,0,0,0,0,0,11,0,0,0,0,0,0,0,0,0,0,0,0,1,0,4,1,0
/Users/kaiohs/Downloads/codes/lab02-experimentacao-software/data/repos/javaparser__javaparser/javaparser-core/src/main/java/com/github/javaparser/utils/SourceRoot.java,com.github.javaparser.utils.SourceRoot$Callback$Result,enum,0,0,0,0,0,1,0,0,0,0.0,-1.0,-1.0,0,0,0,0,0,0,0,0,0,0,0,0,0,0,0,0,0,0,0,1,0,0,0,0,0,0,0,0,0,0,0,0,0,0,9,0,0
/Users/kaiohs/Downloads/codes/lab02-experimentacao-software/data/repos/javaparser__javaparser/javaparser-symbol-solver-testing/src/test/java/com/github/javaparser/symbolsolver/Issue1518Test.java,com.github.javaparser.symbolsolver.Issue1518Test,class,8,8,0,8,1,3,0,10,0,0.0,NaN,NaN,1,0,0,0,0,1,1,0,0,0,0,0,0,0,0,0,0,0,1,13,0,0,0,0,0,9,2,5,1,5,0,0,0,0,33,0,0
/Users/kaiohs/Downloads/codes/lab02-experimentacao-software/data/repos/javaparser__javaparser/javaparser-core/src/main/java/com/github/javaparser/metamodel/ModuleProvidesDirectiveMetaModel.java,com.github.javaparser.metamodel.ModuleProvidesDirectiveMetaModel,class,5,7,2,5,1,4,0,0,0,0.0,NaN,NaN,1,0,0,0,0,1,1,0,0,0,2,0,2,0,0,0,0,0,0,7,0,0,0,0,0,4,0,0,0,2,0,0,0,0,38,1,0
/Users/kaiohs/Downloads/codes/lab02-experimentacao-software/data/repos/javaparser__javaparser/javaparser-symbol-solver-core/src/main/java/com/github/javaparser/symbolsolver/reflectionmodel/ReflectionTypeParameter.java,com.github.javaparser.symbolsolver.reflectionmodel.ReflectionTypeParameter,class,12,23,4,19,22,1,0,23,3,0.57575756,0.0,0.0,11,0,11,0,0,0,11,0,0,0,3,0,0,3,0,0,0,0,7,69,17,0,3,0,5,2,1,9,3,7,1,0,0,1,42,1,0
/Users/kaiohs/Downloads/codes/lab02-experimentacao-software/data/repos/javaparser__javaparser/javaparser-core/src/main/java/com/github/javaparser/ast/validator/language_level_validations/Java12PreviewValidator.java,com.github.javaparser.ast.validator.language_level_validations.Java12PreviewValidator,class,2,2,0,2,1,15,0,1,0,0.0,NaN,NaN,1,0,1,0,0,0,1,0,0,0,0,0,0,0,0,0,0,0,0,9,0,0,0,0,0,0,0,0,0,0,1,0,0,0,28,1,0
/Users/kaiohs/Downloads/codes/lab02-experimentacao-software/data/repos/javaparser__javaparser/javaparser-core/src/main/java/com/github/javaparser/ast/validator/language_level_validations/UpgradeJavaMessage.java,com.github.javaparser.ast.validator.language_level_validations.UpgradeJavaMessage,class,1,6,5,1,4,1,0,2,0,0.11111111,0.0,0.0,3,0,1,0,0,2,3,0,0,0,3,0,0,3,0,0,3,0,1,16,1,0,0,0,0,3,0,3,1,3,0,0,0,0,47,17,0
/Users/kaiohs/Downloads/codes/lab02-experimentacao-software/data/repos/javaparser__javaparser/javaparser-symbol-solver-testing/src/test/java/com/github/javaparser/symbolsolver/Issue3972Test.java,com.github.javaparser.symbolsolver.Issue3972Test,class,7,7,0,7,2,3,0,10,0,0.0,NaN,NaN,1,0,0,0,0,1,1,0,0,0,0,0,0,0,0,0,0,0,0,13,0,1,0,0,0,6,0,3,1,4,2,0,0,1,35,1,0
/Users/kaiohs/Downloads/codes/lab02-experimentacao-software/data/repos/javaparser__javaparser/javaparser-symbol-solver-testing/src/test/test_sourcecode/javaparser_new_src/javaparser-core/com/github/javaparser/ast/comments/BlockComment.java,BlockComment,class,6,24,18,6,5,1,0,1,10,0.0,0.0,0.0,5,0,5,0,0,0,5,0,0,0,0,0,0,0,0,0,0,0,0,16,1,0,0,0,0,0,0,0,0,0,0,0,0,0,27,17,0
/Users/kaiohs/Downloads/codes/lab02-experimentacao-software/data/repos/javaparser__javaparser/javaparser-symbol-solver-testing/src/test/java/com/github/javaparser/symbolsolver/resolution/typesolvers/ClassLoaderTypeSolverTest.java,com.github.javaparser.symbolsolver.resolution.typesolvers.ClassLoaderTypeSolverTest,class,5,6,1,5,2,3,0,8,1,0.0,0.0,0.0,2,0,1,0,0,1,2,0,0,0,0,0,0,0,0,0,0,0,0,14,0,0,0,0,0,1,0,5,0,5,0,0,0,0,46,1024,0
/Users/kaiohs/Downloads/codes/lab02-experimentacao-software/data/repos/javaparser__javaparser/javaparser-core-testing/src/test/java/com/github/javaparser/ast/validator/Java22ValidatorTest.java,com.github.javaparser.ast.validator.Java22ValidatorTest,class,7,7,0,7,13,1,0,5,0,0.0,0.0,0.0,13,0,0,0,0,13,13,0,0,0,1,0,0,1,0,0,1,0,13,55,0,0,0,0,0,18,0,14,0,14,0,0,0,0,74,0,0
/Users/kaiohs/Downloads/codes/lab02-experimentacao-software/data/repos/javaparser__javaparser/javaparser-symbol-solver-core/src/main/java/com/github/javaparser/symbolsolver/resolution/typeinference/constraintformulas/MethodReferenceThrowsCompatibleWithType.java,com.github.javaparser.symbolsolver.resolution.typeinference.constraintformulas.MethodReferenceThrowsCompatibleWithType,class,6,7,1,6,8,2,0,5,0,0.25,0.0,0.0,4,0,4,0,0,0,4,0,0,0,2,0,0,2,0,0,0,0,0,22,6,0,3,0,0,3,1,3,4,4,1,0,0,0,52,1,0
/Users/kaiohs/Downloads/codes/lab02-experimentacao-software/data/repos/javaparser__javaparser/javaparser-core-testing-bdd/src/test/java/com/github/javaparser/BasicJBehaveTest.java,com.github.javaparser.BasicJBehaveTest,class,7,14,7,7,3,2,7,10,1,0.33333334,0.0,0.0,3,0,2,0,0,1,3,0,2,0,1,0,0,1,0,0,1,0,0,13,2,0,0,0,0,1,0,1,0,1,0,0,0,0,30,1024,0
/Users/kaiohs/Downloads/codes/lab02-experimentacao-software/data/repos/javaparser__javaparser/javaparser-core-testing-bdd/src/test/java/com/github/javaparser/ComparingTest.java,com.github.javaparser.ComparingTest,class,7,7,0,7,2,3,0,1,1,0.0,0.0,0.0,2,0,2,0,0,0,2,0,0,0,0,0,0,0,0,0,0,0,0,9,1,0,0,0,0,1,0,1,0,1,0,0,0,0,14,1,0
/Users/kaiohs/Downloads/codes/lab02-experimentacao-software/data/repos/javaparser__javaparser/javaparser-symbol-solver-testing/src/test/resources/javassist_symbols/main_jar/src/com/github/javaparser/javasymbolsolver/javassist_symbols/main_jar/SubClassExcludedJar.java,com.github.javaparser.javasymbolsolver.javassist_symbols.main_jar.SubClassExcludedJar,class,1,1,0,1,0,2,0,0,0,NaN,-1.0,-1.0,0,0,0,0,0,0,0,0,0,0,1,1,1,0,0,0,1,0,0,3,0,0,0,0,0,1,0,1,0,1,0,0,0,0,14,1,0
/Users/kaiohs/Downloads/codes/lab02-experimentacao-software/data/repos/javaparser__javaparser/javaparser-core-generators/src/main/java/com/github/javaparser/generator/core/visitor/EqualsVisitorGenerator.java,com.github.javaparser.generator.core.visitor.EqualsVisitorGenerator,class,7,7,0,7,6,3,0,16,1,0.0,0.0,0.0,2,0,1,0,1,0,2,0,0,0,0,0,0,0,0,0,0,0,4,29,0,1,1,0,0,10,1,2,1,3,3,0,0,1,34,1,0
/Users/kaiohs/Downloads/codes/lab02-experimentacao-software/data/repos/javaparser__javaparser/javaparser-symbol-solver-testing/src/test/resources/issue1526/compiles/a/b/c/DataObject.java,DataObject,class,0,2,2,0,0,1,0,0,0,0.0,-1.0,-1.0,0,0,0,0,0,0,0,0,0,0,0,0,0,0,0,0,0,0,0,2,0,0,0,0,0,0,0,0,0,0,0,0,0,0,2,1,0
/Users/kaiohs/Downloads/codes/lab02-experimentacao-software/data/repos/javaparser__javaparser/javaparser-symbol-solver-testing/src/test/java/com/github/javaparser/symbolsolver/resolution/ContextTest.java,com.github.javaparser.symbolsolver.resolution.ContextTest$RecordPatternExprTests,innerclass,5,5,0,5,2,1,0,7,1,0.0,0.0,0.0,2,0,0,0,0,2,2,0,0,0,0,0,0,0,0,0,0,0,0,22,0,0,0,0,0,16,0,4,0,4,0,0,0,0,33,0,0
/Users/kaiohs/Downloads/codes/lab02-experimentacao-software/data/repos/javaparser__javaparser/javaparser-core/src/main/java/com/github/javaparser/resolution/cache/Cache.java,com.github.javaparser.resolution.cache.Cache,interface,3,8,5,3,8,1,0,0,28,0.0,0.0,0.0,8,0,0,0,0,8,8,0,0,0,0,0,0,0,0,0,0,0,0,10,0,0,0,0,0,0,0,0,0,0,0,0,0,0,88,1,0
/Users/kaiohs/Downloads/codes/lab02-experimentacao-software/data/repos/javaparser__javaparser/javaparser-symbol-solver-core/src/main/java/com/github/javaparser/symbolsolver/javaparsermodel/declarations/JavaParserRecordDeclaration.java,com.github.javaparser.symbolsolver.javaparsermodel.declarations.JavaParserRecordDeclaration$CanonicalRecordConstructor,innerclass,8,8,0,8,9,1,0,6,16,0.6666667,0.0,0.0,9,0,9,0,0,0,9,0,0,0,2,0,0,2,0,0,0,0,1,32,7,0,0,0,0,1,1,2,0,2,0,0,0,0,34,9,0
/Users/kaiohs/Downloads/codes/lab02-experimentacao-software/data/repos/javaparser__javaparser/javaparser-symbol-solver-core/src/main/java/com/github/javaparser/symbolsolver/reflectionmodel/ReflectionAnnotationMemberDeclaration.java,com.github.javaparser.symbolsolver.reflectionmodel.ReflectionAnnotationMemberDeclaration,class,32,34,2,32,13,1,0,29,0,0.4,0.0,0.0,5,0,4,1,0,0,5,0,0,0,3,1,0,3,0,0,0,0,5,66,11,0,2,0,4,2,0,16,0,24,2,0,0,8,64,1,0
/Users/kaiohs/Downloads/codes/lab02-experimentacao-software/data/repos/javaparser__javaparser/javaparser-symbol-solver-core/src/main/java/com/github/javaparser/symbolsolver/javaparsermodel/contexts/StatementContext.java,com.github.javaparser.symbolsolver.javaparsermodel.contexts.StatementContext,class,19,41,10,31,47,2,0,38,36,0.0,0.0,0.0,9,2,7,1,1,0,8,0,0,0,0,0,0,0,0,0,0,0,21,169,27,7,4,0,4,1,16,42,3,35,3,0,0,1,105,1,0
/Users/kaiohs/Downloads/codes/lab02-experimentacao-software/data/repos/javaparser__javaparser/javaparser-core-testing/src/test/java/com/github/javaparser/ast/nodeTypes/NodeWithModifiersTest.java,com.github.javaparser.ast.nodeTypes.NodeWithModifiersTest,class,6,6,0,6,6,1,0,11,15,0.0,0.0,0.0,6,0,0,1,0,5,5,0,0,0,0,0,0,0,0,0,0,0,0,40,1,0,0,0,0,4,3,7,0,7,0,1,0,0,60,0,0
/Users/kaiohs/Downloads/codes/lab02-experimentacao-software/data/repos/javaparser__javaparser/javaparser-core-testing/src/test/java/com/github/javaparser/printer/lexicalpreservation/Issue3818Test.java,com.github.javaparser.printer.lexicalpreservation.Issue3818Test,class,7,7,0,7,1,2,0,13,0,0.0,NaN,NaN,1,0,0,0,0,1,1,0,0,0,0,0,0,0,0,0,0,0,1,13,0,0,0,0,0,9,2,6,2,6,0,0,0,0,27,1,0
/Users/kaiohs/Downloads/codes/lab02-experimentacao-software/data/repos/javaparser__javaparser/javaparser-core-testing/src/test/test_sourcecode/com/github/javaparser/printer/JavaConceptsInnerClasses.java,japa.bdd.samples.JavaConceptsInnerClasses$1Y,innerclass,1,1,0,1,3,2,0,1,3,0.0,0.0,0.0,3,0,3,0,0,0,3,0,0,0,0,0,0,0,0,0,0,0,0,14,0,0,0,0,0,0,1,2,0,0,0,0,0,0,4,16,0
/Users/kaiohs/Downloads/codes/lab02-experimentacao-software/data/repos/javaparser__javaparser/javaparser-core-testing/src/test/test_sourcecode/com/github/javaparser/printer/JavaConceptsInnerClasses.java,japa.bdd.samples.JavaConceptsInnerClasses$1X,innerclass,0,0,0,0,2,1,0,0,1,1.0,0.0,0.0,2,0,2,0,0,0,2,0,0,0,1,0,0,0,0,1,0,0,0,7,0,0,0,0,0,0,1,1,0,1,0,0,0,0,3,1024,0
/Users/kaiohs/Downloads/codes/lab02-experimentacao-software/data/repos/javaparser__javaparser/javaparser-symbol-solver-core/src/main/java/com/github/javaparser/symbolsolver/javaparsermodel/contexts/BlockStmtContext.java,com.github.javaparser.symbolsolver.javaparsermodel.contexts.BlockStmtContext,class,15,18,3,15,18,3,0,27,10,0.0,0.0,0.0,5,0,4,1,0,0,4,0,0,0,0,0,0,0,0,0,0,0,5,66,8,3,2,0,2,1,7,14,2,15,4,0,0,1,77,1,0
/Users/kaiohs/Downloads/codes/lab02-experimentacao-software/data/repos/javaparser__javaparser/javaparser-core/src/main/java/com/github/javaparser/metamodel/CompactConstructorDeclarationMetaModel.java,com.github.javaparser.metamodel.CompactConstructorDeclarationMetaModel,class,5,7,2,5,1,4,0,0,0,0.0,NaN,NaN,1,0,0,0,0,1,1,0,0,0,5,0,5,0,0,0,0,0,0,10,0,0,0,0,0,4,0,0,0,5,0,0,0,0,44,1,0
/Users/kaiohs/Downloads/codes/lab02-experimentacao-software/data/repos/javaparser__javaparser/javaparser-core-generators/src/main/java/com/github/javaparser/generator/core/quality/NotNullGenerator.java,com.github.javaparser.generator.core.quality.NotNullGenerator,class,19,22,3,19,21,2,0,41,28,0.0,0.0,0.0,8,0,2,3,3,0,5,0,0,0,0,0,0,0,0,0,0,0,1,63,4,3,1,0,0,1,6,12,1,12,3,0,0,1,86,1,0
/Users/kaiohs/Downloads/codes/lab02-experimentacao-software/data/repos/javaparser__javaparser/javaparser-core/src/main/java/com/github/javaparser/ast/nodeTypes/NodeWithExtends.java,com.github.javaparser.ast.nodeTypes.NodeWithExtends,interface,5,10,3,7,10,1,0,9,45,0.0,0.0,0.0,10,0,0,0,0,10,10,0,0,0,0,0,0,0,0,0,0,0,1,30,7,0,0,0,0,3,0,0,0,0,0,0,0,0,74,1,0
/Users/kaiohs/Downloads/codes/lab02-experimentacao-software/data/repos/javaparser__javaparser/javaparser-symbol-solver-testing/src/test/java/com/github/javaparser/symbolsolver/Issue2083Test.java,com.github.javaparser.symbolsolver.Issue2083Test,class,8,8,0,8,1,2,0,9,0,0.0,NaN,NaN,1,0,1,0,0,0,1,0,0,0,0,0,0,0,0,0,0,0,0,12,0,0,0,0,0,8,0,5,1,5,0,0,0,0,33,1,0
/Users/kaiohs/Downloads/codes/lab02-experimentacao-software/data/repos/javaparser__javaparser/javaparser-core/src/main/java/com/github/javaparser/ast/validator/language_level_validations/Java25Validator.java,com.github.javaparser.ast.validator.language_level_validations.Java25Validator,class,2,2,0,2,1,27,0,1,0,0.0,NaN,NaN,1,0,1,0,0,0,1,0,0,0,0,0,0,0,0,0,0,0,0,7,0,0,0,0,0,0,0,0,0,0,0,0,0,0,26,1,0
/Users/kaiohs/Downloads/codes/lab02-experimentacao-software/data/repos/javaparser__javaparser/javaparser-symbol-solver-testing/src/test/java/com/github/javaparser/symbolsolver/resolution/PatternVariableIntroductionTest.java,com.github.javaparser.symbolsolver.resolution.PatternVariableIntroductionTest$ParenthesizedExpressions,innerclass,6,6,0,6,4,1,0,8,6,0.0,0.0,0.0,4,0,4,0,0,0,4,0,0,0,0,0,0,0,0,0,0,0,0,22,0,0,0,0,0,38,0,8,4,8,0,0,0,2,45,0,0
/Users/kaiohs/Downloads/codes/lab02-experimentacao-software/data/repos/javaparser__javaparser/javaparser-symbol-solver-testing/src/test/resources/issue1526/errors/a/b/c/DataObjectFactory.java,a.b.c.DataObjectFactory,class,0,1,1,0,0,1,0,0,0,0.0,-1.0,-1.0,0,0,0,0,0,0,0,0,0,0,0,0,0,0,0,0,0,0,0,2,0,0,0,0,0,0,0,0,0,0,0,0,0,0,3,1,0
/Users/kaiohs/Downloads/codes/lab02-experimentacao-software/data/repos/javaparser__javaparser/javaparser-symbol-solver-core/src/main/java/com/github/javaparser/symbolsolver/javaparsermodel/contexts/ArrayAccessExprContext.java,com.github.javaparser.symbolsolver.javaparsermodel.contexts.ArrayAccessExprContext,class,4,5,1,4,2,3,0,1,1,0.0,0.0,0.0,2,0,2,0,0,0,2,0,0,0,0,0,0,0,0,0,0,0,0,8,1,0,0,0,0,0,0,0,0,0,0,0,0,0,64,1,0
/Users/kaiohs/Downloads/codes/lab02-experimentacao-software/data/repos/javaparser__javaparser/javaparser-symbol-solver-testing/src/test/test_sourcecode/javaparser_src/generated/com/github/javaparser/Token.java,com.github.javaparser.Token,class,1,11,10,1,7,1,2,1,13,0.9206349,0.0,0.0,7,2,7,0,0,0,7,0,0,0,9,1,8,1,0,0,1,0,1,35,4,0,0,0,0,0,1,3,0,9,1,0,0,0,174,1,0
/Users/kaiohs/Downloads/codes/lab02-experimentacao-software/data/repos/javaparser__javaparser/javaparser-core-testing/src/test/java/com/github/javaparser/ast/validator/Java12ValidatorTest.java,com.github.javaparser.ast.validator.Java12ValidatorTest,class,6,6,0,6,3,1,0,4,0,0.0,0.0,0.0,3,0,0,0,0,3,3,0,0,0,1,1,1,0,0,0,1,0,3,15,0,0,0,0,0,3,0,4,0,4,0,0,0,0,33,0,0
/Users/kaiohs/Downloads/codes/lab02-experimentacao-software/data/repos/javaparser__javaparser/javaparser-symbol-solver-testing/src/test/java/com/github/javaparser/symbolsolver/resolution/AnalyseNewJavaParserTest.java,com.github.javaparser.symbolsolver.resolution.AnalyseNewJavaParserTest,class,11,12,1,11,26,3,0,26,206,0.9047619,0.0,0.0,21,2,0,2,0,19,19,0,0,0,4,4,0,4,0,0,3,0,7,225,2,1,2,0,2,158,6,19,6,19,1,0,0,0,116,0,0
/Users/kaiohs/Downloads/codes/lab02-experimentacao-software/data/repos/javaparser__javaparser/javaparser-core/src/main/java/com/github/javaparser/ast/modules/ModuleOpensDirective.java,com.github.javaparser.ast.modules.ModuleOpensDirective,class,15,34,19,15,32,3,0,21,166,0.7380953,0.0,0.0,21,0,21,0,0,0,21,0,0,0,2,0,0,2,0,0,0,0,2,108,22,2,9,0,0,19,2,4,0,4,2,0,0,0,59,1,0
/Users/kaiohs/Downloads/codes/lab02-experimentacao-software/data/repos/javaparser__javaparser/javaparser-symbol-solver-testing/src/test/test_sourcecode/javasymbolsolver_0_6_0/src/java-symbol-solver-model/com/github/javaparser/symbolsolver/model/declarations/ParameterDeclaration.java,com.github.javaparser.symbolsolver.model.declarations.ParameterDeclaration,interface,4,22,18,4,5,1,0,5,6,0.0,0.0,0.0,4,0,0,0,0,4,4,0,0,0,0,0,0,0,0,0,0,0,0,17,4,0,0,0,0,1,0,0,1,0,1,0,0,0,27,1,0
/Users/kaiohs/Downloads/codes/lab02-experimentacao-software/data/repos/javaparser__javaparser/javaparser-symbol-solver-testing/src/test/java/com/github/javaparser/symbolsolver/Issue2162Test.java,com.github.javaparser.symbolsolver.Issue2162Test,class,19,19,0,19,3,2,0,28,0,0.33333334,0.0,0.0,2,0,2,0,0,0,2,0,0,0,6,0,0,6,0,0,0,0,3,34,0,0,0,0,0,45,9,9,1,9,1,0,0,1,100,1,0
/Users/kaiohs/Downloads/codes/lab02-experimentacao-software/data/repos/javaparser__javaparser/javaparser-symbol-solver-core/src/main/java/com/github/javaparser/symbolsolver/cache/GuavaCache.java,com.github.javaparser.symbolsolver.cache.GuavaCache,class,9,12,3,9,11,1,0,17,0,0.2,0.0,0.0,10,1,10,0,0,0,10,0,0,0,1,0,0,1,0,0,1,0,2,34,6,0,1,0,0,1,1,2,0,2,0,0,0,0,41,1,0
/Users/kaiohs/Downloads/codes/lab02-experimentacao-software/data/repos/javaparser__javaparser/javaparser-core/src/main/java/com/github/javaparser/printer/lexicalpreservation/TextElementList.java,com.github.javaparser.printer.lexicalpreservation.TextElementList,class,4,7,3,4,52,1,0,19,0,0.071428575,0.0,0.0,28,4,28,0,0,0,28,0,0,0,1,0,0,1,0,0,1,0,13,146,33,7,1,0,1,16,13,7,4,7,2,0,0,0,116,1,0
/Users/kaiohs/Downloads/codes/lab02-experimentacao-software/data/repos/javaparser__javaparser/javaparser-symbol-solver-testing/src/test/java/com/github/javaparser/symbolsolver/Issue3866Test.java,com.github.javaparser.symbolsolver.Issue3866Test,class,6,6,0,6,1,3,0,13,0,0.0,NaN,NaN,1,0,0,0,0,1,1,0,0,0,0,0,0,0,0,0,0,0,1,10,0,0,0,0,0,15,0,4,1,7,0,0,0,3,31,1,0
/Users/kaiohs/Downloads/codes/lab02-experimentacao-software/data/repos/javaparser__javaparser/javaparser-core/src/main/java/com/github/javaparser/resolution/declarations/ResolvedParameterDeclaration.java,com.github.javaparser.resolution.declarations.ResolvedParameterDeclaration,interface,4,29,25,4,6,1,0,5,10,0.0,0.0,0.0,5,0,0,0,0,5,5,0,0,0,0,0,0,0,0,0,0,0,0,18,5,0,0,0,0,1,0,0,1,0,1,0,0,0,39,1,0
/Users/kaiohs/Downloads/codes/lab02-experimentacao-software/data/repos/javaparser__javaparser/javaparser-core/src/main/java/com/github/javaparser/resolution/model/SymbolReference.java,com.github.javaparser.resolution.model.SymbolReference,class,7,76,69,7,11,1,0,11,24,0.5555556,0.0,0.0,9,4,8,1,0,0,8,0,0,0,1,0,0,1,0,0,1,0,4,37,9,0,0,0,0,3,0,3,1,3,2,0,0,1,65,1,0
/Users/kaiohs/Downloads/codes/lab02-experimentacao-software/data/repos/javaparser__javaparser/javaparser-core-testing/src/test/java/com/github/javaparser/printer/lexicalpreservation/Issue3924Test.java,com.github.javaparser.printer.lexicalpreservation.Issue3924Test,class,3,3,0,3,1,2,0,6,0,0.0,NaN,NaN,1,0,0,0,0,1,1,0,0,0,0,0,0,0,0,0,0,0,1,10,0,0,0,0,0,37,1,2,2,2,0,0,0,0,48,1,0
/Users/kaiohs/Downloads/codes/lab02-experimentacao-software/data/repos/javaparser__javaparser/javaparser-core-metamodel-generator/src/main/java/com/github/javaparser/generator/metamodel/AstTypeAnalysis.java,com.github.javaparser.generator.metamodel.AstTypeAnalysis,class,1,3,2,1,7,1,0,5,0,0.0,NaN,NaN,1,0,0,0,0,1,1,0,0,0,5,0,0,0,0,5,1,0,1,35,0,1,2,0,1,0,3,14,0,8,3,0,0,0,34,0,0
/Users/kaiohs/Downloads/codes/lab02-experimentacao-software/data/repos/javaparser__javaparser/javaparser-core-testing/src/test/java/com/github/javaparser/builders/CompilationUnitBuildersTest.java,com.github.javaparser.builders.CompilationUnitBuildersTest$testInnerClass,innerclass,0,0,0,0,0,1,0,0,0,0.0,-1.0,-1.0,0,0,0,0,0,0,0,0,0,0,0,0,0,0,0,0,0,0,0,2,0,0,0,0,0,0,0,0,0,0,0,0,0,0,3,0,0
/Users/kaiohs/Downloads/codes/lab02-experimentacao-software/data/repos/javaparser__javaparser/javaparser-core-testing/src/test/java/com/github/javaparser/ast/expr/PatternExprTest.java,com.github.javaparser.ast.expr.PatternExprTest$TestConsumer,innerclass,1,1,0,1,1,1,0,0,0,0.0,NaN,NaN,1,0,1,0,0,0,1,0,0,0,1,0,1,0,0,0,0,0,0,6,0,0,0,0,0,0,0,2,0,1,0,0,0,0,7,0,0
/Users/kaiohs/Downloads/codes/lab02-experimentacao-software/data/repos/javaparser__javaparser/javaparser-symbol-solver-core/src/main/java/com/github/javaparser/symbolsolver/resolution/typesolvers/AarTypeSolver.java,com.github.javaparser.symbolsolver.resolution.typesolvers.AarTypeSolver,class,4,6,2,4,9,1,0,9,1,0.2857143,0.0,0.0,7,0,7,0,0,0,7,0,0,0,1,0,0,1,0,0,0,0,1,30,3,0,2,0,0,3,0,3,0,3,1,0,0,0,55,1,0
/Users/kaiohs/Downloads/codes/lab02-experimentacao-software/data/repos/javaparser__javaparser/javaparser-core/src/main/java/com/github/javaparser/metamodel/YieldStmtMetaModel.java,com.github.javaparser.metamodel.YieldStmtMetaModel,class,5,7,2,5,1,2,0,0,0,0.0,NaN,NaN,1,0,0,0,0,1,1,0,0,0,1,0,1,0,0,0,0,0,0,6,0,0,0,0,0,4,0,0,0,1,0,0,0,0,37,1,0
/Users/kaiohs/Downloads/codes/lab02-experimentacao-software/data/repos/javaparser__javaparser/javaparser-core/src/main/java/com/github/javaparser/printer/concretesyntaxmodel/CsmSingleReference.java,com.github.javaparser.printer.concretesyntaxmodel.CsmSingleReference,class,6,9,3,6,5,1,0,6,0,0.25,0.0,0.0,4,0,4,0,0,0,4,0,0,0,1,0,0,1,0,0,1,0,2,18,2,0,1,0,0,1,0,2,0,2,1,0,0,0,19,1,0
/Users/kaiohs/Downloads/codes/lab02-experimentacao-software/data/repos/javaparser__javaparser/javaparser-symbol-solver-testing/src/test/java/com/github/javaparser/symbolsolver/resolution/InstanceOfTest.java,com.github.javaparser.symbolsolver.resolution.InstanceOfTest$IfElseIfElse,innerclass,7,7,0,7,3,1,0,13,3,0.0,0.0,0.0,3,0,3,0,0,0,3,0,0,0,0,0,0,0,0,0,0,0,0,126,0,0,0,0,0,11,9,12,0,12,1,0,2,1,32,0,0
/Users/kaiohs/Downloads/codes/lab02-experimentacao-software/data/repos/javaparser__javaparser/javaparser-symbol-solver-testing/src/test/test_sourcecode/javasymbolsolver_0_6_0/src/java-symbol-solver-model/com/github/javaparser/symbolsolver/model/methods/MethodUsage.java,com.github.javaparser.symbolsolver.model.methods.MethodUsage,class,11,40,29,11,21,1,0,19,0,0.484375,0.0,0.0,16,0,15,1,0,0,15,0,0,0,4,0,0,4,0,0,0,0,2,85,15,2,3,0,0,3,2,19,2,13,1,0,0,0,63,1,0
/Users/kaiohs/Downloads/codes/lab02-experimentacao-software/data/repos/javaparser__javaparser/javaparser-symbol-solver-testing/src/test/java/com/github/javaparser/symbolsolver/resolution/EnumLiteralsInAnnotatedClassTest.java,com.github.javaparser.symbolsolver.resolution.EnumLiteralsInAnnotatedClassTest,class,10,10,0,10,8,1,0,18,6,0.0,0.0,0.0,4,0,0,0,0,4,4,0,0,0,0,0,0,0,0,0,0,0,0,62,0,0,4,0,0,30,4,32,4,36,0,0,0,4,46,0,0
/Users/kaiohs/Downloads/codes/lab02-experimentacao-software/data/repos/javaparser__javaparser/javaparser-symbol-solver-testing/src/test/java/com/github/javaparser/symbolsolver/Issue2738Test.java,com.github.javaparser.symbolsolver.Issue2738Test,class,10,10,0,10,1,2,0,9,0,0.0,NaN,NaN,1,0,0,0,0,1,1,0,0,0,0,0,0,0,0,0,0,0,0,11,0,0,0,0,0,2,0,4,0,4,0,0,0,1,32,1,0
/Users/kaiohs/Downloads/codes/lab02-experimentacao-software/data/repos/javaparser__javaparser/javaparser-core/src/main/java/com/github/javaparser/printer/lexicalpreservation/TextElementMatchers.java,com.github.javaparser.printer.lexicalpreservation.TextElementMatchers$Anonymous1,anonymous,1,1,0,1,2,1,0,1,1,0.0,0.0,0.0,2,0,2,0,0,0,2,0,0,0,0,0,0,0,0,0,0,0,0,8,2,0,0,0,0,1,0,0,1,0,0,0,0,0,7,-1,0
/Users/kaiohs/Downloads/codes/lab02-experimentacao-software/data/repos/javaparser__javaparser/javaparser-symbol-solver-testing/src/test/java/com/github/javaparser/symbolsolver/Issue276Test.java,com.github.javaparser.symbolsolver.Issue276Test,class,12,12,0,12,3,2,0,9,0,0.0,NaN,NaN,1,0,0,0,0,1,1,0,0,0,0,0,0,0,0,0,0,0,0,16,0,1,0,0,0,5,0,7,0,6,2,0,0,0,43,0,0
/Users/kaiohs/Downloads/codes/lab02-experimentacao-software/data/repos/javaparser__javaparser/javaparser-core/src/main/java/com/github/javaparser/utils/ClassUtils.java,com.github.javaparser.utils.ClassUtils,class,1,2,1,1,7,1,0,7,1,0.75,0.0,0.0,2,2,2,0,0,0,4,0,0,0,2,2,0,2,0,0,2,0,1,32,3,1,1,0,0,0,0,3,0,3,2,0,0,0,34,1,0
/Users/kaiohs/Downloads/codes/lab02-experimentacao-software/data/repos/javaparser__javaparser/javaparser-core/src/main/java/com/github/javaparser/metamodel/LambdaExprMetaModel.java,com.github.javaparser.metamodel.LambdaExprMetaModel,class,5,7,2,5,1,4,0,0,0,0.0,NaN,NaN,1,0,0,0,0,1,1,0,0,0,4,0,4,0,0,0,0,0,0,9,0,0,0,0,0,4,0,0,0,4,0,0,0,0,43,1,0
/Users/kaiohs/Downloads/codes/lab02-experimentacao-software/data/repos/javaparser__javaparser/javaparser-core/src/main/java/com/github/javaparser/UnicodeEscapeProcessingProvider.java,com.github.javaparser.UnicodeEscapeProcessingProvider$PositionMapping$PositionUpdate,interface,2,2,0,2,3,1,0,2,3,1.0,0.0,0.0,3,0,0,0,0,3,3,0,0,0,1,0,0,0,0,1,0,0,0,23,1,0,0,0,0,0,0,5,0,5,0,1,0,0,29,9,0
/Users/kaiohs/Downloads/codes/lab02-experimentacao-software/data/repos/javaparser__javaparser/javaparser-core/src/main/java/com/github/javaparser/ast/expr/Expression.java,com.github.javaparser.ast.expr.Expression,class,52,184,130,54,184,2,71,24,15576,1.0,0.0,0.0,177,0,175,0,2,0,177,0,3,0,2,2,2,0,0,0,2,0,41,512,97,1,0,0,6,208,0,5,0,6,1,0,0,2,153,1025,0
/Users/kaiohs/Downloads/codes/lab02-experimentacao-software/data/repos/javaparser__javaparser/javaparser-symbol-solver-testing/src/test/resources/recursion-issue/Extends.java,Extends,interface,2,4,2,2,1,1,0,0,0,0.0,NaN,NaN,1,1,1,0,0,0,1,0,0,0,0,0,0,0,0,0,0,0,0,4,0,0,0,0,0,0,0,0,0,0,0,0,0,0,2,1,0
/Users/kaiohs/Downloads/codes/lab02-experimentacao-software/data/repos/javaparser__javaparser/javaparser-core-testing-bdd/src/test/java/com/github/javaparser/steps/ExistenceOfParentNodeVerifier.java,com.github.javaparser.steps.ExistenceOfParentNodeVerifier,class,3,4,1,3,1,2,0,1,0,0.0,NaN,NaN,1,0,1,0,0,0,1,0,0,0,0,0,0,0,0,0,0,0,0,338,0,0,0,0,0,0,0,0,0,0,0,0,1,0,23,0,0
/Users/kaiohs/Downloads/codes/lab02-experimentacao-software/data/repos/javaparser__javaparser/javaparser-core-testing/src/test/java/com/github/javaparser/ast/validator/Java24ValidatorTest.java,com.github.javaparser.ast.validator.Java24ValidatorTest,class,7,7,0,7,6,1,0,4,0,0.0,0.0,0.0,6,0,0,0,0,6,6,0,0,0,1,0,0,1,0,0,1,0,6,27,0,0,0,0,0,6,0,7,0,7,0,0,0,0,46,0,0
/Users/kaiohs/Downloads/codes/lab02-experimentacao-software/data/repos/javaparser__javaparser/javaparser-core/src/main/java/com/github/javaparser/ast/validator/postprocessors/Java13PostProcessor.java,com.github.javaparser.ast.validator.postprocessors.Java13PostProcessor,class,1,2,1,1,0,5,1,0,0,0.0,-1.0,-1.0,0,0,0,0,0,0,0,0,0,0,0,0,0,0,0,0,0,0,0,2,0,0,0,0,0,0,0,0,0,0,0,0,0,0,15,1,0
/Users/kaiohs/Downloads/codes/lab02-experimentacao-software/data/repos/javaparser__javaparser/javaparser-symbol-solver-testing/src/test/test_sourcecode/javasymbolsolver_0_6_0/src/java-symbol-solver-model/com/github/javaparser/symbolsolver/model/typesystem/ReferenceType.java,com.github.javaparser.symbolsolver.model.typesystem.ReferenceType,class,19,67,48,19,94,1,1,105,0,0.53535354,0.0,0.0,33,1,27,1,5,0,32,4,4,0,3,0,0,0,3,0,0,0,20,271,52,8,9,0,0,17,8,37,3,42,5,0,0,10,180,1025,0
/Users/kaiohs/Downloads/codes/lab02-experimentacao-software/data/repos/javaparser__javaparser/javaparser-core/src/main/java/com/github/javaparser/utils/TypeUtils.java,com.github.javaparser.utils.TypeUtils,class,4,7,3,4,9,1,0,20,3,0.0,0.0,0.0,3,3,2,1,0,0,2,0,0,0,0,0,0,0,0,0,0,0,3,38,4,2,2,0,0,8,0,7,0,6,1,0,0,2,26,1,0
/Users/kaiohs/Downloads/codes/lab02-experimentacao-software/data/repos/javaparser__javaparser/javaparser-core-testing/src/test/test_sourcecode/com/github/javaparser/printer/JavaConceptsEnums.java,japa.bdd.samples.JavaConceptsEnums$Sexo$Sexo_,enum,0,0,0,0,0,1,0,0,0,0.0,-1.0,-1.0,0,0,0,0,0,0,0,0,0,0,0,0,0,0,0,0,0,0,0,1,0,0,0,0,0,0,0,0,0,0,0,0,0,0,4,1,0
/Users/kaiohs/Downloads/codes/lab02-experimentacao-software/data/repos/javaparser__javaparser/javaparser-symbol-solver-testing/src/test/resources/issue4450/a/RefCycleClassFailure.java,a.RefCycleClassFailure,class,0,0,0,0,1,1,0,1,0,0.0,NaN,NaN,1,0,1,0,0,0,1,0,0,0,0,0,0,0,0,0,0,0,0,5,0,0,0,0,0,0,0,0,0,0,0,0,0,0,6,1,0
/Users/kaiohs/Downloads/codes/lab02-experimentacao-software/data/repos/javaparser__javaparser/javaparser-symbol-solver-core/src/main/java/com/github/javaparser/symbolsolver/javaparsermodel/contexts/AnnotationDeclarationContext.java,com.github.javaparser.symbolsolver.javaparsermodel.contexts.AnnotationDeclarationContext,class,11,13,2,11,7,2,0,7,4,0.4,0.0,0.0,5,0,4,1,0,0,4,0,0,0,1,0,0,1,0,0,0,0,1,23,5,0,1,0,0,0,0,1,0,1,1,0,0,0,30,1,0
/Users/kaiohs/Downloads/codes/lab02-experimentacao-software/data/repos/javaparser__javaparser/javaparser-symbol-solver-testing/src/test/test_sourcecode/javasymbolsolver_0_6_0/src/java-symbol-solver-model/com/github/javaparser/symbolsolver/model/declarations/TypeDeclaration.java,com.github.javaparser.symbolsolver.model.declarations.TypeDeclaration,interface,8,56,48,8,20,1,0,12,171,0.0,0.0,0.0,19,0,0,0,0,19,19,0,0,0,0,0,0,0,0,0,0,0,6,56,10,0,1,0,0,8,0,2,2,4,1,0,0,3,87,1,0
/Users/kaiohs/Downloads/codes/lab02-experimentacao-software/data/repos/javaparser__javaparser/javaparser-core/src/main/java/com/github/javaparser/metamodel/ConditionalExprMetaModel.java,com.github.javaparser.metamodel.ConditionalExprMetaModel,class,5,7,2,5,1,4,0,0,0,0.0,NaN,NaN,1,0,0,0,0,1,1,0,0,0,3,0,3,0,0,0,0,0,0,8,0,0,0,0,0,4,0,0,0,3,0,0,0,0,39,1,0
/Users/kaiohs/Downloads/codes/lab02-experimentacao-software/data/repos/javaparser__javaparser/javaparser-symbol-solver-core/src/main/java/com/github/javaparser/symbolsolver/javassistmodel/JavassistTypeDeclarationAdapter.java,com.github.javaparser.symbolsolver.javassistmodel.JavassistTypeDeclarationAdapter,class,24,37,7,30,51,1,0,71,12,0.6625,0.0,0.0,16,0,13,3,0,0,14,0,1,0,5,2,0,5,0,0,1,0,24,182,25,4,8,11,5,4,3,19,0,29,5,0,0,12,117,1,0
/Users/kaiohs/Downloads/codes/lab02-experimentacao-software/data/repos/javaparser__javaparser/javaparser-core/src/main/java/com/github/javaparser/LineEndingProcessingProvider.java,com.github.javaparser.LineEndingProcessingProvider,class,4,6,2,4,18,1,0,14,8,0.6964286,0.0,0.0,8,0,5,3,0,0,5,0,0,0,7,2,0,7,0,0,5,0,3,75,7,2,4,0,0,0,16,21,4,16,4,0,0,0,83,1,0
/Users/kaiohs/Downloads/codes/lab02-experimentacao-software/data/repos/javaparser__javaparser/javaparser-symbol-solver-testing/src/test/java/com/github/javaparser/symbolsolver/reflectionmodel/ReflectionClassDeclarationTest.java,com.github.javaparser.symbolsolver.reflectionmodel.ReflectionClassDeclarationTest$2Foo,innerclass,1,1,0,1,0,1,0,0,0,NaN,-1.0,-1.0,0,0,0,0,0,0,0,0,0,0,1,0,0,0,0,1,0,0,0,3,0,0,0,0,0,0,0,0,0,1,0,0,0,0,2,0,0
/Users/kaiohs/Downloads/codes/lab02-experimentacao-software/data/repos/javaparser__javaparser/javaparser-symbol-solver-testing/src/test/test_sourcecode/javasymbolsolver_0_6_0/src/java-symbol-solver-model/com/github/javaparser/symbolsolver/model/typesystem/Wildcard.java,com.github.javaparser.symbolsolver.model.typesystem.Wildcard$BoundType,enum,0,0,0,0,0,1,0,0,0,0.0,-1.0,-1.0,0,0,0,0,0,0,0,0,0,0,0,0,0,0,0,0,0,0,0,1,0,0,0,0,0,0,0,0,0,0,0,0,0,0,9,1,0
/Users/kaiohs/Downloads/codes/lab02-experimentacao-software/data/repos/javaparser__javaparser/javaparser-core-testing/src/test/java/com/github/javaparser/metamodel/BaseNodeMetaModelTest.java,com.github.javaparser.metamodel.BaseNodeMetaModelTest,class,2,2,0,2,1,1,0,2,0,0.0,NaN,NaN,1,0,0,0,0,1,1,0,0,0,0,0,0,0,0,0,0,0,0,6,0,0,0,0,0,1,0,1,0,1,0,0,0,0,9,0,0
/Users/kaiohs/Downloads/codes/lab02-experimentacao-software/data/repos/javaparser__javaparser/javaparser-symbol-solver-testing/src/test/java/com/github/javaparser/symbolsolver/resolution/CompilationUnitContextResolutionTest.java,com.github.javaparser.symbolsolver.resolution.CompilationUnitContextResolutionTest,class,11,11,0,11,6,3,0,12,15,0.0,0.0,0.0,6,0,0,0,0,6,6,0,0,0,0,0,0,0,0,0,0,0,10,46,0,0,0,0,0,24,0,19,0,15,0,0,0,0,58,0,0
/Users/kaiohs/Downloads/codes/lab02-experimentacao-software/data/repos/javaparser__javaparser/javaparser-core-testing/src/test/java/com/github/javaparser/builders/NodeWithParametersBuildersTest.java,com.github.javaparser.builders.NodeWithParametersBuildersTest,class,5,5,0,5,3,1,0,18,0,0.0,0.0,0.0,3,0,0,0,0,3,3,0,0,0,1,0,0,1,0,0,1,0,0,25,0,0,0,0,0,16,6,7,1,7,0,0,0,0,24,0,0
/Users/kaiohs/Downloads/codes/lab02-experimentacao-software/data/repos/javaparser__javaparser/javaparser-symbol-solver-testing/src/test/java/com/github/javaparser/symbolsolver/resolution/ContextTest.java,com.github.javaparser.symbolsolver.resolution.ContextTest$TypePatternExprTests$TypePatternExprVariableDeclarationTests,innerclass,12,12,0,12,5,1,0,16,10,0.0,0.0,0.0,5,0,0,0,0,5,5,0,0,0,0,0,0,0,0,0,0,0,0,77,0,0,0,0,0,54,12,41,3,39,0,0,0,0,73,0,0
/Users/kaiohs/Downloads/codes/lab02-experimentacao-software/data/repos/javaparser__javaparser/javaparser-core/src/main/java/com/github/javaparser/ast/nodeTypes/NodeWithAnnotations.java,com.github.javaparser.ast.nodeTypes.NodeWithAnnotations,interface,11,44,30,14,20,1,0,23,190,0.0,0.0,0.0,20,0,0,0,0,20,20,0,0,0,0,0,0,0,0,0,0,0,5,70,17,0,0,0,0,6,0,4,0,6,0,0,0,2,72,1,0
/Users/kaiohs/Downloads/codes/lab02-experimentacao-software/data/repos/javaparser__javaparser/javaparser-core-testing/src/test/java/com/github/javaparser/ast/validator/Java15PreviewValidatorTest.java,com.github.javaparser.ast.validator.Java15PreviewValidatorTest$Record,innerclass,1,1,0,1,0,1,0,0,0,0.0,-1.0,-1.0,0,0,0,0,0,0,0,0,0,0,0,0,0,0,0,0,0,0,0,38,0,0,0,0,0,0,0,0,0,0,0,0,3,0,24,0,0
/Users/kaiohs/Downloads/codes/lab02-experimentacao-software/data/repos/javaparser__javaparser/javaparser-core/src/main/java/com/github/javaparser/ast/comments/JavadocComment.java,com.github.javaparser.ast.comments.JavadocComment,class,11,46,31,15,10,3,2,7,45,0.0,0.0,0.0,10,0,10,0,0,0,10,0,0,0,0,0,0,0,0,0,0,0,2,33,6,0,0,0,0,8,0,0,0,0,0,0,0,0,30,1025,0
/Users/kaiohs/Downloads/codes/lab02-experimentacao-software/data/repos/javaparser__javaparser/javaparser-core/src/main/java/com/github/javaparser/resolution/MethodAmbiguityException.java,com.github.javaparser.resolution.MethodAmbiguityException,class,0,2,2,0,1,4,0,0,0,0.0,NaN,NaN,1,0,1,0,0,0,1,0,0,0,0,0,0,0,0,0,0,0,0,5,0,0,0,0,0,0,0,0,0,0,0,0,0,0,29,1,0
/Users/kaiohs/Downloads/codes/lab02-experimentacao-software/data/repos/javaparser__javaparser/javaparser-core/src/main/java/com/github/javaparser/metamodel/VariableDeclarationExprMetaModel.java,com.github.javaparser.metamodel.VariableDeclarationExprMetaModel,class,5,7,2,5,1,4,0,0,0,0.0,NaN,NaN,1,0,0,0,0,1,1,0,0,0,4,0,4,0,0,0,0,0,0,9,0,0,0,0,0,4,0,0,0,4,0,0,0,0,42,1,0
/Users/kaiohs/Downloads/codes/lab02-experimentacao-software/data/repos/javaparser__javaparser/javaparser-symbol-solver-testing/src/test/java/com/github/javaparser/symbolsolver/resolution/FieldAccessExprResolutionTest.java,com.github.javaparser.symbolsolver.resolution.FieldAccessExprResolutionTest,class,9,9,0,9,5,3,0,10,10,0.0,0.0,0.0,5,0,0,0,0,5,5,0,0,0,0,0,0,0,0,0,0,0,0,37,0,0,0,0,0,20,0,20,0,20,0,0,0,0,48,0,0
/Users/kaiohs/Downloads/codes/lab02-experimentacao-software/data/repos/javaparser__javaparser/javaparser-symbol-solver-testing/src/test/test_sourcecode/javasymbolsolver_0_6_0/src/java-symbol-solver-model/com/github/javaparser/symbolsolver/model/typesystem/PrimitiveType.java,com.github.javaparser.symbolsolver.model.typesystem.PrimitiveType,class,4,14,10,4,19,1,0,21,37,0.92424244,0.0,0.0,11,1,10,1,0,0,10,0,0,0,12,9,9,3,0,0,9,0,0,74,15,2,1,0,0,11,0,13,3,12,3,0,0,0,47,1,0
/Users/kaiohs/Downloads/codes/lab02-experimentacao-software/data/repos/javaparser__javaparser/javaparser-symbol-solver-testing/src/test/java/com/github/javaparser/symbolsolver/Issue1370Test.java,com.github.javaparser.symbolsolver.Issue1370Test$Anonymous1,anonymous,1,1,0,1,2,1,0,4,0,0.0,NaN,NaN,1,0,1,0,0,0,1,0,0,0,0,0,0,0,0,0,0,0,0,11,0,0,0,1,0,1,0,0,0,0,1,0,0,0,11,-1,0
/Users/kaiohs/Downloads/codes/lab02-experimentacao-software/data/repos/javaparser__javaparser/javaparser-core-testing/src/test/java/com/github/javaparser/ast/validator/Java15ValidatorTest.java,com.github.javaparser.ast.validator.Java15ValidatorTest$Record$RecordAsIdentifierPermitted,innerclass,5,5,0,5,2,1,0,3,1,0.0,0.0,0.0,2,0,0,0,0,2,2,0,0,0,0,0,0,0,0,0,0,0,2,12,0,0,0,0,0,2,0,4,0,4,0,0,0,0,12,0,0
/Users/kaiohs/Downloads/codes/lab02-experimentacao-software/data/repos/javaparser__javaparser/javaparser-symbol-solver-testing/src/test/java/com/github/javaparser/symbolsolver/javaparsermodel/declarations/JavaParserEnumDeclarationTest.java,com.github.javaparser.symbolsolver.javaparsermodel.declarations.JavaParserEnumDeclarationTest,class,35,35,0,35,41,3,0,85,0,0.2,0.0,0.0,40,0,4,0,0,36,40,0,0,0,1,0,0,1,0,0,0,0,15,423,3,0,0,0,0,339,106,136,3,82,1,0,0,7,154,0,0
/Users/kaiohs/Downloads/codes/lab02-experimentacao-software/data/repos/javaparser__javaparser/javaparser-core-testing/src/test/java/com/github/javaparser/ProblemTest.java,com.github.javaparser.ProblemTest,class,3,3,0,3,3,1,0,7,3,0.0,0.0,0.0,3,0,0,0,0,3,3,0,0,0,0,0,0,0,0,0,0,0,1,16,0,0,0,0,0,6,0,3,0,3,0,0,0,0,17,0,0
/Users/kaiohs/Downloads/codes/lab02-experimentacao-software/data/repos/javaparser__javaparser/javaparser-symbol-solver-testing/src/test/java/com/github/javaparser/symbolsolver/Issue2065Test.java,com.github.javaparser.symbolsolver.Issue2065Test,class,7,7,0,7,3,3,0,9,0,0.0,NaN,NaN,1,0,0,0,0,1,1,0,0,0,0,0,0,0,0,0,0,0,0,15,0,1,0,0,0,9,0,4,1,4,2,0,0,0,27,1,0
/Users/kaiohs/Downloads/codes/lab02-experimentacao-software/data/repos/javaparser__javaparser/javaparser-symbol-solver-testing/src/test/resources/recursion-issue/Usage.java,Usage,class,1,1,0,1,1,1,0,1,0,0.0,NaN,NaN,1,0,0,0,0,1,1,0,0,0,0,0,0,0,0,0,0,0,1,5,0,0,0,0,0,0,0,0,0,0,0,0,0,0,2,0,0
/Users/kaiohs/Downloads/codes/lab02-experimentacao-software/data/repos/javaparser__javaparser/javaparser-symbol-solver-testing/src/test/test_sourcecode/javaparser_src/proper_source/com/github/javaparser/ast/body/AnnotableNode.java,com.github.javaparser.ast.body.AnnotableNode,interface,1,3,2,1,1,1,0,0,0,0.0,NaN,NaN,1,0,1,0,0,0,1,0,0,0,0,0,0,0,0,0,0,0,0,3,0,0,0,0,0,0,0,0,0,0,0,0,0,0,15,1,0
/Users/kaiohs/Downloads/codes/lab02-experimentacao-software/data/repos/javaparser__javaparser/javaparser-symbol-solver-testing/src/test/resources/issue1518/Test1.java,Test1,class,0,0,0,0,0,1,0,0,0,0.0,-1.0,-1.0,0,0,0,0,0,0,0,0,0,0,0,0,0,0,0,0,0,0,0,6,0,0,0,0,0,0,0,0,0,0,0,0,2,0,1,1,0
/Users/kaiohs/Downloads/codes/lab02-experimentacao-software/data/repos/javaparser__javaparser/javaparser-symbol-solver-testing/src/test/java/com/github/javaparser/symbolsolver/Issue4568Test.java,com.github.javaparser.symbolsolver.Issue4568Test,class,10,10,0,10,3,3,0,15,0,0.0,NaN,NaN,1,0,0,0,0,1,1,0,0,0,0,0,0,0,0,0,0,0,0,17,0,1,0,0,0,25,0,7,1,7,2,0,0,0,43,1,0
/Users/kaiohs/Downloads/codes/lab02-experimentacao-software/data/repos/javaparser__javaparser/javaparser-core-testing/src/test/test_sourcecode/com/github/javaparser/printer/JavaConceptsMethods.java,japa.bdd.samples.JavaConceptsMethods$A,innerclass,2,2,0,2,1,1,0,0,0,0.0,NaN,NaN,1,0,1,0,0,0,1,0,0,0,0,0,0,0,0,0,0,0,0,4,0,0,0,0,0,0,0,0,0,0,0,0,0,0,9,0,0
/Users/kaiohs/Downloads/codes/lab02-experimentacao-software/data/repos/javaparser__javaparser/javaparser-core/src/main/java/com/github/javaparser/ast/validator/language_level_validations/Java6Validator.java,com.github.javaparser.ast.validator.language_level_validations.Java6Validator,class,1,2,1,1,1,8,1,0,0,0.0,NaN,NaN,1,0,1,0,0,0,1,0,0,0,0,0,0,0,0,0,0,0,0,5,0,0,0,0,0,0,0,0,0,0,0,0,0,0,10,1,0
/Users/kaiohs/Downloads/codes/lab02-experimentacao-software/data/repos/javaparser__javaparser/javaparser-core/src/main/java/com/github/javaparser/printer/configuration/Indentation.java,com.github.javaparser.printer.configuration.Indentation$IndentType,enum,0,0,0,0,3,1,0,0,0,0.33333334,0.0,0.0,3,0,2,1,0,0,2,0,0,0,2,0,0,2,0,0,0,0,0,16,2,0,0,0,0,0,3,2,0,2,0,0,0,0,51,1,0
/Users/kaiohs/Downloads/codes/lab02-experimentacao-software/data/repos/javaparser__javaparser/javaparser-core/src/main/java/com/github/javaparser/metamodel/AnnotationExprMetaModel.java,com.github.javaparser.metamodel.AnnotationExprMetaModel,class,5,10,5,5,2,4,3,0,1,0.5,0.0,0.0,2,0,0,0,1,1,2,0,0,0,1,0,1,0,0,0,0,0,0,9,0,0,0,0,0,5,0,0,0,1,0,0,0,0,39,1,0
/Users/kaiohs/Downloads/codes/lab02-experimentacao-software/data/repos/javaparser__javaparser/javaparser-core/src/main/java/com/github/javaparser/metamodel/BlockStmtMetaModel.java,com.github.javaparser.metamodel.BlockStmtMetaModel,class,5,7,2,5,1,4,0,0,0,0.0,NaN,NaN,1,0,0,0,0,1,1,0,0,0,1,0,1,0,0,0,0,0,0,6,0,0,0,0,0,4,0,0,0,1,0,0,0,0,37,1,0
/Users/kaiohs/Downloads/codes/lab02-experimentacao-software/data/repos/javaparser__javaparser/javaparser-core-testing/src/test/java/com/github/javaparser/Issue3064Test.java,com.github.javaparser.Issue3064Test,class,4,4,0,4,2,1,0,11,1,0.0,0.0,0.0,2,0,2,0,0,0,2,0,0,0,0,0,0,0,0,0,0,0,0,15,0,0,0,0,0,18,0,6,2,7,0,0,0,2,28,1,0
/Users/kaiohs/Downloads/codes/lab02-experimentacao-software/data/repos/javaparser__javaparser/javaparser-core/src/main/java/com/github/javaparser/utils/VisitorList.java,com.github.javaparser.utils.VisitorList,class,6,10,4,6,37,1,0,32,58,0.73333335,0.0,0.0,25,0,25,0,0,0,25,0,0,0,3,0,0,0,3,0,2,0,2,169,25,5,3,0,0,4,3,9,2,9,2,3,1,2,62,1,0
/Users/kaiohs/Downloads/codes/lab02-experimentacao-software/data/repos/javaparser__javaparser/javaparser-core/src/main/java/com/github/javaparser/ast/body/ReceiverParameter.java,com.github.javaparser.ast.body.ReceiverParameter,class,19,42,23,19,31,2,0,21,48,0.60784316,0.0,0.0,17,0,17,0,0,0,17,0,0,0,3,0,0,3,0,0,0,0,0,110,20,2,12,0,0,13,2,5,0,5,2,0,0,0,104,1,0
/Users/kaiohs/Downloads/codes/lab02-experimentacao-software/data/repos/javaparser__javaparser/javaparser-core-testing/src/test/java/com/github/javaparser/printer/YamlPrinterTest.java,com.github.javaparser.printer.YamlPrinterTest,class,6,7,1,6,6,1,0,7,15,0.0,0.0,0.0,6,0,0,1,0,5,5,0,0,0,0,0,0,0,0,0,0,0,6,36,1,0,0,0,0,13,0,16,1,16,0,0,0,0,46,0,0
/Users/kaiohs/Downloads/codes/lab02-experimentacao-software/data/repos/javaparser__javaparser/javaparser-symbol-solver-testing/src/test/java/com/github/javaparser/symbolsolver/reflectionmodel/ReflectionClassDeclarationTest.java,com.github.javaparser.symbolsolver.reflectionmodel.ReflectionClassDeclarationTest$2Bar,innerclass,0,0,0,0,0,1,0,0,0,0.0,-1.0,-1.0,0,0,0,0,0,0,0,0,0,0,0,0,0,0,0,0,0,0,0,2,0,0,0,0,0,0,0,0,0,0,0,0,0,0,1,0,0
/Users/kaiohs/Downloads/codes/lab02-experimentacao-software/data/repos/javaparser__javaparser/javaparser-symbol-solver-core/src/main/java/com/github/javaparser/symbolsolver/resolution/typeinference/ConstraintFormulaSet.java,com.github.javaparser.symbolsolver.resolution.typeinference.ConstraintFormulaSet,class,5,8,3,5,6,1,0,10,0,0.4,0.0,0.0,5,1,4,1,0,0,4,0,0,0,2,1,0,2,0,0,1,0,1,30,4,1,0,0,0,0,2,7,0,7,1,0,0,0,69,1,0
/Users/kaiohs/Downloads/codes/lab02-experimentacao-software/data/repos/javaparser__javaparser/javaparser-core/src/main/java/com/github/javaparser/utils/VisitorList.java,com.github.javaparser.utils.VisitorList$EqualsHashcodeOverridingFacade,innerclass,8,8,0,8,7,1,0,1,4,0.4,0.0,0.0,5,0,4,0,0,1,5,0,1,0,1,0,0,1,0,0,1,0,0,21,3,0,1,0,2,0,0,1,0,1,1,0,0,0,20,2,0
/Users/kaiohs/Downloads/codes/lab02-experimentacao-software/data/repos/javaparser__javaparser/javaparser-core/src/main/java/com/github/javaparser/printer/lexicalpreservation/PhantomNodeLogic.java,com.github.javaparser.printer.lexicalpreservation.PhantomNodeLogic$Anonymous1,anonymous,1,1,0,1,1,1,0,1,0,0.0,NaN,NaN,1,0,1,0,0,0,1,0,0,0,0,0,0,0,0,0,0,0,0,5,0,0,0,0,0,0,0,0,0,0,0,0,0,0,6,-1,0
/Users/kaiohs/Downloads/codes/lab02-experimentacao-software/data/repos/javaparser__javaparser/javaparser-core/src/main/java/com/github/javaparser/ast/expr/SwitchExpr.java,com.github.javaparser.ast.expr.SwitchExpr,class,16,39,23,16,29,3,0,22,109,0.6944444,0.0,0.0,18,0,18,0,0,0,18,0,0,0,2,0,0,2,0,0,0,0,1,99,20,2,9,0,0,15,2,4,0,4,2,0,0,0,80,1,0
/Users/kaiohs/Downloads/codes/lab02-experimentacao-software/data/repos/javaparser__javaparser/javaparser-core/src/main/java/com/github/javaparser/ast/observer/Observable.java,com.github.javaparser.ast.observer.Observable,interface,1,3,2,1,3,1,0,0,3,0.0,0.0,0.0,3,0,0,0,0,3,3,0,0,0,0,0,0,0,0,0,0,0,0,5,0,0,0,0,0,0,0,0,0,0,0,0,0,0,27,1,0
/Users/kaiohs/Downloads/codes/lab02-experimentacao-software/data/repos/javaparser__javaparser/javaparser-core/src/main/java/com/github/javaparser/printer/lexicalpreservation/changes/ListRemovalChange.java,com.github.javaparser.printer.lexicalpreservation.changes.ListRemovalChange,class,7,9,2,7,9,1,0,16,9,0.5833334,0.0,0.0,6,0,3,3,0,0,3,0,0,0,2,0,0,2,0,0,2,0,0,38,6,0,1,0,3,1,0,7,1,8,2,0,0,2,38,1,0
/Users/kaiohs/Downloads/codes/lab02-experimentacao-software/data/repos/javaparser__javaparser/javaparser-symbol-solver-testing/src/test/java/com/github/javaparser/resolution/declarations/ResolvedReferenceTypeDeclarationTest.java,com.github.javaparser.resolution.declarations.ResolvedReferenceTypeDeclarationTest,interface,5,10,5,5,5,1,0,7,10,0.0,0.0,0.0,5,0,0,0,0,5,5,0,0,0,0,0,0,0,0,0,0,0,0,15,0,0,0,0,0,0,0,0,0,0,0,0,0,0,22,1,0
/Users/kaiohs/Downloads/codes/lab02-experimentacao-software/data/repos/javaparser__javaparser/javaparser-core-testing/src/test/java/com/github/javaparser/printer/lexicalpreservation/DifferenceApplyKeptRulesCompleteTest.java,com.github.javaparser.printer.lexicalpreservation.DifferenceApplyKeptRulesCompleteTest,class,7,8,1,7,18,2,0,17,153,0.0,0.0,0.0,18,0,0,1,0,17,17,0,0,0,0,0,0,0,0,0,0,0,0,130,1,0,0,0,0,154,19,34,26,37,0,0,0,3,131,0,0
/Users/kaiohs/Downloads/codes/lab02-experimentacao-software/data/repos/javaparser__javaparser/javaparser-symbol-solver-testing/src/test/resources/issue2823/ClassA.java,ClassA,class,1,1,0,1,0,1,0,0,0,NaN,-1.0,-1.0,0,0,0,0,0,0,0,0,0,0,1,0,1,0,0,0,0,0,0,3,0,0,0,0,0,0,0,0,0,1,0,0,0,0,4,1,0
/Users/kaiohs/Downloads/codes/lab02-experimentacao-software/data/repos/javaparser__javaparser/javaparser-symbol-solver-testing/src/test/resources/issue2823/ClassB.java,ClassB,class,0,1,1,0,0,1,0,0,0,NaN,-1.0,-1.0,0,0,0,0,0,0,0,0,0,0,1,0,1,0,0,0,0,0,0,3,0,0,0,0,0,0,0,0,0,1,0,0,0,0,4,1,0
/Users/kaiohs/Downloads/codes/lab02-experimentacao-software/data/repos/javaparser__javaparser/javaparser-core/src/main/java/com/github/javaparser/metamodel/MarkerAnnotationExprMetaModel.java,com.github.javaparser.metamodel.MarkerAnnotationExprMetaModel,class,4,6,2,4,1,5,0,0,0,0.0,NaN,NaN,1,0,0,0,0,1,1,0,0,0,0,0,0,0,0,0,0,0,0,5,0,0,0,0,0,4,0,0,0,0,0,0,0,0,35,1,0
/Users/kaiohs/Downloads/codes/lab02-experimentacao-software/data/repos/javaparser__javaparser/javaparser-core/src/main/java/com/github/javaparser/Range.java,com.github.javaparser.Range,class,2,15,13,2,29,1,0,12,0,0.09090909,0.0,0.0,22,2,22,0,0,0,22,0,0,0,2,0,2,0,0,0,2,0,6,90,24,0,5,0,5,3,2,8,5,6,1,0,0,0,133,1,0
/Users/kaiohs/Downloads/codes/lab02-experimentacao-software/data/repos/javaparser__javaparser/javaparser-symbol-solver-testing/src/test/java/com/github/javaparser/symbolsolver/resolution/AnonymousClassesResolutionTest.java,com.github.javaparser.symbolsolver.resolution.AnonymousClassesResolutionTest$Anonymous1,anonymous,1,1,0,1,1,1,0,4,0,0.0,NaN,NaN,1,0,1,0,0,0,1,0,0,0,0,0,0,0,0,0,0,0,0,5,0,0,0,0,0,0,0,0,0,0,0,0,0,0,6,-1,0
/Users/kaiohs/Downloads/codes/lab02-experimentacao-software/data/repos/javaparser__javaparser/javaparser-core/src/main/java/com/github/javaparser/printer/DotPrinter.java,com.github.javaparser.printer.DotPrinter,class,6,7,1,6,14,1,0,21,6,0.6,0.0,0.0,5,1,3,2,0,0,3,0,0,0,2,0,0,2,0,0,1,0,9,52,3,4,3,0,1,22,3,14,10,14,3,0,0,0,44,1,0
/Users/kaiohs/Downloads/codes/lab02-experimentacao-software/data/repos/javaparser__javaparser/javaparser-core/src/main/java/com/github/javaparser/ast/validator/postprocessors/Java11PostProcessor.java,com.github.javaparser.ast.validator.postprocessors.Java11PostProcessor,class,1,2,1,1,0,3,1,0,0,0.0,-1.0,-1.0,0,0,0,0,0,0,0,0,0,0,0,0,0,0,0,0,0,0,0,2,0,0,0,0,0,0,0,0,0,0,0,0,0,0,15,1,0
/Users/kaiohs/Downloads/codes/lab02-experimentacao-software/data/repos/javaparser__javaparser/javaparser-symbol-solver-testing/src/test/java/com/github/javaparser/symbolsolver/Issue1370Test.java,com.github.javaparser.symbolsolver.Issue1370Test,class,4,4,0,4,1,1,0,5,0,0.0,NaN,NaN,1,0,1,0,0,0,1,0,0,0,0,0,0,0,0,0,0,0,2,18,0,0,0,0,0,12,0,2,0,2,0,1,0,0,31,1,0
/Users/kaiohs/Downloads/codes/lab02-experimentacao-software/data/repos/javaparser__javaparser/javaparser-symbol-solver-testing/src/test/java/com/github/javaparser/symbolsolver/javassistmodel/JavassistTypeDeclarationAdapterTest.java,com.github.javaparser.symbolsolver.javassistmodel.JavassistTypeDeclarationAdapterTest$GetAncestorsProvider,innerclass,2,2,0,2,1,1,0,4,0,0.0,NaN,NaN,1,0,1,0,0,0,1,0,0,0,0,0,0,0,0,0,0,0,5,5,1,0,0,0,0,14,0,0,0,0,0,0,0,0,16,8,0
/Users/kaiohs/Downloads/codes/lab02-experimentacao-software/data/repos/javaparser__javaparser/javaparser-core/src/main/java/com/github/javaparser/metamodel/SwitchEntryMetaModel.java,com.github.javaparser.metamodel.SwitchEntryMetaModel,class,5,7,2,5,1,3,0,0,0,0.0,NaN,NaN,1,0,0,0,0,1,1,0,0,0,6,0,6,0,0,0,0,0,0,11,0,0,0,0,0,4,0,0,0,6,0,0,0,0,43,1,0
/Users/kaiohs/Downloads/codes/lab02-experimentacao-software/data/repos/javaparser__javaparser/javaparser-core-testing/src/test/java/com/github/javaparser/ast/validator/Java17ValidatorTest.java,com.github.javaparser.ast.validator.Java17ValidatorTest$Sealed,innerclass,5,5,0,5,2,1,0,3,1,0.0,0.0,0.0,2,0,0,0,0,2,2,0,0,0,0,0,0,0,0,0,0,0,2,10,0,0,0,0,0,2,0,2,0,2,0,0,0,0,8,0,0
/Users/kaiohs/Downloads/codes/lab02-experimentacao-software/data/repos/javaparser__javaparser/javaparser-core/src/main/java/com/github/javaparser/printer/lexicalpreservation/TypeOwnerStrategy.java,com.github.javaparser.printer.lexicalpreservation.TypeOwnerStrategy,class,22,24,2,22,55,1,0,23,55,0.0,NaN,NaN,11,0,1,10,0,0,1,0,0,0,0,0,0,0,0,0,0,0,26,153,35,4,5,0,0,0,0,19,0,16,2,0,0,6,141,0,0
/Users/kaiohs/Downloads/codes/lab02-experimentacao-software/data/repos/javaparser__javaparser/javaparser-core/src/main/java/com/github/javaparser/metamodel/IfStmtMetaModel.java,com.github.javaparser.metamodel.IfStmtMetaModel,class,5,7,2,5,1,4,0,0,0,0.0,NaN,NaN,1,0,0,0,0,1,1,0,0,0,7,0,7,0,0,0,0,0,0,12,0,0,0,0,0,4,0,0,0,7,0,0,0,0,42,1,0
/Users/kaiohs/Downloads/codes/lab02-experimentacao-software/data/repos/javaparser__javaparser/javaparser-core/src/main/java/com/github/javaparser/resolution/SymbolDeclarator.java,com.github.javaparser.resolution.SymbolDeclarator,interface,1,9,8,1,1,1,0,0,0,0.0,NaN,NaN,1,0,0,0,0,1,1,0,0,0,0,0,0,0,0,0,0,0,0,3,0,0,0,0,0,0,0,0,0,0,0,0,0,0,6,1,0
/Users/kaiohs/Downloads/codes/lab02-experimentacao-software/data/repos/javaparser__javaparser/javaparser-symbol-solver-testing/src/test/test_sourcecode/javaparser_new_src/javaparser-core/com/github/javaparser/ast/expr/LongLiteralMinValueExpr.java,com.github.javaparser.ast.expr.LongLiteralMinValueExpr,class,6,15,9,6,4,6,0,2,6,0.0,0.0,0.0,4,0,4,0,0,0,4,0,0,0,0,0,0,0,0,0,0,0,0,14,1,0,0,0,0,0,0,0,0,0,0,0,0,0,22,17,0
/Users/kaiohs/Downloads/codes/lab02-experimentacao-software/data/repos/javaparser__javaparser/javaparser-core/src/main/java/com/github/javaparser/ast/modules/ModuleUsesDirective.java,com.github.javaparser.ast.modules.ModuleUsesDirective,class,14,33,19,14,25,3,0,12,141,0.68421054,0.0,0.0,19,0,19,0,0,0,19,0,0,0,1,0,0,1,0,0,0,0,2,85,17,0,6,0,0,17,0,2,0,1,1,0,0,0,56,1,0
/Users/kaiohs/Downloads/codes/lab02-experimentacao-software/data/repos/javaparser__javaparser/javaparser-core/src/main/java/com/github/javaparser/printer/concretesyntaxmodel/CsmTextBlock.java,com.github.javaparser.printer.concretesyntaxmodel.CsmTextBlock,class,5,6,1,5,4,1,0,7,0,0.25,0.0,0.0,4,0,4,0,0,0,4,0,0,0,1,0,0,1,0,0,1,0,1,18,2,0,0,0,0,3,0,1,0,1,0,0,0,0,17,1,0
/Users/kaiohs/Downloads/codes/lab02-experimentacao-software/data/repos/javaparser__javaparser/javaparser-symbol-solver-testing/src/test/java/com/github/javaparser/symbolsolver/model/typesystem/ReferenceTypeTest.java,com.github.javaparser.symbolsolver.model.typesystem.ReferenceTypeTest$Foo,innerclass,0,0,0,0,0,1,0,0,0,0.0,-1.0,-1.0,0,0,0,0,0,0,0,0,0,0,0,0,0,0,0,0,0,0,0,2,0,0,0,0,0,0,0,0,0,0,0,0,0,0,1,0,0
/Users/kaiohs/Downloads/codes/lab02-experimentacao-software/data/repos/javaparser__javaparser/javaparser-core/src/main/java/com/github/javaparser/ast/validator/postprocessors/Java19PostProcessor.java,com.github.javaparser.ast.validator.postprocessors.Java19PostProcessor,class,1,2,1,1,0,11,1,0,0,0.0,-1.0,-1.0,0,0,0,0,0,0,0,0,0,0,0,0,0,0,0,0,0,0,0,2,0,0,0,0,0,0,0,0,0,0,0,0,0,0,15,1,0
/Users/kaiohs/Downloads/codes/lab02-experimentacao-software/data/repos/javaparser__javaparser/javaparser-symbol-solver-testing/src/test/test_sourcecode/javasymbolsolver_0_6_0/src/java-symbol-solver-model/com/github/javaparser/symbolsolver/model/typesystem/NullType.java,com.github.javaparser.symbolsolver.model.typesystem.NullType,class,2,8,6,2,8,1,0,0,28,1.0,0.0,0.0,8,0,7,1,0,0,7,0,0,0,1,1,1,0,0,0,1,0,0,26,6,0,0,0,0,2,0,1,0,1,0,0,0,0,43,1,0
/Users/kaiohs/Downloads/codes/lab02-experimentacao-software/data/repos/javaparser__javaparser/javaparser-core-testing/src/test/java/com/github/javaparser/ast/body/TypeDeclarationTest.java,com.github.javaparser.ast.body.TypeDeclarationTest,class,11,12,1,11,11,1,0,35,55,0.0,0.0,0.0,11,0,0,0,0,11,11,0,0,0,0,0,0,0,0,0,0,0,11,55,0,0,0,0,0,32,9,6,1,8,0,0,0,2,86,0,0
/Users/kaiohs/Downloads/codes/lab02-experimentacao-software/data/repos/javaparser__javaparser/javaparser-symbol-solver-core/src/main/java/com/github/javaparser/symbolsolver/javassistmodel/JavassistMethodDeclaration.java,com.github.javaparser.symbolsolver.javassistmodel.JavassistMethodDeclaration,class,16,39,7,32,20,1,0,18,72,0.6833334,0.0,0.0,20,0,20,0,0,0,20,0,0,0,3,0,0,3,0,0,1,0,4,67,18,0,0,0,0,2,0,3,2,3,0,0,0,0,58,1,0
/Users/kaiohs/Downloads/codes/lab02-experimentacao-software/data/repos/javaparser__javaparser/javaparser-symbol-solver-testing/src/test/java/com/github/javaparser/symbolsolver/resolution/javaparser/VarTypeTest.java,com.github.javaparser.symbolsolver.resolution.javaparser.VarTypeTest,class,11,11,0,11,4,1,0,10,0,0.375,0.0,0.0,4,0,0,0,0,4,4,0,0,0,2,0,0,2,0,0,2,0,0,32,0,0,0,0,0,4,0,12,0,12,1,0,0,2,39,0,0
/Users/kaiohs/Downloads/codes/lab02-experimentacao-software/data/repos/javaparser__javaparser/javaparser-core/src/main/java/com/github/javaparser/ParseResult.java,com.github.javaparser.ParseResult,class,4,87,81,6,15,1,0,13,15,0.6750001,0.0,0.0,10,0,10,0,0,0,10,0,0,0,4,0,0,4,0,0,3,0,3,52,9,1,2,0,0,4,0,5,0,5,1,0,0,0,112,1,0
/Users/kaiohs/Downloads/codes/lab02-experimentacao-software/data/repos/javaparser__javaparser/javaparser-core/src/main/java/com/github/javaparser/ast/validator/language_level_validations/Java1_2Validator.java,com.github.javaparser.ast.validator.language_level_validations.Java1_2Validator,class,5,6,1,5,1,4,1,2,0,0.0,NaN,NaN,1,0,1,0,0,0,1,0,0,0,2,0,0,0,0,2,2,0,0,9,0,0,0,0,0,1,0,2,0,2,0,0,0,0,27,1,0
/Users/kaiohs/Downloads/codes/lab02-experimentacao-software/data/repos/javaparser__javaparser/javaparser-core-testing/src/test/java/com/github/javaparser/ast/validator/Java14ValidatorTest.java,com.github.javaparser.ast.validator.Java14ValidatorTest,class,2,2,0,2,0,1,0,1,0,NaN,-1.0,-1.0,0,0,0,0,0,0,0,0,0,0,1,0,0,1,0,0,1,0,0,54,0,0,0,0,0,0,0,1,0,1,0,0,2,0,11,0,0
/Users/kaiohs/Downloads/codes/lab02-experimentacao-software/data/repos/javaparser__javaparser/javaparser-core/src/main/java/com/github/javaparser/utils/Log.java,com.github.javaparser.utils.Log$Adapter,interface,0,0,0,0,3,1,0,0,3,0.0,0.0,0.0,3,0,0,0,0,3,3,0,0,0,0,0,0,0,0,0,0,0,0,5,0,0,0,0,0,0,0,0,0,0,0,0,0,0,10,1,0
/Users/kaiohs/Downloads/codes/lab02-experimentacao-software/data/repos/javaparser__javaparser/javaparser-symbol-solver-core/src/main/java/com/github/javaparser/symbolsolver/javaparsermodel/declarations/JavaParserInterfaceDeclaration.java,com.github.javaparser.symbolsolver.javaparsermodel.declarations.JavaParserInterfaceDeclaration,class,31,66,9,57,65,2,0,69,195,0.65686274,0.0,0.0,34,0,33,1,0,0,33,0,0,0,3,0,0,3,0,0,0,0,8,223,42,5,9,2,0,5,1,17,4,20,4,1,0,7,152,1,0
/Users/kaiohs/Downloads/codes/lab02-experimentacao-software/data/repos/javaparser__javaparser/javaparser-symbol-solver-testing/src/test/java/com/github/javaparser/symbolsolver/Issue2995Test.java,com.github.javaparser.symbolsolver.Issue2995Test,class,7,7,0,7,1,3,0,10,0,0.0,NaN,NaN,1,0,1,0,0,0,1,0,0,0,0,0,0,0,0,0,0,0,0,13,0,0,0,0,0,13,4,4,1,4,0,0,0,0,25,1,0
/Users/kaiohs/Downloads/codes/lab02-experimentacao-software/data/repos/javaparser__javaparser/javaparser-core-testing/src/test/java/com/github/javaparser/printer/XmlPrinterTest.java,com.github.javaparser.printer.Cleanup,interface,0,1,1,0,1,1,0,0,0,0.0,NaN,NaN,1,0,0,0,0,1,1,0,0,0,0,0,0,0,0,0,0,0,0,3,0,0,0,0,0,0,0,0,0,0,0,0,0,0,3,0,0
/Users/kaiohs/Downloads/codes/lab02-experimentacao-software/data/repos/javaparser__javaparser/javaparser-core-testing/src/test/java/com/github/javaparser/printer/lexicalpreservation/LexicalPreservingPrinterTest.java,com.github.javaparser.printer.lexicalpreservation.LexicalPreservingPrinterTest$AddFooCallModifierVisitor,innerclass,3,3,0,3,1,2,0,0,0,0.0,NaN,NaN,1,0,1,0,0,0,1,0,0,0,0,0,0,0,0,0,0,0,0,5,1,0,0,0,0,1,0,0,0,0,0,0,0,0,11,8,0
/Users/kaiohs/Downloads/codes/lab02-experimentacao-software/data/repos/javaparser__javaparser/javaparser-core-testing/src/test/java/com/github/javaparser/printer/lexicalpreservation/IndentationContextTest.java,com.github.javaparser.printer.lexicalpreservation.IndentationContextTest$GetCurrentTests,innerclass,4,4,0,4,5,1,0,12,10,0.0,0.0,0.0,5,0,0,0,0,5,5,0,0,0,0,0,0,0,0,0,0,0,0,35,0,0,0,0,0,6,5,5,0,5,1,0,0,1,31,0,0
/Users/kaiohs/Downloads/codes/lab02-experimentacao-software/data/repos/javaparser__javaparser/javaparser-symbol-solver-testing/src/test/java/com/github/javaparser/symbolsolver/core/resolution/MethodUsageResolutionCapabilityTest.java,com.github.javaparser.symbolsolver.core.resolution.MethodUsageResolutionCapabilityTest,interface,1,2,1,1,1,1,0,0,0,0.0,NaN,NaN,1,0,0,0,0,1,1,0,0,0,0,0,0,0,0,0,0,0,0,3,0,0,0,0,0,0,0,0,0,0,0,0,0,0,7,1,0
/Users/kaiohs/Downloads/codes/lab02-experimentacao-software/data/repos/javaparser__javaparser/javaparser-symbol-solver-testing/src/test/test_sourcecode/javaparser_new_src/javaparser-generated-sources/com/github/javaparser/ASTParser.java,ASTParser,class,119,120,1,119,3278,1,0,648,191586,0.99302995,0.0,0.0,620,6,134,485,0,1,136,0,122,0,27,5,3,22,0,2,4,0,0,9068,1298,127,218,45,191,11,1434,1572,16,570,16,0,5,0,853,16,0
/Users/kaiohs/Downloads/codes/lab02-experimentacao-software/data/repos/javaparser__javaparser/javaparser-core-testing/src/test/java/com/github/javaparser/ast/stmt/BreakStmtTest.java,com.github.javaparser.ast.stmt.BreakStmtTest,class,4,4,0,4,12,1,0,18,66,0.0,0.0,0.0,12,0,0,0,0,12,12,0,0,0,0,0,0,0,0,0,0,0,2,67,0,0,0,0,0,10,0,17,0,17,0,0,0,0,51,0,0
/Users/kaiohs/Downloads/codes/lab02-experimentacao-software/data/repos/javaparser__javaparser/javaparser-core-testing/src/test/java/com/github/javaparser/ast/ListObservationTest.java,com.github.javaparser.ast.ListObservationTest$Anonymous1,anonymous,4,4,0,4,4,1,0,2,6,0.0,0.0,0.0,4,0,4,0,0,0,4,0,0,0,0,0,0,0,0,0,0,0,5,15,0,0,0,0,0,5,0,0,0,0,0,0,0,0,26,-1,0
/Users/kaiohs/Downloads/codes/lab02-experimentacao-software/data/repos/javaparser__javaparser/javaparser-core-testing/src/test/resources/com/github/javaparser/storage/PrimaryType.java,com.github.javaparser.storage.PrimaryType,class,0,0,0,0,0,1,0,0,0,0.0,-1.0,-1.0,0,0,0,0,0,0,0,0,0,0,0,0,0,0,0,0,0,0,0,2,0,0,0,0,0,0,0,0,0,0,0,0,0,0,2,1,0
/Users/kaiohs/Downloads/codes/lab02-experimentacao-software/data/repos/javaparser__javaparser/javaparser-core-testing/src/test/java/com/github/javaparser/ast/validator/Java16ValidatorTest.java,com.github.javaparser.ast.validator.Java16ValidatorTest$PatternMatching,innerclass,5,5,0,5,2,1,0,4,1,0.0,0.0,0.0,2,0,0,0,0,2,2,0,0,0,0,0,0,0,0,0,0,0,2,10,0,0,0,0,0,3,0,2,0,2,0,0,0,0,41,0,0
/Users/kaiohs/Downloads/codes/lab02-experimentacao-software/data/repos/javaparser__javaparser/javaparser-core/src/main/java/com/github/javaparser/resolution/declarations/ResolvedTypeParameterDeclaration.java,com.github.javaparser.resolution.declarations.ResolvedTypeParameterDeclaration$Anonymous1,anonymous,4,4,0,4,11,1,0,0,55,0.0,0.0,0.0,11,0,11,0,0,0,11,0,0,0,0,0,0,0,0,0,0,0,0,35,9,0,0,0,0,1,0,0,1,0,0,0,0,0,29,-1,0
/Users/kaiohs/Downloads/codes/lab02-experimentacao-software/data/repos/javaparser__javaparser/javaparser-symbol-solver-testing/src/test/resources/differentiate_dot_expressions/com/packageName/InnerClassFieldContainer.java,InnerInnerClass,innerclass,1,2,0,2,0,1,0,0,0,NaN,-1.0,-1.0,0,0,0,0,0,0,0,0,0,0,1,0,0,0,0,1,0,0,0,6,0,0,0,0,0,0,0,1,0,1,0,0,1,0,5,0,0
/Users/kaiohs/Downloads/codes/lab02-experimentacao-software/data/repos/javaparser__javaparser/javaparser-core/src/main/java/com/github/javaparser/metamodel/SwitchStmtMetaModel.java,com.github.javaparser.metamodel.SwitchStmtMetaModel,class,5,7,2,5,1,4,0,0,0,0.0,NaN,NaN,1,0,0,0,0,1,1,0,0,0,2,0,2,0,0,0,0,0,0,7,0,0,0,0,0,4,0,0,0,2,0,0,0,0,38,1,0
/Users/kaiohs/Downloads/codes/lab02-experimentacao-software/data/repos/javaparser__javaparser/javaparser-core-testing/src/test/java/com/github/javaparser/ast/validator/Java14PreviewValidatorTest.java,com.github.javaparser.ast.validator.Java14PreviewValidatorTest$Record$RecordDeclarationPermitted,innerclass,5,5,0,5,1,1,0,3,0,0.0,NaN,NaN,1,0,0,0,0,1,1,0,0,0,0,0,0,0,0,0,0,0,1,7,0,0,0,0,0,1,0,2,0,2,0,0,0,0,7,0,0
/Users/kaiohs/Downloads/codes/lab02-experimentacao-software/data/repos/javaparser__javaparser/javaparser-core-testing/src/test/java/com/github/javaparser/printer/lexicalpreservation/Issue2517Test.java,com.github.javaparser.printer.lexicalpreservation.Issue2517Test,class,6,6,0,6,1,2,0,7,0,0.0,NaN,NaN,1,0,1,0,0,0,1,0,0,0,0,0,0,0,0,0,0,0,1,13,0,0,0,0,0,14,2,6,2,6,0,0,0,0,29,1,0
/Users/kaiohs/Downloads/codes/lab02-experimentacao-software/data/repos/javaparser__javaparser/javaparser-core-testing/src/test/test_sourcecode/com/github/javaparser/printer/JavaConceptsInnerClasses.java,japa.bdd.samples.JavaConceptsInnerClasses$QWE,innerclass,3,3,0,3,7,3,0,2,3,0.8333334,0.0,0.0,3,0,2,1,0,0,2,0,0,1,2,0,0,0,0,2,1,0,0,47,1,0,1,0,0,1,19,10,0,8,2,0,0,0,21,2,0
/Users/kaiohs/Downloads/codes/lab02-experimentacao-software/data/repos/javaparser__javaparser/javaparser-symbol-solver-core/src/main/java/com/github/javaparser/symbolsolver/reflectionmodel/ReflectionInterfaceDeclaration.java,com.github.javaparser.symbolsolver.reflectionmodel.ReflectionInterfaceDeclaration,class,31,66,16,50,77,2,0,79,407,0.7192983,0.0,0.0,38,0,30,8,0,0,30,0,0,0,3,0,0,3,0,0,0,0,11,241,54,7,7,1,1,5,8,33,5,32,2,0,0,1,273,1,0
/Users/kaiohs/Downloads/codes/lab02-experimentacao-software/data/repos/javaparser__javaparser/javaparser-core-testing/src/test/resources/com/github/javaparser/utils/projectroot/issue2615/without_module_info/demo/Main.java,Main,class,4,9,0,9,5,1,0,8,1,0.0,NaN,NaN,2,2,1,1,0,0,1,0,0,0,0,0,0,0,0,0,0,0,0,31,0,1,0,1,0,3,2,3,1,4,2,0,1,1,27,1,0
/Users/kaiohs/Downloads/codes/lab02-experimentacao-software/data/repos/javaparser__javaparser/javaparser-core/src/main/java/com/github/javaparser/utils/VisitorSet.java,com.github.javaparser.utils.VisitorSet$EqualsHashcodeOverridingFacade,innerclass,8,8,0,8,7,1,0,1,4,0.4,0.0,0.0,5,0,4,0,0,1,5,0,1,0,1,0,0,1,0,0,1,0,0,21,3,0,1,0,2,0,0,1,0,1,1,0,0,0,20,2,0
/Users/kaiohs/Downloads/codes/lab02-experimentacao-software/data/repos/javaparser__javaparser/javaparser-symbol-solver-testing/src/test/java/com/github/javaparser/symbolsolver/resolution/MethodDescriptorTest.java,com.github.javaparser.symbolsolver.resolution.MethodDescriptorTest,class,17,18,1,17,5,3,0,19,2,0.6,0.0,0.0,5,1,0,2,0,3,3,0,0,0,3,3,0,3,0,0,0,0,1,46,1,0,0,0,0,39,14,12,1,14,0,0,0,2,71,0,0
/Users/kaiohs/Downloads/codes/lab02-experimentacao-software/data/repos/javaparser__javaparser/javaparser-core-testing/src/test/java/com/github/javaparser/utils/ParserCollectionStrategyTest.java,com.github.javaparser.utils.ParserCollectionStrategyTest,class,9,10,1,9,13,1,0,19,0,0.0,0.0,0.0,9,0,0,0,0,9,9,0,0,0,1,0,0,1,0,0,1,0,0,109,0,0,0,4,0,30,1,31,4,35,2,0,1,4,69,0,0
/Users/kaiohs/Downloads/codes/lab02-experimentacao-software/data/repos/javaparser__javaparser/javaparser-core/src/main/java/com/github/javaparser/ast/stmt/ContinueStmt.java,com.github.javaparser.ast.stmt.ContinueStmt,class,15,38,23,15,25,3,0,14,94,0.5882353,0.0,0.0,17,0,17,0,0,0,17,0,0,0,1,0,0,1,0,0,0,0,2,81,16,0,8,0,0,14,0,1,0,1,2,0,0,0,61,1,0
/Users/kaiohs/Downloads/codes/lab02-experimentacao-software/data/repos/javaparser__javaparser/javaparser-symbol-solver-core/src/main/java/com/github/javaparser/symbolsolver/javaparsermodel/contexts/ClassOrInterfaceDeclarationContext.java,com.github.javaparser.symbolsolver.javaparsermodel.contexts.ClassOrInterfaceDeclarationContext,class,18,31,2,29,15,2,0,30,24,0.7777778,0.0,0.0,9,0,8,1,0,0,8,0,0,0,2,1,1,1,0,0,1,0,5,49,11,1,2,0,0,1,0,3,0,5,2,0,0,2,59,1,0
/Users/kaiohs/Downloads/codes/lab02-experimentacao-software/data/repos/javaparser__javaparser/javaparser-core-testing/src/test/java/com/github/javaparser/printer/lexicalpreservation/Issue1793Test.java,com.github.javaparser.printer.lexicalpreservation.Issue1793Test,class,4,4,0,4,2,2,0,5,1,0.0,0.0,0.0,2,0,1,0,0,1,2,0,0,0,0,0,0,0,0,0,0,0,0,9,0,0,0,0,0,8,0,0,1,0,0,0,0,0,26,0,0
/Users/kaiohs/Downloads/codes/lab02-experimentacao-software/data/repos/javaparser__javaparser/javaparser-core/src/main/java/com/github/javaparser/metamodel/BlockCommentMetaModel.java,com.github.javaparser.metamodel.BlockCommentMetaModel,class,4,6,2,4,1,4,0,0,0,0.0,NaN,NaN,1,0,0,0,0,1,1,0,0,0,0,0,0,0,0,0,0,0,0,5,0,0,0,0,0,4,0,0,0,0,0,0,0,0,34,1,0
/Users/kaiohs/Downloads/codes/lab02-experimentacao-software/data/repos/javaparser__javaparser/javaparser-symbol-solver-testing/src/test/resources/issue1574/BlockComment.java,aPackage.comment,class,0,0,0,0,1,1,0,1,0,0.0,NaN,NaN,1,0,1,0,0,0,1,0,0,0,0,0,0,0,0,0,0,0,0,5,0,0,0,0,0,1,0,0,0,0,0,0,0,0,2,1,0
/Users/kaiohs/Downloads/codes/lab02-experimentacao-software/data/repos/javaparser__javaparser/javaparser-symbol-solver-testing/src/test/java/com/github/javaparser/symbolsolver/Issue1827Test.java,com.github.javaparser.symbolsolver.Issue1827Test,class,8,8,0,8,1,3,0,8,0,0.0,NaN,NaN,1,0,1,0,0,0,1,0,0,0,0,0,0,0,0,0,0,0,0,12,0,0,0,0,0,18,1,6,1,6,0,0,0,1,37,1,0
/Users/kaiohs/Downloads/codes/lab02-experimentacao-software/data/repos/javaparser__javaparser/javaparser-symbol-solver-core/src/main/java/com/github/javaparser/symbolsolver/javaparsermodel/declarations/JavaParserEnumDeclaration.java,com.github.javaparser.symbolsolver.javaparsermodel.declarations.JavaParserEnumDeclaration$ValuesMethod,innerclass,15,29,0,29,17,1,0,7,116,0.8235294,0.0,0.0,17,0,17,0,0,0,17,0,0,0,2,0,0,2,0,0,0,0,2,56,12,0,0,0,0,2,2,2,0,2,0,0,0,0,95,9,0
/Users/kaiohs/Downloads/codes/lab02-experimentacao-software/data/repos/javaparser__javaparser/javaparser-core/src/main/java/com/github/javaparser/metamodel/PackageDeclarationMetaModel.java,com.github.javaparser.metamodel.PackageDeclarationMetaModel,class,5,7,2,5,1,3,0,0,0,0.0,NaN,NaN,1,0,0,0,0,1,1,0,0,0,2,0,2,0,0,0,0,0,0,7,0,0,0,0,0,4,0,0,0,2,0,0,0,0,36,1,0
/Users/kaiohs/Downloads/codes/lab02-experimentacao-software/data/repos/javaparser__javaparser/javaparser-symbol-solver-testing/src/test/test_sourcecode/javasymbolsolver_0_6_0/src/java-symbol-solver-model/com/github/javaparser/symbolsolver/model/declarations/TypeParameterDeclaration.java,com.github.javaparser.symbolsolver.model.declarations.TypeParameterDeclaration$Bound,innerclass,2,2,0,2,6,1,0,1,0,0.4166667,0.0,0.0,6,2,5,1,0,0,5,0,0,0,2,0,0,2,0,0,0,0,0,23,5,0,0,0,0,0,0,2,0,2,0,0,0,0,23,0,0
/Users/kaiohs/Downloads/codes/lab02-experimentacao-software/data/repos/javaparser__javaparser/javaparser-core/src/main/java/com/github/javaparser/metamodel/ForStmtMetaModel.java,com.github.javaparser.metamodel.ForStmtMetaModel,class,5,7,2,5,1,4,0,0,0,0.0,NaN,NaN,1,0,0,0,0,1,1,0,0,0,4,0,4,0,0,0,0,0,0,9,0,0,0,0,0,4,0,0,0,4,0,0,0,0,39,1,0
/Users/kaiohs/Downloads/codes/lab02-experimentacao-software/data/repos/javaparser__javaparser/javaparser-core/src/main/java/com/github/javaparser/metamodel/LongLiteralExprMetaModel.java,com.github.javaparser.metamodel.LongLiteralExprMetaModel,class,4,6,2,4,1,6,0,0,0,0.0,NaN,NaN,1,0,0,0,0,1,1,0,0,0,0,0,0,0,0,0,0,0,0,5,0,0,0,0,0,4,0,0,0,0,0,0,0,0,37,1,0
/Users/kaiohs/Downloads/codes/lab02-experimentacao-software/data/repos/javaparser__javaparser/javaparser-symbol-solver-testing/src/test/resources/enumLiteralsInAnnotatedClass/foo/bar/BinaryExpr.java,foo.bar.BinaryExpr,interface,0,0,0,0,0,1,0,0,0,0.0,-1.0,-1.0,0,0,0,0,0,0,0,0,0,0,0,0,0,0,0,0,0,0,0,5,0,0,0,0,0,0,0,0,0,0,0,0,1,0,11,1,0
/Users/kaiohs/Downloads/codes/lab02-experimentacao-software/data/repos/javaparser__javaparser/javaparser-symbol-solver-testing/src/test/java/com/github/javaparser/symbolsolver/javaparsermodel/declarations/JavaParserAnnotationDeclarationTest.java,com.github.javaparser.symbolsolver.javaparsermodel.declarations.JavaParserAnnotationDeclarationTest,class,10,10,0,10,6,3,0,16,0,0.5,0.0,0.0,6,0,0,0,0,6,6,0,0,0,2,0,0,2,0,0,2,0,0,63,0,0,0,0,0,11,6,28,1,28,0,0,0,0,58,0,0
/Users/kaiohs/Downloads/codes/lab02-experimentacao-software/data/repos/javaparser__javaparser/javaparser-core-testing/src/test/java/com/github/javaparser/ast/validator/Java6ValidatorTest.java,com.github.javaparser.ast.validator.Java6ValidatorTest,class,7,7,0,7,3,1,0,4,0,0.0,0.0,0.0,3,0,0,0,0,3,3,0,0,0,1,1,1,0,0,0,1,0,3,15,0,0,0,0,0,6,0,4,0,4,0,0,0,0,53,0,0
/Users/kaiohs/Downloads/codes/lab02-experimentacao-software/data/repos/javaparser__javaparser/javaparser-symbol-solver-testing/src/test/test_sourcecode/javaparser_new_src/javaparser-core/com/github/javaparser/ast/PackageDeclaration.java,PackageDeclaration,class,11,37,26,11,11,1,0,6,15,0.54545456,0.0,0.0,11,0,11,0,0,0,11,0,0,0,2,0,0,2,0,0,0,0,0,44,6,0,0,0,0,0,0,3,0,2,0,0,0,0,52,17,0
/Users/kaiohs/Downloads/codes/lab02-experimentacao-software/data/repos/javaparser__javaparser/javaparser-core/src/main/java/com/github/javaparser/metamodel/ConstructorDeclarationMetaModel.java,com.github.javaparser.metamodel.ConstructorDeclarationMetaModel,class,5,7,2,5,1,5,0,0,0,0.0,NaN,NaN,1,0,0,0,0,1,1,0,0,0,1,0,1,0,0,0,0,0,0,6,0,0,0,0,0,4,0,0,0,1,0,0,0,0,37,1,0
/Users/kaiohs/Downloads/codes/lab02-experimentacao-software/data/repos/javaparser__javaparser/javaparser-core/src/main/java/com/github/javaparser/metamodel/ModuleUsesDirectiveMetaModel.java,com.github.javaparser.metamodel.ModuleUsesDirectiveMetaModel,class,5,7,2,5,1,4,0,0,0,0.0,NaN,NaN,1,0,0,0,0,1,1,0,0,0,1,0,1,0,0,0,0,0,0,6,0,0,0,0,0,4,0,0,0,1,0,0,0,0,37,1,0
/Users/kaiohs/Downloads/codes/lab02-experimentacao-software/data/repos/javaparser__javaparser/javaparser-core/src/main/java/com/github/javaparser/metamodel/ForEachStmtMetaModel.java,com.github.javaparser.metamodel.ForEachStmtMetaModel,class,5,7,2,5,1,4,0,0,0,0.0,NaN,NaN,1,0,0,0,0,1,1,0,0,0,3,0,3,0,0,0,0,0,0,8,0,0,0,0,0,4,0,0,0,3,0,0,0,0,39,1,0
/Users/kaiohs/Downloads/codes/lab02-experimentacao-software/data/repos/javaparser__javaparser/javaparser-core/src/main/java/com/github/javaparser/ast/expr/SimpleName.java,com.github.javaparser.ast.expr.SimpleName,class,13,67,54,13,11,2,0,8,25,0.5,0.0,0.0,10,0,10,0,0,0,10,0,0,0,1,0,0,1,0,0,0,0,0,41,7,0,0,0,0,8,0,1,0,1,1,0,0,0,46,1,0
/Users/kaiohs/Downloads/codes/lab02-experimentacao-software/data/repos/javaparser__javaparser/javaparser-core/src/main/java/com/github/javaparser/ast/visitor/ObjectIdentityEqualsVisitor.java,com.github.javaparser.ast.visitor.ObjectIdentityEqualsVisitor,class,107,108,1,107,207,1,0,1,5356,0.99038464,0.0,0.0,104,1,104,0,0,0,104,0,0,0,1,1,0,1,0,0,1,0,0,315,104,0,103,0,0,0,0,1,0,1,0,0,0,0,145,1,0
/Users/kaiohs/Downloads/codes/lab02-experimentacao-software/data/repos/javaparser__javaparser/javaparser-core-testing/src/test/java/com/github/javaparser/printer/lexicalpreservation/transformations/ast/body/InitializerDeclarationTransformationsTest.java,com.github.javaparser.printer.lexicalpreservation.transformations.ast.body.InitializerDeclarationTransformationsTest,class,4,5,1,4,3,2,0,8,3,0.0,0.0,0.0,3,0,0,0,1,2,3,0,0,0,0,0,0,0,0,0,0,0,0,16,1,0,0,0,0,6,2,2,1,2,0,0,0,0,31,0,0
/Users/kaiohs/Downloads/codes/lab02-experimentacao-software/data/repos/javaparser__javaparser/javaparser-core/src/main/java/com/github/javaparser/metamodel/StringLiteralExprMetaModel.java,com.github.javaparser.metamodel.StringLiteralExprMetaModel,class,4,6,2,4,1,6,0,0,0,0.0,NaN,NaN,1,0,0,0,0,1,1,0,0,0,0,0,0,0,0,0,0,0,0,5,0,0,0,0,0,4,0,0,0,0,0,0,0,0,36,1,0
/Users/kaiohs/Downloads/codes/lab02-experimentacao-software/data/repos/javaparser__javaparser/javaparser-symbol-solver-testing/src/test/java/com/github/javaparser/symbolsolver/Issue4124Test.java,com.github.javaparser.symbolsolver.Issue4124Test,class,6,6,0,6,2,3,0,9,1,0.0,0.0,0.0,2,0,0,0,0,2,2,0,0,0,0,0,0,0,0,0,0,0,0,16,0,0,0,0,0,16,0,8,2,8,0,0,0,0,32,1,0
/Users/kaiohs/Downloads/codes/lab02-experimentacao-software/data/repos/javaparser__javaparser/javaparser-core/src/main/java/com/github/javaparser/ast/Modifier.java,com.github.javaparser.ast.Modifier,class,13,76,62,14,25,2,0,11,256,0.7916667,0.0,0.0,24,15,24,0,0,0,24,0,0,0,1,0,0,1,0,0,0,0,2,91,21,0,1,0,0,7,0,1,0,1,1,0,1,0,91,1,0
/Users/kaiohs/Downloads/codes/lab02-experimentacao-software/data/repos/javaparser__javaparser/javaparser-core/src/main/java/com/github/javaparser/utils/StringEscapeUtils.java,com.github.javaparser.utils.StringEscapeUtils$LookupTranslator,innerclass,1,1,0,1,10,2,0,9,0,0.0,NaN,NaN,2,0,0,1,1,0,1,0,0,0,4,0,0,4,0,0,4,0,0,44,2,2,2,0,0,0,7,14,3,11,3,0,0,0,69,10,0
/Users/kaiohs/Downloads/codes/lab02-experimentacao-software/data/repos/javaparser__javaparser/javaparser-core/src/main/java/com/github/javaparser/resolution/logic/InferenceContext.java,com.github.javaparser.resolution.logic.InferenceContext,class,13,21,8,13,70,1,0,59,15,0.7857143,0.0,0.0,7,0,4,3,0,0,4,0,0,0,4,0,0,4,0,0,0,0,11,199,19,1,0,0,10,3,3,25,2,25,5,0,0,5,60,1,0
/Users/kaiohs/Downloads/codes/lab02-experimentacao-software/data/repos/javaparser__javaparser/javaparser-symbol-solver-testing/src/test/java/com/github/javaparser/symbolsolver/Issue1599Test.java,com.github.javaparser.symbolsolver.Issue1599Test,class,8,8,0,8,1,3,0,11,0,0.0,NaN,NaN,1,0,0,0,0,1,1,0,0,0,0,0,0,0,0,0,0,0,1,13,0,0,0,0,0,12,2,5,1,5,0,0,0,1,36,0,0
/Users/kaiohs/Downloads/codes/lab02-experimentacao-software/data/repos/javaparser__javaparser/javaparser-core-testing/src/test/java/com/github/javaparser/printer/lexicalpreservation/Issue3773Test.java,com.github.javaparser.printer.lexicalpreservation.Issue3773Test,class,12,13,1,12,2,3,0,4,1,0.0,NaN,NaN,2,0,0,1,0,1,1,0,0,0,0,0,0,0,0,0,0,0,1,34,1,0,0,0,0,68,0,6,2,6,0,0,1,0,43,0,0
/Users/kaiohs/Downloads/codes/lab02-experimentacao-software/data/repos/javaparser__javaparser/javaparser-symbol-solver-core/src/main/java/com/github/javaparser/symbolsolver/javaparsermodel/PatternVariableResult.java,com.github.javaparser.symbolsolver.javaparsermodel.PatternVariableResult,class,1,8,7,1,9,1,0,2,0,0.33333334,0.0,0.0,9,0,9,0,0,0,9,0,0,0,2,0,0,2,0,0,0,0,0,35,2,0,0,0,0,0,0,7,0,3,0,0,0,0,16,1,0
/Users/kaiohs/Downloads/codes/lab02-experimentacao-software/data/repos/javaparser__javaparser/javaparser-symbol-solver-testing/src/test/test_sourcecode/javasymbolsolver_0_6_0/src/java-symbol-solver-model/com/github/javaparser/symbolsolver/model/typesystem/VoidType.java,com.github.javaparser.symbolsolver.model.typesystem.VoidType,class,2,5,3,2,4,1,0,0,6,1.0,0.0,0.0,4,0,3,1,0,0,3,0,0,0,1,1,1,0,0,0,1,0,0,14,2,0,0,0,0,1,0,1,0,1,0,0,0,0,23,1,0
/Users/kaiohs/Downloads/codes/lab02-experimentacao-software/data/repos/javaparser__javaparser/javaparser-core/src/main/java/com/github/javaparser/metamodel/LocalClassDeclarationStmtMetaModel.java,com.github.javaparser.metamodel.LocalClassDeclarationStmtMetaModel,class,5,7,2,5,1,4,0,0,0,0.0,NaN,NaN,1,0,0,0,0,1,1,0,0,0,1,0,1,0,0,0,0,0,0,6,0,0,0,0,0,4,0,0,0,1,0,0,0,0,39,1,0
/Users/kaiohs/Downloads/codes/lab02-experimentacao-software/data/repos/javaparser__javaparser/javaparser-symbol-solver-testing/src/test/java/com/github/javaparser/symbolsolver/Issue1480Test.java,com.github.javaparser.symbolsolver.Issue1480Test,class,8,8,0,8,1,2,0,11,0,0.0,NaN,NaN,1,0,0,0,0,1,1,0,0,0,0,0,0,0,0,0,0,0,0,15,0,0,0,0,0,2,0,5,1,5,1,0,0,1,33,0,0
/Users/kaiohs/Downloads/codes/lab02-experimentacao-software/data/repos/javaparser__javaparser/javaparser-symbol-solver-testing/src/test/resources/record_declarations/Box.java,box.Foo,interface,4,4,0,4,1,1,0,0,0,0.5,NaN,NaN,1,0,1,0,0,0,1,0,0,0,2,0,0,0,0,2,0,0,0,6,0,0,0,0,0,0,0,0,0,2,0,0,0,0,7,0,0
/Users/kaiohs/Downloads/codes/lab02-experimentacao-software/data/repos/javaparser__javaparser/javaparser-core/src/main/java/com/github/javaparser/metamodel/BooleanLiteralExprMetaModel.java,com.github.javaparser.metamodel.BooleanLiteralExprMetaModel,class,5,7,2,5,1,5,0,0,0,0.0,NaN,NaN,1,0,0,0,0,1,1,0,0,0,1,0,1,0,0,0,0,0,0,6,0,0,0,0,0,4,0,0,0,1,0,0,0,0,37,1,0
/Users/kaiohs/Downloads/codes/lab02-experimentacao-software/data/repos/javaparser__javaparser/javaparser-core/src/main/java/com/github/javaparser/ast/stmt/ForEachStmt.java,com.github.javaparser.ast.stmt.ForEachStmt,class,22,45,23,22,32,3,0,22,144,0.7142857,0.0,0.0,21,0,21,0,0,0,21,0,0,0,3,0,0,3,0,0,0,0,1,111,22,0,11,0,0,16,2,3,0,3,1,0,0,0,102,1,0
/Users/kaiohs/Downloads/codes/lab02-experimentacao-software/data/repos/javaparser__javaparser/javaparser-symbol-solver-testing/src/test/resources/issue1945/issue1945/interfaces/HairTypeRenderer.java,issue1945.interfaces.HairTypeRenderer,class,4,8,4,4,3,1,0,1,1,0.0,0.0,0.0,2,0,1,0,1,0,2,1,1,0,0,0,0,0,0,0,0,0,0,11,0,0,0,1,0,2,0,0,0,0,1,0,0,0,32,1025,0
/Users/kaiohs/Downloads/codes/lab02-experimentacao-software/data/repos/javaparser__javaparser/javaparser-symbol-solver-testing/src/test/resources/javassist_symbols/main_jar/src/com/github/javaparser/javasymbolsolver/javassist_symbols/main_jar/InterfaceUserIncludedJar.java,com.github.javaparser.javasymbolsolver.javassist_symbols.main_jar.InterfaceUserIncludedJar,class,1,1,0,1,0,1,0,0,0,NaN,-1.0,-1.0,0,0,0,0,0,0,0,0,0,0,1,1,1,0,0,0,1,0,0,3,0,0,0,0,0,1,0,1,0,1,0,0,0,0,13,1,0
/Users/kaiohs/Downloads/codes/lab02-experimentacao-software/data/repos/javaparser__javaparser/javaparser-symbol-solver-testing/src/test/resources/issue276/foo/C.java,foo.C$Anonymous1,anonymous,1,1,0,1,1,1,0,0,0,0.0,NaN,NaN,1,0,1,0,0,0,1,0,0,0,0,0,0,0,0,0,0,0,0,4,0,0,0,0,0,0,0,0,0,0,0,0,0,0,7,-1,0
/Users/kaiohs/Downloads/codes/lab02-experimentacao-software/data/repos/javaparser__javaparser/javaparser-core/src/main/java/com/github/javaparser/printer/lexicalpreservation/changes/NoChange.java,com.github.javaparser.printer.lexicalpreservation.changes.NoChange,class,3,7,4,3,2,1,0,1,1,0.0,0.0,0.0,2,0,2,0,0,0,2,0,0,0,0,0,0,0,0,0,0,0,0,8,2,0,0,0,0,0,0,0,0,0,0,0,0,0,13,1,0
/Users/kaiohs/Downloads/codes/lab02-experimentacao-software/data/repos/javaparser__javaparser/javaparser-core/src/main/java/com/github/javaparser/printer/concretesyntaxmodel/CsmComment.java,com.github.javaparser.printer.concretesyntaxmodel.CsmComment,class,4,7,3,4,2,1,0,9,1,0.0,0.0,0.0,2,1,1,0,0,1,2,0,0,0,0,0,0,0,0,0,0,0,0,11,0,0,0,0,0,0,0,1,0,2,0,0,0,1,12,1,0
/Users/kaiohs/Downloads/codes/lab02-experimentacao-software/data/repos/javaparser__javaparser/javaparser-core-testing/src/test/java/com/github/javaparser/ast/stmt/IfElseStmtTest.java,com.github.javaparser.ast.stmt.IfElseStmtTest,class,2,2,0,2,3,1,0,7,3,0.0,0.0,0.0,3,0,0,0,0,3,3,0,0,0,0,0,0,0,0,0,0,0,0,20,0,0,0,0,0,3,0,3,0,3,0,0,0,0,21,0,0
/Users/kaiohs/Downloads/codes/lab02-experimentacao-software/data/repos/javaparser__javaparser/javaparser-core/src/main/java/com/github/javaparser/ast/visitor/ObjectIdentityHashCodeVisitor.java,com.github.javaparser.ast.visitor.ObjectIdentityHashCodeVisitor,class,107,108,1,107,104,1,0,3,5356,0.99038464,0.0,0.0,104,1,104,0,0,0,104,0,0,0,1,1,0,1,0,0,1,0,0,315,104,0,0,0,0,0,0,1,0,1,0,0,0,0,144,1,0
/Users/kaiohs/Downloads/codes/lab02-experimentacao-software/data/repos/javaparser__javaparser/javaparser-core-testing/src/test/java/com/github/javaparser/utils/ExtractingVisitors.java,com.github.javaparser.utils.ExtractingVisitors,class,6,8,2,6,2,1,0,2,1,0.0,NaN,NaN,2,2,1,1,0,0,1,0,0,0,0,0,0,0,0,0,0,0,1,16,2,0,0,0,0,0,0,1,0,1,0,1,0,0,9,17,0
/Users/kaiohs/Downloads/codes/lab02-experimentacao-software/data/repos/javaparser__javaparser/javaparser-symbol-solver-testing/src/test/test_sourcecode/javaparser_new_src/javaparser-core/com/github/javaparser/ast/UserDataKey.java,com.github.javaparser.ast.UserDataKey,class,0,0,0,0,3,1,0,3,1,0.0,0.0,0.0,2,0,2,0,0,0,2,0,0,0,0,0,0,0,0,0,0,0,0,8,2,0,1,0,0,0,0,0,0,0,0,0,0,0,75,1025,0
/Users/kaiohs/Downloads/codes/lab02-experimentacao-software/data/repos/javaparser__javaparser/javaparser-core/src/main/java/com/github/javaparser/ast/stmt/IfStmt.java,com.github.javaparser.ast.stmt.IfStmt,class,19,45,26,19,39,3,0,18,166,0.72222227,0.0,0.0,24,0,24,0,0,0,24,0,0,0,3,0,0,3,0,0,0,0,2,130,28,0,15,0,0,18,0,3,0,3,2,0,0,0,87,1,0
/Users/kaiohs/Downloads/codes/lab02-experimentacao-software/data/repos/javaparser__javaparser/javaparser-symbol-solver-core/src/main/java/com/github/javaparser/symbolsolver/utils/FileUtils.java,com.github.javaparser.symbolsolver.utils.FileUtils,class,1,2,1,1,2,1,0,4,1,0.0,0.0,0.0,2,2,2,0,0,0,2,0,0,0,0,0,0,0,0,0,0,0,1,11,2,0,0,0,0,0,1,2,0,2,0,0,0,0,11,1,0
/Users/kaiohs/Downloads/codes/lab02-experimentacao-software/data/repos/javaparser__javaparser/javaparser-symbol-solver-testing/src/test/java/com/github/javaparser/symbolsolver/resolution/typesolvers/AbstractTypeSolverTest.java,com.github.javaparser.symbolsolver.resolution.typesolvers.AbstractTypeSolverTest,class,5,12,7,5,6,2,0,9,13,0.6666667,0.0,0.0,6,0,3,0,0,3,6,0,0,0,1,0,0,1,0,0,1,0,0,31,2,0,0,0,0,0,0,7,0,7,0,0,0,2,68,1024,0
/Users/kaiohs/Downloads/codes/lab02-experimentacao-software/data/repos/javaparser__javaparser/javaparser-symbol-solver-testing/src/test/java/com/github/javaparser/symbolsolver/Issue200Test.java,com.github.javaparser.symbolsolver.Issue200Test,class,9,9,0,9,1,2,0,11,0,0.0,NaN,NaN,1,0,0,0,0,1,1,0,0,0,0,0,0,0,0,0,0,0,1,11,0,0,0,0,1,4,1,6,0,6,0,0,0,0,29,0,0
/Users/kaiohs/Downloads/codes/lab02-experimentacao-software/data/repos/javaparser__javaparser/javaparser-core/src/main/java/com/github/javaparser/ast/type/ConvertibleToUsage.java,com.github.javaparser.ast.type.ConvertibleToUsage,interface,2,7,5,2,1,1,0,0,0,0.0,NaN,NaN,1,0,0,0,0,1,1,0,0,0,0,0,0,0,0,0,0,0,0,3,0,0,0,0,0,0,0,0,0,0,0,0,0,0,11,1,0
/Users/kaiohs/Downloads/codes/lab02-experimentacao-software/data/repos/javaparser__javaparser/javaparser-symbol-solver-testing/src/test/java/com/github/javaparser/symbolsolver/resolution/InternalClassInInterfaceTest.java,com.github.javaparser.symbolsolver.resolution.InternalClassInInterfaceTest,class,10,10,0,10,8,1,0,18,6,0.0,0.0,0.0,4,0,0,0,0,4,4,0,0,0,0,0,0,0,0,0,0,0,0,62,0,0,4,0,0,30,4,32,4,36,0,0,0,4,45,0,0
/Users/kaiohs/Downloads/codes/lab02-experimentacao-software/data/repos/javaparser__javaparser/javaparser-core/src/main/java/com/github/javaparser/printer/lexicalpreservation/ReshuffledDiffElementExtractor.java,com.github.javaparser.printer.lexicalpreservation.ReshuffledDiffElementExtractor,class,15,17,2,15,42,1,0,58,3,0.33333334,0.0,0.0,6,1,1,4,0,1,2,0,0,0,1,0,0,1,0,0,1,0,2,161,5,11,4,0,1,0,12,48,2,44,7,0,1,0,99,1,0
/Users/kaiohs/Downloads/codes/lab02-experimentacao-software/data/repos/javaparser__javaparser/javaparser-core/src/main/java/com/github/javaparser/ast/validator/ReservedKeywordValidator.java,com.github.javaparser.ast.validator.ReservedKeywordValidator,class,4,6,2,4,5,3,0,7,0,0.0,0.0,0.0,3,0,3,0,0,0,3,0,0,0,2,0,0,2,0,0,2,0,0,20,0,0,0,0,0,1,0,2,0,2,1,0,0,0,38,1,0
/Users/kaiohs/Downloads/codes/lab02-experimentacao-software/data/repos/javaparser__javaparser/javaparser-symbol-solver-testing/src/test/resources/issue2878/U9.java,U9,class,1,2,1,1,3,1,0,0,3,0.0,0.0,0.0,3,0,3,0,0,0,3,0,0,0,0,0,0,0,0,0,0,0,0,8,0,0,0,0,0,0,0,0,0,0,0,0,0,0,3,1,0
/Users/kaiohs/Downloads/codes/lab02-experimentacao-software/data/repos/javaparser__javaparser/javaparser-core-testing/src/test/java/com/github/javaparser/Issue3577Test.java,com.github.javaparser.Issue3577Test,class,2,2,0,2,1,1,0,4,0,0.0,NaN,NaN,1,0,1,0,0,0,1,0,0,0,0,0,0,0,0,0,0,0,0,8,0,0,0,0,0,5,0,2,1,2,0,0,0,1,14,1,0
/Users/kaiohs/Downloads/codes/lab02-experimentacao-software/data/repos/javaparser__javaparser/javaparser-symbol-solver-testing/src/test/java/com/github/javaparser/symbolsolver/Issue3100Test.java,com.github.javaparser.symbolsolver.Issue3100Test,class,10,10,0,10,1,2,0,5,0,0.0,NaN,NaN,1,0,1,0,0,0,1,0,0,0,0,0,0,0,0,0,0,0,0,17,0,0,0,0,1,6,0,5,1,5,0,1,0,0,29,1,0
/Users/kaiohs/Downloads/codes/lab02-experimentacao-software/data/repos/javaparser__javaparser/javaparser-core/src/main/java/com/github/javaparser/metamodel/NullLiteralExprMetaModel.java,com.github.javaparser.metamodel.NullLiteralExprMetaModel,class,4,6,2,4,1,5,0,0,0,0.0,NaN,NaN,1,0,0,0,0,1,1,0,0,0,0,0,0,0,0,0,0,0,0,5,0,0,0,0,0,4,0,0,0,0,0,0,0,0,35,1,0
/Users/kaiohs/Downloads/codes/lab02-experimentacao-software/data/repos/javaparser__javaparser/javaparser-symbol-solver-core/src/main/java/com/github/javaparser/symbolsolver/javaparsermodel/declarations/JavaParserClassDeclaration.java,com.github.javaparser.symbolsolver.javaparsermodel.declarations.JavaParserClassDeclaration$Anonymous1,anonymous,10,10,0,10,7,1,0,8,21,0.0,0.0,0.0,7,0,7,0,0,0,7,0,0,0,0,0,0,0,0,0,0,0,0,23,7,0,0,0,0,0,0,0,0,0,0,0,0,0,14,-1,0
/Users/kaiohs/Downloads/codes/lab02-experimentacao-software/data/repos/javaparser__javaparser/javaparser-core/src/main/java/com/github/javaparser/ast/validator/postprocessors/Java23PostProcessor.java,com.github.javaparser.ast.validator.postprocessors.Java23PostProcessor,class,1,2,1,1,0,15,1,0,0,0.0,-1.0,-1.0,0,0,0,0,0,0,0,0,0,0,0,0,0,0,0,0,0,0,0,2,0,0,0,0,0,0,0,0,0,0,0,0,0,0,14,1,0
/Users/kaiohs/Downloads/codes/lab02-experimentacao-software/data/repos/javaparser__javaparser/javaparser-symbol-solver-testing/src/test/resources/javassist_symbols/main_jar/src/com/github/javaparser/javasymbolsolver/javassist_symbols/main_jar/SubInterfaceExcludedJar.java,com.github.javaparser.javasymbolsolver.javassist_symbols.main_jar.SubInterfaceExcludedJar,interface,1,1,0,1,0,1,0,0,0,NaN,-1.0,-1.0,0,0,0,0,0,0,0,0,0,0,1,1,1,0,0,0,1,0,0,3,0,0,0,0,0,1,0,1,0,1,0,0,0,0,13,1,0
/Users/kaiohs/Downloads/codes/lab02-experimentacao-software/data/repos/javaparser__javaparser/javaparser-core/src/main/java/com/github/javaparser/ast/ImportDeclaration.java,com.github.javaparser.ast.ImportDeclaration,class,13,71,56,15,37,2,0,23,55,0.6413044,0.0,0.0,23,3,19,4,0,0,19,0,0,0,4,0,0,4,0,0,0,0,7,121,22,0,9,0,0,18,5,6,2,5,1,0,0,0,91,1,0
/Users/kaiohs/Downloads/codes/lab02-experimentacao-software/data/repos/javaparser__javaparser/javaparser-core/src/main/java/com/github/javaparser/ast/body/ConstructorDeclaration.java,com.github.javaparser.ast.body.ConstructorDeclaration,class,33,96,47,49,34,4,0,33,270,0.76,0.0,0.0,25,0,25,0,0,0,25,0,0,0,1,0,0,1,0,0,0,0,1,124,20,2,4,0,0,17,1,7,0,6,2,0,0,0,119,1,0
/Users/kaiohs/Downloads/codes/lab02-experimentacao-software/data/repos/javaparser__javaparser/javaparser-core/src/main/java/com/github/javaparser/metamodel/PatternExprMetaModel.java,com.github.javaparser.metamodel.PatternExprMetaModel,class,5,9,4,5,2,5,2,0,1,0.5,0.0,0.0,2,0,0,0,1,1,2,0,0,0,1,0,1,0,0,0,0,0,0,9,0,0,0,0,0,5,0,0,0,1,0,0,0,0,39,1,0
/Users/kaiohs/Downloads/codes/lab02-experimentacao-software/data/repos/javaparser__javaparser/javaparser-core-testing/src/test/java/com/github/javaparser/ast/validator/Java8ValidatorTest.java,com.github.javaparser.ast.validator.Java8ValidatorTest,class,7,7,0,7,6,1,0,5,0,0.0,0.0,0.0,6,0,0,0,0,6,6,0,0,0,1,1,1,0,0,0,1,0,6,27,0,0,0,0,0,35,0,7,2,7,0,0,0,0,74,0,0
/Users/kaiohs/Downloads/codes/lab02-experimentacao-software/data/repos/javaparser__javaparser/javaparser-symbol-solver-testing/src/test/java/com/github/javaparser/symbolsolver/reflectionmodel/ReflectionClassDeclarationTest.java,com.github.javaparser.symbolsolver.reflectionmodel.ReflectionClassDeclarationTest$5Bar,innerclass,1,1,0,1,0,2,0,0,0,0.0,-1.0,-1.0,0,0,0,0,0,0,0,0,0,0,0,0,0,0,0,0,0,0,0,2,0,0,0,0,0,0,0,0,0,0,0,0,0,0,1,0,0
/Users/kaiohs/Downloads/codes/lab02-experimentacao-software/data/repos/javaparser__javaparser/javaparser-core/src/main/java/com/github/javaparser/metamodel/MethodCallExprMetaModel.java,com.github.javaparser.metamodel.MethodCallExprMetaModel,class,5,7,2,5,1,4,0,0,0,0.0,NaN,NaN,1,0,0,0,0,1,1,0,0,0,5,0,5,0,0,0,0,0,0,10,0,0,0,0,0,4,0,0,0,5,0,0,0,0,45,1,0
/Users/kaiohs/Downloads/codes/lab02-experimentacao-software/data/repos/javaparser__javaparser/javaparser-symbol-solver-core/src/main/java/com/github/javaparser/symbolsolver/javaparsermodel/contexts/VariableDeclaratorContext.java,com.github.javaparser.symbolsolver.javaparsermodel.contexts.VariableDeclaratorContext,class,4,5,1,4,4,2,0,5,1,0.0,0.0,0.0,2,0,2,0,0,0,2,0,0,0,0,0,0,0,0,0,0,0,2,11,2,0,1,0,0,0,0,0,0,0,1,0,0,0,16,1,0
/Users/kaiohs/Downloads/codes/lab02-experimentacao-software/data/repos/javaparser__javaparser/javaparser-core-testing-bdd/src/test/java/com/github/javaparser/steps/ManipulationSteps.java,com.github.javaparser.steps.ManipulationSteps$ChangeMethodNameToUpperCaseVisitor,innerclass,2,2,0,2,1,2,0,3,0,0.0,NaN,NaN,1,0,1,0,0,0,1,0,0,0,0,0,0,0,0,0,0,0,0,5,0,0,0,0,0,0,0,0,0,0,0,0,0,0,11,10,0
/Users/kaiohs/Downloads/codes/lab02-experimentacao-software/data/repos/javaparser__javaparser/javaparser-core/src/main/java/com/github/javaparser/ast/CompilationUnit.java,com.github.javaparser.ast.CompilationUnit,class,34,266,228,38,107,2,0,116,1543,0.90112996,0.0,0.0,59,1,55,2,2,0,57,0,0,0,6,1,0,6,0,0,1,0,19,407,74,5,26,0,5,21,7,28,3,40,2,0,1,15,276,1,0
/Users/kaiohs/Downloads/codes/lab02-experimentacao-software/data/repos/javaparser__javaparser/javaparser-symbol-solver-core/src/main/java/com/github/javaparser/symbolsolver/javaparsermodel/contexts/IfStatementContext.java,com.github.javaparser.symbolsolver.javaparsermodel.contexts.IfStatementContext,class,13,16,3,13,26,3,0,14,21,0.0,0.0,0.0,7,0,7,0,0,0,7,0,0,0,0,0,0,0,0,0,0,0,1,103,17,0,3,0,8,0,0,30,0,31,3,0,0,1,111,1,0
/Users/kaiohs/Downloads/codes/lab02-experimentacao-software/data/repos/javaparser__javaparser/javaparser-core/src/main/java/com/github/javaparser/ast/Node.java,com.github.javaparser.ast.Node,class,48,308,255,53,160,1,37,141,2861,0.9679487,0.0,0.0,78,0,65,4,9,0,74,0,5,0,18,9,6,10,2,0,8,0,27,657,97,9,31,0,9,15,9,50,2,59,3,4,8,18,503,1025,0
/Users/kaiohs/Downloads/codes/lab02-experimentacao-software/data/repos/javaparser__javaparser/javaparser-core/src/main/java/com/github/javaparser/ast/expr/PatternExpr.java,com.github.javaparser.ast.expr.PatternExpr,class,14,32,18,14,17,4,2,10,58,0.61538464,0.0,0.0,13,0,13,0,0,0,13,0,0,0,1,0,0,1,0,0,0,0,1,57,12,0,4,0,0,10,0,1,0,1,1,0,0,0,75,1025,0
/Users/kaiohs/Downloads/codes/lab02-experimentacao-software/data/repos/javaparser__javaparser/javaparser-symbol-solver-testing/src/test/test_sourcecode/javaparser_src/generated/com/github/javaparser/ASTParser.java,com.github.javaparser.ASTParser$JJCalls,innerclass,2,2,0,2,0,1,0,0,0,NaN,-1.0,-1.0,0,0,0,0,0,0,0,0,0,0,4,0,0,0,0,4,0,0,0,6,0,0,0,0,0,0,0,0,0,4,0,0,0,0,7,24,0
/Users/kaiohs/Downloads/codes/lab02-experimentacao-software/data/repos/javaparser__javaparser/javaparser-symbol-solver-testing/src/test/test_sourcecode/javaparser_new_src/javaparser-generated-sources/com/github/javaparser/TokenMgrException.java,com.github.javaparser.TokenMgrException,class,1,2,1,1,18,4,0,11,15,0.97222227,0.0,0.0,6,2,4,0,2,0,6,0,1,0,6,5,4,1,0,1,5,0,5,66,3,1,0,0,4,20,10,11,6,11,3,0,0,0,160,1,0
/Users/kaiohs/Downloads/codes/lab02-experimentacao-software/data/repos/javaparser__javaparser/javaparser-symbol-solver-core/src/main/java/com/github/javaparser/symbolsolver/javaparsermodel/contexts/MethodReferenceExprContext.java,com.github.javaparser.symbolsolver.javaparsermodel.contexts.MethodReferenceExprContext,class,31,33,2,31,37,3,0,57,6,0.0,0.0,0.0,4,0,2,2,0,0,2,0,0,0,0,0,0,0,0,0,0,0,23,120,8,6,0,0,2,2,2,37,2,31,7,0,0,0,67,1,0
/Users/kaiohs/Downloads/codes/lab02-experimentacao-software/data/repos/javaparser__javaparser/javaparser-symbol-solver-testing/src/test/java/com/github/javaparser/symbolsolver/resolution/Issue4703Test.java,com.github.javaparser.symbolsolver.resolution.Issue4703Test,class,6,6,0,6,4,1,0,10,1,0.0,0.0,0.0,2,0,0,0,0,2,2,0,0,0,0,0,0,0,0,0,0,0,0,20,0,2,0,0,0,20,0,8,2,8,1,0,0,0,23,1,0
/Users/kaiohs/Downloads/codes/lab02-experimentacao-software/data/repos/javaparser__javaparser/javaparser-symbol-solver-testing/src/test/test_sourcecode/javaparser_new_src/javaparser-core/com/github/javaparser/ast/stmt/BlockStmt.java,BlockStmt,class,9,78,69,9,7,1,0,4,9,0.42857143,0.0,0.0,7,0,7,0,0,0,7,0,0,0,1,0,0,1,0,0,0,0,0,27,3,0,0,0,0,0,0,2,0,1,0,0,0,0,23,17,0
/Users/kaiohs/Downloads/codes/lab02-experimentacao-software/data/repos/javaparser__javaparser/javaparser-symbol-solver-testing/src/test/java/com/github/javaparser/symbolsolver/Issue2362Test.java,com.github.javaparser.symbolsolver.Issue2362Test,class,10,10,0,10,1,2,0,12,0,0.0,NaN,NaN,1,0,0,0,0,1,1,0,0,0,0,0,0,0,0,0,0,0,2,12,0,0,0,0,0,3,0,7,0,7,0,0,0,0,36,0,0
/Users/kaiohs/Downloads/codes/lab02-experimentacao-software/data/repos/javaparser__javaparser/javaparser-core-testing/src/test/java/com/github/javaparser/printer/lexicalpreservation/Issue3296Test.java,com.github.javaparser.printer.lexicalpreservation.Issue3296Test,class,7,7,0,7,3,2,0,16,0,0.0,NaN,NaN,1,0,1,0,0,0,1,0,0,0,0,0,0,0,0,0,0,0,1,20,0,1,0,0,0,6,0,4,1,6,3,0,0,2,29,1,0
/Users/kaiohs/Downloads/codes/lab02-experimentacao-software/data/repos/javaparser__javaparser/javaparser-symbol-solver-testing/src/test/resources/issue3100/ConvolutionLayer.java,ConvolutionLayer$Builder,innerclass,0,0,0,0,0,1,0,0,0,0.0,-1.0,-1.0,0,0,0,0,0,0,0,0,0,0,0,0,0,0,0,0,0,0,0,2,0,0,0,0,0,0,0,0,0,0,0,0,0,0,1,9,0
/Users/kaiohs/Downloads/codes/lab02-experimentacao-software/data/repos/javaparser__javaparser/javaparser-symbol-solver-testing/src/test/java/com/github/javaparser/symbolsolver/Issue2909Test.java,com.github.javaparser.symbolsolver.Issue2909Test,class,9,9,0,9,3,2,0,10,3,0.0,0.0,0.0,3,0,0,0,0,3,3,0,0,0,0,0,0,0,0,0,0,0,0,40,0,0,0,0,0,58,0,14,3,17,1,0,0,3,55,1,0
/Users/kaiohs/Downloads/codes/lab02-experimentacao-software/data/repos/javaparser__javaparser/javaparser-symbol-solver-testing/src/test/resources/javassist_symbols/excluded_jar/src/com/github/javaparser/javasymbolsolver/javassist_symbols/excluded_jar/SuperClassExcludedJar.java,com.github.javaparser.javasymbolsolver.javassist_symbols.excluded_jar.SuperClassExcludedJar,class,0,1,1,0,0,1,1,0,0,NaN,-1.0,-1.0,0,0,0,0,0,0,0,0,0,0,1,1,1,0,0,0,1,0,0,3,0,0,0,0,0,1,0,1,0,1,0,0,0,0,14,1,0
/Users/kaiohs/Downloads/codes/lab02-experimentacao-software/data/repos/javaparser__javaparser/javaparser-symbol-solver-core/src/main/java/com/github/javaparser/symbolsolver/javaparsermodel/declarations/JavaParserAnonymousClassDeclaration.java,com.github.javaparser.symbolsolver.javaparsermodel.declarations.JavaParserAnonymousClassDeclaration,class,31,53,4,49,30,3,0,67,194,0.78000003,0.0,0.0,25,0,24,0,1,0,25,0,0,0,4,0,0,4,0,0,4,0,16,109,27,0,1,0,0,8,0,14,4,21,1,0,0,11,93,1,0
/Users/kaiohs/Downloads/codes/lab02-experimentacao-software/data/repos/javaparser__javaparser/javaparser-symbol-solver-core/src/main/java/com/github/javaparser/symbolsolver/javaparsermodel/declarations/JavaParserRecordDeclaration.java,com.github.javaparser.symbolsolver.javaparsermodel.declarations.JavaParserRecordDeclaration$Anonymous2,anonymous,5,5,0,5,6,1,0,3,15,0.0,0.0,0.0,6,0,6,0,0,0,6,0,0,0,0,0,0,0,0,0,0,0,0,20,6,0,0,0,0,0,0,0,0,0,0,0,0,0,13,-1,0
/Users/kaiohs/Downloads/codes/lab02-experimentacao-software/data/repos/javaparser__javaparser/javaparser-core/src/main/java/com/github/javaparser/printer/configuration/DefaultPrinterConfiguration.java,com.github.javaparser.printer.configuration.DefaultPrinterConfiguration$ConfigOption,enum,4,4,0,4,2,1,0,2,0,0.25,0.0,0.0,2,0,0,0,0,2,2,0,0,0,2,0,0,0,0,2,0,0,1,18,0,0,0,0,0,0,2,3,0,2,0,0,0,0,100,1,0
/Users/kaiohs/Downloads/codes/lab02-experimentacao-software/data/repos/javaparser__javaparser/javaparser-symbol-solver-testing/src/test/resources/enums/EnumWithAncestor.java,EnumWithAncestor,enum,0,0,0,0,0,1,0,0,0,0.0,-1.0,-1.0,0,0,0,0,0,0,0,0,0,0,0,0,0,0,0,0,0,0,0,1,0,0,0,0,0,0,0,0,0,0,0,0,0,0,12,1,0
/Users/kaiohs/Downloads/codes/lab02-experimentacao-software/data/repos/javaparser__javaparser/javaparser-core/src/main/java/com/github/javaparser/ast/modules/ModuleRequiresDirective.java,com.github.javaparser.ast.modules.ModuleRequiresDirective,class,19,38,19,19,35,3,0,23,232,0.7708334,0.0,0.0,24,0,24,0,0,0,24,0,0,0,2,0,0,2,0,0,0,0,2,117,25,2,9,0,0,19,2,4,0,4,2,0,0,0,70,1,0
/Users/kaiohs/Downloads/codes/lab02-experimentacao-software/data/repos/javaparser__javaparser/javaparser-symbol-solver-core/src/main/java/com/github/javaparser/symbolsolver/javaparsermodel/declarations/JavaParserRecordDeclaration.java,com.github.javaparser.symbolsolver.javaparsermodel.declarations.JavaParserRecordDeclaration$Anonymous1,anonymous,10,10,0,10,7,1,0,8,21,0.0,0.0,0.0,7,0,7,0,0,0,7,0,0,0,0,0,0,0,0,0,0,0,0,23,7,0,0,0,0,0,0,0,0,0,0,0,0,0,14,-1,0
/Users/kaiohs/Downloads/codes/lab02-experimentacao-software/data/repos/javaparser__javaparser/javaparser-symbol-solver-testing/src/test/resources/differentiate_dot_expressions/com/packageName/InnerClassFieldContainer.java,InnerClass,innerclass,1,2,0,2,0,1,0,0,0,NaN,-1.0,-1.0,0,0,0,0,0,0,0,0,0,0,1,0,0,0,0,1,0,0,0,9,0,0,0,0,0,0,0,1,0,1,0,0,1,0,5,0,0
/Users/kaiohs/Downloads/codes/lab02-experimentacao-software/data/repos/javaparser__javaparser/javaparser-symbol-solver-core/src/main/java/com/github/javaparser/symbolsolver/javaparsermodel/declarations/JavaParserTypeAdapter.java,com.github.javaparser.symbolsolver.javaparsermodel.declarations.JavaParserTypeAdapter,class,38,56,6,50,42,1,0,49,0,0.33333334,0.0,0.0,12,0,12,0,0,0,12,0,0,0,2,0,0,2,0,0,0,0,14,129,24,7,1,0,4,3,0,12,2,15,5,0,0,3,95,1,0
/Users/kaiohs/Downloads/codes/lab02-experimentacao-software/data/repos/javaparser__javaparser/javaparser-core-testing/src/test/java/com/github/javaparser/TokenRangeTest.java,com.github.javaparser.TokenRangeTest,class,6,7,1,6,4,1,0,21,3,0.0,0.0,0.0,3,0,0,1,0,2,2,0,0,0,0,0,0,0,0,0,0,0,0,27,2,1,0,0,1,12,2,6,3,7,2,0,0,2,29,0,0
/Users/kaiohs/Downloads/codes/lab02-experimentacao-software/data/repos/javaparser__javaparser/javaparser-symbol-solver-testing/src/test/java/com/github/javaparser/symbolsolver/Issue18Test.java,com.github.javaparser.symbolsolver.Issue18Test,class,10,10,0,10,1,3,0,10,0,0.0,NaN,NaN,1,0,0,0,0,1,1,0,0,0,0,0,0,0,0,0,0,0,0,12,0,0,0,0,0,4,1,7,0,7,0,0,0,0,34,0,0
/Users/kaiohs/Downloads/codes/lab02-experimentacao-software/data/repos/javaparser__javaparser/javaparser-symbol-solver-testing/src/test/resources/issue1526/errors/a/b/c/ExampleClass.java,a.b.c.ExampleClass,class,2,2,0,2,2,1,0,1,0,0.0,0.0,0.0,2,0,2,0,0,0,2,0,0,0,1,0,0,0,1,0,1,0,0,9,1,0,0,0,0,0,0,1,0,1,0,0,0,0,11,1,0
/Users/kaiohs/Downloads/codes/lab02-experimentacao-software/data/repos/javaparser__javaparser/javaparser-core/src/main/java/com/github/javaparser/resolution/model/LambdaArgumentTypePlaceholder.java,com.github.javaparser.resolution.model.LambdaArgumentTypePlaceholder,class,2,13,11,2,10,1,0,2,35,0.77500004,0.0,0.0,10,0,10,0,0,0,10,0,0,0,4,0,0,4,0,0,2,0,3,40,5,0,0,0,0,0,0,7,0,4,0,0,0,0,45,1,0
/Users/kaiohs/Downloads/codes/lab02-experimentacao-software/data/repos/javaparser__javaparser/javaparser-symbol-solver-testing/src/test/java/com/github/javaparser/symbolsolver/javassistmodel/JavassistModuleTest.java,com.github.javaparser.symbolsolver.javassistmodel.JavassistModuleTest,class,9,9,0,9,2,2,0,7,0,0.0,0.0,0.0,2,0,0,0,0,2,2,0,0,0,1,0,0,1,0,0,0,0,0,12,0,0,0,0,0,4,0,3,0,3,0,0,0,0,35,0,0
/Users/kaiohs/Downloads/codes/lab02-experimentacao-software/data/repos/javaparser__javaparser/javaparser-core/src/main/java/com/github/javaparser/printer/lexicalpreservation/IndentationCalculator.java,com.github.javaparser.printer.lexicalpreservation.IndentationCalculator$EnforcingContext,innerclass,1,1,0,1,13,1,0,1,0,0.21428573,0.0,0.0,7,0,7,0,0,0,7,0,0,0,2,0,0,2,0,0,2,0,0,29,8,0,5,0,0,3,2,3,3,3,1,0,0,0,51,9,0
/Users/kaiohs/Downloads/codes/lab02-experimentacao-software/data/repos/javaparser__javaparser/javaparser-symbol-solver-testing/src/test/resources/CompilationUnitContextResolutionTest/02_nested/main/Parent.java,Parent,class,0,1,1,0,0,1,1,0,0,0.0,-1.0,-1.0,0,0,0,0,0,0,0,0,0,0,0,0,0,0,0,0,0,0,0,5,0,0,0,0,0,0,0,0,0,0,0,0,2,0,6,1,0
/Users/kaiohs/Downloads/codes/lab02-experimentacao-software/data/repos/javaparser__javaparser/javaparser-core/src/main/java/com/github/javaparser/resolution/types/ResolvedLambdaConstraintType.java,com.github.javaparser.resolution.types.ResolvedLambdaConstraintType,class,2,13,11,2,8,1,0,2,0,0.25,0.0,0.0,8,1,7,1,0,0,7,0,0,0,1,0,0,1,0,0,0,0,0,27,7,0,0,0,0,3,0,1,3,1,0,0,0,0,16,1,0
/Users/kaiohs/Downloads/codes/lab02-experimentacao-software/data/repos/javaparser__javaparser/javaparser-symbol-solver-testing/src/test/java/com/github/javaparser/symbolsolver/resolution/TypeResolutionWithSameNameTest.java,com.github.javaparser.symbolsolver.resolution.TypeResolutionWithSameNameTest,class,11,11,0,11,9,3,0,20,21,0.0,0.0,0.0,7,0,0,0,0,7,7,0,0,0,0,0,0,0,0,0,0,0,12,83,0,0,0,0,0,63,5,44,1,44,0,0,0,0,108,1,0
/Users/kaiohs/Downloads/codes/lab02-experimentacao-software/data/repos/javaparser__javaparser/javaparser-core/src/main/java/com/github/javaparser/UnicodeEscapeProcessingProvider.java,com.github.javaparser.UnicodeEscapeProcessingProvider$PositionMapping,innerclass,5,5,0,5,10,2,0,7,9,0.5,0.0,0.0,6,0,5,0,0,1,6,0,0,0,1,0,0,1,0,0,1,0,1,75,7,0,3,0,0,0,4,5,2,5,1,0,2,0,36,25,0
/Users/kaiohs/Downloads/codes/lab02-experimentacao-software/data/repos/javaparser__javaparser/javaparser-symbol-solver-core/src/main/java/com/github/javaparser/symbolsolver/javaparsermodel/declarations/JavaParserEnumDeclaration.java,com.github.javaparser.symbolsolver.javaparsermodel.declarations.JavaParserEnumDeclaration$ValueOfMethod,innerclass,15,15,0,15,18,1,0,5,124,0.85294116,0.0,0.0,17,0,17,0,0,0,17,0,0,0,2,0,0,2,0,0,0,0,2,73,14,0,1,0,0,4,3,2,0,2,1,1,0,0,86,9,0
/Users/kaiohs/Downloads/codes/lab02-experimentacao-software/data/repos/javaparser__javaparser/javaparser-core-testing/src/test/java/com/github/javaparser/ast/validator/Java16ValidatorTest.java,com.github.javaparser.ast.validator.Java16ValidatorTest,class,6,6,0,6,1,1,0,4,0,0.0,NaN,NaN,1,0,0,0,0,1,1,0,0,0,1,0,0,1,0,0,1,0,1,61,0,0,0,0,0,2,0,2,1,2,0,0,3,0,20,0,0
/Users/kaiohs/Downloads/codes/lab02-experimentacao-software/data/repos/javaparser__javaparser/javaparser-core/src/main/java/com/github/javaparser/metamodel/BaseNodeMetaModel.java,com.github.javaparser.metamodel.BaseNodeMetaModel,class,5,129,124,5,36,1,2,23,156,0.8783069,0.0,0.0,21,0,21,0,0,0,21,0,0,0,9,0,0,9,0,0,9,0,0,119,26,3,6,1,0,2,1,17,2,14,6,0,0,0,132,1025,0
/Users/kaiohs/Downloads/codes/lab02-experimentacao-software/data/repos/javaparser__javaparser/javaparser-symbol-solver-testing/src/test/resources/enumLiteralsInAnnotatedClass/foo/bar/AClass.java,foo.bar.AClass,class,0,0,0,0,0,1,0,0,0,NaN,-1.0,-1.0,0,0,0,0,0,0,0,0,0,0,2,2,0,0,0,2,0,0,0,4,0,0,0,0,0,0,0,2,0,2,0,0,0,0,5,0,0
/Users/kaiohs/Downloads/codes/lab02-experimentacao-software/data/repos/javaparser__javaparser/javaparser-core/src/main/java/com/github/javaparser/printer/lexicalpreservation/TokenOwnerDetector.java,com.github.javaparser.printer.lexicalpreservation.TokenOwnerDetector,class,5,6,1,5,13,1,0,9,1,0.5,0.0,0.0,2,2,0,0,0,2,2,0,0,0,1,1,0,1,0,0,1,0,1,40,7,2,4,0,0,1,1,5,0,4,2,0,1,0,197,0,0
/Users/kaiohs/Downloads/codes/lab02-experimentacao-software/data/repos/javaparser__javaparser/javaparser-symbol-solver-testing/src/test/resources/TypeResolutionWithSameNameTest/00_package_precedes_nested_class/extends_duplicate/DuplicateTypeName.java,extends_duplicate.DuplicateTypeName,class,0,1,1,0,0,1,1,0,0,0.0,-1.0,-1.0,0,0,0,0,0,0,0,0,0,0,0,0,0,0,0,0,0,0,0,2,0,0,0,0,0,0,0,0,0,0,0,0,0,0,3,1025,0
/Users/kaiohs/Downloads/codes/lab02-experimentacao-software/data/repos/javaparser__javaparser/javaparser-symbol-solver-core/src/main/java/com/github/javaparser/symbolsolver/resolution/typeinference/ControlFlowLogic.java,com.github.javaparser.symbolsolver.resolution.typeinference.ControlFlowLogic$Anonymous2,anonymous,7,7,0,7,7,1,0,5,3,0.0,0.0,0.0,3,0,3,0,0,0,3,0,0,0,0,0,0,0,0,0,0,0,0,22,6,0,0,0,0,0,0,0,0,0,2,0,0,0,20,-1,0
/Users/kaiohs/Downloads/codes/lab02-experimentacao-software/data/repos/javaparser__javaparser/javaparser-symbol-solver-core/src/main/java/com/github/javaparser/symbolsolver/resolution/typeinference/ControlFlowLogic.java,com.github.javaparser.symbolsolver.resolution.typeinference.ControlFlowLogic$Anonymous1,anonymous,11,11,0,11,14,1,0,12,28,0.0,0.0,0.0,8,0,8,0,0,0,8,0,0,0,0,0,0,0,0,0,0,0,0,39,10,0,0,0,0,0,1,1,1,1,1,0,0,0,30,-1,0
/Users/kaiohs/Downloads/codes/lab02-experimentacao-software/data/repos/javaparser__javaparser/javaparser-symbol-solver-testing/src/test/test_sourcecode/javasymbolsolver_0_6_0/src/java-symbol-solver-model/com/github/javaparser/symbolsolver/model/declarations/AnnotationDeclaration.java,com.github.javaparser.symbolsolver.model.declarations.AnnotationDeclaration,interface,1,3,2,1,0,1,0,0,0,0.0,-1.0,-1.0,0,0,0,0,0,0,0,0,0,0,0,0,0,0,0,0,0,0,0,2,0,0,0,0,0,0,0,0,0,0,0,0,0,0,6,1,0
/Users/kaiohs/Downloads/codes/lab02-experimentacao-software/data/repos/javaparser__javaparser/javaparser-symbol-solver-core/src/main/java/com/github/javaparser/symbolsolver/resolution/typeinference/BoundSet.java,com.github.javaparser.symbolsolver.resolution.typeinference.BoundSet,class,25,38,13,25,151,1,0,125,116,0.7708333,0.0,0.0,32,1,12,20,0,0,12,0,0,0,3,2,0,3,0,0,1,0,31,511,55,40,7,0,0,2,15,138,7,138,6,0,2,19,231,1,0
/Users/kaiohs/Downloads/codes/lab02-experimentacao-software/data/repos/javaparser__javaparser/javaparser-symbol-solver-core/src/main/java/com/github/javaparser/symbolsolver/javaparsermodel/contexts/SwitchEntryContext.java,com.github.javaparser.symbolsolver.javaparsermodel.contexts.SwitchEntryContext,class,19,35,2,33,15,2,0,33,6,0.0,0.0,0.0,4,0,4,0,0,0,4,0,0,0,0,0,0,0,0,0,0,0,7,50,6,2,1,0,0,0,0,7,0,9,5,0,0,2,45,1,0
/Users/kaiohs/Downloads/codes/lab02-experimentacao-software/data/repos/javaparser__javaparser/javaparser-core/src/main/java/com/github/javaparser/ast/validator/language_level_validations/Java5Validator.java,com.github.javaparser.ast.validator.language_level_validations.Java5Validator,class,15,16,1,15,7,7,1,14,0,0.0,NaN,NaN,1,0,1,0,0,0,1,0,0,0,4,0,0,0,1,3,4,0,0,43,0,0,1,0,2,6,1,7,2,15,3,0,0,5,64,1,0
/Users/kaiohs/Downloads/codes/lab02-experimentacao-software/data/repos/javaparser__javaparser/javaparser-core/src/main/java/com/github/javaparser/ast/expr/BooleanLiteralExpr.java,com.github.javaparser.ast.expr.BooleanLiteralExpr,class,12,55,42,13,15,4,0,9,79,0.71428573,0.0,0.0,14,0,14,0,0,0,14,0,0,0,1,0,0,1,0,0,0,0,1,52,10,0,1,0,0,11,0,1,0,1,1,0,0,0,57,1,0
/Users/kaiohs/Downloads/codes/lab02-experimentacao-software/data/repos/javaparser__javaparser/javaparser-symbol-solver-testing/src/test/resources/TypeResolutionWithSameNameTest/00_package_precedes_nested_class/extends_duplicate/A.java,extends_duplicate.A,class,2,4,2,2,0,4,2,0,0,0.0,-1.0,-1.0,0,0,0,0,0,0,0,0,0,0,0,0,0,0,0,0,0,0,0,4,0,0,0,0,0,0,0,0,0,0,0,0,1,0,4,1,0
/Users/kaiohs/Downloads/codes/lab02-experimentacao-software/data/repos/javaparser__javaparser/javaparser-core/src/main/java/com/github/javaparser/ast/validator/language_level_validations/Java16Validator.java,com.github.javaparser.ast.validator.language_level_validations.Java16Validator,class,2,4,2,2,1,18,2,2,0,0.0,NaN,NaN,1,0,1,0,0,0,1,0,0,0,0,0,0,0,0,0,0,0,0,12,0,0,0,0,0,0,0,0,0,0,1,0,0,0,31,1,0
/Users/kaiohs/Downloads/codes/lab02-experimentacao-software/data/repos/javaparser__javaparser/javaparser-symbol-solver-testing/src/test/resources/recursion-issue/Base.java,Base,interface,3,5,2,3,0,1,0,0,0,0.0,-1.0,-1.0,0,0,0,0,0,0,0,0,0,0,0,0,0,0,0,0,0,0,0,2,0,0,0,0,0,0,0,0,0,0,0,0,0,0,0,1,0
/Users/kaiohs/Downloads/codes/lab02-experimentacao-software/data/repos/javaparser__javaparser/javaparser-symbol-solver-testing/src/test/java/com/github/javaparser/symbolsolver/javassistmodel/JavassistInterfaceDeclarationTest.java,com.github.javaparser.symbolsolver.javassistmodel.JavassistInterfaceDeclarationTest,class,15,15,0,15,16,2,0,28,0,0.46875,0.0,0.0,16,0,0,0,0,16,16,0,0,0,2,0,0,2,0,0,0,0,0,134,0,0,0,0,0,26,7,23,0,23,1,1,1,2,57,0,0
/Users/kaiohs/Downloads/codes/lab02-experimentacao-software/data/repos/javaparser__javaparser/javaparser-core-testing/src/test/java/com/github/javaparser/ast/expr/DoubleLiteralExprTest.java,com.github.javaparser.ast.expr.DoubleLiteralExprTest,class,2,2,0,2,5,1,0,3,10,0.0,0.0,0.0,5,0,0,0,0,5,5,0,0,0,0,0,0,0,0,0,0,0,0,27,0,0,0,0,0,5,5,10,0,10,0,0,0,0,18,0,0
/Users/kaiohs/Downloads/codes/lab02-experimentacao-software/data/repos/javaparser__javaparser/javaparser-core/src/main/java/com/github/javaparser/ast/type/PrimitiveType.java,com.github.javaparser.ast.type.PrimitiveType,class,20,62,41,21,31,3,0,20,306,0.82142854,0.0,0.0,28,8,28,0,0,0,29,0,0,0,2,1,0,1,0,1,1,0,2,130,23,1,1,0,0,11,0,2,0,2,1,0,1,0,96,1,0
/Users/kaiohs/Downloads/codes/lab02-experimentacao-software/data/repos/javaparser__javaparser/javaparser-core-testing/src/test/java/com/github/javaparser/printer/lexicalpreservation/transformations/ast/body/AnnotationMemberDeclarationTransformationsTest.java,com.github.javaparser.printer.lexicalpreservation.transformations.ast.body.AnnotationMemberDeclarationTransformationsTest,class,15,16,1,15,20,2,0,27,190,0.95,0.0,0.0,20,0,2,0,1,17,20,0,0,0,1,1,0,1,0,0,1,0,0,100,1,0,0,0,0,54,5,18,5,18,0,0,0,0,79,0,0
/Users/kaiohs/Downloads/codes/lab02-experimentacao-software/data/repos/javaparser__javaparser/javaparser-core/src/main/java/com/github/javaparser/ast/nodeTypes/NodeWithIdentifier.java,com.github.javaparser.ast.nodeTypes.NodeWithIdentifier,interface,2,7,5,2,4,1,0,3,6,0.0,0.0,0.0,4,0,0,0,0,4,4,0,0,0,0,0,0,0,0,0,0,0,0,11,2,0,0,0,0,0,0,0,0,0,0,0,0,0,10,1,0
/Users/kaiohs/Downloads/codes/lab02-experimentacao-software/data/repos/javaparser__javaparser/javaparser-core-serialization/src/test/java/com/github/javaparser/serialization/JavaParserJsonSerializerTest.java,com.github.javaparser.serialization.JavaParserJsonSerializerTest,class,6,8,2,6,3,1,0,8,1,0.0,0.0,0.0,2,1,0,0,0,2,2,0,0,0,0,0,0,0,0,0,0,0,1,20,1,0,0,1,0,2,0,7,0,7,1,0,0,0,27,0,0
/Users/kaiohs/Downloads/codes/lab02-experimentacao-software/data/repos/javaparser__javaparser/javaparser-core-testing/src/test/java/com/github/javaparser/ast/stmt/YieldStmtTest.java,com.github.javaparser.ast.stmt.YieldStmtTest,class,10,10,0,10,9,1,0,11,36,0.0,0.0,0.0,9,0,0,0,0,9,9,0,0,0,0,0,0,0,0,0,0,0,21,60,0,0,0,0,0,29,0,18,2,8,0,0,0,0,34,0,0
/Users/kaiohs/Downloads/codes/lab02-experimentacao-software/data/repos/javaparser__javaparser/javaparser-core/src/main/java/com/github/javaparser/metamodel/ClassOrInterfaceDeclarationMetaModel.java,com.github.javaparser.metamodel.ClassOrInterfaceDeclarationMetaModel,class,5,7,2,5,1,5,0,0,0,0.0,NaN,NaN,1,0,0,0,0,1,1,0,0,0,6,0,6,0,0,0,0,0,0,11,0,0,0,0,0,4,0,0,0,6,0,0,0,0,46,1,0
/Users/kaiohs/Downloads/codes/lab02-experimentacao-software/data/repos/javaparser__javaparser/javaparser-core/src/main/java/com/github/javaparser/metamodel/AssertStmtMetaModel.java,com.github.javaparser.metamodel.AssertStmtMetaModel,class,5,7,2,5,1,4,0,0,0,0.0,NaN,NaN,1,0,0,0,0,1,1,0,0,0,2,0,2,0,0,0,0,0,0,7,0,0,0,0,0,4,0,0,0,2,0,0,0,0,38,1,0
/Users/kaiohs/Downloads/codes/lab02-experimentacao-software/data/repos/javaparser__javaparser/javaparser-symbol-solver-testing/src/test/java/com/github/javaparser/resolution/declarations/ResolvedParameterDeclarationTest.java,com.github.javaparser.resolution.declarations.ResolvedParameterDeclarationTest,interface,4,6,2,4,3,1,0,4,3,0.0,0.0,0.0,3,0,0,0,0,3,3,0,0,0,0,0,0,0,0,0,0,0,0,9,0,0,0,0,0,0,0,0,0,0,0,0,0,0,17,1,0
/Users/kaiohs/Downloads/codes/lab02-experimentacao-software/data/repos/javaparser__javaparser/javaparser-core/src/main/java/com/github/javaparser/ast/validator/postprocessors/Java25PostProcessor.java,com.github.javaparser.ast.validator.postprocessors.Java25PostProcessor,class,1,1,0,1,0,17,0,0,0,0.0,-1.0,-1.0,0,0,0,0,0,0,0,0,0,0,0,0,0,0,0,0,0,0,0,2,0,0,0,0,0,0,0,0,0,0,0,0,0,0,7,1,0
/Users/kaiohs/Downloads/codes/lab02-experimentacao-software/data/repos/javaparser__javaparser/javaparser-symbol-solver-testing/src/test/test_sourcecode/javaparser_new_src/javaparser-core/com/github/javaparser/ast/stmt/ExplicitConstructorInvocationStmt.java,ExplicitConstructorInvocationStmt,class,11,33,22,11,13,1,0,7,40,0.7115385,0.0,0.0,13,0,13,0,0,0,13,0,0,0,4,0,0,4,0,0,0,0,0,58,9,0,0,0,0,0,0,5,0,4,0,0,0,0,34,17,0
/Users/kaiohs/Downloads/codes/lab02-experimentacao-software/data/repos/javaparser__javaparser/javaparser-symbol-solver-testing/src/test/resources/javassist_symbols/main_jar/src/com/github/javaparser/javasymbolsolver/javassist_symbols/main_jar/ConcreteEnum.java,com.github.javaparser.javasymbolsolver.javassist_symbols.main_jar.ConcreteEnum,enum,0,0,0,0,0,1,0,0,0,NaN,-1.0,-1.0,0,0,0,0,0,0,0,0,0,0,2,2,2,0,0,0,2,0,0,3,0,0,0,0,0,2,0,2,0,2,0,0,0,0,20,1,0
/Users/kaiohs/Downloads/codes/lab02-experimentacao-software/data/repos/javaparser__javaparser/javaparser-symbol-solver-testing/src/test/resources/issue4450/a/RefClass2.java,a.RefClass2,class,0,0,0,0,0,1,0,0,0,NaN,-1.0,-1.0,0,0,0,0,0,0,0,0,0,0,2,1,2,0,0,0,0,0,0,4,0,0,0,0,0,0,0,0,0,2,0,0,0,0,7,1,0
/Users/kaiohs/Downloads/codes/lab02-experimentacao-software/data/repos/javaparser__javaparser/javaparser-symbol-solver-testing/src/test/test_sourcecode/javaparser_new_src/javaparser-core/com/github/javaparser/ast/stmt/ExpressionStmt.java,ExpressionStmt,class,8,58,50,8,7,1,0,3,9,0.42857143,0.0,0.0,7,0,7,0,0,0,7,0,0,0,1,0,0,1,0,0,0,0,0,26,3,0,0,0,0,0,0,1,0,1,0,0,0,0,19,17,0
/Users/kaiohs/Downloads/codes/lab02-experimentacao-software/data/repos/javaparser__javaparser/javaparser-core/src/main/java/com/github/javaparser/resolution/types/parametrization/ResolvedTypeParameterValueProvider.java,com.github.javaparser.resolution.types.parametrization.ResolvedTypeParameterValueProvider,interface,5,12,7,5,13,1,0,19,3,0.0,0.0,0.0,3,0,0,0,0,3,3,0,0,0,0,0,0,0,0,0,0,0,2,29,4,0,0,0,1,0,0,5,0,3,4,0,0,0,38,1,0
/Users/kaiohs/Downloads/codes/lab02-experimentacao-software/data/repos/javaparser__javaparser/javaparser-symbol-solver-testing/src/test/test_sourcecode/javasymbolsolver_0_6_0/src/java-symbol-solver-model/com/github/javaparser/symbolsolver/model/typesystem/TypeTransformer.java,com.github.javaparser.symbolsolver.model.typesystem.TypeTransformer,interface,1,2,1,1,1,1,0,0,0,0.0,NaN,NaN,1,0,0,0,0,1,1,0,0,0,0,0,0,0,0,0,0,0,0,3,0,0,0,0,0,0,0,0,0,0,0,0,0,0,6,1,0
/Users/kaiohs/Downloads/codes/lab02-experimentacao-software/data/repos/javaparser__javaparser/javaparser-core/src/main/java/com/github/javaparser/ast/expr/ObjectCreationExpr.java,com.github.javaparser.ast.expr.ObjectCreationExpr,class,23,77,51,26,62,3,0,47,248,0.7642857,0.0,0.0,28,0,28,0,0,0,28,0,0,0,5,0,0,5,0,0,0,0,4,201,37,6,28,0,1,22,6,12,0,11,3,0,0,0,124,1,0
/Users/kaiohs/Downloads/codes/lab02-experimentacao-software/data/repos/javaparser__javaparser/javaparser-symbol-solver-testing/src/test/test_sourcecode/javaparser_new_src/javaparser-core/com/github/javaparser/ast/stmt/BreakStmt.java,BreakStmt,class,8,25,17,8,7,1,0,1,9,0.42857143,0.0,0.0,7,0,7,0,0,0,7,0,0,0,1,0,0,1,0,0,0,0,0,25,3,0,0,0,0,0,0,3,0,1,0,0,0,0,16,17,0
/Users/kaiohs/Downloads/codes/lab02-experimentacao-software/data/repos/javaparser__javaparser/javaparser-core-testing-bdd/src/test/resources/com/github/javaparser/samples/JavaConcepts.java,japa.bdd.samples.JavaConcepts$QWE,innerclass,3,3,0,3,7,3,0,2,3,0.8333334,0.0,0.0,3,0,2,1,0,0,2,0,0,1,2,0,0,0,0,2,1,0,0,47,1,0,1,0,0,1,19,10,0,8,2,0,0,0,21,2,0
/Users/kaiohs/Downloads/codes/lab02-experimentacao-software/data/repos/javaparser__javaparser/javaparser-core-testing/src/test/test_sourcecode/com/github/javaparser/printer/JavaConceptsEnums.java,japa.bdd.samples.JavaConceptsEnums$Enum$Anonymous1,anonymous,0,0,0,0,1,1,0,0,0,0.0,NaN,NaN,1,0,0,0,0,1,1,0,0,0,0,0,0,0,0,0,0,0,0,4,0,0,0,0,0,0,0,0,0,0,0,0,0,0,1,-1,0
/Users/kaiohs/Downloads/codes/lab02-experimentacao-software/data/repos/javaparser__javaparser/javaparser-symbol-solver-core/src/main/java/com/github/javaparser/symbolsolver/core/resolution/TypeVariableResolutionCapability.java,com.github.javaparser.symbolsolver.core.resolution.TypeVariableResolutionCapability,interface,3,12,9,3,1,1,0,0,0,0.0,NaN,NaN,1,0,0,0,0,1,1,0,0,0,0,0,0,0,0,0,0,0,0,3,0,0,0,0,0,0,0,0,0,0,0,0,0,0,11,1,0
/Users/kaiohs/Downloads/codes/lab02-experimentacao-software/data/repos/javaparser__javaparser/javaparser-core-testing/src/test/test_sourcecode/com/github/javaparser/printer/JavaConceptsEnums.java,japa.bdd.samples.JavaConceptsEnums$Enum$Anonymous2,anonymous,0,0,0,0,1,1,0,0,0,0.0,NaN,NaN,1,0,0,0,0,1,1,0,0,0,0,0,0,0,0,0,0,0,0,4,0,0,0,0,0,0,0,0,0,0,0,0,0,0,1,-1,0
/Users/kaiohs/Downloads/codes/lab02-experimentacao-software/data/repos/javaparser__javaparser/javaparser-core/src/main/java/com/github/javaparser/printer/lexicalpreservation/TextElementSequence.java,com.github.javaparser.printer.lexicalpreservation.TextElementSequence,interface,3,5,2,3,26,1,0,8,325,0.0,0.0,0.0,26,0,0,0,0,26,26,0,0,0,0,0,0,0,0,0,0,0,4,40,6,0,0,0,0,0,1,0,0,4,0,0,0,4,201,1,0
/Users/kaiohs/Downloads/codes/lab02-experimentacao-software/data/repos/javaparser__javaparser/javaparser-core/src/main/java/com/github/javaparser/ast/validator/language_level_validations/Java20Validator.java,com.github.javaparser.ast.validator.language_level_validations.Java20Validator,class,1,2,1,1,1,22,1,0,0,0.0,NaN,NaN,1,0,1,0,0,0,1,0,0,0,0,0,0,0,0,0,0,0,0,5,0,0,0,0,0,0,0,0,0,0,0,0,0,0,14,1,0
/Users/kaiohs/Downloads/codes/lab02-experimentacao-software/data/repos/javaparser__javaparser/javaparser-symbol-solver-testing/src/test/java/com/github/javaparser/symbolsolver/javaparsermodel/DifferentiateDotExpressionTest.java,com.github.javaparser.symbolsolver.javaparsermodel.DifferentiateDotExpressionTest,class,14,14,0,14,5,3,0,10,0,0.0,0.0,0.0,5,0,0,0,0,5,5,0,0,0,1,0,0,1,0,0,0,0,1,57,0,0,0,0,4,23,0,28,0,28,0,0,0,0,51,0,0
/Users/kaiohs/Downloads/codes/lab02-experimentacao-software/data/repos/javaparser__javaparser/javaparser-core-testing/src/test/java/com/github/javaparser/ast/validator/Java15PreviewValidatorTest.java,com.github.javaparser.ast.validator.Java15PreviewValidatorTest,class,2,2,0,2,0,1,0,1,0,NaN,-1.0,-1.0,0,0,0,0,0,0,0,0,0,0,1,0,0,1,0,0,1,0,0,41,0,0,0,0,0,0,0,1,0,1,0,0,1,0,18,0,0
/Users/kaiohs/Downloads/codes/lab02-experimentacao-software/data/repos/javaparser__javaparser/javaparser-core/src/main/java/com/github/javaparser/UnicodeEscapeProcessingProvider.java,com.github.javaparser.UnicodeEscapeProcessingProvider$LineCounter,innerclass,2,2,0,2,10,1,0,3,7,0.6666667,0.0,0.0,6,0,5,1,0,0,5,0,0,0,3,0,0,3,0,0,0,0,0,51,4,0,0,0,0,0,3,6,0,3,2,0,0,0,42,25,0
/Users/kaiohs/Downloads/codes/lab02-experimentacao-software/data/repos/javaparser__javaparser/javaparser-core/src/main/java/com/github/javaparser/ast/expr/ArrayCreationExpr.java,com.github.javaparser.ast.expr.ArrayCreationExpr,class,22,62,38,24,42,3,0,28,186,0.72222215,0.0,0.0,24,0,24,0,0,0,24,0,0,0,3,0,0,3,0,0,0,0,4,143,28,3,15,0,0,18,3,8,0,7,2,0,0,0,94,1,0
/Users/kaiohs/Downloads/codes/lab02-experimentacao-software/data/repos/javaparser__javaparser/javaparser-core-testing/src/test/java/com/github/javaparser/printer/lexicalpreservation/IndentationCalculatorTest.java,com.github.javaparser.printer.lexicalpreservation.IndentationCalculatorTest$ExtractIndentationFromTokensTests,innerclass,5,5,0,5,7,1,0,11,21,0.0,0.0,0.0,7,0,0,0,0,7,7,0,0,0,0,0,0,0,0,0,0,0,7,37,0,0,0,0,0,12,4,13,0,13,0,0,0,0,46,0,0
/Users/kaiohs/Downloads/codes/lab02-experimentacao-software/data/repos/javaparser__javaparser/javaparser-core-testing/src/test/java/com/github/javaparser/ast/body/MethodDeclarationTest.java,com.github.javaparser.ast.body.MethodDeclarationTest,class,3,3,0,3,16,1,0,18,120,0.0,0.0,0.0,16,0,0,0,0,16,16,0,0,0,0,0,0,0,0,0,0,0,0,88,0,0,0,0,0,34,0,29,0,22,0,0,0,0,61,0,0
/Users/kaiohs/Downloads/codes/lab02-experimentacao-software/data/repos/javaparser__javaparser/javaparser-core-testing/src/test/java/com/github/javaparser/ast/NodePositionTest.java,com.github.javaparser.ast.NodePositionTest,class,7,8,1,7,11,1,0,22,36,0.0,0.0,0.0,9,0,0,2,0,7,7,0,0,0,0,0,0,0,0,0,0,0,0,41,1,0,1,0,0,11,1,3,1,5,2,0,0,2,51,0,0
/Users/kaiohs/Downloads/codes/lab02-experimentacao-software/data/repos/javaparser__javaparser/javaparser-core/src/main/java/com/github/javaparser/ast/expr/MethodCallExpr.java,com.github.javaparser.ast.expr.MethodCallExpr,class,23,106,80,26,64,3,0,51,306,0.7045455,0.0,0.0,33,0,30,2,1,0,31,0,0,0,4,0,0,4,0,0,0,0,3,199,38,4,21,0,1,20,4,8,0,9,3,0,0,1,107,1,0
/Users/kaiohs/Downloads/codes/lab02-experimentacao-software/data/repos/javaparser__javaparser/javaparser-symbol-solver-testing/src/test/test_sourcecode/javaparser_new_src/javaparser-core/com/github/javaparser/ast/visitor/DumpVisitor.java,com.github.javaparser.ast.visitor.DumpVisitor$SourcePrinter,innerclass,1,1,0,1,11,1,0,7,6,0.6111111,0.0,0.0,9,0,8,1,0,0,8,0,0,0,4,0,0,4,0,0,2,0,0,41,2,1,0,0,0,0,2,7,0,5,1,0,0,0,23,9,0
/Users/kaiohs/Downloads/codes/lab02-experimentacao-software/data/repos/javaparser__javaparser/javaparser-symbol-solver-testing/src/test/resources/internalClassInInterface/foo/bar/AnInterface.java,foo.bar.AnInterface$ListChangeType,enum,0,0,0,0,0,1,0,0,0,0.0,-1.0,-1.0,0,0,0,0,0,0,0,0,0,0,0,0,0,0,0,0,0,0,0,1,0,0,0,0,0,0,0,0,0,0,0,0,0,0,11,0,0
/Users/kaiohs/Downloads/codes/lab02-experimentacao-software/data/repos/javaparser__javaparser/javaparser-symbol-solver-core/src/main/java/com/github/javaparser/symbolsolver/javaparsermodel/declarations/JavaParserEnumConstantDeclaration.java,com.github.javaparser.symbolsolver.javaparsermodel.declarations.JavaParserEnumConstantDeclaration,class,9,16,2,14,5,1,0,4,0,0.3,0.0,0.0,5,0,5,0,0,0,5,0,0,0,2,0,0,2,0,0,0,0,2,20,4,0,0,0,0,0,0,2,0,2,0,0,0,0,30,1,0
/Users/kaiohs/Downloads/codes/lab02-experimentacao-software/data/repos/javaparser__javaparser/javaparser-core-testing/src/test/java/com/github/javaparser/ast/ObservationTest.java,com.github.javaparser.ast.ObservationTest,class,5,5,0,5,7,1,0,23,21,0.0,0.0,0.0,7,0,0,0,0,7,7,0,0,0,0,0,0,0,0,0,0,0,0,129,0,0,0,0,0,98,14,28,0,28,0,7,0,0,49,1,0
/Users/kaiohs/Downloads/codes/lab02-experimentacao-software/data/repos/javaparser__javaparser/javaparser-core/src/main/java/com/github/javaparser/metamodel/LiteralStringValueExprMetaModel.java,com.github.javaparser.metamodel.LiteralStringValueExprMetaModel,class,5,13,8,5,2,5,6,0,1,0.5,0.0,0.0,2,0,0,0,1,1,2,0,0,0,1,0,1,0,0,0,0,0,0,9,0,0,0,0,0,5,0,0,0,1,0,0,0,0,40,1,0
/Users/kaiohs/Downloads/codes/lab02-experimentacao-software/data/repos/javaparser__javaparser/javaparser-core-testing/src/test/java/com/github/javaparser/printer/lexicalpreservation/Issue2290Test.java,com.github.javaparser.printer.lexicalpreservation.Issue2290Test,class,3,3,0,3,2,2,0,9,0,0.0,NaN,NaN,1,0,1,0,0,0,1,0,0,0,0,0,0,0,0,0,0,0,0,11,0,0,1,0,0,8,3,3,2,2,0,0,0,0,21,1,0
/Users/kaiohs/Downloads/codes/lab02-experimentacao-software/data/repos/javaparser__javaparser/javaparser-core/src/main/java/com/github/javaparser/utils/Optionals.java,com.github.javaparser.utils.Optionals,class,1,2,1,1,4,1,0,3,1,0.0,NaN,NaN,2,1,1,1,0,0,1,0,0,0,0,0,0,0,0,0,0,0,1,14,2,1,0,0,0,1,0,1,0,1,2,0,0,0,60,17,0
/Users/kaiohs/Downloads/codes/lab02-experimentacao-software/data/repos/javaparser__javaparser/javaparser-symbol-solver-testing/src/test/java/com/github/javaparser/symbolsolver/Issue2878Test.java,com.github.javaparser.symbolsolver.Issue2878Test,class,10,10,0,10,1,3,0,10,0,0.0,NaN,NaN,1,0,0,0,0,1,1,0,0,0,0,0,0,0,0,0,0,0,1,16,0,0,0,0,0,20,4,6,1,6,0,0,0,0,42,0,0
/Users/kaiohs/Downloads/codes/lab02-experimentacao-software/data/repos/javaparser__javaparser/javaparser-symbol-solver-testing/src/test/test_sourcecode/javaparser_new_src/javaparser-core/com/github/javaparser/ast/stmt/AssertStmt.java,AssertStmt,class,8,22,14,8,10,1,0,4,15,0.55,0.0,0.0,10,0,10,0,0,0,10,0,0,0,2,0,0,2,0,0,0,0,0,40,5,0,0,0,0,0,0,2,0,2,0,0,0,0,23,17,0
/Users/kaiohs/Downloads/codes/lab02-experimentacao-software/data/repos/javaparser__javaparser/javaparser-core-testing/src/test/java/com/github/javaparser/builders/ClassOrInterfaceDeclarationBuildersTest.java,com.github.javaparser.builders.ClassOrInterfaceDeclarationBuildersTest,class,5,5,0,5,4,1,0,16,0,0.0,0.0,0.0,4,0,0,0,0,4,4,0,0,0,1,0,0,0,0,1,0,0,0,25,0,0,0,0,0,6,8,4,2,3,0,0,0,0,18,0,0
/Users/kaiohs/Downloads/codes/lab02-experimentacao-software/data/repos/javaparser__javaparser/javaparser-symbol-solver-testing/src/test/test_sourcecode/javaparser_new_src/javaparser-core/com/github/javaparser/JavaParser.java,JavaParser,class,17,116,99,17,26,1,0,16,206,0.9047619,0.0,0.0,21,17,19,2,0,0,19,0,0,0,2,0,0,2,0,0,1,0,0,96,21,0,1,2,0,0,0,7,0,6,2,0,0,0,135,17,0
/Users/kaiohs/Downloads/codes/lab02-experimentacao-software/data/repos/javaparser__javaparser/javaparser-symbol-solver-core/src/main/java/com/github/javaparser/symbolsolver/javaparsermodel/JavaParserFacade.java,com.github.javaparser.symbolsolver.javaparsermodel.JavaParserFacade,class,62,154,48,106,125,1,0,136,391,0.8831909,0.0,0.0,39,2,29,4,6,0,35,0,0,1,9,4,0,9,0,0,8,0,41,437,60,10,7,3,8,27,2,90,8,80,5,2,0,12,310,1,2
/Users/kaiohs/Downloads/codes/lab02-experimentacao-software/data/repos/javaparser__javaparser/javaparser-core/src/main/java/com/github/javaparser/ast/stmt/ExpressionStmt.java,com.github.javaparser.ast.stmt.ExpressionStmt,class,15,47,32,15,18,3,0,12,71,0.64285713,0.0,0.0,14,0,14,0,0,0,14,0,0,0,1,0,0,1,0,0,0,0,1,62,12,0,4,0,0,12,0,1,0,1,1,0,0,0,66,1,0
/Users/kaiohs/Downloads/codes/lab02-experimentacao-software/data/repos/javaparser__javaparser/javaparser-core/src/main/java/com/github/javaparser/ast/PackageDeclaration.java,com.github.javaparser.ast.PackageDeclaration,class,16,47,30,17,25,2,0,19,37,0.5714286,0.0,0.0,14,0,14,0,0,0,14,0,0,0,2,0,0,2,0,0,0,0,0,87,16,2,9,0,0,11,2,5,0,4,2,0,0,0,67,1,0
/Users/kaiohs/Downloads/codes/lab02-experimentacao-software/data/repos/javaparser__javaparser/javaparser-core/src/main/java/com/github/javaparser/utils/SourceRoot.java,com.github.javaparser.utils.SourceRoot$ParallelParse$VisitFileCallback,interface,0,0,0,0,1,1,0,0,0,0.0,NaN,NaN,1,0,0,0,0,1,1,0,0,0,0,0,0,0,0,0,0,0,0,3,0,0,0,0,0,0,0,0,0,0,0,0,0,0,9,0,0
/Users/kaiohs/Downloads/codes/lab02-experimentacao-software/data/repos/javaparser__javaparser/javaparser-core/src/main/java/com/github/javaparser/printer/lexicalpreservation/TextElementIteratorsFactory.java,com.github.javaparser.printer.lexicalpreservation.TextElementIteratorsFactory$Anonymous1,anonymous,1,1,0,1,1,1,0,1,0,0.0,NaN,NaN,1,0,1,0,0,0,1,0,0,0,0,0,0,0,0,0,0,0,0,5,0,0,0,0,0,0,0,0,0,0,0,0,0,0,2,-1,0
/Users/kaiohs/Downloads/codes/lab02-experimentacao-software/data/repos/javaparser__javaparser/javaparser-symbol-solver-testing/src/test/java/com/github/javaparser/symbolsolver/Issue4723Test.java,com.github.javaparser.symbolsolver.Issue4723Test,class,8,8,0,8,1,1,0,8,0,0.0,NaN,NaN,1,0,0,0,0,1,1,0,0,0,0,0,0,0,0,0,0,0,0,11,0,0,0,0,0,8,0,5,1,5,0,0,0,0,28,1,0
/Users/kaiohs/Downloads/codes/lab02-experimentacao-software/data/repos/javaparser__javaparser/javaparser-core/src/main/java/com/github/javaparser/resolution/types/parametrization/ResolvedTypeParametrized.java,com.github.javaparser.resolution.types.parametrization.ResolvedTypeParametrized,interface,1,3,2,1,1,1,0,0,0,0.0,NaN,NaN,1,0,0,0,0,1,1,0,0,0,0,0,0,0,0,0,0,0,0,3,0,0,0,0,0,0,0,0,0,0,0,0,0,0,13,1,0
/Users/kaiohs/Downloads/codes/lab02-experimentacao-software/data/repos/javaparser__javaparser/javaparser-symbol-solver-testing/src/test/test_sourcecode/javaparser_new_src/javaparser-core/com/github/javaparser/ast/comments/JavadocComment.java,JavadocComment,class,6,21,15,6,5,1,0,1,10,0.0,0.0,0.0,5,0,5,0,0,0,5,0,0,0,0,0,0,0,0,0,0,0,0,16,1,0,0,0,0,0,0,0,0,0,0,0,0,0,11,17,0
/Users/kaiohs/Downloads/codes/lab02-experimentacao-software/data/repos/javaparser__javaparser/javaparser-core-serialization/src/main/java/com/github/javaparser/serialization/JavaParserJsonDeserializer.java,com.github.javaparser.serialization.JavaParserJsonDeserializer,class,16,18,2,16,24,1,0,48,28,0.0,0.0,0.0,8,0,1,3,4,0,5,0,0,0,0,0,0,0,0,0,0,0,3,98,9,2,2,1,0,5,0,18,3,20,4,0,0,3,159,1,1
/Users/kaiohs/Downloads/codes/lab02-experimentacao-software/data/repos/javaparser__javaparser/javaparser-core/src/main/java/com/github/javaparser/ast/visitor/HashCodeVisitor.java,com.github.javaparser.ast.visitor.HashCodeVisitor,class,115,117,2,115,255,1,0,306,5460,0.9904762,0.0,0.0,105,1,104,1,0,0,104,0,0,0,1,1,0,1,0,0,1,0,0,321,104,1,0,0,354,0,414,3,503,2,1,0,0,0,146,1,0
/Users/kaiohs/Downloads/codes/lab02-experimentacao-software/data/repos/javaparser__javaparser/javaparser-symbol-solver-testing/src/test/java/com/github/javaparser/symbolsolver/resolution/typesolvers/MemoryTypeSolverTest.java,com.github.javaparser.symbolsolver.resolution.typesolvers.MemoryTypeSolverTest,class,5,6,1,5,7,3,0,15,15,0.0,0.0,0.0,6,1,2,1,0,3,5,0,0,0,0,0,0,0,0,0,0,0,5,41,1,1,0,0,0,0,0,9,0,9,1,0,0,0,71,0,0
/Users/kaiohs/Downloads/codes/lab02-experimentacao-software/data/repos/javaparser__javaparser/javaparser-symbol-solver-core/src/main/java/com/github/javaparser/symbolsolver/resolution/typeinference/bounds/CapturesBound.java,com.github.javaparser.symbolsolver.resolution.typeinference.bounds.CapturesBound,class,5,7,2,5,12,2,0,5,0,0.375,0.0,0.0,8,0,8,0,0,0,8,0,0,0,2,0,0,2,0,0,0,0,0,35,8,0,3,0,0,3,1,5,4,4,1,0,0,0,53,1,0
/Users/kaiohs/Downloads/codes/lab02-experimentacao-software/data/repos/javaparser__javaparser/javaparser-symbol-solver-testing/src/test/resources/issue128/foo/Issue128.java,foo.JavaTest,class,0,0,0,0,1,1,0,1,0,0.0,NaN,NaN,1,0,1,0,0,0,1,0,0,0,0,0,0,0,0,0,0,0,0,5,0,0,0,0,0,0,0,0,0,0,0,0,0,0,4,1,0
/Users/kaiohs/Downloads/codes/lab02-experimentacao-software/data/repos/javaparser__javaparser/javaparser-symbol-solver-testing/src/test/resources/differentiate_dot_expressions/com/packageName/InnerClassFieldContainer.java,FieldContainer,class,2,10,8,2,3,1,0,0,3,1.0,0.0,0.0,3,0,3,0,0,0,3,0,0,0,1,0,0,0,0,1,0,0,0,12,3,0,0,0,0,3,0,1,0,1,0,0,0,0,7,0,0
/Users/kaiohs/Downloads/codes/lab02-experimentacao-software/data/repos/javaparser__javaparser/javaparser-core/src/main/java/com/github/javaparser/metamodel/DoStmtMetaModel.java,com.github.javaparser.metamodel.DoStmtMetaModel,class,5,7,2,5,1,4,0,0,0,0.0,NaN,NaN,1,0,0,0,0,1,1,0,0,0,2,0,2,0,0,0,0,0,0,7,0,0,0,0,0,4,0,0,0,2,0,0,0,0,38,1,0
/Users/kaiohs/Downloads/codes/lab02-experimentacao-software/data/repos/javaparser__javaparser/javaparser-core-testing/src/test/java/com/github/javaparser/utils/CodeGenerationUtilsTest.java,com.github.javaparser.utils.CodeGenerationUtilsTest,class,1,1,0,1,3,1,0,6,3,0.0,0.0,0.0,3,0,0,0,0,3,3,0,0,0,0,0,0,0,0,0,0,0,0,20,0,0,0,0,0,22,0,1,0,1,0,0,0,1,19,0,0
/Users/kaiohs/Downloads/codes/lab02-experimentacao-software/data/repos/javaparser__javaparser/javaparser-symbol-solver-core/src/main/java/com/github/javaparser/symbolsolver/javassistmodel/JavassistMethodLikeDeclarationAdapter.java,com.github.javaparser.symbolsolver.javassistmodel.JavassistMethodLikeDeclarationAdapter,class,14,17,3,14,18,1,0,21,0,0.3214286,0.0,0.0,7,0,7,0,0,0,7,0,0,0,4,0,0,4,0,0,0,0,9,65,8,0,7,1,2,3,5,15,1,14,2,0,0,1,49,1,0
/Users/kaiohs/Downloads/codes/lab02-experimentacao-software/data/repos/javaparser__javaparser/javaparser-symbol-solver-testing/src/test/resources/issue300/Issue300.java,Issue300,class,0,0,0,0,0,1,0,0,0,0.0,-1.0,-1.0,0,0,0,0,0,0,0,0,0,0,0,0,0,0,0,0,0,0,0,10,0,0,0,0,0,0,0,0,0,0,0,0,2,0,1,1,0
/Users/kaiohs/Downloads/codes/lab02-experimentacao-software/data/repos/javaparser__javaparser/javaparser-symbol-solver-core/src/main/java/com/github/javaparser/symbolsolver/javaparsermodel/contexts/ClassOrInterfaceDeclarationExtendsContext.java,com.github.javaparser.symbolsolver.javaparsermodel.contexts.ClassOrInterfaceDeclarationExtendsContext,class,7,8,1,7,4,2,0,6,1,0.0,0.0,0.0,2,0,2,0,0,0,2,0,0,0,0,0,0,0,0,0,0,0,1,13,2,1,0,0,0,0,0,0,0,0,2,0,0,0,26,1,0
/Users/kaiohs/Downloads/codes/lab02-experimentacao-software/data/repos/javaparser__javaparser/javaparser-symbol-solver-testing/src/test/java/com/github/javaparser/symbolsolver/Issue3184Test.java,com.github.javaparser.symbolsolver.Issue3184Test,class,8,8,0,8,2,2,0,17,0,0.0,NaN,NaN,1,0,0,0,0,1,1,0,0,0,0,0,0,0,0,0,0,0,0,19,0,1,0,0,0,12,0,7,1,8,2,0,0,1,35,1,0
/Users/kaiohs/Downloads/codes/lab02-experimentacao-software/data/repos/javaparser__javaparser/javaparser-core/src/main/java/com/github/javaparser/resolution/declarations/ResolvedConstructorDeclaration.java,com.github.javaparser.resolution.declarations.ResolvedConstructorDeclaration,interface,2,46,44,2,1,1,0,0,0,0.0,NaN,NaN,1,0,0,0,0,1,1,0,0,0,0,0,0,0,0,0,0,0,0,3,0,0,0,0,0,0,0,0,0,0,0,0,0,0,21,1,0
/Users/kaiohs/Downloads/codes/lab02-experimentacao-software/data/repos/javaparser__javaparser/javaparser-core/src/main/java/com/github/javaparser/metamodel/StatementMetaModel.java,com.github.javaparser.metamodel.StatementMetaModel,class,4,28,24,4,2,3,22,0,1,0.0,0.0,0.0,2,0,0,0,1,1,2,0,0,0,0,0,0,0,0,0,0,0,0,8,0,0,0,0,0,5,0,0,0,0,0,0,0,0,35,1,0
/Users/kaiohs/Downloads/codes/lab02-experimentacao-software/data/repos/javaparser__javaparser/javaparser-symbol-solver-testing/src/test/java/com/github/javaparser/symbolsolver/javassistmodel/JavassistClassDeclarationTest.java,com.github.javaparser.symbolsolver.javassistmodel.JavassistClassDeclarationTest$TestIsAssignableBy,innerclass,8,8,0,8,6,1,0,8,15,0.0,0.0,0.0,6,0,0,0,0,6,6,0,0,0,0,0,0,0,0,0,0,0,0,32,0,0,0,0,0,9,1,9,0,9,0,0,0,0,32,0,0
/Users/kaiohs/Downloads/codes/lab02-experimentacao-software/data/repos/javaparser__javaparser/javaparser-symbol-solver-core/src/main/java/com/github/javaparser/symbolsolver/javassistmodel/JavassistFieldDeclaration.java,com.github.javaparser.symbolsolver.javassistmodel.JavassistFieldDeclaration,class,11,22,6,16,12,1,0,12,3,0.5,0.0,0.0,10,0,10,0,0,0,10,0,0,0,2,0,0,2,0,0,0,0,5,45,9,0,1,1,0,0,0,5,0,4,2,0,0,0,33,1,0
/Users/kaiohs/Downloads/codes/lab02-experimentacao-software/data/repos/javaparser__javaparser/javaparser-symbol-solver-testing/src/test/resources/issue1945/issue1945/interfaces/HairType.java,issue1945.interfaces.HairType,interface,2,7,5,2,1,1,0,0,0,0.0,NaN,NaN,1,0,0,0,0,1,1,0,0,0,0,0,0,0,0,0,0,0,0,3,0,0,0,0,0,0,0,0,0,0,0,0,0,0,3,1,0
/Users/kaiohs/Downloads/codes/lab02-experimentacao-software/data/repos/javaparser__javaparser/javaparser-core-testing/src/test/java/com/github/javaparser/ast/type/ClassOrInterfaceTypeTest.java,com.github.javaparser.ast.type.ClassOrInterfaceTypeTest$Anonymous1,anonymous,1,1,0,1,1,1,0,2,0,0.0,NaN,NaN,1,0,1,0,0,0,1,0,0,0,0,0,0,0,0,0,0,0,0,6,0,0,0,0,0,0,0,0,0,0,0,0,0,0,9,-1,0
/Users/kaiohs/Downloads/codes/lab02-experimentacao-software/data/repos/javaparser__javaparser/javaparser-core/src/main/java/com/github/javaparser/printer/lexicalpreservation/IndentationConstants.java,com.github.javaparser.printer.lexicalpreservation.IndentationConstants,class,0,0,0,0,1,1,0,0,0,1.0,-1.0,-1.0,1,0,0,1,0,0,0,0,0,0,1,1,1,0,0,0,1,0,0,6,0,0,0,0,0,1,1,1,0,1,0,0,0,0,52,17,0
/Users/kaiohs/Downloads/codes/lab02-experimentacao-software/data/repos/javaparser__javaparser/javaparser-core/src/main/java/com/github/javaparser/ast/validator/language_level_validations/Java1_1Validator.java,com.github.javaparser.ast.validator.language_level_validations.Java1_1Validator,class,9,10,1,9,3,3,1,6,0,0.0,NaN,NaN,1,0,1,0,0,0,1,0,0,0,1,0,0,0,0,1,1,0,0,11,0,0,0,0,0,1,0,1,0,4,1,0,0,2,30,1,0
/Users/kaiohs/Downloads/codes/lab02-experimentacao-software/data/repos/javaparser__javaparser/javaparser-core-testing/src/test/java/com/github/javaparser/printer/lexicalpreservation/DifferenceApplyLeftoverRulesTest.java,com.github.javaparser.printer.lexicalpreservation.DifferenceApplyLeftoverRulesTest,class,9,10,1,9,13,2,0,21,78,0.0,0.0,0.0,13,0,0,1,0,12,12,0,0,0,0,0,0,0,0,0,0,0,0,110,1,0,0,0,0,148,8,30,19,30,0,0,0,0,108,0,0
/Users/kaiohs/Downloads/codes/lab02-experimentacao-software/data/repos/javaparser__javaparser/javaparser-symbol-solver-testing/src/test/resources/internalClassInInterface/foo/bar/AClass.java,AClass,class,1,1,0,1,0,1,0,0,0,NaN,-1.0,-1.0,0,0,0,0,0,0,0,0,0,0,2,2,0,0,0,2,0,0,0,4,0,0,0,0,0,0,0,2,0,2,0,0,0,0,5,0,0
/Users/kaiohs/Downloads/codes/lab02-experimentacao-software/data/repos/javaparser__javaparser/javaparser-core/src/main/java/com/github/javaparser/ast/validator/language_level_validations/Java10Validator.java,com.github.javaparser.ast.validator.language_level_validations.Java10Validator,class,6,8,2,6,1,12,2,1,0,0.0,NaN,NaN,1,0,1,0,0,0,1,0,0,0,1,0,0,0,0,1,1,0,0,9,0,0,0,0,0,0,0,1,0,1,1,0,0,0,26,1,0
/Users/kaiohs/Downloads/codes/lab02-experimentacao-software/data/repos/javaparser__javaparser/javaparser-core/src/main/java/com/github/javaparser/utils/PositionUtils.java,com.github.javaparser.utils.PositionUtils,class,12,21,4,17,36,1,0,33,66,0.0,0.0,0.0,12,11,7,5,0,0,7,0,0,0,0,0,0,0,0,0,0,0,21,109,25,0,6,0,1,2,8,14,5,22,2,0,0,7,102,17,0
/Users/kaiohs/Downloads/codes/lab02-experimentacao-software/data/repos/javaparser__javaparser/javaparser-symbol-solver-testing/src/test/test_sourcecode/javaparser_new_src/javaparser-core/com/github/javaparser/ast/Example.java,com.github.javaparser.ast.Example,class,1,1,0,1,1,1,0,2,0,0.0,NaN,NaN,1,1,1,0,0,0,1,0,0,0,0,0,0,0,0,0,0,0,0,7,0,0,0,0,0,10,0,3,1,3,0,0,0,0,30,1,0
/Users/kaiohs/Downloads/codes/lab02-experimentacao-software/data/repos/javaparser__javaparser/javaparser-core/src/main/java/com/github/javaparser/metamodel/WhileStmtMetaModel.java,com.github.javaparser.metamodel.WhileStmtMetaModel,class,5,7,2,5,1,4,0,0,0,0.0,NaN,NaN,1,0,0,0,0,1,1,0,0,0,2,0,2,0,0,0,0,0,0,7,0,0,0,0,0,4,0,0,0,2,0,0,0,0,38,1,0
/Users/kaiohs/Downloads/codes/lab02-experimentacao-software/data/repos/javaparser__javaparser/javaparser-symbol-solver-testing/src/test/java/com/github/javaparser/symbolsolver/Issue3100Test.java,com.github.javaparser.symbolsolver.Issue3100Test$Anonymous1,anonymous,2,2,0,2,1,1,0,1,0,0.0,NaN,NaN,1,0,1,0,0,0,1,0,0,0,0,0,0,0,0,0,0,0,0,5,0,0,0,0,0,0,0,1,0,1,0,0,0,0,9,-1,0
/Users/kaiohs/Downloads/codes/lab02-experimentacao-software/data/repos/javaparser__javaparser/javaparser-core/src/main/java/com/github/javaparser/utils/SourceRoot.java,com.github.javaparser.utils.SourceRoot$ParallelParse,innerclass,4,4,0,4,4,3,0,4,0,0.5,0.0,0.0,2,0,0,0,1,1,2,0,0,0,3,1,0,3,0,0,3,0,2,42,0,1,0,1,0,0,1,5,0,5,1,1,1,0,57,10,1
/Users/kaiohs/Downloads/codes/lab02-experimentacao-software/data/repos/javaparser__javaparser/javaparser-symbol-solver-testing/src/test/test_sourcecode/javasymbolsolver_0_6_0/src/java-symbol-solver-model/com/github/javaparser/symbolsolver/model/declarations/ValueDeclaration.java,com.github.javaparser.symbolsolver.model.declarations.ValueDeclaration,interface,2,27,25,2,1,1,0,0,0,0.0,NaN,NaN,1,0,0,0,0,1,1,0,0,0,0,0,0,0,0,0,0,0,0,3,0,0,0,0,0,0,0,0,0,0,0,0,0,0,9,1,0
/Users/kaiohs/Downloads/codes/lab02-experimentacao-software/data/repos/javaparser__javaparser/javaparser-symbol-solver-core/src/main/java/com/github/javaparser/symbolsolver/reflectionmodel/ReflectionEnumDeclaration.java,com.github.javaparser.symbolsolver.reflectionmodel.ReflectionEnumDeclaration,class,27,49,8,41,42,2,0,62,43,0.6086956,0.0,0.0,23,0,23,0,0,0,23,0,0,0,3,0,0,3,0,0,0,0,13,146,31,2,4,1,0,7,3,16,1,16,3,0,0,2,114,1,0
/Users/kaiohs/Downloads/codes/lab02-experimentacao-software/data/repos/javaparser__javaparser/javaparser-symbol-solver-core/src/main/java/com/github/javaparser/symbolsolver/logic/ObjectProvider.java,com.github.javaparser.symbolsolver.logic.ObjectProvider,interface,1,5,3,2,2,1,0,0,1,0.0,0.0,0.0,2,0,0,0,0,2,2,0,0,0,0,0,0,0,0,0,0,0,0,4,0,0,0,0,0,0,0,0,0,0,0,0,0,0,11,1,0
/Users/kaiohs/Downloads/codes/lab02-experimentacao-software/data/repos/javaparser__javaparser/javaparser-core/src/main/java/com/github/javaparser/metamodel/MethodDeclarationMetaModel.java,com.github.javaparser.metamodel.MethodDeclarationMetaModel,class,5,7,2,5,1,5,0,0,0,0.0,NaN,NaN,1,0,0,0,0,1,1,0,0,0,2,0,2,0,0,0,0,0,0,7,0,0,0,0,0,4,0,0,0,2,0,0,0,0,38,1,0
/Users/kaiohs/Downloads/codes/lab02-experimentacao-software/data/repos/javaparser__javaparser/javaparser-core-testing/src/test/java/com/github/javaparser/printer/lexicalpreservation/IndentationCalculatorTest.java,com.github.javaparser.printer.lexicalpreservation.IndentationCalculatorTest$ComputeFromPrecedingElementsTests,innerclass,5,5,0,5,10,1,0,14,45,0.0,0.0,0.0,10,0,0,0,0,10,10,0,0,0,0,0,0,0,0,0,0,0,10,54,0,0,0,0,0,15,5,19,0,21,0,0,0,2,57,0,0
/Users/kaiohs/Downloads/codes/lab02-experimentacao-software/data/repos/javaparser__javaparser/javaparser-symbol-solver-testing/src/test/test_sourcecode/javasymbolsolver_0_6_0/src/java-symbol-solver-core/com/github/javaparser/symbolsolver/resolution/MethodResolutionLogic.java,com.github.javaparser.symbolsolver.resolution.MethodResolutionLogic,class,30,41,11,30,189,1,0,126,190,0.0,0.0,0.0,20,20,10,9,1,0,11,0,0,0,0,0,0,0,0,0,0,0,43,574,83,21,12,0,12,10,34,98,7,77,5,1,0,3,151,1,0
/Users/kaiohs/Downloads/codes/lab02-experimentacao-software/data/repos/javaparser__javaparser/javaparser-symbol-solver-testing/src/test/test_sourcecode/javaparser_new_src/javaparser-core/com/github/javaparser/ast/nodeTypes/NodeWithJavaDoc.java,com.github.javaparser.ast.nodeTypes.NodeWithJavaDoc,interface,3,11,8,3,2,1,0,1,1,0.0,0.0,0.0,2,0,1,0,0,1,2,0,0,0,0,0,0,0,0,0,0,0,0,7,1,0,0,0,1,1,0,0,0,0,0,0,0,0,30,1,0
/Users/kaiohs/Downloads/codes/lab02-experimentacao-software/data/repos/javaparser__javaparser/javaparser-core/src/main/java/com/github/javaparser/ast/validator/SingleNodeTypeValidator.java,com.github.javaparser.ast.validator.SingleNodeTypeValidator,class,5,17,12,5,3,1,0,5,0,0.0,0.0,0.0,2,0,2,0,0,0,2,0,0,0,2,0,0,2,0,0,2,0,0,14,0,0,0,0,0,0,0,2,0,3,1,0,0,1,19,1,0
/Users/kaiohs/Downloads/codes/lab02-experimentacao-software/data/repos/javaparser__javaparser/javaparser-symbol-solver-testing/src/test/java/com/github/javaparser/symbolsolver/Issue3028Test.java,com.github.javaparser.symbolsolver.Issue3028Test,class,9,9,0,9,1,3,0,8,0,0.0,NaN,NaN,1,0,0,0,0,1,1,0,0,0,0,0,0,0,0,0,0,0,0,11,0,0,0,0,0,3,0,5,0,5,0,0,0,0,29,1,0
/Users/kaiohs/Downloads/codes/lab02-experimentacao-software/data/repos/javaparser__javaparser/javaparser-symbol-solver-testing/src/test/java/com/github/javaparser/symbolsolver/resolution/reflectionmodel/SymbolResolutionResolutionTest.java,com.github.javaparser.symbolsolver.resolution.reflectionmodel.SymbolResolutionResolutionTest,class,12,12,0,12,4,3,0,12,6,0.0,0.0,0.0,4,0,0,0,0,4,4,0,0,0,0,0,0,0,0,0,0,0,0,37,0,0,0,0,0,17,0,23,0,23,0,0,0,0,42,0,0
/Users/kaiohs/Downloads/codes/lab02-experimentacao-software/data/repos/javaparser__javaparser/javaparser-core-testing/src/test/java/com/github/javaparser/ast/body/CompactClassDeclarationTest.java,com.github.javaparser.ast.body.CompactClassDeclarationTest,class,23,24,1,23,19,1,0,70,171,0.0,0.0,0.0,19,0,2,1,0,16,18,0,0,0,0,0,0,0,0,0,0,0,18,352,0,0,0,0,0,219,153,119,18,119,0,0,0,0,163,0,0
/Users/kaiohs/Downloads/codes/lab02-experimentacao-software/data/repos/javaparser__javaparser/javaparser-core/src/main/java/com/github/javaparser/resolution/declarations/ResolvedTypePatternDeclaration.java,com.github.javaparser.resolution.declarations.ResolvedTypePatternDeclaration,interface,3,8,5,3,4,1,0,2,6,0.0,0.0,0.0,4,0,0,0,0,4,4,0,0,0,0,0,0,0,0,0,0,0,0,14,4,0,0,0,0,0,0,0,0,0,0,0,0,0,28,1,0
/Users/kaiohs/Downloads/codes/lab02-experimentacao-software/data/repos/javaparser__javaparser/javaparser-symbol-solver-testing/src/test/resources/TypeResolutionWithSameNameTest/02_ignore_static_non_type_import/another/MyEnum.java,another.MyEnum,enum,0,0,0,0,0,1,0,0,0,0.0,-1.0,-1.0,0,0,0,0,0,0,0,0,0,0,0,0,0,0,0,0,0,0,0,1,0,0,0,0,0,0,0,0,0,0,0,0,0,0,4,0,0
/Users/kaiohs/Downloads/codes/lab02-experimentacao-software/data/repos/javaparser__javaparser/javaparser-symbol-solver-testing/src/test/java/com/github/javaparser/symbolsolver/Issue186Test.java,com.github.javaparser.symbolsolver.Issue186Test,class,10,10,0,10,2,3,0,9,1,0.0,0.0,0.0,2,0,0,0,0,2,2,0,0,0,0,0,0,0,0,0,0,0,0,22,0,0,0,0,0,11,3,12,0,12,0,0,0,0,34,0,0
/Users/kaiohs/Downloads/codes/lab02-experimentacao-software/data/repos/javaparser__javaparser/javaparser-core/src/main/java/com/github/javaparser/ast/type/ReferenceType.java,com.github.javaparser.ast.type.ReferenceType,class,11,51,34,17,10,3,3,4,45,0.0,0.0,0.0,10,0,10,0,0,0,10,1,0,0,0,0,0,0,0,0,0,0,1,31,5,0,0,0,0,7,0,0,0,0,0,0,0,0,34,1025,0
/Users/kaiohs/Downloads/codes/lab02-experimentacao-software/data/repos/javaparser__javaparser/javaparser-symbol-solver-testing/src/test/java/com/github/javaparser/symbolsolver/resolution/SymbolSolverWithJavassistEnumTest.java,com.github.javaparser.symbolsolver.resolution.SymbolSolverWithJavassistEnumTest,class,13,14,1,13,11,2,0,14,1,0.71666664,0.0,0.0,10,0,0,1,0,9,9,0,0,0,6,0,0,6,0,0,0,0,2,60,1,0,0,1,0,17,0,10,0,10,1,0,0,1,74,0,0
/Users/kaiohs/Downloads/codes/lab02-experimentacao-software/data/repos/javaparser__javaparser/javaparser-core/src/main/java/com/github/javaparser/printer/ConfigurablePrinter.java,com.github.javaparser.printer.ConfigurablePrinter,interface,2,4,2,2,2,1,0,0,1,0.0,0.0,0.0,2,0,0,0,0,2,2,0,0,0,0,0,0,0,0,0,0,0,0,4,0,0,0,0,0,0,0,0,0,0,0,0,0,0,6,1,0
/Users/kaiohs/Downloads/codes/lab02-experimentacao-software/data/repos/javaparser__javaparser/javaparser-core-testing-bdd/src/test/resources/com/github/javaparser/samples/JavaConcepts.java,japa.bdd.samples.JavaConcepts$Ugly,innerclass,0,0,0,0,6,1,0,0,0,0.0,NaN,NaN,1,1,1,0,0,0,1,0,0,0,1,1,0,0,0,1,0,0,0,35,0,0,1,0,0,0,22,30,7,2,0,0,0,0,6,8,0
/Users/kaiohs/Downloads/codes/lab02-experimentacao-software/data/repos/javaparser__javaparser/javaparser-symbol-solver-testing/src/test/java/com/github/javaparser/symbolsolver/reflectionmodel/ReflectionParameterDeclarationTest.java,com.github.javaparser.symbolsolver.reflectionmodel.ReflectionParameterDeclarationTest,class,8,8,0,8,3,1,0,17,3,0.0,0.0,0.0,3,0,0,0,0,3,3,0,0,0,0,0,0,0,0,0,0,0,0,34,0,0,0,0,0,13,6,13,0,19,0,0,0,6,32,0,0
/Users/kaiohs/Downloads/codes/lab02-experimentacao-software/data/repos/javaparser__javaparser/javaparser-symbol-solver-testing/src/test/java/com/github/javaparser/symbolsolver/Issue546Test.java,com.github.javaparser.symbolsolver.Issue546Test,class,5,6,1,5,3,1,0,6,3,0.0,0.0,0.0,3,1,1,0,0,2,3,0,0,0,0,0,0,0,0,0,0,0,2,15,0,0,0,0,0,14,0,4,2,4,0,0,0,0,27,1,0
/Users/kaiohs/Downloads/codes/lab02-experimentacao-software/data/repos/javaparser__javaparser/javaparser-core-testing/src/test/java/com/github/javaparser/printer/lexicalpreservation/IndentationContextTest.java,com.github.javaparser.printer.lexicalpreservation.IndentationContextTest$EqualsHashCodeTests,innerclass,4,4,0,4,7,1,0,4,21,0.0,0.0,0.0,7,0,0,0,0,7,7,0,0,0,0,0,0,0,0,0,0,0,0,39,0,0,0,0,0,9,0,8,0,8,0,0,0,0,34,0,0
/Users/kaiohs/Downloads/codes/lab02-experimentacao-software/data/repos/javaparser__javaparser/javaparser-symbol-solver-testing/src/test/resources/differentiate_dot_expressions/FieldDotExpressions.java,InnerClassFieldContainer$InnerClass$InnerInnerClass,innerclass,1,1,0,1,0,1,0,0,0,NaN,-1.0,-1.0,0,0,0,0,0,0,0,0,0,0,1,0,0,0,0,1,0,0,0,6,0,0,0,0,0,0,0,1,0,1,0,0,1,0,5,0,0
/Users/kaiohs/Downloads/codes/lab02-experimentacao-software/data/repos/javaparser__javaparser/javaparser-core-testing/src/test/java/com/github/javaparser/CommentsInserterTest.java,com.github.javaparser.CommentsInserterTest,class,9,10,1,9,8,1,0,17,28,0.0,0.0,0.0,8,0,0,3,0,5,5,0,0,0,0,0,0,0,0,0,0,0,5,33,3,0,0,0,0,39,2,6,6,6,0,0,0,0,71,0,0
/Users/kaiohs/Downloads/codes/lab02-experimentacao-software/data/repos/javaparser__javaparser/javaparser-symbol-solver-testing/src/test/test_sourcecode/javaparser_new_src/javaparser-core/com/github/javaparser/ast/stmt/ReturnStmt.java,ReturnStmt,class,9,46,37,9,8,1,0,3,8,0.375,0.0,0.0,8,0,8,0,0,0,8,0,0,0,1,0,0,1,0,0,0,0,0,29,3,0,0,0,0,0,0,1,0,1,0,0,0,0,29,17,0
/Users/kaiohs/Downloads/codes/lab02-experimentacao-software/data/repos/javaparser__javaparser/javaparser-core-testing/src/test/java/com/github/javaparser/ast/validator/Java18ValidatorTest.java,com.github.javaparser.ast.validator.Java18ValidatorTest,class,2,2,0,2,0,1,0,1,0,NaN,-1.0,-1.0,0,0,0,0,0,0,0,0,0,0,1,0,0,1,0,0,1,0,0,3,0,0,0,0,0,0,0,1,0,1,0,0,0,0,11,0,0
/Users/kaiohs/Downloads/codes/lab02-experimentacao-software/data/repos/javaparser__javaparser/javaparser-core-testing/src/test/java/com/github/javaparser/printer/lexicalpreservation/IndentationContextTest.java,com.github.javaparser.printer.lexicalpreservation.IndentationContextTest,class,3,8,5,3,3,1,0,0,3,0.6666667,NaN,NaN,3,0,0,2,0,1,1,0,0,0,1,0,0,1,0,0,0,0,0,316,2,0,0,0,0,2,0,1,0,1,0,0,11,0,11,0,0
/Users/kaiohs/Downloads/codes/lab02-experimentacao-software/data/repos/javaparser__javaparser/javaparser-core/src/main/java/com/github/javaparser/metamodel/MethodReferenceExprMetaModel.java,com.github.javaparser.metamodel.MethodReferenceExprMetaModel,class,5,7,2,5,1,4,0,0,0,0.0,NaN,NaN,1,0,0,0,0,1,1,0,0,0,4,0,4,0,0,0,0,0,0,9,0,0,0,0,0,4,0,0,0,4,0,0,0,0,44,1,0
/Users/kaiohs/Downloads/codes/lab02-experimentacao-software/data/repos/javaparser__javaparser/javaparser-symbol-solver-testing/src/test/java/com/github/javaparser/symbolsolver/Issue116Test.java,com.github.javaparser.symbolsolver.Issue116Test,class,12,12,0,12,1,3,0,12,0,0.0,NaN,NaN,1,0,0,0,0,1,1,0,0,0,0,0,0,0,0,0,0,0,0,15,0,0,0,0,0,5,2,9,0,9,0,0,0,0,40,0,0
/Users/kaiohs/Downloads/codes/lab02-experimentacao-software/data/repos/javaparser__javaparser/javaparser-symbol-solver-core/src/main/java/com/github/javaparser/symbolsolver/resolution/typesolvers/CombinedTypeSolver.java,com.github.javaparser.symbolsolver.resolution.typesolvers.CombinedTypeSolver,class,7,49,38,11,31,1,0,24,37,0.6666666,0.0,0.0,15,1,15,0,0,0,15,0,0,0,4,0,0,4,0,0,1,0,10,146,10,3,2,2,0,7,0,13,1,13,3,0,1,0,131,1,0
/Users/kaiohs/Downloads/codes/lab02-experimentacao-software/data/repos/javaparser__javaparser/javaparser-core/src/main/java/com/github/javaparser/ast/stmt/DoStmt.java,com.github.javaparser.ast.stmt.DoStmt,class,17,40,23,17,23,3,0,14,86,0.6875,0.0,0.0,16,0,16,0,0,0,16,0,0,0,2,0,0,2,0,0,0,0,1,82,16,0,7,0,0,14,0,2,0,2,1,0,0,0,61,1,0
/Users/kaiohs/Downloads/codes/lab02-experimentacao-software/data/repos/javaparser__javaparser/javaparser-core-testing/src/test/java/com/github/javaparser/ast/expr/ArrayCreationExprTest.java,com.github.javaparser.ast.expr.ArrayCreationExprTest,class,6,6,0,6,3,1,0,4,3,0.0,0.0,0.0,3,0,0,0,0,3,3,0,0,0,0,0,0,0,0,0,0,0,0,15,0,0,0,0,0,6,0,4,0,4,0,0,0,0,20,0,0
/Users/kaiohs/Downloads/codes/lab02-experimentacao-software/data/repos/javaparser__javaparser/javaparser-symbol-solver-testing/src/test/java/com/github/javaparser/symbolsolver/AbstractSymbolResolutionTest.java,com.github.javaparser.symbolsolver.AbstractSymbolResolutionTest$TestJdk,enum,1,1,0,1,27,1,0,3,0,0.25,0.0,0.0,4,1,3,0,0,1,4,0,0,0,1,0,0,1,0,0,1,0,2,48,13,0,0,0,0,29,11,2,2,2,1,0,0,0,59,4,0
/Users/kaiohs/Downloads/codes/lab02-experimentacao-software/data/repos/javaparser__javaparser/javaparser-symbol-solver-testing/src/test/java/com/github/javaparser/symbolsolver/resolution/PatternVariableIntroductionTest.java,com.github.javaparser.symbolsolver.resolution.PatternVariableIntroductionTest$IfStatements,innerclass,6,6,0,6,15,1,0,8,105,0.0,0.0,0.0,15,0,15,0,0,0,15,0,0,0,0,0,0,0,0,0,0,0,0,77,0,0,0,0,0,141,0,30,15,30,0,0,0,8,70,0,0
/Users/kaiohs/Downloads/codes/lab02-experimentacao-software/data/repos/javaparser__javaparser/javaparser-symbol-solver-testing/src/test/java/com/github/javaparser/symbolsolver/reflectionmodel/ReflectionClassDeclarationTest.java,com.github.javaparser.symbolsolver.reflectionmodel.ReflectionClassDeclarationTest$5Foo,innerclass,1,1,0,1,0,1,0,0,0,NaN,-1.0,-1.0,0,0,0,0,0,0,0,0,0,0,1,0,0,0,0,1,0,0,0,3,0,0,0,0,0,0,0,0,0,1,0,0,0,0,2,0,0
/Users/kaiohs/Downloads/codes/lab02-experimentacao-software/data/repos/javaparser__javaparser/javaparser-core/src/main/java/com/github/javaparser/printer/lexicalpreservation/Removed.java,com.github.javaparser.printer.lexicalpreservation.Removed,class,8,15,7,8,24,1,0,12,0,0.2,0.0,0.0,15,0,14,0,0,1,15,0,0,0,1,0,0,1,0,0,1,0,0,75,20,0,3,0,0,3,0,8,3,8,1,0,0,0,38,1,0
/Users/kaiohs/Downloads/codes/lab02-experimentacao-software/data/repos/javaparser__javaparser/javaparser-symbol-solver-core/src/main/java/com/github/javaparser/symbolsolver/resolution/typeinference/bounds/SameAsBound.java,com.github.javaparser.symbolsolver.resolution.typeinference.bounds.SameAsBound,class,7,10,3,7,20,2,0,11,0,0.3,0.0,0.0,10,0,10,0,0,0,10,0,0,0,2,0,0,2,0,0,0,0,7,53,13,0,3,0,0,4,1,6,4,5,1,0,0,0,56,1,0
/Users/kaiohs/Downloads/codes/lab02-experimentacao-software/data/repos/javaparser__javaparser/javaparser-symbol-solver-testing/src/test/java/com/github/javaparser/symbolsolver/Issue3112Test.java,com.github.javaparser.symbolsolver.Issue3112Test,class,7,7,0,7,2,1,0,13,1,0.0,0.0,0.0,2,0,2,0,0,0,2,0,0,0,0,0,0,0,0,0,0,0,0,24,0,0,0,0,0,20,0,10,2,12,0,0,0,2,28,1,0
/Users/kaiohs/Downloads/codes/lab02-experimentacao-software/data/repos/javaparser__javaparser/javaparser-core/src/main/java/com/github/javaparser/metamodel/BreakStmtMetaModel.java,com.github.javaparser.metamodel.BreakStmtMetaModel,class,5,7,2,5,1,4,0,0,0,0.0,NaN,NaN,1,0,0,0,0,1,1,0,0,0,1,0,1,0,0,0,0,0,0,6,0,0,0,0,0,4,0,0,0,1,0,0,0,0,37,1,0
/Users/kaiohs/Downloads/codes/lab02-experimentacao-software/data/repos/javaparser__javaparser/javaparser-core-testing/src/test/java/com/github/javaparser/ast/validator/VarValidatorTest.java,com.github.javaparser.ast.validator.VarValidatorTest,class,6,6,0,6,1,1,0,4,0,0.0,NaN,NaN,1,0,0,0,0,1,1,0,0,0,1,1,1,0,0,0,1,0,1,7,0,0,0,0,0,3,0,2,1,2,0,0,0,0,18,0,0
/Users/kaiohs/Downloads/codes/lab02-experimentacao-software/data/repos/javaparser__javaparser/javaparser-core-testing/src/test/java/com/github/javaparser/ast/NodeListTest.java,com.github.javaparser.ast.NodeListTest,class,4,4,0,4,12,2,0,16,66,0.0,0.0,0.0,12,0,4,0,0,8,12,0,0,0,0,0,0,0,0,0,0,0,0,266,0,0,0,0,0,52,11,21,0,21,0,0,1,0,31,0,0
/Users/kaiohs/Downloads/codes/lab02-experimentacao-software/data/repos/javaparser__javaparser/javaparser-symbol-solver-testing/src/test/java/com/github/javaparser/symbolsolver/Issue2132Test.java,com.github.javaparser.symbolsolver.Issue2132Test,class,8,8,0,8,1,2,0,11,0,0.0,NaN,NaN,1,0,1,0,0,0,1,0,0,0,0,0,0,0,0,0,0,0,0,14,0,0,0,0,0,11,0,5,1,5,0,0,0,0,26,1,0
/Users/kaiohs/Downloads/codes/lab02-experimentacao-software/data/repos/javaparser__javaparser/javaparser-symbol-solver-core/src/main/java/com/github/javaparser/symbolsolver/resolution/typeinference/TypeInferenceCache.java,com.github.javaparser.symbolsolver.resolution.typeinference.TypeInferenceCache,class,4,6,2,4,12,1,0,5,2,0.5,0.0,0.0,4,4,4,0,0,0,4,0,0,0,2,2,0,2,0,0,0,0,7,40,7,0,0,0,0,0,0,2,0,2,1,0,0,0,22,1,0
/Users/kaiohs/Downloads/codes/lab02-experimentacao-software/data/repos/javaparser__javaparser/javaparser-core/src/main/java/com/github/javaparser/ast/stmt/Statement.java,com.github.javaparser.ast.stmt.Statement,class,30,78,48,30,92,2,42,6,4186,0.0,0.0,0.0,92,0,92,0,0,0,92,0,0,0,0,0,0,0,0,0,0,0,22,257,46,0,0,0,0,113,0,0,0,0,0,0,0,0,68,1025,0
/Users/kaiohs/Downloads/codes/lab02-experimentacao-software/data/repos/javaparser__javaparser/javaparser-symbol-solver-testing/src/test/java/com/github/javaparser/symbolsolver/ResolutionOfOverloadedMethodsWithTypeVariablesInvolvedTest.java,com.github.javaparser.symbolsolver.ResolutionOfOverloadedMethodsWithTypeVariablesInvolvedTest,class,6,6,0,6,1,1,0,12,0,0.0,NaN,NaN,1,0,0,0,0,1,1,0,0,0,0,0,0,0,0,0,0,0,0,12,0,0,0,0,0,17,2,4,1,4,0,0,0,0,33,1,0
/Users/kaiohs/Downloads/codes/lab02-experimentacao-software/data/repos/javaparser__javaparser/javaparser-core-testing/src/test/java/com/github/javaparser/ast/validator/Java1_3ValidatorTest.java,com.github.javaparser.ast.validator.Java1_3ValidatorTest,class,6,6,0,6,2,1,0,5,0,0.0,0.0,0.0,2,0,0,0,0,2,2,0,0,0,1,1,1,0,0,0,1,0,2,11,0,0,0,0,0,3,0,3,0,3,0,0,0,0,49,0,0
/Users/kaiohs/Downloads/codes/lab02-experimentacao-software/data/repos/javaparser__javaparser/javaparser-core-generators/src/main/java/com/github/javaparser/generator/core/visitor/ObjectIdentityEqualsVisitorGenerator.java,com.github.javaparser.generator.core.visitor.ObjectIdentityEqualsVisitorGenerator,class,6,7,1,6,2,2,0,8,1,0.0,0.0,0.0,2,0,1,0,1,0,2,0,0,0,0,0,0,0,0,0,0,0,0,11,0,0,0,0,0,5,0,1,0,2,0,0,0,1,28,1,0
/Users/kaiohs/Downloads/codes/lab02-experimentacao-software/data/repos/javaparser__javaparser/javaparser-core/src/main/java/com/github/javaparser/printer/lexicalpreservation/DifferenceElementCalculator.java,com.github.javaparser.printer.lexicalpreservation.DifferenceElementCalculator,class,22,25,3,22,70,1,0,54,53,0.8181818,0.0,0.0,11,2,1,7,0,3,4,0,0,0,1,0,0,1,0,0,0,0,3,244,22,4,2,0,7,6,13,52,10,53,4,0,1,9,107,0,0
/Users/kaiohs/Downloads/codes/lab02-experimentacao-software/data/repos/javaparser__javaparser/javaparser-core-testing/src/test/java/com/github/javaparser/ast/DataKeyTest.java,com.github.javaparser.ast.DataKeyTest,class,4,4,0,4,4,1,0,13,0,0.5625,0.0,0.0,4,0,0,0,0,4,4,0,0,0,4,4,0,4,0,0,4,0,1,43,0,0,0,0,0,12,0,9,0,9,0,4,0,1,44,0,0
/Users/kaiohs/Downloads/codes/lab02-experimentacao-software/data/repos/javaparser__javaparser/javaparser-symbol-solver-testing/src/test/java/com/github/javaparser/symbolsolver/Issue3614Test.java,com.github.javaparser.symbolsolver.Issue3614Test,class,8,8,0,8,1,3,0,8,0,0.0,NaN,NaN,1,0,0,0,0,1,1,0,0,0,0,0,0,0,0,0,0,0,0,11,0,0,0,0,0,7,0,5,1,5,0,0,0,0,31,1,0
/Users/kaiohs/Downloads/codes/lab02-experimentacao-software/data/repos/javaparser__javaparser/javaparser-symbol-solver-testing/src/test/test_sourcecode/javaparser_new_src/javaparser-core/com/github/javaparser/ast/stmt/SwitchEntryStmt.java,SwitchEntryStmt,class,10,15,5,10,9,1,0,5,14,0.5555556,0.0,0.0,9,0,9,0,0,0,9,0,0,0,2,0,0,2,0,0,0,0,0,38,5,0,0,0,0,0,0,3,0,2,0,0,0,0,27,17,0
/Users/kaiohs/Downloads/codes/lab02-experimentacao-software/data/repos/javaparser__javaparser/javaparser-core-testing/src/test/java/com/github/javaparser/ast/validator/Java16ValidatorTest.java,com.github.javaparser.ast.validator.Java16ValidatorTest$Record$RecordUsedAsIdentifierAllowedAsFieldDeclarations,innerclass,5,5,0,5,2,1,0,3,1,0.0,0.0,0.0,2,0,0,0,0,2,2,0,0,0,0,0,0,0,0,0,0,0,2,12,0,0,0,0,0,2,0,4,0,4,0,0,0,0,17,0,0
/Users/kaiohs/Downloads/codes/lab02-experimentacao-software/data/repos/javaparser__javaparser/javaparser-core/src/main/java/com/github/javaparser/ast/expr/ArrayAccessExpr.java,com.github.javaparser.ast.expr.ArrayAccessExpr,class,14,50,35,15,23,3,0,13,86,0.6875,0.0,0.0,16,0,16,0,0,0,16,0,0,0,2,0,0,2,0,0,0,0,1,82,16,0,7,0,0,14,0,2,0,2,1,0,0,0,67,1,0
/Users/kaiohs/Downloads/codes/lab02-experimentacao-software/data/repos/javaparser__javaparser/javaparser-core-testing/src/test/java/com/github/javaparser/utils/ParserCollectionStrategyTest.java,com.github.javaparser.utils.ParserCollectionStrategyTest$Callback,innerclass,4,4,0,4,1,1,0,1,0,0.0,NaN,NaN,1,0,1,0,0,0,1,0,0,0,0,0,0,0,0,0,0,0,0,6,1,0,0,0,0,1,0,0,0,0,0,0,0,0,5,10,0
/Users/kaiohs/Downloads/codes/lab02-experimentacao-software/data/repos/javaparser__javaparser/javaparser-core-generators/src/main/java/com/github/javaparser/generator/NodeGenerator.java,com.github.javaparser.generator.NodeGenerator,class,10,20,10,10,9,2,9,25,15,0.0,0.0,0.0,6,0,1,0,5,0,6,1,1,0,0,0,0,0,0,0,0,0,2,29,1,1,1,0,0,3,0,6,1,8,1,0,0,4,60,1025,1
/Users/kaiohs/Downloads/codes/lab02-experimentacao-software/data/repos/javaparser__javaparser/javaparser-symbol-solver-testing/src/test/java/com/github/javaparser/symbolsolver/Issue235Test.java,com.github.javaparser.symbolsolver.Issue235Test,class,11,11,0,11,2,2,0,12,1,0.0,0.0,0.0,2,1,0,0,0,2,2,0,0,0,0,0,0,0,0,0,0,0,2,15,1,0,0,0,0,7,1,7,0,7,0,0,0,0,34,0,0
/Users/kaiohs/Downloads/codes/lab02-experimentacao-software/data/repos/javaparser__javaparser/javaparser-symbol-solver-testing/src/test/java/com/github/javaparser/symbolsolver/Issue3916Test.java,com.github.javaparser.symbolsolver.Issue3916Test,class,4,4,0,4,2,2,0,13,0,0.0,NaN,NaN,1,0,0,0,0,1,1,0,0,0,0,0,0,0,0,0,0,0,0,13,0,0,0,0,0,21,0,2,1,3,2,0,0,1,27,1,0
/Users/kaiohs/Downloads/codes/lab02-experimentacao-software/data/repos/javaparser__javaparser/javaparser-symbol-solver-testing/src/test/resources/issue2366/Test.java,InnerTest,innerclass,0,1,1,0,1,1,0,0,0,0.0,NaN,NaN,1,0,1,0,0,0,1,0,0,0,0,0,0,0,0,0,0,0,0,4,0,0,0,0,0,0,0,0,0,0,0,0,0,0,3,1,0
/Users/kaiohs/Downloads/codes/lab02-experimentacao-software/data/repos/javaparser__javaparser/javaparser-core-testing/src/test/java/com/github/javaparser/ast/expr/LambdaExprTest.java,com.github.javaparser.ast.expr.LambdaExprTest,class,10,11,1,10,10,1,0,14,45,0.0,0.0,0.0,10,0,0,1,0,9,9,0,0,0,0,0,0,0,0,0,0,0,3,43,0,0,0,0,0,26,0,10,0,10,0,0,0,0,37,0,0
/Users/kaiohs/Downloads/codes/lab02-experimentacao-software/data/repos/javaparser__javaparser/javaparser-core/src/main/java/com/github/javaparser/ast/expr/CharLiteralExpr.java,com.github.javaparser.ast.expr.CharLiteralExpr,class,12,53,39,14,15,5,0,11,105,0.0,0.0,0.0,15,1,15,0,0,0,15,0,0,0,0,0,0,0,0,0,0,0,3,49,9,0,0,0,0,10,1,1,0,0,0,0,0,0,59,1,0
/Users/kaiohs/Downloads/codes/lab02-experimentacao-software/data/repos/javaparser__javaparser/javaparser-symbol-solver-testing/src/test/test_sourcecode/javasymbolsolver_0_6_0/src/java-symbol-solver-model/com/github/javaparser/symbolsolver/model/typesystem/ArrayType.java,com.github.javaparser.symbolsolver.model.typesystem.ArrayType,class,3,18,15,3,19,1,0,11,0,0.2,0.0,0.0,10,0,10,0,0,0,10,0,0,0,1,0,0,1,0,0,0,0,0,52,16,0,4,0,0,3,0,3,2,3,2,0,0,0,32,1,0
/Users/kaiohs/Downloads/codes/lab02-experimentacao-software/data/repos/javaparser__javaparser/javaparser-core/src/main/java/com/github/javaparser/ast/visitor/EqualsVisitor.java,com.github.javaparser.ast.visitor.EqualsVisitor,class,117,158,2,156,485,1,0,298,6216,0.9910714,0.0,0.0,112,1,104,8,0,0,104,0,0,0,1,1,0,1,0,0,1,0,0,842,479,2,15,0,0,0,2,105,0,105,2,0,0,0,168,1,0
/Users/kaiohs/Downloads/codes/lab02-experimentacao-software/data/repos/javaparser__javaparser/javaparser-core/src/main/java/com/github/javaparser/printer/lexicalpreservation/RemovedGroup.java,com.github.javaparser.printer.lexicalpreservation.RemovedGroup$Anonymous1,anonymous,1,1,0,1,4,1,0,2,0,0.0,0.0,0.0,2,0,2,0,0,0,2,0,0,0,1,0,0,1,0,0,0,0,0,9,2,0,1,0,0,0,1,1,0,1,0,0,0,0,7,-1,0
/Users/kaiohs/Downloads/codes/lab02-experimentacao-software/data/repos/javaparser__javaparser/javaparser-core-testing/src/test/java/com/github/javaparser/printer/lexicalpreservation/Issue4104Test.java,com.github.javaparser.printer.lexicalpreservation.Issue4104Test,class,7,7,0,7,1,2,0,12,0,0.0,NaN,NaN,1,0,0,0,0,1,1,0,0,0,0,0,0,0,0,0,0,0,1,12,0,0,0,0,0,18,1,3,2,3,0,0,0,0,27,1,0
/Users/kaiohs/Downloads/codes/lab02-experimentacao-software/data/repos/javaparser__javaparser/javaparser-symbol-solver-testing/src/test/java/com/github/javaparser/symbolsolver/resolution/PatternVariableIntroductionTest.java,com.github.javaparser.symbolsolver.resolution.PatternVariableIntroductionTest$ConditionalOperator,innerclass,6,6,0,6,4,1,0,8,6,0.0,0.0,0.0,4,0,4,0,0,0,4,0,0,0,0,0,0,0,0,0,0,0,0,22,0,0,0,0,0,26,0,8,4,8,0,0,0,2,49,0,0
/Users/kaiohs/Downloads/codes/lab02-experimentacao-software/data/repos/javaparser__javaparser/javaparser-symbol-solver-testing/src/test/resources/issue2489/ObjectContextDecorator .java,ObjectContextDecorator,class,1,2,1,1,1,2,1,0,0,0.0,NaN,NaN,1,0,1,0,0,0,1,0,0,0,0,0,0,0,0,0,0,0,0,4,0,0,0,0,0,0,0,0,0,0,0,0,0,0,5,1,0
/Users/kaiohs/Downloads/codes/lab02-experimentacao-software/data/repos/javaparser__javaparser/javaparser-symbol-solver-testing/src/test/java/com/github/javaparser/symbolsolver/resolution/typesolvers/JarTypeSolverTest.java,com.github.javaparser.symbolsolver.resolution.typesolvers.JarTypeSolverTest,class,10,10,0,10,15,3,0,23,66,0.9166667,0.0,0.0,12,0,1,0,0,11,12,0,0,0,1,1,0,1,0,0,1,0,16,109,1,1,1,3,0,35,1,40,0,39,3,0,0,4,106,0,0
/Users/kaiohs/Downloads/codes/lab02-experimentacao-software/data/repos/javaparser__javaparser/javaparser-symbol-solver-core/src/main/java/com/github/javaparser/symbolsolver/javaparsermodel/contexts/ExpressionContext.java,com.github.javaparser.symbolsolver.javaparsermodel.contexts.ExpressionContext,class,7,20,13,7,5,2,0,10,3,0.0,0.0,0.0,3,0,3,0,0,0,3,0,0,0,0,0,0,0,0,0,0,0,0,19,3,0,0,0,0,0,0,3,0,3,2,0,0,0,25,1,0
/Users/kaiohs/Downloads/codes/lab02-experimentacao-software/data/repos/javaparser__javaparser/javaparser-core/src/main/java/com/github/javaparser/metamodel/VariableDeclaratorMetaModel.java,com.github.javaparser.metamodel.VariableDeclaratorMetaModel,class,5,7,2,5,1,3,0,0,0,0.0,NaN,NaN,1,0,0,0,0,1,1,0,0,0,3,0,3,0,0,0,0,0,0,8,0,0,0,0,0,4,0,0,0,3,0,0,0,0,38,1,0
/Users/kaiohs/Downloads/codes/lab02-experimentacao-software/data/repos/javaparser__javaparser/javaparser-core/src/main/java/com/github/javaparser/ast/visitor/GenericListVisitorAdapter.java,com.github.javaparser.ast.visitor.GenericListVisitorAdapter,class,114,115,1,114,561,1,0,281,5253,0.0,0.0,0.0,103,0,103,0,0,0,103,0,0,0,0,0,0,0,0,0,0,0,1,1799,103,0,321,0,1,0,0,423,0,205,2,0,0,1,144,1025,0
/Users/kaiohs/Downloads/codes/lab02-experimentacao-software/data/repos/javaparser__javaparser/javaparser-core/src/main/java/com/github/javaparser/ast/type/VoidType.java,com.github.javaparser.ast.type.VoidType,class,18,58,39,19,15,3,0,9,105,0.0,0.0,0.0,15,0,15,0,0,0,15,0,0,0,0,0,0,0,0,0,0,0,1,48,11,0,0,0,0,11,0,0,0,0,0,0,0,0,60,1,0
/Users/kaiohs/Downloads/codes/lab02-experimentacao-software/data/repos/javaparser__javaparser/javaparser-core/src/main/java/com/github/javaparser/printer/lexicalpreservation/Difference.java,com.github.javaparser.printer.lexicalpreservation.Difference,class,33,36,3,33,255,1,0,175,500,0.8039773,0.0,0.0,44,0,1,39,0,4,5,0,0,0,8,0,0,8,0,0,5,0,14,674,54,20,11,0,26,17,77,130,36,97,5,0,1,2,278,1,0
/Users/kaiohs/Downloads/codes/lab02-experimentacao-software/data/repos/javaparser__javaparser/javaparser-symbol-solver-testing/src/test/test_sourcecode/javaparser_src/proper_source/com/github/javaparser/PositionUtils.java,com.github.javaparser.PositionUtils$Anonymous1,anonymous,2,2,0,2,1,1,0,1,0,0.0,NaN,NaN,1,0,1,0,0,0,1,0,0,0,0,0,0,0,0,0,0,0,1,5,1,0,0,0,0,0,0,0,0,0,0,0,0,0,3,-1,0
/Users/kaiohs/Downloads/codes/lab02-experimentacao-software/data/repos/javaparser__javaparser/javaparser-core/src/main/java/com/github/javaparser/printer/lexicalpreservation/LookaheadIterator.java,com.github.javaparser.printer.lexicalpreservation.LookaheadIterator,interface,1,2,1,1,2,1,0,0,1,0.0,0.0,0.0,2,0,2,0,0,0,2,0,0,0,0,0,0,0,0,0,0,0,0,4,0,0,0,0,0,0,0,0,0,0,0,0,0,0,42,1,0
/Users/kaiohs/Downloads/codes/lab02-experimentacao-software/data/repos/javaparser__javaparser/javaparser-symbol-solver-testing/src/test/java/com/github/javaparser/symbolsolver/reflectionmodel/ReflectionClassDeclarationTest.java,com.github.javaparser.symbolsolver.reflectionmodel.ReflectionClassDeclarationTest$1Bar,innerclass,1,1,0,1,0,2,0,0,0,0.0,-1.0,-1.0,0,0,0,0,0,0,0,0,0,0,0,0,0,0,0,0,0,0,0,2,0,0,0,0,0,0,0,0,0,0,0,0,0,0,1,0,0
/Users/kaiohs/Downloads/codes/lab02-experimentacao-software/data/repos/javaparser__javaparser/javaparser-symbol-solver-testing/src/test/resources/symbolsolver_quicksetup/c/src/package_c/c.java,package_c.c,class,0,0,0,0,0,1,0,0,0,0.0,-1.0,-1.0,0,0,0,0,0,0,0,0,0,0,0,0,0,0,0,0,0,0,0,2,0,0,0,0,0,0,0,0,0,0,0,0,0,0,1,1,0
/Users/kaiohs/Downloads/codes/lab02-experimentacao-software/data/repos/javaparser__javaparser/javaparser-core-testing/src/test/java/com/github/javaparser/printer/lexicalpreservation/PeekingIteratorTest.java,com.github.javaparser.printer.lexicalpreservation.PeekingIteratorTest,class,6,6,0,6,14,1,0,16,0,0.26190475,0.0,0.0,14,2,0,0,0,14,14,0,0,0,3,2,0,3,0,0,1,0,1,83,0,0,0,0,0,10,6,24,0,5,0,0,0,8,40,0,0
/Users/kaiohs/Downloads/codes/lab02-experimentacao-software/data/repos/javaparser__javaparser/javaparser-core/src/main/java/com/github/javaparser/metamodel/ReferenceTypeMetaModel.java,com.github.javaparser.metamodel.ReferenceTypeMetaModel,class,4,9,5,4,2,4,3,0,1,0.0,0.0,0.0,2,0,0,0,1,1,2,0,0,0,0,0,0,0,0,0,0,0,0,8,0,0,0,0,0,5,0,0,0,0,0,0,0,0,36,1,0
/Users/kaiohs/Downloads/codes/lab02-experimentacao-software/data/repos/javaparser__javaparser/javaparser-core/src/main/java/com/github/javaparser/printer/concretesyntaxmodel/CsmIndent.java,com.github.javaparser.printer.concretesyntaxmodel.CsmIndent,class,6,15,9,6,4,1,0,2,6,0.0,0.0,0.0,4,0,4,0,0,0,4,0,0,0,0,0,0,0,0,0,0,0,0,14,3,0,0,0,2,0,1,0,0,0,0,0,0,0,19,1,0
/Users/kaiohs/Downloads/codes/lab02-experimentacao-software/data/repos/javaparser__javaparser/javaparser-core/src/main/java/com/github/javaparser/StaticJavaParser.java,com.github.javaparser.StaticJavaParser,class,30,52,22,30,41,1,0,42,778,0.95,0.0,0.0,40,39,36,4,0,0,36,0,0,0,1,1,0,1,0,0,1,0,42,165,38,0,0,0,0,40,0,1,0,1,1,0,0,0,171,17,0
/Users/kaiohs/Downloads/codes/lab02-experimentacao-software/data/repos/javaparser__javaparser/javaparser-symbol-solver-testing/src/test/resources/javassist_symbols/main_jar/src/com/github/javaparser/javasymbolsolver/javassist_symbols/main_jar/SuperClassOwnJar.java,com.github.javaparser.javasymbolsolver.javassist_symbols.main_jar.SuperClassOwnJar,class,0,1,1,0,0,1,1,0,0,NaN,-1.0,-1.0,0,0,0,0,0,0,0,0,0,0,1,1,1,0,0,0,1,0,0,3,0,0,0,0,0,1,0,1,0,1,0,0,0,0,14,1,0
/Users/kaiohs/Downloads/codes/lab02-experimentacao-software/data/repos/javaparser__javaparser/javaparser-core-testing/src/test/java/com/github/javaparser/printer/lexicalpreservation/LexicalPreservingPrinterTest.java,com.github.javaparser.printer.lexicalpreservation.LexicalPreservingPrinterTest,class,60,61,1,60,134,4,0,135,7503,0.0,0.0,0.0,123,0,10,2,0,111,121,0,0,0,0,0,0,0,0,0,0,0,63,973,1,3,0,1,3,766,99,238,87,259,4,0,2,29,355,0,0
/Users/kaiohs/Downloads/codes/lab02-experimentacao-software/data/repos/javaparser__javaparser/javaparser-symbol-solver-testing/src/test/test_sourcecode/javaparser_new_src/javaparser-generated-sources/com/github/javaparser/JavaCharStream.java,JavaCharStream,class,5,7,2,5,97,1,0,13,24,0.7749546,0.0,0.0,29,1,21,0,5,3,29,0,1,0,19,1,2,0,14,3,1,0,0,346,37,4,19,4,18,3,101,118,54,33,5,0,0,0,127,1,0
/Users/kaiohs/Downloads/codes/lab02-experimentacao-software/data/repos/javaparser__javaparser/javaparser-symbol-solver-testing/src/test/test_sourcecode/javaparser_new_src/javaparser-core/com/github/javaparser/ast/visitor/ModifierVisitorAdapter.java,com.github.javaparser.ast.visitor.ModifierVisitorAdapter,class,100,129,1,128,233,1,0,258,4005,0.0,0.0,0.0,90,0,87,3,0,0,87,0,0,0,0,0,0,0,0,0,0,0,0,915,102,53,88,0,0,0,54,120,1,120,3,0,0,0,166,1,0
/Users/kaiohs/Downloads/codes/lab02-experimentacao-software/data/repos/javaparser__javaparser/javaparser-symbol-solver-core/src/main/java/com/github/javaparser/symbolsolver/resolution/typeinference/InferenceVariableSubstitution.java,com.github.javaparser.symbolsolver.resolution.typeinference.InferenceVariableSubstitution,class,3,10,7,3,3,1,0,4,1,0.44444445,0.0,0.0,3,1,2,1,0,0,2,0,0,0,3,1,0,3,0,0,1,0,0,20,2,0,0,0,0,0,0,4,0,4,0,0,0,0,21,1,0
/Users/kaiohs/Downloads/codes/lab02-experimentacao-software/data/repos/javaparser__javaparser/javaparser-core/src/main/java/com/github/javaparser/printer/lexicalpreservation/Added.java,com.github.javaparser.printer.lexicalpreservation.Added,class,10,15,5,10,20,1,0,10,1,0.2857143,0.0,0.0,14,0,12,1,0,1,13,0,0,0,1,0,0,1,0,0,1,0,0,54,16,0,3,0,4,2,0,2,2,2,1,0,0,0,36,1,0
/Users/kaiohs/Downloads/codes/lab02-experimentacao-software/data/repos/javaparser__javaparser/javaparser-core-generators/src/main/java/com/github/javaparser/generator/Generator.java,com.github.javaparser.generator.Generator,class,12,24,12,12,14,1,3,34,45,0.9,0.0,0.0,10,0,1,2,7,0,8,1,0,0,1,0,0,0,1,0,1,0,1,54,1,1,1,0,0,3,2,3,0,4,1,0,0,4,108,1025,0
/Users/kaiohs/Downloads/codes/lab02-experimentacao-software/data/repos/javaparser__javaparser/javaparser-symbol-solver-testing/src/test/java/com/github/javaparser/symbolsolver/resolution/StatementContextResolutionTest.java,com.github.javaparser.symbolsolver.resolution.StatementContextResolutionTest,class,11,11,0,11,5,3,0,18,10,0.0,0.0,0.0,5,0,0,0,0,5,5,0,0,0,0,0,0,0,0,0,0,0,0,53,0,0,0,0,0,27,0,29,0,29,0,0,0,0,46,0,0
/Users/kaiohs/Downloads/codes/lab02-experimentacao-software/data/repos/javaparser__javaparser/javaparser-core/src/main/java/com/github/javaparser/ast/expr/ConditionalExpr.java,com.github.javaparser.ast.expr.ConditionalExpr,class,15,51,35,16,29,3,0,16,123,0.7368421,0.0,0.0,19,0,19,0,0,0,19,0,0,0,3,0,0,3,0,0,0,0,1,105,21,0,10,0,0,16,0,3,0,3,1,0,0,0,72,1,0
/Users/kaiohs/Downloads/codes/lab02-experimentacao-software/data/repos/javaparser__javaparser/javaparser-core/src/main/java/com/github/javaparser/resolution/logic/MethodResolutionLogic.java,com.github.javaparser.resolution.logic.MethodResolutionLogic,class,27,41,14,27,310,1,0,161,494,0.9375,0.0,0.0,32,32,13,17,1,1,15,0,0,0,1,1,0,1,0,0,0,0,94,839,131,23,37,2,20,10,42,179,15,147,5,0,0,5,338,1,0
/Users/kaiohs/Downloads/codes/lab02-experimentacao-software/data/repos/javaparser__javaparser/javaparser-core/src/main/java/com/github/javaparser/metamodel/TypeDeclarationMetaModel.java,com.github.javaparser.metamodel.TypeDeclarationMetaModel,class,5,11,6,5,2,4,4,0,1,0.5,0.0,0.0,2,0,0,0,1,1,2,0,0,0,3,0,3,0,0,0,0,0,0,11,0,0,0,0,0,5,0,0,0,3,0,0,0,0,41,1,0
/Users/kaiohs/Downloads/codes/lab02-experimentacao-software/data/repos/javaparser__javaparser/javaparser-core-testing/src/test/java/com/github/javaparser/ast/body/AnnotationMemberDeclarationTest.java,com.github.javaparser.ast.body.AnnotationMemberDeclarationTest,class,9,9,0,9,4,1,0,20,6,0.0,0.0,0.0,4,0,0,0,0,4,4,0,0,0,0,0,0,0,0,0,0,0,1,33,0,0,0,0,0,11,3,10,1,10,0,0,0,0,46,0,0
/Users/kaiohs/Downloads/codes/lab02-experimentacao-software/data/repos/javaparser__javaparser/javaparser-core/src/main/java/com/github/javaparser/metamodel/NameMetaModel.java,com.github.javaparser.metamodel.NameMetaModel,class,5,7,2,5,1,3,0,0,0,0.0,NaN,NaN,1,0,0,0,0,1,1,0,0,0,2,0,2,0,0,0,0,0,0,7,0,0,0,0,0,4,0,0,0,2,0,0,0,0,36,1,0
/Users/kaiohs/Downloads/codes/lab02-experimentacao-software/data/repos/javaparser__javaparser/javaparser-symbol-solver-testing/src/test/java/com/github/javaparser/symbolsolver/Issue2953Test.java,com.github.javaparser.symbolsolver.Issue2953Test,class,13,13,0,13,6,1,0,19,1,0.0,0.0,0.0,2,0,2,0,0,0,2,0,0,0,0,0,0,0,0,0,0,0,1,35,0,4,0,0,0,12,0,9,1,11,6,0,0,2,51,1,0
/Users/kaiohs/Downloads/codes/lab02-experimentacao-software/data/repos/javaparser__javaparser/javaparser-symbol-solver-testing/src/test/java/com/github/javaparser/symbolsolver/cache/NoCacheTest.java,com.github.javaparser.symbolsolver.cache.NoCacheTest,class,2,2,0,2,8,1,0,14,0,0.125,0.0,0.0,8,0,0,0,0,8,8,0,0,0,1,0,0,1,0,0,1,0,0,37,0,0,0,0,0,5,7,3,0,3,0,0,0,0,39,0,0
/Users/kaiohs/Downloads/codes/lab02-experimentacao-software/data/repos/javaparser__javaparser/javaparser-core/src/main/java/com/github/javaparser/utils/VisitorSet.java,com.github.javaparser.utils.VisitorSet$Anonymous1,anonymous,2,2,0,2,3,1,0,4,0,0.0,0.0,0.0,3,0,3,0,0,0,3,0,0,0,1,0,0,0,0,1,1,0,0,12,2,0,0,0,0,0,0,1,0,1,0,0,0,0,6,-1,0
/Users/kaiohs/Downloads/codes/lab02-experimentacao-software/data/repos/javaparser__javaparser/javaparser-symbol-solver-testing/src/test/test_sourcecode/javaparser_new_src/javaparser-core/com/github/javaparser/ast/stmt/SynchronizedStmt.java,SynchronizedStmt,class,11,24,13,11,11,1,0,4,15,0.54545456,0.0,0.0,11,0,11,0,0,0,11,0,0,0,2,0,0,2,0,0,0,0,0,45,7,0,0,0,0,0,0,3,0,2,0,0,0,0,27,17,0
/Users/kaiohs/Downloads/codes/lab02-experimentacao-software/data/repos/javaparser__javaparser/javaparser-core-generators/src/main/java/com/github/javaparser/generator/core/visitor/VoidVisitorWithDefaultsGenerator.java,com.github.javaparser.generator.core.visitor.VoidVisitorWithDefaultsGenerator,class,6,6,0,6,2,3,0,8,1,0.0,0.0,0.0,2,0,1,0,1,0,2,0,0,0,0,0,0,0,0,0,0,0,0,11,0,0,0,0,0,5,0,1,0,2,0,0,0,1,27,1,0
/Users/kaiohs/Downloads/codes/lab02-experimentacao-software/data/repos/javaparser__javaparser/javaparser-core/src/main/java/com/github/javaparser/javadoc/JavadocBlockTag.java,com.github.javaparser.javadoc.JavadocBlockTag$Type,enum,1,1,0,1,8,1,0,4,1,0.33333334,0.0,0.0,3,1,0,0,0,3,3,0,0,0,1,0,0,1,0,0,0,0,1,16,3,1,3,0,0,0,0,1,0,1,2,0,0,0,43,1,0
/Users/kaiohs/Downloads/codes/lab02-experimentacao-software/data/repos/javaparser__javaparser/javaparser-symbol-solver-testing/src/test/java/com/github/javaparser/symbolsolver/resolution/ExprResolutionTest.java,com.github.javaparser.symbolsolver.resolution.ExprResolutionTest,class,9,9,0,9,23,3,0,8,0,0.3478261,0.0,0.0,23,0,0,0,0,23,23,0,0,0,2,0,0,2,0,0,0,0,0,140,0,0,0,0,0,148,44,46,22,46,0,0,0,0,41,0,0
/Users/kaiohs/Downloads/codes/lab02-experimentacao-software/data/repos/javaparser__javaparser/javaparser-symbol-solver-testing/src/test/test_sourcecode/javasymbolsolver_0_6_0/src/java-symbol-solver-model/com/github/javaparser/symbolsolver/model/declarations/HasAccessLevel.java,com.github.javaparser.symbolsolver.model.declarations.HasAccessLevel,interface,1,7,6,1,1,1,0,0,0,0.0,NaN,NaN,1,0,0,0,0,1,1,0,0,0,0,0,0,0,0,0,0,0,0,3,0,0,0,0,0,0,0,0,0,0,0,0,0,0,13,1,0
/Users/kaiohs/Downloads/codes/lab02-experimentacao-software/data/repos/javaparser__javaparser/javaparser-core-testing/src/test/java/com/github/javaparser/printer/lexicalpreservation/TokenOwnerDetectorTest.java,com.github.javaparser.printer.lexicalpreservation.TokenOwnerDetectorTest,class,24,25,1,24,28,1,0,19,378,0.0,0.0,0.0,28,0,0,1,0,27,27,0,0,0,0,0,0,0,0,0,0,0,0,178,1,0,0,0,0,52,1,90,0,108,0,0,0,18,124,0,0
/Users/kaiohs/Downloads/codes/lab02-experimentacao-software/data/repos/javaparser__javaparser/javaparser-core-serialization/src/test/java/com/github/javaparser/serialization/JavaParserJsonDeserializerTest.java,com.github.javaparser.serialization.JavaParserJsonDeserializerTest,class,19,20,1,19,12,1,0,37,0,0.16666667,0.0,0.0,12,2,0,1,0,11,11,0,0,0,1,0,0,1,0,0,1,0,16,117,0,0,0,0,0,35,7,42,1,42,0,1,0,0,86,0,0
/Users/kaiohs/Downloads/codes/lab02-experimentacao-software/data/repos/javaparser__javaparser/javaparser-core-testing/src/test/java/com/github/javaparser/printer/lexicalpreservation/Issue1766Test.java,com.github.javaparser.printer.lexicalpreservation.Issue1766Test,class,3,3,0,3,2,2,0,3,1,0.0,0.0,0.0,2,0,2,0,0,0,2,0,0,0,0,0,0,0,0,0,0,0,2,12,0,0,0,0,0,36,0,2,4,2,0,0,0,0,18,1,0
/Users/kaiohs/Downloads/codes/lab02-experimentacao-software/data/repos/javaparser__javaparser/javaparser-core-testing/src/test/java/com/github/javaparser/ast/validator/Java14PreviewValidatorTest.java,com.github.javaparser.ast.validator.Java14PreviewValidatorTest$Record$RecordAsTypeIdentifierForbidden,innerclass,5,5,0,5,3,1,0,3,3,0.0,0.0,0.0,3,0,0,0,0,3,3,0,0,0,0,0,0,0,0,0,0,0,3,17,0,0,0,0,0,6,0,6,0,6,0,0,0,0,22,0,0
/Users/kaiohs/Downloads/codes/lab02-experimentacao-software/data/repos/javaparser__javaparser/javaparser-core/src/main/java/com/github/javaparser/ast/validator/language_level_validations/Java21Validator.java,com.github.javaparser.ast.validator.language_level_validations.Java21Validator,class,2,3,1,2,1,23,1,1,0,0.0,NaN,NaN,1,0,1,0,0,0,1,0,0,0,0,0,0,0,0,0,0,0,0,8,0,0,0,0,0,0,0,0,0,0,0,0,0,0,21,1,0
/Users/kaiohs/Downloads/codes/lab02-experimentacao-software/data/repos/javaparser__javaparser/javaparser-core-testing/src/test/java/com/github/javaparser/ast/expr/TextBlockLiteralExprTest.java,com.github.javaparser.ast.expr.TextBlockLiteralExprTest,class,3,3,0,3,11,1,0,11,55,0.0,0.0,0.0,11,0,0,0,0,11,11,0,0,0,0,0,0,0,0,0,0,0,13,47,0,0,0,0,0,115,0,9,22,9,0,0,0,0,116,0,0
/Users/kaiohs/Downloads/codes/lab02-experimentacao-software/data/repos/javaparser__javaparser/javaparser-symbol-solver-testing/src/test/java/com/github/javaparser/symbolsolver/resolution/SymbolSolverWithJavassistInterfaceTest.java,com.github.javaparser.symbolsolver.resolution.SymbolSolverWithJavassistInterfaceTest,class,13,14,1,13,9,2,0,14,2,0.6875,0.0,0.0,8,0,0,1,0,7,7,0,0,0,6,0,0,6,0,0,0,0,2,54,1,0,0,1,0,15,0,10,0,10,1,0,0,1,74,0,0
/Users/kaiohs/Downloads/codes/lab02-experimentacao-software/data/repos/javaparser__javaparser/javaparser-core/src/main/java/com/github/javaparser/printer/lexicalpreservation/TokenTextElement.java,com.github.javaparser.printer.lexicalpreservation.TokenTextElement,class,8,25,17,8,28,2,0,21,66,0.375,0.0,0.0,24,0,18,0,0,6,24,0,0,0,1,0,0,1,0,0,1,0,1,78,22,0,4,0,0,0,0,2,0,2,1,0,0,0,43,1,0
/Users/kaiohs/Downloads/codes/lab02-experimentacao-software/data/repos/javaparser__javaparser/javaparser-core-testing/src/test/java/com/github/javaparser/printer/lexicalpreservation/AbstractLexicalPreservingTest.java,com.github.javaparser.printer.lexicalpreservation.AbstractLexicalPreservingTest,class,9,76,67,9,12,1,65,12,47,0.8181818,0.0,0.0,11,1,2,0,9,0,11,0,0,0,3,0,0,0,3,0,0,0,4,44,2,0,1,0,0,4,0,10,3,9,0,0,0,0,46,1025,0
/Users/kaiohs/Downloads/codes/lab02-experimentacao-software/data/repos/javaparser__javaparser/javaparser-core-testing/src/test/java/com/github/javaparser/quality/PreconditionsTest.java,com.github.javaparser.quality.PreconditionsTest,class,1,1,0,1,4,1,0,3,6,0.0,0.0,0.0,4,0,0,0,0,4,4,0,0,0,0,0,0,0,0,0,0,0,0,14,0,0,0,0,0,0,0,0,0,0,0,0,0,2,17,0,0
/Users/kaiohs/Downloads/codes/lab02-experimentacao-software/data/repos/javaparser__javaparser/javaparser-core-testing-bdd/src/test/resources/com/github/javaparser/samples/JavaConcepts.java,japa.bdd.samples.JavaConcepts$Sexo,enum,0,0,0,0,1,1,0,0,0,0.0,-1.0,-1.0,1,0,0,1,0,0,0,0,0,0,0,0,0,0,0,0,0,0,0,4,0,0,0,0,0,0,0,0,0,0,0,0,1,0,3,1,0
/Users/kaiohs/Downloads/codes/lab02-experimentacao-software/data/repos/javaparser__javaparser/javaparser-symbol-solver-testing/src/test/java/com/github/javaparser/resolution/declarations/ResolvedMethodLikeDeclarationTest.java,com.github.javaparser.resolution.declarations.ResolvedMethodLikeDeclarationTest,interface,4,6,2,4,1,1,0,0,0,0.0,NaN,NaN,1,0,0,0,0,1,1,0,0,0,0,0,0,0,0,0,0,0,0,3,0,0,0,0,0,0,0,0,0,0,0,0,0,0,10,1,0
/Users/kaiohs/Downloads/codes/lab02-experimentacao-software/data/repos/javaparser__javaparser/javaparser-core-testing/src/test/java/com/github/javaparser/PositionMappingTest.java,com.github.javaparser.PositionMappingTest,class,6,7,1,6,13,1,0,29,21,0.0,0.0,0.0,7,3,3,4,0,0,3,0,0,0,0,0,0,0,0,0,0,0,27,83,3,4,0,0,0,46,10,33,1,25,4,0,0,0,55,1,0
/Users/kaiohs/Downloads/codes/lab02-experimentacao-software/data/repos/javaparser__javaparser/javaparser-core/src/main/java/com/github/javaparser/resolution/declarations/ResolvedEnumConstantDeclaration.java,com.github.javaparser.resolution.declarations.ResolvedEnumConstantDeclaration,interface,2,14,12,2,3,1,0,0,3,0.0,0.0,0.0,3,0,0,0,0,3,3,0,0,0,0,0,0,0,0,0,0,0,0,9,2,0,0,0,0,0,0,0,0,0,0,0,0,0,12,1,0
/Users/kaiohs/Downloads/codes/lab02-experimentacao-software/data/repos/javaparser__javaparser/javaparser-symbol-solver-testing/src/test/resources/javassist_generics/javaparser/GenericClass.java,javaparser.GenericClass,class,5,6,1,5,8,1,0,0,28,0.0,0.0,0.0,8,3,8,0,0,0,8,0,0,0,0,0,0,0,0,0,0,0,0,31,6,0,0,0,0,0,0,0,0,0,0,0,2,0,25,1,0
/Users/kaiohs/Downloads/codes/lab02-experimentacao-software/data/repos/javaparser__javaparser/javaparser-core/src/main/java/com/github/javaparser/printer/XmlPrinter.java,com.github.javaparser.printer.RuntimeXMLStreamException,class,0,1,1,0,2,4,0,1,1,0.0,0.0,0.0,2,0,2,0,0,0,2,0,0,0,0,0,0,0,0,0,0,0,0,8,1,0,0,0,0,0,0,0,0,0,0,0,0,0,25,0,0
/Users/kaiohs/Downloads/codes/lab02-experimentacao-software/data/repos/javaparser__javaparser/javaparser-core/src/main/java/com/github/javaparser/resolution/declarations/ResolvedAnnotationMemberDeclaration.java,com.github.javaparser.resolution.declarations.ResolvedAnnotationMemberDeclaration,interface,2,11,9,2,1,1,0,0,0,0.0,NaN,NaN,1,0,0,0,0,1,1,0,0,0,0,0,0,0,0,0,0,0,0,3,0,0,0,0,0,0,0,0,0,0,0,0,0,0,10,1,0
/Users/kaiohs/Downloads/codes/lab02-experimentacao-software/data/repos/javaparser__javaparser/javaparser-core/src/main/java/com/github/javaparser/printer/lexicalpreservation/LexicalDifferenceCalculator.java,com.github.javaparser.printer.lexicalpreservation.LexicalDifferenceCalculator,class,41,44,3,41,76,1,0,61,136,0.0,0.0,0.0,17,1,1,4,0,12,13,0,0,0,0,0,0,0,0,0,0,0,10,338,25,3,5,0,21,20,4,63,14,59,5,0,2,2,98,0,0
/Users/kaiohs/Downloads/codes/lab02-experimentacao-software/data/repos/javaparser__javaparser/javaparser-core-testing/src/test/java/com/github/javaparser/ast/body/ClassOrInterfaceDeclarationTest.java,com.github.javaparser.ast.body.ClassOrInterfaceDeclarationTest,class,10,10,0,10,13,1,0,23,78,0.0,0.0,0.0,13,0,0,0,0,13,13,0,0,0,0,0,0,0,0,0,0,0,2,92,0,0,0,0,0,61,6,14,0,14,1,0,0,6,41,0,0
/Users/kaiohs/Downloads/codes/lab02-experimentacao-software/data/repos/javaparser__javaparser/javaparser-symbol-solver-testing/src/test/java/com/github/javaparser/symbolsolver/Issue4047Test.java,com.github.javaparser.symbolsolver.Issue4047Test,class,6,6,0,6,1,3,0,9,0,0.0,NaN,NaN,1,0,0,0,0,1,1,0,0,0,0,0,0,0,0,0,0,0,0,10,0,0,0,0,0,10,2,4,1,4,0,0,0,0,30,1,0
/Users/kaiohs/Downloads/codes/lab02-experimentacao-software/data/repos/javaparser__javaparser/javaparser-core/src/main/java/com/github/javaparser/ast/nodeTypes/modifiers/NodeWithFinalModifier.java,com.github.javaparser.ast.nodeTypes.modifiers.NodeWithFinalModifier,interface,2,12,10,2,2,1,0,2,1,0.0,0.0,0.0,2,0,0,0,0,2,2,0,0,0,0,0,0,0,0,0,0,0,0,8,2,0,0,0,0,0,0,0,0,0,0,0,0,0,32,1,0
/Users/kaiohs/Downloads/codes/lab02-experimentacao-software/data/repos/javaparser__javaparser/javaparser-core/src/main/java/com/github/javaparser/resolution/logic/MethodResolutionCapability.java,com.github.javaparser.resolution.logic.MethodResolutionCapability,interface,3,15,12,3,1,1,0,0,0,0.0,NaN,NaN,1,0,0,0,0,1,1,0,0,0,0,0,0,0,0,0,0,0,0,3,0,0,0,0,0,0,0,0,0,0,0,0,0,0,6,1,0
/Users/kaiohs/Downloads/codes/lab02-experimentacao-software/data/repos/javaparser__javaparser/javaparser-core/src/main/java/com/github/javaparser/ast/Node.java,com.github.javaparser.ast.Node$DirectChildrenIterator,innerclass,1,1,0,1,3,1,0,4,0,0.0,0.0,0.0,3,0,3,0,0,0,3,0,0,0,1,0,0,1,0,0,1,0,0,12,2,0,0,0,0,0,0,1,0,1,0,0,0,0,22,9,0
/Users/kaiohs/Downloads/codes/lab02-experimentacao-software/data/repos/javaparser__javaparser/javaparser-symbol-solver-testing/src/test/test_sourcecode/javaparser_new_src/javaparser-core/com/github/javaparser/PackageLocalClasses.java,com.github.javaparser.BarClass,class,0,0,0,0,0,1,0,0,0,0.0,-1.0,-1.0,0,0,0,0,0,0,0,0,0,0,0,0,0,0,0,0,0,0,0,2,0,0,0,0,0,0,0,0,0,0,0,0,0,0,2,0,0
/Users/kaiohs/Downloads/codes/lab02-experimentacao-software/data/repos/javaparser__javaparser/javaparser-core/src/main/java/com/github/javaparser/printer/configuration/ImportOrderingStrategy.java,com.github.javaparser.printer.configuration.ImportOrderingStrategy,interface,1,6,5,1,3,1,0,0,3,0.0,0.0,0.0,3,0,0,0,0,3,3,0,0,0,0,0,0,0,0,0,0,0,0,5,0,0,0,0,0,0,0,0,0,0,0,0,0,0,49,1,0
/Users/kaiohs/Downloads/codes/lab02-experimentacao-software/data/repos/javaparser__javaparser/javaparser-core/src/main/java/com/github/javaparser/metamodel/InstanceOfExprMetaModel.java,com.github.javaparser.metamodel.InstanceOfExprMetaModel,class,5,7,2,5,1,4,0,0,0,0.0,NaN,NaN,1,0,0,0,0,1,1,0,0,0,3,0,3,0,0,0,0,0,0,8,0,0,0,0,0,4,0,0,0,3,0,0,0,0,40,1,0
/Users/kaiohs/Downloads/codes/lab02-experimentacao-software/data/repos/javaparser__javaparser/javaparser-symbol-solver-testing/src/test/resources/javassist_symbols/main_jar/src/com/github/javaparser/javasymbolsolver/javassist_symbols/main_jar/StandaloneInterface.java,com.github.javaparser.javasymbolsolver.javassist_symbols.main_jar.StandaloneInterface,interface,0,0,0,0,0,1,0,0,0,NaN,-1.0,-1.0,0,0,0,0,0,0,0,0,0,0,2,2,2,0,0,0,2,0,0,4,0,0,0,0,0,2,0,2,0,2,0,0,0,0,14,1,0
/Users/kaiohs/Downloads/codes/lab02-experimentacao-software/data/repos/javaparser__javaparser/javaparser-symbol-solver-core/src/main/java/com/github/javaparser/symbolsolver/javaparsermodel/declarators/ParameterSymbolDeclarator.java,com.github.javaparser.symbolsolver.javaparsermodel.declarators.ParameterSymbolDeclarator,class,5,9,1,8,2,2,0,2,1,0.0,0.0,0.0,2,0,2,0,0,0,2,0,0,0,0,0,0,0,0,0,0,0,1,10,1,0,0,0,0,0,0,1,0,1,0,0,0,0,11,1,0
/Users/kaiohs/Downloads/codes/lab02-experimentacao-software/data/repos/javaparser__javaparser/javaparser-symbol-solver-testing/src/test/java/com/github/javaparser/symbolsolver/resolution/typesolvers/ReflectionTypeSolverTest.java,com.github.javaparser.symbolsolver.resolution.typesolvers.ReflectionTypeSolverTest,class,12,12,0,12,6,4,0,16,15,0.0,0.0,0.0,6,0,1,0,0,5,6,0,0,0,0,0,0,0,0,0,0,0,2,43,0,0,0,0,0,8,0,9,0,9,0,1,0,1,43,0,0
/Users/kaiohs/Downloads/codes/lab02-experimentacao-software/data/repos/javaparser__javaparser/javaparser-core-testing/src/test/java/com/github/javaparser/ast/NodeTest.java,com.github.javaparser.ast.NodeTest$PostOrderIteratorTest,innerclass,11,11,0,11,4,1,0,10,6,0.0,0.0,0.0,4,0,0,1,0,3,3,0,0,0,0,0,0,0,0,0,0,0,4,20,1,0,0,0,0,5,0,6,1,6,0,0,0,0,22,0,0
/Users/kaiohs/Downloads/codes/lab02-experimentacao-software/data/repos/javaparser__javaparser/javaparser-core/src/main/java/com/github/javaparser/metamodel/ObjectCreationExprMetaModel.java,com.github.javaparser.metamodel.ObjectCreationExprMetaModel,class,5,7,2,5,1,4,0,0,0,0.0,NaN,NaN,1,0,0,0,0,1,1,0,0,0,6,0,6,0,0,0,0,0,0,11,0,0,0,0,0,4,0,0,0,6,0,0,0,0,47,1,0
/Users/kaiohs/Downloads/codes/lab02-experimentacao-software/data/repos/javaparser__javaparser/javaparser-core/src/main/java/com/github/javaparser/metamodel/PrimitiveTypeMetaModel.java,com.github.javaparser.metamodel.PrimitiveTypeMetaModel,class,5,7,2,5,1,4,0,0,0,0.0,NaN,NaN,1,0,0,0,0,1,1,0,0,0,1,0,1,0,0,0,0,0,0,6,0,0,0,0,0,4,0,0,0,1,0,0,0,0,36,1,0
/Users/kaiohs/Downloads/codes/lab02-experimentacao-software/data/repos/javaparser__javaparser/javaparser-symbol-solver-core/src/main/java/com/github/javaparser/symbolsolver/resolution/typeinference/constraintformulas/TypeSubtypeOfType.java,com.github.javaparser.symbolsolver.resolution.typeinference.constraintformulas.TypeSubtypeOfType,class,12,15,3,12,19,2,0,15,0,0.2,0.0,0.0,5,0,5,0,0,0,5,0,0,0,3,0,0,3,0,0,0,0,10,55,14,0,3,0,0,5,1,6,5,5,2,0,0,0,44,1,0
/Users/kaiohs/Downloads/codes/lab02-experimentacao-software/data/repos/javaparser__javaparser/javaparser-symbol-solver-testing/src/test/resources/issue1526/compiles/a/b/c/ExampleClass.java,ExampleClass,class,2,2,0,2,2,1,0,1,0,0.0,0.0,0.0,2,0,2,0,0,0,2,0,0,0,1,0,0,0,1,0,1,0,0,9,1,0,0,0,0,0,0,1,0,1,0,0,0,0,11,1,0
/Users/kaiohs/Downloads/codes/lab02-experimentacao-software/data/repos/javaparser__javaparser/javaparser-symbol-solver-testing/src/test/java/com/github/javaparser/symbolsolver/resolution/AnalyseJavaSymbolSolver060Test.java,com.github.javaparser.symbolsolver.resolution.AnalyseJavaSymbolSolver060Test,class,11,12,1,11,35,3,0,27,431,0.9555556,0.0,0.0,30,2,0,3,0,27,27,0,0,0,6,6,0,6,0,0,5,0,7,235,3,1,2,1,2,288,6,19,13,19,1,0,0,0,138,0,0
/Users/kaiohs/Downloads/codes/lab02-experimentacao-software/data/repos/javaparser__javaparser/javaparser-symbol-solver-testing/src/test/java/com/github/javaparser/symbolsolver/Issue2044Test.java,com.github.javaparser.symbolsolver.Issue2044Test,class,19,20,1,19,4,1,0,24,6,0.0,0.0,0.0,4,0,2,2,0,0,2,0,0,0,0,0,0,0,0,0,0,0,4,65,0,0,0,0,2,22,7,26,2,29,2,0,0,3,54,1,0
/Users/kaiohs/Downloads/codes/lab02-experimentacao-software/data/repos/javaparser__javaparser/javaparser-symbol-solver-testing/src/test/java/com/github/javaparser/symbolsolver/logic/FunctionInterfaceLogicTest.java,com.github.javaparser.symbolsolver.logic.FunctionInterfaceLogicTest,class,8,8,0,8,3,1,0,5,3,0.0,0.0,0.0,3,0,0,0,0,3,3,0,0,0,0,0,0,0,0,0,0,0,0,27,0,0,0,0,0,2,0,7,0,7,0,0,1,0,33,0,0
/Users/kaiohs/Downloads/codes/lab02-experimentacao-software/data/repos/javaparser__javaparser/javaparser-core/src/main/java/com/github/javaparser/ast/expr/StringLiteralExpr.java,com.github.javaparser.ast.expr.StringLiteralExpr,class,12,70,56,14,14,5,8,9,91,0.0,0.0,0.0,14,0,14,0,0,0,14,0,0,0,0,0,0,0,0,0,0,0,1,47,9,0,0,0,0,10,0,2,0,0,0,0,0,0,63,1,0
/Users/kaiohs/Downloads/codes/lab02-experimentacao-software/data/repos/javaparser__javaparser/javaparser-core-testing/src/test/java/com/github/javaparser/ast/stmt/TryStmtTest.java,com.github.javaparser.ast.stmt.TryStmtTest,class,12,13,1,12,13,1,0,13,78,0.0,0.0,0.0,13,0,0,3,0,10,10,0,0,0,0,0,0,0,0,0,0,0,11,61,3,0,0,0,0,10,11,16,0,16,0,0,0,0,44,0,0
/Users/kaiohs/Downloads/codes/lab02-experimentacao-software/data/repos/javaparser__javaparser/javaparser-core/src/main/java/com/github/javaparser/ast/Node.java,com.github.javaparser.ast.Node$PreOrderIterator,innerclass,1,1,0,1,4,1,0,6,0,0.0,0.0,0.0,3,0,3,0,0,0,3,0,0,0,1,0,0,1,0,0,1,0,0,17,2,1,0,0,0,0,2,4,1,4,1,0,0,0,24,9,0
/Users/kaiohs/Downloads/codes/lab02-experimentacao-software/data/repos/javaparser__javaparser/javaparser-symbol-solver-testing/src/test/resources/issue1456/bar/A.java,bar.A,class,0,0,0,0,0,1,0,0,0,0.0,-1.0,-1.0,0,0,0,0,0,0,0,0,0,0,0,0,0,0,0,0,0,0,0,2,0,0,0,0,0,0,0,0,0,0,0,0,0,0,1,1,0
/Users/kaiohs/Downloads/codes/lab02-experimentacao-software/data/repos/javaparser__javaparser/javaparser-core/src/main/java/com/github/javaparser/printer/lexicalpreservation/DefaultLexicalPreservingPrinter.java,com.github.javaparser.printer.lexicalpreservation.DefaultLexicalPreservingPrinter,class,6,7,1,6,1,1,0,5,0,0.0,NaN,NaN,1,0,1,0,0,0,1,0,0,0,0,0,0,0,0,0,0,0,1,8,1,0,0,0,0,0,0,2,0,3,0,0,0,1,17,1,0
/Users/kaiohs/Downloads/codes/lab02-experimentacao-software/data/repos/javaparser__javaparser/javaparser-core/src/main/java/com/github/javaparser/metamodel/NormalAnnotationExprMetaModel.java,com.github.javaparser.metamodel.NormalAnnotationExprMetaModel,class,5,7,2,5,1,5,0,0,0,0.0,NaN,NaN,1,0,0,0,0,1,1,0,0,0,1,0,1,0,0,0,0,0,0,6,0,0,0,0,0,4,0,0,0,1,0,0,0,0,37,1,0
/Users/kaiohs/Downloads/codes/lab02-experimentacao-software/data/repos/javaparser__javaparser/javaparser-core-testing-bdd/src/test/java/com/github/javaparser/steps/SharedSteps.java,com.github.javaparser.steps.SharedSteps,class,8,16,8,8,20,1,0,19,0,0.14285715,0.0,0.0,14,2,14,0,0,0,14,0,0,0,1,0,0,1,0,0,0,0,0,77,2,2,2,0,0,31,5,16,5,16,3,0,0,0,91,1,0
/Users/kaiohs/Downloads/codes/lab02-experimentacao-software/data/repos/javaparser__javaparser/javaparser-core/src/main/java/com/github/javaparser/utils/ParserCollectionStrategy.java,com.github.javaparser.utils.ParserCollectionStrategy$Anonymous1,anonymous,2,2,0,2,11,1,0,11,0,0.33333334,0.0,0.0,3,0,3,0,0,0,3,0,0,0,2,0,0,0,0,2,1,0,2,29,6,0,3,0,1,2,0,3,0,2,2,0,0,0,37,-1,0
/Users/kaiohs/Downloads/codes/lab02-experimentacao-software/data/repos/javaparser__javaparser/javaparser-core-metamodel-generator/src/main/java/com/github/javaparser/generator/AbstractGenerator.java,com.github.javaparser.generator.AbstractGenerator,class,22,25,3,22,28,1,2,64,188,0.9666667,0.0,0.0,20,0,0,2,18,0,18,0,0,0,3,2,0,0,3,0,3,0,3,136,8,2,1,0,1,58,4,26,11,32,2,0,0,9,223,1025,4
/Users/kaiohs/Downloads/codes/lab02-experimentacao-software/data/repos/javaparser__javaparser/javaparser-core/src/main/java/com/github/javaparser/ast/nodeTypes/NodeWithArguments.java,com.github.javaparser.ast.nodeTypes.NodeWithArguments,interface,5,10,5,5,11,1,0,9,28,0.0,0.0,0.0,8,0,0,0,0,8,8,0,0,0,0,0,0,0,0,0,0,0,1,32,6,1,2,0,0,3,1,3,0,3,2,0,0,1,24,1,0
/Users/kaiohs/Downloads/codes/lab02-experimentacao-software/data/repos/javaparser__javaparser/javaparser-symbol-solver-testing/src/test/java/com/github/javaparser/symbolsolver/resolution/typesolvers/ReflectionTypeSolverTest.java,com.github.javaparser.symbolsolver.resolution.typesolvers.ReflectionTypeSolverTest$Anonymous1,anonymous,1,1,0,1,1,1,0,3,0,0.0,NaN,NaN,1,0,1,0,0,0,1,0,0,0,0,0,0,0,0,0,0,0,0,6,0,0,0,0,0,0,0,0,0,0,0,0,0,0,5,-1,0
/Users/kaiohs/Downloads/codes/lab02-experimentacao-software/data/repos/javaparser__javaparser/javaparser-core-testing/src/test/test_sourcecode/com/github/javaparser/printer/JavaConceptsMethods.java,japa.bdd.samples.JavaConceptsMethods,class,5,6,1,5,28,1,0,7,10,0.0,0.0,0.0,5,3,2,2,0,1,3,0,0,0,0,0,0,0,0,0,0,0,5,135,3,7,6,7,3,14,29,28,1,16,2,1,1,0,50,1,0
/Users/kaiohs/Downloads/codes/lab02-experimentacao-software/data/repos/javaparser__javaparser/javaparser-core/src/main/java/com/github/javaparser/ast/stmt/SwitchEntry.java,com.github.javaparser.ast.stmt.SwitchEntry,class,18,42,24,18,47,2,0,32,106,0.6916667,0.0,0.0,24,0,24,0,0,0,24,0,0,0,5,0,0,5,0,0,0,0,1,167,30,4,19,0,0,19,4,9,0,9,2,0,1,0,195,1,0
/Users/kaiohs/Downloads/codes/lab02-experimentacao-software/data/repos/javaparser__javaparser/javaparser-symbol-solver-testing/src/test/test_sourcecode/javaparser_new_src/javaparser-generated-sources/com/github/javaparser/ASTParser.java,JJCalls,innerclass,2,4,2,2,0,1,0,0,0,NaN,-1.0,-1.0,0,0,0,0,0,0,0,0,0,0,4,0,0,0,0,4,0,0,0,6,0,0,0,0,0,0,0,0,0,4,0,0,0,0,7,24,0
/Users/kaiohs/Downloads/codes/lab02-experimentacao-software/data/repos/javaparser__javaparser/javaparser-core-testing/src/test/java/com/github/javaparser/printer/lexicalpreservation/Issue4747Test.java,com.github.javaparser.printer.lexicalpreservation.Issue4747Test,class,5,5,0,5,1,2,0,4,0,0.0,NaN,NaN,1,0,0,0,0,1,1,0,0,0,0,0,0,0,0,0,0,0,1,18,0,0,0,0,0,8,0,3,2,3,0,1,0,0,19,1,0
/Users/kaiohs/Downloads/codes/lab02-experimentacao-software/data/repos/javaparser__javaparser/javaparser-core/src/main/java/com/github/javaparser/ast/stmt/ReturnStmt.java,com.github.javaparser.ast.stmt.ReturnStmt,class,15,49,34,15,25,3,0,14,94,0.5882353,0.0,0.0,17,0,17,0,0,0,17,0,0,0,1,0,0,1,0,0,0,0,2,81,16,0,8,0,0,14,0,1,0,1,2,0,0,0,65,1,0
/Users/kaiohs/Downloads/codes/lab02-experimentacao-software/data/repos/javaparser__javaparser/javaparser-symbol-solver-testing/src/test/resources/issue276/foo/A.java,foo.A,interface,1,3,2,1,1,1,0,0,0,0.0,NaN,NaN,1,0,0,0,0,1,1,0,0,0,0,0,0,0,0,0,0,0,0,4,0,0,0,0,0,0,0,0,0,0,0,0,1,0,14,0,0
/Users/kaiohs/Downloads/codes/lab02-experimentacao-software/data/repos/javaparser__javaparser/javaparser-core-testing/src/test/java/com/github/javaparser/printer/lexicalpreservation/Issue4488Test.java,com.github.javaparser.printer.lexicalpreservation.Issue4488Test,class,4,4,0,4,1,1,0,6,0,0.0,NaN,NaN,1,0,0,0,0,1,1,0,0,0,0,0,0,0,0,0,0,0,0,18,0,0,0,0,0,14,0,2,2,2,0,1,0,0,24,1,0
/Users/kaiohs/Downloads/codes/lab02-experimentacao-software/data/repos/javaparser__javaparser/javaparser-symbol-solver-testing/src/test/resources/issue276/foo/C.java,foo.C,class,3,3,0,3,1,1,0,0,0,0.0,NaN,NaN,1,1,1,0,0,0,1,0,0,0,0,0,0,0,0,0,0,0,0,9,1,0,0,0,0,0,0,0,0,0,0,1,0,0,5,1,0
/Users/kaiohs/Downloads/codes/lab02-experimentacao-software/data/repos/javaparser__javaparser/javaparser-symbol-solver-testing/src/test/resources/issue276/foo/B.java,foo.B,class,1,2,1,1,0,1,0,0,0,0.0,-1.0,-1.0,0,0,0,0,0,0,0,0,0,0,0,0,0,0,0,0,0,0,0,2,0,0,0,0,0,0,0,0,0,0,0,0,0,0,2,1025,0
/Users/kaiohs/Downloads/codes/lab02-experimentacao-software/data/repos/javaparser__javaparser/javaparser-symbol-solver-testing/src/test/java/com/github/javaparser/symbolsolver/resolution/TypeInClassWithAnnotationAncestorTest.java,com.github.javaparser.symbolsolver.resolution.TypeInClassWithAnnotationAncestorTest,class,7,7,0,7,1,3,0,10,0,0.0,NaN,NaN,1,0,0,0,0,1,1,0,0,0,0,0,0,0,0,0,0,0,0,10,0,0,0,0,0,4,0,4,0,4,0,0,0,0,30,0,0
/Users/kaiohs/Downloads/codes/lab02-experimentacao-software/data/repos/javaparser__javaparser/javaparser-core/src/main/java/com/github/javaparser/ast/visitor/TreeVisitor.java,com.github.javaparser.ast.visitor.TreeVisitor,class,2,5,2,3,9,1,0,8,15,0.0,0.0,0.0,6,0,6,0,0,0,6,1,0,0,0,0,0,0,0,0,0,0,0,31,0,3,0,0,0,0,1,2,0,2,2,0,0,0,76,1025,0
/Users/kaiohs/Downloads/codes/lab02-experimentacao-software/data/repos/javaparser__javaparser/javaparser-core/src/main/java/com/github/javaparser/ast/Node.java,com.github.javaparser.ast.Node$PostOrderIterator$Level,innerclass,1,1,0,1,7,1,0,2,0,0.5,0.0,0.0,6,0,6,0,0,0,6,0,0,0,3,0,0,3,0,0,1,0,0,24,3,0,0,0,0,0,1,5,0,3,0,0,0,0,53,10,0
/Users/kaiohs/Downloads/codes/lab02-experimentacao-software/data/repos/javaparser__javaparser/javaparser-core/src/main/java/com/github/javaparser/ast/nodeTypes/NodeWithBody.java,com.github.javaparser.ast.nodeTypes.NodeWithBody,interface,5,12,5,7,4,1,0,7,6,0.0,0.0,0.0,4,0,0,0,0,4,4,0,0,0,0,0,0,0,0,0,0,0,0,13,2,0,0,0,0,0,0,2,0,3,0,0,0,1,21,1,0
/Users/kaiohs/Downloads/codes/lab02-experimentacao-software/data/repos/javaparser__javaparser/javaparser-symbol-solver-testing/src/test/java/com/github/javaparser/symbolsolver/javassistmodel/JavassistInterfaceDeclarationTest.java,com.github.javaparser.symbolsolver.javassistmodel.JavassistInterfaceDeclarationTest$Anonymous1,anonymous,1,1,0,1,1,1,0,2,0,0.0,NaN,NaN,1,0,1,0,0,0,1,0,0,0,0,0,0,0,0,0,0,0,0,5,1,0,0,0,0,0,0,0,0,0,0,0,0,0,5,-1,0
/Users/kaiohs/Downloads/codes/lab02-experimentacao-software/data/repos/javaparser__javaparser/javaparser-symbol-solver-core/src/main/java/com/github/javaparser/symbolsolver/javaparsermodel/declarators/AbstractSymbolDeclarator.java,com.github.javaparser.symbolsolver.javaparsermodel.declarators.AbstractSymbolDeclarator,class,3,10,5,5,1,1,0,0,0,0.0,NaN,NaN,1,0,1,0,0,0,1,0,0,0,2,0,0,0,2,0,0,0,0,8,0,0,0,0,0,0,0,2,0,2,0,0,0,0,11,1025,0
/Users/kaiohs/Downloads/codes/lab02-experimentacao-software/data/repos/javaparser__javaparser/javaparser-symbol-solver-core/src/main/java/com/github/javaparser/symbolsolver/javaparsermodel/contexts/MethodContext.java,com.github.javaparser.symbolsolver.javaparsermodel.contexts.MethodContext,class,5,9,2,7,4,3,0,5,1,0.0,0.0,0.0,2,0,2,0,0,0,2,0,0,0,0,0,0,0,0,0,0,0,1,11,2,0,1,0,0,0,0,0,0,0,1,0,0,0,14,1,0
/Users/kaiohs/Downloads/codes/lab02-experimentacao-software/data/repos/javaparser__javaparser/javaparser-core/src/main/java/com/github/javaparser/printer/configuration/ConfigurationOption.java,com.github.javaparser.printer.configuration.ConfigurationOption,interface,2,9,7,2,6,1,0,0,15,0.0,0.0,0.0,6,0,0,0,0,6,6,0,0,0,0,0,0,0,0,0,0,0,0,8,0,0,0,0,0,0,0,0,0,0,0,0,0,0,11,1,0
/Users/kaiohs/Downloads/codes/lab02-experimentacao-software/data/repos/javaparser__javaparser/javaparser-symbol-solver-testing/src/test/java/com/github/javaparser/symbolsolver/resolution/javaparser/contexts/ClassOrInterfaceDeclarationContextResolutionTest.java,com.github.javaparser.symbolsolver.resolution.javaparser.contexts.ClassOrInterfaceDeclarationContextResolutionTest,class,18,18,0,18,39,3,0,25,0,0.12820514,0.0,0.0,39,0,0,0,0,39,39,0,0,0,1,0,0,1,0,0,0,0,0,320,0,0,0,0,0,138,10,158,0,158,1,0,0,2,81,0,0
/Users/kaiohs/Downloads/codes/lab02-experimentacao-software/data/repos/javaparser__javaparser/javaparser-symbol-solver-testing/src/test/test_sourcecode/javaparser_new_src/javaparser-generated-sources/com/github/javaparser/ASTParserConstants.java,ASTParserConstants,interface,1,3,2,1,0,1,2,0,0,NaN,-1.0,-1.0,0,0,0,0,0,0,0,0,0,0,127,0,0,0,0,127,0,0,0,129,0,0,0,0,0,157,126,127,0,127,0,0,0,0,45,1,0
/Users/kaiohs/Downloads/codes/lab02-experimentacao-software/data/repos/javaparser__javaparser/javaparser-core-testing/src/test/java/com/github/javaparser/Issue2482Test.java,com.github.javaparser.Issue2482Test,class,3,3,0,3,4,1,0,12,6,0.0,0.0,0.0,4,0,4,0,0,0,4,0,0,0,0,0,0,0,0,0,0,0,4,26,0,0,0,0,0,8,4,4,4,4,0,0,0,0,25,1,0
/Users/kaiohs/Downloads/codes/lab02-experimentacao-software/data/repos/javaparser__javaparser/javaparser-symbol-solver-testing/src/test/java/com/github/javaparser/symbolsolver/resolution/PatternVariableIntroductionTest.java,com.github.javaparser.symbolsolver.resolution.PatternVariableIntroductionTest$ConditionalOr,innerclass,6,6,0,6,7,1,0,8,21,0.0,0.0,0.0,7,0,7,0,0,0,7,0,0,0,0,0,0,0,0,0,0,0,0,37,0,0,0,0,0,55,0,14,7,14,0,0,0,3,60,0,0
/Users/kaiohs/Downloads/codes/lab02-experimentacao-software/data/repos/javaparser__javaparser/javaparser-core-testing/src/test/java/com/github/javaparser/manual/BulkParseTest.java,com.github.javaparser.manual.BulkParseTest,class,10,11,1,10,17,1,0,39,36,0.0,0.0,0.0,9,1,3,3,0,3,6,0,0,0,0,0,0,0,0,0,0,0,9,82,1,3,0,1,0,36,1,11,1,17,3,0,0,5,103,0,3
/Users/kaiohs/Downloads/codes/lab02-experimentacao-software/data/repos/javaparser__javaparser/javaparser-symbol-solver-testing/src/test/java/com/github/javaparser/symbolsolver/resolution/AnalyseNewJavaParserHelpersTest.java,com.github.javaparser.symbolsolver.resolution.AnalyseNewJavaParserHelpersTest,class,13,14,1,13,4,3,0,27,1,0.5,NaN,NaN,3,1,0,2,0,1,1,0,0,0,2,2,0,2,0,0,1,0,3,29,2,0,1,0,0,9,8,8,1,9,0,0,0,1,67,0,0
/Users/kaiohs/Downloads/codes/lab02-experimentacao-software/data/repos/javaparser__javaparser/javaparser-core-testing/src/test/java/com/github/javaparser/ast/visitor/NoCommentEqualsVisitorTest.java,com.github.javaparser.ast.visitor.NoCommentEqualsVisitorTest,class,2,2,0,2,3,1,0,4,3,0.0,0.0,0.0,3,0,0,0,0,3,3,0,0,0,0,0,0,0,0,0,0,0,0,17,0,0,0,0,0,6,0,6,0,6,0,0,0,0,22,0,0
/Users/kaiohs/Downloads/codes/lab02-experimentacao-software/data/repos/javaparser__javaparser/javaparser-core/src/main/java/com/github/javaparser/ast/expr/MethodReferenceExpr.java,com.github.javaparser.ast.expr.MethodReferenceExpr,class,21,60,36,24,36,3,0,34,177,0.77272725,0.0,0.0,22,0,22,0,0,0,22,0,0,0,3,0,0,3,0,0,0,0,2,122,25,2,11,0,0,18,2,5,0,5,3,0,0,0,101,1,0
/Users/kaiohs/Downloads/codes/lab02-experimentacao-software/data/repos/javaparser__javaparser/javaparser-core/src/main/java/com/github/javaparser/resolution/types/ResolvedVoidType.java,com.github.javaparser.resolution.types.ResolvedVoidType,class,2,4,2,2,5,1,0,0,10,1.0,0.0,0.0,5,0,4,1,0,0,4,0,0,0,1,1,1,0,0,0,1,0,0,17,4,0,0,0,0,2,0,1,0,1,0,0,0,0,24,1,0
/Users/kaiohs/Downloads/codes/lab02-experimentacao-software/data/repos/javaparser__javaparser/javaparser-core/src/main/java/com/github/javaparser/ast/comments/LineComment.java,com.github.javaparser.ast.comments.LineComment,class,12,39,27,12,13,3,0,6,78,0.0,0.0,0.0,13,0,13,0,0,0,13,0,0,0,0,0,0,0,0,0,0,0,1,42,8,0,0,0,0,12,0,0,0,0,0,0,0,0,50,1,0
/Users/kaiohs/Downloads/codes/lab02-experimentacao-software/data/repos/javaparser__javaparser/javaparser-symbol-solver-testing/src/test/test_sourcecode/javaparser_new_src/javaparser-core/com/github/javaparser/ast/stmt/IfStmt.java,IfStmt,class,8,35,27,8,11,1,0,5,23,0.6363636,0.0,0.0,11,0,11,0,0,0,11,0,0,0,3,0,0,3,0,0,0,0,0,48,7,0,0,0,0,0,0,3,0,3,0,0,0,0,25,17,0
/Users/kaiohs/Downloads/codes/lab02-experimentacao-software/data/repos/javaparser__javaparser/javaparser-core/src/main/java/com/github/javaparser/metamodel/NameExprMetaModel.java,com.github.javaparser.metamodel.NameExprMetaModel,class,5,7,2,5,1,4,0,0,0,0.0,NaN,NaN,1,0,0,0,0,1,1,0,0,0,1,0,1,0,0,0,0,0,0,6,0,0,0,0,0,4,0,0,0,1,0,0,0,0,37,1,0
/Users/kaiohs/Downloads/codes/lab02-experimentacao-software/data/repos/javaparser__javaparser/javaparser-symbol-solver-testing/src/test/java/com/github/javaparser/symbolsolver/reflectionmodel/ReflectionEnumDeclarationTest.java,com.github.javaparser.symbolsolver.reflectionmodel.ReflectionEnumDeclarationTest,class,7,7,0,7,13,2,0,17,0,0.0,0.0,0.0,13,0,0,0,0,13,13,0,0,0,1,0,0,1,0,0,0,0,1,61,0,0,0,0,0,16,0,14,0,14,1,0,0,2,28,0,0
/Users/kaiohs/Downloads/codes/lab02-experimentacao-software/data/repos/javaparser__javaparser/javaparser-symbol-solver-core/src/main/java/com/github/javaparser/symbolsolver/javaparsermodel/contexts/ConstructorContext.java,com.github.javaparser.symbolsolver.javaparsermodel.contexts.ConstructorContext,class,5,8,1,7,3,3,0,3,1,0.0,0.0,0.0,2,0,2,0,0,0,2,0,0,0,0,0,0,0,0,0,0,0,1,11,2,0,1,0,0,0,0,0,0,0,1,0,0,0,14,1,0
/Users/kaiohs/Downloads/codes/lab02-experimentacao-software/data/repos/javaparser__javaparser/javaparser-symbol-solver-testing/src/test/resources/issue1945/issue1945/main/MainIssue1945.java,issue1945.main.MainIssue1945,class,4,4,0,4,6,1,0,3,0,0.0,0.0,0.0,6,0,6,0,0,0,6,0,0,0,1,0,0,1,0,0,1,0,0,28,0,0,0,0,0,0,0,8,0,8,0,0,0,0,15,1,0
/Users/kaiohs/Downloads/codes/lab02-experimentacao-software/data/repos/javaparser__javaparser/javaparser-symbol-solver-core/src/main/java/com/github/javaparser/symbolsolver/reflectionmodel/ReflectionPatternDeclaration.java,com.github.javaparser.symbolsolver.reflectionmodel.ReflectionPatternDeclaration,class,4,4,0,4,9,1,0,1,20,0.7083333,0.0,0.0,8,0,8,0,0,0,8,0,0,0,3,0,0,3,0,0,0,0,1,31,7,0,1,0,0,0,0,3,0,3,0,0,0,0,31,1,0
/Users/kaiohs/Downloads/codes/lab02-experimentacao-software/data/repos/javaparser__javaparser/javaparser-core/src/main/java/com/github/javaparser/utils/SourceZip.java,com.github.javaparser.utils.SourceZip,class,9,10,1,9,10,1,0,17,0,0.35714287,0.0,0.0,7,0,7,0,0,0,7,0,0,0,2,0,0,2,0,0,1,0,10,48,5,1,0,1,0,5,0,7,0,8,3,0,1,5,78,1,4
/Users/kaiohs/Downloads/codes/lab02-experimentacao-software/data/repos/javaparser__javaparser/javaparser-core/src/main/java/com/github/javaparser/ast/expr/AssignExpr.java,com.github.javaparser.ast.expr.AssignExpr$Operator,enum,1,1,0,1,14,1,0,2,1,0.33333334,0.0,0.0,3,0,2,0,0,1,3,0,0,0,1,0,0,1,0,0,1,0,12,36,13,0,0,0,0,12,0,1,0,1,1,0,0,0,30,1,0
/Users/kaiohs/Downloads/codes/lab02-experimentacao-software/data/repos/javaparser__javaparser/javaparser-core-testing/src/test/java/com/github/javaparser/printer/lexicalpreservation/TransformationsTest.java,com.github.javaparser.printer.lexicalpreservation.TransformationsTest,class,14,14,0,14,23,2,0,36,253,0.0,0.0,0.0,23,0,0,0,0,23,23,0,0,0,0,0,0,0,0,0,0,0,8,151,0,0,0,0,0,159,22,34,20,34,0,0,0,0,130,0,0
/Users/kaiohs/Downloads/codes/lab02-experimentacao-software/data/repos/javaparser__javaparser/javaparser-core/src/main/java/com/github/javaparser/resolution/TypeSolver.java,com.github.javaparser.resolution.TypeSolver,interface,4,132,128,4,13,1,0,9,45,0.9,0.0,0.0,10,0,0,0,0,10,10,0,0,0,2,0,0,0,0,2,0,0,0,37,7,0,1,0,0,3,0,4,1,4,1,0,0,0,85,1,0
/Users/kaiohs/Downloads/codes/lab02-experimentacao-software/data/repos/javaparser__javaparser/javaparser-core/src/main/java/com/github/javaparser/ast/expr/IntegerLiteralExpr.java,com.github.javaparser.ast.expr.IntegerLiteralExpr,class,13,75,60,15,23,5,2,16,105,0.93333334,0.0,0.0,15,0,15,0,0,0,15,0,0,0,2,2,2,0,0,0,2,0,8,64,13,0,0,0,0,18,8,4,0,3,1,0,0,0,148,1,0
/Users/kaiohs/Downloads/codes/lab02-experimentacao-software/data/repos/javaparser__javaparser/javaparser-core/src/main/java/com/github/javaparser/printer/lexicalpreservation/changes/ListAdditionChange.java,com.github.javaparser.printer.lexicalpreservation.changes.ListAdditionChange,class,5,6,1,5,6,1,0,8,0,0.22222222,0.0,0.0,3,0,3,0,0,0,3,0,0,0,3,0,0,3,0,0,3,0,0,32,3,0,1,0,1,1,0,8,1,7,2,0,0,0,31,1,0
/Users/kaiohs/Downloads/codes/lab02-experimentacao-software/data/repos/javaparser__javaparser/javaparser-core-testing/src/test/java/com/github/javaparser/builders/CompilationUnitBuildersTest.java,com.github.javaparser.builders.CompilationUnitBuildersTest$1LocalClass,innerclass,0,0,0,0,1,1,0,1,0,0.0,NaN,NaN,1,0,1,0,0,0,1,0,0,0,0,0,0,0,0,0,0,0,0,5,1,0,0,0,0,0,0,0,0,0,0,0,0,0,5,0,0
/Users/kaiohs/Downloads/codes/lab02-experimentacao-software/data/repos/javaparser__javaparser/javaparser-core-testing/src/test/java/com/github/javaparser/ast/expr/SimpleNameTest.java,com.github.javaparser.ast.expr.SimpleNameTest,class,3,3,0,3,5,1,0,9,10,0.0,0.0,0.0,5,0,0,0,0,5,5,0,0,0,0,0,0,0,0,0,0,0,0,24,0,0,0,0,0,6,0,5,0,5,0,0,0,2,37,0,0
/Users/kaiohs/Downloads/codes/lab02-experimentacao-software/data/repos/javaparser__javaparser/javaparser-core-testing/src/test/java/com/github/javaparser/printer/lexicalpreservation/Issue2610Test.java,com.github.javaparser.printer.lexicalpreservation.Issue2610Test,class,4,4,0,4,1,2,0,7,0,0.0,NaN,NaN,1,0,1,0,0,0,1,0,0,0,0,0,0,0,0,0,0,0,0,8,0,0,0,0,0,7,0,2,1,2,0,0,0,0,13,1,0
/Users/kaiohs/Downloads/codes/lab02-experimentacao-software/data/repos/javaparser__javaparser/javaparser-symbol-solver-testing/src/test/test_sourcecode/javaparser_new_src/javaparser-generated-sources/com/github/javaparser/ASTParser.java,GTToken,innerclass,2,4,2,2,2,1,0,0,1,1.0,0.0,0.0,2,1,1,0,0,1,2,0,0,0,1,0,0,0,0,1,0,0,0,10,1,0,0,0,0,0,0,3,0,1,0,0,0,0,8,24,0
/Users/kaiohs/Downloads/codes/lab02-experimentacao-software/data/repos/javaparser__javaparser/javaparser-symbol-solver-testing/src/test/test_sourcecode/javaparser_new_src/javaparser-generated-sources/com/github/javaparser/Token.java,Token,class,4,12,8,4,7,1,2,1,13,0.9206349,0.0,0.0,7,2,7,0,0,0,7,0,0,0,9,1,8,1,0,0,1,0,0,35,4,0,0,0,0,0,1,3,0,9,1,0,0,0,174,1,0
/Users/kaiohs/Downloads/codes/lab02-experimentacao-software/data/repos/javaparser__javaparser/javaparser-core/src/main/java/com/github/javaparser/ast/nodeTypes/modifiers/NodeWithPrivateModifier.java,com.github.javaparser.ast.nodeTypes.modifiers.NodeWithPrivateModifier,interface,2,3,1,2,2,1,0,2,1,0.0,0.0,0.0,2,0,0,0,0,2,2,0,0,0,0,0,0,0,0,0,0,0,0,8,2,0,0,0,0,1,0,0,0,0,0,0,0,0,18,1,0
/Users/kaiohs/Downloads/codes/lab02-experimentacao-software/data/repos/javaparser__javaparser/javaparser-core/src/main/java/com/github/javaparser/printer/concretesyntaxmodel/CsmUnindent.java,com.github.javaparser.printer.concretesyntaxmodel.CsmUnindent,class,4,13,9,4,3,1,0,1,3,0.0,0.0,0.0,3,0,3,0,0,0,3,0,0,0,0,0,0,0,0,0,0,0,0,11,2,0,0,0,0,0,1,0,0,0,0,0,0,0,14,1,0
/Users/kaiohs/Downloads/codes/lab02-experimentacao-software/data/repos/javaparser__javaparser/javaparser-core/src/main/java/com/github/javaparser/ast/body/RecordDeclaration.java,com.github.javaparser.ast.body.RecordDeclaration,class,31,58,27,31,58,4,0,55,322,0.79310346,0.0,0.0,29,0,29,0,0,0,29,0,0,0,4,0,0,4,0,0,0,0,5,192,39,6,20,0,1,20,6,11,0,14,2,0,0,3,197,1,0
/Users/kaiohs/Downloads/codes/lab02-experimentacao-software/data/repos/javaparser__javaparser/javaparser-core-testing/src/test/java/com/github/javaparser/builders/NodeWithThrownExceptionsBuildersTest.java,com.github.javaparser.builders.NodeWithThrownExceptionsBuildersTest,class,4,4,0,4,1,1,0,11,0,0.0,NaN,NaN,1,0,0,0,0,1,1,0,0,0,1,0,0,1,0,0,1,0,0,12,0,0,0,0,0,4,3,2,0,2,0,0,0,0,22,0,0
/Users/kaiohs/Downloads/codes/lab02-experimentacao-software/data/repos/javaparser__javaparser/javaparser-core/src/main/java/com/github/javaparser/printer/lexicalpreservation/LexicalPreservingPrinter.java,com.github.javaparser.printer.lexicalpreservation.LexicalPreservingPrinter,class,44,50,6,44,68,2,0,104,70,0.89230764,0.0,0.0,13,13,3,8,0,2,5,0,0,0,5,5,1,4,0,0,2,0,21,570,22,8,8,2,12,10,10,45,12,48,5,2,1,11,306,1,0
/Users/kaiohs/Downloads/codes/lab02-experimentacao-software/data/repos/javaparser__javaparser/javaparser-symbol-solver-testing/src/test/java/com/github/javaparser/symbolsolver/Issue241Test.java,com.github.javaparser.symbolsolver.Issue241Test,class,14,14,0,14,1,3,0,10,0,0.0,NaN,NaN,1,0,0,0,0,1,1,0,0,0,0,0,0,0,0,0,0,0,1,14,0,0,0,0,0,5,0,9,0,9,0,0,0,0,42,0,0
/Users/kaiohs/Downloads/codes/lab02-experimentacao-software/data/repos/javaparser__javaparser/javaparser-symbol-solver-core/src/main/java/com/github/javaparser/symbolsolver/javaparsermodel/contexts/UnaryExprContext.java,com.github.javaparser.symbolsolver.javaparsermodel.contexts.UnaryExprContext,class,3,4,1,3,1,3,0,0,0,0.0,NaN,NaN,1,0,1,0,0,0,1,0,0,0,0,0,0,0,0,0,0,0,0,5,0,0,0,0,0,0,0,0,0,0,0,0,0,0,6,1,0
/Users/kaiohs/Downloads/codes/lab02-experimentacao-software/data/repos/javaparser__javaparser/javaparser-symbol-solver-testing/src/test/java/com/github/javaparser/resolution/declarations/ResolvedFieldDeclarationTest.java,com.github.javaparser.resolution.declarations.ResolvedFieldDeclarationTest,interface,5,7,2,5,4,1,0,7,6,0.0,0.0,0.0,4,0,0,0,0,4,4,0,0,0,0,0,0,0,0,0,0,0,0,11,0,0,0,0,0,0,0,0,0,0,0,0,0,0,31,1,0
/Users/kaiohs/Downloads/codes/lab02-experimentacao-software/data/repos/javaparser__javaparser/javaparser-symbol-solver-testing/src/test/java/com/github/javaparser/symbolsolver/Issue156Test.java,com.github.javaparser.symbolsolver.Issue156Test,class,9,9,0,9,1,2,0,10,0,0.0,NaN,NaN,1,0,0,0,0,1,1,0,0,0,0,0,0,0,0,0,0,0,1,10,0,0,0,0,0,3,3,5,0,5,0,0,0,0,31,0,0
/Users/kaiohs/Downloads/codes/lab02-experimentacao-software/data/repos/javaparser__javaparser/javaparser-core-testing/src/test/java/com/github/javaparser/printer/lexicalpreservation/Issue2592Test.java,com.github.javaparser.printer.lexicalpreservation.Issue2592Test,class,5,5,0,5,1,2,0,14,0,0.0,NaN,NaN,1,0,1,0,0,0,1,0,0,0,0,0,0,0,0,0,0,0,0,15,0,0,0,0,0,7,1,4,1,8,0,0,0,4,24,1,0
/Users/kaiohs/Downloads/codes/lab02-experimentacao-software/data/repos/javaparser__javaparser/javaparser-symbol-solver-testing/src/test/java/com/github/javaparser/symbolsolver/Issue2406Test.java,com.github.javaparser.symbolsolver.Issue2406Test$Anonymous1,anonymous,1,1,0,1,1,1,0,2,0,0.0,NaN,NaN,1,0,1,0,0,0,1,0,0,0,0,0,0,0,0,0,0,0,0,5,1,0,0,0,1,1,0,0,0,0,0,0,0,0,6,-1,0
/Users/kaiohs/Downloads/codes/lab02-experimentacao-software/data/repos/javaparser__javaparser/javaparser-symbol-solver-testing/src/test/test_sourcecode/javaparser_new_src/javaparser-core/com/github/javaparser/Position.java,Position,class,5,22,17,5,31,1,0,5,0,0.7435897,0.0,0.0,13,1,13,0,0,0,13,0,0,0,6,4,6,0,0,0,6,0,0,83,23,0,9,0,0,5,13,7,5,7,1,0,0,0,80,1,0
/Users/kaiohs/Downloads/codes/lab02-experimentacao-software/data/repos/javaparser__javaparser/javaparser-core/src/main/java/com/github/javaparser/metamodel/ModuleDeclarationMetaModel.java,com.github.javaparser.metamodel.ModuleDeclarationMetaModel,class,5,7,2,5,1,3,0,0,0,0.0,NaN,NaN,1,0,0,0,0,1,1,0,0,0,4,0,4,0,0,0,0,0,0,9,0,0,0,0,0,4,0,0,0,4,0,0,0,0,39,1,0
/Users/kaiohs/Downloads/codes/lab02-experimentacao-software/data/repos/javaparser__javaparser/javaparser-symbol-solver-testing/src/test/java/com/github/javaparser/symbolsolver/resolution/javaparser/contexts/MethodCallExprContextResolutionTest.java,com.github.javaparser.symbolsolver.resolution.javaparser.contexts.MethodCallExprContextResolutionTest,class,23,24,1,23,16,3,0,40,91,0.0,0.0,0.0,14,0,3,4,0,7,10,0,0,0,0,0,0,0,0,0,0,0,8,107,2,1,0,1,0,29,6,40,0,42,2,0,0,2,92,0,0
/Users/kaiohs/Downloads/codes/lab02-experimentacao-software/data/repos/javaparser__javaparser/javaparser-symbol-solver-testing/src/test/java/com/github/javaparser/symbolsolver/Issue3159Test.java,com.github.javaparser.symbolsolver.Issue3159Test,class,8,8,0,8,1,3,0,8,0,0.0,NaN,NaN,1,0,1,0,0,0,1,0,0,0,0,0,0,0,0,0,0,0,0,12,0,0,0,0,0,6,0,5,1,5,0,0,0,0,32,1,0
/Users/kaiohs/Downloads/codes/lab02-experimentacao-software/data/repos/javaparser__javaparser/javaparser-core/src/main/java/com/github/javaparser/ast/body/TypeDeclaration.java,com.github.javaparser.ast.body.TypeDeclaration,class,25,117,86,31,42,3,4,53,186,0.72222215,0.0,0.0,24,0,24,0,0,0,24,1,0,0,3,0,0,3,0,0,0,0,2,142,29,4,13,0,1,20,4,8,2,19,2,0,0,12,140,1025,0
/Users/kaiohs/Downloads/codes/lab02-experimentacao-software/data/repos/javaparser__javaparser/javaparser-core/src/main/java/com/github/javaparser/metamodel/UnionTypeMetaModel.java,com.github.javaparser.metamodel.UnionTypeMetaModel,class,5,7,2,5,1,4,0,0,0,0.0,NaN,NaN,1,0,0,0,0,1,1,0,0,0,1,0,1,0,0,0,0,0,0,6,0,0,0,0,0,4,0,0,0,1,0,0,0,0,36,1,0
/Users/kaiohs/Downloads/codes/lab02-experimentacao-software/data/repos/javaparser__javaparser/javaparser-symbol-solver-testing/src/test/java/com/github/javaparser/symbolsolver/PullRequest2398Test.java,com.github.javaparser.symbolsolver.PullRequest2398Test,class,11,12,1,11,4,2,0,15,1,0.33333334,0.0,0.0,3,0,0,1,0,2,2,0,0,0,1,0,0,1,0,0,0,0,3,28,1,0,0,1,0,9,0,10,0,11,1,0,0,2,46,1,0
/Users/kaiohs/Downloads/codes/lab02-experimentacao-software/data/repos/javaparser__javaparser/javaparser-symbol-solver-testing/src/test/java/com/github/javaparser/symbolsolver/resolution/PatternVariableIntroductionTest.java,com.github.javaparser.symbolsolver.resolution.PatternVariableIntroductionTest$LogicalComplementOperator,innerclass,6,6,0,6,2,1,0,8,1,0.0,0.0,0.0,2,0,2,0,0,0,2,0,0,0,0,0,0,0,0,0,0,0,0,12,0,0,0,0,0,17,0,4,2,4,0,0,0,1,48,0,0
/Users/kaiohs/Downloads/codes/lab02-experimentacao-software/data/repos/javaparser__javaparser/javaparser-symbol-solver-testing/src/test/java/com/github/javaparser/symbolsolver/reflectionmodel/ReflectionClassDeclarationTest.java,com.github.javaparser.symbolsolver.reflectionmodel.ReflectionClassDeclarationTest$ClassWithSyntheticConstructor$ClassWithSyntheticConstructorHelper,innerclass,1,1,0,1,1,1,0,0,0,0.0,NaN,NaN,1,1,1,0,0,0,1,0,0,0,0,0,0,0,0,0,0,0,0,5,1,0,0,0,0,0,0,0,0,0,0,0,0,0,6,10,0
/Users/kaiohs/Downloads/codes/lab02-experimentacao-software/data/repos/javaparser__javaparser/javaparser-core/src/main/java/com/github/javaparser/metamodel/UnknownTypeMetaModel.java,com.github.javaparser.metamodel.UnknownTypeMetaModel,class,4,6,2,4,1,4,0,0,0,0.0,NaN,NaN,1,0,0,0,0,1,1,0,0,0,0,0,0,0,0,0,0,0,0,5,0,0,0,0,0,4,0,0,0,0,0,0,0,0,34,1,0
/Users/kaiohs/Downloads/codes/lab02-experimentacao-software/data/repos/javaparser__javaparser/javaparser-symbol-solver-testing/src/test/resources/issue2667/javaparser/JSONObject.java,javaparser.JSONObject,class,1,2,1,1,5,1,0,0,10,0.0,0.0,0.0,5,0,5,0,0,0,5,0,0,0,0,0,0,0,0,0,0,0,0,17,5,0,0,0,0,0,0,0,0,0,0,0,0,0,7,1,0
/Users/kaiohs/Downloads/codes/lab02-experimentacao-software/data/repos/javaparser__javaparser/javaparser-symbol-solver-testing/src/test/java/com/github/javaparser/symbolsolver/javaparsermodel/declarations/JavaParserInterfaceDeclarationTest.java,com.github.javaparser.symbolsolver.javaparsermodel.declarations.JavaParserInterfaceDeclarationTest,class,31,31,0,31,39,3,0,74,0,0.10526316,0.0,0.0,38,0,4,0,0,34,38,0,0,0,1,0,0,1,0,0,0,0,13,439,3,0,0,1,0,338,121,145,1,73,1,0,0,6,137,0,0
/Users/kaiohs/Downloads/codes/lab02-experimentacao-software/data/repos/javaparser__javaparser/javaparser-core-testing-bdd/src/test/java/com/github/javaparser/steps/CommentParsingSteps.java,com.github.javaparser.steps.CommentParsingSteps,class,34,36,2,34,53,1,0,49,0,0.78333336,0.0,0.0,48,0,46,2,0,0,46,0,0,0,5,0,0,5,0,0,0,0,22,251,2,4,0,0,0,52,50,82,46,79,1,0,0,0,175,1,0
/Users/kaiohs/Downloads/codes/lab02-experimentacao-software/data/repos/javaparser__javaparser/javaparser-symbol-solver-testing/src/test/java/com/github/javaparser/symbolsolver/Issue3918Test.java,com.github.javaparser.symbolsolver.Issue3918Test,class,9,9,0,9,1,3,0,14,0,0.0,NaN,NaN,1,0,0,0,0,1,1,0,0,0,0,0,0,0,0,0,0,0,1,13,0,0,0,0,0,12,0,6,1,7,0,0,0,1,33,1,0
/Users/kaiohs/Downloads/codes/lab02-experimentacao-software/data/repos/javaparser__javaparser/javaparser-symbol-solver-testing/src/test/java/com/github/javaparser/symbolsolver/resolution/MethodsResolutionLogicTest.java,com.github.javaparser.symbolsolver.resolution.MethodsResolutionLogicTest,class,21,22,1,21,41,3,0,54,253,0.45714286,0.0,0.0,35,0,0,5,0,30,30,0,0,0,1,0,0,1,0,0,0,0,5,254,5,0,6,0,0,183,2,117,13,145,1,0,0,29,247,0,0
/Users/kaiohs/Downloads/codes/lab02-experimentacao-software/data/repos/javaparser__javaparser/javaparser-core-testing/src/test/java/com/github/javaparser/ast/stmt/ForEachStmtTest.java,com.github.javaparser.ast.stmt.ForEachStmtTest,class,3,3,0,3,2,1,0,11,1,0.0,0.0,0.0,2,0,0,0,0,2,2,0,0,0,0,0,0,0,0,0,0,0,0,14,0,0,0,0,0,5,0,2,0,2,0,0,0,0,25,0,0
/Users/kaiohs/Downloads/codes/lab02-experimentacao-software/data/repos/javaparser__javaparser/javaparser-core/src/main/java/com/github/javaparser/ast/validator/language_level_validations/Java17PreviewValidator.java,com.github.javaparser.ast.validator.language_level_validations.Java17PreviewValidator,class,1,1,0,1,1,20,0,0,0,0.0,NaN,NaN,1,0,1,0,0,0,1,0,0,0,0,0,0,0,0,0,0,0,0,5,0,0,0,0,0,0,0,0,0,0,0,0,0,0,19,1,0
/Users/kaiohs/Downloads/codes/lab02-experimentacao-software/data/repos/javaparser__javaparser/javaparser-core/src/main/java/com/github/javaparser/ast/validator/language_level_validations/chunks/CommonValidators.java,com.github.javaparser.ast.validator.language_level_validations.chunks.CommonValidators,class,22,23,1,22,12,2,0,20,0,0.0,NaN,NaN,1,0,1,0,0,0,1,0,0,0,0,0,0,0,0,0,0,0,0,38,1,2,0,0,1,5,3,4,0,16,5,0,0,8,47,1,0
/Users/kaiohs/Downloads/codes/lab02-experimentacao-software/data/repos/javaparser__javaparser/javaparser-core-metamodel-generator/src/main/java/com/github/javaparser/generator/metamodel/MetaModelGenerator.java,com.github.javaparser.generator.metamodel.MetaModelGenerator$Anonymous1,anonymous,24,24,0,24,1,1,0,1,0,0.0,NaN,NaN,0,0,0,0,0,0,1,0,0,0,0,0,0,0,0,0,0,0,0,122,0,0,0,0,0,0,0,0,0,0,0,0,0,0,1,-1,0
/Users/kaiohs/Downloads/codes/lab02-experimentacao-software/data/repos/javaparser__javaparser/javaparser-core-generators/src/main/java/com/github/javaparser/generator/core/visitor/VoidVisitorAdapterGenerator.java,com.github.javaparser.generator.core.visitor.VoidVisitorAdapterGenerator,class,7,7,0,7,8,3,0,15,1,0.0,0.0,0.0,2,0,1,0,1,0,2,0,0,0,0,0,0,0,0,0,0,0,4,27,0,1,0,0,0,9,0,2,1,3,3,0,0,1,32,1,0
/Users/kaiohs/Downloads/codes/lab02-experimentacao-software/data/repos/javaparser__javaparser/javaparser-core-testing/src/test/java/com/github/javaparser/printer/lexicalpreservation/PrettyPrinterIssue2340Test.java,com.github.javaparser.printer.lexicalpreservation.PrettyPrinterIssue2340Test,class,2,2,0,2,5,2,0,13,10,0.0,0.0,0.0,5,0,0,0,0,5,5,0,0,0,0,0,0,0,0,0,0,0,0,32,0,0,0,0,0,5,0,5,0,10,0,0,0,5,24,0,0
/Users/kaiohs/Downloads/codes/lab02-experimentacao-software/data/repos/javaparser__javaparser/javaparser-symbol-solver-testing/src/test/java/com/github/javaparser/symbolsolver/Issue3272Test.java,com.github.javaparser.symbolsolver.Issue3272Test,class,9,9,0,9,2,1,0,8,1,0.0,0.0,0.0,2,0,0,0,0,2,2,0,0,0,0,0,0,0,0,0,0,0,2,20,0,0,0,0,0,13,0,12,2,12,0,0,0,0,29,1,0
/Users/kaiohs/Downloads/codes/lab02-experimentacao-software/data/repos/javaparser__javaparser/javaparser-core-testing/src/test/java/com/github/javaparser/ast/nodeTypes/NodeWithVariablesTest.java,com.github.javaparser.ast.nodeTypes.NodeWithVariablesTest,class,3,3,0,3,11,1,0,14,55,0.0,0.0,0.0,11,0,0,0,0,11,11,0,0,0,0,0,0,0,0,0,0,0,0,60,0,0,0,0,0,13,2,8,0,8,1,0,0,5,34,0,0
/Users/kaiohs/Downloads/codes/lab02-experimentacao-software/data/repos/javaparser__javaparser/javaparser-core/src/main/java/com/github/javaparser/metamodel/BodyDeclarationMetaModel.java,com.github.javaparser.metamodel.BodyDeclarationMetaModel,class,5,14,9,5,2,3,7,0,1,0.5,0.0,0.0,2,0,0,0,1,1,2,0,0,0,1,0,1,0,0,0,0,0,0,9,0,0,0,0,0,5,0,0,0,1,0,0,0,0,37,1,0
/Users/kaiohs/Downloads/codes/lab02-experimentacao-software/data/repos/javaparser__javaparser/javaparser-core/src/main/java/com/github/javaparser/ast/validator/language_level_validations/chunks/NoUnderscoresInIntegerLiteralsValidator.java,com.github.javaparser.ast.validator.language_level_validations.chunks.NoUnderscoresInIntegerLiteralsValidator,class,6,8,2,6,4,3,0,6,3,0.0,0.0,0.0,3,1,2,1,0,0,2,0,0,0,0,0,0,0,0,0,0,0,2,15,0,0,0,0,0,2,0,0,0,0,1,0,0,0,22,1,0
/Users/kaiohs/Downloads/codes/lab02-experimentacao-software/data/repos/javaparser__javaparser/javaparser-symbol-solver-testing/src/test/java/com/github/javaparser/symbolsolver/Issue3024Test.java,com.github.javaparser.symbolsolver.Issue3024Test,class,6,6,0,6,2,3,0,7,0,0.0,NaN,NaN,1,0,1,0,0,0,1,0,0,0,0,0,0,0,0,0,0,0,0,11,0,1,0,0,0,15,0,2,1,2,1,0,0,0,28,1,0
/Users/kaiohs/Downloads/codes/lab02-experimentacao-software/data/repos/javaparser__javaparser/javaparser-core/src/main/java/com/github/javaparser/resolution/types/ResolvedUnionType.java,com.github.javaparser.resolution.types.ResolvedUnionType,class,3,8,5,3,13,1,0,19,0,0.22222222,0.0,0.0,9,0,9,0,0,0,9,0,0,0,1,0,0,1,0,0,0,0,2,42,11,0,3,0,0,2,1,4,1,8,1,0,0,3,53,1,0
/Users/kaiohs/Downloads/codes/lab02-experimentacao-software/data/repos/javaparser__javaparser/javaparser-symbol-solver-testing/src/test/test_sourcecode/javaparser_src/proper_source/com/github/javaparser/ast/body/WithDeclaration.java,com.github.javaparser.ast.body.WithDeclaration,interface,0,2,2,0,3,1,0,0,3,0.0,0.0,0.0,3,0,0,0,0,3,3,0,0,0,0,0,0,0,0,0,0,0,0,5,0,0,0,0,0,0,0,0,0,0,0,0,0,0,51,1,0
/Users/kaiohs/Downloads/codes/lab02-experimentacao-software/data/repos/javaparser__javaparser/javaparser-core/src/main/java/com/github/javaparser/printer/lexicalpreservation/TextElementMatcher.java,com.github.javaparser.printer.lexicalpreservation.TextElementMatcher,interface,2,8,6,2,2,1,0,1,1,0.0,0.0,0.0,2,0,0,0,0,2,2,0,0,0,0,0,0,0,0,0,0,0,0,6,1,0,0,0,0,0,0,0,0,1,0,0,0,1,22,1,0
/Users/kaiohs/Downloads/codes/lab02-experimentacao-software/data/repos/javaparser__javaparser/javaparser-core-generators/src/test/java/com/github/javaparser/generator/core/utils/CodeUtilsTest.java,com.github.javaparser.generator.core.utils.CodeUtilsTest,class,3,3,0,3,2,1,0,6,0,0.0,0.0,0.0,2,0,0,0,0,2,2,0,0,0,1,1,0,1,0,0,1,0,3,13,0,0,0,0,0,4,0,5,0,5,0,0,0,0,34,0,0
/Users/kaiohs/Downloads/codes/lab02-experimentacao-software/data/repos/javaparser__javaparser/javaparser-symbol-solver-testing/src/test/resources/Ancestor.java,Ancestor$Iterator,innerclass,0,0,0,0,0,1,0,0,0,0.0,-1.0,-1.0,0,0,0,0,0,0,0,0,0,0,0,0,0,0,0,0,0,0,0,2,0,0,0,0,0,0,0,0,0,0,0,0,0,0,1,9,0
/Users/kaiohs/Downloads/codes/lab02-experimentacao-software/data/repos/javaparser__javaparser/javaparser-symbol-solver-testing/src/test/resources/enumLiteralsInAnnotatedClass/foo/bar/BinaryExpr.java,foo.bar.BinaryExpr$Operator,enum,0,0,0,0,1,1,0,0,0,0.0,NaN,NaN,1,0,0,0,0,1,1,0,0,0,0,0,0,0,0,0,0,0,0,3,0,0,0,0,0,2,0,0,0,0,0,0,0,0,9,0,0
/Users/kaiohs/Downloads/codes/lab02-experimentacao-software/data/repos/javaparser__javaparser/javaparser-symbol-solver-testing/src/test/resources/modules/src/main/java/com.github.javaparser.testmodule/com/github/javaparser/testpackage2/AnotherClass.java,com.github.javaparser.testpackage2.AnotherClass,class,0,0,0,0,1,1,0,0,0,0.0,NaN,NaN,1,1,1,0,0,0,1,0,0,0,0,0,0,0,0,0,0,0,0,4,0,0,0,0,0,0,0,0,0,0,0,0,0,0,4,1,0
/Users/kaiohs/Downloads/codes/lab02-experimentacao-software/data/repos/javaparser__javaparser/javaparser-symbol-solver-testing/src/test/java/com/github/javaparser/symbolsolver/resolution/AnnotationsResolutionTest.java,com.github.javaparser.symbolsolver.resolution.AnnotationsResolutionTest,class,37,38,1,37,25,3,0,58,300,0.0,0.0,0.0,25,0,0,1,0,24,24,0,0,0,0,0,0,0,0,0,0,0,1,231,1,0,0,0,2,114,32,116,0,117,0,0,0,2,110,0,0
/Users/kaiohs/Downloads/codes/lab02-experimentacao-software/data/repos/javaparser__javaparser/javaparser-core/src/main/java/com/github/javaparser/ast/nodeTypes/NodeWithTypeArguments.java,com.github.javaparser.ast.nodeTypes.NodeWithTypeArguments,interface,5,18,11,7,6,1,0,6,15,0.0,0.0,0.0,6,0,0,0,0,6,6,0,0,0,0,0,0,0,0,0,0,0,1,16,4,0,0,0,0,3,0,0,0,0,0,0,0,0,63,1,0
/Users/kaiohs/Downloads/codes/lab02-experimentacao-software/data/repos/javaparser__javaparser/javaparser-core-testing/src/test/java/com/github/javaparser/printer/lexicalpreservation/transformations/ast/body/EnumConstantDeclarationTransformationsTest.java,com.github.javaparser.printer.lexicalpreservation.transformations.ast.body.EnumConstantDeclarationTransformationsTest,class,4,5,1,4,2,2,0,8,1,0.0,0.0,0.0,2,0,0,0,1,1,2,0,0,0,0,0,0,0,0,0,0,0,0,11,1,0,0,0,0,5,2,1,1,1,0,0,0,0,26,0,0
/Users/kaiohs/Downloads/codes/lab02-experimentacao-software/data/repos/javaparser__javaparser/javaparser-symbol-solver-testing/src/test/java/com/github/javaparser/symbolsolver/testingclasses/SomeClass.java,com.github.javaparser.symbolsolver.testingclasses.SomeClass,class,0,0,0,0,0,1,0,0,0,0.0,-1.0,-1.0,0,0,0,0,0,0,0,0,0,0,0,0,0,0,0,0,0,0,0,3,0,0,0,0,0,0,0,0,0,0,0,0,1,0,11,1,0
/Users/kaiohs/Downloads/codes/lab02-experimentacao-software/data/repos/javaparser__javaparser/javaparser-symbol-solver-testing/src/test/java/com/github/javaparser/symbolsolver/JavaParserAPIIntegrationTest.java,com.github.javaparser.symbolsolver.JavaParserAPIIntegrationTest,class,33,34,1,33,18,2,0,31,63,0.77777773,0.0,0.0,18,0,0,1,0,17,17,0,0,0,3,0,0,3,0,0,0,0,12,169,1,0,0,0,0,53,17,90,5,90,0,0,0,0,103,0,0
/Users/kaiohs/Downloads/codes/lab02-experimentacao-software/data/repos/javaparser__javaparser/javaparser-symbol-solver-testing/src/test/java/com/github/javaparser/symbolsolver/javaparsermodel/declarations/JavaParserRecordDeclarationTest.java,com.github.javaparser.symbolsolver.javaparsermodel.declarations.JavaParserRecordDeclarationTest,class,21,21,0,21,32,1,0,69,0,0.625,0.0,0.0,30,0,1,0,0,29,30,0,0,0,4,0,0,4,0,0,3,0,5,299,0,2,0,0,0,132,31,125,11,128,2,0,0,7,113,1,0
/Users/kaiohs/Downloads/codes/lab02-experimentacao-software/data/repos/javaparser__javaparser/javaparser-symbol-solver-testing/src/test/java/com/github/javaparser/symbolsolver/resolution/javaparser/contexts/EnumDeclarationContextResolutionTest.java,com.github.javaparser.symbolsolver.resolution.javaparser.contexts.EnumDeclarationContextResolutionTest,class,12,12,0,12,7,3,0,12,0,0.14285715,0.0,0.0,7,0,0,0,0,7,7,0,0,0,1,0,0,1,0,0,0,0,0,54,0,0,0,0,0,24,0,25,0,25,0,0,0,0,36,0,0
/Users/kaiohs/Downloads/codes/lab02-experimentacao-software/data/repos/javaparser__javaparser/javaparser-symbol-solver-core/src/main/java/com/github/javaparser/symbolsolver/javaparsermodel/contexts/JavaParserTypeDeclarationAdapter.java,com.github.javaparser.symbolsolver.javaparsermodel.contexts.JavaParserTypeDeclarationAdapter,class,27,48,5,43,62,1,0,76,58,0.7307693,0.0,0.0,13,0,5,8,0,0,5,0,0,0,4,0,0,4,0,0,0,0,17,162,28,7,6,1,1,9,5,22,5,24,5,0,0,8,99,1,0
/Users/kaiohs/Downloads/codes/lab02-experimentacao-software/data/repos/javaparser__javaparser/javaparser-symbol-solver-testing/src/test/java/com/github/javaparser/symbolsolver/model/typesystem/TypeVariableUsageTest.java,com.github.javaparser.symbolsolver.model.typesystem.TypeVariableUsageTest,class,7,7,0,7,2,1,0,4,0,0.16666667,0.0,0.0,2,0,0,0,0,2,2,0,0,0,3,0,0,3,0,0,0,0,1,13,0,0,0,0,0,2,0,3,0,3,0,0,0,0,23,0,0
/Users/kaiohs/Downloads/codes/lab02-experimentacao-software/data/repos/javaparser__javaparser/javaparser-core/src/main/java/com/github/javaparser/printer/lexicalpreservation/LexicalPreservingVisitor.java,com.github.javaparser.printer.lexicalpreservation.LexicalPreservingVisitor,class,2,6,4,2,5,1,0,4,4,0.4,0.0,0.0,5,0,5,0,0,0,5,0,0,0,1,0,0,1,0,0,0,0,0,18,1,0,0,0,0,0,0,1,0,1,0,0,0,0,14,1,0
/Users/kaiohs/Downloads/codes/lab02-experimentacao-software/data/repos/javaparser__javaparser/javaparser-core/src/main/java/com/github/javaparser/resolution/Navigator.java,com.github.javaparser.resolution.Navigator,class,18,40,22,18,54,1,0,36,325,0.0,0.0,0.0,26,25,22,4,0,0,22,0,0,0,0,0,0,0,0,0,0,0,21,166,30,6,4,0,2,16,5,20,4,22,4,0,0,9,150,17,0
/Users/kaiohs/Downloads/codes/lab02-experimentacao-software/data/repos/javaparser__javaparser/javaparser-core-testing/src/test/java/com/github/javaparser/printer/configuration/imports/EclipseImportOrderingStrategyTest.java,com.github.javaparser.printer.configuration.imports.EclipseImportOrderingStrategyTest,class,4,4,0,4,3,1,0,7,0,0.0,0.0,0.0,3,0,0,0,0,3,3,0,0,0,1,0,0,1,0,0,1,0,0,52,0,0,0,0,0,16,55,6,0,6,0,0,0,0,30,0,0
/Users/kaiohs/Downloads/codes/lab02-experimentacao-software/data/repos/javaparser__javaparser/javaparser-core/src/main/java/com/github/javaparser/ast/comments/BlockComment.java,com.github.javaparser.ast.comments.BlockComment,class,12,37,25,12,13,3,0,6,78,0.0,0.0,0.0,13,0,13,0,0,0,13,0,0,0,0,0,0,0,0,0,0,0,1,42,8,0,0,0,0,12,0,0,0,0,0,0,0,0,50,1,0
/Users/kaiohs/Downloads/codes/lab02-experimentacao-software/data/repos/javaparser__javaparser/javaparser-symbol-solver-testing/src/test/test_sourcecode/javaparser_new_src/javaparser-core/com/github/javaparser/ast/stmt/DoStmt.java,DoStmt,class,9,24,15,9,9,1,0,4,14,0.5555556,0.0,0.0,9,0,9,0,0,0,9,0,0,0,2,0,0,2,0,0,0,0,0,37,5,0,0,0,0,0,0,2,0,2,0,0,0,0,23,17,0
/Users/kaiohs/Downloads/codes/lab02-experimentacao-software/data/repos/javaparser__javaparser/javaparser-symbol-solver-testing/src/test/java/com/github/javaparser/symbolsolver/reflectionmodel/ReflectionClassDeclarationTest.java,com.github.javaparser.symbolsolver.reflectionmodel.ReflectionClassDeclarationTest$1Foo,innerclass,1,1,0,1,0,1,0,0,0,NaN,-1.0,-1.0,0,0,0,0,0,0,0,0,0,0,1,0,0,0,0,1,0,0,0,3,0,0,0,0,0,0,0,0,0,1,0,0,0,0,2,0,0
/Users/kaiohs/Downloads/codes/lab02-experimentacao-software/data/repos/javaparser__javaparser/javaparser-core-testing/src/test/resources/com/github/javaparser/utils/projectroot/issue2615/with_module_info/demo/Main.java,demo.Main$Callback,innerclass,4,4,0,4,1,1,0,1,0,0.0,NaN,NaN,1,0,1,0,0,0,1,0,0,0,0,0,0,0,0,0,0,0,0,6,1,0,0,0,0,1,0,0,0,0,0,0,0,0,5,10,0
/Users/kaiohs/Downloads/codes/lab02-experimentacao-software/data/repos/javaparser__javaparser/javaparser-core-generators/src/main/java/com/github/javaparser/generator/core/visitor/ModifierVisitorGenerator.java,com.github.javaparser.generator.core.visitor.ModifierVisitorGenerator,class,10,10,0,10,13,3,0,33,3,0.0,0.0,0.0,3,0,1,1,1,0,2,0,0,0,0,0,0,0,0,0,0,0,6,56,0,0,0,0,0,18,0,4,0,8,5,0,0,5,45,1,0
/Users/kaiohs/Downloads/codes/lab02-experimentacao-software/data/repos/javaparser__javaparser/javaparser-core/src/main/java/com/github/javaparser/printer/lexicalpreservation/TextElementIteratorsFactory.java,com.github.javaparser.printer.lexicalpreservation.TextElementIteratorsFactory$CascadingIterator$Provider,interface,1,1,0,1,1,1,0,0,0,0.0,NaN,NaN,1,0,0,0,0,1,1,0,0,0,0,0,0,0,0,0,0,0,0,3,0,0,0,0,0,0,0,0,0,0,0,0,0,0,1,0,0
/Users/kaiohs/Downloads/codes/lab02-experimentacao-software/data/repos/javaparser__javaparser/javaparser-core/src/main/java/com/github/javaparser/printer/lexicalpreservation/IndexTrackingIterator.java,com.github.javaparser.printer.lexicalpreservation.IndexTrackingIterator,class,1,2,1,1,12,1,0,10,0,0.33333334,0.0,0.0,12,0,12,0,0,0,12,0,0,0,2,0,0,2,0,0,1,0,0,47,7,0,0,0,0,0,3,8,0,4,0,0,0,0,127,1,0
/Users/kaiohs/Downloads/codes/lab02-experimentacao-software/data/repos/javaparser__javaparser/javaparser-symbol-solver-core/src/main/java/com/github/javaparser/symbolsolver/javaparsermodel/declarations/AstResolutionUtils.java,com.github.javaparser.symbolsolver.javaparsermodel.declarations.AstResolutionUtils,class,15,24,9,15,22,1,0,26,10,0.0,0.0,0.0,5,5,0,0,0,5,5,0,0,0,0,0,0,0,0,0,0,0,9,75,17,1,2,0,6,9,0,15,5,16,3,0,0,2,40,0,0
/Users/kaiohs/Downloads/codes/lab02-experimentacao-software/data/repos/javaparser__javaparser/javaparser-symbol-solver-testing/src/test/java/com/github/javaparser/symbolsolver/Issue4188Test.java,com.github.javaparser.symbolsolver.Issue4188Test,class,6,6,0,6,1,3,0,7,0,0.0,NaN,NaN,1,0,1,0,0,0,1,0,0,0,0,0,0,0,0,0,0,0,0,8,0,0,0,0,0,35,0,3,1,3,0,0,0,0,29,1,0
/Users/kaiohs/Downloads/codes/lab02-experimentacao-software/data/repos/javaparser__javaparser/javaparser-symbol-solver-testing/src/test/java/com/github/javaparser/symbolsolver/logic/MethodResolutionCapabilityTest.java,com.github.javaparser.symbolsolver.logic.MethodResolutionCapabilityTest,interface,1,3,2,1,1,1,0,0,0,0.0,NaN,NaN,1,0,0,0,0,1,1,0,0,0,0,0,0,0,0,0,0,0,0,3,0,0,0,0,0,0,0,0,0,0,0,0,0,0,6,1,0
/Users/kaiohs/Downloads/codes/lab02-experimentacao-software/data/repos/javaparser__javaparser/javaparser-symbol-solver-core/src/main/java/com/github/javaparser/symbolsolver/resolution/typeinference/InferenceVariable.java,com.github.javaparser.symbolsolver.resolution.typeinference.InferenceVariable,class,3,21,18,3,20,1,0,7,17,0.6363637,0.0,0.0,11,2,11,0,0,0,11,0,0,0,3,1,0,3,0,0,0,0,1,55,13,1,7,0,2,7,3,7,6,6,1,0,0,0,80,1,0
/Users/kaiohs/Downloads/codes/lab02-experimentacao-software/data/repos/javaparser__javaparser/javaparser-symbol-solver-testing/src/test/java/com/github/javaparser/symbolsolver/javaparsermodel/declarations/JavaParserMethodDeclarationTest.java,com.github.javaparser.symbolsolver.javaparsermodel.declarations.JavaParserMethodDeclarationTest,class,15,15,0,15,3,3,0,13,3,0.0,0.0,0.0,3,0,2,0,0,1,3,0,0,0,0,0,0,0,0,0,0,0,1,18,2,0,0,0,0,17,2,6,1,6,0,0,0,0,49,0,0
/Users/kaiohs/Downloads/codes/lab02-experimentacao-software/data/repos/javaparser__javaparser/javaparser-symbol-solver-testing/src/test/java/com/github/javaparser/symbolsolver/Issue3976Test.java,com.github.javaparser.symbolsolver.Issue3976Test,class,6,6,0,6,1,2,0,9,0,0.0,NaN,NaN,1,0,0,0,0,1,1,0,0,0,0,0,0,0,0,0,0,0,0,9,0,0,0,0,0,7,0,4,1,4,0,0,0,0,30,1,0
/Users/kaiohs/Downloads/codes/lab02-experimentacao-software/data/repos/javaparser__javaparser/javaparser-core-testing/src/test/java/com/github/javaparser/ast/expr/SwitchExprTest.java,com.github.javaparser.ast.expr.SwitchExprTest,class,17,17,0,17,27,1,0,48,351,0.0,0.0,0.0,27,0,0,0,0,27,27,0,0,0,0,0,0,0,0,0,0,0,26,214,0,0,0,0,0,202,106,52,26,52,0,0,0,0,138,0,0
/Users/kaiohs/Downloads/codes/lab02-experimentacao-software/data/repos/javaparser__javaparser/javaparser-core/src/main/java/com/github/javaparser/printer/lexicalpreservation/changes/Change.java,com.github.javaparser.printer.lexicalpreservation.changes.Change,interface,6,13,7,6,9,1,0,14,6,0.0,0.0,0.0,4,0,0,0,0,4,4,0,0,0,0,0,0,0,0,0,0,0,3,22,5,0,1,0,1,2,0,1,1,2,1,0,0,1,32,1,0
/Users/kaiohs/Downloads/codes/lab02-experimentacao-software/data/repos/javaparser__javaparser/javaparser-core/src/main/java/com/github/javaparser/metamodel/ThisExprMetaModel.java,com.github.javaparser.metamodel.ThisExprMetaModel,class,5,7,2,5,1,4,0,0,0,0.0,NaN,NaN,1,0,0,0,0,1,1,0,0,0,1,0,1,0,0,0,0,0,0,6,0,0,0,0,0,4,0,0,0,1,0,0,0,0,37,1,0
/Users/kaiohs/Downloads/codes/lab02-experimentacao-software/data/repos/javaparser__javaparser/javaparser-symbol-solver-testing/src/test/java/com/github/javaparser/symbolsolver/resolution/javaparser/contexts/FieldAccessContextResolutionTest.java,com.github.javaparser.symbolsolver.resolution.javaparser.contexts.FieldAccessContextResolutionTest,class,9,9,0,9,1,3,0,8,0,0.0,NaN,NaN,1,0,0,0,0,1,1,0,0,0,0,0,0,0,0,0,0,0,0,11,0,0,0,0,0,5,0,6,0,6,0,0,0,0,28,0,0
/Users/kaiohs/Downloads/codes/lab02-experimentacao-software/data/repos/javaparser__javaparser/javaparser-symbol-solver-core/src/main/java/com/github/javaparser/symbolsolver/resolution/typeinference/constraintformulas/LambdaThrowsCompatibleWithType.java,com.github.javaparser.symbolsolver.resolution.typeinference.constraintformulas.LambdaThrowsCompatibleWithType,class,6,7,1,6,8,2,0,5,0,0.25,0.0,0.0,4,0,4,0,0,0,4,0,0,0,2,0,0,2,0,0,0,0,0,22,6,0,3,0,0,3,1,3,4,4,1,0,0,0,52,1,0
/Users/kaiohs/Downloads/codes/lab02-experimentacao-software/data/repos/javaparser__javaparser/javaparser-core/src/main/java/com/github/javaparser/printer/concretesyntaxmodel/CsmConditional.java,com.github.javaparser.printer.concretesyntaxmodel.CsmConditional,class,6,9,3,6,13,1,0,5,0,0.4722222,0.0,0.0,9,0,9,0,0,0,9,0,0,0,4,0,0,4,0,0,4,0,1,78,5,1,0,0,0,0,3,10,0,5,1,0,1,0,49,1,0
/Users/kaiohs/Downloads/codes/lab02-experimentacao-software/data/repos/javaparser__javaparser/javaparser-core/src/main/java/com/github/javaparser/ast/validator/language_level_validations/chunks/SwitchExprValidator.java,com.github.javaparser.ast.validator.language_level_validations.chunks.SwitchExprValidator,class,5,7,2,5,4,1,0,6,1,0.0,NaN,NaN,2,0,1,1,0,0,1,0,0,0,0,0,0,0,0,0,0,0,0,11,0,0,1,0,0,1,0,1,0,2,1,0,0,1,37,1,0
/Users/kaiohs/Downloads/codes/lab02-experimentacao-software/data/repos/javaparser__javaparser/javaparser-core/src/main/java/com/github/javaparser/metamodel/IntegerLiteralExprMetaModel.java,com.github.javaparser.metamodel.IntegerLiteralExprMetaModel,class,4,6,2,4,1,2,0,0,0,0.0,NaN,NaN,1,0,0,0,0,1,1,0,0,0,0,0,0,0,0,0,0,0,0,5,0,0,0,0,0,4,0,0,0,0,0,0,0,0,37,1,0
/Users/kaiohs/Downloads/codes/lab02-experimentacao-software/data/repos/javaparser__javaparser/javaparser-core/src/main/java/com/github/javaparser/javadoc/Javadoc.java,com.github.javaparser.javadoc.Javadoc,class,6,13,7,6,25,1,0,23,25,0.61904764,0.0,0.0,14,0,14,0,0,0,14,0,0,0,3,0,0,3,0,0,0,0,1,92,15,2,3,0,0,10,1,10,5,10,2,0,0,1,100,1,0
/Users/kaiohs/Downloads/codes/lab02-experimentacao-software/data/repos/javaparser__javaparser/javaparser-symbol-solver-testing/src/test/java/com/github/javaparser/symbolsolver/Issue128Test.java,com.github.javaparser.symbolsolver.Issue128Test,class,14,14,0,14,3,3,0,12,0,0.0,0.0,0.0,3,0,0,0,0,3,3,0,0,0,1,0,0,1,0,0,0,0,1,18,0,0,0,0,0,5,2,7,0,7,0,0,0,0,55,0,0
/Users/kaiohs/Downloads/codes/lab02-experimentacao-software/data/repos/javaparser__javaparser/javaparser-symbol-solver-testing/src/test/java/com/github/javaparser/symbolsolver/resolution/typeinference/LeastUpperBoundTest.java,com.github.javaparser.symbolsolver.resolution.typeinference.LeastUpperBoundTest,class,18,19,1,18,47,1,0,59,849,0.9047619,0.0,0.0,42,2,21,12,0,9,30,0,0,0,1,0,0,1,0,0,0,0,6,256,12,3,0,2,0,54,27,109,0,111,1,0,0,2,146,0,0
/Users/kaiohs/Downloads/codes/lab02-experimentacao-software/data/repos/javaparser__javaparser/javaparser-symbol-solver-testing/src/test/java/com/github/javaparser/symbolsolver/Issue1817Test.java,com.github.javaparser.symbolsolver.Issue1817Test,class,9,9,0,9,1,2,0,10,0,0.0,NaN,NaN,1,0,1,0,0,0,1,0,0,0,0,0,0,0,0,0,0,0,0,13,0,0,0,0,0,8,0,5,1,5,0,0,0,0,32,1,0
/Users/kaiohs/Downloads/codes/lab02-experimentacao-software/data/repos/javaparser__javaparser/javaparser-core-testing/src/test/java/com/github/javaparser/ast/ObservationTest.java,com.github.javaparser.ast.ObservationTest$Anonymous7,anonymous,4,4,0,4,2,1,0,1,1,0.0,0.0,0.0,2,0,2,0,0,0,2,0,0,0,0,0,0,0,0,0,0,0,0,8,0,0,0,0,0,4,0,0,2,0,0,0,0,0,18,-1,0
/Users/kaiohs/Downloads/codes/lab02-experimentacao-software/data/repos/javaparser__javaparser/javaparser-core-testing/src/test/java/com/github/javaparser/ast/ObservationTest.java,com.github.javaparser.ast.ObservationTest$Anonymous6,anonymous,3,3,0,3,1,1,0,1,0,0.0,NaN,NaN,1,0,1,0,0,0,1,0,0,0,0,0,0,0,0,0,0,0,0,5,0,0,0,0,0,2,0,0,1,0,0,0,0,0,11,-1,0
/Users/kaiohs/Downloads/codes/lab02-experimentacao-software/data/repos/javaparser__javaparser/javaparser-symbol-solver-testing/src/test/resources/issue1518/Test1.java,Test1$Test2,innerclass,0,0,0,0,0,1,0,0,0,0.0,-1.0,-1.0,0,0,0,0,0,0,0,0,0,0,0,0,0,0,0,0,0,0,0,2,0,0,0,0,0,0,0,0,0,0,0,0,0,0,1,9,0
/Users/kaiohs/Downloads/codes/lab02-experimentacao-software/data/repos/javaparser__javaparser/javaparser-core-testing/src/test/java/com/github/javaparser/ast/ObservationTest.java,com.github.javaparser.ast.ObservationTest$Anonymous5,anonymous,3,3,0,3,1,1,0,1,0,0.0,NaN,NaN,1,0,1,0,0,0,1,0,0,0,0,0,0,0,0,0,0,0,0,5,0,0,0,0,0,2,0,0,1,0,0,0,0,0,11,-1,0
/Users/kaiohs/Downloads/codes/lab02-experimentacao-software/data/repos/javaparser__javaparser/javaparser-core-serialization/src/main/java/com/github/javaparser/serialization/JavaParserJsonSerializer.java,com.github.javaparser.serialization.JavaParserJsonSerializer$JsonRange,enum,0,0,0,0,2,1,0,0,0,0.0,0.0,0.0,2,0,1,0,0,1,2,0,0,0,1,0,0,0,0,1,1,0,0,8,1,0,0,0,0,4,0,1,0,1,0,0,0,0,20,1,0
/Users/kaiohs/Downloads/codes/lab02-experimentacao-software/data/repos/javaparser__javaparser/javaparser-core-testing/src/test/java/com/github/javaparser/ast/ObservationTest.java,com.github.javaparser.ast.ObservationTest$Anonymous4,anonymous,2,2,0,2,1,1,0,6,0,0.0,NaN,NaN,1,0,1,0,0,0,1,0,0,0,0,0,0,0,0,0,0,0,1,5,0,0,0,0,0,1,0,0,0,0,0,0,0,0,11,-1,0
/Users/kaiohs/Downloads/codes/lab02-experimentacao-software/data/repos/javaparser__javaparser/javaparser-symbol-solver-testing/src/test/resources/issue1518/Test1.java,Test1$Test3,innerclass,0,0,0,0,0,1,0,0,0,0.0,-1.0,-1.0,0,0,0,0,0,0,0,0,0,0,0,0,0,0,0,0,0,0,0,2,0,0,0,0,0,0,0,0,0,0,0,0,0,0,1,9,0
/Users/kaiohs/Downloads/codes/lab02-experimentacao-software/data/repos/javaparser__javaparser/javaparser-core/src/main/java/com/github/javaparser/ast/nodeTypes/NodeWithExpression.java,com.github.javaparser.ast.nodeTypes.NodeWithExpression,interface,4,12,8,4,3,1,0,2,3,0.0,0.0,0.0,3,0,0,0,0,3,3,0,0,0,0,0,0,0,0,0,0,0,1,7,1,0,0,0,0,0,0,0,0,0,0,0,0,0,13,1,0
/Users/kaiohs/Downloads/codes/lab02-experimentacao-software/data/repos/javaparser__javaparser/javaparser-symbol-solver-testing/src/test/test_sourcecode/javaparser_src/proper_source/com/github/javaparser/ast/stmt/ForeachStmt.java,com.github.javaparser.ast.stmt.ForeachStmt,class,9,22,13,9,11,3,0,6,23,0.6363636,0.0,0.0,11,0,11,0,0,0,11,0,0,0,3,0,0,3,0,0,0,0,0,45,4,0,0,0,0,0,0,3,0,3,0,0,0,0,25,17,0
/Users/kaiohs/Downloads/codes/lab02-experimentacao-software/data/repos/javaparser__javaparser/javaparser-core-testing/src/test/java/com/github/javaparser/ast/ObservationTest.java,com.github.javaparser.ast.ObservationTest$Anonymous3,anonymous,2,2,0,2,1,1,0,6,0,0.0,NaN,NaN,1,0,1,0,0,0,1,0,0,0,0,0,0,0,0,0,0,0,1,5,0,0,0,0,0,1,0,0,0,0,0,0,0,0,11,-1,0
/Users/kaiohs/Downloads/codes/lab02-experimentacao-software/data/repos/javaparser__javaparser/javaparser-core-testing/src/test/java/com/github/javaparser/ast/ObservationTest.java,com.github.javaparser.ast.ObservationTest$Anonymous2,anonymous,2,2,0,2,1,1,0,6,0,0.0,NaN,NaN,1,0,1,0,0,0,1,0,0,0,0,0,0,0,0,0,0,0,1,5,0,0,0,0,0,1,0,0,0,0,0,0,0,0,11,-1,0
/Users/kaiohs/Downloads/codes/lab02-experimentacao-software/data/repos/javaparser__javaparser/javaparser-core-testing/src/test/java/com/github/javaparser/ast/ObservationTest.java,com.github.javaparser.ast.ObservationTest$Anonymous1,anonymous,2,2,0,2,1,1,0,6,0,0.0,NaN,NaN,1,0,1,0,0,0,1,0,0,0,0,0,0,0,0,0,0,0,1,5,0,0,0,0,0,1,0,0,0,0,0,0,0,0,11,-1,0
/Users/kaiohs/Downloads/codes/lab02-experimentacao-software/data/repos/javaparser__javaparser/javaparser-core-testing/src/test/java/com/github/javaparser/ast/expr/BinaryExprTest.java,com.github.javaparser.ast.expr.BinaryExprTest,class,8,9,1,8,9,1,0,26,10,0.0,0.0,0.0,5,0,0,1,0,4,4,0,0,0,0,0,0,0,0,0,0,0,0,86,1,0,2,0,0,6,0,4,0,6,2,0,1,2,26,0,0
/Users/kaiohs/Downloads/codes/lab02-experimentacao-software/data/repos/javaparser__javaparser/javaparser-symbol-solver-core/src/main/java/com/github/javaparser/symbolsolver/javaparsermodel/contexts/VariableDeclarationExprContext.java,com.github.javaparser.symbolsolver.javaparsermodel.contexts.VariableDeclarationExprContext,class,5,6,1,5,4,3,0,5,1,0.0,0.0,0.0,2,0,2,0,0,0,2,0,0,0,0,0,0,0,0,0,0,0,1,13,2,1,1,0,0,0,2,1,0,1,2,0,0,0,17,1,0
/Users/kaiohs/Downloads/codes/lab02-experimentacao-software/data/repos/javaparser__javaparser/javaparser-symbol-solver-core/src/main/java/com/github/javaparser/symbolsolver/core/resolution/MethodUsageResolutionCapability.java,com.github.javaparser.symbolsolver.core.resolution.MethodUsageResolutionCapability,interface,3,19,16,3,1,1,0,0,0,0.0,NaN,NaN,1,0,0,0,0,1,1,0,0,0,0,0,0,0,0,0,0,0,0,3,0,0,0,0,0,0,0,0,0,0,0,0,0,0,9,1,0
/Users/kaiohs/Downloads/codes/lab02-experimentacao-software/data/repos/javaparser__javaparser/javaparser-core/src/main/java/com/github/javaparser/metamodel/ClassOrInterfaceTypeMetaModel.java,com.github.javaparser.metamodel.ClassOrInterfaceTypeMetaModel,class,5,7,2,5,1,5,0,0,0,0.0,NaN,NaN,1,0,0,0,0,1,1,0,0,0,4,0,4,0,0,0,0,0,0,9,0,0,0,0,0,4,0,0,0,4,0,0,0,0,45,1,0
/Users/kaiohs/Downloads/codes/lab02-experimentacao-software/data/repos/javaparser__javaparser/javaparser-core/src/main/java/com/github/javaparser/metamodel/EnclosedExprMetaModel.java,com.github.javaparser.metamodel.EnclosedExprMetaModel,class,5,7,2,5,1,4,0,0,0,0.0,NaN,NaN,1,0,0,0,0,1,1,0,0,0,1,0,1,0,0,0,0,0,0,6,0,0,0,0,0,4,0,0,0,1,0,0,0,0,37,1,0
/Users/kaiohs/Downloads/codes/lab02-experimentacao-software/data/repos/javaparser__javaparser/javaparser-symbol-solver-core/src/main/java/com/github/javaparser/symbolsolver/javassistmodel/JavassistEnumConstantDeclaration.java,com.github.javaparser.symbolsolver.javassistmodel.JavassistEnumConstantDeclaration,class,6,7,1,6,8,1,0,7,0,0.33333334,0.0,0.0,4,0,4,0,0,0,4,0,0,0,3,0,0,3,0,0,0,0,0,27,3,0,3,0,1,4,1,3,2,3,1,0,0,0,33,1,0
/Users/kaiohs/Downloads/codes/lab02-experimentacao-software/data/repos/javaparser__javaparser/javaparser-core/src/main/java/com/github/javaparser/javadoc/description/JavadocDescriptionElement.java,com.github.javaparser.javadoc.description.JavadocDescriptionElement,interface,0,3,3,0,1,1,0,0,0,0.0,NaN,NaN,1,0,0,0,0,1,1,0,0,0,0,0,0,0,0,0,0,0,0,3,0,0,0,0,0,0,0,0,0,0,0,0,0,0,23,1,0
/Users/kaiohs/Downloads/codes/lab02-experimentacao-software/data/repos/javaparser__javaparser/javaparser-symbol-solver-core/src/main/java/com/github/javaparser/symbolsolver/resolution/typesolvers/JavaParserTypeSolver.java,com.github.javaparser.symbolsolver.resolution.typesolvers.JavaParserTypeSolver,class,18,42,18,24,55,1,0,79,54,0.8,0.0,0.0,20,0,13,7,0,0,13,0,0,0,8,1,0,8,0,0,7,0,32,212,17,7,4,4,0,20,5,40,9,37,5,0,0,5,174,1,0
/Users/kaiohs/Downloads/codes/lab02-experimentacao-software/data/repos/javaparser__javaparser/javaparser-symbol-solver-testing/src/test/java/com/github/javaparser/symbolsolver/Issue2951Test.java,com.github.javaparser.symbolsolver.Issue2951Test,class,16,16,0,16,6,1,0,30,1,0.0,0.0,0.0,2,0,2,0,0,0,2,0,0,0,0,0,0,0,0,0,0,0,0,45,0,4,0,0,0,15,2,15,1,18,6,0,0,3,58,1,0
/Users/kaiohs/Downloads/codes/lab02-experimentacao-software/data/repos/javaparser__javaparser/javaparser-symbol-solver-testing/src/test/java/com/github/javaparser/symbolsolver/Issue228Test.java,com.github.javaparser.symbolsolver.Issue228Test,class,7,7,0,7,1,2,0,8,0,0.0,NaN,NaN,1,0,0,0,0,1,1,0,0,0,0,0,0,0,0,0,0,0,1,10,0,0,0,0,0,7,2,5,1,5,0,0,0,0,33,0,0
/Users/kaiohs/Downloads/codes/lab02-experimentacao-software/data/repos/javaparser__javaparser/javaparser-symbol-solver-testing/src/test/java/com/github/javaparser/symbolsolver/resolution/SwitchExprTest.java,com.github.javaparser.symbolsolver.resolution.SwitchExprTest,class,13,14,1,13,36,1,0,22,630,0.0,0.0,0.0,36,0,35,1,0,0,35,0,0,0,0,0,0,0,0,0,0,0,0,216,1,0,0,0,0,384,0,101,36,103,1,0,0,4,215,1,0
/Users/kaiohs/Downloads/codes/lab02-experimentacao-software/data/repos/javaparser__javaparser/javaparser-symbol-solver-testing/src/test/java/com/github/javaparser/symbolsolver/reflectionmodel/ReflectionRecordDeclarationTest.java,com.github.javaparser.symbolsolver.reflectionmodel.ReflectionRecordDeclarationTest,class,21,21,0,21,28,2,0,56,0,0.5,0.0,0.0,26,0,0,0,0,26,26,0,0,0,2,0,0,2,0,0,0,0,4,207,0,2,0,0,0,87,28,44,2,44,1,1,0,4,111,0,0
/Users/kaiohs/Downloads/codes/lab02-experimentacao-software/data/repos/javaparser__javaparser/javaparser-core-generators/src/main/java/com/github/javaparser/generator/core/node/PropertyGenerator.java,com.github.javaparser.generator.core.node.PropertyGenerator,class,16,17,1,16,27,3,0,53,11,0.6666667,0.0,0.0,6,0,1,3,2,0,3,0,0,0,2,0,0,2,0,0,2,0,14,118,1,3,3,0,0,27,2,18,0,19,2,0,0,1,79,1,0
/Users/kaiohs/Downloads/codes/lab02-experimentacao-software/data/repos/javaparser__javaparser/javaparser-core/src/main/java/com/github/javaparser/printer/configuration/imports/IntelliJImportOrderingStrategy.java,com.github.javaparser.printer.configuration.imports.IntelliJImportOrderingStrategy,class,3,4,1,3,8,1,0,7,0,0.0,0.0,0.0,3,0,3,0,0,0,3,0,0,0,1,0,0,1,0,0,0,0,2,34,2,1,0,0,0,2,0,7,0,6,2,0,0,0,20,1,0
/Users/kaiohs/Downloads/codes/lab02-experimentacao-software/data/repos/javaparser__javaparser/javaparser-symbol-solver-testing/src/test/resources/CompilationUnitContextResolutionTest/02_nested/main/Parent.java,ParentNested,innerclass,0,1,1,0,0,1,1,0,0,0.0,-1.0,-1.0,0,0,0,0,0,0,0,0,0,0,0,0,0,0,0,0,0,0,0,2,0,0,0,0,0,0,0,0,0,0,0,0,0,0,2,1,0
/Users/kaiohs/Downloads/codes/lab02-experimentacao-software/data/repos/javaparser__javaparser/javaparser-symbol-solver-testing/src/test/java/com/github/javaparser/symbolsolver/resolution/ContextTest.java,com.github.javaparser.symbolsolver.resolution.ContextTest,class,47,54,7,47,58,2,0,98,190,0.33333334,0.0,0.0,57,0,0,15,0,42,42,0,0,0,1,0,0,1,0,0,1,0,21,908,3,0,0,0,0,286,58,258,8,263,1,0,2,5,212,0,0
/Users/kaiohs/Downloads/codes/lab02-experimentacao-software/data/repos/javaparser__javaparser/javaparser-core/src/main/java/com/github/javaparser/utils/Utils.java,com.github.javaparser.utils.Utils,class,7,36,28,8,60,1,0,42,325,0.0,0.0,0.0,26,26,25,1,0,0,25,0,0,0,0,0,0,0,0,0,0,0,12,174,33,8,11,0,5,15,29,17,4,18,2,0,0,3,173,1,0
/Users/kaiohs/Downloads/codes/lab02-experimentacao-software/data/repos/javaparser__javaparser/javaparser-symbol-solver-core/src/main/java/com/github/javaparser/symbolsolver/SourceFileInfoExtractor.java,com.github.javaparser.symbolsolver.SourceFileInfoExtractor,class,22,39,3,36,36,1,0,35,102,0.85294116,0.0,0.0,17,0,10,7,0,0,10,0,0,0,8,0,0,8,0,0,1,0,7,141,10,3,0,2,0,14,3,16,6,14,3,2,0,2,104,1,0
/Users/kaiohs/Downloads/codes/lab02-experimentacao-software/data/repos/javaparser__javaparser/javaparser-core/src/main/java/com/github/javaparser/ast/expr/BinaryExpr.java,com.github.javaparser.ast.expr.BinaryExpr$Operator,enum,1,1,0,1,14,1,0,2,1,0.33333334,0.0,0.0,3,0,2,0,0,1,3,0,0,0,1,0,0,1,0,0,1,0,12,36,13,0,0,0,0,19,0,1,0,1,1,0,0,0,31,1,0
/Users/kaiohs/Downloads/codes/lab02-experimentacao-software/data/repos/javaparser__javaparser/javaparser-core/src/main/java/com/github/javaparser/ast/validator/language_level_validations/Java24Validator.java,com.github.javaparser.ast.validator.language_level_validations.Java24Validator,class,1,2,1,1,1,26,1,0,0,0.0,NaN,NaN,1,0,1,0,0,0,1,0,0,0,0,0,0,0,0,0,0,0,0,5,0,0,0,0,0,0,0,0,0,0,0,0,0,0,15,1,0
/Users/kaiohs/Downloads/codes/lab02-experimentacao-software/data/repos/javaparser__javaparser/javaparser-core/src/main/java/com/github/javaparser/resolution/types/ResolvedTypeTransformer.java,com.github.javaparser.resolution.types.ResolvedTypeTransformer,interface,1,3,2,1,1,1,0,0,0,0.0,NaN,NaN,1,0,0,0,0,1,1,0,0,0,0,0,0,0,0,0,0,0,0,3,0,0,0,0,0,0,0,0,0,0,0,0,0,0,7,1,0
/Users/kaiohs/Downloads/codes/lab02-experimentacao-software/data/repos/javaparser__javaparser/javaparser-symbol-solver-testing/src/test/java/com/github/javaparser/symbolsolver/Issue2259Test.java,com.github.javaparser.symbolsolver.Issue2259Test,class,11,11,0,11,2,2,0,12,1,0.0,0.0,0.0,2,0,0,0,0,2,2,0,0,0,0,0,0,0,0,0,0,0,0,15,0,0,0,0,0,10,0,5,1,5,0,0,0,0,35,1,0
/Users/kaiohs/Downloads/codes/lab02-experimentacao-software/data/repos/javaparser__javaparser/javaparser-symbol-solver-testing/src/test/java/com/github/javaparser/symbolsolver/resolution/typesolvers/JavaParserTypeSolverTest.java,com.github.javaparser.symbolsolver.resolution.typesolvers.JavaParserTypeSolverTest$1StressRunnable,innerclass,1,1,0,1,2,1,0,1,0,0.0,0.0,0.0,2,0,1,0,0,1,2,0,0,0,2,0,0,2,0,0,2,0,0,11,0,0,0,0,0,0,0,2,0,2,0,0,0,0,11,0,0
/Users/kaiohs/Downloads/codes/lab02-experimentacao-software/data/repos/javaparser__javaparser/javaparser-symbol-solver-core/src/main/java/com/github/javaparser/symbolsolver/resolution/typeinference/LeastUpperBoundLogic.java,com.github.javaparser.symbolsolver.resolution.typeinference.LeastUpperBoundLogic,class,18,22,4,18,75,1,0,113,351,0.962963,0.0,0.0,27,1,2,25,0,0,2,0,0,0,1,0,0,1,0,0,0,0,14,243,40,6,7,0,3,0,12,48,0,51,3,0,1,7,128,1,0
/Users/kaiohs/Downloads/codes/lab02-experimentacao-software/data/repos/javaparser__javaparser/javaparser-symbol-solver-testing/src/test/java/com/github/javaparser/symbolsolver/resolution/javaparser/declarations/JavaParserTypeParameterResolutionTest.java,com.github.javaparser.symbolsolver.resolution.javaparser.declarations.JavaParserTypeParameterResolutionTest,class,14,15,1,14,6,3,0,19,10,0.0,0.0,0.0,5,0,0,1,0,4,4,0,0,0,0,0,0,0,0,0,0,0,0,51,0,1,0,0,0,14,9,21,0,21,1,0,0,0,51,0,0
/Users/kaiohs/Downloads/codes/lab02-experimentacao-software/data/repos/javaparser__javaparser/javaparser-core-generators/src/main/java/com/github/javaparser/generator/core/visitor/NoCommentEqualsVisitorGenerator.java,com.github.javaparser.generator.core.visitor.NoCommentEqualsVisitorGenerator,class,7,7,0,7,10,3,0,17,1,0.0,0.0,0.0,2,0,1,0,1,0,2,0,0,0,0,0,0,0,0,0,0,0,4,32,0,1,1,0,1,10,1,2,1,3,4,0,0,1,35,1,0
/Users/kaiohs/Downloads/codes/lab02-experimentacao-software/data/repos/javaparser__javaparser/javaparser-core/src/main/java/com/github/javaparser/Position.java,com.github.javaparser.Position,class,2,17,14,3,36,1,2,8,4,0.7394958,0.0,0.0,17,1,17,0,0,0,17,0,0,0,7,5,7,0,0,0,7,0,7,89,23,0,9,0,0,5,9,8,5,8,1,0,0,0,119,1,0
/Users/kaiohs/Downloads/codes/lab02-experimentacao-software/data/repos/javaparser__javaparser/javaparser-core-testing/src/test/java/com/github/javaparser/ParserConfigurationTest.java,com.github.javaparser.ParserConfigurationTest,class,7,7,0,7,2,1,0,14,1,0.0,0.0,0.0,2,0,0,0,0,2,2,0,0,0,0,0,0,0,0,0,0,0,0,11,0,0,0,0,0,2,0,2,0,3,0,0,0,1,20,0,0
/Users/kaiohs/Downloads/codes/lab02-experimentacao-software/data/repos/javaparser__javaparser/javaparser-core-testing-bdd/src/test/resources/com/github/javaparser/samples/JavaConcepts.java,japa.bdd.samples.JavaConcepts$Enum$Anonymous1,anonymous,0,0,0,0,1,1,0,0,0,0.0,NaN,NaN,1,0,0,0,0,1,1,0,0,0,0,0,0,0,0,0,0,0,0,4,0,0,0,0,0,0,0,0,0,0,0,0,0,0,1,-1,0
/Users/kaiohs/Downloads/codes/lab02-experimentacao-software/data/repos/javaparser__javaparser/javaparser-core/src/main/java/com/github/javaparser/ast/Modifier.java,com.github.javaparser.ast.Modifier$Keyword,enum,0,0,0,0,2,1,0,0,0,0.0,0.0,0.0,2,0,1,0,0,1,2,0,0,0,1,0,0,1,0,0,1,0,0,8,1,0,0,0,0,15,0,1,0,1,0,0,0,0,33,1,0
/Users/kaiohs/Downloads/codes/lab02-experimentacao-software/data/repos/javaparser__javaparser/javaparser-core/src/main/java/com/github/javaparser/ast/nodeTypes/NodeWithName.java,com.github.javaparser.ast.nodeTypes.NodeWithName,interface,4,27,22,5,4,1,0,5,6,0.0,0.0,0.0,4,0,0,0,0,4,4,0,0,0,0,0,0,0,0,0,0,0,1,11,2,0,0,0,0,1,0,0,0,0,0,0,0,0,28,1,0
/Users/kaiohs/Downloads/codes/lab02-experimentacao-software/data/repos/javaparser__javaparser/javaparser-core/src/main/java/com/github/javaparser/utils/VisitorMap.java,com.github.javaparser.utils.VisitorMap,class,5,7,2,5,13,1,0,21,0,0.6666667,0.0,0.0,13,0,13,0,0,0,13,0,0,0,3,0,0,3,0,0,3,0,2,66,10,0,0,0,0,0,0,3,0,5,0,0,1,2,50,1,0
/Users/kaiohs/Downloads/codes/lab02-experimentacao-software/data/repos/javaparser__javaparser/javaparser-symbol-solver-testing/src/test/java/com/github/javaparser/symbolsolver/resolution/MethodReferenceResolutionTest.java,com.github.javaparser.symbolsolver.resolution.MethodReferenceResolutionTest,class,15,15,0,15,32,3,0,18,325,0.0,0.0,0.0,26,0,5,0,0,21,26,0,0,0,0,0,0,0,0,0,0,0,0,278,0,4,0,2,0,175,8,152,5,152,2,0,0,0,120,0,0
/Users/kaiohs/Downloads/codes/lab02-experimentacao-software/data/repos/javaparser__javaparser/javaparser-core-testing/src/test/java/com/github/javaparser/builders/CompilationUnitBuildersTest.java,com.github.javaparser.builders.CompilationUnitBuildersTest$Anonymous1,anonymous,1,1,0,1,1,1,0,1,0,0.0,NaN,NaN,1,0,1,0,0,0,1,0,0,0,0,0,0,0,0,0,0,0,0,5,1,0,0,0,0,0,0,0,0,0,0,0,0,0,3,-1,0
/Users/kaiohs/Downloads/codes/lab02-experimentacao-software/data/repos/javaparser__javaparser/javaparser-core/src/main/java/com/github/javaparser/Problem.java,com.github.javaparser.Problem,class,5,12,6,6,14,1,0,21,1,0.625,0.0,0.0,6,0,6,0,0,0,6,0,0,0,4,1,1,3,0,0,3,0,3,50,9,1,2,0,0,4,5,9,2,17,3,0,0,7,59,1,0
/Users/kaiohs/Downloads/codes/lab02-experimentacao-software/data/repos/javaparser__javaparser/javaparser-core/src/main/java/com/github/javaparser/printer/lexicalpreservation/LexicalDifferenceCalculator.java,com.github.javaparser.printer.lexicalpreservation.LexicalDifferenceCalculator$CalculatedSyntaxModel,innerclass,4,4,0,4,9,1,0,5,0,0.0,0.0,0.0,7,0,4,0,0,3,7,0,0,0,1,0,0,0,0,1,1,0,0,26,7,0,1,0,1,2,0,1,2,2,1,0,0,1,42,8,0
/Users/kaiohs/Downloads/codes/lab02-experimentacao-software/data/repos/javaparser__javaparser/javaparser-symbol-solver-testing/src/test/resources/issue2489/ObjectContext.java,ObjectContext,class,0,1,1,0,1,1,1,0,0,0.0,NaN,NaN,1,0,1,0,0,0,1,0,0,0,0,0,0,0,0,0,0,0,0,4,0,0,0,0,0,0,0,0,0,0,0,0,0,0,4,1,0
/Users/kaiohs/Downloads/codes/lab02-experimentacao-software/data/repos/javaparser__javaparser/javaparser-core-testing-bdd/src/test/resources/com/github/javaparser/samples/JavaConcepts.java,japa.bdd.samples.JavaConcepts$Enum$Anonymous2,anonymous,0,0,0,0,1,1,0,0,0,0.0,NaN,NaN,1,0,0,0,0,1,1,0,0,0,0,0,0,0,0,0,0,0,0,4,0,0,0,0,0,0,0,0,0,0,0,0,0,0,1,-1,0
/Users/kaiohs/Downloads/codes/lab02-experimentacao-software/data/repos/javaparser__javaparser/javaparser-core-testing/src/test/java/com/github/javaparser/ast/visitor/TreeVisitorTest.java,com.github.javaparser.ast.visitor.TreeVisitorTest$Anonymous2,anonymous,3,3,0,3,2,1,0,7,0,0.0,NaN,NaN,1,0,1,0,0,0,1,0,0,0,0,0,0,0,0,0,0,0,0,8,0,0,0,0,1,3,0,0,0,1,1,0,0,1,9,-1,0
/Users/kaiohs/Downloads/codes/lab02-experimentacao-software/data/repos/javaparser__javaparser/javaparser-symbol-solver-testing/src/test/test_sourcecode/javaparser_new_src/javaparser-core/com/github/javaparser/ast/comments/Comment.java,Comment,class,6,33,27,6,15,1,3,1,27,0.65,0.0,0.0,10,0,10,0,0,0,10,0,1,0,2,0,0,2,0,0,0,0,0,51,8,0,3,0,0,1,0,5,0,2,1,0,0,0,43,1025,0
/Users/kaiohs/Downloads/codes/lab02-experimentacao-software/data/repos/javaparser__javaparser/javaparser-core-testing/src/test/java/com/github/javaparser/ast/visitor/TreeVisitorTest.java,com.github.javaparser.ast.visitor.TreeVisitorTest$Anonymous3,anonymous,1,1,0,1,1,1,0,3,0,0.0,NaN,NaN,1,0,1,0,0,0,1,0,0,0,0,0,0,0,0,0,0,0,0,5,0,0,0,0,0,2,0,0,0,0,0,0,0,0,3,-1,0
/Users/kaiohs/Downloads/codes/lab02-experimentacao-software/data/repos/javaparser__javaparser/javaparser-core-testing/src/test/java/com/github/javaparser/ast/visitor/TreeVisitorTest.java,com.github.javaparser.ast.visitor.TreeVisitorTest$Anonymous1,anonymous,1,1,0,1,1,1,0,3,0,0.0,NaN,NaN,1,0,1,0,0,0,1,0,0,0,0,0,0,0,0,0,0,0,0,5,0,0,0,0,0,2,0,0,0,0,0,0,0,0,3,-1,0
/Users/kaiohs/Downloads/codes/lab02-experimentacao-software/data/repos/javaparser__javaparser/javaparser-core-testing/src/test/java/com/github/javaparser/ast/visitor/TreeVisitorTest.java,com.github.javaparser.ast.visitor.TreeVisitorTest$Anonymous6,anonymous,3,3,0,3,2,1,0,4,0,0.0,NaN,NaN,1,0,1,0,0,0,1,0,0,0,0,0,0,0,0,0,0,0,0,7,0,0,0,0,1,1,0,0,0,1,1,0,0,1,9,-1,0
/Users/kaiohs/Downloads/codes/lab02-experimentacao-software/data/repos/javaparser__javaparser/javaparser-core-testing/src/test/java/com/github/javaparser/ast/visitor/TreeVisitorTest.java,com.github.javaparser.ast.visitor.TreeVisitorTest$Anonymous7,anonymous,1,1,0,1,1,1,0,3,0,0.0,NaN,NaN,1,0,1,0,0,0,1,0,0,0,0,0,0,0,0,0,0,0,0,5,0,0,0,0,0,2,0,0,0,0,0,0,0,0,3,-1,0
/Users/kaiohs/Downloads/codes/lab02-experimentacao-software/data/repos/javaparser__javaparser/javaparser-core-testing/src/test/java/com/github/javaparser/ast/visitor/TreeVisitorTest.java,com.github.javaparser.ast.visitor.TreeVisitorTest$Anonymous4,anonymous,1,1,0,1,1,1,0,3,0,0.0,NaN,NaN,1,0,1,0,0,0,1,0,0,0,0,0,0,0,0,0,0,0,0,5,0,0,0,0,0,2,0,0,0,0,0,0,0,0,3,-1,0
/Users/kaiohs/Downloads/codes/lab02-experimentacao-software/data/repos/javaparser__javaparser/javaparser-core-testing/src/test/java/com/github/javaparser/ast/visitor/TreeVisitorTest.java,com.github.javaparser.ast.visitor.TreeVisitorTest$Anonymous5,anonymous,3,3,0,3,2,1,0,4,0,0.0,NaN,NaN,1,0,1,0,0,0,1,0,0,0,0,0,0,0,0,0,0,0,0,7,0,0,0,0,1,1,0,0,0,1,1,0,0,1,9,-1,0
/Users/kaiohs/Downloads/codes/lab02-experimentacao-software/data/repos/javaparser__javaparser/javaparser-symbol-solver-testing/src/test/java/com/github/javaparser/symbolsolver/Issue3087Test.java,com.github.javaparser.symbolsolver.Issue3087Test,class,7,7,0,7,2,2,0,10,0,0.0,NaN,NaN,1,0,0,0,0,1,1,0,0,0,0,0,0,0,0,0,0,0,0,15,0,0,0,1,0,13,0,4,1,5,1,0,0,1,43,1,0
/Users/kaiohs/Downloads/codes/lab02-experimentacao-software/data/repos/javaparser__javaparser/javaparser-symbol-solver-testing/src/test/test_sourcecode/javaparser_new_src/javaparser-core/com/github/javaparser/ast/stmt/ContinueStmt.java,ContinueStmt,class,8,21,13,8,7,1,0,1,9,0.42857143,0.0,0.0,7,0,7,0,0,0,7,0,0,0,1,0,0,1,0,0,0,0,0,25,3,0,0,0,0,0,0,3,0,1,0,0,0,0,16,17,0
/Users/kaiohs/Downloads/codes/lab02-experimentacao-software/data/repos/javaparser__javaparser/javaparser-core-testing/src/test/resources/com/github/javaparser/utils/projectroot/issue2615/without_module_info/demo/Main.java,Callback,innerclass,4,5,1,4,1,1,0,1,0,0.0,NaN,NaN,1,0,1,0,0,0,1,0,0,0,0,0,0,0,0,0,0,0,0,6,1,0,0,0,0,1,0,0,0,0,0,0,0,0,5,10,0
/Users/kaiohs/Downloads/codes/lab02-experimentacao-software/data/repos/javaparser__javaparser/javaparser-core-testing-bdd/src/test/java/com/github/javaparser/TestUtils.java,com.github.javaparser.TestUtils,class,1,3,2,1,2,1,0,2,0,0.0,NaN,NaN,1,1,1,0,0,0,1,0,0,0,0,0,0,0,0,0,0,0,0,9,1,0,1,0,0,3,0,1,2,1,1,0,0,0,18,1,0
/Users/kaiohs/Downloads/codes/lab02-experimentacao-software/data/repos/javaparser__javaparser/javaparser-core/src/main/java/com/github/javaparser/printer/Stringable.java,com.github.javaparser.printer.Stringable,interface,0,2,2,0,1,1,0,0,0,0.0,NaN,NaN,1,0,0,0,0,1,1,0,0,0,0,0,0,0,0,0,0,0,0,3,0,0,0,0,0,0,0,0,0,0,0,0,0,0,15,1,0
/Users/kaiohs/Downloads/codes/lab02-experimentacao-software/data/repos/javaparser__javaparser/javaparser-core/src/main/java/com/github/javaparser/metamodel/ExplicitConstructorInvocationStmtMetaModel.java,com.github.javaparser.metamodel.ExplicitConstructorInvocationStmtMetaModel,class,5,7,2,5,1,2,0,0,0,0.0,NaN,NaN,1,0,0,0,0,1,1,0,0,0,5,0,5,0,0,0,0,0,0,10,0,0,0,0,0,4,0,0,0,5,0,0,0,0,46,1,0
/Users/kaiohs/Downloads/codes/lab02-experimentacao-software/data/repos/javaparser__javaparser/javaparser-core/src/main/java/com/github/javaparser/metamodel/PropertyMetaModel.java,com.github.javaparser.metamodel.PropertyMetaModel,class,3,101,98,3,38,1,0,21,195,0.83653843,0.0,0.0,26,0,26,0,0,0,26,0,0,0,8,0,0,8,0,0,8,0,0,125,32,2,4,1,0,9,1,14,7,12,4,0,0,0,109,1,0
/Users/kaiohs/Downloads/codes/lab02-experimentacao-software/data/repos/javaparser__javaparser/javaparser-symbol-solver-testing/src/test/java/com/github/javaparser/symbolsolver/Issue4560Test.java,com.github.javaparser.symbolsolver.Issue4560Test,class,7,7,0,7,1,3,0,9,0,0.0,NaN,NaN,1,0,0,0,0,1,1,0,0,0,0,0,0,0,0,0,0,0,0,8,0,0,0,0,0,8,0,3,1,3,0,0,0,1,28,1,0
/Users/kaiohs/Downloads/codes/lab02-experimentacao-software/data/repos/javaparser__javaparser/javaparser-symbol-solver-testing/src/test/resources/javassist_symbols/main_jar/src/com/github/javaparser/javasymbolsolver/javassist_symbols/main_jar/EnumInterfaceUserExcludedJar.java,com.github.javaparser.javasymbolsolver.javassist_symbols.main_jar.EnumInterfaceUserExcludedJar,enum,0,0,0,0,0,1,0,0,0,0.0,-1.0,-1.0,0,0,0,0,0,0,0,0,0,0,0,0,0,0,0,0,0,0,0,1,0,0,0,0,0,0,0,0,0,0,0,0,0,0,16,1,0
/Users/kaiohs/Downloads/codes/lab02-experimentacao-software/data/repos/javaparser__javaparser/javaparser-symbol-solver-testing/src/test/java/com/github/javaparser/resolution/declarations/HasAccessSpecifierTest.java,com.github.javaparser.resolution.declarations.HasAccessSpecifierTest,interface,3,7,4,3,2,1,0,3,1,0.0,0.0,0.0,2,0,0,0,0,2,2,0,0,0,0,0,0,0,0,0,0,0,0,6,0,0,0,0,0,0,0,0,0,0,0,0,0,0,12,1,0
/Users/kaiohs/Downloads/codes/lab02-experimentacao-software/data/repos/javaparser__javaparser/javaparser-symbol-solver-core/src/main/java/com/github/javaparser/symbolsolver/javaparsermodel/contexts/ConditionalExprContext.java,com.github.javaparser.symbolsolver.javaparsermodel.contexts.ConditionalExprContext,class,7,8,1,7,4,3,0,8,1,0.0,0.0,0.0,2,0,2,0,0,0,2,0,0,0,0,0,0,0,0,0,0,0,0,17,1,0,0,0,0,0,0,3,0,3,1,0,0,0,46,1,0
/Users/kaiohs/Downloads/codes/lab02-experimentacao-software/data/repos/javaparser__javaparser/javaparser-core/src/main/java/com/github/javaparser/metamodel/AssignExprMetaModel.java,com.github.javaparser.metamodel.AssignExprMetaModel,class,5,7,2,5,1,4,0,0,0,0.0,NaN,NaN,1,0,0,0,0,1,1,0,0,0,3,0,3,0,0,0,0,0,0,8,0,0,0,0,0,4,0,0,0,3,0,0,0,0,39,1,0
/Users/kaiohs/Downloads/codes/lab02-experimentacao-software/data/repos/javaparser__javaparser/javaparser-symbol-solver-testing/src/test/test_sourcecode/javasymbolsolver_0_6_0/src/java-symbol-solver-core/com/github/javaparser/symbolsolver/javaparsermodel/contexts/ForechStatementContext.java,com.github.javaparser.symbolsolver.javaparsermodel.contexts.ForechStatementContext,class,13,14,1,13,6,2,0,14,3,0.0,0.0,0.0,3,0,3,0,0,0,3,0,0,0,0,0,0,0,0,0,0,0,4,25,4,0,1,0,0,0,2,1,0,1,2,0,0,0,25,1,0
/Users/kaiohs/Downloads/codes/lab02-experimentacao-software/data/repos/javaparser__javaparser/javaparser-core/src/main/java/com/github/javaparser/ast/expr/InstanceOfExpr.java,com.github.javaparser.ast.expr.InstanceOfExpr,class,21,61,37,24,38,3,0,24,147,0.71212125,0.0,0.0,22,0,22,0,0,0,22,0,0,0,3,0,0,3,0,0,0,0,5,130,27,0,15,0,0,18,0,3,0,3,2,0,0,0,133,1,0
/Users/kaiohs/Downloads/codes/lab02-experimentacao-software/data/repos/javaparser__javaparser/javaparser-core-testing/src/test/java/com/github/javaparser/printer/lexicalpreservation/Issue3750Test.java,com.github.javaparser.printer.lexicalpreservation.Issue3750Test,class,3,3,0,3,1,2,0,6,0,0.0,NaN,NaN,1,0,0,0,0,1,1,0,0,0,0,0,0,0,0,0,0,0,0,10,0,0,0,0,0,9,1,3,2,3,0,0,0,0,20,1,0
/Users/kaiohs/Downloads/codes/lab02-experimentacao-software/data/repos/javaparser__javaparser/javaparser-symbol-solver-testing/src/test/java/com/github/javaparser/symbolsolver/Issue4284Test.java,com.github.javaparser.symbolsolver.Issue4284Test,class,6,6,0,6,1,2,0,8,0,0.0,NaN,NaN,1,0,0,0,0,1,1,0,0,0,0,0,0,0,0,0,0,0,0,8,0,0,0,0,0,8,0,3,1,3,0,0,0,0,24,1,0
/Users/kaiohs/Downloads/codes/lab02-experimentacao-software/data/repos/javaparser__javaparser/javaparser-core/src/main/java/com/github/javaparser/printer/DefaultPrettyPrinter.java,com.github.javaparser.printer.DefaultPrettyPrinter,class,9,12,3,9,8,1,0,5,8,0.5625,0.0,0.0,8,2,6,2,0,0,6,0,0,0,2,0,0,1,0,1,0,0,2,32,5,0,0,0,0,0,0,4,0,4,0,0,0,1,32,1,0
/Users/kaiohs/Downloads/codes/lab02-experimentacao-software/data/repos/javaparser__javaparser/javaparser-core-testing/src/test/java/com/github/javaparser/metamodel/BaseNodeMetaModelTest.java,com.github.javaparser.metamodel.TestMetaModel,class,2,3,1,2,1,2,0,1,0,0.0,NaN,NaN,1,0,1,0,0,0,1,0,0,0,0,0,0,0,0,0,0,0,1,5,0,0,0,0,0,2,0,0,0,0,0,0,0,0,5,0,0
/Users/kaiohs/Downloads/codes/lab02-experimentacao-software/data/repos/javaparser__javaparser/javaparser-symbol-solver-testing/src/test/java/com/github/javaparser/symbolsolver/utils/LeanParserConfiguration.java,com.github.javaparser.symbolsolver.utils.LeanParserConfiguration,class,1,24,23,1,1,2,0,4,0,0.0,NaN,NaN,1,0,1,0,0,0,1,0,0,0,0,0,0,0,0,0,0,0,0,8,0,0,0,0,0,0,0,0,0,0,0,0,0,0,14,1,0
/Users/kaiohs/Downloads/codes/lab02-experimentacao-software/data/repos/javaparser__javaparser/javaparser-core-testing/src/test/java/com/github/javaparser/ast/visitor/GenericListVisitorAdapterTest.java,com.github.javaparser.ast.visitor.GenericListVisitorAdapterTest,class,114,115,1,114,101,1,0,193,0,0.00990099,0.0,0.0,101,0,0,1,0,100,100,0,0,0,1,0,0,1,0,0,1,0,133,1440,1,0,0,0,0,1,133,401,0,401,0,1,0,0,126,0,0
/Users/kaiohs/Downloads/codes/lab02-experimentacao-software/data/repos/javaparser__javaparser/javaparser-core/src/main/java/com/github/javaparser/JavadocParser.java,com.github.javaparser.JavadocParser,class,6,9,3,6,31,1,0,41,26,0.8125,0.0,0.0,8,8,3,4,0,1,4,0,0,0,2,2,0,2,0,0,0,0,19,94,15,4,13,0,2,3,34,24,10,22,3,0,0,5,113,0,0
/Users/kaiohs/Downloads/codes/lab02-experimentacao-software/data/repos/javaparser__javaparser/javaparser-symbol-solver-testing/src/test/java/com/github/javaparser/symbolsolver/javaparsermodel/contexts/MultiCatchMethodCallExprTest.java,com.github.javaparser.symbolsolver.javaparsermodel.contexts.MultiCatchMethodCallExprTest,class,5,5,0,5,1,4,0,2,0,0.0,NaN,NaN,1,0,0,0,0,1,1,0,0,0,0,0,0,0,0,0,0,0,0,13,0,0,0,0,0,1,0,1,0,1,0,0,1,0,30,0,0
/Users/kaiohs/Downloads/codes/lab02-experimentacao-software/data/repos/javaparser__javaparser/javaparser-core/src/main/java/com/github/javaparser/printer/lexicalpreservation/LexicalPreservingPrinter.java,com.github.javaparser.printer.lexicalpreservation.LexicalPreservingPrinter$Anonymous1,anonymous,0,0,0,0,0,1,0,0,0,0.0,-1.0,-1.0,0,0,0,0,0,0,0,0,0,0,0,0,0,0,0,0,0,0,0,2,0,0,0,0,0,0,0,0,0,0,0,0,0,0,0,-1,0
/Users/kaiohs/Downloads/codes/lab02-experimentacao-software/data/repos/javaparser__javaparser/javaparser-symbol-solver-testing/src/test/resources/issue241/TypeWithMemberType.java,issue241.TypeWithMemberType$MemberInterface,interface,0,0,0,0,0,1,0,0,0,0.0,-1.0,-1.0,0,0,0,0,0,0,0,0,0,0,0,0,0,0,0,0,0,0,0,2,0,0,0,0,0,0,0,0,0,0,0,0,0,0,2,1,0
/Users/kaiohs/Downloads/codes/lab02-experimentacao-software/data/repos/javaparser__javaparser/javaparser-core/src/main/java/com/github/javaparser/printer/lexicalpreservation/LexicalPreservingPrinter.java,com.github.javaparser.printer.lexicalpreservation.LexicalPreservingPrinter$Anonymous2,anonymous,1,1,0,1,2,1,0,3,0,0.0,NaN,NaN,1,0,1,0,0,0,1,0,0,0,0,0,0,0,0,0,0,0,0,7,0,0,0,0,0,0,0,0,0,0,1,0,0,0,8,-1,0
/Users/kaiohs/Downloads/codes/lab02-experimentacao-software/data/repos/javaparser__javaparser/javaparser-core/src/main/java/com/github/javaparser/utils/VisitorList.java,com.github.javaparser.utils.VisitorList$Anonymous3,anonymous,0,0,0,0,1,1,0,1,0,0.0,NaN,NaN,0,0,0,0,0,0,1,0,0,0,0,0,0,0,0,0,0,0,0,5,0,0,0,0,0,0,0,1,0,0,0,0,0,0,0,-1,0
/Users/kaiohs/Downloads/codes/lab02-experimentacao-software/data/repos/javaparser__javaparser/javaparser-symbol-solver-core/src/main/java/com/github/javaparser/symbolsolver/resolution/typeinference/BoundSet.java,com.github.javaparser.symbolsolver.resolution.typeinference.BoundSet$Processor,interface,3,3,0,3,1,1,0,0,0,0.0,NaN,NaN,1,0,0,0,0,1,1,0,0,0,0,0,0,0,0,0,0,0,0,3,0,0,0,0,0,0,0,0,0,0,0,0,0,0,6,0,0
/Users/kaiohs/Downloads/codes/lab02-experimentacao-software/data/repos/javaparser__javaparser/javaparser-symbol-solver-core/src/main/java/com/github/javaparser/symbolsolver/javaparsermodel/contexts/EnumDeclarationContext.java,com.github.javaparser.symbolsolver.javaparsermodel.contexts.EnumDeclarationContext,class,12,23,2,21,9,2,0,12,4,0.4,0.0,0.0,5,0,4,1,0,0,4,0,0,0,1,0,0,1,0,0,0,0,2,28,6,1,1,0,0,0,0,1,0,1,2,0,0,0,32,1,0
/Users/kaiohs/Downloads/codes/lab02-experimentacao-software/data/repos/javaparser__javaparser/javaparser-core/src/main/java/com/github/javaparser/utils/VisitorList.java,com.github.javaparser.utils.VisitorList$Anonymous1,anonymous,2,2,0,2,3,1,0,4,0,0.0,0.0,0.0,3,0,3,0,0,0,3,0,0,0,1,0,0,0,0,1,1,0,0,12,2,0,0,0,0,0,0,1,0,1,0,0,0,0,6,-1,0
/Users/kaiohs/Downloads/codes/lab02-experimentacao-software/data/repos/javaparser__javaparser/javaparser-core/src/main/java/com/github/javaparser/utils/VisitorList.java,com.github.javaparser.utils.VisitorList$Anonymous2,anonymous,2,2,0,2,9,1,0,10,0,0.0,0.0,0.0,9,0,9,0,0,0,9,0,0,0,1,0,0,0,0,1,1,0,0,30,6,0,0,0,0,0,0,1,0,1,0,0,0,0,17,-1,0
/Users/kaiohs/Downloads/codes/lab02-experimentacao-software/data/repos/javaparser__javaparser/javaparser-symbol-solver-testing/src/test/java/com/github/javaparser/symbolsolver/model/typesystem/ReferenceTypeTest.java,com.github.javaparser.symbolsolver.model.typesystem.ReferenceTypeTest$1Foo,innerclass,1,1,0,1,0,1,0,0,0,NaN,-1.0,-1.0,0,0,0,0,0,0,0,0,0,0,1,0,0,0,0,1,0,0,0,3,0,0,0,0,0,0,0,0,0,1,0,0,0,0,1,0,0
/Users/kaiohs/Downloads/codes/lab02-experimentacao-software/data/repos/javaparser__javaparser/javaparser-core/src/main/java/com/github/javaparser/ast/validator/language_level_validations/chunks/VarValidator.java,com.github.javaparser.ast.validator.language_level_validations.chunks.VarValidator,class,19,22,3,19,18,1,0,20,1,0.33333334,0.0,0.0,3,0,2,1,0,0,2,0,0,0,1,0,0,1,0,0,0,0,0,73,6,0,0,0,1,6,1,7,0,11,6,0,0,5,59,1,0
/Users/kaiohs/Downloads/codes/lab02-experimentacao-software/data/repos/javaparser__javaparser/javaparser-symbol-solver-testing/src/test/resources/javassist_symbols/main_jar/src/com/github/javaparser/javasymbolsolver/javassist_symbols/main_jar/SubInterfaceOwnJar.java,com.github.javaparser.javasymbolsolver.javassist_symbols.main_jar.SubInterfaceOwnJar,interface,1,1,0,1,0,1,0,0,0,NaN,-1.0,-1.0,0,0,0,0,0,0,0,0,0,0,1,1,1,0,0,0,1,0,0,3,0,0,0,0,0,1,0,1,0,1,0,0,0,0,13,1,0
/Users/kaiohs/Downloads/codes/lab02-experimentacao-software/data/repos/javaparser__javaparser/javaparser-core/src/main/java/com/github/javaparser/ParserConfiguration.java,com.github.javaparser.ParserConfiguration$LanguageLevel,enum,53,53,0,53,3,1,0,2,1,0.78571427,0.0,0.0,2,0,1,0,0,1,2,0,0,0,7,5,4,1,0,2,3,0,1,50,1,0,1,0,0,0,0,7,0,8,0,0,0,1,138,1,0
/Users/kaiohs/Downloads/codes/lab02-experimentacao-software/data/repos/javaparser__javaparser/javaparser-symbol-solver-testing/src/test/test_sourcecode/javasymbolsolver_0_6_0/src/java-symbol-solver-core/com/github/javaparser/symbolsolver/core/resolution/ContextHelper.java,com.github.javaparser.symbolsolver.core.resolution.ContextHelper,class,8,9,1,8,6,1,0,4,1,0.0,NaN,NaN,2,1,0,1,0,1,1,0,0,0,0,0,0,0,0,0,0,0,0,21,4,0,0,0,4,0,0,0,0,0,1,0,0,0,20,0,0
/Users/kaiohs/Downloads/codes/lab02-experimentacao-software/data/repos/javaparser__javaparser/javaparser-core-testing/src/test/resources/com/github/javaparser/range/A.java,com.github.javaparser.range.A,class,0,0,0,0,1,1,0,0,0,0.0,NaN,NaN,1,0,1,0,0,0,1,0,0,0,0,0,0,0,0,0,0,0,0,5,0,0,0,0,0,0,1,1,0,1,0,0,0,0,3,1,0
/Users/kaiohs/Downloads/codes/lab02-experimentacao-software/data/repos/javaparser__javaparser/javaparser-symbol-solver-core/src/main/java/com/github/javaparser/symbolsolver/resolution/typeinference/constraintformulas/TypeSameAsType.java,com.github.javaparser.symbolsolver.resolution.typeinference.constraintformulas.TypeSameAsType,class,9,12,3,9,26,2,0,23,0,0.0,0.0,0.0,5,0,5,0,0,0,5,0,0,0,2,0,0,2,0,0,0,0,10,56,14,1,3,0,0,3,2,10,4,8,3,0,0,0,48,1,0
/Users/kaiohs/Downloads/codes/lab02-experimentacao-software/data/repos/javaparser__javaparser/javaparser-core-testing/src/test/resources/com/github/javaparser/range/B.java,com.github.javaparser.range.B,class,0,0,0,0,1,1,0,0,0,0.0,NaN,NaN,1,0,1,0,0,0,1,0,0,0,0,0,0,0,0,0,0,0,0,5,0,0,0,0,0,0,1,1,0,1,0,0,0,0,3,1,0
/Users/kaiohs/Downloads/codes/lab02-experimentacao-software/data/repos/javaparser__javaparser/javaparser-core/src/main/java/com/github/javaparser/ast/visitor/VoidVisitorWithDefaults.java,com.github.javaparser.ast.visitor.VoidVisitorWithDefaults,class,107,109,2,107,105,1,0,2,5460,0.0,0.0,0.0,105,0,105,0,0,0,105,0,0,0,0,0,0,0,0,0,0,0,0,315,0,0,0,0,0,0,0,0,0,0,0,0,0,0,136,1025,0
/Users/kaiohs/Downloads/codes/lab02-experimentacao-software/data/repos/javaparser__javaparser/javaparser-core-testing/src/test/java/com/github/javaparser/printer/lexicalpreservation/IndentationContextTest.java,com.github.javaparser.printer.lexicalpreservation.IndentationContextTest$ClearTests,innerclass,3,3,0,3,3,1,0,7,3,0.0,0.0,0.0,3,0,0,0,0,3,3,0,0,0,0,0,0,0,0,0,0,0,0,20,0,0,0,0,0,4,3,0,0,0,0,0,0,0,17,0,0
/Users/kaiohs/Downloads/codes/lab02-experimentacao-software/data/repos/javaparser__javaparser/javaparser-core/src/main/java/com/github/javaparser/HasParentNode.java,com.github.javaparser.HasParentNode,interface,5,7,2,5,13,1,0,13,28,0.0,0.0,0.0,8,0,0,0,0,8,8,0,0,0,0,0,0,0,0,0,0,0,2,27,7,1,1,0,0,0,0,1,0,3,2,0,0,2,88,1,0
/Users/kaiohs/Downloads/codes/lab02-experimentacao-software/data/repos/javaparser__javaparser/javaparser-core-testing/src/test/java/com/github/javaparser/printer/lexicalpreservation/Issue4163Test.java,com.github.javaparser.printer.lexicalpreservation.Issue4163Test$Anonymous1,anonymous,1,1,0,1,1,1,0,4,0,0.0,NaN,NaN,1,0,1,0,0,0,1,0,0,0,0,0,0,0,0,0,0,0,0,6,0,0,0,0,0,0,0,0,0,0,0,0,0,0,5,-1,0
/Users/kaiohs/Downloads/codes/lab02-experimentacao-software/data/repos/javaparser__javaparser/javaparser-core/src/main/java/com/github/javaparser/JavaToken.java,com.github.javaparser.JavaToken$Kind,enum,3,3,0,3,164,1,0,1,0,0.25,0.0,0.0,4,1,3,0,0,1,4,0,0,0,1,0,0,1,0,0,1,0,1,323,155,0,7,0,0,2,306,1,0,1,1,0,0,0,40,1,0
/Users/kaiohs/Downloads/codes/lab02-experimentacao-software/data/repos/javaparser__javaparser/javaparser-core/src/main/java/com/github/javaparser/ast/Node.java,com.github.javaparser.ast.Node$BreadthFirstIterator,innerclass,1,1,0,1,3,1,0,5,0,0.0,0.0,0.0,3,0,3,0,0,0,3,0,0,0,1,0,0,1,0,0,1,0,0,14,2,0,0,0,0,0,0,2,0,2,0,0,0,0,19,9,0
/Users/kaiohs/Downloads/codes/lab02-experimentacao-software/data/repos/javaparser__javaparser/javaparser-symbol-solver-testing/src/test/java/com/github/javaparser/symbolsolver/Issue2210Test.java,com.github.javaparser.symbolsolver.Issue2210Test,class,11,11,0,11,2,2,0,8,1,0.0,0.0,0.0,2,0,0,0,0,2,2,0,0,0,0,0,0,0,0,0,0,0,1,13,0,0,0,0,0,6,0,6,1,6,0,0,0,0,33,1,0
/Users/kaiohs/Downloads/codes/lab02-experimentacao-software/data/repos/javaparser__javaparser/javaparser-symbol-solver-core/src/main/java/com/github/javaparser/symbolsolver/core/resolution/SymbolResolutionCapability.java,com.github.javaparser.symbolsolver.core.resolution.SymbolResolutionCapability,interface,2,14,12,2,1,1,0,0,0,0.0,NaN,NaN,1,0,0,0,0,1,1,0,0,0,0,0,0,0,0,0,0,0,0,3,0,0,0,0,0,0,0,0,0,0,0,0,0,0,28,1,0
/Users/kaiohs/Downloads/codes/lab02-experimentacao-software/data/repos/javaparser__javaparser/javaparser-core/src/main/java/com/github/javaparser/ast/expr/AnnotationExpr.java,com.github.javaparser.ast.expr.AnnotationExpr,class,13,95,80,15,17,3,9,12,58,0.61538464,0.0,0.0,13,0,13,0,0,0,13,0,0,0,1,0,0,0,1,0,0,0,1,59,12,0,4,0,0,10,0,1,0,1,1,0,0,0,74,1025,0
/Users/kaiohs/Downloads/codes/lab02-experimentacao-software/data/repos/javaparser__javaparser/javaparser-symbol-solver-testing/src/test/resources/javassist_generics/javaparser/GenericClass.java,javaparser.GenericClass$Bar$NestedBar,interface,0,0,0,0,0,1,0,0,0,0.0,-1.0,-1.0,0,0,0,0,0,0,0,0,0,0,0,0,0,0,0,0,0,0,0,2,0,0,0,0,0,0,0,0,0,0,0,0,0,0,2,1,0
/Users/kaiohs/Downloads/codes/lab02-experimentacao-software/data/repos/javaparser__javaparser/javaparser-core/src/main/java/com/github/javaparser/ast/Node.java,com.github.javaparser.ast.Node$Parsedness,enum,0,0,0,0,0,1,0,0,0,0.0,-1.0,-1.0,0,0,0,0,0,0,0,0,0,0,0,0,0,0,0,0,0,0,0,1,0,0,0,0,0,0,0,0,0,0,0,0,0,0,11,1,0
/Users/kaiohs/Downloads/codes/lab02-experimentacao-software/data/repos/javaparser__javaparser/javaparser-symbol-solver-testing/src/test/resources/javassist_symbols/main_jar/src/com/github/javaparser/javasymbolsolver/javassist_symbols/main_jar/SubClassOwnJar.java,com.github.javaparser.javasymbolsolver.javassist_symbols.main_jar.SubClassOwnJar,class,1,1,0,1,0,2,0,0,0,NaN,-1.0,-1.0,0,0,0,0,0,0,0,0,0,0,1,1,1,0,0,0,1,0,0,3,0,0,0,0,0,1,0,1,0,1,0,0,0,0,14,1,0
/Users/kaiohs/Downloads/codes/lab02-experimentacao-software/data/repos/javaparser__javaparser/javaparser-core-testing/src/test/java/com/github/javaparser/printer/lexicalpreservation/LexicalDifferenceCalculatorTest.java,com.github.javaparser.printer.lexicalpreservation.LexicalDifferenceCalculatorTest,class,26,27,1,26,13,2,0,43,78,0.0,0.0,0.0,13,0,0,2,1,10,11,0,0,0,0,0,0,0,0,0,0,0,0,223,3,0,0,0,3,24,58,41,1,41,0,0,0,0,87,0,0
/Users/kaiohs/Downloads/codes/lab02-experimentacao-software/data/repos/javaparser__javaparser/javaparser-core/src/main/java/com/github/javaparser/resolution/model/typesystem/NullType.java,com.github.javaparser.resolution.model.typesystem.NullType,class,2,10,8,2,7,1,0,0,21,1.0,0.0,0.0,7,0,6,1,0,0,6,0,0,0,1,1,1,0,0,0,1,0,0,23,5,0,0,0,0,2,0,1,0,1,0,0,0,0,43,1,0
/Users/kaiohs/Downloads/codes/lab02-experimentacao-software/data/repos/javaparser__javaparser/javaparser-symbol-solver-testing/src/test/test_sourcecode/javasymbolsolver_0_6_0/src/java-symbol-solver-model/com/github/javaparser/symbolsolver/model/declarations/MethodAmbiguityException.java,com.github.javaparser.symbolsolver.model.declarations.MethodAmbiguityException,class,0,2,2,0,1,4,0,0,0,0.0,NaN,NaN,1,0,1,0,0,0,1,0,0,0,0,0,0,0,0,0,0,0,0,5,0,0,0,0,0,0,0,0,0,0,0,0,0,0,29,1,0
/Users/kaiohs/Downloads/codes/lab02-experimentacao-software/data/repos/javaparser__javaparser/javaparser-symbol-solver-testing/src/test/resources/CompilationUnitContextResolutionTest/03_symbol/main/Clazz.java,main.Clazz$MyEnum,enum,0,0,0,0,0,1,0,0,0,0.0,-1.0,-1.0,0,0,0,0,0,0,0,0,0,0,0,0,0,0,0,0,0,0,0,1,0,0,0,0,0,2,0,0,0,0,0,0,0,0,5,1,0
/Users/kaiohs/Downloads/codes/lab02-experimentacao-software/data/repos/javaparser__javaparser/javaparser-symbol-solver-core/src/main/java/com/github/javaparser/symbolsolver/resolution/naming/NameLogic.java,com.github.javaparser.symbolsolver.resolution.naming.NameLogic,class,63,64,1,63,252,1,0,86,231,0.0,0.0,0.0,22,22,7,15,0,0,7,0,0,0,0,0,0,0,0,0,0,0,161,573,165,0,119,0,10,20,0,16,6,276,4,0,1,131,172,1,0
/Users/kaiohs/Downloads/codes/lab02-experimentacao-software/data/repos/javaparser__javaparser/javaparser-symbol-solver-testing/src/test/java/com/github/javaparser/symbolsolver/javaparsermodel/contexts/JavaParserTypeDeclarationAdapterTest.java,com.github.javaparser.symbolsolver.javaparsermodel.contexts.JavaParserTypeDeclarationAdapterTest,class,13,13,0,13,6,3,0,18,15,0.0,0.0,0.0,6,2,0,0,0,6,6,0,0,0,0,0,0,0,0,0,0,0,1,25,0,0,0,0,0,27,1,8,2,11,0,0,0,3,57,0,0
/Users/kaiohs/Downloads/codes/lab02-experimentacao-software/data/repos/javaparser__javaparser/javaparser-core-serialization/src/main/java/com/github/javaparser/serialization/JavaParserJsonSerializer.java,com.github.javaparser.serialization.JavaParserJsonSerializer$JsonNode,enum,0,0,0,0,2,1,0,2,0,0.0,0.0,0.0,2,0,1,0,0,1,2,0,0,0,1,0,0,0,0,1,1,0,0,8,1,0,0,0,0,3,0,1,0,1,0,0,0,0,29,1,0
/Users/kaiohs/Downloads/codes/lab02-experimentacao-software/data/repos/javaparser__javaparser/javaparser-core-testing/src/test/java/com/github/javaparser/issues/Issue2627Test.java,com.github.javaparser.issues.Issue2627Test,class,8,9,1,8,12,1,0,15,66,0.9166667,0.0,0.0,12,3,6,6,0,0,6,0,0,0,6,6,0,6,0,0,6,0,3,53,4,0,0,0,0,19,14,14,0,15,0,0,0,1,58,1,0
/Users/kaiohs/Downloads/codes/lab02-experimentacao-software/data/repos/javaparser__javaparser/javaparser-core/src/main/java/com/github/javaparser/ast/validator/SimpleValidator.java,com.github.javaparser.ast.validator.SimpleValidator,class,3,6,3,3,2,2,0,2,0,0.0,NaN,NaN,1,0,1,0,0,0,1,0,0,0,0,0,0,0,0,0,0,0,0,10,0,0,0,0,0,0,0,0,0,2,2,0,0,1,18,1,0
/Users/kaiohs/Downloads/codes/lab02-experimentacao-software/data/repos/javaparser__javaparser/javaparser-core-testing/src/test/java/com/github/javaparser/printer/lexicalpreservation/Issue1634Test.java,com.github.javaparser.printer.lexicalpreservation.Issue1634Test,class,5,5,0,5,1,2,0,5,0,0.0,NaN,NaN,1,0,1,0,0,0,1,0,0,0,0,0,0,0,0,0,0,0,0,10,0,0,0,0,0,6,0,3,1,3,0,0,0,0,20,1,0
/Users/kaiohs/Downloads/codes/lab02-experimentacao-software/data/repos/javaparser__javaparser/javaparser-core/src/main/java/com/github/javaparser/ast/type/ArrayType.java,com.github.javaparser.ast.type.ArrayType$Origin,enum,0,0,0,0,0,1,0,0,0,0.0,-1.0,-1.0,0,0,0,0,0,0,0,0,0,0,0,0,0,0,0,0,0,0,0,3,0,0,0,0,0,0,0,0,0,0,0,0,0,0,20,1,0
/Users/kaiohs/Downloads/codes/lab02-experimentacao-software/data/repos/javaparser__javaparser/javaparser-core-testing/src/test/java/com/github/javaparser/printer/lexicalpreservation/Issue4670Test.java,com.github.javaparser.printer.lexicalpreservation.Issue4670Test$Anonymous1,anonymous,1,1,0,1,1,1,0,1,0,0.0,NaN,NaN,1,0,1,0,0,0,1,0,0,0,0,0,0,0,0,0,0,0,0,5,0,0,0,0,0,0,0,0,0,0,0,0,0,0,5,-1,0
/Users/kaiohs/Downloads/codes/lab02-experimentacao-software/data/repos/javaparser__javaparser/javaparser-core/src/main/java/com/github/javaparser/ast/NodeList.java,com.github.javaparser.ast.NodeList$NodeListIterator,innerclass,3,3,0,3,16,1,0,21,0,0.33333334,0.0,0.0,12,0,12,0,0,0,12,0,0,0,2,0,0,0,0,2,0,0,0,58,6,0,2,0,0,2,2,7,1,4,1,0,0,0,43,4,0
/Users/kaiohs/Downloads/codes/lab02-experimentacao-software/data/repos/javaparser__javaparser/javaparser-symbol-solver-testing/src/test/java/com/github/javaparser/symbolsolver/javaparsermodel/contexts/ClassOrInterfaceDeclarationContextTest.java,com.github.javaparser.symbolsolver.javaparsermodel.contexts.ClassOrInterfaceDeclarationContextTest,class,11,12,1,11,4,1,0,13,0,0.375,0.0,0.0,4,0,0,1,0,3,3,0,0,0,2,0,0,2,0,0,1,0,4,28,1,0,0,0,0,10,0,9,0,9,0,0,0,0,38,0,0
/Users/kaiohs/Downloads/codes/lab02-experimentacao-software/data/repos/javaparser__javaparser/javaparser-core/src/main/java/com/github/javaparser/ast/expr/NameExpr.java,com.github.javaparser.ast.expr.NameExpr,class,16,106,86,20,20,3,2,19,90,0.625,0.0,0.0,16,0,16,0,0,0,16,0,0,0,1,0,0,1,0,0,0,0,1,69,13,0,4,0,0,12,0,1,0,1,1,0,0,0,82,1,0
/Users/kaiohs/Downloads/codes/lab02-experimentacao-software/data/repos/javaparser__javaparser/javaparser-symbol-solver-testing/src/test/java/com/github/javaparser/symbolsolver/Issue2481Test.java,com.github.javaparser.symbolsolver.Issue2481Test,class,8,8,0,8,1,1,0,4,0,0.0,NaN,NaN,1,0,1,0,0,0,1,0,0,0,0,0,0,0,0,0,0,0,1,19,0,0,0,0,0,1,0,4,0,5,1,1,0,1,16,1,0
/Users/kaiohs/Downloads/codes/lab02-experimentacao-software/data/repos/javaparser__javaparser/javaparser-symbol-solver-core/src/main/java/com/github/javaparser/symbolsolver/resolution/promotion/ReferenceConditionalExprHandler.java,com.github.javaparser.symbolsolver.resolution.promotion.ReferenceConditionalExprHandler,class,3,4,1,3,4,1,0,3,0,0.0,0.0,0.0,2,0,2,0,0,0,2,0,0,0,2,0,0,0,0,2,0,0,2,17,3,0,0,0,0,0,0,2,0,2,1,0,0,0,9,1,0
/Users/kaiohs/Downloads/codes/lab02-experimentacao-software/data/repos/javaparser__javaparser/javaparser-core-testing-bdd/src/test/resources/com/github/javaparser/samples/JavaConcepts.java,japa.bdd.samples.JavaConcepts$A,innerclass,2,2,0,2,1,1,0,0,0,0.0,NaN,NaN,1,0,1,0,0,0,1,0,0,0,0,0,0,0,0,0,0,0,0,4,0,0,0,0,0,0,0,0,0,0,0,0,0,0,9,0,0
/Users/kaiohs/Downloads/codes/lab02-experimentacao-software/data/repos/javaparser__javaparser/javaparser-symbol-solver-testing/src/test/test_sourcecode/javasymbolsolver_0_6_0/src/java-symbol-solver-model/com/github/javaparser/symbolsolver/model/declarations/Declaration.java,com.github.javaparser.symbolsolver.model.declarations.Declaration,interface,4,25,21,4,10,1,0,1,45,0.0,0.0,0.0,10,0,0,0,0,10,10,0,0,0,0,0,0,0,0,0,0,0,4,30,5,0,0,0,0,4,0,0,0,0,0,0,0,0,35,1,0
/Users/kaiohs/Downloads/codes/lab02-experimentacao-software/data/repos/javaparser__javaparser/javaparser-symbol-solver-testing/src/test/java/com/github/javaparser/symbolsolver/reflectionmodel/ReflectionClassDeclarationTest.java,com.github.javaparser.symbolsolver.reflectionmodel.ReflectionClassDeclarationTest$4Foo,innerclass,1,1,0,1,0,1,0,0,0,NaN,-1.0,-1.0,0,0,0,0,0,0,0,0,0,0,1,0,0,0,0,1,0,0,0,3,0,0,0,0,0,0,0,0,0,1,0,0,0,0,2,0,0
/Users/kaiohs/Downloads/codes/lab02-experimentacao-software/data/repos/javaparser__javaparser/javaparser-core/src/main/java/com/github/javaparser/resolution/types/ResolvedWildcard.java,com.github.javaparser.resolution.types.ResolvedWildcard$BoundType,enum,0,0,0,0,0,1,0,0,0,0.0,-1.0,-1.0,0,0,0,0,0,0,0,0,0,0,0,0,0,0,0,0,0,0,0,1,0,0,0,0,0,0,0,0,0,0,0,0,0,0,9,1,0
/Users/kaiohs/Downloads/codes/lab02-experimentacao-software/data/repos/javaparser__javaparser/javaparser-core/src/main/java/com/github/javaparser/ast/nodeTypes/modifiers/NodeWithAbstractModifier.java,com.github.javaparser.ast.nodeTypes.modifiers.NodeWithAbstractModifier,interface,2,7,5,2,2,1,0,2,1,0.0,0.0,0.0,2,0,0,0,0,2,2,0,0,0,0,0,0,0,0,0,0,0,0,8,2,0,0,0,0,1,0,0,0,0,0,0,0,0,17,1,0
/Users/kaiohs/Downloads/codes/lab02-experimentacao-software/data/repos/javaparser__javaparser/javaparser-symbol-solver-testing/src/test/java/com/github/javaparser/symbolsolver/Issue3878Test.java,com.github.javaparser.symbolsolver.Issue3878Test,class,7,7,0,7,2,1,0,8,1,0.0,0.0,0.0,2,0,0,0,0,2,2,0,0,0,0,0,0,0,0,0,0,0,0,13,0,0,0,0,0,9,0,5,1,5,0,0,0,0,35,1,0
/Users/kaiohs/Downloads/codes/lab02-experimentacao-software/data/repos/javaparser__javaparser/javaparser-symbol-solver-core/src/main/java/com/github/javaparser/symbolsolver/reflectionmodel/comparators/MethodComparator.java,com.github.javaparser.symbolsolver.reflectionmodel.comparators.MethodComparator,class,2,4,2,2,6,1,0,7,0,0.0,NaN,NaN,1,0,1,0,0,0,1,0,0,0,0,0,0,0,0,0,0,0,0,15,5,1,4,0,0,0,6,5,1,5,2,0,0,0,14,1,0
/Users/kaiohs/Downloads/codes/lab02-experimentacao-software/data/repos/javaparser__javaparser/javaparser-core-testing/src/test/java/com/github/javaparser/version/Java10PostProcessorTest.java,com.github.javaparser.version.Java10PostProcessorTest,class,6,6,0,6,2,1,0,8,0,0.0,0.0,0.0,2,0,0,0,0,2,2,0,0,0,1,1,1,0,0,0,1,0,0,13,0,0,0,0,0,2,2,5,0,5,0,0,0,0,29,0,0
/Users/kaiohs/Downloads/codes/lab02-experimentacao-software/data/repos/javaparser__javaparser/javaparser-core-testing/src/test/java/com/github/javaparser/ast/FindNodeTest.java,com.github.javaparser.ast.FindNodeTest,class,5,5,0,5,4,1,0,19,1,0.0,0.0,0.0,2,0,0,0,0,2,2,0,0,0,0,0,0,0,0,0,0,0,0,23,2,0,1,0,0,28,9,9,2,10,2,0,0,1,37,0,0
/Users/kaiohs/Downloads/codes/lab02-experimentacao-software/data/repos/javaparser__javaparser/javaparser-symbol-solver-testing/src/test/java/com/github/javaparser/symbolsolver/Issue2360.java,com.github.javaparser.symbolsolver.Issue2360,class,8,8,0,8,3,2,0,8,3,0.0,0.0,0.0,3,0,0,0,0,3,3,0,0,0,0,0,0,0,0,0,0,0,0,32,0,0,0,0,0,41,0,15,3,15,0,0,0,0,40,0,0
/Users/kaiohs/Downloads/codes/lab02-experimentacao-software/data/repos/javaparser__javaparser/javaparser-core/src/main/java/com/github/javaparser/quality/Preconditions.java,com.github.javaparser.quality.Preconditions,class,1,2,1,1,7,1,0,3,10,0.0,0.0,0.0,5,4,4,1,0,0,4,0,0,0,0,0,0,0,0,0,0,0,4,18,0,0,1,0,0,2,0,0,0,0,1,0,0,0,44,17,0
/Users/kaiohs/Downloads/codes/lab02-experimentacao-software/data/repos/javaparser__javaparser/javaparser-core/src/main/java/com/github/javaparser/ast/type/ClassOrInterfaceType.java,com.github.javaparser.ast.type.ClassOrInterfaceType,class,30,123,90,33,54,4,0,64,251,0.6989247,0.0,0.0,31,0,31,0,0,0,31,0,0,0,3,0,0,3,0,0,0,0,7,185,34,2,17,0,0,27,2,12,1,15,3,0,0,4,139,1,0
/Users/kaiohs/Downloads/codes/lab02-experimentacao-software/data/repos/javaparser__javaparser/javaparser-symbol-solver-testing/src/test/test_sourcecode/javaparser_src/proper_source/com/github/javaparser/ASTHelper.java,com.github.javaparser.ASTHelper,class,24,25,1,24,23,1,0,25,105,1.0,0.0,0.0,15,14,14,1,0,0,14,0,0,0,9,9,9,0,0,0,9,0,3,99,8,2,5,0,0,1,2,29,0,23,2,0,0,0,130,17,0
/Users/kaiohs/Downloads/codes/lab02-experimentacao-software/data/repos/javaparser__javaparser/javaparser-core-testing/src/test/java/com/github/javaparser/ast/visitor/GenericVisitorWithDefaultsTest.java,com.github.javaparser.ast.visitor.GenericVisitorWithDefaultsTest,class,106,107,1,106,107,1,0,13,0,0.33021808,0.0,0.0,107,0,0,0,0,107,107,0,0,0,3,0,0,3,0,0,0,0,0,441,0,0,0,0,0,0,1,108,0,109,0,1,0,0,146,0,0
/Users/kaiohs/Downloads/codes/lab02-experimentacao-software/data/repos/javaparser__javaparser/javaparser-core/src/main/java/com/github/javaparser/ast/expr/LiteralStringValueExpr.java,com.github.javaparser.ast.expr.LiteralStringValueExpr,class,9,25,16,9,11,4,6,8,33,0.6,0.0,0.0,10,0,10,0,0,0,10,0,0,0,1,0,0,0,1,0,0,0,1,41,8,0,0,0,0,9,0,1,0,1,1,0,0,0,44,1025,0
/Users/kaiohs/Downloads/codes/lab02-experimentacao-software/data/repos/javaparser__javaparser/javaparser-core-testing/src/test/java/com/github/javaparser/printer/lexicalpreservation/Issue4245Test.java,com.github.javaparser.printer.lexicalpreservation.Issue4245Test,class,6,6,0,6,1,2,0,8,0,0.0,NaN,NaN,1,0,1,0,0,0,1,0,0,0,0,0,0,0,0,0,0,0,1,12,0,0,0,0,0,2,0,3,0,3,0,0,0,0,30,0,0
/Users/kaiohs/Downloads/codes/lab02-experimentacao-software/data/repos/javaparser__javaparser/javaparser-core/src/main/java/com/github/javaparser/resolution/model/typesystem/ReferenceTypeImpl.java,com.github.javaparser.resolution.model.typesystem.ReferenceTypeImpl,class,20,67,47,20,47,2,0,78,136,0.9411765,0.0,0.0,17,1,14,1,2,0,16,0,0,0,1,1,0,1,0,0,1,0,6,152,33,4,1,0,0,3,1,19,0,22,4,0,0,6,103,1,0
/Users/kaiohs/Downloads/codes/lab02-experimentacao-software/data/repos/javaparser__javaparser/javaparser-core/src/main/java/com/github/javaparser/ast/comments/MarkdownComment.java,com.github.javaparser.ast.comments.MarkdownComment,class,14,34,20,14,24,4,0,31,105,0.93333334,0.0,0.0,15,0,15,0,0,0,15,0,0,0,1,1,0,1,0,0,0,0,5,94,10,5,1,0,0,14,4,16,1,15,3,0,0,0,183,1,0
/Users/kaiohs/Downloads/codes/lab02-experimentacao-software/data/repos/javaparser__javaparser/javaparser-core/src/main/java/com/github/javaparser/ast/validator/VisitorValidator.java,com.github.javaparser.ast.validator.VisitorValidator,class,5,11,6,5,1,2,6,1,0,0.0,NaN,NaN,1,0,1,0,0,0,1,0,0,0,0,0,0,0,0,0,0,0,0,5,0,0,0,0,0,0,0,0,0,0,0,0,0,0,22,1025,0
/Users/kaiohs/Downloads/codes/lab02-experimentacao-software/data/repos/javaparser__javaparser/javaparser-core/src/main/java/com/github/javaparser/resolution/declarations/ResolvedFieldDeclaration.java,com.github.javaparser.resolution.declarations.ResolvedFieldDeclaration,interface,4,49,45,4,5,1,0,0,10,0.0,0.0,0.0,5,0,0,0,0,5,5,0,0,0,0,0,0,0,0,0,0,0,0,11,2,0,0,0,0,0,0,0,0,0,0,0,0,0,27,1,0
/Users/kaiohs/Downloads/codes/lab02-experimentacao-software/data/repos/javaparser__javaparser/javaparser-core/src/main/java/com/github/javaparser/ast/nodeTypes/NodeWithStatements.java,com.github.javaparser.ast.nodeTypes.NodeWithStatements,interface,9,18,7,11,17,1,0,14,120,0.0,0.0,0.0,16,0,0,0,0,16,16,0,0,0,0,0,0,0,0,0,0,0,1,56,14,1,0,0,0,4,0,2,0,2,1,0,0,0,47,1,0
/Users/kaiohs/Downloads/codes/lab02-experimentacao-software/data/repos/javaparser__javaparser/javaparser-symbol-solver-testing/src/test/java/com/github/javaparser/symbolsolver/Issue4832Test.java,com.github.javaparser.symbolsolver.Issue4832Test,class,8,8,0,8,1,2,0,8,0,0.0,NaN,NaN,1,0,0,0,0,1,1,0,0,0,0,0,0,0,0,0,0,0,0,14,0,0,0,0,0,6,0,4,1,5,1,0,0,1,29,1,0
/Users/kaiohs/Downloads/codes/lab02-experimentacao-software/data/repos/javaparser__javaparser/javaparser-core-testing/src/test/java/com/github/javaparser/modules/ModuleDeclarationTest.java,com.github.javaparser.modules.ModuleDeclarationTest,class,18,19,1,18,11,1,0,47,45,0.9,0.0,0.0,10,0,0,1,0,9,9,0,0,0,1,1,1,0,0,0,1,0,1,72,1,0,0,0,0,126,8,22,6,22,1,0,0,0,76,0,0
/Users/kaiohs/Downloads/codes/lab02-experimentacao-software/data/repos/javaparser__javaparser/javaparser-core/src/main/java/com/github/javaparser/metamodel/NodeMetaModel.java,com.github.javaparser.metamodel.NodeMetaModel,class,4,27,23,4,2,2,20,0,1,0.5,0.0,0.0,2,0,0,0,1,1,2,0,0,0,1,0,1,0,0,0,0,0,0,9,0,0,0,0,0,5,0,0,0,1,0,0,0,0,36,1,0
/Users/kaiohs/Downloads/codes/lab02-experimentacao-software/data/repos/javaparser__javaparser/javaparser-core/src/main/java/com/github/javaparser/ast/Node.java,com.github.javaparser.ast.Node$ParentsVisitor,innerclass,1,1,0,1,3,1,0,3,0,0.0,0.0,0.0,3,0,3,0,0,0,3,0,0,0,1,0,0,1,0,0,0,0,0,13,2,0,0,0,0,0,0,2,0,1,0,0,0,0,17,9,0
/Users/kaiohs/Downloads/codes/lab02-experimentacao-software/data/repos/javaparser__javaparser/javaparser-symbol-solver-testing/src/test/java/com/github/javaparser/symbolsolver/javassistmodel/JavassistClassDeclarationTest.java,com.github.javaparser.symbolsolver.javassistmodel.JavassistClassDeclarationTest,class,22,22,0,22,40,2,0,54,118,0.6666666,0.0,0.0,37,0,3,0,0,34,37,0,0,0,3,0,0,3,0,0,0,0,13,367,3,2,0,1,0,210,58,92,0,61,1,0,1,9,105,0,0
/Users/kaiohs/Downloads/codes/lab02-experimentacao-software/data/repos/javaparser__javaparser/javaparser-symbol-solver-testing/src/test/java/com/github/javaparser/symbolsolver/resolution/NotQuiteCyclicParentTest.java,com.github.javaparser.symbolsolver.resolution.NotQuiteCyclicParentTest,class,9,9,0,9,2,3,0,9,0,0.0,NaN,NaN,1,0,0,0,0,1,1,0,0,0,0,0,0,0,0,0,0,0,0,15,1,0,0,1,1,4,1,5,0,5,1,0,0,0,48,1,0
/Users/kaiohs/Downloads/codes/lab02-experimentacao-software/data/repos/javaparser__javaparser/javaparser-core/src/main/java/com/github/javaparser/ast/expr/EnclosedExpr.java,com.github.javaparser.ast.expr.EnclosedExpr,class,13,50,36,14,19,3,0,14,85,0.6666667,0.0,0.0,15,0,15,0,0,0,15,0,0,0,1,0,0,1,0,0,0,0,1,65,13,0,4,0,0,12,0,1,0,1,1,0,0,0,62,1,0
/Users/kaiohs/Downloads/codes/lab02-experimentacao-software/data/repos/javaparser__javaparser/javaparser-core-testing/src/test/test_sourcecode/com/github/javaparser/printer/JavaConceptsMethods.java,japa.bdd.samples.JavaConceptsMethods$Anonymous1$Anonymous2,anonymous,0,0,0,0,0,1,0,0,0,0.0,-1.0,-1.0,0,0,0,0,0,0,0,0,0,0,0,0,0,0,0,0,0,0,0,2,0,0,0,0,0,0,0,0,0,0,0,0,0,0,0,-1,0
/Users/kaiohs/Downloads/codes/lab02-experimentacao-software/data/repos/javaparser__javaparser/javaparser-symbol-solver-testing/src/test/java/com/github/javaparser/symbolsolver/model/typesystem/LazyTypeTest.java,com.github.javaparser.symbolsolver.model.typesystem.LazyTypeTest,class,13,14,1,13,3,3,0,3,1,0.38095236,0.0,0.0,3,0,0,1,0,2,2,0,0,0,7,0,0,7,0,0,0,0,0,38,1,0,0,0,0,0,0,7,0,8,0,0,3,1,28,0,0
/Users/kaiohs/Downloads/codes/lab02-experimentacao-software/data/repos/javaparser__javaparser/javaparser-core/src/main/java/com/github/javaparser/ast/ArrayCreationLevel.java,com.github.javaparser.ast.ArrayCreationLevel,class,17,53,35,18,30,2,0,21,46,0.5625,0.0,0.0,16,0,16,0,0,0,16,0,0,0,2,0,0,2,0,0,0,0,1,100,18,2,12,0,0,13,2,5,1,4,2,0,0,0,67,1,0
/Users/kaiohs/Downloads/codes/lab02-experimentacao-software/data/repos/javaparser__javaparser/javaparser-symbol-solver-testing/src/test/test_sourcecode/javaparser_src/proper_source/com/github/javaparser/PositionUtils.java,com.github.javaparser.PositionUtils,class,11,15,4,11,30,1,0,22,55,0.0,0.0,0.0,11,10,6,5,0,0,6,0,0,0,0,0,0,0,0,0,0,0,18,94,23,0,6,0,1,0,5,8,5,8,2,1,0,0,44,17,0
/Users/kaiohs/Downloads/codes/lab02-experimentacao-software/data/repos/javaparser__javaparser/javaparser-symbol-solver-testing/src/test/java/com/github/javaparser/symbolsolver/Issue1364Test.java,com.github.javaparser.symbolsolver.Issue1364Test$Anonymous1,anonymous,4,4,0,4,5,1,0,3,6,0.0,0.0,0.0,4,0,4,0,0,0,4,0,0,0,0,0,0,0,0,0,0,0,0,16,3,0,0,0,0,1,0,0,0,0,1,0,0,0,22,-1,0
/Users/kaiohs/Downloads/codes/lab02-experimentacao-software/data/repos/javaparser__javaparser/javaparser-core/src/main/java/com/github/javaparser/printer/lexicalpreservation/PrintableTextElement.java,com.github.javaparser.printer.lexicalpreservation.PrintableTextElement,interface,1,4,3,1,1,1,0,0,0,0.0,NaN,NaN,1,0,0,0,0,1,1,0,0,0,0,0,0,0,0,0,0,0,0,3,0,0,0,0,0,0,0,0,0,0,0,0,0,0,8,1,0
/Users/kaiohs/Downloads/codes/lab02-experimentacao-software/data/repos/javaparser__javaparser/javaparser-symbol-solver-testing/src/test/resources/issue3277/ConstantA.java,ConstantA,class,1,1,0,1,0,1,0,0,0,NaN,-1.0,-1.0,0,0,0,0,0,0,0,0,0,0,1,1,1,0,0,0,1,0,0,3,0,0,0,0,0,0,0,1,0,1,0,0,0,0,4,1,0
/Users/kaiohs/Downloads/codes/lab02-experimentacao-software/data/repos/javaparser__javaparser/javaparser-core/src/main/java/com/github/javaparser/ast/expr/TypeExpr.java,com.github.javaparser.ast.expr.TypeExpr,class,15,50,33,17,18,3,0,12,71,0.64285713,0.0,0.0,14,0,14,0,0,0,14,0,0,0,1,0,0,1,0,0,0,0,1,62,12,0,4,0,0,12,0,1,0,1,1,0,0,0,69,1,0
/Users/kaiohs/Downloads/codes/lab02-experimentacao-software/data/repos/javaparser__javaparser/javaparser-core-testing/src/test/java/com/github/javaparser/printer/lexicalpreservation/transformations/ast/body/FieldDeclarationTransformationsTest.java,com.github.javaparser.printer.lexicalpreservation.transformations.ast.body.FieldDeclarationTransformationsTest,class,6,7,1,6,9,2,0,13,36,0.0,0.0,0.0,9,0,1,0,1,7,9,0,0,0,0,0,0,0,0,0,0,0,0,49,1,0,0,0,0,27,5,8,3,8,0,0,0,0,53,0,0
/Users/kaiohs/Downloads/codes/lab02-experimentacao-software/data/repos/javaparser__javaparser/javaparser-core/src/main/java/com/github/javaparser/metamodel/ModuleRequiresDirectiveMetaModel.java,com.github.javaparser.metamodel.ModuleRequiresDirectiveMetaModel,class,5,7,2,5,1,2,0,0,0,0.0,NaN,NaN,1,0,0,0,0,1,1,0,0,0,2,0,2,0,0,0,0,0,0,7,0,0,0,0,0,4,0,0,0,2,0,0,0,0,38,1,0
/Users/kaiohs/Downloads/codes/lab02-experimentacao-software/data/repos/javaparser__javaparser/javaparser-symbol-solver-testing/src/test/resources/differentiate_dot_expressions/com/packageName/InnerStaticClassFieldContainer.java,com.packageName.InnerStaticClassFieldContainer,class,0,0,0,0,0,1,0,0,0,0.0,-1.0,-1.0,0,0,0,0,0,0,0,0,0,0,0,0,0,0,0,0,0,0,0,13,0,0,0,0,0,0,0,0,0,0,0,0,1,0,5,1,0
/Users/kaiohs/Downloads/codes/lab02-experimentacao-software/data/repos/javaparser__javaparser/javaparser-symbol-solver-testing/src/test/resources/ImplementedOrExtendedTypeResolution/pkg/main/A.java,main.A,class,2,4,2,2,0,1,0,0,0,NaN,-1.0,-1.0,0,0,0,0,0,0,0,0,0,0,1,0,0,0,0,1,0,0,0,3,0,0,0,0,0,0,0,0,0,1,0,0,0,0,3,0,0
/Users/kaiohs/Downloads/codes/lab02-experimentacao-software/data/repos/javaparser__javaparser/javaparser-symbol-solver-core/src/main/java/com/github/javaparser/symbolsolver/reflectionmodel/ReflectionAnnotationDeclaration.java,com.github.javaparser.symbolsolver.reflectionmodel.ReflectionAnnotationDeclaration,class,22,25,3,22,32,2,0,44,87,0.6818182,0.0,0.0,22,0,22,0,0,0,22,0,0,0,3,0,0,3,0,0,0,0,11,111,23,2,3,1,1,7,3,15,3,15,3,0,0,2,99,1,0
/Users/kaiohs/Downloads/codes/lab02-experimentacao-software/data/repos/javaparser__javaparser/javaparser-symbol-solver-testing/src/test/java/com/github/javaparser/symbolsolver/resolution/DefaultPackageTest.java,com.github.javaparser.symbolsolver.resolution.DefaultPackageTest,class,8,8,0,8,3,2,0,10,3,0.0,0.0,0.0,3,0,0,0,0,3,3,0,0,0,0,0,0,0,0,0,0,0,0,97,0,0,0,0,0,15,3,11,0,11,1,0,1,2,36,0,0
/Users/kaiohs/Downloads/codes/lab02-experimentacao-software/data/repos/javaparser__javaparser/javaparser-symbol-solver-testing/src/test/java/com/github/javaparser/symbolsolver/reflectionmodel/ReflectionClassDeclarationTest.java,com.github.javaparser.symbolsolver.reflectionmodel.ReflectionClassDeclarationTest$4Bar,innerclass,2,2,0,2,0,2,0,0,0,0.0,-1.0,-1.0,0,0,0,0,0,0,0,0,0,0,0,0,0,0,0,0,0,0,0,2,0,0,0,0,0,0,0,0,0,0,0,0,0,0,0,0,0
/Users/kaiohs/Downloads/codes/lab02-experimentacao-software/data/repos/javaparser__javaparser/javaparser-core/src/main/java/com/github/javaparser/metamodel/CommentMetaModel.java,com.github.javaparser.metamodel.CommentMetaModel,class,5,10,5,5,2,3,3,0,1,0.5,0.0,0.0,2,0,0,0,1,1,2,0,0,0,1,0,1,0,0,0,0,0,0,9,0,0,0,0,0,5,0,0,0,1,0,0,0,0,37,1,0
/Users/kaiohs/Downloads/codes/lab02-experimentacao-software/data/repos/javaparser__javaparser/javaparser-core/src/main/java/com/github/javaparser/utils/StringEscapeUtils.java,com.github.javaparser.utils.StringEscapeUtils,class,5,5,0,5,4,5,0,1,6,0.75,0.0,0.0,4,3,3,1,0,0,3,0,0,0,5,5,0,5,0,0,5,0,0,175,3,0,0,0,0,44,0,5,0,5,0,0,5,0,101,17,0
/Users/kaiohs/Downloads/codes/lab02-experimentacao-software/data/repos/javaparser__javaparser/javaparser-core/src/main/java/com/github/javaparser/utils/Log.java,com.github.javaparser.utils.Log,class,4,17,13,4,8,1,0,6,0,0.14285715,0.0,0.0,7,7,6,1,0,0,6,0,0,0,1,1,0,1,0,0,0,0,5,76,2,1,0,0,0,0,1,5,0,3,2,0,3,5,74,1,5
/Users/kaiohs/Downloads/codes/lab02-experimentacao-software/data/repos/javaparser__javaparser/javaparser-symbol-solver-testing/src/test/test_sourcecode/javaparser_src/generated/com/github/javaparser/ParseException.java,com.github.javaparser.ParseException,class,3,7,4,3,25,3,0,10,8,0.72,0.0,0.0,5,2,3,1,0,1,4,0,0,0,5,1,3,1,1,0,1,0,5,104,2,4,4,0,1,28,17,30,9,17,3,0,0,0,158,1,0
/Users/kaiohs/Downloads/codes/lab02-experimentacao-software/data/repos/javaparser__javaparser/javaparser-symbol-solver-testing/src/test/java/com/github/javaparser/symbolsolver/javaparsermodel/declarations/JavaParserAnonymousClassDeclarationTest.java,com.github.javaparser.symbolsolver.javaparsermodel.declarations.JavaParserAnonymousClassDeclarationTest,class,9,9,0,9,6,3,0,15,15,0.0,0.0,0.0,6,0,0,0,0,6,6,0,0,0,0,0,0,0,0,0,0,0,0,65,0,0,0,0,0,33,0,36,0,36,0,0,0,0,38,0,0
/Users/kaiohs/Downloads/codes/lab02-experimentacao-software/data/repos/javaparser__javaparser/javaparser-core/src/main/java/com/github/javaparser/ast/nodeTypes/NodeWithTokenRange.java,com.github.javaparser.ast.nodeTypes.NodeWithTokenRange,interface,2,5,3,2,2,1,0,0,1,0.0,0.0,0.0,2,0,0,0,0,2,2,0,0,0,0,0,0,0,0,0,0,0,0,4,0,0,0,0,0,0,0,0,0,0,0,0,0,0,14,1,0
/Users/kaiohs/Downloads/codes/lab02-experimentacao-software/data/repos/javaparser__javaparser/javaparser-symbol-solver-testing/src/test/java/com/github/javaparser/symbolsolver/javaparsermodel/declarations/JavaParserTypeVariableDeclarationTest.java,com.github.javaparser.symbolsolver.javaparsermodel.declarations.JavaParserTypeVariableDeclarationTest$TestGetAncestorAncestorsMethod,innerclass,8,8,0,8,4,1,0,14,6,0.75,0.0,0.0,4,0,0,1,0,3,3,0,0,0,2,0,0,2,0,0,2,0,4,22,0,0,0,0,0,7,0,8,0,8,0,0,0,0,32,0,0
/Users/kaiohs/Downloads/codes/lab02-experimentacao-software/data/repos/javaparser__javaparser/javaparser-symbol-solver-testing/src/test/test_sourcecode/javaparser_new_src/javaparser-core/com/github/javaparser/ast/nodeTypes/NodeWithThrowable.java,com.github.javaparser.ast.nodeTypes.NodeWithThrowable,interface,5,8,3,5,6,1,0,11,15,0.0,0.0,0.0,6,0,2,0,0,4,6,0,0,0,0,0,0,0,0,0,0,0,0,19,4,0,0,0,1,1,0,0,0,1,0,0,0,1,35,1,0
/Users/kaiohs/Downloads/codes/lab02-experimentacao-software/data/repos/javaparser__javaparser/javaparser-symbol-solver-testing/src/test/test_sourcecode/javaparser_new_src/javaparser-core/com/github/javaparser/ast/stmt/ForStmt.java,ForStmt,class,10,30,20,10,13,1,0,7,36,0.6923077,0.0,0.0,13,0,13,0,0,0,13,0,0,0,4,0,0,4,0,0,0,0,0,61,9,0,0,0,0,0,0,6,0,4,0,0,0,0,30,17,0
/Users/kaiohs/Downloads/codes/lab02-experimentacao-software/data/repos/javaparser__javaparser/javaparser-symbol-solver-testing/src/test/java/com/github/javaparser/symbolsolver/resolution/PolyExpressionResolutionTest.java,com.github.javaparser.symbolsolver.resolution.PolyExpressionResolutionTest,class,5,5,0,5,14,3,0,11,91,0.0,0.0,0.0,14,0,0,0,0,14,14,0,0,0,0,0,0,0,0,0,0,0,0,78,0,0,0,0,0,19,4,19,0,13,0,0,0,0,38,1,0
/Users/kaiohs/Downloads/codes/lab02-experimentacao-software/data/repos/javaparser__javaparser/javaparser-core-testing/src/test/java/com/github/javaparser/ast/validator/Java7ValidatorTest.java,com.github.javaparser.ast.validator.Java7ValidatorTest,class,13,13,0,13,12,1,0,8,0,0.16666667,0.0,0.0,12,0,0,0,0,12,12,0,0,0,1,1,1,0,0,0,1,0,12,56,0,0,0,0,0,16,0,15,0,15,0,0,0,0,99,0,0
/Users/kaiohs/Downloads/codes/lab02-experimentacao-software/data/repos/javaparser__javaparser/javaparser-core-testing/src/test/java/com/github/javaparser/Issue4961Test.java,com.github.javaparser.Issue4961Test,class,5,5,0,5,1,1,0,2,0,0.0,NaN,NaN,1,0,1,0,0,0,1,0,0,0,0,0,0,0,0,0,0,0,1,8,0,0,0,0,0,43,0,3,1,3,0,0,0,0,37,1,0
/Users/kaiohs/Downloads/codes/lab02-experimentacao-software/data/repos/javaparser__javaparser/javaparser-symbol-solver-testing/src/test/java/com/github/javaparser/symbolsolver/Issue2781Test.java,com.github.javaparser.symbolsolver.Issue2781Test,class,11,11,0,11,1,3,0,8,0,0.0,NaN,NaN,1,0,0,0,0,1,1,0,0,0,0,0,0,0,0,0,0,0,1,18,0,0,0,0,0,10,0,5,1,7,2,0,0,2,38,1,0
/Users/kaiohs/Downloads/codes/lab02-experimentacao-software/data/repos/javaparser__javaparser/javaparser-core/src/main/java/com/github/javaparser/metamodel/SingleMemberAnnotationExprMetaModel.java,com.github.javaparser.metamodel.SingleMemberAnnotationExprMetaModel,class,5,7,2,5,1,5,0,0,0,0.0,NaN,NaN,1,0,0,0,0,1,1,0,0,0,1,0,1,0,0,0,0,0,0,6,0,0,0,0,0,4,0,0,0,1,0,0,0,0,39,1,0
/Users/kaiohs/Downloads/codes/lab02-experimentacao-software/data/repos/javaparser__javaparser/javaparser-symbol-solver-testing/src/test/java/com/github/javaparser/symbolsolver/resolution/typesolvers/CombinedTypeSolverTest.java,com.github.javaparser.symbolsolver.resolution.typesolvers.CombinedTypeSolverTest,class,10,10,0,10,10,3,0,27,28,0.0,0.0,0.0,8,1,3,0,0,5,8,0,0,0,0,0,0,0,0,0,0,0,4,66,1,0,0,1,0,9,2,18,0,17,1,0,0,1,96,0,0
/Users/kaiohs/Downloads/codes/lab02-experimentacao-software/data/repos/javaparser__javaparser/javaparser-core/src/main/java/com/github/javaparser/ast/body/BodyDeclaration.java,com.github.javaparser.ast.body.BodyDeclaration,class,25,91,63,28,70,2,8,17,1861,0.9032258,0.0,0.0,62,0,61,0,1,0,62,0,0,0,1,0,0,1,0,0,0,0,13,204,37,2,6,0,0,73,2,3,0,3,2,0,0,0,84,1025,0
/Users/kaiohs/Downloads/codes/lab02-experimentacao-software/data/repos/javaparser__javaparser/javaparser-core/src/main/java/com/github/javaparser/resolution/logic/ConflictingGenericTypesException.java,com.github.javaparser.resolution.logic.ConflictingGenericTypesException,class,1,2,1,1,1,4,0,1,0,0.0,NaN,NaN,1,0,1,0,0,0,1,0,0,0,0,0,0,0,0,0,0,0,1,5,0,0,0,0,0,1,0,0,0,0,0,0,0,0,14,1,0
/Users/kaiohs/Downloads/codes/lab02-experimentacao-software/data/repos/javaparser__javaparser/javaparser-symbol-solver-testing/src/test/test_sourcecode/javaparser_new_src/javaparser-generated-sources/com/github/javaparser/ASTParser.java,RangedList,innerclass,3,4,1,3,5,1,0,3,2,0.5,0.0,0.0,4,0,0,0,0,4,4,0,0,0,2,0,0,0,0,2,0,0,0,19,0,0,1,0,0,0,0,5,0,2,1,0,0,0,13,10,0
/Users/kaiohs/Downloads/codes/lab02-experimentacao-software/data/repos/javaparser__javaparser/javaparser-symbol-solver-testing/src/test/resources/issue1817/X.java,X$A,interface,0,0,0,0,1,1,0,0,0,0.0,NaN,NaN,1,0,0,0,0,1,1,0,0,0,0,0,0,0,0,0,0,0,0,3,0,0,0,0,0,0,0,0,0,0,0,0,0,0,2,0,0
/Users/kaiohs/Downloads/codes/lab02-experimentacao-software/data/repos/javaparser__javaparser/javaparser-core/src/main/java/com/github/javaparser/ast/expr/MemberValuePair.java,com.github.javaparser.ast.expr.MemberValuePair,class,15,54,35,19,20,2,0,12,30,0.53846157,0.0,0.0,13,0,13,0,0,0,13,0,0,0,2,0,0,2,0,0,0,0,0,73,13,0,7,0,0,10,0,2,0,2,1,0,0,0,62,1,0
/Users/kaiohs/Downloads/codes/lab02-experimentacao-software/data/repos/javaparser__javaparser/javaparser-symbol-solver-testing/src/test/java/com/github/javaparser/symbolsolver/resolution/ArrayExprTest.java,com.github.javaparser.symbolsolver.resolution.ArrayExprTest,class,11,11,0,11,2,1,0,16,1,0.0,0.0,0.0,2,0,0,0,0,2,2,0,0,0,0,0,0,0,0,0,0,0,0,19,0,0,0,0,1,8,2,8,0,8,0,0,0,0,46,0,0
/Users/kaiohs/Downloads/codes/lab02-experimentacao-software/data/repos/javaparser__javaparser/javaparser-symbol-solver-testing/src/test/java/com/github/javaparser/symbolsolver/resolution/SymbolSolverTest.java,com.github.javaparser.symbolsolver.resolution.SymbolSolverTest,class,12,12,0,12,6,2,0,10,0,0.083333336,0.0,0.0,6,0,0,0,0,6,6,0,0,0,2,0,0,2,0,0,0,0,2,38,0,0,0,0,0,11,0,12,0,12,0,0,0,0,47,0,0
/Users/kaiohs/Downloads/codes/lab02-experimentacao-software/data/repos/javaparser__javaparser/javaparser-core-testing/src/test/test_sourcecode/com/github/javaparser/printer/JavaConceptsUgly.java,japa.bdd.samples.JavaConceptsUgly,class,0,0,0,0,6,1,0,0,0,0.0,NaN,NaN,1,1,1,0,0,0,1,0,0,0,1,1,0,0,0,1,0,0,0,35,0,0,1,0,0,0,22,30,7,2,0,0,0,0,8,1,0
/Users/kaiohs/Downloads/codes/lab02-experimentacao-software/data/repos/javaparser__javaparser/javaparser-symbol-solver-core/src/main/java/com/github/javaparser/symbolsolver/declarations/common/MethodDeclarationCommonLogic.java,com.github.javaparser.symbolsolver.declarations.common.MethodDeclarationCommonLogic,class,15,31,4,27,15,1,0,32,4,0.5,0.0,0.0,5,0,2,1,2,0,4,0,0,0,2,0,0,2,0,0,0,0,0,52,4,2,0,0,0,0,2,16,0,16,3,0,0,3,37,1,0
/Users/kaiohs/Downloads/codes/lab02-experimentacao-software/data/repos/javaparser__javaparser/javaparser-core-testing/src/test/java/com/github/javaparser/ast/validator/Java16ValidatorTest.java,com.github.javaparser.ast.validator.Java16ValidatorTest$Record$RecordAsTypeIdentifierForbidden,innerclass,5,5,0,5,3,1,0,3,3,0.0,0.0,0.0,3,0,0,0,0,3,3,0,0,0,0,0,0,0,0,0,0,0,3,17,0,0,0,0,0,6,0,6,0,6,0,0,0,0,24,0,0
/Users/kaiohs/Downloads/codes/lab02-experimentacao-software/data/repos/javaparser__javaparser/javaparser-symbol-solver-testing/src/test/java/com/github/javaparser/symbolsolver/reflectionmodel/ReflectionClassDeclarationTest.java,com.github.javaparser.symbolsolver.reflectionmodel.ReflectionClassDeclarationTest$ClassWithSyntheticConstructor,innerclass,2,2,0,2,2,1,0,1,1,0.0,NaN,NaN,2,1,1,1,0,0,1,0,0,0,0,0,0,0,0,0,0,0,1,12,1,0,0,0,0,0,0,0,0,0,0,0,1,0,6,9,0
/Users/kaiohs/Downloads/codes/lab02-experimentacao-software/data/repos/javaparser__javaparser/javaparser-core/src/main/java/com/github/javaparser/utils/Pair.java,com.github.javaparser.utils.Pair,class,4,26,22,4,11,1,0,4,0,0.0,0.0,0.0,4,0,4,0,0,0,4,0,0,0,2,0,2,0,0,0,2,0,3,23,7,0,5,0,1,1,3,4,2,4,1,0,0,0,24,1,0
/Users/kaiohs/Downloads/codes/lab02-experimentacao-software/data/repos/javaparser__javaparser/javaparser-core-testing-bdd/src/test/java/com/github/javaparser/steps/ExistenceOfParentNodeVerifier.java,com.github.javaparser.steps.ExistenceOfParentNodeVerifier$Verifier,innerclass,86,86,0,86,84,2,0,7,3486,0.0,0.0,0.0,84,1,83,1,0,0,83,0,0,0,0,0,0,0,0,0,0,0,79,333,0,0,0,0,0,1,0,0,1,0,0,0,0,0,105,10,0
/Users/kaiohs/Downloads/codes/lab02-experimentacao-software/data/repos/javaparser__javaparser/javaparser-symbol-solver-testing/src/test/java/com/github/javaparser/symbolsolver/core/resolution/TypeVariableResolutionCapabilityTest.java,com.github.javaparser.symbolsolver.core.resolution.TypeVariableResolutionCapabilityTest,interface,0,1,1,0,0,1,0,0,0,0.0,-1.0,-1.0,0,0,0,0,0,0,0,0,0,0,0,0,0,0,0,0,0,0,0,2,0,0,0,0,0,0,0,0,0,0,0,0,0,0,5,1,0
/Users/kaiohs/Downloads/codes/lab02-experimentacao-software/data/repos/javaparser__javaparser/javaparser-symbol-solver-testing/src/test/test_sourcecode/javaparser_src/proper_source/com/github/javaparser/ast/comments/CommentsParser.java,com.github.javaparser.ast.comments.CommentsParser,class,8,10,2,8,32,1,0,27,1,0.5,0.0,0.0,2,0,2,0,0,0,2,0,0,0,1,1,0,1,0,0,1,0,3,129,2,1,14,0,1,2,13,35,5,16,4,0,1,0,68,1,0
/Users/kaiohs/Downloads/codes/lab02-experimentacao-software/data/repos/javaparser__javaparser/javaparser-core/src/main/java/com/github/javaparser/ast/validator/postprocessors/PostProcessors.java,com.github.javaparser.ast.validator.postprocessors.PostProcessors,class,4,6,2,4,7,1,1,8,0,0.16666667,0.0,0.0,6,0,6,0,0,0,6,0,0,0,1,0,0,1,0,0,1,0,1,27,4,0,0,0,0,1,0,1,0,2,1,0,0,1,27,1,0
/Users/kaiohs/Downloads/codes/lab02-experimentacao-software/data/repos/javaparser__javaparser/javaparser-symbol-solver-testing/src/test/java/com/github/javaparser/resolution/declarations/AssociableToASTTest.java,com.github.javaparser.resolution.declarations.AssociableToASTTest,interface,5,17,12,5,8,1,0,13,10,0.0,0.0,0.0,5,0,0,0,0,5,5,0,0,0,0,0,0,0,0,0,0,0,1,20,1,0,0,0,0,1,0,4,0,4,1,0,0,0,56,1,0
/Users/kaiohs/Downloads/codes/lab02-experimentacao-software/data/repos/javaparser__javaparser/javaparser-symbol-solver-testing/src/test/java/com/github/javaparser/symbolsolver/model/typesystem/WildcardUsageTest.java,com.github.javaparser.symbolsolver.model.typesystem.WildcardUsageTest,class,14,15,1,14,40,2,0,46,130,0.8045976,0.0,0.0,29,0,0,7,0,22,22,0,0,0,15,0,0,15,0,0,0,0,6,213,6,1,10,0,0,11,0,41,0,42,1,0,2,5,78,0,0
/Users/kaiohs/Downloads/codes/lab02-experimentacao-software/data/repos/javaparser__javaparser/javaparser-symbol-solver-testing/src/test/resources/issue2953/foo/IB.java,foo.IB,interface,1,2,1,1,2,1,0,2,1,0.0,0.0,0.0,2,0,0,0,0,2,2,0,0,0,0,0,0,0,0,0,0,0,0,6,1,0,0,0,0,0,0,0,0,0,0,0,0,0,8,1,0
/Users/kaiohs/Downloads/codes/lab02-experimentacao-software/data/repos/javaparser__javaparser/javaparser-core-testing/src/test/java/com/github/javaparser/ast/ParseResultTest.java,com.github.javaparser.ast.ParseResultTest,class,6,6,0,6,2,1,0,16,0,0.0,0.0,0.0,2,0,0,0,0,2,2,0,0,0,1,0,0,1,0,0,1,0,0,19,0,0,0,0,0,6,2,4,1,4,0,0,0,0,40,0,0
/Users/kaiohs/Downloads/codes/lab02-experimentacao-software/data/repos/javaparser__javaparser/javaparser-core-testing/src/test/java/com/github/javaparser/printer/lexicalpreservation/IndentationContextTest.java,com.github.javaparser.printer.lexicalpreservation.IndentationContextTest$ToStringTests,innerclass,3,3,0,3,3,1,0,6,3,0.0,0.0,0.0,3,0,0,0,0,3,3,0,0,0,0,0,0,0,0,0,0,0,0,16,0,0,0,0,0,7,0,2,0,2,0,0,0,1,22,0,0
/Users/kaiohs/Downloads/codes/lab02-experimentacao-software/data/repos/javaparser__javaparser/javaparser-core/src/main/java/com/github/javaparser/printer/lexicalpreservation/TextElementIteratorsFactory.java,com.github.javaparser.printer.lexicalpreservation.TextElementIteratorsFactory$SingleElementIterator,innerclass,1,1,0,1,4,1,0,0,2,0.5,0.0,0.0,4,0,3,0,0,1,4,0,0,0,2,0,0,2,0,0,1,0,0,16,2,0,0,0,0,0,0,2,0,2,0,0,0,0,11,10,0
/Users/kaiohs/Downloads/codes/lab02-experimentacao-software/data/repos/javaparser__javaparser/javaparser-symbol-solver-testing/src/test/test_sourcecode/javaparser_new_src/javaparser-core/com/github/javaparser/ast/stmt/CatchClause.java,CatchClause,class,13,32,19,13,11,1,0,4,19,0.5909091,0.0,0.0,11,0,11,0,0,0,11,0,0,0,2,0,0,2,0,0,0,0,0,45,7,0,0,0,0,0,0,3,0,2,0,0,0,0,56,17,0
/Users/kaiohs/Downloads/codes/lab02-experimentacao-software/data/repos/javaparser__javaparser/javaparser-core/src/main/java/com/github/javaparser/ast/validator/language_level_validations/Java12Validator.java,com.github.javaparser.ast.validator.language_level_validations.Java12Validator,class,1,3,2,1,1,14,2,0,0,0.0,NaN,NaN,1,0,1,0,0,0,1,0,0,0,0,0,0,0,0,0,0,0,0,5,0,0,0,0,0,0,0,0,0,0,0,0,0,0,14,1,0
/Users/kaiohs/Downloads/codes/lab02-experimentacao-software/data/repos/javaparser__javaparser/javaparser-core/src/main/java/com/github/javaparser/resolution/declarations/ResolvedValueDeclaration.java,com.github.javaparser.resolution.declarations.ResolvedValueDeclaration,interface,2,38,36,2,1,1,0,0,0,0.0,NaN,NaN,1,0,0,0,0,1,1,0,0,0,0,0,0,0,0,0,0,0,0,3,0,0,0,0,0,0,0,0,0,0,0,0,0,0,10,1,0
/Users/kaiohs/Downloads/codes/lab02-experimentacao-software/data/repos/javaparser__javaparser/javaparser-core-testing-bdd/src/test/resources/com/github/javaparser/samples/JavaConcepts.java,japa.bdd.samples.XXX,interface,0,4,4,0,0,1,0,0,0,0.0,-1.0,-1.0,0,0,0,0,0,0,0,0,0,0,0,0,0,0,0,0,0,0,0,2,0,0,0,0,0,0,0,0,0,0,0,0,0,0,2,0,0
/Users/kaiohs/Downloads/codes/lab02-experimentacao-software/data/repos/javaparser__javaparser/javaparser-symbol-solver-testing/src/test/java/com/github/javaparser/symbolsolver/javaparsermodel/declarations/JavaParserTypePatternDeclarationTest.java,com.github.javaparser.symbolsolver.javaparsermodel.declarations.JavaParserTypePatternDeclarationTest,class,9,9,0,9,4,1,0,9,6,0.0,0.0,0.0,4,1,4,0,0,0,4,0,0,0,0,0,0,0,0,0,0,0,1,16,3,0,0,0,0,1,0,2,0,2,0,0,0,0,34,0,0
/Users/kaiohs/Downloads/codes/lab02-experimentacao-software/data/repos/javaparser__javaparser/javaparser-symbol-solver-testing/src/test/java/com/github/javaparser/symbolsolver/javassistmodel/Issue257Test.java,com.github.javaparser.symbolsolver.javassistmodel.Issue257Test,class,12,12,0,12,3,2,0,11,0,0.0,0.0,0.0,3,0,0,0,0,3,3,0,0,0,1,0,0,1,0,0,0,0,1,18,0,0,0,0,0,5,2,7,0,7,0,0,0,0,38,0,0
/Users/kaiohs/Downloads/codes/lab02-experimentacao-software/data/repos/javaparser__javaparser/javaparser-core/src/main/java/com/github/javaparser/ast/visitor/Visitable.java,com.github.javaparser.ast.visitor.Visitable,interface,4,38,34,4,2,1,0,0,1,0.0,0.0,0.0,2,0,0,0,0,2,2,0,0,0,0,0,0,0,0,0,0,0,0,4,0,0,0,0,0,0,0,0,0,0,0,0,0,0,22,1,0
/Users/kaiohs/Downloads/codes/lab02-experimentacao-software/data/repos/javaparser__javaparser/javaparser-symbol-solver-testing/src/test/java/com/github/javaparser/symbolsolver/reflectionmodel/ReflectionTestObject.java,com.github.javaparser.symbolsolver.reflectionmodel.ReflectionTestObject,class,0,1,1,0,3,1,0,0,3,0.6666667,0.0,0.0,3,0,3,0,0,0,3,0,0,0,3,0,0,3,0,0,0,0,0,14,3,0,0,0,0,0,0,0,0,3,0,0,0,0,10,1,0
/Users/kaiohs/Downloads/codes/lab02-experimentacao-software/data/repos/javaparser__javaparser/javaparser-symbol-solver-testing/src/test/resources/issue1574/ClassWithOrphanComments.java,japa.parser.comments.ClassWithOrphanComments,class,0,0,0,0,1,1,0,0,0,0.0,NaN,NaN,1,0,0,0,0,1,1,0,0,0,0,0,0,0,0,0,0,0,0,4,0,0,0,0,0,0,0,0,0,0,0,0,0,0,9,1,0
/Users/kaiohs/Downloads/codes/lab02-experimentacao-software/data/repos/javaparser__javaparser/javaparser-core/src/main/java/com/github/javaparser/ast/validator/Validator.java,com.github.javaparser.ast.validator.Validator,interface,3,18,15,3,1,1,0,0,0,0.0,NaN,NaN,1,0,0,0,0,1,1,0,0,0,0,0,0,0,0,0,0,0,0,3,0,0,0,0,0,0,0,0,0,0,0,0,0,0,32,1,0
/Users/kaiohs/Downloads/codes/lab02-experimentacao-software/data/repos/javaparser__javaparser/javaparser-symbol-solver-testing/src/test/java/com/github/javaparser/symbolsolver/resolution/naming/NameLogicDisambiguationTest.java,com.github.javaparser.symbolsolver.resolution.naming.NameLogicDisambiguationTest,class,13,14,1,13,26,4,0,19,325,0.0,0.0,0.0,26,0,0,1,0,25,25,0,0,0,0,0,0,0,0,0,0,0,10,147,0,0,0,0,0,130,0,29,21,29,0,0,0,0,83,0,0
/Users/kaiohs/Downloads/codes/lab02-experimentacao-software/data/repos/javaparser__javaparser/javaparser-symbol-solver-testing/src/test/java/com/github/javaparser/symbolsolver/logic/InferenceContextTest.java,com.github.javaparser.symbolsolver.logic.InferenceContextTest,class,14,15,1,14,5,1,0,8,0,0.4666667,0.0,0.0,5,0,0,1,0,4,4,0,0,0,6,0,0,6,0,0,0,0,0,32,1,0,0,0,0,1,2,9,0,9,0,0,0,0,44,0,0
/Users/kaiohs/Downloads/codes/lab02-experimentacao-software/data/repos/javaparser__javaparser/javaparser-symbol-solver-testing/src/test/resources/issue1526/errors/a/b/c/DataObject.java,a.b.c.DataObject,class,0,2,2,0,0,1,0,0,0,0.0,-1.0,-1.0,0,0,0,0,0,0,0,0,0,0,0,0,0,0,0,0,0,0,0,2,0,0,0,0,0,0,0,0,0,0,0,0,0,0,2,1,0
/Users/kaiohs/Downloads/codes/lab02-experimentacao-software/data/repos/javaparser__javaparser/javaparser-core-testing/src/test/java/com/github/javaparser/printer/lexicalpreservation/transformations/ast/body/OperatorTransformationsTest.java,com.github.javaparser.printer.lexicalpreservation.transformations.ast.body.OperatorTransformationsTest,class,4,4,0,4,3,2,0,8,3,0.0,0.0,0.0,3,0,0,0,0,3,3,0,0,0,0,0,0,0,0,0,0,0,0,17,0,0,0,0,0,8,1,0,0,0,0,0,0,0,27,0,0
/Users/kaiohs/Downloads/codes/lab02-experimentacao-software/data/repos/javaparser__javaparser/javaparser-symbol-solver-testing/src/test/resources/issue113/com/foo/base/Widget.java,com.foo.base.Widget,class,0,1,1,0,0,1,1,0,0,0.0,-1.0,-1.0,0,0,0,0,0,0,0,0,0,0,0,0,0,0,0,0,0,0,0,2,0,0,0,0,0,0,0,0,0,0,0,0,0,0,1,1,0
/Users/kaiohs/Downloads/codes/lab02-experimentacao-software/data/repos/javaparser__javaparser/javaparser-core-testing/src/test/java/com/github/javaparser/ast/visitor/GenericVisitorAdapterTest.java,com.github.javaparser.ast.visitor.GenericVisitorAdapterTest,class,114,115,1,114,101,1,0,247,0,0.00990099,0.0,0.0,101,0,0,1,0,100,100,0,0,0,1,0,0,1,0,0,1,0,133,1440,1,0,0,0,0,1,133,401,0,401,0,1,0,0,124,1,0
/Users/kaiohs/Downloads/codes/lab02-experimentacao-software/data/repos/javaparser__javaparser/javaparser-symbol-solver-testing/src/test/test_sourcecode/javaparser_new_src/javaparser-core/com/github/javaparser/ast/ArrayBracketPair.java,com.github.javaparser.ast.ArrayBracketPair,class,9,26,17,9,5,2,0,5,4,0.4,0.0,0.0,5,0,5,0,0,0,5,0,0,0,1,0,0,1,0,0,0,0,0,22,3,0,0,0,0,0,0,2,0,1,0,0,0,0,27,1,0
/Users/kaiohs/Downloads/codes/lab02-experimentacao-software/data/repos/javaparser__javaparser/javaparser-core-testing/src/test/java/com/github/javaparser/javadoc/JavadocExtractorTest.java,com.github.javaparser.javadoc.JavadocExtractorTest$Anonymous1,anonymous,1,1,0,1,1,1,0,2,0,0.0,NaN,NaN,1,0,1,0,0,0,1,0,0,0,0,0,0,0,0,0,0,0,0,6,0,0,0,0,0,0,0,0,0,0,0,0,0,0,6,-1,0
/Users/kaiohs/Downloads/codes/lab02-experimentacao-software/data/repos/javaparser__javaparser/javaparser-core/src/main/java/com/github/javaparser/ast/nodeTypes/NodeWithOptionalScope.java,com.github.javaparser.ast.nodeTypes.NodeWithOptionalScope,interface,4,9,5,4,4,1,0,1,6,0.0,0.0,0.0,4,0,0,0,0,4,4,0,0,0,0,0,0,0,0,0,0,0,0,8,1,0,0,0,0,0,0,0,0,0,0,0,0,0,21,1,0
/Users/kaiohs/Downloads/codes/lab02-experimentacao-software/data/repos/javaparser__javaparser/javaparser-core/src/main/java/com/github/javaparser/ast/comments/TraditionalJavadocComment.java,com.github.javaparser.ast.comments.TraditionalJavadocComment,class,15,36,21,15,14,4,0,8,91,0.0,0.0,0.0,14,0,14,0,0,0,14,0,0,0,0,0,0,0,0,0,0,0,2,45,9,0,0,0,0,12,0,0,0,0,0,0,0,0,41,1,0
/Users/kaiohs/Downloads/codes/lab02-experimentacao-software/data/repos/javaparser__javaparser/javaparser-symbol-solver-core/src/main/java/com/github/javaparser/symbolsolver/javaparsermodel/declarations/JavaParserClassDeclaration.java,com.github.javaparser.symbolsolver.javaparsermodel.declarations.JavaParserClassDeclaration,class,29,70,11,59,74,3,0,85,182,0.6396396,0.0,0.0,37,0,34,2,1,0,35,0,0,0,3,0,0,3,0,0,0,0,10,258,49,3,6,2,0,9,0,27,5,31,4,1,0,9,166,1,0
/Users/kaiohs/Downloads/codes/lab02-experimentacao-software/data/repos/javaparser__javaparser/javaparser-core-testing/src/test/java/com/github/javaparser/builders/NodeWithAnnotationsBuildersTest.java,com.github.javaparser.builders.NodeWithAnnotationsBuildersTest,class,9,9,0,9,7,1,0,20,0,0.42857143,0.0,0.0,7,0,0,0,0,7,7,0,0,0,2,0,0,2,0,0,0,0,0,38,0,0,0,0,0,9,9,5,0,5,0,0,0,0,32,0,0
/Users/kaiohs/Downloads/codes/lab02-experimentacao-software/data/repos/javaparser__javaparser/javaparser-symbol-solver-core/src/main/java/com/github/javaparser/symbolsolver/javaparsermodel/contexts/InstanceOfExprContext.java,com.github.javaparser.symbolsolver.javaparsermodel.contexts.InstanceOfExprContext,class,11,12,1,11,9,3,0,15,1,0.0,0.0,0.0,2,0,2,0,0,0,2,0,0,0,0,0,0,0,0,0,0,0,5,29,4,0,0,0,2,0,0,8,0,8,2,0,0,0,25,1,0
/Users/kaiohs/Downloads/codes/lab02-experimentacao-software/data/repos/javaparser__javaparser/javaparser-core-testing/src/test/java/com/github/javaparser/JavaTokenTest.java,com.github.javaparser.JavaTokenTest,class,10,11,1,10,9,1,0,33,28,0.0,0.0,0.0,8,0,0,1,0,7,7,0,0,0,0,0,0,0,0,0,0,0,0,73,0,1,0,0,0,28,37,21,2,23,1,0,0,2,100,0,0
/Users/kaiohs/Downloads/codes/lab02-experimentacao-software/data/repos/javaparser__javaparser/javaparser-core-testing/src/test/java/com/github/javaparser/ast/validator/Java1_2ValidatorTest.java,com.github.javaparser.ast.validator.Java1_2ValidatorTest,class,7,7,0,7,14,1,0,4,0,0.035714287,0.0,0.0,14,0,0,0,0,14,14,0,0,0,2,1,1,1,0,0,2,0,14,60,0,0,0,0,0,184,0,16,13,16,0,0,0,0,62,0,0
/Users/kaiohs/Downloads/codes/lab02-experimentacao-software/data/repos/javaparser__javaparser/javaparser-symbol-solver-core/src/main/java/com/github/javaparser/symbolsolver/reflectionmodel/ReflectionFactory.java,com.github.javaparser.symbolsolver.reflectionmodel.ReflectionFactory,class,20,47,16,31,30,1,0,33,3,0.6666667,0.0,0.0,3,3,2,0,0,1,3,0,0,0,1,1,0,1,0,0,0,0,15,93,20,0,2,0,0,2,13,11,1,11,3,0,0,1,62,1,0
/Users/kaiohs/Downloads/codes/lab02-experimentacao-software/data/repos/javaparser__javaparser/javaparser-core-testing-bdd/src/test/java/com/github/javaparser/steps/PrettyPrintingSteps.java,com.github.javaparser.steps.PrettyPrintingSteps,class,7,8,1,7,13,1,0,18,0,0.15384616,0.0,0.0,13,0,13,0,0,0,13,0,0,0,2,0,0,2,0,0,0,0,3,46,0,0,0,0,1,14,0,12,1,3,0,1,0,0,77,1,0
/Users/kaiohs/Downloads/codes/lab02-experimentacao-software/data/repos/javaparser__javaparser/javaparser-symbol-solver-testing/src/test/java/com/github/javaparser/symbolsolver/resolution/PatternVariableIntroductionTest.java,com.github.javaparser.symbolsolver.resolution.PatternVariableIntroductionTest$WhileStatements,innerclass,6,6,0,6,8,1,0,8,28,0.0,0.0,0.0,8,0,8,0,0,0,8,0,0,0,0,0,0,0,0,0,0,0,0,42,0,0,0,0,0,74,0,16,8,16,0,0,0,4,66,0,0
/Users/kaiohs/Downloads/codes/lab02-experimentacao-software/data/repos/javaparser__javaparser/javaparser-core-testing/src/test/java/com/github/javaparser/PositionTest.java,com.github.javaparser.PositionTest,class,2,2,0,2,2,1,0,4,1,0.0,0.0,0.0,2,0,2,0,0,0,2,0,0,0,0,0,0,0,0,0,0,0,0,17,0,0,0,0,0,2,12,6,0,6,0,0,0,2,22,1,0
/Users/kaiohs/Downloads/codes/lab02-experimentacao-software/data/repos/javaparser__javaparser/javaparser-symbol-solver-testing/src/test/resources/issue3277/B.java,innerClassInB,innerclass,1,2,1,1,1,1,0,0,0,0.0,NaN,NaN,1,0,1,0,0,0,1,0,0,0,2,0,0,2,0,0,0,0,0,8,0,0,0,0,0,0,0,2,0,2,0,0,0,0,6,1,0
/Users/kaiohs/Downloads/codes/lab02-experimentacao-software/data/repos/javaparser__javaparser/javaparser-symbol-solver-testing/src/test/java/com/github/javaparser/symbolsolver/javaparsermodel/JavaParserFacadeTest.java,com.github.javaparser.symbolsolver.javaparsermodel.JavaParserFacadeTest,class,11,11,0,11,6,3,0,16,0,0.16666667,0.0,0.0,6,0,1,0,0,5,6,0,0,0,1,0,0,1,0,0,1,0,0,31,0,0,0,0,0,9,0,9,1,9,0,0,1,2,61,0,0
/Users/kaiohs/Downloads/codes/lab02-experimentacao-software/data/repos/javaparser__javaparser/javaparser-symbol-solver-testing/src/test/java/com/github/javaparser/symbolsolver/cache/GuavaCacheAdapterTest.java,com.github.javaparser.symbolsolver.cache.GuavaCacheTest,class,4,4,0,4,9,1,0,16,0,0.44444445,0.0,0.0,9,0,0,0,0,9,9,0,0,0,2,0,0,2,0,0,0,0,0,90,0,0,0,0,0,35,7,11,0,11,0,0,0,1,62,0,0
/Users/kaiohs/Downloads/codes/lab02-experimentacao-software/data/repos/javaparser__javaparser/javaparser-core/src/main/java/com/github/javaparser/printer/lexicalpreservation/TextElementIteratorsFactory.java,com.github.javaparser.printer.lexicalpreservation.TextElementIteratorsFactory$CascadingIterator,innerclass,2,2,0,2,10,1,0,4,0,0.3,0.0,0.0,4,0,4,0,0,0,4,0,0,0,5,0,0,5,0,0,1,0,0,47,6,0,2,0,0,0,0,10,0,5,1,0,1,0,19,8,0
/Users/kaiohs/Downloads/codes/lab02-experimentacao-software/data/repos/javaparser__javaparser/javaparser-symbol-solver-testing/src/test/test_sourcecode/javasymbolsolver_0_6_0/src/java-symbol-solver-model/com/github/javaparser/symbolsolver/model/declarations/TypeParametrizable.java,com.github.javaparser.symbolsolver.model.declarations.TypeParametrizable,interface,1,20,19,1,2,1,0,0,1,0.0,0.0,0.0,2,0,0,0,0,2,2,0,0,0,0,0,0,0,0,0,0,0,0,4,0,0,0,0,0,0,0,0,0,0,0,0,0,0,33,1,0
/Users/kaiohs/Downloads/codes/lab02-experimentacao-software/data/repos/javaparser__javaparser/javaparser-core/src/main/java/com/github/javaparser/ast/body/MethodDeclaration.java,com.github.javaparser.ast.body.MethodDeclaration,class,42,171,107,64,62,4,0,56,655,0.8076923,0.0,0.0,39,0,37,2,0,0,37,0,0,0,2,0,0,2,0,0,0,0,3,212,38,2,12,0,2,29,1,8,0,8,3,0,0,1,139,1,0
/Users/kaiohs/Downloads/codes/lab02-experimentacao-software/data/repos/javaparser__javaparser/javaparser-core-testing/src/test/java/com/github/javaparser/ast/nodeTypes/NodeWithArgumentsTest.java,com.github.javaparser.ast.nodeTypes.NodeWithArgumentsTest,class,4,4,0,4,1,2,0,8,0,0.0,NaN,NaN,1,0,0,0,0,1,1,0,0,0,0,0,0,0,0,0,0,0,0,14,0,0,0,0,0,7,6,5,1,5,0,0,0,0,29,0,0
/Users/kaiohs/Downloads/codes/lab02-experimentacao-software/data/repos/javaparser__javaparser/javaparser-symbol-solver-testing/src/test/java/com/github/javaparser/symbolsolver/model/typesystem/ArrayTypeTest.java,com.github.javaparser.symbolsolver.model.typesystem.ArrayTypeTest,class,10,10,0,10,15,1,0,26,0,0.6333333,0.0,0.0,15,0,0,0,0,15,15,0,0,0,8,0,0,8,0,0,0,0,1,101,0,0,0,0,0,4,0,9,0,9,0,0,0,3,52,0,0
/Users/kaiohs/Downloads/codes/lab02-experimentacao-software/data/repos/javaparser__javaparser/javaparser-core-testing/src/test/java/com/github/javaparser/ast/comments/CommentTest.java,com.github.javaparser.ast.comments.CommentTest,class,19,19,0,19,16,1,0,34,114,0.8125,0.0,0.0,16,0,0,0,0,16,16,0,0,0,1,1,0,1,0,0,1,0,13,142,0,0,0,0,0,171,15,55,23,55,0,0,0,0,121,0,0
/Users/kaiohs/Downloads/codes/lab02-experimentacao-software/data/repos/javaparser__javaparser/javaparser-core/src/main/java/com/github/javaparser/ast/validator/language_level_validations/Java15Validator.java,com.github.javaparser.ast.validator.language_level_validations.Java15Validator,class,2,4,2,2,1,17,2,1,0,0.0,NaN,NaN,1,0,1,0,0,0,1,0,0,0,0,0,0,0,0,0,0,0,0,6,0,0,0,0,0,0,0,0,0,0,0,0,0,0,19,1,0
/Users/kaiohs/Downloads/codes/lab02-experimentacao-software/data/repos/javaparser__javaparser/javaparser-symbol-solver-testing/src/test/test_sourcecode/javaparser_new_src/javaparser-generated-sources/com/github/javaparser/ParseException.java,ParseException,class,6,8,2,6,26,1,0,8,13,0.77777785,0.0,0.0,6,2,4,1,0,1,5,0,0,0,6,3,3,2,1,0,2,0,0,110,2,5,4,0,2,23,15,23,6,21,3,0,0,0,178,1,0
/Users/kaiohs/Downloads/codes/lab02-experimentacao-software/data/repos/javaparser__javaparser/.mvn/wrapper/MavenWrapperDownloader.java,MavenWrapperDownloader$Anonymous1,anonymous,0,0,0,0,1,1,0,0,0,0.0,NaN,NaN,1,0,0,0,1,0,1,0,0,0,0,0,0,0,0,0,0,0,0,5,1,0,0,0,0,0,0,0,0,0,0,0,0,0,3,-1,0
/Users/kaiohs/Downloads/codes/lab02-experimentacao-software/data/repos/javaparser__javaparser/javaparser-core-generators/src/main/java/com/github/javaparser/generator/core/node/RemoveMethodGenerator.java,com.github.javaparser.generator.core.node.RemoveMethodGenerator,class,13,14,1,13,13,3,0,25,10,0.0,0.0,0.0,5,0,1,3,1,0,2,0,0,0,0,0,0,0,0,0,0,0,6,60,3,1,1,0,0,18,2,10,3,8,3,0,0,0,53,1,0
/Users/kaiohs/Downloads/codes/lab02-experimentacao-software/data/repos/javaparser__javaparser/javaparser-core-testing/src/test/java/com/github/javaparser/ast/validator/Java19ValidatorTest.java,com.github.javaparser.ast.validator.Java19ValidatorTest,class,2,2,0,2,0,1,0,1,0,NaN,-1.0,-1.0,0,0,0,0,0,0,0,0,0,0,1,0,0,1,0,0,1,0,0,3,0,0,0,0,0,0,0,1,0,1,0,0,0,0,11,0,0
/Users/kaiohs/Downloads/codes/lab02-experimentacao-software/data/repos/javaparser__javaparser/javaparser-core-testing/src/test/java/com/github/javaparser/ast/expr/BinaryExprTest.java,com.github.javaparser.ast.expr.BinaryExprTest$LogicalOperatorPrecedence,innerclass,4,4,0,4,6,1,0,4,15,0.0,0.0,0.0,6,0,6,0,0,0,6,0,0,0,0,0,0,0,0,0,0,0,0,44,0,0,0,0,0,12,0,24,0,24,0,0,0,0,35,0,0
/Users/kaiohs/Downloads/codes/lab02-experimentacao-software/data/repos/javaparser__javaparser/javaparser-core-testing-bdd/src/test/java/com/github/javaparser/ParsingTest.java,com.github.javaparser.ParsingTest,class,7,7,0,7,2,3,0,1,1,0.0,0.0,0.0,2,0,2,0,0,0,2,0,0,0,0,0,0,0,0,0,0,0,0,9,1,0,0,0,0,1,0,1,0,1,0,0,0,0,14,1,0
/Users/kaiohs/Downloads/codes/lab02-experimentacao-software/data/repos/javaparser__javaparser/javaparser-core-testing/src/test/java/com/github/javaparser/utils/VisitorMapTest.java,com.github.javaparser.utils.VisitorMapTest,class,5,5,0,5,6,1,0,12,15,0.0,0.0,0.0,6,0,0,0,0,6,6,0,0,0,0,0,0,0,0,0,0,0,0,48,0,0,0,0,0,9,13,16,0,16,0,0,0,0,32,0,0
/Users/kaiohs/Downloads/codes/lab02-experimentacao-software/data/repos/javaparser__javaparser/javaparser-core/src/main/java/com/github/javaparser/resolution/logic/FunctionalInterfaceLogic.java,com.github.javaparser.resolution.logic.FunctionalInterfaceLogic,class,8,19,11,8,19,1,0,48,19,0.78571427,0.0,0.0,7,6,3,4,0,0,3,0,0,0,2,2,0,2,0,0,0,0,17,55,10,1,1,0,2,2,1,11,0,14,2,0,0,5,56,17,0
/Users/kaiohs/Downloads/codes/lab02-experimentacao-software/data/repos/javaparser__javaparser/javaparser-symbol-solver-testing/src/test/resources/issue3100/Convolution2D.java,Convolution2D,class,1,1,0,1,0,2,0,0,0,0.0,-1.0,-1.0,0,0,0,0,0,0,0,0,0,0,0,0,0,0,0,0,0,0,0,2,0,0,0,0,0,0,0,0,0,0,0,0,0,0,4,1,0
/Users/kaiohs/Downloads/codes/lab02-experimentacao-software/data/repos/javaparser__javaparser/javaparser-core/src/main/java/com/github/javaparser/printer/concretesyntaxmodel/CsmConditional.java,com.github.javaparser.printer.concretesyntaxmodel.CsmConditional$Condition$Anonymous3,anonymous,2,2,0,2,1,1,0,1,0,0.0,NaN,NaN,1,0,0,0,0,1,1,0,0,0,0,0,0,0,0,0,0,0,0,5,1,0,0,0,0,0,0,0,0,0,0,0,0,0,6,-1,0
/Users/kaiohs/Downloads/codes/lab02-experimentacao-software/data/repos/javaparser__javaparser/javaparser-core/src/main/java/com/github/javaparser/utils/StringEscapeUtils.java,com.github.javaparser.utils.StringEscapeUtils$UnicodeUnescaper,innerclass,1,1,0,1,10,2,0,6,0,0.0,NaN,NaN,1,0,0,0,1,0,1,0,0,0,0,0,0,0,0,0,0,0,1,26,2,1,4,1,0,3,8,3,12,3,3,0,0,0,50,10,0
/Users/kaiohs/Downloads/codes/lab02-experimentacao-software/data/repos/javaparser__javaparser/javaparser-core/src/main/java/com/github/javaparser/printer/concretesyntaxmodel/CsmConditional.java,com.github.javaparser.printer.concretesyntaxmodel.CsmConditional$Condition$Anonymous4,anonymous,2,2,0,2,1,1,0,1,0,0.0,NaN,NaN,1,0,0,0,0,1,1,0,0,0,0,0,0,0,0,0,0,0,0,5,1,0,0,0,0,0,0,0,0,0,0,0,0,0,6,-1,0
/Users/kaiohs/Downloads/codes/lab02-experimentacao-software/data/repos/javaparser__javaparser/javaparser-core/src/main/java/com/github/javaparser/printer/concretesyntaxmodel/CsmConditional.java,com.github.javaparser.printer.concretesyntaxmodel.CsmConditional$Condition$Anonymous1,anonymous,3,3,0,3,2,1,0,2,0,0.0,NaN,NaN,1,0,0,0,0,1,1,0,0,0,0,0,0,0,0,0,0,0,0,6,1,0,1,0,0,0,0,1,0,1,0,0,0,0,8,-1,0
/Users/kaiohs/Downloads/codes/lab02-experimentacao-software/data/repos/javaparser__javaparser/javaparser-core/src/main/java/com/github/javaparser/printer/concretesyntaxmodel/CsmConditional.java,com.github.javaparser.printer.concretesyntaxmodel.CsmConditional$Condition$Anonymous2,anonymous,3,3,0,3,2,1,0,2,0,0.0,NaN,NaN,1,0,0,0,0,1,1,0,0,0,0,0,0,0,0,0,0,0,0,6,1,0,1,0,0,0,0,1,0,1,0,0,0,0,8,-1,0
/Users/kaiohs/Downloads/codes/lab02-experimentacao-software/data/repos/javaparser__javaparser/javaparser-symbol-solver-testing/src/test/java/com/github/javaparser/symbolsolver/testingclasses/UtilityClass.java,com.github.javaparser.symbolsolver.testingclasses.UtilityClass,class,1,1,0,1,1,1,0,0,0,0.0,NaN,NaN,1,1,1,0,0,0,1,0,0,0,0,0,0,0,0,0,0,0,0,4,0,0,0,0,0,0,0,0,0,0,0,0,0,0,4,1,0
/Users/kaiohs/Downloads/codes/lab02-experimentacao-software/data/repos/javaparser__javaparser/javaparser-core-testing/src/test/java/com/github/javaparser/ast/visitor/TreeVisitorTest.java,com.github.javaparser.ast.visitor.TreeVisitorTest,class,7,7,0,7,8,1,0,19,28,0.0,0.0,0.0,8,0,0,0,0,8,8,0,0,0,0,0,0,0,0,0,0,0,2,90,0,0,0,0,0,23,2,14,2,14,0,7,0,0,41,0,0
/Users/kaiohs/Downloads/codes/lab02-experimentacao-software/data/repos/javaparser__javaparser/javaparser-core/src/main/java/com/github/javaparser/printer/configuration/DefaultPrinterConfiguration.java,com.github.javaparser.printer.configuration.DefaultPrinterConfiguration,class,4,8,4,4,6,1,0,9,0,0.16666667,0.0,0.0,6,0,6,0,0,0,6,0,0,0,1,0,0,1,0,0,0,0,1,41,5,0,0,0,0,0,0,1,0,2,0,0,1,1,113,1,0
/Users/kaiohs/Downloads/codes/lab02-experimentacao-software/data/repos/javaparser__javaparser/javaparser-core/src/main/java/com/github/javaparser/ast/validator/postprocessors/Java15PostProcessor.java,com.github.javaparser.ast.validator.postprocessors.Java15PostProcessor,class,1,2,1,1,0,7,1,0,0,0.0,-1.0,-1.0,0,0,0,0,0,0,0,0,0,0,0,0,0,0,0,0,0,0,0,2,0,0,0,0,0,0,0,0,0,0,0,0,0,0,15,1,0
/Users/kaiohs/Downloads/codes/lab02-experimentacao-software/data/repos/javaparser__javaparser/javaparser-core-testing/src/test/java/com/github/javaparser/metamodel/PropertyMetaModelTest.java,com.github.javaparser.metamodel.PropertyMetaModelTest,class,4,4,0,4,4,1,0,7,6,0.0,0.0,0.0,4,0,0,0,0,4,4,0,0,0,0,0,0,0,0,0,0,0,4,27,0,0,0,0,0,17,0,4,0,4,0,0,0,0,22,0,0
/Users/kaiohs/Downloads/codes/lab02-experimentacao-software/data/repos/javaparser__javaparser/javaparser-core/src/main/java/com/github/javaparser/JavaToken.java,com.github.javaparser.JavaToken,class,9,25,16,9,42,1,0,35,184,0.7738095,0.0,0.0,28,0,25,1,0,2,27,0,0,0,6,1,1,5,0,0,1,0,11,525,20,2,7,0,0,15,6,54,5,23,1,0,2,6,144,1,0
/Users/kaiohs/Downloads/codes/lab02-experimentacao-software/data/repos/javaparser__javaparser/javaparser-core/src/main/java/com/github/javaparser/ast/nodeTypes/NodeWithDeclaration.java,com.github.javaparser.ast.nodeTypes.NodeWithDeclaration,interface,1,4,3,1,3,1,0,1,3,0.0,0.0,0.0,3,0,0,0,0,3,3,0,0,0,0,0,0,0,0,0,0,0,0,9,2,0,0,0,0,0,0,0,0,0,0,0,0,0,56,1,0
/Users/kaiohs/Downloads/codes/lab02-experimentacao-software/data/repos/javaparser__javaparser/javaparser-core/src/main/java/com/github/javaparser/ast/stmt/YieldStmt.java,com.github.javaparser.ast.stmt.YieldStmt,class,16,35,19,16,18,3,0,12,71,0.64285713,0.0,0.0,14,0,14,0,0,0,14,0,0,0,1,0,0,1,0,0,0,0,1,62,12,0,4,0,0,12,0,1,0,1,1,0,0,0,68,1,0
/Users/kaiohs/Downloads/codes/lab02-experimentacao-software/data/repos/javaparser__javaparser/javaparser-symbol-solver-testing/src/test/java/com/github/javaparser/symbolsolver/resolution/ContextTest.java,com.github.javaparser.symbolsolver.resolution.ContextTest$TypePatternExprTests$TypePatternExprScopeTests,innerclass,14,14,0,14,8,1,0,29,28,0.0,0.0,0.0,8,0,0,0,0,8,8,0,0,0,0,0,0,0,0,0,0,0,0,232,0,0,0,0,0,69,14,47,0,43,0,0,1,0,94,0,0
/Users/kaiohs/Downloads/codes/lab02-experimentacao-software/data/repos/javaparser__javaparser/javaparser-core/src/main/java/com/github/javaparser/ast/visitor/ModifierVisitor.java,com.github.javaparser.ast.visitor.ModifierVisitor,class,122,123,1,122,204,1,0,500,5460,0.0,0.0,0.0,105,0,103,2,0,0,103,0,0,0,0,0,0,0,0,0,0,0,0,1045,175,2,91,0,0,0,0,324,0,455,2,0,0,131,244,1,0
/Users/kaiohs/Downloads/codes/lab02-experimentacao-software/data/repos/javaparser__javaparser/javaparser-symbol-solver-testing/src/test/java/com/github/javaparser/symbolsolver/Issue4358Test.java,com.github.javaparser.symbolsolver.Issue4358Test,class,10,10,0,10,1,2,0,13,0,0.0,NaN,NaN,1,0,1,0,0,0,1,0,0,0,0,0,0,0,0,0,0,0,1,15,0,0,0,0,0,3,0,7,0,7,0,0,0,0,34,1,0
/Users/kaiohs/Downloads/codes/lab02-experimentacao-software/data/repos/javaparser__javaparser/javaparser-symbol-solver-core/src/main/java/com/github/javaparser/symbolsolver/javaparsermodel/contexts/ForStatementContext.java,com.github.javaparser.symbolsolver.javaparsermodel.contexts.ForStatementContext,class,22,32,1,31,21,3,0,26,15,0.0,0.0,0.0,6,0,6,0,0,0,6,0,0,0,0,0,0,0,0,0,0,0,5,59,7,3,0,0,2,0,0,13,0,14,4,0,0,1,101,1,0
/Users/kaiohs/Downloads/codes/lab02-experimentacao-software/data/repos/javaparser__javaparser/javaparser-core/src/main/java/com/github/javaparser/resolution/declarations/ResolvedTypeDeclaration.java,com.github.javaparser.resolution.declarations.ResolvedTypeDeclaration,interface,10,76,66,10,26,1,0,12,300,0.0,0.0,0.0,25,0,0,0,0,25,25,0,0,0,0,0,0,0,0,0,0,0,8,74,14,0,1,0,0,10,0,2,2,4,1,0,0,3,105,1,0
/Users/kaiohs/Downloads/codes/lab02-experimentacao-software/data/repos/javaparser__javaparser/javaparser-symbol-solver-testing/src/test/test_sourcecode/javaparser_src/generated/com/github/javaparser/ASTParser.java,com.github.javaparser.ASTParser$Modifier,innerclass,0,0,0,0,1,1,0,0,0,0.0,NaN,NaN,1,0,1,0,0,0,1,0,0,0,4,0,0,0,0,4,4,0,0,12,0,0,0,0,0,0,0,4,0,4,0,0,0,0,7,2,0
/Users/kaiohs/Downloads/codes/lab02-experimentacao-software/data/repos/javaparser__javaparser/javaparser-core-testing/src/test/java/com/github/javaparser/ast/type/TypeTest.java,com.github.javaparser.ast.type.TypeTest$Anonymous1,anonymous,0,0,0,0,1,1,0,1,0,0.0,NaN,NaN,0,0,0,0,0,0,1,0,0,0,0,0,0,0,0,0,0,0,0,5,0,0,0,0,0,0,0,0,0,0,0,0,0,0,5,-1,0
/Users/kaiohs/Downloads/codes/lab02-experimentacao-software/data/repos/javaparser__javaparser/javaparser-core/src/main/java/com/github/javaparser/utils/StringEscapeUtils.java,com.github.javaparser.utils.StringEscapeUtils$CharSequenceTranslator,innerclass,1,1,0,1,13,1,0,10,3,0.0,NaN,NaN,3,0,0,2,1,0,1,1,0,0,0,0,0,0,0,0,0,0,4,45,3,2,4,1,0,1,4,8,1,7,4,0,0,0,98,1034,0
/Users/kaiohs/Downloads/codes/lab02-experimentacao-software/data/repos/javaparser__javaparser/javaparser-symbol-solver-testing/src/test/test_sourcecode/javaparser_new_src/javaparser-core/com/github/javaparser/ast/stmt/ForeachStmt.java,ForeachStmt,class,11,15,4,11,12,1,0,5,18,0.5833333,0.0,0.0,12,0,12,0,0,0,12,0,0,0,3,0,0,3,0,0,0,0,0,53,7,0,0,0,0,0,0,3,0,3,0,0,0,0,35,17,0
/Users/kaiohs/Downloads/codes/lab02-experimentacao-software/data/repos/javaparser__javaparser/javaparser-symbol-solver-testing/src/test/resources/javassist_symbols/main_jar/src/com/github/javaparser/javasymbolsolver/javassist_symbols/main_jar/InterfaceOwnJar.java,com.github.javaparser.javasymbolsolver.javassist_symbols.main_jar.InterfaceOwnJar,interface,0,2,2,0,0,1,0,0,0,NaN,-1.0,-1.0,0,0,0,0,0,0,0,0,0,0,1,1,1,0,0,0,1,0,0,3,0,0,0,0,0,1,0,1,0,1,0,0,0,0,14,1,0
/Users/kaiohs/Downloads/codes/lab02-experimentacao-software/data/repos/javaparser__javaparser/javaparser-core/src/main/java/com/github/javaparser/ast/stmt/ExplicitConstructorInvocationStmt.java,com.github.javaparser.ast.stmt.ExplicitConstructorInvocationStmt,class,21,48,27,21,47,3,0,35,180,0.7395833,0.0,0.0,24,0,24,0,0,0,24,0,0,0,4,0,0,4,0,0,0,0,3,156,30,4,19,0,0,20,4,8,0,8,3,0,0,0,88,1,0
/Users/kaiohs/Downloads/codes/lab02-experimentacao-software/data/repos/javaparser__javaparser/javaparser-symbol-solver-core/src/main/java/com/github/javaparser/symbolsolver/reflectionmodel/ReflectionEnumConstantDeclaration.java,com.github.javaparser.symbolsolver.reflectionmodel.ReflectionEnumConstantDeclaration,class,6,7,1,6,4,1,0,3,0,0.16666667,0.0,0.0,3,0,3,0,0,0,3,0,0,0,2,0,0,2,0,0,0,0,0,19,2,0,0,0,0,1,0,4,0,4,1,0,0,0,24,1,0
/Users/kaiohs/Downloads/codes/lab02-experimentacao-software/data/repos/javaparser__javaparser/javaparser-core/src/main/java/com/github/javaparser/printer/configuration/imports/EclipseImportOrderingStrategy.java,com.github.javaparser.printer.configuration.imports.EclipseImportOrderingStrategy,class,3,4,1,3,10,1,0,7,0,0.0,0.0,0.0,3,0,3,0,0,0,3,0,0,0,1,0,0,1,0,0,0,0,2,49,2,1,0,0,0,4,0,10,0,9,2,0,0,0,22,1,0
/Users/kaiohs/Downloads/codes/lab02-experimentacao-software/data/repos/javaparser__javaparser/javaparser-core/src/main/java/com/github/javaparser/resolution/declarations/ResolvedRecordDeclaration.java,com.github.javaparser.resolution.declarations.ResolvedRecordDeclaration,interface,6,11,5,6,7,1,0,0,21,0.0,0.0,0.0,7,0,0,0,0,7,7,0,0,0,0,0,0,0,0,0,0,0,0,13,2,0,0,0,0,0,0,0,0,0,0,0,0,0,84,1,0
/Users/kaiohs/Downloads/codes/lab02-experimentacao-software/data/repos/javaparser__javaparser/javaparser-symbol-solver-testing/src/test/java/com/github/javaparser/symbolsolver/resolution/naming/NameLogicTestingJss060Test.java,com.github.javaparser.symbolsolver.resolution.naming.NameLogicTestingJss060Test,class,11,12,1,11,49,3,0,14,1126,0.9791666,0.0,0.0,48,0,0,2,0,46,46,0,0,0,2,2,0,2,0,0,2,0,3,382,0,0,1,0,0,530,0,10,2,12,2,0,0,2,84,0,0
/Users/kaiohs/Downloads/codes/lab02-experimentacao-software/data/repos/javaparser__javaparser/javaparser-core/src/main/java/com/github/javaparser/ast/visitor/NoCommentEqualsVisitor.java,com.github.javaparser.ast.visitor.NoCommentEqualsVisitor,class,117,118,1,117,370,1,0,291,5886,0.9908257,0.0,0.0,109,1,104,5,0,0,104,0,0,0,1,1,0,1,0,0,1,0,0,703,366,1,11,0,0,0,1,98,0,98,2,0,0,0,133,1,0
/Users/kaiohs/Downloads/codes/lab02-experimentacao-software/data/repos/javaparser__javaparser/javaparser-core/src/main/java/com/github/javaparser/metamodel/CatchClauseMetaModel.java,com.github.javaparser.metamodel.CatchClauseMetaModel,class,5,7,2,5,1,3,0,0,0,0.0,NaN,NaN,1,0,0,0,0,1,1,0,0,0,2,0,2,0,0,0,0,0,0,7,0,0,0,0,0,4,0,0,0,2,0,0,0,0,37,1,0
/Users/kaiohs/Downloads/codes/lab02-experimentacao-software/data/repos/javaparser__javaparser/javaparser-core-testing/src/test/java/com/github/javaparser/ast/expr/SuperExprTest.java,com.github.javaparser.ast.expr.SuperExprTest,class,4,4,0,4,3,1,0,7,3,0.0,0.0,0.0,3,0,0,0,0,3,3,0,0,0,0,0,0,0,0,0,0,0,0,15,0,0,0,0,0,5,0,4,0,4,0,0,0,1,15,0,0
/Users/kaiohs/Downloads/codes/lab02-experimentacao-software/data/repos/javaparser__javaparser/javaparser-core-testing-bdd/src/test/java/com/github/javaparser/steps/ManipulationSteps.java,com.github.javaparser.steps.ManipulationSteps$AddNewIntParameterCalledValueVisitor,innerclass,2,2,0,2,1,2,0,2,0,0.0,NaN,NaN,1,0,1,0,0,0,1,0,0,0,0,0,0,0,0,0,0,0,0,5,0,0,0,0,0,1,0,0,0,0,0,0,0,0,14,10,0
/Users/kaiohs/Downloads/codes/lab02-experimentacao-software/data/repos/javaparser__javaparser/javaparser-core/src/main/java/com/github/javaparser/resolution/MethodUsage.java,com.github.javaparser.resolution.MethodUsage,class,13,59,46,13,42,1,0,35,42,0.6,0.0,0.0,24,0,23,1,0,0,23,0,0,0,5,0,0,5,0,0,0,0,3,156,23,4,6,0,0,12,8,31,3,23,2,0,0,0,79,1,0
/Users/kaiohs/Downloads/codes/lab02-experimentacao-software/data/repos/javaparser__javaparser/javaparser-symbol-solver-testing/src/test/java/com/github/javaparser/symbolsolver/Issue2740Test.java,com.github.javaparser.symbolsolver.Issue2740Test,class,8,8,0,8,2,3,0,5,0,0.0,NaN,NaN,1,0,0,0,0,1,1,0,0,0,0,0,0,0,0,0,0,0,0,13,0,1,0,0,0,17,0,5,1,5,1,0,0,0,31,1,0
/Users/kaiohs/Downloads/codes/lab02-experimentacao-software/data/repos/javaparser__javaparser/javaparser-core/src/main/java/com/github/javaparser/utils/StringEscapeUtils.java,com.github.javaparser.utils.StringEscapeUtils$OctalUnescaper,innerclass,2,2,0,2,15,2,0,9,3,0.0,NaN,NaN,3,0,0,2,1,0,1,0,0,0,0,0,0,0,0,0,0,0,1,27,4,0,1,0,0,0,11,5,6,5,3,0,0,0,72,10,0
/Users/kaiohs/Downloads/codes/lab02-experimentacao-software/data/repos/javaparser__javaparser/javaparser-core/src/main/java/com/github/javaparser/metamodel/RecordDeclarationMetaModel.java,com.github.javaparser.metamodel.RecordDeclarationMetaModel,class,5,7,2,5,1,5,0,0,0,0.0,NaN,NaN,1,0,0,0,0,1,1,0,0,0,4,0,4,0,0,0,0,0,0,9,0,0,0,0,0,4,0,0,0,4,0,0,0,0,43,1,0
/Users/kaiohs/Downloads/codes/lab02-experimentacao-software/data/repos/javaparser__javaparser/javaparser-core-testing/src/test/java/com/github/javaparser/ast/AncestorDescendantTests.java,com.github.javaparser.ast.AncestorDescendantTests,class,7,7,0,7,4,1,0,21,6,0.0,0.0,0.0,4,0,0,0,0,4,4,0,0,0,0,0,0,0,0,0,0,0,0,52,0,0,0,0,0,5,18,22,0,22,0,0,0,0,44,1,0
/Users/kaiohs/Downloads/codes/lab02-experimentacao-software/data/repos/javaparser__javaparser/javaparser-core/src/main/java/com/github/javaparser/ast/validator/language_level_validations/Java7Validator.java,com.github.javaparser.ast.validator.language_level_validations.Java7Validator,class,8,9,1,8,7,9,1,12,0,0.0,NaN,NaN,1,0,1,0,0,0,1,0,0,0,2,0,0,1,0,1,2,0,0,27,0,1,1,0,0,3,1,2,0,6,2,0,0,2,43,1,0
/Users/kaiohs/Downloads/codes/lab02-experimentacao-software/data/repos/javaparser__javaparser/javaparser-core/src/main/java/com/github/javaparser/ast/expr/DoubleLiteralExpr.java,com.github.javaparser.ast.expr.DoubleLiteralExpr,class,12,50,36,14,14,5,0,9,91,0.0,0.0,0.0,14,0,14,0,0,0,14,0,0,0,0,0,0,0,0,0,0,0,4,47,8,0,0,0,0,12,0,2,0,1,0,0,0,0,49,1,0
/Users/kaiohs/Downloads/codes/lab02-experimentacao-software/data/repos/javaparser__javaparser/javaparser-core/src/main/java/com/github/javaparser/ast/nodeTypes/NodeWithTypeParameters.java,com.github.javaparser.ast.nodeTypes.NodeWithTypeParameters,interface,5,13,8,5,8,1,0,7,21,0.0,0.0,0.0,7,0,0,0,0,7,7,0,0,0,0,0,0,0,0,0,0,0,1,21,5,0,0,0,0,2,1,0,0,0,0,0,0,0,29,1,0
/Users/kaiohs/Downloads/codes/lab02-experimentacao-software/data/repos/javaparser__javaparser/.mvn/wrapper/MavenWrapperDownloader.java,MavenWrapperDownloader,class,2,3,1,2,11,1,0,20,1,0.6,NaN,NaN,2,2,1,1,0,0,1,0,0,0,5,5,0,5,0,0,5,0,9,72,0,0,3,3,0,21,4,18,6,16,4,1,0,0,85,1,0
/Users/kaiohs/Downloads/codes/lab02-experimentacao-software/data/repos/javaparser__javaparser/javaparser-symbol-solver-testing/src/test/java/com/github/javaparser/symbolsolver/resolution/ContextTest.java,com.github.javaparser.symbolsolver.resolution.ContextTest$TypePatternExprTests,innerclass,5,5,0,5,5,1,0,10,10,0.0,0.0,0.0,5,0,0,0,0,5,5,0,0,0,0,0,0,0,0,0,0,0,0,364,0,0,0,0,0,18,0,9,0,9,0,0,3,0,37,0,0
/Users/kaiohs/Downloads/codes/lab02-experimentacao-software/data/repos/javaparser__javaparser/javaparser-core/src/main/java/com/github/javaparser/ast/nodeTypes/NodeWithOptionalLabel.java,com.github.javaparser.ast.nodeTypes.NodeWithOptionalLabel,interface,3,5,2,3,5,1,0,6,10,0.0,0.0,0.0,5,0,0,0,0,5,5,0,0,0,0,0,0,0,0,0,0,0,1,12,2,0,0,0,0,0,0,0,0,1,0,0,0,1,21,1,0
/Users/kaiohs/Downloads/codes/lab02-experimentacao-software/data/repos/javaparser__javaparser/javaparser-symbol-solver-testing/src/test/java/com/github/javaparser/symbolsolver/reflectionmodel/ReflectionInterfaceDeclarationTest.java,com.github.javaparser.symbolsolver.reflectionmodel.ReflectionInterfaceDeclarationTest,class,13,13,0,13,7,2,0,25,6,0.0,0.0,0.0,4,0,0,0,0,4,4,0,0,0,0,0,0,0,0,0,0,0,2,55,0,1,0,0,0,4,18,15,0,16,2,0,0,1,42,0,0
/Users/kaiohs/Downloads/codes/lab02-experimentacao-software/data/repos/javaparser__javaparser/javaparser-symbol-solver-testing/src/test/test_sourcecode/javaparser_new_src/javaparser-core/com/github/javaparser/ast/nodeTypes/NodeWithElementType.java,com.github.javaparser.ast.nodeTypes.NodeWithElementType,interface,6,12,6,6,6,1,0,3,15,0.0,0.0,0.0,6,0,0,0,0,6,6,0,0,0,0,0,0,0,0,0,0,0,0,14,2,0,0,0,1,0,0,1,0,1,0,0,0,0,48,1,0
/Users/kaiohs/Downloads/codes/lab02-experimentacao-software/data/repos/javaparser__javaparser/javaparser-symbol-solver-core/src/main/java/com/github/javaparser/symbolsolver/javaparsermodel/declarations/JavaParserTypeVariableDeclaration.java,com.github.javaparser.symbolsolver.javaparsermodel.declarations.JavaParserTypeVariableDeclaration,class,20,38,5,33,32,2,0,21,279,0.7777778,0.0,0.0,27,0,27,0,0,0,27,0,0,0,2,0,0,2,0,0,0,0,8,104,21,1,0,1,0,4,0,4,3,4,3,0,0,0,76,1,0
/Users/kaiohs/Downloads/codes/lab02-experimentacao-software/data/repos/javaparser__javaparser/javaparser-core-generators/src/main/java/com/github/javaparser/generator/core/node/GetMetaModelGenerator.java,com.github.javaparser.generator.core.node.GetMetaModelGenerator,class,9,9,0,9,3,3,0,9,1,0.0,0.0,0.0,2,0,1,0,1,0,2,0,0,0,0,0,0,0,0,0,0,0,1,11,0,0,0,0,0,3,0,1,0,1,0,0,0,0,28,1,0
/Users/kaiohs/Downloads/codes/lab02-experimentacao-software/data/repos/javaparser__javaparser/javaparser-symbol-solver-testing/src/test/test_sourcecode/javaparser_src/proper_source/com/github/javaparser/ast/body/MultiTypeParameter.java,com.github.javaparser.ast.body.MultiTypeParameter,class,8,17,9,8,7,3,0,2,9,0.42857143,0.0,0.0,7,0,7,0,0,0,7,0,0,0,1,0,0,1,0,0,0,0,0,25,2,0,0,0,0,0,0,3,0,1,0,0,0,0,16,1,0
/Users/kaiohs/Downloads/codes/lab02-experimentacao-software/data/repos/javaparser__javaparser/javaparser-core-testing/src/test/java/com/github/javaparser/printer/lexicalpreservation/transformations/ast/body/ConstructorDeclarationTransformationsTest.java,com.github.javaparser.printer.lexicalpreservation.transformations.ast.body.ConstructorDeclarationTransformationsTest,class,9,10,1,9,13,2,0,25,78,0.0,0.0,0.0,13,0,0,0,1,12,13,0,0,0,0,0,0,0,0,0,0,0,1,68,1,0,0,0,0,30,8,12,2,12,0,0,0,0,66,0,0
/Users/kaiohs/Downloads/codes/lab02-experimentacao-software/data/repos/javaparser__javaparser/javaparser-core-testing/src/test/java/com/github/javaparser/builders/FieldDeclarationBuildersTest.java,com.github.javaparser.builders.FieldDeclarationBuildersTest,class,11,11,0,11,8,1,0,32,14,0.75,0.0,0.0,8,0,0,0,0,8,8,0,0,0,3,0,0,3,0,0,1,0,0,73,0,0,0,0,0,24,24,13,0,13,1,0,0,4,35,0,0
/Users/kaiohs/Downloads/codes/lab02-experimentacao-software/data/repos/javaparser__javaparser/javaparser-symbol-solver-testing/src/test/java/com/github/javaparser/symbolsolver/resolution/DefaultPackageTest.java,com.github.javaparser.symbolsolver.resolution.DefaultPackageTest$MyClassDeclaration,innerclass,11,11,0,11,21,2,0,0,204,0.85714287,0.0,0.0,21,0,19,1,1,0,20,0,0,0,1,0,0,1,0,0,0,0,0,66,4,0,0,0,0,0,0,1,0,1,0,0,0,0,47,2,0
/Users/kaiohs/Downloads/codes/lab02-experimentacao-software/data/repos/javaparser__javaparser/javaparser-symbol-solver-testing/src/test/java/com/github/javaparser/resolution/declarations/ResolvedDeclarationTest.java,com.github.javaparser.resolution.declarations.ResolvedDeclarationTest,interface,5,9,4,5,16,1,0,14,36,0.0,0.0,0.0,9,0,0,0,0,9,9,0,0,0,0,0,0,0,0,0,0,0,0,42,0,0,0,0,0,0,0,8,0,8,1,0,0,0,48,1,0
/Users/kaiohs/Downloads/codes/lab02-experimentacao-software/data/repos/javaparser__javaparser/javaparser-symbol-solver-testing/src/test/java/com/github/javaparser/symbolsolver/javassistmodel/JavassistAnnotationDeclarationTest.java,com.github.javaparser.symbolsolver.javassistmodel.JavassistAnnotationDeclarationTest,class,19,20,1,19,12,2,0,24,55,0.0,0.0,0.0,11,0,5,2,0,4,9,0,0,0,0,0,0,0,0,0,0,0,1,68,4,0,0,1,0,12,5,23,0,23,1,0,0,0,75,0,0
/Users/kaiohs/Downloads/codes/lab02-experimentacao-software/data/repos/javaparser__javaparser/javaparser-core/src/main/java/com/github/javaparser/metamodel/TypeParameterMetaModel.java,com.github.javaparser.metamodel.TypeParameterMetaModel,class,5,7,2,5,1,5,0,0,0,0.0,NaN,NaN,1,0,0,0,0,1,1,0,0,0,2,0,2,0,0,0,0,0,0,7,0,0,0,0,0,4,0,0,0,2,0,0,0,0,39,1,0
/Users/kaiohs/Downloads/codes/lab02-experimentacao-software/data/repos/javaparser__javaparser/javaparser-symbol-solver-testing/src/test/java/com/github/javaparser/symbolsolver/resolution/ConstructorsResolutionTest.java,com.github.javaparser.symbolsolver.resolution.ConstructorsResolutionTest,class,20,20,0,20,12,3,0,36,66,0.0,0.0,0.0,12,0,1,0,0,11,12,0,0,0,0,0,0,0,0,0,0,0,1,123,0,0,0,0,4,52,30,67,1,66,0,0,0,0,88,0,0
/Users/kaiohs/Downloads/codes/lab02-experimentacao-software/data/repos/javaparser__javaparser/javaparser-symbol-solver-testing/src/test/java/com/github/javaparser/symbolsolver/resolution/PatternVariableIntroductionTest.java,com.github.javaparser.symbolsolver.resolution.PatternVariableIntroductionTest$SwitchExpressions,innerclass,7,7,0,7,10,1,0,14,45,0.0,0.0,0.0,10,0,10,0,0,0,10,0,0,0,0,0,0,0,0,0,0,0,0,55,0,0,0,0,0,110,4,22,10,22,0,0,0,5,74,0,0
/Users/kaiohs/Downloads/codes/lab02-experimentacao-software/data/repos/javaparser__javaparser/javaparser-core-testing/src/test/java/com/github/javaparser/printer/lexicalpreservation/Issue3937Test.java,com.github.javaparser.printer.lexicalpreservation.Issue3937Test,class,7,7,0,7,1,2,0,7,0,0.0,NaN,NaN,1,0,0,0,0,1,1,0,0,0,1,1,0,0,0,1,1,0,1,12,0,0,0,0,0,26,0,4,2,4,0,0,0,0,32,1,0
/Users/kaiohs/Downloads/codes/lab02-experimentacao-software/data/repos/javaparser__javaparser/javaparser-core-testing/src/test/java/com/github/javaparser/ast/validator/Java15PreviewValidatorTest.java,com.github.javaparser.ast.validator.Java15PreviewValidatorTest$Record$RecordAsTypeIdentifierForbidden,innerclass,5,5,0,5,3,1,0,3,3,0.0,0.0,0.0,3,0,0,0,0,3,3,0,0,0,0,0,0,0,0,0,0,0,3,17,0,0,0,0,0,6,0,6,0,6,0,0,0,0,22,0,0
/Users/kaiohs/Downloads/codes/lab02-experimentacao-software/data/repos/javaparser__javaparser/javaparser-symbol-solver-testing/src/test/java/com/github/javaparser/symbolsolver/reflectionmodel/ReflectionClassDeclarationTest.java,com.github.javaparser.symbolsolver.reflectionmodel.ReflectionClassDeclarationTest,class,21,21,0,21,35,8,0,84,0,0.0,0.0,0.0,29,0,0,0,0,29,29,0,0,0,1,0,0,1,0,0,0,0,18,523,0,1,2,0,0,356,79,162,0,99,2,0,14,37,80,0,0
