file,class,type,cbo,cboModified,fanin,fanout,wmc,dit,noc,rfc,lcom,lcom*,tcc,lcc,totalMethodsQty,staticMethodsQty,publicMethodsQty,privateMethodsQty,protectedMethodsQty,defaultMethodsQty,visibleMethodsQty,abstractMethodsQty,finalMethodsQty,synchronizedMethodsQty,totalFieldsQty,staticFieldsQty,publicFieldsQty,privateFieldsQty,protectedFieldsQty,defaultFieldsQty,finalFieldsQty,synchronizedFieldsQty,nosi,loc,returnQty,loopQty,comparisonsQty,tryCatchQty,parenthesizedExpsQty,stringLiteralsQty,numbersQty,assignmentsQty,mathOperationsQty,variablesQty,maxNestedBlocksQty,anonymousClassesQty,innerClassesQty,lambdasQty,uniqueWordsQty,modifiers,logStatementsQty
/Users/kaiohs/Downloads/codes/lab02-experimentacao-software/data/repos/oshi__oshi/oshi-core-java25/src/main/java/oshi/ffm/mac/DiskArbitration.java,oshi.ffm.mac.DiskArbitration$DADiskRef,innerclass,9,9,0,9,16,2,0,10,10,0.0,0.0,0.0,5,2,5,0,0,0,5,0,0,0,0,0,0,0,0,0,0,0,5,53,10,0,5,4,0,0,0,12,0,12,1,0,0,0,62,0,0
/Users/kaiohs/Downloads/codes/lab02-experimentacao-software/data/repos/oshi__oshi/oshi-core/src/main/java/oshi/driver/unix/solaris/disk/Prtvtoc.java,oshi.driver.unix.solaris.disk.Prtvtoc,class,2,3,1,2,32,1,0,15,1,0.5,NaN,NaN,2,1,1,1,0,0,1,0,0,0,1,1,0,1,0,0,1,0,0,112,1,1,0,0,0,33,34,36,4,14,5,0,0,0,42,17,0
/Users/kaiohs/Downloads/codes/lab02-experimentacao-software/data/repos/oshi__oshi/oshi-common/src/test/java/oshi/software/common/AbstractOSThreadTest.java,oshi.software.common.AbstractOSThreadTest$Anonymous1,anonymous,1,1,0,1,7,1,0,0,21,0.0,0.0,0.0,7,0,7,0,0,0,7,0,0,0,0,0,0,0,0,0,0,0,0,23,7,0,0,0,0,0,2,0,0,0,0,0,0,0,16,-1,0
/Users/kaiohs/Downloads/codes/lab02-experimentacao-software/data/repos/oshi__oshi/oshi-core/src/test/java/oshi/driver/unix/XrandrTest.java,oshi.driver.unix.XrandrTest,class,2,2,0,2,2,1,0,3,0,0.0,NaN,NaN,1,0,0,0,0,1,1,0,0,0,0,0,0,0,0,0,0,0,0,7,0,1,0,0,0,1,1,0,0,0,1,0,0,0,14,0,0
/Users/kaiohs/Downloads/codes/lab02-experimentacao-software/data/repos/oshi__oshi/oshi-core/src/main/java/oshi/hardware/platform/mac/MacGraphicsCard.java,oshi.hardware.platform.mac.MacGraphicsCard,class,8,10,2,8,18,2,0,17,6,0.75,0.0,0.0,4,2,2,1,0,1,3,0,0,0,1,1,0,1,0,0,1,0,7,60,5,1,1,0,0,14,14,18,0,11,4,0,0,0,60,16,0
/Users/kaiohs/Downloads/codes/lab02-experimentacao-software/data/repos/oshi__oshi/oshi-core/src/main/java/oshi/software/os/unix/openbsd/OpenBsdFileSystem.java,oshi.software.os.unix.openbsd.OpenBsdFileSystem,class,6,9,3,6,24,2,0,19,10,0.90000004,0.0,0.0,5,1,4,0,0,1,5,0,0,0,8,8,4,4,0,0,8,0,4,80,5,2,2,0,3,23,22,31,4,26,3,0,0,0,79,1,0
/Users/kaiohs/Downloads/codes/lab02-experimentacao-software/data/repos/oshi__oshi/oshi-core/src/main/java/oshi/driver/windows/wmi/Win32ComputerSystem.java,oshi.driver.windows.wmi.Win32ComputerSystem,class,5,6,1,5,2,1,0,3,1,0.5,NaN,NaN,2,1,1,1,0,0,1,0,0,0,1,1,0,1,0,0,1,0,2,10,1,0,0,0,0,1,0,2,0,2,0,0,1,0,32,17,0
/Users/kaiohs/Downloads/codes/lab02-experimentacao-software/data/repos/oshi__oshi/oshi-common/src/main/java/oshi/util/FileSystemUtil.java,oshi.util.FileSystemUtil,class,3,6,3,3,13,1,0,11,10,0.8,0.0,0.0,5,4,4,1,0,0,4,0,0,0,2,2,0,2,0,0,2,0,9,39,6,2,0,0,1,4,1,8,1,7,3,0,0,0,100,17,0
/Users/kaiohs/Downloads/codes/lab02-experimentacao-software/data/repos/oshi__oshi/oshi-common/src/test/java/oshi/util/driver/linux/LshwTest.java,oshi.util.driver.linux.LshwTest,class,3,3,0,3,2,1,0,8,0,0.0,NaN,NaN,1,0,0,0,0,1,1,0,0,0,0,0,0,0,0,0,0,0,2,11,0,0,1,0,0,2,2,1,0,1,1,0,0,0,16,0,0
/Users/kaiohs/Downloads/codes/lab02-experimentacao-software/data/repos/oshi__oshi/oshi-core/src/test/java/oshi/hardware/DisplayTest.java,oshi.hardware.DisplayTest,class,3,3,0,3,2,1,0,6,0,0.0,NaN,NaN,1,0,0,0,0,1,1,0,0,0,0,0,0,0,0,0,0,0,0,9,0,1,0,0,0,1,1,2,0,2,1,0,0,0,23,0,0
/Users/kaiohs/Downloads/codes/lab02-experimentacao-software/data/repos/oshi__oshi/oshi-core/src/main/java/oshi/hardware/platform/unix/solaris/SolarisGraphicsCard.java,oshi.hardware.platform.unix.solaris.SolarisGraphicsCard,class,4,6,2,4,23,2,0,15,1,0.5,0.0,0.0,2,1,1,0,0,1,2,0,0,0,1,1,0,1,0,0,1,0,2,59,2,1,1,0,0,20,14,18,6,9,5,0,0,0,50,16,0
/Users/kaiohs/Downloads/codes/lab02-experimentacao-software/data/repos/oshi__oshi/oshi-core/src/test/java/oshi/util/FstatUtilTest.java,oshi.util.FstatUtilTest,class,3,3,0,3,2,1,0,11,0,0.0,NaN,NaN,1,0,0,0,0,1,1,0,0,0,0,0,0,0,0,0,0,0,1,9,0,0,0,0,0,2,1,1,0,1,1,0,0,0,35,0,0
/Users/kaiohs/Downloads/codes/lab02-experimentacao-software/data/repos/oshi__oshi/oshi-core/src/main/java/oshi/driver/mac/net/NetStat.java,oshi.driver.mac.net.NetStat$IFdata,innerclass,1,1,0,1,12,1,0,0,44,0.8333334,0.0,0.0,12,0,11,0,0,1,12,0,0,0,11,0,0,11,0,0,11,0,0,59,11,0,0,0,0,0,9,11,0,11,0,0,0,0,29,9,0
/Users/kaiohs/Downloads/codes/lab02-experimentacao-software/data/repos/oshi__oshi/oshi-common/src/main/java/oshi/software/os/InternetProtocolStats.java,oshi.software.os.InternetProtocolStats$IPConnection,innerclass,3,3,0,3,13,1,0,3,17,0.72727275,0.0,0.0,11,0,11,0,0,0,11,0,0,0,9,0,0,9,0,0,8,0,6,64,10,0,0,2,0,12,0,13,1,11,1,0,0,0,91,16,0
/Users/kaiohs/Downloads/codes/lab02-experimentacao-software/data/repos/oshi__oshi/oshi-core/src/main/java/oshi/software/os/unix/aix/AixOperatingSystem.java,oshi.software.os.unix.aix.AixOperatingSystem,class,24,27,3,24,48,2,0,52,200,0.9047619,0.0,0.0,21,1,18,2,1,0,19,0,0,0,4,1,0,4,0,0,4,0,10,154,24,5,7,0,3,12,31,34,9,33,4,0,0,3,124,1,0
/Users/kaiohs/Downloads/codes/lab02-experimentacao-software/data/repos/oshi__oshi/oshi-core/src/main/java/oshi/jna/platform/linux/LinuxLibc.java,oshi.jna.platform.linux.LinuxLibc,interface,6,10,4,6,7,4,0,4,3,1.0,0.0,0.0,3,0,0,0,0,3,3,0,0,0,2,0,0,0,0,2,0,0,0,28,0,0,0,0,3,1,4,2,0,2,0,0,3,0,112,1,0
/Users/kaiohs/Downloads/codes/lab02-experimentacao-software/data/repos/oshi__oshi/oshi-core/src/main/java/oshi/util/platform/windows/PerfCounterWildcardQuery.java,oshi.util.platform.windows.PerfCounterWildcardQuery,class,15,21,6,15,31,1,0,50,13,0.77777773,0.0,0.0,6,5,5,1,0,0,5,0,0,0,3,3,0,3,0,0,3,0,18,119,8,7,2,2,3,6,10,27,1,27,5,0,1,1,124,17,3
/Users/kaiohs/Downloads/codes/lab02-experimentacao-software/data/repos/oshi__oshi/oshi-core-java25/src/main/java/oshi/ffm/mac/CoreFoundation.java,oshi.ffm.mac.CoreFoundation$CFStringRef,innerclass,5,5,0,5,11,2,0,14,3,0.0,0.0,0.0,3,1,3,0,0,0,3,0,0,0,0,0,0,0,0,0,0,0,5,43,6,0,2,2,0,6,4,9,3,9,2,0,0,0,77,0,0
/Users/kaiohs/Downloads/codes/lab02-experimentacao-software/data/repos/oshi__oshi/oshi-core/src/main/java/oshi/hardware/platform/unix/openbsd/OpenBsdGraphicsCard.java,oshi.hardware.platform.unix.openbsd.OpenBsdGraphicsCard,class,4,6,2,4,23,2,0,14,1,0.5,0.0,0.0,2,1,1,0,0,1,2,0,0,0,2,2,0,2,0,0,2,0,2,58,2,1,0,0,0,19,12,22,8,11,4,0,0,0,60,16,0
/Users/kaiohs/Downloads/codes/lab02-experimentacao-software/data/repos/oshi__oshi/oshi-core/src/main/java/oshi/driver/windows/wmi/Win32Printer.java,oshi.driver.windows.wmi.Win32Printer,class,5,6,1,5,2,1,0,3,1,0.5,NaN,NaN,2,1,1,1,0,0,1,0,0,0,1,1,0,1,0,0,1,0,2,10,1,0,0,0,0,1,0,2,0,2,0,0,1,0,30,17,0
/Users/kaiohs/Downloads/codes/lab02-experimentacao-software/data/repos/oshi__oshi/oshi-common/src/test/java/oshi/hardware/HardwareAbstractionLayerTest.java,oshi.hardware.HardwareAbstractionLayerTest$Anonymous2,anonymous,13,13,0,13,14,1,0,3,91,0.0,0.0,0.0,14,0,14,0,0,0,14,0,0,0,0,0,0,0,0,0,0,0,10,44,14,0,0,0,0,0,0,0,0,0,0,0,0,0,30,-1,0
/Users/kaiohs/Downloads/codes/lab02-experimentacao-software/data/repos/oshi__oshi/oshi-core/src/main/java/oshi/software/os/unix/openbsd/OpenBsdOperatingSystem.java,oshi.software.os.unix.openbsd.OpenBsdOperatingSystem,class,22,25,3,22,38,2,0,56,188,0.93333334,0.0,0.0,20,1,17,2,1,0,18,0,0,0,3,3,0,2,0,1,3,0,11,133,25,3,3,0,1,20,26,33,7,32,3,0,1,4,120,1,1
/Users/kaiohs/Downloads/codes/lab02-experimentacao-software/data/repos/oshi__oshi/oshi-common/src/test/java/oshi/hardware/HardwareAbstractionLayerTest.java,oshi.hardware.HardwareAbstractionLayerTest$Anonymous1,anonymous,11,11,0,11,12,1,0,1,66,0.0,0.0,0.0,12,0,12,0,0,0,12,0,0,0,0,0,0,0,0,0,0,0,8,38,12,0,0,0,0,0,0,0,0,0,0,0,0,0,26,-1,0
/Users/kaiohs/Downloads/codes/lab02-experimentacao-software/data/repos/oshi__oshi/oshi-core-java25/src/main/java/oshi/software/os/windows/WindowsNetworkParamsFFM.java,oshi.software.os.windows.WindowsNetworkParamsFFM,class,5,7,2,5,14,2,0,10,21,0.0,0.0,0.0,7,2,5,2,0,0,5,0,0,0,0,0,0,0,0,0,0,0,7,42,10,2,0,1,0,6,6,4,0,4,2,0,0,0,25,17,0
/Users/kaiohs/Downloads/codes/lab02-experimentacao-software/data/repos/oshi__oshi/oshi-core/src/main/java/oshi/jna/ByRef.java,oshi.jna.ByRef$CloseableNativeLongByReference,innerclass,3,3,0,3,3,2,0,2,3,0.0,0.0,0.0,3,0,3,0,0,0,3,0,0,0,0,0,0,0,0,0,0,0,1,11,0,0,0,0,0,0,0,0,0,0,0,0,0,0,10,0,0
/Users/kaiohs/Downloads/codes/lab02-experimentacao-software/data/repos/oshi__oshi/oshi-core/src/main/java/oshi/PlatformEnum.java,oshi.PlatformEnum,enum,1,3,2,1,23,1,0,9,8,0.70000005,0.0,0.0,5,3,4,0,0,1,6,0,0,0,2,1,0,2,0,0,2,0,4,78,5,0,0,0,0,33,1,16,0,4,1,0,0,0,83,1,0
/Users/kaiohs/Downloads/codes/lab02-experimentacao-software/data/repos/oshi__oshi/oshi-common/src/main/java/oshi/software/common/AbstractOSFileStore.java,oshi.software.common.AbstractOSFileStore,class,3,7,4,3,10,1,2,15,31,0.8000001,0.0,0.0,10,0,8,0,2,0,10,0,0,0,7,0,0,7,0,0,0,0,0,44,8,0,0,0,0,16,0,7,1,7,0,0,0,0,41,1025,0
/Users/kaiohs/Downloads/codes/lab02-experimentacao-software/data/repos/oshi__oshi/oshi-core-java25/src/main/java/oshi/ffm/mac/MacSystemFunctions.java,oshi.ffm.mac.MacSystemFunctions,class,5,17,12,5,32,3,0,27,0,0.8965519,0.0,0.0,28,27,27,1,0,0,27,0,0,0,29,29,1,28,0,0,29,0,1,118,24,0,0,0,0,29,2,33,0,33,0,0,0,0,87,17,0
/Users/kaiohs/Downloads/codes/lab02-experimentacao-software/data/repos/oshi__oshi/oshi-core/src/main/java/oshi/hardware/platform/windows/WindowsHardwareAbstractionLayer.java,oshi.hardware.platform.windows.WindowsHardwareAbstractionLayer,class,28,30,2,28,13,2,1,9,78,0.0,0.0,0.0,13,0,13,0,0,0,13,0,0,0,0,0,0,0,0,0,0,0,9,41,13,0,0,0,0,0,0,0,0,0,0,0,0,0,35,1,0
/Users/kaiohs/Downloads/codes/lab02-experimentacao-software/data/repos/oshi__oshi/oshi-core/src/main/java/oshi/hardware/platform/unix/freebsd/FreeBsdFirmware.java,oshi.hardware.platform.unix.freebsd.FreeBsdFirmware,class,7,8,1,7,11,2,0,11,0,0.25,0.0,0.0,4,1,3,1,0,0,3,0,0,0,1,0,0,1,0,0,1,0,6,33,4,1,0,0,0,5,3,11,0,7,2,0,0,0,26,16,0
/Users/kaiohs/Downloads/codes/lab02-experimentacao-software/data/repos/oshi__oshi/oshi-core/src/test/java/oshi/driver/windows/WindowsDxgiTest.java,oshi.driver.windows.WindowsDxgiTest,class,4,4,0,4,15,1,0,15,91,0.0,0.0,0.0,14,0,0,0,0,14,14,0,0,0,0,0,0,0,0,0,0,0,6,71,0,1,0,0,0,25,93,21,10,21,1,0,0,0,100,0,0
/Users/kaiohs/Downloads/codes/lab02-experimentacao-software/data/repos/oshi__oshi/oshi-common/src/main/java/oshi/util/driver/linux/Devicetree.java,oshi.util.driver.linux.Devicetree,class,2,2,0,2,3,1,0,3,1,0.0,NaN,NaN,2,1,1,1,0,0,1,0,0,0,0,0,0,0,0,0,0,0,1,11,2,0,0,0,0,2,0,1,0,1,1,0,0,0,16,17,0
/Users/kaiohs/Downloads/codes/lab02-experimentacao-software/data/repos/oshi__oshi/oshi-common/src/main/java/oshi/software/os/InternetProtocolStats.java,oshi.software.os.InternetProtocolStats$TcpStats,innerclass,1,1,0,1,12,1,0,0,24,0.75,0.0,0.0,12,0,12,0,0,0,12,0,0,0,10,0,0,10,0,0,10,0,0,57,11,0,0,0,0,11,0,10,1,10,0,0,0,0,96,16,0
/Users/kaiohs/Downloads/codes/lab02-experimentacao-software/data/repos/oshi__oshi/oshi-core/src/test/java/oshi/software/os/FileSystemTest.java,oshi.software.os.FileSystemTest,class,5,5,0,5,5,1,0,27,0,0.0,NaN,NaN,1,0,0,0,0,1,1,0,0,0,0,0,0,0,0,0,0,0,2,33,0,1,2,0,0,19,7,2,0,2,3,0,0,0,60,0,0
/Users/kaiohs/Downloads/codes/lab02-experimentacao-software/data/repos/oshi__oshi/oshi-common/src/test/java/oshi/hardware/CentralProcessorTest.java,oshi.hardware.CentralProcessorTest,class,7,7,0,7,11,1,0,36,55,0.0,0.0,0.0,11,0,0,0,0,11,11,0,0,0,0,0,0,0,0,0,0,0,0,86,0,0,0,0,0,30,60,11,0,11,0,0,0,0,53,0,0
/Users/kaiohs/Downloads/codes/lab02-experimentacao-software/data/repos/oshi__oshi/oshi-core-java25/src/main/java/oshi/software/os/windows/WindowsInstalledAppsFFM.java,oshi.software.os.windows.WindowsInstalledAppsFFM,class,2,2,0,2,2,1,0,1,1,0.0,NaN,NaN,2,1,1,1,0,0,1,0,0,0,0,0,0,0,0,0,0,0,1,7,1,0,0,0,0,0,0,0,0,0,0,0,0,0,6,17,0
/Users/kaiohs/Downloads/codes/lab02-experimentacao-software/data/repos/oshi__oshi/oshi-core/src/test/java/oshi/util/ParseUtilTest.java,oshi.util.ParseUtilTest$TestEnum,enum,0,0,0,0,0,1,0,0,0,0.0,-1.0,-1.0,0,0,0,0,0,0,0,0,0,0,0,0,0,0,0,0,0,0,0,1,0,0,0,0,0,0,0,0,0,0,0,0,0,0,6,2,0
/Users/kaiohs/Downloads/codes/lab02-experimentacao-software/data/repos/oshi__oshi/oshi-core/src/main/java/oshi/hardware/platform/unix/aix/AixSensors.java,oshi.hardware.platform.unix.aix.AixSensors,class,3,4,1,3,6,2,0,2,4,0.5,0.0,0.0,4,0,3,0,0,1,4,0,0,0,1,0,0,1,0,0,1,0,0,21,3,1,0,0,0,1,3,2,0,2,2,0,0,0,18,16,0
/Users/kaiohs/Downloads/codes/lab02-experimentacao-software/data/repos/oshi__oshi/oshi-common/src/main/java/oshi/software/os/InternetProtocolStats.java,oshi.software.os.InternetProtocolStats$TcpState,enum,0,0,0,0,0,1,0,0,0,0.0,-1.0,-1.0,0,0,0,0,0,0,0,0,0,0,0,0,0,0,0,0,0,0,0,1,0,0,0,0,0,0,0,0,0,0,0,0,0,0,17,0,0
/Users/kaiohs/Downloads/codes/lab02-experimentacao-software/data/repos/oshi__oshi/oshi-common/src/test/java/oshi/software/os/OperatingSystemTest.java,oshi.software.os.OperatingSystemTest$StubOperatingSystem,innerclass,6,6,0,6,13,1,0,1,78,0.0,0.0,0.0,13,0,13,0,0,0,13,0,0,0,0,0,0,0,0,0,0,0,3,41,13,0,0,0,0,0,5,0,0,0,0,0,0,0,44,1034,0
/Users/kaiohs/Downloads/codes/lab02-experimentacao-software/data/repos/oshi__oshi/oshi-core/src/main/java/oshi/driver/mac/ThreadInfo.java,oshi.driver.mac.ThreadInfo,class,2,3,1,2,5,1,0,15,1,0.5,NaN,NaN,2,1,1,1,0,0,1,0,0,0,1,1,0,1,0,0,1,0,2,77,1,1,1,0,0,4,13,11,1,12,2,0,1,1,30,17,0
/Users/kaiohs/Downloads/codes/lab02-experimentacao-software/data/repos/oshi__oshi/oshi-core-java25/src/main/java/oshi/ffm/mac/IOKit.java,oshi.ffm.mac.IOKit$IOService,innerclass,2,2,0,2,1,2,0,0,0,0.0,NaN,NaN,1,0,1,0,0,0,1,0,0,0,0,0,0,0,0,0,0,0,0,5,0,0,0,0,0,0,0,0,0,0,0,0,0,0,8,0,0
/Users/kaiohs/Downloads/codes/lab02-experimentacao-software/data/repos/oshi__oshi/oshi-common/src/test/java/oshi/hardware/common/AbstractSoundCardTest.java,oshi.hardware.common.AbstractSoundCardTest,class,2,2,0,2,2,1,0,7,0,0.0,0.0,0.0,2,0,0,0,0,2,2,0,0,0,1,1,0,1,0,0,1,0,0,15,0,0,0,0,0,9,0,1,0,1,0,1,0,0,14,0,0
/Users/kaiohs/Downloads/codes/lab02-experimentacao-software/data/repos/oshi__oshi/oshi-core/src/main/java/oshi/software/os/linux/LinuxNetworkParams.java,oshi.software.os.linux.LinuxNetworkParams,class,2,4,2,2,14,2,2,7,1,0.5,0.0,0.0,2,0,2,0,0,0,2,0,0,0,2,2,0,2,0,0,2,0,0,44,4,2,2,0,0,8,16,20,0,16,3,0,0,0,40,1024,0
/Users/kaiohs/Downloads/codes/lab02-experimentacao-software/data/repos/oshi__oshi/oshi-core/src/main/java/oshi/software/os/unix/openbsd/OpenBsdOSProcess.java,oshi.software.os.unix.openbsd.OpenBsdOSProcess$PsThreadColumns,enum,0,0,0,0,0,1,0,0,0,0.0,-1.0,-1.0,0,0,0,0,0,0,0,0,0,0,0,0,0,0,0,0,0,0,0,1,0,0,0,0,0,0,0,0,0,0,0,0,0,0,8,0,0
/Users/kaiohs/Downloads/codes/lab02-experimentacao-software/data/repos/oshi__oshi/oshi-core/src/main/java/oshi/software/os/windows/WindowsOSProcess.java,oshi.software.os.windows.WindowsOSProcess,class,32,34,2,32,90,2,0,101,825,0.95348823,0.0,0.0,43,2,33,10,0,0,33,0,0,0,31,5,0,31,0,0,6,0,25,377,57,1,24,11,0,10,22,82,3,73,7,0,0,2,165,1,3
/Users/kaiohs/Downloads/codes/lab02-experimentacao-software/data/repos/oshi__oshi/oshi-core-java25/src/main/java/oshi/util/platform/windows/WmiQueryHandlerFFM.java,oshi.util.platform.windows.WmiQueryHandlerFFM$TriConsumer,interface,3,3,0,3,1,1,0,0,0,0.0,NaN,NaN,1,0,0,0,0,1,1,0,0,0,0,0,0,0,0,0,0,0,0,3,0,0,0,0,0,0,0,0,0,0,0,0,0,0,19,1,0
/Users/kaiohs/Downloads/codes/lab02-experimentacao-software/data/repos/oshi__oshi/oshi-core/src/main/java/oshi/driver/unix/aix/perfstat/PerfstatMemory.java,oshi.driver.unix.aix.perfstat.PerfstatMemory,class,3,4,1,3,3,1,0,2,1,0.5,NaN,NaN,2,1,1,1,0,0,1,0,0,0,1,1,0,1,0,0,1,0,0,13,2,0,0,0,0,0,2,3,0,3,1,0,0,0,20,17,0
/Users/kaiohs/Downloads/codes/lab02-experimentacao-software/data/repos/oshi__oshi/oshi-core/src/main/java/oshi/software/os/unix/solaris/SolarisOSFileStore.java,oshi.software.os.unix.solaris.SolarisOSFileStore,class,3,4,1,3,13,2,0,14,11,0.6999999,0.0,0.0,10,0,10,0,0,0,10,0,0,0,8,0,0,8,0,0,0,0,1,61,10,1,0,0,0,0,0,16,0,8,2,0,0,0,30,1,0
/Users/kaiohs/Downloads/codes/lab02-experimentacao-software/data/repos/oshi__oshi/oshi-core/src/main/java/oshi/driver/unix/solaris/disk/Iostat.java,oshi.driver.unix.solaris.disk.Iostat,class,2,3,1,2,20,1,0,13,3,0.6666667,0.0,0.0,3,2,2,1,0,0,2,0,0,0,4,4,0,4,0,0,4,0,0,77,2,3,2,0,0,29,13,35,0,22,4,0,0,0,70,17,0
/Users/kaiohs/Downloads/codes/lab02-experimentacao-software/data/repos/oshi__oshi/oshi-core/src/main/java/oshi/jna/ByRef.java,oshi.jna.ByRef$CloseableSizeTByReference,innerclass,2,2,0,2,3,2,0,2,3,0.0,0.0,0.0,3,0,3,0,0,0,3,0,0,0,0,0,0,0,0,0,0,0,1,11,0,0,0,0,0,0,0,0,0,0,0,0,0,0,10,0,0
/Users/kaiohs/Downloads/codes/lab02-experimentacao-software/data/repos/oshi__oshi/oshi-core/src/main/java/oshi/jna/platform/mac/SystemB.java,oshi.jna.platform.mac.SystemB$SocketInfo,innerclass,5,5,0,5,0,2,0,0,0,NaN,-1.0,-1.0,0,0,0,0,0,0,0,0,0,0,20,0,20,0,0,0,0,0,0,22,0,0,0,0,0,20,3,3,0,20,0,0,0,0,29,0,0
/Users/kaiohs/Downloads/codes/lab02-experimentacao-software/data/repos/oshi__oshi/oshi-common/src/test/java/oshi/software/common/AbstractFileSystemTest.java,oshi.software.common.AbstractFileSystemTest,class,2,2,0,2,1,1,0,5,0,0.0,NaN,NaN,1,0,0,0,0,1,1,0,0,0,0,0,0,0,0,0,0,0,0,24,0,0,0,0,0,1,2,2,0,2,0,1,0,0,16,0,0
/Users/kaiohs/Downloads/codes/lab02-experimentacao-software/data/repos/oshi__oshi/oshi-common/src/test/java/oshi/hardware/common/AbstractSensorsTest.java,oshi.hardware.common.AbstractSensorsTest$Anonymous1,anonymous,1,1,0,1,3,1,0,0,3,0.0,0.0,0.0,3,0,0,0,3,0,3,0,0,0,0,0,0,0,0,0,0,0,0,11,3,0,0,0,0,0,3,0,0,0,0,0,0,0,6,-1,0
/Users/kaiohs/Downloads/codes/lab02-experimentacao-software/data/repos/oshi__oshi/oshi-core/src/test/java/oshi/driver/windows/wmi/WMIDriversTest.java,oshi.driver.windows.wmi.WMIDriversTest,class,5,5,0,5,6,1,0,47,3,0.0,0.0,0.0,3,0,0,0,0,3,3,0,0,0,0,0,0,0,0,0,0,0,2,55,0,0,0,0,0,27,30,8,0,9,1,0,0,1,37,0,0
/Users/kaiohs/Downloads/codes/lab02-experimentacao-software/data/repos/oshi__oshi/oshi-common/src/test/java/oshi/util/driver/unix/NetStatTest.java,oshi.util.driver.unix.NetStatTest,class,8,8,0,8,5,1,0,14,6,0.0,0.0,0.0,4,0,0,0,0,4,4,0,0,0,0,0,0,0,0,0,0,0,7,26,0,1,0,0,0,15,7,6,0,6,1,0,0,0,38,0,0
/Users/kaiohs/Downloads/codes/lab02-experimentacao-software/data/repos/oshi__oshi/oshi-common/src/test/java/oshi/software/common/AbstractNetworkParamsTest.java,oshi.software.common.AbstractNetworkParamsTest,class,4,5,1,4,5,1,0,11,10,0.0,0.0,0.0,5,1,0,1,0,4,4,0,0,0,0,0,0,0,0,0,0,0,6,31,1,0,0,0,0,8,0,3,0,3,0,1,0,0,24,0,0
/Users/kaiohs/Downloads/codes/lab02-experimentacao-software/data/repos/oshi__oshi/oshi-core-java25/src/main/java/oshi/hardware/platform/mac/MacCentralProcessorFFM.java,oshi.hardware.platform.mac.MacCentralProcessorFFM,class,26,28,2,26,64,2,0,100,100,0.8958333,0.0,0.0,16,2,7,7,2,0,9,0,0,0,12,8,0,12,0,0,10,0,72,317,23,6,14,10,4,69,74,119,24,95,7,0,0,6,185,16,6
/Users/kaiohs/Downloads/codes/lab02-experimentacao-software/data/repos/oshi__oshi/oshi-core/src/main/java/oshi/jna/platform/windows/NtDll.java,oshi.jna.platform.windows.NtDll$CURDIR,innerclass,4,4,0,4,0,2,0,0,0,NaN,-1.0,-1.0,0,0,0,0,0,0,0,0,0,0,2,0,2,0,0,0,0,0,0,4,0,0,0,0,0,2,0,0,0,2,0,0,0,0,17,0,0
/Users/kaiohs/Downloads/codes/lab02-experimentacao-software/data/repos/oshi__oshi/oshi-core/src/main/java/oshi/jna/platform/unix/CLibrary.java,oshi.jna.platform.unix.CLibrary$BsdUdpstat,innerclass,0,0,0,0,0,1,0,0,0,NaN,-1.0,-1.0,0,0,0,0,0,0,0,0,0,0,8,0,8,0,0,0,0,0,0,10,0,0,0,0,0,0,0,0,0,8,0,0,0,0,12,0,0
/Users/kaiohs/Downloads/codes/lab02-experimentacao-software/data/repos/oshi__oshi/oshi-core/src/test/java/oshi/util/GlobalConfigTest.java,oshi.util.GlobalConfigTest,class,7,8,1,7,11,1,0,15,0,0.5909091,0.0,0.0,11,0,0,1,0,10,10,0,0,0,2,2,0,2,0,0,2,0,39,108,1,0,0,0,0,35,15,4,0,4,0,0,1,0,57,0,0
/Users/kaiohs/Downloads/codes/lab02-experimentacao-software/data/repos/oshi__oshi/oshi-core/src/main/java/oshi/jna/Struct.java,oshi.jna.Struct$CloseableSpDeviceInterfaceData,innerclass,2,2,0,2,1,2,0,2,0,0.0,NaN,NaN,1,0,1,0,0,0,1,0,0,0,0,0,0,0,0,0,0,0,1,5,0,0,0,0,0,0,0,0,0,0,0,0,0,0,22,0,0
/Users/kaiohs/Downloads/codes/lab02-experimentacao-software/data/repos/oshi__oshi/oshi-core/src/main/java/oshi/jna/platform/windows/PowrProf.java,oshi.jna.platform.windows.PowrProf,interface,3,4,1,3,0,8,0,1,0,NaN,-1.0,-1.0,0,0,0,0,0,0,0,0,0,0,1,0,0,0,0,1,0,0,0,93,0,0,0,0,0,1,0,1,0,1,0,0,8,0,45,1,0
/Users/kaiohs/Downloads/codes/lab02-experimentacao-software/data/repos/oshi__oshi/oshi-core/src/main/java/oshi/hardware/platform/unix/aix/AixVirtualMemory.java,oshi.hardware.platform.unix.aix.AixVirtualMemory,class,3,4,1,3,7,2,0,1,0,0.21428572,0.0,0.0,7,0,6,0,0,1,7,0,0,0,2,1,0,2,0,0,2,0,0,26,6,0,0,0,1,0,1,3,5,3,0,0,0,0,36,16,0
/Users/kaiohs/Downloads/codes/lab02-experimentacao-software/data/repos/oshi__oshi/oshi-common/src/main/java/oshi/util/tuples/Quartet.java,oshi.util.tuples.Quartet,class,5,17,12,5,5,1,0,0,2,0.6,0.0,0.0,5,0,5,0,0,0,5,0,4,0,4,0,0,4,0,0,4,0,0,24,4,0,0,0,0,0,0,4,0,4,0,0,0,0,32,1,0
/Users/kaiohs/Downloads/codes/lab02-experimentacao-software/data/repos/oshi__oshi/oshi-core/src/main/java/oshi/jna/platform/windows/NtDll.java,oshi.jna.platform.windows.NtDll$RTL_DRIVE_LETTER_CURDIR,innerclass,3,3,0,3,0,2,0,0,0,NaN,-1.0,-1.0,0,0,0,0,0,0,0,0,0,0,4,0,4,0,0,0,0,0,0,6,0,0,0,0,0,4,0,0,0,4,0,0,0,0,20,0,0
/Users/kaiohs/Downloads/codes/lab02-experimentacao-software/data/repos/oshi__oshi/oshi-core-java25/src/main/java/oshi/hardware/platform/windows/WindowsHardwareAbstractionLayerFFM.java,oshi.hardware.platform.windows.WindowsHardwareAbstractionLayerFFM,class,4,5,1,4,1,2,0,1,0,0.0,NaN,NaN,1,0,1,0,0,0,1,0,0,0,0,0,0,0,0,0,0,0,1,5,1,0,0,0,0,0,0,0,0,0,0,0,0,0,19,17,0
/Users/kaiohs/Downloads/codes/lab02-experimentacao-software/data/repos/oshi__oshi/oshi-core/src/main/java/oshi/util/gpu/NvmlUtil.java,oshi.util.gpu.NvmlUtil$Holder,innerclass,1,1,0,1,3,1,0,4,0,NaN,NaN,NaN,0,0,0,0,0,0,1,0,0,0,2,2,0,0,0,2,2,0,0,18,0,0,0,1,0,4,0,6,0,4,1,0,0,0,28,26,2
/Users/kaiohs/Downloads/codes/lab02-experimentacao-software/data/repos/oshi__oshi/oshi-core-java25/src/main/java/oshi/ffm/mac/IOKit.java,oshi.ffm.mac.IOKit$IORegistryEntry,innerclass,11,11,0,11,62,1,0,30,136,0.0,0.0,0.0,17,2,15,2,0,0,15,0,0,0,0,0,0,0,0,0,0,0,35,280,55,0,9,20,0,0,25,65,2,59,3,0,0,0,83,0,0
/Users/kaiohs/Downloads/codes/lab02-experimentacao-software/data/repos/oshi__oshi/oshi-core/src/test/java/oshi/driver/unix/aix/LsDevicesTest.java,oshi.driver.unix.aix.LsDevicesTest,class,5,5,0,5,10,1,0,19,0,0.0,NaN,NaN,1,0,0,0,0,1,1,0,0,0,0,0,0,0,0,0,0,0,0,31,0,1,5,0,1,7,1,9,0,7,3,0,0,0,42,0,0
/Users/kaiohs/Downloads/codes/lab02-experimentacao-software/data/repos/oshi__oshi/oshi-core/src/main/java/oshi/jna/common/Nvml.java,oshi.jna.common.Nvml$NvmlUtilization,innerclass,2,2,0,2,0,2,0,0,0,NaN,-1.0,-1.0,0,0,0,0,0,0,0,0,0,0,2,0,2,0,0,0,0,0,0,4,0,0,0,0,0,2,0,0,0,2,0,0,0,0,5,0,0
/Users/kaiohs/Downloads/codes/lab02-experimentacao-software/data/repos/oshi__oshi/oshi-core/src/main/java/oshi/driver/windows/perfmon/ProcessInformation.java,oshi.driver.windows.perfmon.ProcessInformation$ProcessPerformanceProperty,enum,0,0,0,0,2,1,0,0,0,0.0,0.0,0.0,2,0,1,0,0,1,2,0,0,0,1,0,0,1,0,0,1,0,0,8,1,0,0,0,0,9,0,1,0,1,0,0,0,0,37,1,0
/Users/kaiohs/Downloads/codes/lab02-experimentacao-software/data/repos/oshi__oshi/oshi-common/src/test/java/oshi/util/driver/unix/WhoTest.java,oshi.util.driver.unix.WhoTest,class,4,4,0,4,2,1,0,11,0,0.0,NaN,NaN,1,0,0,0,0,1,1,0,0,0,0,0,0,0,0,0,0,0,2,10,0,1,0,0,0,4,1,0,0,0,1,0,0,0,27,0,0
/Users/kaiohs/Downloads/codes/lab02-experimentacao-software/data/repos/oshi__oshi/oshi-core-java25/src/main/java/oshi/ffm/windows/com/IUnknownFFM.java,oshi.ffm.windows.com.IUnknownFFM,class,7,10,3,7,12,2,1,9,0,0.5,0.0,0.0,4,3,3,0,1,0,4,0,0,0,3,3,0,3,0,0,3,0,7,42,6,0,3,2,0,2,4,9,0,9,1,0,0,0,73,1,2
/Users/kaiohs/Downloads/codes/lab02-experimentacao-software/data/repos/oshi__oshi/oshi-core-java25/src/test/java/oshi/ffm/util/FileUtilFFMTest.java,oshi.ffm.util.FileUtilFFMTest,class,2,2,0,2,6,1,0,12,10,0.0,0.0,0.0,5,0,0,0,0,5,5,0,0,0,0,0,0,0,0,0,0,0,11,37,0,0,1,0,0,3,19,7,0,7,1,0,0,0,37,0,0
/Users/kaiohs/Downloads/codes/lab02-experimentacao-software/data/repos/oshi__oshi/oshi-common/src/test/java/oshi/hardware/common/AbstractSoundCardTest.java,oshi.hardware.common.AbstractSoundCardTest$Anonymous1,anonymous,0,0,0,0,0,1,0,0,0,0.0,-1.0,-1.0,0,0,0,0,0,0,0,0,0,0,0,0,0,0,0,0,0,0,0,2,0,0,0,0,0,0,0,0,0,0,0,0,0,0,0,-1,0
/Users/kaiohs/Downloads/codes/lab02-experimentacao-software/data/repos/oshi__oshi/oshi-common/src/main/java/oshi/util/driver/linux/Lshal.java,oshi.util.driver.linux.Lshal,class,3,4,1,3,7,1,0,3,3,0.0,0.0,0.0,3,2,2,1,0,0,2,0,0,0,0,0,0,0,0,0,0,0,4,22,4,2,0,0,0,4,0,2,0,2,2,0,0,0,23,17,0
/Users/kaiohs/Downloads/codes/lab02-experimentacao-software/data/repos/oshi__oshi/oshi-core/src/main/java/oshi/util/platform/mac/SysctlUtil.java,oshi.util.platform.mac.SysctlUtil,class,7,12,5,7,18,1,0,14,8,0.375,0.0,0.0,8,7,7,1,0,0,7,0,0,0,2,2,0,2,0,0,2,0,2,78,14,0,7,6,0,1,11,13,1,13,4,0,0,0,70,17,7
/Users/kaiohs/Downloads/codes/lab02-experimentacao-software/data/repos/oshi__oshi/oshi-core/src/test/java/oshi/hardware/platform/windows/WindowsGraphicsCardTest.java,oshi.hardware.platform.windows.WindowsGraphicsCardTest,class,2,2,0,2,16,1,0,6,120,0.0,0.0,0.0,16,0,0,0,0,16,16,0,0,0,0,0,0,0,0,0,0,0,0,50,0,0,0,0,0,16,12,0,0,0,0,0,0,0,36,0,0
/Users/kaiohs/Downloads/codes/lab02-experimentacao-software/data/repos/oshi__oshi/oshi-core/src/main/java/oshi/jna/Struct.java,oshi.jna.Struct$CloseableTimeval,innerclass,2,2,0,2,1,2,0,2,0,0.0,NaN,NaN,1,0,1,0,0,0,1,0,0,0,0,0,0,0,0,0,0,0,1,5,0,0,0,0,0,0,0,0,0,0,0,0,0,0,6,0,0
/Users/kaiohs/Downloads/codes/lab02-experimentacao-software/data/repos/oshi__oshi/oshi-core/src/main/java/oshi/util/platform/mac/SmcUtil.java,oshi.util.platform.mac.SmcUtil,class,13,14,1,13,27,1,0,29,28,0.91666675,0.0,0.0,9,8,8,1,0,0,8,0,0,0,16,16,10,6,0,0,15,0,12,123,16,1,10,5,0,20,32,44,2,31,3,0,0,0,127,17,2
/Users/kaiohs/Downloads/codes/lab02-experimentacao-software/data/repos/oshi__oshi/oshi-demo/src/main/java/oshi/demo/gui/OshiJPanel.java,oshi.demo.gui.OshiJPanel,class,0,8,8,0,2,5,7,7,0,0.33333334,NaN,NaN,1,0,1,0,0,0,1,0,0,0,3,1,0,1,2,0,1,0,1,17,0,0,1,0,0,0,5,5,0,5,1,0,0,0,30,1,0
/Users/kaiohs/Downloads/codes/lab02-experimentacao-software/data/repos/oshi__oshi/oshi-core-java25/src/main/java/oshi/ffm/mac/CoreGraphicsFunctions.java,oshi.ffm.mac.CoreGraphicsFunctions,class,3,4,1,3,3,3,0,6,0,0.33333334,0.0,0.0,3,2,2,1,0,0,2,0,0,0,3,3,0,3,0,0,3,0,1,13,2,0,0,0,0,3,0,3,0,3,0,0,0,0,54,17,0
/Users/kaiohs/Downloads/codes/lab02-experimentacao-software/data/repos/oshi__oshi/oshi-core/src/main/java/oshi/driver/windows/registry/ThreadPerformanceData.java,oshi.driver.windows.registry.ThreadPerformanceData,class,8,12,4,8,17,1,0,25,6,0.75,0.0,0.0,4,3,3,1,0,0,3,0,0,0,1,1,0,1,0,0,1,0,8,142,5,2,3,0,11,1,14,51,9,48,3,0,1,0,118,17,0
/Users/kaiohs/Downloads/codes/lab02-experimentacao-software/data/repos/oshi__oshi/oshi-core/src/test/java/oshi/driver/mac/net/NetstatTest.java,oshi.driver.mac.net.NetstatTest,class,2,2,0,2,1,1,0,5,0,0.0,NaN,NaN,1,0,0,0,0,1,1,0,0,0,0,0,0,0,0,0,0,0,0,5,0,0,0,0,0,1,1,0,0,0,0,0,0,0,15,0,0
/Users/kaiohs/Downloads/codes/lab02-experimentacao-software/data/repos/oshi__oshi/oshi-common/src/main/java/oshi/util/Memoizer.java,oshi.util.Memoizer$Anonymous1,anonymous,1,1,0,1,6,1,0,2,0,0.0,NaN,NaN,1,0,1,0,0,0,1,0,0,0,3,0,0,3,0,0,1,0,1,21,2,0,3,0,2,0,5,7,2,6,3,0,0,0,11,-1,0
/Users/kaiohs/Downloads/codes/lab02-experimentacao-software/data/repos/oshi__oshi/oshi-core-java25/src/test/java/oshi/ffm/VirtualMemoryFFMTest.java,oshi.ffm.VirtualMemoryFFMTest,class,6,6,0,6,2,1,0,16,0,0.0,NaN,NaN,1,0,0,0,0,1,1,0,0,0,0,0,0,0,0,0,0,0,0,14,0,0,0,0,0,10,5,1,0,1,0,0,0,0,43,1,0
/Users/kaiohs/Downloads/codes/lab02-experimentacao-software/data/repos/oshi__oshi/oshi-core/src/main/java/oshi/hardware/platform/windows/WindowsComputerSystem.java,oshi.hardware.platform.windows.WindowsComputerSystem,class,13,15,2,13,17,2,0,11,32,0.7777778,0.0,0.0,9,3,6,3,0,0,6,0,0,0,2,0,0,2,0,0,2,0,9,58,10,0,0,0,0,0,8,16,0,9,1,0,0,0,31,16,0
/Users/kaiohs/Downloads/codes/lab02-experimentacao-software/data/repos/oshi__oshi/oshi-core-java25/src/main/java/oshi/ffm/mac/DiskArbitration.java,oshi.ffm.mac.DiskArbitration$DASessionRef,innerclass,5,5,0,5,4,2,0,2,1,0.0,0.0,0.0,2,1,2,0,0,0,2,0,0,0,0,0,0,0,0,0,0,0,1,15,2,0,1,1,0,0,0,2,0,2,1,0,0,0,27,0,0
/Users/kaiohs/Downloads/codes/lab02-experimentacao-software/data/repos/oshi__oshi/oshi-core/src/main/java/oshi/driver/windows/wmi/MSFTStorage.java,oshi.driver.windows.wmi.MSFTStorage$StoragePoolProperty,enum,0,0,0,0,0,1,0,0,0,0.0,-1.0,-1.0,0,0,0,0,0,0,0,0,0,0,0,0,0,0,0,0,0,0,0,1,0,0,0,0,0,0,0,0,0,0,0,0,0,0,21,1,0
/Users/kaiohs/Downloads/codes/lab02-experimentacao-software/data/repos/oshi__oshi/oshi-core/src/main/java/oshi/jna/Struct.java,oshi.jna.Struct$CloseableMibIfRow2,innerclass,2,2,0,2,1,2,0,2,0,0.0,NaN,NaN,1,0,1,0,0,0,1,0,0,0,0,0,0,0,0,0,0,0,1,5,0,0,0,0,0,0,0,0,0,0,0,0,0,0,16,0,0
/Users/kaiohs/Downloads/codes/lab02-experimentacao-software/data/repos/oshi__oshi/oshi-core/src/main/java/oshi/util/gpu/AdlUtil.java,oshi.util.gpu.AdlUtil$Holder,innerclass,3,3,0,3,5,1,0,4,0,NaN,NaN,NaN,0,0,0,0,0,0,1,0,0,0,3,3,0,0,0,3,3,0,0,34,2,0,1,2,0,5,2,11,0,8,3,0,0,1,37,26,2
/Users/kaiohs/Downloads/codes/lab02-experimentacao-software/data/repos/oshi__oshi/oshi-core/src/main/java/oshi/util/platform/unix/openbsd/FstatUtil.java,oshi.util.platform.unix.openbsd.FstatUtil,class,1,2,1,1,8,1,0,6,3,0.0,0.0,0.0,3,2,2,1,0,0,2,0,0,0,0,0,0,0,0,0,0,0,0,22,3,1,1,0,0,5,8,4,3,4,2,0,0,0,37,17,0
/Users/kaiohs/Downloads/codes/lab02-experimentacao-software/data/repos/oshi__oshi/oshi-core/src/main/java/oshi/software/os/unix/aix/AixOSThread.java,oshi.software.os.unix.aix.AixOSThread,class,7,10,3,7,12,2,0,5,43,0.85858595,0.0,0.0,11,0,11,0,0,0,11,0,0,0,9,0,0,9,0,0,0,0,2,55,11,0,1,0,0,0,0,8,0,10,1,0,0,0,39,1,0
/Users/kaiohs/Downloads/codes/lab02-experimentacao-software/data/repos/oshi__oshi/oshi-common/src/test/java/oshi/util/driver/linux/SysfsTest.java,oshi.util.driver.linux.SysfsTest,class,3,3,0,3,3,1,0,4,1,0.0,0.0,0.0,2,0,0,0,0,2,2,0,0,0,0,0,0,0,0,0,0,0,2,23,0,0,1,0,0,3,0,2,0,2,1,0,0,0,18,0,0
/Users/kaiohs/Downloads/codes/lab02-experimentacao-software/data/repos/oshi__oshi/oshi-core/src/main/java/oshi/driver/windows/wmi/LhmSensor.java,oshi.driver.windows.wmi.LhmSensor$LhmHardwareProperty,enum,0,0,0,0,0,1,0,0,0,0.0,-1.0,-1.0,0,0,0,0,0,0,0,0,0,0,0,0,0,0,0,0,0,0,0,1,0,0,0,0,0,0,0,0,0,0,0,0,0,0,10,1,0
/Users/kaiohs/Downloads/codes/lab02-experimentacao-software/data/repos/oshi__oshi/oshi-core/src/main/java/oshi/util/gpu/AdlUtil.java,oshi.util.gpu.AdlUtil,class,10,12,2,10,52,1,0,25,83,0.8333333,0.0,0.0,14,13,8,6,0,0,8,0,0,0,3,3,0,3,0,0,1,0,25,260,44,2,20,7,0,3,42,29,5,26,3,0,1,0,219,17,3
/Users/kaiohs/Downloads/codes/lab02-experimentacao-software/data/repos/oshi__oshi/oshi-core/src/main/java/oshi/util/platform/unix/freebsd/BsdSysctlUtil.java,oshi.util.platform.unix.freebsd.BsdSysctlUtil,class,7,16,9,7,13,1,0,13,0,0.16666667,0.0,0.0,6,5,5,1,0,0,5,0,0,0,2,2,0,2,0,0,2,0,0,66,12,0,7,6,0,1,11,13,1,13,3,0,0,0,67,17,7
/Users/kaiohs/Downloads/codes/lab02-experimentacao-software/data/repos/oshi__oshi/oshi-core/src/main/java/oshi/jna/platform/unix/AixLibc.java,oshi.jna.platform.unix.AixLibc$Timestruc,innerclass,0,0,0,0,1,1,0,2,0,0.0,NaN,NaN,1,0,1,0,0,0,1,0,0,0,3,0,3,0,0,0,0,0,0,10,0,0,0,0,0,0,0,3,0,3,0,0,0,0,13,0,0
/Users/kaiohs/Downloads/codes/lab02-experimentacao-software/data/repos/oshi__oshi/oshi-common/src/main/java/oshi/hardware/Printer.java,oshi.hardware.Printer,interface,2,12,10,2,8,1,0,0,28,0.0,0.0,0.0,8,0,0,0,0,8,8,0,0,0,0,0,0,0,0,0,0,0,0,11,0,0,0,0,0,0,0,0,0,0,0,0,1,0,53,1,0
/Users/kaiohs/Downloads/codes/lab02-experimentacao-software/data/repos/oshi__oshi/oshi-core/src/main/java/oshi/jna/platform/windows/PowrProf.java,oshi.jna.platform.windows.PowrProf$ProcessorPowerInformation,innerclass,3,3,0,3,2,2,0,1,1,1.0,0.0,0.0,2,0,2,0,0,0,2,0,0,0,6,0,6,0,0,0,0,0,0,15,0,0,0,0,0,6,0,0,0,6,0,0,0,0,19,0,0
/Users/kaiohs/Downloads/codes/lab02-experimentacao-software/data/repos/oshi__oshi/oshi-core/src/main/java/oshi/util/platform/windows/PerfCounterQuery.java,oshi.util.platform.windows.PerfCounterQuery$PdhCounterProperty,interface,0,0,0,0,2,1,0,0,1,0.0,0.0,0.0,2,0,0,0,0,2,2,0,0,0,0,0,0,0,0,0,0,0,0,4,0,0,0,0,0,0,0,0,0,0,0,0,0,0,9,1,0
/Users/kaiohs/Downloads/codes/lab02-experimentacao-software/data/repos/oshi__oshi/oshi-core/src/main/java/oshi/jna/platform/windows/Adl.java,oshi.jna.platform.windows.Adl,interface,3,3,0,3,0,4,0,0,0,NaN,-1.0,-1.0,0,0,0,0,0,0,0,0,0,0,4,0,0,0,0,4,0,0,0,67,0,0,0,0,0,0,4,4,0,4,0,0,5,0,41,1,0
/Users/kaiohs/Downloads/codes/lab02-experimentacao-software/data/repos/oshi__oshi/oshi-core/src/main/java/oshi/jna/Struct.java,oshi.jna.Struct$CloseablePdhRawCounter,innerclass,2,2,0,2,1,2,0,2,0,0.0,NaN,NaN,1,0,1,0,0,0,1,0,0,0,0,0,0,0,0,0,0,0,1,5,0,0,0,0,0,0,0,0,0,0,0,0,0,0,21,0,0
/Users/kaiohs/Downloads/codes/lab02-experimentacao-software/data/repos/oshi__oshi/oshi-core/src/main/java/oshi/driver/windows/wmi/Win32LogicalDiskToPartition.java,oshi.driver.windows.wmi.Win32LogicalDiskToPartition,class,5,6,1,5,2,1,0,1,1,0.5,NaN,NaN,2,1,1,1,0,0,1,0,0,0,1,1,0,1,0,0,1,0,0,10,1,0,0,0,0,1,0,2,0,2,0,0,1,0,53,17,0
/Users/kaiohs/Downloads/codes/lab02-experimentacao-software/data/repos/oshi__oshi/oshi-core/src/main/java/oshi/jna/ByRef.java,oshi.jna.ByRef$CloseablePointerByReference,innerclass,2,2,0,2,1,2,0,2,0,0.0,NaN,NaN,1,0,1,0,0,0,1,0,0,0,0,0,0,0,0,0,0,0,1,5,0,0,0,0,0,0,0,0,0,0,0,0,0,0,7,0,0
/Users/kaiohs/Downloads/codes/lab02-experimentacao-software/data/repos/oshi__oshi/oshi-common/src/test/java/oshi/hardware/common/AbstractBaseboardTest.java,oshi.hardware.common.AbstractBaseboardTest,class,2,2,0,2,1,1,0,3,0,0.0,NaN,NaN,1,0,0,0,0,1,1,0,0,0,1,1,0,1,0,0,1,0,0,24,0,0,0,0,0,4,0,2,0,2,0,1,0,0,14,0,0
/Users/kaiohs/Downloads/codes/lab02-experimentacao-software/data/repos/oshi__oshi/oshi-core/src/main/java/oshi/driver/unix/solaris/kstat/SystemPages.java,oshi.driver.unix.solaris.kstat.SystemPages,class,6,7,1,6,8,1,0,6,3,0.0,NaN,NaN,3,2,1,2,0,0,1,0,0,0,0,0,0,0,0,0,0,0,5,25,3,0,3,1,0,6,9,9,0,7,2,0,0,0,47,17,0
/Users/kaiohs/Downloads/codes/lab02-experimentacao-software/data/repos/oshi__oshi/oshi-core/src/main/java/oshi/software/os/unix/freebsd/FreeBsdOperatingSystem.java,oshi.software.os.unix.freebsd.FreeBsdOperatingSystem,class,25,28,3,25,39,2,0,63,208,0.93650794,0.0,0.0,21,1,18,2,1,0,19,0,0,0,3,3,0,2,0,1,3,0,14,128,26,3,4,0,1,24,23,29,6,34,3,0,1,7,146,1,1
/Users/kaiohs/Downloads/codes/lab02-experimentacao-software/data/repos/oshi__oshi/oshi-core/src/main/java/oshi/jna/platform/unix/CLibrary.java,oshi.jna.platform.unix.CLibrary$BsdIp6stat,innerclass,0,0,0,0,0,1,0,0,0,NaN,-1.0,-1.0,0,0,0,0,0,0,0,0,0,0,2,0,2,0,0,0,0,0,0,4,0,0,0,0,0,0,0,0,0,2,0,0,0,0,5,0,0
/Users/kaiohs/Downloads/codes/lab02-experimentacao-software/data/repos/oshi__oshi/oshi-core-java25/src/main/java/oshi/ffm/mac/CoreFoundation.java,oshi.ffm.mac.CoreFoundation$CFAllocatorRef,innerclass,2,2,0,2,1,2,0,0,0,0.0,NaN,NaN,1,0,1,0,0,0,1,0,0,0,0,0,0,0,0,0,0,0,0,5,0,0,0,0,0,0,0,0,0,0,0,0,0,0,13,0,0
/Users/kaiohs/Downloads/codes/lab02-experimentacao-software/data/repos/oshi__oshi/oshi-core/src/main/java/oshi/hardware/platform/unix/aix/AixCentralProcessor.java,oshi.hardware.platform.unix.aix.AixCentralProcessor,class,16,18,2,16,38,2,0,31,31,0.8,0.0,0.0,11,1,6,2,3,0,9,0,0,0,5,2,0,5,0,0,4,0,5,168,12,6,2,0,7,22,109,68,54,40,3,0,0,0,107,16,0
/Users/kaiohs/Downloads/codes/lab02-experimentacao-software/data/repos/oshi__oshi/oshi-common/src/main/java/oshi/hardware/CentralProcessor.java,oshi.hardware.CentralProcessor$ProcessorIdentifier,innerclass,6,6,0,6,30,1,0,23,49,0.7939394,0.0,0.0,15,0,13,2,0,0,13,0,0,0,11,1,0,11,0,0,11,0,9,121,13,0,0,0,0,19,6,27,2,21,2,0,0,0,154,16,0
/Users/kaiohs/Downloads/codes/lab02-experimentacao-software/data/repos/oshi__oshi/oshi-core/src/main/java/oshi/driver/windows/perfmon/SystemInformation.java,oshi.driver.windows.perfmon.SystemInformation$ContextSwitchProperty,enum,0,0,0,0,3,1,0,0,0,0.33333334,0.0,0.0,3,0,2,0,0,1,3,0,0,0,2,0,0,2,0,0,2,0,0,13,2,0,0,0,0,1,0,2,0,2,0,0,0,0,24,1,0
/Users/kaiohs/Downloads/codes/lab02-experimentacao-software/data/repos/oshi__oshi/oshi-core-java25/src/main/java/oshi/ffm/unix/CupsPrinter.java,oshi.ffm.unix.CupsPrinter,class,11,13,2,11,56,2,0,46,64,0.875,0.0,0.0,12,11,1,10,0,1,2,0,0,0,2,2,0,2,0,0,2,0,28,190,27,7,5,2,1,57,25,54,7,53,4,0,0,0,115,17,2
/Users/kaiohs/Downloads/codes/lab02-experimentacao-software/data/repos/oshi__oshi/oshi-core/src/main/java/oshi/hardware/platform/mac/MacLogicalVolumeGroup.java,oshi.hardware.platform.mac.MacLogicalVolumeGroup,class,4,6,2,4,10,2,0,18,1,0.5,0.0,0.0,2,1,0,0,0,2,2,0,0,0,4,4,0,4,0,0,4,0,3,47,1,1,0,0,0,6,5,16,3,13,4,0,0,3,44,16,0
/Users/kaiohs/Downloads/codes/lab02-experimentacao-software/data/repos/oshi__oshi/oshi-core/src/main/java/oshi/driver/windows/EnumWindows.java,oshi.driver.windows.EnumWindows,class,7,9,2,7,10,1,0,17,3,0.6666667,NaN,NaN,3,2,1,2,0,0,1,0,0,0,1,1,0,1,0,0,1,0,1,38,1,2,3,1,1,0,3,11,2,12,4,0,0,1,57,17,0
/Users/kaiohs/Downloads/codes/lab02-experimentacao-software/data/repos/oshi__oshi/oshi-core/src/main/java/oshi/hardware/platform/unix/solaris/SolarisNetworkIF.java,oshi.hardware.platform.unix.solaris.SolarisNetworkIF,class,8,10,2,8,29,2,0,14,51,0.8051948,0.0,0.0,14,1,13,1,0,0,13,0,0,0,11,1,0,11,0,0,1,0,12,101,16,1,11,2,0,23,30,26,4,15,2,0,0,0,78,17,1
/Users/kaiohs/Downloads/codes/lab02-experimentacao-software/data/repos/oshi__oshi/oshi-core/src/main/java/oshi/driver/windows/perfmon/GpuInformation.java,oshi.driver.windows.perfmon.GpuInformation$GpuAdapterMemoryProperty,enum,0,0,0,0,2,1,0,0,0,0.0,0.0,0.0,2,0,1,0,0,1,2,0,0,0,1,0,0,1,0,0,1,0,0,8,1,0,0,0,0,3,0,1,0,1,0,0,0,0,31,1,0
/Users/kaiohs/Downloads/codes/lab02-experimentacao-software/data/repos/oshi__oshi/oshi-common/src/main/java/oshi/util/UserGroupInfo.java,oshi.util.UserGroupInfo,class,7,13,6,7,17,1,0,16,41,0.8333333,0.0,0.0,10,9,3,7,0,0,3,0,0,0,3,3,0,3,0,0,3,0,16,62,11,2,3,0,0,7,10,13,2,13,2,0,0,0,77,17,0
/Users/kaiohs/Downloads/codes/lab02-experimentacao-software/data/repos/oshi__oshi/oshi-core/src/main/java/oshi/driver/unix/openbsd/disk/Disklabel.java,oshi.driver.unix.openbsd.disk.Disklabel,class,5,7,2,5,18,1,0,20,6,0.0,NaN,NaN,4,3,1,3,0,0,1,0,0,0,0,0,0,0,0,0,0,0,3,67,4,2,1,0,0,12,33,27,11,21,3,0,0,0,56,17,0
/Users/kaiohs/Downloads/codes/lab02-experimentacao-software/data/repos/oshi__oshi/oshi-core/src/main/java/oshi/driver/unix/freebsd/disk/Mount.java,oshi.driver.unix.freebsd.disk.Mount,class,1,2,1,1,4,1,0,6,1,0.5,NaN,NaN,2,1,1,1,0,0,1,0,0,0,2,2,0,2,0,0,2,0,1,16,1,1,0,0,0,2,2,4,0,4,2,0,0,0,36,17,0
/Users/kaiohs/Downloads/codes/lab02-experimentacao-software/data/repos/oshi__oshi/oshi-core-java25/src/main/java/oshi/driver/mac/WindowInfoFFM.java,oshi.driver.mac.WindowInfoFFM,class,12,13,1,12,12,1,0,21,1,0.5,NaN,NaN,2,1,1,1,0,0,1,0,0,0,4,4,0,4,0,0,4,0,15,83,3,1,0,3,0,9,7,39,3,36,5,0,0,0,99,17,0
/Users/kaiohs/Downloads/codes/lab02-experimentacao-software/data/repos/oshi__oshi/oshi-core/src/main/java/oshi/software/os/unix/freebsd/FreeBsdOSProcess.java,oshi.software.os.unix.freebsd.FreeBsdOSProcess,class,17,18,1,17,66,2,0,73,689,0.95299125,0.0,0.0,39,0,33,6,0,0,33,0,0,0,30,3,0,29,0,1,4,0,16,295,47,1,5,3,0,19,71,81,11,66,3,0,1,5,152,1,2
/Users/kaiohs/Downloads/codes/lab02-experimentacao-software/data/repos/oshi__oshi/oshi-core/src/main/java/oshi/hardware/platform/mac/MacSoundCard.java,oshi.hardware.platform.mac.MacSoundCard,class,6,8,2,6,5,2,0,4,1,0.5,0.0,0.0,2,1,1,0,0,1,2,0,0,0,1,1,0,1,0,0,1,0,2,26,1,1,0,0,0,8,0,10,1,7,2,0,0,0,49,16,0
/Users/kaiohs/Downloads/codes/lab02-experimentacao-software/data/repos/oshi__oshi/oshi-core/src/main/java/oshi/hardware/platform/linux/LinuxGlobalMemory.java,oshi.hardware.platform.linux.LinuxGlobalMemory,class,6,8,2,6,14,2,0,9,13,0.77777773,0.0,0.0,6,1,4,2,0,0,4,0,0,0,3,1,0,3,0,0,3,0,1,57,7,1,0,0,0,6,14,16,1,11,3,0,0,0,95,17,0
/Users/kaiohs/Downloads/codes/lab02-experimentacao-software/data/repos/oshi__oshi/oshi-core/src/main/java/oshi/software/os/linux/LinuxInternetProtocolStats.java,oshi.software.os.linux.LinuxInternetProtocolStats$UdpStat,enum,0,0,0,0,0,1,0,0,0,0.0,-1.0,-1.0,0,0,0,0,0,0,0,0,0,0,0,0,0,0,0,0,0,0,0,1,0,0,0,0,0,0,0,0,0,0,0,0,0,0,5,2,0
/Users/kaiohs/Downloads/codes/lab02-experimentacao-software/data/repos/oshi__oshi/oshi-core-java25/src/main/java/oshi/driver/windows/wmi/Win32LogicalDiskFFM.java,oshi.driver.windows.wmi.Win32LogicalDiskFFM$LogicalDiskInfo,innerclass,0,0,0,0,18,1,0,0,135,0.8888889,0.0,0.0,18,0,18,0,0,0,18,0,0,0,9,0,0,9,0,0,0,0,0,65,9,0,0,0,0,5,0,14,0,9,0,0,0,0,35,9,0
/Users/kaiohs/Downloads/codes/lab02-experimentacao-software/data/repos/oshi__oshi/oshi-demo/src/main/java/oshi/demo/gui/UsbPanel.java,oshi.demo.gui.UsbPanel,class,4,6,2,4,5,6,0,14,3,0.8333334,NaN,NaN,3,1,1,2,0,0,1,0,0,0,2,2,0,2,0,0,2,0,3,35,1,1,0,0,0,1,3,10,0,10,2,0,0,1,53,1,0
/Users/kaiohs/Downloads/codes/lab02-experimentacao-software/data/repos/oshi__oshi/oshi-core/src/main/java/oshi/software/os/windows/WindowsOSThread.java,oshi.software.os.windows.WindowsOSThread,class,6,9,3,6,25,2,0,19,54,0.8384615,0.0,0.0,13,0,12,1,0,0,12,0,0,0,10,0,0,10,0,0,1,0,3,100,13,0,2,0,0,3,10,21,2,13,2,0,0,0,59,1,0
/Users/kaiohs/Downloads/codes/lab02-experimentacao-software/data/repos/oshi__oshi/oshi-core-java25/src/main/java/oshi/hardware/platform/mac/MacBaseboardFFM.java,oshi.hardware.platform.mac.MacBaseboardFFM,class,9,10,1,9,17,2,0,13,0,0.2,0.0,0.0,5,1,4,1,0,0,4,0,0,0,1,0,0,1,0,0,1,0,8,51,5,0,6,0,0,18,0,17,0,7,3,0,0,0,31,16,0
/Users/kaiohs/Downloads/codes/lab02-experimentacao-software/data/repos/oshi__oshi/oshi-common/src/main/java/oshi/software/os/OSSession.java,oshi.software.os.OSSession,class,1,15,14,1,10,1,0,8,0,0.56666666,0.0,0.0,6,0,6,0,0,0,6,0,0,0,5,1,0,5,0,0,5,0,5,33,5,0,1,0,0,8,1,8,1,7,1,0,0,0,70,1,0
/Users/kaiohs/Downloads/codes/lab02-experimentacao-software/data/repos/oshi__oshi/oshi-core/src/main/java/oshi/software/os/unix/openbsd/OpenBsdOSThread.java,oshi.software.os.unix.openbsd.OpenBsdOSThread,class,5,7,2,5,28,2,0,15,84,0.859375,0.0,0.0,16,0,15,1,0,0,15,0,0,0,12,0,0,12,0,0,0,0,2,113,15,1,0,0,0,3,13,29,3,20,2,0,0,0,76,1,0
/Users/kaiohs/Downloads/codes/lab02-experimentacao-software/data/repos/oshi__oshi/oshi-core-java25/src/test/java/oshi/ffm/OperatingSystemFFMTest.java,oshi.ffm.OperatingSystemFFMTest,class,7,7,0,7,2,1,0,11,1,0.0,0.0,0.0,2,0,0,0,0,2,2,0,0,0,0,0,0,0,0,0,0,0,0,12,0,0,0,0,0,4,2,1,0,1,0,0,0,0,30,1,0
/Users/kaiohs/Downloads/codes/lab02-experimentacao-software/data/repos/oshi__oshi/oshi-core-java25/src/main/java/oshi/ffm/windows/com/BStrFFM.java,oshi.ffm.windows.com.BStrFFM,class,7,11,4,7,17,3,0,12,0,0.52,0.0,0.0,5,4,4,1,0,0,4,0,0,0,5,5,0,5,0,0,5,0,6,61,10,1,5,3,0,9,7,11,3,11,1,0,0,0,93,17,3
/Users/kaiohs/Downloads/codes/lab02-experimentacao-software/data/repos/oshi__oshi/oshi-core/src/main/java/oshi/jna/Struct.java,oshi.jna.Struct$CloseableHostCpuLoadInfo,innerclass,2,2,0,2,1,2,0,2,0,0.0,NaN,NaN,1,0,1,0,0,0,1,0,0,0,0,0,0,0,0,0,0,0,1,5,0,0,0,0,0,0,0,0,0,0,0,0,0,0,9,0,0
/Users/kaiohs/Downloads/codes/lab02-experimentacao-software/data/repos/oshi__oshi/oshi-core-java25/src/main/java/oshi/ffm/linux/UdevFunctions.java,oshi.ffm.linux.UdevFunctions,class,7,15,8,7,35,2,0,25,338,0.9200626,0.0,0.0,29,28,27,2,0,0,28,0,0,0,22,22,0,22,0,0,22,0,11,193,25,1,0,2,0,27,0,65,0,44,2,0,0,0,216,17,2
/Users/kaiohs/Downloads/codes/lab02-experimentacao-software/data/repos/oshi__oshi/oshi-core/src/test/java/oshi/hardware/ComputerSystemTest.java,oshi.hardware.ComputerSystemTest,class,5,5,0,5,1,1,0,24,0,0.0,NaN,NaN,1,0,0,0,0,1,1,0,0,0,1,1,0,1,0,0,1,0,1,25,0,0,0,0,0,17,0,5,0,5,0,0,0,0,47,0,0
/Users/kaiohs/Downloads/codes/lab02-experimentacao-software/data/repos/oshi__oshi/oshi-core/src/test/java/oshi/util/EdidUtilTest.java,oshi.util.EdidUtilTest,class,4,4,0,4,8,1,0,23,0,0.9206349,0.0,0.0,3,0,0,0,0,3,3,0,0,0,21,21,0,21,0,0,21,0,22,70,0,1,0,0,0,56,16,26,2,26,2,0,0,0,66,0,0
/Users/kaiohs/Downloads/codes/lab02-experimentacao-software/data/repos/oshi__oshi/oshi-core/src/main/java/oshi/software/os/unix/solaris/SolarisNetworkParams.java,oshi.software.os.unix.solaris.SolarisNetworkParams,class,4,5,1,4,4,2,0,5,3,0.6666667,0.0,0.0,3,0,3,0,0,0,3,0,0,0,1,1,0,1,0,0,1,0,0,16,4,0,1,0,0,2,2,2,1,2,1,0,0,0,21,16,0
/Users/kaiohs/Downloads/codes/lab02-experimentacao-software/data/repos/oshi__oshi/oshi-core-java25/src/main/java/oshi/ffm/mac/CoreFoundation.java,oshi.ffm.mac.CoreFoundation$CFDictionaryRef,innerclass,3,3,0,3,17,2,0,7,6,0.0,0.0,0.0,4,0,4,0,0,0,4,0,0,0,0,0,0,0,0,0,0,0,3,41,9,0,3,3,0,1,3,0,1,0,1,0,0,0,60,0,0
/Users/kaiohs/Downloads/codes/lab02-experimentacao-software/data/repos/oshi__oshi/oshi-core/src/main/java/oshi/driver/unix/solaris/disk/Lshal.java,oshi.driver.unix.solaris.disk.Lshal,class,1,2,1,1,6,1,0,8,1,0.5,NaN,NaN,2,1,1,1,0,0,1,0,0,0,1,1,0,1,0,0,1,0,0,23,1,1,1,0,0,3,1,7,1,5,3,0,0,0,39,17,0
/Users/kaiohs/Downloads/codes/lab02-experimentacao-software/data/repos/oshi__oshi/oshi-core/src/main/java/oshi/hardware/platform/linux/LinuxSensors.java,oshi.hardware.platform.linux.LinuxSensors,class,4,6,2,4,47,2,0,53,9,0.81764704,0.0,0.0,10,2,3,6,0,1,4,0,0,0,17,16,2,15,0,0,17,0,16,175,16,7,7,1,1,31,32,57,14,58,5,0,0,9,131,16,0
/Users/kaiohs/Downloads/codes/lab02-experimentacao-software/data/repos/oshi__oshi/oshi-core/src/main/java/oshi/driver/windows/wmi/Win32DiskPartition.java,oshi.driver.windows.wmi.Win32DiskPartition$DiskPartitionProperty,enum,0,0,0,0,0,1,0,0,0,0.0,-1.0,-1.0,0,0,0,0,0,0,0,0,0,0,0,0,0,0,0,0,0,0,0,1,0,0,0,0,0,0,0,0,0,0,0,0,0,0,10,1,0
/Users/kaiohs/Downloads/codes/lab02-experimentacao-software/data/repos/oshi__oshi/oshi-core/src/main/java/oshi/hardware/platform/linux/LinuxFirmware.java,oshi.hardware.platform.linux.LinuxFirmware,class,4,5,1,4,23,2,0,18,25,0.79545456,0.0,0.0,11,1,5,6,0,0,5,0,0,0,8,1,0,8,0,0,8,0,1,93,17,0,10,1,10,6,5,32,1,18,2,0,1,0,50,16,0
/Users/kaiohs/Downloads/codes/lab02-experimentacao-software/data/repos/oshi__oshi/oshi-demo/src/main/java/oshi/demo/jmx/api/JMXOshiAgent.java,oshi.demo.jmx.api.JMXOshiAgent,interface,0,3,3,0,2,1,0,0,1,0.0,0.0,0.0,2,0,2,0,0,0,2,0,0,0,0,0,0,0,0,0,0,0,0,4,0,0,0,0,0,0,0,0,0,0,0,0,0,0,12,1,0
/Users/kaiohs/Downloads/codes/lab02-experimentacao-software/data/repos/oshi__oshi/oshi-core/src/main/java/oshi/jna/platform/windows/NtDll.java,oshi.jna.platform.windows.NtDll$PEB,innerclass,4,4,0,4,0,2,0,0,0,NaN,-1.0,-1.0,0,0,0,0,0,0,0,0,0,0,3,0,3,0,0,0,0,0,0,5,0,0,0,0,0,3,2,2,0,3,0,0,0,0,9,0,0
/Users/kaiohs/Downloads/codes/lab02-experimentacao-software/data/repos/oshi__oshi/oshi-core/src/main/java/oshi/driver/windows/wmi/Win32PhysicalMemory.java,oshi.driver.windows.wmi.Win32PhysicalMemory$PhysicalMemoryProperty,enum,0,0,0,0,0,1,0,0,0,0.0,-1.0,-1.0,0,0,0,0,0,0,0,0,0,0,0,0,0,0,0,0,0,0,0,1,0,0,0,0,0,0,0,0,0,0,0,0,0,0,17,1,0
/Users/kaiohs/Downloads/codes/lab02-experimentacao-software/data/repos/oshi__oshi/oshi-core/src/main/java/oshi/jna/platform/mac/IOKit.java,oshi.jna.platform.mac.IOKit$SMCVal,innerclass,4,4,0,4,1,2,0,2,0,1.0,NaN,NaN,1,0,1,0,0,0,1,0,0,0,4,0,4,0,0,0,0,0,1,9,0,0,0,0,0,4,3,3,0,4,0,0,0,0,18,0,0
/Users/kaiohs/Downloads/codes/lab02-experimentacao-software/data/repos/oshi__oshi/oshi-common/src/test/java/oshi/hardware/common/AbstractFirmwareTest.java,oshi.hardware.common.AbstractFirmwareTest$Anonymous1,anonymous,0,0,0,0,2,1,0,0,1,0.0,0.0,0.0,2,0,2,0,0,0,2,0,0,0,0,0,0,0,0,0,0,0,0,8,2,0,0,0,0,2,0,0,0,0,0,0,0,0,3,-1,0
/Users/kaiohs/Downloads/codes/lab02-experimentacao-software/data/repos/oshi__oshi/oshi-core/src/test/java/oshi/util/UtilTest.java,oshi.util.UtilTest,class,2,2,0,2,5,1,0,9,10,0.0,0.0,0.0,5,0,0,0,0,5,5,0,0,0,0,0,0,0,0,0,0,0,30,42,0,0,0,0,0,71,5,1,1,1,0,0,0,0,50,0,0
/Users/kaiohs/Downloads/codes/lab02-experimentacao-software/data/repos/oshi__oshi/oshi-common/src/test/java/oshi/software/os/OperatingSystemTest.java,oshi.software.os.OperatingSystemTest,class,4,4,0,4,11,1,0,18,0,0.5909091,0.0,0.0,11,0,0,0,0,11,11,0,0,0,2,2,0,2,0,0,2,0,1,141,0,0,0,0,0,9,7,4,0,4,0,2,1,0,55,0,0
/Users/kaiohs/Downloads/codes/lab02-experimentacao-software/data/repos/oshi__oshi/oshi-core/src/main/java/oshi/jna/platform/windows/NtDll.java,oshi.jna.platform.windows.NtDll$PROCESS_BASIC_INFORMATION,innerclass,3,3,0,3,0,2,0,0,0,NaN,-1.0,-1.0,0,0,0,0,0,0,0,0,0,0,3,0,3,0,0,0,0,0,0,5,0,0,0,0,0,3,1,1,0,3,0,0,0,0,21,0,0
/Users/kaiohs/Downloads/codes/lab02-experimentacao-software/data/repos/oshi__oshi/oshi-demo/src/main/java/oshi/demo/gui/OsHwTextPanel.java,oshi.demo.gui.OsHwTextPanel,class,11,13,2,11,13,6,0,37,17,0.83333343,NaN,NaN,7,4,1,6,0,0,1,0,0,0,6,5,0,6,0,0,5,0,13,112,5,2,1,1,0,11,30,48,4,36,4,0,0,1,91,1,0
/Users/kaiohs/Downloads/codes/lab02-experimentacao-software/data/repos/oshi__oshi/oshi-core-java25/src/main/java/oshi/ffm/windows/com/IWbemClassObjectFFM.java,oshi.ffm.windows.com.IWbemClassObjectFFM,class,12,14,2,12,30,4,0,26,7,0.5714286,0.0,0.0,7,5,6,1,0,0,6,0,0,0,2,2,0,2,0,0,2,0,24,103,19,0,17,4,0,7,7,17,0,17,3,0,0,0,98,17,4
/Users/kaiohs/Downloads/codes/lab02-experimentacao-software/data/repos/oshi__oshi/oshi-core/src/main/java/oshi/jna/Struct.java,oshi.jna.Struct$CloseableProcTaskInfo,innerclass,2,2,0,2,1,2,0,2,0,0.0,NaN,NaN,1,0,1,0,0,0,1,0,0,0,0,0,0,0,0,0,0,0,1,5,0,0,0,0,0,0,0,0,0,0,0,0,0,0,8,0,0
/Users/kaiohs/Downloads/codes/lab02-experimentacao-software/data/repos/oshi__oshi/oshi-core/src/main/java/oshi/jna/platform/unix/CLibrary.java,oshi.jna.platform.unix.CLibrary,interface,11,38,27,11,11,3,0,0,55,1.0,0.0,0.0,11,0,0,0,0,11,11,0,0,0,6,0,0,0,0,6,0,0,0,82,0,0,0,0,0,0,6,6,0,6,0,0,6,0,270,1,0
/Users/kaiohs/Downloads/codes/lab02-experimentacao-software/data/repos/oshi__oshi/oshi-core-java25/src/main/java/oshi/ffm/mac/CoreFoundation.java,oshi.ffm.mac.CoreFoundation,interface,2,2,0,2,0,12,0,0,0,NaN,-1.0,-1.0,0,0,0,0,0,0,0,0,0,0,24,0,0,0,0,24,0,0,0,425,0,0,0,0,0,0,24,24,0,24,0,0,11,0,63,1,0
/Users/kaiohs/Downloads/codes/lab02-experimentacao-software/data/repos/oshi__oshi/oshi-core/src/main/java/oshi/util/platform/unix/freebsd/ProcstatUtil.java,oshi.util.platform.unix.freebsd.ProcstatUtil,class,1,2,1,1,14,1,0,7,6,0.0,0.0,0.0,4,3,3,1,0,0,3,0,0,0,0,0,0,0,0,0,0,0,0,36,4,3,3,0,1,8,15,8,3,8,2,0,0,0,53,17,0
/Users/kaiohs/Downloads/codes/lab02-experimentacao-software/data/repos/oshi__oshi/oshi-core/src/main/java/oshi/hardware/platform/linux/LinuxPowerSource.java,oshi.hardware.platform.linux.LinuxPowerSource$PropByName,innerclass,1,1,0,1,2,1,0,3,0,NaN,NaN,NaN,0,0,0,0,0,0,1,0,0,0,1,1,0,0,0,1,1,0,1,8,0,1,0,0,0,0,0,1,0,1,1,0,0,0,23,26,0
/Users/kaiohs/Downloads/codes/lab02-experimentacao-software/data/repos/oshi__oshi/oshi-core/src/main/java/oshi/jna/platform/unix/FreeBsdLibc.java,oshi.jna.platform.unix.FreeBsdLibc$FreeBsdUtmpx,innerclass,4,4,0,4,0,2,0,0,0,NaN,-1.0,-1.0,0,0,0,0,0,0,0,0,0,0,8,0,8,0,0,0,0,0,0,10,0,0,0,0,0,8,1,5,0,8,0,0,0,0,16,0,0
/Users/kaiohs/Downloads/codes/lab02-experimentacao-software/data/repos/oshi__oshi/oshi-core-java25/src/main/java/oshi/ffm/mac/CoreFoundation.java,oshi.ffm.mac.CoreFoundation$CFTypeRef,innerclass,3,3,0,3,23,1,0,10,0,0.11111111,0.0,0.0,9,0,9,0,0,0,9,0,0,0,1,0,0,1,0,0,1,0,5,65,12,0,6,4,0,0,2,2,0,2,2,0,0,0,56,0,0
/Users/kaiohs/Downloads/codes/lab02-experimentacao-software/data/repos/oshi__oshi/oshi-common/src/main/java/oshi/hardware/Display.java,oshi.hardware.Display,interface,2,14,12,2,1,1,0,0,0,0.0,NaN,NaN,1,0,0,0,0,1,1,0,0,0,0,0,0,0,0,0,0,0,0,3,0,0,0,0,0,0,0,0,0,0,0,0,0,0,21,1,0
/Users/kaiohs/Downloads/codes/lab02-experimentacao-software/data/repos/oshi__oshi/oshi-common/src/test/java/oshi/software/os/OSThreadTest.java,oshi.software.os.OSThreadTest$Anonymous1,anonymous,2,2,0,2,10,1,0,0,45,0.0,0.0,0.0,10,0,10,0,0,0,10,0,0,0,0,0,0,0,0,0,0,0,0,32,10,0,0,0,0,0,9,0,0,0,0,0,0,0,22,-1,0
/Users/kaiohs/Downloads/codes/lab02-experimentacao-software/data/repos/oshi__oshi/oshi-core/src/main/java/oshi/jna/common/Nvml.java,oshi.jna.common.Nvml$NvmlLibrary,interface,8,8,0,8,12,1,0,0,66,0.0,0.0,0.0,12,0,0,0,0,12,12,0,0,0,0,0,0,0,0,0,0,0,0,14,0,0,0,0,0,0,0,0,0,0,0,0,0,0,37,0,0
/Users/kaiohs/Downloads/codes/lab02-experimentacao-software/data/repos/oshi__oshi/oshi-common/src/test/java/oshi/software/os/OSThreadTest.java,oshi.software.os.OSThreadTest$Anonymous2,anonymous,2,2,0,2,16,1,0,0,120,0.0,0.0,0.0,16,0,16,0,0,0,16,0,0,0,0,0,0,0,0,0,0,0,0,50,16,0,0,0,0,1,13,0,0,0,0,0,0,0,42,-1,0
/Users/kaiohs/Downloads/codes/lab02-experimentacao-software/data/repos/oshi__oshi/oshi-common/src/test/java/oshi/util/driver/linux/proc/CpuStatTest.java,oshi.util.driver.linux.proc.CpuStatTest,class,4,4,0,4,8,1,0,9,10,0.0,0.0,0.0,5,0,0,0,0,5,5,0,0,0,0,0,0,0,0,0,0,0,6,26,0,3,0,0,0,5,5,3,0,3,2,0,0,0,35,0,0
/Users/kaiohs/Downloads/codes/lab02-experimentacao-software/data/repos/oshi__oshi/oshi-core/src/main/java/oshi/hardware/platform/linux/LinuxPowerSource.java,oshi.hardware.platform.linux.LinuxPowerSource$Prop,enum,0,0,0,0,0,1,0,0,0,0.0,-1.0,-1.0,0,0,0,0,0,0,0,0,0,0,0,0,0,0,0,0,0,0,0,1,0,0,0,0,0,0,0,0,0,0,0,0,0,0,19,4,0
/Users/kaiohs/Downloads/codes/lab02-experimentacao-software/data/repos/oshi__oshi/oshi-core-java25/src/main/java/oshi/software/os/linux/LinuxFileSystemFFM.java,oshi.software.os.linux.LinuxFileSystemFFM,class,7,9,2,7,3,2,0,13,0,0.0,NaN,NaN,1,0,0,0,1,0,1,0,0,0,1,1,0,1,0,0,1,0,7,18,2,0,1,1,0,2,1,5,3,5,2,0,0,0,30,16,2
/Users/kaiohs/Downloads/codes/lab02-experimentacao-software/data/repos/oshi__oshi/oshi-demo/src/main/java/oshi/demo/ComputerID.java,oshi.demo.ComputerID,class,8,9,1,8,3,1,0,17,1,0.5,0.0,0.0,2,2,2,0,0,0,2,0,0,0,1,1,1,0,0,0,1,0,7,26,1,0,0,0,0,13,0,14,2,13,1,0,0,0,113,1,0
/Users/kaiohs/Downloads/codes/lab02-experimentacao-software/data/repos/oshi__oshi/oshi-common/src/test/java/oshi/hardware/common/AbstractUsbDeviceTest.java,oshi.hardware.common.AbstractUsbDeviceTest,class,3,3,0,3,4,1,0,17,6,0.0,0.0,0.0,4,0,0,0,0,4,4,0,0,0,0,0,0,0,0,0,0,0,8,42,0,0,0,0,0,50,3,7,0,7,0,7,0,0,24,0,0
/Users/kaiohs/Downloads/codes/lab02-experimentacao-software/data/repos/oshi__oshi/oshi-core/src/main/java/oshi/jna/common/Nvml.java,oshi.jna.common.Nvml$NvmlPciInfo,innerclass,3,3,0,3,0,2,0,0,0,NaN,-1.0,-1.0,0,0,0,0,0,0,0,0,0,0,7,0,7,0,0,0,0,0,0,9,0,0,0,0,0,7,2,2,0,7,0,0,0,0,13,0,0
/Users/kaiohs/Downloads/codes/lab02-experimentacao-software/data/repos/oshi__oshi/oshi-common/src/main/java/oshi/hardware/common/AbstractComputerSystem.java,oshi.hardware.common.AbstractComputerSystem,class,5,7,2,5,5,1,2,10,10,0.8,0.0,0.0,5,0,3,0,2,0,5,2,0,0,2,0,0,2,0,0,2,0,2,20,3,0,0,0,0,7,0,3,0,3,0,0,0,0,28,1025,0
/Users/kaiohs/Downloads/codes/lab02-experimentacao-software/data/repos/oshi__oshi/oshi-core/src/main/java/oshi/software/os/linux/LinuxFileSystemJNA.java,oshi.software.os.linux.LinuxFileSystemJNA,class,6,8,2,6,3,3,0,7,0,0.0,NaN,NaN,1,0,0,0,1,0,1,0,0,0,1,1,0,1,0,0,1,0,0,17,2,0,1,1,0,2,1,3,3,3,2,0,0,0,37,1,2
/Users/kaiohs/Downloads/codes/lab02-experimentacao-software/data/repos/oshi__oshi/oshi-core/src/main/java/oshi/jna/Struct.java,oshi.jna.Struct$CloseableMibIfRow,innerclass,2,2,0,2,1,2,0,2,0,0.0,NaN,NaN,1,0,1,0,0,0,1,0,0,0,0,0,0,0,0,0,0,0,1,5,0,0,0,0,0,0,0,0,0,0,0,0,0,0,16,0,0
/Users/kaiohs/Downloads/codes/lab02-experimentacao-software/data/repos/oshi__oshi/oshi-core/src/test/java/oshi/hardware/PowerSourceTest.java,oshi.hardware.PowerSourceTest,class,3,3,0,3,2,1,0,11,0,0.0,NaN,NaN,1,0,0,0,0,1,1,0,0,0,0,0,0,0,0,0,0,0,0,11,0,1,0,0,0,2,5,3,0,3,1,0,0,0,36,0,0
/Users/kaiohs/Downloads/codes/lab02-experimentacao-software/data/repos/oshi__oshi/oshi-core/src/main/java/oshi/driver/windows/perfmon/ProcessInformation.java,oshi.driver.windows.perfmon.ProcessInformation$IdleProcessorTimeProperty,enum,0,0,0,0,2,1,0,0,0,0.0,0.0,0.0,2,0,1,0,0,1,2,0,0,0,1,0,0,1,0,0,1,0,0,8,1,0,0,0,0,2,0,1,0,1,0,0,0,0,25,1,0
/Users/kaiohs/Downloads/codes/lab02-experimentacao-software/data/repos/oshi__oshi/oshi-core/src/main/java/oshi/driver/windows/wmi/OhmHardware.java,oshi.driver.windows.wmi.OhmHardware,class,5,6,1,5,2,1,0,4,1,0.5,NaN,NaN,2,1,1,1,0,0,1,0,0,0,1,1,0,1,0,0,1,0,0,12,1,0,0,0,0,3,0,3,0,3,0,0,1,0,55,17,0
/Users/kaiohs/Downloads/codes/lab02-experimentacao-software/data/repos/oshi__oshi/oshi-core-java25/src/main/java/oshi/ffm/mac/MacSystem.java,oshi.ffm.mac.MacSystem,interface,2,2,0,2,0,1,0,6,0,NaN,-1.0,-1.0,0,0,0,0,0,0,0,0,0,0,158,0,0,0,0,158,0,0,0,160,0,0,0,0,0,299,71,158,4,158,0,0,0,0,52,1,0
/Users/kaiohs/Downloads/codes/lab02-experimentacao-software/data/repos/oshi__oshi/oshi-core/src/main/java/oshi/jna/platform/windows/Adl.java,oshi.jna.platform.windows.Adl$ADLODNFanControl,innerclass,2,2,0,2,0,2,0,0,0,NaN,-1.0,-1.0,0,0,0,0,0,0,0,0,0,0,8,0,8,0,0,0,0,0,0,10,0,0,0,0,0,8,0,0,0,8,0,0,0,0,18,0,0
/Users/kaiohs/Downloads/codes/lab02-experimentacao-software/data/repos/oshi__oshi/oshi-common/src/main/java/oshi/util/tuples/Pair.java,oshi.util.tuples.Pair,class,3,23,20,3,3,1,0,0,0,0.33333334,0.0,0.0,3,0,3,0,0,0,3,0,2,0,2,0,0,2,0,0,2,0,0,14,2,0,0,0,0,0,0,2,0,2,0,0,0,0,26,1,0
/Users/kaiohs/Downloads/codes/lab02-experimentacao-software/data/repos/oshi__oshi/oshi-core/src/main/java/oshi/hardware/platform/unix/freebsd/FreeBsdCentralProcessor.java,oshi.hardware.platform.unix.freebsd.FreeBsdCentralProcessor,class,17,19,2,17,66,2,0,60,91,0.9285714,0.0,0.0,14,4,7,5,2,0,10,0,0,0,3,3,0,3,0,0,3,0,27,272,19,10,4,5,4,55,79,101,21,71,4,0,0,0,173,16,1
/Users/kaiohs/Downloads/codes/lab02-experimentacao-software/data/repos/oshi__oshi/oshi-core/src/main/java/oshi/jna/platform/mac/IOKit.java,oshi.jna.platform.mac.IOKit$SMCKeyDataVers,innerclass,2,2,0,2,0,2,0,0,0,NaN,-1.0,-1.0,0,0,0,0,0,0,0,0,0,0,5,0,5,0,0,0,0,0,0,7,0,0,0,0,0,5,0,0,0,5,0,0,0,0,17,0,0
/Users/kaiohs/Downloads/codes/lab02-experimentacao-software/data/repos/oshi__oshi/oshi-core/src/main/java/oshi/hardware/platform/unix/BsdNetworkIF.java,oshi.hardware.platform.unix.BsdNetworkIF,class,5,8,3,5,16,2,0,11,60,0.8538462,0.0,0.0,13,1,13,0,0,0,13,0,0,0,10,1,0,10,0,0,1,0,1,75,13,1,0,1,0,2,19,13,1,13,2,0,0,0,69,17,1
/Users/kaiohs/Downloads/codes/lab02-experimentacao-software/data/repos/oshi__oshi/oshi-core/src/main/java/oshi/hardware/platform/mac/MacUsbDevice.java,oshi.hardware.platform.mac.MacUsbDevice,class,4,7,3,4,4,2,2,7,3,0.0,0.0,0.0,3,1,0,0,3,0,3,0,0,0,0,0,0,0,0,0,0,0,4,19,1,1,0,0,0,10,0,4,2,4,1,0,0,0,84,1,0
/Users/kaiohs/Downloads/codes/lab02-experimentacao-software/data/repos/oshi__oshi/oshi-common/src/main/java/oshi/util/driver/linux/proc/UpTime.java,oshi.util.driver.linux.proc.UpTime,class,3,4,1,3,3,1,0,4,1,0.0,NaN,NaN,2,1,1,1,0,0,1,0,0,0,0,0,0,0,0,0,0,0,2,12,2,0,0,0,0,0,4,2,0,2,1,0,0,0,24,17,0
/Users/kaiohs/Downloads/codes/lab02-experimentacao-software/data/repos/oshi__oshi/oshi-core/src/main/java/oshi/hardware/platform/windows/WindowsNetworkIF.java,oshi.hardware.platform.windows.WindowsNetworkIF,class,8,10,2,8,23,2,0,17,121,0.8950619,0.0,0.0,18,1,18,0,0,0,18,0,0,0,18,3,0,18,0,0,3,0,1,129,19,1,2,3,1,4,4,35,0,21,3,0,0,0,91,17,3
/Users/kaiohs/Downloads/codes/lab02-experimentacao-software/data/repos/oshi__oshi/oshi-core/src/main/java/oshi/driver/windows/DeviceTree.java,oshi.driver.windows.DeviceTree,class,11,13,2,11,11,1,0,26,1,0.5555556,NaN,NaN,3,2,1,2,0,0,1,0,0,0,3,3,0,3,0,0,3,0,6,62,2,3,2,1,0,2,7,25,1,21,6,0,0,1,112,17,0
/Users/kaiohs/Downloads/codes/lab02-experimentacao-software/data/repos/oshi__oshi/oshi-common/src/test/java/oshi/software/common/AbstractInternetProtocolStatsTest.java,oshi.software.common.AbstractInternetProtocolStatsTest,class,4,4,0,4,2,1,0,18,0,0.0,0.0,0.0,2,0,0,0,0,2,2,0,0,0,1,1,0,1,0,0,1,0,0,31,0,0,0,0,0,0,14,3,0,3,0,1,0,0,24,0,0
/Users/kaiohs/Downloads/codes/lab02-experimentacao-software/data/repos/oshi__oshi/oshi-core/src/main/java/oshi/driver/windows/perfmon/GpuInformation.java,oshi.driver.windows.perfmon.GpuInformation,class,5,7,2,5,3,1,0,2,3,0.6666667,0.0,0.0,3,2,2,1,0,0,2,0,0,0,2,2,0,0,0,2,2,0,2,28,2,0,0,0,0,2,0,2,0,2,0,0,2,0,58,17,0
/Users/kaiohs/Downloads/codes/lab02-experimentacao-software/data/repos/oshi__oshi/oshi-core/src/main/java/oshi/jna/ByRef.java,oshi.jna.ByRef$CloseablePROCESSENTRY32ByReference,innerclass,2,2,0,2,1,2,0,2,0,0.0,NaN,NaN,1,0,1,0,0,0,1,0,0,0,0,0,0,0,0,0,0,0,1,5,0,0,0,0,0,0,0,0,0,0,0,0,0,0,16,0,0
/Users/kaiohs/Downloads/codes/lab02-experimentacao-software/data/repos/oshi__oshi/oshi-core/src/main/java/oshi/driver/windows/wmi/Win32Process.java,oshi.driver.windows.wmi.Win32Process$ProcessXPProperty,enum,0,0,0,0,0,1,0,0,0,0.0,-1.0,-1.0,0,0,0,0,0,0,0,0,0,0,0,0,0,0,0,0,0,0,0,1,0,0,0,0,0,0,0,0,0,0,0,0,0,0,22,1,0
/Users/kaiohs/Downloads/codes/lab02-experimentacao-software/data/repos/oshi__oshi/oshi-core-java25/src/main/java/oshi/ffm/windows/PdhFFM.java,oshi.ffm.windows.PdhFFM,class,6,7,1,6,5,3,0,10,0,0.70909095,0.0,0.0,5,5,5,0,0,0,5,0,0,0,11,11,5,6,0,0,11,0,6,28,5,0,0,0,0,15,3,11,0,11,0,0,0,0,52,1,0
/Users/kaiohs/Downloads/codes/lab02-experimentacao-software/data/repos/oshi__oshi/oshi-core/src/test/java/oshi/driver/windows/registry/RegistryDriversTest.java,oshi.driver.windows.registry.RegistryDriversTest,class,4,4,0,4,4,1,0,11,6,0.0,0.0,0.0,4,0,0,0,0,4,4,0,0,0,0,0,0,0,0,0,0,0,0,20,0,0,0,0,0,4,0,2,0,2,0,0,0,0,33,0,0
/Users/kaiohs/Downloads/codes/lab02-experimentacao-software/data/repos/oshi__oshi/oshi-core/src/main/java/oshi/jna/platform/mac/SystemB.java,oshi.jna.platform.mac.SystemB$ProcFileInfo,innerclass,2,2,0,2,0,2,0,0,0,NaN,-1.0,-1.0,0,0,0,0,0,0,0,0,0,0,5,0,5,0,0,0,0,0,0,7,0,0,0,0,0,5,0,0,0,5,0,0,0,0,13,0,0
/Users/kaiohs/Downloads/codes/lab02-experimentacao-software/data/repos/oshi__oshi/oshi-core/src/main/java/oshi/jna/platform/mac/SystemB.java,oshi.jna.platform.mac.SystemB,interface,6,10,4,6,3,9,0,1,3,1.0,0.0,0.0,3,0,0,0,0,3,3,0,0,0,13,0,0,0,0,13,0,0,0,96,0,0,0,0,0,1,12,13,0,13,0,0,8,0,78,1,0
/Users/kaiohs/Downloads/codes/lab02-experimentacao-software/data/repos/oshi__oshi/oshi-core/src/main/java/oshi/hardware/platform/windows/WindowsPowerSource.java,oshi.hardware.platform.windows.WindowsPowerSource,class,3,5,2,3,1,2,2,0,0,1.0,NaN,NaN,1,0,0,0,1,0,1,0,0,0,16,16,0,0,16,0,16,0,0,21,0,0,0,0,0,0,16,16,0,16,0,0,0,0,42,1025,0
/Users/kaiohs/Downloads/codes/lab02-experimentacao-software/data/repos/oshi__oshi/oshi-core/src/main/java/oshi/driver/windows/wmi/Win32VideoController.java,oshi.driver.windows.wmi.Win32VideoController,class,5,6,1,5,2,1,0,3,1,0.5,NaN,NaN,2,1,1,1,0,0,1,0,0,0,1,1,0,1,0,0,1,0,2,10,1,0,0,0,0,1,0,2,0,2,0,0,1,0,34,17,0
/Users/kaiohs/Downloads/codes/lab02-experimentacao-software/data/repos/oshi__oshi/oshi-core/src/test/java/oshi/driver/mac/WindowInfoTest.java,oshi.driver.mac.WindowInfoTest,class,3,3,0,3,2,1,0,16,0,0.0,NaN,NaN,1,0,0,0,0,1,1,0,0,0,0,0,0,0,0,0,0,0,0,18,0,1,0,0,0,6,2,4,0,4,1,0,0,0,51,0,0
/Users/kaiohs/Downloads/codes/lab02-experimentacao-software/data/repos/oshi__oshi/oshi-core/src/main/java/oshi/jna/ByRef.java,oshi.jna.ByRef$CloseableHANDLEByReference,innerclass,2,2,0,2,1,2,0,2,0,0.0,NaN,NaN,1,0,1,0,0,0,1,0,0,0,0,0,0,0,0,0,0,0,1,5,0,0,0,0,0,0,0,0,0,0,0,0,0,0,13,0,0
/Users/kaiohs/Downloads/codes/lab02-experimentacao-software/data/repos/oshi__oshi/oshi-core/src/test/java/oshi/util/FormatUtilTest.java,oshi.util.FormatUtilTest,class,2,2,0,2,10,1,0,13,43,0.8,0.0,0.0,10,0,0,0,0,10,10,0,0,0,1,1,0,1,0,0,1,0,48,82,0,0,0,0,0,101,63,13,20,13,0,0,0,0,91,0,0
/Users/kaiohs/Downloads/codes/lab02-experimentacao-software/data/repos/oshi__oshi/oshi-core/src/main/java/oshi/driver/windows/registry/SessionWtsData.java,oshi.driver.windows.registry.SessionWtsData,class,14,16,2,14,12,1,0,20,3,0.6666667,NaN,NaN,3,2,1,2,0,0,1,0,0,0,6,6,0,6,0,0,6,0,5,67,2,1,3,2,0,2,13,30,0,25,9,0,0,0,105,17,0
/Users/kaiohs/Downloads/codes/lab02-experimentacao-software/data/repos/oshi__oshi/oshi-core/src/main/java/oshi/jna/platform/mac/IOKit.java,oshi.jna.platform.mac.IOKit$SMCKeyData,innerclass,7,7,0,7,1,2,0,2,0,1.0,NaN,NaN,1,0,1,0,0,0,1,0,0,0,9,0,9,0,0,0,0,0,1,14,0,0,0,0,0,9,1,1,0,9,0,0,0,0,27,0,0
/Users/kaiohs/Downloads/codes/lab02-experimentacao-software/data/repos/oshi__oshi/oshi-core/src/main/java/oshi/jna/platform/mac/CoreGraphics.java,oshi.jna.platform.mac.CoreGraphics$CGSize,innerclass,2,2,0,2,0,2,0,0,0,NaN,-1.0,-1.0,0,0,0,0,0,0,0,0,0,0,2,0,2,0,0,0,0,0,0,4,0,0,0,0,0,2,0,0,0,2,0,0,0,0,10,0,0
/Users/kaiohs/Downloads/codes/lab02-experimentacao-software/data/repos/oshi__oshi/oshi-common/src/main/java/oshi/hardware/common/AbstractNetworkIF.java,oshi.hardware.common.AbstractNetworkIF,class,9,12,3,9,36,1,2,64,117,0.87606835,0.0,0.0,18,4,12,3,3,0,15,0,0,0,13,2,0,13,0,0,3,0,21,152,18,4,5,3,0,35,12,31,6,29,4,0,0,1,134,1025,2
/Users/kaiohs/Downloads/codes/lab02-experimentacao-software/data/repos/oshi__oshi/oshi-core-java25/src/main/java/oshi/hardware/platform/mac/MacDisplayFFM.java,oshi.hardware.platform.mac.MacDisplayFFM,class,13,15,2,13,11,2,0,15,3,0.6666667,0.0,0.0,3,2,1,1,0,1,2,0,0,0,1,1,0,1,0,0,1,0,4,60,3,1,6,4,0,6,1,11,0,10,8,0,0,0,36,16,1
/Users/kaiohs/Downloads/codes/lab02-experimentacao-software/data/repos/oshi__oshi/oshi-core/src/main/java/oshi/jna/platform/mac/IOReport.java,oshi.jna.platform.mac.IOReport,interface,8,10,2,8,12,2,0,1,66,1.0,0.0,0.0,12,0,0,0,0,12,12,0,0,0,1,0,0,0,0,1,0,0,0,23,0,0,0,0,0,1,0,1,0,1,0,0,1,0,146,1,0
/Users/kaiohs/Downloads/codes/lab02-experimentacao-software/data/repos/oshi__oshi/oshi-core-java25/src/main/java/oshi/ffm/windows/PsapiFFM.java,oshi.ffm.windows.PsapiFFM,class,4,5,1,4,1,3,0,4,0,0.5,NaN,NaN,1,1,1,0,0,0,1,0,0,0,2,2,0,2,0,0,2,0,3,7,1,0,0,0,0,2,0,2,0,2,0,0,0,0,25,17,0
/Users/kaiohs/Downloads/codes/lab02-experimentacao-software/data/repos/oshi__oshi/oshi-core-java25/src/main/java/oshi/ffm/mac/CoreFoundationFunctions.java,oshi.ffm.mac.CoreFoundationFunctions,class,4,23,19,4,39,3,0,25,0,0.9256756,0.0,0.0,37,36,36,1,0,0,37,0,0,0,44,44,7,37,0,0,44,0,8,170,34,0,0,1,0,37,0,44,0,44,1,0,0,0,98,17,0
/Users/kaiohs/Downloads/codes/lab02-experimentacao-software/data/repos/oshi__oshi/oshi-core/src/test/java/oshi/util/ProcstatUtilTest.java,oshi.util.ProcstatUtilTest,class,3,3,0,3,2,1,0,13,0,0.0,NaN,NaN,1,0,0,0,0,1,1,0,0,0,0,0,0,0,0,0,0,0,1,11,0,0,0,0,0,4,2,1,0,1,1,0,0,0,34,0,0
/Users/kaiohs/Downloads/codes/lab02-experimentacao-software/data/repos/oshi__oshi/oshi-common/src/main/java/oshi/hardware/Sensors.java,oshi.hardware.Sensors,interface,2,12,10,2,3,1,0,0,3,0.0,0.0,0.0,3,0,0,0,0,3,3,0,0,0,0,0,0,0,0,0,0,0,0,5,0,0,0,0,0,0,0,0,0,0,0,0,0,0,109,1,0
/Users/kaiohs/Downloads/codes/lab02-experimentacao-software/data/repos/oshi__oshi/oshi-core/src/main/java/oshi/jna/platform/windows/NtDll.java,oshi.jna.platform.windows.NtDll$STRING,innerclass,3,3,0,3,0,2,0,0,0,NaN,-1.0,-1.0,0,0,0,0,0,0,0,0,0,0,3,0,3,0,0,0,0,0,0,5,0,0,0,0,0,3,0,0,0,3,0,0,0,0,11,0,0
/Users/kaiohs/Downloads/codes/lab02-experimentacao-software/data/repos/oshi__oshi/oshi-core/src/main/java/oshi/driver/mac/disk/Fsstat.java,oshi.driver.mac.disk.Fsstat,class,3,4,1,3,4,1,0,7,3,0.0,NaN,NaN,3,2,1,2,0,0,1,0,0,0,0,0,0,0,0,0,0,0,2,19,2,1,0,0,0,2,3,5,1,5,1,0,0,0,31,17,0
/Users/kaiohs/Downloads/codes/lab02-experimentacao-software/data/repos/oshi__oshi/oshi-core/src/main/java/oshi/hardware/platform/mac/MacGlobalMemory.java,oshi.hardware.platform.mac.MacGlobalMemory,class,9,13,4,9,24,2,2,20,55,0.9090909,0.0,0.0,11,0,5,2,4,0,9,4,0,0,5,1,0,5,0,0,5,0,8,87,8,1,1,0,0,11,19,26,1,18,4,0,0,0,56,1024,1
/Users/kaiohs/Downloads/codes/lab02-experimentacao-software/data/repos/oshi__oshi/oshi-core/src/test/java/oshi/driver/unix/aix/UptimeAndBootTimeTest.java,oshi.driver.unix.aix.UptimeAndBootTimeTest,class,2,2,0,2,1,1,0,8,0,0.0,NaN,NaN,1,0,0,0,0,1,1,0,0,0,0,0,0,0,0,0,0,0,2,10,0,0,0,0,0,4,2,2,1,2,0,0,0,0,23,0,0
/Users/kaiohs/Downloads/codes/lab02-experimentacao-software/data/repos/oshi__oshi/oshi-core/src/main/java/oshi/driver/windows/wmi/Win32Fan.java,oshi.driver.windows.wmi.Win32Fan,class,5,6,1,5,2,1,0,3,1,0.5,NaN,NaN,2,1,1,1,0,0,1,0,0,0,1,1,0,1,0,0,1,0,2,10,1,0,0,0,0,1,0,2,0,2,0,0,1,0,36,17,0
/Users/kaiohs/Downloads/codes/lab02-experimentacao-software/data/repos/oshi__oshi/oshi-core/src/main/java/oshi/driver/windows/perfmon/PhysicalDisk.java,oshi.driver.windows.perfmon.PhysicalDisk$PhysicalDiskProperty,enum,0,0,0,0,2,1,0,0,0,0.0,0.0,0.0,2,0,1,0,0,1,2,0,0,0,1,0,0,1,0,0,1,0,0,8,1,0,0,0,0,6,0,1,0,1,0,0,0,0,36,1,0
/Users/kaiohs/Downloads/codes/lab02-experimentacao-software/data/repos/oshi__oshi/oshi-demo/src/main/java/oshi/demo/jmx/CreateJmxOshiAgent.java,oshi.demo.jmx.CreateJmxOshiAgent,class,3,4,1,3,2,1,0,1,0,0.0,0.0,0.0,2,2,2,0,0,0,2,0,0,0,1,1,0,1,0,0,0,0,2,9,2,0,0,0,0,0,0,1,0,1,0,0,0,0,16,1,0
/Users/kaiohs/Downloads/codes/lab02-experimentacao-software/data/repos/oshi__oshi/oshi-core-java25/src/main/java/oshi/hardware/platform/mac/MacHWDiskStoreFFM.java,oshi.hardware.platform.mac.MacHWDiskStoreFFM$CFKey,enum,0,0,0,0,2,1,0,0,0,0.0,0.0,0.0,2,0,1,0,0,1,2,0,0,0,1,0,0,1,0,0,1,0,0,8,1,0,0,0,0,16,0,1,0,1,0,0,0,0,29,2,0
/Users/kaiohs/Downloads/codes/lab02-experimentacao-software/data/repos/oshi__oshi/oshi-core/src/test/java/oshi/driver/mac/disk/FsstatTest.java,oshi.driver.mac.disk.FsstatTest,class,2,2,0,2,1,1,0,5,0,0.0,NaN,NaN,1,0,0,0,0,1,1,0,0,0,0,0,0,0,0,0,0,0,0,5,0,0,0,0,0,1,0,0,0,0,0,0,0,0,18,0,0
/Users/kaiohs/Downloads/codes/lab02-experimentacao-software/data/repos/oshi__oshi/oshi-core/src/main/java/oshi/jna/platform/mac/SystemB.java,oshi.jna.platform.mac.SystemB$MacUtmpx,innerclass,4,4,0,4,0,2,0,0,0,NaN,-1.0,-1.0,0,0,0,0,0,0,0,0,0,0,8,0,8,0,0,0,0,0,0,10,0,0,0,0,0,8,1,5,0,8,0,0,0,0,15,0,0
/Users/kaiohs/Downloads/codes/lab02-experimentacao-software/data/repos/oshi__oshi/oshi-core/src/main/java/oshi/jna/platform/windows/WindowsDxgi.java,oshi.jna.platform.windows.WindowsDxgi$DxgiFactory,innerclass,4,4,0,4,3,2,0,4,3,0.0,0.0,0.0,3,0,0,0,0,3,3,0,0,0,0,0,0,0,0,0,0,0,0,11,2,0,0,0,0,0,2,0,0,0,0,0,0,0,50,26,0
/Users/kaiohs/Downloads/codes/lab02-experimentacao-software/data/repos/oshi__oshi/oshi-core/src/main/java/oshi/util/platform/windows/PerfDataUtil.java,oshi.util.platform.windows.PerfDataUtil$PerfCounter,innerclass,1,1,0,1,8,1,0,5,0,0.5416667,0.0,0.0,6,0,6,0,0,0,6,0,0,0,4,0,0,4,0,0,4,0,0,40,5,0,1,0,0,1,2,8,0,6,1,0,0,0,33,9,0
/Users/kaiohs/Downloads/codes/lab02-experimentacao-software/data/repos/oshi__oshi/oshi-core/src/main/java/oshi/jna/platform/unix/SolarisLibc.java,oshi.jna.platform.unix.SolarisLibc$SolarisPsInfo,innerclass,7,7,0,7,2,1,0,7,0,0.0,NaN,NaN,1,0,1,0,0,0,1,0,0,0,36,0,36,0,0,0,0,0,7,79,0,0,0,0,0,0,2,36,0,36,1,0,0,0,52,0,0
/Users/kaiohs/Downloads/codes/lab02-experimentacao-software/data/repos/oshi__oshi/oshi-core-java25/src/main/java/oshi/ffm/windows/WinNTFFM.java,oshi.ffm.windows.WinNTFFM,interface,1,1,0,1,0,1,0,5,0,NaN,-1.0,-1.0,0,0,0,0,0,0,0,0,0,0,31,0,0,0,0,31,0,0,0,33,0,0,0,0,0,45,22,31,0,31,0,0,0,0,48,1,0
/Users/kaiohs/Downloads/codes/lab02-experimentacao-software/data/repos/oshi__oshi/oshi-core-java25/src/main/java/oshi/hardware/platform/mac/MacGlobalMemoryFFM.java,oshi.hardware.platform.mac.MacGlobalMemoryFFM,class,10,13,3,10,8,3,0,10,6,1.0,0.0,0.0,4,0,0,0,4,0,4,0,0,0,1,1,0,1,0,0,1,0,4,34,6,0,1,2,1,0,4,8,2,8,2,0,0,0,49,16,0
/Users/kaiohs/Downloads/codes/lab02-experimentacao-software/data/repos/oshi__oshi/oshi-core/src/test/java/oshi/util/GlobalConfigTest.java,oshi.util.GlobalConfigTest$GlobalConfigAsserter,innerclass,2,2,0,2,11,1,0,10,9,0.7142857,0.0,0.0,7,1,0,3,0,4,4,0,0,0,3,2,0,3,0,0,3,0,6,40,6,0,0,0,0,2,0,3,0,3,1,0,0,0,37,24,0
/Users/kaiohs/Downloads/codes/lab02-experimentacao-software/data/repos/oshi__oshi/oshi-common/src/main/java/oshi/util/ParseUtil.java,oshi.util.ParseUtil,class,11,63,52,11,245,1,0,100,1731,0.97372746,0.0,0.0,63,62,61,2,0,0,62,0,0,0,29,29,5,24,0,0,29,0,80,789,109,21,62,16,8,64,257,189,61,124,4,0,0,1,676,17,16
/Users/kaiohs/Downloads/codes/lab02-experimentacao-software/data/repos/oshi__oshi/oshi-core/src/main/java/oshi/driver/windows/wmi/MSFTStorage.java,oshi.driver.windows.wmi.MSFTStorage$VirtualDiskProperty,enum,0,0,0,0,0,1,0,0,0,0.0,-1.0,-1.0,0,0,0,0,0,0,0,0,0,0,0,0,0,0,0,0,0,0,0,1,0,0,0,0,0,0,0,0,0,0,0,0,0,0,20,1,0
/Users/kaiohs/Downloads/codes/lab02-experimentacao-software/data/repos/oshi__oshi/oshi-core-java25/src/main/java/oshi/util/platform/mac/SysctlUtilFFM.java,oshi.util.platform.mac.SysctlUtilFFM,class,8,17,9,8,27,1,0,17,3,0.55,0.0,0.0,10,9,8,2,0,0,8,0,0,0,2,2,0,2,0,0,2,0,15,125,23,0,2,6,0,7,13,31,1,31,2,0,0,0,91,17,8
/Users/kaiohs/Downloads/codes/lab02-experimentacao-software/data/repos/oshi__oshi/oshi-common/src/main/java/oshi/util/Constants.java,oshi.util.Constants,class,1,1,0,1,1,1,0,2,0,1.0,-1.0,-1.0,1,0,0,1,0,0,0,0,0,0,3,3,3,0,0,0,3,0,2,8,0,0,0,0,0,2,0,3,0,3,0,0,0,0,46,17,0
/Users/kaiohs/Downloads/codes/lab02-experimentacao-software/data/repos/oshi__oshi/oshi-core/src/main/java/oshi/driver/windows/wmi/Win32Processor.java,oshi.driver.windows.wmi.Win32Processor$BitnessProperty,enum,0,0,0,0,0,1,0,0,0,0.0,-1.0,-1.0,0,0,0,0,0,0,0,0,0,0,0,0,0,0,0,0,0,0,0,1,0,0,0,0,0,0,0,0,0,0,0,0,0,0,15,1,0
/Users/kaiohs/Downloads/codes/lab02-experimentacao-software/data/repos/oshi__oshi/oshi-core/src/main/java/oshi/hardware/platform/unix/openbsd/OpenBsdSoundCard.java,oshi.hardware.platform.unix.openbsd.OpenBsdSoundCard,class,4,6,2,4,10,2,0,18,1,0.5,0.0,0.0,2,1,1,0,0,1,2,0,0,0,2,2,0,2,0,0,2,0,2,42,1,3,0,0,0,6,7,15,1,12,3,0,0,0,42,16,0
/Users/kaiohs/Downloads/codes/lab02-experimentacao-software/data/repos/oshi__oshi/oshi-core/src/main/java/oshi/hardware/platform/unix/solaris/SolarisGlobalMemory.java,oshi.hardware.platform.unix.solaris.SolarisGlobalMemory,class,6,9,3,6,6,2,0,9,13,0.77777773,0.0,0.0,6,1,4,2,0,0,4,0,0,0,3,0,0,3,0,0,3,0,0,23,6,0,0,0,0,1,1,3,2,3,0,0,0,0,19,16,0
/Users/kaiohs/Downloads/codes/lab02-experimentacao-software/data/repos/oshi__oshi/oshi-core/src/main/java/oshi/hardware/platform/mac/MacGlobalMemoryJNA.java,oshi.hardware.platform.mac.MacGlobalMemoryJNA,class,9,12,3,9,6,3,0,10,6,0.75,0.0,0.0,4,0,0,0,4,0,4,0,0,0,1,1,0,1,0,0,1,0,0,26,6,0,2,2,1,1,4,4,3,4,2,0,0,0,37,16,1
/Users/kaiohs/Downloads/codes/lab02-experimentacao-software/data/repos/oshi__oshi/oshi-demo/src/main/java/oshi/demo/OshiGui.java,oshi.demo.OshiGui,class,10,11,1,10,8,1,0,23,0,0.5555555,NaN,NaN,6,1,1,5,0,0,1,0,0,0,3,0,0,3,0,0,0,0,1,55,1,0,1,0,0,14,2,7,0,8,2,0,0,1,77,1,0
/Users/kaiohs/Downloads/codes/lab02-experimentacao-software/data/repos/oshi__oshi/oshi-core/src/main/java/oshi/driver/unix/Xrandr.java,oshi.driver.unix.Xrandr,class,2,3,1,2,8,1,0,10,1,0.5,NaN,NaN,2,1,1,1,0,0,1,0,0,0,1,1,0,1,0,0,1,0,1,31,2,1,1,0,0,3,2,8,0,6,3,0,0,0,27,17,0
/Users/kaiohs/Downloads/codes/lab02-experimentacao-software/data/repos/oshi__oshi/oshi-core/src/main/java/oshi/driver/windows/wmi/Win32ComputerSystemProduct.java,oshi.driver.windows.wmi.Win32ComputerSystemProduct,class,5,6,1,5,2,1,0,3,1,0.5,NaN,NaN,2,1,1,1,0,0,1,0,0,0,1,1,0,1,0,0,1,0,2,10,1,0,0,0,0,1,0,2,0,2,0,0,1,0,34,17,0
/Users/kaiohs/Downloads/codes/lab02-experimentacao-software/data/repos/oshi__oshi/oshi-core/src/test/java/oshi/software/os/NetworkParamsTest.java,oshi.software.os.NetworkParamsTest,class,3,3,0,3,1,1,0,10,0,0.0,NaN,NaN,1,0,0,0,0,1,1,0,0,0,0,0,0,0,0,0,0,0,0,11,0,0,0,0,0,5,0,2,0,2,0,0,0,0,27,0,0
/Users/kaiohs/Downloads/codes/lab02-experimentacao-software/data/repos/oshi__oshi/oshi-core/src/main/java/oshi/hardware/platform/linux/LinuxHardwareAbstractionLayerJNA.java,oshi.hardware.platform.linux.LinuxHardwareAbstractionLayerJNA,class,12,13,1,12,5,3,0,5,10,0.0,0.0,0.0,5,0,5,0,0,0,5,0,0,0,0,0,0,0,0,0,0,0,5,17,5,0,0,0,0,0,0,0,0,0,0,0,0,0,37,17,0
/Users/kaiohs/Downloads/codes/lab02-experimentacao-software/data/repos/oshi__oshi/oshi-core/src/main/java/oshi/driver/unix/aix/Uptime.java,oshi.driver.unix.aix.Uptime,class,1,2,1,1,7,1,0,7,1,0.5,NaN,NaN,2,1,1,1,0,0,1,0,0,0,4,4,0,4,0,0,4,0,1,29,1,0,2,0,0,4,13,12,6,7,2,0,0,0,43,17,0
/Users/kaiohs/Downloads/codes/lab02-experimentacao-software/data/repos/oshi__oshi/oshi-core/src/test/java/oshi/driver/unix/aix/PsInfoTest.java,oshi.driver.unix.aix.PsInfoTest,class,8,8,0,8,2,1,0,19,0,0.0,NaN,NaN,1,0,0,0,0,1,1,0,0,0,0,0,0,0,0,0,0,0,2,19,0,1,0,0,0,4,1,8,0,9,1,0,0,1,34,0,0
/Users/kaiohs/Downloads/codes/lab02-experimentacao-software/data/repos/oshi__oshi/oshi-core-java25/src/main/java/oshi/hardware/platform/linux/LinuxNetworkIFFFM.java,oshi.hardware.platform.linux.LinuxNetworkIFFFM,class,8,10,2,8,11,2,0,17,1,0.33333334,0.0,0.0,3,2,1,1,0,1,2,0,0,0,1,1,0,1,0,0,1,0,9,55,6,1,0,4,0,5,0,8,2,8,6,0,0,0,61,17,2
/Users/kaiohs/Downloads/codes/lab02-experimentacao-software/data/repos/oshi__oshi/oshi-core/src/main/java/oshi/driver/unix/solaris/PsInfo.java,oshi.driver.unix.solaris.PsInfo,class,15,18,3,15,31,1,0,31,30,0.7407408,0.0,0.0,9,8,6,3,0,0,6,0,0,0,3,3,0,3,0,0,3,0,12,119,14,4,11,2,2,12,28,40,15,31,6,0,0,0,146,17,5
/Users/kaiohs/Downloads/codes/lab02-experimentacao-software/data/repos/oshi__oshi/oshi-core/src/main/java/oshi/jna/platform/windows/Adl.java,oshi.jna.platform.windows.Adl$ADLODNPerformanceStatus,innerclass,2,2,0,2,0,2,0,0,0,NaN,-1.0,-1.0,0,0,0,0,0,0,0,0,0,0,18,0,18,0,0,0,0,0,0,20,0,0,0,0,0,18,0,0,0,18,0,0,0,0,29,0,0
/Users/kaiohs/Downloads/codes/lab02-experimentacao-software/data/repos/oshi__oshi/oshi-common/src/main/java/oshi/util/driver/unix/NetStat.java,oshi.util.driver.unix.NetStat,class,10,13,3,10,70,1,0,21,15,0.0,0.0,0.0,6,5,4,2,0,0,4,0,0,0,0,0,0,0,0,0,0,0,27,179,8,4,4,2,1,59,72,51,4,31,4,0,0,0,109,17,0
/Users/kaiohs/Downloads/codes/lab02-experimentacao-software/data/repos/oshi__oshi/oshi-core-java25/src/main/java/oshi/ffm/mac/DiskArbitrationFunctions.java,oshi.ffm.mac.DiskArbitrationFunctions,class,3,6,3,3,6,3,0,6,0,0.5833334,0.0,0.0,6,5,5,1,0,0,5,0,0,0,6,6,0,6,0,0,6,0,1,25,5,0,0,0,0,6,0,6,0,6,0,0,0,0,35,17,0
/Users/kaiohs/Downloads/codes/lab02-experimentacao-software/data/repos/oshi__oshi/oshi-core/src/main/java/oshi/software/os/mac/MacOperatingSystemJNA.java,oshi.software.os.mac.MacOperatingSystemJNA,class,21,24,3,21,27,3,0,24,91,0.9285714,0.0,0.0,14,0,13,0,1,0,15,0,0,0,1,1,0,1,0,0,1,0,8,82,12,2,4,2,1,10,19,19,6,17,3,0,0,0,90,1,0
/Users/kaiohs/Downloads/codes/lab02-experimentacao-software/data/repos/oshi__oshi/oshi-core-java25/src/main/java/oshi/hardware/platform/linux/LinuxHardwareAbstractionLayerFFM.java,oshi.hardware.platform.linux.LinuxHardwareAbstractionLayerFFM,class,14,15,1,14,6,2,0,5,15,0.0,0.0,0.0,6,0,6,0,0,0,6,0,0,0,0,0,0,0,0,0,0,0,5,20,6,0,0,0,0,0,0,0,0,0,0,0,0,0,36,17,0
/Users/kaiohs/Downloads/codes/lab02-experimentacao-software/data/repos/oshi__oshi/oshi-common/src/test/java/oshi/hardware/common/AbstractDisplayTest.java,oshi.hardware.common.AbstractDisplayTest,class,3,3,0,3,3,1,0,5,3,0.0,0.0,0.0,3,0,0,0,0,3,3,0,0,0,0,0,0,0,0,0,0,0,0,23,0,0,0,0,0,0,14,6,0,4,0,3,0,0,21,0,0
/Users/kaiohs/Downloads/codes/lab02-experimentacao-software/data/repos/oshi__oshi/oshi-core/src/main/java/oshi/hardware/platform/linux/LinuxNetworkIFJNA.java,oshi.hardware.platform.linux.LinuxNetworkIFJNA,class,7,9,2,7,10,3,0,13,3,0.6666667,0.0,0.0,3,2,1,1,0,1,2,0,0,0,1,1,0,1,0,0,1,0,2,49,5,1,2,3,0,4,0,7,2,7,6,0,0,0,59,17,1
/Users/kaiohs/Downloads/codes/lab02-experimentacao-software/data/repos/oshi__oshi/oshi-common/src/main/java/oshi/util/ExecutingCommand.java,oshi.util.ExecutingCommand,class,6,32,26,6,28,1,0,38,49,0.8181819,0.0,0.0,11,10,7,3,0,1,8,0,0,0,2,2,0,2,0,0,2,0,25,105,15,1,5,5,1,11,3,12,1,11,2,0,0,0,150,17,5
/Users/kaiohs/Downloads/codes/lab02-experimentacao-software/data/repos/oshi__oshi/oshi-common/src/main/java/oshi/hardware/HWPartition.java,oshi.hardware.HWPartition,class,4,17,13,4,14,1,0,14,30,0.7592593,0.0,0.0,12,0,12,0,0,0,12,0,0,0,9,0,0,9,0,0,9,0,2,63,10,0,0,0,0,14,0,10,2,10,0,0,0,0,76,1,0
/Users/kaiohs/Downloads/codes/lab02-experimentacao-software/data/repos/oshi__oshi/oshi-core/src/main/java/oshi/jna/platform/unix/OpenBsdLibc.java,oshi.jna.platform.unix.OpenBsdLibc$Bcachestats,innerclass,3,3,0,3,1,2,0,1,0,1.0,NaN,NaN,1,0,1,0,0,0,1,0,0,0,18,0,18,0,0,0,0,0,0,24,0,0,0,0,0,18,0,0,0,18,0,0,0,0,30,0,0
/Users/kaiohs/Downloads/codes/lab02-experimentacao-software/data/repos/oshi__oshi/oshi-common/src/test/java/oshi/TestConstants.java,oshi.TestConstants,class,0,0,0,0,1,1,0,0,0,0.0,-1.0,-1.0,1,0,0,1,0,0,0,0,0,0,1,1,1,0,0,0,1,0,0,5,0,0,0,0,0,1,0,1,0,1,0,0,0,0,13,17,0
/Users/kaiohs/Downloads/codes/lab02-experimentacao-software/data/repos/oshi__oshi/oshi-common/src/test/java/oshi/util/driver/linux/proc/DiskStatsTest.java,oshi.util.driver.linux.proc.DiskStatsTest,class,4,4,0,4,1,1,0,4,0,0.0,NaN,NaN,1,0,0,0,0,1,1,0,0,0,0,0,0,0,0,0,0,0,1,11,0,0,0,0,0,3,0,1,0,3,1,0,0,1,18,0,0
/Users/kaiohs/Downloads/codes/lab02-experimentacao-software/data/repos/oshi__oshi/oshi-common/src/test/java/oshi/software/common/AbstractNetworkParamsTest.java,oshi.software.common.AbstractNetworkParamsTest$Anonymous1,anonymous,0,0,0,0,2,1,0,0,1,0.0,0.0,0.0,2,0,2,0,0,0,2,0,0,0,0,0,0,0,0,0,0,0,0,8,2,0,0,0,0,2,0,0,0,0,0,0,0,0,5,-1,0
/Users/kaiohs/Downloads/codes/lab02-experimentacao-software/data/repos/oshi__oshi/oshi-core/src/main/java/oshi/jna/platform/unix/Cups.java,oshi.jna.platform.unix.Cups$CupsDest,innerclass,3,3,0,3,2,2,0,1,1,1.0,0.0,0.0,2,0,2,0,0,0,2,0,0,0,5,0,5,0,0,0,0,0,0,14,0,0,0,0,0,5,0,0,0,5,0,0,0,0,18,0,0
/Users/kaiohs/Downloads/codes/lab02-experimentacao-software/data/repos/oshi__oshi/oshi-core-java25/src/main/java/oshi/hardware/platform/mac/MacUsbDeviceFFM.java,oshi.hardware.platform.mac.MacUsbDeviceFFM,class,16,18,2,16,29,3,0,35,0,0.46666667,NaN,NaN,5,4,1,4,0,0,1,0,0,0,3,3,0,3,0,0,3,0,18,145,4,5,16,4,0,17,11,44,0,39,6,0,0,1,108,17,1
/Users/kaiohs/Downloads/codes/lab02-experimentacao-software/data/repos/oshi__oshi/oshi-core/src/main/java/oshi/driver/mac/IOReportClient.java,oshi.driver.mac.IOReportClient$ChannelStates,innerclass,0,0,0,0,2,1,0,0,0,0.0,0.0,0.0,2,0,0,0,0,2,2,0,0,0,1,0,0,1,0,0,1,0,0,9,1,0,0,0,0,0,0,1,0,1,0,0,0,0,20,26,0
/Users/kaiohs/Downloads/codes/lab02-experimentacao-software/data/repos/oshi__oshi/oshi-core/src/main/java/oshi/util/platform/windows/PerfCounterQueryHandler.java,oshi.util.platform.windows.PerfCounterQueryHandler,class,6,9,3,6,19,1,0,23,0,0.38888893,0.0,0.0,6,0,6,0,0,0,6,0,0,0,3,1,0,3,0,0,1,0,10,76,9,1,4,1,0,5,4,12,0,7,2,0,0,0,94,17,5
/Users/kaiohs/Downloads/codes/lab02-experimentacao-software/data/repos/oshi__oshi/oshi-common/src/main/java/oshi/hardware/CentralProcessor.java,oshi.hardware.CentralProcessor$ProcessorCache$Type,enum,0,0,0,0,1,1,0,4,0,0.0,NaN,NaN,1,0,1,0,0,0,1,0,0,0,0,0,0,0,0,0,0,0,0,4,1,0,0,0,0,0,3,0,1,0,0,0,0,0,13,1,0
/Users/kaiohs/Downloads/codes/lab02-experimentacao-software/data/repos/oshi__oshi/oshi-common/src/main/java/oshi/hardware/common/AbstractFirmware.java,oshi.hardware.common.AbstractFirmware,class,3,8,5,3,5,1,3,7,6,0.0,0.0,0.0,4,0,4,0,0,0,4,0,0,0,0,0,0,0,0,0,0,0,0,20,4,0,1,0,0,10,0,1,0,1,0,0,0,0,15,1025,0
/Users/kaiohs/Downloads/codes/lab02-experimentacao-software/data/repos/oshi__oshi/oshi-core/src/main/java/oshi/software/os/windows/WindowsOperatingSystem.java,oshi.software.os.windows.WindowsOperatingSystem,class,48,52,4,48,109,2,1,105,703,0.95512813,0.0,0.0,39,15,22,13,1,3,27,0,0,0,12,7,0,12,0,0,7,0,34,351,55,3,23,10,13,41,51,73,5,57,5,0,0,2,225,1,9
/Users/kaiohs/Downloads/codes/lab02-experimentacao-software/data/repos/oshi__oshi/oshi-core/src/main/java/oshi/hardware/platform/mac/MacUsbDeviceJNA.java,oshi.hardware.platform.mac.MacUsbDeviceJNA,class,12,14,2,12,26,3,0,30,0,0.46666667,NaN,NaN,5,4,1,4,0,0,1,0,0,0,3,3,0,3,0,0,3,0,10,123,3,5,15,0,0,16,11,42,0,37,4,0,0,1,152,17,0
/Users/kaiohs/Downloads/codes/lab02-experimentacao-software/data/repos/oshi__oshi/oshi-core/src/main/java/oshi/hardware/platform/unix/openbsd/OpenBsdPowerSource.java,oshi.hardware.platform.unix.openbsd.OpenBsdPowerSource,class,5,7,2,5,37,2,0,14,6,0.0,0.0,0.0,4,2,2,1,1,0,3,0,0,0,0,0,0,0,0,0,0,0,2,102,3,3,3,0,3,20,51,44,7,28,4,0,0,0,66,17,0
/Users/kaiohs/Downloads/codes/lab02-experimentacao-software/data/repos/oshi__oshi/oshi-core/src/main/java/oshi/driver/unix/freebsd/disk/GeomPartList.java,oshi.driver.unix.freebsd.disk.GeomPartList,class,3,4,1,3,20,1,0,21,1,0.5,NaN,NaN,2,1,1,1,0,0,1,0,0,0,2,2,0,2,0,0,2,0,3,78,1,1,6,0,0,13,15,35,4,18,5,0,0,0,60,17,0
/Users/kaiohs/Downloads/codes/lab02-experimentacao-software/data/repos/oshi__oshi/oshi-core-java25/src/main/java/oshi/software/os/mac/MacInternetProtocolStatsFFM.java,oshi.software.os.mac.MacInternetProtocolStatsFFM,class,20,22,2,20,43,2,0,32,133,0.8518519,0.0,0.0,18,8,6,8,0,4,10,0,0,0,6,0,0,6,0,0,0,0,60,201,26,4,10,7,0,8,106,73,25,60,5,0,0,0,121,1,0
/Users/kaiohs/Downloads/codes/lab02-experimentacao-software/data/repos/oshi__oshi/oshi-core/src/main/java/oshi/hardware/platform/unix/aix/AixHardwareAbstractionLayer.java,oshi.hardware.platform.unix.aix.AixHardwareAbstractionLayer,class,27,28,1,27,12,2,0,10,36,0.7083334,0.0,0.0,12,0,12,0,0,0,12,0,0,0,2,0,0,2,0,0,2,0,8,40,12,0,0,0,0,0,0,2,0,2,0,0,0,0,38,17,0
/Users/kaiohs/Downloads/codes/lab02-experimentacao-software/data/repos/oshi__oshi/oshi-core/src/main/java/oshi/hardware/platform/unix/openbsd/OpenBsdComputerSystem.java,oshi.hardware.platform.unix.openbsd.OpenBsdComputerSystem,class,7,8,1,7,10,2,0,3,39,0.825,0.0,0.0,10,4,4,4,2,0,6,0,0,0,4,0,0,4,0,0,4,0,5,36,10,0,0,0,0,5,0,4,0,4,0,0,0,0,27,1,0
/Users/kaiohs/Downloads/codes/lab02-experimentacao-software/data/repos/oshi__oshi/oshi-core/src/main/java/oshi/driver/windows/perfmon/PhysicalDisk.java,oshi.driver.windows.perfmon.PhysicalDisk,class,4,5,1,4,3,1,0,3,1,0.0,NaN,NaN,2,1,1,1,0,0,1,0,0,0,0,0,0,0,0,0,0,0,3,18,2,0,0,0,0,0,0,0,0,0,1,0,1,0,44,17,0
/Users/kaiohs/Downloads/codes/lab02-experimentacao-software/data/repos/oshi__oshi/oshi-core/src/test/java/oshi/jna/util/FileUtilJNATest.java,oshi.jna.util.FileUtilJNATest,class,1,1,0,1,3,1,0,11,0,0.0,NaN,NaN,1,0,0,0,0,1,1,0,0,0,0,0,0,0,0,0,0,0,2,23,0,0,0,0,0,4,10,1,1,1,1,0,0,0,31,0,0
/Users/kaiohs/Downloads/codes/lab02-experimentacao-software/data/repos/oshi__oshi/oshi-core/src/main/java/oshi/driver/windows/wmi/LhmSensor.java,oshi.driver.windows.wmi.LhmSensor,class,6,8,2,6,3,1,0,6,3,0.6666667,0.0,0.0,3,2,2,1,0,0,2,0,0,0,1,1,0,1,0,0,1,0,4,22,2,0,0,0,0,6,0,6,0,6,0,0,2,0,76,17,0
/Users/kaiohs/Downloads/codes/lab02-experimentacao-software/data/repos/oshi__oshi/oshi-core-java25/src/main/java/oshi/driver/linux/proc/AuxvFFM.java,oshi.driver.linux.proc.AuxvFFM,class,3,4,1,3,4,1,0,3,1,0.0,NaN,NaN,2,1,1,1,0,0,1,0,0,0,0,0,0,0,0,0,0,0,3,17,1,1,2,0,0,0,0,3,0,3,2,0,0,0,37,17,0
/Users/kaiohs/Downloads/codes/lab02-experimentacao-software/data/repos/oshi__oshi/oshi-common/src/test/java/oshi/software/os/OSThreadTest.java,oshi.software.os.OSThreadTest,class,2,2,0,2,7,1,0,8,0,0.5,0.0,0.0,7,0,0,0,0,7,7,0,0,0,2,2,0,2,0,0,2,0,0,112,0,0,0,0,0,2,8,2,0,2,0,2,0,0,41,0,0
/Users/kaiohs/Downloads/codes/lab02-experimentacao-software/data/repos/oshi__oshi/oshi-common/src/main/java/oshi/util/driver/linux/Dmidecode.java,oshi.util.driver.linux.Dmidecode,class,3,4,1,3,12,1,0,5,6,0.0,0.0,0.0,4,3,3,1,0,0,3,0,0,0,0,0,0,0,0,0,0,0,3,41,5,3,0,0,0,8,6,9,1,7,3,0,0,0,39,17,0
/Users/kaiohs/Downloads/codes/lab02-experimentacao-software/data/repos/oshi__oshi/oshi-common/src/test/java/oshi/hardware/common/AbstractDisplayTest.java,oshi.hardware.common.AbstractDisplayTest$Anonymous1,anonymous,0,0,0,0,0,1,0,0,0,0.0,-1.0,-1.0,0,0,0,0,0,0,0,0,0,0,0,0,0,0,0,0,0,0,0,2,0,0,0,0,0,0,0,0,0,0,0,0,0,0,0,-1,0
/Users/kaiohs/Downloads/codes/lab02-experimentacao-software/data/repos/oshi__oshi/oshi-core-java25/src/main/java/oshi/hardware/platform/linux/LinuxLogicalVolumeGroupFFM.java,oshi.hardware.platform.linux.LinuxLogicalVolumeGroupFFM,class,7,9,2,7,16,2,0,39,1,0.5,0.0,0.0,2,1,0,0,0,2,2,0,0,0,1,1,0,1,0,0,1,0,24,76,4,2,4,4,0,4,0,19,3,22,10,0,0,4,59,16,2
/Users/kaiohs/Downloads/codes/lab02-experimentacao-software/data/repos/oshi__oshi/oshi-common/src/test/java/oshi/hardware/common/AbstractDisplayTest.java,oshi.hardware.common.AbstractDisplayTest$Anonymous2,anonymous,0,0,0,0,0,1,0,0,0,0.0,-1.0,-1.0,0,0,0,0,0,0,0,0,0,0,0,0,0,0,0,0,0,0,0,2,0,0,0,0,0,0,0,0,0,0,0,0,0,0,0,-1,0
/Users/kaiohs/Downloads/codes/lab02-experimentacao-software/data/repos/oshi__oshi/oshi-common/src/test/java/oshi/hardware/common/AbstractDisplayTest.java,oshi.hardware.common.AbstractDisplayTest$Anonymous3,anonymous,0,0,0,0,0,1,0,0,0,0.0,-1.0,-1.0,0,0,0,0,0,0,0,0,0,0,0,0,0,0,0,0,0,0,0,2,0,0,0,0,0,0,0,0,0,0,0,0,0,0,0,-1,0
/Users/kaiohs/Downloads/codes/lab02-experimentacao-software/data/repos/oshi__oshi/oshi-common/src/main/java/oshi/hardware/common/AbstractVirtualMemory.java,oshi.hardware.common.AbstractVirtualMemory,class,3,5,2,3,1,1,2,7,0,0.0,NaN,NaN,1,0,1,0,0,0,1,0,0,0,0,0,0,0,0,0,0,0,4,14,1,0,0,0,0,4,0,1,0,1,0,0,0,0,14,1025,0
/Users/kaiohs/Downloads/codes/lab02-experimentacao-software/data/repos/oshi__oshi/oshi-core/src/main/java/oshi/driver/windows/wmi/MSFTStorage.java,oshi.driver.windows.wmi.MSFTStorage,class,8,9,1,8,5,1,0,1,0,0.68,0.0,0.0,5,4,4,1,0,0,4,0,0,0,5,5,0,5,0,0,5,0,0,29,4,0,0,0,0,5,0,9,0,9,0,0,4,0,96,17,0
/Users/kaiohs/Downloads/codes/lab02-experimentacao-software/data/repos/oshi__oshi/oshi-core/src/main/java/oshi/jna/platform/windows/Kernel32.java,oshi.jna.platform.windows.Kernel32$ProcessorFeature,enum,0,0,0,0,2,1,0,0,0,0.0,0.0,0.0,2,0,1,0,0,1,2,0,0,0,1,0,0,1,0,0,1,0,0,8,1,0,0,0,0,0,44,1,0,1,0,0,0,0,48,0,0
/Users/kaiohs/Downloads/codes/lab02-experimentacao-software/data/repos/oshi__oshi/oshi-core/src/main/java/oshi/util/platform/windows/PerfDataUtil.java,oshi.util.platform.windows.PerfDataUtil,class,11,15,4,11,27,1,0,21,0,0.6,0.0,0.0,9,8,8,1,0,0,8,0,0,0,5,5,0,5,0,0,5,0,6,119,13,1,8,3,0,5,5,15,1,14,3,0,1,0,108,17,5
/Users/kaiohs/Downloads/codes/lab02-experimentacao-software/data/repos/oshi__oshi/oshi-demo/src/main/java/oshi/demo/jmx/demo/PropertiesAvailable.java,oshi.demo.jmx.demo.PropertiesAvailable,interface,0,2,2,0,1,1,0,0,0,0.0,NaN,NaN,1,0,0,0,0,1,1,0,0,0,0,0,0,0,0,0,0,0,0,3,0,0,0,0,0,0,0,0,0,0,0,0,0,0,3,1,0
/Users/kaiohs/Downloads/codes/lab02-experimentacao-software/data/repos/oshi__oshi/oshi-core/src/main/java/oshi/driver/linux/proc/AuxvJNA.java,oshi.driver.linux.proc.AuxvJNA,class,2,4,2,2,4,1,0,5,1,0.0,NaN,NaN,2,1,1,1,0,0,1,0,0,0,0,0,0,0,0,0,0,0,2,17,1,1,2,0,0,0,0,3,0,3,2,0,0,0,37,17,0
/Users/kaiohs/Downloads/codes/lab02-experimentacao-software/data/repos/oshi__oshi/oshi-demo/src/main/java/oshi/demo/Json.java,oshi.demo.Json,class,6,6,0,6,2,1,0,8,0,0.0,NaN,NaN,1,1,1,0,0,0,1,0,0,0,0,0,0,0,0,0,0,0,0,18,0,0,0,1,0,4,0,5,1,5,1,0,0,0,43,1,0
/Users/kaiohs/Downloads/codes/lab02-experimentacao-software/data/repos/oshi__oshi/oshi-core/src/main/java/oshi/jna/Struct.java,oshi.jna.Struct$CloseableMibTcpStats,innerclass,2,2,0,2,1,2,0,2,0,0.0,NaN,NaN,1,0,1,0,0,0,1,0,0,0,0,0,0,0,0,0,0,0,1,5,0,0,0,0,0,0,0,0,0,0,0,0,0,0,17,0,0
/Users/kaiohs/Downloads/codes/lab02-experimentacao-software/data/repos/oshi__oshi/oshi-core/src/main/java/oshi/hardware/platform/linux/LinuxLogicalVolumeGroupJNA.java,oshi.hardware.platform.linux.LinuxLogicalVolumeGroupJNA,class,5,7,2,5,14,3,0,31,1,0.5,0.0,0.0,2,1,0,0,0,2,2,0,0,0,1,1,0,1,0,0,1,0,4,66,3,2,6,3,0,3,0,18,3,21,10,0,0,4,58,16,1
/Users/kaiohs/Downloads/codes/lab02-experimentacao-software/data/repos/oshi__oshi/oshi-core/src/main/java/oshi/hardware/platform/linux/LinuxGraphicsCard.java,oshi.hardware.platform.linux.LinuxGraphicsCard,class,8,10,2,8,56,2,0,38,34,0.8055556,0.0,0.0,9,7,2,6,0,1,3,0,0,0,4,1,0,4,0,0,4,0,14,183,12,5,10,0,1,43,26,69,8,47,5,0,0,1,153,16,0
/Users/kaiohs/Downloads/codes/lab02-experimentacao-software/data/repos/oshi__oshi/oshi-core-java25/src/main/java/oshi/ffm/mac/CoreFoundation.java,oshi.ffm.mac.CoreFoundation$CFBooleanRef,innerclass,3,3,0,3,7,2,0,5,1,0.0,0.0,0.0,2,0,2,0,0,0,2,0,0,0,0,0,0,0,0,0,0,0,1,19,3,0,1,1,0,1,1,0,1,0,1,0,0,0,40,0,0
/Users/kaiohs/Downloads/codes/lab02-experimentacao-software/data/repos/oshi__oshi/oshi-common/src/test/java/oshi/util/driver/linux/DmidecodeTest.java,oshi.util.driver.linux.DmidecodeTest,class,2,2,0,2,2,1,0,4,0,0.0,NaN,NaN,1,0,0,0,0,1,1,0,0,0,0,0,0,0,0,0,0,0,1,10,0,0,1,0,0,1,0,1,0,1,1,0,0,0,16,0,0
/Users/kaiohs/Downloads/codes/lab02-experimentacao-software/data/repos/oshi__oshi/oshi-core/src/test/java/oshi/hardware/NetworksTest.java,oshi.hardware.NetworksTest,class,4,5,1,4,7,1,0,38,3,0.0,0.0,0.0,3,0,0,1,0,2,2,0,0,0,0,0,0,0,0,0,0,0,0,56,0,2,0,0,0,39,24,2,1,2,2,0,0,0,94,0,0
/Users/kaiohs/Downloads/codes/lab02-experimentacao-software/data/repos/oshi__oshi/oshi-core/src/main/java/oshi/software/os/unix/openbsd/OpenBsdNetworkParams.java,oshi.software.os.unix.openbsd.OpenBsdNetworkParams,class,2,3,1,2,2,2,0,2,1,0.0,0.0,0.0,2,0,2,0,0,0,2,0,0,0,0,0,0,0,0,0,0,0,0,8,2,0,0,0,0,2,0,0,0,0,0,0,0,0,12,1,0
/Users/kaiohs/Downloads/codes/lab02-experimentacao-software/data/repos/oshi__oshi/oshi-core-java25/src/main/java/oshi/hardware/platform/mac/MacVirtualMemoryFFM.java,oshi.hardware.platform.mac.MacVirtualMemoryFFM,class,10,12,2,10,6,3,0,8,3,1.0,0.0,0.0,3,0,0,0,2,1,3,0,0,0,1,1,0,1,0,0,1,0,4,31,3,0,0,2,0,1,4,11,0,9,2,0,0,0,44,16,0
/Users/kaiohs/Downloads/codes/lab02-experimentacao-software/data/repos/oshi__oshi/oshi-core-java25/src/main/java/oshi/util/platform/mac/IOKitUtilFFM.java,oshi.util.platform.mac.IOKitUtilFFM,class,7,20,13,7,27,1,0,17,36,0.0,0.0,0.0,9,8,7,2,0,0,7,0,0,0,0,0,0,0,0,0,0,0,19,104,18,0,5,8,0,0,9,22,0,22,3,0,0,0,100,17,0
/Users/kaiohs/Downloads/codes/lab02-experimentacao-software/data/repos/oshi__oshi/oshi-common/src/main/java/oshi/hardware/common/AbstractDisplay.java,oshi.hardware.common.AbstractDisplay,class,4,7,3,4,3,1,2,2,0,0.0,0.0,0.0,3,0,2,0,1,0,3,0,0,0,1,0,0,1,0,0,1,0,3,12,2,0,0,0,0,0,0,1,0,1,0,0,0,0,16,1025,0
/Users/kaiohs/Downloads/codes/lab02-experimentacao-software/data/repos/oshi__oshi/oshi-core/src/main/java/oshi/jna/platform/windows/PowrProf.java,oshi.jna.platform.windows.PowrProf$BATTERY_MANUFACTURE_DATE,innerclass,3,3,0,3,1,2,0,2,0,1.0,NaN,NaN,1,0,1,0,0,0,1,0,0,0,3,0,3,0,0,0,0,0,1,8,0,0,0,0,0,3,0,0,0,3,0,0,0,0,22,0,0
/Users/kaiohs/Downloads/codes/lab02-experimentacao-software/data/repos/oshi__oshi/oshi-core/src/main/java/oshi/driver/windows/wmi/Win32DiskPartition.java,oshi.driver.windows.wmi.Win32DiskPartition,class,5,6,1,5,2,1,0,1,1,0.5,NaN,NaN,2,1,1,1,0,0,1,0,0,0,1,1,0,1,0,0,1,0,0,10,1,0,0,0,0,1,0,2,0,2,0,0,1,0,43,17,0
/Users/kaiohs/Downloads/codes/lab02-experimentacao-software/data/repos/oshi__oshi/oshi-demo/src/main/java/oshi/demo/jmx/demo/Client.java,oshi.demo.jmx.demo.Client,class,2,2,0,2,1,1,0,7,0,0.0,NaN,NaN,1,1,1,0,0,0,1,0,0,0,0,0,0,0,0,0,0,0,2,15,0,0,0,0,0,3,4,7,0,7,0,0,0,0,36,1,0
/Users/kaiohs/Downloads/codes/lab02-experimentacao-software/data/repos/oshi__oshi/oshi-common/src/main/java/oshi/software/os/OperatingSystem.java,oshi.software.os.OperatingSystem,interface,12,27,15,12,26,1,0,9,325,0.0,0.0,0.0,26,0,0,0,0,26,26,0,0,0,0,0,0,0,0,0,0,0,4,97,8,0,0,0,0,0,1,0,0,0,0,0,3,0,283,1,0
/Users/kaiohs/Downloads/codes/lab02-experimentacao-software/data/repos/oshi__oshi/oshi-core/src/main/java/oshi/hardware/platform/mac/MacVirtualMemoryJNA.java,oshi.hardware.platform.mac.MacVirtualMemoryJNA,class,10,12,2,10,5,3,0,8,3,0.6666667,0.0,0.0,3,0,0,0,2,1,3,0,0,0,1,1,0,1,0,0,1,0,2,31,2,0,1,2,0,2,5,12,1,8,2,0,0,0,40,16,1
/Users/kaiohs/Downloads/codes/lab02-experimentacao-software/data/repos/oshi__oshi/oshi-core/src/main/java/oshi/hardware/platform/linux/LinuxBaseboard.java,oshi.hardware.platform.linux.LinuxBaseboard,class,3,4,1,3,16,2,0,11,16,0.8,0.0,0.0,8,0,4,4,0,0,4,0,0,0,5,0,0,5,0,0,5,0,0,47,12,0,8,0,8,0,0,17,0,9,1,0,0,0,21,16,0
/Users/kaiohs/Downloads/codes/lab02-experimentacao-software/data/repos/oshi__oshi/oshi-common/src/main/java/oshi/software/os/OSDesktopWindow.java,oshi.software.os.OSDesktopWindow,class,1,11,10,1,9,1,0,1,6,0.6666666,0.0,0.0,9,0,9,0,0,0,9,0,0,0,7,0,0,7,0,0,7,0,0,43,8,0,0,0,0,8,0,7,1,7,0,0,0,0,115,1,0
/Users/kaiohs/Downloads/codes/lab02-experimentacao-software/data/repos/oshi__oshi/oshi-core/src/main/java/oshi/jna/ByRef.java,oshi.jna.ByRef$CloseableIntByReference,innerclass,2,2,0,2,3,2,0,2,3,0.0,0.0,0.0,3,0,3,0,0,0,3,0,0,0,0,0,0,0,0,0,0,0,1,11,0,0,0,0,0,0,0,0,0,0,0,0,0,0,9,0,0
/Users/kaiohs/Downloads/codes/lab02-experimentacao-software/data/repos/oshi__oshi/oshi-core/src/main/java/oshi/software/os/unix/freebsd/FreeBsdInternetProtocolStats.java,oshi.software.os.unix.freebsd.FreeBsdInternetProtocolStats,class,8,9,1,8,9,2,0,10,8,0.73333335,0.0,0.0,5,2,3,2,0,0,3,0,0,0,3,0,0,3,0,0,0,0,2,52,5,0,2,2,0,2,24,29,2,10,2,0,0,0,30,1,0
/Users/kaiohs/Downloads/codes/lab02-experimentacao-software/data/repos/oshi__oshi/oshi-demo/src/main/java/oshi/demo/gui/FileStorePanel.java,oshi.demo.gui.FileStorePanel,class,14,16,2,14,9,6,0,35,4,0.6875,NaN,NaN,4,2,1,3,0,0,1,0,0,0,4,4,0,4,0,0,4,0,7,74,2,2,1,0,4,9,6,26,8,20,2,0,0,1,75,1,0
/Users/kaiohs/Downloads/codes/lab02-experimentacao-software/data/repos/oshi__oshi/oshi-core/src/main/java/oshi/hardware/platform/unix/solaris/SolarisVirtualMemory.java,oshi.hardware.platform.unix.solaris.SolarisVirtualMemory,class,5,7,2,5,13,2,0,17,37,0.8333333,0.0,0.0,10,3,6,3,0,1,7,0,0,0,6,1,0,6,0,0,6,0,1,54,9,2,0,0,2,4,13,16,8,12,1,0,0,0,48,16,0
/Users/kaiohs/Downloads/codes/lab02-experimentacao-software/data/repos/oshi__oshi/oshi-common/src/test/java/oshi/hardware/NetworkIFTest.java,oshi.hardware.NetworkIFTest$Anonymous1,anonymous,0,0,0,0,22,1,0,0,231,0.0,0.0,0.0,22,0,22,0,0,0,22,0,0,0,0,0,0,0,0,0,0,0,0,68,22,0,0,0,0,3,16,0,0,0,0,0,0,0,42,-1,0
/Users/kaiohs/Downloads/codes/lab02-experimentacao-software/data/repos/oshi__oshi/oshi-core/src/test/java/oshi/driver/unix/openbsd/disk/DisklabelTest.java,oshi.driver.unix.openbsd.disk.DisklabelTest,class,5,5,0,5,4,1,0,17,0,0.0,NaN,NaN,1,0,0,0,0,1,1,0,0,0,0,0,0,0,0,0,0,0,0,17,0,2,0,0,0,8,2,3,0,3,3,0,0,0,32,0,0
/Users/kaiohs/Downloads/codes/lab02-experimentacao-software/data/repos/oshi__oshi/oshi-common/src/test/java/oshi/hardware/NetworkIFTest.java,oshi.hardware.NetworkIFTest$Anonymous2,anonymous,1,1,0,1,27,1,0,0,351,0.0,0.0,0.0,27,0,27,0,0,0,27,0,0,0,0,0,0,0,0,0,0,0,0,83,27,0,0,0,0,4,18,0,0,0,0,0,0,0,53,-1,0
/Users/kaiohs/Downloads/codes/lab02-experimentacao-software/data/repos/oshi__oshi/oshi-common/src/main/java/oshi/hardware/GpuTicks.java,oshi.hardware.GpuTicks,class,1,12,11,1,4,1,0,0,0,0.25,0.0,0.0,4,0,4,0,0,0,4,0,0,0,2,0,0,2,0,0,2,0,0,17,3,0,0,0,0,2,0,2,1,2,0,0,0,0,68,17,0
/Users/kaiohs/Downloads/codes/lab02-experimentacao-software/data/repos/oshi__oshi/oshi-core/src/main/java/oshi/driver/windows/wmi/Win32PhysicalMemory.java,oshi.driver.windows.wmi.Win32PhysicalMemory$PhysicalMemoryPropertyWin8,enum,0,0,0,0,0,1,0,0,0,0.0,-1.0,-1.0,0,0,0,0,0,0,0,0,0,0,0,0,0,0,0,0,0,0,0,1,0,0,0,0,0,0,0,0,0,0,0,0,0,0,17,1,0
/Users/kaiohs/Downloads/codes/lab02-experimentacao-software/data/repos/oshi__oshi/oshi-core/src/test/java/oshi/software/os/ApplicationInfoTest.java,ApplicationInfoTest,class,10,10,0,10,12,1,0,17,24,0.76388884,0.0,0.0,12,0,5,0,0,7,12,0,0,0,6,0,0,6,0,0,4,0,0,71,0,0,0,0,0,56,11,17,0,17,0,0,0,0,74,1,0
/Users/kaiohs/Downloads/codes/lab02-experimentacao-software/data/repos/oshi__oshi/oshi-demo/src/main/java/oshi/demo/jmx/api/StrategyRegistrationPlatformMBeans.java,oshi.demo.jmx.api.StrategyRegistrationPlatformMBeans,interface,1,4,3,1,1,1,0,0,0,0.0,NaN,NaN,1,0,0,0,0,1,1,0,0,0,0,0,0,0,0,0,0,0,0,3,0,0,0,0,0,0,0,0,0,0,0,0,0,0,11,1,0
/Users/kaiohs/Downloads/codes/lab02-experimentacao-software/data/repos/oshi__oshi/oshi-core-java25/src/main/java/oshi/software/os/mac/MacOSProcessFFM.java,oshi.software.os.mac.MacOSProcessFFM,class,22,24,2,22,76,2,0,70,570,0.9556876,0.0,0.0,36,0,34,2,0,0,35,0,0,0,42,12,0,42,0,0,13,0,28,340,43,3,11,5,3,12,58,105,15,92,6,0,0,1,185,1,1
/Users/kaiohs/Downloads/codes/lab02-experimentacao-software/data/repos/oshi__oshi/oshi-core/src/main/java/oshi/software/os/unix/solaris/SolarisOSThread.java,oshi.software.os.unix.solaris.SolarisOSThread,class,8,11,3,8,19,2,0,15,71,0.8690476,0.0,0.0,14,0,12,2,0,0,12,0,0,0,12,0,0,12,0,0,0,0,4,82,14,0,3,0,0,1,11,21,14,16,1,0,0,0,58,1,0
/Users/kaiohs/Downloads/codes/lab02-experimentacao-software/data/repos/oshi__oshi/oshi-core/src/main/java/oshi/jna/platform/unix/Cups.java,oshi.jna.platform.unix.Cups,interface,5,7,2,5,4,2,0,1,6,1.0,0.0,0.0,4,0,0,0,0,4,4,0,0,0,5,0,0,0,0,5,0,0,0,25,0,0,0,0,0,1,4,5,0,5,0,0,1,0,81,1,0
/Users/kaiohs/Downloads/codes/lab02-experimentacao-software/data/repos/oshi__oshi/oshi-benchmark/src/main/java/oshi/benchmark/ProcessesBenchmark.java,oshi.benchmark.ProcessesBenchmark,class,16,17,1,16,4,1,0,7,2,0.5,0.0,0.0,4,1,4,0,0,0,4,0,0,0,2,0,0,2,0,0,0,0,0,18,2,0,0,0,0,1,5,3,0,3,0,0,0,0,44,1,0
/Users/kaiohs/Downloads/codes/lab02-experimentacao-software/data/repos/oshi__oshi/oshi-core/src/test/java/oshi/hardware/GlobalMemoryTest.java,oshi.hardware.GlobalMemoryTest,class,7,8,1,7,5,1,0,23,0,0.0,0.0,0.0,4,0,0,0,1,3,4,0,0,0,1,0,0,1,0,0,0,0,0,27,1,1,0,0,0,12,5,3,0,2,1,0,0,0,47,0,0
/Users/kaiohs/Downloads/codes/lab02-experimentacao-software/data/repos/oshi__oshi/oshi-core/src/main/java/oshi/jna/platform/unix/CLibrary.java,oshi.jna.platform.unix.CLibrary$Sockaddr$ByReference,innerclass,2,2,0,2,0,3,0,0,0,0.0,-1.0,-1.0,0,0,0,0,0,0,0,0,0,0,0,0,0,0,0,0,0,0,0,2,0,0,0,0,0,0,0,0,0,0,0,0,0,0,3,9,0
/Users/kaiohs/Downloads/codes/lab02-experimentacao-software/data/repos/oshi__oshi/oshi-core/src/main/java/oshi/jna/platform/unix/AixLibc.java,oshi.jna.platform.unix.AixLibc$AixPsInfo,innerclass,4,4,0,4,2,1,0,4,0,0.0,NaN,NaN,1,0,1,0,0,0,1,0,0,0,27,0,27,0,0,0,0,0,0,60,0,1,0,0,0,0,2,29,0,28,1,0,0,0,38,0,0
/Users/kaiohs/Downloads/codes/lab02-experimentacao-software/data/repos/oshi__oshi/oshi-common/src/main/java/oshi/software/common/AbstractOSProcess.java,oshi.software.common.AbstractOSProcess,class,4,7,3,4,10,1,1,15,3,0.5833333,0.0,0.0,6,0,4,1,1,0,5,0,0,0,2,0,0,2,0,0,1,0,3,29,6,0,2,0,3,3,2,3,7,3,1,0,0,0,63,1025,0
/Users/kaiohs/Downloads/codes/lab02-experimentacao-software/data/repos/oshi__oshi/oshi-demo/src/main/java/oshi/demo/SmcDump.java,oshi.demo.SmcDump,class,10,11,1,10,18,1,0,15,6,0.75,NaN,NaN,4,3,1,3,0,0,1,0,0,0,2,2,0,2,0,0,2,0,3,67,5,3,11,3,1,13,13,21,0,19,4,0,0,0,79,17,0
/Users/kaiohs/Downloads/codes/lab02-experimentacao-software/data/repos/oshi__oshi/oshi-core/src/main/java/oshi/driver/mac/net/NetStat.java,oshi.driver.mac.net.NetStat,class,10,11,1,10,9,1,0,9,1,0.5,NaN,NaN,2,1,1,1,0,0,1,0,0,0,5,5,0,5,0,0,5,0,1,104,4,1,4,2,1,2,15,16,1,15,6,0,1,0,66,17,2
/Users/kaiohs/Downloads/codes/lab02-experimentacao-software/data/repos/oshi__oshi/oshi-core/src/main/java/oshi/driver/windows/wmi/Win32Processor.java,oshi.driver.windows.wmi.Win32Processor,class,7,11,4,7,4,1,0,3,0,0.25,0.0,0.0,4,3,3,1,0,0,3,0,0,0,1,1,0,1,0,0,1,0,6,20,3,0,0,0,0,1,0,4,0,4,0,0,3,0,98,17,0
/Users/kaiohs/Downloads/codes/lab02-experimentacao-software/data/repos/oshi__oshi/oshi-core/src/test/java/oshi/util/ExecutingCommandTest.java,oshi.util.ExecutingCommandTest,class,9,9,0,9,8,1,0,15,1,0.5714286,0.0,0.0,7,1,0,0,0,7,7,0,0,0,2,2,0,2,0,0,2,0,13,37,1,0,0,0,0,23,6,7,0,7,0,0,0,0,56,0,0
/Users/kaiohs/Downloads/codes/lab02-experimentacao-software/data/repos/oshi__oshi/oshi-core/src/main/java/oshi/driver/windows/wmi/Win32DiskDrive.java,oshi.driver.windows.wmi.Win32DiskDrive,class,5,6,1,5,2,1,0,1,1,0.5,NaN,NaN,2,1,1,1,0,0,1,0,0,0,1,1,0,1,0,0,1,0,0,10,1,0,0,0,0,1,0,2,0,2,0,0,1,0,41,17,0
/Users/kaiohs/Downloads/codes/lab02-experimentacao-software/data/repos/oshi__oshi/oshi-core/src/main/java/oshi/driver/windows/wmi/Win32DiskDriveToDiskPartition.java,oshi.driver.windows.wmi.Win32DiskDriveToDiskPartition$DriveToPartitionProperty,enum,0,0,0,0,0,1,0,0,0,0.0,-1.0,-1.0,0,0,0,0,0,0,0,0,0,0,0,0,0,0,0,0,0,0,0,1,0,0,0,0,0,0,0,0,0,0,0,0,0,0,15,1,0
/Users/kaiohs/Downloads/codes/lab02-experimentacao-software/data/repos/oshi__oshi/oshi-core/src/main/java/oshi/util/platform/unix/solaris/KstatUtil.java,oshi.util.platform.unix.solaris.KstatUtil,class,12,20,8,12,31,1,0,22,0,0.5555556,0.0,0.0,6,5,5,1,0,0,5,0,0,1,3,3,0,3,0,0,2,0,4,169,17,3,7,4,0,14,7,23,2,19,4,0,1,0,147,17,6
/Users/kaiohs/Downloads/codes/lab02-experimentacao-software/data/repos/oshi__oshi/oshi-common/src/test/java/oshi/hardware/common/AbstractGraphicsCardTest.java,oshi.hardware.common.AbstractGraphicsCardTest$Anonymous2,anonymous,0,0,0,0,0,1,0,0,0,0.0,-1.0,-1.0,0,0,0,0,0,0,0,0,0,0,0,0,0,0,0,0,0,0,0,2,0,0,0,0,0,0,0,0,0,0,0,0,0,0,0,-1,0
/Users/kaiohs/Downloads/codes/lab02-experimentacao-software/data/repos/oshi__oshi/oshi-core/src/main/java/oshi/hardware/platform/linux/LinuxCentralProcessor.java,oshi.hardware.platform.linux.LinuxCentralProcessor,class,13,16,3,13,129,2,2,116,276,0.9583333,0.0,0.0,24,11,7,6,11,0,18,3,0,0,1,1,0,1,0,0,1,0,33,456,30,16,5,7,3,97,111,159,41,116,4,0,0,9,228,1024,1
/Users/kaiohs/Downloads/codes/lab02-experimentacao-software/data/repos/oshi__oshi/oshi-core/src/main/java/oshi/driver/windows/registry/HkeyPerformanceDataUtil.java,oshi.driver.windows.registry.HkeyPerformanceDataUtil,class,15,18,3,15,23,1,0,32,0,0.64,NaN,NaN,5,4,1,4,0,0,1,0,0,1,5,5,0,5,0,0,4,0,6,121,11,7,8,3,2,8,19,49,9,42,6,0,0,0,178,17,5
/Users/kaiohs/Downloads/codes/lab02-experimentacao-software/data/repos/oshi__oshi/oshi-core/src/main/java/oshi/hardware/platform/unix/openbsd/OpenBsdCentralProcessor.java,oshi.hardware.platform.unix.openbsd.OpenBsdCentralProcessor,class,15,17,2,15,46,2,0,55,64,0.875,0.0,0.0,12,3,1,4,7,0,8,0,0,0,2,1,0,2,0,0,2,0,17,187,16,7,5,2,1,28,80,85,12,59,5,0,0,0,224,1,0
/Users/kaiohs/Downloads/codes/lab02-experimentacao-software/data/repos/oshi__oshi/oshi-common/src/test/java/oshi/util/driver/linux/proc/ProcessStatTest.java,oshi.util.driver.linux.proc.ProcessStatTest,class,9,10,1,9,17,1,0,27,15,0.0,0.0,0.0,6,0,0,4,0,2,2,0,0,0,0,0,0,0,0,0,0,0,8,53,4,1,0,0,1,8,6,13,1,9,2,0,0,0,41,0,0
/Users/kaiohs/Downloads/codes/lab02-experimentacao-software/data/repos/oshi__oshi/oshi-core/src/main/java/oshi/driver/windows/wmi/Win32Bios.java,oshi.driver.windows.wmi.Win32Bios,class,6,8,2,6,3,1,0,3,1,0.33333334,0.0,0.0,3,2,2,1,0,0,2,0,0,0,1,1,0,1,0,0,1,0,4,15,2,0,0,0,0,1,0,3,0,3,0,0,2,0,44,17,0
/Users/kaiohs/Downloads/codes/lab02-experimentacao-software/data/repos/oshi__oshi/oshi-core/src/test/java/oshi/hardware/PrinterTest.java,oshi.hardware.PrinterTest,class,3,3,0,3,2,1,0,13,0,0.0,NaN,NaN,1,0,0,0,0,1,1,0,0,0,0,0,0,0,0,0,0,0,0,15,0,1,0,0,0,6,0,1,0,1,1,0,0,0,23,0,0
/Users/kaiohs/Downloads/codes/lab02-experimentacao-software/data/repos/oshi__oshi/oshi-common/src/main/java/oshi/hardware/Baseboard.java,oshi.hardware.Baseboard,interface,1,8,7,1,4,1,0,0,6,0.0,0.0,0.0,4,0,0,0,0,4,4,0,0,0,0,0,0,0,0,0,0,0,0,6,0,0,0,0,0,0,0,0,0,0,0,0,0,0,17,1,0
/Users/kaiohs/Downloads/codes/lab02-experimentacao-software/data/repos/oshi__oshi/oshi-common/src/main/java/oshi/software/os/OSProcess.java,oshi.software.os.OSProcess$State,enum,0,0,0,0,0,1,0,0,0,0.0,-1.0,-1.0,0,0,0,0,0,0,0,0,0,0,0,0,0,0,0,0,0,0,0,10,0,0,0,0,0,0,0,0,0,0,0,0,0,0,52,0,0
/Users/kaiohs/Downloads/codes/lab02-experimentacao-software/data/repos/oshi__oshi/oshi-common/src/main/java/oshi/util/linux/ProcPath.java,oshi.util.linux.ProcPath,class,4,5,1,4,3,1,0,4,1,1.0,-1.0,-1.0,2,1,0,2,0,0,0,0,0,0,33,33,33,0,0,0,33,0,2,45,1,0,0,0,0,36,0,35,33,34,1,0,0,0,65,17,0
/Users/kaiohs/Downloads/codes/lab02-experimentacao-software/data/repos/oshi__oshi/oshi-common/src/test/java/oshi/software/os/OperatingSystemTest.java,oshi.software.os.OperatingSystemTest$Anonymous1,anonymous,1,1,0,1,5,1,0,0,10,0.0,0.0,0.0,5,0,5,0,0,0,5,0,0,0,0,0,0,0,0,0,0,0,0,17,5,0,0,0,0,5,2,0,0,0,0,0,0,0,10,-1,0
/Users/kaiohs/Downloads/codes/lab02-experimentacao-software/data/repos/oshi__oshi/oshi-common/src/test/java/oshi/software/os/OperatingSystemTest.java,oshi.software.os.OperatingSystemTest$Anonymous2,anonymous,5,5,0,5,10,1,0,4,45,0.0,0.0,0.0,10,0,10,0,0,0,10,0,0,0,0,0,0,0,0,0,0,0,4,32,10,0,0,0,0,12,12,0,0,0,0,0,0,0,25,-1,0
/Users/kaiohs/Downloads/codes/lab02-experimentacao-software/data/repos/oshi__oshi/oshi-core/src/main/java/oshi/software/os/linux/LinuxOperatingSystem.java,oshi.software.os.linux.LinuxOperatingSystem,class,19,28,9,19,117,2,2,80,386,0.9469494,0.0,0.0,29,12,15,9,5,0,22,1,0,0,13,12,0,12,0,1,13,0,19,360,41,11,15,0,9,94,55,105,9,76,4,0,0,2,223,1025,13
/Users/kaiohs/Downloads/codes/lab02-experimentacao-software/data/repos/oshi__oshi/oshi-core-java25/src/main/java/oshi/ffm/windows/Kernel32FFM.java,oshi.ffm.windows.Kernel32FFM,class,6,13,7,6,45,3,0,32,0,0.81904745,0.0,0.0,20,20,20,0,0,0,20,0,0,0,21,21,0,21,0,0,21,0,67,237,43,0,2,19,0,42,5,47,0,47,2,0,0,0,152,17,22
/Users/kaiohs/Downloads/codes/lab02-experimentacao-software/data/repos/oshi__oshi/oshi-core/src/main/java/oshi/driver/windows/LogicalProcessorInformation.java,oshi.driver.windows.LogicalProcessorInformation,class,15,17,2,15,38,1,0,34,21,0.85714287,0.0,0.0,7,6,2,5,0,0,2,0,0,0,1,1,0,1,0,0,1,0,13,130,9,12,9,0,12,2,30,44,11,47,3,0,0,3,103,17,0
/Users/kaiohs/Downloads/codes/lab02-experimentacao-software/data/repos/oshi__oshi/oshi-core/src/main/java/oshi/software/os/unix/aix/AixOSProcess.java,oshi.software.os.unix.aix.AixOSProcess,class,15,18,3,15,65,2,0,53,608,0.9488416,0.0,0.0,37,1,31,5,0,1,32,0,0,0,28,1,0,28,0,0,3,0,15,272,46,3,7,2,1,14,20,61,13,51,3,0,0,3,149,1,1
/Users/kaiohs/Downloads/codes/lab02-experimentacao-software/data/repos/oshi__oshi/oshi-core/src/main/java/oshi/software/os/linux/LinuxOSProcess.java,oshi.software.os.linux.LinuxOSProcess$ProcPidStat,enum,0,0,0,0,2,1,0,0,0,0.0,0.0,0.0,2,0,1,0,0,1,2,0,0,0,1,0,0,1,0,0,1,0,0,8,1,0,0,0,0,0,10,1,0,1,0,0,0,0,46,2,0
/Users/kaiohs/Downloads/codes/lab02-experimentacao-software/data/repos/oshi__oshi/oshi-core/src/main/java/oshi/jna/common/Nvml.java,oshi.jna.common.Nvml$NvmlMemory,innerclass,2,2,0,2,0,2,0,0,0,NaN,-1.0,-1.0,0,0,0,0,0,0,0,0,0,0,3,0,3,0,0,0,0,0,0,5,0,0,0,0,0,3,0,0,0,3,0,0,0,0,6,0,0
/Users/kaiohs/Downloads/codes/lab02-experimentacao-software/data/repos/oshi__oshi/oshi-common/src/main/java/oshi/util/driver/linux/proc/ProcessStat.java,oshi.util.driver.linux.proc.ProcessStat$PidStatM,enum,0,0,0,0,0,1,0,0,0,0.0,-1.0,-1.0,0,0,0,0,0,0,0,0,0,0,0,0,0,0,0,0,0,0,0,8,0,0,0,0,0,0,0,0,0,0,0,0,0,0,39,1,0
/Users/kaiohs/Downloads/codes/lab02-experimentacao-software/data/repos/oshi__oshi/oshi-common/src/main/java/oshi/hardware/common/AbstractPowerSource.java,oshi.hardware.common.AbstractPowerSource,class,4,8,4,4,33,1,3,52,239,0.8846151,0.0,0.0,26,1,23,1,2,0,25,1,0,0,21,0,0,21,0,0,0,0,3,193,25,1,1,0,2,46,8,49,4,26,2,0,0,0,96,1025,0
/Users/kaiohs/Downloads/codes/lab02-experimentacao-software/data/repos/oshi__oshi/oshi-core/src/main/java/oshi/hardware/platform/unix/aix/AixHWDiskStore.java,oshi.hardware.platform.unix.aix.AixHWDiskStore,class,10,12,2,10,22,2,0,23,38,0.8148148,0.0,0.0,12,2,10,2,0,0,10,0,0,8,9,0,0,9,0,0,1,0,8,87,12,2,3,0,0,0,11,30,7,22,4,0,0,1,72,17,0
/Users/kaiohs/Downloads/codes/lab02-experimentacao-software/data/repos/oshi__oshi/oshi-core-java25/src/main/java/oshi/driver/mac/IOReportClientFFM.java,oshi.driver.mac.IOReportClientFFM,class,9,11,2,9,64,1,0,39,8,0.7129629,0.0,0.0,9,2,5,4,0,0,5,0,0,4,12,6,0,12,0,0,8,0,40,283,32,3,8,10,1,6,43,71,7,57,4,0,0,0,136,17,0
/Users/kaiohs/Downloads/codes/lab02-experimentacao-software/data/repos/oshi__oshi/oshi-core/src/main/java/oshi/driver/unix/freebsd/disk/GeomDiskList.java,oshi.driver.unix.freebsd.disk.GeomDiskList,class,2,3,1,2,11,1,0,9,1,0.5,NaN,NaN,2,1,1,1,0,0,1,0,0,0,1,1,0,1,0,0,1,0,0,44,1,1,3,0,0,11,6,17,1,8,4,0,0,0,48,17,0
/Users/kaiohs/Downloads/codes/lab02-experimentacao-software/data/repos/oshi__oshi/oshi-core/src/main/java/oshi/hardware/platform/unix/aix/AixSoundCard.java,oshi.hardware.platform.unix.aix.AixSoundCard,class,4,6,2,4,5,2,0,5,1,0.0,0.0,0.0,2,1,1,0,0,1,2,0,0,0,0,0,0,0,0,0,0,0,0,18,1,1,1,0,0,1,3,3,0,3,3,0,0,0,26,16,0
/Users/kaiohs/Downloads/codes/lab02-experimentacao-software/data/repos/oshi__oshi/oshi-core/src/main/java/oshi/jna/Struct.java,oshi.jna.Struct$CloseableSysinfo,innerclass,2,2,0,2,1,2,0,2,0,0.0,NaN,NaN,1,0,1,0,0,0,1,0,0,0,0,0,0,0,0,0,0,0,1,5,0,0,0,0,0,0,0,0,0,0,0,0,0,0,6,0,0
/Users/kaiohs/Downloads/codes/lab02-experimentacao-software/data/repos/oshi__oshi/oshi-core/src/main/java/oshi/jna/platform/mac/SystemB.java,oshi.jna.platform.mac.SystemB$ProcFdInfo,innerclass,2,2,0,2,0,2,0,0,0,NaN,-1.0,-1.0,0,0,0,0,0,0,0,0,0,0,2,0,2,0,0,0,0,0,0,4,0,0,0,0,0,2,0,0,0,2,0,0,0,0,11,0,0
/Users/kaiohs/Downloads/codes/lab02-experimentacao-software/data/repos/oshi__oshi/oshi-core-java25/src/main/java/oshi/ffm/linux/LinuxLibcFunctions.java,oshi.ffm.linux.LinuxLibcFunctions,class,7,13,6,7,36,2,0,35,147,0.8971017,0.0,0.0,23,22,22,1,0,0,24,0,0,0,30,30,6,24,0,0,30,0,4,149,22,0,1,1,0,67,22,43,0,37,1,0,0,0,239,17,2
/Users/kaiohs/Downloads/codes/lab02-experimentacao-software/data/repos/oshi__oshi/oshi-common/src/main/java/oshi/hardware/PowerSource.java,oshi.hardware.PowerSource$CapacityUnits,enum,0,0,0,0,0,1,0,0,0,0.0,-1.0,-1.0,0,0,0,0,0,0,0,0,0,0,0,0,0,0,0,0,0,0,0,4,0,0,0,0,0,0,0,0,0,0,0,0,0,0,43,0,0
/Users/kaiohs/Downloads/codes/lab02-experimentacao-software/data/repos/oshi__oshi/oshi-common/src/main/java/oshi/hardware/PowerSource.java,oshi.hardware.PowerSource,interface,2,18,16,2,22,1,0,0,231,0.0,0.0,0.0,22,0,0,0,0,22,22,0,0,0,0,0,0,0,0,0,0,0,0,28,0,0,0,0,0,0,0,0,0,0,0,0,1,0,184,1,0
/Users/kaiohs/Downloads/codes/lab02-experimentacao-software/data/repos/oshi__oshi/oshi-core/src/main/java/oshi/driver/windows/wmi/Win32LogicalDisk.java,oshi.driver.windows.wmi.Win32LogicalDisk$LogicalDiskProperty,enum,0,0,0,0,0,1,0,0,0,0.0,-1.0,-1.0,0,0,0,0,0,0,0,0,0,0,0,0,0,0,0,0,0,0,0,1,0,0,0,0,0,0,0,0,0,0,0,0,0,0,13,1,0
/Users/kaiohs/Downloads/codes/lab02-experimentacao-software/data/repos/oshi__oshi/oshi-common/src/main/java/oshi/hardware/common/NoOpGpuStats.java,oshi.hardware.common.NoOpGpuStats,class,4,7,3,4,13,1,0,3,60,0.75,0.0,0.0,12,0,11,1,0,0,11,0,0,0,1,0,0,1,0,0,1,0,0,50,10,0,0,0,0,1,10,1,0,1,1,0,0,0,67,17,0
/Users/kaiohs/Downloads/codes/lab02-experimentacao-software/data/repos/oshi__oshi/oshi-common/src/main/java/oshi/software/common/AbstractFileSystem.java,oshi.software.common.AbstractFileSystem,class,4,6,2,4,1,1,1,4,0,1.0,NaN,NaN,1,0,1,0,0,0,1,0,0,0,2,2,0,0,2,0,2,0,4,7,1,0,0,0,0,4,0,2,0,2,0,0,0,0,37,1025,0
/Users/kaiohs/Downloads/codes/lab02-experimentacao-software/data/repos/oshi__oshi/oshi-core/src/main/java/oshi/hardware/platform/unix/openbsd/OpenBsdVirtualMemory.java,oshi.hardware.platform.unix.openbsd.OpenBsdVirtualMemory,class,5,7,2,5,15,2,0,15,0,0.5925926,0.0,0.0,9,2,6,2,0,1,7,0,0,0,3,0,0,3,0,0,3,0,0,51,9,2,0,0,0,6,4,9,7,6,2,0,0,0,35,16,0
/Users/kaiohs/Downloads/codes/lab02-experimentacao-software/data/repos/oshi__oshi/oshi-core/src/main/java/oshi/hardware/platform/unix/solaris/SolarisHWDiskStore.java,oshi.hardware.platform.unix.solaris.SolarisHWDiskStore,class,13,15,2,13,30,2,0,37,46,0.77884614,0.0,0.0,13,2,10,3,0,0,10,0,0,0,8,0,0,8,0,0,0,0,12,104,15,2,10,1,1,25,39,42,10,23,2,0,0,0,81,17,0
/Users/kaiohs/Downloads/codes/lab02-experimentacao-software/data/repos/oshi__oshi/oshi-core/src/main/java/oshi/hardware/platform/mac/MacNetworkIF.java,oshi.hardware.platform.mac.MacNetworkIF,class,10,12,2,10,23,2,0,32,98,0.8802083,0.0,0.0,16,2,14,2,0,0,14,0,0,0,12,1,0,12,0,0,1,0,2,109,17,2,2,2,0,1,2,25,0,25,4,0,0,0,94,17,1
/Users/kaiohs/Downloads/codes/lab02-experimentacao-software/data/repos/oshi__oshi/oshi-core/src/main/java/oshi/hardware/platform/linux/LinuxComputerSystem.java,oshi.hardware.platform.linux.LinuxComputerSystem,class,6,7,1,6,23,2,0,9,45,0.9,0.0,0.0,10,4,6,4,0,0,6,0,0,0,4,0,0,4,0,0,4,0,0,52,14,0,13,0,13,0,0,21,0,8,1,0,0,0,27,16,0
/Users/kaiohs/Downloads/codes/lab02-experimentacao-software/data/repos/oshi__oshi/oshi-core/src/main/java/oshi/SystemInfo.java,oshi.SystemInfo,class,17,18,1,17,22,1,0,4,13,0.77777773,0.0,0.0,6,3,4,2,0,0,4,0,0,0,3,1,0,3,0,0,3,0,5,58,17,0,0,0,0,1,0,3,2,3,1,0,0,0,91,1,0
/Users/kaiohs/Downloads/codes/lab02-experimentacao-software/data/repos/oshi__oshi/oshi-core/src/main/java/oshi/driver/windows/wmi/MSFTStorage.java,oshi.driver.windows.wmi.MSFTStorage$PhysicalDiskProperty,enum,0,0,0,0,0,1,0,0,0,0.0,-1.0,-1.0,0,0,0,0,0,0,0,0,0,0,0,0,0,0,0,0,0,0,0,1,0,0,0,0,0,0,0,0,0,0,0,0,0,0,20,1,0
/Users/kaiohs/Downloads/codes/lab02-experimentacao-software/data/repos/oshi__oshi/oshi-core/src/main/java/oshi/driver/windows/wmi/Win32DiskDrive.java,oshi.driver.windows.wmi.Win32DiskDrive$DiskDriveProperty,enum,0,0,0,0,0,1,0,0,0,0.0,-1.0,-1.0,0,0,0,0,0,0,0,0,0,0,0,0,0,0,0,0,0,0,0,1,0,0,0,0,0,0,0,0,0,0,0,0,0,0,10,1,0
/Users/kaiohs/Downloads/codes/lab02-experimentacao-software/data/repos/oshi__oshi/oshi-core/src/main/java/oshi/software/os/mac/MacFileSystem.java,oshi.software.os.mac.MacFileSystem,class,17,21,4,17,34,2,1,49,10,0.9454545,0.0,0.0,5,1,4,0,0,1,6,0,0,0,33,33,4,1,28,0,33,0,7,149,5,1,11,0,5,49,33,65,1,59,8,0,0,1,135,1,1
/Users/kaiohs/Downloads/codes/lab02-experimentacao-software/data/repos/oshi__oshi/oshi-core/src/main/java/oshi/jna/Struct.java,oshi.jna.Struct$CloseableVMStatistics,innerclass,2,2,0,2,1,2,0,2,0,0.0,NaN,NaN,1,0,1,0,0,0,1,0,0,0,0,0,0,0,0,0,0,0,1,5,0,0,0,0,0,0,0,0,0,0,0,0,0,0,8,0,0
/Users/kaiohs/Downloads/codes/lab02-experimentacao-software/data/repos/oshi__oshi/oshi-core-java25/src/main/java/oshi/ffm/mac/MacForeignFunctions.java,oshi.ffm.mac.MacForeignFunctions,class,2,9,7,2,4,2,7,2,1,0.5,0.0,0.0,2,1,0,0,2,0,2,0,0,0,1,1,0,0,1,0,1,0,1,15,1,1,0,1,0,5,0,1,2,1,2,0,0,0,78,1025,0
/Users/kaiohs/Downloads/codes/lab02-experimentacao-software/data/repos/oshi__oshi/oshi-core/src/main/java/oshi/hardware/platform/unix/freebsd/FreeBsdHardwareAbstractionLayer.java,oshi.hardware.platform.unix.freebsd.FreeBsdHardwareAbstractionLayer,class,24,25,1,24,12,2,0,8,66,0.0,0.0,0.0,12,0,12,0,0,0,12,0,0,0,0,0,0,0,0,0,0,0,6,38,12,0,0,0,0,0,0,0,0,0,0,0,0,0,33,17,0
/Users/kaiohs/Downloads/codes/lab02-experimentacao-software/data/repos/oshi__oshi/oshi-core-java25/src/main/java/oshi/driver/mac/WhoFFM.java,oshi.driver.mac.WhoFFM,class,6,7,1,6,7,1,0,13,1,0.0,NaN,NaN,2,1,1,1,0,0,1,0,0,1,0,0,0,0,0,0,0,0,6,36,3,1,3,2,1,0,5,11,3,11,5,0,0,0,64,17,0
/Users/kaiohs/Downloads/codes/lab02-experimentacao-software/data/repos/oshi__oshi/oshi-core/src/main/java/oshi/driver/windows/wmi/Win32Processor.java,oshi.driver.windows.wmi.Win32Processor$VoltProperty,enum,0,0,0,0,0,1,0,0,0,0.0,-1.0,-1.0,0,0,0,0,0,0,0,0,0,0,0,0,0,0,0,0,0,0,0,1,0,0,0,0,0,0,0,0,0,0,0,0,0,0,15,1,0
/Users/kaiohs/Downloads/codes/lab02-experimentacao-software/data/repos/oshi__oshi/oshi-core/src/main/java/oshi/driver/windows/wmi/Win32Printer.java,oshi.driver.windows.wmi.Win32Printer$PrinterProperty,enum,0,0,0,0,0,1,0,0,0,0.0,-1.0,-1.0,0,0,0,0,0,0,0,0,0,0,0,0,0,0,0,0,0,0,0,1,0,0,0,0,0,0,0,0,0,0,0,0,0,0,17,1,0
/Users/kaiohs/Downloads/codes/lab02-experimentacao-software/data/repos/oshi__oshi/oshi-common/src/main/java/oshi/software/os/InternetProtocolStats.java,oshi.software.os.InternetProtocolStats$UdpStats,innerclass,1,1,0,1,6,1,0,0,0,0.5,0.0,0.0,6,0,6,0,0,0,6,0,0,0,4,0,0,4,0,0,4,0,0,27,5,0,0,0,0,5,0,4,1,4,0,0,0,0,44,16,0
/Users/kaiohs/Downloads/codes/lab02-experimentacao-software/data/repos/oshi__oshi/oshi-common/src/test/java/oshi/util/driver/linux/LshalTest.java,oshi.util.driver.linux.LshalTest,class,2,2,0,2,2,1,0,4,0,0.0,NaN,NaN,1,0,0,0,0,1,1,0,0,0,0,0,0,0,0,0,0,0,1,9,0,0,1,0,0,1,0,1,0,1,1,0,0,0,15,0,0
/Users/kaiohs/Downloads/codes/lab02-experimentacao-software/data/repos/oshi__oshi/oshi-core/src/test/java/oshi/driver/windows/perfmon/PerfmonDriversTest.java,oshi.driver.windows.perfmon.PerfmonDriversTest,class,17,18,1,17,15,1,0,21,66,0.0,0.0,0.0,12,0,0,1,0,11,11,0,0,0,0,0,0,0,0,0,0,0,0,63,0,1,0,0,1,31,1,3,3,3,2,0,0,0,44,0,0
/Users/kaiohs/Downloads/codes/lab02-experimentacao-software/data/repos/oshi__oshi/oshi-core/src/main/java/oshi/util/platform/windows/PerfCounterQuery.java,oshi.util.platform.windows.PerfCounterQuery,class,12,18,6,12,23,1,0,41,13,0.90740734,0.0,0.0,6,5,4,2,0,0,4,0,0,0,9,9,5,4,0,0,9,0,13,95,8,3,0,2,2,13,6,21,2,20,3,0,1,0,152,17,4
/Users/kaiohs/Downloads/codes/lab02-experimentacao-software/data/repos/oshi__oshi/oshi-core/src/main/java/oshi/hardware/platform/linux/LinuxPowerSource.java,oshi.hardware.platform.linux.LinuxPowerSource,class,6,9,3,6,34,2,2,40,10,0.0,0.0,0.0,5,2,2,0,3,0,5,0,0,0,0,0,0,0,0,0,0,0,4,109,4,2,2,0,1,8,57,47,13,39,5,0,2,0,94,1,0
/Users/kaiohs/Downloads/codes/lab02-experimentacao-software/data/repos/oshi__oshi/oshi-core/src/main/java/oshi/driver/mac/ThreadInfo.java,oshi.driver.mac.ThreadInfo$ThreadStats,innerclass,2,2,0,2,13,1,0,0,9,0.7142858,0.0,0.0,7,0,7,0,0,0,7,0,0,0,6,0,0,6,0,0,6,0,0,54,6,0,0,0,3,0,2,11,4,6,1,0,0,0,46,9,0
/Users/kaiohs/Downloads/codes/lab02-experimentacao-software/data/repos/oshi__oshi/oshi-core/src/test/java/oshi/driver/windows/LogicalProcessorInformationTest.java,oshi.driver.windows.LogicalProcessorInformationTest,class,6,6,0,6,4,1,0,17,1,0.0,0.0,0.0,2,0,0,0,0,2,2,0,0,0,0,0,0,0,0,0,0,0,0,14,0,0,2,0,0,6,2,2,0,4,0,0,0,2,25,0,0
/Users/kaiohs/Downloads/codes/lab02-experimentacao-software/data/repos/oshi__oshi/oshi-core/src/main/java/oshi/jna/platform/unix/SolarisLibc.java,oshi.jna.platform.unix.SolarisLibc$Timeval,innerclass,3,3,0,3,0,2,0,0,0,NaN,-1.0,-1.0,0,0,0,0,0,0,0,0,0,0,2,0,2,0,0,0,0,0,0,4,0,0,0,0,0,2,0,0,0,2,0,0,0,0,12,0,0
/Users/kaiohs/Downloads/codes/lab02-experimentacao-software/data/repos/oshi__oshi/oshi-common/src/main/java/oshi/util/driver/linux/Sysfs.java,oshi.util.driver.linux.Sysfs,class,6,8,2,6,31,1,0,8,78,0.0,0.0,0.0,13,12,12,1,0,0,12,0,0,0,0,0,0,0,0,0,0,0,16,97,26,0,0,0,1,21,0,13,16,13,2,0,0,0,47,17,0
/Users/kaiohs/Downloads/codes/lab02-experimentacao-software/data/repos/oshi__oshi/oshi-common/src/main/java/oshi/hardware/CentralProcessor.java,oshi.hardware.CentralProcessor$ProcessorCache,innerclass,3,3,0,3,19,1,0,1,0,0.4,0.0,0.0,10,0,10,0,0,0,10,0,0,0,5,0,0,5,0,0,5,0,1,52,10,0,7,0,2,8,1,6,2,6,1,0,1,0,53,0,0
/Users/kaiohs/Downloads/codes/lab02-experimentacao-software/data/repos/oshi__oshi/oshi-core/src/main/java/oshi/jna/util/FileUtilJNA.java,oshi.jna.util.FileUtilJNA,class,5,48,43,5,10,1,0,7,10,0.0,0.0,0.0,5,4,4,1,0,0,4,0,0,0,0,0,0,0,0,0,0,0,0,21,4,0,3,0,1,0,3,0,1,0,1,0,0,0,48,17,0
/Users/kaiohs/Downloads/codes/lab02-experimentacao-software/data/repos/oshi__oshi/oshi-core/src/test/java/oshi/driver/windows/DeviceTreeTest.java,oshi.driver.windows.DeviceTreeTest,class,4,4,0,4,1,1,0,19,0,0.0,NaN,NaN,1,0,0,0,0,1,1,0,0,0,1,1,0,1,0,0,1,0,2,17,0,0,0,0,0,6,0,6,0,6,0,0,0,0,51,0,0
/Users/kaiohs/Downloads/codes/lab02-experimentacao-software/data/repos/oshi__oshi/oshi-core/src/main/java/oshi/software/os/linux/LinuxInstalledApps.java,oshi.software.os.linux.LinuxInstalledApps,class,2,3,1,2,11,1,0,18,15,0.8333333,NaN,NaN,6,5,1,5,0,0,1,0,0,0,2,2,0,2,0,0,2,0,8,47,6,1,0,0,0,12,12,10,1,10,2,0,0,0,98,17,0
/Users/kaiohs/Downloads/codes/lab02-experimentacao-software/data/repos/oshi__oshi/oshi-common/src/test/java/oshi/util/driver/unix/XwininfoTest.java,oshi.util.driver.unix.XwininfoTest,class,4,4,0,4,1,1,0,4,0,0.0,NaN,NaN,1,0,0,0,0,1,1,0,0,0,0,0,0,0,0,0,0,0,2,7,0,0,0,0,0,1,0,2,0,2,0,0,0,0,18,0,0
/Users/kaiohs/Downloads/codes/lab02-experimentacao-software/data/repos/oshi__oshi/oshi-core/src/test/java/oshi/util/MemoizerTest.java,oshi.util.MemoizerTest,class,6,7,1,6,19,1,0,28,5,0.5,0.0,0.0,6,2,0,3,0,3,3,0,0,0,2,1,0,2,0,0,1,0,12,94,1,5,2,0,3,8,28,31,8,23,4,1,0,1,80,16,0
/Users/kaiohs/Downloads/codes/lab02-experimentacao-software/data/repos/oshi__oshi/oshi-common/src/main/java/oshi/hardware/common/AbstractPrinter.java,oshi.hardware.common.AbstractPrinter,class,4,6,2,4,15,1,1,6,15,0.7159091,0.0,0.0,11,1,9,1,1,0,10,0,0,0,8,0,0,8,0,0,8,0,1,60,12,0,1,0,0,12,5,10,5,10,2,0,0,0,26,1025,0
/Users/kaiohs/Downloads/codes/lab02-experimentacao-software/data/repos/oshi__oshi/oshi-core/src/main/java/oshi/hardware/platform/unix/solaris/SolarisUsbDevice.java,oshi.hardware.platform.unix.solaris.SolarisUsbDevice,class,4,6,2,4,22,2,0,27,6,0.75,0.0,0.0,4,3,2,2,0,0,2,0,0,0,1,1,0,1,0,0,1,0,5,87,5,4,1,0,0,20,6,22,7,20,3,0,0,1,104,1,0
/Users/kaiohs/Downloads/codes/lab02-experimentacao-software/data/repos/oshi__oshi/oshi-core-java25/src/main/java/oshi/software/os/mac/MacOperatingSystemFFM.java,oshi.software.os.mac.MacOperatingSystemFFM,class,24,28,4,24,28,2,0,35,66,0.8076923,0.0,0.0,13,0,13,0,0,0,14,0,0,0,2,2,0,2,0,0,2,0,18,100,16,1,2,5,1,14,27,23,12,18,3,0,0,0,104,1,4
/Users/kaiohs/Downloads/codes/lab02-experimentacao-software/data/repos/oshi__oshi/oshi-core/src/main/java/oshi/hardware/platform/mac/MacComputerSystem.java,oshi.hardware.platform.mac.MacComputerSystem,class,11,12,1,11,14,2,0,12,9,0.42857143,0.0,0.0,7,1,6,1,0,0,6,0,0,0,1,0,0,1,0,0,1,0,5,42,7,0,3,0,0,6,0,12,0,7,2,0,0,0,30,16,0
/Users/kaiohs/Downloads/codes/lab02-experimentacao-software/data/repos/oshi__oshi/oshi-common/src/test/java/oshi/hardware/PhysicalMemoryTest.java,oshi.hardware.PhysicalMemoryTest,class,2,2,0,2,2,1,0,11,0,0.0,0.0,0.0,2,0,0,0,0,2,2,0,0,0,1,1,0,1,0,0,1,0,0,18,0,0,0,0,0,13,4,2,0,2,0,0,0,0,20,0,0
/Users/kaiohs/Downloads/codes/lab02-experimentacao-software/data/repos/oshi__oshi/oshi-core/src/main/java/oshi/driver/windows/registry/ProcessPerformanceData.java,oshi.driver.windows.registry.ProcessPerformanceData$PerfCounterBlock,innerclass,1,1,0,1,11,1,0,0,35,0.8181819,0.0,0.0,11,0,11,0,0,0,11,0,0,0,10,0,0,10,0,0,10,0,0,54,10,0,0,0,0,0,0,10,0,10,0,0,0,0,44,9,0
/Users/kaiohs/Downloads/codes/lab02-experimentacao-software/data/repos/oshi__oshi/oshi-core/src/main/java/oshi/jna/Struct.java,oshi.jna.Struct,interface,18,18,0,18,0,19,0,0,0,0.0,-1.0,-1.0,0,0,0,0,0,0,0,0,0,0,0,0,0,0,0,0,0,0,0,92,0,0,0,0,0,0,0,0,0,0,0,0,18,0,13,1,0
/Users/kaiohs/Downloads/codes/lab02-experimentacao-software/data/repos/oshi__oshi/oshi-core/src/main/java/oshi/driver/windows/registry/HkeyUserData.java,oshi.driver.windows.registry.HkeyUserData,class,7,9,2,7,13,1,0,18,1,0.5,NaN,NaN,2,1,1,1,0,0,1,0,0,0,6,6,0,6,0,0,6,0,0,51,1,2,0,1,0,8,2,21,2,18,7,0,0,0,56,17,1
/Users/kaiohs/Downloads/codes/lab02-experimentacao-software/data/repos/oshi__oshi/oshi-common/src/test/java/oshi/hardware/common/AbstractUsbDeviceTest.java,oshi.hardware.common.AbstractUsbDeviceTest$Anonymous2,anonymous,0,0,0,0,0,1,0,0,0,0.0,-1.0,-1.0,0,0,0,0,0,0,0,0,0,0,0,0,0,0,0,0,0,0,0,2,0,0,0,0,0,0,0,0,0,0,0,0,0,0,0,-1,0
/Users/kaiohs/Downloads/codes/lab02-experimentacao-software/data/repos/oshi__oshi/oshi-common/src/test/java/oshi/hardware/common/AbstractUsbDeviceTest.java,oshi.hardware.common.AbstractUsbDeviceTest$Anonymous1,anonymous,0,0,0,0,0,1,0,0,0,0.0,-1.0,-1.0,0,0,0,0,0,0,0,0,0,0,0,0,0,0,0,0,0,0,0,2,0,0,0,0,0,0,0,0,0,0,0,0,0,0,0,-1,0
/Users/kaiohs/Downloads/codes/lab02-experimentacao-software/data/repos/oshi__oshi/oshi-common/src/test/java/oshi/hardware/common/AbstractUsbDeviceTest.java,oshi.hardware.common.AbstractUsbDeviceTest$Anonymous4,anonymous,0,0,0,0,0,1,0,0,0,0.0,-1.0,-1.0,0,0,0,0,0,0,0,0,0,0,0,0,0,0,0,0,0,0,0,2,0,0,0,0,0,0,0,0,0,0,0,0,0,0,0,-1,0
/Users/kaiohs/Downloads/codes/lab02-experimentacao-software/data/repos/oshi__oshi/oshi-common/src/test/java/oshi/hardware/common/AbstractUsbDeviceTest.java,oshi.hardware.common.AbstractUsbDeviceTest$Anonymous3,anonymous,0,0,0,0,0,1,0,0,0,0.0,-1.0,-1.0,0,0,0,0,0,0,0,0,0,0,0,0,0,0,0,0,0,0,0,2,0,0,0,0,0,0,0,0,0,0,0,0,0,0,0,-1,0
/Users/kaiohs/Downloads/codes/lab02-experimentacao-software/data/repos/oshi__oshi/oshi-common/src/test/java/oshi/hardware/common/AbstractUsbDeviceTest.java,oshi.hardware.common.AbstractUsbDeviceTest$Anonymous6,anonymous,0,0,0,0,0,1,0,0,0,0.0,-1.0,-1.0,0,0,0,0,0,0,0,0,0,0,0,0,0,0,0,0,0,0,0,2,0,0,0,0,0,0,0,0,0,0,0,0,0,0,0,-1,0
/Users/kaiohs/Downloads/codes/lab02-experimentacao-software/data/repos/oshi__oshi/oshi-common/src/test/java/oshi/hardware/common/AbstractUsbDeviceTest.java,oshi.hardware.common.AbstractUsbDeviceTest$Anonymous5,anonymous,0,0,0,0,0,1,0,0,0,0.0,-1.0,-1.0,0,0,0,0,0,0,0,0,0,0,0,0,0,0,0,0,0,0,0,2,0,0,0,0,0,0,0,0,0,0,0,0,0,0,0,-1,0
/Users/kaiohs/Downloads/codes/lab02-experimentacao-software/data/repos/oshi__oshi/oshi-common/src/test/java/oshi/hardware/common/AbstractUsbDeviceTest.java,oshi.hardware.common.AbstractUsbDeviceTest$Anonymous7,anonymous,0,0,0,0,0,1,0,0,0,0.0,-1.0,-1.0,0,0,0,0,0,0,0,0,0,0,0,0,0,0,0,0,0,0,0,2,0,0,0,0,0,0,0,0,0,0,0,0,0,0,0,-1,0
/Users/kaiohs/Downloads/codes/lab02-experimentacao-software/data/repos/oshi__oshi/oshi-core-java25/src/main/java/oshi/ffm/windows/WinErrorFFM.java,oshi.ffm.windows.WinErrorFFM,interface,0,0,0,0,0,1,0,0,0,NaN,-1.0,-1.0,0,0,0,0,0,0,0,0,0,0,4,0,0,0,0,4,0,0,0,6,0,0,0,0,0,0,4,4,0,4,0,0,0,0,18,1,0
/Users/kaiohs/Downloads/codes/lab02-experimentacao-software/data/repos/oshi__oshi/oshi-common/src/main/java/oshi/util/ProcUtil.java,oshi.util.ProcUtil,class,4,6,2,4,15,1,0,14,6,0.0,0.0,0.0,4,3,3,1,0,0,3,0,0,0,0,0,0,0,0,0,0,0,8,55,3,3,3,0,0,0,16,16,2,12,4,0,0,0,121,17,0
/Users/kaiohs/Downloads/codes/lab02-experimentacao-software/data/repos/oshi__oshi/oshi-core/src/main/java/oshi/driver/unix/aix/perfstat/PerfstatProcess.java,oshi.driver.unix.aix.perfstat.PerfstatProcess,class,4,4,0,4,4,1,0,4,1,0.5,NaN,NaN,2,1,1,1,0,0,1,0,0,0,1,1,0,1,0,0,1,0,1,18,2,0,0,0,0,0,4,6,0,6,2,0,0,0,29,17,0
/Users/kaiohs/Downloads/codes/lab02-experimentacao-software/data/repos/oshi__oshi/oshi-common/src/main/java/oshi/hardware/common/AbstractGlobalMemory.java,oshi.hardware.common.AbstractGlobalMemory,class,6,7,1,6,18,1,1,12,1,0.0,0.0,0.0,2,0,2,0,0,0,2,0,0,0,0,0,0,0,0,0,0,0,5,74,2,1,1,0,0,17,19,25,3,13,4,0,0,0,30,1025,0
/Users/kaiohs/Downloads/codes/lab02-experimentacao-software/data/repos/oshi__oshi/oshi-core/src/main/java/oshi/jna/platform/mac/CoreGraphics.java,oshi.jna.platform.mac.CoreGraphics$CGPoint,innerclass,2,2,0,2,0,2,0,0,0,NaN,-1.0,-1.0,0,0,0,0,0,0,0,0,0,0,2,0,2,0,0,0,0,0,0,4,0,0,0,0,0,2,0,0,0,2,0,0,0,0,13,0,0
/Users/kaiohs/Downloads/codes/lab02-experimentacao-software/data/repos/oshi__oshi/oshi-core/src/main/java/oshi/driver/windows/perfmon/LoadAverage.java,oshi.driver.windows.perfmon.LoadAverage,class,5,7,2,5,10,1,0,13,8,0.8,0.0,0.0,5,4,3,2,0,0,3,0,0,2,3,3,0,3,0,0,1,0,5,97,3,1,2,0,0,3,12,16,3,11,2,1,0,0,60,17,0
/Users/kaiohs/Downloads/codes/lab02-experimentacao-software/data/repos/oshi__oshi/oshi-core/src/main/java/oshi/driver/windows/perfmon/SystemInformation.java,oshi.driver.windows.perfmon.SystemInformation$ProcessorQueueLengthProperty,enum,0,0,0,0,3,1,0,0,0,0.33333334,0.0,0.0,3,0,2,0,0,1,3,0,0,0,2,0,0,2,0,0,2,0,0,13,2,0,0,0,0,1,0,2,0,2,0,0,0,0,25,1,0
/Users/kaiohs/Downloads/codes/lab02-experimentacao-software/data/repos/oshi__oshi/oshi-core/src/main/java/oshi/hardware/platform/unix/openbsd/OpenBsdUsbDevice.java,oshi.hardware.platform.unix.openbsd.OpenBsdUsbDevice,class,4,6,2,4,19,2,0,21,6,0.0,0.0,0.0,4,3,2,2,0,0,2,0,0,0,0,0,0,0,0,0,0,0,4,77,4,4,1,0,0,14,16,25,5,22,5,0,0,1,104,1,0
/Users/kaiohs/Downloads/codes/lab02-experimentacao-software/data/repos/oshi__oshi/oshi-core/src/main/java/oshi/jna/platform/windows/WindowsDxgi.java,oshi.jna.platform.windows.WindowsDxgi$DxgiAdapter,innerclass,4,4,0,4,3,2,0,4,3,0.0,0.0,0.0,3,0,0,0,0,3,3,0,0,0,0,0,0,0,0,0,0,0,0,11,2,0,0,0,0,0,2,0,0,0,0,0,0,0,53,26,0
/Users/kaiohs/Downloads/codes/lab02-experimentacao-software/data/repos/oshi__oshi/oshi-core/src/main/java/oshi/hardware/platform/unix/solaris/SolarisFirmware.java,oshi.hardware.platform.unix.solaris.SolarisFirmware,class,2,3,1,2,4,2,0,0,0,0.5,0.0,0.0,4,0,3,0,0,1,4,0,0,0,3,0,0,3,0,0,3,0,0,19,3,0,0,0,0,0,0,3,0,3,0,0,0,0,11,16,0
/Users/kaiohs/Downloads/codes/lab02-experimentacao-software/data/repos/oshi__oshi/oshi-common/src/main/java/oshi/util/driver/linux/proc/DiskStats.java,oshi.util.driver.linux.proc.DiskStats$IoStat,enum,0,0,0,0,0,1,0,0,0,0.0,-1.0,-1.0,0,0,0,0,0,0,0,0,0,0,0,0,0,0,0,0,0,0,0,21,0,0,0,0,0,0,0,0,0,0,0,0,0,0,74,1,0
/Users/kaiohs/Downloads/codes/lab02-experimentacao-software/data/repos/oshi__oshi/oshi-core/src/main/java/oshi/software/os/unix/freebsd/FreeBsdOSFileStore.java,oshi.software.os.unix.freebsd.FreeBsdOSFileStore,class,3,4,1,3,14,2,0,14,11,0.6999999,0.0,0.0,10,0,10,0,0,0,10,0,0,0,8,0,0,8,0,0,0,0,0,61,10,1,0,0,0,0,0,16,0,8,2,0,0,0,33,1,0
/Users/kaiohs/Downloads/codes/lab02-experimentacao-software/data/repos/oshi__oshi/oshi-core/src/main/java/oshi/jna/platform/windows/WindowsDxgi.java,oshi.jna.platform.windows.WindowsDxgi$DXGI_ADAPTER_DESC,innerclass,4,4,0,4,0,2,0,0,0,NaN,-1.0,-1.0,0,0,0,0,0,0,0,0,0,0,10,0,10,0,0,0,0,0,0,12,0,0,0,0,0,10,1,1,0,10,0,0,0,0,43,9,0
/Users/kaiohs/Downloads/codes/lab02-experimentacao-software/data/repos/oshi__oshi/oshi-common/src/main/java/oshi/software/os/OSThread.java,oshi.software.os.OSThread$ThreadFiltering,innerclass,1,1,0,1,1,1,0,2,0,0.0,-1.0,-1.0,1,0,0,1,0,0,0,0,0,0,1,1,1,0,0,0,1,0,0,5,0,0,0,0,0,0,0,1,0,2,0,0,0,1,25,16,0
/Users/kaiohs/Downloads/codes/lab02-experimentacao-software/data/repos/oshi__oshi/oshi-core/src/main/java/oshi/hardware/platform/unix/solaris/SolarisSoundCard.java,oshi.hardware.platform.unix.solaris.SolarisSoundCard,class,4,6,2,4,11,2,0,12,1,0.5,0.0,0.0,2,1,1,0,0,1,2,0,0,0,2,2,0,2,0,0,2,0,0,35,1,2,0,0,0,9,0,9,2,7,3,0,0,0,37,16,0
/Users/kaiohs/Downloads/codes/lab02-experimentacao-software/data/repos/oshi__oshi/oshi-core/src/main/java/oshi/hardware/platform/unix/freebsd/FreeBsdSensors.java,oshi.hardware.platform.unix.freebsd.FreeBsdSensors,class,7,9,2,7,6,2,0,5,6,0.0,0.0,0.0,4,1,3,1,0,0,3,0,0,0,0,0,0,0,0,0,0,0,2,25,4,1,1,2,0,1,9,6,3,5,3,0,0,0,28,16,0
/Users/kaiohs/Downloads/codes/lab02-experimentacao-software/data/repos/oshi__oshi/oshi-core/src/main/java/oshi/jna/platform/unix/OpenBsdLibc.java,oshi.jna.platform.unix.OpenBsdLibc,interface,3,5,2,3,1,3,0,2,0,1.0,NaN,NaN,1,0,0,0,0,1,1,0,0,0,33,0,0,0,0,33,0,0,0,64,0,0,0,0,0,0,30,33,0,33,0,0,2,0,66,1,0
/Users/kaiohs/Downloads/codes/lab02-experimentacao-software/data/repos/oshi__oshi/oshi-demo/src/main/java/oshi/demo/DetectVM.java,oshi.demo.DetectVM,class,9,10,1,9,13,1,0,27,1,0.625,0.0,0.0,2,2,2,0,0,0,3,0,0,0,4,4,0,4,0,0,4,0,3,59,5,2,0,0,0,42,7,14,1,14,3,0,0,0,84,1,0
/Users/kaiohs/Downloads/codes/lab02-experimentacao-software/data/repos/oshi__oshi/oshi-core/src/main/java/oshi/jna/platform/unix/AixLibc.java,oshi.jna.platform.unix.AixLibc$AixLwpsInfo,innerclass,1,1,0,1,1,1,0,4,0,0.0,NaN,NaN,1,0,1,0,0,0,1,0,0,0,13,0,13,0,0,0,0,0,0,30,0,0,0,0,0,0,0,13,0,13,0,0,0,0,20,0,0
/Users/kaiohs/Downloads/codes/lab02-experimentacao-software/data/repos/oshi__oshi/oshi-core/src/main/java/oshi/jna/platform/windows/WindowsDxgi.java,oshi.jna.platform.windows.WindowsDxgi$DxgiLib,interface,4,4,0,4,1,1,0,1,0,1.0,NaN,NaN,1,0,0,0,0,1,1,0,0,0,1,0,0,0,0,1,0,0,0,4,0,0,0,0,0,1,0,1,0,1,0,0,0,0,40,2,0
/Users/kaiohs/Downloads/codes/lab02-experimentacao-software/data/repos/oshi__oshi/oshi-core/src/test/java/oshi/hardware/GraphicsCardTest.java,oshi.hardware.GraphicsCardTest,class,3,3,0,3,2,1,0,13,0,0.0,NaN,NaN,1,0,0,0,0,1,1,0,0,0,0,0,0,0,0,0,0,0,0,16,0,1,0,1,0,7,5,2,1,2,2,0,0,0,43,0,0
/Users/kaiohs/Downloads/codes/lab02-experimentacao-software/data/repos/oshi__oshi/oshi-core/src/main/java/oshi/driver/unix/aix/perfstat/PerfstatNetInterface.java,oshi.driver.unix.aix.perfstat.PerfstatNetInterface,class,4,4,0,4,4,1,0,3,1,0.5,NaN,NaN,2,1,1,1,0,0,1,0,0,0,1,1,0,1,0,0,1,0,0,18,2,0,0,0,0,0,4,6,0,6,2,0,0,0,30,17,0
/Users/kaiohs/Downloads/codes/lab02-experimentacao-software/data/repos/oshi__oshi/oshi-core-java25/src/main/java/oshi/util/platform/windows/PdhUtilFFM.java,oshi.util.platform.windows.PdhUtilFFM,class,6,8,2,6,6,1,0,19,0,0.0,NaN,NaN,2,1,1,1,0,0,1,0,0,0,1,1,0,1,0,0,1,0,12,50,2,1,1,2,0,7,8,23,0,21,4,0,0,0,69,17,1
/Users/kaiohs/Downloads/codes/lab02-experimentacao-software/data/repos/oshi__oshi/oshi-demo/src/main/java/oshi/demo/gui/InterfacePanel.java,oshi.demo.gui.InterfacePanel,class,7,9,2,7,14,6,0,43,13,0.8333334,NaN,NaN,6,4,1,5,0,0,1,0,0,0,7,7,0,7,0,0,7,0,9,91,3,4,0,0,0,15,22,35,1,28,2,0,0,0,90,1,0
/Users/kaiohs/Downloads/codes/lab02-experimentacao-software/data/repos/oshi__oshi/oshi-core/src/main/java/oshi/hardware/platform/unix/openbsd/OpenBsdHardwareAbstractionLayer.java,oshi.hardware.platform.unix.openbsd.OpenBsdHardwareAbstractionLayer,class,26,27,1,26,12,2,0,8,66,0.0,0.0,0.0,12,0,12,0,0,0,12,0,0,0,0,0,0,0,0,0,0,0,8,38,12,0,0,0,0,0,0,0,0,0,0,0,0,0,33,17,0
/Users/kaiohs/Downloads/codes/lab02-experimentacao-software/data/repos/oshi__oshi/oshi-core/src/main/java/oshi/driver/windows/wmi/OhmHardware.java,oshi.driver.windows.wmi.OhmHardware$IdentifierProperty,enum,0,0,0,0,0,1,0,0,0,0.0,-1.0,-1.0,0,0,0,0,0,0,0,0,0,0,0,0,0,0,0,0,0,0,0,1,0,0,0,0,0,0,0,0,0,0,0,0,0,0,12,1,0
/Users/kaiohs/Downloads/codes/lab02-experimentacao-software/data/repos/oshi__oshi/oshi-core/src/main/java/oshi/hardware/platform/windows/WindowsSensors.java,oshi.hardware.platform.windows.WindowsSensors,class,15,17,2,15,69,2,0,49,63,0.76666665,0.0,0.0,15,12,3,12,0,0,3,0,0,0,4,4,0,4,0,0,4,0,42,266,44,5,7,6,5,42,66,70,10,63,4,0,0,7,108,16,11
/Users/kaiohs/Downloads/codes/lab02-experimentacao-software/data/repos/oshi__oshi/oshi-common/src/test/java/oshi/hardware/common/AbstractCentralProcessorTest.java,oshi.hardware.common.AbstractCentralProcessorTest$Anonymous1,anonymous,8,8,0,8,8,1,0,3,28,0.0,0.0,0.0,8,0,1,0,7,0,8,0,0,0,0,0,0,0,0,0,0,0,4,26,8,0,0,0,0,6,7,0,0,0,0,0,0,0,25,-1,0
/Users/kaiohs/Downloads/codes/lab02-experimentacao-software/data/repos/oshi__oshi/oshi-core-java25/src/main/java/oshi/ffm/mac/IOKit.java,oshi.ffm.mac.IOKit$IOObject,innerclass,3,3,0,3,10,1,0,6,0,0.0,0.0,0.0,5,0,5,0,0,0,5,0,0,0,1,0,0,1,0,0,1,0,2,35,8,0,1,2,0,0,2,3,0,3,1,0,0,0,22,0,0
/Users/kaiohs/Downloads/codes/lab02-experimentacao-software/data/repos/oshi__oshi/oshi-common/src/main/java/oshi/util/driver/linux/proc/ProcessStat.java,oshi.util.driver.linux.proc.ProcessStat$PidStat,enum,0,0,0,0,0,1,0,0,0,0.0,-1.0,-1.0,0,0,0,0,0,0,0,0,0,0,0,0,0,0,0,0,0,0,0,53,0,0,0,0,0,0,0,0,0,0,0,0,0,0,266,1,0
/Users/kaiohs/Downloads/codes/lab02-experimentacao-software/data/repos/oshi__oshi/oshi-core/src/main/java/oshi/driver/unix/aix/perfstat/PerfstatProtocol.java,oshi.driver.unix.aix.perfstat.PerfstatProtocol,class,4,4,0,4,4,1,0,3,1,0.5,NaN,NaN,2,1,1,1,0,0,1,0,0,0,1,1,0,1,0,0,1,0,0,18,2,0,0,0,0,0,4,6,0,6,2,0,0,0,29,17,0
/Users/kaiohs/Downloads/codes/lab02-experimentacao-software/data/repos/oshi__oshi/oshi-core-java25/src/main/java/oshi/ffm/windows/com/ComObjectFFM.java,oshi.ffm.windows.com.ComObjectFFM,class,4,9,5,4,6,3,4,6,4,0.5,0.0,0.0,4,3,0,0,4,0,4,0,0,0,1,1,0,0,1,0,1,0,0,18,4,0,1,0,0,0,2,2,2,2,1,0,0,0,70,1,0
/Users/kaiohs/Downloads/codes/lab02-experimentacao-software/data/repos/oshi__oshi/oshi-core/src/main/java/oshi/driver/linux/Who.java,oshi.driver.linux.Who,class,10,12,2,10,41,1,0,39,6,0.75,NaN,NaN,4,3,1,3,0,0,1,0,0,1,2,2,0,2,0,0,1,0,9,168,6,4,14,13,0,8,24,44,5,36,8,0,0,1,90,17,0
/Users/kaiohs/Downloads/codes/lab02-experimentacao-software/data/repos/oshi__oshi/oshi-common/src/main/java/oshi/hardware/GlobalMemory.java,oshi.hardware.GlobalMemory,interface,3,18,15,3,5,1,0,0,10,0.0,0.0,0.0,5,0,0,0,0,5,5,0,0,0,0,0,0,0,0,0,0,0,0,7,0,0,0,0,0,0,0,0,0,0,0,0,0,0,48,1,0
/Users/kaiohs/Downloads/codes/lab02-experimentacao-software/data/repos/oshi__oshi/oshi-core/src/main/java/oshi/hardware/platform/unix/freebsd/FreeBsdSoundCard.java,oshi.hardware.platform.unix.freebsd.FreeBsdSoundCard,class,4,6,2,4,11,2,0,13,1,0.5,0.0,0.0,2,1,1,0,0,1,2,0,0,0,1,1,0,1,0,0,1,0,0,36,1,2,0,0,0,8,0,8,1,6,3,0,0,0,30,16,0
/Users/kaiohs/Downloads/codes/lab02-experimentacao-software/data/repos/oshi__oshi/oshi-core/src/main/java/oshi/software/os/windows/WindowsNetworkParams.java,oshi.software.os.windows.WindowsNetworkParams,class,9,11,2,9,19,2,0,19,19,0.78571427,0.0,0.0,7,2,5,2,0,0,5,0,0,0,2,2,0,2,0,0,2,0,2,77,13,3,4,4,0,10,15,19,0,16,4,0,0,0,64,16,3
/Users/kaiohs/Downloads/codes/lab02-experimentacao-software/data/repos/oshi__oshi/oshi-core/src/main/java/oshi/jna/platform/mac/CoreGraphics.java,oshi.jna.platform.mac.CoreGraphics$CGRect,innerclass,5,5,0,5,1,2,0,2,0,1.0,NaN,NaN,1,0,1,0,0,0,1,0,0,0,2,0,2,0,0,0,0,0,1,7,0,0,0,0,0,2,0,0,0,2,0,0,0,0,17,0,0
/Users/kaiohs/Downloads/codes/lab02-experimentacao-software/data/repos/oshi__oshi/oshi-demo/src/main/java/oshi/demo/DiskStoreForPath.java,oshi.demo.DiskStoreForPath,class,10,11,1,10,14,1,0,30,3,0.0,NaN,NaN,3,3,1,2,0,0,1,0,0,0,0,0,0,0,0,0,0,0,2,54,4,3,0,0,0,8,13,17,4,17,3,0,0,0,74,1,0
/Users/kaiohs/Downloads/codes/lab02-experimentacao-software/data/repos/oshi__oshi/oshi-core/src/test/java/oshi/driver/windows/EnumWindowsTest.java,oshi.driver.windows.EnumWindowsTest,class,3,3,0,3,1,1,0,4,0,0.0,NaN,NaN,1,0,0,0,0,1,1,0,0,0,0,0,0,0,0,0,0,0,0,7,0,0,0,0,0,1,0,2,0,2,0,0,0,0,18,0,0
/Users/kaiohs/Downloads/codes/lab02-experimentacao-software/data/repos/oshi__oshi/oshi-common/src/test/java/oshi/util/driver/linux/proc/UpTimeTest.java,oshi.util.driver.linux.proc.UpTimeTest,class,3,3,0,3,1,1,0,3,0,0.0,NaN,NaN,1,0,0,0,0,1,1,0,0,0,0,0,0,0,0,0,0,0,1,6,0,0,0,0,0,1,1,1,0,1,0,0,0,0,14,0,0
/Users/kaiohs/Downloads/codes/lab02-experimentacao-software/data/repos/oshi__oshi/oshi-core/src/main/java/oshi/hardware/platform/mac/MacHWDiskStore.java,oshi.hardware.platform.mac.MacHWDiskStore,class,20,22,2,20,50,2,0,51,58,0.8321678,0.0,0.0,13,2,10,3,0,0,10,0,0,0,11,3,0,11,0,0,3,0,8,259,15,7,27,0,1,24,17,97,2,70,9,0,1,0,165,17,4
/Users/kaiohs/Downloads/codes/lab02-experimentacao-software/data/repos/oshi__oshi/oshi-core/src/main/java/oshi/software/os/linux/LinuxNetworkParamsJNA.java,oshi.software.os.linux.LinuxNetworkParamsJNA,class,9,11,2,9,7,3,0,15,1,0.5,0.0,0.0,2,0,2,0,0,0,2,0,0,0,2,2,0,2,0,0,2,0,1,40,5,0,3,4,0,5,3,10,1,8,4,0,0,0,47,0,2
/Users/kaiohs/Downloads/codes/lab02-experimentacao-software/data/repos/oshi__oshi/oshi-core/src/main/java/oshi/hardware/platform/mac/MacGpuStats.java,oshi.hardware.platform.mac.MacGpuStats,class,14,16,2,14,51,1,0,32,59,0.87179494,0.0,0.0,15,0,11,3,0,1,12,0,0,11,13,9,0,13,0,0,12,0,3,220,28,1,21,7,0,16,18,46,4,42,7,0,0,0,147,16,1
/Users/kaiohs/Downloads/codes/lab02-experimentacao-software/data/repos/oshi__oshi/oshi-common/src/main/java/oshi/hardware/common/AbstractLogicalVolumeGroup.java,oshi.hardware.common.AbstractLogicalVolumeGroup,class,1,2,1,1,8,1,1,11,0,0.4,0.0,0.0,5,0,4,0,1,0,5,0,0,0,3,0,0,3,0,0,3,0,3,35,4,2,0,0,0,4,0,5,0,5,2,0,0,0,32,1,0
/Users/kaiohs/Downloads/codes/lab02-experimentacao-software/data/repos/oshi__oshi/oshi-core/src/main/java/oshi/hardware/platform/linux/LinuxUsbDeviceJNA.java,oshi.hardware.platform.linux.LinuxUsbDeviceJNA,class,7,9,2,7,17,3,0,25,1,0.3333333,NaN,NaN,3,2,1,2,0,0,1,0,0,0,8,8,0,8,0,0,8,0,4,100,5,3,9,3,0,11,0,31,0,27,7,0,0,1,100,17,2
/Users/kaiohs/Downloads/codes/lab02-experimentacao-software/data/repos/oshi__oshi/oshi-core-java25/src/main/java/oshi/ffm/mac/CoreFoundation.java,oshi.ffm.mac.CoreFoundation$CFNumberRef,innerclass,3,3,0,3,27,2,0,8,21,0.0,0.0,0.0,7,0,7,0,0,0,7,0,0,0,0,0,0,0,0,0,0,0,6,98,24,0,0,6,0,1,24,12,1,12,2,0,0,0,49,0,0
/Users/kaiohs/Downloads/codes/lab02-experimentacao-software/data/repos/oshi__oshi/oshi-core/src/main/java/oshi/hardware/platform/mac/MacHardwareAbstractionLayer.java,oshi.hardware.platform.mac.MacHardwareAbstractionLayer,class,7,9,2,7,3,2,2,3,3,0.0,0.0,0.0,3,0,3,0,0,0,3,0,0,0,0,0,0,0,0,0,0,0,2,11,3,0,0,0,0,0,0,0,0,0,0,0,0,0,12,1025,0
/Users/kaiohs/Downloads/codes/lab02-experimentacao-software/data/repos/oshi__oshi/oshi-core/src/main/java/oshi/hardware/platform/unix/aix/AixUsbDevice.java,oshi.hardware.platform.unix.aix.AixUsbDevice,class,4,6,2,4,6,2,0,7,1,0.0,0.0,0.0,2,1,2,0,0,0,2,0,0,0,0,0,0,0,0,0,0,0,2,21,2,1,1,0,0,7,4,3,0,3,3,0,0,0,60,1,0
/Users/kaiohs/Downloads/codes/lab02-experimentacao-software/data/repos/oshi__oshi/oshi-core/src/main/java/oshi/hardware/platform/unix/solaris/SolarisPowerSource.java,oshi.hardware.platform.unix.solaris.SolarisPowerSource,class,8,10,2,8,23,2,0,8,6,0.75,0.0,0.0,4,2,2,1,1,0,4,0,0,0,2,2,0,2,0,0,2,0,16,95,3,0,9,2,1,16,38,48,5,32,4,0,0,0,80,17,0
/Users/kaiohs/Downloads/codes/lab02-experimentacao-software/data/repos/oshi__oshi/oshi-common/src/main/java/oshi/util/driver/linux/proc/CpuInfo.java,oshi.util.driver.linux.proc.CpuInfo,class,5,6,1,5,30,1,0,13,10,0.0,0.0,0.0,5,4,3,2,0,0,3,0,0,0,0,0,0,0,0,0,0,0,6,93,23,2,0,0,0,23,19,13,0,10,3,0,0,1,52,17,0
/Users/kaiohs/Downloads/codes/lab02-experimentacao-software/data/repos/oshi__oshi/oshi-core/src/main/java/oshi/software/os/mac/MacOSThread.java,oshi.software.os.mac.MacOSThread,class,3,4,1,3,9,2,0,0,22,0.77777773,0.0,0.0,9,0,9,0,0,0,9,0,0,0,7,0,0,7,0,0,7,0,0,43,7,0,0,0,0,0,6,7,0,7,0,0,0,0,24,1,0
/Users/kaiohs/Downloads/codes/lab02-experimentacao-software/data/repos/oshi__oshi/oshi-common/src/main/java/oshi/hardware/NetworkIF.java,oshi.hardware.NetworkIF$IfOperStatus,enum,1,1,0,1,4,1,0,6,0,0.0,0.0,0.0,3,1,2,0,0,1,3,0,0,0,1,0,0,1,0,0,1,0,2,18,2,0,1,0,0,0,7,1,0,2,0,0,0,1,76,0,0
/Users/kaiohs/Downloads/codes/lab02-experimentacao-software/data/repos/oshi__oshi/oshi-core/src/main/java/oshi/driver/windows/perfmon/ProcessorInformation.java,oshi.driver.windows.perfmon.ProcessorInformation,class,9,10,1,9,11,1,0,8,15,0.8333333,0.0,0.0,6,5,5,1,0,0,5,0,0,0,1,1,0,1,0,0,1,0,13,82,9,0,0,0,0,0,0,1,0,1,1,0,5,0,70,17,0
/Users/kaiohs/Downloads/codes/lab02-experimentacao-software/data/repos/oshi__oshi/oshi-common/src/main/java/oshi/hardware/common/AbstractBaseboard.java,oshi.hardware.common.AbstractBaseboard,class,2,6,4,2,1,1,3,6,0,0.0,NaN,NaN,1,0,1,0,0,0,1,0,0,0,0,0,0,0,0,0,0,0,0,10,1,0,0,0,0,7,0,1,0,1,0,0,0,0,14,1025,0
/Users/kaiohs/Downloads/codes/lab02-experimentacao-software/data/repos/oshi__oshi/oshi-core/src/main/java/oshi/hardware/platform/unix/aix/AixComputerSystem.java,oshi.hardware.platform.unix.aix.AixComputerSystem$LsattrStrings,innerclass,0,0,0,0,8,1,0,1,0,0.0,-1.0,-1.0,1,0,0,1,0,0,0,0,0,0,7,0,0,7,0,0,7,0,0,18,0,0,0,0,0,0,0,7,0,7,0,0,0,0,11,26,0
/Users/kaiohs/Downloads/codes/lab02-experimentacao-software/data/repos/oshi__oshi/oshi-core/src/test/java/oshi/util/ParseUtilTest.java,oshi.util.ParseUtilTest,class,9,9,0,9,56,1,0,105,1538,0.96428573,0.0,0.0,56,0,0,0,0,56,56,0,0,0,1,1,0,1,0,0,1,0,264,545,0,0,0,0,3,515,486,136,63,54,1,0,1,3,331,0,0
/Users/kaiohs/Downloads/codes/lab02-experimentacao-software/data/repos/oshi__oshi/oshi-common/src/main/java/oshi/util/Util.java,oshi.util.Util,class,3,28,25,3,15,1,0,18,21,0.85714287,0.0,0.0,7,6,6,1,0,0,7,0,0,0,2,2,0,2,0,0,2,0,7,44,6,0,3,1,1,20,3,5,0,4,1,0,0,0,98,17,2
/Users/kaiohs/Downloads/codes/lab02-experimentacao-software/data/repos/oshi__oshi/oshi-core/src/main/java/oshi/driver/windows/wmi/OhmSensor.java,oshi.driver.windows.wmi.OhmSensor$ValueProperty,enum,0,0,0,0,0,1,0,0,0,0.0,-1.0,-1.0,0,0,0,0,0,0,0,0,0,0,0,0,0,0,0,0,0,0,0,1,0,0,0,0,0,0,0,0,0,0,0,0,0,0,11,1,0
/Users/kaiohs/Downloads/codes/lab02-experimentacao-software/data/repos/oshi__oshi/oshi-core/src/main/java/oshi/jna/platform/linux/LinuxLibc.java,oshi.jna.platform.linux.LinuxLibc$Exit_status,innerclass,2,2,0,2,0,2,0,0,0,NaN,-1.0,-1.0,0,0,0,0,0,0,0,0,0,0,2,0,2,0,0,0,0,0,0,4,0,0,0,0,0,2,0,0,0,2,0,0,0,0,10,0,0
/Users/kaiohs/Downloads/codes/lab02-experimentacao-software/data/repos/oshi__oshi/oshi-core-java25/src/main/java/oshi/util/platform/mac/SmcUtilFFM.java,oshi.util.platform.mac.SmcUtilFFM,class,13,16,3,13,35,1,0,36,47,0.9191919,0.0,0.0,11,10,5,6,0,0,5,0,0,0,18,18,10,8,0,0,18,0,30,171,20,3,12,5,1,25,48,57,4,55,4,0,0,0,134,17,6
/Users/kaiohs/Downloads/codes/lab02-experimentacao-software/data/repos/oshi__oshi/oshi-core/src/main/java/oshi/jna/ByRef.java,oshi.jna.ByRef$CloseableLONGLONGByReference,innerclass,2,2,0,2,1,2,0,2,0,0.0,NaN,NaN,1,0,1,0,0,0,1,0,0,0,0,0,0,0,0,0,0,0,1,5,0,0,0,0,0,0,0,0,0,0,0,0,0,0,11,0,0
/Users/kaiohs/Downloads/codes/lab02-experimentacao-software/data/repos/oshi__oshi/oshi-core-java25/src/main/java/oshi/software/os/mac/MacNetworkParamsFFM.java,oshi.software.os.mac.MacNetworkParamsFFM,class,7,9,2,7,18,2,0,28,4,0.6666667,0.0,0.0,4,0,4,0,0,0,4,0,0,0,3,3,0,3,0,0,3,0,8,76,11,1,3,4,0,18,13,18,2,16,3,0,0,0,79,16,5
/Users/kaiohs/Downloads/codes/lab02-experimentacao-software/data/repos/oshi__oshi/oshi-common/src/main/java/oshi/software/common/AbstractNetworkParams.java,oshi.software.common.AbstractNetworkParams,class,4,8,4,4,17,1,2,26,10,0.8,0.0,0.0,5,1,4,0,1,0,5,0,0,0,1,1,0,1,0,0,1,0,7,61,8,2,4,2,0,12,13,17,0,15,3,0,0,0,64,1025,0
/Users/kaiohs/Downloads/codes/lab02-experimentacao-software/data/repos/oshi__oshi/oshi-core/src/main/java/oshi/jna/platform/mac/SystemB.java,oshi.jna.platform.mac.SystemB$SocketFdInfo,innerclass,5,5,0,5,1,2,0,2,0,1.0,NaN,NaN,1,0,1,0,0,0,1,0,0,0,2,0,2,0,0,0,0,0,1,7,0,0,0,0,0,2,0,0,0,2,0,0,0,0,16,0,0
/Users/kaiohs/Downloads/codes/lab02-experimentacao-software/data/repos/oshi__oshi/oshi-core/src/main/java/oshi/jna/platform/windows/NtDll.java,oshi.jna.platform.windows.NtDll,interface,6,8,2,6,1,8,0,1,0,1.0,NaN,NaN,1,0,0,0,0,1,1,0,0,0,2,0,0,0,0,2,0,0,0,74,0,0,0,0,0,1,1,2,0,2,0,0,7,0,28,1,0
/Users/kaiohs/Downloads/codes/lab02-experimentacao-software/data/repos/oshi__oshi/oshi-core/src/main/java/oshi/driver/unix/aix/PsInfo.java,oshi.driver.unix.aix.PsInfo,class,15,18,3,15,33,1,0,29,15,0.6666667,0.0,0.0,7,6,4,3,0,0,4,0,0,0,3,3,0,3,0,0,3,0,16,123,12,4,13,3,0,10,33,43,14,35,6,0,0,0,144,17,4
/Users/kaiohs/Downloads/codes/lab02-experimentacao-software/data/repos/oshi__oshi/oshi-core/src/main/java/oshi/software/os/unix/freebsd/FreeBsdFileSystem.java,oshi.software.os.unix.freebsd.FreeBsdFileSystem,class,6,9,3,6,25,2,0,24,6,0.875,0.0,0.0,4,0,4,0,0,0,4,0,0,0,8,8,4,4,0,0,8,0,2,86,4,3,0,0,2,24,21,34,5,27,3,0,0,0,75,17,0
/Users/kaiohs/Downloads/codes/lab02-experimentacao-software/data/repos/oshi__oshi/oshi-demo/src/main/java/oshi/demo/OshiHTTPServer.java,oshi.demo.OshiHTTPServer,class,5,6,1,5,11,1,0,24,0,0.33333334,0.0,0.0,3,1,3,0,0,0,3,0,0,0,3,2,0,3,0,0,2,0,2,73,0,1,1,3,0,23,3,17,5,17,3,0,0,0,99,1,8
/Users/kaiohs/Downloads/codes/lab02-experimentacao-software/data/repos/oshi__oshi/oshi-core/src/main/java/oshi/jna/platform/windows/PowrProf.java,oshi.jna.platform.windows.PowrProf$BATTERY_INFORMATION,innerclass,4,4,0,4,1,2,0,2,0,1.0,NaN,NaN,1,0,1,0,0,0,1,0,0,0,10,0,10,0,0,0,0,0,1,15,0,0,0,0,0,10,2,2,0,10,0,0,0,0,33,0,0
/Users/kaiohs/Downloads/codes/lab02-experimentacao-software/data/repos/oshi__oshi/oshi-core/src/main/java/oshi/jna/platform/mac/IOKit.java,oshi.jna.platform.mac.IOKit$SMCKeyDataKeyInfo,innerclass,2,2,0,2,0,2,0,0,0,NaN,-1.0,-1.0,0,0,0,0,0,0,0,0,0,0,3,0,3,0,0,0,0,0,0,5,0,0,0,0,0,3,0,0,0,3,0,0,0,0,15,0,0
/Users/kaiohs/Downloads/codes/lab02-experimentacao-software/data/repos/oshi__oshi/oshi-core/src/main/java/oshi/jna/platform/mac/IOKit.java,oshi.jna.platform.mac.IOKit$SMCKeyDataPLimitData,innerclass,2,2,0,2,0,2,0,0,0,NaN,-1.0,-1.0,0,0,0,0,0,0,0,0,0,0,5,0,5,0,0,0,0,0,0,7,0,0,0,0,0,5,0,0,0,5,0,0,0,0,18,0,0
/Users/kaiohs/Downloads/codes/lab02-experimentacao-software/data/repos/oshi__oshi/oshi-core/src/main/java/oshi/hardware/platform/mac/MacFirmware.java,oshi.hardware.platform.mac.MacFirmware,class,8,9,1,8,29,2,0,16,0,0.16666667,0.0,0.0,6,1,5,1,0,0,5,0,0,0,1,0,0,1,0,0,1,0,10,91,6,1,11,0,0,14,0,27,0,10,5,0,0,0,34,16,0
/Users/kaiohs/Downloads/codes/lab02-experimentacao-software/data/repos/oshi__oshi/oshi-core/src/main/java/oshi/hardware/platform/mac/MacCentralProcessor.java,oshi.hardware.platform.mac.MacCentralProcessor,class,24,26,2,24,58,2,0,92,100,0.8958333,0.0,0.0,16,2,7,7,2,0,9,0,0,0,12,8,0,12,0,0,10,0,29,271,23,5,12,6,3,64,66,105,22,82,5,0,0,6,170,16,3
/Users/kaiohs/Downloads/codes/lab02-experimentacao-software/data/repos/oshi__oshi/oshi-demo/src/main/java/oshi/demo/gui/ProcessorPanel.java,oshi.demo.gui.ProcessorPanel,class,12,14,2,12,7,6,0,29,6,0.73333335,NaN,NaN,5,1,1,4,0,0,1,0,0,0,3,1,0,3,0,0,1,0,9,64,3,2,0,0,2,8,14,28,3,22,2,0,0,1,65,1,0
/Users/kaiohs/Downloads/codes/lab02-experimentacao-software/data/repos/oshi__oshi/oshi-core/src/main/java/oshi/hardware/platform/mac/MacSensors.java,oshi.hardware.platform.mac.MacSensors,class,4,5,1,4,10,2,0,6,3,0.6666667,0.0,0.0,3,0,3,0,0,0,3,0,0,0,1,0,0,1,0,0,0,0,1,56,7,1,4,3,0,0,8,13,1,9,2,0,0,0,27,16,0
/Users/kaiohs/Downloads/codes/lab02-experimentacao-software/data/repos/oshi__oshi/oshi-common/src/test/java/oshi/software/common/AbstractInternetProtocolStatsTest.java,oshi.software.common.AbstractInternetProtocolStatsTest$Anonymous1,anonymous,2,2,0,2,2,1,0,0,1,0.0,0.0,0.0,2,0,2,0,0,0,2,0,0,0,0,0,0,0,0,0,0,0,0,8,2,0,0,0,0,0,14,0,0,0,0,0,0,0,9,-1,0
/Users/kaiohs/Downloads/codes/lab02-experimentacao-software/data/repos/oshi__oshi/oshi-core-java25/src/main/java/oshi/ffm/windows/com/Ole32FFM.java,oshi.ffm.windows.com.Ole32FFM,class,7,12,5,7,16,3,0,14,0,0.9227941,0.0,0.0,8,7,7,1,0,0,7,0,0,0,34,34,27,7,0,0,34,0,13,97,11,0,1,5,0,12,30,39,0,39,2,0,0,0,145,17,6
/Users/kaiohs/Downloads/codes/lab02-experimentacao-software/data/repos/oshi__oshi/oshi-core/src/main/java/oshi/software/os/unix/openbsd/OpenBsdInternetProtocolStats.java,oshi.software.os.unix.openbsd.OpenBsdInternetProtocolStats,class,4,5,1,4,2,2,0,2,1,0.0,0.0,0.0,2,0,2,0,0,0,2,0,0,0,0,0,0,0,0,0,0,0,0,8,2,0,0,0,0,2,0,0,0,0,0,0,0,0,17,1,0
/Users/kaiohs/Downloads/codes/lab02-experimentacao-software/data/repos/oshi__oshi/oshi-core-java25/src/main/java/oshi/ffm/windows/com/WbemcliFFM.java,oshi.ffm.windows.com.WbemcliFFM,class,0,0,0,0,1,1,0,0,0,0.0,-1.0,-1.0,1,0,0,1,0,0,0,0,0,0,70,70,70,0,0,0,70,0,0,74,0,0,0,0,0,1,69,70,0,70,0,0,0,0,85,17,0
/Users/kaiohs/Downloads/codes/lab02-experimentacao-software/data/repos/oshi__oshi/oshi-core/src/test/java/oshi/hardware/SoundCardTest.java,oshi.hardware.SoundCardTest,class,3,3,0,3,2,1,0,8,0,0.0,NaN,NaN,1,0,0,0,0,1,1,0,0,0,0,0,0,0,0,0,0,0,0,10,0,1,0,0,0,3,0,1,0,1,1,0,0,0,22,0,0
/Users/kaiohs/Downloads/codes/lab02-experimentacao-software/data/repos/oshi__oshi/oshi-core/src/main/java/oshi/software/os/unix/solaris/SolarisOperatingSystem.java,oshi.software.os.unix.solaris.SolarisOperatingSystem,class,24,27,3,24,60,2,0,54,274,0.95138884,0.0,0.0,24,3,18,5,1,0,21,0,0,0,6,6,1,5,0,0,6,0,12,191,32,4,10,3,1,24,34,40,8,38,4,0,0,3,146,1,0
/Users/kaiohs/Downloads/codes/lab02-experimentacao-software/data/repos/oshi__oshi/oshi-common/src/main/java/oshi/hardware/common/AbstractSensors.java,oshi.hardware.common.AbstractSensors,class,5,9,4,5,7,1,2,12,21,0.85714287,0.0,0.0,7,0,4,0,3,0,7,3,0,0,3,0,0,3,0,0,3,0,7,24,4,0,0,0,0,5,0,4,0,4,0,0,0,0,24,1025,0
/Users/kaiohs/Downloads/codes/lab02-experimentacao-software/data/repos/oshi__oshi/oshi-core-java25/src/main/java/oshi/hardware/platform/linux/LinuxUsbDeviceFFM.java,oshi.hardware.platform.linux.LinuxUsbDeviceFFM,class,6,8,2,6,20,2,0,31,1,0.3333333,NaN,NaN,3,2,1,2,0,0,1,0,0,0,8,8,0,8,0,0,8,0,26,114,6,3,7,4,0,11,0,34,0,30,7,0,0,1,89,17,2
/Users/kaiohs/Downloads/codes/lab02-experimentacao-software/data/repos/oshi__oshi/oshi-core/src/main/java/oshi/driver/windows/perfmon/ProcessorInformation.java,oshi.driver.windows.perfmon.ProcessorInformation$InterruptsProperty,enum,0,0,0,0,3,1,0,0,0,0.33333334,0.0,0.0,3,0,2,0,0,1,3,0,0,0,2,0,0,2,0,0,2,0,0,13,2,0,0,0,0,1,0,2,0,2,0,0,0,0,21,1,0
/Users/kaiohs/Downloads/codes/lab02-experimentacao-software/data/repos/oshi__oshi/oshi-core/src/main/java/oshi/hardware/platform/windows/WindowsDisplay.java,oshi.hardware.platform.windows.WindowsDisplay,class,15,17,2,15,6,2,0,12,1,0.5,0.0,0.0,2,1,1,0,0,1,2,0,0,0,4,4,0,4,0,0,4,0,0,35,1,1,2,2,0,4,5,16,0,14,6,0,0,0,64,16,1
/Users/kaiohs/Downloads/codes/lab02-experimentacao-software/data/repos/oshi__oshi/oshi-core-java25/src/main/java/oshi/ffm/windows/IPHlpAPIFFM.java,oshi.ffm.windows.IPHlpAPIFFM,class,5,6,1,5,5,3,0,8,0,0.7894737,0.0,0.0,5,5,5,0,0,0,5,0,0,0,19,19,13,6,0,0,19,0,6,36,5,0,0,0,0,61,11,19,0,19,0,0,0,0,53,1,0
/Users/kaiohs/Downloads/codes/lab02-experimentacao-software/data/repos/oshi__oshi/oshi-core/src/main/java/oshi/software/os/mac/MacOperatingSystem.java,oshi.software.os.mac.MacOperatingSystem,class,10,14,4,10,31,2,2,52,47,0.8585859,0.0,0.0,11,0,8,0,3,0,11,0,0,0,9,4,1,4,4,0,9,0,8,111,12,2,5,0,2,13,21,35,6,35,2,0,0,4,117,1025,3
/Users/kaiohs/Downloads/codes/lab02-experimentacao-software/data/repos/oshi__oshi/oshi-demo/src/main/java/oshi/demo/gui/MemoryPanel.java,oshi.demo.gui.MemoryPanel,class,13,15,2,13,8,6,0,35,19,0.8333333,NaN,NaN,7,5,1,6,0,0,1,0,0,0,6,6,0,6,0,0,6,0,15,79,3,1,0,0,0,8,9,28,2,22,1,0,0,1,81,1,0
/Users/kaiohs/Downloads/codes/lab02-experimentacao-software/data/repos/oshi__oshi/oshi-core/src/main/java/oshi/hardware/platform/unix/aix/AixGraphicsCard.java,oshi.hardware.platform.unix.aix.AixGraphicsCard,class,4,6,2,4,14,2,0,13,1,0.0,0.0,0.0,2,1,1,0,0,1,2,0,0,0,0,0,0,0,0,0,0,0,1,34,1,1,1,0,0,9,2,10,0,6,3,0,0,0,40,16,0
/Users/kaiohs/Downloads/codes/lab02-experimentacao-software/data/repos/oshi__oshi/oshi-core/src/main/java/oshi/util/platform/windows/WmiUtil.java,oshi.util.platform.windows.WmiUtil,class,5,26,21,5,33,1,0,20,0,0.7380953,0.0,0.0,14,13,11,3,0,0,11,0,0,0,3,3,2,1,0,0,3,0,19,106,18,1,17,0,0,18,7,11,0,11,1,0,0,0,133,17,0
/Users/kaiohs/Downloads/codes/lab02-experimentacao-software/data/repos/oshi__oshi/oshi-core/src/main/java/oshi/jna/platform/unix/FreeBsdLibc.java,oshi.jna.platform.unix.FreeBsdLibc$Timeval,innerclass,2,2,0,2,0,2,0,0,0,NaN,-1.0,-1.0,0,0,0,0,0,0,0,0,0,0,2,0,2,0,0,0,0,0,0,4,0,0,0,0,0,2,0,0,0,2,0,0,0,0,11,0,0
/Users/kaiohs/Downloads/codes/lab02-experimentacao-software/data/repos/oshi__oshi/oshi-core/src/test/java/oshi/hardware/DisksTest.java,oshi.hardware.DisksTest,class,4,4,0,4,5,1,0,31,0,0.0,NaN,NaN,1,0,0,0,0,1,1,0,0,0,0,0,0,0,0,0,0,0,0,42,0,3,0,0,0,26,11,5,4,5,2,0,0,0,73,0,0
/Users/kaiohs/Downloads/codes/lab02-experimentacao-software/data/repos/oshi__oshi/oshi-common/src/test/java/oshi/software/common/AbstractFileSystemTest.java,oshi.software.common.AbstractFileSystemTest$Anonymous1,anonymous,1,1,0,1,4,1,0,2,6,0.0,0.0,0.0,4,0,4,0,0,0,4,0,0,0,0,0,0,0,0,0,0,0,1,15,4,0,0,0,0,2,3,0,1,0,0,0,0,0,10,-1,0
/Users/kaiohs/Downloads/codes/lab02-experimentacao-software/data/repos/oshi__oshi/oshi-core-java25/src/main/java/oshi/software/os/linux/LinuxNetworkParamsFFM.java,oshi.software.os.linux.LinuxNetworkParamsFFM,class,5,7,2,5,8,2,0,21,0,0.25,0.0,0.0,2,0,2,0,0,0,2,0,0,0,2,2,0,2,0,0,2,0,6,49,6,0,3,4,0,6,8,12,2,12,2,0,0,0,57,16,4
/Users/kaiohs/Downloads/codes/lab02-experimentacao-software/data/repos/oshi__oshi/oshi-core/src/test/java/oshi/hardware/platform/linux/LinuxPowerSourceTest.java,oshi.hardware.platform.linux.LinuxPowerSourceTest,class,5,6,1,5,12,1,0,30,24,0.41666666,0.0,0.0,12,1,0,1,0,11,11,0,0,0,1,1,0,1,0,0,1,0,10,119,1,0,0,0,0,46,32,23,3,23,0,0,0,0,49,0,0
/Users/kaiohs/Downloads/codes/lab02-experimentacao-software/data/repos/oshi__oshi/oshi-core-java25/src/main/java/oshi/ffm/mac/SystemConfigurationFunctions.java,oshi.ffm.mac.SystemConfigurationFunctions,class,3,4,1,3,4,3,0,6,0,0.4375,0.0,0.0,4,3,3,1,0,0,3,0,0,0,4,4,0,4,0,0,4,0,1,17,3,0,0,0,0,4,0,4,0,4,0,0,0,0,33,17,0
/Users/kaiohs/Downloads/codes/lab02-experimentacao-software/data/repos/oshi__oshi/oshi-core/src/main/java/oshi/software/os/unix/solaris/SolarisInternetProtocolStats.java,oshi.software.os.unix.solaris.SolarisInternetProtocolStats,class,5,7,2,5,29,2,0,13,10,0.0,0.0,0.0,5,3,2,3,0,0,2,0,0,0,0,0,0,0,0,0,0,0,4,117,5,4,4,0,0,22,52,40,1,23,5,0,0,0,44,1,0
/Users/kaiohs/Downloads/codes/lab02-experimentacao-software/data/repos/oshi__oshi/oshi-core/src/main/java/oshi/software/os/linux/LinuxOperatingSystemJNA.java,oshi.software.os.linux.LinuxOperatingSystemJNA,class,14,16,2,14,20,3,0,22,21,0.8928572,0.0,0.0,7,0,6,0,1,0,8,0,0,0,4,4,3,1,0,0,4,0,2,90,12,0,1,6,0,8,6,14,0,10,3,0,0,0,99,1,7
/Users/kaiohs/Downloads/codes/lab02-experimentacao-software/data/repos/oshi__oshi/oshi-core-java25/src/main/java/oshi/ffm/windows/SetupApiFFM.java,oshi.ffm.windows.SetupApiFFM,class,10,12,2,10,16,3,0,25,0,0.6444444,0.0,0.0,5,5,5,0,0,0,5,0,0,0,9,9,3,6,0,0,9,0,20,78,14,0,2,5,0,14,17,17,0,17,2,0,0,0,130,17,5
/Users/kaiohs/Downloads/codes/lab02-experimentacao-software/data/repos/oshi__oshi/oshi-common/src/main/java/oshi/hardware/LogicalVolumeGroup.java,oshi.hardware.LogicalVolumeGroup,interface,1,11,10,1,3,1,0,0,3,0.0,0.0,0.0,3,0,0,0,0,3,3,0,0,0,0,0,0,0,0,0,0,0,0,5,0,0,0,0,0,0,0,0,0,0,0,0,0,0,65,1,0
/Users/kaiohs/Downloads/codes/lab02-experimentacao-software/data/repos/oshi__oshi/oshi-core/src/main/java/oshi/jna/platform/unix/SolarisLibc.java,oshi.jna.platform.unix.SolarisLibc$Timestruc,innerclass,2,2,0,2,1,1,0,1,0,0.0,NaN,NaN,1,0,1,0,0,0,1,0,0,0,2,0,2,0,0,0,0,0,2,8,0,0,0,0,0,0,0,2,0,2,0,0,0,0,16,0,0
/Users/kaiohs/Downloads/codes/lab02-experimentacao-software/data/repos/oshi__oshi/oshi-core/src/main/java/oshi/jna/Struct.java,oshi.jna.Struct$CloseableProcTaskAllInfo,innerclass,2,2,0,2,1,2,0,2,0,0.0,NaN,NaN,1,0,1,0,0,0,1,0,0,0,0,0,0,0,0,0,0,0,1,5,0,0,0,0,0,0,0,0,0,0,0,0,0,0,9,0,0
/Users/kaiohs/Downloads/codes/lab02-experimentacao-software/data/repos/oshi__oshi/oshi-core/src/test/java/oshi/util/MemoizerTest.java,oshi.util.MemoizerTest$Anonymous1,anonymous,0,0,0,0,1,1,0,0,0,0.0,NaN,NaN,1,0,1,0,0,0,1,0,0,0,1,0,0,1,0,0,0,0,0,6,1,0,0,0,0,0,0,0,0,1,0,0,0,0,3,-1,0
/Users/kaiohs/Downloads/codes/lab02-experimentacao-software/data/repos/oshi__oshi/oshi-common/src/main/java/oshi/software/os/FileSystem.java,oshi.software.os.FileSystem,interface,2,14,12,2,5,1,0,0,10,0.0,0.0,0.0,5,0,0,0,0,5,5,0,0,0,0,0,0,0,0,0,0,0,0,7,0,0,0,0,0,0,0,0,0,0,0,0,0,0,114,1,0
/Users/kaiohs/Downloads/codes/lab02-experimentacao-software/data/repos/oshi__oshi/oshi-core/src/test/java/oshi/util/TupleTest.java,oshi.util.TupleTest,class,5,5,0,5,1,1,0,20,0,0.0,NaN,NaN,1,0,0,0,0,1,1,0,0,0,0,0,0,0,0,0,0,0,1,22,0,0,0,0,0,23,9,4,0,4,0,0,0,0,15,0,0
/Users/kaiohs/Downloads/codes/lab02-experimentacao-software/data/repos/oshi__oshi/oshi-core/src/main/java/oshi/hardware/platform/unix/openbsd/OpenBsdSensors.java,oshi.hardware.platform.unix.openbsd.OpenBsdSensors,class,5,7,2,5,17,2,0,18,4,0.4,0.0,0.0,5,2,3,2,0,0,3,0,0,0,1,0,0,1,0,0,1,0,2,54,5,3,0,0,0,6,18,14,1,11,4,0,0,0,34,16,0
/Users/kaiohs/Downloads/codes/lab02-experimentacao-software/data/repos/oshi__oshi/oshi-common/src/test/java/oshi/software/common/AbstractOSProcessTest.java,oshi.software.common.AbstractOSProcessTest$Anonymous1,anonymous,2,2,0,2,29,1,0,2,406,0.0,0.0,0.0,29,0,29,0,0,0,29,0,0,0,0,0,0,0,0,0,0,0,3,89,29,0,0,0,0,8,13,0,1,0,0,0,0,0,52,-1,0
/Users/kaiohs/Downloads/codes/lab02-experimentacao-software/data/repos/oshi__oshi/oshi-core/src/main/java/oshi/util/platform/unix/openbsd/OpenBsdSysctlUtil.java,oshi.util.platform.unix.openbsd.OpenBsdSysctlUtil,class,8,15,7,8,18,1,0,17,10,0.5185185,0.0,0.0,9,8,8,1,0,0,8,0,0,0,3,3,0,3,0,0,3,0,0,80,16,0,8,6,0,2,11,15,4,15,3,0,0,0,70,17,7
/Users/kaiohs/Downloads/codes/lab02-experimentacao-software/data/repos/oshi__oshi/oshi-core/src/main/java/oshi/software/os/mac/MacInternetProtocolStats.java,oshi.software.os.mac.MacInternetProtocolStats,class,19,21,2,19,48,2,0,29,58,0.7948718,0.0,0.0,13,7,7,6,0,0,7,0,0,0,6,0,0,6,0,0,0,0,12,205,27,3,14,5,0,11,76,81,14,41,4,0,0,0,101,1,0
/Users/kaiohs/Downloads/codes/lab02-experimentacao-software/data/repos/oshi__oshi/oshi-common/src/main/java/oshi/hardware/ComputerSystem.java,oshi.hardware.ComputerSystem,interface,3,16,13,3,6,1,0,0,15,0.0,0.0,0.0,6,0,0,0,0,6,6,0,0,0,0,0,0,0,0,0,0,0,0,8,0,0,0,0,0,0,0,0,0,0,0,0,0,0,94,1,0
/Users/kaiohs/Downloads/codes/lab02-experimentacao-software/data/repos/oshi__oshi/oshi-common/src/test/java/oshi/hardware/common/AbstractSensorsTest.java,oshi.hardware.common.AbstractSensorsTest,class,2,2,0,2,2,1,0,8,0,0.0,0.0,0.0,2,0,0,0,0,2,2,0,0,0,1,1,0,1,0,0,1,0,0,26,0,0,0,0,0,3,7,2,0,2,0,1,0,0,17,0,0
/Users/kaiohs/Downloads/codes/lab02-experimentacao-software/data/repos/oshi__oshi/oshi-common/src/test/java/oshi/software/os/OSProcessTest.java,oshi.software.os.OSProcessTest$Anonymous2,anonymous,3,3,0,3,36,1,0,2,630,0.0,0.0,0.0,36,0,36,0,0,0,36,0,0,0,0,0,0,0,0,0,0,0,3,110,36,0,0,0,0,8,23,0,0,0,0,0,0,0,66,-1,0
/Users/kaiohs/Downloads/codes/lab02-experimentacao-software/data/repos/oshi__oshi/oshi-common/src/main/java/oshi/util/driver/linux/Lshw.java,oshi.util.driver.linux.Lshw,class,3,4,1,3,12,1,0,5,4,0.6,0.0,0.0,5,4,4,1,0,0,5,0,0,0,3,3,0,3,0,0,3,0,3,47,5,2,0,0,0,6,5,13,0,10,2,0,0,0,41,17,0
/Users/kaiohs/Downloads/codes/lab02-experimentacao-software/data/repos/oshi__oshi/oshi-core/src/main/java/oshi/hardware/platform/linux/LinuxNetworkIF.java,oshi.hardware.platform.linux.LinuxNetworkIF,class,4,7,3,4,31,2,2,11,125,0.888889,0.0,0.0,18,2,15,0,3,0,18,0,0,0,14,0,0,14,0,0,0,0,2,121,27,0,0,1,0,27,4,22,18,20,2,0,0,0,72,1025,0
/Users/kaiohs/Downloads/codes/lab02-experimentacao-software/data/repos/oshi__oshi/oshi-core/src/main/java/oshi/software/os/unix/freebsd/FreeBsdOSThread.java,oshi.software.os.unix.freebsd.FreeBsdOSThread,class,5,7,2,5,28,2,0,16,84,0.859375,0.0,0.0,16,0,15,1,0,0,15,0,0,0,12,0,0,12,0,0,0,0,2,112,15,1,0,0,0,3,13,28,4,19,2,0,0,0,73,1,0
/Users/kaiohs/Downloads/codes/lab02-experimentacao-software/data/repos/oshi__oshi/oshi-core-java25/src/main/java/oshi/ffm/windows/Win32Exception.java,oshi.ffm.windows.Win32Exception,class,1,6,5,1,3,4,0,2,0,0.0,0.0,0.0,3,1,2,1,0,0,2,0,0,0,1,0,0,1,0,0,1,0,2,13,2,0,0,0,0,1,0,1,0,1,0,0,0,0,16,1,0
/Users/kaiohs/Downloads/codes/lab02-experimentacao-software/data/repos/oshi__oshi/oshi-core/src/main/java/oshi/hardware/platform/linux/LinuxSoundCard.java,oshi.hardware.platform.linux.LinuxSoundCard,class,5,7,2,5,22,2,0,23,15,0.8333333,0.0,0.0,6,5,1,4,0,1,2,0,0,0,4,4,0,4,0,0,4,0,4,73,6,5,3,0,0,15,1,18,3,15,7,0,0,0,113,16,1
/Users/kaiohs/Downloads/codes/lab02-experimentacao-software/data/repos/oshi__oshi/oshi-common/src/main/java/oshi/util/PlatformEnum.java,oshi.util.PlatformEnum,enum,1,11,10,1,23,1,0,9,8,0.70000005,0.0,0.0,5,3,4,0,0,1,6,0,0,0,2,1,0,2,0,0,2,0,4,78,5,0,0,0,0,33,1,16,0,4,1,0,0,0,82,1,0
/Users/kaiohs/Downloads/codes/lab02-experimentacao-software/data/repos/oshi__oshi/oshi-core-java25/src/main/java/oshi/ffm/mac/CoreFoundation.java,oshi.ffm.mac.CoreFoundation$CFDateFormatter,innerclass,7,7,0,7,8,2,0,4,3,0.0,0.0,0.0,3,1,3,0,0,0,3,0,0,0,0,0,0,0,0,0,0,0,2,27,5,0,2,2,0,0,0,3,0,3,1,0,0,0,43,0,0
/Users/kaiohs/Downloads/codes/lab02-experimentacao-software/data/repos/oshi__oshi/oshi-common/src/test/java/oshi/software/os/OSProcessTest.java,oshi.software.os.OSProcessTest$Anonymous1,anonymous,3,3,0,3,32,1,0,2,496,0.0,0.0,0.0,32,0,32,0,0,0,32,0,0,0,0,0,0,0,0,0,0,0,3,98,32,0,0,0,0,8,18,0,0,0,0,0,0,0,56,-1,0
/Users/kaiohs/Downloads/codes/lab02-experimentacao-software/data/repos/oshi__oshi/oshi-core-java25/src/main/java/oshi/software/os/windows/WindowsInternetProtocolStatsFFM.java,oshi.software.os.windows.WindowsInternetProtocolStatsFFM,class,7,9,2,7,9,2,0,10,0,0.2,0.0,0.0,5,0,5,0,0,0,5,0,0,0,1,1,0,1,0,0,1,0,8,47,9,0,0,4,0,4,0,2,0,2,1,0,0,0,35,1,4
/Users/kaiohs/Downloads/codes/lab02-experimentacao-software/data/repos/oshi__oshi/oshi-common/src/main/java/oshi/util/FileUtil.java,oshi.util.FileUtil,class,5,26,21,5,74,1,0,64,163,0.68115944,0.0,0.0,23,22,20,2,0,1,21,0,0,0,3,3,0,3,0,0,3,0,38,263,38,5,6,8,1,18,34,27,4,27,4,0,0,0,192,17,25
/Users/kaiohs/Downloads/codes/lab02-experimentacao-software/data/repos/oshi__oshi/oshi-core/src/main/java/oshi/software/os/linux/LinuxOSThread.java,oshi.software.os.linux.LinuxOSThread$ThreadPidStat,enum,0,0,0,0,2,1,0,0,0,0.0,0.0,0.0,2,0,1,0,0,1,2,0,0,0,1,0,0,1,0,0,1,0,0,8,1,0,0,0,0,0,11,1,0,1,0,0,0,0,48,2,0
/Users/kaiohs/Downloads/codes/lab02-experimentacao-software/data/repos/oshi__oshi/oshi-common/src/main/java/oshi/util/EdidUtil.java,oshi.util.EdidUtil,class,6,10,4,6,37,1,0,40,165,0.84210527,0.0,0.0,19,18,17,2,0,0,17,0,0,0,1,1,0,1,0,0,1,0,53,130,18,3,3,0,12,33,93,20,27,18,3,0,0,0,161,17,3
/Users/kaiohs/Downloads/codes/lab02-experimentacao-software/data/repos/oshi__oshi/oshi-core-java25/src/main/java/oshi/ffm/windows/Advapi32FFM.java,oshi.ffm.windows.Advapi32FFM,class,5,8,3,5,17,3,0,19,0,0.7928994,0.0,0.0,13,13,13,0,0,0,13,0,0,0,13,13,0,13,0,0,13,0,26,69,16,0,2,1,0,13,4,17,0,17,2,0,0,0,69,17,0
/Users/kaiohs/Downloads/codes/lab02-experimentacao-software/data/repos/oshi__oshi/oshi-core/src/main/java/oshi/hardware/platform/windows/WindowsFirmware.java,oshi.hardware.platform.windows.WindowsFirmware,class,6,7,1,6,12,2,0,12,0,0.16666667,0.0,0.0,6,1,5,1,0,0,5,0,0,0,1,0,0,1,0,0,1,0,6,34,6,0,0,0,0,0,6,12,0,7,1,0,0,0,32,16,0
/Users/kaiohs/Downloads/codes/lab02-experimentacao-software/data/repos/oshi__oshi/oshi-common/src/test/java/oshi/util/driver/linux/DevicetreeTest.java,oshi.util.driver.linux.DevicetreeTest,class,2,2,0,2,1,1,0,1,0,0.0,NaN,NaN,1,0,0,0,0,1,1,0,0,0,0,0,0,0,0,0,0,0,0,5,0,0,0,0,0,0,0,0,0,0,0,0,0,0,9,0,0
/Users/kaiohs/Downloads/codes/lab02-experimentacao-software/data/repos/oshi__oshi/oshi-core/src/main/java/oshi/driver/windows/perfmon/PagingFile.java,oshi.driver.windows.perfmon.PagingFile$PagingPercentProperty,enum,0,0,0,0,3,1,0,0,0,0.33333334,0.0,0.0,3,0,2,0,0,1,3,0,0,0,2,0,0,2,0,0,2,0,0,13,2,0,0,0,0,1,0,2,0,2,0,0,0,0,24,1,0
/Users/kaiohs/Downloads/codes/lab02-experimentacao-software/data/repos/oshi__oshi/oshi-core/src/test/java/oshi/driver/unix/freebsd/WhoTest.java,oshi.driver.unix.freebsd.WhoTest,class,3,3,0,3,2,1,0,11,0,0.0,NaN,NaN,1,0,0,0,0,1,1,0,0,0,0,0,0,0,0,0,0,0,1,10,0,1,0,0,0,4,1,0,0,0,1,0,0,0,28,0,0
/Users/kaiohs/Downloads/codes/lab02-experimentacao-software/data/repos/oshi__oshi/oshi-core/src/main/java/oshi/software/os/unix/aix/AixFileSystem.java,oshi.software.os.unix.aix.AixFileSystem,class,5,8,3,5,29,2,0,23,10,0.90000004,0.0,0.0,5,1,4,0,0,1,5,0,0,0,8,8,4,4,0,0,8,0,1,95,6,4,1,0,3,25,19,33,4,28,3,0,0,0,81,1,0
/Users/kaiohs/Downloads/codes/lab02-experimentacao-software/data/repos/oshi__oshi/oshi-core/src/main/java/oshi/software/os/mac/MacInstalledApps.java,oshi.software.os.mac.MacInstalledApps,class,4,5,1,4,62,1,0,46,66,0.9166667,NaN,NaN,12,11,1,11,0,0,1,0,0,0,1,1,0,1,0,0,1,0,29,238,23,5,11,3,0,75,25,70,17,49,7,0,0,0,102,17,2
/Users/kaiohs/Downloads/codes/lab02-experimentacao-software/data/repos/oshi__oshi/oshi-common/src/main/java/oshi/util/SystemInfoHelper.java,oshi.util.SystemInfoHelper,class,34,35,1,34,76,1,0,124,231,0.0,0.0,0.0,22,21,21,1,0,0,21,0,0,0,0,0,0,0,0,0,0,0,37,270,0,25,12,0,6,112,53,46,78,52,3,0,0,9,155,17,0
/Users/kaiohs/Downloads/codes/lab02-experimentacao-software/data/repos/oshi__oshi/oshi-common/src/test/java/oshi/util/driver/linux/proc/CpuInfoTest.java,oshi.util.driver.linux.proc.CpuInfoTest,class,2,2,0,2,1,1,0,1,0,0.0,NaN,NaN,1,0,0,0,0,1,1,0,0,0,0,0,0,0,0,0,0,0,0,6,0,0,0,0,0,0,0,0,0,0,0,0,0,0,9,0,0
/Users/kaiohs/Downloads/codes/lab02-experimentacao-software/data/repos/oshi__oshi/oshi-core-java25/src/main/java/oshi/ffm/driver/windows/registry/InstalledAppsDataFFM.java,oshi.ffm.driver.windows.registry.InstalledAppsDataFFM,class,9,11,2,9,21,1,0,27,8,0.75,0.0,0.0,5,4,1,4,0,0,2,0,0,0,4,4,0,4,0,0,4,0,25,99,10,4,3,4,0,19,12,27,6,25,7,0,0,0,96,17,3
/Users/kaiohs/Downloads/codes/lab02-experimentacao-software/data/repos/oshi__oshi/oshi-core/src/main/java/oshi/hardware/platform/linux/LinuxVirtualMemory.java,oshi.hardware.platform.linux.LinuxVirtualMemory,class,6,8,2,6,22,2,0,14,35,0.76666665,0.0,0.0,10,3,6,3,0,1,7,0,0,0,3,0,0,3,0,0,3,0,3,82,10,2,0,0,0,6,20,19,3,13,3,0,0,0,63,16,0
/Users/kaiohs/Downloads/codes/lab02-experimentacao-software/data/repos/oshi__oshi/oshi-common/src/main/java/oshi/hardware/common/AbstractCentralProcessor.java,oshi.hardware.common.AbstractCentralProcessor,class,14,18,4,14,89,1,2,89,480,0.95208335,0.0,0.0,32,3,20,0,12,0,32,7,0,0,15,1,0,15,0,0,15,0,37,295,25,7,7,0,13,57,104,90,60,51,3,0,0,3,161,1025,2
/Users/kaiohs/Downloads/codes/lab02-experimentacao-software/data/repos/oshi__oshi/oshi-core/src/main/java/oshi/jna/platform/mac/SystemB.java,oshi.jna.platform.mac.SystemB$TcpSockInfo,innerclass,4,4,0,4,0,2,0,0,0,NaN,-1.0,-1.0,0,0,0,0,0,0,0,0,0,0,7,0,7,0,0,0,0,0,0,9,0,0,0,0,0,7,0,1,0,7,0,0,0,0,20,0,0
/Users/kaiohs/Downloads/codes/lab02-experimentacao-software/data/repos/oshi__oshi/oshi-core/src/main/java/oshi/driver/windows/perfmon/ProcessInformation.java,oshi.driver.windows.perfmon.ProcessInformation$HandleCountProperty,enum,0,0,0,0,2,1,0,0,0,0.0,0.0,0.0,2,0,1,0,0,1,2,0,0,0,1,0,0,1,0,0,1,0,0,8,1,0,0,0,0,1,0,1,0,1,0,0,0,0,22,1,0
/Users/kaiohs/Downloads/codes/lab02-experimentacao-software/data/repos/oshi__oshi/oshi-common/src/main/java/oshi/hardware/GpuStats.java,oshi.hardware.GpuStats,interface,2,13,11,2,11,1,0,0,55,0.0,0.0,0.0,11,0,0,0,0,11,11,0,0,0,0,0,0,0,0,0,0,0,0,13,0,0,0,0,0,0,0,0,0,0,0,0,0,0,289,1,0
/Users/kaiohs/Downloads/codes/lab02-experimentacao-software/data/repos/oshi__oshi/oshi-common/src/test/java/oshi/software/common/AbstractOSFileStoreTest.java,oshi.software.common.AbstractOSFileStoreTest$Anonymous1,anonymous,0,0,0,0,9,1,0,0,36,0.0,0.0,0.0,9,0,9,0,0,0,9,0,0,0,0,0,0,0,0,0,0,0,0,29,9,0,0,0,0,3,5,0,0,0,0,0,0,0,19,-1,0
/Users/kaiohs/Downloads/codes/lab02-experimentacao-software/data/repos/oshi__oshi/oshi-common/src/test/java/oshi/software/common/AbstractOSFileStoreTest.java,oshi.software.common.AbstractOSFileStoreTest$Anonymous2,anonymous,0,0,0,0,9,1,0,0,36,0.0,0.0,0.0,9,0,9,0,0,0,9,0,0,0,0,0,0,0,0,0,0,0,0,29,9,0,0,0,0,3,5,0,0,0,0,0,0,0,13,-1,0
/Users/kaiohs/Downloads/codes/lab02-experimentacao-software/data/repos/oshi__oshi/oshi-common/src/test/java/oshi/software/common/AbstractOSThreadTest.java,oshi.software.common.AbstractOSThreadTest,class,4,5,1,4,10,1,0,9,45,0.0,0.0,0.0,10,1,0,1,0,9,9,0,0,0,0,0,0,0,0,0,0,0,13,66,1,0,0,0,0,2,79,10,0,10,0,1,0,0,38,0,0
/Users/kaiohs/Downloads/codes/lab02-experimentacao-software/data/repos/oshi__oshi/oshi-core-java25/src/main/java/oshi/software/os/linux/LinuxOperatingSystemFFM.java,oshi.software.os.linux.LinuxOperatingSystemFFM,class,14,16,2,14,18,2,0,22,15,0.8095238,0.0,0.0,7,0,6,0,1,0,8,0,0,0,3,3,1,2,0,0,3,0,11,71,12,0,1,5,0,5,6,8,0,7,2,0,0,0,102,1,5
/Users/kaiohs/Downloads/codes/lab02-experimentacao-software/data/repos/oshi__oshi/oshi-core/src/main/java/oshi/driver/unix/aix/perfstat/PerfstatCpu.java,oshi.driver.unix.aix.perfstat.PerfstatCpu,class,6,7,1,6,9,1,0,5,4,0.5,0.0,0.0,4,3,3,1,0,0,3,0,0,0,1,1,0,1,0,0,1,0,1,33,6,0,1,0,1,0,11,9,2,9,2,0,0,0,42,17,0
/Users/kaiohs/Downloads/codes/lab02-experimentacao-software/data/repos/oshi__oshi/oshi-core/src/main/java/oshi/driver/windows/perfmon/GpuInformation.java,oshi.driver.windows.perfmon.GpuInformation$GpuEngineProperty,enum,0,0,0,0,2,1,0,0,0,0.0,0.0,0.0,2,0,1,0,0,1,2,0,0,0,1,0,0,1,0,0,1,0,0,8,1,0,0,0,0,3,0,1,0,1,0,0,0,0,28,1,0
/Users/kaiohs/Downloads/codes/lab02-experimentacao-software/data/repos/oshi__oshi/oshi-common/src/test/java/oshi/software/os/OSSessionTest.java,oshi.software.os.OSSessionTest,class,2,2,0,2,3,1,0,8,3,0.0,0.0,0.0,3,0,0,0,0,3,3,0,0,0,0,0,0,0,0,0,0,0,0,19,0,0,0,0,0,16,4,3,0,3,0,0,0,0,19,0,0
/Users/kaiohs/Downloads/codes/lab02-experimentacao-software/data/repos/oshi__oshi/oshi-core-java25/src/main/java/oshi/hardware/platform/mac/MacGraphicsCardFFM.java,oshi.hardware.platform.mac.MacGraphicsCardFFM,class,9,11,2,9,18,2,0,17,6,0.75,0.0,0.0,4,2,2,1,0,1,3,0,0,0,1,1,0,1,0,0,1,0,8,60,5,1,1,0,0,14,14,18,0,11,4,0,0,0,46,16,0
/Users/kaiohs/Downloads/codes/lab02-experimentacao-software/data/repos/oshi__oshi/oshi-core/src/test/java/oshi/hardware/CentralProcessorTest.java,CentralProcessorTest,class,6,6,0,6,18,1,0,50,0,0.0,0.0,0.0,6,0,0,0,0,6,6,0,0,0,1,0,0,1,0,0,0,0,0,92,0,4,0,0,0,43,35,13,3,12,3,0,0,0,118,0,0
/Users/kaiohs/Downloads/codes/lab02-experimentacao-software/data/repos/oshi__oshi/oshi-core-java25/src/main/java/oshi/hardware/platform/mac/MacMemoryUtilFFM.java,oshi.hardware.platform.mac.MacMemoryUtilFFM,class,6,9,3,6,3,1,0,8,1,0.5,NaN,NaN,2,1,0,1,0,1,1,0,0,0,1,1,0,1,0,0,1,0,3,16,2,0,1,0,1,1,2,4,1,4,1,0,0,0,51,16,1
/Users/kaiohs/Downloads/codes/lab02-experimentacao-software/data/repos/oshi__oshi/oshi-core/src/main/java/oshi/jna/platform/windows/PowrProf.java,oshi.jna.platform.windows.PowrProf$BATTERY_STATUS,innerclass,3,3,0,3,1,2,0,2,0,1.0,NaN,NaN,1,0,1,0,0,0,1,0,0,0,4,0,4,0,0,0,0,0,1,9,0,0,0,0,0,4,0,0,0,4,0,0,0,0,20,0,0
/Users/kaiohs/Downloads/codes/lab02-experimentacao-software/data/repos/oshi__oshi/oshi-core/src/test/java/oshi/util/FileUtilTest.java,oshi.util.FileUtilTest,class,3,3,0,3,18,1,0,56,15,0.0,0.0,0.0,6,0,0,0,0,6,6,0,0,0,0,0,0,0,0,0,0,0,57,160,0,2,0,10,0,83,33,31,1,23,2,0,0,1,88,0,0
/Users/kaiohs/Downloads/codes/lab02-experimentacao-software/data/repos/oshi__oshi/oshi-demo/src/main/java/oshi/demo/WmiNoComInitQueryHandler.java,oshi.demo.WmiNoComInitQueryHandler,class,1,2,1,1,1,2,0,0,0,0.0,NaN,NaN,1,0,1,0,0,0,1,0,0,0,0,0,0,0,0,0,0,0,0,5,1,0,0,0,0,0,0,0,0,0,0,0,0,0,29,1,0
/Users/kaiohs/Downloads/codes/lab02-experimentacao-software/data/repos/oshi__oshi/oshi-common/src/test/java/oshi/hardware/common/AbstractFirmwareTest.java,oshi.hardware.common.AbstractFirmwareTest,class,2,2,0,2,2,1,0,7,0,0.0,0.0,0.0,2,0,0,0,0,2,2,0,0,0,1,1,0,1,0,0,1,0,0,21,0,0,0,0,0,2,0,2,0,2,0,1,0,0,17,0,0
/Users/kaiohs/Downloads/codes/lab02-experimentacao-software/data/repos/oshi__oshi/oshi-core/src/main/java/oshi/software/os/unix/aix/AixOSFileStore.java,oshi.software.os.unix.aix.AixOSFileStore,class,3,4,1,3,13,2,0,14,11,0.6999999,0.0,0.0,10,0,10,0,0,0,10,0,0,0,8,0,0,8,0,0,0,0,1,61,10,1,0,0,0,0,0,16,0,8,2,0,0,0,30,1,0
/Users/kaiohs/Downloads/codes/lab02-experimentacao-software/data/repos/oshi__oshi/oshi-core/src/main/java/oshi/hardware/platform/linux/LinuxUsbDevice.java,oshi.hardware.platform.linux.LinuxUsbDevice,class,4,7,3,4,4,2,2,6,3,0.0,0.0,0.0,3,1,0,0,3,0,3,0,0,0,0,0,0,0,0,0,0,0,3,19,1,1,0,0,0,9,0,4,1,4,1,0,0,0,85,1,0
/Users/kaiohs/Downloads/codes/lab02-experimentacao-software/data/repos/oshi__oshi/oshi-common/src/main/java/oshi/software/os/OSService.java,oshi.software.os.OSService,class,2,7,5,2,4,1,0,0,0,0.5,0.0,0.0,4,0,4,0,0,0,4,0,0,0,3,0,0,3,0,0,3,0,0,20,3,0,0,0,0,0,0,3,0,3,0,0,1,0,55,1,0
/Users/kaiohs/Downloads/codes/lab02-experimentacao-software/data/repos/oshi__oshi/oshi-core-java25/src/main/java/oshi/hardware/platform/mac/MacSensorsFFM.java,oshi.hardware.platform.mac.MacSensorsFFM,class,4,5,1,4,10,2,0,6,3,0.6666667,0.0,0.0,3,0,3,0,0,0,3,0,0,0,1,0,0,1,0,0,0,0,13,56,7,1,4,3,0,0,11,13,1,9,2,0,0,0,24,16,0
/Users/kaiohs/Downloads/codes/lab02-experimentacao-software/data/repos/oshi__oshi/oshi-core/src/main/java/oshi/hardware/platform/unix/aix/AixComputerSystem.java,oshi.hardware.platform.unix.aix.AixComputerSystem,class,7,8,1,7,19,2,0,11,6,0.5625,0.0,0.0,8,1,6,1,0,1,7,0,0,0,2,0,0,2,0,0,2,0,0,92,7,2,0,0,0,8,15,29,2,16,3,0,1,0,42,16,0
/Users/kaiohs/Downloads/codes/lab02-experimentacao-software/data/repos/oshi__oshi/oshi-core/src/main/java/oshi/hardware/platform/unix/solaris/SolarisCentralProcessor.java,oshi.hardware.platform.unix.solaris.SolarisCentralProcessor,class,13,15,2,13,88,2,0,58,111,0.8333333,0.0,0.0,18,9,7,9,2,0,9,0,0,0,6,6,0,6,0,0,6,0,40,287,25,22,19,5,0,65,84,105,2,79,6,0,0,0,133,16,0
/Users/kaiohs/Downloads/codes/lab02-experimentacao-software/data/repos/oshi__oshi/oshi-core/src/main/java/oshi/hardware/platform/windows/WindowsLogicalVolumeGroup.java,oshi.hardware.platform.windows.WindowsLogicalVolumeGroup,class,9,11,2,9,20,2,0,33,1,0.5,0.0,0.0,2,1,0,0,0,2,2,0,0,0,5,5,0,5,0,0,5,0,21,101,4,6,2,1,0,8,12,46,4,35,5,0,0,0,61,16,1
/Users/kaiohs/Downloads/codes/lab02-experimentacao-software/data/repos/oshi__oshi/oshi-core/src/main/java/oshi/jna/platform/mac/SystemB.java,oshi.jna.platform.mac.SystemB$InSockInfo,innerclass,4,4,0,4,0,2,0,0,0,NaN,-1.0,-1.0,0,0,0,0,0,0,0,0,0,0,12,0,12,0,0,0,0,0,0,14,0,0,0,0,0,12,3,3,0,12,0,0,0,0,23,0,0
/Users/kaiohs/Downloads/codes/lab02-experimentacao-software/data/repos/oshi__oshi/oshi-core/src/main/java/oshi/hardware/platform/mac/MacDisplay.java,oshi.hardware.platform.mac.MacDisplay,class,12,14,2,12,10,2,0,15,3,0.6666667,0.0,0.0,3,2,1,1,0,1,2,0,0,0,1,1,0,1,0,0,1,0,2,51,2,1,7,2,0,6,1,13,0,11,6,0,0,0,68,16,1
/Users/kaiohs/Downloads/codes/lab02-experimentacao-software/data/repos/oshi__oshi/oshi-core/src/main/java/oshi/util/platform/windows/RegistryUtil.java,oshi.util.platform.windows.RegistryUtil,class,7,10,3,7,23,1,0,15,22,0.7916667,0.0,0.0,8,7,5,3,0,0,5,0,0,0,3,3,0,3,0,0,3,0,8,90,17,0,5,3,2,9,11,17,7,15,3,0,0,0,88,17,3
/Users/kaiohs/Downloads/codes/lab02-experimentacao-software/data/repos/oshi__oshi/oshi-core/src/main/java/oshi/driver/mac/IOReportClient.java,oshi.driver.mac.IOReportClient,class,10,11,1,10,58,1,0,33,0,0.6442308,0.0,0.0,8,1,5,3,0,0,5,0,0,4,13,6,0,13,0,0,9,0,3,296,32,3,28,10,0,7,42,76,7,61,4,0,1,0,161,17,0
/Users/kaiohs/Downloads/codes/lab02-experimentacao-software/data/repos/oshi__oshi/oshi-common/src/test/java/oshi/hardware/HWPartitionTest.java,oshi.hardware.HWPartitionTest,class,2,2,0,2,3,1,0,13,3,0.0,0.0,0.0,3,0,0,0,0,3,3,0,0,0,0,0,0,0,0,0,0,0,0,25,0,0,0,0,0,27,12,4,0,4,0,0,0,0,19,0,0
/Users/kaiohs/Downloads/codes/lab02-experimentacao-software/data/repos/oshi__oshi/oshi-core/src/main/java/oshi/hardware/platform/unix/openbsd/OpenBsdFirmware.java,oshi.hardware.platform.unix.openbsd.OpenBsdFirmware,class,3,4,1,3,9,2,0,13,0,0.25,0.0,0.0,4,1,3,1,0,0,3,0,0,0,1,0,0,1,0,0,1,0,0,26,4,1,0,0,0,4,1,8,0,5,2,0,0,0,24,1,0
/Users/kaiohs/Downloads/codes/lab02-experimentacao-software/data/repos/oshi__oshi/oshi-core/src/main/java/oshi/hardware/platform/windows/WindowsCentralProcessor.java,oshi.hardware.platform.windows.WindowsCentralProcessor,class,29,31,2,29,74,2,0,77,68,0.8846154,0.0,0.0,13,2,7,4,2,0,10,0,0,1,8,4,0,8,0,0,5,0,22,291,21,7,24,2,3,22,62,141,31,83,4,0,0,1,188,16,2
/Users/kaiohs/Downloads/codes/lab02-experimentacao-software/data/repos/oshi__oshi/oshi-core/src/main/java/oshi/driver/windows/perfmon/PerfmonConstants.java,oshi.driver.windows.perfmon.PerfmonConstants,class,1,1,0,1,1,1,0,0,0,1.0,-1.0,-1.0,1,0,0,1,0,0,0,0,0,0,20,20,0,0,0,20,20,0,0,25,0,0,0,0,0,20,0,20,1,20,0,0,0,0,38,17,0
/Users/kaiohs/Downloads/codes/lab02-experimentacao-software/data/repos/oshi__oshi/oshi-core-java25/src/main/java/oshi/ffm/windows/com/GuidFFM.java,oshi.ffm.windows.com.GuidFFM,class,5,8,3,5,9,1,0,8,21,0.92857146,0.0,0.0,7,6,6,1,0,0,6,0,0,0,2,2,2,0,0,0,2,0,5,35,6,1,1,0,0,5,52,5,1,5,1,0,0,0,113,17,0
/Users/kaiohs/Downloads/codes/lab02-experimentacao-software/data/repos/oshi__oshi/oshi-core/src/test/java/oshi/driver/unix/freebsd/disk/DiskDriversTest.java,oshi.driver.unix.freebsd.disk.DiskDriversTest,class,4,4,0,4,4,1,0,15,0,0.0,NaN,NaN,1,0,0,0,0,1,1,0,0,0,0,0,0,0,0,0,0,0,0,19,0,2,0,0,0,4,0,5,0,5,3,0,0,0,29,0,0
/Users/kaiohs/Downloads/codes/lab02-experimentacao-software/data/repos/oshi__oshi/oshi-core/src/main/java/oshi/software/os/unix/aix/AixInternetProtocolStats.java,oshi.software.os.unix.aix.AixInternetProtocolStats,class,5,6,1,5,6,2,0,5,0,0.0,0.0,0.0,2,0,2,0,0,0,2,0,0,0,1,0,0,1,0,0,0,0,0,19,4,2,0,0,0,2,16,1,0,1,2,0,0,0,20,1,0
/Users/kaiohs/Downloads/codes/lab02-experimentacao-software/data/repos/oshi__oshi/oshi-core/src/main/java/oshi/hardware/platform/unix/solaris/SolarisSensors.java,oshi.hardware.platform.unix.solaris.SolarisSensors,class,3,4,1,3,12,2,0,9,3,0.0,0.0,0.0,3,0,3,0,0,0,3,0,0,0,0,0,0,0,0,0,0,0,0,40,3,4,0,0,0,8,8,10,0,6,3,0,0,0,26,16,0
/Users/kaiohs/Downloads/codes/lab02-experimentacao-software/data/repos/oshi__oshi/oshi-core-java25/src/main/java/oshi/util/platform/mac/CFUtilFFM.java,oshi.util.platform.mac.CFUtilFFM,class,4,9,5,4,8,1,0,5,6,0.0,0.0,0.0,4,3,3,1,0,0,3,0,0,0,0,0,0,0,0,0,0,0,2,22,4,0,1,0,0,1,0,4,0,2,1,0,0,0,52,17,0
/Users/kaiohs/Downloads/codes/lab02-experimentacao-software/data/repos/oshi__oshi/oshi-core/src/main/java/oshi/driver/windows/wmi/Win32DiskDriveToDiskPartition.java,oshi.driver.windows.wmi.Win32DiskDriveToDiskPartition,class,5,6,1,5,2,1,0,1,1,0.5,NaN,NaN,2,1,1,1,0,0,1,0,0,0,1,1,0,1,0,0,1,0,0,10,1,0,0,0,0,1,0,2,0,2,0,0,1,0,51,17,0
/Users/kaiohs/Downloads/codes/lab02-experimentacao-software/data/repos/oshi__oshi/oshi-core/src/main/java/oshi/jna/Struct.java,oshi.jna.Struct$CloseableRUsageInfoV2,innerclass,2,2,0,2,1,2,0,2,0,0.0,NaN,NaN,1,0,1,0,0,0,1,0,0,0,0,0,0,0,0,0,0,0,1,5,0,0,0,0,0,0,0,0,0,0,0,0,0,0,9,0,0
/Users/kaiohs/Downloads/codes/lab02-experimentacao-software/data/repos/oshi__oshi/oshi-core-java25/src/main/java/oshi/ffm/windows/WinRegFFM.java,oshi.ffm.windows.WinRegFFM,interface,0,0,0,0,0,1,0,0,0,NaN,-1.0,-1.0,0,0,0,0,0,0,0,0,0,0,2,0,0,0,0,2,0,0,0,4,0,0,0,0,0,0,2,2,0,2,0,0,0,0,21,1,0
/Users/kaiohs/Downloads/codes/lab02-experimentacao-software/data/repos/oshi__oshi/oshi-core/src/main/java/oshi/driver/windows/registry/ThreadPerformanceData.java,oshi.driver.windows.registry.ThreadPerformanceData$PerfCounterBlock,innerclass,1,1,0,1,12,1,0,0,44,0.8333334,0.0,0.0,12,0,12,0,0,0,12,0,0,0,11,0,0,11,0,0,11,0,0,59,11,0,0,0,0,0,0,11,0,11,0,0,0,0,40,9,0
/Users/kaiohs/Downloads/codes/lab02-experimentacao-software/data/repos/oshi__oshi/oshi-core/src/main/java/oshi/jna/platform/mac/SystemB.java,oshi.jna.platform.mac.SystemB$Pri,innerclass,4,4,0,4,0,2,0,0,0,NaN,-1.0,-1.0,0,0,0,0,0,0,0,0,0,0,3,0,3,0,0,0,0,0,0,5,0,0,0,0,0,0,1,1,0,3,0,0,0,0,18,0,0
/Users/kaiohs/Downloads/codes/lab02-experimentacao-software/data/repos/oshi__oshi/oshi-core/src/main/java/oshi/hardware/platform/unix/aix/AixBaseboard.java,oshi.hardware.platform.unix.aix.AixBaseboard,class,4,5,1,4,8,2,0,6,4,0.65,0.0,0.0,5,0,4,0,0,1,5,0,0,0,4,1,0,4,0,0,4,0,1,24,4,0,0,0,0,1,0,5,0,5,0,0,0,0,20,16,0
/Users/kaiohs/Downloads/codes/lab02-experimentacao-software/data/repos/oshi__oshi/oshi-core/src/main/java/oshi/software/os/unix/solaris/SolarisFileSystem.java,oshi.software.os.unix.solaris.SolarisFileSystem,class,9,12,3,9,38,2,0,33,13,0.8888889,0.0,0.0,6,2,4,1,0,1,5,0,0,0,9,9,4,5,0,0,9,0,6,119,11,3,7,2,3,35,24,45,3,36,3,0,0,0,104,1,0
/Users/kaiohs/Downloads/codes/lab02-experimentacao-software/data/repos/oshi__oshi/oshi-core-java25/src/main/java/oshi/ffm/mac/IOKit.java,oshi.ffm.mac.IOKit,interface,4,5,1,4,5,2,0,2,0,1.0,-1.0,-1.0,1,1,0,1,0,0,0,0,0,0,5,0,0,0,0,5,0,0,1,366,0,1,1,1,0,0,5,5,0,5,3,0,4,0,44,1,0
/Users/kaiohs/Downloads/codes/lab02-experimentacao-software/data/repos/oshi__oshi/oshi-common/src/test/java/oshi/software/os/OSServiceTest.java,oshi.software.os.OSServiceTest,class,3,3,0,3,3,1,0,6,3,0.0,0.0,0.0,3,0,0,0,0,3,3,0,0,0,0,0,0,0,0,0,0,0,3,18,0,0,0,0,0,6,4,2,0,2,0,0,0,0,12,0,0
/Users/kaiohs/Downloads/codes/lab02-experimentacao-software/data/repos/oshi__oshi/oshi-core-java25/src/main/java/oshi/util/platform/windows/WmiQueryHandlerFFM.java,oshi.util.platform.windows.WmiQueryHandlerFFM,class,17,19,2,17,45,1,0,44,56,0.8615385,0.0,0.0,13,2,11,1,1,0,13,0,0,2,10,5,0,10,0,0,8,0,16,195,18,1,8,6,1,12,9,36,3,30,6,0,1,0,200,1,8
/Users/kaiohs/Downloads/codes/lab02-experimentacao-software/data/repos/oshi__oshi/oshi-common/src/test/java/oshi/hardware/common/AbstractBaseboardTest.java,oshi.hardware.common.AbstractBaseboardTest$Anonymous1,anonymous,0,0,0,0,4,1,0,0,6,0.0,0.0,0.0,4,0,4,0,0,0,4,0,0,0,0,0,0,0,0,0,0,0,0,14,4,0,0,0,0,4,0,0,0,0,0,0,0,0,6,-1,0
/Users/kaiohs/Downloads/codes/lab02-experimentacao-software/data/repos/oshi__oshi/oshi-common/src/test/java/oshi/hardware/common/AbstractCentralProcessorTest.java,oshi.hardware.common.AbstractCentralProcessorTest,class,8,9,1,8,11,1,0,28,55,0.0,0.0,0.0,11,1,0,1,0,10,10,0,0,0,0,0,0,0,0,0,0,0,18,109,1,0,0,0,0,13,63,31,2,24,0,1,0,2,64,0,0
/Users/kaiohs/Downloads/codes/lab02-experimentacao-software/data/repos/oshi__oshi/oshi-core-java25/src/main/java/oshi/ffm/unix/CupsFunctions.java,oshi.ffm.unix.CupsFunctions,class,6,8,2,6,12,2,0,17,5,0.7904761,0.0,0.0,7,6,6,1,0,0,7,0,0,0,15,15,9,6,0,0,15,0,3,71,7,0,1,2,0,16,4,29,0,23,2,0,0,0,149,17,0
/Users/kaiohs/Downloads/codes/lab02-experimentacao-software/data/repos/oshi__oshi/oshi-core-java25/src/main/java/oshi/ffm/windows/com/VariantFFM.java,oshi.ffm.windows.com.VariantFFM,class,9,11,2,9,17,3,0,16,22,0.9729166,0.0,0.0,12,11,11,1,0,0,11,0,0,0,40,40,37,3,0,0,40,0,4,92,14,0,2,1,0,15,40,42,0,42,1,0,0,0,123,17,1
/Users/kaiohs/Downloads/codes/lab02-experimentacao-software/data/repos/oshi__oshi/oshi-core/src/main/java/oshi/util/gpu/NvmlUtil.java,oshi.util.gpu.NvmlUtil,class,11,14,3,11,100,1,0,33,145,0.88888884,0.0,0.0,18,17,10,8,0,0,10,0,0,0,3,3,0,3,0,0,1,0,32,376,62,5,40,9,0,4,38,69,2,67,3,0,1,0,260,17,3
/Users/kaiohs/Downloads/codes/lab02-experimentacao-software/data/repos/oshi__oshi/oshi-demo/src/main/java/oshi/demo/jmx/JMXOshiAgentServer.java,oshi.demo.jmx.JMXOshiAgentServer,class,8,10,2,8,45,1,0,14,841,0.94345236,0.0,0.0,42,1,38,3,1,0,39,0,0,0,8,1,0,8,0,0,0,0,5,153,29,0,2,0,0,9,1,12,1,11,1,0,0,0,99,1,0
/Users/kaiohs/Downloads/codes/lab02-experimentacao-software/data/repos/oshi__oshi/oshi-core/src/main/java/oshi/jna/platform/unix/SolarisLibc.java,oshi.jna.platform.unix.SolarisLibc$Exit_status,innerclass,2,2,0,2,0,2,0,0,0,NaN,-1.0,-1.0,0,0,0,0,0,0,0,0,0,0,2,0,2,0,0,0,0,0,0,4,0,0,0,0,0,2,0,0,0,2,0,0,0,0,10,0,0
/Users/kaiohs/Downloads/codes/lab02-experimentacao-software/data/repos/oshi__oshi/oshi-core/src/main/java/oshi/software/os/windows/WindowsInternetProtocolStats.java,oshi.software.os.windows.WindowsInternetProtocolStats,class,21,23,2,21,35,2,0,17,0,0.55,0.0,0.0,10,5,5,5,0,0,5,0,0,0,2,2,0,2,0,0,2,0,7,163,22,8,8,8,0,4,36,51,0,39,3,0,0,0,61,1,0
/Users/kaiohs/Downloads/codes/lab02-experimentacao-software/data/repos/oshi__oshi/oshi-common/src/main/java/oshi/hardware/Firmware.java,oshi.hardware.Firmware,interface,1,7,6,1,5,1,0,0,10,0.0,0.0,0.0,5,0,0,0,0,5,5,0,0,0,0,0,0,0,0,0,0,0,0,7,0,0,0,0,0,0,0,0,0,0,0,0,0,0,25,1,0
/Users/kaiohs/Downloads/codes/lab02-experimentacao-software/data/repos/oshi__oshi/oshi-common/src/main/java/oshi/util/PrivilegedUtil.java,oshi.util.PrivilegedUtil,class,11,15,4,11,54,1,0,57,108,0.859375,0.0,0.0,16,15,9,5,0,2,11,0,0,0,4,4,0,4,0,0,1,0,62,169,33,2,7,3,0,14,7,27,1,25,3,0,0,1,191,17,4
/Users/kaiohs/Downloads/codes/lab02-experimentacao-software/data/repos/oshi__oshi/oshi-core/src/main/java/oshi/driver/windows/wmi/Win32Bios.java,oshi.driver.windows.wmi.Win32Bios$BiosProperty,enum,0,0,0,0,0,1,0,0,0,0.0,-1.0,-1.0,0,0,0,0,0,0,0,0,0,0,0,0,0,0,0,0,0,0,0,1,0,0,0,0,0,0,0,0,0,0,0,0,0,0,14,1,0
/Users/kaiohs/Downloads/codes/lab02-experimentacao-software/data/repos/oshi__oshi/oshi-common/src/main/java/oshi/hardware/SoundCard.java,oshi.hardware.SoundCard,interface,1,10,9,1,3,1,0,0,3,0.0,0.0,0.0,3,0,0,0,0,3,3,0,0,0,0,0,0,0,0,0,0,0,0,5,0,0,0,0,0,0,0,0,0,0,0,0,0,0,25,1,0
/Users/kaiohs/Downloads/codes/lab02-experimentacao-software/data/repos/oshi__oshi/oshi-core/src/main/java/oshi/hardware/platform/unix/freebsd/FreeBsdUsbDevice.java,oshi.hardware.platform.unix.freebsd.FreeBsdUsbDevice,class,4,6,2,4,23,2,0,27,6,0.0,0.0,0.0,4,3,2,2,0,0,2,0,0,0,0,0,0,0,0,0,0,0,7,86,5,4,0,0,0,23,0,22,1,21,5,0,0,1,100,1,0
/Users/kaiohs/Downloads/codes/lab02-experimentacao-software/data/repos/oshi__oshi/oshi-core/src/main/java/oshi/jna/platform/windows/PowrProf.java,oshi.jna.platform.windows.PowrProf$SystemBatteryState,innerclass,5,5,0,5,3,2,0,3,3,1.0,0.0,0.0,3,0,3,0,0,0,3,0,0,0,12,0,12,0,0,0,0,0,1,24,0,0,0,0,0,12,1,1,0,12,0,0,0,0,37,0,0
/Users/kaiohs/Downloads/codes/lab02-experimentacao-software/data/repos/oshi__oshi/oshi-common/src/main/java/oshi/software/os/OperatingSystem.java,oshi.software.os.OperatingSystem$ProcessSorting,innerclass,1,1,0,1,1,1,0,5,0,0.0,-1.0,-1.0,1,0,0,1,0,0,0,0,0,0,9,9,9,0,0,0,9,0,7,13,0,0,0,0,0,0,1,9,0,11,0,0,0,1,50,16,0
/Users/kaiohs/Downloads/codes/lab02-experimentacao-software/data/repos/oshi__oshi/oshi-core/src/test/java/oshi/SystemInfoTest.java,oshi.SystemInfoTest,class,41,42,1,41,80,1,0,173,253,0.95652175,0.0,0.0,23,22,2,0,21,0,23,0,0,0,1,1,0,1,0,0,1,0,59,333,0,26,13,0,6,139,53,53,78,59,3,0,0,9,184,1,25
/Users/kaiohs/Downloads/codes/lab02-experimentacao-software/data/repos/oshi__oshi/oshi-core/src/test/java/oshi/driver/mac/IOReportClientTest.java,oshi.driver.mac.IOReportClientTest,class,4,4,0,4,21,1,0,14,28,0.0,0.0,0.0,8,0,0,0,0,8,8,0,0,0,0,0,0,0,0,0,0,0,2,91,0,0,10,6,0,21,14,15,2,15,2,0,0,0,74,0,0
/Users/kaiohs/Downloads/codes/lab02-experimentacao-software/data/repos/oshi__oshi/oshi-core/src/main/java/oshi/driver/windows/wmi/OhmSensor.java,oshi.driver.windows.wmi.OhmSensor,class,5,6,1,5,2,1,0,4,1,0.5,NaN,NaN,2,1,1,1,0,0,1,0,0,0,1,1,0,1,0,0,1,0,0,13,1,0,0,0,0,3,0,3,0,3,0,0,1,0,57,17,0
/Users/kaiohs/Downloads/codes/lab02-experimentacao-software/data/repos/oshi__oshi/oshi-core/src/main/java/oshi/driver/windows/wmi/Win32Bios.java,oshi.driver.windows.wmi.Win32Bios$BiosSerialProperty,enum,0,0,0,0,0,1,0,0,0,0.0,-1.0,-1.0,0,0,0,0,0,0,0,0,0,0,0,0,0,0,0,0,0,0,0,1,0,0,0,0,0,0,0,0,0,0,0,0,0,0,15,1,0
/Users/kaiohs/Downloads/codes/lab02-experimentacao-software/data/repos/oshi__oshi/oshi-common/src/main/java/oshi/software/os/OSThread.java,oshi.software.os.OSThread,interface,2,17,15,2,16,1,0,0,120,0.0,0.0,0.0,16,0,0,0,0,16,16,0,0,0,0,0,0,0,0,0,0,0,0,35,6,0,0,0,0,1,4,0,0,0,0,0,1,0,166,1,0
/Users/kaiohs/Downloads/codes/lab02-experimentacao-software/data/repos/oshi__oshi/oshi-core/src/main/java/oshi/hardware/platform/windows/WindowsHWDiskStore.java,oshi.hardware.platform.windows.WindowsHWDiskStore$DiskStats,innerclass,0,0,0,0,0,1,0,0,0,NaN,-1.0,-1.0,0,0,0,0,0,0,0,0,0,0,7,0,0,7,0,0,6,0,0,9,0,0,0,0,0,0,0,6,0,7,0,0,0,0,19,26,0
/Users/kaiohs/Downloads/codes/lab02-experimentacao-software/data/repos/oshi__oshi/oshi-core/src/main/java/oshi/driver/windows/wmi/MSFTStorage.java,oshi.driver.windows.wmi.MSFTStorage$StoragePoolToPhysicalDiskProperty,enum,0,0,0,0,0,1,0,0,0,0.0,-1.0,-1.0,0,0,0,0,0,0,0,0,0,0,0,0,0,0,0,0,0,0,0,1,0,0,0,0,0,0,0,0,0,0,0,0,0,0,35,1,0
/Users/kaiohs/Downloads/codes/lab02-experimentacao-software/data/repos/oshi__oshi/oshi-common/src/main/java/oshi/hardware/common/AbstractGraphicsCard.java,oshi.hardware.common.AbstractGraphicsCard,class,5,11,6,5,19,1,5,16,6,0.625,0.0,0.0,8,0,7,0,1,0,8,0,0,0,5,0,0,5,0,0,5,0,5,107,7,0,1,2,0,22,8,16,0,15,3,0,0,0,139,1025,0
/Users/kaiohs/Downloads/codes/lab02-experimentacao-software/data/repos/oshi__oshi/oshi-core/src/main/java/oshi/driver/windows/perfmon/SystemInformation.java,oshi.driver.windows.perfmon.SystemInformation,class,4,6,2,4,5,1,0,3,3,0.0,0.0,0.0,3,2,2,1,0,0,2,0,0,0,0,0,0,0,0,0,0,0,4,42,4,0,0,0,0,0,0,0,0,0,1,0,2,0,49,17,0
/Users/kaiohs/Downloads/codes/lab02-experimentacao-software/data/repos/oshi__oshi/oshi-common/src/main/java/oshi/software/os/NetworkParams.java,oshi.software.os.NetworkParams,interface,1,12,11,1,5,1,0,0,10,0.0,0.0,0.0,5,0,0,0,0,5,5,0,0,0,0,0,0,0,0,0,0,0,0,7,0,0,0,0,0,0,0,0,0,0,0,0,0,0,42,1,0
/Users/kaiohs/Downloads/codes/lab02-experimentacao-software/data/repos/oshi__oshi/oshi-core/src/test/java/oshi/hardware/UsbDeviceTest.java,oshi.hardware.UsbDeviceTest,class,4,5,1,4,4,1,0,14,1,0.0,NaN,NaN,2,0,0,1,0,1,1,0,0,0,0,0,0,0,0,0,0,0,0,20,0,2,0,0,0,6,0,2,0,2,1,0,0,0,33,0,0
/Users/kaiohs/Downloads/codes/lab02-experimentacao-software/data/repos/oshi__oshi/oshi-demo/src/main/java/oshi/demo/jmx/strategiesplatform/WindowsStrategyRegistrattionPlatform.java,oshi.demo.jmx.strategiesplatform.WindowsStrategyRegistrattionPlatform,class,3,4,1,3,1,1,0,4,0,0.0,NaN,NaN,1,0,1,0,0,0,1,0,0,0,0,0,0,0,0,0,0,0,0,7,0,0,0,0,0,1,0,2,0,2,0,0,0,0,18,1,0
/Users/kaiohs/Downloads/codes/lab02-experimentacao-software/data/repos/oshi__oshi/oshi-core-java25/src/main/java/oshi/hardware/platform/mac/MacFirmwareFFM.java,oshi.hardware.platform.mac.MacFirmwareFFM,class,11,13,2,11,31,2,0,18,1,0.2857143,0.0,0.0,7,2,5,2,0,0,5,0,0,0,1,0,0,1,0,0,1,0,19,108,7,1,12,3,0,16,0,28,0,14,9,0,0,0,38,16,0
/Users/kaiohs/Downloads/codes/lab02-experimentacao-software/data/repos/oshi__oshi/oshi-common/src/main/java/oshi/util/GlobalConfig.java,oshi.util.GlobalConfig$PropertyException,innerclass,1,1,0,1,2,4,0,1,1,1.0,0.0,0.0,2,0,2,0,0,0,2,0,0,0,1,1,0,1,0,0,1,0,1,9,0,0,0,0,0,4,1,1,2,1,0,0,0,0,22,9,0
/Users/kaiohs/Downloads/codes/lab02-experimentacao-software/data/repos/oshi__oshi/oshi-core/src/main/java/oshi/jna/ByRef.java,oshi.jna.ByRef,interface,9,9,0,9,0,10,0,0,0,0.0,-1.0,-1.0,0,0,0,0,0,0,0,0,0,0,0,0,0,0,0,0,0,0,0,71,0,0,0,0,0,0,0,0,0,0,0,0,9,0,15,1,0
/Users/kaiohs/Downloads/codes/lab02-experimentacao-software/data/repos/oshi__oshi/oshi-core/src/main/java/oshi/hardware/platform/windows/WindowsGpuStats.java,oshi.hardware.platform.windows.WindowsGpuStats,class,14,16,2,14,81,1,0,53,102,0.8716577,0.0,0.0,17,0,11,5,0,1,12,0,0,11,11,2,0,11,0,0,7,0,29,289,42,6,13,3,1,25,52,78,7,70,4,0,0,0,168,16,3
/Users/kaiohs/Downloads/codes/lab02-experimentacao-software/data/repos/oshi__oshi/oshi-core/src/main/java/oshi/jna/platform/linux/LinuxLibc.java,oshi.jna.platform.linux.LinuxLibc$Ut_Tv,innerclass,2,2,0,2,0,2,0,0,0,NaN,-1.0,-1.0,0,0,0,0,0,0,0,0,0,0,2,0,2,0,0,0,0,0,0,4,0,0,0,0,0,2,0,0,0,2,0,0,0,0,12,0,0
/Users/kaiohs/Downloads/codes/lab02-experimentacao-software/data/repos/oshi__oshi/oshi-core/src/main/java/oshi/jna/platform/windows/NtDll.java,oshi.jna.platform.windows.NtDll$UNICODE_STRING,innerclass,3,3,0,3,0,2,0,0,0,NaN,-1.0,-1.0,0,0,0,0,0,0,0,0,0,0,3,0,3,0,0,0,0,0,0,5,0,0,0,0,0,3,0,0,0,3,0,0,0,0,17,0,0
/Users/kaiohs/Downloads/codes/lab02-experimentacao-software/data/repos/oshi__oshi/oshi-core/src/test/java/oshi/driver/unix/solaris/PsInfoTest.java,oshi.driver.unix.solaris.PsInfoTest,class,6,6,0,6,2,1,0,13,0,0.0,NaN,NaN,1,0,0,0,0,1,1,0,0,0,0,0,0,0,0,0,0,0,2,15,0,1,0,0,0,3,1,6,0,7,1,0,0,1,29,0,0
/Users/kaiohs/Downloads/codes/lab02-experimentacao-software/data/repos/oshi__oshi/oshi-core/src/main/java/oshi/driver/unix/aix/Ls.java,oshi.driver.unix.aix.Ls,class,2,3,1,2,7,1,0,8,1,0.0,NaN,NaN,2,1,1,1,0,0,1,0,0,0,0,0,0,0,0,0,0,0,0,19,1,1,1,0,0,1,5,5,1,5,3,0,0,0,27,17,0
/Users/kaiohs/Downloads/codes/lab02-experimentacao-software/data/repos/oshi__oshi/oshi-core/src/main/java/oshi/driver/windows/wmi/Win32BaseBoard.java,oshi.driver.windows.wmi.Win32BaseBoard,class,5,6,1,5,2,1,0,3,1,0.5,NaN,NaN,2,1,1,1,0,0,1,0,0,0,1,1,0,1,0,0,1,0,2,10,1,0,0,0,0,1,0,2,0,2,0,0,1,0,32,17,0
/Users/kaiohs/Downloads/codes/lab02-experimentacao-software/data/repos/oshi__oshi/oshi-core/src/main/java/oshi/hardware/platform/windows/WindowsGraphicsCard.java,oshi.hardware.platform.windows.WindowsGraphicsCard,class,19,21,2,19,72,2,0,62,52,0.8500001,0.0,0.0,12,10,2,4,0,6,8,0,0,0,15,11,8,7,0,0,15,0,37,264,23,3,18,2,0,32,41,108,7,94,4,0,0,0,303,16,2
/Users/kaiohs/Downloads/codes/lab02-experimentacao-software/data/repos/oshi__oshi/oshi-core/src/main/java/oshi/software/os/windows/WindowsOSFileStore.java,oshi.software.os.windows.WindowsOSFileStore,class,4,5,1,4,15,2,0,16,11,0.6999999,0.0,0.0,10,0,10,0,0,0,10,0,0,0,8,0,0,8,0,0,0,0,2,69,10,1,0,0,0,0,3,19,0,10,2,0,0,0,36,1,0
/Users/kaiohs/Downloads/codes/lab02-experimentacao-software/data/repos/oshi__oshi/oshi-core-java25/src/main/java/oshi/hardware/platform/mac/MacNetworkIFFM.java,oshi.hardware.platform.mac.MacNetworkIFFM,class,11,13,2,11,25,2,0,33,96,0.875,0.0,0.0,16,2,14,2,0,0,14,0,0,0,12,1,0,12,0,0,1,0,5,120,18,2,0,3,0,2,2,26,0,26,6,0,0,0,80,17,2
/Users/kaiohs/Downloads/codes/lab02-experimentacao-software/data/repos/oshi__oshi/oshi-core/src/main/java/oshi/hardware/platform/linux/LinuxCentralProcessorJNA.java,oshi.hardware.platform.linux.LinuxCentralProcessorJNA,class,13,15,2,13,28,3,0,28,28,0.0,0.0,0.0,8,3,1,3,4,0,5,0,0,0,0,0,0,0,0,0,0,0,12,140,17,4,8,7,0,8,13,32,3,24,4,0,0,0,82,16,0
/Users/kaiohs/Downloads/codes/lab02-experimentacao-software/data/repos/oshi__oshi/oshi-core/src/main/java/oshi/driver/windows/perfmon/ProcessorInformation.java,oshi.driver.windows.perfmon.ProcessorInformation$ProcessorFrequencyProperty,enum,0,0,0,0,2,1,0,0,0,0.0,0.0,0.0,2,0,1,0,0,1,2,0,0,0,1,0,0,1,0,0,1,0,0,8,1,0,0,0,0,1,0,1,0,1,0,0,0,0,30,1,0
/Users/kaiohs/Downloads/codes/lab02-experimentacao-software/data/repos/oshi__oshi/oshi-core/src/main/java/oshi/software/os/linux/LinuxOSThread.java,oshi.software.os.linux.LinuxOSThread,class,8,10,2,8,18,2,0,17,63,0.85714275,0.0,0.0,14,0,14,0,0,0,15,0,0,0,13,1,0,13,0,0,2,0,10,96,14,1,0,0,1,5,8,23,12,19,1,0,1,0,89,1,0
/Users/kaiohs/Downloads/codes/lab02-experimentacao-software/data/repos/oshi__oshi/oshi-core/src/main/java/oshi/driver/windows/registry/NetSessionData.java,oshi.driver.windows.registry.NetSessionData,class,7,8,1,7,5,1,0,6,1,0.5,NaN,NaN,2,1,1,1,0,0,1,0,0,0,1,1,0,1,0,0,1,0,1,23,1,1,1,1,1,1,4,9,2,9,4,0,0,0,56,17,0
/Users/kaiohs/Downloads/codes/lab02-experimentacao-software/data/repos/oshi__oshi/oshi-core/src/main/java/oshi/hardware/platform/unix/freebsd/FreeBsdHWDiskStore.java,oshi.hardware.platform.unix.freebsd.FreeBsdHWDiskStore,class,9,11,2,9,18,2,0,25,23,0.7386364,0.0,0.0,11,1,10,1,0,0,10,0,0,0,8,0,0,8,0,0,0,0,10,82,10,2,1,0,7,4,46,36,7,21,2,0,0,0,65,17,0
/Users/kaiohs/Downloads/codes/lab02-experimentacao-software/data/repos/oshi__oshi/oshi-core/src/main/java/oshi/hardware/platform/unix/freebsd/FreeBsdGlobalMemory.java,oshi.hardware.platform.unix.freebsd.FreeBsdGlobalMemory,class,6,9,3,6,8,2,0,9,28,0.875,0.0,0.0,8,2,4,4,0,0,4,0,0,0,4,0,0,4,0,0,4,0,3,32,8,0,0,0,1,4,4,6,2,6,0,0,0,0,27,16,0
/Users/kaiohs/Downloads/codes/lab02-experimentacao-software/data/repos/oshi__oshi/oshi-common/src/test/java/oshi/software/os/InternetProtocolStatsTest.java,oshi.software.os.InternetProtocolStatsTest,class,6,6,0,6,4,1,0,33,6,0.0,0.0,0.0,4,0,0,0,0,4,4,0,0,0,0,0,0,0,0,0,0,0,3,47,0,0,0,0,0,9,48,5,0,5,0,0,0,1,34,0,0
/Users/kaiohs/Downloads/codes/lab02-experimentacao-software/data/repos/oshi__oshi/oshi-core/src/main/java/oshi/driver/unix/aix/Who.java,oshi.driver.unix.aix.Who,class,1,2,1,1,5,1,0,12,1,0.5,NaN,NaN,2,1,1,1,0,0,1,0,0,0,2,2,0,2,0,0,2,0,4,21,2,0,0,1,0,5,3,5,1,4,2,0,0,0,46,17,0
/Users/kaiohs/Downloads/codes/lab02-experimentacao-software/data/repos/oshi__oshi/oshi-core/src/main/java/oshi/jna/platform/unix/SolarisLibc.java,oshi.jna.platform.unix.SolarisLibc$SolarisLwpsInfo,innerclass,4,4,0,4,1,1,0,6,0,0.0,NaN,NaN,1,0,1,0,0,0,1,0,0,0,24,0,24,0,0,0,0,0,2,52,0,0,0,0,0,0,0,24,0,24,0,0,0,0,38,0,0
/Users/kaiohs/Downloads/codes/lab02-experimentacao-software/data/repos/oshi__oshi/oshi-core-java25/src/main/java/oshi/hardware/platform/linux/LinuxCentralProcessorFFM.java,oshi.hardware.platform.linux.LinuxCentralProcessorFFM,class,15,17,2,15,32,2,0,35,0,0.2,0.0,0.0,5,0,1,0,4,0,5,0,0,0,1,1,0,1,0,0,1,0,37,160,15,4,4,11,0,12,12,38,3,30,6,0,0,0,97,17,4
/Users/kaiohs/Downloads/codes/lab02-experimentacao-software/data/repos/oshi__oshi/oshi-core-java25/src/main/java/oshi/software/os/windows/WindowsFileSystemFFM.java,oshi.software.os.windows.WindowsFileSystemFFM,class,13,16,3,13,41,2,0,71,32,0.97119343,0.0,0.0,9,4,5,2,0,2,8,0,0,0,27,27,0,26,0,1,27,0,32,190,9,4,12,3,3,32,58,81,11,77,5,0,0,1,178,1,0
/Users/kaiohs/Downloads/codes/lab02-experimentacao-software/data/repos/oshi__oshi/oshi-core/src/main/java/oshi/hardware/platform/unix/aix/AixNetworkIF.java,oshi.hardware.platform.unix.aix.AixNetworkIF,class,6,8,2,6,17,2,0,13,52,0.8461539,0.0,0.0,13,1,13,0,0,0,13,0,0,0,12,1,0,12,0,0,1,0,1,83,13,2,0,1,0,1,0,17,0,17,2,0,0,0,69,17,1
/Users/kaiohs/Downloads/codes/lab02-experimentacao-software/data/repos/oshi__oshi/oshi-core-java25/src/main/java/oshi/software/os/mac/MacOSFileStoreFFM.java,oshi.software.os.mac.MacOSFileStoreFFM,class,4,5,1,4,13,2,0,16,11,0.6999999,0.0,0.0,10,0,10,0,0,0,10,0,0,0,8,0,0,8,0,0,0,0,1,61,10,1,0,0,0,0,0,16,0,8,2,0,0,0,47,1,0
/Users/kaiohs/Downloads/codes/lab02-experimentacao-software/data/repos/oshi__oshi/oshi-core-java25/src/main/java/oshi/ffm/windows/com/IWbemServicesFFM.java,oshi.ffm.windows.com.IWbemServicesFFM,class,8,10,2,8,9,4,0,17,1,0.5555556,0.0,0.0,3,2,2,1,0,0,2,0,0,0,3,3,1,2,0,0,3,0,14,43,5,0,1,1,0,3,1,12,0,10,2,0,0,0,77,17,2
/Users/kaiohs/Downloads/codes/lab02-experimentacao-software/data/repos/oshi__oshi/oshi-core-java25/src/main/java/oshi/ffm/mac/IOReportFunctions.java,oshi.ffm.mac.IOReportFunctions,class,5,7,2,5,19,3,0,13,90,0.87053573,0.0,0.0,16,15,13,3,0,0,13,0,0,0,14,14,0,14,0,0,14,0,14,71,16,0,1,1,0,13,0,14,0,14,1,0,0,0,111,17,0
/Users/kaiohs/Downloads/codes/lab02-experimentacao-software/data/repos/oshi__oshi/oshi-core/src/main/java/oshi/driver/windows/registry/ProcessWtsData.java,oshi.driver.windows.registry.ProcessWtsData,class,11,14,3,11,11,1,0,18,6,0.75,NaN,NaN,4,3,1,3,0,0,1,0,0,0,2,2,0,2,0,0,2,0,11,80,5,2,1,1,1,3,9,12,5,12,3,0,1,0,89,17,2
/Users/kaiohs/Downloads/codes/lab02-experimentacao-software/data/repos/oshi__oshi/oshi-core/src/main/java/oshi/software/os/unix/freebsd/FreeBsdOSProcess.java,oshi.software.os.unix.freebsd.FreeBsdOSProcess$PsThreadColumns,enum,0,0,0,0,0,1,0,0,0,0.0,-1.0,-1.0,0,0,0,0,0,0,0,0,0,0,0,0,0,0,0,0,0,0,0,1,0,0,0,0,0,0,0,0,0,0,0,0,0,0,7,0,0
/Users/kaiohs/Downloads/codes/lab02-experimentacao-software/data/repos/oshi__oshi/oshi-common/src/main/java/oshi/util/driver/linux/proc/CpuStat.java,oshi.util.driver.linux.proc.CpuStat,class,5,6,1,5,23,1,0,9,15,0.0,0.0,0.0,6,5,5,1,0,0,5,0,0,0,0,0,0,0,0,0,0,0,14,75,11,6,1,0,0,5,20,18,2,16,3,0,0,0,55,17,0
/Users/kaiohs/Downloads/codes/lab02-experimentacao-software/data/repos/oshi__oshi/oshi-common/src/main/java/oshi/util/GlobalConfig.java,oshi.util.GlobalConfig,class,4,22,18,4,16,4,0,15,0,0.96896553,0.0,0.0,10,9,9,1,0,0,10,0,0,0,29,29,27,2,0,0,29,0,6,86,5,0,4,0,0,29,0,33,0,35,2,0,1,1,107,17,0
/Users/kaiohs/Downloads/codes/lab02-experimentacao-software/data/repos/oshi__oshi/oshi-common/src/main/java/oshi/software/os/OperatingSystem.java,oshi.software.os.OperatingSystem$OSVersionInfo,innerclass,3,3,0,3,8,1,0,7,2,0.6,0.0,0.0,5,0,5,0,0,0,5,0,0,0,4,0,0,4,0,0,4,0,2,31,4,0,1,0,0,2,0,5,0,5,1,0,0,0,29,0,0
/Users/kaiohs/Downloads/codes/lab02-experimentacao-software/data/repos/oshi__oshi/oshi-core-java25/src/main/java/oshi/ffm/ForeignFunctions.java,oshi.ffm.ForeignFunctions,class,10,34,24,10,15,1,6,24,26,0.9027778,0.0,0.0,8,7,7,0,1,0,8,0,0,0,9,9,4,0,5,0,9,0,1,48,10,0,4,0,3,4,5,13,0,13,1,0,0,0,153,1025,0
/Users/kaiohs/Downloads/codes/lab02-experimentacao-software/data/repos/oshi__oshi/oshi-core/src/main/java/oshi/software/os/linux/LinuxFileSystem.java,oshi.software.os.linux.LinuxFileSystem,class,7,11,4,7,42,2,2,44,43,0.93,0.0,0.0,10,4,4,3,2,1,7,1,0,0,10,10,4,6,0,0,10,0,9,158,10,4,7,3,2,25,28,58,1,45,4,0,0,0,154,1025,3
/Users/kaiohs/Downloads/codes/lab02-experimentacao-software/data/repos/oshi__oshi/oshi-core/src/main/java/oshi/jna/platform/windows/Adl.java,oshi.jna.platform.windows.Adl$AdlMallocCallback,interface,2,2,0,2,1,1,0,0,0,0.0,NaN,NaN,1,0,0,0,0,1,1,0,0,0,0,0,0,0,0,0,0,0,0,3,0,0,0,0,0,0,0,0,0,0,0,0,0,0,19,0,0
/Users/kaiohs/Downloads/codes/lab02-experimentacao-software/data/repos/oshi__oshi/oshi-core/src/main/java/oshi/hardware/platform/unix/freebsd/FreeBsdPowerSource.java,oshi.hardware.platform.unix.freebsd.FreeBsdPowerSource,class,7,8,1,7,20,2,0,16,6,0.0,0.0,0.0,4,2,2,1,1,0,3,0,0,0,0,0,0,0,0,0,0,0,10,96,3,1,9,0,0,18,32,47,6,33,3,0,0,0,70,17,0
/Users/kaiohs/Downloads/codes/lab02-experimentacao-software/data/repos/oshi__oshi/oshi-core/src/main/java/oshi/driver/windows/wmi/LhmSensor.java,oshi.driver.windows.wmi.LhmSensor$LhmSensorProperty,enum,0,0,0,0,0,1,0,0,0,0.0,-1.0,-1.0,0,0,0,0,0,0,0,0,0,0,0,0,0,0,0,0,0,0,0,1,0,0,0,0,0,0,0,0,0,0,0,0,0,0,18,1,0
/Users/kaiohs/Downloads/codes/lab02-experimentacao-software/data/repos/oshi__oshi/oshi-core/src/main/java/oshi/jna/platform/unix/CLibrary.java,oshi.jna.platform.unix.CLibrary$Addrinfo,innerclass,8,8,0,8,3,4,0,3,3,1.0,0.0,0.0,3,0,3,0,0,0,3,0,0,0,8,0,8,0,0,0,0,0,1,21,0,0,0,0,0,8,0,0,0,8,0,0,1,0,20,0,0
/Users/kaiohs/Downloads/codes/lab02-experimentacao-software/data/repos/oshi__oshi/oshi-common/src/test/java/oshi/hardware/HardwareAbstractionLayerTest.java,oshi.hardware.HardwareAbstractionLayerTest,class,4,4,0,4,4,1,0,7,2,0.5,0.0,0.0,4,0,0,0,0,4,4,0,0,0,2,2,0,2,0,0,2,0,0,106,0,0,0,0,0,8,2,6,0,6,0,2,0,0,45,0,0
/Users/kaiohs/Downloads/codes/lab02-experimentacao-software/data/repos/oshi__oshi/oshi-common/src/main/java/oshi/hardware/CentralProcessor.java,oshi.hardware.CentralProcessor$TickType,enum,0,0,0,0,2,1,0,0,0,0.0,0.0,0.0,2,0,1,0,0,1,2,0,0,0,1,0,0,1,0,0,1,0,0,16,1,0,0,0,0,0,8,1,0,1,0,0,0,0,79,0,0
/Users/kaiohs/Downloads/codes/lab02-experimentacao-software/data/repos/oshi__oshi/oshi-core/src/main/java/oshi/jna/platform/unix/OpenBsdLibc.java,oshi.jna.platform.unix.OpenBsdLibc$Timeval,innerclass,2,2,0,2,0,2,0,0,0,NaN,-1.0,-1.0,0,0,0,0,0,0,0,0,0,0,2,0,2,0,0,0,0,0,0,4,0,0,0,0,0,2,0,0,0,2,0,0,0,0,11,0,0
/Users/kaiohs/Downloads/codes/lab02-experimentacao-software/data/repos/oshi__oshi/oshi-common/src/test/java/oshi/software/common/AbstractOperatingSystemTest.java,oshi.software.common.AbstractOperatingSystemTest,class,7,8,1,7,10,1,0,25,36,0.0,0.0,0.0,9,2,0,2,0,7,7,0,0,0,0,0,0,0,0,0,0,0,22,214,2,0,0,0,0,5,46,12,0,13,0,1,1,1,59,0,0
/Users/kaiohs/Downloads/codes/lab02-experimentacao-software/data/repos/oshi__oshi/oshi-core/src/main/java/oshi/hardware/platform/windows/WindowsVirtualMemory.java,oshi.hardware.platform.windows.WindowsVirtualMemory,class,11,13,2,11,11,2,0,18,23,0.75999993,0.0,0.0,10,3,6,3,0,1,7,0,0,0,5,1,0,5,0,0,5,0,2,44,10,0,0,1,0,1,6,7,5,7,2,0,0,0,49,16,1
/Users/kaiohs/Downloads/codes/lab02-experimentacao-software/data/repos/oshi__oshi/oshi-core-java25/src/main/java/oshi/hardware/platform/mac/MacHardwareAbstractionLayerFFM.java,oshi.hardware.platform.mac.MacHardwareAbstractionLayerFFM,class,24,25,1,24,11,3,0,7,55,0.0,0.0,0.0,11,0,11,0,0,0,11,0,0,0,0,0,0,0,0,0,0,0,7,35,11,0,0,0,0,0,0,0,0,0,0,0,0,0,32,17,0
/Users/kaiohs/Downloads/codes/lab02-experimentacao-software/data/repos/oshi__oshi/oshi-common/src/main/java/oshi/util/driver/linux/proc/ProcessStat.java,oshi.util.driver.linux.proc.ProcessStat,class,8,10,2,8,28,1,0,33,36,0.9444444,0.0,0.0,9,8,7,2,0,0,8,0,0,0,2,2,1,1,0,0,2,0,22,162,10,4,3,0,0,2,16,32,6,29,4,0,2,3,362,17,0
/Users/kaiohs/Downloads/codes/lab02-experimentacao-software/data/repos/oshi__oshi/oshi-core-java25/src/main/java/oshi/ffm/mac/CoreFoundation.java,oshi.ffm.mac.CoreFoundation$CFArrayRef,innerclass,3,3,0,3,9,2,0,6,3,0.0,0.0,0.0,3,0,3,0,0,0,3,0,0,0,0,0,0,0,0,0,0,0,2,30,6,0,0,2,0,1,2,0,1,0,1,0,0,0,49,0,0
/Users/kaiohs/Downloads/codes/lab02-experimentacao-software/data/repos/oshi__oshi/oshi-core-java25/src/main/java/oshi/ffm/mac/IOKitFunctions.java,oshi.ffm.mac.IOKitFunctions,class,3,9,6,3,26,3,0,16,0,0.8890531,0.0,0.0,26,25,25,1,0,0,25,0,0,0,26,26,0,26,0,0,26,0,1,105,25,0,0,0,0,26,0,26,0,26,0,0,0,0,87,17,0
/Users/kaiohs/Downloads/codes/lab02-experimentacao-software/data/repos/oshi__oshi/oshi-common/src/main/java/oshi/hardware/HardwareAbstractionLayer.java,oshi.hardware.HardwareAbstractionLayer,interface,14,27,13,14,14,1,0,1,91,0.0,0.0,0.0,14,0,0,0,0,14,14,0,0,0,0,0,0,0,0,0,0,0,2,20,2,0,0,0,0,0,0,0,0,0,0,0,0,0,198,1,0
/Users/kaiohs/Downloads/codes/lab02-experimentacao-software/data/repos/oshi__oshi/oshi-core-java25/src/main/java/oshi/ffm/mac/CoreFoundation.java,oshi.ffm.mac.CoreFoundation$CFMutableDictionaryRef,innerclass,4,4,0,4,8,3,0,3,1,0.0,0.0,0.0,2,0,2,0,0,0,2,0,0,0,0,0,0,0,0,0,0,0,1,15,1,0,2,1,0,0,0,0,0,0,1,0,0,0,29,0,0
/Users/kaiohs/Downloads/codes/lab02-experimentacao-software/data/repos/oshi__oshi/oshi-common/src/main/java/oshi/util/driver/unix/Xwininfo.java,oshi.util.driver.unix.Xwininfo,class,6,9,3,6,14,1,0,28,3,0.6666667,NaN,NaN,3,2,1,2,0,0,1,0,0,0,3,3,0,3,0,0,3,0,14,60,3,3,0,0,0,8,21,23,1,22,4,0,0,0,69,17,0
/Users/kaiohs/Downloads/codes/lab02-experimentacao-software/data/repos/oshi__oshi/oshi-core/src/main/java/oshi/driver/unix/aix/Lscfg.java,oshi.driver.unix.aix.Lscfg,class,3,5,2,3,18,1,0,7,6,0.0,0.0,0.0,4,3,3,1,0,0,3,0,0,0,0,0,0,0,0,0,0,0,0,60,3,2,1,0,0,9,7,22,1,15,3,0,0,0,60,17,0
/Users/kaiohs/Downloads/codes/lab02-experimentacao-software/data/repos/oshi__oshi/oshi-common/src/main/java/oshi/util/tuples/Triplet.java,oshi.util.tuples.Triplet,class,4,14,10,4,4,1,0,0,0,0.5,0.0,0.0,4,0,4,0,0,0,4,0,3,0,3,0,0,3,0,0,3,0,0,19,3,0,0,0,0,0,0,3,0,3,0,0,0,0,29,1,0
/Users/kaiohs/Downloads/codes/lab02-experimentacao-software/data/repos/oshi__oshi/oshi-core/src/main/java/oshi/hardware/platform/mac/MacHardwareAbstractionLayerJNA.java,oshi.hardware.platform.mac.MacHardwareAbstractionLayerJNA,class,22,22,0,22,10,3,0,6,45,0.0,0.0,0.0,10,0,10,0,0,0,10,0,0,0,0,0,0,0,0,0,0,0,6,32,10,0,0,0,0,0,0,0,0,0,0,0,0,0,32,17,0
/Users/kaiohs/Downloads/codes/lab02-experimentacao-software/data/repos/oshi__oshi/oshi-core/src/main/java/oshi/hardware/platform/unix/aix/AixGlobalMemory.java,oshi.hardware.platform.unix.aix.AixGlobalMemory,class,8,9,1,8,25,2,0,12,16,0.71875,0.0,0.0,8,1,5,2,0,1,6,0,0,0,4,1,0,4,0,0,4,0,1,89,7,1,0,0,0,18,19,29,6,12,4,0,0,0,51,16,0
/Users/kaiohs/Downloads/codes/lab02-experimentacao-software/data/repos/oshi__oshi/oshi-common/src/main/java/oshi/software/os/OSService.java,oshi.software.os.OSService$State,enum,0,0,0,0,0,1,0,0,0,0.0,-1.0,-1.0,0,0,0,0,0,0,0,0,0,0,0,0,0,0,0,0,0,0,0,1,0,0,0,0,0,0,0,0,0,0,0,0,0,0,10,1,0
/Users/kaiohs/Downloads/codes/lab02-experimentacao-software/data/repos/oshi__oshi/oshi-core/src/main/java/oshi/driver/windows/registry/ProcessWtsData.java,oshi.driver.windows.registry.ProcessWtsData$WtsInfo,innerclass,1,1,0,1,8,1,0,0,14,0.75,0.0,0.0,8,0,8,0,0,0,8,0,0,0,7,0,0,7,0,0,7,0,0,39,7,0,0,0,0,0,0,7,0,7,0,0,0,0,31,9,0
/Users/kaiohs/Downloads/codes/lab02-experimentacao-software/data/repos/oshi__oshi/oshi-core/src/main/java/oshi/jna/platform/linux/Systemd.java,oshi.jna.platform.linux.Systemd,interface,5,7,2,5,5,1,0,1,10,1.0,0.0,0.0,5,0,0,0,0,5,5,0,0,0,1,0,0,0,0,1,0,0,0,8,0,0,0,0,0,1,0,1,0,1,0,0,0,0,67,1,0
/Users/kaiohs/Downloads/codes/lab02-experimentacao-software/data/repos/oshi__oshi/oshi-common/src/main/java/oshi/hardware/UsbDevice.java,oshi.hardware.UsbDevice,interface,2,18,16,2,7,1,0,0,21,0.0,0.0,0.0,7,0,0,0,0,7,7,0,0,0,0,0,0,0,0,0,0,0,0,9,0,0,0,0,0,0,0,0,0,0,0,0,0,0,73,1,0
/Users/kaiohs/Downloads/codes/lab02-experimentacao-software/data/repos/oshi__oshi/oshi-core/src/main/java/oshi/software/os/unix/aix/AixInstalledApps.java,oshi.software.os.unix.aix.AixInstalledApps,class,2,3,1,2,8,1,0,14,3,0.6666667,NaN,NaN,3,2,1,2,0,0,1,0,0,0,1,1,0,1,0,0,1,0,3,47,2,1,0,0,0,12,10,19,1,16,3,0,0,0,46,17,0
/Users/kaiohs/Downloads/codes/lab02-experimentacao-software/data/repos/oshi__oshi/oshi-core-java25/src/main/java/oshi/ffm/windows/com/IEnumWbemClassObjectFFM.java,oshi.ffm.windows.com.IEnumWbemClassObjectFFM,class,8,10,2,8,12,4,0,14,4,0.6,0.0,0.0,5,3,4,1,0,0,4,0,0,0,3,3,0,3,0,0,3,0,10,48,7,0,2,2,0,2,5,15,0,15,1,0,0,0,94,17,2
/Users/kaiohs/Downloads/codes/lab02-experimentacao-software/data/repos/oshi__oshi/oshi-core/src/main/java/oshi/jna/platform/windows/Adl.java,oshi.jna.platform.windows.Adl$AdapterInfo,innerclass,3,3,0,3,0,2,0,0,0,NaN,-1.0,-1.0,0,0,0,0,0,0,0,0,0,0,15,0,15,0,0,0,0,0,0,17,0,0,0,0,0,15,6,6,0,15,0,0,0,0,27,0,0
/Users/kaiohs/Downloads/codes/lab02-experimentacao-software/data/repos/oshi__oshi/oshi-common/src/test/java/oshi/hardware/GpuTicksTest.java,oshi.hardware.GpuTicksTest,class,2,2,0,2,2,1,0,6,1,0.0,0.0,0.0,2,0,0,0,0,2,2,0,0,0,0,0,0,0,0,0,0,0,0,12,0,0,0,0,0,2,6,2,0,2,0,0,0,0,13,0,0
/Users/kaiohs/Downloads/codes/lab02-experimentacao-software/data/repos/oshi__oshi/oshi-core-java25/src/main/java/oshi/ffm/windows/WindowsForeignFunctions.java,oshi.ffm.windows.WindowsForeignFunctions,class,5,23,18,5,15,2,10,9,21,0.0,0.0,0.0,7,6,6,0,1,0,7,0,0,0,0,0,0,0,0,0,0,0,0,51,7,3,5,0,0,1,6,9,1,8,2,0,0,0,120,1025,0
/Users/kaiohs/Downloads/codes/lab02-experimentacao-software/data/repos/oshi__oshi/oshi-core/src/main/java/oshi/jna/platform/windows/Kernel32.java,oshi.jna.platform.windows.Kernel32,interface,2,3,1,2,0,1,0,1,0,NaN,-1.0,-1.0,0,0,0,0,0,0,0,0,0,0,1,0,0,0,0,1,0,0,0,11,0,0,0,0,0,1,0,1,0,1,0,0,1,0,65,1,0
/Users/kaiohs/Downloads/codes/lab02-experimentacao-software/data/repos/oshi__oshi/oshi-core/src/main/java/oshi/util/platform/mac/CFUtil.java,oshi.util.platform.mac.CFUtil,class,4,7,3,4,6,1,0,3,3,0.0,0.0,0.0,3,2,2,1,0,0,2,0,0,0,0,0,0,0,0,0,0,0,1,18,3,0,1,0,0,1,0,3,0,2,1,0,0,0,34,17,0
/Users/kaiohs/Downloads/codes/lab02-experimentacao-software/data/repos/oshi__oshi/oshi-core/src/main/java/oshi/driver/unix/solaris/Who.java,oshi.driver.unix.solaris.Who,class,5,6,1,5,6,1,0,8,1,0.5,NaN,NaN,2,1,1,1,0,0,1,0,0,1,1,1,0,1,0,0,1,0,0,28,2,1,3,1,1,0,2,7,3,7,4,0,0,0,43,17,0
/Users/kaiohs/Downloads/codes/lab02-experimentacao-software/data/repos/oshi__oshi/oshi-common/src/main/java/oshi/hardware/CentralProcessor.java,oshi.hardware.CentralProcessor$PhysicalProcessor,innerclass,1,1,0,1,7,1,0,0,0,0.5,0.0,0.0,7,0,7,0,0,0,7,0,0,0,4,0,0,4,0,0,4,0,0,30,5,0,0,0,0,6,1,4,1,4,0,0,0,0,128,0,0
/Users/kaiohs/Downloads/codes/lab02-experimentacao-software/data/repos/oshi__oshi/oshi-core/src/main/java/oshi/jna/platform/mac/IOKit.java,oshi.jna.platform.mac.IOKit,interface,6,8,2,6,1,6,0,1,0,1.0,NaN,NaN,1,0,0,0,0,1,1,0,0,0,1,0,0,0,0,1,0,0,0,46,0,0,0,0,0,1,0,1,0,1,0,0,5,0,34,1,0
/Users/kaiohs/Downloads/codes/lab02-experimentacao-software/data/repos/oshi__oshi/oshi-core/src/test/java/oshi/driver/unix/solaris/WhoTest.java,oshi.driver.unix.solaris.WhoTest,class,3,3,0,3,2,1,0,11,0,0.0,NaN,NaN,1,0,0,0,0,1,1,0,0,0,0,0,0,0,0,0,0,0,1,10,0,1,0,0,0,4,1,0,0,0,1,0,0,0,28,0,0
/Users/kaiohs/Downloads/codes/lab02-experimentacao-software/data/repos/oshi__oshi/oshi-core/src/main/java/oshi/hardware/platform/mac/MacVirtualMemory.java,oshi.hardware.platform.mac.MacVirtualMemory,class,6,9,3,6,9,2,2,9,26,0.7407408,0.0,0.0,9,0,6,0,2,1,9,2,0,0,3,0,0,3,0,0,3,0,4,28,6,0,0,0,0,0,0,3,3,3,0,0,0,0,35,1024,0
/Users/kaiohs/Downloads/codes/lab02-experimentacao-software/data/repos/oshi__oshi/oshi-core/src/main/java/oshi/software/os/linux/LinuxInternetProtocolStats.java,oshi.software.os.linux.LinuxInternetProtocolStats$TcpStat,enum,0,0,0,0,0,1,0,0,0,0.0,-1.0,-1.0,0,0,0,0,0,0,0,0,0,0,0,0,0,0,0,0,0,0,0,1,0,0,0,0,0,0,0,0,0,0,0,0,0,0,6,2,0
/Users/kaiohs/Downloads/codes/lab02-experimentacao-software/data/repos/oshi__oshi/oshi-demo/src/main/java/oshi/demo/PollGpuStats.java,oshi.demo.PollGpuStats,class,6,6,0,6,18,1,0,32,1,0.5,NaN,NaN,2,1,1,1,0,0,1,0,0,0,2,2,0,2,0,0,2,0,9,68,1,6,1,2,0,26,15,27,7,25,4,0,0,1,98,17,0
/Users/kaiohs/Downloads/codes/lab02-experimentacao-software/data/repos/oshi__oshi/oshi-core/src/test/java/oshi/driver/windows/perfmon/LoadAverageTest.java,oshi.driver.windows.perfmon.LoadAverageTest,class,4,4,0,4,1,1,0,7,0,0.0,NaN,NaN,1,0,0,0,0,1,1,0,0,0,0,0,0,0,0,0,0,0,1,15,0,0,0,0,0,6,15,2,0,1,0,0,0,0,14,0,0
/Users/kaiohs/Downloads/codes/lab02-experimentacao-software/data/repos/oshi__oshi/oshi-core/src/main/java/oshi/hardware/platform/unix/aix/AixFirmware.java,oshi.hardware.platform.unix.aix.AixFirmware,class,2,3,1,2,4,2,0,0,0,0.5,0.0,0.0,4,0,3,0,0,1,4,0,0,0,3,0,0,3,0,0,3,0,0,19,3,0,0,0,0,0,0,3,0,3,0,0,0,0,10,16,0
/Users/kaiohs/Downloads/codes/lab02-experimentacao-software/data/repos/oshi__oshi/oshi-core/src/main/java/oshi/jna/platform/mac/SystemConfiguration.java,oshi.jna.platform.mac.SystemConfiguration,interface,6,7,1,6,3,2,0,1,3,1.0,0.0,0.0,3,0,0,0,0,3,3,0,0,0,1,0,0,0,0,1,0,0,0,14,0,0,0,0,0,1,0,1,0,1,0,0,1,0,45,1,0
/Users/kaiohs/Downloads/codes/lab02-experimentacao-software/data/repos/oshi__oshi/oshi-core/src/main/java/oshi/software/os/unix/solaris/SolarisOSProcess.java,oshi.software.os.unix.solaris.SolarisOSProcess,class,13,16,3,13,70,2,0,67,762,0.95365864,0.0,0.0,41,1,34,6,0,1,35,0,0,0,30,1,0,30,0,0,2,0,14,294,51,3,5,2,0,20,39,68,27,59,3,0,0,3,165,1,1
/Users/kaiohs/Downloads/codes/lab02-experimentacao-software/data/repos/oshi__oshi/oshi-core-java25/src/main/java/oshi/PlatformEnumFFM.java,oshi.PlatformEnumFFM,enum,1,4,3,1,6,1,0,2,1,0.5,0.0,0.0,2,1,2,0,0,0,3,0,0,0,1,1,0,1,0,0,1,0,0,27,2,0,0,0,0,0,0,4,0,1,1,0,0,0,53,1,0
/Users/kaiohs/Downloads/codes/lab02-experimentacao-software/data/repos/oshi__oshi/oshi-core/src/main/java/oshi/driver/windows/perfmon/PerfmonDisabled.java,oshi.driver.windows.perfmon.PerfmonDisabled,class,3,4,1,3,6,1,0,9,1,0.875,-1.0,-1.0,2,1,0,2,0,0,0,0,0,0,4,4,3,1,0,0,4,0,5,30,3,0,0,0,0,9,1,8,0,8,4,0,0,0,48,17,2
/Users/kaiohs/Downloads/codes/lab02-experimentacao-software/data/repos/oshi__oshi/oshi-core/src/main/java/oshi/driver/windows/wmi/Win32PhysicalMemory.java,oshi.driver.windows.wmi.Win32PhysicalMemory,class,6,7,1,6,3,1,0,3,1,0.33333334,0.0,0.0,3,2,2,1,0,0,2,0,0,0,1,1,0,1,0,0,1,0,4,15,2,0,0,0,0,1,0,3,0,3,0,0,2,0,38,17,0
/Users/kaiohs/Downloads/codes/lab02-experimentacao-software/data/repos/oshi__oshi/oshi-core/src/main/java/oshi/driver/windows/perfmon/ThreadInformation.java,oshi.driver.windows.perfmon.ThreadInformation,class,4,5,1,4,5,1,0,5,3,0.0,0.0,0.0,3,2,2,1,0,0,2,0,0,0,0,0,0,0,0,0,0,0,3,25,3,0,0,0,0,6,1,2,4,2,2,0,1,0,59,17,0
/Users/kaiohs/Downloads/codes/lab02-experimentacao-software/data/repos/oshi__oshi/oshi-common/src/test/java/oshi/software/common/AbstractOperatingSystemTest.java,oshi.software.common.AbstractOperatingSystemTest$StubProcess,innerclass,3,3,0,3,33,1,0,2,526,0.93939394,0.0,0.0,33,0,32,0,0,1,33,0,0,0,1,0,0,1,0,0,1,0,3,102,32,0,0,0,0,8,18,1,0,1,0,0,0,0,65,8,0
/Users/kaiohs/Downloads/codes/lab02-experimentacao-software/data/repos/oshi__oshi/oshi-core/src/main/java/oshi/software/os/linux/LinuxInternetProtocolStats.java,oshi.software.os.linux.LinuxInternetProtocolStats,class,11,13,2,11,44,2,0,37,28,0.875,0.0,0.0,8,4,4,4,0,0,4,0,0,0,3,0,0,3,0,0,3,0,8,153,21,7,1,0,1,15,92,51,18,39,3,0,2,0,89,1,0
/Users/kaiohs/Downloads/codes/lab02-experimentacao-software/data/repos/oshi__oshi/oshi-common/src/main/java/oshi/hardware/common/AbstractHardwareAbstractionLayer.java,oshi.hardware.common.AbstractHardwareAbstractionLayer,class,8,9,1,8,9,1,1,9,36,0.8888889,0.0,0.0,9,0,5,0,4,0,9,4,0,0,4,0,0,4,0,0,4,0,4,25,5,0,0,0,0,0,0,4,0,4,0,0,0,0,35,1025,0
/Users/kaiohs/Downloads/codes/lab02-experimentacao-software/data/repos/oshi__oshi/oshi-core/src/test/java/oshi/driver/unix/aix/perfstat/PerfstatTest.java,oshi.driver.unix.aix.perfstat.PerfstatTest,class,10,10,0,10,13,1,0,18,21,0.0,0.0,0.0,7,0,0,0,0,7,7,0,0,0,0,0,0,0,0,0,0,0,1,56,0,5,1,0,0,26,14,11,0,11,2,0,0,0,60,0,0
/Users/kaiohs/Downloads/codes/lab02-experimentacao-software/data/repos/oshi__oshi/oshi-core-java25/src/main/java/oshi/hardware/platform/mac/MacComputerSystemFFM.java,oshi.hardware.platform.mac.MacComputerSystemFFM,class,13,14,1,13,14,2,0,13,9,0.42857143,0.0,0.0,7,1,6,1,0,0,6,0,0,0,1,0,0,1,0,0,1,0,6,42,7,0,3,0,0,10,0,12,0,7,2,0,0,0,32,16,0
/Users/kaiohs/Downloads/codes/lab02-experimentacao-software/data/repos/oshi__oshi/oshi-common/src/main/java/oshi/hardware/common/AbstractSoundCard.java,oshi.hardware.common.AbstractSoundCard,class,2,4,2,2,5,1,1,5,0,0.4,0.0,0.0,5,0,4,0,1,0,5,0,0,0,3,0,0,3,0,0,0,0,1,32,4,0,0,0,0,4,0,4,0,4,0,0,0,0,21,1025,0
/Users/kaiohs/Downloads/codes/lab02-experimentacao-software/data/repos/oshi__oshi/oshi-core/src/main/java/oshi/hardware/platform/unix/solaris/SolarisComputerSystem.java,oshi.hardware.platform.unix.solaris.SolarisComputerSystem,class,9,11,2,9,21,2,0,21,6,0.33333334,0.0,0.0,9,3,6,3,0,0,6,0,0,0,1,0,0,1,0,0,1,0,3,106,10,3,2,0,1,7,3,14,1,12,3,0,2,0,56,16,0
/Users/kaiohs/Downloads/codes/lab02-experimentacao-software/data/repos/oshi__oshi/oshi-common/src/main/java/oshi/hardware/VirtualMemory.java,oshi.hardware.VirtualMemory,interface,1,11,10,1,6,1,0,0,15,0.0,0.0,0.0,6,0,0,0,0,6,6,0,0,0,0,0,0,0,0,0,0,0,0,8,0,0,0,0,0,0,0,0,0,0,0,0,0,0,151,1,0
/Users/kaiohs/Downloads/codes/lab02-experimentacao-software/data/repos/oshi__oshi/oshi-core/src/main/java/oshi/software/os/linux/LinuxOSFileStore.java,oshi.software.os.linux.LinuxOSFileStore,class,3,4,1,3,13,2,0,15,11,0.71111107,0.0,0.0,10,0,10,0,0,0,10,0,0,0,9,0,0,9,0,0,1,0,1,63,10,1,0,0,0,0,0,17,0,9,2,0,0,0,31,1,0
/Users/kaiohs/Downloads/codes/lab02-experimentacao-software/data/repos/oshi__oshi/oshi-core/src/main/java/oshi/hardware/platform/windows/WindowsBaseboard.java,oshi.hardware.platform.windows.WindowsBaseboard,class,6,7,1,6,12,2,0,10,0,0.2,0.0,0.0,5,1,4,1,0,0,4,0,0,0,1,0,0,1,0,0,1,0,6,33,5,0,0,0,1,2,6,12,1,7,2,0,0,0,29,16,0
/Users/kaiohs/Downloads/codes/lab02-experimentacao-software/data/repos/oshi__oshi/oshi-common/src/main/java/oshi/hardware/common/AbstractHWDiskStore.java,oshi.hardware.common.AbstractHWDiskStore,class,4,7,3,4,14,1,2,14,7,0.6666667,0.0,0.0,6,0,5,0,1,0,6,0,0,0,4,0,0,4,0,0,4,0,3,38,5,0,0,0,0,19,3,6,0,6,0,0,0,0,31,1025,0
/Users/kaiohs/Downloads/codes/lab02-experimentacao-software/data/repos/oshi__oshi/oshi-demo/src/main/java/oshi/demo/jmx/demo/OshiJMXServer.java,oshi.demo.jmx.demo.OshiJMXServer,class,2,2,0,2,1,1,0,2,0,0.0,NaN,NaN,1,1,1,0,0,0,1,0,0,0,0,0,0,0,0,0,0,0,1,6,0,0,0,0,0,1,1,1,0,1,0,0,0,0,10,1,0
/Users/kaiohs/Downloads/codes/lab02-experimentacao-software/data/repos/oshi__oshi/oshi-core/src/main/java/oshi/jna/Struct.java,oshi.jna.Struct$CloseablePerformanceInformation,innerclass,2,2,0,2,1,2,0,2,0,0.0,NaN,NaN,1,0,1,0,0,0,1,0,0,0,0,0,0,0,0,0,0,0,1,5,0,0,0,0,0,0,0,0,0,0,0,0,0,0,19,0,0
/Users/kaiohs/Downloads/codes/lab02-experimentacao-software/data/repos/oshi__oshi/oshi-core-java25/src/main/java/oshi/util/platform/windows/Kernel32UtilFFM.java,oshi.util.platform.windows.Kernel32UtilFFM,class,1,4,3,1,4,1,0,5,6,0.0,0.0,0.0,4,3,3,1,0,0,3,0,0,0,0,0,0,0,0,0,0,0,3,13,3,0,0,0,0,2,2,0,1,0,0,0,0,0,13,17,0
/Users/kaiohs/Downloads/codes/lab02-experimentacao-software/data/repos/oshi__oshi/oshi-common/src/main/java/oshi/hardware/GraphicsCard.java,oshi.hardware.GraphicsCard,interface,2,16,14,2,6,1,0,0,15,0.0,0.0,0.0,6,0,0,0,0,6,6,0,0,0,0,0,0,0,0,0,0,0,0,8,0,0,0,0,0,0,0,0,0,0,0,0,0,0,127,1,0
/Users/kaiohs/Downloads/codes/lab02-experimentacao-software/data/repos/oshi__oshi/oshi-core/src/main/java/oshi/jna/platform/windows/PowrProf.java,oshi.jna.platform.windows.PowrProf$BATTERY_QUERY_INFORMATION_LEVEL,enum,0,0,0,0,0,1,0,0,0,0.0,-1.0,-1.0,0,0,0,0,0,0,0,0,0,0,0,0,0,0,0,0,0,0,0,1,0,0,0,0,0,0,0,0,0,0,0,0,0,0,20,0,0
/Users/kaiohs/Downloads/codes/lab02-experimentacao-software/data/repos/oshi__oshi/oshi-core-java25/src/main/java/oshi/ffm/windows/com/IWbemLocatorFFM.java,oshi.ffm.windows.com.IWbemLocatorFFM,class,9,11,2,9,9,4,0,19,1,0.5,0.0,0.0,3,2,2,1,0,0,2,0,0,0,2,2,0,2,0,0,2,0,16,43,6,0,2,1,0,2,2,12,0,11,2,0,0,0,76,17,2
/Users/kaiohs/Downloads/codes/lab02-experimentacao-software/data/repos/oshi__oshi/oshi-core/src/main/java/oshi/hardware/platform/unix/openbsd/OpenBsdGlobalMemory.java,oshi.hardware.platform.unix.openbsd.OpenBsdGlobalMemory,class,8,11,3,8,11,2,0,10,28,0.875,0.0,0.0,8,3,4,4,0,0,4,0,0,0,4,0,0,4,0,0,4,0,3,47,8,1,0,1,1,5,8,14,2,9,2,0,0,0,46,16,0
/Users/kaiohs/Downloads/codes/lab02-experimentacao-software/data/repos/oshi__oshi/oshi-common/src/test/java/oshi/software/common/AbstractOSProcessTest.java,oshi.software.common.AbstractOSProcessTest,class,4,5,1,4,9,1,0,9,36,0.0,0.0,0.0,9,1,0,1,0,8,8,0,0,0,0,0,0,0,0,0,0,0,11,127,1,0,0,0,0,2,56,8,0,8,0,1,0,0,38,0,0
/Users/kaiohs/Downloads/codes/lab02-experimentacao-software/data/repos/oshi__oshi/oshi-core-java25/src/main/java/oshi/util/platform/windows/IPHlpAPIUtilFFM.java,oshi.util.platform.windows.IPHlpAPIUtilFFM,class,12,15,3,12,54,1,0,26,0,0.22222222,0.0,0.0,9,8,7,2,0,0,7,0,0,0,1,1,0,1,0,0,1,0,28,250,28,8,18,7,0,48,74,104,8,95,3,0,0,0,109,17,9
/Users/kaiohs/Downloads/codes/lab02-experimentacao-software/data/repos/oshi__oshi/oshi-core/src/main/java/oshi/hardware/platform/linux/LinuxHWDiskStore.java,oshi.hardware.platform.linux.LinuxHWDiskStore$UdevStat,enum,0,0,0,0,2,1,0,0,0,0.0,0.0,0.0,2,0,1,0,0,1,2,0,0,0,1,0,0,1,0,0,0,0,0,8,1,0,0,0,0,0,6,1,0,1,0,0,0,0,26,4,0
/Users/kaiohs/Downloads/codes/lab02-experimentacao-software/data/repos/oshi__oshi/oshi-core/src/main/java/oshi/driver/windows/wmi/Win32ComputerSystemProduct.java,oshi.driver.windows.wmi.Win32ComputerSystemProduct$ComputerSystemProductProperty,enum,0,0,0,0,0,1,0,0,0,0.0,-1.0,-1.0,0,0,0,0,0,0,0,0,0,0,0,0,0,0,0,0,0,0,0,1,0,0,0,0,0,0,0,0,0,0,0,0,0,0,9,1,0
/Users/kaiohs/Downloads/codes/lab02-experimentacao-software/data/repos/oshi__oshi/oshi-common/src/main/java/oshi/util/linux/DevPath.java,oshi.util.linux.DevPath,class,4,5,1,4,3,1,0,4,1,1.0,-1.0,-1.0,2,1,0,2,0,0,0,0,0,0,6,6,6,0,0,0,6,0,2,18,1,0,0,0,0,10,0,8,7,7,1,0,0,0,52,17,0
/Users/kaiohs/Downloads/codes/lab02-experimentacao-software/data/repos/oshi__oshi/oshi-demo/src/main/java/oshi/demo/gui/ProcessPanel.java,oshi.demo.gui.ProcessPanel,class,7,9,2,7,18,6,0,50,4,0.6875,NaN,NaN,4,1,1,3,0,0,1,0,0,0,12,4,0,12,0,0,4,0,11,131,1,7,0,0,0,23,35,53,8,42,4,0,0,1,108,1,0
/Users/kaiohs/Downloads/codes/lab02-experimentacao-software/data/repos/oshi__oshi/oshi-core/src/main/java/oshi/hardware/platform/unix/freebsd/FreeBsdComputerSystem.java,oshi.hardware.platform.unix.freebsd.FreeBsdComputerSystem,class,9,11,2,9,23,2,0,15,8,0.375,0.0,0.0,8,2,6,2,0,0,6,0,0,0,1,0,0,1,0,0,1,0,2,66,9,2,0,0,0,9,5,19,0,12,2,0,0,0,43,16,0
/Users/kaiohs/Downloads/codes/lab02-experimentacao-software/data/repos/oshi__oshi/oshi-core/src/main/java/oshi/software/os/unix/freebsd/FreeBsdNetworkParams.java,oshi.software.os.unix.freebsd.FreeBsdNetworkParams,class,9,11,2,9,7,2,0,14,4,0.625,0.0,0.0,4,0,4,0,0,0,4,0,0,0,2,2,0,2,0,0,2,0,0,37,6,0,1,3,0,4,3,10,1,9,4,0,0,0,35,16,1
/Users/kaiohs/Downloads/codes/lab02-experimentacao-software/data/repos/oshi__oshi/oshi-core/src/main/java/oshi/software/os/linux/LinuxOSProcessJNA.java,oshi.software.os.linux.LinuxOSProcessJNA,class,4,5,1,4,5,3,0,3,3,0.0,0.0,0.0,3,0,1,0,2,0,3,0,0,0,0,0,0,0,0,0,0,0,0,19,4,0,2,0,0,0,4,2,0,2,1,0,0,0,25,1,0
/Users/kaiohs/Downloads/codes/lab02-experimentacao-software/data/repos/oshi__oshi/oshi-common/src/main/java/oshi/util/tuples/Quintet.java,oshi.util.tuples.Quintet,class,6,11,5,6,6,1,0,0,5,0.6666667,0.0,0.0,6,0,6,0,0,0,6,0,5,0,5,0,0,5,0,0,5,0,0,29,5,0,0,0,0,0,0,5,0,5,0,0,0,0,35,1,0
/Users/kaiohs/Downloads/codes/lab02-experimentacao-software/data/repos/oshi__oshi/oshi-core/src/main/java/oshi/driver/unix/freebsd/Who.java,oshi.driver.unix.freebsd.Who,class,5,6,1,5,6,1,0,7,1,0.5,NaN,NaN,2,1,1,1,0,0,1,0,0,1,1,1,0,1,0,0,1,0,0,28,2,1,3,1,1,0,2,7,3,7,4,0,0,0,44,17,0
/Users/kaiohs/Downloads/codes/lab02-experimentacao-software/data/repos/oshi__oshi/oshi-core/src/main/java/oshi/driver/windows/DxgiAdapterInfo.java,oshi.driver.windows.DxgiAdapterInfo,class,0,3,3,0,8,1,0,1,2,0.625,0.0,0.0,8,0,8,0,0,0,8,0,0,0,6,0,0,6,0,0,6,0,1,37,7,0,0,0,0,1,0,6,0,6,0,0,0,0,80,17,0
/Users/kaiohs/Downloads/codes/lab02-experimentacao-software/data/repos/oshi__oshi/oshi-core/src/main/java/oshi/jna/platform/unix/CLibrary.java,oshi.jna.platform.unix.CLibrary$BsdIpstat,innerclass,0,0,0,0,0,1,0,0,0,NaN,-1.0,-1.0,0,0,0,0,0,0,0,0,0,0,7,0,7,0,0,0,0,0,0,9,0,0,0,0,0,0,0,0,0,7,0,0,0,0,10,0,0
/Users/kaiohs/Downloads/codes/lab02-experimentacao-software/data/repos/oshi__oshi/oshi-core/src/main/java/oshi/driver/windows/registry/ProcessPerformanceData.java,oshi.driver.windows.registry.ProcessPerformanceData,class,8,11,3,8,17,1,0,20,6,0.75,0.0,0.0,4,3,3,1,0,0,3,0,0,0,2,2,0,2,0,0,2,0,4,122,4,2,3,0,6,2,9,33,4,28,3,0,1,0,100,17,0
/Users/kaiohs/Downloads/codes/lab02-experimentacao-software/data/repos/oshi__oshi/oshi-core/src/main/java/oshi/jna/platform/unix/FreeBsdLibc.java,oshi.jna.platform.unix.FreeBsdLibc,interface,5,9,4,5,2,4,0,2,1,1.0,0.0,0.0,2,0,0,0,0,2,2,0,0,0,13,0,0,0,0,13,0,0,0,40,0,0,0,0,0,1,10,13,0,13,0,0,3,0,104,1,0
/Users/kaiohs/Downloads/codes/lab02-experimentacao-software/data/repos/oshi__oshi/oshi-core/src/main/java/oshi/software/os/unix/freebsd/FreeBsdOperatingSystem.java,oshi.software.os.unix.freebsd.FreeBsdOperatingSystem$PsKeywords,enum,0,0,0,0,0,1,0,0,0,0.0,-1.0,-1.0,0,0,0,0,0,0,0,0,0,0,0,0,0,0,0,0,0,0,0,1,0,0,0,0,0,0,0,0,0,0,0,0,0,0,7,0,0
/Users/kaiohs/Downloads/codes/lab02-experimentacao-software/data/repos/oshi__oshi/oshi-core-java25/src/main/java/oshi/software/os/linux/LinuxOSProcessFFM.java,oshi.software.os.linux.LinuxOSProcessFFM,class,7,9,2,7,7,2,0,10,1,0.33333334,0.0,0.0,3,0,1,0,2,0,3,0,0,0,1,1,0,1,0,0,1,0,4,32,6,0,2,2,0,2,6,5,0,5,2,0,0,0,33,1,2
/Users/kaiohs/Downloads/codes/lab02-experimentacao-software/data/repos/oshi__oshi/oshi-core/src/main/java/oshi/hardware/platform/unix/aix/AixPowerSource.java,oshi.hardware.platform.unix.aix.AixPowerSource,class,5,7,2,5,3,2,0,2,3,0.0,0.0,0.0,3,1,2,0,1,0,3,0,0,0,0,0,0,0,0,0,0,0,2,11,2,0,0,0,0,0,0,0,0,0,0,0,0,0,33,17,0
/Users/kaiohs/Downloads/codes/lab02-experimentacao-software/data/repos/oshi__oshi/oshi-core/src/main/java/oshi/software/os/windows/WindowsFileSystem.java,oshi.software.os.windows.WindowsFileSystem,class,13,16,3,13,36,2,0,60,24,0.9583333,0.0,0.0,8,3,5,1,0,2,9,0,0,0,21,21,0,20,0,1,21,0,19,189,13,5,9,1,3,38,52,64,6,61,4,0,0,1,167,1,0
/Users/kaiohs/Downloads/codes/lab02-experimentacao-software/data/repos/oshi__oshi/oshi-core/src/main/java/oshi/hardware/platform/windows/WindowsPrinter.java,oshi.hardware.platform.windows.WindowsPrinter,class,9,11,2,9,19,2,0,9,10,0.8,0.0,0.0,5,4,1,3,0,1,2,0,0,0,1,1,0,1,0,0,1,0,11,56,12,1,2,0,0,13,12,13,0,13,1,0,0,0,88,16,0
/Users/kaiohs/Downloads/codes/lab02-experimentacao-software/data/repos/oshi__oshi/oshi-core/src/main/java/oshi/jna/Struct.java,oshi.jna.Struct$CloseableMibUdpStats,innerclass,2,2,0,2,1,2,0,2,0,0.0,NaN,NaN,1,0,1,0,0,0,1,0,0,0,0,0,0,0,0,0,0,0,1,5,0,0,0,0,0,0,0,0,0,0,0,0,0,0,18,0,0
/Users/kaiohs/Downloads/codes/lab02-experimentacao-software/data/repos/oshi__oshi/oshi-core/src/test/java/oshi/software/os/OperatingSystemTest.java,OperatingSystemTest,class,15,15,0,15,54,1,0,91,0,0.39285713,0.0,0.0,14,0,0,0,1,13,14,0,0,0,2,0,0,0,2,0,0,0,0,272,1,14,4,0,0,83,88,51,9,44,3,0,0,1,218,0,0
/Users/kaiohs/Downloads/codes/lab02-experimentacao-software/data/repos/oshi__oshi/oshi-core/src/main/java/oshi/driver/windows/wmi/Win32Process.java,oshi.driver.windows.wmi.Win32Process,class,6,9,3,6,5,1,0,7,1,0.33333334,0.0,0.0,3,2,2,1,0,0,2,0,0,0,1,1,0,1,0,0,1,0,6,23,2,0,2,0,0,5,0,7,2,5,1,0,2,0,60,17,0
/Users/kaiohs/Downloads/codes/lab02-experimentacao-software/data/repos/oshi__oshi/oshi-core/src/main/java/oshi/hardware/platform/linux/LinuxHWDiskStoreJNA.java,oshi.hardware.platform.linux.LinuxHWDiskStoreJNA,class,9,11,2,9,36,3,0,38,6,0.75,0.0,0.0,4,2,2,0,0,2,4,0,0,0,1,1,0,1,0,0,1,0,11,88,5,1,21,3,0,6,7,22,3,17,9,0,0,0,89,17,1
/Users/kaiohs/Downloads/codes/lab02-experimentacao-software/data/repos/oshi__oshi/oshi-core/src/main/java/oshi/jna/platform/mac/CoreGraphics.java,oshi.jna.platform.mac.CoreGraphics,interface,6,8,2,6,2,4,0,1,1,1.0,0.0,0.0,2,0,0,0,0,2,2,0,0,0,8,0,0,0,0,8,0,0,0,27,0,0,0,0,0,1,12,8,5,8,0,0,3,0,83,1,0
/Users/kaiohs/Downloads/codes/lab02-experimentacao-software/data/repos/oshi__oshi/oshi-core/src/main/java/oshi/software/os/unix/aix/AixNetworkParams.java,oshi.software.os.unix.aix.AixNetworkParams,class,5,7,2,5,8,2,0,7,6,0.75,0.0,0.0,4,1,3,1,0,0,3,0,0,0,1,1,0,1,0,0,1,0,2,25,6,1,1,0,0,3,5,3,1,3,2,0,0,0,22,16,0
/Users/kaiohs/Downloads/codes/lab02-experimentacao-software/data/repos/oshi__oshi/oshi-core/src/test/java/oshi/software/os/InternetProtocolStatsTest.java,InternetProtocolStatsTest,class,7,7,0,7,7,1,0,40,0,0.0,0.0,0.0,4,0,0,0,0,4,4,0,0,0,1,0,0,1,0,0,0,0,0,71,0,1,0,0,0,48,47,7,0,6,2,0,0,0,92,0,0
/Users/kaiohs/Downloads/codes/lab02-experimentacao-software/data/repos/oshi__oshi/oshi-core-java25/src/main/java/oshi/software/os/windows/WindowsOSFileStoreFFM.java,oshi.software.os.windows.WindowsOSFileStoreFFM,class,3,4,1,3,15,2,0,18,11,0.6999999,0.0,0.0,10,0,10,0,0,0,10,0,0,0,8,0,0,8,0,0,0,0,2,66,10,1,0,0,0,0,3,19,0,10,2,0,0,0,36,1,0
/Users/kaiohs/Downloads/codes/lab02-experimentacao-software/data/repos/oshi__oshi/oshi-core-java25/src/main/java/oshi/driver/windows/wmi/Win32LogicalDiskFFM.java,oshi.driver.windows.wmi.Win32LogicalDiskFFM,class,6,7,1,6,7,1,0,17,3,0.6666667,NaN,NaN,3,2,1,2,0,0,1,0,0,0,1,1,0,1,0,0,1,0,10,94,1,0,1,0,0,15,1,4,0,3,1,0,1,0,73,17,0
/Users/kaiohs/Downloads/codes/lab02-experimentacao-software/data/repos/oshi__oshi/oshi-core-java25/src/main/java/oshi/hardware/platform/linux/LinuxHWDiskStoreFFM.java,oshi.hardware.platform.linux.LinuxHWDiskStoreFFM,class,9,11,2,9,39,2,0,44,6,0.75,0.0,0.0,4,2,2,0,0,2,4,0,0,0,1,1,0,1,0,0,1,0,57,118,6,1,19,4,0,8,7,34,3,29,9,0,0,0,99,17,3
/Users/kaiohs/Downloads/codes/lab02-experimentacao-software/data/repos/oshi__oshi/oshi-common/src/main/java/oshi/util/linux/SysPath.java,oshi.util.linux.SysPath,class,4,5,1,4,3,1,0,4,1,1.0,-1.0,-1.0,2,1,0,2,0,0,0,0,0,0,8,8,8,0,0,0,8,0,2,20,1,0,0,0,0,12,0,10,9,9,1,0,0,0,62,17,0
/Users/kaiohs/Downloads/codes/lab02-experimentacao-software/data/repos/oshi__oshi/oshi-core/src/main/java/oshi/hardware/platform/unix/UnixDisplay.java,oshi.hardware.platform.unix.UnixDisplay,class,5,10,5,5,2,2,0,5,1,0.0,0.0,0.0,2,1,1,0,0,1,2,0,0,0,0,0,0,0,0,0,0,0,2,8,1,0,0,0,0,0,0,0,0,0,0,0,0,0,20,17,0
/Users/kaiohs/Downloads/codes/lab02-experimentacao-software/data/repos/oshi__oshi/oshi-core/src/main/java/oshi/jna/platform/mac/IOReport.java,oshi.jna.platform.mac.IOReport$IOReportSubscriptionRef,innerclass,2,2,0,2,2,2,0,0,1,0.0,0.0,0.0,2,0,2,0,0,0,2,0,0,0,0,0,0,0,0,0,0,0,0,8,0,0,0,0,0,0,0,0,0,0,0,0,0,0,14,0,0
/Users/kaiohs/Downloads/codes/lab02-experimentacao-software/data/repos/oshi__oshi/oshi-core/src/main/java/oshi/driver/unix/aix/Lssrad.java,oshi.driver.unix.aix.Lssrad,class,2,3,1,2,9,1,0,12,1,0.0,NaN,NaN,2,1,1,1,0,0,1,0,0,0,0,0,0,0,0,0,0,0,1,32,1,2,0,0,0,3,10,9,0,6,4,0,0,0,36,17,0
/Users/kaiohs/Downloads/codes/lab02-experimentacao-software/data/repos/oshi__oshi/oshi-core/src/main/java/oshi/hardware/platform/unix/UnixBaseboard.java,oshi.hardware.platform.unix.UnixBaseboard,class,2,2,0,2,5,2,0,0,2,0.6,0.0,0.0,5,0,5,0,0,0,5,0,0,0,4,0,0,4,0,0,4,0,0,24,4,0,0,0,0,0,0,4,0,4,0,0,0,0,18,17,0
/Users/kaiohs/Downloads/codes/lab02-experimentacao-software/data/repos/oshi__oshi/oshi-core/src/main/java/oshi/driver/windows/perfmon/PagingFile.java,oshi.driver.windows.perfmon.PagingFile,class,3,4,1,3,3,1,0,2,1,0.0,NaN,NaN,2,1,1,1,0,0,1,0,0,0,0,0,0,0,0,0,0,0,2,23,2,0,0,0,0,0,0,0,0,0,1,0,1,0,34,17,0
/Users/kaiohs/Downloads/codes/lab02-experimentacao-software/data/repos/oshi__oshi/oshi-core/src/main/java/oshi/software/os/unix/openbsd/OpenBsdOSFileStore.java,oshi.software.os.unix.openbsd.OpenBsdOSFileStore,class,3,4,1,3,14,2,0,14,11,0.6999999,0.0,0.0,10,0,10,0,0,0,10,0,0,0,8,0,0,8,0,0,0,0,1,61,10,1,0,0,0,0,0,16,0,8,2,0,0,0,31,1,0
/Users/kaiohs/Downloads/codes/lab02-experimentacao-software/data/repos/oshi__oshi/oshi-core/src/main/java/oshi/driver/windows/perfmon/LoadAverage.java,oshi.driver.windows.perfmon.LoadAverage$Anonymous1,anonymous,3,3,0,3,9,1,0,11,0,0.0,NaN,NaN,1,0,1,0,0,0,1,0,0,0,0,0,0,0,0,0,0,0,11,52,0,2,0,2,3,0,14,17,10,10,3,0,0,0,30,-1,0
/Users/kaiohs/Downloads/codes/lab02-experimentacao-software/data/repos/oshi__oshi/oshi-core/src/main/java/oshi/jna/platform/unix/CLibrary.java,oshi.jna.platform.unix.CLibrary$Addrinfo$ByReference,innerclass,2,2,0,2,0,3,0,0,0,0.0,-1.0,-1.0,0,0,0,0,0,0,0,0,0,0,0,0,0,0,0,0,0,0,0,2,0,0,0,0,0,0,0,0,0,0,0,0,0,0,3,9,0
/Users/kaiohs/Downloads/codes/lab02-experimentacao-software/data/repos/oshi__oshi/oshi-demo/src/main/java/oshi/demo/jmx/ContextRegistrationPlatform.java,oshi.demo.jmx.ContextRegistrationPlatform,class,2,4,2,2,2,1,0,1,0,0.0,0.0,0.0,2,0,2,0,0,0,2,0,0,0,1,0,0,1,0,0,0,0,0,9,0,0,0,0,0,0,0,1,0,1,0,0,0,0,15,1,0
/Users/kaiohs/Downloads/codes/lab02-experimentacao-software/data/repos/oshi__oshi/oshi-common/src/test/java/oshi/software/common/AbstractOSFileStoreTest.java,oshi.software.common.AbstractOSFileStoreTest,class,4,5,1,4,4,1,0,13,6,0.0,0.0,0.0,4,1,0,1,0,3,3,0,0,0,0,0,0,0,0,0,0,0,2,84,1,0,0,0,0,15,0,3,0,3,0,2,0,0,24,0,0
/Users/kaiohs/Downloads/codes/lab02-experimentacao-software/data/repos/oshi__oshi/oshi-core/src/test/java/oshi/util/FileSystemUtilTest.java,oshi.util.FileSystemUtilTest,class,2,2,0,2,9,1,0,5,36,0.0,0.0,0.0,9,0,0,0,0,9,9,0,0,0,0,0,0,0,0,0,0,0,65,64,0,0,0,0,0,83,0,14,0,14,0,0,0,0,60,0,0
/Users/kaiohs/Downloads/codes/lab02-experimentacao-software/data/repos/oshi__oshi/oshi-core/src/main/java/oshi/hardware/platform/windows/WindowsPowerSourceJNA.java,oshi.hardware.platform.windows.WindowsPowerSourceJNA,class,15,17,2,15,54,3,0,29,8,0.73333335,0.0,0.0,5,3,2,2,1,0,3,0,0,0,3,3,0,3,0,0,3,0,12,166,5,1,11,8,8,2,54,81,11,47,15,0,0,0,134,17,0
/Users/kaiohs/Downloads/codes/lab02-experimentacao-software/data/repos/oshi__oshi/oshi-common/src/main/java/oshi/hardware/CentralProcessor.java,oshi.hardware.CentralProcessor$LogicalProcessor,innerclass,1,1,0,1,9,1,0,0,0,0.51111114,0.0,0.0,9,0,9,0,0,0,9,0,0,0,5,0,0,5,0,0,5,0,0,38,6,0,0,0,0,6,3,5,1,5,0,0,0,0,90,0,0
/Users/kaiohs/Downloads/codes/lab02-experimentacao-software/data/repos/oshi__oshi/oshi-core/src/main/java/oshi/jna/platform/windows/PowrProf.java,oshi.jna.platform.windows.PowrProf$BATTERY_QUERY_INFORMATION,innerclass,3,3,0,3,1,2,0,2,0,1.0,NaN,NaN,1,0,1,0,0,0,1,0,0,0,3,0,3,0,0,0,0,0,1,8,0,0,0,0,0,3,0,0,0,3,0,0,0,0,26,0,0
/Users/kaiohs/Downloads/codes/lab02-experimentacao-software/data/repos/oshi__oshi/oshi-common/src/test/java/oshi/software/os/OSDesktopWindowTest.java,oshi.software.os.OSDesktopWindowTest,class,2,2,0,2,2,1,0,11,0,0.0,0.0,0.0,2,0,0,0,0,2,2,0,0,0,1,1,0,1,0,0,1,0,0,18,0,0,0,0,0,7,14,2,0,2,0,0,0,0,23,0,0
/Users/kaiohs/Downloads/codes/lab02-experimentacao-software/data/repos/oshi__oshi/oshi-core-java25/src/main/java/oshi/SystemInfoFFM.java,oshi.SystemInfoFFM,class,2,2,0,2,2,2,0,1,1,0.0,0.0,0.0,2,1,2,0,0,0,2,0,0,0,0,0,0,0,0,0,0,0,1,8,1,0,0,0,0,0,0,0,0,0,0,0,0,0,23,1,0
/Users/kaiohs/Downloads/codes/lab02-experimentacao-software/data/repos/oshi__oshi/oshi-common/src/test/java/oshi/hardware/common/AbstractGraphicsCardTest.java,oshi.hardware.common.AbstractGraphicsCardTest,class,5,5,0,5,11,2,0,23,55,0.0,0.0,0.0,11,0,0,0,0,11,11,0,0,0,0,0,0,0,0,0,0,0,0,149,0,0,0,2,0,32,64,13,1,13,1,1,1,0,54,0,0
/Users/kaiohs/Downloads/codes/lab02-experimentacao-software/data/repos/oshi__oshi/oshi-core-java25/src/main/java/oshi/hardware/platform/windows/WindowsPowerSourceFFM.java,oshi.hardware.platform.windows.WindowsPowerSourceFFM,class,12,14,2,12,51,2,0,31,10,0.8,0.0,0.0,5,3,2,2,1,0,3,0,0,0,1,1,0,1,0,0,1,0,29,185,5,2,11,4,7,2,57,80,11,56,8,0,0,0,131,17,1
/Users/kaiohs/Downloads/codes/lab02-experimentacao-software/data/repos/oshi__oshi/oshi-common/src/test/java/oshi/software/common/AbstractOperatingSystemTest.java,oshi.software.common.AbstractOperatingSystemTest$Anonymous1,anonymous,7,7,0,7,18,1,0,6,136,0.0,0.0,0.0,17,0,11,0,6,0,17,0,0,0,0,0,0,0,0,0,0,0,0,53,17,0,1,0,0,5,5,0,0,1,0,0,0,1,37,-1,0
/Users/kaiohs/Downloads/codes/lab02-experimentacao-software/data/repos/oshi__oshi/oshi-core/src/test/java/oshi/driver/unix/solaris/disk/DiskDriversTest.java,oshi.driver.unix.solaris.disk.DiskDriversTest,class,3,3,0,3,1,1,0,7,0,0.0,NaN,NaN,1,0,0,0,0,1,1,0,0,0,0,0,0,0,0,0,0,0,0,8,0,0,0,0,0,2,0,2,0,2,0,0,0,0,19,0,0
/Users/kaiohs/Downloads/codes/lab02-experimentacao-software/data/repos/oshi__oshi/oshi-core-java25/src/main/java/oshi/hardware/platform/mac/MacGpuStatsFFM.java,oshi.hardware.platform.mac.MacGpuStatsFFM,class,18,20,2,18,46,1,0,32,71,0.88571435,0.0,0.0,15,0,11,3,0,1,12,0,0,11,14,8,0,14,0,0,13,0,16,244,28,1,12,13,0,14,19,46,3,44,9,0,0,0,136,16,0
/Users/kaiohs/Downloads/codes/lab02-experimentacao-software/data/repos/oshi__oshi/oshi-core/src/test/java/oshi/driver/linux/proc/AuxvJNATest.java,oshi.driver.linux.proc.AuxvJNATest,class,2,2,0,2,1,1,0,5,0,0.0,NaN,NaN,1,0,0,0,0,1,1,0,0,0,0,0,0,0,0,0,0,0,0,8,0,0,0,0,0,3,4,1,0,1,0,0,0,0,20,0,0
/Users/kaiohs/Downloads/codes/lab02-experimentacao-software/data/repos/oshi__oshi/oshi-core-java25/src/main/java/oshi/ffm/util/FileUtilFFM.java,oshi.ffm.util.FileUtilFFM,class,2,4,2,2,8,1,0,7,6,0.0,0.0,0.0,4,3,3,1,0,0,3,0,0,0,0,0,0,0,0,0,0,0,6,16,4,0,3,0,0,0,4,0,1,0,1,0,0,0,39,17,0
/Users/kaiohs/Downloads/codes/lab02-experimentacao-software/data/repos/oshi__oshi/oshi-core/src/main/java/oshi/hardware/platform/windows/WindowsGlobalMemory.java,oshi.hardware.platform.windows.WindowsGlobalMemory,class,12,15,3,12,70,2,0,23,30,0.8333333,0.0,0.0,9,3,5,4,0,0,5,0,0,0,4,2,0,4,0,0,4,0,19,188,66,2,0,1,0,58,64,27,4,27,2,0,0,0,75,16,1
/Users/kaiohs/Downloads/codes/lab02-experimentacao-software/data/repos/oshi__oshi/oshi-common/src/main/java/oshi/software/common/AbstractOperatingSystem.java,oshi.software.common.AbstractOperatingSystem,class,13,15,2,13,44,1,0,54,208,0.95238096,0.0,0.0,21,3,11,2,8,0,19,6,0,0,4,1,0,3,1,0,4,0,16,83,16,2,12,0,0,2,8,15,0,20,3,0,0,5,125,1025,0
/Users/kaiohs/Downloads/codes/lab02-experimentacao-software/data/repos/oshi__oshi/oshi-core/src/main/java/oshi/hardware/platform/mac/MacHWDiskStore.java,oshi.hardware.platform.mac.MacHWDiskStore$CFKey,enum,0,0,0,0,2,1,0,0,0,0.0,0.0,0.0,2,0,1,0,0,1,2,0,0,0,1,0,0,1,0,0,1,0,0,8,1,0,0,0,0,16,0,1,0,1,0,0,0,0,29,2,0
/Users/kaiohs/Downloads/codes/lab02-experimentacao-software/data/repos/oshi__oshi/oshi-core/src/main/java/oshi/driver/unix/aix/perfstat/PerfstatConfig.java,oshi.driver.unix.aix.perfstat.PerfstatConfig,class,3,4,1,3,3,1,0,2,1,0.5,NaN,NaN,2,1,1,1,0,0,1,0,0,0,1,1,0,1,0,0,1,0,0,13,2,0,0,0,0,0,2,3,0,3,1,0,0,0,17,17,0
/Users/kaiohs/Downloads/codes/lab02-experimentacao-software/data/repos/oshi__oshi/oshi-core/src/test/java/oshi/driver/mac/WhoTest.java,oshi.driver.mac.WhoTest,class,3,3,0,3,2,1,0,11,0,0.0,NaN,NaN,1,0,0,0,0,1,1,0,0,0,0,0,0,0,0,0,0,0,1,10,0,1,0,0,0,4,1,0,0,0,1,0,0,0,28,0,0
/Users/kaiohs/Downloads/codes/lab02-experimentacao-software/data/repos/oshi__oshi/oshi-core/src/main/java/oshi/hardware/platform/windows/WindowsHWDiskStore.java,oshi.hardware.platform.windows.WindowsHWDiskStore$PartitionMaps,innerclass,2,2,0,2,0,1,0,0,0,NaN,-1.0,-1.0,0,0,0,0,0,0,0,0,0,0,3,0,0,3,0,0,3,0,0,5,0,0,0,0,0,0,0,3,0,3,0,0,0,0,10,26,0
/Users/kaiohs/Downloads/codes/lab02-experimentacao-software/data/repos/oshi__oshi/oshi-core-java25/src/main/java/oshi/ffm/SystemInfo.java,oshi.ffm.SystemInfo,class,10,16,6,10,11,1,1,6,8,0.73333335,0.0,0.0,5,2,3,2,0,0,3,0,0,0,3,1,0,3,0,0,3,0,5,37,8,0,0,0,0,1,0,3,1,3,1,0,0,0,61,1,0
/Users/kaiohs/Downloads/codes/lab02-experimentacao-software/data/repos/oshi__oshi/oshi-core/src/test/java/oshi/util/UserGroupInfoTest.java,oshi.util.UserGroupInfoTest,class,4,4,0,4,6,1,0,12,1,0.0,0.0,0.0,2,0,0,0,0,2,2,0,0,0,0,0,0,0,0,0,0,0,4,28,0,0,0,0,0,6,6,8,0,14,2,0,0,6,21,0,0
/Users/kaiohs/Downloads/codes/lab02-experimentacao-software/data/repos/oshi__oshi/oshi-common/src/test/java/oshi/software/os/ApplicationInfoTest.java,oshi.software.os.ApplicationInfoTest,class,2,2,0,2,4,1,0,14,6,0.0,0.0,0.0,4,0,0,0,0,4,4,0,0,0,0,0,0,0,0,0,0,0,0,31,0,0,0,0,0,27,7,7,0,7,0,0,0,0,31,0,0
/Users/kaiohs/Downloads/codes/lab02-experimentacao-software/data/repos/oshi__oshi/oshi-core/src/test/java/oshi/util/PrivilegedUtilTest.java,oshi.util.PrivilegedUtilTest,class,7,7,0,7,25,1,0,19,210,0.0,0.0,0.0,21,0,0,0,0,21,21,0,0,0,0,0,0,0,0,0,0,0,42,121,0,0,4,0,0,48,4,22,0,20,0,0,0,0,78,0,0
/Users/kaiohs/Downloads/codes/lab02-experimentacao-software/data/repos/oshi__oshi/oshi-core-java25/src/main/java/oshi/ffm/windows/com/FfmComException.java,oshi.ffm.windows.com.FfmComException,class,0,1,1,0,2,4,0,1,0,0.5,0.0,0.0,2,0,2,0,0,0,2,0,0,0,2,1,0,2,0,0,2,0,1,11,1,0,0,0,0,2,1,2,1,2,0,0,0,0,28,1,0
/Users/kaiohs/Downloads/codes/lab02-experimentacao-software/data/repos/oshi__oshi/oshi-core/src/main/java/oshi/jna/common/Nvml.java,oshi.jna.common.Nvml,interface,2,2,0,2,0,4,0,0,0,NaN,-1.0,-1.0,0,0,0,0,0,0,0,0,0,0,5,0,0,0,0,5,0,0,0,39,0,0,0,0,0,0,5,5,0,5,0,0,4,0,43,1,0
/Users/kaiohs/Downloads/codes/lab02-experimentacao-software/data/repos/oshi__oshi/oshi-core-java25/src/test/java/oshi/ffm/GlobalMemoryFFMTest.java,oshi.ffm.GlobalMemoryFFMTest,class,8,8,0,8,4,1,0,22,0,0.0,0.0,0.0,3,0,0,0,0,3,3,0,0,0,1,0,0,1,0,0,0,0,0,24,0,1,0,0,0,12,5,2,0,2,1,0,0,0,48,1,0
/Users/kaiohs/Downloads/codes/lab02-experimentacao-software/data/repos/oshi__oshi/oshi-core/src/main/java/oshi/jna/ByRef.java,oshi.jna.ByRef$CloseableULONGptrByReference,innerclass,2,2,0,2,1,2,0,2,0,0.0,NaN,NaN,1,0,1,0,0,0,1,0,0,0,0,0,0,0,0,0,0,0,1,5,0,0,0,0,0,0,0,0,0,0,0,0,0,0,17,0,0
/Users/kaiohs/Downloads/codes/lab02-experimentacao-software/data/repos/oshi__oshi/oshi-core/src/main/java/oshi/driver/windows/perfmon/MemoryInformation.java,oshi.driver.windows.perfmon.MemoryInformation$PageSwapProperty,enum,0,0,0,0,3,1,0,0,0,0.33333334,0.0,0.0,3,0,2,0,0,1,3,0,0,0,2,0,0,2,0,0,2,0,0,13,2,0,0,0,0,2,0,2,0,2,0,0,0,0,28,1,0
/Users/kaiohs/Downloads/codes/lab02-experimentacao-software/data/repos/oshi__oshi/oshi-core/src/main/java/oshi/jna/platform/unix/AixLibc.java,oshi.jna.platform.unix.AixLibc,interface,2,6,4,2,1,1,0,1,0,1.0,NaN,NaN,1,0,0,0,0,1,1,0,0,0,4,0,0,0,0,4,0,0,0,107,0,0,0,0,0,1,3,4,0,4,0,0,3,0,37,1,0
/Users/kaiohs/Downloads/codes/lab02-experimentacao-software/data/repos/oshi__oshi/oshi-core-java25/src/main/java/oshi/software/os/mac/MacFileSystemFFM.java,oshi.software.os.mac.MacFileSystemFFM,class,23,26,3,23,38,2,0,56,10,0.8,0.0,0.0,5,1,4,0,0,1,5,0,0,0,1,1,0,1,0,0,1,0,15,127,9,1,11,4,5,24,11,40,2,32,9,0,0,1,116,1,2
/Users/kaiohs/Downloads/codes/lab02-experimentacao-software/data/repos/oshi__oshi/oshi-core/src/main/java/oshi/driver/windows/perfmon/MemoryInformation.java,oshi.driver.windows.perfmon.MemoryInformation,class,3,4,1,3,3,1,0,2,1,0.0,NaN,NaN,2,1,1,1,0,0,1,0,0,0,0,0,0,0,0,0,0,0,2,23,2,0,0,0,0,0,0,0,0,0,1,0,1,0,39,17,0
/Users/kaiohs/Downloads/codes/lab02-experimentacao-software/data/repos/oshi__oshi/oshi-core/src/main/java/oshi/util/platform/windows/WmiQueryHandler.java,oshi.util.platform.windows.WmiQueryHandler,class,12,39,27,12,44,1,0,30,83,0.88148147,0.0,0.0,15,2,12,0,3,0,16,0,0,5,9,5,0,9,0,0,4,0,2,146,15,0,8,2,0,9,7,26,0,17,3,0,0,0,215,1,7
/Users/kaiohs/Downloads/codes/lab02-experimentacao-software/data/repos/oshi__oshi/oshi-demo/src/main/java/oshi/demo/jmx/mbeans/Baseboard.java,oshi.demo.jmx.mbeans.Baseboard,class,3,5,2,3,15,1,0,17,26,0.7777778,0.0,0.0,9,0,8,1,0,0,8,0,0,0,4,0,0,4,0,0,1,0,1,52,10,1,0,0,0,6,5,9,2,7,1,0,0,0,35,1,0
/Users/kaiohs/Downloads/codes/lab02-experimentacao-software/data/repos/oshi__oshi/oshi-core/src/test/java/oshi/TestConstants.java,TestConstants,class,1,1,0,1,1,1,0,0,0,0.0,-1.0,-1.0,1,0,0,1,0,0,0,0,0,0,1,1,1,0,0,0,1,0,0,5,0,0,0,0,0,1,0,1,0,1,0,0,0,0,13,17,0
/Users/kaiohs/Downloads/codes/lab02-experimentacao-software/data/repos/oshi__oshi/oshi-common/src/main/java/oshi/util/Memoizer.java,oshi.util.Memoizer,class,5,35,30,5,6,1,0,5,15,0.8333333,0.0,0.0,6,5,4,2,0,0,4,0,0,0,1,1,0,1,0,0,1,0,3,41,5,0,0,0,0,0,4,1,0,1,0,1,0,0,87,17,0
/Users/kaiohs/Downloads/codes/lab02-experimentacao-software/data/repos/oshi__oshi/oshi-common/src/main/java/oshi/software/common/AbstractInternetProtocolStats.java,oshi.software.common.AbstractInternetProtocolStats,class,5,8,3,5,3,1,2,1,3,0.0,0.0,0.0,3,0,3,0,0,0,3,0,0,0,0,0,0,0,0,0,0,0,1,11,3,0,0,0,0,0,14,0,0,0,0,0,0,0,17,1025,0
/Users/kaiohs/Downloads/codes/lab02-experimentacao-software/data/repos/oshi__oshi/oshi-core/src/main/java/oshi/hardware/platform/unix/openbsd/OpenBsdHWDiskStore.java,oshi.hardware.platform.unix.openbsd.OpenBsdHWDiskStore,class,8,10,2,8,23,2,0,25,52,0.8518519,0.0,0.0,12,2,10,2,0,0,10,0,0,0,9,0,0,9,0,0,1,0,6,101,11,3,2,0,1,8,31,39,8,25,5,0,0,0,79,17,0
/Users/kaiohs/Downloads/codes/lab02-experimentacao-software/data/repos/oshi__oshi/oshi-core/src/main/java/oshi/driver/mac/WindowInfo.java,oshi.driver.mac.WindowInfo,class,11,12,1,11,7,1,0,14,1,0.0,NaN,NaN,2,1,1,1,0,0,1,0,0,0,0,0,0,0,0,0,0,0,2,59,1,1,1,2,0,9,1,30,1,21,5,0,0,0,60,17,0
/Users/kaiohs/Downloads/codes/lab02-experimentacao-software/data/repos/oshi__oshi/oshi-core/src/main/java/oshi/hardware/platform/linux/LinuxGpuStats.java,oshi.hardware.platform.linux.LinuxGpuStats,class,5,7,2,5,73,1,0,29,58,0.78125,0.0,0.0,16,2,11,4,0,1,12,0,0,11,8,0,0,8,0,0,6,0,14,224,40,1,11,0,0,33,55,42,28,40,4,0,0,1,124,16,0
/Users/kaiohs/Downloads/codes/lab02-experimentacao-software/data/repos/oshi__oshi/oshi-common/src/main/java/oshi/software/os/OSFileStore.java,oshi.software.os.OSFileStore,interface,1,14,13,1,16,1,0,0,120,0.0,0.0,0.0,16,0,0,0,0,16,16,0,0,0,0,0,0,0,0,0,0,0,0,18,0,0,0,0,0,0,0,0,0,0,0,0,0,0,190,1,0
/Users/kaiohs/Downloads/codes/lab02-experimentacao-software/data/repos/oshi__oshi/oshi-core/src/main/java/oshi/driver/unix/aix/Lspv.java,oshi.driver.unix.aix.Lspv,class,3,4,1,3,15,1,0,29,3,0.6666667,NaN,NaN,3,2,1,2,0,0,1,0,0,0,1,1,0,1,0,0,1,0,0,52,4,3,3,0,0,9,14,20,9,19,3,0,0,1,70,17,0
/Users/kaiohs/Downloads/codes/lab02-experimentacao-software/data/repos/oshi__oshi/oshi-core/src/main/java/oshi/hardware/platform/unix/solaris/SolarisComputerSystem.java,oshi.hardware.platform.unix.solaris.SolarisComputerSystem$SmbType,enum,0,0,0,0,0,1,0,0,0,0.0,-1.0,-1.0,0,0,0,0,0,0,0,0,0,0,0,0,0,0,0,0,0,0,0,4,0,0,0,0,0,0,0,0,0,0,0,0,0,0,18,1,0
/Users/kaiohs/Downloads/codes/lab02-experimentacao-software/data/repos/oshi__oshi/oshi-core/src/main/java/oshi/jna/platform/unix/CLibrary.java,oshi.jna.platform.unix.CLibrary$Sockaddr,innerclass,5,5,0,5,0,4,0,0,0,NaN,-1.0,-1.0,0,0,0,0,0,0,0,0,0,0,2,0,2,0,0,0,0,0,0,6,0,0,0,0,0,2,1,1,0,2,0,0,1,0,5,0,0
/Users/kaiohs/Downloads/codes/lab02-experimentacao-software/data/repos/oshi__oshi/oshi-core/src/test/java/oshi/hardware/SensorsTest.java,oshi.hardware.SensorsTest,class,5,5,0,5,3,1,0,14,0,0.5,0.0,0.0,2,0,0,0,0,2,2,0,0,0,2,0,0,2,0,0,0,0,0,14,0,1,0,0,0,5,4,3,0,3,1,0,0,0,50,0,0
/Users/kaiohs/Downloads/codes/lab02-experimentacao-software/data/repos/oshi__oshi/oshi-core-java25/src/main/java/oshi/hardware/platform/mac/MacHWDiskStoreFFM.java,oshi.hardware.platform.mac.MacHWDiskStoreFFM,class,22,24,2,22,65,2,0,54,58,0.84615386,0.0,0.0,13,2,10,3,0,0,10,0,0,0,9,1,0,9,0,0,1,0,30,344,19,7,18,16,1,26,17,95,2,71,12,0,1,0,168,17,6
/Users/kaiohs/Downloads/codes/lab02-experimentacao-software/data/repos/oshi__oshi/oshi-core-java25/src/main/java/oshi/ffm/mac/CoreFoundation.java,oshi.ffm.mac.CoreFoundation$CFDataRef,innerclass,6,6,0,6,12,2,0,10,6,0.0,0.0,0.0,4,0,4,0,0,0,4,0,0,0,0,0,0,0,0,0,0,0,3,43,9,0,0,3,0,1,4,3,1,3,1,0,0,0,51,0,0
/Users/kaiohs/Downloads/codes/lab02-experimentacao-software/data/repos/oshi__oshi/oshi-core/src/main/java/oshi/driver/windows/wmi/MSAcpiThermalZoneTemperature.java,oshi.driver.windows.wmi.MSAcpiThermalZoneTemperature,class,5,6,1,5,2,1,0,3,1,0.5,NaN,NaN,2,1,1,1,0,0,1,0,0,0,2,2,1,1,0,0,2,0,2,11,1,0,0,0,0,2,0,3,0,3,0,0,1,0,41,17,0
/Users/kaiohs/Downloads/codes/lab02-experimentacao-software/data/repos/oshi__oshi/oshi-core/src/main/java/oshi/software/os/windows/WindowsInstalledApps.java,oshi.software.os.windows.WindowsInstalledApps,class,2,2,0,2,2,1,0,1,1,0.0,NaN,NaN,2,1,1,1,0,0,1,0,0,0,0,0,0,0,0,0,0,0,1,7,1,0,0,0,0,0,0,0,0,0,0,0,0,0,4,17,0
/Users/kaiohs/Downloads/codes/lab02-experimentacao-software/data/repos/oshi__oshi/oshi-common/src/main/java/oshi/hardware/CentralProcessor.java,oshi.hardware.CentralProcessor,interface,9,25,16,9,23,1,0,6,210,0.0,0.0,0.0,21,0,0,0,0,21,21,0,0,0,0,0,0,0,0,0,0,0,6,296,2,0,0,0,2,0,4,6,6,6,1,0,5,0,400,1,0
/Users/kaiohs/Downloads/codes/lab02-experimentacao-software/data/repos/oshi__oshi/oshi-core/src/main/java/oshi/jna/platform/windows/WindowsDxgi.java,oshi.jna.platform.windows.WindowsDxgi,class,16,18,2,16,28,4,0,31,8,0.7,0.0,0.0,5,4,4,1,0,0,5,0,0,0,4,4,0,4,0,0,4,0,14,151,12,4,7,3,0,15,11,26,2,24,4,0,4,0,219,17,6
/Users/kaiohs/Downloads/codes/lab02-experimentacao-software/data/repos/oshi__oshi/oshi-core/src/main/java/oshi/driver/windows/wmi/Win32Fan.java,oshi.driver.windows.wmi.Win32Fan$SpeedProperty,enum,0,0,0,0,0,1,0,0,0,0.0,-1.0,-1.0,0,0,0,0,0,0,0,0,0,0,0,0,0,0,0,0,0,0,0,1,0,0,0,0,0,0,0,0,0,0,0,0,0,0,11,1,0
/Users/kaiohs/Downloads/codes/lab02-experimentacao-software/data/repos/oshi__oshi/oshi-core/src/main/java/oshi/driver/mac/Who.java,oshi.driver.mac.Who,class,5,6,1,5,6,1,0,8,1,0.5,NaN,NaN,2,1,1,1,0,0,1,0,0,1,1,1,0,1,0,0,1,0,0,28,2,1,3,1,1,0,2,7,3,7,4,0,0,0,44,17,0
/Users/kaiohs/Downloads/codes/lab02-experimentacao-software/data/repos/oshi__oshi/oshi-common/src/main/java/oshi/software/os/OperatingSystem.java,oshi.software.os.OperatingSystem$ProcessFiltering,innerclass,1,1,0,1,4,1,0,5,0,0.0,-1.0,-1.0,1,0,0,1,0,0,0,0,0,0,5,5,5,0,0,0,5,0,0,9,0,0,3,0,0,0,2,5,0,10,0,0,0,5,44,16,0
/Users/kaiohs/Downloads/codes/lab02-experimentacao-software/data/repos/oshi__oshi/oshi-core/src/main/java/oshi/jna/Struct.java,oshi.jna.Struct$CloseableXswUsage,innerclass,2,2,0,2,1,2,0,2,0,0.0,NaN,NaN,1,0,1,0,0,0,1,0,0,0,0,0,0,0,0,0,0,0,1,5,0,0,0,0,0,0,0,0,0,0,0,0,0,0,7,0,0
/Users/kaiohs/Downloads/codes/lab02-experimentacao-software/data/repos/oshi__oshi/oshi-common/src/main/java/oshi/util/driver/linux/proc/Auxv.java,oshi.util.driver.linux.proc.Auxv,class,0,0,0,0,1,1,0,0,0,0.0,-1.0,-1.0,1,0,0,1,0,0,0,0,0,0,4,4,4,0,0,0,4,0,0,8,0,0,0,0,0,0,4,4,0,4,0,0,0,0,45,17,0
/Users/kaiohs/Downloads/codes/lab02-experimentacao-software/data/repos/oshi__oshi/oshi-common/src/main/java/oshi/software/common/AbstractOSThread.java,oshi.software.common.AbstractOSThread,class,4,6,2,4,11,1,0,18,9,0.6666666,0.0,0.0,6,0,4,1,1,0,5,0,0,0,2,0,0,2,0,0,2,0,3,25,6,0,3,0,3,14,2,2,8,2,1,0,0,0,50,1025,0
/Users/kaiohs/Downloads/codes/lab02-experimentacao-software/data/repos/oshi__oshi/oshi-core/src/main/java/oshi/hardware/platform/linux/LinuxFirmware.java,oshi.hardware.platform.linux.LinuxFirmware$VcGenCmdStrings,innerclass,0,0,0,0,1,1,0,0,0,0.0,-1.0,-1.0,1,0,0,1,0,0,0,0,0,0,5,0,0,5,0,0,5,0,0,14,0,0,0,0,0,0,0,5,0,5,0,0,0,0,10,26,0
/Users/kaiohs/Downloads/codes/lab02-experimentacao-software/data/repos/oshi__oshi/oshi-core/src/main/java/oshi/software/os/unix/openbsd/OpenBsdOSProcess.java,oshi.software.os.unix.openbsd.OpenBsdOSProcess,class,16,18,2,16,67,2,0,64,649,0.9526317,0.0,0.0,38,0,33,5,0,0,34,0,0,0,30,3,0,29,0,1,4,0,12,302,41,3,5,3,0,12,64,93,18,73,4,0,1,4,154,1,1
/Users/kaiohs/Downloads/codes/lab02-experimentacao-software/data/repos/oshi__oshi/oshi-core/src/main/java/oshi/driver/windows/wmi/Win32Processor.java,oshi.driver.windows.wmi.Win32Processor$ProcessorIdProperty,enum,0,0,0,0,0,1,0,0,0,0.0,-1.0,-1.0,0,0,0,0,0,0,0,0,0,0,0,0,0,0,0,0,0,0,0,1,0,0,0,0,0,0,0,0,0,0,0,0,0,0,13,1,0
/Users/kaiohs/Downloads/codes/lab02-experimentacao-software/data/repos/oshi__oshi/oshi-common/src/main/java/oshi/hardware/Printer.java,oshi.hardware.Printer$PrinterStatus,enum,0,0,0,0,0,1,0,0,0,0.0,-1.0,-1.0,0,0,0,0,0,0,0,0,0,0,0,0,0,0,0,0,0,0,0,1,0,0,0,0,0,0,0,0,0,0,0,0,0,0,9,0,0
/Users/kaiohs/Downloads/codes/lab02-experimentacao-software/data/repos/oshi__oshi/oshi-core/src/main/java/oshi/hardware/platform/linux/LinuxHWDiskStore.java,oshi.hardware.platform.linux.LinuxHWDiskStore,class,8,11,3,8,27,2,2,26,133,0.9588478,0.0,0.0,18,6,8,0,10,0,20,0,0,0,27,19,0,8,19,0,19,0,8,128,14,3,1,0,0,19,13,46,5,36,2,0,1,0,99,1025,0
/Users/kaiohs/Downloads/codes/lab02-experimentacao-software/data/repos/oshi__oshi/oshi-core/src/main/java/oshi/driver/windows/wmi/Win32VideoController.java,oshi.driver.windows.wmi.Win32VideoController$VideoControllerProperty,enum,0,0,0,0,0,1,0,0,0,0.0,-1.0,-1.0,0,0,0,0,0,0,0,0,0,0,0,0,0,0,0,0,0,0,0,1,0,0,0,0,0,0,0,0,0,0,0,0,0,0,12,1,0
/Users/kaiohs/Downloads/codes/lab02-experimentacao-software/data/repos/oshi__oshi/oshi-core/src/main/java/oshi/jna/platform/windows/Adl.java,oshi.jna.platform.windows.Adl$AdlLibrary,interface,8,8,0,8,9,1,0,0,36,0.0,0.0,0.0,9,0,0,0,0,9,9,0,0,0,0,0,0,0,0,0,0,0,0,11,0,0,0,0,0,0,0,0,0,0,0,0,0,0,44,0,0
/Users/kaiohs/Downloads/codes/lab02-experimentacao-software/data/repos/oshi__oshi/oshi-core/src/test/java/oshi/driver/unix/aix/LssradTest.java,oshi.driver.unix.aix.LssradTest,class,3,3,0,3,1,1,0,4,0,0.0,NaN,NaN,1,0,0,0,0,1,1,0,0,0,0,0,0,0,0,0,0,0,0,6,0,0,0,0,0,1,0,1,0,1,0,0,0,0,11,0,0
/Users/kaiohs/Downloads/codes/lab02-experimentacao-software/data/repos/oshi__oshi/oshi-core/src/main/java/oshi/driver/windows/perfmon/ProcessorInformation.java,oshi.driver.windows.perfmon.ProcessorInformation$SystemTickCountProperty,enum,0,0,0,0,3,1,0,0,0,0.33333334,0.0,0.0,3,0,2,0,0,1,3,0,0,0,2,0,0,2,0,0,2,0,0,13,2,0,0,0,0,2,0,2,0,2,0,0,0,0,24,1,0
/Users/kaiohs/Downloads/codes/lab02-experimentacao-software/data/repos/oshi__oshi/oshi-core/src/main/java/oshi/jna/platform/windows/PowrProf.java,oshi.jna.platform.windows.PowrProf$BATTERY_WAIT_STATUS,innerclass,3,3,0,3,1,2,0,2,0,1.0,NaN,NaN,1,0,1,0,0,0,1,0,0,0,5,0,5,0,0,0,0,0,1,10,0,0,0,0,0,5,0,0,0,5,0,0,0,0,25,0,0
/Users/kaiohs/Downloads/codes/lab02-experimentacao-software/data/repos/oshi__oshi/oshi-core/src/main/java/oshi/hardware/platform/unix/solaris/SolarisHardwareAbstractionLayer.java,oshi.hardware.platform.unix.solaris.SolarisHardwareAbstractionLayer,class,26,27,1,26,12,2,0,8,66,0.0,0.0,0.0,12,0,12,0,0,0,12,0,0,0,0,0,0,0,0,0,0,0,8,38,12,0,0,0,0,0,0,0,0,0,0,0,0,0,32,17,0
/Users/kaiohs/Downloads/codes/lab02-experimentacao-software/data/repos/oshi__oshi/oshi-core-java25/src/test/java/oshi/ffm/SystemInfoTest.java,oshi.ffm.SystemInfoTest,class,10,11,1,10,8,1,0,52,10,0.8,0.0,0.0,5,1,3,0,0,2,5,0,0,0,1,1,0,1,0,0,1,0,25,76,0,1,1,0,0,31,0,6,0,6,2,0,0,0,74,1,25
/Users/kaiohs/Downloads/codes/lab02-experimentacao-software/data/repos/oshi__oshi/oshi-core/src/main/java/oshi/jna/platform/mac/SystemConfiguration.java,oshi.jna.platform.mac.SystemConfiguration$SCNetworkInterfaceRef,innerclass,2,2,0,2,2,2,0,0,1,0.0,0.0,0.0,2,0,2,0,0,0,2,0,0,0,0,0,0,0,0,0,0,0,0,8,0,0,0,0,0,0,0,0,0,0,0,0,0,0,9,0,0
/Users/kaiohs/Downloads/codes/lab02-experimentacao-software/data/repos/oshi__oshi/oshi-core-java25/src/main/java/oshi/hardware/platform/linux/LinuxPowerSourceFFM.java,oshi.hardware.platform.linux.LinuxPowerSourceFFM,class,9,11,2,9,15,2,0,30,3,0.6666667,0.0,0.0,3,1,1,0,1,1,3,0,0,0,1,1,0,1,0,0,1,0,16,68,5,2,2,4,0,5,3,12,1,11,8,0,0,0,57,17,1
/Users/kaiohs/Downloads/codes/lab02-experimentacao-software/data/repos/oshi__oshi/oshi-core/src/main/java/oshi/driver/windows/perfmon/ProcessorInformation.java,oshi.driver.windows.perfmon.ProcessorInformation$ProcessorTickCountProperty,enum,0,0,0,0,2,1,0,0,0,0.0,0.0,0.0,2,0,1,0,0,1,2,0,0,0,1,0,0,1,0,0,1,0,0,8,1,0,0,0,0,5,0,1,0,1,0,0,0,0,31,1,0
/Users/kaiohs/Downloads/codes/lab02-experimentacao-software/data/repos/oshi__oshi/oshi-core/src/main/java/oshi/hardware/platform/linux/LinuxHardwareAbstractionLayer.java,oshi.hardware.platform.linux.LinuxHardwareAbstractionLayer,class,18,20,2,18,8,2,2,4,28,0.0,0.0,0.0,8,0,8,0,0,0,8,0,0,0,0,0,0,0,0,0,0,0,4,26,8,0,0,0,0,0,0,0,0,0,0,0,0,0,22,1025,0
/Users/kaiohs/Downloads/codes/lab02-experimentacao-software/data/repos/oshi__oshi/oshi-core/src/main/java/oshi/driver/windows/perfmon/ThreadInformation.java,oshi.driver.windows.perfmon.ThreadInformation$ThreadPerformanceProperty,enum,0,0,0,0,2,1,0,0,0,0.0,0.0,0.0,2,0,1,0,0,1,2,0,0,0,1,0,0,1,0,0,1,0,0,8,1,0,0,0,0,10,0,1,0,1,0,0,0,0,35,1,0
/Users/kaiohs/Downloads/codes/lab02-experimentacao-software/data/repos/oshi__oshi/oshi-core/src/main/java/oshi/hardware/platform/windows/WindowsUsbDevice.java,oshi.hardware.platform.windows.WindowsUsbDevice,class,8,10,2,8,16,2,0,25,6,0.75,0.0,0.0,4,3,2,2,0,0,2,0,0,0,1,1,0,1,0,0,1,0,6,65,5,3,3,0,0,5,0,25,1,21,2,0,0,1,103,1,0
/Users/kaiohs/Downloads/codes/lab02-experimentacao-software/data/repos/oshi__oshi/oshi-common/src/test/java/oshi/hardware/common/AbstractGraphicsCardTest.java,oshi.hardware.common.AbstractGraphicsCardTest$StubGraphicsCard,innerclass,3,3,0,3,2,2,0,0,1,0.5,0.0,0.0,2,0,1,0,0,1,2,0,0,0,5,0,0,5,0,0,5,0,0,68,1,0,0,0,0,4,4,5,1,5,0,1,0,0,20,26,0
/Users/kaiohs/Downloads/codes/lab02-experimentacao-software/data/repos/oshi__oshi/oshi-common/src/main/java/oshi/software/os/OSProcess.java,oshi.software.os.OSProcess,interface,4,23,19,4,37,1,0,1,666,0.0,0.0,0.0,37,0,0,0,0,37,37,0,0,0,0,0,0,0,0,0,0,0,0,59,5,0,0,0,0,0,3,0,0,0,0,0,1,0,513,1,0
/Users/kaiohs/Downloads/codes/lab02-experimentacao-software/data/repos/oshi__oshi/oshi-core/src/main/java/oshi/driver/unix/aix/perfstat/PerfstatDisk.java,oshi.driver.unix.aix.perfstat.PerfstatDisk,class,4,4,0,4,4,1,0,3,1,0.5,NaN,NaN,2,1,1,1,0,0,1,0,0,0,1,1,0,1,0,0,1,0,0,18,2,0,0,0,0,0,4,6,0,6,2,0,0,0,27,17,0
/Users/kaiohs/Downloads/codes/lab02-experimentacao-software/data/repos/oshi__oshi/oshi-common/src/main/java/oshi/util/driver/linux/proc/DiskStats.java,oshi.util.driver.linux.proc.DiskStats,class,4,5,1,4,7,1,0,7,1,0.0,NaN,NaN,2,1,1,1,0,0,1,0,0,0,0,0,0,0,0,0,0,0,2,47,1,2,2,0,0,0,2,8,0,7,3,0,1,0,99,17,0
/Users/kaiohs/Downloads/codes/lab02-experimentacao-software/data/repos/oshi__oshi/oshi-core/src/main/java/oshi/jna/Struct.java,oshi.jna.Struct$CloseableSpDevinfoData,innerclass,2,2,0,2,1,2,0,2,0,0.0,NaN,NaN,1,0,1,0,0,0,1,0,0,0,0,0,0,0,0,0,0,0,1,5,0,0,0,0,0,0,0,0,0,0,0,0,0,0,20,0,0
/Users/kaiohs/Downloads/codes/lab02-experimentacao-software/data/repos/oshi__oshi/oshi-core/src/main/java/oshi/driver/windows/wmi/Win32OperatingSystem.java,oshi.driver.windows.wmi.Win32OperatingSystem$OSVersionProperty,enum,0,0,0,0,0,1,0,0,0,0.0,-1.0,-1.0,0,0,0,0,0,0,0,0,0,0,0,0,0,0,0,0,0,0,0,1,0,0,0,0,0,0,0,0,0,0,0,0,0,0,15,1,0
/Users/kaiohs/Downloads/codes/lab02-experimentacao-software/data/repos/oshi__oshi/oshi-common/src/main/java/oshi/hardware/NetworkIF.java,oshi.hardware.NetworkIF,interface,2,19,17,2,27,1,0,0,351,0.0,0.0,0.0,27,0,0,0,0,27,27,0,0,0,0,0,0,0,0,0,0,0,0,57,5,0,0,0,0,1,2,0,0,0,0,0,1,0,287,1,0
/Users/kaiohs/Downloads/codes/lab02-experimentacao-software/data/repos/oshi__oshi/oshi-core/src/main/java/oshi/jna/platform/windows/NtDll.java,oshi.jna.platform.windows.NtDll$RTL_USER_PROCESS_PARAMETERS,innerclass,8,8,0,8,0,2,0,0,0,NaN,-1.0,-1.0,0,0,0,0,0,0,0,0,0,0,37,0,37,0,0,0,0,0,0,39,0,0,0,0,0,37,1,1,0,37,0,0,0,0,72,0,0
/Users/kaiohs/Downloads/codes/lab02-experimentacao-software/data/repos/oshi__oshi/oshi-common/src/test/java/oshi/hardware/common/AbstractGraphicsCardTest.java,oshi.hardware.common.AbstractGraphicsCardTest$StubGraphicsCard$Anonymous1,anonymous,2,2,0,2,13,1,0,2,60,0.75,0.0,0.0,12,0,11,1,0,0,11,0,0,0,1,0,0,1,0,0,0,0,1,50,10,0,0,0,0,1,5,1,1,1,1,0,0,0,36,-1,0
/Users/kaiohs/Downloads/codes/lab02-experimentacao-software/data/repos/oshi__oshi/oshi-common/src/test/java/oshi/hardware/NetworkIFTest.java,oshi.hardware.NetworkIFTest,class,3,3,0,3,7,1,0,9,1,0.5714286,0.0,0.0,7,0,0,0,0,7,7,0,0,0,2,2,0,2,0,0,2,0,3,183,0,0,0,0,0,2,8,2,0,2,0,2,0,0,36,0,0
/Users/kaiohs/Downloads/codes/lab02-experimentacao-software/data/repos/oshi__oshi/oshi-core/src/main/java/oshi/software/os/mac/MacNetworkParams.java,oshi.software.os.mac.MacNetworkParams,class,9,11,2,9,16,2,0,21,4,0.6875,0.0,0.0,4,0,4,0,0,0,4,0,0,0,4,4,0,4,0,0,4,0,1,61,9,1,3,3,0,14,7,17,1,14,3,0,0,0,68,16,3
/Users/kaiohs/Downloads/codes/lab02-experimentacao-software/data/repos/oshi__oshi/oshi-common/src/test/java/oshi/software/os/OSProcessTest.java,oshi.software.os.OSProcessTest,class,5,6,1,5,8,1,0,9,0,0.5,0.0,0.0,8,1,0,1,0,7,7,0,0,0,2,2,0,2,0,0,2,0,3,240,1,0,0,0,0,3,10,2,0,2,0,2,0,0,44,0,0
/Users/kaiohs/Downloads/codes/lab02-experimentacao-software/data/repos/oshi__oshi/oshi-common/src/main/java/oshi/hardware/common/AbstractUsbDevice.java,oshi.hardware.common.AbstractUsbDevice,class,3,8,5,3,17,1,1,15,52,0.8333334,0.0,0.0,12,2,9,1,2,0,11,0,0,0,7,0,0,7,0,0,7,0,7,66,10,2,0,0,0,5,4,9,2,9,1,0,0,0,57,1025,0
/Users/kaiohs/Downloads/codes/lab02-experimentacao-software/data/repos/oshi__oshi/oshi-demo/src/main/java/oshi/demo/UserComInit.java,oshi.demo.UserComInit,class,4,5,1,4,7,1,0,11,6,0.75,NaN,NaN,4,4,1,3,0,0,1,0,0,0,1,1,0,1,0,0,1,0,7,37,0,1,0,1,1,5,3,7,4,5,2,0,0,0,59,1,0
/Users/kaiohs/Downloads/codes/lab02-experimentacao-software/data/repos/oshi__oshi/oshi-core/src/main/java/oshi/jna/platform/unix/SolarisLibc.java,oshi.jna.platform.unix.SolarisLibc$SolarisPrUsage,innerclass,3,3,0,3,3,1,0,2,0,0.0,NaN,NaN,1,0,1,0,0,0,1,0,0,0,30,0,30,0,0,0,0,0,13,68,0,2,0,0,0,0,4,34,0,32,1,0,0,0,44,0,0
/Users/kaiohs/Downloads/codes/lab02-experimentacao-software/data/repos/oshi__oshi/oshi-core/src/main/java/oshi/driver/windows/wmi/Win32LogicalDiskToPartition.java,oshi.driver.windows.wmi.Win32LogicalDiskToPartition$DiskToPartitionProperty,enum,0,0,0,0,0,1,0,0,0,0.0,-1.0,-1.0,0,0,0,0,0,0,0,0,0,0,0,0,0,0,0,0,0,0,0,1,0,0,0,0,0,0,0,0,0,0,0,0,0,0,19,1,0
/Users/kaiohs/Downloads/codes/lab02-experimentacao-software/data/repos/oshi__oshi/oshi-demo/src/main/java/oshi/demo/gui/Config.java,oshi.demo.gui.Config,class,0,0,0,0,1,1,0,0,0,0.0,-1.0,-1.0,1,0,0,1,0,0,0,0,0,0,6,6,6,0,0,0,6,0,0,10,0,0,0,0,0,1,5,6,0,6,0,0,0,0,35,17,0
/Users/kaiohs/Downloads/codes/lab02-experimentacao-software/data/repos/oshi__oshi/oshi-common/src/main/java/oshi/software/os/InternetProtocolStats.java,oshi.software.os.InternetProtocolStats,interface,4,12,8,4,5,1,0,0,10,0.0,0.0,0.0,5,0,0,0,0,5,5,0,0,0,0,0,0,0,0,0,0,0,0,156,0,0,0,0,0,0,0,0,0,0,0,0,4,0,63,1,0
/Users/kaiohs/Downloads/codes/lab02-experimentacao-software/data/repos/oshi__oshi/oshi-core/src/main/java/oshi/software/os/linux/LinuxOSProcess.java,oshi.software.os.linux.LinuxOSProcess,class,12,15,3,12,73,2,2,79,860,0.9370367,0.0,0.0,45,1,34,7,4,0,39,2,0,0,30,3,0,30,0,0,4,0,30,292,50,1,7,4,2,33,40,68,21,62,3,0,1,2,202,1025,3
/Users/kaiohs/Downloads/codes/lab02-experimentacao-software/data/repos/oshi__oshi/oshi-core-java25/src/main/java/oshi/util/platform/windows/Advapi32UtilFFM.java,oshi.util.platform.windows.Advapi32UtilFFM,class,10,13,3,10,31,1,0,40,24,0.61111116,0.0,0.0,9,8,8,1,0,0,8,0,0,0,2,2,0,2,0,0,1,0,32,172,18,3,6,9,1,7,29,61,9,57,5,0,0,0,131,17,5
/Users/kaiohs/Downloads/codes/lab02-experimentacao-software/data/repos/oshi__oshi/oshi-core/src/test/java/oshi/driver/linux/WhoTest.java,oshi.driver.linux.WhoTest,class,3,3,0,3,2,1,0,11,0,0.0,NaN,NaN,1,0,0,0,0,1,1,0,0,0,0,0,0,0,0,0,0,0,1,10,0,1,0,0,0,4,1,0,0,0,1,0,0,0,28,0,0
/Users/kaiohs/Downloads/codes/lab02-experimentacao-software/data/repos/oshi__oshi/oshi-core/src/main/java/oshi/hardware/platform/mac/MacPowerSource.java,oshi.hardware.platform.mac.MacPowerSource,class,15,17,2,15,25,2,0,22,3,0.6666667,0.0,0.0,3,1,2,0,1,0,3,0,0,0,2,2,0,2,0,0,2,0,3,144,2,1,17,1,2,19,25,81,8,48,4,0,0,0,96,17,0
/Users/kaiohs/Downloads/codes/lab02-experimentacao-software/data/repos/oshi__oshi/oshi-core/src/main/java/oshi/hardware/platform/unix/solaris/SolarisComputerSystem.java,oshi.hardware.platform.unix.solaris.SolarisComputerSystem$SmbiosStrings,innerclass,0,0,0,0,1,1,0,1,0,0.0,-1.0,-1.0,1,0,0,1,0,0,0,0,0,0,11,0,0,11,0,0,11,0,0,34,0,0,0,0,0,8,0,19,0,19,0,0,0,0,27,26,0
/Users/kaiohs/Downloads/codes/lab02-experimentacao-software/data/repos/oshi__oshi/oshi-core/src/main/java/oshi/util/platform/unix/solaris/KstatUtil.java,oshi.util.platform.unix.solaris.KstatUtil$KstatChain,innerclass,4,4,0,4,17,1,0,13,0,0.16666667,0.0,0.0,6,0,5,1,0,0,5,0,0,0,1,0,0,1,0,0,1,0,0,38,5,2,5,0,3,5,5,5,1,4,3,0,0,0,131,25,1
/Users/kaiohs/Downloads/codes/lab02-experimentacao-software/data/repos/oshi__oshi/oshi-common/src/main/java/oshi/hardware/PhysicalMemory.java,oshi.hardware.PhysicalMemory,class,3,13,10,3,9,1,0,11,22,0.77777773,0.0,0.0,9,0,9,0,0,0,9,0,0,0,7,0,0,7,0,0,7,0,2,50,8,0,0,0,0,7,0,8,7,8,0,0,0,0,58,1,0
/Users/kaiohs/Downloads/codes/lab02-experimentacao-software/data/repos/oshi__oshi/oshi-core/src/main/java/oshi/driver/windows/perfmon/ProcessorInformation.java,oshi.driver.windows.perfmon.ProcessorInformation$ProcessorUtilityTickCountProperty,enum,0,0,0,0,2,1,0,0,0,0.0,0.0,0.0,2,0,1,0,0,1,2,0,0,0,1,0,0,1,0,0,1,0,0,8,1,0,0,0,0,9,0,1,0,1,0,0,0,0,38,1,0
/Users/kaiohs/Downloads/codes/lab02-experimentacao-software/data/repos/oshi__oshi/oshi-core/src/main/java/oshi/software/os/mac/MacOSFileStore.java,oshi.software.os.mac.MacOSFileStore,class,3,4,1,3,13,2,0,14,11,0.6999999,0.0,0.0,10,0,10,0,0,0,10,0,0,0,8,0,0,8,0,0,0,0,1,61,10,1,0,0,0,0,0,16,0,8,2,0,0,0,30,1,0
/Users/kaiohs/Downloads/codes/lab02-experimentacao-software/data/repos/oshi__oshi/oshi-common/src/main/java/oshi/util/FormatUtil.java,oshi.util.FormatUtil,class,2,19,17,2,30,1,0,16,64,0.9107143,0.0,0.0,12,11,10,2,0,0,10,0,0,0,14,14,1,13,0,0,14,0,29,119,29,0,3,0,0,23,25,22,15,19,1,0,0,0,161,17,0
/Users/kaiohs/Downloads/codes/lab02-experimentacao-software/data/repos/oshi__oshi/oshi-core/src/main/java/oshi/jna/ByRef.java,oshi.jna.ByRef$CloseableLongByReference,innerclass,2,2,0,2,3,2,0,2,3,0.0,0.0,0.0,3,0,3,0,0,0,3,0,0,0,0,0,0,0,0,0,0,0,1,11,0,0,0,0,0,0,0,0,0,0,0,0,0,0,9,0,0
/Users/kaiohs/Downloads/codes/lab02-experimentacao-software/data/repos/oshi__oshi/oshi-core-java25/src/main/java/oshi/ffm/windows/PowrProfFFM.java,oshi.ffm.windows.PowrProfFFM,class,3,4,1,3,1,3,0,6,0,1.0,-1.0,-1.0,1,1,0,1,0,0,0,0,0,0,21,21,21,0,0,0,21,0,16,26,1,0,0,0,0,41,2,21,0,21,0,0,0,0,37,17,0
/Users/kaiohs/Downloads/codes/lab02-experimentacao-software/data/repos/oshi__oshi/oshi-core/src/main/java/oshi/software/os/mac/MacOSProcess.java,oshi.software.os.mac.MacOSProcess,class,23,25,2,23,75,2,0,64,570,0.9517193,0.0,0.0,36,0,34,2,0,0,35,0,0,0,42,12,0,42,0,0,13,0,13,319,39,3,12,6,3,10,54,89,14,71,6,0,0,1,166,1,1
/Users/kaiohs/Downloads/codes/lab02-experimentacao-software/data/repos/oshi__oshi/oshi-core/src/main/java/oshi/driver/windows/wmi/Win32ProcessCached.java,oshi.driver.windows.wmi.Win32ProcessCached,class,7,9,2,7,9,1,0,15,6,0.75,0.0,0.0,4,2,2,2,0,0,2,0,0,0,3,1,0,3,0,0,3,0,4,42,4,1,2,1,0,2,2,11,1,10,4,0,0,0,115,17,0
/Users/kaiohs/Downloads/codes/lab02-experimentacao-software/data/repos/oshi__oshi/oshi-core/src/main/java/oshi/hardware/platform/linux/LinuxLogicalVolumeGroup.java,oshi.hardware.platform.linux.LinuxLogicalVolumeGroup,class,1,3,2,1,5,2,2,6,1,1.0,0.0,0.0,2,1,0,0,2,0,2,0,0,0,4,4,0,0,4,0,4,0,0,19,1,1,1,0,0,5,4,6,0,7,2,0,0,1,50,0,0
/Users/kaiohs/Downloads/codes/lab02-experimentacao-software/data/repos/oshi__oshi/oshi-core/src/main/java/oshi/driver/windows/wmi/Win32LogicalDisk.java,oshi.driver.windows.wmi.Win32LogicalDisk,class,5,6,1,5,5,1,0,6,1,0.5,NaN,NaN,2,1,1,1,0,0,1,0,0,0,1,1,0,1,0,0,1,0,2,19,1,0,1,0,0,5,0,5,0,4,1,0,1,0,58,17,0
/Users/kaiohs/Downloads/codes/lab02-experimentacao-software/data/repos/oshi__oshi/oshi-core/src/main/java/oshi/hardware/platform/unix/freebsd/FreeBsdGraphicsCard.java,oshi.hardware.platform.unix.freebsd.FreeBsdGraphicsCard,class,6,7,1,6,26,2,0,14,1,0.5,0.0,0.0,2,1,1,0,0,1,2,0,0,0,1,1,0,1,0,0,1,0,4,58,2,2,1,0,1,15,22,19,3,12,5,0,0,0,54,16,0
/Users/kaiohs/Downloads/codes/lab02-experimentacao-software/data/repos/oshi__oshi/oshi-core/src/main/java/oshi/jna/platform/linux/LinuxLibc.java,oshi.jna.platform.linux.LinuxLibc$LinuxUtmpx,innerclass,6,6,0,6,0,2,0,0,0,NaN,-1.0,-1.0,0,0,0,0,0,0,0,0,0,0,11,0,11,0,0,0,0,0,0,13,0,0,0,0,0,11,3,6,0,11,0,0,0,0,23,0,0
/Users/kaiohs/Downloads/codes/lab02-experimentacao-software/data/repos/oshi__oshi/oshi-core-java25/src/main/java/oshi/hardware/platform/mac/MacPowerSourceFFM.java,oshi.hardware.platform.mac.MacPowerSourceFFM,class,19,21,2,19,33,2,0,24,3,0.0,0.0,0.0,3,1,2,0,1,0,3,0,0,0,0,0,0,0,0,0,0,0,14,190,3,1,20,4,2,19,24,101,8,62,5,0,0,0,98,17,0
/Users/kaiohs/Downloads/codes/lab02-experimentacao-software/data/repos/oshi__oshi/oshi-core/src/test/java/oshi/hardware/GpuStatsTest.java,oshi.hardware.GpuStatsTest,class,6,6,0,6,13,1,0,30,28,0.0,0.0,0.0,8,0,0,0,0,8,8,0,0,0,0,0,0,0,0,0,0,0,2,139,1,4,0,4,0,39,40,18,0,18,2,0,0,1,94,0,0
/Users/kaiohs/Downloads/codes/lab02-experimentacao-software/data/repos/oshi__oshi/oshi-core/src/main/java/oshi/software/os/unix/openbsd/OpenBsdOperatingSystem.java,oshi.software.os.unix.openbsd.OpenBsdOperatingSystem$PsKeywords,enum,0,0,0,0,0,1,0,0,0,0.0,-1.0,-1.0,0,0,0,0,0,0,0,0,0,0,0,0,0,0,0,0,0,0,0,1,0,0,0,0,0,0,0,0,0,0,0,0,0,0,7,0,0
/Users/kaiohs/Downloads/codes/lab02-experimentacao-software/data/repos/oshi__oshi/oshi-core/src/main/java/oshi/jna/platform/unix/FreeBsdLibc.java,oshi.jna.platform.unix.FreeBsdLibc$CpTime,innerclass,5,5,0,5,2,2,0,2,0,1.0,NaN,NaN,1,0,1,0,0,0,1,0,0,0,1,0,1,0,0,0,0,0,0,9,0,0,0,0,1,1,0,2,0,2,1,0,0,0,15,0,0
/Users/kaiohs/Downloads/codes/lab02-experimentacao-software/data/repos/oshi__oshi/oshi-common/src/main/java/oshi/util/driver/unix/Who.java,oshi.util.driver.unix.Who,class,5,9,4,5,14,1,0,23,6,0.75,NaN,NaN,4,3,1,3,0,0,1,0,0,1,4,4,0,4,0,0,4,0,15,51,5,1,3,2,0,9,14,13,2,11,3,0,0,0,65,17,0
/Users/kaiohs/Downloads/codes/lab02-experimentacao-software/data/repos/oshi__oshi/oshi-core/src/main/java/oshi/hardware/platform/linux/LinuxPowerSourceJNA.java,oshi.hardware.platform.linux.LinuxPowerSourceJNA,class,8,10,2,8,13,3,0,22,3,0.0,0.0,0.0,3,1,1,0,1,1,3,0,0,0,0,0,0,0,0,0,0,0,5,57,4,2,4,3,0,4,3,10,1,9,8,0,0,0,46,17,0
/Users/kaiohs/Downloads/codes/lab02-experimentacao-software/data/repos/oshi__oshi/oshi-core/src/main/java/oshi/util/platform/windows/PerfCounterWildcardQuery.java,oshi.util.platform.windows.PerfCounterWildcardQuery$PdhCounterWildcardProperty,interface,0,0,0,0,1,1,0,0,0,0.0,NaN,NaN,1,0,0,0,0,1,1,0,0,0,0,0,0,0,0,0,0,0,0,3,0,0,0,0,0,0,0,0,0,0,0,0,0,0,19,1,0
/Users/kaiohs/Downloads/codes/lab02-experimentacao-software/data/repos/oshi__oshi/oshi-core-java25/src/main/java/oshi/software/os/windows/WindowsOperatingSystemFFM.java,oshi.software.os.windows.WindowsOperatingSystemFFM,class,18,20,2,18,23,2,0,30,76,0.8974359,0.0,0.0,13,1,11,2,0,0,12,0,0,0,3,2,0,3,0,0,3,0,19,95,20,0,2,2,0,10,6,16,4,13,2,0,0,0,74,1,6
/Users/kaiohs/Downloads/codes/lab02-experimentacao-software/data/repos/oshi__oshi/oshi-core/src/main/java/oshi/hardware/platform/mac/MacBaseboard.java,oshi.hardware.platform.mac.MacBaseboard,class,7,8,1,7,17,2,0,12,0,0.2,0.0,0.0,5,1,4,1,0,0,4,0,0,0,1,0,0,1,0,0,1,0,7,51,5,0,6,0,0,8,0,17,0,7,3,0,0,0,29,16,0
/Users/kaiohs/Downloads/codes/lab02-experimentacao-software/data/repos/oshi__oshi/oshi-core/src/main/java/oshi/driver/windows/perfmon/ProcessInformation.java,oshi.driver.windows.perfmon.ProcessInformation,class,6,9,3,6,7,1,0,5,6,0.0,0.0,0.0,4,3,3,1,0,0,3,0,0,0,0,0,0,0,0,0,0,0,9,46,6,0,0,0,0,0,0,0,0,0,1,0,3,0,56,17,0
/Users/kaiohs/Downloads/codes/lab02-experimentacao-software/data/repos/oshi__oshi/oshi-core-java25/src/main/java/oshi/ffm/mac/IOKit.java,oshi.ffm.mac.IOKit$IOIterator,innerclass,5,5,0,5,8,1,0,6,3,0.0,0.0,0.0,3,0,3,0,0,0,3,0,0,0,0,0,0,0,0,0,0,0,1,28,5,1,1,1,1,0,0,3,0,3,1,0,0,0,21,0,0
/Users/kaiohs/Downloads/codes/lab02-experimentacao-software/data/repos/oshi__oshi/oshi-core/src/main/java/oshi/hardware/platform/unix/UnixPrinter.java,oshi.hardware.platform.unix.UnixPrinter,class,10,16,6,10,59,2,0,36,78,0.9487179,0.0,0.0,13,12,1,11,0,1,3,0,0,0,3,3,0,3,0,0,3,0,16,203,27,7,7,2,1,63,20,59,5,52,4,0,0,0,111,17,1
/Users/kaiohs/Downloads/codes/lab02-experimentacao-software/data/repos/oshi__oshi/oshi-core/src/main/java/oshi/driver/windows/wmi/Win32BaseBoard.java,oshi.driver.windows.wmi.Win32BaseBoard$BaseBoardProperty,enum,0,0,0,0,0,1,0,0,0,0.0,-1.0,-1.0,0,0,0,0,0,0,0,0,0,0,0,0,0,0,0,0,0,0,0,1,0,0,0,0,0,0,0,0,0,0,0,0,0,0,16,1,0
/Users/kaiohs/Downloads/codes/lab02-experimentacao-software/data/repos/oshi__oshi/oshi-common/src/main/java/oshi/software/os/ApplicationInfo.java,oshi.software.os.ApplicationInfo,class,1,10,9,1,13,1,0,3,0,0.44444448,0.0,0.0,9,0,9,0,0,0,9,0,0,0,5,0,0,5,0,0,5,0,6,45,10,0,3,0,1,6,0,6,2,6,1,0,0,0,110,1,0
/Users/kaiohs/Downloads/codes/lab02-experimentacao-software/data/repos/oshi__oshi/oshi-core-java25/src/main/java/oshi/ffm/mac/CoreFoundation.java,oshi.ffm.mac.CoreFoundation$CFLocale,innerclass,4,4,0,4,3,2,0,1,1,0.0,0.0,0.0,2,1,2,0,0,0,2,0,0,0,0,0,0,0,0,0,0,0,1,13,2,0,0,1,0,0,0,0,0,0,1,0,0,0,23,0,0
/Users/kaiohs/Downloads/codes/lab02-experimentacao-software/data/repos/oshi__oshi/oshi-core/src/test/java/oshi/driver/unix/solaris/kstat/SystemPagesTest.java,oshi.driver.unix.solaris.kstat.SystemPagesTest,class,3,3,0,3,1,1,0,7,0,0.0,NaN,NaN,1,0,0,0,0,1,1,0,0,0,0,0,0,0,0,0,0,0,0,7,0,0,0,0,0,2,1,1,0,1,0,0,0,0,18,0,0
/Users/kaiohs/Downloads/codes/lab02-experimentacao-software/data/repos/oshi__oshi/oshi-core/src/main/java/oshi/jna/Struct.java,oshi.jna.Struct$CloseableSystemInfo,innerclass,2,2,0,2,1,2,0,2,0,0.0,NaN,NaN,1,0,1,0,0,0,1,0,0,0,0,0,0,0,0,0,0,0,1,5,0,0,0,0,0,0,0,0,0,0,0,0,0,0,17,0,0
/Users/kaiohs/Downloads/codes/lab02-experimentacao-software/data/repos/oshi__oshi/oshi-core/src/test/java/oshi/hardware/VirtualMemoryTest.java,oshi.hardware.VirtualMemoryTest,class,6,7,1,6,3,1,0,17,1,0.0,0.0,0.0,2,0,0,0,1,1,2,0,0,0,0,0,0,0,0,0,0,0,0,20,1,0,0,0,0,10,5,4,0,4,0,0,0,0,50,0,0
/Users/kaiohs/Downloads/codes/lab02-experimentacao-software/data/repos/oshi__oshi/oshi-core/src/main/java/oshi/hardware/platform/unix/freebsd/FreeBsdVirtualMemory.java,oshi.hardware.platform.unix.freebsd.FreeBsdVirtualMemory,class,7,9,2,7,12,2,0,11,49,0.8727273,0.0,0.0,11,4,6,4,0,1,7,0,0,0,5,0,0,5,0,0,5,0,10,45,11,0,0,0,0,4,9,7,4,7,1,0,0,0,30,16,0
/Users/kaiohs/Downloads/codes/lab02-experimentacao-software/data/repos/oshi__oshi/oshi-core/src/main/java/oshi/jna/platform/unix/SolarisLibc.java,oshi.jna.platform.unix.SolarisLibc,interface,4,9,5,4,2,4,0,1,1,1.0,0.0,0.0,2,0,0,0,0,2,2,0,0,0,9,0,0,0,0,9,0,0,0,241,0,0,0,0,0,1,8,9,0,9,0,0,7,0,71,1,0
/Users/kaiohs/Downloads/codes/lab02-experimentacao-software/data/repos/oshi__oshi/oshi-core/src/main/java/oshi/jna/platform/unix/SolarisLibc.java,oshi.jna.platform.unix.SolarisLibc$SolarisUtmpx,innerclass,6,6,0,6,0,2,0,0,0,NaN,-1.0,-1.0,0,0,0,0,0,0,0,0,0,0,11,0,11,0,0,0,0,0,0,13,0,0,0,0,0,11,1,5,0,11,0,0,0,0,20,0,0
/Users/kaiohs/Downloads/codes/lab02-experimentacao-software/data/repos/oshi__oshi/oshi-core/src/main/java/oshi/jna/platform/unix/CLibrary.java,oshi.jna.platform.unix.CLibrary$BsdTcpstat,innerclass,0,0,0,0,0,1,0,0,0,NaN,-1.0,-1.0,0,0,0,0,0,0,0,0,0,0,11,0,11,0,0,0,0,0,0,13,0,0,0,0,0,0,0,0,0,11,0,0,0,0,14,0,0
/Users/kaiohs/Downloads/codes/lab02-experimentacao-software/data/repos/oshi__oshi/oshi-core/src/test/java/oshi/driver/mac/ThreadInfoTest.java,oshi.driver.mac.ThreadInfoTest,class,3,3,0,3,1,1,0,6,0,0.0,NaN,NaN,1,0,0,0,0,1,1,0,0,0,0,0,0,0,0,0,0,0,0,6,0,0,0,0,0,1,1,1,0,1,0,0,0,0,16,0,0
/Users/kaiohs/Downloads/codes/lab02-experimentacao-software/data/repos/oshi__oshi/oshi-core/src/main/java/oshi/driver/windows/wmi/MSAcpiThermalZoneTemperature.java,oshi.driver.windows.wmi.MSAcpiThermalZoneTemperature$TemperatureProperty,enum,0,0,0,0,0,1,0,0,0,0.0,-1.0,-1.0,0,0,0,0,0,0,0,0,0,0,0,0,0,0,0,0,0,0,0,1,0,0,0,0,0,0,0,0,0,0,0,0,0,0,14,1,0
/Users/kaiohs/Downloads/codes/lab02-experimentacao-software/data/repos/oshi__oshi/oshi-core/src/main/java/oshi/driver/windows/wmi/Win32OperatingSystem.java,oshi.driver.windows.wmi.Win32OperatingSystem,class,5,6,1,5,2,1,0,3,1,0.5,NaN,NaN,2,1,1,1,0,0,1,0,0,0,1,1,0,1,0,0,1,0,2,10,1,0,0,0,0,1,0,2,0,2,0,0,1,0,36,17,0
/Users/kaiohs/Downloads/codes/lab02-experimentacao-software/data/repos/oshi__oshi/oshi-core/src/main/java/oshi/hardware/platform/windows/WindowsSoundCard.java,oshi.hardware.platform.windows.WindowsSoundCard,class,5,7,2,5,6,2,0,5,1,0.5,0.0,0.0,2,1,1,0,0,1,2,0,0,0,1,1,0,1,0,0,1,0,0,24,1,1,1,1,0,9,0,4,3,4,3,0,0,0,82,16,0
/Users/kaiohs/Downloads/codes/lab02-experimentacao-software/data/repos/oshi__oshi/oshi-core/src/test/java/oshi/util/ProcUtilsTest.java,oshi.util.ProcUtilsTest,class,4,5,1,4,4,1,0,13,6,0.0,0.0,0.0,4,0,0,0,0,4,4,0,0,0,0,0,0,0,0,0,0,0,4,36,0,0,0,0,0,41,15,8,0,8,0,0,0,0,29,1,0
/Users/kaiohs/Downloads/codes/lab02-experimentacao-software/data/repos/oshi__oshi/oshi-core-java25/src/main/java/oshi/ffm/mac/DiskArbitration.java,oshi.ffm.mac.DiskArbitration,interface,1,1,0,1,0,3,0,0,0,0.0,-1.0,-1.0,0,0,0,0,0,0,0,0,0,0,0,0,0,0,0,0,0,0,0,70,0,0,0,0,0,0,0,0,0,0,0,0,2,0,21,1,0
/Users/kaiohs/Downloads/codes/lab02-experimentacao-software/data/repos/oshi__oshi/oshi-core/src/main/java/oshi/hardware/platform/windows/WindowsHWDiskStore.java,oshi.hardware.platform.windows.WindowsHWDiskStore,class,19,21,2,19,49,2,0,73,49,0.8296703,0.0,0.0,14,4,10,4,0,0,10,0,0,0,13,5,0,13,0,0,5,0,38,227,18,7,10,1,0,13,39,82,5,62,5,0,2,1,146,17,3
/Users/kaiohs/Downloads/codes/lab02-experimentacao-software/data/repos/oshi__oshi/oshi-core/src/main/java/oshi/driver/windows/registry/InstalledAppsData.java,oshi.driver.windows.registry.InstalledAppsData,class,4,5,1,4,10,1,0,10,0,0.0,0.0,0.0,2,1,1,1,0,0,2,0,0,0,2,2,0,2,0,0,2,0,8,48,1,4,1,2,0,12,0,15,1,15,7,0,0,0,47,17,0
/Users/kaiohs/Downloads/codes/lab02-experimentacao-software/data/repos/oshi__oshi/oshi-core/src/main/java/oshi/jna/Struct.java,oshi.jna.Struct$CloseableVnodePathInfo,innerclass,2,2,0,2,1,2,0,2,0,0.0,NaN,NaN,1,0,1,0,0,0,1,0,0,0,0,0,0,0,0,0,0,0,1,5,0,0,0,0,0,0,0,0,0,0,0,0,0,0,8,0,0
/Users/kaiohs/Downloads/codes/lab02-experimentacao-software/data/repos/oshi__oshi/oshi-core/src/main/java/oshi/driver/windows/wmi/Win32Process.java,oshi.driver.windows.wmi.Win32Process$CommandLineProperty,enum,0,0,0,0,0,1,0,0,0,0.0,-1.0,-1.0,0,0,0,0,0,0,0,0,0,0,0,0,0,0,0,0,0,0,0,1,0,0,0,0,0,0,0,0,0,0,0,0,0,0,15,1,0
/Users/kaiohs/Downloads/codes/lab02-experimentacao-software/data/repos/oshi__oshi/oshi-common/src/main/java/oshi/hardware/HWDiskStore.java,oshi.hardware.HWDiskStore,interface,2,16,14,2,13,1,0,0,78,0.0,0.0,0.0,13,0,0,0,0,13,13,0,0,0,0,0,0,0,0,0,0,0,0,15,0,0,0,0,0,0,0,0,0,0,0,0,0,0,161,1,0
/Users/kaiohs/Downloads/codes/lab02-experimentacao-software/data/repos/oshi__oshi/oshi-core/src/main/java/oshi/driver/windows/wmi/Win32ComputerSystem.java,oshi.driver.windows.wmi.Win32ComputerSystem$ComputerSystemProperty,enum,0,0,0,0,0,1,0,0,0,0.0,-1.0,-1.0,0,0,0,0,0,0,0,0,0,0,0,0,0,0,0,0,0,0,0,1,0,0,0,0,0,0,0,0,0,0,0,0,0,0,10,1,0
