file,class,type,cbo,cboModified,fanin,fanout,wmc,dit,noc,rfc,lcom,lcom*,tcc,lcc,totalMethodsQty,staticMethodsQty,publicMethodsQty,privateMethodsQty,protectedMethodsQty,defaultMethodsQty,visibleMethodsQty,abstractMethodsQty,finalMethodsQty,synchronizedMethodsQty,totalFieldsQty,staticFieldsQty,publicFieldsQty,privateFieldsQty,protectedFieldsQty,defaultFieldsQty,finalFieldsQty,synchronizedFieldsQty,nosi,loc,returnQty,loopQty,comparisonsQty,tryCatchQty,parenthesizedExpsQty,stringLiteralsQty,numbersQty,assignmentsQty,mathOperationsQty,variablesQty,maxNestedBlocksQty,anonymousClassesQty,innerClassesQty,lambdasQty,uniqueWordsQty,modifiers,logStatementsQty
/Users/kaiohs/Downloads/codes/lab02-experimentacao-software/data/repos/kestra-io__kestra/core/src/main/java/io/kestra/core/server/AbstractServiceLivenessTask.java,io.kestra.core.server.AbstractServiceLivenessTask,class,7,9,2,7,18,1,1,25,19,0.71666664,0.0,0.0,10,0,4,0,6,0,10,2,0,0,6,0,0,5,1,0,3,0,8,64,3,0,2,1,2,9,3,10,5,10,2,0,0,1,105,1025,4
/Users/kaiohs/Downloads/codes/lab02-experimentacao-software/data/repos/kestra-io__kestra/core/src/main/java/io/kestra/core/runners/pebble/filters/EscapeCharFilter.java,io.kestra.core.runners.pebble.filters.EscapeCharFilter,class,6,8,2,6,21,1,0,15,24,0.75,0.0,0.0,8,0,3,5,0,0,3,0,0,0,2,1,0,2,0,0,2,0,0,80,10,2,1,1,0,8,0,6,2,6,2,0,1,0,55,1,0
/Users/kaiohs/Downloads/codes/lab02-experimentacao-software/data/repos/kestra-io__kestra/jdbc/src/test/java/io/kestra/jdbc/repository/AbstractJdbcFlowTopologyRepositoryTest.java,io.kestra.jdbc.repository.AbstractJdbcFlowTopologyRepositoryTest,class,7,7,0,7,1,2,0,18,0,0.0,NaN,NaN,1,0,0,0,0,1,1,0,0,0,1,0,0,1,0,0,0,0,3,13,0,0,0,0,0,14,3,4,0,4,0,0,0,0,17,1025,0
/Users/kaiohs/Downloads/codes/lab02-experimentacao-software/data/repos/kestra-io__kestra/core/src/test/java/io/kestra/plugin/core/trigger/WebhookTestPlugin.java,io.kestra.plugin.core.trigger.WebhookTestPlugin$WebhookTestOutput,innerclass,8,8,0,8,0,1,0,0,0,NaN,-1.0,-1.0,0,0,0,0,0,0,0,0,0,0,2,0,0,2,0,0,0,0,0,4,0,0,0,0,0,0,0,0,0,2,0,0,0,0,8,9,0
/Users/kaiohs/Downloads/codes/lab02-experimentacao-software/data/repos/kestra-io__kestra/core/src/test/java/io/kestra/plugin/core/storage/DeleteTest.java,io.kestra.plugin.core.storage.DeleteTest,class,8,9,1,8,1,1,0,19,0,0.0,NaN,NaN,1,0,0,0,0,1,1,0,0,0,2,0,0,0,0,2,0,0,1,19,0,0,0,0,0,2,0,7,0,8,1,0,0,1,26,0,0
/Users/kaiohs/Downloads/codes/lab02-experimentacao-software/data/repos/kestra-io__kestra/worker-controller/src/main/java/io/kestra/controller/grpc/services/GrpcWorkerControllerService.java,io.kestra.controller.grpc.services.GrpcWorkerControllerService,class,27,27,0,27,16,2,0,38,13,0.8333334,0.0,0.0,6,0,6,0,0,0,6,0,0,0,8,0,0,8,0,0,0,0,4,166,1,0,2,2,0,5,0,16,1,24,3,1,1,3,101,1,4
/Users/kaiohs/Downloads/codes/lab02-experimentacao-software/data/repos/kestra-io__kestra/webserver/src/main/java/io/kestra/webserver/controllers/api/ExecutionController.java,io.kestra.webserver.controllers.api.ExecutionController,class,122,123,1,122,209,2,0,251,868,0.9328257,0.0,0.0,77,0,61,9,7,0,68,0,0,0,29,0,0,22,7,0,0,0,37,869,113,17,10,9,6,574,13,139,21,210,5,0,2,50,398,1,10
/Users/kaiohs/Downloads/codes/lab02-experimentacao-software/data/repos/kestra-io__kestra/core/src/main/java/io/kestra/plugin/core/dashboard/data/IMetrics.java,io.kestra.plugin.core.dashboard.data.IMetrics$Fields,enum,0,0,0,0,0,1,0,0,0,0.0,-1.0,-1.0,0,0,0,0,0,0,0,0,0,0,0,0,0,0,0,0,0,0,0,1,0,0,0,0,0,0,0,0,0,0,0,0,0,0,6,0,0
/Users/kaiohs/Downloads/codes/lab02-experimentacao-software/data/repos/kestra-io__kestra/jdbc-postgres/src/main/java/io/kestra/repository/postgres/PostgresDashboardRepository.java,io.kestra.repository.postgres.PostgresDashboardRepository,class,12,12,0,12,2,4,0,1,1,0.0,0.0,0.0,2,0,1,0,1,0,2,0,0,0,0,0,0,0,0,0,0,0,1,8,1,0,0,0,0,1,0,0,0,0,0,0,0,0,9,1,0
/Users/kaiohs/Downloads/codes/lab02-experimentacao-software/data/repos/kestra-io__kestra/core/src/main/java/io/kestra/core/services/ConcurrencyLimitService.java,io.kestra.core.services.ConcurrencyLimitService,class,5,7,2,5,4,1,0,6,0,0.0,NaN,NaN,1,0,1,0,0,0,1,0,0,0,2,1,0,2,0,0,1,0,1,15,1,0,2,0,1,3,0,2,1,2,1,0,0,0,44,1,0
/Users/kaiohs/Downloads/codes/lab02-experimentacao-software/data/repos/kestra-io__kestra/core/src/main/java/io/kestra/plugin/core/condition/ExecutionNamespace.java,io.kestra.plugin.core.condition.ExecutionNamespace,class,16,16,0,16,3,2,0,10,0,0.0,NaN,NaN,1,0,1,0,0,0,1,0,0,0,3,0,0,3,0,0,0,0,0,22,1,0,1,0,0,9,0,4,0,6,1,0,1,0,69,1,0
/Users/kaiohs/Downloads/codes/lab02-experimentacao-software/data/repos/kestra-io__kestra/core/src/test/java/io/kestra/core/models/executions/AbstractMetricEntryTest.java,io.kestra.core.models.executions.AbstractMetricEntryTest,class,6,6,0,6,3,1,0,11,0,0.0,0.0,0.0,3,0,0,0,0,3,3,0,0,0,1,1,0,1,0,0,1,0,2,30,0,0,0,0,3,12,6,10,0,10,0,0,0,0,28,0,0
/Users/kaiohs/Downloads/codes/lab02-experimentacao-software/data/repos/kestra-io__kestra/core/src/main/java/io/kestra/core/models/triggers/TriggerContext.java,io.kestra.core.models.triggers.TriggerContext,class,16,22,6,16,5,1,1,10,2,0.5833333,0.0,0.0,4,2,3,0,1,0,4,0,0,0,9,0,0,9,0,0,0,0,1,33,3,0,1,0,0,2,0,10,0,9,0,0,1,0,41,1,0
/Users/kaiohs/Downloads/codes/lab02-experimentacao-software/data/repos/kestra-io__kestra/core/src/test/java/io/kestra/core/runners/pebble/filters/StringFilterTest.java,io.kestra.core.runners.pebble.filters.StringFilterTest,class,6,6,0,6,2,1,0,7,1,0.5,0.0,0.0,2,1,0,0,0,2,2,0,0,0,1,0,0,0,0,1,0,0,2,10,1,0,0,0,0,3,0,1,0,2,0,0,0,0,18,1,0
/Users/kaiohs/Downloads/codes/lab02-experimentacao-software/data/repos/kestra-io__kestra/core/src/main/java/io/kestra/core/queues/event/DispatchEvent.java,io.kestra.core.queues.event.DispatchEvent,interface,1,7,6,1,0,1,0,0,0,0.0,-1.0,-1.0,0,0,0,0,0,0,0,0,0,0,0,0,0,0,0,0,0,0,0,2,0,0,0,0,0,0,0,0,0,0,0,0,0,0,2,1,0
/Users/kaiohs/Downloads/codes/lab02-experimentacao-software/data/repos/kestra-io__kestra/cli/src/main/java/io/kestra/cli/listeners/DeleteConfigurationApplicationListeners.java,io.kestra.cli.listeners.DeleteConfigurationApplicationListeners,class,8,8,0,8,2,1,0,7,0,0.0,NaN,NaN,1,0,1,0,0,0,1,0,0,0,1,0,0,0,0,1,0,0,0,13,0,0,0,0,0,1,0,2,0,4,2,0,0,1,21,1,0
/Users/kaiohs/Downloads/codes/lab02-experimentacao-software/data/repos/kestra-io__kestra/core/src/main/java/io/kestra/core/runners/pebble/filters/SlugifyFilter.java,io.kestra.core.runners.pebble.filters.SlugifyFilter,class,4,5,1,4,2,2,0,2,0,0.0,NaN,NaN,1,0,1,0,0,0,1,0,0,0,0,0,0,0,0,0,0,0,0,8,2,0,1,0,0,0,0,0,0,0,1,0,0,0,15,1,0
/Users/kaiohs/Downloads/codes/lab02-experimentacao-software/data/repos/kestra-io__kestra/webserver/src/main/java/io/kestra/webserver/models/events/OssAuthEvent.java,io.kestra.webserver.models.events.OssAuthEvent,class,5,8,3,5,1,2,0,2,0,0.0,NaN,NaN,1,0,1,0,0,0,1,0,0,0,1,0,0,1,0,0,1,0,1,10,0,0,0,0,0,0,1,1,0,1,0,0,1,0,8,1,0
/Users/kaiohs/Downloads/codes/lab02-experimentacao-software/data/repos/kestra-io__kestra/core/src/main/java/io/kestra/core/utils/PebbleUtil.java,io.kestra.core.utils.PebbleUtil,class,2,4,2,2,6,1,0,7,7,0.72222227,0.0,0.0,6,5,5,1,0,0,5,0,0,0,3,3,0,3,0,0,3,0,2,22,5,0,0,0,0,0,0,3,0,3,0,0,0,0,49,17,0
/Users/kaiohs/Downloads/codes/lab02-experimentacao-software/data/repos/kestra-io__kestra/core/src/main/java/io/kestra/plugin/core/storage/Write.java,io.kestra.plugin.core.storage.Write,class,16,16,0,16,1,2,0,17,0,0.0,NaN,NaN,1,0,1,0,0,0,1,0,0,0,2,0,0,2,0,0,0,0,0,13,1,0,0,0,0,4,0,3,0,7,0,0,1,3,29,1,0
/Users/kaiohs/Downloads/codes/lab02-experimentacao-software/data/repos/kestra-io__kestra/core/src/test/java/io/kestra/core/runners/WorkingDirFactoryTest.java,io.kestra.core.runners.WorkingDirFactoryTest,class,6,6,0,6,1,1,0,7,0,0.0,NaN,NaN,1,0,0,0,0,1,1,0,0,0,1,0,0,0,0,1,0,0,0,8,0,0,0,0,0,3,0,2,0,3,0,0,0,0,19,0,0
/Users/kaiohs/Downloads/codes/lab02-experimentacao-software/data/repos/kestra-io__kestra/worker-controller/src/main/java/io/kestra/controller/grpc/services/WorkerConfigsProvider.java,io.kestra.controller.grpc.services.WorkerConfigsProvider,interface,0,2,2,0,1,1,0,0,0,0.0,NaN,NaN,1,0,0,0,0,1,1,0,0,0,0,0,0,0,0,0,0,0,0,3,0,0,0,0,0,0,0,0,0,0,0,0,0,0,44,1,0
/Users/kaiohs/Downloads/codes/lab02-experimentacao-software/data/repos/kestra-io__kestra/core/src/main/java/io/kestra/core/utils/Rethrow.java,io.kestra.core.utils.Rethrow$CallableChecked,interface,1,1,0,1,1,1,0,0,0,0.0,NaN,NaN,1,0,0,0,0,1,1,0,0,0,0,0,0,0,0,0,0,0,0,3,0,0,0,0,0,0,0,0,0,0,0,0,0,0,4,1,0
/Users/kaiohs/Downloads/codes/lab02-experimentacao-software/data/repos/kestra-io__kestra/webserver/src/main/java/io/kestra/webserver/models/namespaces/DisabledInterface.java,io.kestra.webserver.models.namespaces.DisabledInterface,interface,0,0,0,0,1,1,0,0,0,0.0,NaN,NaN,1,0,0,0,0,1,1,0,0,0,0,0,0,0,0,0,0,0,0,3,0,0,0,0,0,0,0,0,0,0,0,0,0,0,3,1,0
/Users/kaiohs/Downloads/codes/lab02-experimentacao-software/data/repos/kestra-io__kestra/core/src/main/java/io/kestra/core/trace/TraceLevel.java,io.kestra.core.trace.TraceLevel,enum,0,2,2,0,0,1,0,0,0,0.0,-1.0,-1.0,0,0,0,0,0,0,0,0,0,0,0,0,0,0,0,0,0,0,0,1,0,0,0,0,0,0,0,0,0,0,0,0,0,0,7,1,0
/Users/kaiohs/Downloads/codes/lab02-experimentacao-software/data/repos/kestra-io__kestra/core/src/main/java/io/kestra/core/utils/UnixModeToPosixFilePermissions.java,io.kestra.core.utils.UnixModeToPosixFilePermissions,class,0,0,0,0,30,1,0,1,1,0.0,0.0,0.0,2,2,2,0,0,0,2,0,0,0,0,0,0,0,0,0,0,0,0,68,2,1,9,0,9,0,28,11,0,2,2,0,0,0,18,17,0
/Users/kaiohs/Downloads/codes/lab02-experimentacao-software/data/repos/kestra-io__kestra/core/src/test/java/io/kestra/plugin/core/flow/WorkingDirectoryTest.java,io.kestra.plugin.core.flow.WorkingDirectoryTest,class,11,11,0,11,12,2,0,12,0,0.30555555,0.0,0.0,12,0,0,0,0,12,12,0,0,0,3,0,0,0,0,3,0,0,0,180,0,0,0,0,0,16,0,0,0,3,0,0,2,0,38,1,0
/Users/kaiohs/Downloads/codes/lab02-experimentacao-software/data/repos/kestra-io__kestra/core/src/main/java/io/kestra/core/models/executions/MetricEntry.java,io.kestra.core.models.executions.MetricEntry,class,16,18,2,16,6,1,0,30,3,0.66666657,0.0,0.0,3,2,2,1,0,0,2,0,0,0,12,0,0,0,0,12,0,0,1,32,5,0,0,0,0,2,0,0,1,12,1,0,0,0,39,1,0
/Users/kaiohs/Downloads/codes/lab02-experimentacao-software/data/repos/kestra-io__kestra/webserver/src/main/java/io/kestra/webserver/services/posthog/PosthogService.java,io.kestra.webserver.services.posthog.PosthogService,class,13,18,5,13,6,1,0,17,4,0.55,0.0,0.0,5,0,3,2,0,0,3,0,0,0,4,0,0,4,0,0,4,0,2,30,0,0,0,1,0,9,0,6,0,5,1,0,0,0,37,1,1
/Users/kaiohs/Downloads/codes/lab02-experimentacao-software/data/repos/kestra-io__kestra/queue/src/main/java/io/kestra/queue/AbstractKeyedDispatchQueue.java,io.kestra.queue.AbstractKeyedDispatchQueue,class,10,12,2,10,12,2,0,21,36,0.0,0.0,0.0,9,0,6,0,3,0,9,2,3,0,0,0,0,0,0,0,0,0,2,47,3,1,0,2,0,0,0,0,0,3,2,0,0,5,32,1025,0
/Users/kaiohs/Downloads/codes/lab02-experimentacao-software/data/repos/kestra-io__kestra/core/src/main/java/io/kestra/core/validations/validator/FlowValidator.java,io.kestra.core.validations.validator.FlowValidator$CycleDependency,innerclass,1,1,0,1,7,1,0,13,1,0.0,0.0,0.0,2,2,2,0,0,0,2,0,0,0,0,0,0,0,0,0,0,0,5,29,5,1,1,0,0,0,0,3,0,3,3,0,0,0,29,26,0
/Users/kaiohs/Downloads/codes/lab02-experimentacao-software/data/repos/kestra-io__kestra/script/src/main/java/io/kestra/plugin/scripts/runner/docker/Docker.java,io.kestra.plugin.scripts.runner.docker.Docker$DockerTaskRunnerDetailResult,innerclass,3,3,0,3,0,2,0,0,0,NaN,-1.0,-1.0,0,0,0,0,0,0,0,0,0,0,1,0,0,1,0,0,0,0,0,3,0,0,0,0,0,0,0,0,0,1,0,0,0,0,7,9,0
/Users/kaiohs/Downloads/codes/lab02-experimentacao-software/data/repos/kestra-io__kestra/core/src/test/java/io/kestra/plugin/core/namespace/PurgeFilesTest.java,io.kestra.plugin.core.namespace.PurgeFilesTest,class,16,17,1,16,12,1,0,59,0,0.6979166,0.0,0.0,12,0,0,2,1,9,10,0,0,0,8,4,4,0,0,4,4,0,19,109,0,0,0,0,0,39,17,37,1,42,0,0,0,4,99,1,0
/Users/kaiohs/Downloads/codes/lab02-experimentacao-software/data/repos/kestra-io__kestra/cli/src/test/java/io/kestra/cli/commands/flows/FlowExportCommandTest.java,io.kestra.cli.commands.flows.FlowExportCommandTest,class,5,6,1,5,2,1,0,17,0,0.0,NaN,NaN,1,0,0,0,0,1,1,0,0,0,0,0,0,0,0,0,0,0,1,23,0,0,0,1,0,10,1,8,0,8,1,0,0,0,41,0,0
/Users/kaiohs/Downloads/codes/lab02-experimentacao-software/data/repos/kestra-io__kestra/core/src/test/java/io/kestra/core/models/triggers/StatefulTriggerInterfaceTest.java,io.kestra.core.models.triggers.StatefulTriggerInterfaceTest,class,6,6,0,6,2,1,0,28,0,0.0,0.0,0.0,2,0,0,0,0,2,2,0,0,0,1,0,0,0,0,1,0,0,10,33,0,0,0,0,0,25,6,16,0,17,0,0,0,0,42,0,0
/Users/kaiohs/Downloads/codes/lab02-experimentacao-software/data/repos/kestra-io__kestra/core/src/main/java/io/kestra/core/models/hierarchies/RelationType.java,io.kestra.core.models.hierarchies.RelationType,enum,0,6,6,0,0,1,0,0,0,0.0,-1.0,-1.0,0,0,0,0,0,0,0,0,0,0,0,0,0,0,0,0,0,0,0,1,0,0,0,0,0,0,0,0,0,0,0,0,0,0,10,1,0
/Users/kaiohs/Downloads/codes/lab02-experimentacao-software/data/repos/kestra-io__kestra/jdbc/src/main/java/io/kestra/jdbc/JdbcMapper.java,io.kestra.jdbc.JdbcMapper,class,4,6,2,4,2,1,0,7,1,0.8333333,NaN,NaN,2,2,1,1,0,0,1,0,0,0,3,3,0,3,0,0,3,0,3,26,2,0,0,0,0,2,0,5,0,5,0,2,0,0,27,1025,0
/Users/kaiohs/Downloads/codes/lab02-experimentacao-software/data/repos/kestra-io__kestra/core/src/main/java/io/kestra/core/server/Service.java,io.kestra.core.server.Service,interface,4,12,8,4,7,1,0,1,21,0.0,0.0,0.0,7,0,0,0,0,7,7,0,0,0,0,0,0,0,0,0,0,0,1,46,2,0,0,0,0,1,0,0,0,0,0,0,1,0,111,1,0
/Users/kaiohs/Downloads/codes/lab02-experimentacao-software/data/repos/kestra-io__kestra/jdbc-h2/src/test/java/io/kestra/repository/h2/H2LockRepositoryTest.java,io.kestra.repository.h2.H2LockRepositoryTest,class,1,1,0,1,0,2,0,0,0,0.0,-1.0,-1.0,0,0,0,0,0,0,0,0,0,0,0,0,0,0,0,0,0,0,0,2,0,0,0,0,0,0,0,0,0,0,0,0,0,0,5,1,0
/Users/kaiohs/Downloads/codes/lab02-experimentacao-software/data/repos/kestra-io__kestra/jdbc-h2/src/main/java/io/kestra/repository/h2/H2FlowRepository.java,io.kestra.repository.h2.H2FlowRepository,class,12,12,0,12,4,2,0,3,6,0.0,0.0,0.0,4,0,1,0,3,0,4,0,0,0,0,0,0,0,0,0,0,0,3,14,3,0,0,0,0,1,0,0,0,0,0,0,0,0,18,1,0
/Users/kaiohs/Downloads/codes/lab02-experimentacao-software/data/repos/kestra-io__kestra/core/src/main/java/io/kestra/core/models/dashboards/filters/Regex.java,io.kestra.core.models.dashboards.filters.Regex,class,11,12,1,11,0,2,0,0,0,NaN,-1.0,-1.0,0,0,0,0,0,0,0,0,0,0,2,0,0,1,1,0,0,0,0,4,0,0,0,0,0,1,0,1,0,2,0,0,0,0,5,1,0
/Users/kaiohs/Downloads/codes/lab02-experimentacao-software/data/repos/kestra-io__kestra/core/src/test/java/io/kestra/core/runners/IgnoreExecutionCaseTest.java,io.kestra.core.runners.IgnoreExecutionCaseTest,class,9,10,1,9,3,1,0,20,0,0.0,0.0,0.0,3,0,3,0,0,0,3,0,0,0,5,0,0,3,2,0,0,0,12,40,0,0,0,0,0,18,6,15,2,17,0,0,0,3,32,1,0
/Users/kaiohs/Downloads/codes/lab02-experimentacao-software/data/repos/kestra-io__kestra/core/src/main/java/io/kestra/core/lock/Lock.java,io.kestra.core.lock.Lock,class,6,9,3,6,1,1,0,1,0,0.5,NaN,NaN,1,0,1,0,0,0,1,0,0,0,4,0,0,4,0,0,0,0,1,9,1,0,0,0,0,0,0,0,0,4,0,0,0,0,12,1,0
/Users/kaiohs/Downloads/codes/lab02-experimentacao-software/data/repos/kestra-io__kestra/core/src/test/java/io/kestra/core/services/KVStoreServiceTest.java,io.kestra.core.services.KVStoreServiceTest$MockNamespaceService,innerclass,3,3,0,3,2,2,0,1,1,0.0,0.0,0.0,2,0,2,0,0,0,2,0,0,0,0,0,0,0,0,0,0,0,0,8,1,0,0,0,0,0,0,0,0,0,0,0,0,0,20,9,0
/Users/kaiohs/Downloads/codes/lab02-experimentacao-software/data/repos/kestra-io__kestra/core/src/test/java/io/kestra/core/server/ServiceTest.java,io.kestra.core.server.ServiceTest,class,2,2,0,2,8,1,0,10,28,0.0,0.0,0.0,8,0,0,0,0,8,8,0,0,0,0,0,0,0,0,0,0,0,6,33,0,0,0,0,0,1,0,6,0,12,0,0,0,6,28,0,0
/Users/kaiohs/Downloads/codes/lab02-experimentacao-software/data/repos/kestra-io__kestra/script/src/main/java/io/kestra/plugin/scripts/exec/scripts/models/ScriptOutputFormat.java,io.kestra.plugin.scripts.exec.scripts.models.ScriptOutputFormat,class,3,3,0,3,0,1,0,0,0,NaN,-1.0,-1.0,0,0,0,0,0,0,0,0,0,0,2,0,0,2,0,0,0,0,0,4,0,0,0,0,0,0,0,0,0,2,0,0,0,0,2,1,0
/Users/kaiohs/Downloads/codes/lab02-experimentacao-software/data/repos/kestra-io__kestra/core/src/main/java/io/kestra/plugin/core/storage/Size.java,io.kestra.plugin.core.storage.Size,class,16,16,0,16,1,2,0,10,0,0.0,NaN,NaN,1,0,1,0,0,0,1,0,0,0,1,0,0,1,0,0,0,0,1,11,1,0,0,0,0,4,0,2,0,3,0,0,1,0,38,1,0
/Users/kaiohs/Downloads/codes/lab02-experimentacao-software/data/repos/kestra-io__kestra/worker/src/test/java/io/kestra/worker/services/ExecutionKilledManagerTest.java,io.kestra.worker.services.ExecutionKilledManagerTest,class,13,14,1,13,23,1,0,35,0,0.5,0.0,0.0,23,2,0,2,0,21,21,0,0,0,2,0,0,2,0,0,0,0,15,184,2,0,0,0,0,81,0,54,2,54,1,0,0,15,92,0,0
/Users/kaiohs/Downloads/codes/lab02-experimentacao-software/data/repos/kestra-io__kestra/core/src/main/java/io/kestra/core/http/HttpRequest.java,io.kestra.core.http.HttpRequest$InputStreamRequestBody,innerclass,8,8,0,8,2,2,0,6,0,0.5,0.0,0.0,2,1,2,0,0,0,2,0,0,0,3,0,0,3,0,0,0,0,0,11,2,0,0,0,0,0,0,1,0,3,0,0,0,0,16,9,0
/Users/kaiohs/Downloads/codes/lab02-experimentacao-software/data/repos/kestra-io__kestra/core/src/main/java/io/kestra/core/repositories/FlowTopologyRepositoryInterface.java,io.kestra.core.repositories.FlowTopologyRepositoryInterface,interface,2,3,1,2,6,1,0,0,15,0.0,0.0,0.0,6,0,0,0,0,6,6,0,0,0,0,0,0,0,0,0,0,0,0,8,0,0,0,0,0,0,0,0,0,0,0,0,0,0,18,1,0
/Users/kaiohs/Downloads/codes/lab02-experimentacao-software/data/repos/kestra-io__kestra/core/src/main/java/io/kestra/core/models/flows/Flow.java,io.kestra.core.models.flows.Flow$Anonymous1,anonymous,1,1,0,1,1,1,0,4,0,0.0,NaN,NaN,1,0,1,0,0,0,1,0,0,0,0,0,0,0,0,0,0,0,1,6,1,0,0,0,0,4,0,1,0,1,0,0,0,0,7,-1,0
/Users/kaiohs/Downloads/codes/lab02-experimentacao-software/data/repos/kestra-io__kestra/core/src/test/java/io/kestra/core/storages/NamespaceFileTest.java,io.kestra.core.storages.NamespaceFileTest,class,3,3,0,3,14,1,0,15,0,0.14285715,0.0,0.0,14,0,0,0,0,14,14,0,0,0,1,1,0,1,0,0,1,0,32,60,0,0,0,0,0,39,0,9,0,9,0,0,0,3,65,0,0
/Users/kaiohs/Downloads/codes/lab02-experimentacao-software/data/repos/kestra-io__kestra/core/src/main/java/io/kestra/core/server/LocalServiceStateFactory.java,io.kestra.core.server.LocalServiceStateFactory,class,10,11,1,10,2,1,0,10,0,0.0,0.0,0.0,2,0,2,0,0,0,2,0,0,0,2,0,0,2,0,0,2,0,4,15,1,0,0,0,0,1,0,5,0,5,0,0,0,0,24,1,0
/Users/kaiohs/Downloads/codes/lab02-experimentacao-software/data/repos/kestra-io__kestra/core/src/test/java/io/kestra/core/runners/pebble/functions/RandomIntFunctionTest.java,io.kestra.core.runners.pebble.functions.RandomIntFunctionTest,class,5,5,0,5,11,1,0,9,0,0.0,0.0,0.0,6,0,0,0,0,6,6,0,0,0,1,0,0,0,0,1,0,0,8,26,0,0,1,0,0,22,15,3,0,4,0,0,0,5,33,0,0
/Users/kaiohs/Downloads/codes/lab02-experimentacao-software/data/repos/kestra-io__kestra/core/src/test/java/io/kestra/core/runners/pebble/filters/KeysFilterTest.java,io.kestra.core.runners.pebble.filters.KeysFilterTest,class,5,5,0,5,1,1,0,12,0,0.0,NaN,NaN,1,0,0,0,0,1,1,0,0,0,1,0,0,0,0,1,0,0,5,13,0,0,0,0,0,22,7,4,0,4,0,0,0,0,19,0,0
/Users/kaiohs/Downloads/codes/lab02-experimentacao-software/data/repos/kestra-io__kestra/cli/src/main/java/io/kestra/cli/commands/AbstractServiceNamespaceUpdateCommand.java,io.kestra.cli.commands.AbstractServiceNamespaceUpdateCommand,class,3,3,0,3,0,4,0,0,0,NaN,-1.0,-1.0,0,0,0,0,0,0,0,0,0,0,3,0,3,0,0,0,0,0,0,5,0,0,0,0,0,6,0,1,0,3,0,0,0,0,21,1025,0
/Users/kaiohs/Downloads/codes/lab02-experimentacao-software/data/repos/kestra-io__kestra/core/src/test/java/io/kestra/core/models/property/PropertyTest.java,io.kestra.core.models.property.PropertyTest,class,11,11,0,11,11,2,0,68,0,0.5,0.0,0.0,11,0,0,0,0,11,11,0,0,0,2,0,0,2,0,0,0,0,78,129,0,0,0,1,0,211,20,33,0,35,1,0,3,2,85,0,0
/Users/kaiohs/Downloads/codes/lab02-experimentacao-software/data/repos/kestra-io__kestra/core/src/test/java/io/kestra/plugin/core/condition/HasRetryAttemptTest.java,io.kestra.plugin.core.condition.HasRetryAttemptTest,class,8,8,0,8,2,1,0,19,0,0.0,0.0,0.0,2,0,0,0,0,2,2,0,0,0,1,0,0,0,0,1,0,0,6,22,0,0,0,0,0,2,0,12,0,9,0,0,0,0,18,0,0
/Users/kaiohs/Downloads/codes/lab02-experimentacao-software/data/repos/kestra-io__kestra/webserver/src/test/java/io/kestra/webserver/services/BasicAuthServiceTest.java,io.kestra.webserver.services.BasicAuthServiceTest,class,25,26,1,25,20,1,0,76,3,0.7,0.0,0.0,18,2,0,2,0,16,16,0,0,0,5,2,2,3,0,0,2,0,12,190,4,0,0,2,0,72,9,38,3,47,3,0,1,10,188,0,0
/Users/kaiohs/Downloads/codes/lab02-experimentacao-software/data/repos/kestra-io__kestra/core/src/test/java/io/kestra/core/utils/IdUtilsTest.java,io.kestra.core.utils.IdUtilsTest,class,3,3,0,3,4,1,0,7,6,0.0,0.0,0.0,4,0,0,0,0,4,4,0,0,0,0,0,0,0,0,0,0,0,0,26,0,0,0,0,0,14,0,6,0,6,0,0,0,0,73,0,0
/Users/kaiohs/Downloads/codes/lab02-experimentacao-software/data/repos/kestra-io__kestra/core/src/main/java/io/kestra/core/utils/Rethrow.java,io.kestra.core.utils.Rethrow$FunctionChecked,interface,2,2,0,2,1,1,0,0,0,0.0,NaN,NaN,1,0,0,0,0,1,1,0,0,0,0,0,0,0,0,0,0,0,0,3,0,0,0,0,0,0,0,0,0,0,0,0,0,0,6,1,0
/Users/kaiohs/Downloads/codes/lab02-experimentacao-software/data/repos/kestra-io__kestra/jdbc-mysql/src/main/java/io/kestra/repository/mysql/MysqlDashboardRepository.java,io.kestra.repository.mysql.MysqlDashboardRepository,class,12,12,0,12,2,4,0,1,1,0.0,0.0,0.0,2,0,1,0,1,0,2,0,0,0,0,0,0,0,0,0,0,0,1,8,1,0,0,0,0,1,0,0,0,0,0,0,0,0,9,1,0
/Users/kaiohs/Downloads/codes/lab02-experimentacao-software/data/repos/kestra-io__kestra/jdbc-h2/src/test/java/io/kestra/queue/h2/H2KeyedDispatchQueueTest.java,io.kestra.queue.h2.H2KeyedDispatchQueueTest,class,6,6,0,6,1,2,0,2,0,0.0,NaN,NaN,1,0,0,0,1,0,1,0,0,0,1,0,0,0,0,1,0,0,0,7,0,0,0,0,0,2,0,0,0,1,0,0,0,0,11,0,0
/Users/kaiohs/Downloads/codes/lab02-experimentacao-software/data/repos/kestra-io__kestra/core/src/test/java/io/kestra/core/utils/DisposableTest.java,io.kestra.core.utils.DisposableTest,class,2,2,0,2,1,1,0,4,0,0.0,NaN,NaN,1,0,0,0,0,1,1,0,0,0,0,0,0,0,0,0,0,0,0,9,0,0,0,0,0,0,2,2,0,2,0,0,0,0,12,0,0
/Users/kaiohs/Downloads/codes/lab02-experimentacao-software/data/repos/kestra-io__kestra/core/src/main/java/io/kestra/core/repositories/KvMetadataRepositoryInterface.java,io.kestra.core.repositories.KvMetadataRepositoryInterface,interface,6,9,3,6,6,1,0,3,15,0.0,0.0,0.0,6,0,0,0,0,6,6,0,0,0,0,0,0,0,0,0,0,0,0,12,2,0,0,0,0,0,0,0,0,0,0,0,0,0,44,1,0
/Users/kaiohs/Downloads/codes/lab02-experimentacao-software/data/repos/kestra-io__kestra/jdbc/src/main/java/io/kestra/jdbc/repository/AbstractJdbcLogRepository.java,io.kestra.jdbc.repository.AbstractJdbcLogRepository,class,33,34,1,33,70,2,0,76,991,0.90579706,0.0,0.0,46,0,27,7,12,0,39,2,0,0,3,2,0,2,1,0,3,0,2,243,47,0,17,0,0,50,0,48,0,45,2,0,0,12,120,1025,0
/Users/kaiohs/Downloads/codes/lab02-experimentacao-software/data/repos/kestra-io__kestra/core/src/test/java/io/kestra/plugin/core/trigger/FlowTest.java,io.kestra.plugin.core.trigger.FlowTest,class,9,9,0,9,3,1,0,39,0,0.0,0.0,0.0,3,0,0,0,0,3,3,0,0,0,2,0,0,0,0,2,0,0,14,45,0,0,0,0,0,80,9,12,0,14,0,0,0,0,24,0,0
/Users/kaiohs/Downloads/codes/lab02-experimentacao-software/data/repos/kestra-io__kestra/core/src/main/java/io/kestra/plugin/core/storage/DeduplicateItems.java,io.kestra.plugin.core.storage.DeduplicateItems$Output,innerclass,4,4,0,4,0,1,0,0,0,NaN,-1.0,-1.0,0,0,0,0,0,0,0,0,0,0,4,0,0,4,0,0,4,0,0,6,0,0,0,0,0,4,0,0,0,4,0,0,0,0,26,9,0
/Users/kaiohs/Downloads/codes/lab02-experimentacao-software/data/repos/kestra-io__kestra/core/src/test/java/io/kestra/plugin/core/condition/NotTest.java,io.kestra.plugin.core.condition.NotTest,class,10,10,0,10,2,1,0,15,1,0.5,0.0,0.0,2,1,0,0,0,2,2,0,0,0,1,0,0,0,0,1,0,0,4,13,1,0,0,0,0,6,0,4,0,5,0,0,0,0,17,0,0
/Users/kaiohs/Downloads/codes/lab02-experimentacao-software/data/repos/kestra-io__kestra/core/src/test/java/io/kestra/core/runners/RunContextSDKTest.java,io.kestra.core.runners.RunContextSDKTest,class,8,8,0,8,3,1,0,12,0,0.0,0.0,0.0,3,0,0,0,0,3,3,0,0,0,2,0,0,2,0,0,0,0,0,25,0,0,0,0,0,9,0,3,0,5,0,0,0,0,27,0,0
/Users/kaiohs/Downloads/codes/lab02-experimentacao-software/data/repos/kestra-io__kestra/webserver/src/main/java/io/kestra/webserver/utils/filepreview/ImageFileRender.java,io.kestra.webserver.utils.filepreview.ImageFileRender$ImageFileExtension,enum,2,2,0,2,2,1,0,5,0,0.0,0.0,0.0,2,1,1,0,0,1,2,0,0,0,1,0,0,1,0,0,1,0,2,8,1,0,0,0,0,7,0,1,0,2,0,0,0,1,19,1,0
/Users/kaiohs/Downloads/codes/lab02-experimentacao-software/data/repos/kestra-io__kestra/cli/src/main/java/io/kestra/cli/commands/migrations/metadata/SecretsMetadataMigrationCommand.java,io.kestra.cli.commands.migrations.metadata.SecretsMetadataMigrationCommand,class,6,7,1,6,2,3,0,6,0,0.0,NaN,NaN,1,0,1,0,0,0,1,0,0,0,1,0,0,1,0,0,0,0,0,16,2,0,0,1,0,4,2,0,1,1,1,0,0,0,14,1,0
/Users/kaiohs/Downloads/codes/lab02-experimentacao-software/data/repos/kestra-io__kestra/core/src/main/java/io/kestra/plugin/core/condition/DayWeek.java,io.kestra.plugin.core.condition.DayWeek,class,15,15,0,15,1,2,0,9,0,0.0,NaN,NaN,1,0,1,0,0,0,1,0,0,0,2,0,0,2,0,0,1,0,0,10,1,0,0,0,0,8,0,4,0,5,0,0,0,0,44,1,0
/Users/kaiohs/Downloads/codes/lab02-experimentacao-software/data/repos/kestra-io__kestra/core/src/main/java/io/kestra/core/models/executions/AbstractMetricEntry.java,io.kestra.core.models.executions.AbstractMetricEntry,class,16,21,5,16,13,1,0,19,10,0.625,0.0,0.0,8,1,4,1,3,0,7,4,0,0,4,0,0,0,4,0,0,0,5,34,4,1,4,0,0,7,6,7,3,7,1,0,0,1,41,1025,0
/Users/kaiohs/Downloads/codes/lab02-experimentacao-software/data/repos/kestra-io__kestra/core/src/main/java/io/kestra/core/runners/AclChecker.java,io.kestra.core.runners.AclChecker$AllowedResources,interface,0,0,0,0,1,1,0,0,0,0.0,NaN,NaN,1,0,0,0,0,1,1,0,0,0,0,0,0,0,0,0,0,0,0,3,0,0,0,0,0,0,0,0,0,0,0,0,0,0,33,0,0
/Users/kaiohs/Downloads/codes/lab02-experimentacao-software/data/repos/kestra-io__kestra/jdbc-postgres/src/main/java/io/kestra/repository/postgres/PostgresTaskOutputRepository.java,io.kestra.repository.postgres.PostgresTaskOutputRepository,class,6,6,0,6,1,2,0,0,0,0.0,NaN,NaN,1,0,1,0,0,0,1,0,0,0,0,0,0,0,0,0,0,0,0,5,0,0,0,0,0,1,0,0,0,0,0,0,0,0,7,1,0
/Users/kaiohs/Downloads/codes/lab02-experimentacao-software/data/repos/kestra-io__kestra/jdbc-h2/src/test/java/io/kestra/repository/h2/H2ExecutionRepositoryTest.java,io.kestra.repository.h2.H2ExecutionRepositoryTest,class,2,2,0,2,1,2,0,0,0,0.0,NaN,NaN,1,0,0,0,1,0,1,0,0,0,0,0,0,0,0,0,0,0,0,4,0,0,0,0,0,0,0,0,0,0,0,0,0,0,7,1,0
/Users/kaiohs/Downloads/codes/lab02-experimentacao-software/data/repos/kestra-io__kestra/core/src/main/java/io/kestra/core/queues/QueueInterface.java,io.kestra.core.queues.QueueInterface,interface,4,5,1,4,22,1,0,13,231,0.0,0.0,0.0,22,0,0,0,0,22,22,0,0,0,0,0,0,0,0,0,0,0,2,54,7,0,0,0,0,0,0,0,0,1,0,0,0,1,55,1,0
/Users/kaiohs/Downloads/codes/lab02-experimentacao-software/data/repos/kestra-io__kestra/core/src/test/java/io/kestra/core/runners/pebble/filters/ValuesFilterTest.java,io.kestra.core.runners.pebble.filters.ValuesFilterTest$Anonymous2,anonymous,0,0,0,0,0,1,0,0,0,0.0,-1.0,-1.0,0,0,0,0,0,0,0,0,0,0,0,0,0,0,0,0,0,0,0,2,0,0,0,0,0,0,0,0,0,0,0,0,0,0,0,-1,0
/Users/kaiohs/Downloads/codes/lab02-experimentacao-software/data/repos/kestra-io__kestra/core/src/test/java/io/kestra/core/runners/pebble/filters/ValuesFilterTest.java,io.kestra.core.runners.pebble.filters.ValuesFilterTest$Anonymous1,anonymous,0,0,0,0,0,1,0,0,0,0.0,-1.0,-1.0,0,0,0,0,0,0,0,0,0,0,0,0,0,0,0,0,0,0,0,2,0,0,0,0,0,0,0,0,0,0,0,0,0,0,0,-1,0
/Users/kaiohs/Downloads/codes/lab02-experimentacao-software/data/repos/kestra-io__kestra/core/src/main/java/io/kestra/core/queues/QueueService.java,io.kestra.core.queues.QueueService,class,4,4,0,4,4,1,0,3,0,0.0,NaN,NaN,1,0,1,0,0,0,1,0,0,0,0,0,0,0,0,0,0,0,0,16,3,0,2,0,0,2,0,0,1,0,1,0,0,0,14,1,0
/Users/kaiohs/Downloads/codes/lab02-experimentacao-software/data/repos/kestra-io__kestra/tests/src/main/java/io/kestra/core/models/tasks/runners/AbstractTaskRunnerTest.java,io.kestra.core.models.tasks.runners.AbstractTaskRunnerTest,class,22,24,2,22,17,1,1,85,6,0.61538464,0.0,0.0,13,0,0,0,13,0,13,1,0,0,2,0,0,1,1,0,0,0,31,149,7,0,1,0,2,72,1,43,5,45,1,2,0,4,88,1025,0
/Users/kaiohs/Downloads/codes/lab02-experimentacao-software/data/repos/kestra-io__kestra/webserver/src/main/java/io/kestra/webserver/services/ai/MetricChatModelListener.java,io.kestra.webserver.services.ai.MetricChatModelListener,class,11,12,1,11,8,1,0,24,1,0.33333334,0.0,0.0,3,0,2,1,0,0,2,0,0,0,1,0,0,1,0,0,0,0,2,35,1,0,5,0,0,13,0,8,1,9,2,0,0,0,29,1,1
/Users/kaiohs/Downloads/codes/lab02-experimentacao-software/data/repos/kestra-io__kestra/core/src/test/java/io/kestra/core/tasks/test/Encrypted.java,io.kestra.core.tasks.test.Encrypted,class,14,14,0,14,1,2,0,4,0,0.0,NaN,NaN,1,0,1,0,0,0,1,0,0,0,1,0,0,1,0,0,0,0,0,9,1,0,0,0,0,3,0,0,0,1,0,0,1,0,20,1,0
/Users/kaiohs/Downloads/codes/lab02-experimentacao-software/data/repos/kestra-io__kestra/scheduler/src/main/java/io/kestra/scheduler/TriggerSchedulerMonitor.java,io.kestra.scheduler.TriggerSchedulerMonitor,class,13,14,1,13,10,1,0,24,0,0.1,0.0,0.0,2,0,2,0,0,0,2,0,0,0,5,1,0,5,0,0,5,0,0,45,2,0,3,1,0,9,1,8,0,9,4,0,0,1,54,1,2
/Users/kaiohs/Downloads/codes/lab02-experimentacao-software/data/repos/kestra-io__kestra/core/src/main/java/io/kestra/core/models/hierarchies/AbstractGraphTrigger.java,io.kestra.core.models.hierarchies.AbstractGraphTrigger,class,9,11,2,9,5,2,1,4,1,0.5,0.0,0.0,3,0,3,0,0,0,3,0,0,0,2,0,0,2,0,0,1,0,1,19,3,0,2,0,0,0,0,2,0,2,1,0,0,0,12,1025,0
/Users/kaiohs/Downloads/codes/lab02-experimentacao-software/data/repos/kestra-io__kestra/core/src/main/java/io/kestra/core/models/executions/metrics/Timer.java,io.kestra.core.models.executions.metrics.Timer,class,11,14,3,11,5,2,0,5,0,0.6666667,0.0,0.0,5,2,4,1,0,0,4,0,0,0,3,1,1,2,0,0,2,0,0,21,2,0,0,0,0,1,0,4,0,3,0,0,0,0,15,1,0
/Users/kaiohs/Downloads/codes/lab02-experimentacao-software/data/repos/kestra-io__kestra/worker/src/test/java/io/kestra/worker/stores/GrpcWorkerFlowMetaStoreTest.java,io.kestra.worker.stores.GrpcWorkerFlowMetaStoreTest,class,10,11,1,10,4,2,0,21,0,0.5833333,0.0,0.0,4,0,0,1,1,2,3,0,0,0,3,0,0,1,0,2,0,0,2,22,1,0,0,0,0,2,0,5,0,7,0,0,0,0,33,0,0
/Users/kaiohs/Downloads/codes/lab02-experimentacao-software/data/repos/kestra-io__kestra/core/src/test/java/io/kestra/core/runners/pebble/filters/SubstringFilterTest.java,io.kestra.core.runners.pebble.filters.SubstringFilterTest,class,4,4,0,4,4,1,0,4,0,0.0,0.0,0.0,4,0,0,0,0,4,4,0,0,0,1,0,0,0,0,1,0,0,5,21,0,0,0,0,0,10,0,5,0,5,0,0,0,0,17,0,0
/Users/kaiohs/Downloads/codes/lab02-experimentacao-software/data/repos/kestra-io__kestra/core/src/main/java/io/kestra/core/models/flows/check/Check.java,io.kestra.core.models.flows.check.Check,class,8,11,3,8,3,1,0,7,0,1.0,NaN,NaN,1,1,1,0,0,0,1,0,0,0,4,0,0,0,0,4,0,0,1,21,2,0,1,0,0,0,0,2,0,4,1,0,2,0,92,1,0
/Users/kaiohs/Downloads/codes/lab02-experimentacao-software/data/repos/kestra-io__kestra/jdbc-postgres/src/main/java/io/kestra/runner/postgres/PostgresExecutionQueuedStateStore.java,io.kestra.runner.postgres.PostgresExecutionQueuedStateStore,class,6,6,0,6,1,3,0,0,0,0.0,NaN,NaN,1,0,1,0,0,0,1,0,0,0,0,0,0,0,0,0,0,0,0,5,0,0,0,0,0,1,0,0,0,0,0,0,0,0,8,1,0
/Users/kaiohs/Downloads/codes/lab02-experimentacao-software/data/repos/kestra-io__kestra/core/src/main/java/io/kestra/plugin/core/dashboard/data/ExecutionsKPI.java,io.kestra.plugin.core.dashboard.data.ExecutionsKPI,class,16,16,0,16,1,1,0,0,0,0.0,NaN,NaN,1,0,1,0,0,0,1,0,0,0,0,0,0,0,0,0,0,0,0,5,1,0,0,0,0,4,0,0,0,0,0,0,0,0,17,1,0
/Users/kaiohs/Downloads/codes/lab02-experimentacao-software/data/repos/kestra-io__kestra/core/src/test/java/io/kestra/core/docs/JsonSchemaGeneratorTest.java,io.kestra.core.docs.JsonSchemaGeneratorTest$TaskWithSubTaskAndSubTrigger,innerclass,12,12,0,12,1,2,0,0,0,1.0,NaN,NaN,1,0,1,0,0,0,1,0,0,0,2,0,0,2,0,0,0,0,0,7,1,0,0,0,0,2,0,0,0,2,0,0,0,0,15,9,0
/Users/kaiohs/Downloads/codes/lab02-experimentacao-software/data/repos/kestra-io__kestra/core/src/main/java/io/kestra/core/models/flows/input/SelectInput.java,io.kestra.core.models.flows.input.SelectInput,class,12,15,3,12,13,2,0,43,0,0.55,0.0,0.0,4,0,3,1,0,0,3,0,0,0,5,0,0,0,0,5,0,0,2,42,6,0,2,1,0,10,0,6,2,8,2,0,0,0,70,1,0
/Users/kaiohs/Downloads/codes/lab02-experimentacao-software/data/repos/kestra-io__kestra/core/src/main/java/io/kestra/plugin/core/condition/ExecutionFlow.java,io.kestra.plugin.core.condition.ExecutionFlow,class,14,14,0,14,2,2,0,9,0,0.0,NaN,NaN,1,0,1,0,0,0,1,0,0,0,2,0,0,2,0,0,0,0,0,11,1,0,1,0,0,7,0,1,0,3,1,0,0,0,31,1,0
/Users/kaiohs/Downloads/codes/lab02-experimentacao-software/data/repos/kestra-io__kestra/core/src/test/java/io/kestra/core/runners/FlowTriggerCaseTest.java,io.kestra.core.runners.FlowTriggerCaseTest,class,5,6,1,5,3,1,0,27,0,0.44444445,0.0,0.0,3,0,3,0,0,0,3,0,0,0,3,1,1,1,1,0,1,0,1,50,0,0,0,0,0,53,13,11,1,25,0,0,0,12,51,1,0
/Users/kaiohs/Downloads/codes/lab02-experimentacao-software/data/repos/kestra-io__kestra/core/src/test/java/io/kestra/plugin/core/flow/SubflowTest.java,io.kestra.plugin.core.flow.SubflowTest,class,18,18,0,18,3,1,0,49,0,0.46666664,0.0,0.0,3,0,0,0,0,3,3,0,0,0,5,2,1,4,0,0,2,0,11,32,0,0,0,0,0,10,0,10,0,13,0,0,0,0,60,0,0
/Users/kaiohs/Downloads/codes/lab02-experimentacao-software/data/repos/kestra-io__kestra/webserver/src/main/java/io/kestra/webserver/responses/PagedResults.java,io.kestra.webserver.responses.PagedResults,class,7,29,22,7,2,1,0,1,0,0.25,NaN,NaN,2,1,1,1,0,0,1,0,0,0,2,0,0,2,0,0,0,0,0,11,1,0,0,0,0,0,0,2,0,2,0,0,0,0,5,1,0
/Users/kaiohs/Downloads/codes/lab02-experimentacao-software/data/repos/kestra-io__kestra/core/src/main/java/io/kestra/core/contexts/KestraContext.java,io.kestra.core.contexts.KestraContext,class,5,18,13,5,12,2,2,4,64,0.95,0.0,0.0,12,2,12,0,0,0,12,9,0,0,5,5,2,3,0,0,5,0,1,79,1,0,0,0,0,6,0,5,0,5,0,0,1,1,99,1025,0
/Users/kaiohs/Downloads/codes/lab02-experimentacao-software/data/repos/kestra-io__kestra/worker-controller/src/test/java/io/kestra/controller/resolver/StaticNameResolverTest.java,io.kestra.controller.resolver.StaticNameResolverTest$TestListener,innerclass,3,3,0,3,3,2,0,1,1,0.33333334,0.0,0.0,3,0,2,0,0,1,3,0,0,0,1,0,0,1,0,0,1,0,0,11,0,0,0,0,0,0,0,1,0,1,0,0,0,0,8,10,0
/Users/kaiohs/Downloads/codes/lab02-experimentacao-software/data/repos/kestra-io__kestra/core/src/main/java/io/kestra/plugin/core/storage/DeduplicateItems.java,io.kestra.plugin.core.storage.DeduplicateItems$PebbleFieldExtractor,innerclass,4,4,0,4,4,1,0,4,1,0.44444445,0.0,0.0,3,0,3,0,0,0,3,0,0,0,3,1,0,2,1,0,3,0,0,20,2,0,0,1,0,1,0,3,0,3,1,0,0,0,30,10,0
/Users/kaiohs/Downloads/codes/lab02-experimentacao-software/data/repos/kestra-io__kestra/core/src/main/java/io/kestra/core/runners/pebble/Extension.java,io.kestra.core.runners.pebble.Extension,class,83,87,4,83,11,2,0,2,28,0.875,0.0,0.0,8,0,8,0,0,0,8,0,0,0,11,0,0,11,0,0,0,0,0,122,8,0,3,0,0,38,3,4,0,15,1,0,0,0,119,1,0
/Users/kaiohs/Downloads/codes/lab02-experimentacao-software/data/repos/kestra-io__kestra/core/src/main/java/io/kestra/core/contexts/KestraBeansFactory.java,io.kestra.core.contexts.KestraBeansFactory,class,22,23,1,22,6,1,0,7,15,0.8333333,0.0,0.0,6,0,6,0,0,0,6,0,0,0,3,0,0,0,1,2,0,0,2,23,5,0,0,0,0,5,0,1,0,4,0,0,0,1,39,1,0
/Users/kaiohs/Downloads/codes/lab02-experimentacao-software/data/repos/kestra-io__kestra/core/src/main/java/io/kestra/core/repositories/TaskOutputRepositoryInterface.java,io.kestra.core.repositories.TaskOutputRepositoryInterface,interface,2,3,1,2,4,1,0,0,6,0.0,0.0,0.0,4,0,0,0,0,4,4,0,0,0,0,0,0,0,0,0,0,0,0,6,0,0,0,0,0,0,0,0,0,0,0,0,0,0,43,1,0
/Users/kaiohs/Downloads/codes/lab02-experimentacao-software/data/repos/kestra-io__kestra/core/src/main/java/io/kestra/core/runners/pebble/filters/Sha512Filter.java,io.kestra.core.runners.pebble.filters.Sha512Filter,class,1,2,1,1,1,2,0,0,0,0.0,NaN,NaN,1,0,1,0,0,0,1,0,0,0,0,0,0,0,0,0,0,0,0,5,0,0,0,0,0,1,0,0,0,0,0,0,0,0,8,1,0
/Users/kaiohs/Downloads/codes/lab02-experimentacao-software/data/repos/kestra-io__kestra/webserver/src/main/java/io/kestra/webserver/models/ChartFiltersOverrides.java,io.kestra.webserver.models.ChartFiltersOverrides,class,5,6,1,5,0,1,0,0,0,NaN,-1.0,-1.0,0,0,0,0,0,0,0,0,0,0,7,0,0,7,0,0,0,0,0,9,0,0,0,0,0,0,0,1,0,7,0,0,0,0,15,1,0
/Users/kaiohs/Downloads/codes/lab02-experimentacao-software/data/repos/kestra-io__kestra/core/src/main/java/io/kestra/core/models/dashboards/ColumnDescriptor.java,io.kestra.core.models.dashboards.ColumnDescriptor,class,6,10,4,6,0,1,0,0,0,NaN,-1.0,-1.0,0,0,0,0,0,0,0,0,0,0,4,0,0,4,0,0,0,0,0,6,0,0,0,0,0,0,0,0,0,4,0,0,0,0,12,1,0
/Users/kaiohs/Downloads/codes/lab02-experimentacao-software/data/repos/kestra-io__kestra/core/src/main/java/io/kestra/core/models/executions/ExecutionKilledTrigger.java,io.kestra.core.models.executions.ExecutionKilledTrigger,class,11,12,1,11,3,2,0,8,1,0.625,0.0,0.0,2,0,2,0,0,0,2,0,0,0,4,0,0,0,1,3,0,0,1,12,2,0,1,0,1,1,0,1,0,4,0,0,0,0,19,1,0
/Users/kaiohs/Downloads/codes/lab02-experimentacao-software/data/repos/kestra-io__kestra/core/src/main/java/io/kestra/core/scheduler/vnodes/VNodes.java,io.kestra.core.scheduler.vnodes.VNodes,class,4,9,5,4,4,1,0,13,6,0.75,0.0,0.0,4,4,4,0,0,0,4,0,0,0,1,1,0,1,0,0,1,0,6,18,4,0,0,0,0,2,1,2,0,2,0,0,0,0,42,17,0
/Users/kaiohs/Downloads/codes/lab02-experimentacao-software/data/repos/kestra-io__kestra/core/src/main/java/io/kestra/core/runners/RunVariables.java,io.kestra.core.runners.RunVariables,class,14,17,3,14,25,1,0,49,78,1.0,0.0,0.0,13,8,4,4,0,5,9,0,0,0,3,3,3,0,0,0,3,0,13,305,10,1,8,0,0,30,5,11,0,16,2,0,2,5,78,17,0
/Users/kaiohs/Downloads/codes/lab02-experimentacao-software/data/repos/kestra-io__kestra/core/src/main/java/io/kestra/core/runners/SDK.java,io.kestra.core.runners.SDK,interface,3,7,4,3,2,1,0,0,1,0.0,0.0,0.0,2,0,0,0,0,2,2,0,0,0,0,0,0,0,0,0,0,0,0,5,0,0,0,0,0,1,0,0,0,0,0,0,0,0,42,1,0
/Users/kaiohs/Downloads/codes/lab02-experimentacao-software/data/repos/kestra-io__kestra/jmh-benchmarks/src/jmh/java/io/kestra/core/executions/ExecutionsBenchmark.java,io.kestra.core.executions.ExecutionsBenchmark,class,8,9,1,8,5,1,0,22,0,0.25,0.0,0.0,4,0,3,0,0,1,4,0,0,0,1,0,0,0,0,1,0,0,0,19,3,1,0,0,0,0,3,3,0,5,1,0,0,2,23,1,0
/Users/kaiohs/Downloads/codes/lab02-experimentacao-software/data/repos/kestra-io__kestra/core/src/main/java/io/kestra/core/serializers/ListOrMapOfLabelSerializer.java,io.kestra.core.serializers.ListOrMapOfLabelSerializer,class,3,6,3,3,4,2,0,3,0,0.0,NaN,NaN,1,0,1,0,0,0,1,0,0,0,0,0,0,0,0,0,0,0,0,16,0,0,1,0,0,1,0,0,0,0,1,0,0,0,41,1,0
/Users/kaiohs/Downloads/codes/lab02-experimentacao-software/data/repos/kestra-io__kestra/core/src/test/java/io/kestra/core/runners/pebble/filters/NindentFilterTest.java,io.kestra.core.runners.pebble.filters.NindentFilterTest,class,4,4,0,4,10,1,0,6,0,0.0,0.0,0.0,10,0,0,0,0,10,10,0,0,0,1,0,0,0,0,1,0,0,13,43,0,0,0,0,0,21,0,10,2,11,0,0,0,0,30,0,0
/Users/kaiohs/Downloads/codes/lab02-experimentacao-software/data/repos/kestra-io__kestra/core/src/main/java/io/kestra/core/runners/pebble/filters/StringFilter.java,io.kestra.core.runners.pebble.filters.StringFilter,class,3,4,1,3,4,1,0,1,1,0.0,0.0,0.0,2,0,2,0,0,0,2,0,0,0,0,0,0,0,0,0,0,0,0,10,4,0,1,0,0,0,0,0,0,0,1,0,0,0,16,1,0
/Users/kaiohs/Downloads/codes/lab02-experimentacao-software/data/repos/kestra-io__kestra/worker/src/test/java/io/kestra/worker/senders/GrpcWorkerIOSenderTest.java,io.kestra.worker.senders.GrpcWorkerIOSenderTest,class,23,24,1,23,7,1,0,53,7,0.64285713,0.0,0.0,7,2,0,2,0,5,5,0,0,0,4,0,0,1,0,3,0,0,12,58,4,0,0,0,0,12,8,12,1,16,1,1,0,3,57,0,0
/Users/kaiohs/Downloads/codes/lab02-experimentacao-software/data/repos/kestra-io__kestra/core/src/main/java/io/kestra/core/runners/RunContextSDKFactory.java,io.kestra.core.runners.RunContextSDKFactory$SDKImpl,innerclass,7,7,0,7,6,1,0,7,0,0.5,0.0,0.0,2,0,1,0,0,1,2,0,0,0,5,4,0,5,0,0,5,0,1,24,3,0,0,0,0,7,0,7,4,8,2,0,0,2,44,8,0
/Users/kaiohs/Downloads/codes/lab02-experimentacao-software/data/repos/kestra-io__kestra/queue/src/test/java/io/kestra/queue/AbstractQueueTest.java,io.kestra.queue.AbstractQueueTest,class,0,4,4,0,1,1,4,3,0,0.0,NaN,NaN,1,0,0,0,1,0,1,0,0,0,0,0,0,0,0,0,0,0,1,7,1,0,0,0,0,0,1,2,0,2,0,0,0,0,10,1,0
/Users/kaiohs/Downloads/codes/lab02-experimentacao-software/data/repos/kestra-io__kestra/core/src/main/java/io/kestra/core/server/ServiceLivenessManager.java,io.kestra.core.server.ServiceLivenessManager,class,25,27,2,25,48,2,0,74,36,0.79411757,0.0,0.0,17,0,6,7,4,0,10,0,0,0,8,1,0,7,1,0,7,0,3,214,17,1,10,2,1,14,0,40,3,36,4,0,2,3,168,1,10
/Users/kaiohs/Downloads/codes/lab02-experimentacao-software/data/repos/kestra-io__kestra/worker-controller/src/main/java/io/kestra/controller/messages/MessageFormat.java,io.kestra.controller.messages.MessageFormat,interface,5,15,10,5,5,1,0,1,6,0.0,0.0,0.0,4,1,0,0,0,4,4,0,0,0,0,0,0,0,0,0,0,0,0,13,2,0,0,1,0,0,0,0,0,0,1,0,0,0,28,1,0
/Users/kaiohs/Downloads/codes/lab02-experimentacao-software/data/repos/kestra-io__kestra/core/src/main/java/io/kestra/core/utils/Rethrow.java,io.kestra.core.utils.Rethrow$SupplierChecked,interface,1,1,0,1,1,1,0,0,0,0.0,NaN,NaN,1,0,0,0,0,1,1,0,0,0,0,0,0,0,0,0,0,0,0,3,0,0,0,0,0,0,0,0,0,0,0,0,0,0,4,1,0
/Users/kaiohs/Downloads/codes/lab02-experimentacao-software/data/repos/kestra-io__kestra/webserver/src/main/java/io/kestra/webserver/controllers/api/NamespaceController.java,io.kestra.webserver.controllers.api.NamespaceController,class,26,27,1,26,12,1,0,52,13,0.79999995,0.0,0.0,6,0,4,0,2,0,6,0,0,0,5,1,0,4,1,0,1,0,19,33,7,0,3,0,0,28,5,6,1,14,1,0,0,4,94,1,0
/Users/kaiohs/Downloads/codes/lab02-experimentacao-software/data/repos/kestra-io__kestra/webserver/src/main/java/io/kestra/webserver/controllers/api/SecretController.java,io.kestra.webserver.controllers.api.SecretController,class,17,17,0,17,4,1,0,7,1,0.5,0.0,0.0,2,0,1,0,1,0,2,0,0,0,2,0,0,0,2,0,0,0,1,16,3,0,1,0,0,14,0,3,0,5,1,0,0,0,31,1,0
/Users/kaiohs/Downloads/codes/lab02-experimentacao-software/data/repos/kestra-io__kestra/core/src/main/java/io/kestra/core/runners/RunContextLoggerFactory.java,io.kestra.core.runners.RunContextLoggerFactory,class,14,18,4,14,7,1,0,7,0,0.14285715,0.0,0.0,7,0,7,0,0,0,7,0,0,0,1,0,0,1,0,0,1,0,0,24,6,0,0,0,0,0,0,1,0,1,0,0,0,0,22,1,0
/Users/kaiohs/Downloads/codes/lab02-experimentacao-software/data/repos/kestra-io__kestra/core/src/main/java/io/kestra/core/models/executions/statistics/ExecutionStatistics.java,io.kestra.core.models.executions.statistics.ExecutionStatistics,class,3,3,0,3,0,1,0,0,0,NaN,-1.0,-1.0,0,0,0,0,0,0,0,0,0,0,6,0,0,6,0,0,0,0,0,8,0,0,0,0,0,0,0,0,0,6,0,0,0,0,12,1,0
/Users/kaiohs/Downloads/codes/lab02-experimentacao-software/data/repos/kestra-io__kestra/core/src/main/java/io/kestra/core/exceptions/InvalidException.java,io.kestra.core.exceptions.InvalidException,class,1,1,0,1,2,5,0,0,0,0.5,0.0,0.0,2,0,2,0,0,0,2,0,0,0,2,1,0,2,0,0,2,0,0,11,1,0,0,0,0,0,1,2,0,2,0,0,0,0,30,1,0
/Users/kaiohs/Downloads/codes/lab02-experimentacao-software/data/repos/kestra-io__kestra/core/src/main/java/io/kestra/core/runners/pebble/expression/InExpression.java,io.kestra.core.runners.pebble.expression.InExpression,class,4,4,0,4,4,2,0,3,6,0.0,0.0,0.0,4,0,4,0,0,0,4,0,0,0,0,0,0,0,0,0,0,0,1,12,1,0,0,0,0,1,0,0,0,0,0,0,0,0,14,1,0
/Users/kaiohs/Downloads/codes/lab02-experimentacao-software/data/repos/kestra-io__kestra/cli/src/main/java/io/kestra/cli/commands/sys/ReindexCommand.java,io.kestra.cli.commands.sys.ReindexCommand,class,10,12,2,10,2,3,0,18,0,0.0,NaN,NaN,1,0,1,0,0,0,1,0,0,0,2,0,0,2,0,0,0,0,1,18,1,0,0,0,0,10,1,3,2,7,1,0,0,2,43,1,0
/Users/kaiohs/Downloads/codes/lab02-experimentacao-software/data/repos/kestra-io__kestra/core/src/main/java/io/kestra/core/utils/RetryUtils.java,io.kestra.core.utils.RetryUtils$RetryFailed,innerclass,2,2,0,2,1,3,0,4,0,0.33333334,NaN,NaN,1,0,1,0,0,0,1,0,0,0,3,1,0,3,0,0,3,0,0,10,0,0,0,0,0,3,1,3,1,3,0,0,0,0,19,9,0
/Users/kaiohs/Downloads/codes/lab02-experimentacao-software/data/repos/kestra-io__kestra/jdbc-postgres/src/test/java/io/kestra/core/reporter/reports/PostgresFeatureUsageReportTest.java,io.kestra.core.reporter.reports.PostgresFeatureUsageReportTest,class,2,2,0,2,0,2,0,0,0,0.0,-1.0,-1.0,0,0,0,0,0,0,0,0,0,0,0,0,0,0,0,0,0,0,0,2,0,0,0,0,0,0,0,0,0,0,0,0,0,0,6,0,0
/Users/kaiohs/Downloads/codes/lab02-experimentacao-software/data/repos/kestra-io__kestra/core/src/test/java/io/kestra/core/validations/RegexTest.java,io.kestra.core.validations.RegexTest$RegexCls,innerclass,3,3,0,3,0,1,0,0,0,NaN,-1.0,-1.0,0,0,0,0,0,0,0,0,0,0,1,0,0,0,0,1,0,0,0,3,0,0,0,0,0,0,0,0,0,1,0,0,0,0,3,9,0
/Users/kaiohs/Downloads/codes/lab02-experimentacao-software/data/repos/kestra-io__kestra/cli/src/main/java/io/kestra/cli/listeners/GracefulEmbeddedServiceShutdownListener.java,io.kestra.cli.listeners.GracefulEmbeddedServiceShutdownListener,class,10,10,0,10,7,1,0,21,3,0.6666667,0.0,0.0,3,0,2,1,0,0,2,0,0,0,1,0,0,0,0,1,0,0,1,25,2,0,2,1,0,3,1,3,0,7,1,0,0,4,54,1,2
/Users/kaiohs/Downloads/codes/lab02-experimentacao-software/data/repos/kestra-io__kestra/jdbc-h2/src/main/java/io/kestra/repository/h2/H2Repository.java,io.kestra.repository.h2.H2Repository,class,24,44,20,24,14,1,0,44,21,0.0,0.0,0.0,7,0,6,1,0,0,6,0,0,0,0,0,0,0,0,0,0,0,1,59,10,0,3,0,0,10,3,9,2,16,1,0,1,8,58,1,0
/Users/kaiohs/Downloads/codes/lab02-experimentacao-software/data/repos/kestra-io__kestra/jdbc-h2/src/main/java/io/kestra/repository/h2/H2FlowRepositoryService.java,io.kestra.repository.h2.H2FlowRepositoryService,class,4,5,1,4,9,1,0,12,3,0.0,0.0,0.0,3,3,3,0,0,0,3,0,0,0,0,0,0,0,0,0,0,0,2,36,3,0,3,0,0,4,0,5,0,9,3,0,0,2,24,1025,0
/Users/kaiohs/Downloads/codes/lab02-experimentacao-software/data/repos/kestra-io__kestra/core/src/test/java/io/kestra/core/reporter/SchedulesTest.java,io.kestra.core.reporter.SchedulesTest,class,1,1,0,1,5,1,0,16,10,0.0,0.0,0.0,5,0,0,0,0,5,5,0,0,0,0,0,0,0,0,0,0,0,11,40,0,0,0,0,0,2,8,17,0,17,0,0,0,2,42,0,0
/Users/kaiohs/Downloads/codes/lab02-experimentacao-software/data/repos/kestra-io__kestra/core/src/test/java/io/kestra/core/runners/pebble/functions/FileExistsFunctionTest.java,io.kestra.core.runners.pebble.functions.FileExistsFunctionTest,class,10,11,1,10,14,1,0,31,0,0.70769227,0.0,0.0,13,0,0,4,0,9,9,0,0,0,5,2,0,2,0,3,2,0,35,78,4,0,0,0,1,116,0,31,7,34,0,0,0,3,89,0,0
/Users/kaiohs/Downloads/codes/lab02-experimentacao-software/data/repos/kestra-io__kestra/worker-controller/src/main/java/io/kestra/controller/grpc/services/WorkerStreamContext.java,io.kestra.controller.grpc.services.WorkerStreamContext,class,7,18,11,7,18,1,0,12,11,0.7386364,0.0,0.0,11,0,11,0,0,0,11,0,0,0,8,0,0,8,0,0,7,0,5,70,6,1,2,0,0,5,5,13,1,10,2,0,0,0,175,1,4
/Users/kaiohs/Downloads/codes/lab02-experimentacao-software/data/repos/kestra-io__kestra/worker-controller/src/test/java/io/kestra/controller/GrpcChannelManagerTest.java,io.kestra.controller.GrpcChannelManagerTest,class,19,20,1,19,35,1,0,41,99,0.3529412,0.0,0.0,34,8,0,7,0,27,27,0,0,0,1,0,0,1,0,0,0,0,117,228,8,0,1,0,0,31,40,89,0,68,1,0,0,4,113,0,0
/Users/kaiohs/Downloads/codes/lab02-experimentacao-software/data/repos/kestra-io__kestra/core/src/test/java/io/kestra/core/runners/FlowInputOutputTest.java,io.kestra.core.runners.FlowInputOutputTest,class,31,31,0,31,21,2,0,71,0,0.70748293,0.0,0.0,21,0,0,0,0,21,21,0,0,0,7,3,0,2,0,5,3,0,45,206,2,0,0,0,1,152,7,67,0,71,0,2,2,2,129,0,0
/Users/kaiohs/Downloads/codes/lab02-experimentacao-software/data/repos/kestra-io__kestra/core/src/test/java/io/kestra/plugin/core/kv/PutTest.java,io.kestra.plugin.core.kv.PutTest,class,10,11,1,10,7,1,0,37,0,0.071428575,0.0,0.0,7,0,0,1,0,6,6,0,0,0,2,1,0,0,0,2,1,0,36,59,1,0,0,0,0,75,21,26,7,27,0,0,0,2,75,0,0
/Users/kaiohs/Downloads/codes/lab02-experimentacao-software/data/repos/kestra-io__kestra/core/src/main/java/io/kestra/core/test/TestState.java,io.kestra.core.test.TestState,enum,0,0,0,0,0,1,0,0,0,0.0,-1.0,-1.0,0,0,0,0,0,0,0,0,0,0,0,0,0,0,0,0,0,0,0,1,0,0,0,0,0,0,0,0,0,0,0,0,0,0,9,1,0
/Users/kaiohs/Downloads/codes/lab02-experimentacao-software/data/repos/kestra-io__kestra/script/src/main/java/io/kestra/plugin/scripts/runner/docker/Memory.java,io.kestra.plugin.scripts.runner.docker.Memory,class,5,7,2,5,0,1,0,0,0,NaN,-1.0,-1.0,0,0,0,0,0,0,0,0,0,0,6,0,0,6,0,0,0,0,0,8,0,0,0,0,0,20,0,0,5,6,0,0,0,0,113,1,0
/Users/kaiohs/Downloads/codes/lab02-experimentacao-software/data/repos/kestra-io__kestra/core/src/main/java/io/kestra/core/http/client/HttpClient.java,io.kestra.core.http.client.HttpClient$Anonymous2,anonymous,0,0,0,0,0,1,0,0,0,0.0,-1.0,-1.0,0,0,0,0,0,0,0,0,0,0,0,0,0,0,0,0,0,0,0,2,0,0,0,0,0,0,0,0,0,0,0,0,0,0,0,-1,0
/Users/kaiohs/Downloads/codes/lab02-experimentacao-software/data/repos/kestra-io__kestra/webserver/src/test/java/io/kestra/webserver/controllers/api/LogControllerTest.java,io.kestra.webserver.controllers.api.LogControllerTest,class,17,18,1,17,10,1,0,54,3,0.5,0.0,0.0,10,2,2,2,0,6,8,0,0,0,4,0,0,3,0,1,0,0,20,104,4,0,0,0,0,42,9,35,11,37,0,0,0,2,54,0,0
/Users/kaiohs/Downloads/codes/lab02-experimentacao-software/data/repos/kestra-io__kestra/core/src/main/java/io/kestra/core/http/client/HttpClient.java,io.kestra.core.http.client.HttpClient$Anonymous1,anonymous,0,0,0,0,2,1,0,1,1,0.0,0.0,0.0,2,0,2,0,0,0,2,0,0,0,0,0,0,0,0,0,0,0,1,7,1,0,0,0,0,0,0,0,0,0,0,0,0,0,13,-1,0
/Users/kaiohs/Downloads/codes/lab02-experimentacao-software/data/repos/kestra-io__kestra/core/src/main/java/io/kestra/core/runners/VariableRenderer.java,io.kestra.core.runners.VariableRenderer,class,15,25,10,15,54,1,2,53,220,0.85,0.0,0.0,25,3,20,4,1,0,21,0,0,0,4,2,1,3,0,0,3,0,11,201,33,5,5,3,0,8,5,30,2,22,4,0,1,1,109,1,0
/Users/kaiohs/Downloads/codes/lab02-experimentacao-software/data/repos/kestra-io__kestra/core/src/main/java/io/kestra/plugin/core/trigger/ScheduleOnDates.java,io.kestra.plugin.core.trigger.ScheduleOnDates,class,24,26,2,24,12,2,0,49,11,0.8888889,0.0,0.0,6,0,4,2,0,0,4,0,0,0,6,1,0,6,0,0,2,0,8,49,9,0,3,1,0,5,1,10,1,20,2,0,0,9,74,1,2
/Users/kaiohs/Downloads/codes/lab02-experimentacao-software/data/repos/kestra-io__kestra/webserver/src/test/java/io/kestra/webserver/otel/TracesTest.java,io.kestra.webserver.otel.TracesTest,class,16,16,0,16,5,1,0,29,2,0.6,0.0,0.0,5,0,4,0,0,1,5,0,0,0,3,1,0,2,0,1,1,0,0,32,4,0,0,0,0,11,2,4,0,7,0,0,0,1,42,1,0
/Users/kaiohs/Downloads/codes/lab02-experimentacao-software/data/repos/kestra-io__kestra/core/src/main/java/io/kestra/core/models/flows/sla/SLA.java,io.kestra.core.models.flows.sla.SLA,class,22,27,5,22,1,1,2,0,0,1.0,NaN,NaN,1,0,1,0,0,0,1,1,0,0,4,0,0,4,0,0,0,0,0,9,0,0,0,0,0,3,0,0,0,4,0,0,2,0,43,1025,0
/Users/kaiohs/Downloads/codes/lab02-experimentacao-software/data/repos/kestra-io__kestra/core/src/main/java/io/kestra/core/cache/NoopCache.java,io.kestra.core.cache.NoopCache,class,8,8,0,8,14,1,0,3,91,0.9285714,0.0,0.0,14,0,14,0,0,0,14,0,0,0,1,1,0,1,0,0,1,0,2,39,7,0,0,0,0,0,2,1,0,1,0,0,0,0,51,1,0
/Users/kaiohs/Downloads/codes/lab02-experimentacao-software/data/repos/kestra-io__kestra/core/src/main/java/io/kestra/plugin/core/dashboard/data/IMetrics.java,io.kestra.plugin.core.dashboard.data.IMetrics,interface,4,6,2,4,5,1,0,12,0,0.0,NaN,NaN,1,0,0,0,0,1,1,0,0,0,0,0,0,0,0,0,0,0,0,26,2,0,2,0,0,0,0,3,0,9,2,0,1,6,23,1,0
/Users/kaiohs/Downloads/codes/lab02-experimentacao-software/data/repos/kestra-io__kestra/core/src/test/java/io/kestra/core/validations/ScheduleValidationTest.java,io.kestra.core.validations.ScheduleValidationTest,class,5,5,0,5,6,1,0,21,0,0.0,0.0,0.0,6,0,0,0,0,6,6,0,0,0,1,0,0,1,0,0,0,0,2,36,0,0,0,0,0,12,2,9,0,8,0,0,0,0,30,0,0
/Users/kaiohs/Downloads/codes/lab02-experimentacao-software/data/repos/kestra-io__kestra/core/src/test/java/io/kestra/plugin/core/storage/SplitTest.java,io.kestra.plugin.core.storage.SplitTest,class,9,10,1,9,8,1,0,43,10,0.5625,0.0,0.0,8,0,0,2,0,6,6,0,0,0,2,0,0,0,0,2,0,0,9,58,4,0,0,0,0,27,14,20,3,24,0,0,0,2,46,0,0
/Users/kaiohs/Downloads/codes/lab02-experimentacao-software/data/repos/kestra-io__kestra/core/src/main/java/io/kestra/plugin/core/flow/AllowFailure.java,io.kestra.plugin.core.flow.AllowFailure,class,15,15,0,15,4,3,0,12,0,0.0,NaN,NaN,1,0,1,0,0,0,1,0,0,0,0,0,0,0,0,0,0,0,1,20,3,0,0,0,0,2,0,5,0,5,2,0,0,0,34,1,0
/Users/kaiohs/Downloads/codes/lab02-experimentacao-software/data/repos/kestra-io__kestra/queue-jdbc/src/main/java/io/kestra/queue/jdbc/client/JdbcBroadcastSubscriber.java,io.kestra.queue.jdbc.client.JdbcBroadcastSubscriber,class,10,11,1,10,4,4,0,6,0,0.25,0.0,0.0,4,0,1,0,3,0,4,0,0,0,1,0,1,0,0,0,0,0,0,20,2,0,0,0,0,0,0,6,0,3,0,0,0,0,23,1,0
/Users/kaiohs/Downloads/codes/lab02-experimentacao-software/data/repos/kestra-io__kestra/core/src/main/java/io/kestra/core/utils/Slugify.java,io.kestra.core.utils.Slugify,class,0,5,5,0,3,1,0,12,1,0.5,0.0,0.0,2,2,2,0,0,0,2,0,0,0,3,3,0,3,0,0,3,0,4,20,2,1,0,0,0,13,1,10,1,7,1,0,0,1,26,1,0
/Users/kaiohs/Downloads/codes/lab02-experimentacao-software/data/repos/kestra-io__kestra/jdbc/src/main/java/io/kestra/jdbc/runner/AbstractJdbcMultipleStateStore.java,io.kestra.jdbc.runner.AbstractJdbcMultipleStateStore,class,11,13,2,11,6,2,2,25,0,0.16666667,0.0,0.0,6,0,5,0,1,0,6,0,0,1,1,0,0,0,1,0,0,0,2,37,5,0,0,0,0,4,0,5,0,9,2,0,0,4,40,1025,0
/Users/kaiohs/Downloads/codes/lab02-experimentacao-software/data/repos/kestra-io__kestra/queue/src/test/java/io/kestra/queue/AbstractSubscriberTest.java,io.kestra.queue.AbstractSubscriberTest$TestSubscriber,innerclass,8,8,0,8,2,2,0,0,1,0.0,0.0,0.0,2,0,1,0,0,1,2,0,0,0,0,0,0,0,0,0,0,0,0,8,1,0,0,0,0,1,0,0,0,0,0,0,0,0,15,8,0
/Users/kaiohs/Downloads/codes/lab02-experimentacao-software/data/repos/kestra-io__kestra/worker-controller/src/main/java/io/kestra/controller/grpc/services/GrpcWorkerControllerService.java,io.kestra.controller.grpc.services.GrpcWorkerControllerService$TypeReferences,interface,2,2,0,2,0,1,0,0,0,NaN,-1.0,-1.0,0,0,0,0,0,0,0,0,0,0,4,0,0,0,0,4,0,0,0,14,0,0,0,0,0,0,0,4,0,4,0,4,0,0,26,0,0
/Users/kaiohs/Downloads/codes/lab02-experimentacao-software/data/repos/kestra-io__kestra/core/src/main/java/io/kestra/core/models/FetchVersion.java,io.kestra.core.models.FetchVersion,enum,0,0,0,0,0,1,0,0,0,0.0,-1.0,-1.0,0,0,0,0,0,0,0,0,0,0,0,0,0,0,0,0,0,0,0,1,0,0,0,0,0,0,0,0,0,0,0,0,0,0,5,1,0
/Users/kaiohs/Downloads/codes/lab02-experimentacao-software/data/repos/kestra-io__kestra/core/src/main/java/io/kestra/core/scheduler/queue/TriggerEventQueue.java,io.kestra.core.scheduler.queue.TriggerEventQueue,interface,3,5,2,3,2,1,0,0,1,0.0,0.0,0.0,2,0,0,0,0,2,2,0,0,0,0,0,0,0,0,0,0,0,0,6,0,0,0,0,0,0,0,0,0,0,0,0,1,0,43,1,0
/Users/kaiohs/Downloads/codes/lab02-experimentacao-software/data/repos/kestra-io__kestra/jdbc-h2/src/main/java/io/kestra/repository/h2/H2MetricRepository.java,io.kestra.repository.h2.H2MetricRepository,class,11,11,0,11,2,2,0,1,1,0.0,0.0,0.0,2,0,1,0,1,0,2,0,0,0,0,0,0,0,0,0,0,0,1,8,1,0,0,0,0,1,0,0,0,0,0,0,0,0,13,1,0
/Users/kaiohs/Downloads/codes/lab02-experimentacao-software/data/repos/kestra-io__kestra/core/src/test/java/io/kestra/core/utils/ReadOnlyDelegatingMapTest.java,io.kestra.core.utils.ReadOnlyDelegatingMapTest$TestMap,innerclass,1,1,0,1,1,2,0,1,0,0.0,NaN,NaN,1,0,0,0,1,0,1,0,0,0,0,0,0,0,0,0,0,0,1,5,1,0,0,0,0,2,0,0,0,0,0,0,0,0,4,10,0
/Users/kaiohs/Downloads/codes/lab02-experimentacao-software/data/repos/kestra-io__kestra/webserver/src/main/java/io/kestra/webserver/services/ExecutionDependenciesStreamingService.java,io.kestra.webserver.services.ExecutionDependenciesStreamingService,class,22,23,1,22,19,1,0,49,16,0.7291667,0.0,0.0,8,0,5,1,0,2,7,0,0,0,6,0,0,6,0,0,5,0,0,86,4,0,2,1,0,5,0,13,0,22,7,0,0,9,107,1,3
/Users/kaiohs/Downloads/codes/lab02-experimentacao-software/data/repos/kestra-io__kestra/worker/src/main/java/io/kestra/worker/queues/WorkerQueue.java,io.kestra.worker.queues.WorkerQueue,interface,1,11,10,1,6,1,0,0,15,0.0,0.0,0.0,6,0,0,0,0,6,6,0,0,0,0,0,0,0,0,0,0,0,0,8,0,0,0,0,0,0,0,0,0,0,0,0,0,0,87,1,0
/Users/kaiohs/Downloads/codes/lab02-experimentacao-software/data/repos/kestra-io__kestra/webserver/src/main/java/io/kestra/webserver/controllers/api/NamespaceFileController.java,io.kestra.webserver.controllers.api.NamespaceFileController$Anonymous1,anonymous,0,0,0,0,1,1,0,1,0,0.0,NaN,NaN,1,0,1,0,0,0,1,0,0,1,0,0,0,0,0,0,0,0,0,5,1,0,0,0,0,0,0,0,0,0,0,0,0,0,1,-1,0
/Users/kaiohs/Downloads/codes/lab02-experimentacao-software/data/repos/kestra-io__kestra/core/src/test/java/io/kestra/core/runners/PluginDefaultsCaseTest.java,io.kestra.core.runners.PluginDefaultsCaseTest,class,8,9,1,8,1,6,0,10,0,0.0,NaN,NaN,1,0,1,0,0,0,1,0,0,0,2,0,0,2,0,0,0,0,1,53,0,0,0,0,0,20,12,1,0,3,0,0,3,0,16,1,0
/Users/kaiohs/Downloads/codes/lab02-experimentacao-software/data/repos/kestra-io__kestra/core/src/main/java/io/kestra/plugin/core/flow/ForEachItem.java,io.kestra.plugin.core.flow.ForEachItem$ForEachItemSplit,innerclass,11,11,0,11,3,2,0,19,0,0.16666667,NaN,NaN,2,0,1,1,0,0,1,0,0,0,3,1,0,2,0,1,1,0,4,28,1,0,0,1,0,5,0,11,2,10,1,0,1,1,47,9,1
/Users/kaiohs/Downloads/codes/lab02-experimentacao-software/data/repos/kestra-io__kestra/core/src/test/java/io/kestra/plugin/core/flow/RuntimeLabelsTest.java,io.kestra.plugin.core.flow.RuntimeLabelsTest,class,10,10,0,10,6,1,0,23,0,0.16666667,0.0,0.0,6,0,0,0,0,6,6,0,0,0,1,0,0,1,0,0,0,0,5,71,0,0,0,0,0,90,16,21,0,32,0,0,0,5,40,0,0
/Users/kaiohs/Downloads/codes/lab02-experimentacao-software/data/repos/kestra-io__kestra/core/src/test/java/io/kestra/plugin/core/flow/FlowOutputTest.java,io.kestra.plugin.core.flow.FlowOutputTest,class,4,4,0,4,4,1,0,9,6,0.0,0.0,0.0,4,0,0,0,0,4,4,0,0,0,0,0,0,0,0,0,0,0,0,20,0,0,0,0,0,14,2,0,0,0,0,0,0,0,27,0,0
/Users/kaiohs/Downloads/codes/lab02-experimentacao-software/data/repos/kestra-io__kestra/core/src/main/java/io/kestra/core/runners/pebble/functions/FetchContextFunction.java,io.kestra.core.runners.pebble.functions.FetchContextFunction,class,5,6,1,5,3,1,0,13,3,1.0,0.0,0.0,3,0,3,0,0,0,3,0,0,0,2,2,2,0,0,0,2,0,2,13,3,0,0,0,1,3,0,2,0,6,0,0,0,3,26,1,0
/Users/kaiohs/Downloads/codes/lab02-experimentacao-software/data/repos/kestra-io__kestra/core/src/main/java/io/kestra/core/models/tasks/metrics/GaugeMetric.java,io.kestra.core.models.tasks.metrics.GaugeMetric,class,12,13,1,12,2,2,0,13,1,0.5,0.0,0.0,2,0,2,0,0,0,2,0,0,0,2,1,1,1,0,0,1,0,1,15,2,0,0,0,0,1,0,6,0,8,0,0,0,1,26,1,0
/Users/kaiohs/Downloads/codes/lab02-experimentacao-software/data/repos/kestra-io__kestra/core/src/main/java/io/kestra/core/models/hierarchies/AbstractGraph.java,io.kestra.core.models.hierarchies.AbstractGraph,class,8,21,13,8,10,1,7,4,17,0.7619047,0.0,0.0,7,0,7,0,0,0,7,0,0,0,3,0,0,0,3,0,0,0,0,30,5,0,2,0,1,1,0,5,0,3,1,0,1,0,34,1025,0
/Users/kaiohs/Downloads/codes/lab02-experimentacao-software/data/repos/kestra-io__kestra/core/src/main/java/io/kestra/core/models/flows/input/DateTimeInput.java,io.kestra.core.models.flows.input.DateTimeInput,class,7,10,3,7,5,2,0,4,0,0.0,NaN,NaN,1,0,1,0,0,0,1,0,0,0,2,0,0,0,0,2,0,0,0,12,0,0,2,0,0,6,0,0,2,2,1,0,0,0,15,1,0
/Users/kaiohs/Downloads/codes/lab02-experimentacao-software/data/repos/kestra-io__kestra/core/src/test/java/io/kestra/core/models/flows/input/SelectInputTest.java,io.kestra.core.models.flows.input.SelectInputTest,class,8,8,0,8,7,1,0,20,0,0.0,0.0,0.0,4,0,0,0,0,4,4,0,0,0,1,0,0,0,0,1,0,0,9,51,3,0,0,3,3,22,2,11,0,15,2,0,0,3,29,0,0
/Users/kaiohs/Downloads/codes/lab02-experimentacao-software/data/repos/kestra-io__kestra/core/src/main/java/io/kestra/core/models/settings/DashboardSettings.java,io.kestra.core.models.settings.DashboardSettings,class,5,6,1,5,0,1,0,0,0,NaN,-1.0,-1.0,0,0,0,0,0,0,0,0,0,0,3,0,0,0,0,3,0,0,0,5,0,0,0,0,0,0,0,0,0,3,0,0,0,0,10,1,0
/Users/kaiohs/Downloads/codes/lab02-experimentacao-software/data/repos/kestra-io__kestra/core/src/main/java/io/kestra/core/utils/AuthUtils.java,io.kestra.core.utils.AuthUtils,class,0,0,0,0,2,1,0,5,1,0.0,0.0,0.0,2,2,2,0,0,0,2,0,0,0,0,0,0,0,0,0,0,0,0,8,2,0,0,0,0,1,1,0,1,0,0,0,0,0,8,1,0
/Users/kaiohs/Downloads/codes/lab02-experimentacao-software/data/repos/kestra-io__kestra/core/src/main/java/io/kestra/core/models/hierarchies/SubflowGraphTask.java,io.kestra.core.models.hierarchies.SubflowGraphTask,class,19,22,3,19,16,3,0,18,54,0.8333333,0.0,0.0,12,0,12,0,0,0,13,0,0,0,2,0,1,0,0,1,0,0,0,65,11,0,1,1,3,0,0,6,0,7,2,1,0,0,46,1,0
/Users/kaiohs/Downloads/codes/lab02-experimentacao-software/data/repos/kestra-io__kestra/core/src/main/java/io/kestra/core/serializers/FileSerde.java,io.kestra.core.serializers.FileSerde,class,9,11,2,9,24,1,0,32,102,0.7624999,0.0,0.0,20,19,15,5,0,0,15,0,0,0,4,4,1,3,0,0,4,0,15,95,18,2,3,2,2,2,3,12,1,15,2,2,0,3,92,17,0
/Users/kaiohs/Downloads/codes/lab02-experimentacao-software/data/repos/kestra-io__kestra/core/src/main/java/io/kestra/core/plugins/ExternalPlugin.java,io.kestra.core.plugins.ExternalPlugin,class,6,10,4,6,8,1,0,13,0,0.5,0.0,0.0,4,2,2,2,0,0,2,0,0,0,3,0,0,3,0,0,2,0,3,48,3,1,2,1,7,0,16,16,7,8,3,0,0,0,41,1,0
/Users/kaiohs/Downloads/codes/lab02-experimentacao-software/data/repos/kestra-io__kestra/worker/src/main/java/io/kestra/worker/senders/GrpcWorkerIOSender.java,io.kestra.worker.senders.GrpcWorkerIOSender,class,15,19,4,15,15,2,0,20,14,0.78409094,0.0,0.0,8,0,2,2,2,2,6,0,0,1,11,4,0,11,0,0,9,0,6,100,2,1,2,1,0,2,2,15,0,15,2,1,2,0,139,1,0
/Users/kaiohs/Downloads/codes/lab02-experimentacao-software/data/repos/kestra-io__kestra/core/src/test/java/io/kestra/plugin/core/condition/PublicHolidayTest.java,io.kestra.plugin.core.condition.PublicHolidayTest,class,10,10,0,10,5,1,0,21,0,0.3,0.0,0.0,5,0,0,0,0,5,5,0,0,0,2,0,0,1,0,1,0,0,6,42,0,0,0,0,0,19,0,21,0,21,0,0,0,0,30,0,0
/Users/kaiohs/Downloads/codes/lab02-experimentacao-software/data/repos/kestra-io__kestra/jdbc-h2/src/test/java/io/kestra/runner/h2/H2FunctionsTest.java,io.kestra.runner.h2.H2FunctionsTest,class,2,2,0,2,7,1,0,11,21,0.0,0.0,0.0,7,0,7,0,0,0,7,0,0,0,0,0,0,0,0,0,0,0,9,32,0,0,0,0,0,21,2,8,0,7,0,0,0,0,17,0,0
/Users/kaiohs/Downloads/codes/lab02-experimentacao-software/data/repos/kestra-io__kestra/core/src/main/java/io/kestra/core/runners/pebble/filters/ReplaceFilter.java,io.kestra.core.runners.pebble.filters.ReplaceFilter,class,5,7,2,5,20,1,0,19,10,0.84999996,0.0,0.0,5,0,2,3,0,0,2,0,0,0,4,4,1,3,0,0,4,0,2,77,8,3,2,0,0,7,0,12,0,10,2,0,0,0,47,1,0
/Users/kaiohs/Downloads/codes/lab02-experimentacao-software/data/repos/kestra-io__kestra/core/src/test/java/io/kestra/core/models/tasks/runners/types/ProcessTest.java,io.kestra.core.models.tasks.runners.types.ProcessTest,class,2,2,0,2,1,2,0,0,0,0.0,NaN,NaN,1,0,0,0,1,0,1,0,0,0,0,0,0,0,0,0,0,0,0,5,1,0,0,0,0,0,0,0,0,0,0,0,0,0,6,0,0
/Users/kaiohs/Downloads/codes/lab02-experimentacao-software/data/repos/kestra-io__kestra/jdbc-postgres/src/test/java/io/kestra/repository/postgres/PostgresServiceInstanceRepositoryTest.java,io.kestra.repository.postgres.PostgresServiceInstanceRepositoryTest,class,1,1,0,1,0,2,0,0,0,0.0,-1.0,-1.0,0,0,0,0,0,0,0,0,0,0,0,0,0,0,0,0,0,0,0,2,0,0,0,0,0,0,0,0,0,0,0,0,0,0,7,1,0
/Users/kaiohs/Downloads/codes/lab02-experimentacao-software/data/repos/kestra-io__kestra/core/src/main/java/io/kestra/core/runners/pebble/filters/DateFilter.java,io.kestra.core.runners.pebble.filters.DateFilter,class,4,5,1,4,2,2,0,1,0,0.0,NaN,NaN,1,0,1,0,0,0,1,0,0,0,0,0,0,0,0,0,0,0,1,8,2,0,1,0,0,0,0,0,0,0,1,0,0,0,15,1,0
/Users/kaiohs/Downloads/codes/lab02-experimentacao-software/data/repos/kestra-io__kestra/core/src/main/java/io/kestra/core/models/assets/AssetsInOut.java,io.kestra.core.models.assets.AssetsInOut,class,4,5,1,4,1,1,0,5,0,0.0,NaN,NaN,1,0,1,0,0,0,1,0,0,0,2,0,0,2,0,0,0,0,4,8,0,0,0,0,0,0,0,2,0,2,0,0,0,0,5,1,0
/Users/kaiohs/Downloads/codes/lab02-experimentacao-software/data/repos/kestra-io__kestra/repository-memory/src/main/java/io/kestra/runner/memory/DatasourceProvider.java,io.kestra.runner.memory.DatasourceProvider$CustomFlywayConfiguration,innerclass,1,1,0,1,1,2,0,0,0,0.0,NaN,NaN,1,0,1,0,0,0,1,0,0,0,0,0,0,0,0,0,0,0,0,5,0,0,0,0,0,0,0,0,0,0,0,0,0,0,5,9,0
/Users/kaiohs/Downloads/codes/lab02-experimentacao-software/data/repos/kestra-io__kestra/core/src/main/java/io/kestra/plugin/core/flow/Loop.java,io.kestra.plugin.core.flow.Loop$Output,innerclass,4,4,0,4,0,1,0,0,0,NaN,-1.0,-1.0,0,0,0,0,0,0,0,0,0,0,1,0,0,1,0,0,0,0,0,3,0,0,0,0,0,1,0,0,0,1,0,0,0,0,9,9,0
/Users/kaiohs/Downloads/codes/lab02-experimentacao-software/data/repos/kestra-io__kestra/jdbc-postgres/src/test/java/io/kestra/runner/postgres/PostgresRunnerRetryTest.java,io.kestra.runner.postgres.PostgresRunnerRetryTest,class,1,1,0,1,0,2,0,0,0,0.0,-1.0,-1.0,0,0,0,0,0,0,0,0,0,0,0,0,0,0,0,0,0,0,0,2,0,0,0,0,0,0,0,0,0,0,0,0,0,0,5,1,0
/Users/kaiohs/Downloads/codes/lab02-experimentacao-software/data/repos/kestra-io__kestra/core/src/main/java/io/kestra/core/models/flows/sla/types/ExecutionAssertionSLA.java,io.kestra.core.models.flows.sla.types.ExecutionAssertionSLA,class,11,12,1,11,2,2,0,8,0,1.0,NaN,NaN,1,0,1,0,0,0,1,0,0,0,1,0,0,1,0,0,0,0,2,11,2,0,0,0,0,3,0,2,1,3,1,0,0,0,17,1,0
/Users/kaiohs/Downloads/codes/lab02-experimentacao-software/data/repos/kestra-io__kestra/core/src/main/java/io/kestra/core/models/tasks/retrys/Exponential.java,io.kestra.core.models.tasks.retrys.Exponential,class,10,11,1,10,5,2,0,7,0,0.25,0.0,0.0,2,0,2,0,0,0,2,0,0,0,4,0,0,3,1,0,0,0,0,24,3,0,2,0,2,1,2,4,2,7,1,0,0,0,24,1,0
/Users/kaiohs/Downloads/codes/lab02-experimentacao-software/data/repos/kestra-io__kestra/webserver/src/main/java/io/kestra/webserver/controllers/ErrorController.java,io.kestra.webserver.controllers.ErrorController,class,27,28,1,27,35,1,0,36,351,0.0,0.0,0.0,27,4,25,2,0,0,25,0,0,0,0,0,0,0,0,0,0,0,34,117,29,0,4,2,1,37,0,12,6,13,2,0,0,1,67,1,2
/Users/kaiohs/Downloads/codes/lab02-experimentacao-software/data/repos/kestra-io__kestra/executor/src/main/java/io/kestra/executor/handler/SubflowExecutionEndMessageHandler.java,io.kestra.executor.handler.SubflowExecutionEndMessageHandler,class,18,20,2,18,6,1,0,20,0,0.0,NaN,NaN,1,0,1,0,0,0,1,0,0,0,5,0,0,5,0,0,0,0,0,38,2,0,1,2,0,2,0,6,0,12,4,0,0,2,41,1,2
/Users/kaiohs/Downloads/codes/lab02-experimentacao-software/data/repos/kestra-io__kestra/core/src/main/java/io/kestra/plugin/core/storage/Delete.java,io.kestra.plugin.core.storage.Delete,class,17,17,0,17,3,2,0,11,0,0.0,NaN,NaN,1,0,1,0,0,0,1,0,0,0,2,0,0,2,0,0,1,0,1,16,1,0,0,0,0,6,0,3,1,4,1,0,1,0,39,1,0
/Users/kaiohs/Downloads/codes/lab02-experimentacao-software/data/repos/kestra-io__kestra/core/src/main/java/io/kestra/plugin/core/storage/FilterItems.java,io.kestra.plugin.core.storage.FilterItems$PebbleExpressionPredicate,innerclass,5,5,0,5,5,1,0,7,0,0.33333334,0.0,0.0,3,0,3,0,0,0,3,0,0,0,3,1,0,2,1,0,3,0,0,22,2,0,1,1,0,1,0,5,0,5,1,0,0,0,31,10,0
/Users/kaiohs/Downloads/codes/lab02-experimentacao-software/data/repos/kestra-io__kestra/scheduler/src/main/java/io/kestra/scheduler/stores/FlowMetaStore.java,io.kestra.scheduler.stores.FlowMetaStore,interface,2,11,9,2,3,1,0,0,3,0.0,0.0,0.0,3,0,0,0,0,3,3,0,0,0,0,0,0,0,0,0,0,0,0,6,0,0,0,0,0,0,0,0,0,0,0,0,0,0,60,1,0
/Users/kaiohs/Downloads/codes/lab02-experimentacao-software/data/repos/kestra-io__kestra/webserver/src/main/java/io/kestra/webserver/services/ai/NamespaceContextTool.java,io.kestra.webserver.services.ai.NamespaceContextTool,class,7,11,4,7,4,1,0,15,0,0.0,0.0,0.0,2,0,2,0,0,0,2,0,0,0,1,0,0,1,0,0,1,0,2,18,2,0,1,1,0,11,0,4,0,5,1,0,0,1,58,1,1
/Users/kaiohs/Downloads/codes/lab02-experimentacao-software/data/repos/kestra-io__kestra/worker/src/main/java/io/kestra/worker/processors/internals/AbstractWorkerCallable.java,io.kestra.worker.processors.internals.AbstractWorkerCallable,class,7,12,5,7,15,1,2,19,22,0.8148148,0.0,0.0,9,0,5,0,3,1,9,2,0,0,9,0,0,3,0,6,2,0,1,67,6,0,1,2,0,1,2,10,0,9,1,0,0,0,64,1025,1
/Users/kaiohs/Downloads/codes/lab02-experimentacao-software/data/repos/kestra-io__kestra/core/src/main/java/io/kestra/core/models/triggers/GenericTrigger.java,io.kestra.core.models.triggers.GenericTrigger,class,10,10,0,10,2,1,0,1,0,0.8,0.0,0.0,2,0,2,0,0,0,2,0,0,0,5,0,0,5,0,0,0,0,0,13,1,0,0,0,0,0,0,1,0,5,0,0,0,0,20,1,0
/Users/kaiohs/Downloads/codes/lab02-experimentacao-software/data/repos/kestra-io__kestra/core/src/main/java/io/kestra/core/models/tasks/VoidOutput.java,io.kestra.core.models.tasks.VoidOutput,class,1,1,0,1,0,1,0,0,0,0.0,-1.0,-1.0,0,0,0,0,0,0,0,0,0,0,0,0,0,0,0,0,0,0,0,2,0,0,0,0,0,0,0,0,0,0,0,0,0,0,2,1,0
/Users/kaiohs/Downloads/codes/lab02-experimentacao-software/data/repos/kestra-io__kestra/core/src/test/java/io/kestra/core/runners/pebble/filters/RegexFilterTest.java,io.kestra.core.runners.pebble.filters.RegexFilterTest,class,5,5,0,5,23,1,0,9,0,0.0,0.0,0.0,23,0,0,0,0,23,23,0,0,0,1,0,0,0,0,1,0,0,14,86,0,0,0,0,0,43,0,14,0,15,0,0,0,9,52,0,0
/Users/kaiohs/Downloads/codes/lab02-experimentacao-software/data/repos/kestra-io__kestra/core/src/main/java/io/kestra/core/models/executions/statistics/DailyExecutionStatistics.java,io.kestra.core.models.executions.statistics.DailyExecutionStatistics$Duration,innerclass,3,3,0,3,0,1,0,0,0,NaN,-1.0,-1.0,0,0,0,0,0,0,0,0,0,0,5,0,0,0,0,5,0,0,0,7,0,0,0,0,0,0,0,0,0,5,0,0,0,0,6,9,0
/Users/kaiohs/Downloads/codes/lab02-experimentacao-software/data/repos/kestra-io__kestra/core/src/main/java/io/kestra/core/runners/pebble/functions/IsFileEmptyFunction.java,io.kestra.core.runners.pebble.functions.IsFileEmptyFunction,class,3,4,1,3,2,2,0,0,1,0.75,0.0,0.0,2,0,0,0,2,0,2,0,0,0,2,2,1,1,0,0,2,0,0,9,1,0,0,0,0,2,0,2,0,2,0,0,0,0,38,1,0
/Users/kaiohs/Downloads/codes/lab02-experimentacao-software/data/repos/kestra-io__kestra/cli/src/main/java/io/kestra/cli/commands/migrations/V2TriggerMigrationCommand.java,io.kestra.cli.commands.migrations.V2TriggerMigrationCommand,class,10,11,1,10,4,3,0,12,0,0.0,NaN,NaN,1,0,1,0,0,0,1,0,0,0,2,0,0,1,0,1,0,0,0,32,1,0,0,1,0,11,1,5,2,8,3,0,0,1,43,1,2
/Users/kaiohs/Downloads/codes/lab02-experimentacao-software/data/repos/kestra-io__kestra/jdbc/src/test/java/io/kestra/jdbc/repository/AbstractJdbcServiceInstanceRepositoryTest.java,io.kestra.jdbc.repository.AbstractJdbcServiceInstanceRepositoryTest$Fixtures,innerclass,5,5,0,5,4,1,0,12,6,0.75,0.0,0.0,4,4,4,0,0,0,4,0,0,0,6,6,6,0,0,0,6,0,17,21,4,0,0,0,0,1,1,7,0,7,0,0,0,0,20,25,0
/Users/kaiohs/Downloads/codes/lab02-experimentacao-software/data/repos/kestra-io__kestra/core/src/main/java/io/kestra/core/runners/FilesService.java,io.kestra.core.runners.FilesService,class,9,10,1,9,12,1,0,42,6,0.0,0.0,0.0,4,4,3,1,0,0,3,0,0,0,0,0,0,0,0,0,0,0,4,49,4,0,3,1,0,4,0,10,2,13,4,0,0,2,44,1025,2
/Users/kaiohs/Downloads/codes/lab02-experimentacao-software/data/repos/kestra-io__kestra/core/src/main/java/io/kestra/core/services/StorageService.java,io.kestra.core.services.StorageService,class,7,10,3,7,25,1,0,55,6,0.0,NaN,NaN,4,4,1,3,0,0,1,0,0,0,0,0,0,0,0,0,0,0,8,111,4,5,11,3,6,8,15,42,8,38,3,0,0,6,75,1025,1
/Users/kaiohs/Downloads/codes/lab02-experimentacao-software/data/repos/kestra-io__kestra/webserver/src/main/java/io/kestra/webserver/services/ai/AiService.java,io.kestra.webserver.services.ai.AiService,class,33,35,2,33,21,1,0,55,58,0.84134614,0.0,0.0,16,0,12,0,4,0,16,1,0,0,13,0,0,13,0,0,13,0,11,107,16,0,4,0,2,34,0,23,2,28,2,0,1,6,85,1025,0
/Users/kaiohs/Downloads/codes/lab02-experimentacao-software/data/repos/kestra-io__kestra/core/src/test/java/io/kestra/plugin/core/storage/ReverseTest.java,io.kestra.plugin.core.storage.ReverseTest,class,7,7,0,7,1,1,0,16,0,0.0,NaN,NaN,1,0,0,0,0,1,1,0,0,0,2,0,0,0,0,2,0,0,0,12,0,0,0,0,0,4,0,4,0,6,0,0,0,0,23,0,0
/Users/kaiohs/Downloads/codes/lab02-experimentacao-software/data/repos/kestra-io__kestra/core/src/main/java/io/kestra/core/models/executions/ExecutionKilled.java,io.kestra.core.models.executions.ExecutionKilled,class,14,16,2,14,2,1,2,1,1,0.5,0.0,0.0,2,0,2,0,0,0,2,1,0,0,2,0,0,0,1,1,0,0,0,9,1,0,0,0,0,3,0,0,0,2,0,0,1,0,83,1025,0
/Users/kaiohs/Downloads/codes/lab02-experimentacao-software/data/repos/kestra-io__kestra/core/src/main/java/io/kestra/core/models/collectors/FlowUsage.java,io.kestra.core.models.collectors.FlowUsage,class,7,10,3,7,13,1,0,34,16,0.75,0.0,0.0,8,8,3,0,5,0,8,0,0,0,6,1,0,6,0,0,6,0,13,50,12,0,3,2,0,3,0,3,0,16,2,0,0,8,48,1,0
/Users/kaiohs/Downloads/codes/lab02-experimentacao-software/data/repos/kestra-io__kestra/core/src/main/java/io/kestra/core/models/tasks/WorkerGroup.java,io.kestra.core.models.tasks.WorkerGroup,class,4,8,4,4,3,1,0,1,0,1.0,NaN,NaN,1,1,1,0,0,0,1,0,0,0,2,0,0,2,0,0,0,0,0,8,1,0,1,0,0,1,0,0,0,2,0,0,1,0,21,1,0
/Users/kaiohs/Downloads/codes/lab02-experimentacao-software/data/repos/kestra-io__kestra/core/src/main/java/io/kestra/plugin/core/execution/SetVariables.java,io.kestra.plugin.core.execution.SetVariables,class,15,15,0,15,4,2,0,15,0,0.0,NaN,NaN,1,0,1,0,0,0,1,0,0,0,2,0,0,2,0,0,0,0,2,16,1,0,1,0,0,6,0,5,1,6,2,0,0,0,37,1,0
/Users/kaiohs/Downloads/codes/lab02-experimentacao-software/data/repos/kestra-io__kestra/webserver/src/main/java/io/kestra/webserver/Application.java,io.kestra.webserver.Application,class,5,6,1,5,1,1,0,1,0,0.0,NaN,NaN,1,1,1,0,0,0,1,0,0,0,0,0,0,0,0,0,0,0,0,5,0,0,0,0,0,22,0,0,0,0,0,0,0,0,10,1,0
/Users/kaiohs/Downloads/codes/lab02-experimentacao-software/data/repos/kestra-io__kestra/webserver/src/main/java/io/kestra/webserver/services/BasicAuthService.java,io.kestra.webserver.services.BasicAuthService,class,17,24,7,17,30,1,0,37,12,0.7654321,0.0,0.0,9,0,9,0,0,0,9,0,0,0,9,5,2,6,0,1,5,0,5,105,5,0,11,1,3,13,1,14,0,15,2,0,2,1,91,1,0
/Users/kaiohs/Downloads/codes/lab02-experimentacao-software/data/repos/kestra-io__kestra/worker-controller/src/test/java/io/kestra/controller/config/GrpcTlsConfigurationTest.java,io.kestra.controller.config.GrpcTlsConfigurationTest,class,6,7,1,6,11,1,0,25,47,0.8181818,0.0,0.0,11,0,0,1,0,10,10,0,0,0,4,4,0,4,0,0,4,0,1,68,1,0,0,1,0,38,0,22,0,22,1,0,0,5,78,0,0
/Users/kaiohs/Downloads/codes/lab02-experimentacao-software/data/repos/kestra-io__kestra/core/src/main/java/io/kestra/plugin/core/storage/PurgeCurrentExecutionFiles.java,io.kestra.plugin.core.storage.PurgeCurrentExecutionFiles,class,13,13,0,13,1,2,0,5,0,0.0,NaN,NaN,1,0,1,0,0,0,1,0,0,0,0,0,0,0,0,0,0,0,0,8,1,0,0,0,0,2,0,0,0,0,0,0,1,0,18,1,0
/Users/kaiohs/Downloads/codes/lab02-experimentacao-software/data/repos/kestra-io__kestra/core/src/test/java/io/kestra/core/runners/pebble/PebbleExpressionServiceTest.java,io.kestra.core.runners.pebble.PebbleExpressionServiceTest,class,7,8,1,7,7,1,0,24,9,0.42857143,0.0,0.0,7,0,0,1,0,6,6,0,0,0,1,0,0,0,0,1,0,0,0,55,1,0,0,0,0,54,11,9,1,11,0,0,0,2,40,0,0
/Users/kaiohs/Downloads/codes/lab02-experimentacao-software/data/repos/kestra-io__kestra/core/src/test/java/io/kestra/core/runners/pebble/functions/IDFunctionTest.java,io.kestra.core.runners.pebble.functions.IDFunctionTest,class,4,4,0,4,1,1,0,6,0,0.0,NaN,NaN,1,0,0,0,0,1,1,0,0,0,1,0,0,0,0,1,0,0,1,7,0,0,0,0,0,1,0,1,0,2,0,0,0,0,19,0,0
/Users/kaiohs/Downloads/codes/lab02-experimentacao-software/data/repos/kestra-io__kestra/core/src/main/java/io/kestra/plugin/core/storage/Concat.java,io.kestra.plugin.core.storage.Concat,class,22,22,0,22,4,2,0,23,0,0.0,NaN,NaN,1,0,1,0,0,0,1,0,0,0,3,0,0,3,0,0,0,0,0,37,1,0,1,2,0,13,0,8,1,10,3,1,1,1,73,1,0
/Users/kaiohs/Downloads/codes/lab02-experimentacao-software/data/repos/kestra-io__kestra/webserver/src/main/java/io/kestra/webserver/services/ai/AiServiceInterface.java,io.kestra.webserver.services.ai.AiServiceInterface,interface,6,10,4,6,5,1,0,0,10,0.0,0.0,0.0,5,0,0,0,0,5,5,0,0,0,0,0,0,0,0,0,0,0,0,11,2,0,0,0,0,0,0,0,0,0,0,0,0,0,29,1,0
/Users/kaiohs/Downloads/codes/lab02-experimentacao-software/data/repos/kestra-io__kestra/core/src/main/java/io/kestra/core/runners/SubflowExecution.java,io.kestra.core.runners.SubflowExecution,class,11,14,3,11,1,1,0,1,0,0.75,NaN,NaN,1,0,1,0,0,0,1,0,0,0,4,0,0,4,0,0,0,0,0,9,1,0,0,0,0,0,0,0,0,4,0,0,0,0,12,1,0
/Users/kaiohs/Downloads/codes/lab02-experimentacao-software/data/repos/kestra-io__kestra/core/src/main/java/io/kestra/core/events/CrudEvent.java,io.kestra.core.events.CrudEvent,class,6,11,5,6,12,1,0,6,0,0.5416667,0.0,0.0,6,3,6,0,0,0,6,0,0,0,4,0,0,4,0,0,4,0,4,38,5,0,4,0,0,3,0,4,0,4,1,0,0,0,39,1,0
/Users/kaiohs/Downloads/codes/lab02-experimentacao-software/data/repos/kestra-io__kestra/jdbc-mysql/src/main/java/io/kestra/repository/mysql/MysqlRepository.java,io.kestra.repository.mysql.MysqlRepository,class,22,42,20,22,11,2,0,32,15,0.0,0.0,0.0,6,1,5,1,0,0,5,0,0,0,0,0,0,0,0,0,0,0,4,48,6,1,1,0,0,20,1,11,3,10,1,0,1,2,61,1,0
/Users/kaiohs/Downloads/codes/lab02-experimentacao-software/data/repos/kestra-io__kestra/jdbc/src/test/java/io/kestra/jdbc/server/JdbcServiceLivenessManagerTest.java,io.kestra.jdbc.server.JdbcServiceLivenessManagerTest,class,16,16,0,16,2,1,0,19,0,0.125,0.0,0.0,2,0,0,0,0,2,2,0,0,0,4,1,1,3,0,0,1,0,5,28,0,0,0,0,0,1,5,6,0,8,0,0,0,0,51,0,0
/Users/kaiohs/Downloads/codes/lab02-experimentacao-software/data/repos/kestra-io__kestra/core/src/main/java/io/kestra/core/killswitch/KillSwitchService.java,io.kestra.core.killswitch.KillSwitchService,class,8,9,1,8,11,1,0,1,0,0.0,0.0,0.0,6,0,6,0,0,0,6,0,0,0,1,0,0,1,0,0,1,0,0,36,10,0,0,0,0,0,0,1,0,1,1,0,0,0,30,1,0
/Users/kaiohs/Downloads/codes/lab02-experimentacao-software/data/repos/kestra-io__kestra/core/src/main/java/io/kestra/core/http/HttpResponse.java,io.kestra.core.http.HttpResponse$EndpointDetail,innerclass,4,4,0,4,1,1,0,14,0,0.0,NaN,NaN,1,1,1,0,0,0,1,0,0,0,6,0,0,0,0,6,0,0,0,11,1,0,0,0,0,0,0,0,0,6,0,0,0,0,26,9,0
/Users/kaiohs/Downloads/codes/lab02-experimentacao-software/data/repos/kestra-io__kestra/core/src/test/java/io/kestra/core/runners/pebble/functions/FromIonFunctionTest.java,io.kestra.core.runners.pebble.functions.FromIonFunctionTest,class,6,6,0,6,4,1,0,21,0,0.33333334,0.0,0.0,3,0,0,0,0,3,3,0,0,0,2,0,0,0,0,2,0,0,7,30,0,1,0,0,1,30,2,10,4,10,1,0,0,2,48,0,0
/Users/kaiohs/Downloads/codes/lab02-experimentacao-software/data/repos/kestra-io__kestra/core/src/test/java/io/kestra/core/services/KVStoreServiceTest.java,io.kestra.core.services.KVStoreServiceTest,class,13,13,0,13,5,2,0,19,0,0.45000002,0.0,0.0,5,0,0,0,0,5,5,0,0,0,4,1,0,1,0,3,1,0,6,40,0,0,0,0,0,12,5,6,0,9,0,0,1,1,55,0,0
/Users/kaiohs/Downloads/codes/lab02-experimentacao-software/data/repos/kestra-io__kestra/webserver/src/test/java/io/kestra/webserver/filter/AuthenticationFilterTest.java,io.kestra.webserver.filter.AuthenticationFilterTest,class,13,13,0,13,10,1,0,28,0,0.65999997,0.0,0.0,10,0,0,0,0,10,10,0,0,0,5,0,0,5,0,0,0,0,0,70,0,0,0,0,0,44,0,20,0,16,0,0,0,8,71,0,0
/Users/kaiohs/Downloads/codes/lab02-experimentacao-software/data/repos/kestra-io__kestra/core/src/main/java/io/kestra/core/models/collectors/ConfigurationUsage.java,io.kestra.core.models.collectors.ConfigurationUsage,class,5,7,2,5,2,1,0,10,1,0.5,0.0,0.0,2,2,2,0,0,0,2,0,0,0,5,0,0,5,0,0,5,0,1,13,2,0,0,0,0,5,0,0,0,5,0,0,0,0,16,1,0
/Users/kaiohs/Downloads/codes/lab02-experimentacao-software/data/repos/kestra-io__kestra/core/src/main/java/io/kestra/core/serializers/ion/IonModule.java,io.kestra.core.serializers.ion.IonModule$InstantSerializer,innerclass,4,4,0,4,2,2,0,1,1,1.0,0.0,0.0,2,0,1,0,1,0,2,0,0,0,1,1,0,1,0,0,1,0,0,9,0,0,0,0,1,0,1,1,0,1,0,0,0,0,19,9,0
/Users/kaiohs/Downloads/codes/lab02-experimentacao-software/data/repos/kestra-io__kestra/core/src/test/java/io/kestra/core/http/client/HttpClientTest.java,io.kestra.core.http.client.HttpClientTest,class,33,34,1,33,28,1,0,89,0,0.8209877,0.0,0.0,27,1,1,0,0,26,27,0,0,0,6,2,0,4,0,2,1,0,38,288,3,0,1,22,0,84,42,66,20,77,2,1,1,12,117,0,0
/Users/kaiohs/Downloads/codes/lab02-experimentacao-software/data/repos/kestra-io__kestra/jdbc-postgres/src/test/java/io/kestra/repository/postgres/PostgresNamespaceFileMetadataRepositoryTest.java,io.kestra.repository.postgres.PostgresNamespaceFileMetadataRepositoryTest,class,1,1,0,1,0,2,0,0,0,0.0,-1.0,-1.0,0,0,0,0,0,0,0,0,0,0,0,0,0,0,0,0,0,0,0,2,0,0,0,0,0,0,0,0,0,0,0,0,0,0,7,1,0
/Users/kaiohs/Downloads/codes/lab02-experimentacao-software/data/repos/kestra-io__kestra/core/src/main/java/io/kestra/core/models/flows/check/Check.java,io.kestra.core.models.flows.check.Check$Style,enum,0,0,0,0,0,1,0,0,0,0.0,-1.0,-1.0,0,0,0,0,0,0,0,0,0,0,0,0,0,0,0,0,0,0,0,5,0,0,0,0,0,0,0,0,0,0,0,0,0,0,22,1,0
/Users/kaiohs/Downloads/codes/lab02-experimentacao-software/data/repos/kestra-io__kestra/core/src/main/java/io/kestra/core/models/hierarchies/Graph.java,io.kestra.core.models.hierarchies.Graph,class,5,8,3,5,10,1,0,20,0,0.0,0.0,0.0,9,0,9,0,0,0,9,0,0,0,1,0,0,1,0,0,1,0,1,41,7,0,0,0,0,4,0,1,1,2,1,0,1,1,20,1,0
/Users/kaiohs/Downloads/codes/lab02-experimentacao-software/data/repos/kestra-io__kestra/core/src/main/java/io/kestra/plugin/core/namespace/PurgeFiles.java,io.kestra.plugin.core.namespace.PurgeFiles,class,21,21,0,21,4,2,0,22,3,0.8666667,0.0,0.0,3,0,3,0,0,0,3,0,0,0,5,0,0,5,0,0,0,0,0,30,3,1,0,0,1,14,1,8,0,11,1,0,1,0,78,1,2
/Users/kaiohs/Downloads/codes/lab02-experimentacao-software/data/repos/kestra-io__kestra/webserver/src/main/java/io/kestra/webserver/controllers/api/RedirectController.java,io.kestra.webserver.controllers.api.RedirectController,class,7,7,0,7,2,1,0,2,0,0.0,NaN,NaN,1,0,1,0,0,0,1,0,0,0,1,0,0,0,1,0,0,0,1,6,1,0,1,0,1,3,0,0,1,1,0,0,0,0,8,1,0
/Users/kaiohs/Downloads/codes/lab02-experimentacao-software/data/repos/kestra-io__kestra/core/src/test/java/io/kestra/core/runners/pebble/functions/HourOfDayFunctionTest.java,io.kestra.core.runners.pebble.functions.HourOfDayFunctionTest,class,5,5,0,5,9,1,0,8,0,0.0,0.0,0.0,9,0,0,0,0,9,9,0,0,0,1,0,0,0,0,1,0,0,6,36,0,0,0,0,0,17,0,6,0,7,0,0,0,3,35,0,0
/Users/kaiohs/Downloads/codes/lab02-experimentacao-software/data/repos/kestra-io__kestra/core/src/main/java/io/kestra/core/runners/pebble/functions/ParentOutputFunction.java,io.kestra.core.runners.pebble.functions.ParentOutputFunction,class,5,7,2,5,9,1,0,13,6,1.0,0.0,0.0,4,0,3,1,0,0,3,0,0,0,1,1,1,0,0,0,1,0,1,37,6,0,2,0,1,15,1,8,2,8,3,0,0,0,52,1,0
/Users/kaiohs/Downloads/codes/lab02-experimentacao-software/data/repos/kestra-io__kestra/core/src/test/java/io/kestra/plugin/core/http/DownloadTest.java,io.kestra.plugin.core.http.DownloadTest,class,11,12,1,11,12,1,0,39,0,0.4375,0.0,0.0,12,0,0,0,0,12,12,0,0,0,4,1,1,3,0,0,1,0,1,137,0,0,0,1,0,27,4,49,12,52,1,0,1,3,74,0,0
/Users/kaiohs/Downloads/codes/lab02-experimentacao-software/data/repos/kestra-io__kestra/core/src/main/java/io/kestra/core/reporter/ReportableScheduler.java,io.kestra.core.reporter.ReportableScheduler,class,9,9,0,9,7,1,0,10,0,0.0,0.0,0.0,2,0,2,0,0,0,2,0,0,0,3,0,0,3,0,0,3,0,1,24,0,1,1,1,0,7,0,5,1,5,4,0,0,0,28,1,1
/Users/kaiohs/Downloads/codes/lab02-experimentacao-software/data/repos/kestra-io__kestra/core/src/main/java/io/kestra/core/models/dashboards/TimeWindow.java,io.kestra.core.models.dashboards.TimeWindow,class,9,11,2,9,0,1,0,1,0,NaN,-1.0,-1.0,0,0,0,0,0,0,0,0,0,0,2,0,0,2,0,0,0,0,2,4,0,0,0,0,0,3,4,2,0,2,0,0,0,0,14,1,0
/Users/kaiohs/Downloads/codes/lab02-experimentacao-software/data/repos/kestra-io__kestra/core/src/main/java/io/kestra/core/queues/event/Event.java,io.kestra.core.queues.event.Event,interface,0,2,2,0,1,1,0,0,0,0.0,NaN,NaN,1,0,0,0,0,1,1,0,0,0,0,0,0,0,0,0,0,0,0,3,0,0,0,0,0,0,0,0,0,0,0,0,0,0,2,1,0
/Users/kaiohs/Downloads/codes/lab02-experimentacao-software/data/repos/kestra-io__kestra/core/src/main/java/io/kestra/core/runners/SubflowExecutionResult.java,io.kestra.core.runners.SubflowExecutionResult,class,9,12,3,9,2,1,0,0,0,0.75,0.0,0.0,2,0,2,0,0,0,2,0,0,0,4,0,0,4,0,0,0,0,0,12,2,0,0,0,0,0,0,0,0,4,0,0,0,0,14,1,0
/Users/kaiohs/Downloads/codes/lab02-experimentacao-software/data/repos/kestra-io__kestra/jdbc-mysql/src/main/java/io/kestra/runner/mysql/MysqlExecutionDelayStateStore.java,io.kestra.runner.mysql.MysqlExecutionDelayStateStore,class,6,6,0,6,2,3,0,3,1,0.0,0.0,0.0,2,0,1,0,1,0,2,0,0,0,0,0,0,0,0,0,0,0,1,8,1,0,0,0,0,1,0,0,0,0,0,0,0,0,13,1,0
/Users/kaiohs/Downloads/codes/lab02-experimentacao-software/data/repos/kestra-io__kestra/core/src/main/java/io/kestra/core/models/tasks/runners/PluginUtilsService.java,io.kestra.core.models.tasks.runners.PluginUtilsService,class,13,15,2,13,42,1,0,62,55,0.90909094,0.0,0.0,11,10,9,2,0,0,9,0,0,0,1,1,0,1,0,0,1,0,15,160,7,2,13,3,3,25,2,33,7,29,5,1,0,2,169,1025,3
/Users/kaiohs/Downloads/codes/lab02-experimentacao-software/data/repos/kestra-io__kestra/webserver/src/main/java/io/kestra/webserver/services/WebserverService.java,io.kestra.webserver.services.WebserverService,class,13,14,1,13,9,1,0,7,26,0.84375,0.0,0.0,8,0,7,1,0,0,7,0,0,0,4,0,0,4,0,0,3,0,0,34,3,0,0,0,0,2,0,3,0,4,1,0,0,0,44,17,0
/Users/kaiohs/Downloads/codes/lab02-experimentacao-software/data/repos/kestra-io__kestra/core/src/main/java/io/kestra/core/models/triggers/multipleflows/MultipleConditionStateStore.java,io.kestra.core.models.triggers.multipleflows.MultipleConditionStateStore,interface,3,5,2,3,5,1,0,0,10,0.0,0.0,0.0,5,0,0,0,0,5,5,0,0,0,0,0,0,0,0,0,0,0,0,8,0,0,0,0,0,0,0,0,0,0,0,0,0,0,18,1,0
/Users/kaiohs/Downloads/codes/lab02-experimentacao-software/data/repos/kestra-io__kestra/core/src/main/java/io/kestra/core/models/dashboards/charts/TooltipBehaviour.java,io.kestra.core.models.dashboards.charts.TooltipBehaviour,enum,0,1,1,0,0,1,0,0,0,0.0,-1.0,-1.0,0,0,0,0,0,0,0,0,0,0,0,0,0,0,0,0,0,0,0,1,0,0,0,0,0,0,0,0,0,0,0,0,0,0,9,1,0
/Users/kaiohs/Downloads/codes/lab02-experimentacao-software/data/repos/kestra-io__kestra/worker/src/main/java/io/kestra/worker/GrpcStubFactory.java,io.kestra.worker.GrpcStubFactory,class,18,19,1,18,12,1,0,11,45,0.9,0.0,0.0,10,0,10,0,0,0,10,0,0,0,1,0,0,0,0,1,0,0,0,41,10,0,0,0,0,0,0,4,0,3,2,0,0,0,46,1,0
/Users/kaiohs/Downloads/codes/lab02-experimentacao-software/data/repos/kestra-io__kestra/core/src/main/java/io/kestra/core/server/ServiceRegistry.java,io.kestra.core.server.ServiceRegistry,class,7,9,2,7,12,1,0,16,0,0.22222222,0.0,0.0,9,0,9,0,0,0,9,0,0,0,1,0,0,1,0,0,1,0,3,42,10,0,1,1,0,0,1,2,0,2,2,0,0,2,56,17,0
/Users/kaiohs/Downloads/codes/lab02-experimentacao-software/data/repos/kestra-io__kestra/core/src/main/java/io/kestra/plugin/core/log/PurgeLogs.java,io.kestra.plugin.core.log.PurgeLogs,class,23,23,0,23,5,2,0,27,0,0.0,NaN,NaN,1,0,1,0,0,0,1,0,0,0,8,0,0,8,0,0,0,0,2,31,1,0,2,0,1,18,0,9,1,15,1,0,1,0,74,1,0
/Users/kaiohs/Downloads/codes/lab02-experimentacao-software/data/repos/kestra-io__kestra/core/src/main/java/io/kestra/core/models/tasks/ExecutableTask.java,io.kestra.core.models.tasks.ExecutableTask,interface,10,14,4,10,6,1,0,0,15,0.0,0.0,0.0,6,0,0,0,0,6,6,0,0,0,0,0,0,0,0,0,0,0,0,10,0,0,0,0,0,0,0,0,0,0,0,0,1,0,70,1,0
/Users/kaiohs/Downloads/codes/lab02-experimentacao-software/data/repos/kestra-io__kestra/core/src/main/java/io/kestra/core/utils/RetryUtils.java,io.kestra.core.utils.RetryUtils$Instance,innerclass,15,15,0,15,13,1,0,35,6,0.5555555,0.0,0.0,9,1,5,4,0,0,5,0,0,0,3,0,0,3,0,0,3,0,8,48,10,0,2,1,0,10,8,6,1,15,1,0,0,7,42,9,1
/Users/kaiohs/Downloads/codes/lab02-experimentacao-software/data/repos/kestra-io__kestra/worker/src/main/java/io/kestra/worker/queues/MonitoredWorkerQueue.java,io.kestra.worker.queues.MonitoredWorkerQueue,class,5,5,0,5,4,2,0,7,0,0.625,0.0,0.0,4,0,4,0,0,0,4,0,0,0,6,4,4,2,0,0,6,0,0,30,2,0,0,0,0,9,0,9,0,9,0,0,0,0,45,1,0
/Users/kaiohs/Downloads/codes/lab02-experimentacao-software/data/repos/kestra-io__kestra/core/src/main/java/io/kestra/core/runners/FlowInputOutput.java,io.kestra.core.runners.FlowInputOutput,class,33,47,14,33,60,1,0,118,141,0.9027778,0.0,0.0,18,3,9,9,0,0,9,0,0,0,4,1,0,4,0,0,4,0,16,264,26,2,11,8,1,12,1,38,4,60,6,0,1,22,146,1,4
/Users/kaiohs/Downloads/codes/lab02-experimentacao-software/data/repos/kestra-io__kestra/executor/src/test/java/io/kestra/executor/handler/ExecutionEventMessageHandlerTest.java,io.kestra.executor.handler.ExecutionEventMessageHandlerTest,class,8,8,0,8,2,1,0,18,0,0.33333334,0.0,0.0,2,0,0,0,0,2,2,0,0,0,3,0,0,3,0,0,0,0,3,20,0,0,0,0,0,4,1,6,0,9,0,0,0,0,22,0,0
/Users/kaiohs/Downloads/codes/lab02-experimentacao-software/data/repos/kestra-io__kestra/webserver/src/main/java/io/kestra/webserver/filter/AuthenticationFilter.java,io.kestra.webserver.filter.AuthenticationFilter,class,15,16,1,15,17,1,0,47,15,0.8333333,0.0,0.0,6,0,2,3,0,1,3,0,0,0,4,3,1,3,0,0,3,0,2,46,10,0,2,1,2,16,2,9,1,17,2,0,0,9,71,1,0
/Users/kaiohs/Downloads/codes/lab02-experimentacao-software/data/repos/kestra-io__kestra/core/src/test/java/io/kestra/core/runners/AbstractRunnerTest.java,io.kestra.core.runners.AbstractRunnerTest,class,29,30,1,29,95,1,1,117,3625,0.95035464,0.0,0.0,94,0,15,0,29,50,94,0,0,0,24,3,3,6,15,0,3,0,6,347,0,0,1,0,0,183,22,17,0,47,0,0,0,9,215,1025,0
/Users/kaiohs/Downloads/codes/lab02-experimentacao-software/data/repos/kestra-io__kestra/queue-jdbc/src/main/java/io/kestra/queue/jdbc/client/JdbcDispatchSubscriber.java,io.kestra.queue.jdbc.client.JdbcDispatchSubscriber,class,9,12,3,9,4,4,0,3,0,0.25,0.0,0.0,4,0,1,0,3,0,4,0,0,0,1,0,0,1,0,0,1,0,0,16,2,0,0,0,0,0,0,1,0,1,0,0,0,0,20,1,0
/Users/kaiohs/Downloads/codes/lab02-experimentacao-software/data/repos/kestra-io__kestra/core/src/main/java/io/kestra/core/services/IgnoreExecutionService.java,io.kestra.core.services.IgnoreExecutionService,class,12,19,7,12,28,1,0,23,120,0.872549,0.0,0.0,17,1,13,2,0,2,15,0,0,6,6,0,0,6,0,0,0,0,13,65,11,0,11,0,2,2,4,13,0,8,1,0,0,1,73,1,1
/Users/kaiohs/Downloads/codes/lab02-experimentacao-software/data/repos/kestra-io__kestra/core/src/main/java/io/kestra/core/runners/pebble/functions/FileURIFunction.java,io.kestra.core.runners.pebble.functions.FileURIFunction,class,5,6,1,5,9,2,0,20,4,0.73333335,0.0,0.0,5,0,2,1,2,0,4,0,0,0,3,3,2,1,0,0,3,0,4,50,6,0,0,2,0,11,0,10,1,10,2,0,0,0,61,1,0
/Users/kaiohs/Downloads/codes/lab02-experimentacao-software/data/repos/kestra-io__kestra/webserver/src/main/java/io/kestra/webserver/endpoints/VersionEndpoint.java,io.kestra.webserver.endpoints.VersionEndpoint,class,8,8,0,8,2,1,0,4,0,0.5,0.0,0.0,2,0,1,0,1,0,2,0,0,0,5,3,2,3,0,0,3,0,0,13,2,0,0,0,0,4,0,3,1,5,0,0,0,0,38,1,0
/Users/kaiohs/Downloads/codes/lab02-experimentacao-software/data/repos/kestra-io__kestra/worker/src/test/java/io/kestra/worker/stores/GrpcWorkerExecutionLogMetaStoreTest.java,io.kestra.worker.stores.GrpcWorkerExecutionLogMetaStoreTest,class,10,11,1,10,3,2,0,17,1,0.5555556,0.0,0.0,3,0,0,1,1,1,2,0,0,0,3,0,0,3,0,0,0,0,2,19,1,0,0,0,0,7,1,3,0,5,0,0,0,0,26,0,0
/Users/kaiohs/Downloads/codes/lab02-experimentacao-software/data/repos/kestra-io__kestra/core/src/test/java/io/kestra/core/runners/LogToFileTest.java,io.kestra.core.runners.LogToFileTest,class,8,8,0,8,1,1,0,14,0,0.0,NaN,NaN,1,0,0,0,0,1,1,0,0,0,1,0,0,1,0,0,0,0,0,17,0,0,0,0,0,4,3,4,0,5,0,0,0,0,28,1,0
/Users/kaiohs/Downloads/codes/lab02-experimentacao-software/data/repos/kestra-io__kestra/core/src/main/java/io/kestra/core/validations/validator/ExponentialRetryValidator.java,io.kestra.core.validations.validator.ExponentialRetryValidator,class,7,7,0,7,8,1,0,7,0,0.0,NaN,NaN,1,0,1,0,0,0,1,0,0,0,0,0,0,0,0,0,0,0,0,18,4,0,5,0,0,2,2,0,2,0,1,0,0,0,17,1,0
/Users/kaiohs/Downloads/codes/lab02-experimentacao-software/data/repos/kestra-io__kestra/core/src/main/java/io/kestra/core/utils/Debug.java,io.kestra.core.utils.Debug,class,6,7,1,6,7,1,0,15,3,0.77777785,0.0,0.0,3,3,2,1,0,0,2,0,0,0,3,3,0,3,0,0,2,0,6,32,2,1,0,1,0,7,4,6,3,4,2,0,0,0,32,1,2
/Users/kaiohs/Downloads/codes/lab02-experimentacao-software/data/repos/kestra-io__kestra/core/src/main/java/io/kestra/core/runners/pebble/filters/SubstringBeforeLastFilter.java,io.kestra.core.runners.pebble.filters.SubstringBeforeLastFilter,class,4,5,1,4,5,1,0,6,1,0.33333334,0.0,0.0,3,0,3,0,0,0,3,0,0,0,1,0,0,1,0,0,1,0,0,20,3,0,1,0,0,4,0,2,0,2,1,0,0,0,23,1,0
/Users/kaiohs/Downloads/codes/lab02-experimentacao-software/data/repos/kestra-io__kestra/core/src/main/java/io/kestra/core/runners/pebble/functions/AbstractFileFunction.java,io.kestra.core.runners.pebble.functions.AbstractFileFunction,class,12,18,6,12,31,1,5,37,14,0.8511905,0.0,0.0,12,0,3,5,2,2,7,2,0,0,14,9,0,2,5,7,9,0,12,133,14,0,7,1,0,39,3,36,6,29,3,0,0,0,115,1024,0
/Users/kaiohs/Downloads/codes/lab02-experimentacao-software/data/repos/kestra-io__kestra/webserver/src/main/java/io/kestra/webserver/services/ai/PosthogChatModelListener.java,io.kestra.webserver.services.ai.PosthogChatModelListener,class,13,15,2,13,17,1,0,44,15,0.8333333,0.0,0.0,6,3,2,4,0,0,2,0,0,0,1,0,0,1,0,0,0,0,9,86,8,0,5,0,1,44,3,10,2,14,2,0,0,3,36,1,1
/Users/kaiohs/Downloads/codes/lab02-experimentacao-software/data/repos/kestra-io__kestra/executor/src/main/java/io/kestra/executor/DefaultServiceLivenessCoordinator.java,io.kestra.executor.DefaultServiceLivenessCoordinator,class,29,31,2,29,43,2,0,100,113,0.88194454,0.0,0.0,18,0,2,10,5,1,8,0,0,0,16,4,0,15,0,1,15,0,6,177,6,0,4,3,2,26,1,28,4,42,3,0,0,12,192,1,10
/Users/kaiohs/Downloads/codes/lab02-experimentacao-software/data/repos/kestra-io__kestra/core/src/test/java/io/kestra/core/models/tasks/runners/ScriptServiceTest.java,io.kestra.core.models.tasks.runners.ScriptServiceTest$Anonymous1,anonymous,0,0,0,0,2,1,0,0,1,0.0,0.0,0.0,2,0,2,0,0,0,2,0,0,0,0,0,0,0,0,0,0,0,0,8,2,0,0,0,0,2,0,0,0,0,0,0,0,0,3,-1,0
/Users/kaiohs/Downloads/codes/lab02-experimentacao-software/data/repos/kestra-io__kestra/core/src/main/java/io/kestra/core/utils/EditionProvider.java,io.kestra.core.utils.EditionProvider,class,5,7,2,5,4,1,0,11,1,0.0,0.0,0.0,2,0,2,0,0,0,2,0,0,0,0,0,0,0,0,0,0,0,0,13,1,0,0,0,0,0,0,2,0,2,1,0,1,0,30,1,0
/Users/kaiohs/Downloads/codes/lab02-experimentacao-software/data/repos/kestra-io__kestra/core/src/main/java/io/kestra/core/runners/DefaultLogEntryEmitter.java,io.kestra.core.runners.DefaultLogEntryEmitter,class,8,8,0,8,3,1,0,7,0,0.0,0.0,0.0,3,0,3,0,0,0,3,0,0,0,2,0,0,2,0,0,2,0,0,16,2,0,0,0,0,1,0,2,0,2,0,0,0,0,11,1,0
/Users/kaiohs/Downloads/codes/lab02-experimentacao-software/data/repos/kestra-io__kestra/core/src/test/java/io/kestra/core/models/QueryFilterTest.java,io.kestra.core.models.QueryFilterTest,class,14,15,1,14,8,1,0,32,28,0.0,0.0,0.0,8,3,0,1,0,7,7,0,0,0,0,0,0,0,0,0,0,0,162,36,3,0,0,0,0,7,0,8,0,11,0,0,0,5,44,1,0
/Users/kaiohs/Downloads/codes/lab02-experimentacao-software/data/repos/kestra-io__kestra/core/src/main/java/io/kestra/core/services/BackendVersionProvider.java,io.kestra.core.services.BackendVersionProvider$Category,enum,0,0,0,0,0,1,0,0,0,0.0,-1.0,-1.0,0,0,0,0,0,0,0,0,0,0,0,0,0,0,0,0,0,0,0,1,0,0,0,0,0,0,0,0,0,0,0,0,0,0,10,0,0
/Users/kaiohs/Downloads/codes/lab02-experimentacao-software/data/repos/kestra-io__kestra/core/src/main/java/io/kestra/core/scheduler/events/SchedulerEvent.java,io.kestra.core.scheduler.events.SchedulerEvent$VNodesAssignmentEvent,interface,1,1,0,1,2,1,0,0,1,0.0,0.0,0.0,2,0,0,0,0,2,2,0,0,0,0,0,0,0,0,0,0,0,0,4,0,0,0,0,0,0,0,0,0,0,0,0,0,0,40,0,0
/Users/kaiohs/Downloads/codes/lab02-experimentacao-software/data/repos/kestra-io__kestra/core/src/main/java/io/kestra/core/models/validations/KestraConstraintViolationException.java,io.kestra.core.models.validations.KestraConstraintViolationException,class,6,8,2,6,7,2,0,13,3,1.0,0.0,0.0,3,0,2,1,0,0,2,0,0,0,1,1,0,1,0,0,1,0,1,30,2,1,0,1,0,7,1,8,4,6,3,0,0,0,32,1,0
/Users/kaiohs/Downloads/codes/lab02-experimentacao-software/data/repos/kestra-io__kestra/core/src/main/java/io/kestra/core/models/assets/AssetsDeclaration.java,io.kestra.core.models.assets.AssetsDeclaration,class,5,5,0,5,2,1,0,3,0,0.0,0.0,0.0,2,0,2,0,0,0,2,0,0,0,3,0,0,3,0,0,0,0,1,13,0,0,0,0,0,0,0,3,0,3,0,0,0,0,7,1,0
/Users/kaiohs/Downloads/codes/lab02-experimentacao-software/data/repos/kestra-io__kestra/core/src/main/java/io/kestra/core/models/executions/metrics/Counter.java,io.kestra.core.models.executions.metrics.Counter,class,11,15,4,11,11,2,0,4,0,0.6666667,0.0,0.0,11,8,10,1,0,0,10,0,0,0,3,1,1,2,0,0,2,0,0,39,8,0,0,0,0,1,0,4,1,3,0,0,0,0,18,17,0
/Users/kaiohs/Downloads/codes/lab02-experimentacao-software/data/repos/kestra-io__kestra/core/src/test/java/io/kestra/core/services/TaskOutputServiceTest.java,io.kestra.core.services.TaskOutputServiceTest$TestOutput,innerclass,3,3,0,3,0,1,0,0,0,NaN,-1.0,-1.0,0,0,0,0,0,0,0,0,0,0,3,0,0,3,0,0,3,0,0,5,0,0,0,0,0,0,0,0,0,3,0,0,0,0,7,10,0
/Users/kaiohs/Downloads/codes/lab02-experimentacao-software/data/repos/kestra-io__kestra/webserver/src/test/java/io/kestra/webserver/controllers/api/OutputControllerTest.java,io.kestra.webserver.controllers.api.OutputControllerTest,class,9,9,0,9,2,1,0,11,0,0.25,0.0,0.0,2,0,0,0,0,2,2,0,0,0,2,0,0,2,0,0,0,0,0,20,0,0,0,0,0,9,0,7,2,9,0,0,0,1,26,0,0
/Users/kaiohs/Downloads/codes/lab02-experimentacao-software/data/repos/kestra-io__kestra/core/src/test/java/io/kestra/core/runners/pebble/functions/UUIDFunctionTest.java,io.kestra.core.runners.pebble.functions.UUIDFunctionTest,class,4,4,0,4,1,1,0,8,0,0.0,NaN,NaN,1,0,0,0,0,1,1,0,0,0,1,0,0,0,0,1,0,0,1,8,0,0,0,0,0,1,1,1,0,2,0,0,0,0,20,0,0
/Users/kaiohs/Downloads/codes/lab02-experimentacao-software/data/repos/kestra-io__kestra/jdbc-postgres/src/test/java/io/kestra/repository/postgres/PostgresExecutionServiceTest.java,io.kestra.repository.postgres.PostgresExecutionServiceTest,class,1,1,0,1,0,2,0,0,0,0.0,-1.0,-1.0,0,0,0,0,0,0,0,0,0,0,0,0,0,0,0,0,0,0,0,2,0,0,0,0,0,0,0,0,0,0,0,0,0,0,5,0,0
/Users/kaiohs/Downloads/codes/lab02-experimentacao-software/data/repos/kestra-io__kestra/core/src/main/java/io/kestra/core/metrics/GlobalTagsConfigurer.java,io.kestra.core.metrics.GlobalTagsConfigurer,class,9,9,0,9,5,1,0,15,3,0.6666667,0.0,0.0,3,0,3,0,0,0,3,0,0,0,2,0,0,0,0,2,0,0,4,14,2,0,2,0,0,2,0,1,0,4,0,0,0,1,22,1,0
/Users/kaiohs/Downloads/codes/lab02-experimentacao-software/data/repos/kestra-io__kestra/core/src/main/java/io/kestra/core/test/flow/Fixtures.java,io.kestra.core.test.flow.Fixtures,class,8,9,1,8,0,1,0,0,0,NaN,-1.0,-1.0,0,0,0,0,0,0,0,0,0,0,4,0,0,4,0,0,0,0,0,6,0,0,0,0,0,0,0,0,0,4,0,0,0,0,9,1,0
/Users/kaiohs/Downloads/codes/lab02-experimentacao-software/data/repos/kestra-io__kestra/core/src/main/java/io/kestra/core/repositories/DashboardRepositoryInterface.java,io.kestra.core.repositories.DashboardRepositoryInterface,interface,11,13,2,11,11,1,0,1,55,0.0,0.0,0.0,11,0,0,0,0,11,11,0,0,0,0,0,0,0,0,0,0,0,0,15,1,0,0,0,0,0,0,0,0,0,0,0,0,0,40,1,0
/Users/kaiohs/Downloads/codes/lab02-experimentacao-software/data/repos/kestra-io__kestra/cli/src/test/java/io/kestra/cli/commands/configs/sys/NoConfigCommandTest.java,io.kestra.cli.commands.configs.sys.NoConfigCommandTest,class,5,6,1,5,2,1,0,17,1,0.0,0.0,0.0,2,0,0,0,0,2,2,0,0,0,0,0,0,0,0,0,0,0,4,29,0,0,0,2,0,10,0,11,0,11,1,0,0,0,78,0,0
/Users/kaiohs/Downloads/codes/lab02-experimentacao-software/data/repos/kestra-io__kestra/core/src/main/java/io/kestra/plugin/core/storage/FilterItems.java,io.kestra.plugin.core.storage.FilterItems,class,24,25,1,24,13,2,0,24,1,0.5833334,NaN,NaN,3,0,1,2,0,0,1,0,0,0,4,0,0,4,0,0,0,0,2,99,3,1,3,2,1,12,2,19,1,17,5,0,4,0,131,1,0
/Users/kaiohs/Downloads/codes/lab02-experimentacao-software/data/repos/kestra-io__kestra/core/src/main/java/io/kestra/core/runners/RunContextLogger.java,io.kestra.core.runners.RunContextLogger$FileAppender,innerclass,7,7,0,7,4,3,0,9,0,0.5,0.0,0.0,2,0,1,0,1,0,3,0,0,0,3,2,0,3,0,0,3,0,0,23,0,0,0,1,0,2,0,5,0,4,1,0,0,0,33,9,0
/Users/kaiohs/Downloads/codes/lab02-experimentacao-software/data/repos/kestra-io__kestra/jdbc/src/main/java/io/kestra/jdbc/JooqExecuteListenerFactory.java,io.kestra.jdbc.JooqExecuteListenerFactory,class,7,7,0,7,1,1,0,0,0,0.0,NaN,NaN,1,0,1,0,0,0,1,0,0,0,0,0,0,0,0,0,0,0,0,43,1,0,0,0,0,0,0,0,0,0,0,1,0,0,9,1,0
/Users/kaiohs/Downloads/codes/lab02-experimentacao-software/data/repos/kestra-io__kestra/queue/src/main/java/io/kestra/queue/AbstractQueue.java,io.kestra.queue.AbstractQueue,class,12,21,9,12,17,1,0,26,33,0.8,0.0,0.0,10,0,3,0,6,1,10,0,0,1,7,1,0,3,4,0,7,0,1,66,8,1,2,1,0,7,1,10,5,10,3,0,0,1,75,1024,3
/Users/kaiohs/Downloads/codes/lab02-experimentacao-software/data/repos/kestra-io__kestra/core/src/test/java/io/kestra/core/runners/pebble/functions/KvFunctionTest.java,io.kestra.core.runners.pebble.functions.KvFunctionTest,class,12,12,0,12,8,1,0,14,0,0.25,0.0,0.0,8,0,0,0,0,8,8,0,0,0,3,0,0,2,0,1,0,0,15,71,0,0,0,0,0,48,2,31,0,34,1,0,0,4,74,1,0
/Users/kaiohs/Downloads/codes/lab02-experimentacao-software/data/repos/kestra-io__kestra/jdbc-h2/src/test/java/io/kestra/queue/h2/H2DispatchQueueTest.java,io.kestra.queue.h2.H2DispatchQueueTest,class,6,6,0,6,1,2,0,2,0,0.0,NaN,NaN,1,0,0,0,1,0,1,0,0,0,1,0,0,0,0,1,0,0,0,7,0,0,0,0,0,2,0,0,0,1,0,0,0,0,10,0,0
/Users/kaiohs/Downloads/codes/lab02-experimentacao-software/data/repos/kestra-io__kestra/core/src/test/java/io/kestra/core/validations/TimeWindowValidationTest.java,io.kestra.core.validations.TimeWindowValidationTest,class,5,5,0,5,11,1,0,20,0,0.0,0.0,0.0,11,0,0,0,0,11,11,0,0,0,1,0,0,1,0,0,0,0,14,72,0,0,0,0,0,8,12,22,0,23,0,0,0,0,34,0,0
/Users/kaiohs/Downloads/codes/lab02-experimentacao-software/data/repos/kestra-io__kestra/core/src/test/java/io/kestra/core/models/executions/TaskRunTest.java,io.kestra.core.models.executions.TaskRunTest,class,3,3,0,3,3,1,0,17,3,0.0,0.0,0.0,3,0,0,0,0,3,3,0,0,0,0,0,0,0,0,0,0,0,2,20,0,0,0,0,0,0,5,3,0,3,0,0,0,0,13,0,0
/Users/kaiohs/Downloads/codes/lab02-experimentacao-software/data/repos/kestra-io__kestra/core/src/test/java/io/kestra/core/runners/DefaultFlowMetaStoreTest.java,io.kestra.core.runners.DefaultFlowMetaStoreTest,class,12,13,1,12,14,1,0,41,0,0.25,0.0,0.0,14,0,0,1,0,13,13,0,0,0,2,0,0,2,0,0,0,0,15,100,1,0,0,0,0,5,8,33,0,36,0,0,0,1,45,0,0
/Users/kaiohs/Downloads/codes/lab02-experimentacao-software/data/repos/kestra-io__kestra/core/src/main/java/io/kestra/plugin/core/flow/Switch.java,io.kestra.plugin.core.flow.Switch$Output,innerclass,3,3,0,3,0,1,0,0,0,NaN,-1.0,-1.0,0,0,0,0,0,0,0,0,0,0,2,0,0,2,0,0,0,0,0,4,0,0,0,0,0,0,0,0,0,2,0,0,0,0,3,9,0
/Users/kaiohs/Downloads/codes/lab02-experimentacao-software/data/repos/kestra-io__kestra/webserver/src/main/java/io/kestra/webserver/services/ai/AiServiceManager.java,io.kestra.webserver.services.ai.AiServiceManager,class,21,23,2,21,19,1,0,35,0,0.5833334,0.0,0.0,6,0,5,0,1,0,6,0,0,0,4,0,0,3,1,0,3,0,2,76,9,2,6,1,0,15,0,14,3,14,3,0,0,1,62,1,3
/Users/kaiohs/Downloads/codes/lab02-experimentacao-software/data/repos/kestra-io__kestra/core/src/test/java/io/kestra/core/runners/FlowInputOutputTest.java,io.kestra.core.runners.FlowInputOutputTest$MemoryCompletedPart,innerclass,3,3,0,3,6,1,0,2,1,0.5,0.0,0.0,6,0,6,0,0,0,6,0,0,0,2,0,0,0,2,0,2,0,2,23,5,0,0,0,0,0,0,2,0,2,0,0,0,0,15,10,0
/Users/kaiohs/Downloads/codes/lab02-experimentacao-software/data/repos/kestra-io__kestra/core/src/main/java/io/kestra/plugin/core/trigger/Flow.java,io.kestra.plugin.core.trigger.Flow$Type,enum,0,0,0,0,0,1,0,0,0,0.0,-1.0,-1.0,0,0,0,0,0,0,0,0,0,0,0,0,0,0,0,0,0,0,0,1,0,0,0,0,0,0,0,0,0,0,0,0,0,0,9,1,0
/Users/kaiohs/Downloads/codes/lab02-experimentacao-software/data/repos/kestra-io__kestra/core/src/test/java/io/kestra/core/server/ServiceLivenessManagerTest.java,io.kestra.core.server.ServiceLivenessManagerTest$Anonymous1,anonymous,3,3,0,3,3,1,0,1,3,0.6666667,0.0,0.0,3,0,3,0,0,0,3,0,0,0,1,0,0,1,0,0,1,0,0,12,3,0,0,0,0,0,0,1,0,1,0,0,0,0,7,-1,0
/Users/kaiohs/Downloads/codes/lab02-experimentacao-software/data/repos/kestra-io__kestra/core/src/main/java/io/kestra/plugin/core/purge/PurgeTask.java,io.kestra.plugin.core.purge.PurgeTask,interface,11,14,3,11,18,1,0,32,21,0.0,0.0,0.0,7,0,0,0,0,7,7,0,0,0,0,0,0,0,0,0,0,0,1,60,7,3,0,0,1,1,0,7,0,12,5,0,0,5,48,1,0
/Users/kaiohs/Downloads/codes/lab02-experimentacao-software/data/repos/kestra-io__kestra/core/src/main/java/io/kestra/core/models/triggers/StatefulTriggerService.java,io.kestra.core.models.triggers.StatefulTriggerService$Anonymous1,anonymous,0,0,0,0,0,1,0,0,0,0.0,-1.0,-1.0,0,0,0,0,0,0,0,0,0,0,0,0,0,0,0,0,0,0,0,2,0,0,0,0,0,0,0,0,0,0,0,0,0,0,0,-1,0
/Users/kaiohs/Downloads/codes/lab02-experimentacao-software/data/repos/kestra-io__kestra/core/src/test/java/io/kestra/core/runners/AliasTest.java,io.kestra.core.runners.AliasTest,class,4,4,0,4,2,1,0,6,1,0.0,0.0,0.0,2,0,0,0,0,2,2,0,0,0,0,0,0,0,0,0,0,0,0,10,0,0,0,0,0,2,2,0,0,0,0,0,0,0,13,1,0
/Users/kaiohs/Downloads/codes/lab02-experimentacao-software/data/repos/kestra-io__kestra/core/src/main/java/io/kestra/core/models/triggers/TriggerContext.java,io.kestra.core.models.triggers.TriggerContext$TriggerContextBuilder,innerclass,3,3,0,3,0,1,0,0,0,0.0,-1.0,-1.0,0,0,0,0,0,0,0,0,0,0,0,0,0,0,0,0,0,0,0,2,0,0,0,0,0,0,0,0,0,0,0,0,0,0,0,1033,0
/Users/kaiohs/Downloads/codes/lab02-experimentacao-software/data/repos/kestra-io__kestra/core/src/main/java/io/kestra/core/test/TestSuite.java,io.kestra.core.test.TestSuite,class,23,24,1,23,9,1,0,20,9,0.8253969,0.0,0.0,7,1,6,0,1,0,7,0,0,0,9,0,0,9,0,0,0,0,6,39,8,0,0,0,0,8,4,6,1,13,1,0,0,0,41,1,0
/Users/kaiohs/Downloads/codes/lab02-experimentacao-software/data/repos/kestra-io__kestra/core/src/main/java/io/kestra/core/runners/pebble/filters/JqFilter.java,io.kestra.core.runners.pebble.filters.JqFilter,class,16,17,1,16,15,1,0,21,1,0.5,0.0,0.0,3,0,3,0,0,0,4,0,0,0,2,1,0,2,0,0,2,0,2,67,3,0,1,2,0,10,0,7,2,7,4,0,0,1,53,1,0
/Users/kaiohs/Downloads/codes/lab02-experimentacao-software/data/repos/kestra-io__kestra/core/src/main/java/io/kestra/plugin/core/trigger/Flow.java,io.kestra.plugin.core.trigger.Flow$Operand,enum,0,0,0,0,0,1,0,0,0,0.0,-1.0,-1.0,0,0,0,0,0,0,0,0,0,0,0,0,0,0,0,0,0,0,0,1,0,0,0,0,0,0,0,0,0,0,0,0,0,0,4,1,0
/Users/kaiohs/Downloads/codes/lab02-experimentacao-software/data/repos/kestra-io__kestra/executor/src/test/java/io/kestra/executor/handler/SubflowExecutionResultMessageHandlerTest.java,io.kestra.executor.handler.SubflowExecutionResultMessageHandlerTest,class,7,7,0,7,2,1,0,21,0,0.33333334,0.0,0.0,2,0,0,0,0,2,2,0,0,0,3,0,0,3,0,0,0,0,3,20,0,0,0,0,0,6,0,7,0,10,0,0,0,0,25,0,0
/Users/kaiohs/Downloads/codes/lab02-experimentacao-software/data/repos/kestra-io__kestra/webserver/src/main/java/io/kestra/webserver/utils/filepreview/DefaultFileRender.java,io.kestra.webserver.utils.filepreview.DefaultFileRender,class,5,8,3,5,9,2,0,7,6,0.0,0.0,0.0,4,0,0,2,0,2,2,0,0,0,0,0,0,0,0,0,0,0,1,40,2,1,3,0,1,1,4,13,0,7,3,0,0,0,33,1,0
/Users/kaiohs/Downloads/codes/lab02-experimentacao-software/data/repos/kestra-io__kestra/core/src/test/java/io/kestra/plugin/core/trigger/ScheduleTest.java,io.kestra.plugin.core.trigger.ScheduleTest,class,19,20,1,19,33,1,0,133,370,0.8275862,0.0,0.0,29,1,0,5,0,24,24,0,0,0,3,1,0,1,0,2,1,0,97,272,5,0,3,0,0,198,105,114,0,120,2,0,0,4,113,0,0
/Users/kaiohs/Downloads/codes/lab02-experimentacao-software/data/repos/kestra-io__kestra/core/src/test/java/io/kestra/core/events/EventIdTest.java,io.kestra.core.events.EventIdTest,class,2,2,0,2,7,1,0,23,21,0.0,0.0,0.0,7,0,0,0,0,7,7,0,0,0,0,0,0,0,0,0,0,0,3,46,0,0,0,0,0,3,2,14,1,14,0,0,0,1,49,0,0
/Users/kaiohs/Downloads/codes/lab02-experimentacao-software/data/repos/kestra-io__kestra/core/src/main/java/io/kestra/core/models/flows/input/TimeInput.java,io.kestra.core.models.flows.input.TimeInput,class,7,10,3,7,5,2,0,4,0,0.0,NaN,NaN,1,0,1,0,0,0,1,0,0,0,2,0,0,0,0,2,0,0,0,12,0,0,2,0,0,6,0,0,2,2,1,0,0,0,14,1,0
/Users/kaiohs/Downloads/codes/lab02-experimentacao-software/data/repos/kestra-io__kestra/cli/src/main/java/io/kestra/cli/commands/servers/AbstractServerCommand.java,io.kestra.cli.commands.servers.AbstractServerCommand,class,5,13,8,5,2,3,7,10,1,1.0,NaN,NaN,2,0,1,1,0,0,1,0,0,0,1,0,0,0,0,1,0,0,3,11,2,0,0,0,0,3,2,0,1,1,0,0,0,1,22,1025,1
/Users/kaiohs/Downloads/codes/lab02-experimentacao-software/data/repos/kestra-io__kestra/core/src/test/java/io/kestra/core/utils/TruthUtilsTest.java,io.kestra.core.utils.TruthUtilsTest,class,1,1,0,1,2,1,0,4,1,0.0,0.0,0.0,2,0,0,0,0,2,2,0,0,0,0,0,0,0,0,0,0,0,0,15,0,0,0,0,0,9,0,0,0,0,0,0,0,0,12,0,0
/Users/kaiohs/Downloads/codes/lab02-experimentacao-software/data/repos/kestra-io__kestra/core/src/main/java/io/kestra/core/http/HttpRequest.java,io.kestra.core.http.HttpRequest$MultipartRequestBody,innerclass,6,6,0,6,3,2,0,5,3,0.6666667,0.0,0.0,3,1,3,0,0,0,3,0,0,0,2,0,0,2,0,0,0,0,0,12,2,0,0,0,0,0,0,0,0,2,0,0,0,0,17,9,0
/Users/kaiohs/Downloads/codes/lab02-experimentacao-software/data/repos/kestra-io__kestra/core/src/main/java/io/kestra/core/runners/ScheduleContextInterface.java,io.kestra.core.runners.ScheduleContextInterface,interface,1,2,1,1,1,1,0,0,0,0.0,NaN,NaN,1,0,0,0,0,1,1,0,0,0,0,0,0,0,0,0,0,0,0,3,0,0,0,0,0,0,0,0,0,0,0,0,0,0,31,1,0
/Users/kaiohs/Downloads/codes/lab02-experimentacao-software/data/repos/kestra-io__kestra/core/src/main/java/io/kestra/core/validations/validator/WebhookValidator.java,io.kestra.core.validations.validator.WebhookValidator,class,7,7,0,7,4,1,0,6,0,0.0,NaN,NaN,1,0,1,0,0,0,1,0,0,0,1,1,0,1,0,0,1,0,1,14,3,0,2,0,0,1,0,1,0,1,1,0,0,0,31,1,0
/Users/kaiohs/Downloads/codes/lab02-experimentacao-software/data/repos/kestra-io__kestra/core/src/test/java/io/kestra/core/serializers/ObjectMapperFactoryTest.java,io.kestra.core.serializers.ObjectMapperFactoryTest$Bean,innerclass,3,3,0,3,0,1,0,0,0,NaN,-1.0,-1.0,0,0,0,0,0,0,0,0,0,0,21,0,0,21,0,0,0,0,0,23,0,0,0,0,0,2,4,14,0,21,0,0,0,0,22,9,0
/Users/kaiohs/Downloads/codes/lab02-experimentacao-software/data/repos/kestra-io__kestra/core/src/test/java/io/kestra/plugin/core/storage/SizeTest.java,io.kestra.plugin.core.storage.SizeTest,class,8,8,0,8,1,1,0,13,0,0.0,NaN,NaN,1,0,0,0,0,1,1,0,0,0,2,0,0,0,0,2,0,0,0,14,0,0,0,0,0,1,1,6,0,8,0,0,0,0,29,0,0
/Users/kaiohs/Downloads/codes/lab02-experimentacao-software/data/repos/kestra-io__kestra/jdbc/src/main/java/io/kestra/jdbc/repository/AbstractJdbcExecutionRepository.java,io.kestra.jdbc.repository.AbstractJdbcExecutionRepository,class,64,68,4,64,106,3,2,177,785,0.9232804,0.0,0.0,42,2,25,11,6,0,31,3,0,0,9,5,0,9,0,0,9,0,28,395,64,1,31,1,1,83,9,103,3,112,4,0,0,31,192,1025,0
/Users/kaiohs/Downloads/codes/lab02-experimentacao-software/data/repos/kestra-io__kestra/jdbc-h2/src/test/java/io/kestra/repository/h2/H2TriggerRepositoryTest.java,io.kestra.repository.h2.H2TriggerRepositoryTest,class,1,1,0,1,0,2,0,0,0,0.0,-1.0,-1.0,0,0,0,0,0,0,0,0,0,0,0,0,0,0,0,0,0,0,0,2,0,0,0,0,0,0,0,0,0,0,0,0,0,0,5,1,0
/Users/kaiohs/Downloads/codes/lab02-experimentacao-software/data/repos/kestra-io__kestra/core/src/test/java/io/kestra/core/serializers/YamlParserTest.java,io.kestra.core.serializers.YamlParserTest,class,14,15,1,14,26,1,0,59,168,0.8666666,0.0,0.0,20,0,0,2,0,18,18,0,0,0,3,2,0,3,0,0,2,0,5,142,2,0,5,1,2,53,25,36,1,45,1,1,0,16,98,0,0
/Users/kaiohs/Downloads/codes/lab02-experimentacao-software/data/repos/kestra-io__kestra/core/src/main/java/io/kestra/core/models/triggers/AbstractTriggerForExecution.java,io.kestra.core.models.triggers.AbstractTriggerForExecution,class,6,8,2,6,1,1,0,6,0,0.33333334,NaN,NaN,1,1,1,0,0,0,1,0,0,0,3,0,0,0,3,0,0,0,0,8,1,0,0,0,0,0,0,0,0,3,0,0,0,0,13,1,0
/Users/kaiohs/Downloads/codes/lab02-experimentacao-software/data/repos/kestra-io__kestra/jdbc-h2/src/main/java/io/kestra/runner/h2/H2ExecutionQueuedStateStore.java,io.kestra.runner.h2.H2ExecutionQueuedStateStore,class,6,6,0,6,1,2,0,0,0,0.0,NaN,NaN,1,0,1,0,0,0,1,0,0,0,0,0,0,0,0,0,0,0,0,5,0,0,0,0,0,1,0,0,0,0,0,0,0,0,8,1,0
/Users/kaiohs/Downloads/codes/lab02-experimentacao-software/data/repos/kestra-io__kestra/core/src/main/java/io/kestra/plugin/core/namespace/UploadFiles.java,io.kestra.plugin.core.namespace.UploadFiles$Output,innerclass,3,3,0,3,0,1,0,0,0,NaN,-1.0,-1.0,0,0,0,0,0,0,0,0,0,0,1,0,0,1,0,0,1,0,0,3,0,0,0,0,0,0,0,0,0,1,0,0,0,0,2,9,0
/Users/kaiohs/Downloads/codes/lab02-experimentacao-software/data/repos/kestra-io__kestra/core/src/test/java/io/kestra/core/runners/DefaultRunContextTest.java,io.kestra.core.runners.DefaultRunContextTest,class,8,8,0,8,2,1,0,9,1,0.5,0.0,0.0,2,0,0,0,0,2,2,0,0,0,3,0,0,3,0,0,0,0,2,17,0,0,0,0,1,9,0,5,0,8,0,0,0,0,28,0,0
/Users/kaiohs/Downloads/codes/lab02-experimentacao-software/data/repos/kestra-io__kestra/core/src/main/java/io/kestra/core/exceptions/ValidationErrorException.java,io.kestra.core.exceptions.ValidationErrorException,class,2,2,0,2,4,5,0,2,0,0.33333334,0.0,0.0,2,0,2,0,0,0,2,0,0,0,3,2,0,3,0,0,3,0,1,15,2,0,1,0,0,2,1,3,0,3,1,0,0,0,41,1,0
/Users/kaiohs/Downloads/codes/lab02-experimentacao-software/data/repos/kestra-io__kestra/jdbc-postgres/src/main/java/io/kestra/repository/postgres/PostgresTriggerRepository.java,io.kestra.repository.postgres.PostgresTriggerRepository,class,11,11,0,11,2,4,0,1,1,0.0,0.0,0.0,2,0,1,0,1,0,2,0,0,0,0,0,0,0,0,0,0,0,1,8,1,0,0,0,0,1,0,0,0,0,0,0,0,0,13,1,0
/Users/kaiohs/Downloads/codes/lab02-experimentacao-software/data/repos/kestra-io__kestra/jdbc-h2/src/test/java/io/kestra/runner/h2/H2RunnerConcurrencyTest.java,io.kestra.runner.h2.H2RunnerConcurrencyTest,class,1,1,0,1,0,2,0,0,0,0.0,-1.0,-1.0,0,0,0,0,0,0,0,0,0,0,0,0,0,0,0,0,0,0,0,2,0,0,0,0,0,0,0,0,0,0,0,0,0,0,5,1,0
/Users/kaiohs/Downloads/codes/lab02-experimentacao-software/data/repos/kestra-io__kestra/core/src/test/java/io/kestra/plugin/core/flow/FlowCaseTest.java,io.kestra.plugin.core.flow.FlowCaseTest,class,8,10,2,8,7,1,0,28,6,0.75,0.0,0.0,4,0,3,0,0,1,4,0,0,0,2,0,0,1,1,0,0,0,3,37,0,0,0,0,0,34,8,2,0,7,1,0,0,2,34,1,0
/Users/kaiohs/Downloads/codes/lab02-experimentacao-software/data/repos/kestra-io__kestra/core/src/main/java/io/kestra/core/models/ServerType.java,io.kestra.core.models.ServerType,enum,0,7,7,0,0,1,0,0,0,0.0,-1.0,-1.0,0,0,0,0,0,0,0,0,0,0,0,0,0,0,0,0,0,0,0,1,0,0,0,0,0,0,0,0,0,0,0,0,0,0,10,1,0
/Users/kaiohs/Downloads/codes/lab02-experimentacao-software/data/repos/kestra-io__kestra/cli/src/main/java/io/kestra/cli/commands/flows/FlowTestCommand.java,io.kestra.cli.commands.flows.FlowTestCommand,class,21,24,3,21,10,4,0,46,3,0.6666667,0.0,0.0,3,2,2,1,0,0,2,0,0,0,5,1,0,4,0,1,1,0,8,58,3,1,2,2,0,20,7,15,5,21,3,0,0,4,85,1,0
/Users/kaiohs/Downloads/codes/lab02-experimentacao-software/data/repos/kestra-io__kestra/core/src/test/java/io/kestra/core/plugins/AdditionalPluginTest.java,io.kestra.core.plugins.AdditionalPluginTest,class,12,12,0,12,2,7,0,14,1,0.5,0.0,0.0,2,0,0,0,0,2,2,0,0,0,2,0,0,2,0,0,0,0,0,41,0,0,0,0,0,8,3,2,0,4,0,0,4,0,28,0,0
/Users/kaiohs/Downloads/codes/lab02-experimentacao-software/data/repos/kestra-io__kestra/core/src/test/java/io/kestra/core/tasks/test/SleepTrigger.java,io.kestra.core.tasks.test.SleepTrigger,class,12,13,1,12,3,2,0,5,1,0.5,0.0,0.0,2,0,2,0,0,0,2,0,0,0,1,0,0,1,0,0,0,0,4,15,2,0,0,1,0,0,1,0,0,1,1,0,0,0,39,1,0
/Users/kaiohs/Downloads/codes/lab02-experimentacao-software/data/repos/kestra-io__kestra/core/src/main/java/io/kestra/core/models/Setting.java,io.kestra.core.models.Setting,class,7,7,0,7,1,1,0,0,0,0.8,NaN,NaN,1,0,1,0,0,0,1,0,0,0,5,3,3,2,0,0,3,0,0,10,1,0,0,0,0,3,0,3,0,5,0,0,0,0,19,1,0
/Users/kaiohs/Downloads/codes/lab02-experimentacao-software/data/repos/kestra-io__kestra/webserver/src/main/java/io/kestra/webserver/utils/HttpClientUtils.java,io.kestra.webserver.utils.HttpClientUtils,class,5,6,1,5,5,1,0,22,0,0.0,NaN,NaN,1,1,1,0,0,0,1,0,0,0,0,0,0,0,0,0,0,0,8,34,1,1,2,1,1,7,0,14,0,12,3,0,0,0,47,1,0
/Users/kaiohs/Downloads/codes/lab02-experimentacao-software/data/repos/kestra-io__kestra/core/src/test/java/io/kestra/core/validations/InputTest.java,io.kestra.core.validations.InputTest,class,5,5,0,5,3,1,0,13,0,0.0,0.0,0.0,3,0,0,0,0,3,3,0,0,0,1,0,0,1,0,0,0,0,2,15,0,0,0,0,0,6,0,3,0,4,0,0,0,0,19,0,0
/Users/kaiohs/Downloads/codes/lab02-experimentacao-software/data/repos/kestra-io__kestra/core/src/main/java/io/kestra/core/serializers/YamlParser.java,io.kestra.core.serializers.YamlParser,class,8,10,2,8,25,1,0,40,41,0.8,0.0,0.0,10,10,6,4,0,0,6,0,0,0,2,2,0,2,0,0,2,0,21,89,13,0,2,4,0,21,0,8,6,8,2,0,0,0,88,17,0
/Users/kaiohs/Downloads/codes/lab02-experimentacao-software/data/repos/kestra-io__kestra/core/src/main/java/io/kestra/core/models/dashboards/Order.java,io.kestra.core.models.dashboards.Order,enum,0,1,1,0,0,1,0,0,0,0.0,-1.0,-1.0,0,0,0,0,0,0,0,0,0,0,0,0,0,0,0,0,0,0,0,1,0,0,0,0,0,0,0,0,0,0,0,0,0,0,6,1,0
/Users/kaiohs/Downloads/codes/lab02-experimentacao-software/data/repos/kestra-io__kestra/core/src/main/java/io/kestra/core/runners/pebble/filters/Sha1Filter.java,io.kestra.core.runners.pebble.filters.Sha1Filter,class,1,2,1,1,1,2,0,0,0,0.0,NaN,NaN,1,0,1,0,0,0,1,0,0,0,0,0,0,0,0,0,0,0,0,5,0,0,0,0,0,1,0,0,0,0,0,0,0,0,8,1,0
/Users/kaiohs/Downloads/codes/lab02-experimentacao-software/data/repos/kestra-io__kestra/core/src/main/java/io/kestra/plugin/core/condition/ExecutionOutputs.java,io.kestra.plugin.core.condition.ExecutionOutputs,class,14,15,1,14,4,2,0,12,1,0.5,NaN,NaN,2,0,1,1,0,0,1,0,0,0,3,2,0,3,0,0,2,0,2,15,3,0,1,0,0,6,0,3,0,4,1,0,0,0,40,1,0
/Users/kaiohs/Downloads/codes/lab02-experimentacao-software/data/repos/kestra-io__kestra/core/src/main/java/io/kestra/core/plugins/PluginManager.java,io.kestra.core.plugins.PluginManager,interface,6,8,2,6,13,1,0,9,55,0.0,0.0,0.0,11,2,0,0,0,11,11,0,0,0,0,0,0,0,0,0,0,0,6,27,2,0,0,1,0,3,0,1,0,1,2,0,0,1,93,1,0
/Users/kaiohs/Downloads/codes/lab02-experimentacao-software/data/repos/kestra-io__kestra/jdbc-mysql/src/test/java/io/kestra/repository/mysql/MysqlFlowRepositoryTest.java,io.kestra.repository.mysql.MysqlFlowRepositoryTest,class,1,1,0,1,0,2,0,0,0,0.0,-1.0,-1.0,0,0,0,0,0,0,0,0,0,0,0,0,0,0,0,0,0,0,0,2,0,0,0,0,0,0,0,0,0,0,0,0,0,0,6,1,0
/Users/kaiohs/Downloads/codes/lab02-experimentacao-software/data/repos/kestra-io__kestra/jdbc-postgres/src/test/java/io/kestra/core/reporter/reports/PostgresServiceUsageReportTest.java,io.kestra.core.reporter.reports.PostgresServiceUsageReportTest,class,2,2,0,2,0,2,0,0,0,0.0,-1.0,-1.0,0,0,0,0,0,0,0,0,0,0,0,0,0,0,0,0,0,0,0,2,0,0,0,0,0,0,0,0,0,0,0,0,0,0,6,0,0
/Users/kaiohs/Downloads/codes/lab02-experimentacao-software/data/repos/kestra-io__kestra/core/src/main/java/io/kestra/core/plugins/PluginConfigurations.java,io.kestra.core.plugins.PluginConfigurations,class,4,5,1,4,6,1,0,12,1,0.33333334,0.0,0.0,3,0,3,0,0,0,3,0,0,0,1,0,0,1,0,0,1,0,1,28,3,1,0,0,0,1,0,4,0,6,3,0,0,2,55,17,0
/Users/kaiohs/Downloads/codes/lab02-experimentacao-software/data/repos/kestra-io__kestra/webserver/src/main/java/io/kestra/webserver/controllers/api/NamespaceFileController.java,io.kestra.webserver.controllers.api.NamespaceFileController,class,34,35,1,34,41,1,0,89,28,0.7058824,0.0,0.0,17,0,10,3,4,0,14,0,0,0,7,1,1,6,0,0,2,0,26,195,13,2,11,6,1,82,5,48,11,49,4,1,0,6,137,1,0
/Users/kaiohs/Downloads/codes/lab02-experimentacao-software/data/repos/kestra-io__kestra/jdbc-postgres/src/main/java/io/kestra/repository/postgres/PostgresFlowRepositoryService.java,io.kestra.repository.postgres.PostgresFlowRepositoryService,class,5,6,1,5,10,1,0,15,3,0.0,0.0,0.0,3,3,3,0,0,0,3,0,0,0,0,0,0,0,0,0,0,0,2,35,3,0,2,0,0,5,0,4,0,8,3,0,0,2,36,1025,0
/Users/kaiohs/Downloads/codes/lab02-experimentacao-software/data/repos/kestra-io__kestra/core/src/main/java/io/kestra/core/scheduler/vnodes/internals/StaticVNodesAssigner.java,io.kestra.core.scheduler.vnodes.internals.StaticVNodesAssigner,class,10,11,1,10,2,1,0,13,0,0.33333334,0.0,0.0,2,0,2,0,0,0,2,0,0,0,3,1,0,3,0,0,3,0,2,15,1,0,0,0,0,0,0,4,0,8,0,0,0,3,33,1,0
/Users/kaiohs/Downloads/codes/lab02-experimentacao-software/data/repos/kestra-io__kestra/core/src/test/java/io/kestra/plugin/core/condition/TimeBetweenTest.java,io.kestra.plugin.core.condition.TimeBetweenTest,class,8,8,0,8,2,1,0,16,1,0.5,0.0,0.0,2,1,0,0,0,2,2,0,0,0,1,0,0,0,0,1,0,0,13,12,1,0,0,0,0,20,0,3,0,4,0,0,0,0,21,0,0
/Users/kaiohs/Downloads/codes/lab02-experimentacao-software/data/repos/kestra-io__kestra/core/src/test/java/io/micronaut/retry/intercept/OverrideRetryInterceptorTest.java,io.micronaut.retry.intercept.OverrideRetryInterceptorTest,class,5,5,0,5,1,1,0,3,0,0.0,NaN,NaN,1,0,0,0,0,1,1,0,0,0,2,0,0,0,0,2,0,0,0,19,0,0,0,0,0,0,1,0,0,2,0,0,2,0,10,0,0
/Users/kaiohs/Downloads/codes/lab02-experimentacao-software/data/repos/kestra-io__kestra/core/src/test/java/io/kestra/core/runners/CustomVariableRendererTest.java,io.kestra.core.runners.CustomVariableRendererTest,class,8,8,0,8,3,1,0,5,1,0.5,0.0,0.0,3,0,0,0,0,3,3,0,0,0,2,0,0,2,0,0,0,0,2,21,1,0,0,0,0,4,0,3,0,5,0,1,0,0,25,0,0
/Users/kaiohs/Downloads/codes/lab02-experimentacao-software/data/repos/kestra-io__kestra/executor/src/main/java/io/kestra/executor/ExecutorContext.java,io.kestra.executor.ExecutorContext,class,14,28,14,14,16,1,0,13,0,0.775641,0.0,0.0,13,0,13,0,0,0,13,0,0,0,12,0,0,12,0,0,7,0,0,73,10,0,3,0,1,0,6,17,0,12,0,0,0,0,64,1,0
/Users/kaiohs/Downloads/codes/lab02-experimentacao-software/data/repos/kestra-io__kestra/core/src/main/java/io/kestra/core/exceptions/NotFoundException.java,io.kestra.core.exceptions.NotFoundException,class,1,4,3,1,2,5,2,0,1,0.0,0.0,0.0,2,0,2,0,0,0,2,0,0,0,0,0,0,0,0,0,0,0,0,8,0,0,0,0,0,0,0,0,0,0,0,0,0,0,21,1,0
/Users/kaiohs/Downloads/codes/lab02-experimentacao-software/data/repos/kestra-io__kestra/core/src/main/java/io/kestra/core/validations/ServerCommandValidator.java,io.kestra.core.validations.ServerCommandValidator$ServerCommandException,innerclass,0,0,0,0,1,4,0,0,0,1.0,NaN,NaN,1,0,1,0,0,0,1,0,0,0,1,1,0,1,0,0,1,0,0,6,0,0,0,0,0,0,1,1,0,1,0,0,0,0,13,9,0
/Users/kaiohs/Downloads/codes/lab02-experimentacao-software/data/repos/kestra-io__kestra/core/src/main/java/io/kestra/core/runners/IndexingRepository.java,io.kestra.core.runners.IndexingRepository,interface,1,1,0,1,2,1,0,0,1,0.0,0.0,0.0,2,0,0,0,0,2,2,0,0,0,0,0,0,0,0,0,0,0,0,4,0,0,0,0,0,0,0,0,0,0,0,0,0,0,20,1,0
/Users/kaiohs/Downloads/codes/lab02-experimentacao-software/data/repos/kestra-io__kestra/core/src/main/java/io/kestra/core/events/CrudEventType.java,io.kestra.core.events.CrudEventType,enum,0,2,2,0,0,1,0,0,0,0.0,-1.0,-1.0,0,0,0,0,0,0,0,0,0,0,0,0,0,0,0,0,0,0,0,1,0,0,0,0,0,0,0,0,0,0,0,0,0,0,15,1,0
/Users/kaiohs/Downloads/codes/lab02-experimentacao-software/data/repos/kestra-io__kestra/core/src/test/java/io/kestra/core/tasks/test/SanityCheckTest.java,io.kestra.core.tasks.test.SanityCheckTest,class,8,8,0,8,14,1,0,10,91,0.9285714,0.0,0.0,14,0,0,0,0,14,14,0,0,0,1,0,0,1,0,0,0,0,0,61,0,0,0,0,0,17,14,1,0,2,0,0,0,0,36,0,0
/Users/kaiohs/Downloads/codes/lab02-experimentacao-software/data/repos/kestra-io__kestra/core/src/test/java/io/kestra/core/models/flows/input/MultiselectInputTest.java,io.kestra.core.models.flows.input.MultiselectInputTest,class,8,8,0,8,7,1,0,20,0,0.0,0.0,0.0,4,0,0,0,0,4,4,0,0,0,1,0,0,0,0,1,0,0,11,51,3,0,0,3,3,22,2,11,0,15,2,0,0,3,29,0,0
/Users/kaiohs/Downloads/codes/lab02-experimentacao-software/data/repos/kestra-io__kestra/core/src/main/java/io/kestra/core/models/tasks/InputFilesInterface.java,io.kestra.core.models.tasks.InputFilesInterface,interface,2,2,0,2,1,1,0,0,0,0.0,NaN,NaN,1,0,0,0,0,1,1,0,0,0,0,0,0,0,0,0,0,0,0,3,0,0,0,0,0,1,0,0,0,0,0,0,0,0,23,1,0
/Users/kaiohs/Downloads/codes/lab02-experimentacao-software/data/repos/kestra-io__kestra/core/src/main/java/io/kestra/core/services/ExecutionStreamingService.java,io.kestra.core.services.ExecutionStreamingService,class,19,20,1,19,15,1,0,30,3,0.6388889,0.0,0.0,6,0,4,0,0,2,6,0,0,0,6,0,0,6,0,0,5,0,0,76,4,0,2,1,0,5,0,12,0,16,5,0,0,4,94,1,4
/Users/kaiohs/Downloads/codes/lab02-experimentacao-software/data/repos/kestra-io__kestra/core/src/main/java/io/kestra/core/reporter/Reportable.java,io.kestra.core.reporter.Reportable,interface,6,10,4,6,9,1,0,6,36,0.0,0.0,0.0,9,0,0,0,0,9,9,0,0,0,0,0,0,0,0,0,0,0,4,31,4,0,0,0,0,0,2,4,0,4,0,0,2,0,56,1,0
/Users/kaiohs/Downloads/codes/lab02-experimentacao-software/data/repos/kestra-io__kestra/core/src/test/java/io/kestra/core/server/ServerConfigTest.java,io.kestra.core.server.ServerConfigTest,class,4,4,0,4,1,1,0,8,0,0.0,NaN,NaN,1,0,0,0,0,1,1,0,0,0,1,0,0,0,0,1,0,0,1,10,0,0,0,0,0,0,1,0,0,1,0,0,0,0,5,0,0
/Users/kaiohs/Downloads/codes/lab02-experimentacao-software/data/repos/kestra-io__kestra/cli/src/main/java/io/kestra/cli/commands/plugins/PluginCommand.java,io.kestra.cli.commands.plugins.PluginCommand,class,9,11,2,9,2,3,0,2,1,0.0,0.0,0.0,2,0,1,0,1,0,2,0,0,0,0,0,0,0,0,0,0,0,1,9,2,0,0,0,0,4,0,0,0,0,0,0,0,0,11,1,0
/Users/kaiohs/Downloads/codes/lab02-experimentacao-software/data/repos/kestra-io__kestra/jdbc-h2/src/main/java/io/kestra/repository/h2/H2DashboardRepositoryService.java,io.kestra.repository.h2.H2DashboardRepositoryService,class,2,3,1,2,3,1,0,6,0,0.0,NaN,NaN,1,1,1,0,0,0,1,0,0,0,0,0,0,0,0,0,0,0,1,9,1,0,1,0,0,1,0,1,0,1,1,0,0,0,9,1025,0
/Users/kaiohs/Downloads/codes/lab02-experimentacao-software/data/repos/kestra-io__kestra/queue/src/main/java/io/kestra/queue/QueueFactoryInterface.java,io.kestra.queue.QueueFactoryInterface,interface,22,23,1,22,17,1,0,0,136,0.0,0.0,0.0,17,0,0,0,0,17,17,0,0,0,0,0,0,0,0,0,0,0,0,19,0,0,0,0,0,0,0,0,0,0,0,0,0,0,26,1,0
/Users/kaiohs/Downloads/codes/lab02-experimentacao-software/data/repos/kestra-io__kestra/jdbc-h2/src/main/java/io/kestra/repository/h2/H2ConcurrencyLimitRepository.java,io.kestra.repository.h2.H2ConcurrencyLimitRepository,class,7,7,0,7,1,2,0,0,0,0.0,NaN,NaN,1,0,1,0,0,0,1,0,0,0,0,0,0,0,0,0,0,0,0,5,0,0,0,0,0,1,0,0,0,0,0,0,0,0,7,1,0
/Users/kaiohs/Downloads/codes/lab02-experimentacao-software/data/repos/kestra-io__kestra/core/src/main/java/io/kestra/core/models/triggers/TriggerInterface.java,io.kestra.core.models.triggers.TriggerInterface,interface,6,13,7,6,2,1,0,0,1,0.0,0.0,0.0,2,0,0,0,0,2,2,0,0,0,0,0,0,0,0,0,0,0,0,4,0,0,0,0,0,3,0,0,0,0,0,0,0,0,30,1,0
/Users/kaiohs/Downloads/codes/lab02-experimentacao-software/data/repos/kestra-io__kestra/jdbc-mysql/src/test/java/io/kestra/queue/mysql/MysqlQueueCacheTest.java,io.kestra.queue.mysql.MysqlQueueCacheTest,class,2,2,0,2,0,2,0,0,0,0.0,-1.0,-1.0,0,0,0,0,0,0,0,0,0,0,0,0,0,0,0,0,0,0,0,2,0,0,0,0,0,0,0,0,0,0,0,0,0,0,5,1,0
/Users/kaiohs/Downloads/codes/lab02-experimentacao-software/data/repos/kestra-io__kestra/core/src/test/java/io/kestra/core/models/PluginTest.java,io.kestra.core.models.PluginTest$TestPlugin,innerclass,2,2,0,2,0,1,0,0,0,0.0,-1.0,-1.0,0,0,0,0,0,0,0,0,0,0,0,0,0,0,0,0,0,0,0,2,0,0,0,0,0,1,0,0,0,0,0,0,0,0,3,9,0
/Users/kaiohs/Downloads/codes/lab02-experimentacao-software/data/repos/kestra-io__kestra/webserver/src/test/java/io/kestra/webserver/services/ai/NamespaceContextToolTest.java,io.kestra.webserver.services.ai.NamespaceContextToolTest,class,7,7,0,7,1,1,0,17,0,0.0,NaN,NaN,1,0,1,0,0,0,1,0,0,0,0,0,0,0,0,0,0,0,3,21,0,0,0,0,0,11,3,10,0,10,0,0,0,0,32,1,0
/Users/kaiohs/Downloads/codes/lab02-experimentacao-software/data/repos/kestra-io__kestra/worker/src/main/java/io/kestra/worker/fetchers/WorkerJobFetcher.java,io.kestra.worker.fetchers.WorkerJobFetcher$Anonymous1,anonymous,2,2,0,2,6,1,0,10,6,0.0,0.0,0.0,4,0,4,0,0,0,4,0,0,0,0,0,0,0,0,0,0,0,0,27,0,0,1,0,0,4,0,0,0,0,1,0,0,0,25,-1,4
/Users/kaiohs/Downloads/codes/lab02-experimentacao-software/data/repos/kestra-io__kestra/worker/src/main/java/io/kestra/worker/processors/WorkerJobProcessorFactory.java,io.kestra.worker.processors.WorkerJobProcessorFactory,class,24,26,2,24,4,1,0,6,0,0.44444445,0.0,0.0,2,0,2,0,0,0,2,0,0,0,9,0,0,9,0,0,0,0,0,23,2,0,0,0,0,4,0,1,1,9,1,0,0,0,35,1,0
/Users/kaiohs/Downloads/codes/lab02-experimentacao-software/data/repos/kestra-io__kestra/core/src/test/java/io/kestra/core/runners/pebble/functions/AbstractFileFunctionTest.java,io.kestra.core.runners.pebble.functions.AbstractFileFunctionTest,class,4,4,0,4,1,1,0,6,0,0.0,NaN,NaN,1,0,0,0,0,1,1,0,0,0,1,0,0,0,0,1,0,0,2,11,0,0,0,0,0,6,0,2,0,3,0,0,0,2,37,1,0
/Users/kaiohs/Downloads/codes/lab02-experimentacao-software/data/repos/kestra-io__kestra/core/src/main/java/io/kestra/core/validations/validator/FlowValidator.java,io.kestra.core.validations.validator.FlowValidator,class,18,19,1,18,31,1,0,79,10,0.8,0.0,0.0,5,3,1,3,1,0,2,0,0,0,2,1,1,1,0,0,0,0,28,143,9,1,9,1,0,64,1,17,21,45,4,0,1,31,121,1,0
/Users/kaiohs/Downloads/codes/lab02-experimentacao-software/data/repos/kestra-io__kestra/cli/src/main/java/io/kestra/cli/AbstractCommand.java,io.kestra.cli.AbstractCommand,class,19,51,32,19,28,2,28,56,41,0.8777778,0.0,0.0,10,0,3,2,5,0,8,0,0,0,9,0,0,4,5,0,0,0,6,114,7,0,6,3,1,23,1,13,2,16,3,0,0,3,103,1025,7
/Users/kaiohs/Downloads/codes/lab02-experimentacao-software/data/repos/kestra-io__kestra/jdbc-postgres/src/main/java/io/kestra/runner/postgres/PostgresExecutionDelayStateStore.java,io.kestra.runner.postgres.PostgresExecutionDelayStateStore,class,6,6,0,6,1,3,0,0,0,0.0,NaN,NaN,1,0,1,0,0,0,1,0,0,0,0,0,0,0,0,0,0,0,0,5,0,0,0,0,0,1,0,0,0,0,0,0,0,0,8,1,0
/Users/kaiohs/Downloads/codes/lab02-experimentacao-software/data/repos/kestra-io__kestra/core/src/test/java/io/kestra/core/tasks/test/NullOutputTask.java,io.kestra.core.tasks.test.NullOutputTask$Output,innerclass,4,4,0,4,0,1,0,0,0,NaN,-1.0,-1.0,0,0,0,0,0,0,0,0,0,0,1,0,0,1,0,0,0,0,0,3,0,0,0,0,0,0,0,0,0,1,0,0,0,0,2,9,0
/Users/kaiohs/Downloads/codes/lab02-experimentacao-software/data/repos/kestra-io__kestra/core/src/test/java/io/kestra/core/runners/FlowInputOutputTest.java,io.kestra.core.runners.FlowInputOutputTest$MemoryCompletedFileUpload,innerclass,3,3,0,3,6,2,0,0,13,0.6666667,0.0,0.0,6,0,6,0,0,0,6,0,0,0,1,0,0,1,0,0,1,0,0,21,4,0,0,0,0,0,0,1,0,1,0,0,0,0,16,26,0
/Users/kaiohs/Downloads/codes/lab02-experimentacao-software/data/repos/kestra-io__kestra/core/src/main/java/io/kestra/core/runners/RunContextSDKFactory.java,io.kestra.core.runners.RunContextSDKFactory,class,5,6,1,5,1,1,0,0,0,0.0,NaN,NaN,1,0,1,0,0,0,1,0,0,0,0,0,0,0,0,0,0,0,0,29,1,0,0,0,0,0,0,0,0,0,0,0,1,0,11,1,0
/Users/kaiohs/Downloads/codes/lab02-experimentacao-software/data/repos/kestra-io__kestra/core/src/test/java/io/kestra/core/validations/NoSystemLabelValidationTest.java,io.kestra.core.validations.NoSystemLabelValidationTest,class,6,6,0,6,2,1,0,17,0,0.0,0.0,0.0,2,0,0,0,0,2,2,0,0,0,1,0,0,1,0,0,0,0,4,14,0,0,0,0,0,7,2,4,0,5,0,0,0,0,27,0,0
/Users/kaiohs/Downloads/codes/lab02-experimentacao-software/data/repos/kestra-io__kestra/core/src/main/java/io/kestra/core/runners/pebble/expression/NullCoalescingExpression.java,io.kestra.core.runners.pebble.expression.NullCoalescingExpression,class,4,4,0,4,6,2,0,4,6,0.0,0.0,0.0,4,0,4,0,0,0,4,0,0,0,0,0,0,0,0,0,0,0,1,24,4,0,1,1,0,1,0,1,0,1,2,0,0,0,25,1,0
/Users/kaiohs/Downloads/codes/lab02-experimentacao-software/data/repos/kestra-io__kestra/core/src/test/java/io/kestra/core/models/dashboards/filters/PrefixTest.java,io.kestra.core.models.dashboards.filters.PrefixTest,class,2,2,0,2,2,1,0,9,1,0.0,0.0,0.0,2,0,0,0,0,2,2,0,0,0,0,0,0,0,0,0,0,0,0,13,0,0,0,0,0,3,0,2,0,2,0,0,1,0,22,0,0
/Users/kaiohs/Downloads/codes/lab02-experimentacao-software/data/repos/kestra-io__kestra/core/src/main/java/io/kestra/core/test/flow/Assertion.java,io.kestra.core.test.flow.Assertion$Operator,enum,0,0,0,0,2,1,0,0,0,0.0,0.0,0.0,2,0,1,0,0,1,2,0,0,0,1,0,1,0,0,0,1,0,0,8,1,0,0,0,0,13,0,1,0,1,0,0,0,0,22,1,0
/Users/kaiohs/Downloads/codes/lab02-experimentacao-software/data/repos/kestra-io__kestra/storage-local/src/main/java/io/kestra/storage/local/LocalStorage.java,io.kestra.storage.local.LocalStorage$Anonymous1,anonymous,0,0,0,0,5,1,0,10,3,0.0,0.0,0.0,3,0,3,0,0,0,3,0,0,0,0,0,0,0,0,0,0,0,3,19,3,0,0,0,0,8,0,1,2,1,1,0,0,0,25,-1,1
/Users/kaiohs/Downloads/codes/lab02-experimentacao-software/data/repos/kestra-io__kestra/webserver/src/main/java/io/kestra/webserver/controllers/api/KVController.java,io.kestra.webserver.controllers.api.KVController,class,36,37,1,36,21,1,0,39,56,0.75,0.0,0.0,12,0,9,1,2,0,11,0,0,0,2,0,0,1,1,0,0,0,4,83,12,1,2,2,0,55,0,16,1,20,3,0,0,4,111,1,0
/Users/kaiohs/Downloads/codes/lab02-experimentacao-software/data/repos/kestra-io__kestra/core/src/main/java/io/kestra/core/validations/validator/DagTaskValidator.java,io.kestra.core.validations.validator.DagTaskValidator,class,8,8,0,8,6,1,0,11,0,0.0,NaN,NaN,1,0,1,0,0,0,1,0,0,0,0,0,0,0,0,0,0,0,2,25,5,0,2,0,0,5,0,3,2,3,1,0,0,0,22,1,0
/Users/kaiohs/Downloads/codes/lab02-experimentacao-software/data/repos/kestra-io__kestra/core/src/test/java/io/kestra/plugin/core/http/RequestRunnerTest.java,io.kestra.plugin.core.http.RequestRunnerTest,class,4,4,0,4,3,1,0,6,3,0.0,0.0,0.0,3,0,0,0,0,3,3,0,0,0,0,0,0,0,0,0,0,0,0,14,0,0,0,0,0,3,3,0,0,0,0,0,0,0,15,1,0
/Users/kaiohs/Downloads/codes/lab02-experimentacao-software/data/repos/kestra-io__kestra/core/src/main/java/io/kestra/core/repositories/FlowRepositoryInterface.java,io.kestra.core.repositories.FlowRepositoryInterface,interface,15,26,11,15,43,1,0,25,741,0.0,0.0,0.0,39,0,0,0,0,39,39,0,0,0,0,0,0,0,0,0,0,0,6,83,10,0,1,0,0,13,0,5,3,7,1,0,0,2,128,1,0
/Users/kaiohs/Downloads/codes/lab02-experimentacao-software/data/repos/kestra-io__kestra/core/src/main/java/io/kestra/core/models/flows/input/MultiselectInput.java,io.kestra.core.models.flows.input.MultiselectInput,class,16,20,4,16,14,2,0,43,0,0.55,0.0,0.0,4,0,3,1,0,0,3,0,0,0,5,0,0,1,0,4,0,0,2,46,5,1,2,1,0,11,0,6,2,8,3,0,0,0,70,1,0
/Users/kaiohs/Downloads/codes/lab02-experimentacao-software/data/repos/kestra-io__kestra/core/src/main/java/io/kestra/core/repositories/ExecutionRepositoryInterface.java,io.kestra.core.repositories.ExecutionRepositoryInterface,interface,17,28,11,17,20,1,0,2,190,0.0,0.0,0.0,20,0,0,0,0,20,20,0,0,0,0,0,0,0,0,0,0,0,0,33,3,0,0,0,0,0,0,0,0,1,0,0,2,1,88,1,0
/Users/kaiohs/Downloads/codes/lab02-experimentacao-software/data/repos/kestra-io__kestra/core/src/test/java/io/kestra/core/runners/pebble/functions/ErrorLogsFunctionTest.java,io.kestra.core.runners.pebble.functions.ErrorLogsFunctionTest,class,13,14,1,13,5,1,0,23,4,0.5,0.0,0.0,5,0,0,1,0,4,4,0,0,0,2,0,0,2,0,0,0,0,7,30,2,0,0,0,0,29,0,5,0,7,0,0,0,0,37,0,0
/Users/kaiohs/Downloads/codes/lab02-experimentacao-software/data/repos/kestra-io__kestra/scheduler/src/main/java/io/kestra/scheduler/internals/NextEvaluationDate.java,io.kestra.scheduler.internals.NextEvaluationDate,class,4,5,1,4,4,1,0,3,1,0.0,0.0,0.0,2,2,2,0,0,0,2,0,0,0,0,0,0,0,0,0,0,0,3,22,2,0,0,0,0,0,0,4,0,2,1,0,0,0,31,1025,0
/Users/kaiohs/Downloads/codes/lab02-experimentacao-software/data/repos/kestra-io__kestra/core/src/main/java/io/kestra/core/utils/PathMatcherPredicate.java,io.kestra.core.utils.PathMatcherPredicate$Builder,innerclass,2,2,0,2,7,1,0,7,0,0.33333334,0.0,0.0,3,0,3,0,0,0,3,0,0,0,2,0,0,2,0,0,0,0,10,18,6,0,0,0,0,0,0,4,0,3,1,0,0,1,12,9,0
/Users/kaiohs/Downloads/codes/lab02-experimentacao-software/data/repos/kestra-io__kestra/jdbc-postgres/src/main/java/io/kestra/repository/postgres/PostgresRepository.java,io.kestra.repository.postgres.PostgresRepository,class,25,45,20,25,13,2,0,34,21,0.0,0.0,0.0,7,0,6,0,1,0,7,0,0,0,0,0,0,0,0,0,0,0,0,48,7,0,3,0,0,8,3,6,2,6,1,0,1,1,56,1,0
/Users/kaiohs/Downloads/codes/lab02-experimentacao-software/data/repos/kestra-io__kestra/webserver/src/main/java/io/kestra/webserver/controllers/api/FlowController.java,io.kestra.webserver.controllers.api.FlowController$TaskValidationType,enum,0,0,0,0,0,1,0,0,0,0.0,-1.0,-1.0,0,0,0,0,0,0,0,0,0,0,0,0,0,0,0,0,0,0,0,1,0,0,0,0,0,0,0,0,0,0,0,0,0,0,10,1,0
/Users/kaiohs/Downloads/codes/lab02-experimentacao-software/data/repos/kestra-io__kestra/webserver/src/main/java/io/kestra/webserver/controllers/api/BlueprintController.java,io.kestra.webserver.controllers.api.BlueprintController$ApiBlueprintItemWithSource,innerclass,5,5,0,5,0,2,0,0,0,NaN,-1.0,-1.0,0,0,0,0,0,0,0,0,0,0,2,0,0,0,0,2,0,0,0,4,0,0,0,0,0,0,0,0,0,2,0,0,0,0,11,9,0
/Users/kaiohs/Downloads/codes/lab02-experimentacao-software/data/repos/kestra-io__kestra/core/src/main/java/io/kestra/core/models/flows/Concurrency.java,io.kestra.core.models.flows.Concurrency$Behavior,enum,0,0,0,0,0,1,0,0,0,0.0,-1.0,-1.0,0,0,0,0,0,0,0,0,0,0,0,0,0,0,0,0,0,0,0,1,0,0,0,0,0,0,0,0,0,0,0,0,0,0,6,1,0
/Users/kaiohs/Downloads/codes/lab02-experimentacao-software/data/repos/kestra-io__kestra/tests/src/main/java/io/kestra/core/models/tasks/runners/AbstractTaskRunnerTest.java,io.kestra.core.models.tasks.runners.AbstractTaskRunnerTest$Anonymous1,anonymous,0,0,0,0,2,1,0,2,1,0.0,0.0,0.0,2,0,2,0,0,0,2,0,0,0,0,0,0,0,0,0,0,0,0,10,0,0,0,0,0,0,0,0,0,0,0,0,0,0,7,-1,0
/Users/kaiohs/Downloads/codes/lab02-experimentacao-software/data/repos/kestra-io__kestra/core/src/main/java/io/kestra/plugin/core/dashboard/data/FlowsKPI.java,io.kestra.plugin.core.dashboard.data.FlowsKPI,class,15,15,0,15,1,1,0,0,0,0.0,NaN,NaN,1,0,1,0,0,0,1,0,0,0,0,0,0,0,0,0,0,0,0,5,1,0,0,0,0,4,0,0,0,0,0,0,0,0,15,1,0
/Users/kaiohs/Downloads/codes/lab02-experimentacao-software/data/repos/kestra-io__kestra/jdbc-mysql/src/main/java/io/kestra/repository/mysql/MysqlTaskOutputRepository.java,io.kestra.repository.mysql.MysqlTaskOutputRepository,class,6,6,0,6,1,2,0,0,0,0.0,NaN,NaN,1,0,1,0,0,0,1,0,0,0,0,0,0,0,0,0,0,0,0,5,0,0,0,0,0,1,0,0,0,0,0,0,0,0,7,1,0
/Users/kaiohs/Downloads/codes/lab02-experimentacao-software/data/repos/kestra-io__kestra/core/src/main/java/io/kestra/core/models/flows/FlowForExecution.java,io.kestra.core.models.flows.FlowForExecution,class,15,16,1,15,3,2,0,30,3,0.6666667,0.0,0.0,3,1,3,0,0,0,3,0,0,0,5,0,0,0,0,5,0,0,0,16,2,0,0,0,1,2,0,0,0,5,0,0,0,0,23,1,0
/Users/kaiohs/Downloads/codes/lab02-experimentacao-software/data/repos/kestra-io__kestra/core/src/test/java/io/kestra/core/utils/PathMatcherPredicateTest.java,io.kestra.core.utils.PathMatcherPredicateTest,class,2,2,0,2,9,1,0,20,36,0.0,0.0,0.0,9,0,0,0,0,9,9,0,0,0,0,0,0,0,0,0,0,0,34,46,0,0,0,0,0,36,0,16,0,16,0,0,0,0,42,0,0
/Users/kaiohs/Downloads/codes/lab02-experimentacao-software/data/repos/kestra-io__kestra/core/src/main/java/io/kestra/core/models/flows/sla/SLA.java,io.kestra.core.models.flows.sla.SLA$Behavior,enum,0,0,0,0,0,1,0,0,0,0.0,-1.0,-1.0,0,0,0,0,0,0,0,0,0,0,0,0,0,0,0,0,0,0,0,1,0,0,0,0,0,0,0,0,0,0,0,0,0,0,5,1,0
/Users/kaiohs/Downloads/codes/lab02-experimentacao-software/data/repos/kestra-io__kestra/tests/src/main/java/io/kestra/core/models/tasks/runners/AbstractTaskRunnerTest.java,io.kestra.core.models.tasks.runners.AbstractTaskRunnerTest$Anonymous2,anonymous,0,0,0,0,2,1,0,0,1,0.0,0.0,0.0,2,0,2,0,0,0,2,0,0,0,0,0,0,0,0,0,0,0,0,8,2,0,0,0,0,2,0,0,0,0,0,0,0,0,3,-1,0
/Users/kaiohs/Downloads/codes/lab02-experimentacao-software/data/repos/kestra-io__kestra/jdbc-mysql/src/test/java/io/kestra/runner/mysql/MysqlQueueTest.java,io.kestra.runner.mysql.MysqlQueueTest,class,1,1,0,1,0,2,0,0,0,0.0,-1.0,-1.0,0,0,0,0,0,0,0,0,0,0,0,0,0,0,0,0,0,0,0,2,0,0,0,0,0,0,0,0,0,0,0,0,0,0,4,0,0
/Users/kaiohs/Downloads/codes/lab02-experimentacao-software/data/repos/kestra-io__kestra/core/src/main/java/io/kestra/core/models/flows/Input.java,io.kestra.core.models.flows.Input,class,35,61,26,35,1,1,0,0,0,1.0,NaN,NaN,1,0,1,0,0,0,1,1,0,0,8,0,0,0,0,8,0,0,0,11,0,0,0,0,0,27,0,1,0,8,0,0,0,0,50,1025,0
/Users/kaiohs/Downloads/codes/lab02-experimentacao-software/data/repos/kestra-io__kestra/jdbc-postgres/src/test/java/io/kestra/repository/postgres/PostgresLogRepositoryTest.java,io.kestra.repository.postgres.PostgresLogRepositoryTest,class,1,1,0,1,0,2,0,0,0,0.0,-1.0,-1.0,0,0,0,0,0,0,0,0,0,0,0,0,0,0,0,0,0,0,0,2,0,0,0,0,0,0,0,0,0,0,0,0,0,0,5,1,0
/Users/kaiohs/Downloads/codes/lab02-experimentacao-software/data/repos/kestra-io__kestra/core/src/main/java/io/kestra/core/reporter/reports/FeatureUsageReport.java,io.kestra.core.reporter.reports.FeatureUsageReport$UsageEvent,innerclass,7,7,0,7,0,1,0,0,0,NaN,-1.0,-1.0,0,0,0,0,0,0,0,0,0,0,3,0,0,3,0,0,0,0,0,5,0,0,0,0,0,0,0,0,0,3,0,0,0,0,11,9,0
/Users/kaiohs/Downloads/codes/lab02-experimentacao-software/data/repos/kestra-io__kestra/worker-controller/src/test/java/io/kestra/controller/grpc/services/WorkerJobDispatcherTest.java,io.kestra.controller.grpc.services.WorkerJobDispatcherTest$WorkerRegistrationTests,innerclass,8,8,0,8,4,1,0,14,6,0.0,0.0,0.0,4,0,0,0,0,4,4,0,0,0,0,0,0,0,0,0,0,0,0,37,0,0,0,0,0,7,18,7,0,7,0,0,0,0,48,0,0
/Users/kaiohs/Downloads/codes/lab02-experimentacao-software/data/repos/kestra-io__kestra/core/src/main/java/io/kestra/core/runners/pebble/filters/DateAddFilter.java,io.kestra.core.runners.pebble.filters.DateAddFilter,class,6,8,2,6,11,2,0,13,3,0.0,0.0,0.0,3,1,3,0,0,0,3,0,0,0,0,0,0,0,0,0,0,0,7,38,7,0,3,1,0,14,0,7,0,7,2,0,0,0,46,1,0
/Users/kaiohs/Downloads/codes/lab02-experimentacao-software/data/repos/kestra-io__kestra/scheduler/src/main/java/io/kestra/scheduler/DefaultScheduler.java,io.kestra.scheduler.DefaultScheduler$Anonymous2,anonymous,1,1,0,1,2,1,0,4,1,0.0,0.0,0.0,2,0,2,0,0,0,2,0,0,0,0,0,0,0,0,0,0,0,0,11,0,0,0,0,0,0,0,0,0,0,0,0,0,0,14,-1,0
/Users/kaiohs/Downloads/codes/lab02-experimentacao-software/data/repos/kestra-io__kestra/jdbc/src/test/java/io/kestra/jdbc/queue/JdbcTestQueueFactory.java,io.kestra.jdbc.queue.JdbcTestQueueFactory,class,21,21,0,21,5,1,0,5,10,0.0,0.0,0.0,5,0,5,0,0,0,5,0,0,0,0,0,0,0,0,0,0,0,0,17,5,0,0,0,0,0,0,0,0,0,0,0,0,0,16,1,0
/Users/kaiohs/Downloads/codes/lab02-experimentacao-software/data/repos/kestra-io__kestra/core/src/test/java/io/kestra/plugin/core/execution/FailTest.java,io.kestra.plugin.core.execution.FailTest,class,6,6,0,6,3,1,0,11,0,0.0,0.0,0.0,3,0,0,0,0,3,3,0,0,0,1,0,0,1,0,0,0,0,3,21,0,0,0,0,0,22,6,3,0,10,0,0,0,3,21,1,0
/Users/kaiohs/Downloads/codes/lab02-experimentacao-software/data/repos/kestra-io__kestra/core/src/main/java/io/kestra/core/runners/ExecutionEventType.java,io.kestra.core.runners.ExecutionEventType,enum,0,0,0,0,0,1,0,0,0,0.0,-1.0,-1.0,0,0,0,0,0,0,0,0,0,0,0,0,0,0,0,0,0,0,0,1,0,0,0,0,0,0,0,0,0,0,0,0,0,0,12,1,0
/Users/kaiohs/Downloads/codes/lab02-experimentacao-software/data/repos/kestra-io__kestra/jdbc-h2/src/test/java/io/kestra/runner/h2/H2JdbcDeserializationIssuesTest.java,io.kestra.runner.h2.H2JdbcDeserializationIssuesTest,class,1,1,0,1,0,2,0,0,0,0.0,-1.0,-1.0,0,0,0,0,0,0,0,0,0,0,0,0,0,0,0,0,0,0,0,2,0,0,0,0,0,0,0,0,0,0,0,0,0,0,6,0,0
/Users/kaiohs/Downloads/codes/lab02-experimentacao-software/data/repos/kestra-io__kestra/core/src/main/java/io/kestra/core/models/executions/Execution.java,io.kestra.core.models.executions.Execution$ExecutionBuilder,innerclass,2,2,0,2,2,1,0,5,1,0.0,0.0,0.0,2,0,1,0,0,1,2,0,0,0,0,0,0,0,0,0,0,0,1,10,1,0,0,0,0,0,0,3,0,0,0,0,0,0,17,9,0
/Users/kaiohs/Downloads/codes/lab02-experimentacao-software/data/repos/kestra-io__kestra/core/src/test/java/io/kestra/core/runners/TaskWithWhenTest.java,io.kestra.core.runners.TaskWithWhenTest,class,4,4,0,4,3,1,0,12,3,0.0,0.0,0.0,3,0,0,0,0,3,3,0,0,0,0,0,0,0,0,0,0,0,1,30,0,0,0,0,0,19,4,0,0,0,0,0,0,0,18,0,0
/Users/kaiohs/Downloads/codes/lab02-experimentacao-software/data/repos/kestra-io__kestra/scheduler/src/main/java/io/kestra/scheduler/DefaultScheduler.java,io.kestra.scheduler.DefaultScheduler$Anonymous1,anonymous,4,4,0,4,7,1,0,20,1,0.0,0.0,0.0,2,0,2,0,0,0,2,0,0,0,0,0,0,0,0,0,0,0,2,31,2,1,1,0,0,0,2,4,1,6,1,0,0,2,24,-1,0
/Users/kaiohs/Downloads/codes/lab02-experimentacao-software/data/repos/kestra-io__kestra/cli/src/main/java/io/kestra/cli/commands/namespaces/NamespaceCommand.java,io.kestra.cli.commands.namespaces.NamespaceCommand,class,6,8,2,6,1,3,0,2,0,0.0,NaN,NaN,1,0,1,0,0,0,1,0,0,0,0,0,0,0,0,0,0,0,1,6,1,0,0,0,0,4,0,0,0,0,0,0,0,0,7,1,0
/Users/kaiohs/Downloads/codes/lab02-experimentacao-software/data/repos/kestra-io__kestra/worker/src/test/java/io/kestra/worker/stores/AbstractGrpcMetaStoreTest.java,io.kestra.worker.stores.AbstractGrpcMetaStoreTest,class,9,14,5,9,6,1,4,8,8,0.70000005,0.0,0.0,5,1,0,0,2,3,5,1,0,0,2,0,0,1,0,1,0,0,0,25,2,0,1,0,0,2,0,3,0,4,1,0,0,0,40,1025,0
/Users/kaiohs/Downloads/codes/lab02-experimentacao-software/data/repos/kestra-io__kestra/worker/src/main/java/io/kestra/worker/endpoint/WorkerEndpoint.java,io.kestra.worker.endpoint.WorkerEndpoint,class,9,9,0,9,4,1,0,14,0,0.0,NaN,NaN,1,0,1,0,0,0,1,0,0,0,1,0,0,0,0,1,0,0,0,16,1,0,0,0,0,3,0,0,0,3,0,0,2,2,24,1,0
/Users/kaiohs/Downloads/codes/lab02-experimentacao-software/data/repos/kestra-io__kestra/core/src/main/java/io/kestra/core/http/client/apache/LoggingResponseInterceptor.java,io.kestra.core.http.client.apache.LoggingResponseInterceptor,class,10,12,2,10,7,2,0,10,1,0.5,NaN,NaN,2,1,1,1,0,0,1,0,0,0,2,0,0,2,0,0,0,0,3,16,1,0,0,0,0,4,0,0,1,2,1,0,0,0,23,1,3
/Users/kaiohs/Downloads/codes/lab02-experimentacao-software/data/repos/kestra-io__kestra/core/src/main/java/io/kestra/core/validations/validator/SwitchTaskValidator.java,io.kestra.core.validations.validator.SwitchTaskValidator,class,7,7,0,7,6,1,0,6,0,0.0,NaN,NaN,1,0,1,0,0,0,1,0,0,0,0,0,0,0,0,0,0,0,0,13,3,0,3,0,2,1,0,0,0,0,1,0,0,0,18,1,0
/Users/kaiohs/Downloads/codes/lab02-experimentacao-software/data/repos/kestra-io__kestra/worker/src/main/java/io/kestra/worker/stores/GrpcWorkerExecutionLogMetaStore.java,io.kestra.worker.stores.GrpcWorkerExecutionLogMetaStore$Anonymous1,anonymous,0,0,0,0,0,1,0,0,0,0.0,-1.0,-1.0,0,0,0,0,0,0,0,0,0,0,0,0,0,0,0,0,0,0,0,2,0,0,0,0,0,0,0,0,0,0,0,0,0,0,0,-1,0
/Users/kaiohs/Downloads/codes/lab02-experimentacao-software/data/repos/kestra-io__kestra/core/src/test/java/io/kestra/core/runners/AfterExecutionTestCase.java,io.kestra.core.runners.AfterExecutionTestCase,class,5,6,1,5,3,1,0,16,0,0.0,0.0,0.0,3,0,3,0,0,0,3,0,0,0,1,0,0,1,0,0,0,0,0,48,0,0,0,0,0,16,5,11,0,12,0,0,0,0,38,1,0
/Users/kaiohs/Downloads/codes/lab02-experimentacao-software/data/repos/kestra-io__kestra/core/src/main/java/io/kestra/core/models/namespaces/Namespace.java,io.kestra.core.models.namespaces.Namespace,class,10,10,0,10,0,1,0,0,0,NaN,-1.0,-1.0,0,0,0,0,0,0,0,0,0,0,1,0,0,0,1,0,0,0,0,3,0,0,0,0,0,2,0,0,0,1,0,0,0,0,9,1,0
/Users/kaiohs/Downloads/codes/lab02-experimentacao-software/data/repos/kestra-io__kestra/jdbc/src/main/java/io/kestra/jdbc/JooqDSLContextWrapper.java,io.kestra.jdbc.JooqDSLContextWrapper$DeadlockPredicate,innerclass,0,0,0,0,4,1,0,4,0,0.0,NaN,NaN,1,0,1,0,0,0,1,0,0,0,0,0,0,0,0,0,0,0,0,12,3,0,2,0,1,2,2,1,0,1,1,0,0,0,18,24,0
/Users/kaiohs/Downloads/codes/lab02-experimentacao-software/data/repos/kestra-io__kestra/core/src/main/java/io/kestra/core/utils/Either.java,io.kestra.core.utils.Either$LeftProjection,innerclass,5,5,0,5,9,1,0,11,0,0.0,0.0,0.0,6,0,5,0,0,1,6,0,0,0,1,0,0,1,0,0,1,0,3,24,7,0,0,0,0,1,0,1,0,1,1,0,0,0,13,9,0
/Users/kaiohs/Downloads/codes/lab02-experimentacao-software/data/repos/kestra-io__kestra/core/src/main/java/io/kestra/plugin/core/http/AbstractHttp.java,io.kestra.plugin.core.http.AbstractHttp,class,21,24,3,21,18,2,3,56,0,0.4375,0.0,0.0,2,0,0,0,2,0,2,0,0,0,8,0,0,0,8,0,0,0,5,85,2,1,5,2,4,14,0,18,1,30,6,0,0,5,59,1025,0
/Users/kaiohs/Downloads/codes/lab02-experimentacao-software/data/repos/kestra-io__kestra/core/src/main/java/io/kestra/plugin/core/log/PurgeLogs.java,io.kestra.plugin.core.log.PurgeLogs$Output,innerclass,4,4,0,4,0,1,0,0,0,NaN,-1.0,-1.0,0,0,0,0,0,0,0,0,0,0,3,0,0,3,0,0,0,0,0,5,0,0,0,0,0,3,0,0,0,3,0,0,0,0,14,9,0
/Users/kaiohs/Downloads/codes/lab02-experimentacao-software/data/repos/kestra-io__kestra/core/src/main/java/io/kestra/core/runners/pebble/tests/JsonTest.java,io.kestra.core.runners.pebble.tests.JsonTest,class,4,5,1,4,3,1,0,2,1,0.0,0.0,0.0,2,0,2,0,0,0,2,0,0,0,0,0,0,0,0,0,0,0,1,14,3,0,0,1,0,0,0,0,0,0,1,0,0,0,20,1,0
/Users/kaiohs/Downloads/codes/lab02-experimentacao-software/data/repos/kestra-io__kestra/core/src/main/java/io/kestra/core/encryption/EncryptionConfig.java,io.kestra.core.encryption.EncryptionConfig,class,4,4,0,4,7,1,0,6,0,0.53333336,0.0,0.0,5,0,5,0,0,0,5,0,0,0,3,2,2,1,0,0,2,0,2,22,3,0,1,0,0,3,0,4,0,3,1,0,0,1,65,1,0
/Users/kaiohs/Downloads/codes/lab02-experimentacao-software/data/repos/kestra-io__kestra/core/src/main/java/io/kestra/core/storages/kv/KVPurgeCleaner.java,io.kestra.core.storages.kv.KVPurgeCleaner,class,11,12,1,11,9,1,0,24,6,0.75,0.0,0.0,4,0,1,1,2,0,3,0,0,0,4,0,0,4,0,0,0,0,3,39,2,3,0,1,0,10,1,4,0,8,4,0,0,0,48,1,3
/Users/kaiohs/Downloads/codes/lab02-experimentacao-software/data/repos/kestra-io__kestra/core/src/main/java/io/kestra/core/models/triggers/TimeWindow.java,io.kestra.core.models.triggers.TimeWindow,class,8,9,1,8,0,1,0,0,0,NaN,-1.0,-1.0,0,0,0,0,0,0,0,0,0,0,6,0,0,6,0,0,0,0,0,9,0,0,0,0,0,10,0,1,0,6,0,0,1,0,35,1,0
/Users/kaiohs/Downloads/codes/lab02-experimentacao-software/data/repos/kestra-io__kestra/core/src/main/java/io/kestra/core/scheduler/queue/TriggerEventQueue.java,io.kestra.core.scheduler.queue.TriggerEventQueue$BatchRecordConsumer,interface,1,1,0,1,0,1,0,0,0,0.0,-1.0,-1.0,0,0,0,0,0,0,0,0,0,0,0,0,0,0,0,0,0,0,0,2,0,0,0,0,0,0,0,0,0,0,0,0,0,0,3,0,0
/Users/kaiohs/Downloads/codes/lab02-experimentacao-software/data/repos/kestra-io__kestra/core/src/main/java/io/kestra/core/models/dashboards/filters/Or.java,io.kestra.core.models.dashboards.filters.Or,class,13,14,1,13,0,2,0,0,0,NaN,-1.0,-1.0,0,0,0,0,0,0,0,0,0,0,2,0,0,1,1,0,0,0,0,4,0,0,0,0,0,1,0,1,0,2,0,0,0,0,5,1,0
/Users/kaiohs/Downloads/codes/lab02-experimentacao-software/data/repos/kestra-io__kestra/core/src/main/java/io/kestra/core/server/WorkerTaskRestartStrategy.java,io.kestra.core.server.WorkerTaskRestartStrategy,enum,0,0,0,0,1,1,0,1,0,0.0,NaN,NaN,1,0,1,0,0,0,1,0,0,0,0,0,0,0,0,0,0,0,0,8,1,0,0,0,0,0,0,0,0,0,0,0,0,0,65,1,0
/Users/kaiohs/Downloads/codes/lab02-experimentacao-software/data/repos/kestra-io__kestra/core/src/main/java/io/kestra/core/models/dashboards/filters/NotEqualTo.java,io.kestra.core.models.dashboards.filters.NotEqualTo,class,11,12,1,11,0,2,0,0,0,NaN,-1.0,-1.0,0,0,0,0,0,0,0,0,0,0,2,0,0,1,1,0,0,0,0,4,0,0,0,0,0,1,0,1,0,2,0,0,0,0,8,1,0
/Users/kaiohs/Downloads/codes/lab02-experimentacao-software/data/repos/kestra-io__kestra/tests/src/main/java/io/kestra/core/junit/extensions/TriggerEvaluationExtension.java,io.kestra.core.junit.extensions.TriggerEvaluationExtension,class,19,20,1,19,12,1,0,43,13,0.72222227,0.0,0.0,6,0,2,4,0,0,2,0,0,0,3,0,0,0,0,3,0,0,2,50,5,0,5,0,0,4,0,12,3,12,2,0,0,2,54,1,0
/Users/kaiohs/Downloads/codes/lab02-experimentacao-software/data/repos/kestra-io__kestra/executor/src/main/java/io/kestra/executor/SLAMonitorStateStore.java,io.kestra.executor.SLAMonitorStateStore,interface,1,4,3,1,3,1,0,0,3,0.0,0.0,0.0,3,0,0,0,0,3,3,0,0,0,0,0,0,0,0,0,0,0,0,5,0,0,0,0,0,0,0,0,0,0,0,0,0,0,64,1,0
/Users/kaiohs/Downloads/codes/lab02-experimentacao-software/data/repos/kestra-io__kestra/core/src/main/java/io/kestra/core/models/hierarchies/AbstractGraphTask.java,io.kestra.core.models.hierarchies.AbstractGraphTask,class,10,15,5,10,7,2,2,12,4,0.55,0.0,0.0,5,0,5,0,0,0,5,0,0,0,4,0,0,4,0,0,3,0,2,32,3,0,2,0,1,6,1,6,3,6,1,0,0,0,19,1025,0
/Users/kaiohs/Downloads/codes/lab02-experimentacao-software/data/repos/kestra-io__kestra/queue/src/test/java/io/kestra/queue/AbstractVNodeDispatchQueueTest.java,io.kestra.queue.AbstractVNodeDispatchQueueTest,class,9,11,2,9,6,2,2,53,0,0.41666666,0.0,0.0,4,0,1,0,0,3,4,0,0,0,3,1,0,3,0,0,1,0,9,75,0,2,0,0,2,15,39,20,14,30,2,0,0,8,53,1025,0
/Users/kaiohs/Downloads/codes/lab02-experimentacao-software/data/repos/kestra-io__kestra/core/src/test/java/io/kestra/core/services/PluginDefaultServiceTest.java,io.kestra.core.services.PluginDefaultServiceTest$DefaultPrecedenceTester,innerclass,10,10,0,10,1,2,0,0,0,1.0,NaN,NaN,1,0,1,0,0,0,1,0,0,0,3,0,0,3,0,0,0,0,0,8,1,0,0,0,0,1,0,0,0,3,0,0,0,0,16,9,0
/Users/kaiohs/Downloads/codes/lab02-experimentacao-software/data/repos/kestra-io__kestra/core/src/main/java/io/kestra/plugin/core/dashboard/data/Executions.java,io.kestra.plugin.core.dashboard.data.Executions,class,16,16,0,16,1,1,0,0,0,0.0,NaN,NaN,1,0,1,0,0,0,1,0,0,0,0,0,0,0,0,0,0,0,0,5,1,0,0,0,0,4,0,0,0,0,0,0,0,0,28,1,0
/Users/kaiohs/Downloads/codes/lab02-experimentacao-software/data/repos/kestra-io__kestra/core/src/main/java/io/kestra/core/repositories/LocalFlowRepositoryLoader.java,io.kestra.core.repositories.LocalFlowRepositoryLoader,class,10,11,1,10,8,1,0,50,6,0.75,0.0,0.0,4,0,4,0,0,0,4,0,0,0,2,0,0,2,0,0,0,0,11,52,0,1,1,4,0,6,2,10,1,16,4,0,0,4,46,1,3
/Users/kaiohs/Downloads/codes/lab02-experimentacao-software/data/repos/kestra-io__kestra/core/src/main/java/io/kestra/core/models/tasks/runners/TaskException.java,io.kestra.core.models.tasks.runners.TaskException,class,2,3,1,2,2,3,0,2,0,0.4,0.0,0.0,2,0,2,0,0,0,2,0,0,0,5,1,0,5,0,0,4,0,0,17,0,0,0,0,0,1,1,5,1,5,0,0,0,0,23,1,0
/Users/kaiohs/Downloads/codes/lab02-experimentacao-software/data/repos/kestra-io__kestra/core/src/main/java/io/kestra/core/http/client/apache/HttpResponseFailure.java,io.kestra.core.http.client.apache.HttpResponseFailure,class,7,9,2,7,4,1,0,6,1,0.0,NaN,NaN,2,1,1,1,0,0,1,0,0,0,0,0,0,0,0,0,0,0,2,13,1,0,1,0,0,3,0,3,2,2,1,0,0,0,21,17,0
/Users/kaiohs/Downloads/codes/lab02-experimentacao-software/data/repos/kestra-io__kestra/core/src/main/java/io/kestra/plugin/core/condition/DayWeekInMonth.java,io.kestra.plugin.core.condition.DayWeekInMonth,class,16,16,0,16,6,2,0,12,0,0.0,NaN,NaN,1,0,1,0,0,0,1,0,0,0,3,0,0,3,0,0,1,0,5,34,1,0,5,0,0,10,3,12,0,10,1,0,1,0,65,1,0
/Users/kaiohs/Downloads/codes/lab02-experimentacao-software/data/repos/kestra-io__kestra/webserver/src/main/java/io/kestra/webserver/rooting/TenantAliasingRooter.java,io.kestra.webserver.rooting.TenantAliasingRooter,class,12,13,1,12,8,2,0,23,6,0.75,0.0,0.0,4,0,2,0,2,0,4,0,0,0,1,1,0,0,1,0,1,0,3,26,5,0,1,0,0,7,0,6,1,7,1,0,0,1,54,1,0
/Users/kaiohs/Downloads/codes/lab02-experimentacao-software/data/repos/kestra-io__kestra/core/src/main/java/io/kestra/plugin/core/condition/DateTimeBetween.java,io.kestra.plugin.core.condition.DateTimeBetween,class,15,15,0,15,6,2,0,11,0,0.0,NaN,NaN,1,0,1,0,0,0,1,0,0,0,3,0,0,3,0,0,1,0,0,30,3,0,4,1,0,13,0,6,0,8,1,0,0,0,55,1,0
/Users/kaiohs/Downloads/codes/lab02-experimentacao-software/data/repos/kestra-io__kestra/core/src/test/java/io/kestra/core/runners/RunVariablesTest.java,io.kestra.core.runners.RunVariablesTest,class,18,18,0,18,10,1,0,35,0,0.73333335,0.0,0.0,10,0,0,0,0,10,10,0,0,0,3,0,0,0,0,3,0,0,11,82,1,0,0,0,0,55,7,15,0,18,0,3,0,0,62,0,0
/Users/kaiohs/Downloads/codes/lab02-experimentacao-software/data/repos/kestra-io__kestra/jdbc-h2/src/test/java/reports/H2ServiceUsageReportTest.java,reports.H2ServiceUsageReportTest,class,2,2,0,2,0,2,0,0,0,0.0,-1.0,-1.0,0,0,0,0,0,0,0,0,0,0,0,0,0,0,0,0,0,0,0,2,0,0,0,0,0,0,0,0,0,0,0,0,0,0,6,0,0
/Users/kaiohs/Downloads/codes/lab02-experimentacao-software/data/repos/kestra-io__kestra/core/src/main/java/io/kestra/core/models/property/URIFetcher.java,io.kestra.core.models.property.URIFetcher,class,2,5,3,2,9,1,0,9,0,0.35714287,0.0,0.0,7,4,7,0,0,0,7,0,0,0,2,1,0,2,0,0,2,0,2,27,4,0,1,0,0,3,0,2,2,4,1,0,0,2,75,1,0
/Users/kaiohs/Downloads/codes/lab02-experimentacao-software/data/repos/kestra-io__kestra/executor/src/test/java/io/kestra/executor/handler/Fixtures.java,io.kestra.executor.handler.Fixtures,class,2,9,7,2,2,1,0,11,1,0.0,NaN,NaN,2,1,0,1,0,1,1,0,0,0,0,0,0,0,0,0,0,0,1,7,1,0,0,0,0,4,0,0,0,0,0,0,0,0,3,16,0
/Users/kaiohs/Downloads/codes/lab02-experimentacao-software/data/repos/kestra-io__kestra/jdbc-mysql/src/main/java/io/kestra/runner/mysql/MysqlMultipleStateStore.java,io.kestra.runner.mysql.MysqlMultipleStateStore,class,7,7,0,7,2,3,0,3,1,0.0,0.0,0.0,2,0,1,0,1,0,2,0,0,0,0,0,0,0,0,0,0,0,1,8,1,0,0,0,0,2,0,0,0,0,0,0,0,0,12,1,0
/Users/kaiohs/Downloads/codes/lab02-experimentacao-software/data/repos/kestra-io__kestra/core/src/test/java/io/kestra/plugin/core/flow/IterationOutputTest.java,io.kestra.plugin.core.flow.IterationOutputTest,class,6,6,0,6,1,1,0,9,0,0.0,NaN,NaN,1,0,0,0,0,1,1,0,0,0,1,0,0,1,0,0,0,0,10,25,0,0,0,0,0,47,0,10,0,11,0,0,0,0,30,1,0
/Users/kaiohs/Downloads/codes/lab02-experimentacao-software/data/repos/kestra-io__kestra/webserver/src/test/java/io/kestra/webserver/controllers/api/DashboardControllerTest.java,io.kestra.webserver.controllers.api.DashboardControllerTest,class,19,19,0,19,10,1,0,67,0,0.52,0.0,0.0,10,0,0,0,0,10,10,0,0,0,5,1,1,0,0,4,1,0,9,162,0,0,0,0,0,72,16,56,23,57,0,0,0,4,120,0,0
/Users/kaiohs/Downloads/codes/lab02-experimentacao-software/data/repos/kestra-io__kestra/core/src/main/java/io/kestra/core/utils/Disposable.java,io.kestra.core.utils.Disposable$FromRunnable,innerclass,1,1,0,1,4,1,0,4,0,0.33333334,0.0,0.0,3,0,2,0,0,1,3,0,0,0,2,0,0,2,0,0,2,0,1,15,1,0,0,0,0,1,0,2,0,2,1,0,0,0,21,0,0
/Users/kaiohs/Downloads/codes/lab02-experimentacao-software/data/repos/kestra-io__kestra/core/src/main/java/io/kestra/core/http/client/HttpClient.java,io.kestra.core.http.client.HttpClient,class,38,41,3,38,86,2,0,122,58,0.725,0.0,0.0,16,2,6,10,0,0,6,0,0,0,5,0,0,5,0,0,2,0,8,315,25,1,27,5,2,17,15,65,3,62,5,2,1,9,200,1,1
/Users/kaiohs/Downloads/codes/lab02-experimentacao-software/data/repos/kestra-io__kestra/core/src/test/java/io/kestra/core/test/TestSuiteTest.java,io.kestra.core.test.TestSuiteTest,class,2,2,0,2,3,1,0,13,3,0.0,0.0,0.0,3,0,0,0,0,3,3,0,0,0,0,0,0,0,0,0,0,0,0,22,0,0,0,0,0,6,0,8,0,6,0,0,0,0,16,0,0
/Users/kaiohs/Downloads/codes/lab02-experimentacao-software/data/repos/kestra-io__kestra/jdbc-h2/src/main/java/io/kestra/repository/h2/H2NamespaceFileMetadataRepositoryService.java,io.kestra.repository.h2.H2NamespaceFileMetadataRepositoryService,class,2,3,1,2,3,1,0,6,0,0.0,NaN,NaN,1,1,1,0,0,0,1,0,0,0,0,0,0,0,0,0,0,0,1,9,1,0,1,0,0,1,0,1,0,1,1,0,0,0,11,1025,0
/Users/kaiohs/Downloads/codes/lab02-experimentacao-software/data/repos/kestra-io__kestra/core/src/test/java/io/kestra/plugin/core/storage/PurgeCurrentExecutionFilesTest.java,io.kestra.plugin.core.storage.PurgeCurrentExecutionFilesTest,class,4,4,0,4,1,1,0,19,0,0.0,NaN,NaN,1,0,0,0,0,1,1,0,0,0,1,0,0,1,0,0,0,0,4,12,0,0,0,0,0,13,1,5,0,6,0,0,0,0,24,0,0
/Users/kaiohs/Downloads/codes/lab02-experimentacao-software/data/repos/kestra-io__kestra/jdbc/src/main/java/io/kestra/jdbc/runner/AbstractJdbcConcurrencyLimitStateStore.java,io.kestra.jdbc.runner.AbstractJdbcConcurrencyLimitStateStore,class,17,20,3,17,15,2,2,54,0,0.56666666,0.0,0.0,10,0,8,2,0,0,8,0,0,0,3,2,2,0,1,0,2,0,0,100,13,0,2,1,0,3,10,21,3,31,4,0,0,10,135,1,1
/Users/kaiohs/Downloads/codes/lab02-experimentacao-software/data/repos/kestra-io__kestra/core/src/main/java/io/kestra/plugin/core/http/Download.java,io.kestra.plugin.core.http.Download,class,23,24,1,23,24,3,0,55,3,0.6666667,NaN,NaN,3,0,1,2,0,0,1,0,0,0,2,0,0,2,0,0,0,0,1,103,6,1,14,2,0,24,11,26,6,20,5,0,1,2,83,1,3
/Users/kaiohs/Downloads/codes/lab02-experimentacao-software/data/repos/kestra-io__kestra/jdbc-mysql/src/main/java/io/kestra/repository/mysql/MysqlExecutionRepository.java,io.kestra.repository.mysql.MysqlExecutionRepository,class,16,16,0,16,5,4,0,4,10,0.0,0.0,0.0,5,0,2,0,3,0,5,0,0,0,0,0,0,0,0,0,0,0,3,17,4,0,0,0,0,1,0,0,0,0,0,0,0,0,24,1,0
/Users/kaiohs/Downloads/codes/lab02-experimentacao-software/data/repos/kestra-io__kestra/core/src/main/java/io/kestra/core/models/tasks/runners/AbstractLogConsumer.java,io.kestra.core.models.tasks.runners.AbstractLogConsumer,class,1,7,6,1,3,1,1,1,3,0.77777785,0.0,0.0,3,0,3,0,0,0,3,1,0,0,3,0,0,0,3,0,3,0,0,12,2,0,0,0,0,0,0,3,0,3,0,0,0,0,26,1025,0
/Users/kaiohs/Downloads/codes/lab02-experimentacao-software/data/repos/kestra-io__kestra/jdbc-mysql/src/test/java/io/kestra/runner/mysql/MysqlRunnerRetryTest.java,io.kestra.runner.mysql.MysqlRunnerRetryTest,class,2,2,0,2,0,2,0,0,0,0.0,-1.0,-1.0,0,0,0,0,0,0,0,0,0,0,0,0,0,0,0,0,0,0,0,2,0,0,0,0,0,0,0,0,0,0,0,0,0,0,5,1,0
/Users/kaiohs/Downloads/codes/lab02-experimentacao-software/data/repos/kestra-io__kestra/webserver/src/main/java/io/kestra/webserver/models/events/Event.java,io.kestra.webserver.models.events.Event,class,5,6,1,5,0,1,1,0,0,NaN,-1.0,-1.0,0,0,0,0,0,0,0,0,0,0,5,0,0,0,5,0,0,0,0,8,0,0,0,0,0,0,0,0,0,5,0,0,1,0,17,1,0
/Users/kaiohs/Downloads/codes/lab02-experimentacao-software/data/repos/kestra-io__kestra/webserver/src/test/java/io/kestra/core/plugins/test/DeprecatedTask.java,io.kestra.core.plugins.test.DeprecatedTask,class,8,8,0,8,0,3,0,0,0,NaN,-1.0,-1.0,0,0,0,0,0,0,0,0,0,0,1,0,0,1,0,0,0,0,0,3,0,0,0,0,0,0,0,0,0,1,0,0,0,0,7,1,0
/Users/kaiohs/Downloads/codes/lab02-experimentacao-software/data/repos/kestra-io__kestra/webserver/src/test/java/io/kestra/webserver/services/BasicAuthServiceTest.java,io.kestra.webserver.services.BasicAuthServiceTest$LegacySaltedBasicAuthConfiguration,innerclass,3,3,0,3,0,1,0,0,0,NaN,-1.0,-1.0,0,0,0,0,0,0,0,0,0,0,5,0,0,4,1,0,0,0,0,7,0,0,0,0,0,0,0,0,0,5,0,0,0,0,11,9,0
/Users/kaiohs/Downloads/codes/lab02-experimentacao-software/data/repos/kestra-io__kestra/core/src/main/java/io/kestra/core/runners/Worker.java,io.kestra.core.runners.Worker,interface,2,6,4,2,3,1,0,2,3,1.0,0.0,0.0,3,1,0,0,0,3,3,0,0,0,1,0,0,0,0,1,0,0,1,8,1,0,0,0,0,1,1,1,1,1,0,0,0,0,47,1,0
/Users/kaiohs/Downloads/codes/lab02-experimentacao-software/data/repos/kestra-io__kestra/core/src/main/java/io/kestra/plugin/core/storage/PurgeCurrentExecutionFiles.java,io.kestra.plugin.core.storage.PurgeCurrentExecutionFiles$Output,innerclass,4,4,0,4,0,1,0,0,0,NaN,-1.0,-1.0,0,0,0,0,0,0,0,0,0,0,1,0,0,1,0,0,1,0,0,3,0,0,0,0,0,1,0,0,0,1,0,0,0,0,10,9,0
/Users/kaiohs/Downloads/codes/lab02-experimentacao-software/data/repos/kestra-io__kestra/jdbc-postgres/src/test/java/io/kestra/repository/postgres/PostgresTaskOutputRepositoryTest.java,io.kestra.repository.postgres.PostgresTaskOutputRepositoryTest,class,1,1,0,1,0,2,0,0,0,0.0,-1.0,-1.0,0,0,0,0,0,0,0,0,0,0,0,0,0,0,0,0,0,0,0,2,0,0,0,0,0,0,0,0,0,0,0,0,0,0,6,0,0
/Users/kaiohs/Downloads/codes/lab02-experimentacao-software/data/repos/kestra-io__kestra/queue/src/test/java/io/kestra/queue/poller/QueuePollerConfigurationTest.java,io.kestra.queue.poller.QueuePollerConfigurationTest,class,3,3,0,3,4,1,0,9,6,0.0,0.0,0.0,4,0,0,0,0,4,4,0,0,0,0,0,0,0,0,0,0,0,39,25,0,0,0,0,0,1,50,8,0,8,0,0,0,1,39,1,0
/Users/kaiohs/Downloads/codes/lab02-experimentacao-software/data/repos/kestra-io__kestra/jdbc-postgres/src/test/java/io/kestra/queue/postgres/PostgresJdbcQueueCleanerTest.java,io.kestra.queue.postgres.PostgresJdbcQueueCleanerTest,class,3,3,0,3,0,2,0,0,0,0.0,-1.0,-1.0,0,0,0,0,0,0,0,0,0,0,0,0,0,0,0,0,0,0,0,2,0,0,0,0,0,2,0,0,0,0,0,0,0,0,10,1,0
/Users/kaiohs/Downloads/codes/lab02-experimentacao-software/data/repos/kestra-io__kestra/core/src/test/java/io/kestra/core/secret/SecretFunctionTest.java,io.kestra.core.secret.SecretFunctionTest$TestSecretService,innerclass,2,2,0,2,2,2,0,6,0,0.0,NaN,NaN,1,0,1,0,0,0,1,0,0,0,1,1,0,1,0,0,1,0,2,10,2,0,0,0,0,4,0,2,1,2,1,0,0,0,15,9,0
/Users/kaiohs/Downloads/codes/lab02-experimentacao-software/data/repos/kestra-io__kestra/cli/src/test/java/io/kestra/cli/commands/plugins/PluginDocCommandTest.java,io.kestra.cli.commands.plugins.PluginDocCommandTest,class,3,3,0,3,1,1,0,34,0,0.0,NaN,NaN,1,0,0,0,0,1,1,0,0,0,1,1,1,0,0,0,1,0,9,33,0,0,0,1,0,15,1,14,4,16,1,0,0,2,51,0,0
/Users/kaiohs/Downloads/codes/lab02-experimentacao-software/data/repos/kestra-io__kestra/core/src/main/java/io/kestra/plugin/core/storage/Split.java,io.kestra.plugin.core.storage.Split,class,19,19,0,19,1,2,0,8,0,0.8333333,NaN,NaN,1,0,1,0,0,0,1,0,0,0,6,0,0,6,0,0,0,0,1,15,1,0,0,0,0,8,0,2,0,7,0,0,1,0,44,1,0
/Users/kaiohs/Downloads/codes/lab02-experimentacao-software/data/repos/kestra-io__kestra/core/src/main/java/io/kestra/core/storages/kv/KVStore.java,io.kestra.core.storages.kv.KVStore,interface,7,9,2,7,23,1,0,21,89,0.85714287,0.0,0.0,14,3,0,0,0,14,14,0,0,0,1,0,0,0,0,1,0,0,5,55,8,0,2,2,5,8,2,2,5,4,3,0,0,2,122,1,0
/Users/kaiohs/Downloads/codes/lab02-experimentacao-software/data/repos/kestra-io__kestra/core/src/main/java/io/kestra/core/runners/FlowableUtils.java,io.kestra.core.runners.FlowableUtils,class,21,22,1,21,96,1,0,101,298,0.96000004,0.0,0.0,25,24,20,5,0,0,20,0,0,0,2,2,0,2,0,0,2,0,45,289,47,6,20,4,5,3,27,60,7,77,6,1,0,20,250,1,1
/Users/kaiohs/Downloads/codes/lab02-experimentacao-software/data/repos/kestra-io__kestra/core/src/test/java/io/kestra/core/repositories/AbstractConcurrencyLimitRepositoryTest.java,io.kestra.core.repositories.AbstractConcurrencyLimitRepositoryTest,class,6,8,2,6,4,1,1,17,0,0.25,0.0,0.0,4,0,0,1,0,3,3,0,0,0,1,0,0,1,0,0,0,0,0,26,1,0,0,0,0,13,5,5,0,6,0,0,0,0,19,1025,0
/Users/kaiohs/Downloads/codes/lab02-experimentacao-software/data/repos/kestra-io__kestra/core/src/main/java/io/kestra/core/models/dashboards/GraphStyle.java,io.kestra.core.models.dashboards.GraphStyle,enum,0,1,1,0,0,1,0,0,0,0.0,-1.0,-1.0,0,0,0,0,0,0,0,0,0,0,0,0,0,0,0,0,0,0,0,1,0,0,0,0,0,0,0,0,0,0,0,0,0,0,9,1,0
/Users/kaiohs/Downloads/codes/lab02-experimentacao-software/data/repos/kestra-io__kestra/core/src/main/java/io/kestra/plugin/core/trigger/Flow.java,io.kestra.plugin.core.trigger.Flow$UpstreamFlowCondition,innerclass,5,5,0,5,10,2,0,17,0,0.0,NaN,NaN,2,0,1,1,0,0,1,0,0,0,1,0,0,1,0,0,1,0,2,25,6,0,4,0,0,0,0,2,0,4,1,0,0,2,31,9,0
/Users/kaiohs/Downloads/codes/lab02-experimentacao-software/data/repos/kestra-io__kestra/core/src/main/java/io/kestra/core/validations/validator/TableChartValidator.java,io.kestra.core.validations.validator.TableChartValidator,class,8,8,0,8,6,1,0,17,0,0.0,NaN,NaN,1,0,1,0,0,0,1,0,0,0,0,0,0,0,0,0,0,0,1,20,3,0,2,0,0,3,0,2,1,3,1,0,0,1,30,1,0
/Users/kaiohs/Downloads/codes/lab02-experimentacao-software/data/repos/kestra-io__kestra/core/src/main/java/io/kestra/plugin/core/storage/Size.java,io.kestra.plugin.core.storage.Size$Output,innerclass,4,4,0,4,0,1,0,0,0,NaN,-1.0,-1.0,0,0,0,0,0,0,0,0,0,0,1,0,0,1,0,0,1,0,0,3,0,0,0,0,0,1,0,0,0,1,0,0,0,0,8,9,0
/Users/kaiohs/Downloads/codes/lab02-experimentacao-software/data/repos/kestra-io__kestra/core/src/main/java/io/kestra/core/runners/InputAndOutputImpl.java,io.kestra.core.runners.InputAndOutputImpl,class,7,8,1,7,9,1,0,19,0,0.375,0.0,0.0,4,0,3,0,0,1,4,0,0,0,2,0,0,2,0,0,2,0,2,31,4,1,2,1,0,1,0,4,0,6,3,0,0,2,32,0,1
/Users/kaiohs/Downloads/codes/lab02-experimentacao-software/data/repos/kestra-io__kestra/core/src/main/java/io/kestra/plugin/core/trigger/Webhook.java,io.kestra.plugin.core.trigger.Webhook$Anonymous2,anonymous,0,0,0,0,0,1,0,0,0,0.0,-1.0,-1.0,0,0,0,0,0,0,0,0,0,0,0,0,0,0,0,0,0,0,0,2,0,0,0,0,0,0,0,0,0,0,0,0,0,0,0,-1,0
/Users/kaiohs/Downloads/codes/lab02-experimentacao-software/data/repos/kestra-io__kestra/core/src/main/java/io/kestra/core/plugins/PluginIdentifier.java,io.kestra.core.plugins.PluginIdentifier,interface,1,4,3,1,2,1,0,4,0,0.0,NaN,NaN,1,1,0,0,0,1,1,0,0,0,0,0,0,0,0,0,0,0,0,11,2,0,1,0,0,0,3,1,1,1,1,0,0,0,22,1,0
/Users/kaiohs/Downloads/codes/lab02-experimentacao-software/data/repos/kestra-io__kestra/core/src/test/java/io/kestra/core/runners/MultipleConditionTriggerCaseTest.java,io.kestra.core.runners.MultipleConditionTriggerCaseTest,class,7,8,1,7,8,1,0,20,0,0.7,0.0,0.0,8,0,8,0,0,0,8,0,0,0,5,1,1,0,4,0,1,0,0,103,0,0,0,0,0,57,28,21,0,35,1,0,0,17,59,1,0
/Users/kaiohs/Downloads/codes/lab02-experimentacao-software/data/repos/kestra-io__kestra/core/src/main/java/io/kestra/plugin/core/trigger/Webhook.java,io.kestra.plugin.core.trigger.Webhook$Anonymous1,anonymous,0,0,0,0,0,1,0,0,0,0.0,-1.0,-1.0,0,0,0,0,0,0,0,0,0,0,0,0,0,0,0,0,0,0,0,2,0,0,0,0,0,0,0,0,0,0,0,0,0,0,0,-1,0
/Users/kaiohs/Downloads/codes/lab02-experimentacao-software/data/repos/kestra-io__kestra/core/src/main/java/io/kestra/core/docs/JsonSchemaCache.java,io.kestra.core.docs.JsonSchemaCache,class,13,14,1,13,6,1,0,14,3,0.625,0.0,0.0,6,0,5,1,0,0,5,0,0,0,4,0,0,4,0,0,4,0,2,36,4,0,0,0,0,5,0,6,2,8,1,0,0,4,34,1,0
/Users/kaiohs/Downloads/codes/lab02-experimentacao-software/data/repos/kestra-io__kestra/core/src/main/java/io/kestra/plugin/core/http/Request.java,io.kestra.plugin.core.http.Request$Output,innerclass,6,6,0,6,0,1,0,0,0,NaN,-1.0,-1.0,0,0,0,0,0,0,0,0,0,0,6,0,0,5,1,0,3,0,0,8,0,0,0,0,0,9,0,0,0,6,0,0,0,0,76,9,0
/Users/kaiohs/Downloads/codes/lab02-experimentacao-software/data/repos/kestra-io__kestra/executor/src/test/java/io/kestra/executor/handler/ExecutionKilledExecutionMessageHandlerTest.java,io.kestra.executor.handler.ExecutionKilledExecutionMessageHandlerTest,class,7,7,0,7,2,1,0,23,0,0.33333334,0.0,0.0,2,0,0,0,0,2,2,0,0,0,3,0,0,3,0,0,0,0,2,19,0,0,0,0,0,2,0,6,0,9,0,0,0,0,23,0,0
/Users/kaiohs/Downloads/codes/lab02-experimentacao-software/data/repos/kestra-io__kestra/core/src/main/java/io/kestra/core/validations/validator/WorkingDirectoryTaskValidator.java,io.kestra.core.validations.validator.WorkingDirectoryTaskValidator,class,8,8,0,8,6,1,0,8,0,0.0,NaN,NaN,1,0,1,0,0,0,1,0,0,0,0,0,0,0,0,0,0,0,0,23,5,0,3,0,1,3,0,0,0,2,1,0,0,2,36,1,0
/Users/kaiohs/Downloads/codes/lab02-experimentacao-software/data/repos/kestra-io__kestra/core/src/main/java/io/kestra/core/reporter/reports/PluginUsageReport.java,io.kestra.core.reporter.reports.PluginUsageReport,class,13,13,0,13,4,1,0,9,2,0.5,0.0,0.0,4,0,4,0,0,0,4,0,0,0,2,0,0,2,0,0,2,0,3,18,2,0,0,0,0,0,0,3,0,3,0,0,0,0,19,1,0
/Users/kaiohs/Downloads/codes/lab02-experimentacao-software/data/repos/kestra-io__kestra/core/src/main/java/io/kestra/plugin/core/dashboard/chart/tables/TableColumnDescriptor.java,io.kestra.plugin.core.dashboard.chart.tables.TableColumnDescriptor,class,9,10,1,9,0,2,0,0,0,NaN,-1.0,-1.0,0,0,0,0,0,0,0,0,0,0,1,0,0,1,0,0,0,0,0,4,0,0,0,0,0,0,0,1,0,1,0,0,1,0,11,1,0
/Users/kaiohs/Downloads/codes/lab02-experimentacao-software/data/repos/kestra-io__kestra/webserver/src/main/java/io/kestra/webserver/controllers/api/MiscController.java,io.kestra.webserver.controllers.api.MiscController$Configuration,innerclass,7,7,0,7,0,1,0,0,0,NaN,-1.0,-1.0,0,0,0,0,0,0,0,0,0,0,18,0,0,0,0,18,0,0,0,20,0,0,0,0,0,0,0,0,0,18,0,0,0,0,42,9,0
/Users/kaiohs/Downloads/codes/lab02-experimentacao-software/data/repos/kestra-io__kestra/executor/src/main/java/io/kestra/executor/handler/SubflowExecutionResultMessageHandler.java,io.kestra.executor.handler.SubflowExecutionResultMessageHandler,class,23,25,2,23,12,1,0,40,0,0.0,NaN,NaN,1,0,1,0,0,0,1,0,0,0,7,0,0,7,0,0,0,0,0,65,5,0,4,1,0,3,0,15,0,18,5,0,0,2,43,1,1
/Users/kaiohs/Downloads/codes/lab02-experimentacao-software/data/repos/kestra-io__kestra/core/src/main/java/io/kestra/core/models/tasks/FileExistComportment.java,io.kestra.core.models.tasks.FileExistComportment,enum,0,2,2,0,0,1,0,0,0,0.0,-1.0,-1.0,0,0,0,0,0,0,0,0,0,0,0,0,0,0,0,0,0,0,0,1,0,0,0,0,0,0,0,0,0,0,0,0,0,0,10,1,0
/Users/kaiohs/Downloads/codes/lab02-experimentacao-software/data/repos/kestra-io__kestra/jdbc-mysql/src/test/java/io/kestra/repository/mysql/MysqlExecutionServiceTest.java,io.kestra.repository.mysql.MysqlExecutionServiceTest,class,1,1,0,1,0,2,0,0,0,0.0,-1.0,-1.0,0,0,0,0,0,0,0,0,0,0,0,0,0,0,0,0,0,0,0,2,0,0,0,0,0,0,0,0,0,0,0,0,0,0,5,1,0
/Users/kaiohs/Downloads/codes/lab02-experimentacao-software/data/repos/kestra-io__kestra/core/src/main/java/io/kestra/plugin/core/flow/Pause.java,io.kestra.plugin.core.flow.Pause,class,34,36,2,34,22,2,0,33,39,0.8833334,0.0,0.0,10,1,8,2,0,0,8,0,0,0,6,0,0,3,3,0,0,0,9,68,13,0,6,0,1,15,0,7,0,13,1,0,2,1,159,1,0
/Users/kaiohs/Downloads/codes/lab02-experimentacao-software/data/repos/kestra-io__kestra/jdbc-postgres/src/test/java/io/kestra/runner/postgres/PostgresServiceLivenessCoordinatorTest.java,io.kestra.runner.postgres.PostgresServiceLivenessCoordinatorTest,class,1,1,0,1,0,2,0,0,0,0.0,-1.0,-1.0,0,0,0,0,0,0,0,0,0,0,0,0,0,0,0,0,0,0,0,2,0,0,0,0,0,0,0,0,0,0,0,0,0,0,6,0,0
/Users/kaiohs/Downloads/codes/lab02-experimentacao-software/data/repos/kestra-io__kestra/core/src/test/java/io/kestra/core/test/AssertionTest.java,io.kestra.core.test.AssertionTest,class,6,7,1,6,34,1,0,42,471,0.7058824,0.0,0.0,34,0,0,0,0,34,34,0,0,0,1,0,0,0,0,1,0,0,10,145,0,0,0,0,0,60,29,11,0,20,1,0,0,8,67,0,0
/Users/kaiohs/Downloads/codes/lab02-experimentacao-software/data/repos/kestra-io__kestra/core/src/test/java/io/kestra/core/validations/ServerCommandValidatorTest.java,io.kestra.core.validations.ServerCommandValidatorTest,class,5,6,1,5,4,1,0,15,3,0.0,0.0,0.0,3,0,0,1,0,2,2,0,0,0,0,0,0,0,0,0,0,0,0,20,1,1,1,1,0,11,0,4,0,3,1,0,0,3,23,0,0
/Users/kaiohs/Downloads/codes/lab02-experimentacao-software/data/repos/kestra-io__kestra/core/src/main/java/io/kestra/core/utils/Rethrow.java,io.kestra.core.utils.Rethrow$RunnableChecked,interface,0,0,0,0,1,1,0,0,0,0.0,NaN,NaN,1,0,0,0,0,1,1,0,0,0,0,0,0,0,0,0,0,0,0,3,0,0,0,0,0,0,0,0,0,0,0,0,0,0,3,1,0
/Users/kaiohs/Downloads/codes/lab02-experimentacao-software/data/repos/kestra-io__kestra/worker/src/main/java/io/kestra/worker/WorkerAgent.java,io.kestra.worker.WorkerAgent$Anonymous1,anonymous,1,1,0,1,2,1,0,2,1,0.0,0.0,0.0,2,0,2,0,0,0,2,0,0,0,0,0,0,0,0,0,0,0,0,8,0,0,0,0,0,0,0,0,0,0,0,0,0,0,7,-1,0
/Users/kaiohs/Downloads/codes/lab02-experimentacao-software/data/repos/kestra-io__kestra/jdbc-postgres/src/test/java/io/kestra/runner/postgres/PostgresQueueLagCalculationTest.java,io.kestra.runner.postgres.PostgresQueueLagCalculationTest,class,1,1,0,1,0,2,0,0,0,0.0,-1.0,-1.0,0,0,0,0,0,0,0,0,0,0,0,0,0,0,0,0,0,0,0,2,0,0,0,0,0,0,0,0,0,0,0,0,0,0,6,1,0
/Users/kaiohs/Downloads/codes/lab02-experimentacao-software/data/repos/kestra-io__kestra/core/src/main/java/io/kestra/plugin/core/storage/Concat.java,io.kestra.plugin.core.storage.Concat$Anonymous1,anonymous,0,0,0,0,0,1,0,0,0,0.0,-1.0,-1.0,0,0,0,0,0,0,0,0,0,0,0,0,0,0,0,0,0,0,0,2,0,0,0,0,0,0,0,0,0,0,0,0,0,0,0,-1,0
/Users/kaiohs/Downloads/codes/lab02-experimentacao-software/data/repos/kestra-io__kestra/core/src/test/java/io/kestra/plugin/core/flow/FinallyTest.java,io.kestra.plugin.core.flow.FinallyTest,class,7,7,0,7,20,1,0,14,0,0.033333335,0.0,0.0,20,0,0,0,0,20,20,0,0,0,3,1,1,1,1,0,1,0,18,179,0,0,0,0,0,173,38,21,0,59,0,0,0,18,44,0,0
/Users/kaiohs/Downloads/codes/lab02-experimentacao-software/data/repos/kestra-io__kestra/core/src/main/java/io/kestra/core/plugins/LocalPluginManager.java,io.kestra.core.plugins.LocalPluginManager,class,17,18,1,17,27,1,0,52,0,0.5641026,0.0,0.0,13,0,10,3,0,0,10,0,0,0,3,0,0,3,0,0,3,0,16,113,16,0,3,5,0,10,0,14,0,18,4,0,0,5,81,1,7
/Users/kaiohs/Downloads/codes/lab02-experimentacao-software/data/repos/kestra-io__kestra/jdbc-mysql/src/test/java/io/kestra/runner/mysql/MysqlServiceLivenessCoordinatorTest.java,io.kestra.runner.mysql.MysqlServiceLivenessCoordinatorTest,class,1,1,0,1,0,2,0,0,0,0.0,-1.0,-1.0,0,0,0,0,0,0,0,0,0,0,0,0,0,0,0,0,0,0,0,2,0,0,0,0,0,0,0,0,0,0,0,0,0,0,6,0,0
/Users/kaiohs/Downloads/codes/lab02-experimentacao-software/data/repos/kestra-io__kestra/core/src/main/java/io/kestra/core/storages/FileAttributes.java,io.kestra.core.storages.FileAttributes,interface,3,11,8,3,6,1,0,0,15,0.0,0.0,0.0,6,0,0,0,0,6,6,0,0,0,0,0,0,0,0,0,0,0,0,9,0,0,0,0,0,0,0,0,0,0,0,0,1,0,17,1,0
/Users/kaiohs/Downloads/codes/lab02-experimentacao-software/data/repos/kestra-io__kestra/core/src/main/java/io/kestra/core/models/collectors/Result.java,io.kestra.core.models.collectors.Result,class,3,4,1,3,0,1,0,0,0,NaN,-1.0,-1.0,0,0,0,0,0,0,0,0,0,0,2,0,0,2,0,0,2,0,0,4,0,0,0,0,0,0,0,0,0,2,0,0,0,0,3,1,0
/Users/kaiohs/Downloads/codes/lab02-experimentacao-software/data/repos/kestra-io__kestra/core/src/main/java/io/kestra/core/models/triggers/RealtimeTriggerInterface.java,io.kestra.core.models.triggers.RealtimeTriggerInterface,interface,7,8,1,7,2,1,0,3,1,0.0,0.0,0.0,2,0,0,0,0,2,2,0,0,0,0,0,0,0,0,0,0,0,0,8,1,0,0,0,0,2,0,0,0,0,0,0,0,0,34,1,0
/Users/kaiohs/Downloads/codes/lab02-experimentacao-software/data/repos/kestra-io__kestra/core/src/main/java/io/kestra/core/runners/Scheduler.java,io.kestra.core.runners.Scheduler,interface,2,7,5,2,4,1,0,5,6,0.75,0.0,0.0,4,1,0,0,0,4,4,0,0,0,1,0,0,0,0,1,0,0,2,11,1,0,0,0,0,0,1,1,0,1,0,0,0,0,42,1,0
/Users/kaiohs/Downloads/codes/lab02-experimentacao-software/data/repos/kestra-io__kestra/core/src/main/java/io/kestra/core/models/dashboards/filters/EndsWith.java,io.kestra.core.models.dashboards.filters.EndsWith,class,11,12,1,11,0,2,0,0,0,NaN,-1.0,-1.0,0,0,0,0,0,0,0,0,0,0,2,0,0,1,1,0,0,0,0,4,0,0,0,0,0,1,0,1,0,2,0,0,0,0,5,1,0
/Users/kaiohs/Downloads/codes/lab02-experimentacao-software/data/repos/kestra-io__kestra/cli/src/main/java/io/kestra/cli/commands/plugins/PluginInstallCommand.java,io.kestra.cli.commands.plugins.PluginInstallCommand,class,18,21,3,18,15,3,0,32,1,0.61904764,0.0,0.0,3,0,1,1,1,0,2,0,0,0,7,0,0,1,0,6,0,0,6,72,6,1,4,3,0,16,2,17,1,18,4,0,0,1,81,1,0
/Users/kaiohs/Downloads/codes/lab02-experimentacao-software/data/repos/kestra-io__kestra/core/src/main/java/io/kestra/core/http/client/HttpClientRequestException.java,io.kestra.core.http.client.HttpClientRequestException,class,3,4,1,3,2,3,0,0,0,0.5,0.0,0.0,2,0,2,0,0,0,2,0,0,0,2,1,0,1,1,0,2,0,0,12,0,0,0,0,0,0,1,3,0,2,0,0,0,0,15,1,0
/Users/kaiohs/Downloads/codes/lab02-experimentacao-software/data/repos/kestra-io__kestra/core/src/main/java/io/kestra/core/utils/EditionProvider.java,io.kestra.core.utils.EditionProvider$Edition,enum,0,0,0,0,0,1,0,0,0,0.0,-1.0,-1.0,0,0,0,0,0,0,0,0,0,0,0,0,0,0,0,0,0,0,0,1,0,0,0,0,0,0,0,0,0,0,0,0,0,0,3,1,0
/Users/kaiohs/Downloads/codes/lab02-experimentacao-software/data/repos/kestra-io__kestra/core/src/main/java/io/kestra/core/models/dashboards/DataFilter.java,io.kestra.core.models.dashboards.DataFilter,class,20,21,1,20,3,1,0,2,3,0.9166667,0.0,0.0,3,0,3,0,0,0,3,1,0,0,4,0,0,4,0,0,0,0,1,13,1,0,0,0,0,0,0,1,0,4,0,0,0,0,36,1025,0
/Users/kaiohs/Downloads/codes/lab02-experimentacao-software/data/repos/kestra-io__kestra/cli/src/main/java/io/kestra/cli/services/TenantIdSelectorService.java,io.kestra.cli.services.TenantIdSelectorService,class,2,10,8,2,6,1,0,2,3,0.0,0.0,0.0,3,0,3,0,0,0,3,0,0,0,0,0,0,0,0,0,0,0,0,16,3,0,0,0,0,1,0,0,0,0,1,0,0,0,24,1,0
/Users/kaiohs/Downloads/codes/lab02-experimentacao-software/data/repos/kestra-io__kestra/webserver/src/test/java/io/kestra/webserver/controllers/api/ErrorControllerTest.java,io.kestra.webserver.controllers.api.ErrorControllerTest,class,18,18,0,18,11,2,0,35,0,0.3125,0.0,0.0,8,1,0,0,0,8,8,0,0,0,2,1,0,1,0,1,0,0,3,72,0,0,3,0,0,51,0,20,0,24,0,0,1,9,78,0,0
/Users/kaiohs/Downloads/codes/lab02-experimentacao-software/data/repos/kestra-io__kestra/core/src/main/java/io/kestra/core/storages/Namespace.java,io.kestra.core.storages.Namespace,interface,9,15,6,9,22,1,0,15,231,1.0,0.0,0.0,22,0,0,0,0,22,22,0,0,0,1,0,0,0,0,1,0,0,5,44,8,0,0,0,0,2,0,3,1,3,0,0,1,0,145,1,0
/Users/kaiohs/Downloads/codes/lab02-experimentacao-software/data/repos/kestra-io__kestra/core/src/test/java/io/kestra/core/docs/JsonSchemaGeneratorTest.java,io.kestra.core.docs.JsonSchemaGeneratorTest$TaskWithEnum$TestEnum,enum,1,1,0,1,0,1,0,0,0,0.0,-1.0,-1.0,0,0,0,0,0,0,0,0,0,0,0,0,0,0,0,0,0,0,0,1,0,0,0,0,0,1,0,0,0,0,0,0,0,0,11,2,0
/Users/kaiohs/Downloads/codes/lab02-experimentacao-software/data/repos/kestra-io__kestra/worker-controller/src/test/java/io/kestra/controller/grpc/services/WorkerJobDispatcherTest.java,io.kestra.controller.grpc.services.WorkerJobDispatcherTest$ConcurrentOperationTests,innerclass,7,7,0,7,9,1,0,22,3,0.0,0.0,0.0,3,0,0,0,0,3,3,0,0,0,0,0,0,0,0,0,0,0,3,100,0,3,0,7,0,4,20,21,4,23,4,0,0,6,52,0,0
/Users/kaiohs/Downloads/codes/lab02-experimentacao-software/data/repos/kestra-io__kestra/jdbc/src/main/java/io/kestra/jdbc/runner/AbstractJdbcExecutionDelayStateStore.java,io.kestra.jdbc.runner.AbstractJdbcExecutionDelayStateStore,class,6,8,2,6,4,2,2,19,0,0.5,0.0,0.0,4,0,3,0,1,0,4,0,0,0,2,1,0,1,1,0,1,0,0,25,1,0,0,0,0,1,0,4,0,6,2,0,0,2,32,1025,0
/Users/kaiohs/Downloads/codes/lab02-experimentacao-software/data/repos/kestra-io__kestra/jdbc-postgres/src/main/java/io/kestra/repository/postgres/PostgresExecutionRepository.java,io.kestra.repository.postgres.PostgresExecutionRepository,class,17,17,0,17,5,4,0,4,10,0.0,0.0,0.0,5,0,2,0,3,0,5,0,0,0,0,0,0,0,0,0,0,0,4,17,4,0,0,0,0,1,0,0,0,0,0,0,0,0,22,1,0
/Users/kaiohs/Downloads/codes/lab02-experimentacao-software/data/repos/kestra-io__kestra/scheduler/src/main/java/io/kestra/scheduler/endpoint/SchedulerEndpoint.java,io.kestra.scheduler.endpoint.SchedulerEndpoint,class,9,9,0,9,2,1,0,23,0,0.0,0.0,0.0,2,0,2,0,0,0,2,0,0,0,2,0,0,2,0,0,2,0,1,25,1,0,0,0,0,3,0,5,0,6,0,0,2,1,33,1,0
/Users/kaiohs/Downloads/codes/lab02-experimentacao-software/data/repos/kestra-io__kestra/core/src/main/java/io/kestra/core/http/client/apache/RunContextResponseInterceptor.java,io.kestra.core.http.client.apache.RunContextResponseInterceptor,class,12,14,2,12,7,1,0,26,1,0.5,0.0,0.0,2,0,1,0,1,0,2,0,0,0,1,0,0,0,0,1,0,0,8,31,1,0,2,1,0,11,0,2,0,3,2,0,0,0,29,1,2
/Users/kaiohs/Downloads/codes/lab02-experimentacao-software/data/repos/kestra-io__kestra/core/src/test/java/io/kestra/core/plugins/AdditionalPluginTest.java,io.kestra.core.plugins.AdditionalPluginTest$BaseAdditionalPluginTest,innerclass,7,7,0,7,1,2,0,0,0,0.0,NaN,NaN,1,0,1,0,0,0,1,1,0,0,0,0,0,0,0,0,0,0,0,3,0,0,0,0,0,0,0,0,0,0,0,0,0,0,10,1033,0
/Users/kaiohs/Downloads/codes/lab02-experimentacao-software/data/repos/kestra-io__kestra/core/src/main/java/io/kestra/core/models/tasks/ResolvedTask.java,io.kestra.core.models.tasks.ResolvedTask,class,9,11,2,9,7,1,0,11,8,0.8,0.0,0.0,5,2,5,0,0,0,5,0,0,0,4,0,0,0,0,4,0,0,1,24,6,0,2,0,0,0,1,0,0,4,1,0,0,0,19,1,0
/Users/kaiohs/Downloads/codes/lab02-experimentacao-software/data/repos/kestra-io__kestra/core/src/main/java/io/kestra/core/models/validations/ManualConstraintViolation.java,io.kestra.core.models.validations.ManualConstraintViolation,class,10,11,1,10,9,1,0,3,30,0.77777773,0.0,0.0,9,3,8,1,0,0,8,0,0,0,6,0,0,6,0,0,6,0,2,40,7,0,0,0,0,3,1,6,1,6,0,0,0,0,36,1,0
/Users/kaiohs/Downloads/codes/lab02-experimentacao-software/data/repos/kestra-io__kestra/core/src/main/java/io/kestra/core/models/executions/ExecutionTrigger.java,io.kestra.core.models.executions.ExecutionTrigger,class,7,9,2,7,5,1,0,12,0,0.4375,0.0,0.0,4,4,4,0,0,0,4,0,0,0,4,0,0,0,0,4,0,0,3,18,4,0,1,0,0,1,0,0,0,4,0,0,0,0,15,1,0
/Users/kaiohs/Downloads/codes/lab02-experimentacao-software/data/repos/kestra-io__kestra/jdbc/src/test/java/io/kestra/jdbc/repository/AbstractJdbcServiceInstanceRepositoryTest.java,io.kestra.jdbc.repository.AbstractJdbcServiceInstanceRepositoryTest,class,12,12,0,12,10,2,0,28,0,0.59999996,0.0,0.0,10,0,0,0,6,4,10,0,0,0,3,0,0,1,1,1,0,0,12,88,0,0,0,0,0,0,1,17,0,19,0,0,1,0,45,1025,0
/Users/kaiohs/Downloads/codes/lab02-experimentacao-software/data/repos/kestra-io__kestra/core/src/main/java/io/kestra/core/runners/RunVariables.java,io.kestra.core.runners.RunVariables$DefaultBuilder,innerclass,24,24,0,24,58,1,0,75,2,0.71428573,0.0,0.0,4,0,3,1,0,0,3,0,0,0,14,0,0,3,11,0,1,0,16,203,1,2,38,2,2,36,4,25,1,41,6,0,0,7,81,9,0
/Users/kaiohs/Downloads/codes/lab02-experimentacao-software/data/repos/kestra-io__kestra/core/src/main/java/io/kestra/core/models/triggers/StatefulTriggerInterface.java,io.kestra.core.models.triggers.StatefulTriggerInterface$On,enum,0,0,0,0,0,1,0,0,0,0.0,-1.0,-1.0,0,0,0,0,0,0,0,0,0,0,0,0,0,0,0,0,0,0,0,1,0,0,0,0,0,0,0,0,0,0,0,0,0,0,12,0,0
/Users/kaiohs/Downloads/codes/lab02-experimentacao-software/data/repos/kestra-io__kestra/jdbc-postgres/src/test/java/io/kestra/repository/postgres/PostgresConcurrencyLimitRepositoryTest.java,io.kestra.repository.postgres.PostgresConcurrencyLimitRepositoryTest,class,1,1,0,1,0,2,0,0,0,0.0,-1.0,-1.0,0,0,0,0,0,0,0,0,0,0,0,0,0,0,0,0,0,0,0,2,0,0,0,0,0,0,0,0,0,0,0,0,0,0,6,1,0
/Users/kaiohs/Downloads/codes/lab02-experimentacao-software/data/repos/kestra-io__kestra/core/src/test/java/io/kestra/core/runners/pebble/TypedObjectWriterTest.java,io.kestra.core.runners.pebble.TypedObjectWriterTest,class,2,2,0,2,14,1,0,10,91,0.0,0.0,0.0,14,0,0,0,0,14,14,0,0,0,0,0,0,0,0,0,0,0,1,106,0,0,0,14,0,19,28,18,0,18,1,0,0,1,38,1,0
/Users/kaiohs/Downloads/codes/lab02-experimentacao-software/data/repos/kestra-io__kestra/core/src/main/java/io/kestra/core/models/triggers/TriggerId.java,io.kestra.core.models.triggers.TriggerId$Default,innerclass,4,4,0,4,1,1,0,0,0,0.0,NaN,NaN,1,0,1,0,0,0,1,0,0,0,4,0,0,4,0,0,4,0,0,9,1,0,0,0,0,5,0,0,1,4,0,0,0,0,9,0,0
/Users/kaiohs/Downloads/codes/lab02-experimentacao-software/data/repos/kestra-io__kestra/core/src/main/java/io/kestra/core/models/executions/Variables.java,io.kestra.core.models.executions.Variables$InMemoryVariables,innerclass,2,2,0,2,2,2,0,1,0,0.0,0.0,0.0,2,0,0,0,1,1,2,0,0,0,1,0,0,1,0,0,1,0,0,9,1,0,0,0,0,0,0,1,0,1,0,0,0,0,7,16,0
/Users/kaiohs/Downloads/codes/lab02-experimentacao-software/data/repos/kestra-io__kestra/core/src/main/java/io/kestra/core/models/hierarchies/Relation.java,io.kestra.core.models.hierarchies.Relation,class,6,10,4,6,0,1,0,0,0,NaN,-1.0,-1.0,0,0,0,0,0,0,0,0,0,0,2,0,0,2,0,0,0,0,0,4,0,0,0,0,0,0,0,0,0,2,0,0,0,0,4,1,0
/Users/kaiohs/Downloads/codes/lab02-experimentacao-software/data/repos/kestra-io__kestra/core/src/main/java/io/kestra/core/services/GraphService.java,io.kestra.core.services.GraphService,class,26,27,1,26,14,1,0,46,21,0.85714287,0.0,0.0,7,0,6,1,0,0,6,0,0,0,4,0,0,4,0,0,0,0,4,67,10,0,3,0,1,5,0,18,3,23,3,0,0,7,73,1,0
/Users/kaiohs/Downloads/codes/lab02-experimentacao-software/data/repos/kestra-io__kestra/core/src/main/java/io/kestra/plugin/core/storage/Reverse.java,io.kestra.plugin.core.storage.Reverse$Output,innerclass,4,4,0,4,0,1,0,0,0,NaN,-1.0,-1.0,0,0,0,0,0,0,0,0,0,0,1,0,0,1,0,0,1,0,0,3,0,0,0,0,0,1,0,0,0,1,0,0,0,0,13,9,0
/Users/kaiohs/Downloads/codes/lab02-experimentacao-software/data/repos/kestra-io__kestra/worker-controller/src/main/java/io/kestra/controller/GrpcChannelManager.java,io.kestra.controller.GrpcChannelManager,class,19,21,2,19,39,1,0,74,40,0.78632474,0.0,0.0,13,2,4,7,1,1,6,0,0,0,9,2,0,9,0,0,8,0,4,157,12,0,10,5,1,24,1,21,1,22,3,0,0,1,165,1,13
/Users/kaiohs/Downloads/codes/lab02-experimentacao-software/data/repos/kestra-io__kestra/core/src/main/java/io/kestra/core/models/tasks/metrics/CounterMetric.java,io.kestra.core.models.tasks.metrics.CounterMetric,class,12,13,1,12,2,2,0,13,1,0.5,0.0,0.0,2,0,2,0,0,0,2,0,0,0,2,1,1,1,0,0,1,0,1,15,2,0,0,0,0,1,0,6,0,8,0,0,0,1,26,1,0
/Users/kaiohs/Downloads/codes/lab02-experimentacao-software/data/repos/kestra-io__kestra/core/src/main/java/io/kestra/plugin/core/flow/WorkingDirectory.java,io.kestra.plugin.core.flow.WorkingDirectory$Anonymous1,anonymous,0,0,0,0,0,1,0,0,0,0.0,-1.0,-1.0,0,0,0,0,0,0,0,0,0,0,0,0,0,0,0,0,0,0,0,2,0,0,0,0,0,0,0,0,0,0,0,0,0,0,0,-1,0
/Users/kaiohs/Downloads/codes/lab02-experimentacao-software/data/repos/kestra-io__kestra/core/src/main/java/io/kestra/plugin/core/flow/ForEachItem.java,io.kestra.plugin.core.flow.ForEachItem$Batch,innerclass,8,8,0,8,0,1,0,1,0,NaN,-1.0,-1.0,0,0,0,0,0,0,0,0,0,0,5,0,0,5,0,0,0,0,0,7,0,0,0,0,0,1,1,2,0,5,0,0,0,0,10,9,0
/Users/kaiohs/Downloads/codes/lab02-experimentacao-software/data/repos/kestra-io__kestra/webserver/src/main/java/io/kestra/webserver/services/BasicAuthService.java,io.kestra.webserver.services.BasicAuthService$BasicAuthConfiguration,innerclass,7,7,0,7,1,1,0,5,0,0.0,NaN,NaN,1,0,1,0,0,0,1,0,0,0,4,0,0,3,1,0,0,0,3,12,0,0,0,0,0,3,0,4,0,4,0,0,0,0,8,9,0
/Users/kaiohs/Downloads/codes/lab02-experimentacao-software/data/repos/kestra-io__kestra/core/src/main/java/io/kestra/plugin/core/kv/PurgeKV.java,io.kestra.plugin.core.kv.PurgeKV,class,22,22,0,22,4,2,0,24,3,0.8666667,0.0,0.0,3,0,3,0,0,0,3,0,0,0,5,0,0,5,0,0,0,0,0,32,3,1,0,0,1,14,0,9,0,12,1,0,1,0,81,1,2
/Users/kaiohs/Downloads/codes/lab02-experimentacao-software/data/repos/kestra-io__kestra/core/src/main/java/io/kestra/plugin/core/flow/ForEachItem.java,io.kestra.plugin.core.flow.ForEachItem$ForEachItemExecutable,innerclass,26,26,0,26,11,2,0,58,4,0.6444444,0.0,0.0,5,0,4,1,0,0,4,0,0,0,9,1,0,8,0,1,1,0,8,71,7,0,2,2,0,10,2,27,3,26,3,0,0,2,78,9,1
/Users/kaiohs/Downloads/codes/lab02-experimentacao-software/data/repos/kestra-io__kestra/webserver/src/main/java/io/kestra/webserver/listeners/OssAuthListener.java,io.kestra.webserver.listeners.OssAuthListener,class,7,7,0,7,1,1,0,3,0,0.0,NaN,NaN,1,0,0,0,0,1,1,0,0,0,1,0,0,1,0,0,0,0,0,6,0,0,0,0,0,2,0,0,0,1,0,0,0,0,11,1,0
/Users/kaiohs/Downloads/codes/lab02-experimentacao-software/data/repos/kestra-io__kestra/core/src/test/java/io/kestra/core/http/client/HttpClientTest.java,io.kestra.core.http.client.HttpClientTest$Anonymous1,anonymous,0,0,0,0,0,1,0,0,0,0.0,-1.0,-1.0,0,0,0,0,0,0,0,0,0,0,0,0,0,0,0,0,0,0,0,2,0,0,0,0,0,0,0,0,0,0,0,0,0,0,0,-1,0
/Users/kaiohs/Downloads/codes/lab02-experimentacao-software/data/repos/kestra-io__kestra/core/src/main/java/io/kestra/core/runners/LocalPathFactory.java,io.kestra.core.runners.LocalPathFactory$AbstractLocalPath,innerclass,2,2,0,2,7,1,0,6,6,0.0,0.0,0.0,4,0,3,0,1,0,4,1,0,0,0,0,0,0,0,0,0,0,2,24,3,0,0,0,0,6,0,3,3,3,1,0,0,0,41,1032,0
/Users/kaiohs/Downloads/codes/lab02-experimentacao-software/data/repos/kestra-io__kestra/cli/src/main/java/io/kestra/cli/commands/servers/ServerCommandInterface.java,io.kestra.cli.commands.servers.ServerCommandInterface,interface,0,3,3,0,0,1,0,0,0,0.0,-1.0,-1.0,0,0,0,0,0,0,0,0,0,0,0,0,0,0,0,0,0,0,0,2,0,0,0,0,0,0,0,0,0,0,0,0,0,0,3,1,0
/Users/kaiohs/Downloads/codes/lab02-experimentacao-software/data/repos/kestra-io__kestra/jdbc-h2/src/test/java/io/kestra/repository/h2/H2MetricRepositoryTest.java,io.kestra.repository.h2.H2MetricRepositoryTest,class,1,1,0,1,0,2,0,0,0,0.0,-1.0,-1.0,0,0,0,0,0,0,0,0,0,0,0,0,0,0,0,0,0,0,0,2,0,0,0,0,0,0,0,0,0,0,0,0,0,0,5,1,0
/Users/kaiohs/Downloads/codes/lab02-experimentacao-software/data/repos/kestra-io__kestra/core/src/test/java/io/kestra/core/endpoints/BasicAuthEndpointsFilterTest.java,io.kestra.core.endpoints.BasicAuthEndpointsFilterTest,class,8,9,1,8,5,1,0,17,6,0.0,0.0,0.0,4,0,0,0,0,4,4,0,0,0,0,0,0,0,0,0,0,0,2,43,0,0,0,1,0,15,0,8,1,16,2,0,0,6,35,0,0
/Users/kaiohs/Downloads/codes/lab02-experimentacao-software/data/repos/kestra-io__kestra/core/src/main/java/io/kestra/plugin/core/storage/Split.java,io.kestra.plugin.core.storage.Split$Output,innerclass,4,4,0,4,0,1,0,0,0,NaN,-1.0,-1.0,0,0,0,0,0,0,0,0,0,0,1,0,0,1,0,0,1,0,0,3,0,0,0,0,0,1,0,0,0,1,0,0,0,0,11,9,0
/Users/kaiohs/Downloads/codes/lab02-experimentacao-software/data/repos/kestra-io__kestra/core/src/main/java/io/kestra/core/runners/pebble/functions/IsPublicHolidayFunction.java,io.kestra.core.runners.pebble.functions.IsPublicHolidayFunction,class,5,6,1,5,9,1,0,11,3,1.0,0.0,0.0,3,0,3,0,0,0,3,0,0,0,1,1,1,0,0,0,1,0,1,35,3,0,4,1,0,13,0,9,1,9,1,0,0,0,86,1,0
/Users/kaiohs/Downloads/codes/lab02-experimentacao-software/data/repos/kestra-io__kestra/core/src/main/java/io/kestra/core/models/dashboards/filters/EqualTo.java,io.kestra.core.models.dashboards.filters.EqualTo,class,11,12,1,11,0,2,0,0,0,NaN,-1.0,-1.0,0,0,0,0,0,0,0,0,0,0,2,0,0,1,1,0,0,0,0,4,0,0,0,0,0,1,0,1,0,2,0,0,0,0,8,1,0
/Users/kaiohs/Downloads/codes/lab02-experimentacao-software/data/repos/kestra-io__kestra/core/src/test/java/io/kestra/core/models/flows/check/CheckTest.java,io.kestra.core.models.flows.check.CheckTest,class,2,2,0,2,6,1,0,9,15,0.0,0.0,0.0,6,0,0,0,0,6,6,0,0,0,0,0,0,0,0,0,0,0,5,32,0,0,0,0,0,0,0,12,0,12,0,0,0,0,24,0,0
/Users/kaiohs/Downloads/codes/lab02-experimentacao-software/data/repos/kestra-io__kestra/core/src/main/java/io/kestra/core/models/tasks/runners/PluginUtilsService.java,io.kestra.core.models.tasks.runners.PluginUtilsService$Anonymous1,anonymous,0,0,0,0,0,1,0,0,0,0.0,-1.0,-1.0,0,0,0,0,0,0,0,0,0,0,0,0,0,0,0,0,0,0,0,2,0,0,0,0,0,0,0,0,0,0,0,0,0,0,0,-1,0
/Users/kaiohs/Downloads/codes/lab02-experimentacao-software/data/repos/kestra-io__kestra/jdbc-mysql/src/test/java/io/kestra/runner/mysql/MysqlRunnerConcurrencyTest.java,io.kestra.runner.mysql.MysqlRunnerConcurrencyTest,class,1,1,0,1,0,2,0,0,0,0.0,-1.0,-1.0,0,0,0,0,0,0,0,0,0,0,0,0,0,0,0,0,0,0,0,2,0,0,0,0,0,0,0,0,0,0,0,0,0,0,5,1,0
/Users/kaiohs/Downloads/codes/lab02-experimentacao-software/data/repos/kestra-io__kestra/webserver/src/main/java/io/kestra/webserver/controllers/api/AiController.java,io.kestra.webserver.controllers.api.AiController,class,26,29,3,26,6,3,0,26,4,0.6,0.0,0.0,5,0,4,0,1,0,5,0,0,0,3,0,0,0,3,0,0,0,0,44,4,1,0,0,0,17,0,6,0,12,1,0,2,2,56,1,0
/Users/kaiohs/Downloads/codes/lab02-experimentacao-software/data/repos/kestra-io__kestra/core/src/main/java/io/kestra/plugin/core/flow/ForEachItem.java,io.kestra.plugin.core.flow.ForEachItem,class,40,43,3,40,13,5,0,19,14,0.8214286,0.0,0.0,8,1,7,1,0,0,7,0,0,0,14,0,0,13,1,0,3,0,7,195,7,0,3,0,0,25,0,11,0,19,2,0,5,0,181,1,0
/Users/kaiohs/Downloads/codes/lab02-experimentacao-software/data/repos/kestra-io__kestra/scheduler/src/test/java/io/kestra/scheduler/TriggerEventHandlerTest.java,io.kestra.scheduler.TriggerEventHandlerTest,class,29,30,1,29,22,1,0,62,0,0.4504132,0.0,0.0,22,0,0,0,0,22,22,0,0,0,11,3,0,11,0,0,3,0,45,226,1,0,0,0,0,0,13,74,0,59,0,0,0,3,116,0,0
/Users/kaiohs/Downloads/codes/lab02-experimentacao-software/data/repos/kestra-io__kestra/core/src/main/java/io/kestra/plugin/core/namespace/DeleteFiles.java,io.kestra.plugin.core.namespace.DeleteFiles,class,19,20,1,19,14,2,0,41,1,0.5555556,NaN,NaN,3,0,1,2,0,0,1,0,0,0,3,0,0,3,0,0,0,0,2,66,3,1,1,1,1,20,2,14,3,17,4,0,1,3,79,1,3
/Users/kaiohs/Downloads/codes/lab02-experimentacao-software/data/repos/kestra-io__kestra/core/src/main/java/io/kestra/core/docs/Schema.java,io.kestra.core.docs.Schema,class,4,12,8,4,0,1,0,0,0,NaN,-1.0,-1.0,0,0,0,0,0,0,0,0,0,0,3,0,0,3,0,0,0,0,0,5,0,0,0,0,0,1,0,0,0,3,0,0,0,0,5,1,0
/Users/kaiohs/Downloads/codes/lab02-experimentacao-software/data/repos/kestra-io__kestra/tests/src/main/java/io/kestra/core/Helpers.java,io.kestra.core.Helpers,class,3,4,1,3,13,1,0,22,36,0.9444444,0.0,0.0,9,9,7,2,0,0,8,0,0,0,2,2,1,1,0,0,2,0,10,58,4,1,1,5,0,2,1,10,0,10,2,0,0,0,45,17,0
/Users/kaiohs/Downloads/codes/lab02-experimentacao-software/data/repos/kestra-io__kestra/core/src/main/java/io/kestra/core/validations/validator/ConstantRetryValidator.java,io.kestra.core.validations.validator.ConstantRetryValidator,class,7,7,0,7,5,1,0,6,0,0.0,NaN,NaN,1,0,1,0,0,0,1,0,0,0,0,0,0,0,0,0,0,0,0,13,3,0,3,0,0,1,1,0,1,0,1,0,0,0,17,1,0
/Users/kaiohs/Downloads/codes/lab02-experimentacao-software/data/repos/kestra-io__kestra/core/src/main/java/io/kestra/core/scheduler/queue/DefaultTriggerEventQueue.java,io.kestra.core.scheduler.queue.DefaultTriggerEventQueue,class,13,14,1,13,5,1,0,17,0,0.5,0.0,0.0,4,0,4,0,0,0,4,0,0,0,4,1,0,4,0,0,4,0,2,40,2,0,0,1,0,2,0,8,0,11,2,0,0,3,45,1,1
/Users/kaiohs/Downloads/codes/lab02-experimentacao-software/data/repos/kestra-io__kestra/core/src/main/java/io/kestra/core/docs/AbstractClassDocumentation.java,io.kestra.core.docs.AbstractClassDocumentation$ExampleDoc,innerclass,2,2,0,2,0,1,0,0,0,NaN,-1.0,-1.0,0,0,0,0,0,0,0,0,0,0,2,0,0,0,0,2,0,0,0,4,0,0,0,0,0,0,0,0,0,2,0,0,0,0,4,9,0
/Users/kaiohs/Downloads/codes/lab02-experimentacao-software/data/repos/kestra-io__kestra/core/src/test/java/io/kestra/core/runners/pebble/filters/NumberFilterTest.java,io.kestra.core.runners.pebble.filters.NumberFilterTest,class,6,6,0,6,2,1,0,12,1,0.5,0.0,0.0,2,1,0,0,0,2,2,0,0,0,1,0,0,0,0,1,0,0,2,10,1,0,0,0,0,7,0,1,0,2,0,0,0,0,18,0,0
/Users/kaiohs/Downloads/codes/lab02-experimentacao-software/data/repos/kestra-io__kestra/webserver/src/test/java/io/kestra/webserver/controllers/api/ExecutionControllerTest.java,io.kestra.webserver.controllers.api.ExecutionControllerTest,class,21,23,2,21,21,1,0,68,0,0.6785714,0.0,0.0,21,0,0,1,0,20,20,0,0,0,4,2,2,2,0,0,2,0,6,132,1,0,0,0,3,111,10,39,12,36,0,0,0,13,145,0,0
/Users/kaiohs/Downloads/codes/lab02-experimentacao-software/data/repos/kestra-io__kestra/worker-controller/src/main/java/io/kestra/controller/grpc/services/GrpcWorkerReportingService.java,io.kestra.controller.grpc.services.GrpcWorkerReportingService,class,9,9,0,9,3,2,0,12,0,0.0,0.0,0.0,2,0,2,0,0,0,2,0,0,0,1,0,0,1,0,0,1,0,0,20,0,0,0,1,0,1,0,3,0,3,1,0,0,0,66,1,1
/Users/kaiohs/Downloads/codes/lab02-experimentacao-software/data/repos/kestra-io__kestra/core/src/main/java/io/kestra/core/models/dashboards/filters/LessThan.java,io.kestra.core.models.dashboards.filters.LessThan,class,11,12,1,11,0,2,0,0,0,NaN,-1.0,-1.0,0,0,0,0,0,0,0,0,0,0,2,0,0,1,1,0,0,0,0,4,0,0,0,0,0,1,0,1,0,2,0,0,0,0,8,1,0
/Users/kaiohs/Downloads/codes/lab02-experimentacao-software/data/repos/kestra-io__kestra/core/src/main/java/io/kestra/plugin/core/condition/PublicHoliday.java,io.kestra.plugin.core.condition.PublicHoliday,class,15,15,0,15,3,2,0,11,0,0.0,NaN,NaN,1,0,1,0,0,0,1,0,0,0,3,0,0,3,0,0,0,0,0,13,1,0,2,0,0,12,0,6,0,8,0,0,0,0,72,1,0
/Users/kaiohs/Downloads/codes/lab02-experimentacao-software/data/repos/kestra-io__kestra/core/src/main/java/io/kestra/core/http/HttpRequest.java,io.kestra.core.http.HttpRequest$JsonRequestBody,innerclass,8,8,0,8,5,2,0,8,1,0.33333334,0.0,0.0,3,1,3,0,0,0,3,0,0,0,2,0,0,2,0,0,0,0,1,18,3,0,1,1,0,0,0,0,0,2,1,0,0,0,22,9,0
/Users/kaiohs/Downloads/codes/lab02-experimentacao-software/data/repos/kestra-io__kestra/webserver/src/main/java/io/kestra/webserver/controllers/api/OutputController.java,io.kestra.webserver.controllers.api.OutputController,class,10,10,0,10,1,1,0,3,0,0.0,NaN,NaN,1,0,1,0,0,0,1,0,0,0,2,0,0,2,0,0,0,0,0,7,1,0,0,0,0,6,0,0,0,2,0,0,0,0,21,1,0
/Users/kaiohs/Downloads/codes/lab02-experimentacao-software/data/repos/kestra-io__kestra/core/src/main/java/io/kestra/core/models/flows/input/BoolInput.java,io.kestra.core.models.flows.input.BoolInput,class,4,6,2,4,1,2,0,0,0,0.0,NaN,NaN,1,0,1,0,0,0,1,0,0,0,0,0,0,0,0,0,0,0,0,4,0,0,0,0,0,0,0,0,0,0,0,0,0,0,8,1,0
/Users/kaiohs/Downloads/codes/lab02-experimentacao-software/data/repos/kestra-io__kestra/core/src/main/java/io/kestra/core/models/tasks/runners/RemoteRunnerInterface.java,io.kestra.core.models.tasks.runners.RemoteRunnerInterface,interface,2,2,0,2,1,1,0,0,0,0.0,NaN,NaN,1,0,0,0,0,1,1,0,0,0,0,0,0,0,0,0,0,0,0,3,0,0,0,0,0,1,0,0,0,0,0,0,0,0,19,1,0
/Users/kaiohs/Downloads/codes/lab02-experimentacao-software/data/repos/kestra-io__kestra/core/src/main/java/io/kestra/core/exceptions/ResourceExpiredException.java,io.kestra.core.exceptions.ResourceExpiredException,class,0,0,0,0,3,3,0,0,3,1.0,0.0,0.0,3,0,3,0,0,0,3,0,0,0,1,1,0,1,0,0,1,0,0,12,0,0,0,0,0,0,1,1,0,1,0,0,0,0,13,1,0
/Users/kaiohs/Downloads/codes/lab02-experimentacao-software/data/repos/kestra-io__kestra/executor/src/test/java/io/kestra/executor/AbstractServiceLivenessCoordinatorTest.java,io.kestra.executor.AbstractServiceLivenessCoordinatorTest$Anonymous1,anonymous,0,0,0,0,1,1,0,0,0,0.0,NaN,NaN,1,0,1,0,0,0,1,0,0,0,0,0,0,0,0,0,0,0,0,5,1,0,0,0,0,0,0,0,0,0,0,0,0,0,5,-1,0
/Users/kaiohs/Downloads/codes/lab02-experimentacao-software/data/repos/kestra-io__kestra/core/src/main/java/io/kestra/core/plugins/PluginResolver.java,io.kestra.core.plugins.PluginResolver,class,3,5,2,3,18,1,0,23,8,0.6,0.0,0.0,5,3,2,3,0,0,2,0,0,0,1,0,0,1,0,0,1,0,13,76,5,4,0,2,0,12,2,12,1,13,5,0,0,2,68,1,7
/Users/kaiohs/Downloads/codes/lab02-experimentacao-software/data/repos/kestra-io__kestra/cli/src/test/java/io/kestra/cli/commands/plugins/PluginInstallCommandTest.java,io.kestra.cli.commands.plugins.PluginInstallCommandTest,class,6,7,1,6,5,1,0,34,6,0.0,0.0,0.0,4,1,0,1,0,3,3,0,0,0,0,0,0,0,0,0,0,0,11,48,0,0,1,3,0,13,5,18,1,21,1,0,0,3,60,0,0
/Users/kaiohs/Downloads/codes/lab02-experimentacao-software/data/repos/kestra-io__kestra/worker-controller/src/main/java/io/kestra/controller/grpc/services/GrpcExecutionLogController.java,io.kestra.controller.grpc.services.GrpcExecutionLogController,class,13,13,0,13,3,2,0,16,0,0.0,0.0,0.0,2,0,2,0,0,0,2,0,0,0,2,0,0,2,0,0,2,0,1,21,0,0,0,1,0,4,0,4,0,4,1,0,0,0,48,1,2
/Users/kaiohs/Downloads/codes/lab02-experimentacao-software/data/repos/kestra-io__kestra/core/src/main/java/io/kestra/core/validations/validator/RandomRetryValidator.java,io.kestra.core.validations.validator.RandomRetryValidator,class,7,7,0,7,11,1,0,7,0,0.0,NaN,NaN,1,0,1,0,0,0,1,0,0,0,0,0,0,0,0,0,0,0,0,23,5,0,7,0,0,3,3,0,3,0,1,0,0,0,17,1,0
/Users/kaiohs/Downloads/codes/lab02-experimentacao-software/data/repos/kestra-io__kestra/jdbc/src/test/java/io/kestra/jdbc/JdbcTestUtils.java,io.kestra.jdbc.JdbcTestUtils,class,11,13,2,11,3,1,0,23,0,0.44444445,0.0,0.0,3,0,3,0,0,0,3,0,0,0,6,0,0,4,1,1,0,0,0,28,0,0,0,0,1,2,0,3,0,15,1,0,0,7,55,1,0
/Users/kaiohs/Downloads/codes/lab02-experimentacao-software/data/repos/kestra-io__kestra/jdbc-postgres/src/main/java/io/kestra/repository/postgres/PostgresKvMetadataRepositoryService.java,io.kestra.repository.postgres.PostgresKvMetadataRepositoryService,class,3,4,1,3,3,1,0,6,0,0.0,NaN,NaN,1,1,1,0,0,0,1,0,0,0,0,0,0,0,0,0,0,0,1,9,1,0,1,0,0,1,0,1,0,1,1,0,0,0,10,1025,0
/Users/kaiohs/Downloads/codes/lab02-experimentacao-software/data/repos/kestra-io__kestra/core/src/main/java/io/kestra/core/models/tasks/runners/TaskLogLineMatcher.java,io.kestra.core.models.tasks.runners.TaskLogLineMatcher,class,14,16,2,14,13,1,0,25,10,0.8,0.0,0.0,5,0,3,0,2,0,5,0,0,0,2,2,0,0,2,0,2,0,5,50,4,0,3,2,0,4,1,7,0,8,3,0,0,1,125,1,3
/Users/kaiohs/Downloads/codes/lab02-experimentacao-software/data/repos/kestra-io__kestra/core/src/test/java/io/kestra/core/repositories/InMemorySettingRepository.java,io.kestra.core.repositories.InMemorySettingRepository,class,4,5,1,4,12,1,0,20,6,0.5625,0.0,0.0,8,0,6,2,0,0,6,0,0,0,2,1,0,2,0,0,2,0,2,46,8,0,1,2,0,2,0,2,1,2,1,0,0,0,38,1,0
/Users/kaiohs/Downloads/codes/lab02-experimentacao-software/data/repos/kestra-io__kestra/core/src/test/java/io/kestra/core/runners/pebble/functions/IsFileEmptyFunctionTest.java,io.kestra.core.runners.pebble.functions.IsFileEmptyFunctionTest,class,10,11,1,10,14,1,0,29,0,0.70769227,0.0,0.0,13,0,0,4,0,9,9,0,0,0,5,2,0,2,0,3,2,0,34,77,4,0,0,0,1,118,0,31,6,34,0,0,0,3,89,0,0
/Users/kaiohs/Downloads/codes/lab02-experimentacao-software/data/repos/kestra-io__kestra/webserver/src/test/java/io/kestra/webserver/services/ai/api/ApiAiServiceTest.java,io.kestra.webserver.services.ai.api.ApiAiServiceTest,class,17,17,0,17,4,1,0,29,0,0.25,0.0,0.0,4,0,0,0,0,4,4,0,0,0,4,0,0,4,0,0,0,0,2,58,0,0,0,0,0,50,2,14,0,17,0,0,0,0,49,0,0
/Users/kaiohs/Downloads/codes/lab02-experimentacao-software/data/repos/kestra-io__kestra/worker/src/main/java/io/kestra/worker/endpoint/WorkerEndpoint.java,io.kestra.worker.endpoint.WorkerEndpoint$WorkerEndpointWorkerTask,innerclass,5,5,0,5,0,1,0,0,0,NaN,-1.0,-1.0,0,0,0,0,0,0,0,0,0,0,4,0,0,4,0,0,4,0,0,6,0,0,0,0,0,0,0,0,0,4,0,0,0,0,9,9,0
/Users/kaiohs/Downloads/codes/lab02-experimentacao-software/data/repos/kestra-io__kestra/core/src/test/java/io/kestra/core/validations/extractors/PropertyValueExtractorTest.java,io.kestra.core.validations.extractors.PropertyValueExtractorTest,class,6,6,0,6,1,1,0,11,0,0.0,NaN,NaN,1,0,1,0,0,0,1,0,0,0,1,0,0,1,0,0,0,0,0,13,0,0,0,0,0,3,3,5,0,4,0,0,0,0,26,1,0
/Users/kaiohs/Downloads/codes/lab02-experimentacao-software/data/repos/kestra-io__kestra/core/src/main/java/io/kestra/core/models/hierarchies/GraphClusterRoot.java,io.kestra.core.models.hierarchies.GraphClusterRoot,class,3,5,2,3,1,2,0,1,0,0.0,NaN,NaN,1,0,1,0,0,0,1,0,0,0,0,0,0,0,0,0,0,0,1,5,0,0,0,0,0,1,0,0,1,0,0,0,0,0,4,1,0
/Users/kaiohs/Downloads/codes/lab02-experimentacao-software/data/repos/kestra-io__kestra/jdbc-postgres/src/test/java/io/kestra/queue/postgres/PostgresQueueCacheTest.java,io.kestra.queue.postgres.PostgresQueueCacheTest,class,2,2,0,2,0,2,0,0,0,0.0,-1.0,-1.0,0,0,0,0,0,0,0,0,0,0,0,0,0,0,0,0,0,0,0,2,0,0,0,0,0,0,0,0,0,0,0,0,0,0,5,1,0
/Users/kaiohs/Downloads/codes/lab02-experimentacao-software/data/repos/kestra-io__kestra/jdbc-mysql/src/test/java/io/kestra/queue/mysql/MysqlJdbcQueueCleanerTest.java,io.kestra.queue.mysql.MysqlJdbcQueueCleanerTest,class,5,5,0,5,1,2,0,1,0,0.0,NaN,NaN,1,0,0,0,1,0,1,0,0,0,0,0,0,0,0,0,0,0,0,5,0,0,0,0,0,2,0,0,0,0,0,0,0,0,14,1,0
/Users/kaiohs/Downloads/codes/lab02-experimentacao-software/data/repos/kestra-io__kestra/core/src/main/java/io/kestra/core/scheduler/vnodes/VNodesAssigner.java,io.kestra.core.scheduler.vnodes.VNodesAssigner$VNodeAssignmentListener,interface,1,1,0,1,2,1,0,0,1,0.5,0.0,0.0,2,0,0,0,0,2,2,0,0,0,1,0,0,0,0,1,0,0,0,11,0,0,0,0,0,0,0,1,0,1,0,1,0,0,40,0,0
/Users/kaiohs/Downloads/codes/lab02-experimentacao-software/data/repos/kestra-io__kestra/core/src/test/java/io/kestra/plugin/core/http/RequestTest.java,io.kestra.plugin.core.http.RequestTest$MockController,innerclass,18,18,0,18,43,1,0,59,229,0.9545455,0.0,0.0,22,6,1,6,0,15,16,0,0,0,6,6,0,6,0,0,6,0,16,149,28,1,8,2,0,70,16,40,11,46,2,0,0,8,125,8,0
/Users/kaiohs/Downloads/codes/lab02-experimentacao-software/data/repos/kestra-io__kestra/jdbc-h2/src/test/java/io/kestra/repository/h2/H2ServiceInstanceRepositoryTest.java,io.kestra.repository.h2.H2ServiceInstanceRepositoryTest,class,1,1,0,1,0,2,0,0,0,0.0,-1.0,-1.0,0,0,0,0,0,0,0,0,0,0,0,0,0,0,0,0,0,0,0,2,0,0,0,0,0,0,0,0,0,0,0,0,0,0,7,1,0
/Users/kaiohs/Downloads/codes/lab02-experimentacao-software/data/repos/kestra-io__kestra/core/src/main/java/io/kestra/core/app/AppPluginInterface.java,io.kestra.core.app.AppPluginInterface,interface,7,9,2,7,1,1,0,0,0,0.0,NaN,NaN,1,0,0,0,0,1,1,0,0,0,0,0,0,0,0,0,0,0,0,3,0,0,0,0,0,2,0,0,0,0,0,0,0,0,28,1,0
/Users/kaiohs/Downloads/codes/lab02-experimentacao-software/data/repos/kestra-io__kestra/core/src/main/java/io/kestra/core/metrics/MeterRegistryBinderFactory.java,io.kestra.core.metrics.MeterRegistryBinderFactory,class,8,8,0,8,2,1,0,0,1,0.0,0.0,0.0,2,0,2,0,0,0,2,0,0,0,0,0,0,0,0,0,0,0,0,8,2,0,0,0,0,2,0,0,2,0,0,0,0,0,28,1,0
/Users/kaiohs/Downloads/codes/lab02-experimentacao-software/data/repos/kestra-io__kestra/webserver/src/test/java/io/kestra/webserver/utils/CSVUtilsTest.java,io.kestra.webserver.utils.CSVUtilsTest,class,2,2,0,2,5,1,0,9,10,0.0,0.0,0.0,5,0,0,0,0,5,5,0,0,0,0,0,0,0,0,0,0,0,11,71,0,0,0,0,0,5,0,16,0,16,0,6,0,0,27,0,0
/Users/kaiohs/Downloads/codes/lab02-experimentacao-software/data/repos/kestra-io__kestra/jdbc-h2/src/test/java/io/kestra/runner/h2/H2QueueLagCalculationTest.java,io.kestra.runner.h2.H2QueueLagCalculationTest,class,1,1,0,1,0,2,0,0,0,0.0,-1.0,-1.0,0,0,0,0,0,0,0,0,0,0,0,0,0,0,0,0,0,0,0,2,0,0,0,0,0,0,0,0,0,0,0,0,0,0,6,1,0
/Users/kaiohs/Downloads/codes/lab02-experimentacao-software/data/repos/kestra-io__kestra/jdbc-mysql/src/main/java/io/kestra/repository/mysql/MysqlLockRepository.java,io.kestra.repository.mysql.MysqlLockRepository,class,6,6,0,6,1,2,0,0,0,0.0,NaN,NaN,1,0,1,0,0,0,1,0,0,0,0,0,0,0,0,0,0,0,0,5,0,0,0,0,0,1,0,0,0,0,0,0,0,0,6,1,0
/Users/kaiohs/Downloads/codes/lab02-experimentacao-software/data/repos/kestra-io__kestra/jdbc/src/main/java/io/kestra/jdbc/runner/AbstractJdbcExecutionQueuedStateStore.java,io.kestra.jdbc.runner.AbstractJdbcExecutionQueuedStateStore,class,9,11,2,9,6,2,2,35,0,0.0,0.0,0.0,5,0,5,0,0,0,5,0,0,0,1,0,0,0,1,0,0,0,0,32,2,0,0,0,0,3,1,6,0,8,1,0,0,2,53,1025,0
/Users/kaiohs/Downloads/codes/lab02-experimentacao-software/data/repos/kestra-io__kestra/core/src/main/java/io/kestra/core/docs/Document.java,io.kestra.core.docs.Document,class,5,7,2,5,0,1,0,0,0,NaN,-1.0,-1.0,0,0,0,0,0,0,0,0,0,0,4,0,0,4,0,0,4,0,0,6,0,0,0,0,0,0,0,0,0,4,0,0,0,0,6,1,0
/Users/kaiohs/Downloads/codes/lab02-experimentacao-software/data/repos/kestra-io__kestra/core/src/main/java/io/kestra/core/runners/Executor.java,io.kestra.core.runners.Executor,interface,1,3,2,1,0,1,0,0,0,0.0,-1.0,-1.0,0,0,0,0,0,0,0,0,0,0,0,0,0,0,0,0,0,0,0,2,0,0,0,0,0,0,0,0,0,0,0,0,0,0,2,1,0
/Users/kaiohs/Downloads/codes/lab02-experimentacao-software/data/repos/kestra-io__kestra/script/src/main/java/io/kestra/plugin/scripts/exec/scripts/models/DockerOptions.java,io.kestra.plugin.scripts.exec.scripts.models.DockerOptions,class,14,17,3,14,2,1,0,1,1,0.93333334,0.0,0.0,2,0,2,0,0,0,2,0,0,0,15,0,0,5,10,0,0,0,0,23,0,0,0,0,0,25,0,3,3,15,0,0,0,0,130,1,0
/Users/kaiohs/Downloads/codes/lab02-experimentacao-software/data/repos/kestra-io__kestra/core/src/test/java/io/kestra/core/runners/pebble/filters/Md5FilterTest.java,io.kestra.core.runners.pebble.filters.Md5FilterTest,class,4,4,0,4,1,1,0,5,0,0.0,NaN,NaN,1,0,0,0,0,1,1,0,0,0,1,0,0,0,0,1,0,0,1,7,0,0,0,0,0,2,0,1,0,2,0,0,0,0,14,1,0
/Users/kaiohs/Downloads/codes/lab02-experimentacao-software/data/repos/kestra-io__kestra/cli/src/main/java/io/kestra/cli/commands/configs/sys/ConfigCommand.java,io.kestra.cli.commands.configs.sys.ConfigCommand,class,5,6,1,5,1,3,0,2,0,0.0,NaN,NaN,1,0,1,0,0,0,1,0,0,0,0,0,0,0,0,0,0,0,1,6,1,0,0,0,0,4,0,0,0,0,0,0,0,0,7,1,0
/Users/kaiohs/Downloads/codes/lab02-experimentacao-software/data/repos/kestra-io__kestra/core/src/test/java/io/kestra/core/runners/pebble/RecursivePebbleVariableRendererTest.java,io.kestra.core.runners.pebble.RecursivePebbleVariableRendererTest,class,7,7,0,7,3,1,0,8,0,0.0,0.0,0.0,3,0,0,0,0,3,3,0,0,0,1,0,0,0,0,1,0,0,1,22,0,0,0,0,0,29,0,7,0,5,0,0,0,1,37,0,0
/Users/kaiohs/Downloads/codes/lab02-experimentacao-software/data/repos/kestra-io__kestra/core/src/main/java/io/kestra/core/runners/pebble/functions/HourOfDayFunction.java,io.kestra.core.runners.pebble.functions.HourOfDayFunction,class,4,5,1,4,6,1,0,10,3,1.0,0.0,0.0,3,0,3,0,0,0,3,0,0,0,1,1,1,0,0,0,1,0,3,29,4,0,1,2,0,6,0,4,1,4,2,0,0,0,74,1,0
/Users/kaiohs/Downloads/codes/lab02-experimentacao-software/data/repos/kestra-io__kestra/jdbc-h2/src/test/java/io/kestra/repository/h2/H2DefaultNamespaceFileMetadataStateStoreTest.java,io.kestra.repository.h2.H2DefaultNamespaceFileMetadataStateStoreTest,class,1,1,0,1,0,2,0,0,0,0.0,-1.0,-1.0,0,0,0,0,0,0,0,0,0,0,0,0,0,0,0,0,0,0,0,2,0,0,0,0,0,0,0,0,0,0,0,0,0,0,9,1,0
/Users/kaiohs/Downloads/codes/lab02-experimentacao-software/data/repos/kestra-io__kestra/core/src/test/java/io/kestra/core/validations/JsonStringTest.java,io.kestra.core.validations.JsonStringTest$JsonStringCls,innerclass,3,3,0,3,0,1,0,0,0,NaN,-1.0,-1.0,0,0,0,0,0,0,0,0,0,0,1,0,0,0,0,1,0,0,0,3,0,0,0,0,0,0,0,0,0,1,0,0,0,0,4,9,0
/Users/kaiohs/Downloads/codes/lab02-experimentacao-software/data/repos/kestra-io__kestra/core/src/main/java/io/kestra/core/utils/WindowsUtils.java,io.kestra.core.utils.WindowsUtils,class,1,3,2,1,5,1,0,10,3,0.0,0.0,0.0,3,3,3,0,0,0,3,0,0,0,0,0,0,0,0,0,0,0,4,17,3,0,0,0,0,7,0,4,1,3,1,0,0,1,19,1,0
/Users/kaiohs/Downloads/codes/lab02-experimentacao-software/data/repos/kestra-io__kestra/core/src/main/java/io/kestra/core/models/dashboards/filters/In.java,io.kestra.core.models.dashboards.filters.In,class,12,13,1,12,0,2,0,0,0,NaN,-1.0,-1.0,0,0,0,0,0,0,0,0,0,0,2,0,0,1,1,0,0,0,0,4,0,0,0,0,0,1,0,1,0,2,0,0,0,0,7,1,0
/Users/kaiohs/Downloads/codes/lab02-experimentacao-software/data/repos/kestra-io__kestra/core/src/main/java/io/kestra/core/runners/pebble/functions/YamlFunction.java,io.kestra.core.runners.pebble.functions.YamlFunction,class,7,8,1,7,8,1,0,8,3,0.77777785,0.0,0.0,3,0,3,0,0,0,3,0,0,0,3,3,1,1,0,1,3,0,2,34,3,0,0,1,1,12,0,4,3,4,1,1,0,0,43,1,0
/Users/kaiohs/Downloads/codes/lab02-experimentacao-software/data/repos/kestra-io__kestra/core/src/test/java/io/kestra/core/serializers/FileSerdeTest.java,io.kestra.core.serializers.FileSerdeTest,class,10,11,1,10,15,1,0,52,66,0.0,0.0,0.0,12,2,0,2,0,10,10,0,0,0,0,0,0,0,0,0,0,0,46,105,2,0,1,2,4,57,32,33,3,35,1,2,0,2,56,0,0
/Users/kaiohs/Downloads/codes/lab02-experimentacao-software/data/repos/kestra-io__kestra/core/src/main/java/io/kestra/core/http/client/configurations/ProxyConfiguration.java,io.kestra.core.http.client.configurations.ProxyConfiguration,class,6,7,1,6,0,1,0,1,0,NaN,-1.0,-1.0,0,0,0,0,0,0,0,0,0,0,5,0,0,5,0,0,5,0,0,7,0,0,0,0,0,5,0,1,0,5,0,0,0,0,14,1,0
/Users/kaiohs/Downloads/codes/lab02-experimentacao-software/data/repos/kestra-io__kestra/core/src/test/java/io/kestra/plugin/core/http/RequestTest.java,io.kestra.plugin.core.http.RequestTest,class,15,16,1,15,28,1,0,87,0,0.4642857,0.0,0.0,28,0,0,0,0,28,28,0,0,0,2,0,0,2,0,0,0,0,21,416,0,0,0,26,1,125,28,144,31,146,2,0,1,8,127,0,0
/Users/kaiohs/Downloads/codes/lab02-experimentacao-software/data/repos/kestra-io__kestra/core/src/main/java/io/kestra/plugin/core/flow/WorkingDirectory.java,io.kestra.plugin.core.flow.WorkingDirectory$Outputs,innerclass,3,3,0,3,1,2,0,0,0,0.0,NaN,NaN,1,0,1,0,0,0,1,0,0,0,1,0,0,1,0,0,1,0,0,6,0,0,0,0,0,1,0,1,0,1,0,0,0,0,10,9,0
/Users/kaiohs/Downloads/codes/lab02-experimentacao-software/data/repos/kestra-io__kestra/core/src/main/java/io/kestra/core/test/flow/UnitTest.java,io.kestra.core.test.flow.UnitTest,class,10,11,1,10,0,1,0,0,0,NaN,-1.0,-1.0,0,0,0,0,0,0,0,0,0,0,6,0,0,6,0,0,0,0,0,8,0,0,0,0,0,0,0,1,0,6,0,0,0,0,10,1,0
/Users/kaiohs/Downloads/codes/lab02-experimentacao-software/data/repos/kestra-io__kestra/webserver/src/test/java/io/kestra/webserver/utils/filepreview/IonFileRenderTest.java,io.kestra.webserver.utils.filepreview.IonFileRenderTest,class,3,3,0,3,2,1,0,5,0,0.0,NaN,NaN,1,0,0,0,0,1,1,0,0,0,0,0,0,0,0,0,0,0,2,13,0,1,0,1,0,6,4,5,0,5,2,0,0,0,25,0,0
/Users/kaiohs/Downloads/codes/lab02-experimentacao-software/data/repos/kestra-io__kestra/core/src/test/java/io/kestra/core/plugins/PluginConfigurationsTest.java,io.kestra.core.plugins.PluginConfigurationsTest,class,4,4,0,4,2,1,0,8,1,0.5,0.0,0.0,2,0,0,0,0,2,2,0,0,0,1,1,0,1,0,0,1,0,7,14,0,0,0,0,0,32,4,6,0,6,0,0,0,0,26,0,0
/Users/kaiohs/Downloads/codes/lab02-experimentacao-software/data/repos/kestra-io__kestra/core/src/main/java/io/kestra/core/queues/QueueSubscriber.java,io.kestra.core.queues.QueueSubscriber,interface,3,8,5,3,5,1,0,3,10,0.0,0.0,0.0,5,0,0,0,0,5,5,0,0,0,0,0,0,0,0,0,0,0,1,9,1,0,0,0,0,0,0,0,0,1,0,0,0,1,79,1,0
/Users/kaiohs/Downloads/codes/lab02-experimentacao-software/data/repos/kestra-io__kestra/webserver/src/test/java/io/kestra/webserver/services/ai/PosthogChatModelListenerTest.java,io.kestra.webserver.services.ai.PosthogChatModelListenerTest,class,13,13,0,13,2,1,0,22,0,0.0,0.0,0.0,2,0,0,0,0,2,2,0,0,0,2,0,0,2,0,0,0,0,2,40,0,0,0,0,0,33,4,11,0,13,0,0,0,0,38,0,0
/Users/kaiohs/Downloads/codes/lab02-experimentacao-software/data/repos/kestra-io__kestra/worker-controller/src/main/java/io/kestra/controller/grpc/services/GrpcNSMetadataControllerService.java,io.kestra.controller.grpc.services.GrpcNSMetadataControllerService,class,20,21,1,20,17,2,0,35,0,0.09375,0.0,0.0,8,0,8,0,0,0,8,0,0,0,4,2,0,4,0,0,4,0,7,104,0,0,0,7,0,16,0,21,0,21,1,0,0,0,79,1,14
/Users/kaiohs/Downloads/codes/lab02-experimentacao-software/data/repos/kestra-io__kestra/core/src/main/java/io/kestra/core/models/tasks/runners/TaskRunner.java,io.kestra.core.models.tasks.runners.TaskRunner,class,21,28,7,21,26,1,0,22,31,0.8500001,0.0,0.0,10,0,5,0,5,0,10,1,0,0,6,0,0,4,2,0,1,0,1,76,7,0,6,0,1,5,0,7,2,9,2,0,0,0,129,1025,0
/Users/kaiohs/Downloads/codes/lab02-experimentacao-software/data/repos/kestra-io__kestra/core/src/main/java/io/kestra/core/runners/pebble/PebbleExpressionService.java,io.kestra.core.runners.pebble.PebbleExpressionService,class,13,14,1,13,8,1,0,19,0,0.33333334,0.0,0.0,3,0,3,0,0,0,3,0,0,0,2,0,0,2,0,0,2,0,1,35,4,1,3,0,0,0,0,9,0,11,2,0,0,2,26,1,0
/Users/kaiohs/Downloads/codes/lab02-experimentacao-software/data/repos/kestra-io__kestra/core/src/test/java/io/kestra/core/runners/WorkerGroupMetaStoreTest.java,io.kestra.core.runners.WorkerGroupMetaStoreTest,class,4,4,0,4,3,1,0,6,0,0.0,0.0,0.0,3,0,0,0,0,3,3,0,0,0,1,0,0,1,0,0,0,0,0,15,0,0,0,0,0,3,0,3,0,4,0,0,0,0,19,0,0
/Users/kaiohs/Downloads/codes/lab02-experimentacao-software/data/repos/kestra-io__kestra/core/src/main/java/io/kestra/core/models/flows/input/JsonInput.java,io.kestra.core.models.flows.input.JsonInput,class,4,6,2,4,1,2,0,0,0,0.0,NaN,NaN,1,0,1,0,0,0,1,0,0,0,0,0,0,0,0,0,0,0,0,4,0,0,0,0,0,0,0,0,0,0,0,0,0,0,8,1,0
/Users/kaiohs/Downloads/codes/lab02-experimentacao-software/data/repos/kestra-io__kestra/core/src/test/java/io/kestra/plugin/core/kv/GetKeysTest.java,io.kestra.plugin.core.kv.GetKeysTest,class,8,8,0,8,3,1,0,19,0,0.16666667,0.0,0.0,3,0,0,0,0,3,3,0,0,0,2,1,0,0,0,2,1,0,4,33,0,0,0,0,0,24,0,15,4,16,0,0,0,0,38,0,0
/Users/kaiohs/Downloads/codes/lab02-experimentacao-software/data/repos/kestra-io__kestra/jdbc/src/main/java/io/kestra/jdbc/JooqExecuteListenerFactory.java,io.kestra.jdbc.JooqExecuteListenerFactory$Anonymous1$Anonymous2,anonymous,1,1,0,1,8,1,0,18,0,0.25,0.0,0.0,2,0,2,0,0,0,2,0,0,0,2,1,0,2,0,0,1,0,3,33,0,0,2,1,0,5,1,4,1,4,3,0,0,0,38,-1,2
/Users/kaiohs/Downloads/codes/lab02-experimentacao-software/data/repos/kestra-io__kestra/core/src/main/java/io/kestra/plugin/core/dashboard/chart/kpis/KpiOption.java,io.kestra.plugin.core.dashboard.chart.kpis.KpiOption,class,7,7,0,7,0,2,0,0,0,NaN,-1.0,-1.0,0,0,0,0,0,0,0,0,0,0,1,0,0,1,0,0,0,0,0,4,0,0,0,0,0,0,0,1,0,1,0,0,1,0,18,1,0
/Users/kaiohs/Downloads/codes/lab02-experimentacao-software/data/repos/kestra-io__kestra/core/src/test/java/io/kestra/core/contexts/KestraContextTest.java,io.kestra.core.contexts.KestraContextTest,class,4,4,0,4,3,1,0,10,0,0.0,0.0,0.0,3,0,0,0,0,3,3,0,0,0,1,0,0,0,0,1,0,0,3,14,0,0,0,0,0,2,2,0,0,1,0,0,0,0,19,0,0
/Users/kaiohs/Downloads/codes/lab02-experimentacao-software/data/repos/kestra-io__kestra/core/src/test/java/io/kestra/core/repositories/AbstractMetricRepositoryTest.java,io.kestra.core.repositories.AbstractMetricRepositoryTest,class,12,14,2,12,9,1,1,57,6,0.33333334,0.0,0.0,9,0,0,3,2,4,6,0,0,0,1,0,0,0,1,0,0,0,7,102,3,0,0,0,0,54,24,45,0,43,0,0,0,0,49,1025,0
/Users/kaiohs/Downloads/codes/lab02-experimentacao-software/data/repos/kestra-io__kestra/core/src/main/java/io/kestra/core/runners/pebble/functions/IDFunction.java,io.kestra.core.runners.pebble.functions.IDFunction,class,3,4,1,3,3,1,0,3,3,1.0,0.0,0.0,3,0,3,0,0,0,3,0,0,0,1,1,1,0,0,0,1,0,2,12,3,0,0,0,0,1,0,1,0,1,0,0,0,0,20,1,0
/Users/kaiohs/Downloads/codes/lab02-experimentacao-software/data/repos/kestra-io__kestra/core/src/main/java/io/kestra/core/models/assets/Asset.java,io.kestra.core.models.assets.Asset,class,13,19,6,13,8,1,2,22,1,0.6714286,0.0,0.0,7,1,7,0,0,0,7,0,0,0,10,0,0,3,7,0,0,0,16,51,5,0,1,0,0,3,4,19,0,11,0,0,0,3,38,1025,0
/Users/kaiohs/Downloads/codes/lab02-experimentacao-software/data/repos/kestra-io__kestra/core/src/main/java/io/kestra/core/docs/DocumentationGenerator.java,io.kestra.core.docs.DocumentationGenerator$Anonymous1,anonymous,2,2,0,2,1,1,0,1,0,0.0,NaN,NaN,1,0,1,0,0,0,1,0,0,0,0,0,0,0,0,0,0,0,0,7,1,0,0,0,0,1,0,1,0,1,0,0,0,0,6,-1,0
/Users/kaiohs/Downloads/codes/lab02-experimentacao-software/data/repos/kestra-io__kestra/core/src/main/java/io/kestra/plugin/core/flow/ChildFlowInterface.java,io.kestra.plugin.core.flow.ChildFlowInterface,interface,0,3,3,0,2,1,0,0,1,0.0,0.0,0.0,2,0,0,0,0,2,2,0,0,0,0,0,0,0,0,0,0,0,0,4,0,0,0,0,0,0,0,0,0,0,0,0,0,0,6,1,0
/Users/kaiohs/Downloads/codes/lab02-experimentacao-software/data/repos/kestra-io__kestra/worker/src/main/java/io/kestra/worker/fetchers/WorkerJobFetcher.java,io.kestra.worker.fetchers.WorkerJobFetcher,class,18,20,2,18,28,2,0,48,25,0.83809525,0.0,0.0,14,0,2,9,3,0,5,0,0,1,15,3,0,15,0,0,12,0,8,171,5,0,7,5,0,12,10,30,3,30,2,1,0,0,240,1,10
/Users/kaiohs/Downloads/codes/lab02-experimentacao-software/data/repos/kestra-io__kestra/core/src/main/java/io/kestra/core/models/flows/sla/SLA.java,io.kestra.core.models.flows.sla.SLA$Type,enum,0,0,0,0,0,1,0,0,0,0.0,-1.0,-1.0,0,0,0,0,0,0,0,0,0,0,0,0,0,0,0,0,0,0,0,1,0,0,0,0,0,0,0,0,0,0,0,0,0,0,14,1,0
/Users/kaiohs/Downloads/codes/lab02-experimentacao-software/data/repos/kestra-io__kestra/core/src/main/java/io/kestra/core/models/flows/PluginDefault.java,io.kestra.core.models.flows.PluginDefault,class,7,10,3,7,0,1,0,0,0,NaN,-1.0,-1.0,0,0,0,0,0,0,0,0,0,0,3,0,0,3,0,0,3,0,0,5,0,0,0,0,0,1,0,1,0,3,0,0,0,0,9,1,0
/Users/kaiohs/Downloads/codes/lab02-experimentacao-software/data/repos/kestra-io__kestra/core/src/main/java/io/kestra/core/queues/KeyedDispatchQueueInterface.java,io.kestra.core.queues.KeyedDispatchQueueInterface,interface,3,5,2,3,6,1,0,0,15,0.0,0.0,0.0,6,0,0,0,0,6,6,0,0,0,0,0,0,0,0,0,0,0,0,8,0,0,0,0,0,0,0,0,0,0,0,0,0,0,13,1,0
/Users/kaiohs/Downloads/codes/lab02-experimentacao-software/data/repos/kestra-io__kestra/core/src/test/java/io/kestra/core/runners/pebble/filters/ToIonFilterTest.java,io.kestra.core.runners.pebble.filters.ToIonFilterTest,class,6,6,0,6,2,1,0,16,0,0.0,0.0,0.0,2,0,0,0,0,2,2,0,0,0,1,0,0,0,0,1,0,0,7,33,0,0,0,0,0,40,6,11,1,4,0,0,0,2,23,0,0
/Users/kaiohs/Downloads/codes/lab02-experimentacao-software/data/repos/kestra-io__kestra/queue/src/test/java/io/kestra/queue/NoOpShutdownContext.java,io.kestra.queue.NoOpShutdownContext,class,4,6,2,4,22,2,0,15,0,0.46153846,0.0,0.0,13,0,13,0,0,0,13,0,0,0,2,0,0,2,0,0,2,0,4,44,9,0,9,0,0,1,0,2,0,2,1,0,0,0,71,1,0
/Users/kaiohs/Downloads/codes/lab02-experimentacao-software/data/repos/kestra-io__kestra/core/src/test/java/io/kestra/scheduler/vnodes/internals/DefaultVNodesAssignerTest.java,io.kestra.scheduler.vnodes.internals.DefaultVNodesAssignerTest,class,10,10,0,10,8,1,0,28,0,0.25,0.0,0.0,8,0,0,0,0,8,8,0,0,0,4,2,0,4,0,0,2,0,16,84,0,0,0,0,7,4,14,24,0,24,0,0,0,2,79,0,0
/Users/kaiohs/Downloads/codes/lab02-experimentacao-software/data/repos/kestra-io__kestra/core/src/main/java/io/kestra/core/models/hierarchies/GraphTask.java,io.kestra.core.models.hierarchies.GraphTask,class,5,7,2,5,2,3,0,0,1,0.0,0.0,0.0,2,0,2,0,0,0,2,0,0,0,0,0,0,0,0,0,0,0,0,8,0,0,0,0,0,0,0,0,0,0,0,0,0,0,7,1,0
/Users/kaiohs/Downloads/codes/lab02-experimentacao-software/data/repos/kestra-io__kestra/core/src/test/java/io/kestra/core/plugins/PluginScannerTest.java,io.kestra.core.plugins.PluginScannerTest,class,4,5,1,4,2,1,0,18,1,0.0,0.0,0.0,2,0,0,0,0,2,2,0,0,0,0,0,0,0,0,0,0,0,2,15,0,0,0,0,0,6,1,6,0,7,0,0,0,1,20,0,0
/Users/kaiohs/Downloads/codes/lab02-experimentacao-software/data/repos/kestra-io__kestra/core/src/main/java/io/kestra/core/storages/kv/KVStoreException.java,io.kestra.core.storages.kv.KVStoreException,class,1,2,1,1,4,2,0,0,6,1.0,0.0,0.0,4,0,4,0,0,0,4,0,0,0,1,1,0,1,0,0,1,0,0,14,0,0,0,0,0,0,1,1,0,1,0,0,0,0,20,1,0
/Users/kaiohs/Downloads/codes/lab02-experimentacao-software/data/repos/kestra-io__kestra/core/src/main/java/io/kestra/plugin/core/condition/ExecutionNamespace.java,io.kestra.plugin.core.condition.ExecutionNamespace$Comparison,enum,0,0,0,0,2,1,0,1,0,0.0,0.0,0.0,2,0,1,0,0,1,2,0,0,0,1,0,0,1,0,0,1,0,0,8,1,0,0,0,0,0,0,1,0,1,0,0,0,0,16,1,0
/Users/kaiohs/Downloads/codes/lab02-experimentacao-software/data/repos/kestra-io__kestra/core/src/main/java/io/kestra/core/services/ExecutionService.java,io.kestra.core.services.ExecutionService$PurgeResult,innerclass,3,3,0,3,0,1,0,0,0,NaN,-1.0,-1.0,0,0,0,0,0,0,0,0,0,0,5,0,0,5,0,0,0,0,0,7,0,0,0,0,0,0,5,5,0,5,0,0,0,0,12,9,0
/Users/kaiohs/Downloads/codes/lab02-experimentacao-software/data/repos/kestra-io__kestra/core/src/main/java/io/kestra/plugin/core/execution/Exit.java,io.kestra.plugin.core.execution.Exit$ExitState,enum,0,0,0,0,0,1,0,0,0,0.0,-1.0,-1.0,0,0,0,0,0,0,0,0,0,0,0,0,0,0,0,0,0,0,0,1,0,0,0,0,0,0,0,0,0,0,0,0,0,0,9,1,0
/Users/kaiohs/Downloads/codes/lab02-experimentacao-software/data/repos/kestra-io__kestra/core/src/main/java/io/kestra/plugin/core/namespace/DeleteFiles.java,io.kestra.plugin.core.namespace.DeleteFiles$Output,innerclass,3,3,0,3,0,1,0,0,0,NaN,-1.0,-1.0,0,0,0,0,0,0,0,0,0,0,1,0,0,1,0,0,1,0,0,3,0,0,0,0,0,0,0,0,0,1,0,0,0,0,2,9,0
/Users/kaiohs/Downloads/codes/lab02-experimentacao-software/data/repos/kestra-io__kestra/webserver/src/test/java/io/kestra/webserver/utils/SearcheableTest.java,io.kestra.webserver.utils.SearcheableTest,class,9,9,0,9,10,1,0,29,0,0.1,0.0,0.0,10,0,0,0,0,10,10,0,0,0,1,0,0,1,0,0,0,0,8,63,0,0,0,0,0,23,33,21,0,27,0,0,0,4,51,0,0
/Users/kaiohs/Downloads/codes/lab02-experimentacao-software/data/repos/kestra-io__kestra/executor/src/test/java/io/kestra/executor/handler/MultipleConditionEventMessageHandlerTest.java,io.kestra.executor.handler.MultipleConditionEventMessageHandlerTest,class,9,9,0,9,1,1,0,7,0,0.0,NaN,NaN,1,0,0,0,0,1,1,0,0,0,3,0,0,3,0,0,0,0,2,13,0,0,0,0,0,0,0,3,0,6,0,0,0,0,17,0,0
/Users/kaiohs/Downloads/codes/lab02-experimentacao-software/data/repos/kestra-io__kestra/core/src/main/java/io/kestra/core/queues/event/VNodeDispatchEvent.java,io.kestra.core.queues.event.VNodeDispatchEvent,interface,1,1,0,1,0,1,0,0,0,0.0,-1.0,-1.0,0,0,0,0,0,0,0,0,0,0,0,0,0,0,0,0,0,0,0,2,0,0,0,0,0,0,0,0,0,0,0,0,0,0,4,1,0
/Users/kaiohs/Downloads/codes/lab02-experimentacao-software/data/repos/kestra-io__kestra/core/src/test/java/io/kestra/core/runners/InputsTest.java,io.kestra.core.runners.InputsTest,class,18,19,1,18,27,1,0,86,0,0.82799995,0.0,0.0,25,0,0,4,0,21,21,0,0,0,10,2,1,9,0,0,1,0,25,236,4,0,0,0,7,308,21,62,2,77,2,0,0,25,147,1,0
/Users/kaiohs/Downloads/codes/lab02-experimentacao-software/data/repos/kestra-io__kestra/core/src/main/java/io/kestra/core/runners/pebble/filters/SubstringAfterFilter.java,io.kestra.core.runners.pebble.filters.SubstringAfterFilter,class,4,5,1,4,5,1,0,6,1,0.33333334,0.0,0.0,3,0,3,0,0,0,3,0,0,0,1,0,0,1,0,0,1,0,0,20,3,0,1,0,0,4,0,2,0,2,1,0,0,0,22,1,0
/Users/kaiohs/Downloads/codes/lab02-experimentacao-software/data/repos/kestra-io__kestra/core/src/test/java/io/kestra/core/runners/RunContextPropertyTest.java,io.kestra.core.runners.RunContextPropertyTest,class,5,5,0,5,9,1,0,20,0,0.0,0.0,0.0,9,0,0,0,0,9,9,0,0,0,1,0,0,1,0,0,0,0,25,65,0,0,0,0,0,56,4,25,0,20,0,0,0,0,35,0,0
/Users/kaiohs/Downloads/codes/lab02-experimentacao-software/data/repos/kestra-io__kestra/core/src/main/java/io/kestra/core/models/dashboards/filters/Contains.java,io.kestra.core.models.dashboards.filters.Contains,class,11,12,1,11,0,2,0,0,0,NaN,-1.0,-1.0,0,0,0,0,0,0,0,0,0,0,2,0,0,1,1,0,0,0,0,4,0,0,0,0,0,1,0,1,0,2,0,0,0,0,8,1,0
/Users/kaiohs/Downloads/codes/lab02-experimentacao-software/data/repos/kestra-io__kestra/jdbc/src/test/java/io/kestra/jdbc/runner/JdbcServiceLivenessCoordinatorTest.java,io.kestra.jdbc.runner.JdbcServiceLivenessCoordinatorTest,class,6,6,0,6,2,2,0,6,0,0.25,0.0,0.0,2,0,0,0,0,2,2,0,0,0,2,0,0,2,0,0,0,0,0,11,0,0,0,0,0,0,0,0,0,3,0,0,0,1,19,1025,0
/Users/kaiohs/Downloads/codes/lab02-experimentacao-software/data/repos/kestra-io__kestra/webserver/src/main/java/io/kestra/webserver/services/MicronautHttpService.java,io.kestra.webserver.services.MicronautHttpService,class,5,5,0,5,12,1,0,25,1,0.0,0.0,0.0,2,2,2,0,0,0,2,0,0,0,0,0,0,0,0,0,0,0,1,49,6,1,2,0,0,0,0,7,0,8,4,0,0,3,23,1025,0
/Users/kaiohs/Downloads/codes/lab02-experimentacao-software/data/repos/kestra-io__kestra/core/src/test/java/io/kestra/core/validations/FlowValidationTest.java,io.kestra.core.validations.FlowValidationTest$TestJsonProcessingException,innerclass,2,2,0,2,2,2,0,0,1,0.0,0.0,0.0,2,0,2,0,0,0,2,0,0,0,0,0,0,0,0,0,0,0,0,8,0,0,0,0,0,0,0,0,0,0,0,0,0,0,7,10,0
/Users/kaiohs/Downloads/codes/lab02-experimentacao-software/data/repos/kestra-io__kestra/repository-memory/src/main/java/io/kestra/runner/memory/DatasourceProvider.java,io.kestra.runner.memory.DatasourceProvider$H2RepositoryOrQueue,innerclass,2,2,0,2,4,1,0,4,0,0.0,NaN,NaN,1,0,1,0,0,0,1,0,0,0,0,0,0,0,0,0,0,0,0,10,2,0,0,0,2,6,0,2,0,2,1,0,0,0,12,9,0
/Users/kaiohs/Downloads/codes/lab02-experimentacao-software/data/repos/kestra-io__kestra/core/src/test/java/io/kestra/core/namespace/AbstractDefaultNamespaceFileMetadataStateStoreTest.java,io.kestra.core.namespace.AbstractDefaultNamespaceFileMetadataStateStoreTest,class,5,6,1,5,22,1,1,34,0,0.0,0.0,0.0,22,0,1,0,0,21,22,0,0,0,1,0,0,0,1,0,0,0,4,205,0,0,0,0,0,61,54,82,0,83,0,0,0,0,98,1025,0
/Users/kaiohs/Downloads/codes/lab02-experimentacao-software/data/repos/kestra-io__kestra/core/src/main/java/io/kestra/core/models/tasks/runners/TaskCommands.java,io.kestra.core.models.tasks.runners.TaskCommands,interface,4,12,8,4,19,1,0,15,120,0.0,0.0,0.0,16,0,0,0,0,16,16,0,0,0,0,0,0,0,0,0,0,0,4,37,5,0,2,1,0,0,0,5,0,6,2,0,0,2,46,1,0
/Users/kaiohs/Downloads/codes/lab02-experimentacao-software/data/repos/kestra-io__kestra/webserver/src/main/java/io/kestra/webserver/services/ai/spi/PebbleSafeTemplateFactory.java,io.kestra.webserver.services.ai.spi.PebbleSafeTemplateFactory$PebbleSafeTemplate,innerclass,2,2,0,2,9,1,0,14,0,0.5,0.0,0.0,5,3,2,3,0,0,2,0,0,0,2,1,0,2,0,0,2,0,3,31,4,2,2,0,0,6,1,6,1,5,1,0,0,0,74,8,0
/Users/kaiohs/Downloads/codes/lab02-experimentacao-software/data/repos/kestra-io__kestra/jdbc/src/test/java/io/kestra/jdbc/repository/AbstractJdbcRepositoryTest.java,io.kestra.jdbc.repository.AbstractJdbcRepositoryTest,class,5,5,0,5,1,2,0,24,0,0.0,NaN,NaN,1,0,1,0,0,0,1,0,0,0,1,1,0,1,0,0,1,0,3,21,0,0,0,0,0,6,0,3,4,4,1,0,0,1,15,1,0
/Users/kaiohs/Downloads/codes/lab02-experimentacao-software/data/repos/kestra-io__kestra/core/src/main/java/io/kestra/core/models/tasks/retrys/AbstractRetry.java,io.kestra.core.models.tasks.retrys.AbstractRetry$Behavior,enum,0,0,0,0,0,1,0,0,0,0.0,-1.0,-1.0,0,0,0,0,0,0,0,0,0,0,0,0,0,0,0,0,0,0,0,1,0,0,0,0,0,0,0,0,0,0,0,0,0,0,14,1,0
/Users/kaiohs/Downloads/codes/lab02-experimentacao-software/data/repos/kestra-io__kestra/core/src/main/java/io/kestra/core/utils/MapUtils.java,io.kestra.core.utils.MapUtils,class,6,7,1,6,57,1,0,46,91,0.9285714,0.0,0.0,14,14,7,7,0,0,7,0,0,0,1,1,0,1,0,0,1,0,22,187,23,7,15,1,1,7,4,38,4,35,3,0,0,4,111,1,2
/Users/kaiohs/Downloads/codes/lab02-experimentacao-software/data/repos/kestra-io__kestra/webserver/src/main/java/io/kestra/webserver/tenants/TenantValidationFilter.java,io.kestra.webserver.tenants.TenantValidationFilter,class,6,9,3,6,5,1,0,6,0,0.0,NaN,NaN,1,0,1,0,0,0,1,0,0,0,1,1,1,0,0,0,1,0,0,12,0,0,2,0,0,3,0,3,0,3,2,0,0,0,31,1,0
/Users/kaiohs/Downloads/codes/lab02-experimentacao-software/data/repos/kestra-io__kestra/core/src/test/java/io/kestra/core/runners/pebble/filters/DateAddFilterTest.java,io.kestra.core.runners.pebble.filters.DateAddFilterTest,class,10,10,0,10,8,1,0,8,22,0.625,0.0,0.0,8,2,0,0,0,8,8,0,0,0,1,0,0,0,0,1,0,0,5,31,2,0,0,0,0,18,8,5,0,6,0,0,0,2,45,1,0
/Users/kaiohs/Downloads/codes/lab02-experimentacao-software/data/repos/kestra-io__kestra/core/src/test/java/io/kestra/core/docs/JsonSchemaGeneratorTest.java,io.kestra.core.docs.JsonSchemaGeneratorTest$TaskWithDynamicDocumentedFields,innerclass,12,12,0,12,1,2,0,1,0,1.0,NaN,NaN,1,0,1,0,0,0,1,0,0,0,4,0,0,0,4,0,0,0,0,9,1,0,0,0,0,13,1,2,0,4,0,0,0,0,19,9,0
/Users/kaiohs/Downloads/codes/lab02-experimentacao-software/data/repos/kestra-io__kestra/core/src/main/java/io/kestra/plugin/core/trigger/Flow.java,io.kestra.plugin.core.trigger.Flow$Output,innerclass,10,10,0,10,0,1,0,0,0,NaN,-1.0,-1.0,0,0,0,0,0,0,0,0,0,0,7,0,0,7,0,0,0,0,0,9,0,0,0,0,0,7,0,0,0,7,0,0,0,0,23,9,0
/Users/kaiohs/Downloads/codes/lab02-experimentacao-software/data/repos/kestra-io__kestra/core/src/main/java/io/kestra/core/runners/pebble/filters/TimestampFilter.java,io.kestra.core.runners.pebble.filters.TimestampFilter,class,4,5,1,4,3,2,0,5,1,0.0,0.0,0.0,2,0,2,0,0,0,2,0,0,0,0,0,0,0,0,0,0,0,3,15,3,0,1,0,0,4,0,4,0,4,1,0,0,0,28,1,0
/Users/kaiohs/Downloads/codes/lab02-experimentacao-software/data/repos/kestra-io__kestra/core/src/test/java/io/kestra/plugin/core/storage/FilterItemsTest.java,io.kestra.plugin.core.storage.FilterItemsTest,class,13,14,1,13,11,1,0,37,6,0.6666667,0.0,0.0,9,1,0,2,0,7,7,0,0,0,4,2,0,2,0,2,2,0,12,93,2,0,0,4,0,24,23,25,0,29,3,0,0,3,70,0,0
/Users/kaiohs/Downloads/codes/lab02-experimentacao-software/data/repos/kestra-io__kestra/core/src/main/java/io/kestra/core/models/property/Property.java,io.kestra.core.models.property.Property$PropertyDeserializer,innerclass,4,4,0,4,4,2,0,5,1,1.0,0.0,0.0,2,0,1,0,1,0,2,0,0,0,1,1,0,1,0,0,1,0,0,21,1,0,0,0,0,0,1,6,0,4,1,0,0,0,19,8,0
/Users/kaiohs/Downloads/codes/lab02-experimentacao-software/data/repos/kestra-io__kestra/core/src/main/java/io/kestra/core/runners/WorkerJob.java,io.kestra.core.runners.WorkerJob,class,6,9,3,6,1,1,2,0,0,0.0,NaN,NaN,1,0,1,0,0,0,1,1,0,0,0,0,0,0,0,0,0,0,0,3,0,0,0,0,0,3,0,0,0,0,0,0,0,0,10,1025,0
/Users/kaiohs/Downloads/codes/lab02-experimentacao-software/data/repos/kestra-io__kestra/core/src/main/java/io/kestra/core/validations/validator/DashboardWindowValidator.java,io.kestra.core.validations.validator.DashboardWindowValidator,class,7,7,0,7,6,1,0,9,0,0.0,NaN,NaN,1,0,1,0,0,0,1,0,0,0,0,0,0,0,0,0,0,0,1,19,3,0,3,0,0,3,1,1,1,1,1,0,0,0,18,1,0
/Users/kaiohs/Downloads/codes/lab02-experimentacao-software/data/repos/kestra-io__kestra/core/src/main/java/io/kestra/core/storages/StorageInterface.java,io.kestra.core.storages.StorageInterface,interface,8,26,18,8,40,1,0,27,351,0.0,0.0,0.0,27,0,0,0,0,27,27,0,0,0,0,0,0,0,0,0,0,0,2,86,12,0,3,3,3,17,5,13,9,9,2,0,0,0,224,1,0
/Users/kaiohs/Downloads/codes/lab02-experimentacao-software/data/repos/kestra-io__kestra/core/src/main/java/io/kestra/core/services/Graph2DotService.java,io.kestra.core.services.Graph2DotService,class,8,10,2,8,17,1,0,19,28,0.0,NaN,NaN,8,8,1,7,0,0,1,0,0,0,0,0,0,0,0,0,0,0,14,58,8,2,1,0,0,24,3,5,6,4,3,0,0,0,37,1,0
/Users/kaiohs/Downloads/codes/lab02-experimentacao-software/data/repos/kestra-io__kestra/core/src/main/java/io/kestra/core/docs/Plugin.java,io.kestra.core.docs.Plugin,class,12,17,5,12,10,1,0,63,0,0.62820524,0.0,0.0,3,2,2,1,0,0,2,0,0,0,26,0,0,26,0,0,0,0,17,77,3,0,4,0,0,1,1,34,1,44,1,0,0,11,87,1,0
/Users/kaiohs/Downloads/codes/lab02-experimentacao-software/data/repos/kestra-io__kestra/executor/src/main/java/io/kestra/executor/handler/TerminatedLoopExecutionMessageHandler.java,io.kestra.executor.handler.TerminatedLoopExecutionMessageHandler,class,31,34,3,31,16,1,0,53,1,0.61111116,NaN,NaN,3,0,1,2,0,0,1,0,0,0,6,0,0,6,0,0,0,0,1,90,10,0,2,1,2,1,6,25,6,32,6,0,0,4,74,1,0
/Users/kaiohs/Downloads/codes/lab02-experimentacao-software/data/repos/kestra-io__kestra/core/src/test/java/io/kestra/core/validations/ConstantRetryValidationTest.java,io.kestra.core.validations.ConstantRetryValidationTest,class,5,5,0,5,2,1,0,16,0,0.0,0.0,0.0,2,0,0,0,0,2,2,0,0,0,1,0,0,1,0,0,0,0,4,15,0,0,0,0,0,1,7,4,0,5,0,0,0,0,24,1,0
/Users/kaiohs/Downloads/codes/lab02-experimentacao-software/data/repos/kestra-io__kestra/core/src/main/java/io/kestra/core/http/HttpRequest.java,io.kestra.core.http.HttpRequest$StringRequestBody,innerclass,8,8,0,8,2,2,0,6,0,0.5,0.0,0.0,2,1,2,0,0,0,2,0,0,0,3,0,0,3,0,0,0,0,0,11,2,0,0,0,0,0,0,1,0,3,0,0,0,0,15,9,0
/Users/kaiohs/Downloads/codes/lab02-experimentacao-software/data/repos/kestra-io__kestra/core/src/main/java/io/kestra/plugin/core/dashboard/data/Flows.java,io.kestra.plugin.core.dashboard.data.Flows,class,15,15,0,15,1,1,0,0,0,0.0,NaN,NaN,1,0,1,0,0,0,1,0,0,0,0,0,0,0,0,0,0,0,0,5,1,0,0,0,0,3,0,0,0,0,0,0,0,0,19,1,0
/Users/kaiohs/Downloads/codes/lab02-experimentacao-software/data/repos/kestra-io__kestra/jdbc-mysql/src/test/java/io/kestra/queue/mysql/MysqlDispatchQueueTest.java,io.kestra.queue.mysql.MysqlDispatchQueueTest,class,6,6,0,6,1,3,0,2,0,0.0,NaN,NaN,1,0,0,0,1,0,1,0,0,0,1,0,0,0,0,1,0,0,0,7,0,0,0,0,0,2,0,0,0,1,0,0,0,0,10,0,0
/Users/kaiohs/Downloads/codes/lab02-experimentacao-software/data/repos/kestra-io__kestra/core/src/test/java/io/kestra/core/utils/LogsTest.java,io.kestra.core.utils.LogsTest$InMemoryAppender,innerclass,2,2,0,2,3,2,0,2,0,0.0,0.0,0.0,3,0,2,0,1,0,3,0,0,0,1,0,0,1,0,0,1,0,0,12,1,0,0,0,0,0,0,1,0,1,0,0,0,0,12,10,0
/Users/kaiohs/Downloads/codes/lab02-experimentacao-software/data/repos/kestra-io__kestra/core/src/main/java/io/kestra/core/runners/RunContextInitializer.java,io.kestra.core.runners.RunContextInitializer,class,32,36,4,32,30,1,0,79,89,0.87333333,0.0,0.0,15,2,7,7,1,0,8,0,0,0,10,0,0,0,10,0,0,0,11,156,14,1,9,0,0,38,1,32,0,40,3,0,0,2,157,1,0
/Users/kaiohs/Downloads/codes/lab02-experimentacao-software/data/repos/kestra-io__kestra/core/src/main/java/io/kestra/core/exceptions/KestraRuntimeException.java,io.kestra.core.exceptions.KestraRuntimeException,class,0,9,9,0,4,4,9,0,6,1.0,0.0,0.0,4,0,4,0,0,0,4,0,0,0,1,1,0,1,0,0,1,0,0,14,0,0,0,0,0,0,1,1,0,1,0,0,0,0,18,1,0
/Users/kaiohs/Downloads/codes/lab02-experimentacao-software/data/repos/kestra-io__kestra/core/src/test/java/io/kestra/plugin/core/flow/BadExecutableTest.java,io.kestra.plugin.core.flow.BadExecutableTest,class,4,4,0,4,1,1,0,7,0,0.0,NaN,NaN,1,0,0,0,0,1,1,0,0,0,0,0,0,0,0,0,0,0,0,7,0,0,0,0,0,2,1,0,0,0,0,0,0,0,14,1,0
/Users/kaiohs/Downloads/codes/lab02-experimentacao-software/data/repos/kestra-io__kestra/core/src/main/java/io/kestra/core/runners/RunContextFactory.java,io.kestra.core.runners.RunContextFactory$Anonymous1,anonymous,0,0,0,0,3,1,0,7,3,0.0,0.0,0.0,3,0,3,0,0,0,3,0,0,0,0,0,0,0,0,0,0,0,5,13,3,0,0,0,2,7,0,2,0,2,0,0,0,0,19,-1,0
/Users/kaiohs/Downloads/codes/lab02-experimentacao-software/data/repos/kestra-io__kestra/webserver/src/main/java/io/kestra/webserver/utils/Searcheable.java,io.kestra.webserver.utils.Searcheable$Builder,innerclass,7,7,0,7,9,1,0,4,20,0.77777773,0.0,0.0,9,0,9,0,0,0,9,0,0,0,8,0,0,8,0,0,3,0,0,45,9,0,0,0,0,1,2,11,0,8,0,0,0,0,19,9,0
/Users/kaiohs/Downloads/codes/lab02-experimentacao-software/data/repos/kestra-io__kestra/core/src/main/java/io/kestra/core/models/property/Data.java,io.kestra.core.models.property.Data$From,interface,2,2,0,2,1,1,0,0,0,0.0,NaN,NaN,1,0,0,0,0,1,1,0,0,0,2,0,0,0,0,2,0,0,0,5,0,0,0,0,0,1,0,2,0,2,0,0,0,0,26,1,0
/Users/kaiohs/Downloads/codes/lab02-experimentacao-software/data/repos/kestra-io__kestra/webserver/src/test/java/io/kestra/webserver/controllers/api/ClusterControllerTest.java,io.kestra.webserver.controllers.api.ClusterControllerTest,class,9,9,0,9,4,1,0,18,0,0.33333334,0.0,0.0,3,0,0,0,0,3,3,0,0,0,2,0,0,0,0,2,0,0,2,16,0,0,1,0,0,3,2,2,2,4,0,0,0,1,30,0,0
/Users/kaiohs/Downloads/codes/lab02-experimentacao-software/data/repos/kestra-io__kestra/worker/src/main/java/io/kestra/worker/WorkerSecurityService.java,io.kestra.worker.WorkerSecurityService,class,3,7,4,3,1,1,0,1,0,0.0,NaN,NaN,1,0,1,0,0,0,1,0,0,0,0,0,0,0,0,0,0,0,0,5,1,0,0,0,0,0,0,0,0,0,0,0,0,0,9,1,0
/Users/kaiohs/Downloads/codes/lab02-experimentacao-software/data/repos/kestra-io__kestra/core/src/test/java/io/kestra/core/repositories/AbstractTaskOutputRepositoryTest.java,io.kestra.core.repositories.AbstractTaskOutputRepositoryTest,class,10,12,2,10,10,1,1,40,0,0.11111111,0.0,0.0,9,0,0,1,1,7,8,0,0,0,1,0,0,0,1,0,0,0,3,138,1,0,1,0,0,33,6,79,10,81,0,0,0,1,67,1025,0
/Users/kaiohs/Downloads/codes/lab02-experimentacao-software/data/repos/kestra-io__kestra/core/src/test/java/io/kestra/core/utils/NamespaceFilesUtilsTest.java,io.kestra.core.utils.NamespaceFilesUtilsTest,class,11,11,0,11,6,1,0,45,0,0.0,0.0,0.0,4,0,0,0,0,4,4,0,0,0,4,0,0,0,0,4,0,0,13,79,0,2,0,0,0,34,17,33,6,45,1,0,0,8,53,0,0
/Users/kaiohs/Downloads/codes/lab02-experimentacao-software/data/repos/kestra-io__kestra/jdbc-mysql/src/test/java/io/kestra/repository/mysql/MysqlLockRepositoryTest.java,io.kestra.repository.mysql.MysqlLockRepositoryTest,class,1,1,0,1,0,2,0,0,0,0.0,-1.0,-1.0,0,0,0,0,0,0,0,0,0,0,0,0,0,0,0,0,0,0,0,2,0,0,0,0,0,0,0,0,0,0,0,0,0,0,5,1,0
/Users/kaiohs/Downloads/codes/lab02-experimentacao-software/data/repos/kestra-io__kestra/core/src/main/java/io/kestra/plugin/core/http/HttpInterface.java,io.kestra.plugin.core.http.HttpInterface,interface,3,5,2,3,8,1,0,0,28,0.0,0.0,0.0,8,0,0,0,0,8,8,0,0,0,0,0,0,0,0,0,0,0,0,10,0,0,0,0,0,11,0,0,1,0,0,0,0,0,68,1,0
/Users/kaiohs/Downloads/codes/lab02-experimentacao-software/data/repos/kestra-io__kestra/core/src/test/java/io/kestra/plugin/core/flow/FlowTest.java,io.kestra.plugin.core.flow.FlowTest,class,5,5,0,5,3,1,0,3,0,0.0,0.0,0.0,3,0,0,0,0,3,3,0,0,0,1,0,0,0,0,1,0,0,0,12,0,0,0,0,0,15,0,0,0,1,0,0,0,0,17,0,0
/Users/kaiohs/Downloads/codes/lab02-experimentacao-software/data/repos/kestra-io__kestra/worker/src/test/java/io/kestra/worker/stores/GrpcWorkerKVMetadataStateStoreTest.java,io.kestra.worker.stores.GrpcWorkerKVMetadataStateStoreTest,class,8,8,0,8,10,2,0,36,0,0.5,0.0,0.0,10,0,0,0,1,9,10,0,0,0,3,0,0,1,0,2,0,0,9,77,0,0,0,0,0,15,9,30,0,32,0,0,0,0,62,0,0
/Users/kaiohs/Downloads/codes/lab02-experimentacao-software/data/repos/kestra-io__kestra/core/src/test/java/io/kestra/core/storages/KVPurgeCleanerTest.java,io.kestra.core.storages.KVPurgeCleanerTest,class,13,13,0,13,2,1,0,19,1,0.5,0.0,0.0,2,0,1,0,0,1,2,0,0,0,4,0,0,4,0,0,0,0,7,46,1,0,0,0,0,23,9,18,5,22,0,0,0,0,57,1,0
/Users/kaiohs/Downloads/codes/lab02-experimentacao-software/data/repos/kestra-io__kestra/core/src/test/java/io/kestra/core/runners/TaskCacheTest.java,io.kestra.core.runners.TaskCacheTest$CounterTask,innerclass,11,11,0,11,1,2,0,9,0,0.0,NaN,NaN,1,0,1,0,0,0,1,0,0,0,1,0,0,1,0,0,0,0,1,11,1,0,0,0,0,1,0,1,0,2,0,0,1,0,10,9,0
/Users/kaiohs/Downloads/codes/lab02-experimentacao-software/data/repos/kestra-io__kestra/core/src/test/java/io/kestra/plugin/core/execution/UnsetVariablesTest.java,io.kestra.plugin.core.execution.UnsetVariablesTest,class,6,6,0,6,1,1,0,9,0,0.0,NaN,NaN,1,0,0,0,0,1,1,0,0,0,1,0,0,1,0,0,0,0,0,8,0,0,0,0,1,4,2,0,0,1,0,0,0,0,18,0,0
/Users/kaiohs/Downloads/codes/lab02-experimentacao-software/data/repos/kestra-io__kestra/webserver/src/test/java/io/kestra/webserver/controllers/api/KVControllerTest.java,io.kestra.webserver.controllers.api.KVControllerTest,class,26,27,1,26,19,1,0,78,0,0.63529414,0.0,0.0,17,2,1,3,0,13,14,0,0,0,5,1,0,4,0,1,1,0,45,173,5,0,1,0,0,130,27,51,21,45,1,0,0,5,149,0,0
/Users/kaiohs/Downloads/codes/lab02-experimentacao-software/data/repos/kestra-io__kestra/worker-controller/src/test/java/io/kestra/controller/grpc/services/WorkerJobDispatcherTest.java,io.kestra.controller.grpc.services.WorkerJobDispatcherTest$WorkerUnregistrationTests,innerclass,8,8,0,8,3,1,0,10,3,0.0,0.0,0.0,3,0,0,0,0,3,3,0,0,0,0,0,0,0,0,0,0,0,0,23,0,0,0,0,0,7,7,4,0,4,0,0,0,0,38,0,0
/Users/kaiohs/Downloads/codes/lab02-experimentacao-software/data/repos/kestra-io__kestra/core/src/test/java/io/kestra/core/repositories/AbstractFlowRepositoryTest.java,io.kestra.core.repositories.AbstractFlowRepositoryTest$UnitTest,innerclass,12,12,0,12,3,2,0,24,0,0.5,NaN,NaN,1,0,1,0,0,0,1,0,0,0,2,0,0,2,0,0,1,0,4,15,2,0,2,0,0,3,4,2,1,3,1,0,0,0,27,9,0
/Users/kaiohs/Downloads/codes/lab02-experimentacao-software/data/repos/kestra-io__kestra/webserver/src/main/java/io/kestra/webserver/utils/filepreview/Base64Render.java,io.kestra.webserver.utils.filepreview.Base64Render,class,1,3,2,1,1,2,2,3,0,0.0,NaN,NaN,1,0,0,0,0,1,1,0,0,0,0,0,0,0,0,0,0,0,1,6,0,0,0,0,0,0,0,1,0,0,0,0,0,0,12,1,0
/Users/kaiohs/Downloads/codes/lab02-experimentacao-software/data/repos/kestra-io__kestra/core/src/main/java/io/kestra/plugin/core/storage/FilterItems.java,io.kestra.plugin.core.storage.FilterItems$FilterType,enum,1,1,0,1,2,1,0,1,0,0.0,NaN,NaN,1,0,1,0,0,0,1,0,0,0,0,0,0,0,0,0,0,0,0,4,1,0,0,0,0,0,0,0,0,0,0,0,0,0,13,1,0
/Users/kaiohs/Downloads/codes/lab02-experimentacao-software/data/repos/kestra-io__kestra/worker/src/main/java/io/kestra/worker/services/WorkerConnectionService.java,io.kestra.worker.services.WorkerConnectionService,interface,3,5,2,3,2,2,0,0,1,0.0,0.0,0.0,2,0,0,0,0,2,2,0,0,0,0,0,0,0,0,0,0,0,0,13,0,0,0,0,0,0,0,0,0,0,0,0,1,0,52,1,0
/Users/kaiohs/Downloads/codes/lab02-experimentacao-software/data/repos/kestra-io__kestra/core/src/main/java/io/kestra/core/trace/TraceUtils.java,io.kestra.core.trace.TraceUtils,class,4,6,2,4,8,1,0,16,4,0.625,0.0,0.0,4,3,3,1,0,0,3,0,0,0,6,6,6,0,0,0,6,0,0,33,3,0,4,0,0,9,0,11,0,11,1,0,0,0,35,17,0
/Users/kaiohs/Downloads/codes/lab02-experimentacao-software/data/repos/kestra-io__kestra/queue-jdbc/src/main/java/io/kestra/queue/jdbc/JdbcKeyedDispatchQueue.java,io.kestra.queue.jdbc.JdbcKeyedDispatchQueue,class,15,16,1,15,6,3,0,11,0,0.4,0.0,0.0,5,0,2,0,3,0,5,0,0,0,3,0,0,3,0,0,3,0,2,24,2,0,1,0,0,0,0,4,0,5,0,0,0,1,31,1,0
/Users/kaiohs/Downloads/codes/lab02-experimentacao-software/data/repos/kestra-io__kestra/cli/src/test/java/io/kestra/cli/commands/configs/sys/ConfigPropertiesCommandTest.java,io.kestra.cli.commands.configs.sys.ConfigPropertiesCommandTest,class,4,4,0,4,4,1,0,13,6,0.0,0.0,0.0,4,0,0,0,0,4,4,0,0,0,0,0,0,0,0,0,0,0,4,44,0,0,0,4,0,5,0,14,0,14,2,0,0,1,35,0,0
/Users/kaiohs/Downloads/codes/lab02-experimentacao-software/data/repos/kestra-io__kestra/jdbc-postgres/src/test/java/io/kestra/repository/postgres/PostgresFlowTopologyRepositoryTest.java,io.kestra.repository.postgres.PostgresFlowTopologyRepositoryTest,class,1,1,0,1,0,2,0,0,0,0.0,-1.0,-1.0,0,0,0,0,0,0,0,0,0,0,0,0,0,0,0,0,0,0,0,2,0,0,0,0,0,0,0,0,0,0,0,0,0,0,7,1,0
/Users/kaiohs/Downloads/codes/lab02-experimentacao-software/data/repos/kestra-io__kestra/core/src/test/java/io/kestra/core/repositories/AbstractFlowRepositoryTest.java,io.kestra.core.repositories.AbstractFlowRepositoryTest$FlowListener,innerclass,4,4,0,4,9,1,0,8,0,0.0,0.0,0.0,3,2,3,0,0,0,3,0,0,0,1,1,0,1,0,0,0,0,0,14,1,0,4,0,4,0,0,2,0,2,1,0,0,1,16,9,0
/Users/kaiohs/Downloads/codes/lab02-experimentacao-software/data/repos/kestra-io__kestra/webserver/src/main/java/io/kestra/webserver/controllers/api/TenantController.java,io.kestra.webserver.controllers.api.TenantController,class,17,17,0,17,5,1,0,18,0,0.375,0.0,0.0,2,0,2,0,0,0,2,0,0,0,4,1,1,3,0,0,1,0,0,24,1,0,3,0,0,11,0,4,3,8,1,0,0,4,54,1,0
/Users/kaiohs/Downloads/codes/lab02-experimentacao-software/data/repos/kestra-io__kestra/core/src/test/java/io/kestra/core/repositories/AbstractFlowRepositoryTest.java,io.kestra.core.repositories.AbstractFlowRepositoryTest,class,27,29,2,27,52,2,1,127,0,0.7121951,0.0,0.0,41,7,1,3,16,21,38,0,0,0,5,3,2,0,3,0,2,0,80,564,7,1,8,29,0,87,67,163,2,155,2,0,2,13,145,1025,0
/Users/kaiohs/Downloads/codes/lab02-experimentacao-software/data/repos/kestra-io__kestra/core/src/main/java/io/kestra/core/namespace/DefaultNamespaceFileMetadataStateStore.java,io.kestra.core.namespace.DefaultNamespaceFileMetadataStateStore,class,8,8,0,8,15,1,0,29,0,0.0,0.0,0.0,9,0,9,0,0,0,9,0,0,0,1,0,0,1,0,0,1,0,10,48,11,0,3,0,0,3,4,5,1,6,2,0,0,2,62,1,0
/Users/kaiohs/Downloads/codes/lab02-experimentacao-software/data/repos/kestra-io__kestra/core/src/test/java/io/kestra/plugin/core/trigger/ScheduleOnDatesTest.java,io.kestra.plugin.core.trigger.ScheduleOnDatesTest,class,13,14,1,13,4,1,0,36,6,0.75,0.0,0.0,4,0,3,1,0,0,3,0,0,0,2,0,0,0,0,2,0,0,10,40,1,0,0,0,0,8,9,24,0,26,0,0,0,0,46,0,0
/Users/kaiohs/Downloads/codes/lab02-experimentacao-software/data/repos/kestra-io__kestra/webserver/src/main/java/io/kestra/webserver/controllers/api/MiscController.java,io.kestra.webserver.controllers.api.MiscController$Preview,innerclass,2,2,0,2,0,1,0,0,0,NaN,-1.0,-1.0,0,0,0,0,0,0,0,0,0,0,2,0,0,0,0,2,0,0,0,4,0,0,0,0,0,0,0,0,0,2,0,0,0,0,7,9,0
/Users/kaiohs/Downloads/codes/lab02-experimentacao-software/data/repos/kestra-io__kestra/core/src/main/java/io/kestra/core/server/ServiceStateTransition.java,io.kestra.core.server.ServiceStateTransition$Result,enum,0,0,0,0,0,1,0,0,0,0.0,-1.0,-1.0,0,0,0,0,0,0,0,0,0,0,0,0,0,0,0,0,0,0,0,4,0,0,0,0,0,0,0,0,0,0,0,0,0,0,27,1,0
/Users/kaiohs/Downloads/codes/lab02-experimentacao-software/data/repos/kestra-io__kestra/core/src/main/java/io/kestra/core/scheduler/model/TriggerState.java,io.kestra.core.scheduler.model.TriggerState$TriggerStateBuilder,innerclass,0,0,0,0,0,1,0,0,0,0.0,-1.0,-1.0,0,0,0,0,0,0,0,0,0,0,0,0,0,0,0,0,0,0,0,2,0,0,0,0,0,0,0,0,0,0,0,0,0,0,3,9,0
/Users/kaiohs/Downloads/codes/lab02-experimentacao-software/data/repos/kestra-io__kestra/jdbc/src/main/java/io/kestra/jdbc/JooqDSLContextWrapper.java,io.kestra.jdbc.JooqDSLContextWrapper,class,9,17,8,9,4,1,0,14,0,0.5,0.0,0.0,4,1,3,1,0,0,3,0,0,0,3,2,0,3,0,0,3,0,3,33,3,0,0,0,0,0,4,3,0,3,1,0,1,2,51,1,0
/Users/kaiohs/Downloads/codes/lab02-experimentacao-software/data/repos/kestra-io__kestra/core/src/main/java/io/kestra/core/models/topologies/FlowTopologyGraph.java,io.kestra.core.models.topologies.FlowTopologyGraph$Edge,innerclass,5,5,0,5,0,1,0,0,0,NaN,-1.0,-1.0,0,0,0,0,0,0,0,0,0,0,3,0,0,3,0,0,3,0,0,5,0,0,0,0,0,0,0,0,0,3,0,0,0,0,6,9,0
/Users/kaiohs/Downloads/codes/lab02-experimentacao-software/data/repos/kestra-io__kestra/webserver/src/test/java/io/kestra/webserver/controllers/api/PluginControllerTest.java,io.kestra.webserver.controllers.api.PluginControllerTest,class,17,17,0,17,16,1,0,52,0,0.0625,0.0,0.0,16,1,1,0,0,15,16,0,0,0,2,1,1,0,0,1,1,0,4,98,0,0,0,0,5,63,18,22,14,26,0,0,0,6,79,0,0
/Users/kaiohs/Downloads/codes/lab02-experimentacao-software/data/repos/kestra-io__kestra/jdbc-h2/src/test/java/io/kestra/repository/h2/H2SQLInjectionTest.java,io.kestra.repository.h2.H2SQLInjectionTest,class,1,1,0,1,0,2,0,0,0,0.0,-1.0,-1.0,0,0,0,0,0,0,0,0,0,0,0,0,0,0,0,0,0,0,0,2,0,0,0,0,0,0,0,0,0,0,0,0,0,0,7,0,0
/Users/kaiohs/Downloads/codes/lab02-experimentacao-software/data/repos/kestra-io__kestra/core/src/main/java/io/kestra/core/models/executions/metrics/Gauge.java,io.kestra.core.models.executions.metrics.Gauge,class,11,14,3,11,11,2,0,3,0,0.6666667,0.0,0.0,11,8,10,1,0,0,10,0,0,0,3,1,1,2,0,0,2,0,0,39,8,0,0,0,0,1,0,4,0,3,0,0,0,0,18,1,0
/Users/kaiohs/Downloads/codes/lab02-experimentacao-software/data/repos/kestra-io__kestra/core/src/main/java/io/kestra/plugin/core/execution/Labels.java,io.kestra.plugin.core.execution.Labels$Anonymous1,anonymous,0,0,0,0,0,1,0,0,0,0.0,-1.0,-1.0,0,0,0,0,0,0,0,0,0,0,0,0,0,0,0,0,0,0,0,2,0,0,0,0,0,0,0,0,0,0,0,0,0,0,0,-1,0
/Users/kaiohs/Downloads/codes/lab02-experimentacao-software/data/repos/kestra-io__kestra/webserver/src/main/java/io/kestra/webserver/controllers/api/BlueprintController.java,io.kestra.webserver.controllers.api.BlueprintController,class,22,23,1,22,10,2,0,21,34,0.8333334,0.0,0.0,9,0,5,3,1,0,6,0,0,0,2,0,0,1,1,0,0,0,1,59,9,0,1,0,0,50,2,1,5,3,1,0,4,0,77,1,0
/Users/kaiohs/Downloads/codes/lab02-experimentacao-software/data/repos/kestra-io__kestra/core/src/test/java/io/kestra/core/runners/SecureVariableRendererFactoryTest.java,io.kestra.core.runners.SecureVariableRendererFactoryTest$Anonymous1,anonymous,0,0,0,0,1,1,0,0,0,0.0,NaN,NaN,1,0,1,0,0,0,1,0,0,0,0,0,0,0,0,0,0,0,0,5,1,0,0,0,0,0,0,0,0,0,0,0,0,0,7,-1,0
/Users/kaiohs/Downloads/codes/lab02-experimentacao-software/data/repos/kestra-io__kestra/core/src/main/java/io/kestra/core/services/ConditionService.java,io.kestra.core.services.ConditionService,class,14,22,8,14,17,1,0,30,39,0.7,0.0,0.0,10,0,7,3,0,0,7,0,0,0,1,0,0,1,0,0,0,0,1,67,16,0,2,3,0,1,0,4,0,7,2,0,0,2,56,1,1
/Users/kaiohs/Downloads/codes/lab02-experimentacao-software/data/repos/kestra-io__kestra/cli/src/main/java/io/kestra/cli/VersionProvider.java,io.kestra.cli.VersionProvider,class,1,2,1,1,1,1,0,2,0,0.0,NaN,NaN,1,0,1,0,0,0,1,0,0,0,0,0,0,0,0,0,0,0,0,5,1,0,0,0,0,0,0,0,0,0,0,0,0,0,3,0,0
/Users/kaiohs/Downloads/codes/lab02-experimentacao-software/data/repos/kestra-io__kestra/core/src/test/java/io/kestra/core/services/FlowServiceTest.java,io.kestra.core.services.FlowServiceTest,class,26,27,1,26,30,1,0,90,0,0.70666665,0.0,0.0,25,2,0,2,0,23,23,0,0,0,6,1,0,6,0,0,1,0,66,277,3,0,2,0,0,152,49,84,0,90,2,0,0,10,158,0,0
/Users/kaiohs/Downloads/codes/lab02-experimentacao-software/data/repos/kestra-io__kestra/core/src/main/java/io/kestra/core/runners/pebble/PebbleEngineFactory.java,io.kestra.core.runners.pebble.PebbleEngineFactory,class,16,17,1,16,16,1,0,43,14,0.6666667,0.0,0.0,8,0,4,4,0,0,4,0,0,0,3,0,0,3,0,0,3,0,4,77,16,0,0,1,0,4,0,10,0,21,4,0,0,6,46,1,0
/Users/kaiohs/Downloads/codes/lab02-experimentacao-software/data/repos/kestra-io__kestra/core/src/main/java/io/kestra/core/utils/ThreadMainFactoryBuilder.java,io.kestra.core.utils.ThreadMainFactoryBuilder,class,1,2,1,1,2,1,0,3,1,0.0,NaN,NaN,2,1,1,1,0,0,1,0,0,0,0,0,0,0,0,0,0,0,0,7,1,0,0,0,0,0,0,0,0,0,0,0,0,0,6,17,0
/Users/kaiohs/Downloads/codes/lab02-experimentacao-software/data/repos/kestra-io__kestra/core/src/main/java/io/kestra/core/repositories/ConcurrencyLimitRepositoryInterface.java,io.kestra.core.repositories.ConcurrencyLimitRepositoryInterface,interface,2,3,1,2,3,1,0,0,3,0.0,0.0,0.0,3,0,0,0,0,3,3,0,0,0,0,0,0,0,0,0,0,0,0,5,0,0,0,0,0,0,0,0,0,0,0,0,0,0,34,1,0
/Users/kaiohs/Downloads/codes/lab02-experimentacao-software/data/repos/kestra-io__kestra/core/src/main/java/io/kestra/core/runners/WorkerTriggerRunning.java,io.kestra.core.runners.WorkerTriggerRunning,class,11,12,1,11,2,2,0,12,0,0.5,0.0,0.0,2,1,2,0,0,0,2,0,0,0,4,1,1,3,0,0,2,0,0,12,2,0,0,0,0,1,0,2,0,4,0,0,0,0,17,1,0
/Users/kaiohs/Downloads/codes/lab02-experimentacao-software/data/repos/kestra-io__kestra/core/src/test/java/io/kestra/core/runners/pebble/filters/Sha1FilterTest.java,io.kestra.core.runners.pebble.filters.Sha1FilterTest,class,4,4,0,4,1,1,0,5,0,0.0,NaN,NaN,1,0,0,0,0,1,1,0,0,0,1,0,0,0,0,1,0,0,1,7,0,0,0,0,0,2,0,1,0,2,0,0,0,0,14,1,0
/Users/kaiohs/Downloads/codes/lab02-experimentacao-software/data/repos/kestra-io__kestra/webserver/src/main/java/io/kestra/webserver/controllers/domain/IdWithNamespace.java,io.kestra.webserver.controllers.domain.IdWithNamespace,class,4,6,2,4,0,1,0,0,0,NaN,-1.0,-1.0,0,0,0,0,0,0,0,0,0,0,2,0,0,2,0,0,0,0,0,4,0,0,0,0,0,0,0,0,0,2,0,0,0,0,5,1,0
/Users/kaiohs/Downloads/codes/lab02-experimentacao-software/data/repos/kestra-io__kestra/core/src/test/java/io/kestra/core/runners/pebble/filters/EscapeCharFilterTest.java,io.kestra.core.runners.pebble.filters.EscapeCharFilterTest,class,8,8,0,8,3,1,0,7,1,0.33333334,0.0,0.0,3,1,0,1,0,2,2,0,0,0,1,0,0,1,0,0,0,0,2,13,1,0,0,0,0,26,0,1,2,2,0,0,0,1,25,0,0
/Users/kaiohs/Downloads/codes/lab02-experimentacao-software/data/repos/kestra-io__kestra/core/src/test/java/io/kestra/core/repositories/ExecutionFixture.java,io.kestra.core.repositories.ExecutionFixture,class,2,3,1,2,3,1,0,15,3,0.0,0.0,0.0,3,3,3,0,0,0,3,0,0,0,0,0,0,0,0,0,0,0,6,11,3,0,0,0,0,16,5,0,0,0,0,0,0,0,16,0,0
/Users/kaiohs/Downloads/codes/lab02-experimentacao-software/data/repos/kestra-io__kestra/core/src/test/java/io/kestra/plugin/core/execution/PurgeExecutionsTest.java,io.kestra.plugin.core.execution.PurgeExecutionsTest,class,8,8,0,8,2,1,0,23,0,0.16666667,0.0,0.0,2,0,0,0,0,2,2,0,0,0,3,0,0,3,0,0,0,0,2,30,0,0,0,0,0,5,5,14,0,17,0,0,0,0,32,0,0
/Users/kaiohs/Downloads/codes/lab02-experimentacao-software/data/repos/kestra-io__kestra/script/src/main/java/io/kestra/plugin/scripts/runner/docker/Credentials.java,io.kestra.plugin.scripts.runner.docker.Credentials,class,5,8,3,5,0,1,0,0,0,NaN,-1.0,-1.0,0,0,0,0,0,0,0,0,0,0,6,0,0,6,0,0,0,0,0,8,0,0,0,0,0,9,0,0,0,6,0,0,0,0,25,1,0
/Users/kaiohs/Downloads/codes/lab02-experimentacao-software/data/repos/kestra-io__kestra/core/src/main/java/io/kestra/core/plugins/notifications/ExecutionInterface.java,io.kestra.core.plugins.notifications.ExecutionInterface,interface,2,3,1,2,3,1,0,0,3,0.0,0.0,0.0,3,0,0,0,0,3,3,0,0,0,0,0,0,0,0,0,0,0,0,5,0,0,0,0,0,5,0,0,1,0,0,0,0,0,28,1,0
/Users/kaiohs/Downloads/codes/lab02-experimentacao-software/data/repos/kestra-io__kestra/core/src/main/java/io/kestra/core/models/executions/Execution.java,io.kestra.core.models.executions.Execution$CustomExecutionBuilder,innerclass,2,2,0,2,1,2,0,2,0,0.0,NaN,NaN,1,0,1,0,0,0,1,0,0,0,0,0,0,0,0,0,0,0,0,6,1,0,0,0,0,0,0,0,0,0,0,0,0,0,4,10,0
/Users/kaiohs/Downloads/codes/lab02-experimentacao-software/data/repos/kestra-io__kestra/core/src/test/java/io/kestra/core/runners/TestWorkingDir.java,io.kestra.core.runners.TestWorkingDir,class,5,7,2,5,24,1,0,17,68,0.78333336,0.0,0.0,24,2,22,2,0,0,22,0,0,0,5,0,0,5,0,0,4,0,5,85,22,0,0,0,0,1,0,8,0,7,0,0,0,0,69,17,0
/Users/kaiohs/Downloads/codes/lab02-experimentacao-software/data/repos/kestra-io__kestra/core/src/test/java/io/micronaut/retry/intercept/OverrideRetryInterceptorTest.java,io.micronaut.retry.intercept.OverrideRetryInterceptorTest$RetryEvents,innerclass,4,4,0,4,1,1,0,0,0,0.0,NaN,NaN,1,0,0,0,0,1,1,0,0,0,1,0,1,0,0,0,0,0,0,6,0,0,0,0,0,0,1,1,0,1,0,0,0,0,6,9,0
/Users/kaiohs/Downloads/codes/lab02-experimentacao-software/data/repos/kestra-io__kestra/worker/src/main/java/io/kestra/worker/processors/AbstractWorkerJobProcessor.java,io.kestra.worker.processors.AbstractWorkerJobProcessor,class,10,13,3,10,10,1,0,19,9,0.75000006,0.0,0.0,7,0,4,0,3,0,7,1,0,0,8,0,0,5,3,0,8,0,2,57,3,0,0,2,0,1,0,8,0,8,2,0,0,1,43,1025,0
/Users/kaiohs/Downloads/codes/lab02-experimentacao-software/data/repos/kestra-io__kestra/worker-controller/src/main/java/io/kestra/controller/messages/MessageFormats.java,io.kestra.controller.messages.MessageFormats$Anonymous1,anonymous,6,6,0,6,11,1,0,5,0,0.0,0.0,0.0,3,0,3,0,0,0,3,0,0,0,1,1,0,1,0,0,1,0,2,38,6,0,5,3,0,0,2,3,0,3,1,0,0,0,30,-1,0
/Users/kaiohs/Downloads/codes/lab02-experimentacao-software/data/repos/kestra-io__kestra/core/src/test/java/io/kestra/core/serializers/YamlParserTest.java,io.kestra.core.serializers.YamlParserTest$Anonymous1,anonymous,0,0,0,0,0,1,0,0,0,0.0,-1.0,-1.0,0,0,0,0,0,0,0,0,0,0,0,0,0,0,0,0,0,0,0,2,0,0,0,0,0,0,0,0,0,0,0,0,0,0,0,-1,0
/Users/kaiohs/Downloads/codes/lab02-experimentacao-software/data/repos/kestra-io__kestra/jdbc-postgres/src/main/java/io/kestra/repository/postgres/PostgresJdbcConcurrencyLimitRepository.java,io.kestra.repository.postgres.PostgresJdbcConcurrencyLimitRepository,class,7,7,0,7,1,2,0,0,0,0.0,NaN,NaN,1,0,1,0,0,0,1,0,0,0,0,0,0,0,0,0,0,0,0,5,0,0,0,0,0,1,0,0,0,0,0,0,0,0,7,1,0
/Users/kaiohs/Downloads/codes/lab02-experimentacao-software/data/repos/kestra-io__kestra/core/src/test/java/io/kestra/core/runners/WorkerTaskRunningTest.java,io.kestra.core.runners.WorkerTaskRunningTest,class,4,4,0,4,1,1,0,5,0,0.0,NaN,NaN,1,0,0,0,0,1,1,0,0,0,1,1,0,0,1,0,1,0,0,8,0,0,0,0,0,0,0,2,0,2,0,0,0,0,20,0,0
/Users/kaiohs/Downloads/codes/lab02-experimentacao-software/data/repos/kestra-io__kestra/worker/src/test/java/io/kestra/worker/stores/GrpcWorkerNamespaceFileMetadataStateStoreTest.java,io.kestra.worker.stores.GrpcWorkerNamespaceFileMetadataStateStoreTest,class,8,8,0,8,15,2,0,38,0,0.42222223,0.0,0.0,15,0,0,0,1,14,15,0,0,0,3,0,0,1,0,2,0,0,3,134,0,0,0,0,0,44,34,48,0,50,0,0,0,0,87,0,0
/Users/kaiohs/Downloads/codes/lab02-experimentacao-software/data/repos/kestra-io__kestra/core/src/main/java/io/kestra/core/scheduler/queue/SchedulerEventQueue.java,io.kestra.core.scheduler.queue.SchedulerEventQueue,interface,2,6,4,2,2,1,0,0,1,0.0,0.0,0.0,2,0,0,0,0,2,2,0,0,0,0,0,0,0,0,0,0,0,0,4,0,0,0,0,0,0,0,0,0,0,0,0,0,0,74,1,0
/Users/kaiohs/Downloads/codes/lab02-experimentacao-software/data/repos/kestra-io__kestra/worker/src/main/java/io/kestra/worker/services/WorkerReportableScheduler.java,io.kestra.worker.services.WorkerReportableScheduler,class,11,13,2,11,11,2,0,14,2,0.6,0.0,0.0,5,0,3,2,0,0,3,0,0,0,4,0,0,4,0,0,1,0,4,46,1,0,5,0,0,5,1,8,0,5,2,0,0,1,69,1,2
/Users/kaiohs/Downloads/codes/lab02-experimentacao-software/data/repos/kestra-io__kestra/jdbc/src/main/java/io/kestra/jdbc/repository/AbstractJdbcSettingRepository.java,io.kestra.jdbc.repository.AbstractJdbcSettingRepository,class,10,11,1,10,10,2,0,15,30,0.6666667,0.0,0.0,9,0,7,0,2,0,9,0,0,0,1,0,0,1,0,0,1,0,1,40,8,0,0,0,0,3,0,3,1,3,1,0,0,0,40,1025,0
/Users/kaiohs/Downloads/codes/lab02-experimentacao-software/data/repos/kestra-io__kestra/core/src/main/java/io/kestra/core/utils/PathMatcherPredicate.java,io.kestra.core.utils.PathMatcherPredicate,class,3,6,3,3,14,1,0,16,24,0.75,0.0,0.0,9,6,6,3,0,0,6,0,0,0,4,2,0,4,0,0,4,0,5,68,9,0,1,0,1,10,0,9,4,9,3,0,1,2,67,17,0
/Users/kaiohs/Downloads/codes/lab02-experimentacao-software/data/repos/kestra-io__kestra/core/src/main/java/io/kestra/core/server/ServiceLivenessManager.java,io.kestra.core.server.ServiceLivenessManager$DefaultStateTransitionFailureCallback,innerclass,5,5,0,5,8,1,0,15,0,0.0,NaN,NaN,1,0,1,0,0,0,1,0,0,0,0,0,0,0,0,0,0,0,4,18,3,0,0,0,0,2,0,1,0,1,2,0,0,0,23,25,2
/Users/kaiohs/Downloads/codes/lab02-experimentacao-software/data/repos/kestra-io__kestra/core/src/main/java/io/kestra/core/models/SoftDeletable.java,io.kestra.core.models.SoftDeletable,interface,1,5,4,1,2,1,0,0,1,0.0,0.0,0.0,2,0,0,0,0,2,2,0,0,0,0,0,0,0,0,0,0,0,0,4,0,0,0,0,0,0,0,0,0,0,0,0,0,0,35,1,0
/Users/kaiohs/Downloads/codes/lab02-experimentacao-software/data/repos/kestra-io__kestra/core/src/test/java/io/kestra/scheduler/vnodes/VNodesTest.java,io.kestra.scheduler.vnodes.VNodesTest,class,3,3,0,3,2,1,0,7,1,0.0,0.0,0.0,2,0,0,0,0,2,2,0,0,0,0,0,0,0,0,0,0,0,5,12,0,0,0,0,0,9,2,4,0,4,0,0,0,0,22,0,0
/Users/kaiohs/Downloads/codes/lab02-experimentacao-software/data/repos/kestra-io__kestra/core/src/test/java/io/kestra/core/runners/TestSuiteTest.java,io.kestra.core.runners.TestSuiteTest,class,17,18,1,17,7,1,0,49,21,0.9142858,0.0,0.0,7,1,0,3,0,4,4,0,0,0,5,0,0,1,4,0,0,0,12,54,3,0,0,0,0,40,3,10,0,19,1,0,0,4,52,0,0
/Users/kaiohs/Downloads/codes/lab02-experimentacao-software/data/repos/kestra-io__kestra/core/src/test/java/io/kestra/plugin/core/flow/TimeoutTest.java,io.kestra.plugin.core.flow.TimeoutTest,class,12,12,0,12,1,1,0,30,0,0.0,NaN,NaN,1,0,0,0,0,1,1,0,0,0,3,0,0,2,0,1,0,0,6,15,0,0,0,0,0,3,6,4,0,8,0,0,0,1,24,0,0
/Users/kaiohs/Downloads/codes/lab02-experimentacao-software/data/repos/kestra-io__kestra/core/src/main/java/io/kestra/core/runners/RunContextCache.java,io.kestra.core.runners.RunContextCache,class,7,10,3,7,2,1,0,19,1,0.5,NaN,NaN,2,0,0,1,0,1,1,0,0,0,4,0,0,4,0,0,0,0,3,16,1,0,0,0,0,6,0,6,0,8,0,0,0,2,19,1,0
/Users/kaiohs/Downloads/codes/lab02-experimentacao-software/data/repos/kestra-io__kestra/core/src/main/java/io/kestra/core/models/tasks/common/FetchType.java,io.kestra.core.models.tasks.common.FetchType,enum,0,0,0,0,0,1,0,0,0,0.0,-1.0,-1.0,0,0,0,0,0,0,0,0,0,0,0,0,0,0,0,0,0,0,0,5,0,0,0,0,0,0,0,0,0,0,0,0,0,0,38,1,0
/Users/kaiohs/Downloads/codes/lab02-experimentacao-software/data/repos/kestra-io__kestra/core/src/main/java/io/kestra/core/runners/RunContextProperty.java,io.kestra.core.runners.RunContextProperty,class,11,15,4,11,15,1,0,17,0,0.61818177,0.0,0.0,11,0,7,2,0,2,9,0,0,0,5,0,0,5,0,0,5,0,10,64,8,0,2,0,2,5,0,11,0,17,1,0,0,6,112,1,1
/Users/kaiohs/Downloads/codes/lab02-experimentacao-software/data/repos/kestra-io__kestra/core/src/main/java/io/kestra/core/models/executions/TaskRun.java,io.kestra.core.models.executions.TaskRun,class,23,36,13,23,52,1,0,72,4,0.6980392,0.0,0.0,17,1,17,0,0,0,17,0,0,0,15,0,0,0,0,15,0,0,1,129,25,0,24,0,7,17,7,15,8,29,2,0,0,1,122,1,0
/Users/kaiohs/Downloads/codes/lab02-experimentacao-software/data/repos/kestra-io__kestra/core/src/test/java/io/kestra/core/utils/VersionTest.java,io.kestra.core.utils.VersionTest,class,2,2,0,2,22,1,0,20,231,0.0,0.0,0.0,22,0,7,0,0,15,22,0,0,0,0,0,0,0,0,0,0,0,5,117,0,0,0,0,0,91,17,23,0,19,0,0,0,2,53,0,0
/Users/kaiohs/Downloads/codes/lab02-experimentacao-software/data/repos/kestra-io__kestra/core/src/main/java/io/kestra/core/http/HttpService.java,io.kestra.core.http.HttpService$HttpEntityCopy,innerclass,5,5,0,5,0,1,0,0,0,NaN,-1.0,-1.0,0,0,0,0,0,0,0,0,0,0,2,0,0,2,0,0,2,0,0,4,0,0,0,0,0,0,0,0,0,2,0,0,0,0,5,25,0
/Users/kaiohs/Downloads/codes/lab02-experimentacao-software/data/repos/kestra-io__kestra/executor/src/main/java/io/kestra/executor/ExecutionStateStore.java,io.kestra.executor.ExecutionStateStore,interface,2,12,10,2,3,1,0,0,3,0.0,0.0,0.0,3,0,0,0,0,3,3,0,0,0,0,0,0,0,0,0,0,0,0,5,0,0,0,0,0,0,0,0,0,0,0,0,0,0,43,1,0
/Users/kaiohs/Downloads/codes/lab02-experimentacao-software/data/repos/kestra-io__kestra/core/src/test/java/io/kestra/plugin/core/condition/ExecutionLabelsTest.java,io.kestra.plugin.core.condition.ExecutionLabelsTest,class,8,8,0,8,4,1,0,13,0,0.0,0.0,0.0,4,0,0,0,0,4,4,0,0,0,1,0,0,0,0,1,0,0,7,31,0,0,0,0,0,20,0,16,0,17,0,0,0,0,17,1,0
/Users/kaiohs/Downloads/codes/lab02-experimentacao-software/data/repos/kestra-io__kestra/core/src/main/java/io/kestra/core/assets/AssetManagerFactory.java,io.kestra.core.assets.AssetManagerFactory,class,3,6,3,3,1,1,0,0,0,0.0,NaN,NaN,1,0,1,0,0,0,1,0,0,0,0,0,0,0,0,0,0,0,0,13,1,0,0,0,0,0,0,0,0,0,0,1,0,0,6,1,0
/Users/kaiohs/Downloads/codes/lab02-experimentacao-software/data/repos/kestra-io__kestra/core/src/main/java/io/kestra/core/models/executions/ExecutionKind.java,io.kestra.core.models.executions.ExecutionKind,enum,0,4,4,0,0,1,0,0,0,0.0,-1.0,-1.0,0,0,0,0,0,0,0,0,0,0,0,0,0,0,0,0,0,0,0,1,0,0,0,0,0,0,0,0,0,0,0,0,0,0,29,1,0
/Users/kaiohs/Downloads/codes/lab02-experimentacao-software/data/repos/kestra-io__kestra/core/src/main/java/io/kestra/core/utils/Rethrow.java,io.kestra.core.utils.Rethrow$ConsumerChecked,interface,1,1,0,1,1,1,0,0,0,0.0,NaN,NaN,1,0,0,0,0,1,1,0,0,0,0,0,0,0,0,0,0,0,0,3,0,0,0,0,0,0,0,0,0,0,0,0,0,0,5,1,0
/Users/kaiohs/Downloads/codes/lab02-experimentacao-software/data/repos/kestra-io__kestra/core/src/main/java/io/kestra/core/serializers/TenantSerializer.java,io.kestra.core.serializers.TenantSerializer,class,6,6,0,6,2,2,0,7,0,1.0,NaN,NaN,1,0,1,0,0,0,1,0,0,0,1,1,0,1,0,0,1,0,0,9,2,0,0,0,0,1,1,1,0,2,1,0,0,1,18,1,0
/Users/kaiohs/Downloads/codes/lab02-experimentacao-software/data/repos/kestra-io__kestra/core/src/test/java/io/kestra/core/runners/test/AssetEmitter.java,io.kestra.core.runners.test.AssetEmitter,class,13,13,0,13,1,2,0,2,0,0.0,NaN,NaN,1,0,1,0,0,0,1,0,0,0,1,0,0,1,0,0,0,0,0,7,1,0,0,0,0,0,0,0,0,1,0,0,0,0,13,1,0
/Users/kaiohs/Downloads/codes/lab02-experimentacao-software/data/repos/kestra-io__kestra/core/src/main/java/io/kestra/core/runners/pebble/functions/FromJsonFunction.java,io.kestra.core.runners.pebble.functions.FromJsonFunction,class,6,7,1,6,7,1,0,8,3,0.6666667,0.0,0.0,3,0,3,0,0,0,3,0,0,0,2,2,1,1,0,0,2,0,3,29,4,0,1,1,1,11,0,3,2,3,1,0,0,0,35,1,0
/Users/kaiohs/Downloads/codes/lab02-experimentacao-software/data/repos/kestra-io__kestra/core/src/test/java/io/kestra/core/runners/pebble/functions/RandomPortFunctionTest.java,io.kestra.core.runners.pebble.functions.RandomPortFunctionTest,class,4,4,0,4,1,1,0,5,0,0.0,NaN,NaN,1,0,0,0,0,1,1,0,0,0,1,0,0,0,0,1,0,0,2,7,0,0,0,0,0,1,1,1,0,2,0,0,0,0,17,0,0
/Users/kaiohs/Downloads/codes/lab02-experimentacao-software/data/repos/kestra-io__kestra/core/src/main/java/io/kestra/core/storages/kv/InternalKVStore.java,io.kestra.core.storages.kv.InternalKVStore,class,15,16,1,15,20,1,0,53,0,0.425,0.0,0.0,8,0,8,0,0,0,8,0,0,0,5,1,0,5,0,0,5,0,19,80,12,0,0,1,1,4,1,16,0,17,2,0,0,1,93,1,0
/Users/kaiohs/Downloads/codes/lab02-experimentacao-software/data/repos/kestra-io__kestra/core/src/main/java/io/kestra/core/reporter/Schedules.java,io.kestra.core.reporter.Schedules$Anonymous1,anonymous,0,0,0,0,2,1,0,2,0,0.0,NaN,NaN,1,0,1,0,0,0,1,0,0,0,1,0,0,1,0,0,0,0,1,10,2,0,0,0,0,0,1,2,0,1,1,0,0,0,8,-1,0
/Users/kaiohs/Downloads/codes/lab02-experimentacao-software/data/repos/kestra-io__kestra/webserver/src/test/java/io/kestra/webserver/controllers/api/WebhookRoutingTest.java,io.kestra.webserver.controllers.api.WebhookRoutingTest,class,8,8,0,8,12,1,0,11,0,0.041666668,0.0,0.0,12,0,0,0,0,12,12,0,0,0,2,1,0,1,0,1,1,0,0,59,0,0,0,0,0,56,0,15,13,16,0,0,0,7,67,1,0
/Users/kaiohs/Downloads/codes/lab02-experimentacao-software/data/repos/kestra-io__kestra/core/src/test/java/io/kestra/core/utils/EnumsTest.java,io.kestra.core.utils.EnumsTest$TestEnumWithValue,enum,1,1,0,1,3,1,0,5,1,0.5,0.0,0.0,3,1,2,0,0,1,3,0,0,0,2,1,0,2,0,0,2,0,4,12,2,0,0,0,0,2,0,2,0,2,0,0,0,0,20,0,0
/Users/kaiohs/Downloads/codes/lab02-experimentacao-software/data/repos/kestra-io__kestra/core/src/main/java/io/kestra/core/models/flows/input/SecretInput.java,io.kestra.core.models.flows.input.SecretInput,class,9,13,4,9,4,2,0,4,1,1.0,0.0,0.0,2,0,2,0,0,0,2,0,0,0,1,0,0,0,0,1,0,0,1,10,0,0,1,0,0,3,0,0,1,1,1,0,0,0,19,1,0
/Users/kaiohs/Downloads/codes/lab02-experimentacao-software/data/repos/kestra-io__kestra/script/src/test/java/io/kestra/plugin/scripts/runners/LogConsumerTest.java,io.kestra.plugin.scripts.runners.LogConsumerTest,class,13,13,0,13,7,1,0,32,0,0.22222222,0.0,0.0,3,0,0,0,0,3,3,0,0,0,3,1,0,3,0,0,1,0,18,45,0,1,2,0,0,20,18,13,2,20,1,1,0,8,41,0,0
/Users/kaiohs/Downloads/codes/lab02-experimentacao-software/data/repos/kestra-io__kestra/core/src/main/java/io/kestra/plugin/core/dashboard/chart/pies/PieOption.java,io.kestra.plugin.core.dashboard.chart.pies.PieOption$PieGraphStyle,enum,0,0,0,0,0,1,0,0,0,0.0,-1.0,-1.0,0,0,0,0,0,0,0,0,0,0,0,0,0,0,0,0,0,0,0,1,0,0,0,0,0,0,0,0,0,0,0,0,0,0,9,0,0
/Users/kaiohs/Downloads/codes/lab02-experimentacao-software/data/repos/kestra-io__kestra/core/src/main/java/io/kestra/core/models/dashboards/filters/IsNotNull.java,io.kestra.core.models.dashboards.filters.IsNotNull,class,10,11,1,10,0,2,0,0,0,NaN,-1.0,-1.0,0,0,0,0,0,0,0,0,0,0,1,0,0,0,1,0,0,0,0,3,0,0,0,0,0,1,0,1,0,1,0,0,0,0,4,1,0
/Users/kaiohs/Downloads/codes/lab02-experimentacao-software/data/repos/kestra-io__kestra/core/src/test/java/io/kestra/plugin/core/flow/LoopUntilCaseTest.java,io.kestra.plugin.core.flow.LoopUntilCaseTest,class,7,7,0,7,7,1,0,19,0,0.14285715,0.0,0.0,7,0,7,0,0,0,7,0,0,0,2,0,0,1,1,0,0,0,0,48,0,0,0,0,0,24,7,11,0,13,0,0,0,0,44,1,0
/Users/kaiohs/Downloads/codes/lab02-experimentacao-software/data/repos/kestra-io__kestra/core/src/main/java/io/kestra/core/services/ExecutionLogService.java,io.kestra.core.services.ExecutionLogService,class,8,10,2,8,20,1,0,23,3,0.33333334,0.0,0.0,6,0,6,0,0,0,6,0,0,0,1,0,0,1,0,0,1,0,1,42,9,0,4,0,0,1,5,4,0,5,2,0,0,1,66,1,0
/Users/kaiohs/Downloads/codes/lab02-experimentacao-software/data/repos/kestra-io__kestra/webserver/src/test/java/io/kestra/webserver/OpenapiTest.java,io.kestra.webserver.OpenapiTest,class,2,2,0,2,1,1,0,4,0,0.0,NaN,NaN,1,0,0,0,0,1,1,0,0,0,0,0,0,0,0,0,0,0,0,6,0,0,0,0,0,1,0,1,0,1,0,0,0,0,14,0,0
/Users/kaiohs/Downloads/codes/lab02-experimentacao-software/data/repos/kestra-io__kestra/core/src/test/java/io/kestra/core/utils/ListUtilsTest.java,io.kestra.core.utils.ListUtilsTest,class,1,1,0,1,5,1,0,19,10,0.0,0.0,0.0,5,0,0,0,0,5,5,0,0,0,0,0,0,0,0,0,0,0,16,32,0,0,0,0,0,23,10,4,0,3,0,0,0,2,21,0,0
/Users/kaiohs/Downloads/codes/lab02-experimentacao-software/data/repos/kestra-io__kestra/runner-memory/src/test/java/io/kestra/repository/memory/MemoryRepositoryTest.java,io.kestra.repository.memory.MemoryRepositoryTest,class,4,4,0,4,1,1,0,10,0,0.0,NaN,NaN,1,0,0,0,0,1,1,0,0,0,1,0,0,1,0,0,0,0,0,10,0,0,0,0,0,2,1,1,0,2,0,0,0,0,21,1,0
/Users/kaiohs/Downloads/codes/lab02-experimentacao-software/data/repos/kestra-io__kestra/core/src/main/java/io/kestra/core/runners/WorkerGroupMetaStore.java,io.kestra.core.runners.WorkerGroupMetaStore,interface,1,5,4,1,3,1,0,0,3,0.0,0.0,0.0,3,0,0,0,0,3,3,0,0,0,0,0,0,0,0,0,0,0,0,16,0,0,0,0,0,0,0,0,0,0,0,0,1,0,50,1,0
/Users/kaiohs/Downloads/codes/lab02-experimentacao-software/data/repos/kestra-io__kestra/webserver/src/main/java/io/kestra/webserver/utils/CSVUtils.java,io.kestra.webserver.utils.CSVUtils,class,4,9,5,4,12,1,0,29,3,0.0,0.0,0.0,3,3,2,1,0,0,2,0,0,0,0,0,0,0,0,0,0,0,0,36,6,1,2,1,0,15,1,6,4,12,2,0,0,5,31,1,0
/Users/kaiohs/Downloads/codes/lab02-experimentacao-software/data/repos/kestra-io__kestra/queue/src/main/java/io/kestra/queue/AbstractDispatchQueue.java,io.kestra.queue.AbstractDispatchQueue,class,10,12,2,10,12,2,0,21,36,0.0,0.0,0.0,9,0,6,0,3,0,9,2,3,0,0,0,0,0,0,0,0,0,2,47,3,1,0,2,0,0,0,0,0,3,2,0,0,5,29,1025,0
/Users/kaiohs/Downloads/codes/lab02-experimentacao-software/data/repos/kestra-io__kestra/worker/src/main/java/io/kestra/worker/WorkerLogEntryEmitter.java,io.kestra.worker.WorkerLogEntryEmitter,class,8,8,0,8,3,1,0,5,1,0.33333334,0.0,0.0,3,0,3,0,0,0,3,0,0,0,1,0,0,1,0,0,1,0,2,14,2,0,0,0,0,2,0,1,0,1,0,0,0,1,27,1,0
/Users/kaiohs/Downloads/codes/lab02-experimentacao-software/data/repos/kestra-io__kestra/core/src/main/java/io/kestra/core/repositories/LogRepositoryInterface.java,io.kestra.core.repositories.LogRepositoryInterface,interface,12,15,3,12,25,1,0,1,300,0.0,0.0,0.0,25,0,0,0,0,25,25,0,0,0,0,0,0,0,0,0,0,0,0,29,1,0,0,0,0,0,0,0,0,0,0,0,0,0,85,1,0
/Users/kaiohs/Downloads/codes/lab02-experimentacao-software/data/repos/kestra-io__kestra/core/src/main/java/io/kestra/core/models/collectors/HostUsage.java,io.kestra.core.models.collectors.HostUsage$Hardware,innerclass,3,3,0,3,0,1,0,0,0,NaN,-1.0,-1.0,0,0,0,0,0,0,0,0,0,0,6,0,0,6,0,0,6,0,0,8,0,0,0,0,0,0,0,0,0,6,0,0,0,0,13,9,0
/Users/kaiohs/Downloads/codes/lab02-experimentacao-software/data/repos/kestra-io__kestra/tests/src/main/java/io/kestra/core/utils/CountDownLatchTask.java,io.kestra.core.utils.CountDownLatchTask,class,19,20,1,19,8,2,0,23,0,0.33333334,0.0,0.0,3,2,3,0,0,0,3,0,0,0,5,2,1,1,0,3,2,0,4,42,3,0,4,0,0,18,1,13,5,14,2,0,0,1,94,1,0
/Users/kaiohs/Downloads/codes/lab02-experimentacao-software/data/repos/kestra-io__kestra/core/src/test/java/io/kestra/core/models/property/DynamicPropertyExampleTask.java,io.kestra.core.models.property.DynamicPropertyExampleTask$Message,innerclass,4,4,0,4,1,1,0,5,0,0.0,-1.0,-1.0,1,1,0,1,0,0,0,0,0,0,2,0,0,2,0,0,0,0,0,7,1,0,0,0,0,2,0,0,0,2,0,0,0,0,10,9,0
/Users/kaiohs/Downloads/codes/lab02-experimentacao-software/data/repos/kestra-io__kestra/jdbc-postgres/src/test/java/io/kestra/runner/postgres/PostgresMultipleConditionStateStoreTest.java,io.kestra.runner.postgres.PostgresMultipleConditionStateStoreTest,class,1,1,0,1,0,2,0,0,0,0.0,-1.0,-1.0,0,0,0,0,0,0,0,0,0,0,0,0,0,0,0,0,0,0,0,2,0,0,0,0,0,0,0,0,0,0,0,0,0,0,7,0,0
/Users/kaiohs/Downloads/codes/lab02-experimentacao-software/data/repos/kestra-io__kestra/jdbc-h2/src/main/java/io/kestra/repository/h2/H2ExecutionRepository.java,io.kestra.repository.h2.H2ExecutionRepository,class,16,16,0,16,4,2,0,3,6,0.0,0.0,0.0,4,0,2,0,2,0,4,0,0,0,0,0,0,0,0,0,0,0,3,14,3,0,0,0,0,1,0,0,0,0,0,0,0,0,20,1,0
/Users/kaiohs/Downloads/codes/lab02-experimentacao-software/data/repos/kestra-io__kestra/cli/src/main/java/io/kestra/cli/commands/plugins/PluginDocCommand.java,io.kestra.cli.commands.plugins.PluginDocCommand,class,12,14,2,12,13,3,0,39,1,0.5,0.0,0.0,2,0,1,0,1,0,2,0,0,0,6,0,0,6,0,0,0,0,3,54,2,1,2,2,0,22,4,14,2,15,5,0,0,2,66,1,0
/Users/kaiohs/Downloads/codes/lab02-experimentacao-software/data/repos/kestra-io__kestra/core/src/main/java/io/kestra/core/models/flows/Flow.java,io.kestra.core.models.flows.Flow,class,31,43,12,31,32,2,1,54,122,0.9243697,0.0,0.0,17,0,16,1,0,0,16,0,0,0,14,2,0,2,1,11,2,0,23,107,20,0,10,1,6,13,1,6,2,28,1,1,0,11,145,1,0
/Users/kaiohs/Downloads/codes/lab02-experimentacao-software/data/repos/kestra-io__kestra/worker/src/main/java/io/kestra/worker/processors/WorkerTriggerProcessor.java,io.kestra.worker.processors.WorkerTriggerProcessor,class,26,28,2,26,25,2,0,51,1,0.625,0.0,0.0,6,0,1,4,1,0,2,0,0,0,4,0,0,4,0,0,4,0,0,97,0,0,7,1,1,11,3,21,1,24,4,0,0,5,76,1,2
/Users/kaiohs/Downloads/codes/lab02-experimentacao-software/data/repos/kestra-io__kestra/scheduler/src/test/java/io/kestra/scheduler/Fixtures.java,io.kestra.scheduler.Fixtures,interface,9,13,4,9,10,1,0,24,33,0.725,0.0,0.0,10,10,0,0,0,10,10,0,0,0,4,0,0,0,0,4,0,0,11,38,10,0,0,0,0,8,2,6,0,6,0,0,0,0,36,1,0
/Users/kaiohs/Downloads/codes/lab02-experimentacao-software/data/repos/kestra-io__kestra/webserver/src/main/java/io/kestra/webserver/controllers/api/DashboardController.java,io.kestra.webserver.controllers.api.DashboardController,class,54,55,1,54,64,1,0,104,116,0.83928573,0.0,0.0,21,0,13,7,1,0,14,0,0,0,8,3,2,2,4,0,3,0,21,291,30,0,20,2,3,89,8,63,3,68,3,0,1,7,172,1,2
/Users/kaiohs/Downloads/codes/lab02-experimentacao-software/data/repos/kestra-io__kestra/core/src/test/java/io/kestra/core/reporter/reports/SystemInformationReportTest.java,io.kestra.core.reporter.reports.SystemInformationReportTest$TestSettingRepository,innerclass,4,4,0,4,7,1,0,4,8,0.6,0.0,0.0,5,0,5,0,0,0,5,0,0,0,1,1,1,0,0,0,0,0,1,24,5,0,0,0,0,0,0,3,0,1,1,0,0,0,22,8,0
/Users/kaiohs/Downloads/codes/lab02-experimentacao-software/data/repos/kestra-io__kestra/core/src/main/java/io/kestra/core/runners/Services.java,io.kestra.core.runners.Services,class,7,15,8,7,8,1,0,7,0,0.35714287,0.0,0.0,7,0,6,0,0,1,7,0,0,0,2,0,0,2,0,0,2,0,0,29,6,0,0,0,0,2,0,2,0,3,1,0,0,1,75,1,0
/Users/kaiohs/Downloads/codes/lab02-experimentacao-software/data/repos/kestra-io__kestra/core/src/main/java/io/kestra/plugin/core/dashboard/data/IData.java,io.kestra.plugin.core.dashboard.data.IData,interface,3,8,5,3,1,1,0,0,0,0.0,NaN,NaN,1,0,0,0,0,1,1,0,0,0,0,0,0,0,0,0,0,0,0,3,0,0,0,0,0,0,0,0,0,0,0,0,0,0,7,1,0
/Users/kaiohs/Downloads/codes/lab02-experimentacao-software/data/repos/kestra-io__kestra/core/src/main/java/io/kestra/core/scheduler/service/DefaultTriggerExecutionPublisher.java,io.kestra.core.scheduler.service.DefaultTriggerExecutionPublisher,class,10,11,1,10,6,1,0,13,0,0.4166667,0.0,0.0,3,0,2,1,0,0,2,0,0,0,4,1,0,4,0,0,4,0,0,33,1,0,0,2,0,1,0,7,0,7,2,0,0,0,27,1,1
/Users/kaiohs/Downloads/codes/lab02-experimentacao-software/data/repos/kestra-io__kestra/core/src/test/java/io/kestra/core/plugins/ClassTypeIdentifierTest.java,io.kestra.core.plugins.ClassTypeIdentifierTest,class,1,1,0,1,1,1,0,4,0,0.0,NaN,NaN,1,0,0,0,0,1,1,0,0,0,0,0,0,0,0,0,0,0,0,6,0,0,0,0,0,1,0,1,0,1,0,0,0,0,9,1,0
/Users/kaiohs/Downloads/codes/lab02-experimentacao-software/data/repos/kestra-io__kestra/core/src/main/java/io/kestra/core/server/ClusterEvent.java,io.kestra.core.server.EventType,enum,0,0,0,0,0,1,0,0,0,0.0,-1.0,-1.0,0,0,0,0,0,0,0,0,0,0,0,0,0,0,0,0,0,0,0,1,0,0,0,0,0,0,0,0,0,0,0,0,0,0,19,1,0
/Users/kaiohs/Downloads/codes/lab02-experimentacao-software/data/repos/kestra-io__kestra/core/src/main/java/io/kestra/core/storages/InternalNamespace.java,io.kestra.core.storages.InternalNamespace,class,14,16,2,14,45,1,0,115,14,0.6,0.0,0.0,24,0,17,7,0,0,17,0,0,0,5,0,0,5,0,0,5,0,25,202,21,2,1,3,1,32,7,51,10,54,4,0,0,12,155,1,5
/Users/kaiohs/Downloads/codes/lab02-experimentacao-software/data/repos/kestra-io__kestra/core/src/main/java/io/kestra/core/models/executions/Variables.java,io.kestra.core.models.executions.Variables$InStorageVariables,innerclass,9,9,0,9,17,2,0,28,0,0.5142857,0.0,0.0,7,1,0,2,1,4,5,0,0,0,5,1,0,5,0,0,3,0,14,88,13,0,3,2,0,8,0,20,0,17,4,0,1,3,48,16,0
/Users/kaiohs/Downloads/codes/lab02-experimentacao-software/data/repos/kestra-io__kestra/core/src/main/java/io/kestra/core/runners/pebble/filters/Md5Filter.java,io.kestra.core.runners.pebble.filters.Md5Filter,class,1,2,1,1,1,2,0,0,0,0.0,NaN,NaN,1,0,1,0,0,0,1,0,0,0,0,0,0,0,0,0,0,0,0,5,0,0,0,0,0,1,0,0,0,0,0,0,0,0,8,1,0
/Users/kaiohs/Downloads/codes/lab02-experimentacao-software/data/repos/kestra-io__kestra/worker-controller/src/main/java/io/kestra/controller/grpc/services/GrpcLivenessControllerService.java,io.kestra.controller.grpc.services.GrpcLivenessControllerService,class,16,16,0,16,6,2,0,23,0,0.41666666,0.0,0.0,4,0,4,0,0,0,4,0,0,0,3,0,0,3,0,0,3,0,1,42,0,0,2,0,0,0,0,8,0,7,1,1,0,0,30,1,0
/Users/kaiohs/Downloads/codes/lab02-experimentacao-software/data/repos/kestra-io__kestra/core/src/main/java/io/kestra/core/runners/AclCheckerImpl.java,io.kestra.core.runners.AclCheckerImpl$AllowNamespace,innerclass,3,3,0,3,2,1,0,6,0,0.0,0.0,0.0,2,0,2,0,0,0,2,0,0,0,3,0,0,3,0,0,3,0,3,13,0,0,0,0,0,0,0,3,0,3,0,0,0,0,9,8,0
/Users/kaiohs/Downloads/codes/lab02-experimentacao-software/data/repos/kestra-io__kestra/webserver/src/test/java/io/kestra/webserver/controllers/api/NamespaceFileControllerTest.java,io.kestra.webserver.controllers.api.NamespaceFileControllerTest$TestFileAttributes,innerclass,4,4,0,4,0,1,0,0,0,NaN,-1.0,-1.0,0,0,0,0,0,0,0,0,0,0,6,0,0,0,0,6,0,0,0,8,0,0,0,0,0,0,0,0,0,6,0,0,0,0,13,9,0
/Users/kaiohs/Downloads/codes/lab02-experimentacao-software/data/repos/kestra-io__kestra/scheduler/src/test/java/io/kestra/scheduler/utils/InMemoryTriggerStateStore.java,io.kestra.scheduler.utils.InMemoryTriggerStateStore,class,3,6,3,3,14,1,0,22,0,0.125,0.0,0.0,8,0,8,0,0,0,8,0,0,0,1,0,0,1,0,0,1,0,7,35,7,0,4,0,0,2,0,1,0,5,1,0,0,4,55,1,0
/Users/kaiohs/Downloads/codes/lab02-experimentacao-software/data/repos/kestra-io__kestra/core/src/main/java/io/kestra/core/docs/DocumentationWithSchema.java,io.kestra.core.docs.DocumentationWithSchema,class,4,4,0,4,0,1,0,0,0,NaN,-1.0,-1.0,0,0,0,0,0,0,0,0,0,0,2,0,0,0,0,2,0,0,0,4,0,0,0,0,0,0,0,0,0,2,0,0,0,0,5,1,0
/Users/kaiohs/Downloads/codes/lab02-experimentacao-software/data/repos/kestra-io__kestra/core/src/main/java/io/kestra/core/exceptions/InvalidTriggerConfigurationException.java,io.kestra.core.exceptions.InvalidTriggerConfigurationException,class,1,1,0,1,3,5,0,0,3,0.0,0.0,0.0,3,0,3,0,0,0,3,0,0,0,0,0,0,0,0,0,0,0,0,11,0,0,0,0,0,0,0,0,0,0,0,0,0,0,9,1,0
/Users/kaiohs/Downloads/codes/lab02-experimentacao-software/data/repos/kestra-io__kestra/core/src/main/java/io/kestra/core/models/collectors/HostUsage.java,io.kestra.core.models.collectors.HostUsage$Jvm,innerclass,3,3,0,3,0,1,0,0,0,NaN,-1.0,-1.0,0,0,0,0,0,0,0,0,0,0,3,0,0,3,0,0,3,0,0,5,0,0,0,0,0,0,0,0,0,3,0,0,0,0,4,9,0
/Users/kaiohs/Downloads/codes/lab02-experimentacao-software/data/repos/kestra-io__kestra/core/src/main/java/io/kestra/core/runners/pebble/functions/SecretFunction.java,io.kestra.core.runners.pebble.functions.SecretFunction,class,15,17,2,15,13,1,0,22,0,0.5714286,0.0,0.0,4,0,3,0,1,0,4,0,0,0,7,5,1,6,0,0,5,0,3,68,4,0,2,3,0,15,0,18,1,18,4,0,0,0,71,1,1
/Users/kaiohs/Downloads/codes/lab02-experimentacao-software/data/repos/kestra-io__kestra/core/src/main/java/io/kestra/core/runners/pebble/functions/NowFunction.java,io.kestra.core.runners.pebble.functions.NowFunction,class,4,5,1,4,2,2,0,3,1,1.0,0.0,0.0,2,0,2,0,0,0,2,0,0,0,1,1,1,0,0,0,1,0,2,14,2,0,0,0,0,5,0,2,0,2,0,0,0,0,22,1,0
/Users/kaiohs/Downloads/codes/lab02-experimentacao-software/data/repos/kestra-io__kestra/webserver/src/test/java/io/kestra/webserver/controllers/api/AiDisabledTest.java,io.kestra.webserver.controllers.api.AiDisabledTest,class,9,9,0,9,2,1,0,7,1,0.5,0.0,0.0,2,0,0,0,0,2,2,0,0,0,2,0,0,0,0,2,0,0,0,11,0,0,0,0,0,4,0,1,0,3,0,0,0,0,29,0,0
/Users/kaiohs/Downloads/codes/lab02-experimentacao-software/data/repos/kestra-io__kestra/queue-jdbc/src/main/java/io/kestra/queue/jdbc/client/JdbcQueueCleaner.java,io.kestra.queue.jdbc.client.JdbcQueueCleaner,class,16,16,0,16,7,1,0,25,0,0.5714286,0.0,0.0,4,0,2,2,0,0,2,0,0,0,7,3,0,7,0,0,7,0,2,51,5,1,2,0,0,8,3,14,0,15,2,0,0,2,54,1,1
/Users/kaiohs/Downloads/codes/lab02-experimentacao-software/data/repos/kestra-io__kestra/core/src/main/java/io/kestra/core/http/client/apache/FailedResponseInterceptor.java,io.kestra.core.http.client.apache.FailedResponseInterceptor,class,6,7,1,6,8,1,0,4,0,0.375,0.0,0.0,4,0,3,1,0,0,3,0,0,0,2,0,0,2,0,0,1,0,1,22,0,0,1,0,0,0,1,3,0,2,1,0,0,0,22,1,0
/Users/kaiohs/Downloads/codes/lab02-experimentacao-software/data/repos/kestra-io__kestra/core/src/main/java/io/kestra/core/http/client/configurations/SslOptions.java,io.kestra.core.http.client.configurations.SslOptions,class,4,5,1,4,0,1,0,0,0,NaN,-1.0,-1.0,0,0,0,0,0,0,0,0,0,0,1,0,0,1,0,0,1,0,0,3,0,0,0,0,0,2,0,0,0,1,0,0,0,0,37,1,0
/Users/kaiohs/Downloads/codes/lab02-experimentacao-software/data/repos/kestra-io__kestra/core/src/main/java/io/kestra/core/utils/Either.java,io.kestra.core.utils.Either$Right,innerclass,3,3,0,3,5,2,0,0,8,0.6,0.0,0.0,5,0,4,1,0,0,4,0,0,0,1,0,0,1,0,0,1,0,0,18,3,0,0,0,0,1,0,1,0,1,0,0,0,0,13,25,0
/Users/kaiohs/Downloads/codes/lab02-experimentacao-software/data/repos/kestra-io__kestra/core/src/main/java/io/kestra/core/services/MaintenanceService.java,io.kestra.core.services.MaintenanceService$NoopMaintenanceService,innerclass,4,4,0,4,2,1,0,1,1,0.0,0.0,0.0,2,0,2,0,0,0,2,0,0,0,0,0,0,0,0,0,0,0,0,10,2,0,0,0,0,0,0,0,0,0,1,0,0,1,13,0,0
/Users/kaiohs/Downloads/codes/lab02-experimentacao-software/data/repos/kestra-io__kestra/core/src/main/java/io/kestra/plugin/core/kv/KvPurgeBehavior.java,io.kestra.plugin.core.kv.KvPurgeBehavior,class,10,13,3,10,2,1,2,0,1,0.0,0.0,0.0,2,0,1,0,1,0,2,2,0,0,0,0,0,0,0,0,0,0,0,4,0,0,0,0,0,3,0,0,0,0,0,0,0,0,17,1025,0
/Users/kaiohs/Downloads/codes/lab02-experimentacao-software/data/repos/kestra-io__kestra/core/src/test/java/io/kestra/core/runners/test/WorkerTaskResultTooLarge.java,io.kestra.core.runners.test.WorkerTaskResultTooLarge$Output,innerclass,3,3,0,3,0,1,0,0,0,NaN,-1.0,-1.0,0,0,0,0,0,0,0,0,0,0,1,0,1,0,0,0,0,0,0,3,0,0,0,0,0,0,0,0,0,1,0,0,0,0,2,9,0
/Users/kaiohs/Downloads/codes/lab02-experimentacao-software/data/repos/kestra-io__kestra/core/src/test/java/io/kestra/core/models/tasks/runners/ScriptServiceTest.java,io.kestra.core.models.tasks.runners.ScriptServiceTest,class,12,13,1,12,12,1,0,64,3,0.5,0.0,0.0,10,1,0,2,0,8,8,0,0,0,2,1,1,1,0,0,1,0,25,167,2,0,0,3,0,95,19,55,9,44,1,1,0,0,96,0,0
/Users/kaiohs/Downloads/codes/lab02-experimentacao-software/data/repos/kestra-io__kestra/core/src/test/java/io/kestra/core/runners/RunContextTest.java,io.kestra.core.runners.RunContextTest$LogTrigger,innerclass,12,12,0,12,2,2,0,5,1,0.5,0.0,0.0,2,0,2,0,0,0,2,0,0,0,1,0,0,1,0,0,0,0,1,10,2,0,0,0,0,0,0,0,0,1,0,0,0,0,18,9,1
/Users/kaiohs/Downloads/codes/lab02-experimentacao-software/data/repos/kestra-io__kestra/webserver/src/test/java/io/kestra/webserver/controllers/api/WebhookPluginTest.java,io.kestra.webserver.controllers.api.WebhookPluginTest,class,10,10,0,10,8,1,0,23,0,0.0,0.0,0.0,2,0,0,0,0,2,2,0,0,0,2,0,0,1,0,1,0,0,2,34,0,0,2,0,1,15,4,6,0,10,2,0,0,3,44,1,0
/Users/kaiohs/Downloads/codes/lab02-experimentacao-software/data/repos/kestra-io__kestra/core/src/test/java/io/kestra/core/runners/pebble/expression/UndefinedCoalescingExpressionTest.java,io.kestra.core.runners.pebble.expression.UndefinedCoalescingExpressionTest,class,4,4,0,4,1,1,0,4,0,0.0,NaN,NaN,1,0,0,0,0,1,1,0,0,0,1,0,0,0,0,1,0,0,0,11,0,0,0,0,0,5,0,3,0,3,0,0,0,0,17,0,0
/Users/kaiohs/Downloads/codes/lab02-experimentacao-software/data/repos/kestra-io__kestra/jdbc/src/main/java/io/kestra/jdbc/repository/JdbcFlowRepositoryService.java,io.kestra.jdbc.repository.JdbcFlowRepositoryService,class,7,7,0,7,8,1,0,26,3,0.0,0.0,0.0,3,3,3,0,0,0,3,0,0,0,0,0,0,0,0,0,0,0,3,40,4,0,3,0,0,14,1,4,1,7,3,0,0,2,26,1025,0
/Users/kaiohs/Downloads/codes/lab02-experimentacao-software/data/repos/kestra-io__kestra/worker-controller/src/main/java/io/kestra/controller/grpc/resolver/StaticNameResolver.java,io.kestra.controller.grpc.resolver.StaticNameResolver,class,4,7,3,4,7,2,0,5,11,0.72222227,0.0,0.0,6,0,5,1,0,0,5,0,0,0,3,1,0,3,0,0,2,0,0,25,1,0,1,0,0,1,0,3,0,3,1,0,0,0,48,1,0
/Users/kaiohs/Downloads/codes/lab02-experimentacao-software/data/repos/kestra-io__kestra/core/src/main/java/io/kestra/core/server/ServiceType.java,io.kestra.core.server.ServiceType,enum,3,10,7,3,2,1,0,1,0,0.0,NaN,NaN,1,1,1,0,0,0,1,0,0,0,0,0,0,0,0,0,0,0,1,9,2,0,0,1,0,0,0,0,0,0,1,0,0,0,18,1,0
/Users/kaiohs/Downloads/codes/lab02-experimentacao-software/data/repos/kestra-io__kestra/core/src/main/java/io/kestra/plugin/core/trigger/Flow.java,io.kestra.plugin.core.trigger.Flow$ExecutionFilter,innerclass,10,10,0,10,0,1,0,0,0,NaN,-1.0,-1.0,0,0,0,0,0,0,0,0,0,0,3,0,0,3,0,0,0,0,0,5,0,0,0,0,0,3,0,1,0,3,0,0,0,0,16,9,0
/Users/kaiohs/Downloads/codes/lab02-experimentacao-software/data/repos/kestra-io__kestra/core/src/main/java/io/kestra/core/encryption/EncryptionService.java,io.kestra.core.encryption.EncryptionService,class,2,3,1,2,11,1,0,16,6,0.64,0.0,0.0,5,5,4,1,0,0,4,0,0,0,5,5,0,5,0,0,5,0,11,53,9,0,4,0,0,2,2,21,0,21,1,0,0,0,94,1,0
/Users/kaiohs/Downloads/codes/lab02-experimentacao-software/data/repos/kestra-io__kestra/cli/src/main/java/io/kestra/cli/commands/servers/LocalCommand.java,io.kestra.cli.commands.servers.LocalCommand,class,4,5,1,4,1,5,0,7,0,1.0,NaN,NaN,1,1,1,0,0,0,1,0,0,0,1,0,0,1,0,0,0,0,1,8,1,0,0,0,0,25,0,1,1,2,0,0,0,0,34,1,0
/Users/kaiohs/Downloads/codes/lab02-experimentacao-software/data/repos/kestra-io__kestra/core/src/main/java/io/kestra/core/runners/AssetEmitter.java,io.kestra.core.runners.AssetEmitter,interface,1,3,2,1,2,1,0,0,1,0.0,0.0,0.0,2,0,0,0,0,2,2,0,0,0,0,0,0,0,0,0,0,0,0,4,0,0,0,0,0,0,0,0,0,0,0,0,0,0,8,1,0
/Users/kaiohs/Downloads/codes/lab02-experimentacao-software/data/repos/kestra-io__kestra/core/src/main/java/io/kestra/core/runners/FlowableUtils.java,io.kestra.core.runners.FlowableUtils$Anonymous1,anonymous,0,0,0,0,0,1,0,0,0,0.0,-1.0,-1.0,0,0,0,0,0,0,0,0,0,0,0,0,0,0,0,0,0,0,0,2,0,0,0,0,0,0,0,0,0,0,0,0,0,0,0,-1,0
/Users/kaiohs/Downloads/codes/lab02-experimentacao-software/data/repos/kestra-io__kestra/jdbc/src/main/java/io/kestra/jdbc/AbstractJdbcRepository.java,io.kestra.jdbc.AbstractJdbcRepository,class,28,65,37,28,51,1,0,113,342,0.9,0.0,0.0,28,0,25,0,3,0,28,2,0,0,5,1,0,0,5,0,3,0,20,178,34,0,7,1,0,28,32,30,8,41,2,0,0,11,108,1025,0
/Users/kaiohs/Downloads/codes/lab02-experimentacao-software/data/repos/kestra-io__kestra/core/src/main/java/io/kestra/core/services/BackendVersionProvider.java,io.kestra.core.services.BackendVersionProvider,interface,2,2,0,2,3,1,0,0,3,0.0,0.0,0.0,3,0,0,0,0,3,3,0,0,0,0,0,0,0,0,0,0,0,0,6,0,0,0,0,0,0,0,0,0,0,0,0,1,0,50,1,0
/Users/kaiohs/Downloads/codes/lab02-experimentacao-software/data/repos/kestra-io__kestra/core/src/main/java/io/kestra/core/validations/validator/RegexValidator.java,io.kestra.core.validations.validator.RegexValidator,class,6,6,0,6,3,1,0,4,0,0.0,NaN,NaN,1,0,1,0,0,0,1,0,0,0,0,0,0,0,0,0,0,0,1,16,3,0,1,1,0,2,0,0,1,0,1,0,0,0,16,1,0
/Users/kaiohs/Downloads/codes/lab02-experimentacao-software/data/repos/kestra-io__kestra/core/src/test/java/io/kestra/plugin/core/condition/ExecutionFlowTest.java,io.kestra.plugin.core.condition.ExecutionFlowTest,class,7,7,0,7,2,1,0,14,0,0.0,0.0,0.0,2,0,0,0,0,2,2,0,0,0,1,0,0,0,0,1,0,0,0,17,0,0,0,0,0,1,0,8,1,9,0,0,0,0,15,0,0
/Users/kaiohs/Downloads/codes/lab02-experimentacao-software/data/repos/kestra-io__kestra/scheduler/src/main/java/io/kestra/scheduler/stores/CachedTriggerStateStore.java,io.kestra.scheduler.stores.CachedTriggerStateStore,class,9,12,3,9,21,1,0,49,0,0.5416667,0.0,0.0,12,0,9,3,0,0,9,0,0,0,4,1,0,4,0,0,4,0,5,91,11,2,3,0,0,4,1,17,1,25,2,0,0,8,67,1,4
/Users/kaiohs/Downloads/codes/lab02-experimentacao-software/data/repos/kestra-io__kestra/webserver/src/main/java/io/kestra/webserver/services/SharedServiceInstanceMetricService.java,io.kestra.webserver.services.SharedServiceInstanceMetricService,class,19,21,2,19,8,1,0,37,2,0.59999996,0.0,0.0,5,0,1,3,0,1,2,0,0,0,6,0,0,6,0,0,6,0,2,40,1,0,1,0,1,6,2,10,1,23,2,0,0,12,45,1,1
/Users/kaiohs/Downloads/codes/lab02-experimentacao-software/data/repos/kestra-io__kestra/executor/src/main/java/io/kestra/executor/DefaultExecutor.java,io.kestra.executor.DefaultExecutor,class,67,70,3,67,113,2,0,182,177,0.918664,0.0,0.0,27,0,3,22,1,1,5,0,0,0,51,4,0,51,0,0,12,0,8,550,35,0,26,8,2,42,9,96,1,145,6,1,0,37,217,1,25
/Users/kaiohs/Downloads/codes/lab02-experimentacao-software/data/repos/kestra-io__kestra/core/src/main/java/io/kestra/core/http/HttpService.java,io.kestra.core.http.HttpService,class,8,13,5,8,5,1,0,17,3,0.0,0.0,0.0,3,3,3,0,0,0,3,0,0,0,0,0,0,0,0,0,0,0,6,30,5,0,1,1,0,0,0,6,0,9,1,0,1,2,33,1025,0
/Users/kaiohs/Downloads/codes/lab02-experimentacao-software/data/repos/kestra-io__kestra/core/src/main/java/io/kestra/core/services/NamespaceService.java,io.kestra.core.services.NamespaceService,interface,0,8,8,0,6,1,0,0,15,0.0,0.0,0.0,6,0,0,0,0,6,6,0,0,0,0,0,0,0,0,0,0,0,0,14,3,0,0,0,0,0,0,0,0,0,0,0,0,0,64,1,0
/Users/kaiohs/Downloads/codes/lab02-experimentacao-software/data/repos/kestra-io__kestra/cli/src/main/java/io/kestra/cli/commands/migrations/V2ExecutionOutputMigrationCommand.java,io.kestra.cli.commands.migrations.V2ExecutionOutputMigrationCommand,class,9,10,1,9,3,3,0,27,0,0.0,NaN,NaN,1,0,1,0,0,0,1,0,0,0,2,0,0,1,0,1,0,0,3,33,2,0,0,1,0,12,3,7,4,13,4,0,0,4,72,1,3
/Users/kaiohs/Downloads/codes/lab02-experimentacao-software/data/repos/kestra-io__kestra/jdbc/src/main/java/io/kestra/jdbc/repository/AbstractJdbcLockRepository.java,io.kestra.jdbc.repository.AbstractJdbcLockRepository,class,6,6,0,6,9,2,0,25,0,0.0,0.0,0.0,5,0,5,0,0,0,5,0,0,0,1,0,0,1,0,0,1,0,0,46,7,0,0,1,0,6,1,9,0,13,3,0,0,5,32,1,0
/Users/kaiohs/Downloads/codes/lab02-experimentacao-software/data/repos/kestra-io__kestra/core/src/test/java/io/kestra/plugin/core/http/SseRequestTest.java,io.kestra.plugin.core.http.SseRequestTest$SseController,innerclass,4,4,0,4,7,1,0,8,15,0.0,0.0,0.0,6,0,6,0,0,0,6,0,0,0,0,0,0,0,0,0,0,0,4,23,7,0,0,0,0,22,5,0,1,1,1,0,0,1,25,9,0
/Users/kaiohs/Downloads/codes/lab02-experimentacao-software/data/repos/kestra-io__kestra/core/src/test/java/io/kestra/core/utils/HashingTest.java,io.kestra.core.utils.HashingTest,class,1,1,0,1,2,1,0,3,1,0.0,0.0,0.0,2,0,0,0,0,2,2,0,0,0,0,0,0,0,0,0,0,0,0,8,0,0,0,0,0,3,1,0,0,0,0,0,0,0,10,0,0
/Users/kaiohs/Downloads/codes/lab02-experimentacao-software/data/repos/kestra-io__kestra/core/src/main/java/io/kestra/plugin/core/namespace/Version.java,io.kestra.plugin.core.namespace.Version,class,11,12,1,11,4,2,0,19,0,0.33333334,NaN,NaN,1,0,0,0,1,0,1,0,0,0,3,0,0,2,1,0,0,0,4,12,2,0,3,0,0,6,0,2,0,5,1,0,0,1,46,1,0
/Users/kaiohs/Downloads/codes/lab02-experimentacao-software/data/repos/kestra-io__kestra/tests/src/main/java/io/kestra/core/junit/extensions/KestraTestExtension.java,io.kestra.core.junit.extensions.KestraTestExtension,class,11,14,3,11,9,2,0,38,10,0.0,0.0,0.0,5,0,2,0,3,0,5,0,0,0,0,0,0,0,0,0,0,0,1,38,4,1,0,0,0,2,1,3,0,4,3,0,0,1,30,1,0
/Users/kaiohs/Downloads/codes/lab02-experimentacao-software/data/repos/kestra-io__kestra/core/src/main/java/io/kestra/core/exceptions/MigrationRequiredException.java,io.kestra.core.exceptions.MigrationRequiredException,class,1,1,0,1,1,4,0,0,0,1.0,NaN,NaN,1,0,1,0,0,0,1,0,0,0,1,1,0,1,0,0,1,0,0,6,0,0,0,0,0,3,1,1,1,1,0,0,0,0,23,1,0
/Users/kaiohs/Downloads/codes/lab02-experimentacao-software/data/repos/kestra-io__kestra/core/src/main/java/io/kestra/core/models/triggers/multipleflows/MultipleCondition.java,io.kestra.core.models.triggers.multipleflows.MultipleCondition,interface,10,13,3,10,11,1,0,27,15,0.0,0.0,0.0,6,0,0,0,0,6,6,0,0,0,0,0,0,0,0,0,0,0,2,23,1,0,2,0,1,2,0,6,0,7,1,0,0,1,50,1,2
/Users/kaiohs/Downloads/codes/lab02-experimentacao-software/data/repos/kestra-io__kestra/core/src/main/java/io/kestra/core/models/tasks/TaskForExecution.java,io.kestra.core.models.tasks.TaskForExecution,class,11,13,2,11,4,1,0,15,0,0.16666667,NaN,NaN,1,1,1,0,0,0,1,0,0,0,6,0,0,0,6,0,0,0,0,22,1,0,0,0,0,0,0,3,0,8,1,0,0,0,18,1,0
/Users/kaiohs/Downloads/codes/lab02-experimentacao-software/data/repos/kestra-io__kestra/core/src/main/java/io/kestra/core/runners/AclCheckerImpl.java,io.kestra.core.runners.AclCheckerImpl$AllowNamespaces,innerclass,3,3,0,3,3,1,0,8,0,0.0,0.0,0.0,2,0,1,0,0,1,2,0,0,0,3,0,0,3,0,0,3,0,3,16,0,0,0,0,0,1,0,3,0,4,1,0,0,1,18,8,0
/Users/kaiohs/Downloads/codes/lab02-experimentacao-software/data/repos/kestra-io__kestra/core/src/main/java/io/kestra/plugin/core/flow/If.java,io.kestra.plugin.core.flow.If,class,25,26,1,25,17,2,0,29,14,0.6666667,0.0,0.0,9,0,8,1,0,0,8,0,0,0,5,0,0,4,1,0,0,0,8,56,11,0,5,0,0,10,0,7,0,12,1,0,1,1,68,1,0
/Users/kaiohs/Downloads/codes/lab02-experimentacao-software/data/repos/kestra-io__kestra/core/src/main/java/io/kestra/plugin/core/dashboard/chart/tables/TableOption.java,io.kestra.plugin.core.dashboard.chart.tables.TableOption,class,8,8,0,8,0,2,0,2,0,NaN,-1.0,-1.0,0,0,0,0,0,0,0,0,0,0,2,0,0,2,0,0,0,0,0,10,0,0,0,0,0,0,0,2,0,2,0,0,2,0,10,1,0
/Users/kaiohs/Downloads/codes/lab02-experimentacao-software/data/repos/kestra-io__kestra/scheduler/src/main/java/io/kestra/scheduler/TriggerSchedulingLoopFactory.java,io.kestra.scheduler.TriggerSchedulingLoopFactory,class,6,9,3,6,2,1,0,0,0,0.0,0.0,0.0,2,0,2,0,0,0,2,0,0,0,3,0,0,3,0,0,3,0,0,13,1,0,0,0,0,0,0,3,0,3,0,0,0,0,32,1,0
/Users/kaiohs/Downloads/codes/lab02-experimentacao-software/data/repos/kestra-io__kestra/core/src/main/java/io/kestra/core/exceptions/TimeoutExceededException.java,io.kestra.core.exceptions.TimeoutExceededException,class,0,0,0,0,2,3,0,2,1,1.0,0.0,0.0,2,0,2,0,0,0,2,0,0,0,1,1,0,1,0,0,1,0,0,9,0,0,0,0,0,2,1,1,2,1,0,0,0,0,14,1,0
/Users/kaiohs/Downloads/codes/lab02-experimentacao-software/data/repos/kestra-io__kestra/core/src/main/java/io/kestra/core/storages/NamespaceFileAttributes.java,io.kestra.core.storages.NamespaceFileAttributes,class,3,4,1,3,9,1,0,11,0,0.14285715,0.0,0.0,7,0,7,0,0,0,7,0,0,0,1,0,0,1,0,0,1,0,3,28,7,0,0,0,0,2,2,2,0,2,1,0,0,0,19,1,0
/Users/kaiohs/Downloads/codes/lab02-experimentacao-software/data/repos/kestra-io__kestra/core/src/main/java/io/kestra/core/server/AbstractService.java,io.kestra.core.server.AbstractService,class,9,10,1,9,12,1,0,17,28,0.8,0.0,0.0,9,0,6,0,3,0,9,0,0,0,5,0,0,5,0,0,5,0,3,52,5,0,0,1,0,3,0,6,0,6,3,0,0,0,28,1,3
/Users/kaiohs/Downloads/codes/lab02-experimentacao-software/data/repos/kestra-io__kestra/core/src/main/java/io/kestra/core/runners/pebble/functions/RandomPortFunction.java,io.kestra.core.runners.pebble.functions.RandomPortFunction,class,4,5,1,4,4,1,0,4,3,1.0,0.0,0.0,3,0,3,0,0,0,3,0,0,0,1,1,1,0,0,0,1,0,2,17,3,0,0,1,0,2,1,2,0,2,1,0,0,0,29,1,0
/Users/kaiohs/Downloads/codes/lab02-experimentacao-software/data/repos/kestra-io__kestra/core/src/main/java/io/kestra/core/models/storage/FileMetas.java,io.kestra.core.models.storage.FileMetas,class,3,3,0,3,0,1,0,0,0,NaN,-1.0,-1.0,0,0,0,0,0,0,0,0,0,0,1,0,0,0,0,1,0,0,0,3,0,0,0,0,0,0,0,0,0,1,0,0,0,0,3,1,0
/Users/kaiohs/Downloads/codes/lab02-experimentacao-software/data/repos/kestra-io__kestra/jdbc-h2/src/test/java/io/kestra/queue/h2/H2JdbcQueueCleanerTest.java,io.kestra.queue.h2.H2JdbcQueueCleanerTest,class,3,3,0,3,0,2,0,0,0,0.0,-1.0,-1.0,0,0,0,0,0,0,0,0,0,0,0,0,0,0,0,0,0,0,0,2,0,0,0,0,0,2,0,0,0,0,0,0,0,0,10,1,0
/Users/kaiohs/Downloads/codes/lab02-experimentacao-software/data/repos/kestra-io__kestra/core/src/main/java/io/kestra/plugin/core/trigger/Flow.java,io.kestra.plugin.core.trigger.Flow$Filter,innerclass,8,8,0,8,0,1,0,0,0,NaN,-1.0,-1.0,0,0,0,0,0,0,0,0,0,0,4,0,0,4,0,0,0,0,0,6,0,0,0,0,0,7,0,0,0,4,0,0,0,0,28,9,0
/Users/kaiohs/Downloads/codes/lab02-experimentacao-software/data/repos/kestra-io__kestra/core/src/main/java/io/kestra/core/http/HttpRequest.java,io.kestra.core.http.HttpRequest$UrlEncodedRequestBody,innerclass,8,8,0,8,4,2,0,12,1,0.33333334,0.0,0.0,3,1,3,0,0,0,3,0,0,0,2,0,0,2,0,0,0,0,0,14,3,0,1,0,0,0,0,1,0,4,0,0,0,1,26,9,0
/Users/kaiohs/Downloads/codes/lab02-experimentacao-software/data/repos/kestra-io__kestra/core/src/main/java/io/kestra/core/runners/pebble/AbstractIndent.java,io.kestra.core.runners.pebble.AbstractIndent,class,4,7,3,4,16,1,2,15,6,0.0,0.0,0.0,4,2,1,0,3,0,4,0,0,0,0,0,0,0,0,0,0,0,8,43,13,0,2,0,3,20,1,3,3,3,2,0,0,0,33,1025,0
/Users/kaiohs/Downloads/codes/lab02-experimentacao-software/data/repos/kestra-io__kestra/core/src/test/java/io/kestra/core/runners/SecureVariableRendererFactoryTest.java,io.kestra.core.runners.SecureVariableRendererFactoryTest,class,9,9,0,9,14,1,0,15,0,0.5,0.0,0.0,14,0,0,0,0,14,14,0,0,0,2,0,0,2,0,0,0,0,19,96,1,0,0,0,0,68,1,34,0,36,0,1,0,1,88,0,0
/Users/kaiohs/Downloads/codes/lab02-experimentacao-software/data/repos/kestra-io__kestra/scheduler/src/test/java/io/kestra/scheduler/TriggerSchedulerTest.java,io.kestra.scheduler.TriggerSchedulerTest$TestRealTimeTrigger,innerclass,12,12,0,12,1,2,0,3,0,1.0,NaN,NaN,1,0,1,0,0,0,1,0,0,0,1,0,0,1,0,0,0,0,1,6,1,0,0,0,0,0,0,0,0,1,0,0,0,0,14,9,0
/Users/kaiohs/Downloads/codes/lab02-experimentacao-software/data/repos/kestra-io__kestra/core/src/test/java/io/kestra/core/docs/DocumentationGeneratorTest.java,io.kestra.core.docs.DocumentationGeneratorTest$DeprecatedTask,innerclass,11,11,0,11,1,2,0,0,0,1.0,NaN,NaN,1,0,1,0,0,0,1,0,0,0,2,0,0,2,0,0,0,0,0,7,1,0,0,0,0,0,0,0,0,2,0,0,0,0,13,9,0
/Users/kaiohs/Downloads/codes/lab02-experimentacao-software/data/repos/kestra-io__kestra/core/src/test/java/io/kestra/core/runners/DefaultExecutionLogMetaStoreTest.java,io.kestra.core.runners.DefaultExecutionLogMetaStoreTest,class,8,9,1,8,2,1,0,16,1,0.5,NaN,NaN,2,0,0,1,0,1,1,0,0,0,2,0,0,2,0,0,0,0,1,15,1,0,0,0,0,7,1,2,0,4,0,0,0,0,20,0,0
/Users/kaiohs/Downloads/codes/lab02-experimentacao-software/data/repos/kestra-io__kestra/core/src/main/java/io/kestra/core/runners/pebble/functions/KestraFunction.java,io.kestra.core.runners.pebble.functions.KestraFunction,interface,1,31,30,1,1,1,0,0,0,0.0,NaN,NaN,1,0,0,0,0,1,1,0,0,0,0,0,0,0,0,0,0,0,0,3,0,0,0,0,0,0,0,0,0,0,0,0,0,0,35,1,0
/Users/kaiohs/Downloads/codes/lab02-experimentacao-software/data/repos/kestra-io__kestra/cli/src/test/java/io/kestra/cli/commands/flows/FlowDotCommandTest.java,io.kestra.cli.commands.flows.FlowDotCommandTest,class,3,4,1,3,1,1,0,10,0,0.0,NaN,NaN,1,0,0,0,0,1,1,0,0,0,0,0,0,0,0,0,0,0,1,13,0,0,0,1,0,2,0,5,0,5,1,0,0,0,24,0,0
/Users/kaiohs/Downloads/codes/lab02-experimentacao-software/data/repos/kestra-io__kestra/core/src/test/java/io/kestra/plugin/core/http/DownloadTest.java,io.kestra.plugin.core.http.DownloadTest$SlackWebController,innerclass,5,5,0,5,9,1,0,9,28,0.0,0.0,0.0,8,0,8,0,0,0,8,0,0,0,0,0,0,0,0,0,0,0,0,32,8,1,0,0,0,19,2,1,0,2,2,0,0,1,25,9,0
/Users/kaiohs/Downloads/codes/lab02-experimentacao-software/data/repos/kestra-io__kestra/core/src/main/java/io/kestra/core/utils/RetryUtils.java,io.kestra.core.utils.RetryUtils,class,6,7,1,6,5,3,0,5,10,0.0,0.0,0.0,5,4,4,1,0,0,4,0,0,0,0,0,0,0,0,0,0,0,0,77,4,0,0,0,0,0,0,0,0,0,0,0,3,0,11,17,0
/Users/kaiohs/Downloads/codes/lab02-experimentacao-software/data/repos/kestra-io__kestra/core/src/main/java/io/kestra/core/runners/ExecutionLogMetaStore.java,io.kestra.core.runners.ExecutionLogMetaStore,interface,1,2,1,1,1,1,0,0,0,0.0,NaN,NaN,1,0,0,0,0,1,1,0,0,0,0,0,0,0,0,0,0,0,0,3,0,0,0,0,0,0,0,0,0,0,0,0,0,0,24,1,0
/Users/kaiohs/Downloads/codes/lab02-experimentacao-software/data/repos/kestra-io__kestra/core/src/main/java/io/kestra/core/lock/LockException.java,io.kestra.core.lock.LockException,class,1,2,1,1,2,2,0,0,1,0.0,0.0,0.0,2,0,2,0,0,0,2,0,0,0,0,0,0,0,0,0,0,0,0,8,0,0,0,0,0,0,0,0,0,0,0,0,0,0,7,1,0
/Users/kaiohs/Downloads/codes/lab02-experimentacao-software/data/repos/kestra-io__kestra/core/src/test/java/io/kestra/core/services/ConditionServiceTest.java,io.kestra.core.services.ConditionServiceTest,class,16,18,2,16,22,1,0,41,0,0.46296296,0.0,0.0,18,0,0,0,0,18,18,0,0,0,3,0,0,3,0,0,0,0,6,208,0,0,4,0,0,25,8,88,0,95,0,4,0,5,63,0,0
/Users/kaiohs/Downloads/codes/lab02-experimentacao-software/data/repos/kestra-io__kestra/core/src/main/java/io/kestra/core/runners/pebble/filters/TimestampMilliFilter.java,io.kestra.core.runners.pebble.filters.TimestampMilliFilter,class,4,5,1,4,3,2,0,6,1,0.0,0.0,0.0,2,0,2,0,0,0,2,0,0,0,0,0,0,0,0,0,0,0,3,15,3,0,1,0,0,4,0,4,0,4,1,0,0,0,29,1,0
/Users/kaiohs/Downloads/codes/lab02-experimentacao-software/data/repos/kestra-io__kestra/core/src/main/java/io/kestra/plugin/core/dashboard/chart/tables/TableOption.java,io.kestra.plugin.core.dashboard.chart.tables.TableOption$PaginationOption,innerclass,5,5,0,5,0,1,0,0,0,NaN,-1.0,-1.0,0,0,0,0,0,0,0,0,0,0,1,0,0,1,0,0,0,0,0,3,0,0,0,0,0,0,0,1,0,1,0,0,0,0,6,9,0
/Users/kaiohs/Downloads/codes/lab02-experimentacao-software/data/repos/kestra-io__kestra/core/src/test/java/io/kestra/plugin/core/flow/AllowFailureTest.java,io.kestra.plugin.core.flow.AllowFailureTest,class,9,10,1,9,4,1,0,15,6,0.75,0.0,0.0,4,1,0,1,0,3,3,0,0,0,2,0,0,1,1,0,0,0,2,38,0,0,0,0,0,28,4,1,0,5,0,0,0,1,29,0,0
/Users/kaiohs/Downloads/codes/lab02-experimentacao-software/data/repos/kestra-io__kestra/core/src/test/java/io/kestra/plugin/core/flow/WorkingDirectoryTest.java,io.kestra.plugin.core.flow.WorkingDirectoryTest$LocalFiles$LocalFilesOutput,innerclass,4,4,0,4,0,1,0,0,0,NaN,-1.0,-1.0,0,0,0,0,0,0,0,0,0,0,1,0,0,1,0,0,0,0,0,3,0,0,0,0,0,1,0,0,0,1,0,0,0,0,17,9,0
/Users/kaiohs/Downloads/codes/lab02-experimentacao-software/data/repos/kestra-io__kestra/jdbc/src/main/java/io/kestra/jdbc/JdbcTableConfigsFactory.java,io.kestra.jdbc.JdbcTableConfigsFactory$InstantiableJdbcTableConfig,innerclass,2,2,0,2,1,2,0,0,0,0.0,NaN,NaN,1,0,1,0,0,0,1,0,0,0,0,0,0,0,0,0,0,0,0,5,0,0,0,0,0,0,0,0,0,0,0,0,0,0,5,9,0
/Users/kaiohs/Downloads/codes/lab02-experimentacao-software/data/repos/kestra-io__kestra/core/src/main/java/io/kestra/core/models/dashboards/filters/IsFalse.java,io.kestra.core.models.dashboards.filters.IsFalse,class,10,10,0,10,0,2,0,0,0,NaN,-1.0,-1.0,0,0,0,0,0,0,0,0,0,0,1,0,0,0,1,0,0,0,0,3,0,0,0,0,0,1,0,1,0,1,0,0,0,0,4,1,0
/Users/kaiohs/Downloads/codes/lab02-experimentacao-software/data/repos/kestra-io__kestra/jdbc-mysql/src/test/java/io/kestra/runner/mysql/MysqlJdbcDeserializationIssuesTest.java,io.kestra.runner.mysql.MysqlJdbcDeserializationIssuesTest,class,1,1,0,1,0,2,0,0,0,0.0,-1.0,-1.0,0,0,0,0,0,0,0,0,0,0,0,0,0,0,0,0,0,0,0,2,0,0,0,0,0,0,0,0,0,0,0,0,0,0,6,0,0
/Users/kaiohs/Downloads/codes/lab02-experimentacao-software/data/repos/kestra-io__kestra/core/src/test/java/io/kestra/core/utils/MapUtilsTest.java,io.kestra.core.utils.MapUtilsTest,class,1,1,0,1,13,1,0,38,78,0.0,0.0,0.0,13,0,0,0,0,13,13,0,0,0,0,0,0,0,0,0,0,0,59,103,0,0,0,0,14,211,26,26,0,25,0,1,0,0,46,0,0
/Users/kaiohs/Downloads/codes/lab02-experimentacao-software/data/repos/kestra-io__kestra/core/src/main/java/io/kestra/core/models/dashboards/OrderBy.java,io.kestra.core.models.dashboards.OrderBy,class,8,10,2,8,0,1,0,0,0,NaN,-1.0,-1.0,0,0,0,0,0,0,0,0,0,0,2,0,0,2,0,0,0,0,0,4,0,0,0,0,0,0,0,1,0,2,0,0,0,0,7,1,0
/Users/kaiohs/Downloads/codes/lab02-experimentacao-software/data/repos/kestra-io__kestra/queue-jdbc/src/main/java/io/kestra/queue/jdbc/client/JdbcSubscriber.java,io.kestra.queue.jdbc.client.JdbcSubscriber,class,10,13,3,10,4,3,0,10,6,0.75,0.0,0.0,4,0,3,0,1,0,4,1,0,0,2,0,0,0,2,0,2,0,0,18,2,0,0,0,0,0,0,2,0,2,0,0,0,0,20,1025,0
/Users/kaiohs/Downloads/codes/lab02-experimentacao-software/data/repos/kestra-io__kestra/core/src/main/java/io/kestra/core/killswitch/EvaluationType.java,io.kestra.core.killswitch.EvaluationType,enum,1,2,1,1,2,1,0,2,0,0.0,NaN,NaN,1,0,1,0,0,0,1,0,0,0,0,0,0,0,0,0,0,0,0,7,2,0,4,0,1,0,0,0,0,0,1,0,0,0,15,1,0
/Users/kaiohs/Downloads/codes/lab02-experimentacao-software/data/repos/kestra-io__kestra/core/src/test/java/io/kestra/core/http/client/HttpClientTest.java,io.kestra.core.http.client.HttpClientTest$ClientTestController,innerclass,12,12,0,12,15,1,0,22,55,0.0,0.0,0.0,11,0,11,0,0,0,11,0,0,0,0,0,0,0,0,0,0,0,4,57,11,0,0,3,0,24,3,2,0,4,4,0,0,1,43,9,2
/Users/kaiohs/Downloads/codes/lab02-experimentacao-software/data/repos/kestra-io__kestra/cli/src/test/java/io/kestra/cli/commands/migrations/metadata/MetadataMigrationServiceTest.java,io.kestra.cli.commands.migrations.metadata.MetadataMigrationServiceTest,class,11,12,1,11,4,1,0,46,4,0.625,0.0,0.0,4,0,0,0,2,2,4,0,0,0,2,2,0,1,1,0,2,0,9,55,2,0,0,0,0,10,1,14,0,19,1,3,0,4,57,1,0
/Users/kaiohs/Downloads/codes/lab02-experimentacao-software/data/repos/kestra-io__kestra/jdbc-postgres/src/main/java/io/kestra/repository/postgres/PostgresServiceInstanceRepository.java,io.kestra.repository.postgres.PostgresServiceInstanceRepository,class,7,7,0,7,1,3,0,0,0,0.0,NaN,NaN,1,0,1,0,0,0,1,0,0,0,0,0,0,0,0,0,0,0,0,5,0,0,0,0,0,1,0,0,0,0,0,0,0,0,7,1,0
/Users/kaiohs/Downloads/codes/lab02-experimentacao-software/data/repos/kestra-io__kestra/core/src/main/java/io/kestra/core/models/collectors/ExecutionUsage.java,io.kestra.core.models.collectors.ExecutionUsage,class,6,9,3,6,2,1,0,5,0,0.0,0.0,0.0,2,2,2,0,0,0,2,0,0,0,1,0,0,1,0,0,1,0,0,9,2,0,0,0,0,0,0,0,0,1,0,0,0,0,12,1,0
/Users/kaiohs/Downloads/codes/lab02-experimentacao-software/data/repos/kestra-io__kestra/core/src/main/java/io/kestra/core/models/dashboards/filters/Prefix.java,io.kestra.core.models.dashboards.filters.Prefix,class,11,12,1,11,0,2,0,0,0,NaN,-1.0,-1.0,0,0,0,0,0,0,0,0,0,0,2,0,0,1,1,0,0,0,0,4,0,0,0,0,0,2,0,1,0,2,0,0,0,0,8,1,0
/Users/kaiohs/Downloads/codes/lab02-experimentacao-software/data/repos/kestra-io__kestra/core/src/main/java/io/kestra/plugin/core/trigger/AbstractWebhookTrigger.java,io.kestra.plugin.core.trigger.AbstractWebhookTrigger,class,14,17,3,14,1,2,2,0,0,1.0,NaN,NaN,1,0,1,0,0,0,1,1,0,0,2,0,0,2,0,0,0,0,0,5,0,0,0,0,0,7,1,0,1,2,0,0,0,0,74,1025,0
/Users/kaiohs/Downloads/codes/lab02-experimentacao-software/data/repos/kestra-io__kestra/core/src/test/java/io/kestra/core/models/executions/LogEntryTest.java,io.kestra.core.models.executions.LogEntryTest,class,2,2,0,2,1,1,0,16,0,0.0,NaN,NaN,1,0,1,0,0,0,1,0,0,0,0,0,0,0,0,0,0,0,0,16,0,0,0,0,0,28,2,2,0,2,0,0,0,0,11,1,0
/Users/kaiohs/Downloads/codes/lab02-experimentacao-software/data/repos/kestra-io__kestra/core/src/main/java/io/kestra/core/plugins/RegisteredPlugin.java,io.kestra.core.plugins.RegisteredPlugin,class,25,31,6,25,71,1,0,104,208,0.9550265,0.0,0.0,21,0,21,0,0,0,21,0,0,0,36,15,15,20,0,1,35,0,40,277,41,0,17,1,0,93,1,22,6,63,2,0,0,22,114,1,0
/Users/kaiohs/Downloads/codes/lab02-experimentacao-software/data/repos/kestra-io__kestra/core/src/main/java/io/kestra/core/models/SearchResult.java,io.kestra.core.models.SearchResult,class,3,4,1,3,0,1,0,0,0,NaN,-1.0,-1.0,0,0,0,0,0,0,0,0,0,0,2,0,0,0,0,2,0,0,0,4,0,0,0,0,0,0,0,0,0,2,0,0,0,0,3,1,0
/Users/kaiohs/Downloads/codes/lab02-experimentacao-software/data/repos/kestra-io__kestra/core/src/test/java/io/kestra/core/server/ServiceInstanceTest.java,io.kestra.core.server.ServiceInstanceTest,class,4,5,1,4,5,1,0,21,0,0.2,0.0,0.0,5,1,0,1,0,4,4,0,0,0,1,1,1,0,0,0,1,0,25,31,1,0,0,0,0,12,8,11,0,11,0,0,0,0,37,0,0
/Users/kaiohs/Downloads/codes/lab02-experimentacao-software/data/repos/kestra-io__kestra/core/src/main/java/io/kestra/core/models/dashboards/DataFilterKPI.java,io.kestra.core.models.dashboards.DataFilterKPI,class,18,20,2,18,4,1,0,3,6,0.875,0.0,0.0,4,0,4,0,0,0,4,1,0,0,4,0,0,4,0,0,0,0,2,17,2,0,0,0,0,0,0,2,0,4,0,0,0,0,37,1025,0
/Users/kaiohs/Downloads/codes/lab02-experimentacao-software/data/repos/kestra-io__kestra/core/src/main/java/io/kestra/plugin/core/flow/ForEachItem.java,io.kestra.plugin.core.flow.ForEachItem$ForEachItemMergeOutputs$Output,innerclass,3,3,0,3,0,1,0,0,0,NaN,-1.0,-1.0,0,0,0,0,0,0,0,0,0,0,1,0,0,1,0,0,0,0,0,3,0,0,0,0,0,0,0,0,0,1,0,0,0,0,6,9,0
/Users/kaiohs/Downloads/codes/lab02-experimentacao-software/data/repos/kestra-io__kestra/jdbc/src/main/java/io/kestra/jdbc/JdbcTableConfigs.java,io.kestra.jdbc.JdbcTableConfigs,class,4,5,1,4,3,1,0,8,0,0.0,0.0,0.0,2,0,2,0,0,0,2,0,0,0,1,0,0,1,0,0,0,0,0,9,2,0,1,0,0,5,0,0,2,3,0,0,0,4,13,1,0
/Users/kaiohs/Downloads/codes/lab02-experimentacao-software/data/repos/kestra-io__kestra/core/src/main/java/io/kestra/core/validations/factory/CustomValidatorFactoryProvider.java,io.kestra.core.validations.factory.CustomValidatorFactoryProvider,class,22,23,1,22,5,1,0,16,1,0.5,0.0,0.0,2,0,0,0,1,1,2,0,0,0,6,0,0,0,6,0,0,0,4,37,1,1,1,0,0,3,0,8,1,11,4,0,0,2,71,1,0
/Users/kaiohs/Downloads/codes/lab02-experimentacao-software/data/repos/kestra-io__kestra/core/src/main/java/io/kestra/plugin/core/flow/Pause.java,io.kestra.plugin.core.flow.Pause$Behavior,enum,1,1,0,1,2,1,0,0,0,0.0,0.0,0.0,2,0,1,0,0,1,2,0,0,0,1,0,0,1,0,0,1,0,0,8,1,0,0,0,0,0,0,1,0,1,0,0,0,0,18,1,0
/Users/kaiohs/Downloads/codes/lab02-experimentacao-software/data/repos/kestra-io__kestra/queue/src/main/java/io/kestra/queue/AbstractBroadcastQueue.java,io.kestra.queue.AbstractBroadcastQueue,class,10,12,2,10,12,2,0,21,36,0.0,0.0,0.0,9,0,6,0,3,0,9,2,3,0,0,0,0,0,0,0,0,0,2,47,3,1,0,2,0,0,0,0,0,3,2,0,0,5,29,1025,0
/Users/kaiohs/Downloads/codes/lab02-experimentacao-software/data/repos/kestra-io__kestra/core/src/main/java/io/kestra/core/models/hierarchies/GraphClusterFinally.java,io.kestra.core.models.hierarchies.GraphClusterFinally,class,3,4,1,3,1,2,0,1,0,0.0,NaN,NaN,1,0,1,0,0,0,1,0,0,0,0,0,0,0,0,0,0,0,1,5,0,0,0,0,0,1,0,0,1,0,0,0,0,0,4,1,0
/Users/kaiohs/Downloads/codes/lab02-experimentacao-software/data/repos/kestra-io__kestra/core/src/test/java/io/kestra/core/metrics/MetricRegistryTest.java,io.kestra.core.metrics.MetricRegistryTest,class,8,8,0,8,3,1,0,22,1,0.33333334,0.0,0.0,3,0,0,0,0,3,3,0,0,0,2,0,0,2,0,0,0,0,8,20,1,0,0,0,0,40,3,4,0,6,0,0,0,0,20,0,0
/Users/kaiohs/Downloads/codes/lab02-experimentacao-software/data/repos/kestra-io__kestra/core/src/main/java/io/kestra/core/services/LabelService.java,io.kestra.core.services.LabelService,class,6,10,4,6,8,1,0,19,10,0.0,0.0,0.0,5,4,3,2,0,0,3,0,0,0,0,0,0,0,0,0,0,0,3,31,5,1,1,1,0,1,0,4,0,8,2,0,0,3,68,17,1
/Users/kaiohs/Downloads/codes/lab02-experimentacao-software/data/repos/kestra-io__kestra/core/src/main/java/io/kestra/core/serializers/ion/IonModule.java,io.kestra.core.serializers.ion.IonModule$LocalDateSerializer,innerclass,4,4,0,4,2,2,0,1,1,1.0,0.0,0.0,2,0,1,0,1,0,2,0,0,0,1,1,0,1,0,0,1,0,0,9,0,0,0,0,1,0,1,1,0,1,0,0,0,0,20,9,0
/Users/kaiohs/Downloads/codes/lab02-experimentacao-software/data/repos/kestra-io__kestra/core/src/main/java/io/kestra/core/models/tasks/RunnableTaskException.java,io.kestra.core.models.tasks.RunnableTaskException,class,2,2,0,2,6,3,0,0,0,0.0,0.0,0.0,6,0,6,0,0,0,6,0,0,0,1,0,0,1,0,0,1,0,0,27,0,0,0,0,0,0,0,6,0,1,0,0,0,0,24,1,0
/Users/kaiohs/Downloads/codes/lab02-experimentacao-software/data/repos/kestra-io__kestra/core/src/main/java/io/kestra/core/services/DefaultNamespaceService.java,io.kestra.core.services.DefaultNamespaceService,class,5,7,2,5,6,1,2,4,4,0.5,0.0,0.0,4,0,4,0,0,0,4,0,0,0,1,0,0,1,0,0,1,0,1,20,1,0,0,0,0,4,0,1,1,1,1,0,0,0,39,1,0
/Users/kaiohs/Downloads/codes/lab02-experimentacao-software/data/repos/kestra-io__kestra/core/src/test/java/io/kestra/core/services/PluginDefaultServiceTest.java,io.kestra.core.services.PluginDefaultServiceTest$DefaultTester$Collections,innerclass,3,3,0,3,0,1,0,0,0,NaN,-1.0,-1.0,0,0,0,0,0,0,0,0,0,0,2,0,0,2,0,0,0,0,0,4,0,0,0,0,0,0,0,0,0,2,0,0,0,0,3,9,0
/Users/kaiohs/Downloads/codes/lab02-experimentacao-software/data/repos/kestra-io__kestra/core/src/test/java/io/kestra/core/contexts/MavenPluginRepositoryConfigTest.java,io.kestra.core.contexts.MavenPluginRepositoryConfigTest,class,4,4,0,4,1,1,0,9,0,0.0,NaN,NaN,1,0,0,0,0,1,1,0,0,0,1,0,0,0,0,1,0,0,0,7,0,0,0,0,0,7,1,0,0,1,0,0,0,0,14,0,0
/Users/kaiohs/Downloads/codes/lab02-experimentacao-software/data/repos/kestra-io__kestra/cli/src/main/java/io/kestra/cli/services/DefaultEnvironmentProvider.java,io.kestra.cli.services.DefaultEnvironmentProvider,class,1,1,0,1,1,1,0,4,0,0.0,NaN,NaN,1,0,1,0,0,0,1,0,0,0,0,0,0,0,0,0,0,0,3,5,1,0,0,0,0,0,0,0,0,0,0,0,0,0,7,1,0
/Users/kaiohs/Downloads/codes/lab02-experimentacao-software/data/repos/kestra-io__kestra/core/src/main/java/io/kestra/plugin/core/trigger/Flow.java,io.kestra.plugin.core.trigger.Flow$UpstreamFlow,innerclass,6,6,0,6,0,1,0,0,0,NaN,-1.0,-1.0,0,0,0,0,0,0,0,0,0,0,4,0,0,4,0,0,0,0,0,6,0,0,0,0,0,4,0,0,0,4,0,0,0,0,14,9,0
/Users/kaiohs/Downloads/codes/lab02-experimentacao-software/data/repos/kestra-io__kestra/jdbc/src/main/java/io/kestra/jdbc/repository/AbstractJdbcCrudRepository.java,io.kestra.jdbc.repository.AbstractJdbcCrudRepository,class,15,24,9,15,33,2,0,43,79,0.37037036,0.0,0.0,27,0,12,0,15,0,27,0,12,0,1,0,0,0,1,0,0,0,0,156,32,0,4,2,3,3,2,18,1,28,2,0,0,12,152,1025,0
/Users/kaiohs/Downloads/codes/lab02-experimentacao-software/data/repos/kestra-io__kestra/core/src/test/java/io/kestra/core/repositories/AbstractLogRepositoryTest.java,io.kestra.core.repositories.AbstractLogRepositoryTest,class,16,18,2,16,18,1,1,77,0,0.25,0.0,0.0,16,4,0,0,2,14,16,0,0,0,1,0,0,0,1,0,0,0,58,172,4,2,0,0,0,72,71,53,0,36,1,0,0,1,71,1025,0
/Users/kaiohs/Downloads/codes/lab02-experimentacao-software/data/repos/kestra-io__kestra/core/src/main/java/io/kestra/plugin/core/dashboard/chart/pies/PieOption.java,io.kestra.plugin.core.dashboard.chart.pies.PieOption,class,11,11,0,11,2,2,0,4,0,0.75,NaN,NaN,1,0,1,0,0,0,1,0,0,0,4,0,0,4,0,0,0,0,2,10,1,0,1,0,0,0,0,3,0,4,0,0,1,0,27,1,0
/Users/kaiohs/Downloads/codes/lab02-experimentacao-software/data/repos/kestra-io__kestra/jdbc-postgres/src/test/java/io/kestra/repository/postgres/PostgresRepositoryTest.java,io.kestra.repository.postgres.PostgresRepositoryTest,class,1,1,0,1,0,2,0,0,0,0.0,-1.0,-1.0,0,0,0,0,0,0,0,0,0,0,0,0,0,0,0,0,0,0,0,2,0,0,0,0,0,0,0,0,0,0,0,0,0,0,5,1,0
/Users/kaiohs/Downloads/codes/lab02-experimentacao-software/data/repos/kestra-io__kestra/core/src/main/java/io/kestra/core/docs/ClassInputDocumentation.java,io.kestra.core.docs.ClassInputDocumentation,class,7,8,1,7,2,2,0,0,1,0.0,0.0,0.0,2,1,2,0,0,0,2,0,0,0,0,0,0,0,0,0,0,0,0,8,1,0,0,0,0,1,0,0,0,0,0,0,0,0,8,1,0
/Users/kaiohs/Downloads/codes/lab02-experimentacao-software/data/repos/kestra-io__kestra/core/src/main/java/io/kestra/core/validations/validator/TimeSeriesChartValidator.java,io.kestra.core.validations.validator.TimeSeriesChartValidator,class,9,9,0,9,7,1,0,25,0,0.0,NaN,NaN,1,0,1,0,0,0,1,0,0,0,0,0,0,0,0,0,0,0,2,28,3,0,5,0,0,5,0,4,2,6,2,0,0,2,30,1,0
/Users/kaiohs/Downloads/codes/lab02-experimentacao-software/data/repos/kestra-io__kestra/cli/src/test/java/io/kestra/cli/commands/sys/ReindexCommandTest.java,io.kestra.cli.commands.sys.ReindexCommandTest,class,5,6,1,5,2,1,0,12,0,0.0,NaN,NaN,1,0,0,0,0,1,1,0,0,0,0,0,0,0,0,0,0,0,1,20,0,0,0,1,0,4,0,7,0,7,1,0,0,0,36,0,0
/Users/kaiohs/Downloads/codes/lab02-experimentacao-software/data/repos/kestra-io__kestra/core/src/main/java/io/kestra/core/runners/pebble/functions/DayOfWeekFunction.java,io.kestra.core.runners.pebble.functions.DayOfWeekFunction,class,4,5,1,4,5,1,0,9,3,1.0,0.0,0.0,3,0,3,0,0,0,3,0,0,0,1,1,1,0,0,0,1,0,1,25,3,0,1,1,0,6,0,4,1,4,1,0,0,0,84,1,0
/Users/kaiohs/Downloads/codes/lab02-experimentacao-software/data/repos/kestra-io__kestra/executor/src/main/java/io/kestra/executor/FlowTriggerService.java,io.kestra.executor.FlowTriggerService$FlowWithFlowTrigger,innerclass,5,5,0,5,0,1,0,0,0,NaN,-1.0,-1.0,0,0,0,0,0,0,0,0,0,0,2,0,0,2,0,0,2,0,0,4,0,0,0,0,0,0,0,0,0,2,0,0,0,0,5,9,0
/Users/kaiohs/Downloads/codes/lab02-experimentacao-software/data/repos/kestra-io__kestra/script/src/main/java/io/kestra/plugin/scripts/runner/docker/PullPolicy.java,io.kestra.plugin.scripts.runner.docker.PullPolicy,enum,1,3,2,1,0,1,0,0,0,0.0,-1.0,-1.0,0,0,0,0,0,0,0,0,0,0,0,0,0,0,0,0,0,0,0,1,0,0,0,0,0,1,0,0,0,0,0,0,0,0,25,1,0
/Users/kaiohs/Downloads/codes/lab02-experimentacao-software/data/repos/kestra-io__kestra/webserver/src/main/java/io/kestra/webserver/utils/filepreview/PdfFileRender.java,io.kestra.webserver.utils.filepreview.PdfFileRender,class,2,3,1,2,1,3,0,0,0,0.0,NaN,NaN,1,0,0,0,0,1,1,0,0,0,0,0,0,0,0,0,0,0,0,6,0,0,0,0,0,0,0,1,0,0,0,0,0,0,12,1,0
/Users/kaiohs/Downloads/codes/lab02-experimentacao-software/data/repos/kestra-io__kestra/jdbc-mysql/src/main/java/io/kestra/repository/mysql/MysqlExecutionRepositoryService.java,io.kestra.repository.mysql.MysqlExecutionRepositoryService,class,7,8,1,7,12,1,0,17,1,0.0,0.0,0.0,2,2,2,0,0,0,2,0,0,0,0,0,0,0,0,0,0,0,2,48,2,0,4,0,0,8,0,7,1,11,3,0,0,2,34,1025,0
/Users/kaiohs/Downloads/codes/lab02-experimentacao-software/data/repos/kestra-io__kestra/core/src/main/java/io/kestra/plugin/core/condition/TimeBetween.java,io.kestra.plugin.core.condition.TimeBetween,class,16,16,0,16,6,2,0,13,0,0.0,NaN,NaN,1,0,1,0,0,0,1,0,0,0,3,0,0,3,0,0,1,0,0,30,4,0,4,0,0,12,0,7,0,9,2,0,0,0,53,1,0
/Users/kaiohs/Downloads/codes/lab02-experimentacao-software/data/repos/kestra-io__kestra/core/src/main/java/io/kestra/core/models/conditions/ScheduleCondition.java,io.kestra.core.models.conditions.ScheduleCondition,interface,1,1,0,1,1,1,0,0,0,0.0,NaN,NaN,1,0,0,0,0,1,1,0,0,0,0,0,0,0,0,0,0,0,0,3,0,0,0,0,0,0,0,0,0,0,0,0,0,0,41,1,0
/Users/kaiohs/Downloads/codes/lab02-experimentacao-software/data/repos/kestra-io__kestra/core/src/main/java/io/kestra/core/models/executions/ExecutionKilled.java,io.kestra.core.models.executions.ExecutionKilled$State,enum,0,0,0,0,0,1,0,0,0,0.0,-1.0,-1.0,0,0,0,0,0,0,0,0,0,0,0,0,0,0,0,0,0,0,0,1,0,0,0,0,0,0,0,0,0,0,0,0,0,0,8,1,0
/Users/kaiohs/Downloads/codes/lab02-experimentacao-software/data/repos/kestra-io__kestra/jdbc/src/test/java/io/kestra/jdbc/runner/AbstractJdbcDeserializationIssuesTest.java,io.kestra.jdbc.runner.AbstractJdbcDeserializationIssuesTest,class,18,19,1,18,7,1,0,22,9,0.72222215,0.0,0.0,6,0,0,1,1,4,5,0,0,0,3,0,0,3,0,0,0,0,5,49,2,0,1,0,0,5,0,5,0,9,1,1,0,1,43,1025,0
/Users/kaiohs/Downloads/codes/lab02-experimentacao-software/data/repos/kestra-io__kestra/core/src/main/java/io/kestra/core/exceptions/InternalException.java,io.kestra.core.exceptions.InternalException,class,0,3,3,0,3,3,2,0,3,1.0,0.0,0.0,3,0,3,0,0,0,3,0,0,0,1,1,0,1,0,0,1,0,0,12,0,0,0,0,0,0,1,1,0,1,0,0,0,0,12,1,0
/Users/kaiohs/Downloads/codes/lab02-experimentacao-software/data/repos/kestra-io__kestra/worker-controller/src/main/java/io/kestra/controller/grpc/services/GrpcKVMetadataControllerService.java,io.kestra.controller.grpc.services.GrpcKVMetadataControllerService,class,17,18,1,17,11,2,0,25,0,0.125,0.0,0.0,6,0,6,0,0,0,6,0,0,0,4,2,0,4,0,0,4,0,5,78,0,0,0,5,0,12,0,17,0,17,1,0,0,0,69,1,10
/Users/kaiohs/Downloads/codes/lab02-experimentacao-software/data/repos/kestra-io__kestra/webserver/src/main/java/io/kestra/webserver/controllers/api/DashboardController.java,io.kestra.webserver.controllers.api.DashboardController$DashboardResponse,innerclass,8,8,0,8,2,1,0,10,0,0.0,0.0,0.0,2,0,2,0,0,0,2,0,0,0,10,0,0,10,0,0,10,0,0,36,0,0,0,0,0,1,0,20,0,10,0,0,0,0,22,9,0
/Users/kaiohs/Downloads/codes/lab02-experimentacao-software/data/repos/kestra-io__kestra/webserver/src/main/java/io/kestra/webserver/controllers/api/ApiController.java,io.kestra.webserver.controllers.api.ApiController,class,6,7,1,6,3,1,0,6,3,0.6666667,0.0,0.0,3,0,1,0,2,0,3,0,0,0,1,0,0,0,1,0,0,0,0,13,3,0,0,0,0,41,0,1,2,2,0,0,0,0,53,1,0
/Users/kaiohs/Downloads/codes/lab02-experimentacao-software/data/repos/kestra-io__kestra/worker-controller/src/main/java/io/kestra/controller/grpc/services/WorkerJobDispatcher.java,io.kestra.controller.grpc.services.WorkerJobDispatcher,class,40,51,11,40,96,1,0,137,239,0.87777776,0.0,0.0,30,0,10,20,0,0,10,0,0,0,15,3,0,15,0,0,13,0,8,407,24,2,19,14,0,43,10,49,0,60,4,0,0,13,332,1,30
/Users/kaiohs/Downloads/codes/lab02-experimentacao-software/data/repos/kestra-io__kestra/core/src/test/java/io/kestra/core/repositories/AbstractExecutionRepositoryTest.java,io.kestra.core.repositories.AbstractExecutionRepositoryTest,class,29,31,2,29,53,1,1,155,0,0.6666667,0.0,0.0,37,7,2,2,23,10,35,0,0,0,3,2,2,0,1,0,2,0,151,384,10,2,7,1,2,174,189,154,0,129,2,0,0,5,204,1025,0
/Users/kaiohs/Downloads/codes/lab02-experimentacao-software/data/repos/kestra-io__kestra/core/src/main/java/io/kestra/core/repositories/TriggerRepositoryInterface.java,io.kestra.core.repositories.TriggerRepositoryInterface,interface,10,11,1,10,9,1,0,1,36,0.0,0.0,0.0,9,0,0,0,0,9,9,0,0,0,0,0,0,0,0,0,0,0,1,13,1,0,0,0,0,1,0,0,0,0,0,0,0,0,69,1,0
/Users/kaiohs/Downloads/codes/lab02-experimentacao-software/data/repos/kestra-io__kestra/cli/src/test/java/io/kestra/cli/commands/namespaces/kv/KvUpdateCommandTest.java,io.kestra.cli.commands.namespaces.kv.KvUpdateCommandTest,class,7,7,0,7,6,1,0,21,15,0.0,0.0,0.0,6,0,0,0,0,6,6,0,0,0,0,0,0,0,0,0,0,0,4,78,0,0,0,6,6,89,1,31,1,31,1,0,0,0,31,0,0
/Users/kaiohs/Downloads/codes/lab02-experimentacao-software/data/repos/kestra-io__kestra/core/src/test/java/io/kestra/plugin/core/trigger/WebhookTestPlugin.java,io.kestra.plugin.core.trigger.WebhookTestPlugin,class,14,14,0,14,5,2,0,21,0,1.0,NaN,NaN,1,0,1,0,0,0,1,0,0,0,1,0,0,1,0,0,0,0,0,24,3,0,1,1,0,3,0,3,0,3,1,0,1,0,22,1,0
/Users/kaiohs/Downloads/codes/lab02-experimentacao-software/data/repos/kestra-io__kestra/core/src/main/java/io/kestra/core/models/tasks/logs/LogExporter.java,io.kestra.core.models.tasks.logs.LogExporter,class,11,13,2,11,1,1,0,0,0,1.0,NaN,NaN,1,0,1,0,0,0,1,1,0,0,2,0,0,0,2,0,0,0,0,5,0,0,0,0,0,1,0,0,0,2,0,0,0,0,30,1025,0
/Users/kaiohs/Downloads/codes/lab02-experimentacao-software/data/repos/kestra-io__kestra/core/src/main/java/io/kestra/core/models/flows/State.java,io.kestra.core.models.flows.State$History,innerclass,3,3,0,3,0,1,0,0,0,NaN,-1.0,-1.0,0,0,0,0,0,0,0,0,0,0,2,0,0,0,0,2,0,0,0,4,0,0,0,0,0,0,0,0,0,2,0,0,0,0,5,9,0
/Users/kaiohs/Downloads/codes/lab02-experimentacao-software/data/repos/kestra-io__kestra/core/src/main/java/io/kestra/plugin/core/flow/Pause.java,io.kestra.plugin.core.flow.Pause$Output,innerclass,5,5,0,5,0,1,0,0,0,NaN,-1.0,-1.0,0,0,0,0,0,0,0,0,0,0,2,0,0,2,0,0,0,0,0,4,0,0,0,0,0,1,0,0,0,2,0,0,0,0,13,9,0
/Users/kaiohs/Downloads/codes/lab02-experimentacao-software/data/repos/kestra-io__kestra/core/src/main/java/io/kestra/core/trace/Tracer.java,io.kestra.core.trace.Tracer$CallableChecked,interface,1,1,0,1,1,1,0,0,0,0.0,NaN,NaN,1,0,0,0,0,1,1,0,0,0,0,0,0,0,0,0,0,0,0,3,0,0,0,0,0,0,0,0,0,0,0,0,0,0,4,0,0
/Users/kaiohs/Downloads/codes/lab02-experimentacao-software/data/repos/kestra-io__kestra/executor/src/main/java/io/kestra/executor/FlowTriggerService.java,io.kestra.executor.FlowTriggerService$FlowWithFlowTriggerAndMultipleCondition,innerclass,7,7,0,7,0,1,0,0,0,NaN,-1.0,-1.0,0,0,0,0,0,0,0,0,0,0,4,0,0,4,0,0,4,0,0,6,0,0,0,0,0,0,0,0,0,4,0,0,0,0,10,12,0
/Users/kaiohs/Downloads/codes/lab02-experimentacao-software/data/repos/kestra-io__kestra/core/src/test/java/io/kestra/core/plugins/AdditionalPluginTest.java,io.kestra.core.plugins.AdditionalPluginTest$AdditionalPluginTestTask$Output,innerclass,3,3,0,3,0,1,0,0,0,NaN,-1.0,-1.0,0,0,0,0,0,0,0,0,0,0,1,0,0,1,0,0,0,0,0,3,0,0,0,0,0,0,0,0,0,1,0,0,0,0,2,9,0
/Users/kaiohs/Downloads/codes/lab02-experimentacao-software/data/repos/kestra-io__kestra/core/src/main/java/io/kestra/plugin/core/trigger/Flow.java,io.kestra.plugin.core.trigger.Flow$Preconditions,innerclass,18,18,0,18,4,1,0,13,2,0.8,0.0,0.0,4,0,4,0,0,0,4,0,0,0,5,0,0,4,1,0,0,0,4,27,4,0,0,0,0,12,0,8,5,15,0,0,0,4,57,9,0
/Users/kaiohs/Downloads/codes/lab02-experimentacao-software/data/repos/kestra-io__kestra/core/src/main/java/io/kestra/core/storages/Namespace.java,io.kestra.core.storages.Namespace$Conflicts,enum,0,0,0,0,0,1,0,0,0,0.0,-1.0,-1.0,0,0,0,0,0,0,0,0,0,0,0,0,0,0,0,0,0,0,0,1,0,0,0,0,0,0,0,0,0,0,0,0,0,0,6,0,0
/Users/kaiohs/Downloads/codes/lab02-experimentacao-software/data/repos/kestra-io__kestra/core/src/test/java/io/kestra/core/services/PluginDefaultServiceTest.java,io.kestra.core.services.PluginDefaultServiceTest$DefaultTriggerTester,innerclass,11,11,0,11,2,2,0,2,1,0.5,0.0,0.0,2,0,2,0,0,0,2,0,0,0,1,0,0,1,0,0,0,0,2,9,2,0,0,0,0,0,1,0,0,1,0,0,0,0,14,9,0
/Users/kaiohs/Downloads/codes/lab02-experimentacao-software/data/repos/kestra-io__kestra/core/src/main/java/io/kestra/plugin/core/flow/WorkingDirectory.java,io.kestra.plugin.core.flow.WorkingDirectory,class,30,31,1,30,26,4,0,86,6,0.70000005,0.0,0.0,5,0,5,0,0,0,5,0,0,0,6,1,0,6,0,0,1,0,10,132,8,2,6,8,1,18,2,22,2,26,6,1,2,1,123,1,8
/Users/kaiohs/Downloads/codes/lab02-experimentacao-software/data/repos/kestra-io__kestra/core/src/test/java/io/kestra/core/tasks/test/DynamicTask.java,io.kestra.core.tasks.test.DynamicTask,class,12,12,0,12,3,2,0,19,0,0.0,NaN,NaN,1,0,1,0,0,0,1,0,0,0,1,0,0,1,0,0,0,0,2,12,1,0,0,0,0,6,0,3,0,3,1,0,0,0,20,1,0
/Users/kaiohs/Downloads/codes/lab02-experimentacao-software/data/repos/kestra-io__kestra/core/src/main/java/io/kestra/core/reporter/Reportable.java,io.kestra.core.reporter.Reportable$ReportingSchedule,interface,0,0,0,0,1,1,0,0,0,0.0,NaN,NaN,1,0,0,0,0,1,1,0,0,0,0,0,0,0,0,0,0,0,0,3,0,0,0,0,0,0,0,0,0,0,0,0,0,0,16,0,0
/Users/kaiohs/Downloads/codes/lab02-experimentacao-software/data/repos/kestra-io__kestra/core/src/main/java/io/kestra/core/models/collectors/HostUsage.java,io.kestra.core.models.collectors.HostUsage$Os,innerclass,3,3,0,3,0,1,0,0,0,NaN,-1.0,-1.0,0,0,0,0,0,0,0,0,0,0,4,0,0,4,0,0,4,0,0,6,0,0,0,0,0,0,0,0,0,4,0,0,0,0,7,9,0
/Users/kaiohs/Downloads/codes/lab02-experimentacao-software/data/repos/kestra-io__kestra/jdbc-h2/src/main/java/io/kestra/repository/h2/H2ExecutionRepositoryService.java,io.kestra.repository.h2.H2ExecutionRepositoryService,class,7,8,1,7,13,1,0,19,1,0.0,0.0,0.0,2,2,2,0,0,0,2,0,0,0,0,0,0,0,0,0,0,0,2,57,2,0,4,0,0,7,0,9,2,13,3,0,0,2,27,1025,0
/Users/kaiohs/Downloads/codes/lab02-experimentacao-software/data/repos/kestra-io__kestra/jdbc-postgres/src/test/java/io/kestra/repository/postgres/PostgresKvMetadataRepositoryTest.java,io.kestra.repository.postgres.PostgresKvMetadataRepositoryTest,class,1,1,0,1,0,2,0,0,0,0.0,-1.0,-1.0,0,0,0,0,0,0,0,0,0,0,0,0,0,0,0,0,0,0,0,2,0,0,0,0,0,0,0,0,0,0,0,0,0,0,6,1,0
/Users/kaiohs/Downloads/codes/lab02-experimentacao-software/data/repos/kestra-io__kestra/core/src/test/java/io/kestra/core/models/flows/FlowIdTest.java,io.kestra.core.models.flows.FlowIdTest,class,1,1,0,1,3,1,0,6,3,0.0,0.0,0.0,3,0,0,0,0,3,3,0,0,0,0,0,0,0,0,0,0,0,2,14,0,0,0,0,0,12,1,3,0,3,0,0,0,0,14,0,0
/Users/kaiohs/Downloads/codes/lab02-experimentacao-software/data/repos/kestra-io__kestra/jdbc-mysql/src/main/java/io/kestra/repository/mysql/MysqlLogRepository.java,io.kestra.repository.mysql.MysqlLogRepository,class,12,12,0,12,3,2,0,3,3,0.0,0.0,0.0,3,0,1,0,2,0,3,0,0,0,0,0,0,0,0,0,0,0,2,11,2,0,0,0,0,9,0,0,0,0,0,0,0,0,16,1,0
/Users/kaiohs/Downloads/codes/lab02-experimentacao-software/data/repos/kestra-io__kestra/core/src/main/java/io/kestra/core/runners/ExecutionQueuedStateStore.java,io.kestra.core.runners.ExecutionQueuedStateStore,interface,3,3,0,3,3,1,0,0,3,0.0,0.0,0.0,3,0,0,0,0,3,3,0,0,0,0,0,0,0,0,0,0,0,0,5,0,0,0,0,0,0,0,0,0,0,0,0,0,0,44,1,0
/Users/kaiohs/Downloads/codes/lab02-experimentacao-software/data/repos/kestra-io__kestra/scheduler/src/main/java/io/kestra/scheduler/pubsub/TriggerWorkerJobPublisher.java,io.kestra.scheduler.pubsub.TriggerWorkerJobPublisher,class,15,19,4,15,10,1,0,26,0,0.125,0.0,0.0,2,0,2,0,0,0,2,0,0,0,4,1,0,4,0,0,4,0,0,54,0,0,0,1,0,4,0,10,0,10,5,0,0,0,46,1,3
/Users/kaiohs/Downloads/codes/lab02-experimentacao-software/data/repos/kestra-io__kestra/tests/src/main/java/io/kestra/core/runners/TestRunnerUtils.java,io.kestra.core.runners.TestRunnerUtils,class,19,40,21,19,71,1,0,77,726,0.92499995,0.0,0.0,40,0,36,4,0,0,36,0,0,0,6,1,1,3,2,0,1,0,30,241,48,0,17,4,0,23,14,27,5,35,4,0,0,20,92,1,0
/Users/kaiohs/Downloads/codes/lab02-experimentacao-software/data/repos/kestra-io__kestra/jdbc-h2/src/test/java/io/kestra/queue/h2/H2VNodeDispatchQueueTest.java,io.kestra.queue.h2.H2VNodeDispatchQueueTest,class,6,6,0,6,1,2,0,2,0,0.0,NaN,NaN,1,0,0,0,1,0,1,0,0,0,1,0,0,0,0,1,0,0,0,7,0,0,0,0,0,2,0,0,0,1,0,0,0,0,12,0,0
/Users/kaiohs/Downloads/codes/lab02-experimentacao-software/data/repos/kestra-io__kestra/core/src/main/java/io/kestra/plugin/core/dashboard/data/Triggers.java,io.kestra.plugin.core.dashboard.data.Triggers,class,15,15,0,15,1,1,0,0,0,0.0,NaN,NaN,1,0,1,0,0,0,1,0,0,0,0,0,0,0,0,0,0,0,0,5,1,0,0,0,0,5,0,0,0,0,0,0,0,0,27,1,0
/Users/kaiohs/Downloads/codes/lab02-experimentacao-software/data/repos/kestra-io__kestra/core/src/main/java/io/kestra/core/models/assets/AssetExporter.java,io.kestra.core.models.assets.AssetExporter,class,11,12,1,11,1,1,0,0,0,1.0,NaN,NaN,1,0,1,0,0,0,1,1,0,0,2,0,0,0,2,0,0,0,0,5,0,0,0,0,0,1,0,0,0,2,0,0,0,0,29,1025,0
/Users/kaiohs/Downloads/codes/lab02-experimentacao-software/data/repos/kestra-io__kestra/jdbc-mysql/src/main/java/io/kestra/repository/mysql/MysqlRepositoryUtils.java,io.kestra.repository.mysql.MysqlRepositoryUtils,class,2,6,4,2,7,1,0,1,1,0.0,NaN,NaN,2,1,1,1,0,0,1,0,0,0,0,0,0,0,0,0,0,0,0,20,5,0,0,0,0,6,0,0,1,0,1,0,0,0,22,17,0
/Users/kaiohs/Downloads/codes/lab02-experimentacao-software/data/repos/kestra-io__kestra/core/src/main/java/io/kestra/plugin/core/dashboard/chart/Markdown.java,io.kestra.plugin.core.dashboard.chart.Markdown,class,10,10,0,10,0,2,0,0,0,NaN,-1.0,-1.0,0,0,0,0,0,0,0,0,0,0,1,0,0,1,0,0,0,0,0,3,0,0,0,0,0,2,0,0,0,1,0,0,0,0,18,1,0
/Users/kaiohs/Downloads/codes/lab02-experimentacao-software/data/repos/kestra-io__kestra/core/src/main/java/io/kestra/plugin/core/dashboard/chart/Pie.java,io.kestra.plugin.core.dashboard.chart.Pie,class,12,12,0,12,2,2,0,0,1,0.0,0.0,0.0,2,0,2,0,0,0,2,0,0,0,0,0,0,0,0,0,0,0,0,8,2,0,0,0,0,2,2,0,0,0,0,0,0,0,22,1,0
/Users/kaiohs/Downloads/codes/lab02-experimentacao-software/data/repos/kestra-io__kestra/core/src/test/java/io/kestra/core/docs/JsonSchemaGeneratorTest.java,io.kestra.core.docs.JsonSchemaGeneratorTest$TaskWithEnum$TestClass,innerclass,2,2,0,2,0,1,0,0,0,NaN,-1.0,-1.0,0,0,0,0,0,0,0,0,0,0,1,0,1,0,0,0,0,0,0,3,0,0,0,0,0,2,0,0,0,1,0,0,0,0,5,10,0
/Users/kaiohs/Downloads/codes/lab02-experimentacao-software/data/repos/kestra-io__kestra/core/src/test/java/io/kestra/core/runners/FlowInputOutputTest.java,io.kestra.core.runners.FlowInputOutputTest$Anonymous2$Anonymous3,anonymous,1,1,0,1,1,1,0,1,0,0.0,NaN,NaN,1,0,1,0,0,0,1,0,0,0,0,0,0,0,0,0,0,0,1,5,1,0,0,0,0,0,0,0,0,0,0,0,0,0,12,-1,0
/Users/kaiohs/Downloads/codes/lab02-experimentacao-software/data/repos/kestra-io__kestra/core/src/main/java/io/kestra/core/models/tasks/GenericTask.java,io.kestra.core.models.tasks.GenericTask,class,10,10,0,10,2,1,0,1,0,0.8,0.0,0.0,2,0,2,0,0,0,2,0,0,0,5,0,0,5,0,0,0,0,0,13,1,0,0,0,0,0,0,1,0,5,0,0,0,0,20,1,0
/Users/kaiohs/Downloads/codes/lab02-experimentacao-software/data/repos/kestra-io__kestra/core/src/main/java/io/kestra/plugin/core/runner/Process.java,io.kestra.plugin.core.runner.Process,class,18,21,3,18,8,2,0,36,6,0.0,0.0,0.0,4,1,2,1,1,0,3,0,0,0,0,0,0,0,0,0,0,0,1,88,3,0,1,1,0,9,1,13,0,14,2,0,1,1,88,1,4
/Users/kaiohs/Downloads/codes/lab02-experimentacao-software/data/repos/kestra-io__kestra/core/src/main/java/io/kestra/core/server/ServiceLivenessStore.java,io.kestra.core.server.ServiceLivenessStore,interface,2,4,2,2,2,1,0,0,1,0.0,0.0,0.0,2,0,0,0,0,2,2,0,0,0,0,0,0,0,0,0,0,0,0,4,0,0,0,0,0,0,0,0,0,0,0,0,0,0,28,1,0
/Users/kaiohs/Downloads/codes/lab02-experimentacao-software/data/repos/kestra-io__kestra/jdbc-mysql/src/main/java/io/kestra/runner/mysql/MysqlSLAMonitorStateStore.java,io.kestra.runner.mysql.MysqlSLAMonitorStateStore,class,6,6,0,6,1,3,0,0,0,0.0,NaN,NaN,1,0,1,0,0,0,1,0,0,0,0,0,0,0,0,0,0,0,0,5,0,0,0,0,0,1,0,0,0,0,0,0,0,0,10,1,0
/Users/kaiohs/Downloads/codes/lab02-experimentacao-software/data/repos/kestra-io__kestra/core/src/main/java/io/micronaut/configuration/hibernate/validator/OverrideParameterNameProvider.java,io.micronaut.configuration.hibernate.validator.OverrideParameterNameProvider,class,5,6,1,5,7,1,0,7,0,0.25,0.0,0.0,4,0,3,1,0,0,3,0,0,0,1,0,0,1,0,0,1,0,0,27,5,1,1,0,0,1,1,4,1,4,1,0,0,0,18,1,0
/Users/kaiohs/Downloads/codes/lab02-experimentacao-software/data/repos/kestra-io__kestra/core/src/test/java/io/kestra/plugin/core/metric/PublishTest.java,io.kestra.plugin.core.metric.PublishTest,class,6,6,0,6,1,1,0,19,0,0.0,NaN,NaN,1,0,0,0,0,1,1,0,0,0,1,0,0,1,0,0,0,0,4,9,0,0,0,0,0,7,3,2,0,3,0,0,0,0,11,1,0
/Users/kaiohs/Downloads/codes/lab02-experimentacao-software/data/repos/kestra-io__kestra/core/src/main/java/io/kestra/core/runners/AclCheckerImpl.java,io.kestra.core.runners.AclCheckerImpl$AllowAllNamespaces,innerclass,3,3,0,3,2,1,0,5,0,0.0,0.0,0.0,2,0,1,0,0,1,2,0,0,0,2,0,0,2,0,0,2,0,2,11,0,0,0,0,0,0,0,2,0,2,0,0,0,0,11,8,0
/Users/kaiohs/Downloads/codes/lab02-experimentacao-software/data/repos/kestra-io__kestra/core/src/main/java/io/kestra/core/plugins/PluginRegistry.java,io.kestra.core.plugins.PluginRegistry,interface,4,16,12,4,16,1,0,11,105,0.0,0.0,0.0,15,0,0,0,0,15,15,0,0,0,0,0,0,0,0,0,0,0,1,30,2,1,0,0,0,0,1,2,0,3,2,0,0,1,107,1,0
/Users/kaiohs/Downloads/codes/lab02-experimentacao-software/data/repos/kestra-io__kestra/webserver/src/test/java/io/kestra/webserver/controllers/api/NamespaceControllerTest.java,io.kestra.webserver.controllers.api.NamespaceControllerTest,class,15,16,1,15,7,1,0,45,7,0.6666667,0.0,0.0,7,0,0,0,2,5,7,0,0,0,3,0,0,3,0,0,0,0,2,57,2,0,0,0,0,42,14,9,1,8,0,0,0,0,38,1,0
/Users/kaiohs/Downloads/codes/lab02-experimentacao-software/data/repos/kestra-io__kestra/core/src/main/java/io/kestra/core/repositories/NamespaceFileMetadataRepositoryInterface.java,io.kestra.core.repositories.NamespaceFileMetadataRepositoryInterface,interface,6,10,4,6,6,1,0,5,15,0.0,0.0,0.0,6,0,0,0,0,6,6,0,0,0,0,0,0,0,0,0,0,0,0,12,2,0,0,0,0,0,0,0,0,0,0,0,0,0,44,1,0
/Users/kaiohs/Downloads/codes/lab02-experimentacao-software/data/repos/kestra-io__kestra/core/src/test/java/io/kestra/core/utils/VersionProviderTest.java,io.kestra.core.utils.VersionProviderTest,class,5,5,0,5,1,1,0,3,0,0.5,NaN,NaN,1,0,0,0,0,1,1,0,0,0,2,0,0,2,0,0,0,0,0,7,0,0,0,0,0,0,0,0,0,2,0,0,0,0,12,0,0
/Users/kaiohs/Downloads/codes/lab02-experimentacao-software/data/repos/kestra-io__kestra/core/src/main/java/io/kestra/core/runners/WorkerGroupMetaStore.java,io.kestra.core.runners.WorkerGroupMetaStore$DefaultWorkerGroupMetaStore,innerclass,4,4,0,4,3,1,0,1,3,0.0,0.0,0.0,3,0,3,0,0,0,3,0,0,0,0,0,0,0,0,0,0,0,1,11,3,0,0,0,0,0,0,0,0,0,0,0,0,0,23,0,0
/Users/kaiohs/Downloads/codes/lab02-experimentacao-software/data/repos/kestra-io__kestra/webserver/src/main/java/io/kestra/webserver/models/events/Event.java,io.kestra.webserver.models.events.Event$EventType,enum,0,0,0,0,0,1,0,0,0,0.0,-1.0,-1.0,0,0,0,0,0,0,0,0,0,0,0,0,0,0,0,0,0,0,0,1,0,0,0,0,0,0,0,0,0,0,0,0,0,0,10,1,0
/Users/kaiohs/Downloads/codes/lab02-experimentacao-software/data/repos/kestra-io__kestra/core/src/test/java/io/kestra/core/runners/pebble/filters/FlattenFilterTest.java,io.kestra.core.runners.pebble.filters.FlattenFilterTest,class,4,4,0,4,1,1,0,6,0,0.0,NaN,NaN,1,0,0,0,0,1,1,0,0,0,1,0,0,0,0,1,0,0,4,9,0,0,0,0,0,13,0,3,0,4,0,0,0,0,43,1,0
/Users/kaiohs/Downloads/codes/lab02-experimentacao-software/data/repos/kestra-io__kestra/cli/src/main/java/io/kestra/cli/commands/migrations/metadata/KvMetadataMigrationCommand.java,io.kestra.cli.commands.migrations.metadata.KvMetadataMigrationCommand,class,6,7,1,6,2,3,0,6,0,0.0,NaN,NaN,1,0,1,0,0,0,1,0,0,0,1,0,0,1,0,0,0,0,0,16,2,0,0,1,0,4,2,0,1,1,1,0,0,0,16,1,0
/Users/kaiohs/Downloads/codes/lab02-experimentacao-software/data/repos/kestra-io__kestra/model/src/main/java/io/kestra/core/models/annotations/Plugin.java,io.kestra.core.models.annotations.Plugin$Priority,enum,0,0,0,0,0,1,0,0,0,0.0,-1.0,-1.0,0,0,0,0,0,0,0,0,0,0,0,0,0,0,0,0,0,0,0,1,0,0,0,0,0,0,0,0,0,0,0,0,0,0,11,0,0
/Users/kaiohs/Downloads/codes/lab02-experimentacao-software/data/repos/kestra-io__kestra/core/src/test/java/io/kestra/core/storages/InternalKVStoreTest.java,io.kestra.core.storages.InternalKVStoreTest,class,14,15,1,14,12,1,0,70,0,0.6944444,0.0,0.0,12,0,0,1,0,11,11,0,0,0,6,3,0,5,0,1,3,0,36,133,1,0,0,0,0,40,25,50,6,48,1,0,0,7,105,0,0
/Users/kaiohs/Downloads/codes/lab02-experimentacao-software/data/repos/kestra-io__kestra/core/src/main/java/io/kestra/core/services/AbstractFilterService.java,io.kestra.core.services.AbstractFilterService,class,21,21,0,21,20,1,0,3,171,0.0,0.0,0.0,19,0,1,0,18,0,19,18,0,0,0,0,0,0,0,0,0,0,0,28,2,0,1,0,0,0,0,1,0,2,1,0,0,1,31,1025,0
/Users/kaiohs/Downloads/codes/lab02-experimentacao-software/data/repos/kestra-io__kestra/core/src/main/java/io/kestra/core/models/flows/input/EmailInput.java,io.kestra.core.models.flows.input.EmailInput,class,3,6,3,3,2,2,0,3,0,0.0,NaN,NaN,1,0,1,0,0,0,1,0,0,0,1,1,0,1,0,0,1,0,1,8,0,0,0,0,0,2,0,1,0,1,1,0,0,0,24,1,0
/Users/kaiohs/Downloads/codes/lab02-experimentacao-software/data/repos/kestra-io__kestra/webserver/src/main/java/io/micronaut/web/router/resource/VueStaticResourceResolver.java,io.micronaut.web.router.resource.VueStaticResourceResolver,class,5,5,0,5,8,2,0,8,0,0.0,0.0,0.0,2,0,1,0,0,1,2,0,0,0,1,0,0,1,0,0,0,0,0,22,2,2,0,0,0,3,0,2,0,2,3,0,0,0,28,1,0
/Users/kaiohs/Downloads/codes/lab02-experimentacao-software/data/repos/kestra-io__kestra/jdbc-mysql/src/test/java/io/kestra/repository/mysql/MysqlConcurrencyLimitRepositoryTest.java,io.kestra.repository.mysql.MysqlConcurrencyLimitRepositoryTest,class,1,1,0,1,0,2,0,0,0,0.0,-1.0,-1.0,0,0,0,0,0,0,0,0,0,0,0,0,0,0,0,0,0,0,0,2,0,0,0,0,0,0,0,0,0,0,0,0,0,0,6,1,0
/Users/kaiohs/Downloads/codes/lab02-experimentacao-software/data/repos/kestra-io__kestra/core/src/main/java/io/kestra/plugin/core/trigger/Webhook.java,io.kestra.plugin.core.trigger.Webhook$Output,innerclass,9,9,0,9,0,1,0,0,0,NaN,-1.0,-1.0,0,0,0,0,0,0,0,0,0,0,3,0,0,3,0,0,0,0,0,5,0,0,0,0,0,5,0,0,1,3,0,0,0,0,26,9,0
/Users/kaiohs/Downloads/codes/lab02-experimentacao-software/data/repos/kestra-io__kestra/webserver/src/test/java/io/kestra/webserver/controllers/api/TriggerControllerTest.java,io.kestra.webserver.controllers.api.TriggerControllerTest,class,25,26,1,25,28,1,0,86,0,0.64,0.0,0.0,25,0,0,6,1,18,19,0,0,0,8,2,2,0,0,6,2,0,38,195,6,0,0,3,5,53,33,57,22,67,1,0,0,19,120,0,0
/Users/kaiohs/Downloads/codes/lab02-experimentacao-software/data/repos/kestra-io__kestra/core/src/main/java/io/kestra/core/listeners/RetryEvents.java,io.kestra.core.listeners.RetryEvents,class,4,4,0,4,1,1,0,9,0,0.0,NaN,NaN,1,0,0,0,0,1,1,0,0,0,0,0,0,0,0,0,0,0,0,5,0,0,0,0,0,1,0,0,0,0,0,0,0,0,9,1,1
/Users/kaiohs/Downloads/codes/lab02-experimentacao-software/data/repos/kestra-io__kestra/core/src/test/java/io/kestra/core/runners/FlowInputOutputTest.java,io.kestra.core.runners.FlowInputOutputTest$Anonymous2,anonymous,4,4,0,4,1,1,0,0,0,0.0,NaN,NaN,1,0,1,0,0,0,1,0,0,0,0,0,0,0,0,0,0,0,0,10,1,0,0,0,0,0,0,0,0,0,0,1,0,0,7,-1,0
/Users/kaiohs/Downloads/codes/lab02-experimentacao-software/data/repos/kestra-io__kestra/jdbc-mysql/src/test/java/io/kestra/repository/mysql/MysqlSQLInjectionTest.java,io.kestra.repository.mysql.MysqlSQLInjectionTest,class,1,1,0,1,0,2,0,0,0,0.0,-1.0,-1.0,0,0,0,0,0,0,0,0,0,0,0,0,0,0,0,0,0,0,0,2,0,0,0,0,0,0,0,0,0,0,0,0,0,0,7,0,0
/Users/kaiohs/Downloads/codes/lab02-experimentacao-software/data/repos/kestra-io__kestra/cli/src/main/java/io/kestra/cli/services/EnvironmentProvider.java,io.kestra.cli.services.EnvironmentProvider,interface,0,2,2,0,1,1,0,0,0,0.0,NaN,NaN,1,0,0,0,0,1,1,0,0,0,0,0,0,0,0,0,0,0,0,3,0,0,0,0,0,0,0,0,0,0,0,0,0,0,6,1,0
/Users/kaiohs/Downloads/codes/lab02-experimentacao-software/data/repos/kestra-io__kestra/core/src/main/java/io/kestra/core/runners/pebble/filters/EscapeCharFilter.java,io.kestra.core.runners.pebble.filters.EscapeCharFilter$FilterType,enum,0,0,0,0,0,1,0,0,0,0.0,-1.0,-1.0,0,0,0,0,0,0,0,0,0,0,0,0,0,0,0,0,0,0,0,1,0,0,0,0,0,0,0,0,0,0,0,0,0,0,9,0,0
/Users/kaiohs/Downloads/codes/lab02-experimentacao-software/data/repos/kestra-io__kestra/core/src/main/java/io/kestra/core/utils/Rethrow.java,io.kestra.core.utils.Rethrow$BiConsumerChecked,interface,2,2,0,2,1,1,0,0,0,0.0,NaN,NaN,1,0,0,0,0,1,1,0,0,0,0,0,0,0,0,0,0,0,0,3,0,0,0,0,0,0,0,0,0,0,0,0,0,0,6,1,0
/Users/kaiohs/Downloads/codes/lab02-experimentacao-software/data/repos/kestra-io__kestra/cli/src/main/java/io/kestra/cli/commands/migrations/metadata/MetadataMigrationService.java,io.kestra.cli.commands.migrations.metadata.MetadataMigrationService,class,17,22,5,17,12,1,0,62,13,0.7142858,0.0,0.0,7,1,6,1,0,0,6,0,0,0,8,1,0,1,7,0,1,0,8,75,5,0,0,2,0,5,0,14,2,30,3,0,0,16,84,1,0
/Users/kaiohs/Downloads/codes/lab02-experimentacao-software/data/repos/kestra-io__kestra/core/src/test/java/io/kestra/core/runners/FlowInputOutputTest.java,io.kestra.core.runners.FlowInputOutputTest$Anonymous1,anonymous,0,0,0,0,1,1,0,0,0,0.0,NaN,NaN,1,0,1,0,0,0,1,0,0,0,0,0,0,0,0,0,0,0,0,5,1,0,0,0,0,0,0,0,0,0,0,0,0,0,16,-1,0
/Users/kaiohs/Downloads/codes/lab02-experimentacao-software/data/repos/kestra-io__kestra/core/src/main/java/io/kestra/core/models/executions/statistics/LogStatistics.java,io.kestra.core.models.executions.statistics.LogStatistics,class,6,6,0,6,0,1,0,3,0,NaN,-1.0,-1.0,0,0,0,0,0,0,0,0,0,0,3,0,0,2,1,0,0,0,0,5,0,0,0,0,0,0,5,1,0,3,0,0,0,0,11,1,0
/Users/kaiohs/Downloads/codes/lab02-experimentacao-software/data/repos/kestra-io__kestra/core/src/main/java/io/kestra/core/http/client/configurations/AbstractAuthConfiguration.java,io.kestra.core.http.client.configurations.AbstractAuthConfiguration$AuthType,enum,0,0,0,0,0,1,0,0,0,0.0,-1.0,-1.0,0,0,0,0,0,0,0,0,0,0,0,0,0,0,0,0,0,0,0,1,0,0,0,0,0,0,0,0,0,0,0,0,0,0,9,1,0
/Users/kaiohs/Downloads/codes/lab02-experimentacao-software/data/repos/kestra-io__kestra/scheduler/src/test/java/io/kestra/scheduler/utils/CollectorTriggerExecutionPublisher.java,io.kestra.scheduler.utils.CollectorTriggerExecutionPublisher,class,2,5,3,2,3,1,0,2,0,0.0,0.0,0.0,3,0,3,0,0,0,3,0,0,0,1,0,0,0,0,1,0,0,0,12,1,0,0,0,0,0,0,1,0,1,0,0,0,0,8,1,0
/Users/kaiohs/Downloads/codes/lab02-experimentacao-software/data/repos/kestra-io__kestra/cli/src/main/java/io/kestra/cli/commands/sys/database/DatabaseMigrateCommand.java,io.kestra.cli.commands.sys.database.DatabaseMigrateCommand,class,4,5,1,4,2,3,0,3,1,0.0,0.0,0.0,2,1,2,0,0,0,2,0,0,0,0,0,0,0,0,0,0,0,2,10,2,0,0,0,0,9,1,0,0,0,0,0,0,0,24,1,0
/Users/kaiohs/Downloads/codes/lab02-experimentacao-software/data/repos/kestra-io__kestra/queue/src/test/java/io/kestra/queue/AbstractSubscriberTest.java,io.kestra.queue.AbstractSubscriberTest,class,11,12,1,11,39,2,0,42,376,0.9285714,0.0,0.0,28,0,0,1,0,27,27,0,0,0,3,0,0,3,0,0,0,0,3,311,1,2,0,7,0,4,27,47,0,47,4,0,1,10,106,0,0
/Users/kaiohs/Downloads/codes/lab02-experimentacao-software/data/repos/kestra-io__kestra/core/src/main/java/io/kestra/core/exceptions/DeserializationException.java,io.kestra.core.exceptions.DeserializationException,class,1,1,0,1,2,4,0,0,1,0.75,0.0,0.0,2,0,2,0,0,0,2,0,0,0,2,1,0,2,0,0,1,0,0,11,0,0,0,0,0,0,1,2,0,2,0,0,0,0,13,1,0
/Users/kaiohs/Downloads/codes/lab02-experimentacao-software/data/repos/kestra-io__kestra/core/src/test/java/io/kestra/core/models/PluginTest.java,io.kestra.core.models.PluginTest,class,3,3,0,3,3,1,0,6,3,0.0,0.0,0.0,3,0,0,0,0,3,3,0,0,0,0,0,0,0,0,0,0,0,1,13,0,0,0,0,0,1,0,0,0,0,0,0,1,0,9,0,0
/Users/kaiohs/Downloads/codes/lab02-experimentacao-software/data/repos/kestra-io__kestra/core/src/main/java/io/kestra/core/reporter/Type.java,io.kestra.core.reporter.Type,interface,0,4,4,0,1,1,0,0,0,0.0,NaN,NaN,1,0,0,0,0,1,1,0,0,0,0,0,0,0,0,0,0,0,0,3,0,0,0,0,0,0,0,0,0,0,0,0,0,0,5,1,0
/Users/kaiohs/Downloads/codes/lab02-experimentacao-software/data/repos/kestra-io__kestra/webserver/src/main/java/io/kestra/webserver/utils/filepreview/FileRenderBuilder.java,io.kestra.webserver.utils.filepreview.FileRenderBuilder,class,3,4,1,3,2,1,0,1,0,1.0,NaN,NaN,1,1,1,0,0,0,1,0,0,0,1,1,0,1,0,0,1,0,1,9,2,0,0,0,0,0,0,1,0,1,1,0,0,0,28,1,0
/Users/kaiohs/Downloads/codes/lab02-experimentacao-software/data/repos/kestra-io__kestra/jdbc-h2/src/test/java/io/kestra/repository/h2/H2FlowRepositoryTest.java,io.kestra.repository.h2.H2FlowRepositoryTest,class,1,1,0,1,0,2,0,0,0,0.0,-1.0,-1.0,0,0,0,0,0,0,0,0,0,0,0,0,0,0,0,0,0,0,0,2,0,0,0,0,0,0,0,0,0,0,0,0,0,0,6,1,0
/Users/kaiohs/Downloads/codes/lab02-experimentacao-software/data/repos/kestra-io__kestra/jdbc-mysql/src/test/java/io/kestra/runner/mysql/MysqlQueueLagCalculationTest.java,io.kestra.runner.mysql.MysqlQueueLagCalculationTest,class,1,1,0,1,0,2,0,0,0,0.0,-1.0,-1.0,0,0,0,0,0,0,0,0,0,0,0,0,0,0,0,0,0,0,0,2,0,0,0,0,0,0,0,0,0,0,0,0,0,0,6,1,0
/Users/kaiohs/Downloads/codes/lab02-experimentacao-software/data/repos/kestra-io__kestra/core/src/test/java/io/kestra/core/runners/pebble/filters/ToJsonFilterTest.java,io.kestra.core.runners.pebble.filters.ToJsonFilterTest,class,6,6,0,6,2,1,0,16,0,0.0,0.0,0.0,2,0,0,0,0,2,2,0,0,0,1,0,0,0,0,1,0,0,7,34,0,0,0,0,0,42,6,11,1,4,0,0,0,2,23,0,0
/Users/kaiohs/Downloads/codes/lab02-experimentacao-software/data/repos/kestra-io__kestra/core/src/main/java/io/kestra/core/test/flow/TaskFixture.java,io.kestra.core.test.flow.TaskFixture,class,9,10,1,9,0,1,0,0,0,NaN,-1.0,-1.0,0,0,0,0,0,0,0,0,0,0,6,0,0,6,0,0,0,0,0,8,0,0,0,0,0,0,0,1,0,6,0,0,0,0,8,1,0
/Users/kaiohs/Downloads/codes/lab02-experimentacao-software/data/repos/kestra-io__kestra/core/src/main/java/io/kestra/core/test/flow/TriggerFixture.java,io.kestra.core.test.flow.TriggerFixture,class,5,6,1,5,0,1,0,0,0,NaN,-1.0,-1.0,0,0,0,0,0,0,0,0,0,0,3,0,0,3,0,0,0,0,0,5,0,0,0,0,0,0,0,0,0,3,0,0,0,0,5,1,0
/Users/kaiohs/Downloads/codes/lab02-experimentacao-software/data/repos/kestra-io__kestra/webserver/src/test/java/io/kestra/webserver/utils/PosthogUtil.java,io.kestra.webserver.utils.PosthogUtil,class,1,3,2,1,1,1,0,12,0,0.0,NaN,NaN,1,1,1,0,0,0,1,0,0,0,0,0,0,0,0,0,0,0,0,6,0,0,0,0,0,4,0,0,0,0,0,0,0,0,18,1,0
/Users/kaiohs/Downloads/codes/lab02-experimentacao-software/data/repos/kestra-io__kestra/worker/src/main/java/io/kestra/worker/processors/internals/AbstractWorkerTriggerCallable.java,io.kestra.worker.processors.internals.AbstractWorkerTriggerCallable,class,5,7,2,5,6,2,2,11,0,0.33333334,0.0,0.0,3,0,1,0,1,1,3,0,0,0,2,1,0,1,0,1,1,0,1,30,0,0,0,2,2,2,1,2,0,2,2,0,0,0,29,1024,2
/Users/kaiohs/Downloads/codes/lab02-experimentacao-software/data/repos/kestra-io__kestra/core/src/main/java/io/kestra/core/runners/pebble/functions/RenderingFunctionInterface.java,io.kestra.core.runners.pebble.functions.RenderingFunctionInterface,interface,2,4,2,2,2,1,0,1,1,0.0,0.0,0.0,2,0,0,0,0,2,2,0,0,0,0,0,0,0,0,0,0,0,0,6,1,0,0,0,0,0,0,0,0,0,0,0,0,0,11,1,0
/Users/kaiohs/Downloads/codes/lab02-experimentacao-software/data/repos/kestra-io__kestra/webserver/src/main/java/io/kestra/webserver/controllers/api/PluginController.java,io.kestra.webserver.controllers.api.PluginController,class,43,44,1,43,36,1,0,83,83,0.76315784,0.0,0.0,19,0,14,1,4,0,18,0,0,0,4,1,0,1,3,0,1,0,4,115,19,3,5,0,0,79,1,19,4,47,4,0,0,24,135,1,0
/Users/kaiohs/Downloads/codes/lab02-experimentacao-software/data/repos/kestra-io__kestra/core/src/test/java/io/kestra/core/runners/AbstractRunnerRetryTest.java,io.kestra.core.runners.AbstractRunnerRetryTest,class,8,9,1,8,21,1,1,21,0,0.0,0.0,0.0,21,0,0,0,0,21,21,0,0,0,1,0,0,1,0,0,0,0,0,66,0,0,0,0,0,31,0,0,0,1,0,0,0,0,59,1025,0
/Users/kaiohs/Downloads/codes/lab02-experimentacao-software/data/repos/kestra-io__kestra/core/src/test/java/io/kestra/plugin/core/trigger/WebhookBuilderTest.java,io.kestra.plugin.core.trigger.WebhookBuilderTest,class,8,8,0,8,2,1,0,19,1,0.5,0.0,0.0,2,0,0,0,0,2,2,0,0,0,1,0,0,0,0,1,0,0,2,19,0,0,0,0,0,9,1,7,0,8,0,0,0,0,24,1,0
/Users/kaiohs/Downloads/codes/lab02-experimentacao-software/data/repos/kestra-io__kestra/worker/src/main/java/io/kestra/worker/senders/GrpcWorkerIOSender.java,io.kestra.worker.senders.GrpcWorkerIOSender$FallbackOnResourceExhaustedObserver,innerclass,6,6,0,6,9,1,0,13,8,0.6,0.0,0.0,5,1,3,1,0,1,4,0,0,0,1,0,0,1,0,0,1,0,1,24,1,0,2,0,0,1,0,2,0,2,2,0,0,0,52,2,1
/Users/kaiohs/Downloads/codes/lab02-experimentacao-software/data/repos/kestra-io__kestra/cli/src/test/java/io/kestra/cli/services/FileChangedEventListenerTest.java,io.kestra.cli.services.FileChangedEventListenerTest,class,13,14,1,13,8,1,0,37,0,0.64,0.0,0.0,5,2,0,0,0,5,5,0,0,0,5,1,1,4,0,0,3,0,27,51,0,0,0,0,0,33,10,11,4,15,1,0,0,7,52,0,0
/Users/kaiohs/Downloads/codes/lab02-experimentacao-software/data/repos/kestra-io__kestra/executor/src/test/java/io/kestra/executor/handler/ExecutionCommandMessageHandlerTest.java,io.kestra.executor.handler.ExecutionCommandMessageHandlerTest,class,13,13,0,13,12,1,0,38,0,0.30555555,0.0,0.0,12,0,0,0,0,12,12,0,0,0,3,0,0,3,0,0,0,0,13,107,0,0,0,0,0,33,0,40,0,43,0,0,0,0,41,0,0
/Users/kaiohs/Downloads/codes/lab02-experimentacao-software/data/repos/kestra-io__kestra/core/src/test/java/io/kestra/core/tasks/PluginUtilsServiceTest.java,io.kestra.core.tasks.PluginUtilsServiceTest,class,4,4,0,4,2,1,0,19,1,0.5,0.0,0.0,2,0,0,0,0,2,2,0,0,0,1,0,0,1,0,0,0,0,6,32,0,0,0,0,0,31,1,7,0,6,1,0,0,2,30,1,0
/Users/kaiohs/Downloads/codes/lab02-experimentacao-software/data/repos/kestra-io__kestra/core/src/main/java/io/kestra/core/runners/ConcurrencyLimit.java,io.kestra.core.runners.ConcurrencyLimit,class,6,7,1,6,1,1,0,1,0,0.25,NaN,NaN,1,0,1,0,0,0,1,0,0,0,4,0,0,0,0,4,0,0,0,9,1,0,0,0,0,0,0,0,0,4,0,0,0,0,13,1,0
/Users/kaiohs/Downloads/codes/lab02-experimentacao-software/data/repos/kestra-io__kestra/core/src/main/java/io/kestra/core/services/PluginDefaultService.java,io.kestra.core.services.PluginDefaultService,class,23,36,13,23,62,1,0,106,200,0.92517006,0.0,0.0,21,1,9,6,4,2,15,0,0,0,7,4,0,5,2,0,4,0,12,246,35,1,13,7,1,22,2,43,1,48,2,1,0,14,209,1,2
/Users/kaiohs/Downloads/codes/lab02-experimentacao-software/data/repos/kestra-io__kestra/core/src/main/java/io/kestra/core/storages/NamespaceFactory.java,io.kestra.core.storages.NamespaceFactory,class,7,9,2,7,3,1,0,0,0,0.0,0.0,0.0,3,0,3,0,0,0,3,0,0,0,1,0,0,1,0,0,1,0,0,12,2,0,0,0,0,0,0,1,0,1,0,0,0,0,14,1,0
/Users/kaiohs/Downloads/codes/lab02-experimentacao-software/data/repos/kestra-io__kestra/jdbc-postgres/src/main/java/io/kestra/runner/postgres/PostgresMultipleStateStore.java,io.kestra.runner.postgres.PostgresMultipleStateStore,class,6,6,0,6,1,3,0,0,0,0.0,NaN,NaN,1,0,1,0,0,0,1,0,0,0,0,0,0,0,0,0,0,0,0,5,0,0,0,0,0,1,0,0,0,0,0,0,0,0,7,1,0
/Users/kaiohs/Downloads/codes/lab02-experimentacao-software/data/repos/kestra-io__kestra/worker-controller/src/test/java/io/kestra/controller/grpc/services/WorkerJobDispatcherTest.java,io.kestra.controller.grpc.services.WorkerJobDispatcherTest$JobAcknowledgmentTests,innerclass,8,8,0,8,2,1,0,12,1,0.0,0.0,0.0,2,0,0,0,0,2,2,0,0,0,0,0,0,0,0,0,0,0,2,18,0,0,0,0,0,7,5,3,0,3,0,0,0,0,18,0,0
/Users/kaiohs/Downloads/codes/lab02-experimentacao-software/data/repos/kestra-io__kestra/core/src/test/java/io/kestra/core/models/property/PropertyTest.java,io.kestra.core.models.property.PropertyTest$WithSubtype,innerclass,6,6,0,6,1,1,0,0,0,0.0,NaN,NaN,1,0,1,0,0,0,1,1,0,0,0,0,0,0,0,0,0,0,0,3,0,0,0,0,0,2,0,0,0,0,0,0,0,0,6,1033,0
/Users/kaiohs/Downloads/codes/lab02-experimentacao-software/data/repos/kestra-io__kestra/core/src/main/java/io/kestra/core/exceptions/IllegalConditionEvaluation.java,io.kestra.core.exceptions.IllegalConditionEvaluation,class,1,1,0,1,2,4,0,0,1,1.0,0.0,0.0,2,0,2,0,0,0,2,0,0,0,1,1,0,1,0,0,1,0,0,9,0,0,0,0,0,0,1,1,0,1,0,0,0,0,15,1,0
/Users/kaiohs/Downloads/codes/lab02-experimentacao-software/data/repos/kestra-io__kestra/webserver/src/test/java/io/kestra/webserver/utils/CSVUtilsTest.java,io.kestra.webserver.utils.CSVUtilsTest$Anonymous4,anonymous,0,0,0,0,1,1,0,1,0,0.0,NaN,NaN,0,0,0,0,0,0,1,0,0,0,0,0,0,0,0,0,0,0,0,6,0,0,0,0,0,4,0,0,0,0,0,0,0,0,1,-1,0
/Users/kaiohs/Downloads/codes/lab02-experimentacao-software/data/repos/kestra-io__kestra/webserver/src/test/java/io/kestra/webserver/utils/CSVUtilsTest.java,io.kestra.webserver.utils.CSVUtilsTest$Anonymous5,anonymous,0,0,0,0,1,1,0,1,0,0.0,NaN,NaN,0,0,0,0,0,0,1,0,0,0,0,0,0,0,0,0,0,0,0,6,0,0,0,0,0,4,0,0,0,0,0,0,0,0,2,-1,0
/Users/kaiohs/Downloads/codes/lab02-experimentacao-software/data/repos/kestra-io__kestra/webserver/src/test/java/io/kestra/webserver/utils/CSVUtilsTest.java,io.kestra.webserver.utils.CSVUtilsTest$Anonymous2,anonymous,0,0,0,0,1,1,0,1,0,0.0,NaN,NaN,0,0,0,0,0,0,1,0,0,0,0,0,0,0,0,0,0,0,0,5,0,0,0,0,0,1,1,0,0,0,0,0,0,0,1,-1,0
/Users/kaiohs/Downloads/codes/lab02-experimentacao-software/data/repos/kestra-io__kestra/core/src/main/java/io/kestra/core/models/settings/PreferencesSettings.java,io.kestra.core.models.settings.PreferencesSettings,class,6,6,0,6,0,1,0,0,0,NaN,-1.0,-1.0,0,0,0,0,0,0,0,0,0,0,1,0,0,0,0,1,0,0,0,3,0,0,0,0,0,0,0,0,0,1,0,0,0,0,7,1,0
/Users/kaiohs/Downloads/codes/lab02-experimentacao-software/data/repos/kestra-io__kestra/webserver/src/test/java/io/kestra/webserver/utils/CSVUtilsTest.java,io.kestra.webserver.utils.CSVUtilsTest$Anonymous3,anonymous,0,0,0,0,1,1,0,1,0,0.0,NaN,NaN,0,0,0,0,0,0,1,0,0,0,0,0,0,0,0,0,0,0,0,5,0,0,0,0,0,1,0,0,0,0,0,0,0,0,1,-1,0
/Users/kaiohs/Downloads/codes/lab02-experimentacao-software/data/repos/kestra-io__kestra/core/src/main/java/io/kestra/core/runners/pebble/filters/IndentFilter.java,io.kestra.core.runners.pebble.filters.IndentFilter,class,4,5,1,4,1,2,0,1,0,0.0,NaN,NaN,1,0,1,0,0,0,1,0,0,0,0,0,0,0,0,0,0,0,0,5,1,0,0,0,0,1,0,0,0,0,0,0,0,0,14,1,0
/Users/kaiohs/Downloads/codes/lab02-experimentacao-software/data/repos/kestra-io__kestra/webserver/src/test/java/io/kestra/webserver/utils/CSVUtilsTest.java,io.kestra.webserver.utils.CSVUtilsTest$Anonymous1,anonymous,0,0,0,0,1,1,0,1,0,0.0,NaN,NaN,0,0,0,0,0,0,1,0,0,0,0,0,0,0,0,0,0,0,0,5,0,0,0,0,0,2,0,0,0,0,0,0,0,0,1,-1,0
/Users/kaiohs/Downloads/codes/lab02-experimentacao-software/data/repos/kestra-io__kestra/core/src/main/java/io/kestra/core/models/flows/input/ArrayInput.java,io.kestra.core.models.flows.input.ArrayInput,class,9,12,3,9,1,2,0,0,0,1.0,NaN,NaN,1,0,1,0,0,0,1,0,0,0,1,0,0,1,0,0,0,0,0,5,0,0,0,0,0,2,0,0,0,1,0,0,0,0,17,1,0
/Users/kaiohs/Downloads/codes/lab02-experimentacao-software/data/repos/kestra-io__kestra/core/src/main/java/io/kestra/core/services/InstanceService.java,io.kestra.core.services.InstanceService,class,6,7,1,6,5,1,0,12,0,0.33333334,0.0,0.0,3,0,2,1,0,0,2,0,0,0,2,0,0,2,0,0,1,0,0,20,2,0,2,0,0,0,0,2,0,2,3,0,0,1,11,1,0
/Users/kaiohs/Downloads/codes/lab02-experimentacao-software/data/repos/kestra-io__kestra/core/src/test/java/io/kestra/plugin/core/flow/ParentOutputFunctionTest.java,io.kestra.plugin.core.flow.ParentOutputFunctionTest,class,6,6,0,6,2,1,0,7,0,0.0,0.0,0.0,2,0,0,0,0,2,2,0,0,0,1,0,0,1,0,0,0,0,0,13,0,0,0,0,2,10,0,4,0,5,0,0,0,0,22,1,0
/Users/kaiohs/Downloads/codes/lab02-experimentacao-software/data/repos/kestra-io__kestra/core/src/main/java/io/kestra/core/models/assets/Custom.java,io.kestra.core.models.assets.Custom,class,6,6,0,6,1,2,0,0,0,0.0,NaN,NaN,1,0,1,0,0,0,1,0,0,0,0,0,0,0,0,0,0,0,0,5,0,0,0,0,0,0,0,0,0,0,0,0,0,0,4,1,0
/Users/kaiohs/Downloads/codes/lab02-experimentacao-software/data/repos/kestra-io__kestra/jdbc-h2/src/main/java/io/kestra/runner/h2/H2SLAMonitorStateStore.java,io.kestra.runner.h2.H2SLAMonitorStateStore,class,6,6,0,6,1,2,0,0,0,0.0,NaN,NaN,1,0,1,0,0,0,1,0,0,0,0,0,0,0,0,0,0,0,0,5,0,0,0,0,0,1,0,0,0,0,0,0,0,0,10,1,0
/Users/kaiohs/Downloads/codes/lab02-experimentacao-software/data/repos/kestra-io__kestra/webserver/src/main/java/io/kestra/webserver/controllers/api/MiscController.java,io.kestra.webserver.controllers.api.MiscController,class,28,28,0,28,8,1,0,53,7,0.8083333,0.0,0.0,6,0,6,0,0,0,6,0,0,0,20,0,0,5,8,7,0,0,3,79,6,0,2,0,0,35,1,4,0,23,1,0,4,2,102,1,0
/Users/kaiohs/Downloads/codes/lab02-experimentacao-software/data/repos/kestra-io__kestra/jdbc/src/main/java/io/kestra/jdbc/runner/AbstractJdbcSLAMonitorStateStore.java,io.kestra.jdbc.runner.AbstractJdbcSLAMonitorStateStore,class,8,10,2,8,4,2,2,19,0,0.0,0.0,0.0,4,0,3,0,1,0,4,0,0,0,1,0,0,0,1,0,0,0,0,33,0,0,0,0,0,2,0,6,0,10,2,0,0,4,28,1025,0
/Users/kaiohs/Downloads/codes/lab02-experimentacao-software/data/repos/kestra-io__kestra/webserver/src/test/java/io/kestra/webserver/utils/CSVUtilsTest.java,io.kestra.webserver.utils.CSVUtilsTest$Anonymous6,anonymous,0,0,0,0,1,1,0,1,0,0.0,NaN,NaN,0,0,0,0,0,0,1,0,0,0,0,0,0,0,0,0,0,0,0,6,0,0,0,0,0,4,0,0,0,0,0,0,0,0,2,-1,0
/Users/kaiohs/Downloads/codes/lab02-experimentacao-software/data/repos/kestra-io__kestra/queue/src/test/java/io/kestra/queue/AbstractBroadcastQueueTest.java,io.kestra.queue.AbstractBroadcastQueueTest,class,9,12,3,9,8,2,2,47,4,0.4,0.0,0.0,5,0,1,0,0,4,5,0,0,0,2,1,0,2,0,0,1,0,15,101,0,1,1,0,3,27,40,24,20,36,2,0,0,11,58,1025,0
/Users/kaiohs/Downloads/codes/lab02-experimentacao-software/data/repos/kestra-io__kestra/core/src/main/java/io/kestra/core/http/client/configurations/DigestAuthConfiguration.java,io.kestra.core.http.client.configurations.DigestAuthConfiguration,class,13,15,2,13,2,2,0,1,1,0.8333333,0.0,0.0,2,0,2,0,0,0,2,0,0,0,3,0,0,2,1,0,0,0,0,11,1,0,0,0,0,2,0,1,0,3,0,0,0,0,29,1,0
/Users/kaiohs/Downloads/codes/lab02-experimentacao-software/data/repos/kestra-io__kestra/core/src/test/java/io/kestra/core/runners/pebble/filters/Sha512FilterTest.java,io.kestra.core.runners.pebble.filters.Sha512FilterTest,class,4,4,0,4,1,1,0,5,0,0.0,NaN,NaN,1,0,0,0,0,1,1,0,0,0,1,0,0,0,0,1,0,0,1,7,0,0,0,0,0,2,0,1,0,2,0,0,0,0,14,1,0
/Users/kaiohs/Downloads/codes/lab02-experimentacao-software/data/repos/kestra-io__kestra/jdbc/src/main/java/io/kestra/jdbc/JdbcMapper.java,io.kestra.jdbc.JdbcMapper$Anonymous1,anonymous,1,1,0,1,1,1,0,2,0,0.0,NaN,NaN,1,0,1,0,0,0,1,0,0,0,0,0,0,0,0,0,0,0,0,5,0,0,0,0,0,0,0,0,0,0,0,0,0,0,11,-1,0
/Users/kaiohs/Downloads/codes/lab02-experimentacao-software/data/repos/kestra-io__kestra/jdbc/src/main/java/io/kestra/jdbc/JdbcMapper.java,io.kestra.jdbc.JdbcMapper$Anonymous2,anonymous,1,1,0,1,1,1,0,2,0,0.0,NaN,NaN,1,0,1,0,0,0,1,0,0,0,0,0,0,0,0,0,0,0,0,5,0,0,0,0,0,0,0,0,0,0,0,0,0,0,13,-1,0
/Users/kaiohs/Downloads/codes/lab02-experimentacao-software/data/repos/kestra-io__kestra/webserver/src/main/java/io/kestra/webserver/controllers/api/MiscController.java,io.kestra.webserver.controllers.api.MiscController$Environment,innerclass,2,2,0,2,0,1,0,0,0,NaN,-1.0,-1.0,0,0,0,0,0,0,0,0,0,0,2,0,0,0,0,2,0,0,0,4,0,0,0,0,0,0,0,0,0,2,0,0,0,0,6,9,0
/Users/kaiohs/Downloads/codes/lab02-experimentacao-software/data/repos/kestra-io__kestra/worker/src/test/java/io/kestra/worker/senders/GrpcWorkerIOSenderTest.java,io.kestra.worker.senders.GrpcWorkerIOSenderTest$Anonymous1,anonymous,0,0,0,0,0,1,0,0,0,0.0,-1.0,-1.0,0,0,0,0,0,0,0,0,0,0,0,0,0,0,0,0,0,0,0,2,0,0,0,0,0,0,0,0,0,0,0,0,0,0,0,-1,0
/Users/kaiohs/Downloads/codes/lab02-experimentacao-software/data/repos/kestra-io__kestra/core/src/main/java/io/kestra/core/endpoints/EndpointBasicAuthConfiguration.java,io.kestra.core.endpoints.EndpointBasicAuthConfiguration,class,2,3,1,2,0,1,0,0,0,NaN,-1.0,-1.0,0,0,0,0,0,0,0,0,0,0,2,0,0,0,0,2,0,0,0,4,0,0,0,0,0,1,0,0,0,2,0,0,0,0,6,1,0
/Users/kaiohs/Downloads/codes/lab02-experimentacao-software/data/repos/kestra-io__kestra/core/src/main/java/io/kestra/core/models/triggers/StatefulTriggerInterface.java,io.kestra.core.models.triggers.StatefulTriggerInterface,interface,3,3,0,3,3,1,0,0,3,0.0,0.0,0.0,3,0,0,0,0,3,3,0,0,0,0,0,0,0,0,0,0,0,0,6,0,0,0,0,0,4,0,0,0,0,0,0,1,0,26,1,0
/Users/kaiohs/Downloads/codes/lab02-experimentacao-software/data/repos/kestra-io__kestra/core/src/main/java/io/kestra/core/runners/pebble/filters/TimestampMicroFilter.java,io.kestra.core.runners.pebble.filters.TimestampMicroFilter,class,4,5,1,4,3,2,0,8,1,0.0,0.0,0.0,2,0,2,0,0,0,2,0,0,0,0,0,0,0,0,0,0,0,4,15,3,0,1,0,0,4,0,4,1,4,1,0,0,0,29,1,0
/Users/kaiohs/Downloads/codes/lab02-experimentacao-software/data/repos/kestra-io__kestra/core/src/main/java/io/kestra/core/models/flows/AbstractFlow.java,io.kestra.core.models.flows.AbstractFlow,class,21,24,3,21,0,1,3,0,0,NaN,-1.0,-1.0,0,0,0,0,0,0,0,0,0,0,13,0,0,1,0,12,0,0,0,15,0,0,0,0,0,6,5,2,0,13,0,0,0,0,51,1025,0
/Users/kaiohs/Downloads/codes/lab02-experimentacao-software/data/repos/kestra-io__kestra/cli/src/main/java/io/kestra/cli/AbstractApiCommand.java,io.kestra.cli.AbstractApiCommand,class,14,21,7,14,11,3,7,18,6,0.75,0.0,0.0,4,0,0,0,4,0,4,0,0,0,6,0,0,1,5,0,0,0,2,44,4,0,5,0,0,20,1,5,2,11,1,0,1,0,56,1025,0
/Users/kaiohs/Downloads/codes/lab02-experimentacao-software/data/repos/kestra-io__kestra/core/src/test/java/io/kestra/core/validations/DateFormatTest.java,io.kestra.core.validations.DateFormatTest$DateFormatCls,innerclass,4,4,0,4,0,1,0,0,0,NaN,-1.0,-1.0,0,0,0,0,0,0,0,0,0,0,3,0,0,0,0,3,0,0,0,5,0,0,0,0,0,0,0,0,0,3,0,0,0,0,6,9,0
/Users/kaiohs/Downloads/codes/lab02-experimentacao-software/data/repos/kestra-io__kestra/core/src/test/java/io/kestra/core/runners/FlowConcurrencyCaseTest.java,io.kestra.core.runners.FlowConcurrencyCaseTest,class,15,17,2,15,20,1,0,68,0,0.65625,0.0,0.0,16,0,13,2,0,1,14,0,0,0,8,1,1,5,2,0,1,0,43,216,2,0,4,4,0,43,36,68,3,117,1,0,0,42,96,1,0
/Users/kaiohs/Downloads/codes/lab02-experimentacao-software/data/repos/kestra-io__kestra/core/src/main/java/io/kestra/core/models/dashboards/charts/LegendOption.java,io.kestra.core.models.dashboards.charts.LegendOption,class,5,6,1,5,0,1,0,0,0,NaN,-1.0,-1.0,0,0,0,0,0,0,0,0,0,0,1,0,0,1,0,0,0,0,0,3,0,0,0,0,0,0,0,1,0,1,0,0,0,0,6,1,0
/Users/kaiohs/Downloads/codes/lab02-experimentacao-software/data/repos/kestra-io__kestra/core/src/test/java/io/kestra/core/lock/LockServiceTest.java,io.kestra.core.lock.LockServiceTest,class,8,8,0,8,8,1,0,28,0,0.0,0.0,0.0,8,0,0,0,0,8,8,0,0,0,1,0,0,1,0,0,0,0,4,135,0,0,0,0,0,49,45,15,0,16,2,0,0,22,40,1,19
/Users/kaiohs/Downloads/codes/lab02-experimentacao-software/data/repos/kestra-io__kestra/core/src/test/java/io/kestra/core/runners/pebble/functions/ReadFileFunctionTest.java,io.kestra.core.runners.pebble.functions.ReadFileFunctionTest,class,13,14,1,13,20,1,0,40,0,0.5614035,0.0,0.0,19,0,0,3,0,16,16,0,0,0,3,0,0,0,0,3,0,0,49,136,3,0,0,0,1,219,0,63,21,61,0,0,0,6,102,0,0
/Users/kaiohs/Downloads/codes/lab02-experimentacao-software/data/repos/kestra-io__kestra/core/src/main/java/io/kestra/core/models/hierarchies/FlowGraph.java,io.kestra.core.models.hierarchies.FlowGraph,class,8,11,3,8,2,1,0,21,0,0.5,0.0,0.0,2,1,2,0,0,0,2,0,0,0,4,0,0,0,0,4,0,0,3,24,2,0,0,0,0,0,0,0,0,5,0,0,2,1,45,1,0
/Users/kaiohs/Downloads/codes/lab02-experimentacao-software/data/repos/kestra-io__kestra/scheduler/src/main/java/io/kestra/scheduler/internals/SchedulableEvaluator.java,io.kestra.scheduler.internals.SchedulableEvaluator,class,12,16,4,12,5,1,0,21,0,0.16666667,0.0,0.0,2,0,2,0,0,0,2,0,0,0,3,1,0,3,0,0,3,0,0,32,3,0,0,1,1,5,0,6,1,7,3,0,0,2,26,1,1
/Users/kaiohs/Downloads/codes/lab02-experimentacao-software/data/repos/kestra-io__kestra/jdbc-mysql/src/test/java/io/kestra/repository/mysql/MysqlSettingRepositoryTest.java,io.kestra.repository.mysql.MysqlSettingRepositoryTest,class,1,1,0,1,0,2,0,0,0,0.0,-1.0,-1.0,0,0,0,0,0,0,0,0,0,0,0,0,0,0,0,0,0,0,0,2,0,0,0,0,0,0,0,0,0,0,0,0,0,0,5,1,0
/Users/kaiohs/Downloads/codes/lab02-experimentacao-software/data/repos/kestra-io__kestra/worker-controller/src/test/java/io/kestra/controller/resolver/StaticNameResolverTest.java,io.kestra.controller.resolver.StaticNameResolverTest,class,8,8,0,8,5,2,0,18,10,0.0,0.0,0.0,5,0,0,0,0,5,5,0,0,0,0,0,0,0,0,0,0,0,7,48,0,0,0,0,0,8,6,12,0,12,0,0,1,0,32,0,0
/Users/kaiohs/Downloads/codes/lab02-experimentacao-software/data/repos/kestra-io__kestra/core/src/test/java/io/kestra/core/runners/pebble/filters/StartsWithFilterTest.java,io.kestra.core.runners.pebble.filters.StartsWithFilterTest,class,4,4,0,4,1,1,0,5,0,0.0,NaN,NaN,1,0,0,0,0,1,1,0,0,0,1,0,0,0,0,1,0,0,2,7,0,0,0,0,0,1,0,1,0,2,0,0,0,0,16,0,0
/Users/kaiohs/Downloads/codes/lab02-experimentacao-software/data/repos/kestra-io__kestra/jdbc-postgres/src/test/java/io/kestra/repository/postgres/PostgresMetricRepositoryTest.java,io.kestra.repository.postgres.PostgresMetricRepositoryTest,class,1,1,0,1,0,2,0,0,0,0.0,-1.0,-1.0,0,0,0,0,0,0,0,0,0,0,0,0,0,0,0,0,0,0,0,2,0,0,0,0,0,0,0,0,0,0,0,0,0,0,5,1,0
/Users/kaiohs/Downloads/codes/lab02-experimentacao-software/data/repos/kestra-io__kestra/core/src/main/java/io/kestra/plugin/core/dashboard/chart/timeseries/TimeSeriesOption.java,io.kestra.plugin.core.dashboard.chart.timeseries.TimeSeriesOption,class,12,12,0,12,2,2,0,4,0,0.5,NaN,NaN,1,0,1,0,0,0,1,0,0,0,4,0,0,4,0,0,0,0,0,14,1,0,1,0,0,0,0,3,0,5,1,0,0,0,20,1,0
/Users/kaiohs/Downloads/codes/lab02-experimentacao-software/data/repos/kestra-io__kestra/scheduler/src/test/java/io/kestra/scheduler/TriggerSchedulingLoopTest.java,io.kestra.scheduler.TriggerSchedulingLoopTest,class,11,12,1,11,8,1,0,38,12,0.625,0.0,0.0,8,0,0,0,0,8,8,0,0,0,3,0,0,3,0,0,0,0,16,86,1,0,0,1,0,0,30,21,0,20,1,0,0,0,62,0,0
/Users/kaiohs/Downloads/codes/lab02-experimentacao-software/data/repos/kestra-io__kestra/webserver/src/test/java/io/kestra/webserver/controllers/api/BlueprintControllerTest.java,io.kestra.webserver.controllers.api.BlueprintControllerTest,class,14,14,0,14,5,1,0,45,0,0.44444445,0.0,0.0,5,0,0,0,0,5,5,0,0,0,9,7,1,6,0,2,7,0,8,70,0,0,0,0,0,61,11,21,8,24,0,0,0,1,93,0,0
/Users/kaiohs/Downloads/codes/lab02-experimentacao-software/data/repos/kestra-io__kestra/webserver/src/main/java/io/kestra/webserver/controllers/api/BlueprintController.java,io.kestra.webserver.controllers.api.BlueprintController$ApiBlueprintTagItem,innerclass,4,4,0,4,0,1,0,1,0,NaN,-1.0,-1.0,0,0,0,0,0,0,0,0,0,0,3,0,0,0,0,3,0,0,1,5,0,0,0,0,0,0,0,1,0,3,0,0,0,0,9,9,0
/Users/kaiohs/Downloads/codes/lab02-experimentacao-software/data/repos/kestra-io__kestra/core/src/main/java/io/kestra/core/models/flows/input/StringInput.java,io.kestra.core.models.flows.input.StringInput,class,8,11,3,8,3,2,0,3,0,0.0,NaN,NaN,1,0,1,0,0,0,1,0,0,0,1,0,0,0,0,1,0,0,1,8,0,0,1,0,0,3,0,0,1,1,1,0,0,0,16,1,0
/Users/kaiohs/Downloads/codes/lab02-experimentacao-software/data/repos/kestra-io__kestra/cli/src/test/java/io/kestra/cli/commands/namespaces/NamespaceCommandTest.java,io.kestra.cli.commands.namespaces.NamespaceCommandTest,class,2,2,0,2,1,1,0,9,0,0.0,NaN,NaN,1,0,0,0,0,1,1,0,0,0,0,0,0,0,0,0,0,0,1,12,0,0,0,1,0,1,0,4,0,4,1,0,0,0,23,0,0
/Users/kaiohs/Downloads/codes/lab02-experimentacao-software/data/repos/kestra-io__kestra/core/src/main/java/io/kestra/plugin/core/flow/ForEachItem.java,io.kestra.plugin.core.flow.ForEachItem$ForEachItemMergeOutputs,innerclass,12,12,0,12,5,2,0,28,0,0.0,NaN,NaN,2,0,1,1,0,0,1,0,0,0,1,1,0,0,0,1,1,0,4,34,4,0,1,1,0,4,1,12,4,13,3,0,1,3,39,9,0
/Users/kaiohs/Downloads/codes/lab02-experimentacao-software/data/repos/kestra-io__kestra/core/src/main/java/io/kestra/core/services/VersionService.java,io.kestra.core.services.VersionService,class,6,9,3,6,7,1,0,17,0,0.33333334,0.0,0.0,3,0,3,0,0,0,3,0,0,0,3,1,0,3,0,0,3,0,1,25,1,0,0,0,0,4,1,5,0,5,3,0,0,0,73,1,1
/Users/kaiohs/Downloads/codes/lab02-experimentacao-software/data/repos/kestra-io__kestra/core/src/main/java/io/kestra/plugin/core/http/Download.java,io.kestra.plugin.core.http.Download$Output,innerclass,4,4,0,4,0,1,0,0,0,NaN,-1.0,-1.0,0,0,0,0,0,0,0,0,0,0,4,0,0,4,0,0,4,0,0,6,0,0,0,0,0,4,0,0,0,4,0,0,0,0,20,9,0
/Users/kaiohs/Downloads/codes/lab02-experimentacao-software/data/repos/kestra-io__kestra/webserver/src/test/java/io/kestra/webserver/utils/filepreview/DefaultFileRenderTest.java,io.kestra.webserver.utils.filepreview.DefaultFileRenderTest,class,3,3,0,3,4,1,0,6,1,0.0,0.0,0.0,2,0,0,0,0,2,2,0,0,0,0,0,0,0,0,0,0,0,0,24,0,2,0,0,0,10,5,12,2,12,1,0,0,0,34,0,0
/Users/kaiohs/Downloads/codes/lab02-experimentacao-software/data/repos/kestra-io__kestra/executor/src/main/java/io/kestra/executor/ExecutorMapper.java,io.kestra.executor.ExecutorMapper$Anonymous1,anonymous,1,1,0,1,1,1,0,2,0,0.0,NaN,NaN,1,0,1,0,0,0,1,0,0,0,0,0,0,0,0,0,0,0,0,5,0,0,0,0,0,0,0,0,0,0,0,0,0,0,11,-1,0
/Users/kaiohs/Downloads/codes/lab02-experimentacao-software/data/repos/kestra-io__kestra/executor/src/main/java/io/kestra/executor/ExecutorMapper.java,io.kestra.executor.ExecutorMapper$Anonymous2,anonymous,1,1,0,1,1,1,0,2,0,0.0,NaN,NaN,1,0,1,0,0,0,1,0,0,0,0,0,0,0,0,0,0,0,0,5,0,0,0,0,0,0,0,0,0,0,0,0,0,0,13,-1,0
/Users/kaiohs/Downloads/codes/lab02-experimentacao-software/data/repos/kestra-io__kestra/core/src/main/java/io/kestra/plugin/core/kv/Version.java,io.kestra.plugin.core.kv.Version,class,11,12,1,11,4,2,0,19,0,0.33333334,NaN,NaN,1,0,0,0,1,0,1,0,0,0,3,0,0,2,1,0,0,0,4,12,2,0,3,0,0,6,0,2,0,5,1,0,0,1,57,1,0
/Users/kaiohs/Downloads/codes/lab02-experimentacao-software/data/repos/kestra-io__kestra/core/src/main/java/io/kestra/plugin/core/kv/GetKeys.java,io.kestra.plugin.core.kv.GetKeys,class,17,17,0,17,2,2,0,17,0,0.0,NaN,NaN,1,0,1,0,0,0,1,0,0,0,2,0,0,2,0,0,0,0,0,15,1,0,1,0,0,5,0,5,0,8,0,0,1,2,34,1,0
/Users/kaiohs/Downloads/codes/lab02-experimentacao-software/data/repos/kestra-io__kestra/jdbc-postgres/src/main/java/io/kestra/repository/postgres/PostgresFlowTopologyRepository.java,io.kestra.repository.postgres.PostgresFlowTopologyRepository,class,9,9,0,9,2,3,0,8,1,0.0,0.0,0.0,2,0,1,0,1,0,2,0,0,0,0,0,0,0,0,0,0,0,0,8,1,0,0,0,0,3,0,0,0,0,0,0,0,0,15,1,0
/Users/kaiohs/Downloads/codes/lab02-experimentacao-software/data/repos/kestra-io__kestra/core/src/main/java/io/kestra/core/models/executions/statistics/DailyExecutionStatistics.java,io.kestra.core.models.executions.statistics.DailyExecutionStatistics,class,7,7,0,7,0,1,0,3,0,NaN,-1.0,-1.0,0,0,0,0,0,0,0,0,0,0,4,0,0,3,1,0,0,0,0,13,0,0,0,0,0,0,11,1,0,4,0,0,1,0,13,1,0
/Users/kaiohs/Downloads/codes/lab02-experimentacao-software/data/repos/kestra-io__kestra/webserver/src/main/java/io/kestra/webserver/responses/BulkErrorResponse.java,io.kestra.webserver.responses.BulkErrorResponse,class,3,5,2,3,0,1,0,0,0,NaN,-1.0,-1.0,0,0,0,0,0,0,0,0,0,0,2,0,0,0,0,2,0,0,0,4,0,0,0,0,0,0,0,0,0,2,0,0,0,0,6,1,0
/Users/kaiohs/Downloads/codes/lab02-experimentacao-software/data/repos/kestra-io__kestra/core/src/test/java/io/kestra/core/runners/ScheduleDateCaseTest.java,io.kestra.core.runners.ScheduleDateCaseTest,class,6,7,1,6,1,1,0,14,0,0.0,NaN,NaN,1,0,1,0,0,0,1,0,0,0,2,0,0,2,0,0,0,0,2,12,0,0,0,0,0,2,1,3,0,6,0,0,0,1,25,1,0
/Users/kaiohs/Downloads/codes/lab02-experimentacao-software/data/repos/kestra-io__kestra/core/src/main/java/io/kestra/core/secret/SecretException.java,io.kestra.core.secret.SecretException,class,1,2,1,1,1,2,1,0,0,1.0,NaN,NaN,1,0,1,0,0,0,1,0,0,0,1,1,0,1,0,0,1,0,0,6,0,0,0,0,0,0,1,1,0,1,0,0,0,0,15,1,0
/Users/kaiohs/Downloads/codes/lab02-experimentacao-software/data/repos/kestra-io__kestra/core/src/test/java/io/kestra/core/runners/ChangeStateTestCase.java,io.kestra.core.runners.ChangeStateTestCase,class,7,8,1,7,2,1,0,15,0,0.125,0.0,0.0,2,0,2,0,0,0,2,0,0,0,4,1,1,3,0,0,1,0,0,34,0,0,0,0,0,4,5,9,0,16,0,0,0,4,39,1,0
/Users/kaiohs/Downloads/codes/lab02-experimentacao-software/data/repos/kestra-io__kestra/webserver/src/test/java/io/kestra/webserver/controllers/api/SecretControllerTest.java,io.kestra.webserver.controllers.api.SecretControllerTest,class,6,6,0,6,12,1,0,22,0,0.0,0.0,0.0,12,0,0,0,0,12,12,0,0,0,1,0,0,0,0,1,0,0,0,77,0,0,0,0,0,20,18,12,0,14,0,0,0,1,38,0,0
/Users/kaiohs/Downloads/codes/lab02-experimentacao-software/data/repos/kestra-io__kestra/indexer/src/main/java/io/kestra/indexer/DefaultIndexer.java,io.kestra.indexer.DefaultIndexer,class,22,23,1,22,10,2,0,34,22,0.8020833,0.0,0.0,8,0,5,0,3,0,8,0,0,0,12,0,0,12,0,0,12,0,0,73,6,0,0,0,0,9,0,15,0,21,3,0,0,7,61,1,4
/Users/kaiohs/Downloads/codes/lab02-experimentacao-software/data/repos/kestra-io__kestra/core/src/test/java/io/kestra/core/queues/AbstractQueueLagTest.java,io.kestra.core.queues.AbstractQueueLagTest,class,16,18,2,16,5,1,1,34,0,0.55,0.0,0.0,4,0,0,1,0,3,3,0,0,0,5,3,0,4,1,0,3,0,2,46,2,0,1,0,0,10,5,14,1,18,1,0,0,2,75,1025,0
/Users/kaiohs/Downloads/codes/lab02-experimentacao-software/data/repos/kestra-io__kestra/core/src/test/java/io/kestra/core/repositories/AbstractServiceInstanceRepositoryTest.java,io.kestra.core.repositories.AbstractServiceInstanceRepositoryTest,class,15,16,1,15,4,1,0,30,6,0.96428573,0.0,0.0,4,2,0,0,3,1,4,0,0,0,7,6,0,0,6,1,6,0,43,22,2,0,0,0,0,4,7,7,0,9,0,0,0,1,32,1025,0
/Users/kaiohs/Downloads/codes/lab02-experimentacao-software/data/repos/kestra-io__kestra/core/src/main/java/io/kestra/plugin/core/dashboard/chart/mardown/sources/MarkdownSource.java,io.kestra.plugin.core.dashboard.chart.mardown.sources.MarkdownSource,class,9,12,3,9,0,1,2,0,0,NaN,-1.0,-1.0,0,0,0,0,0,0,0,0,0,0,1,0,0,1,0,0,0,0,0,3,0,0,0,0,0,3,0,0,0,1,0,0,0,0,20,1,0
/Users/kaiohs/Downloads/codes/lab02-experimentacao-software/data/repos/kestra-io__kestra/core/src/main/java/io/kestra/core/runners/WorkerRunContextData.java,io.kestra.core.runners.WorkerRunContextData,interface,3,3,0,3,5,1,0,4,6,0.9166667,0.0,0.0,4,1,0,0,0,4,5,0,0,0,2,0,0,0,0,2,0,0,1,14,1,0,0,0,0,3,0,2,0,4,0,0,0,0,84,0,0
/Users/kaiohs/Downloads/codes/lab02-experimentacao-software/data/repos/kestra-io__kestra/core/src/main/java/io/kestra/core/models/property/Data.java,io.kestra.core.models.property.Data,class,10,11,1,10,15,1,0,32,0,0.5833333,0.0,0.0,4,1,4,0,0,0,4,0,0,0,3,2,0,3,0,0,3,0,5,71,9,0,1,3,0,3,0,10,1,13,5,0,1,3,94,1,0
/Users/kaiohs/Downloads/codes/lab02-experimentacao-software/data/repos/kestra-io__kestra/core/src/test/java/io/kestra/core/docs/ClassPluginDocumentationTest.java,io.kestra.core.docs.ClassPluginDocumentationTest,class,19,20,1,19,4,1,0,37,6,0.0,0.0,0.0,4,0,0,0,0,4,4,0,0,0,0,0,0,0,0,0,0,0,0,100,0,0,0,0,31,88,15,33,0,38,1,0,0,5,63,0,0
/Users/kaiohs/Downloads/codes/lab02-experimentacao-software/data/repos/kestra-io__kestra/core/src/test/java/io/kestra/core/services/ConditionServiceTest.java,io.kestra.core.services.ConditionServiceTest$Anonymous2,anonymous,2,2,0,2,1,1,0,0,0,0.0,NaN,NaN,1,0,1,0,0,0,1,0,0,0,0,0,0,0,0,0,0,0,0,5,0,0,0,0,0,1,0,0,0,0,0,0,0,0,6,-1,0
/Users/kaiohs/Downloads/codes/lab02-experimentacao-software/data/repos/kestra-io__kestra/core/src/test/java/io/kestra/core/services/ConditionServiceTest.java,io.kestra.core.services.ConditionServiceTest$Anonymous3,anonymous,4,4,0,4,5,1,0,1,10,0.0,0.0,0.0,5,0,5,0,0,0,5,0,0,0,0,0,0,0,0,0,0,0,0,17,5,0,0,0,0,1,0,0,0,0,0,0,0,0,12,-1,0
/Users/kaiohs/Downloads/codes/lab02-experimentacao-software/data/repos/kestra-io__kestra/core/src/test/java/io/kestra/core/runners/pebble/functions/IsDayWeekInMonthFunctionTest.java,io.kestra.core.runners.pebble.functions.IsDayWeekInMonthFunctionTest,class,5,5,0,5,16,1,0,7,0,0.0,0.0,0.0,16,0,0,0,0,16,16,0,0,0,1,0,0,0,0,1,0,0,11,63,0,0,0,0,0,28,0,11,0,12,0,0,0,6,51,0,0
/Users/kaiohs/Downloads/codes/lab02-experimentacao-software/data/repos/kestra-io__kestra/core/src/test/java/io/kestra/core/services/ConditionServiceTest.java,io.kestra.core.services.ConditionServiceTest$Anonymous4,anonymous,6,6,0,6,6,1,0,9,15,0.0,0.0,0.0,6,0,6,0,0,0,6,0,0,0,0,0,0,0,0,0,0,0,1,20,5,0,0,0,0,3,0,0,0,0,0,0,0,0,19,-1,0
/Users/kaiohs/Downloads/codes/lab02-experimentacao-software/data/repos/kestra-io__kestra/core/src/main/java/io/kestra/core/trace/TracerFactory.java,io.kestra.core.trace.TracerFactory,class,12,13,1,12,9,1,0,11,1,0.5555556,0.0,0.0,3,0,2,1,0,0,2,0,0,0,3,0,0,3,0,0,0,0,1,29,6,0,2,0,0,1,1,2,0,5,2,0,0,0,37,1,0
/Users/kaiohs/Downloads/codes/lab02-experimentacao-software/data/repos/kestra-io__kestra/jdbc/src/main/java/io/kestra/jdbc/JooqSettings.java,io.kestra.jdbc.JooqSettings,class,3,3,0,3,1,1,0,3,0,0.0,NaN,NaN,1,0,1,0,0,0,1,0,0,0,0,0,0,0,0,0,0,0,0,5,1,0,0,0,0,0,0,0,0,0,0,0,0,0,4,1,0
/Users/kaiohs/Downloads/codes/lab02-experimentacao-software/data/repos/kestra-io__kestra/core/src/main/java/io/kestra/core/validations/validator/TimeWindowValidator.java,io.kestra.core.validations.validator.TimeWindowValidator,class,7,7,0,7,1,1,0,0,0,0.0,NaN,NaN,1,0,1,0,0,0,1,0,0,0,0,0,0,0,0,0,0,0,0,4,0,0,0,0,0,0,0,0,0,0,0,0,0,0,8,1,0
/Users/kaiohs/Downloads/codes/lab02-experimentacao-software/data/repos/kestra-io__kestra/core/src/main/java/io/kestra/plugin/core/dashboard/chart/bars/BarOption.java,io.kestra.plugin.core.dashboard.chart.bars.BarOption,class,12,12,0,12,2,2,0,4,0,0.6666667,NaN,NaN,1,0,1,0,0,0,1,0,0,0,3,0,0,3,0,0,0,0,2,8,1,0,1,0,0,0,0,2,0,3,0,0,0,0,16,1,0
/Users/kaiohs/Downloads/codes/lab02-experimentacao-software/data/repos/kestra-io__kestra/script/src/main/java/io/kestra/plugin/scripts/exec/AbstractExecScript.java,io.kestra.plugin.scripts.exec.AbstractExecScript,class,25,26,1,25,17,2,0,43,28,1.0,0.0,0.0,8,0,2,0,6,0,8,1,0,0,12,0,0,4,8,0,0,0,3,52,9,0,4,0,1,22,1,7,2,15,1,0,0,0,172,1025,0
/Users/kaiohs/Downloads/codes/lab02-experimentacao-software/data/repos/kestra-io__kestra/core/src/main/java/io/kestra/core/lock/LockService.java,io.kestra.core.lock.LockService,class,9,13,4,9,22,1,0,28,33,0.75757575,0.0,0.0,11,0,9,2,0,0,9,0,0,0,3,2,0,3,0,0,3,0,9,103,10,1,0,4,0,10,2,7,3,7,3,0,0,1,161,1,8
/Users/kaiohs/Downloads/codes/lab02-experimentacao-software/data/repos/kestra-io__kestra/core/src/main/java/io/kestra/core/utils/Rethrow.java,io.kestra.core.utils.Rethrow$BiFunctionChecked,interface,3,3,0,3,1,1,0,0,0,0.0,NaN,NaN,1,0,0,0,0,1,1,0,0,0,0,0,0,0,0,0,0,0,0,3,0,0,0,0,0,0,0,0,0,0,0,0,0,0,7,1,0
/Users/kaiohs/Downloads/codes/lab02-experimentacao-software/data/repos/kestra-io__kestra/core/src/main/java/io/kestra/plugin/core/dashboard/data/IFlows.java,io.kestra.plugin.core.dashboard.data.IFlows$Fields,enum,0,0,0,0,0,1,0,0,0,0.0,-1.0,-1.0,0,0,0,0,0,0,0,0,0,0,0,0,0,0,0,0,0,0,0,1,0,0,0,0,0,0,0,0,0,0,0,0,0,0,9,0,0
/Users/kaiohs/Downloads/codes/lab02-experimentacao-software/data/repos/kestra-io__kestra/script/src/main/java/io/kestra/plugin/scripts/exec/scripts/runners/CommandsWrapper.java,io.kestra.plugin.scripts.exec.scripts.runners.CommandsWrapper,class,21,25,4,21,35,1,0,54,10,0.8068182,0.0,0.0,12,0,9,1,2,0,11,0,0,0,22,0,0,22,0,0,0,0,3,128,15,0,12,1,1,3,1,23,2,37,2,0,0,1,95,1,0
/Users/kaiohs/Downloads/codes/lab02-experimentacao-software/data/repos/kestra-io__kestra/webserver/src/test/java/io/kestra/webserver/utils/QueryFilterUtilsTest.java,io.kestra.webserver.utils.QueryFilterUtilsTest,class,3,3,0,3,3,1,0,9,1,0.33333334,0.0,0.0,3,0,0,1,0,2,2,0,0,0,1,0,0,0,0,1,0,0,2,12,1,0,0,0,0,2,2,1,0,1,0,0,0,2,27,1,0
/Users/kaiohs/Downloads/codes/lab02-experimentacao-software/data/repos/kestra-io__kestra/jdbc-h2/src/main/java/io/kestra/repository/h2/H2FlowTopologyRepository.java,io.kestra.repository.h2.H2FlowTopologyRepository,class,7,7,0,7,1,2,0,0,0,0.0,NaN,NaN,1,0,1,0,0,0,1,0,0,0,0,0,0,0,0,0,0,0,0,5,0,0,0,0,0,1,0,0,0,0,0,0,0,0,7,1,0
/Users/kaiohs/Downloads/codes/lab02-experimentacao-software/data/repos/kestra-io__kestra/core/src/main/java/io/kestra/core/tenant/TenantService.java,io.kestra.core.tenant.TenantService,class,1,2,1,1,2,1,0,1,0,0.0,0.0,0.0,2,0,2,0,0,0,2,0,0,0,1,1,1,0,0,0,1,0,1,9,2,0,0,0,0,1,0,1,0,1,0,0,0,0,33,1,0
/Users/kaiohs/Downloads/codes/lab02-experimentacao-software/data/repos/kestra-io__kestra/core/src/main/java/io/kestra/core/models/dashboards/ChartOption.java,io.kestra.core.models.dashboards.ChartOption,class,9,9,0,9,1,1,0,1,0,1.0,NaN,NaN,1,0,1,0,0,0,1,0,0,0,3,0,0,3,0,0,0,0,1,8,1,0,0,0,0,0,3,1,0,3,0,0,0,0,11,1,0
/Users/kaiohs/Downloads/codes/lab02-experimentacao-software/data/repos/kestra-io__kestra/core/src/main/java/io/kestra/core/validations/ServerCommandValidator.java,io.kestra.core.validations.ServerCommandValidator,class,8,8,0,8,4,4,0,15,0,0.25,0.0,0.0,2,0,1,0,0,1,2,0,0,0,4,2,0,4,0,0,4,0,2,24,0,0,0,0,0,11,0,6,0,8,1,0,1,2,32,1,1
/Users/kaiohs/Downloads/codes/lab02-experimentacao-software/data/repos/kestra-io__kestra/core/src/main/java/io/kestra/core/services/LogStreamingService.java,io.kestra.core.services.LogStreamingService,class,15,15,0,15,13,1,0,22,0,0.5,0.0,0.0,4,0,2,0,0,2,4,0,0,0,4,0,0,3,1,0,2,0,0,54,3,0,4,0,0,2,0,8,0,12,4,0,0,3,81,1,1
/Users/kaiohs/Downloads/codes/lab02-experimentacao-software/data/repos/kestra-io__kestra/core/src/test/java/io/kestra/plugin/core/condition/ExecutionStatusTest.java,io.kestra.plugin.core.condition.ExecutionStatusTest,class,7,7,0,7,3,1,0,13,0,0.0,0.0,0.0,3,0,0,0,0,3,3,0,0,0,1,0,0,0,0,1,0,0,4,24,0,0,0,0,0,0,0,12,0,13,0,0,0,0,17,0,0
/Users/kaiohs/Downloads/codes/lab02-experimentacao-software/data/repos/kestra-io__kestra/core/src/main/java/io/kestra/core/reporter/Reportable.java,io.kestra.core.reporter.Reportable$Event,interface,0,0,0,0,0,1,0,0,0,0.0,-1.0,-1.0,0,0,0,0,0,0,0,0,0,0,0,0,0,0,0,0,0,0,0,2,0,0,0,0,0,0,0,0,0,0,0,0,0,0,19,0,0
/Users/kaiohs/Downloads/codes/lab02-experimentacao-software/data/repos/kestra-io__kestra/core/src/main/java/io/kestra/core/models/tasks/WorkerGroup.java,io.kestra.core.models.tasks.WorkerGroup$Fallback,enum,0,0,0,0,0,1,0,0,0,0.0,-1.0,-1.0,0,0,0,0,0,0,0,0,0,0,0,0,0,0,0,0,0,0,0,1,0,0,0,0,0,0,0,0,0,0,0,0,0,0,7,1,0
/Users/kaiohs/Downloads/codes/lab02-experimentacao-software/data/repos/kestra-io__kestra/core/src/main/java/io/kestra/core/validations/validator/PreconditionFilterValidator.java,io.kestra.core.validations.validator.PreconditionFilterValidator,class,8,8,0,8,10,1,0,9,0,0.0,NaN,NaN,1,0,1,0,0,0,1,0,0,0,0,0,0,0,0,0,0,0,2,30,6,0,5,0,0,4,0,2,4,2,1,0,0,0,19,1,0
/Users/kaiohs/Downloads/codes/lab02-experimentacao-software/data/repos/kestra-io__kestra/core/src/test/java/io/kestra/core/encryption/EncryptionServiceTest.java,io.kestra.core.encryption.EncryptionServiceTest,class,2,2,0,2,3,1,0,6,0,0.0,0.0,0.0,3,0,0,0,0,3,3,0,0,0,1,1,0,1,0,0,1,0,0,23,0,0,0,0,0,8,0,7,0,7,0,0,0,0,29,1,0
/Users/kaiohs/Downloads/codes/lab02-experimentacao-software/data/repos/kestra-io__kestra/core/src/test/java/io/kestra/core/topologies/FlowTopologyTest.java,io.kestra.core.topologies.FlowTopologyTest,class,12,13,1,12,7,1,0,25,0,0.6190476,0.0,0.0,7,0,0,1,0,6,6,0,0,0,3,0,0,3,0,0,0,0,5,58,0,0,0,0,0,9,1,27,0,32,0,0,0,2,57,1,0
/Users/kaiohs/Downloads/codes/lab02-experimentacao-software/data/repos/kestra-io__kestra/webserver/src/test/java/io/kestra/webserver/filter/TestAuthFilter.java,io.kestra.webserver.filter.TestAuthFilter,class,10,10,0,10,5,1,0,13,1,0.5,0.0,0.0,2,0,2,0,0,0,2,0,0,0,3,1,1,2,0,0,0,0,1,20,2,0,1,0,1,3,1,2,3,4,2,0,0,0,25,1,0
/Users/kaiohs/Downloads/codes/lab02-experimentacao-software/data/repos/kestra-io__kestra/core/src/main/java/io/kestra/plugin/core/debug/Return.java,io.kestra.plugin.core.debug.Return,class,16,18,2,16,1,2,0,16,0,0.0,NaN,NaN,1,0,1,0,0,0,1,0,0,0,1,0,0,1,0,0,0,0,4,15,1,0,0,0,0,6,1,4,1,5,0,0,1,0,23,1,1
/Users/kaiohs/Downloads/codes/lab02-experimentacao-software/data/repos/kestra-io__kestra/core/src/main/java/io/kestra/plugin/core/trigger/Webhook.java,io.kestra.plugin.core.trigger.Webhook,class,25,26,1,25,19,3,0,52,0,0.6,NaN,NaN,4,2,1,3,0,0,1,0,0,0,5,1,0,5,0,0,1,0,7,81,13,0,4,4,0,11,2,11,0,12,3,2,1,2,79,1,0
/Users/kaiohs/Downloads/codes/lab02-experimentacao-software/data/repos/kestra-io__kestra/jdbc/src/main/java/io/kestra/jdbc/services/JdbcFilterService.java,io.kestra.jdbc.services.JdbcFilterService,class,34,48,14,34,41,2,0,30,703,0.9736842,0.0,0.0,38,0,1,19,18,0,19,0,0,0,1,0,0,1,0,0,0,0,1,128,39,2,1,0,0,1,0,4,1,3,1,0,0,0,42,1,0
/Users/kaiohs/Downloads/codes/lab02-experimentacao-software/data/repos/kestra-io__kestra/core/src/main/java/io/kestra/core/contexts/KestraConfig.java,io.kestra.core.contexts.KestraConfig,class,2,2,0,2,1,1,0,0,0,0.5,NaN,NaN,1,0,1,0,0,0,1,0,0,0,2,1,1,1,0,0,1,0,0,7,1,0,0,0,0,3,0,1,1,2,0,0,0,0,24,1,0
/Users/kaiohs/Downloads/codes/lab02-experimentacao-software/data/repos/kestra-io__kestra/core/src/test/java/io/kestra/core/services/ConditionServiceTest.java,io.kestra.core.services.ConditionServiceTest$Anonymous1,anonymous,2,2,0,2,1,1,0,0,0,0.0,NaN,NaN,1,0,1,0,0,0,1,0,0,0,0,0,0,0,0,0,0,0,0,5,0,0,0,0,0,1,0,0,0,0,0,0,0,0,6,-1,0
/Users/kaiohs/Downloads/codes/lab02-experimentacao-software/data/repos/kestra-io__kestra/core/src/main/java/io/kestra/core/models/dashboards/filters/AbstractFilter.java,io.kestra.core.models.dashboards.filters.AbstractFilter,class,30,50,20,30,4,1,0,3,1,1.0,0.0,0.0,2,0,2,0,0,0,2,1,0,0,2,0,0,2,0,0,0,0,0,15,3,0,1,0,0,20,0,0,0,2,1,0,1,0,20,1025,0
/Users/kaiohs/Downloads/codes/lab02-experimentacao-software/data/repos/kestra-io__kestra/worker/src/main/java/io/kestra/worker/stores/GrpcWorkerFlowMetaStore.java,io.kestra.worker.stores.GrpcWorkerFlowMetaStore,class,14,15,1,14,7,1,0,10,19,0.71428573,0.0,0.0,7,0,7,0,0,0,7,0,0,0,2,0,0,2,0,0,2,0,0,29,1,0,0,0,0,8,0,4,0,4,0,0,0,0,71,1,1
/Users/kaiohs/Downloads/codes/lab02-experimentacao-software/data/repos/kestra-io__kestra/webserver/src/main/java/io/kestra/webserver/controllers/api/ConcurrencyLimitController.java,io.kestra.webserver.controllers.api.ConcurrencyLimitController,class,13,13,0,13,3,1,0,12,0,0.25,0.0,0.0,2,0,2,0,0,0,2,0,0,0,2,0,0,2,0,0,0,0,1,15,3,0,0,0,0,7,0,2,0,4,1,0,0,0,23,1,0
/Users/kaiohs/Downloads/codes/lab02-experimentacao-software/data/repos/kestra-io__kestra/core/src/test/java/io/kestra/core/services/ConcurrencyLimitServiceTest.java,io.kestra.core.services.ConcurrencyLimitServiceTest,class,19,20,1,19,10,1,0,38,13,0.7857143,0.0,0.0,7,0,0,3,0,4,4,0,0,0,8,2,0,8,0,0,2,0,1,62,3,0,2,0,0,12,5,14,0,21,2,0,0,2,68,0,0
/Users/kaiohs/Downloads/codes/lab02-experimentacao-software/data/repos/kestra-io__kestra/core/src/main/java/io/kestra/plugin/core/dashboard/data/Metrics.java,io.kestra.plugin.core.dashboard.data.Metrics,class,14,14,0,14,1,1,0,0,0,0.0,NaN,NaN,1,0,1,0,0,0,1,0,0,0,0,0,0,0,0,0,0,0,0,5,1,0,0,0,0,3,0,0,0,0,0,0,0,0,41,1,0
/Users/kaiohs/Downloads/codes/lab02-experimentacao-software/data/repos/kestra-io__kestra/processor/src/main/java/io/kestra/core/plugins/processor/PluginProcessor.java,io.kestra.core.plugins.processor.PluginProcessor$Anonymous1,anonymous,0,0,0,0,1,1,0,0,0,0.0,NaN,NaN,1,0,1,0,0,0,1,0,0,0,0,0,0,0,0,0,0,0,0,5,1,0,0,0,0,0,0,0,0,0,0,0,0,0,6,-1,0
/Users/kaiohs/Downloads/codes/lab02-experimentacao-software/data/repos/kestra-io__kestra/worker/src/main/java/io/kestra/worker/processors/WorkerJobProcessor.java,io.kestra.worker.processors.WorkerJobProcessor,interface,2,5,3,2,3,1,0,0,3,0.0,0.0,0.0,3,0,0,0,0,3,3,0,0,0,0,0,0,0,0,0,0,0,0,5,0,0,0,0,0,0,0,0,0,0,0,0,0,0,66,1,0
/Users/kaiohs/Downloads/codes/lab02-experimentacao-software/data/repos/kestra-io__kestra/core/src/main/java/io/kestra/core/models/executions/metrics/MetricAggregation.java,io.kestra.core.models.executions.metrics.MetricAggregation,class,2,3,1,2,0,1,0,0,0,NaN,-1.0,-1.0,0,0,0,0,0,0,0,0,0,0,3,0,3,0,0,0,0,0,0,5,0,0,0,0,0,0,0,0,0,3,0,0,0,0,7,1,0
/Users/kaiohs/Downloads/codes/lab02-experimentacao-software/data/repos/kestra-io__kestra/script/src/test/java/io/kestra/plugin/scripts/runners/LogConsumerTest.java,io.kestra.plugin.scripts.runners.LogConsumerTest$Anonymous1,anonymous,0,0,0,0,2,1,0,0,1,0.0,0.0,0.0,2,0,2,0,0,0,2,0,0,0,0,0,0,0,0,0,0,0,0,8,2,0,0,0,0,2,0,0,0,0,0,0,0,0,3,-1,0
/Users/kaiohs/Downloads/codes/lab02-experimentacao-software/data/repos/kestra-io__kestra/core/src/main/java/io/kestra/core/models/property/PropertyContext.java,io.kestra.core.models.property.PropertyContext,interface,3,5,2,3,3,1,0,0,3,0.0,0.0,0.0,3,1,0,0,0,3,3,0,0,0,0,0,0,0,0,0,0,0,0,15,1,0,0,0,0,0,0,0,0,0,0,1,0,0,22,1,0
/Users/kaiohs/Downloads/codes/lab02-experimentacao-software/data/repos/kestra-io__kestra/core/src/main/java/io/kestra/plugin/core/condition/Weekend.java,io.kestra.plugin.core.condition.Weekend,class,14,14,0,14,1,2,0,9,0,0.0,NaN,NaN,1,0,1,0,0,0,1,0,0,0,1,0,0,1,0,0,1,0,0,8,1,0,0,0,0,7,0,3,0,3,0,0,0,0,37,1,0
/Users/kaiohs/Downloads/codes/lab02-experimentacao-software/data/repos/kestra-io__kestra/webserver/src/main/java/io/kestra/webserver/utils/QueryFilterUtils.java,io.kestra.webserver.utils.QueryFilterUtils,class,6,11,5,6,15,1,0,23,21,0.0,0.0,0.0,7,7,2,4,1,0,3,0,0,0,0,0,0,0,0,0,0,0,6,33,6,0,4,0,0,0,0,5,0,7,1,0,0,2,39,1,0
/Users/kaiohs/Downloads/codes/lab02-experimentacao-software/data/repos/kestra-io__kestra/queue/src/main/java/io/kestra/queue/poller/QueuePoller.java,io.kestra.queue.poller.QueuePoller,class,2,4,2,2,6,1,0,19,0,0.0,0.0,0.0,2,0,2,0,0,0,2,0,0,0,2,0,0,2,0,0,2,0,4,29,3,0,0,0,0,0,2,8,0,7,2,0,0,1,47,1,0
/Users/kaiohs/Downloads/codes/lab02-experimentacao-software/data/repos/kestra-io__kestra/core/src/main/java/io/kestra/core/trace/propagation/RunContextTextMapGetter.java,io.kestra.core.trace.propagation.RunContextTextMapGetter,class,4,5,1,4,3,1,0,1,1,1.0,0.0,0.0,2,0,2,0,0,0,2,0,0,0,1,1,1,0,0,0,1,0,1,12,3,0,1,0,0,1,0,1,0,1,1,0,0,0,17,1,0
/Users/kaiohs/Downloads/codes/lab02-experimentacao-software/data/repos/kestra-io__kestra/core/src/main/java/io/kestra/core/models/tasks/TaskInterface.java,io.kestra.core.models.tasks.TaskInterface,interface,7,17,10,7,2,1,0,0,1,0.0,0.0,0.0,2,0,0,0,0,2,2,0,0,0,0,0,0,0,0,0,0,0,0,4,0,0,0,0,0,2,0,0,0,0,0,0,0,0,27,1,0
/Users/kaiohs/Downloads/codes/lab02-experimentacao-software/data/repos/kestra-io__kestra/cli/src/main/java/io/kestra/cli/commands/plugins/PluginListCommand.java,io.kestra.cli.commands.plugins.PluginListCommand,class,10,12,2,10,3,3,0,7,0,0.33333334,NaN,NaN,1,0,1,0,0,0,1,0,0,0,3,0,0,1,0,2,0,0,0,14,1,0,1,0,0,6,1,2,1,5,1,0,0,1,28,1,0
/Users/kaiohs/Downloads/codes/lab02-experimentacao-software/data/repos/kestra-io__kestra/worker-controller/src/test/java/io/kestra/controller/grpc/services/WorkerJobDispatcherTest.java,io.kestra.controller.grpc.services.WorkerJobDispatcherTest$PermitHandlingTests,innerclass,8,8,0,8,3,1,0,10,3,0.0,0.0,0.0,3,0,0,0,0,3,3,0,0,0,0,0,0,0,0,0,0,0,0,27,0,0,0,0,0,4,10,7,0,7,0,0,0,0,36,0,0
/Users/kaiohs/Downloads/codes/lab02-experimentacao-software/data/repos/kestra-io__kestra/core/src/test/java/io/kestra/plugin/core/condition/DayWeekTest.java,io.kestra.plugin.core.condition.DayWeekTest,class,9,9,0,9,2,1,0,14,1,0.5,0.0,0.0,2,1,0,0,0,2,2,0,0,0,1,0,0,0,0,1,0,0,3,13,1,0,0,0,0,3,0,4,0,5,0,0,0,0,20,0,0
/Users/kaiohs/Downloads/codes/lab02-experimentacao-software/data/repos/kestra-io__kestra/core/src/test/java/io/kestra/core/validations/RegexTest.java,io.kestra.core.validations.RegexTest,class,5,5,0,5,1,1,0,8,0,0.0,NaN,NaN,1,0,0,0,0,1,1,0,0,0,1,0,0,1,0,0,0,0,0,13,0,0,0,0,0,3,0,2,0,3,0,0,1,0,12,0,0
/Users/kaiohs/Downloads/codes/lab02-experimentacao-software/data/repos/kestra-io__kestra/core/src/main/java/io/kestra/core/validations/validator/JsonStringValidator.java,io.kestra.core.validations.validator.JsonStringValidator,class,7,7,0,7,3,1,0,5,0,0.0,NaN,NaN,1,0,1,0,0,0,1,0,0,0,1,1,0,1,0,0,1,0,0,17,3,0,1,1,0,1,0,1,1,1,1,0,0,0,31,1,0
/Users/kaiohs/Downloads/codes/lab02-experimentacao-software/data/repos/kestra-io__kestra/core/src/main/java/io/kestra/plugin/core/condition/Not.java,io.kestra.plugin.core.condition.Not,class,14,14,0,14,1,2,0,4,0,0.0,NaN,NaN,1,0,1,0,0,0,1,0,0,0,1,0,0,1,0,0,0,0,0,6,1,0,0,0,0,6,0,0,0,2,0,0,0,1,30,1,0
/Users/kaiohs/Downloads/codes/lab02-experimentacao-software/data/repos/kestra-io__kestra/core/src/test/java/io/kestra/core/runners/PluginDefaultsCaseTest.java,io.kestra.core.runners.PluginDefaultsCaseTest$DefaultSequential1$Output,innerclass,3,3,0,3,0,1,0,0,0,NaN,-1.0,-1.0,0,0,0,0,0,0,0,0,0,0,1,0,0,1,0,0,1,0,0,3,0,0,0,0,0,0,0,0,0,1,0,0,0,0,2,9,0
/Users/kaiohs/Downloads/codes/lab02-experimentacao-software/data/repos/kestra-io__kestra/core/src/test/java/io/kestra/core/services/PluginDefaultServiceTest.java,io.kestra.core.services.PluginDefaultServiceTest$DefaultTester,innerclass,12,12,0,12,1,2,0,0,0,1.0,NaN,NaN,1,0,1,0,0,0,1,0,0,0,6,0,0,6,0,0,0,0,0,18,1,0,0,0,0,2,0,1,0,6,0,0,2,0,21,9,0
/Users/kaiohs/Downloads/codes/lab02-experimentacao-software/data/repos/kestra-io__kestra/webserver/src/test/java/io/kestra/webserver/controllers/api/MiscUsageControllerTest.java,io.kestra.webserver.controllers.api.MiscUsageControllerTest,class,7,7,0,7,1,1,0,5,0,0.0,NaN,NaN,1,0,0,0,0,1,1,0,0,0,1,0,0,0,0,1,0,0,0,7,0,0,0,0,0,4,0,1,0,2,0,0,0,0,17,0,0
/Users/kaiohs/Downloads/codes/lab02-experimentacao-software/data/repos/kestra-io__kestra/tests/src/main/java/io/kestra/core/junit/extensions/AbstractLoaderExtension.java,io.kestra.core.junit.extensions.AbstractLoaderExtension,class,11,16,5,11,10,1,4,27,0,0.25,0.0,0.0,4,1,0,0,4,0,4,0,0,0,1,0,0,0,1,0,0,0,5,44,2,2,3,0,0,1,0,10,0,12,2,0,0,3,41,1025,0
/Users/kaiohs/Downloads/codes/lab02-experimentacao-software/data/repos/kestra-io__kestra/core/src/test/java/io/kestra/core/tasks/test/FailingPollingTrigger.java,io.kestra.core.tasks.test.FailingPollingTrigger,class,7,7,0,7,2,2,0,1,1,0.0,0.0,0.0,2,0,2,0,0,0,2,0,0,0,0,0,0,0,0,0,0,0,1,8,1,0,0,0,0,1,1,0,0,0,0,0,0,0,17,1,0
/Users/kaiohs/Downloads/codes/lab02-experimentacao-software/data/repos/kestra-io__kestra/worker/src/main/java/io/kestra/worker/processors/internals/WorkerTaskCallable.java,io.kestra.worker.processors.internals.WorkerTaskCallable,class,11,13,2,11,11,2,0,31,0,0.4375,0.0,0.0,4,0,3,0,1,0,4,0,0,0,4,0,0,0,0,4,0,0,0,55,4,0,2,3,0,2,0,8,0,7,2,0,0,2,36,1,2
/Users/kaiohs/Downloads/codes/lab02-experimentacao-software/data/repos/kestra-io__kestra/jdbc-postgres/src/main/java/io/kestra/repository/postgres/PostgresLockRepository.java,io.kestra.repository.postgres.PostgresLockRepository,class,6,6,0,6,1,2,0,0,0,0.0,NaN,NaN,1,0,1,0,0,0,1,0,0,0,0,0,0,0,0,0,0,0,0,5,0,0,0,0,0,1,0,0,0,0,0,0,0,0,6,1,0
/Users/kaiohs/Downloads/codes/lab02-experimentacao-software/data/repos/kestra-io__kestra/core/src/main/java/io/kestra/core/serializers/ListOrMapOfLabelDeserializer.java,io.kestra.core.serializers.ListOrMapOfLabelDeserializer,class,6,10,4,6,10,2,0,13,6,0.0,0.0,0.0,4,1,2,2,0,0,2,0,0,0,0,0,0,0,0,0,0,0,4,39,6,0,1,0,0,9,0,4,2,5,3,0,0,1,59,1,0
/Users/kaiohs/Downloads/codes/lab02-experimentacao-software/data/repos/kestra-io__kestra/core/src/main/java/io/kestra/core/runners/pebble/functions/HttpFunction.java,io.kestra.core.runners.pebble.functions.HttpFunction,class,24,26,2,24,17,1,0,63,15,0.875,0.0,0.0,6,0,3,3,0,0,3,0,0,0,4,1,1,3,0,0,2,0,12,94,6,0,2,3,0,44,0,25,2,36,2,0,0,5,116,1,0
/Users/kaiohs/Downloads/codes/lab02-experimentacao-software/data/repos/kestra-io__kestra/scheduler/src/main/java/io/kestra/scheduler/beans/BeanFactory.java,io.kestra.scheduler.beans.BeanFactory,class,13,13,0,13,4,1,0,1,1,0.5,0.0,0.0,2,0,2,0,0,0,2,0,0,0,2,0,0,0,0,2,0,0,0,11,2,0,0,0,0,1,0,1,0,3,0,0,0,0,18,1,0
/Users/kaiohs/Downloads/codes/lab02-experimentacao-software/data/repos/kestra-io__kestra/core/src/test/java/io/kestra/plugin/core/storage/ConcatTest.java,io.kestra.plugin.core.storage.ConcatTest,class,8,9,1,8,4,1,0,28,3,0.6666667,0.0,0.0,3,0,0,0,0,3,3,0,0,0,2,0,0,0,0,2,0,0,3,22,0,0,0,0,0,8,0,8,1,10,0,0,0,0,32,0,0
/Users/kaiohs/Downloads/codes/lab02-experimentacao-software/data/repos/kestra-io__kestra/worker/src/main/java/io/kestra/worker/queues/WorkerQueueRegistry.java,io.kestra.worker.queues.WorkerQueueRegistry,class,12,16,4,12,4,1,0,15,0,0.375,0.0,0.0,4,0,3,1,0,0,3,0,0,1,2,0,0,2,0,0,2,0,0,22,3,0,0,0,0,3,1,5,2,8,1,0,0,4,63,1,0
/Users/kaiohs/Downloads/codes/lab02-experimentacao-software/data/repos/kestra-io__kestra/core/src/main/java/io/kestra/core/models/validations/ValidateConstraintViolation.java,io.kestra.core.models.validations.ValidateConstraintViolation,class,10,11,1,10,6,1,0,2,0,0.6666667,0.0,0.0,2,0,2,0,0,0,2,0,0,0,9,0,0,9,0,0,0,0,1,17,2,0,4,0,3,1,0,0,1,9,0,0,0,0,21,1,0
/Users/kaiohs/Downloads/codes/lab02-experimentacao-software/data/repos/kestra-io__kestra/core/src/main/java/io/kestra/core/runners/ExecutionRunning.java,io.kestra.core.runners.ExecutionRunning,class,8,9,1,8,1,1,0,2,0,0.2,NaN,NaN,1,0,1,0,0,0,1,0,0,0,5,0,0,0,0,5,0,0,0,11,1,0,0,0,0,0,0,0,0,5,0,0,1,0,19,1,0
/Users/kaiohs/Downloads/codes/lab02-experimentacao-software/data/repos/kestra-io__kestra/core/src/main/java/io/kestra/core/models/dashboards/WithLegend.java,io.kestra.core.models.dashboards.WithLegend,interface,1,1,0,1,1,1,0,0,0,0.0,NaN,NaN,1,0,0,0,0,1,1,0,0,0,0,0,0,0,0,0,0,0,0,3,0,0,0,0,0,0,0,0,0,0,0,0,0,0,4,1,0
/Users/kaiohs/Downloads/codes/lab02-experimentacao-software/data/repos/kestra-io__kestra/cli/src/main/java/io/kestra/cli/commands/servers/ExecutorCommand.java,io.kestra.cli.commands.servers.ExecutorCommand,class,13,14,1,13,4,4,0,15,1,0.5,0.0,0.0,2,1,2,0,0,0,2,0,0,0,10,0,0,9,0,1,0,0,5,37,2,0,1,1,0,25,1,8,0,13,2,0,0,1,66,1,0
/Users/kaiohs/Downloads/codes/lab02-experimentacao-software/data/repos/kestra-io__kestra/cli/src/main/java/io/kestra/cli/commands/servers/ServerCommand.java,io.kestra.cli.commands.servers.ServerCommand,class,13,14,1,13,1,3,0,2,0,0.0,NaN,NaN,1,0,1,0,0,0,1,0,0,0,0,0,0,0,0,0,0,0,1,6,1,0,0,0,0,4,0,0,0,0,0,0,0,0,7,1,0
/Users/kaiohs/Downloads/codes/lab02-experimentacao-software/data/repos/kestra-io__kestra/core/src/main/java/io/kestra/core/secret/SecretPluginInterface.java,io.kestra.core.secret.SecretPluginInterface,interface,2,2,0,2,0,1,0,0,0,0.0,-1.0,-1.0,0,0,0,0,0,0,0,0,0,0,0,0,0,0,0,0,0,0,0,2,0,0,0,0,0,0,0,0,0,0,0,0,0,0,3,1,0
/Users/kaiohs/Downloads/codes/lab02-experimentacao-software/data/repos/kestra-io__kestra/core/src/main/java/io/kestra/core/queues/QueueException.java,io.kestra.core.queues.QueueException,class,0,2,2,0,2,3,2,0,1,1.0,0.0,0.0,2,0,2,0,0,0,2,0,0,0,1,1,0,1,0,0,1,0,0,9,0,0,0,0,0,0,1,1,0,1,0,0,0,0,12,1,0
/Users/kaiohs/Downloads/codes/lab02-experimentacao-software/data/repos/kestra-io__kestra/core/src/main/java/io/kestra/core/runners/pebble/filters/NumberFilter.java,io.kestra.core.runners.pebble.filters.NumberFilter,class,4,5,1,4,10,1,0,12,1,0.0,0.0,0.0,2,0,2,0,0,0,2,0,0,0,0,0,0,0,0,0,0,0,1,30,9,0,1,0,1,10,0,2,1,2,1,0,0,0,24,1,0
/Users/kaiohs/Downloads/codes/lab02-experimentacao-software/data/repos/kestra-io__kestra/core/src/main/java/io/kestra/core/models/triggers/WorkerTriggerInterface.java,io.kestra.core.models.triggers.WorkerTriggerInterface,interface,1,3,2,1,0,1,0,0,0,0.0,-1.0,-1.0,0,0,0,0,0,0,0,0,0,0,0,0,0,0,0,0,0,0,0,2,0,0,0,0,0,0,0,0,0,0,0,0,0,0,11,1,0
/Users/kaiohs/Downloads/codes/lab02-experimentacao-software/data/repos/kestra-io__kestra/core/src/main/java/io/kestra/core/models/tasks/RunnableTask.java,io.kestra.core.models.tasks.RunnableTask,interface,4,6,2,4,1,1,0,0,0,0.0,NaN,NaN,1,0,0,0,0,1,1,0,0,0,0,0,0,0,0,0,0,0,0,3,0,0,0,0,0,0,0,0,0,0,0,0,0,0,22,1,0
/Users/kaiohs/Downloads/codes/lab02-experimentacao-software/data/repos/kestra-io__kestra/core/src/test/java/io/kestra/core/validations/TimezoneIdTest.java,io.kestra.core.validations.TimezoneIdTest$TimezoneIdCls,innerclass,3,3,0,3,0,1,0,0,0,NaN,-1.0,-1.0,0,0,0,0,0,0,0,0,0,0,1,0,0,0,0,1,0,0,0,3,0,0,0,0,0,0,0,0,0,1,0,0,0,0,4,9,0
/Users/kaiohs/Downloads/codes/lab02-experimentacao-software/data/repos/kestra-io__kestra/core/src/main/java/io/kestra/core/storages/FileAttributes.java,io.kestra.core.storages.FileAttributes$FileType,enum,0,0,0,0,0,1,0,0,0,0.0,-1.0,-1.0,0,0,0,0,0,0,0,0,0,0,0,0,0,0,0,0,0,0,0,1,0,0,0,0,0,0,0,0,0,0,0,0,0,0,4,0,0
/Users/kaiohs/Downloads/codes/lab02-experimentacao-software/data/repos/kestra-io__kestra/core/src/test/java/io/kestra/plugin/core/kv/GetTest.java,io.kestra.plugin.core.kv.GetTest,class,8,8,0,8,3,1,0,29,0,0.0,0.0,0.0,3,0,0,0,0,3,3,0,0,0,2,1,0,0,0,2,1,0,10,34,0,0,0,0,0,27,2,19,4,20,0,0,0,1,46,0,0
/Users/kaiohs/Downloads/codes/lab02-experimentacao-software/data/repos/kestra-io__kestra/core/src/main/java/io/kestra/plugin/core/kv/Set.java,io.kestra.plugin.core.kv.Set,class,17,17,0,17,5,2,0,11,0,0.0,NaN,NaN,1,0,1,0,0,0,1,0,0,0,7,0,0,7,0,0,0,0,0,26,1,0,2,0,0,10,0,9,0,12,2,0,0,0,73,1,0
/Users/kaiohs/Downloads/codes/lab02-experimentacao-software/data/repos/kestra-io__kestra/jdbc-h2/src/test/java/io/kestra/queue/h2/H2BroadcastQueueTest.java,io.kestra.queue.h2.H2BroadcastQueueTest,class,6,6,0,6,1,2,0,2,0,0.0,NaN,NaN,1,0,0,0,1,0,1,0,0,0,1,0,0,0,0,1,0,0,0,7,0,0,0,0,0,2,0,0,0,1,0,0,0,0,10,0,0
/Users/kaiohs/Downloads/codes/lab02-experimentacao-software/data/repos/kestra-io__kestra/jdbc/src/main/java/io/kestra/jdbc/repository/AbstractJdbcTaskOutputRepository.java,io.kestra.jdbc.repository.AbstractJdbcTaskOutputRepository,class,8,8,0,8,6,2,0,32,0,0.5666667,0.0,0.0,6,1,5,1,0,0,5,0,0,0,5,4,4,1,0,0,5,0,8,46,8,0,0,0,0,8,2,11,0,16,1,0,0,5,47,1,0
/Users/kaiohs/Downloads/codes/lab02-experimentacao-software/data/repos/kestra-io__kestra/core/src/main/java/io/kestra/core/models/hierarchies/SubflowGraphCluster.java,io.kestra.core.models.hierarchies.SubflowGraphCluster,class,4,4,0,4,1,3,0,4,0,0.0,NaN,NaN,1,0,1,0,0,0,1,0,0,0,0,0,0,0,0,0,0,0,0,7,0,0,0,0,0,1,0,0,0,0,0,0,0,0,6,1,0
/Users/kaiohs/Downloads/codes/lab02-experimentacao-software/data/repos/kestra-io__kestra/core/src/main/java/io/kestra/core/models/triggers/Schedulable.java,io.kestra.core.models.triggers.Schedulable,interface,7,7,0,7,5,1,0,3,10,0.8,0.0,0.0,5,0,0,0,0,5,5,0,0,0,1,0,0,0,0,1,0,0,0,10,1,0,0,0,0,6,0,1,1,1,0,0,0,0,103,1,0
/Users/kaiohs/Downloads/codes/lab02-experimentacao-software/data/repos/kestra-io__kestra/core/src/main/java/io/kestra/core/runners/AclCheckerImpl.java,io.kestra.core.runners.AclCheckerImpl,class,7,8,1,7,4,1,0,1,0,0.0,0.0,0.0,4,0,3,0,0,1,4,0,0,0,2,0,0,2,0,0,2,0,0,57,3,0,0,0,0,0,0,2,0,2,0,0,3,0,17,0,0
/Users/kaiohs/Downloads/codes/lab02-experimentacao-software/data/repos/kestra-io__kestra/jdbc-postgres/src/main/java/io/kestra/repository/postgres/PostgresNamespaceFileMetadataRepositoryService.java,io.kestra.repository.postgres.PostgresNamespaceFileMetadataRepositoryService,class,3,4,1,3,3,1,0,6,0,0.0,NaN,NaN,1,1,1,0,0,0,1,0,0,0,0,0,0,0,0,0,0,0,1,9,1,0,1,0,0,1,0,1,0,1,1,0,0,0,11,1025,0
/Users/kaiohs/Downloads/codes/lab02-experimentacao-software/data/repos/kestra-io__kestra/core/src/main/java/io/kestra/core/models/dashboards/filters/GreaterThan.java,io.kestra.core.models.dashboards.filters.GreaterThan,class,11,11,0,11,0,2,0,0,0,NaN,-1.0,-1.0,0,0,0,0,0,0,0,0,0,0,2,0,0,1,1,0,0,0,0,4,0,0,0,0,0,1,0,1,0,2,0,0,0,0,8,1,0
/Users/kaiohs/Downloads/codes/lab02-experimentacao-software/data/repos/kestra-io__kestra/core/src/main/java/io/kestra/core/runners/pebble/functions/YamlFunction.java,io.kestra.core.runners.pebble.functions.YamlFunction$Anonymous1,anonymous,0,0,0,0,0,1,0,0,0,0.0,-1.0,-1.0,0,0,0,0,0,0,0,0,0,0,0,0,0,0,0,0,0,0,0,2,0,0,0,0,0,0,0,0,0,0,0,0,0,0,0,-1,0
/Users/kaiohs/Downloads/codes/lab02-experimentacao-software/data/repos/kestra-io__kestra/core/src/main/java/io/kestra/core/http/client/configurations/HttpConfiguration.java,io.kestra.core.http.client.configurations.HttpConfiguration,class,13,15,2,13,0,1,0,1,0,NaN,-1.0,-1.0,0,0,0,0,0,0,0,0,0,0,9,0,0,9,0,0,1,0,0,12,0,0,0,0,0,9,0,3,0,9,0,0,1,0,55,1,0
/Users/kaiohs/Downloads/codes/lab02-experimentacao-software/data/repos/kestra-io__kestra/core/src/test/java/io/kestra/core/repositories/AbstractKvMetadataRepositoryTest.java,io.kestra.core.repositories.AbstractKvMetadataRepositoryTest,class,10,12,2,10,7,1,1,55,1,0.2857143,0.0,0.0,7,2,0,0,1,6,7,0,0,0,1,0,0,0,1,0,0,0,16,118,2,0,0,0,0,19,34,45,0,38,0,0,0,1,57,1025,0
/Users/kaiohs/Downloads/codes/lab02-experimentacao-software/data/repos/kestra-io__kestra/core/src/test/java/io/kestra/core/validations/JsonStringTest.java,io.kestra.core.validations.JsonStringTest,class,5,5,0,5,1,1,0,8,0,0.0,NaN,NaN,1,0,0,0,0,1,1,0,0,0,1,0,0,1,0,0,0,0,0,13,0,0,0,0,0,3,0,2,0,2,0,0,1,0,12,0,0
/Users/kaiohs/Downloads/codes/lab02-experimentacao-software/data/repos/kestra-io__kestra/core/src/main/java/io/kestra/core/models/property/Property.java,io.kestra.core.models.property.Property$PropertySerializer,innerclass,4,4,0,4,2,2,0,2,1,1.0,0.0,0.0,2,0,1,0,1,0,2,0,0,0,1,1,0,1,0,0,1,0,0,9,0,0,0,0,0,1,1,1,0,1,0,0,0,0,16,8,0
/Users/kaiohs/Downloads/codes/lab02-experimentacao-software/data/repos/kestra-io__kestra/core/src/test/java/io/kestra/core/runners/pebble/functions/HttpFunctionTest.java,io.kestra.core.runners.pebble.functions.HttpFunctionTest,class,10,10,0,10,7,1,0,36,0,0.0,0.0,0.0,7,0,0,0,0,7,7,0,0,0,1,0,0,1,0,0,0,0,9,40,0,0,0,0,1,57,3,10,1,11,0,0,0,1,66,0,0
/Users/kaiohs/Downloads/codes/lab02-experimentacao-software/data/repos/kestra-io__kestra/core/src/test/java/io/kestra/core/runners/LocalWorkingDirTest.java,io.kestra.core.runners.LocalWorkingDirTest,class,4,4,0,4,9,1,0,36,36,0.0,0.0,0.0,9,0,0,0,0,9,9,0,0,0,0,0,0,0,0,0,0,0,23,82,0,0,0,0,0,48,6,21,2,20,1,0,0,5,57,0,0
/Users/kaiohs/Downloads/codes/lab02-experimentacao-software/data/repos/kestra-io__kestra/core/src/main/java/io/kestra/core/models/tasks/ExecutableTask.java,io.kestra.core.models.tasks.ExecutableTask$RestartBehavior,enum,0,0,0,0,0,1,0,0,0,0.0,-1.0,-1.0,0,0,0,0,0,0,0,0,0,0,0,0,0,0,0,0,0,0,0,1,0,0,0,0,0,0,0,0,0,0,0,0,0,0,13,0,0
/Users/kaiohs/Downloads/codes/lab02-experimentacao-software/data/repos/kestra-io__kestra/core/src/main/java/io/kestra/core/scheduler/vnodes/internals/DefaultVNodesAssigner.java,io.kestra.core.scheduler.vnodes.internals.DefaultVNodesAssigner,class,19,22,3,19,19,1,0,39,16,0.6888889,0.0,0.0,9,0,4,5,0,0,4,0,0,0,5,1,0,5,0,0,4,0,7,70,5,0,2,0,0,11,0,7,1,10,2,0,0,4,92,1,4
/Users/kaiohs/Downloads/codes/lab02-experimentacao-software/data/repos/kestra-io__kestra/processor/src/main/java/io/kestra/core/plugins/processor/PluginProcessor.java,io.kestra.core.plugins.processor.PluginProcessor,class,4,6,2,4,34,2,0,62,132,0.91176474,0.0,0.0,17,2,4,13,0,0,4,0,1,1,4,1,1,3,0,0,3,0,9,137,14,3,1,4,0,18,0,18,10,18,3,1,0,0,147,1,0
/Users/kaiohs/Downloads/codes/lab02-experimentacao-software/data/repos/kestra-io__kestra/core/src/main/java/io/kestra/core/models/topologies/FlowNode.java,io.kestra.core.models.topologies.FlowNode,class,9,12,3,9,5,1,0,13,0,0.5,0.0,0.0,3,1,3,0,0,0,3,0,0,0,4,0,0,0,0,4,0,0,2,17,4,0,2,0,0,1,0,1,0,5,1,0,0,0,27,1,0
/Users/kaiohs/Downloads/codes/lab02-experimentacao-software/data/repos/kestra-io__kestra/worker/src/main/java/io/kestra/worker/senders/GrpcWorkerIOSender.java,io.kestra.worker.senders.GrpcWorkerIOSender$Anonymous1,anonymous,1,1,0,1,3,1,0,1,3,0.0,0.0,0.0,3,0,3,0,0,0,3,0,0,0,0,0,0,0,0,0,0,0,0,9,0,0,0,0,0,1,0,0,0,0,0,0,0,0,10,-1,1
/Users/kaiohs/Downloads/codes/lab02-experimentacao-software/data/repos/kestra-io__kestra/core/src/main/java/io/kestra/core/trace/NoopTracer.java,io.kestra.core.trace.NoopTracer,class,6,7,1,6,6,1,0,1,15,0.0,0.0,0.0,6,0,6,0,0,0,6,0,0,0,0,0,0,0,0,0,0,0,0,20,6,0,0,0,0,0,0,0,0,0,0,0,0,0,11,0,0
/Users/kaiohs/Downloads/codes/lab02-experimentacao-software/data/repos/kestra-io__kestra/core/src/main/java/io/kestra/core/plugins/PluginModule.java,io.kestra.core.plugins.PluginModule,class,17,17,0,17,1,2,0,1,0,0.5,NaN,NaN,1,0,1,0,0,0,1,0,0,0,2,2,1,1,0,0,2,0,0,21,0,0,0,0,0,2,1,2,0,2,0,0,0,0,26,1,0
/Users/kaiohs/Downloads/codes/lab02-experimentacao-software/data/repos/kestra-io__kestra/jdbc-mysql/src/main/java/io/kestra/repository/mysql/MysqlSettingRepository.java,io.kestra.repository.mysql.MysqlSettingRepository,class,8,8,0,8,1,2,0,0,0,0.0,NaN,NaN,1,0,1,0,0,0,1,0,0,0,0,0,0,0,0,0,0,0,0,5,0,0,0,0,0,1,0,0,0,0,0,0,0,0,8,1,0
/Users/kaiohs/Downloads/codes/lab02-experimentacao-software/data/repos/kestra-io__kestra/core/src/test/java/io/kestra/core/runners/ServicesTest.java,io.kestra.core.runners.ServicesTest,class,7,7,0,7,2,1,0,12,0,0.0,0.0,0.0,2,0,0,0,0,2,2,0,0,0,1,0,0,1,0,0,0,0,0,22,0,0,0,0,0,3,0,3,0,4,0,0,0,1,28,0,0
/Users/kaiohs/Downloads/codes/lab02-experimentacao-software/data/repos/kestra-io__kestra/executor/src/test/java/io/kestra/executor/AbstractServiceLivenessCoordinatorTest.java,io.kestra.executor.AbstractServiceLivenessCoordinatorTest,class,43,44,1,43,23,1,0,69,28,0.8194444,0.0,0.0,9,0,2,4,0,3,5,0,0,0,8,1,1,7,0,0,1,0,6,131,7,0,7,0,0,15,23,27,0,36,3,1,0,4,82,1025,0
/Users/kaiohs/Downloads/codes/lab02-experimentacao-software/data/repos/kestra-io__kestra/core/src/test/java/io/kestra/plugin/core/flow/SleepTest.java,io.kestra.plugin.core.flow.SleepTest,class,4,4,0,4,1,1,0,4,0,0.0,NaN,NaN,1,0,0,0,0,1,1,0,0,0,0,0,0,0,0,0,0,0,0,5,0,0,0,0,0,1,0,0,0,0,0,0,0,0,13,1,0
/Users/kaiohs/Downloads/codes/lab02-experimentacao-software/data/repos/kestra-io__kestra/core/src/main/java/io/kestra/core/plugins/serdes/AssetDeserializer.java,io.kestra.core.plugins.serdes.AssetDeserializer,class,3,4,1,3,1,3,0,0,0,0.0,NaN,NaN,1,0,0,0,1,0,1,0,0,0,0,0,0,0,0,0,0,0,0,5,1,0,0,0,0,0,0,0,0,0,0,0,0,0,8,17,0
/Users/kaiohs/Downloads/codes/lab02-experimentacao-software/data/repos/kestra-io__kestra/core/src/main/java/io/kestra/plugin/core/dashboard/chart/Table.java,io.kestra.plugin.core.dashboard.chart.Table,class,12,12,0,12,0,2,0,0,0,0.0,-1.0,-1.0,0,0,0,0,0,0,0,0,0,0,0,0,0,0,0,0,0,0,0,2,0,0,0,0,0,2,0,0,0,0,0,0,0,0,18,1,0
/Users/kaiohs/Downloads/codes/lab02-experimentacao-software/data/repos/kestra-io__kestra/core/src/main/java/io/kestra/core/scheduler/vnodes/VNodeController.java,io.kestra.core.scheduler.vnodes.VNodeController,class,16,18,2,16,22,1,0,48,4,0.67499995,0.0,0.0,5,0,3,2,0,0,3,0,0,0,8,1,0,8,0,0,5,0,8,96,2,1,5,2,0,7,1,23,0,22,7,0,0,2,109,1,5
/Users/kaiohs/Downloads/codes/lab02-experimentacao-software/data/repos/kestra-io__kestra/jdbc-h2/src/test/java/io/kestra/repository/h2/H2SettingRepositoryTest.java,io.kestra.repository.h2.H2SettingRepositoryTest,class,1,1,0,1,0,2,0,0,0,0.0,-1.0,-1.0,0,0,0,0,0,0,0,0,0,0,0,0,0,0,0,0,0,0,0,2,0,0,0,0,0,0,0,0,0,0,0,0,0,0,5,1,0
/Users/kaiohs/Downloads/codes/lab02-experimentacao-software/data/repos/kestra-io__kestra/core/src/main/java/io/kestra/core/models/dashboards/WithTooltip.java,io.kestra.core.models.dashboards.WithTooltip,interface,1,1,0,1,1,1,0,0,0,0.0,NaN,NaN,1,0,0,0,0,1,1,0,0,0,0,0,0,0,0,0,0,0,0,3,0,0,0,0,0,0,0,0,0,0,0,0,0,0,4,1,0
/Users/kaiohs/Downloads/codes/lab02-experimentacao-software/data/repos/kestra-io__kestra/core/src/main/java/io/kestra/core/utils/Logs.java,io.kestra.core.utils.Logs,class,7,8,1,7,12,1,0,20,45,0.9,0.0,0.0,10,9,6,4,0,0,6,0,0,0,4,4,0,4,0,0,4,0,5,52,3,0,2,0,0,16,0,19,11,18,1,0,0,0,55,17,0
/Users/kaiohs/Downloads/codes/lab02-experimentacao-software/data/repos/kestra-io__kestra/core/src/test/java/io/kestra/core/serializers/JacksonMapperTest.java,io.kestra.core.serializers.JacksonMapperTest,class,8,9,1,8,10,1,0,29,45,0.0,0.0,0.0,10,0,0,1,0,9,9,0,0,0,0,0,0,0,0,0,0,0,4,59,1,0,0,0,0,21,4,13,0,13,0,0,1,0,36,0,0
/Users/kaiohs/Downloads/codes/lab02-experimentacao-software/data/repos/kestra-io__kestra/worker/src/main/java/io/kestra/worker/stores/GrpcWorkerKVMetadataStateStore.java,io.kestra.worker.stores.GrpcWorkerKVMetadataStateStore,class,17,18,1,17,6,1,0,23,0,0.29166666,0.0,0.0,6,0,6,0,0,0,6,0,0,0,4,2,0,4,0,0,4,0,1,42,5,0,0,0,0,7,0,14,0,14,0,1,0,0,80,1,5
/Users/kaiohs/Downloads/codes/lab02-experimentacao-software/data/repos/kestra-io__kestra/core/src/main/java/io/kestra/core/docs/ClassPluginDocumentation.java,io.kestra.core.docs.ClassPluginDocumentation$MetricDoc,innerclass,2,2,0,2,0,1,0,0,0,NaN,-1.0,-1.0,0,0,0,0,0,0,0,0,0,0,4,0,0,0,0,4,0,0,0,6,0,0,0,0,0,0,0,0,0,4,0,0,0,0,6,9,0
/Users/kaiohs/Downloads/codes/lab02-experimentacao-software/data/repos/kestra-io__kestra/core/src/main/java/io/kestra/core/queues/QueueLagPoller.java,io.kestra.core.queues.QueueLagPoller,class,14,15,1,14,6,1,0,23,5,0.5833333,0.0,0.0,6,0,2,3,0,1,3,0,0,0,4,0,0,4,0,0,4,0,1,29,1,0,0,0,0,7,1,7,0,12,0,0,0,6,46,1,0
/Users/kaiohs/Downloads/codes/lab02-experimentacao-software/data/repos/kestra-io__kestra/jdbc/src/main/java/io/kestra/jdbc/JdbcTableConfig.java,io.kestra.jdbc.JdbcTableConfig,class,4,11,7,4,4,1,2,0,0,0.5,0.0,0.0,4,0,4,0,0,0,4,0,0,0,3,0,0,3,0,0,3,0,0,19,3,0,0,0,0,1,0,3,0,3,0,0,0,0,6,1,0
/Users/kaiohs/Downloads/codes/lab02-experimentacao-software/data/repos/kestra-io__kestra/core/src/main/java/io/kestra/core/runners/pebble/filters/StartsWithFilter.java,io.kestra.core.runners.pebble.filters.StartsWithFilter,class,3,4,1,3,2,1,0,4,1,0.6666667,0.0,0.0,2,0,2,0,0,0,2,0,0,0,3,3,1,2,0,0,3,0,1,12,2,0,0,0,0,2,0,4,0,4,0,0,0,0,30,1,0
/Users/kaiohs/Downloads/codes/lab02-experimentacao-software/data/repos/kestra-io__kestra/core/src/main/java/io/kestra/core/models/tasks/OutputFilesInterface.java,io.kestra.core.models.tasks.OutputFilesInterface,interface,2,2,0,2,1,1,0,0,0,0.0,NaN,NaN,1,0,0,0,0,1,1,0,0,0,0,0,0,0,0,0,0,0,0,3,0,0,0,0,0,2,0,0,0,0,0,0,0,0,29,1,0
/Users/kaiohs/Downloads/codes/lab02-experimentacao-software/data/repos/kestra-io__kestra/core/src/main/java/io/kestra/core/utils/KestraIgnore.java,io.kestra.core.utils.KestraIgnore,class,1,1,0,1,5,1,0,7,0,0.0,0.0,0.0,2,0,2,0,0,0,2,0,0,0,3,1,1,2,0,0,1,0,0,16,2,0,0,0,0,2,0,4,0,4,1,0,0,0,29,1,0
/Users/kaiohs/Downloads/codes/lab02-experimentacao-software/data/repos/kestra-io__kestra/core/src/main/java/io/kestra/core/models/executions/metrics/MetricAggregations.java,io.kestra.core.models.executions.metrics.MetricAggregations,class,4,4,0,4,0,1,0,0,0,NaN,-1.0,-1.0,0,0,0,0,0,0,0,0,0,0,2,0,2,0,0,0,0,0,0,4,0,0,0,0,0,0,0,0,0,2,0,0,0,0,5,1,0
/Users/kaiohs/Downloads/codes/lab02-experimentacao-software/data/repos/kestra-io__kestra/core/src/test/java/io/kestra/core/runners/FilesServiceTest.java,io.kestra.core.runners.FilesServiceTest,class,14,15,1,14,11,1,0,41,0,0.725,0.0,0.0,10,0,0,2,0,8,8,0,0,0,4,0,0,4,0,0,0,0,25,79,2,0,0,0,2,60,3,28,2,32,0,0,0,0,66,0,0
/Users/kaiohs/Downloads/codes/lab02-experimentacao-software/data/repos/kestra-io__kestra/core/src/test/java/io/kestra/plugin/core/flow/PauseTest.java,io.kestra.plugin.core.flow.PauseTest$Suite,innerclass,21,21,0,21,35,1,0,50,58,0.75,0.0,0.0,13,0,13,0,0,0,13,0,0,0,4,0,0,0,0,4,0,0,15,147,0,0,21,0,0,58,42,50,2,66,0,0,0,21,86,9,0
/Users/kaiohs/Downloads/codes/lab02-experimentacao-software/data/repos/kestra-io__kestra/jdbc-postgres/src/main/java/io/kestra/repository/postgres/PostgresNamespaceFileMetadataRepository.java,io.kestra.repository.postgres.PostgresNamespaceFileMetadataRepository,class,9,9,0,9,2,3,0,1,1,0.0,0.0,0.0,2,0,1,0,1,0,2,0,0,0,0,0,0,0,0,0,0,0,1,8,1,0,0,0,0,1,0,0,0,0,0,0,0,0,11,1,0
/Users/kaiohs/Downloads/codes/lab02-experimentacao-software/data/repos/kestra-io__kestra/webserver/src/main/java/io/kestra/webserver/controllers/RootController.java,io.kestra.webserver.controllers.RootController,class,4,4,0,4,1,1,0,1,0,0.0,NaN,NaN,1,0,1,0,0,0,1,0,0,0,0,0,0,0,0,0,0,0,0,5,1,0,0,0,0,2,0,0,0,0,0,0,0,0,6,1,0
/Users/kaiohs/Downloads/codes/lab02-experimentacao-software/data/repos/kestra-io__kestra/worker-controller/src/main/java/io/kestra/controller/grpc/services/GrpcFlowMetaStoreWorkerControllerService.java,io.kestra.controller.grpc.services.GrpcFlowMetaStoreWorkerControllerService,class,11,12,1,11,3,2,0,12,0,0.25,0.0,0.0,2,0,2,0,0,0,2,0,0,0,2,1,0,2,0,0,2,0,0,20,0,0,0,1,0,4,0,4,0,4,1,0,0,0,50,1,2
/Users/kaiohs/Downloads/codes/lab02-experimentacao-software/data/repos/kestra-io__kestra/scheduler/src/main/java/io/kestra/scheduler/stores/CachedFlowMetaStore.java,io.kestra.scheduler.stores.CachedFlowMetaStore,class,11,15,4,11,20,1,0,49,0,0.5277778,0.0,0.0,9,0,6,3,0,0,6,0,0,0,4,1,0,4,0,0,4,0,5,86,10,2,3,0,0,5,1,15,1,24,2,0,0,9,59,1,5
/Users/kaiohs/Downloads/codes/lab02-experimentacao-software/data/repos/kestra-io__kestra/worker/src/main/java/io/kestra/worker/queues/InMemoryWorkerQueue.java,io.kestra.worker.queues.InMemoryWorkerQueue,class,2,2,0,2,12,1,0,10,0,0.42857143,0.0,0.0,7,0,7,0,0,0,7,0,0,0,2,0,0,2,0,0,2,0,2,49,7,1,2,1,0,0,2,8,1,6,2,0,0,0,35,1,0
/Users/kaiohs/Downloads/codes/lab02-experimentacao-software/data/repos/kestra-io__kestra/core/src/main/java/io/kestra/core/utils/VersionProvider.java,io.kestra.core.utils.VersionProvider,class,8,12,4,8,7,1,0,19,8,0.75,NaN,NaN,5,0,1,4,0,0,1,0,0,0,4,0,0,4,0,0,0,0,4,34,6,0,0,1,0,10,0,7,0,12,2,0,0,5,29,1,0
/Users/kaiohs/Downloads/codes/lab02-experimentacao-software/data/repos/kestra-io__kestra/core/src/test/java/io/kestra/core/tasks/test/PollingTrigger.java,io.kestra.core.tasks.test.PollingTrigger,class,10,10,0,10,3,2,0,7,1,0.5,0.0,0.0,2,0,2,0,0,0,2,0,0,0,1,0,0,1,0,0,0,0,5,16,2,0,0,1,0,0,2,2,0,2,1,0,0,0,23,1,0
/Users/kaiohs/Downloads/codes/lab02-experimentacao-software/data/repos/kestra-io__kestra/core/src/main/java/io/kestra/core/models/flows/FlowId.java,io.kestra.core.models.flows.FlowId$Default,innerclass,4,4,0,4,1,1,0,4,0,0.0,NaN,NaN,1,0,1,0,0,0,1,0,0,0,4,0,0,4,0,0,4,0,1,9,1,0,0,0,0,0,0,0,0,4,0,0,0,0,11,0,0
/Users/kaiohs/Downloads/codes/lab02-experimentacao-software/data/repos/kestra-io__kestra/core/src/main/java/io/kestra/core/utils/GraphUtils.java,io.kestra.core.utils.GraphUtils,class,36,38,2,36,99,1,0,132,378,0.0,0.0,0.0,28,28,16,12,0,0,16,0,0,0,0,0,0,0,0,0,0,0,58,297,18,8,34,0,13,3,0,45,0,56,6,0,0,23,101,1,0
/Users/kaiohs/Downloads/codes/lab02-experimentacao-software/data/repos/kestra-io__kestra/executor/src/main/java/io/kestra/executor/MessageHandler.java,io.kestra.executor.MessageHandler,interface,1,3,2,1,1,1,0,0,0,0.0,NaN,NaN,1,0,0,0,0,1,1,0,0,0,0,0,0,0,0,0,0,0,0,3,0,0,0,0,0,0,0,0,0,0,0,0,0,0,16,1,0
/Users/kaiohs/Downloads/codes/lab02-experimentacao-software/data/repos/kestra-io__kestra/scheduler/src/main/java/io/kestra/scheduler/SchedulableTriggerFetcher.java,io.kestra.scheduler.SchedulableTriggerFetcher,interface,1,2,1,1,1,1,0,0,0,0.0,NaN,NaN,1,0,0,0,0,1,1,0,0,0,0,0,0,0,0,0,0,0,0,3,0,0,0,0,0,0,0,0,0,0,0,0,0,0,32,1,0
/Users/kaiohs/Downloads/codes/lab02-experimentacao-software/data/repos/kestra-io__kestra/worker/src/main/java/io/kestra/worker/stores/GrpcWorkerKVMetadataStateStore.java,io.kestra.worker.stores.GrpcWorkerKVMetadataStateStore$Anonymous1,anonymous,0,0,0,0,0,1,0,0,0,0.0,-1.0,-1.0,0,0,0,0,0,0,0,0,0,0,0,0,0,0,0,0,0,0,0,2,0,0,0,0,0,0,0,0,0,0,0,0,0,0,0,-1,0
/Users/kaiohs/Downloads/codes/lab02-experimentacao-software/data/repos/kestra-io__kestra/cli/src/main/java/io/kestra/cli/commands/servers/StandAloneCommand.java,io.kestra.cli.commands.servers.StandAloneCommand,class,16,18,2,16,10,4,1,25,3,0.6666667,0.0,0.0,3,1,3,0,0,0,3,0,0,0,16,0,0,12,0,4,0,0,7,68,3,0,4,2,0,36,2,14,0,20,2,0,0,1,107,1,0
/Users/kaiohs/Downloads/codes/lab02-experimentacao-software/data/repos/kestra-io__kestra/jdbc-h2/src/main/java/io/kestra/repository/h2/H2TriggerRepository.java,io.kestra.repository.h2.H2TriggerRepository,class,11,11,0,11,2,2,0,1,1,0.0,0.0,0.0,2,0,1,0,1,0,2,0,0,0,0,0,0,0,0,0,0,0,1,8,1,0,0,0,0,1,0,0,0,0,0,0,0,0,13,1,0
/Users/kaiohs/Downloads/codes/lab02-experimentacao-software/data/repos/kestra-io__kestra/core/src/test/java/io/kestra/core/runners/TaskWithAllowFailureTest.java,io.kestra.core.runners.TaskWithAllowFailureTest,class,10,11,1,10,6,1,0,24,13,0.77777773,0.0,0.0,6,0,0,2,0,4,4,0,0,0,3,0,0,3,0,0,0,0,4,34,2,0,0,0,0,18,8,5,1,11,0,0,0,2,49,1,0
/Users/kaiohs/Downloads/codes/lab02-experimentacao-software/data/repos/kestra-io__kestra/worker/src/main/java/io/kestra/worker/stores/GrpcWorkerNamespaceFileMetadataStateStore.java,io.kestra.worker.stores.GrpcWorkerNamespaceFileMetadataStateStore$Anonymous1,anonymous,0,0,0,0,0,1,0,0,0,0.0,-1.0,-1.0,0,0,0,0,0,0,0,0,0,0,0,0,0,0,0,0,0,0,0,2,0,0,0,0,0,0,0,0,0,0,0,0,0,0,0,-1,0
/Users/kaiohs/Downloads/codes/lab02-experimentacao-software/data/repos/kestra-io__kestra/worker/src/main/java/io/kestra/worker/stores/GrpcWorkerExecutionLogMetaStore.java,io.kestra.worker.stores.GrpcWorkerExecutionLogMetaStore,class,13,14,1,13,2,1,0,11,0,0.16666667,0.0,0.0,2,0,2,0,0,0,2,0,0,0,3,1,0,3,0,0,3,0,0,16,1,0,0,0,0,2,0,5,0,5,0,1,0,0,55,1,0
/Users/kaiohs/Downloads/codes/lab02-experimentacao-software/data/repos/kestra-io__kestra/jdbc-h2/src/test/java/io/kestra/repository/h2/H2LogRepositoryTest.java,io.kestra.repository.h2.H2LogRepositoryTest,class,1,1,0,1,0,2,0,0,0,0.0,-1.0,-1.0,0,0,0,0,0,0,0,0,0,0,0,0,0,0,0,0,0,0,0,2,0,0,0,0,0,0,0,0,0,0,0,0,0,0,5,1,0
/Users/kaiohs/Downloads/codes/lab02-experimentacao-software/data/repos/kestra-io__kestra/core/src/test/java/io/kestra/core/plugins/PluginArtifactTest.java,io.kestra.core.plugins.PluginArtifactTest,class,2,2,0,2,7,1,0,11,21,0.0,0.0,0.0,7,0,0,0,0,7,7,0,0,0,0,0,0,0,0,0,0,0,0,62,0,0,0,0,0,32,0,14,0,14,0,0,0,2,45,0,0
/Users/kaiohs/Downloads/codes/lab02-experimentacao-software/data/repos/kestra-io__kestra/jdbc-mysql/src/main/java/io/kestra/repository/mysql/MysqlFlowRepository.java,io.kestra.repository.mysql.MysqlFlowRepository,class,12,12,0,12,4,2,0,3,6,0.0,0.0,0.0,4,0,1,0,3,0,4,0,0,0,0,0,0,0,0,0,0,0,3,14,3,0,0,0,0,1,0,0,0,0,0,0,0,0,18,1,0
/Users/kaiohs/Downloads/codes/lab02-experimentacao-software/data/repos/kestra-io__kestra/core/src/test/java/io/kestra/core/services/NamespaceServiceTest.java,io.kestra.core.services.NamespaceServiceTest,class,6,6,0,6,7,1,0,18,0,0.42857143,0.0,0.0,7,0,0,0,0,7,7,0,0,0,2,0,0,2,0,0,0,0,0,27,0,0,0,0,0,19,0,1,0,3,0,0,0,2,26,0,0
/Users/kaiohs/Downloads/codes/lab02-experimentacao-software/data/repos/kestra-io__kestra/core/src/main/java/io/kestra/core/server/ServerInstanceFactory.java,io.kestra.core.server.ServerInstanceFactory,class,10,13,3,10,7,1,0,14,3,0.5,0.0,0.0,6,0,2,4,0,0,2,0,0,0,2,0,0,2,0,0,2,0,6,23,5,0,1,0,0,5,2,2,0,4,0,0,0,2,25,1,0
/Users/kaiohs/Downloads/codes/lab02-experimentacao-software/data/repos/kestra-io__kestra/core/src/main/java/io/kestra/core/trace/Tracer.java,io.kestra.core.trace.Tracer,interface,9,13,4,9,9,1,0,2,28,0.0,0.0,0.0,8,2,0,1,0,7,7,0,0,0,0,0,0,0,0,0,0,0,1,28,3,0,0,1,0,1,0,0,0,0,2,0,2,1,48,1,0
/Users/kaiohs/Downloads/codes/lab02-experimentacao-software/data/repos/kestra-io__kestra/core/src/main/java/io/kestra/core/server/Service.java,io.kestra.core.server.Service$ServiceState,enum,3,3,0,3,9,1,0,11,26,0.75,0.0,0.0,8,3,7,0,0,1,8,0,0,0,1,0,0,1,0,0,1,0,7,31,8,0,0,1,0,1,22,1,0,1,1,0,0,0,77,0,0
/Users/kaiohs/Downloads/codes/lab02-experimentacao-software/data/repos/kestra-io__kestra/executor/src/test/java/io/kestra/executor/handler/TerminatedLoopExecutionMessageHandlerTest.java,io.kestra.executor.handler.TerminatedLoopExecutionMessageHandlerTest,class,16,17,1,16,6,1,0,46,3,0.5,0.0,0.0,6,0,0,2,0,4,4,0,0,0,4,0,0,4,0,0,0,0,12,59,2,0,0,0,0,19,10,28,0,32,0,0,0,0,53,0,0
/Users/kaiohs/Downloads/codes/lab02-experimentacao-software/data/repos/kestra-io__kestra/core/src/main/java/io/kestra/core/runners/RunContextLogger.java,io.kestra.core.runners.RunContextLogger,class,20,33,13,20,36,8,0,73,43,0.8311689,0.0,0.0,14,3,10,4,0,0,10,0,0,0,11,2,1,10,0,0,5,0,9,266,9,1,13,1,1,10,4,29,4,23,3,0,4,0,99,1,0
/Users/kaiohs/Downloads/codes/lab02-experimentacao-software/data/repos/kestra-io__kestra/core/src/main/java/io/kestra/plugin/core/dashboard/data/LogsKPI.java,io.kestra.plugin.core.dashboard.data.LogsKPI,class,14,14,0,14,2,1,0,1,1,0.0,0.0,0.0,2,0,2,0,0,0,2,0,0,0,0,0,0,0,0,0,0,0,1,8,2,0,0,0,0,3,0,0,0,0,0,0,0,0,35,1,0
/Users/kaiohs/Downloads/codes/lab02-experimentacao-software/data/repos/kestra-io__kestra/worker/src/main/java/io/kestra/worker/senders/WorkerIOSenderFactory.java,io.kestra.worker.senders.WorkerIOSenderFactory,class,10,10,0,10,4,1,0,5,6,0.0,0.0,0.0,4,0,4,0,0,0,4,0,0,0,0,0,0,0,0,0,0,0,0,18,5,0,0,0,0,5,0,0,0,1,1,0,0,1,71,1,0
/Users/kaiohs/Downloads/codes/lab02-experimentacao-software/data/repos/kestra-io__kestra/core/src/test/java/io/kestra/core/serializers/ObjectMapperFactoryTest.java,io.kestra.core.serializers.ObjectMapperFactoryTest,class,5,5,0,5,2,1,0,21,0,0.0,0.0,0.0,2,0,0,0,0,2,2,0,0,0,1,0,0,0,0,1,0,0,3,83,0,0,0,0,0,28,4,3,0,4,0,0,1,0,18,0,0
/Users/kaiohs/Downloads/codes/lab02-experimentacao-software/data/repos/kestra-io__kestra/jdbc-h2/src/test/java/io/kestra/repository/h2/H2KvMetadataRepositoryTest.java,io.kestra.repository.h2.H2KvMetadataRepositoryTest,class,1,1,0,1,0,2,0,0,0,0.0,-1.0,-1.0,0,0,0,0,0,0,0,0,0,0,0,0,0,0,0,0,0,0,0,2,0,0,0,0,0,0,0,0,0,0,0,0,0,0,6,1,0
/Users/kaiohs/Downloads/codes/lab02-experimentacao-software/data/repos/kestra-io__kestra/core/src/main/java/io/kestra/core/runners/LocalPath.java,io.kestra.core.runners.LocalPath,interface,0,4,4,0,3,1,0,0,3,1.0,0.0,0.0,3,0,0,0,0,3,3,0,0,0,6,0,0,0,0,6,0,0,0,11,0,0,0,0,0,6,0,6,4,6,0,0,0,0,67,1,0
/Users/kaiohs/Downloads/codes/lab02-experimentacao-software/data/repos/kestra-io__kestra/scheduler/src/main/java/io/kestra/scheduler/TriggerSchedulingLoop.java,io.kestra.scheduler.TriggerSchedulingLoop,class,9,15,6,9,42,2,0,70,72,0.84821427,0.0,0.0,16,0,13,3,0,0,13,0,0,0,21,2,0,21,0,0,20,0,12,250,9,3,2,10,2,11,8,36,5,36,5,0,1,4,173,1,9
/Users/kaiohs/Downloads/codes/lab02-experimentacao-software/data/repos/kestra-io__kestra/jdbc-mysql/src/test/java/io/kestra/runner/mysql/MysqlRunnerTest.java,io.kestra.runner.mysql.MysqlRunnerTest,class,1,1,0,1,0,2,0,0,0,0.0,-1.0,-1.0,0,0,0,0,0,0,0,0,0,0,0,0,0,0,0,0,0,0,0,2,0,0,0,0,0,0,0,0,0,0,0,0,0,0,4,1,0
/Users/kaiohs/Downloads/codes/lab02-experimentacao-software/data/repos/kestra-io__kestra/core/src/main/java/io/kestra/plugin/core/dashboard/chart/KPI.java,io.kestra.plugin.core.dashboard.chart.KPI,class,12,12,0,12,2,2,0,0,1,0.0,0.0,0.0,2,0,2,0,0,0,2,0,0,0,0,0,0,0,0,0,0,0,0,8,2,0,0,0,0,3,2,0,0,0,0,0,0,0,29,1,0
/Users/kaiohs/Downloads/codes/lab02-experimentacao-software/data/repos/kestra-io__kestra/core/src/main/java/io/kestra/core/runners/pebble/filters/TimestampNanoFilter.java,io.kestra.core.runners.pebble.filters.TimestampNanoFilter,class,4,5,1,4,3,2,0,8,1,0.0,0.0,0.0,2,0,2,0,0,0,2,0,0,0,0,0,0,0,0,0,0,0,4,15,3,0,1,0,0,4,0,4,1,4,1,0,0,0,29,1,0
/Users/kaiohs/Downloads/codes/lab02-experimentacao-software/data/repos/kestra-io__kestra/jdbc-h2/src/main/java/io/kestra/repository/h2/H2TaskOutputRepository.java,io.kestra.repository.h2.H2TaskOutputRepository,class,6,6,0,6,1,2,0,0,0,0.0,NaN,NaN,1,0,1,0,0,0,1,0,0,0,0,0,0,0,0,0,0,0,0,5,0,0,0,0,0,1,0,0,0,0,0,0,0,0,7,1,0
/Users/kaiohs/Downloads/codes/lab02-experimentacao-software/data/repos/kestra-io__kestra/core/src/test/java/io/kestra/plugin/core/namespace/DeleteFilesTest.java,io.kestra.plugin.core.namespace.DeleteFilesTest,class,7,7,0,7,4,1,0,26,0,0.0,0.0,0.0,4,0,0,0,0,4,4,0,0,0,1,0,0,0,0,1,0,0,14,48,0,0,0,0,0,39,8,16,4,17,0,0,0,0,37,0,0
/Users/kaiohs/Downloads/codes/lab02-experimentacao-software/data/repos/kestra-io__kestra/core/src/main/java/io/kestra/core/utils/UriProvider.java,io.kestra.core.utils.UriProvider,class,7,10,3,7,12,1,0,9,15,0.8333333,0.0,0.0,6,0,5,0,1,0,6,0,0,0,1,0,0,0,0,1,0,0,1,24,7,0,5,0,4,25,0,0,9,1,1,0,0,0,24,1,0
/Users/kaiohs/Downloads/codes/lab02-experimentacao-software/data/repos/kestra-io__kestra/core/src/test/java/io/kestra/core/docs/JsonSchemaGeneratorTest.java,io.kestra.core.docs.JsonSchemaGeneratorTest$BetaTask,innerclass,8,8,0,8,0,2,0,0,0,NaN,-1.0,-1.0,0,0,0,0,0,0,0,0,0,0,1,0,0,1,0,0,0,0,0,3,0,0,0,0,0,0,0,0,0,1,0,0,0,0,4,9,0
/Users/kaiohs/Downloads/codes/lab02-experimentacao-software/data/repos/kestra-io__kestra/core/src/main/java/io/kestra/core/services/MaintenanceService.java,io.kestra.core.services.MaintenanceService$MaintenanceListener,interface,0,0,0,0,2,1,0,0,1,0.0,0.0,0.0,2,0,0,0,0,2,2,0,0,0,0,0,0,0,0,0,0,0,0,4,0,0,0,0,0,0,0,0,0,0,0,0,0,0,16,0,0
/Users/kaiohs/Downloads/codes/lab02-experimentacao-software/data/repos/kestra-io__kestra/jdbc/src/main/java/io/kestra/jdbc/repository/AbstractJdbcRepository.java,io.kestra.jdbc.repository.AbstractJdbcRepository,class,36,47,11,36,113,1,9,122,1164,0.97959185,0.0,0.0,49,3,3,8,38,0,41,0,0,0,6,5,4,1,1,0,5,0,27,293,72,1,34,0,4,22,3,38,4,45,2,0,0,7,218,1025,0
/Users/kaiohs/Downloads/codes/lab02-experimentacao-software/data/repos/kestra-io__kestra/core/src/main/java/io/kestra/core/runners/WorkerTask.java,io.kestra.core.runners.WorkerTask,class,12,18,6,12,2,2,0,4,1,0.8333333,0.0,0.0,2,0,2,0,0,0,2,0,0,0,6,1,1,5,0,0,2,0,1,15,2,0,0,0,0,1,0,3,0,7,0,0,0,0,44,1,0
/Users/kaiohs/Downloads/codes/lab02-experimentacao-software/data/repos/kestra-io__kestra/core/src/main/java/io/kestra/core/runners/pebble/functions/FromIonFunction.java,io.kestra.core.runners.pebble.functions.FromIonFunction,class,6,7,1,6,10,1,0,12,3,0.6666667,0.0,0.0,3,0,3,0,0,0,3,0,0,0,1,1,1,0,0,0,1,0,2,40,5,0,1,1,1,15,1,7,2,6,2,0,0,0,44,1,0
/Users/kaiohs/Downloads/codes/lab02-experimentacao-software/data/repos/kestra-io__kestra/cli/src/test/java/io/kestra/cli/commands/sys/database/DatabaseCommandTest.java,io.kestra.cli.commands.sys.database.DatabaseCommandTest,class,2,2,0,2,1,1,0,9,0,0.0,NaN,NaN,1,0,0,0,0,1,1,0,0,0,0,0,0,0,0,0,0,0,1,12,0,0,0,1,0,1,0,4,0,4,1,0,0,0,24,0,0
/Users/kaiohs/Downloads/codes/lab02-experimentacao-software/data/repos/kestra-io__kestra/core/src/main/java/io/kestra/core/runners/pebble/TypedObjectWriter.java,io.kestra.core.runners.pebble.TypedObjectWriter,class,5,6,1,5,26,3,0,10,99,0.8,0.0,0.0,15,1,14,1,0,0,14,0,0,0,1,0,0,1,0,0,0,0,5,70,7,0,8,0,0,4,0,4,4,2,1,0,0,0,33,1,0
/Users/kaiohs/Downloads/codes/lab02-experimentacao-software/data/repos/kestra-io__kestra/core/src/test/java/io/kestra/core/plugins/AdditionalPluginTest.java,io.kestra.core.plugins.AdditionalPluginTest$AdditionalPluginTest2,innerclass,6,6,0,6,1,3,0,0,0,0.0,NaN,NaN,1,0,1,0,0,0,1,0,0,0,0,0,0,0,0,0,0,0,0,5,1,0,0,0,0,1,0,0,0,0,0,0,0,0,8,9,0
/Users/kaiohs/Downloads/codes/lab02-experimentacao-software/data/repos/kestra-io__kestra/core/src/test/java/io/kestra/core/plugins/AdditionalPluginTest.java,io.kestra.core.plugins.AdditionalPluginTest$AdditionalPluginTest1,innerclass,9,9,0,9,1,3,0,0,0,0.0,NaN,NaN,1,0,1,0,0,0,1,0,0,0,1,0,0,1,0,0,0,0,0,6,1,0,0,0,0,1,0,0,1,1,0,0,0,0,9,9,0
/Users/kaiohs/Downloads/codes/lab02-experimentacao-software/data/repos/kestra-io__kestra/core/src/test/java/io/kestra/core/models/flows/input/FileInputTest.java,io.kestra.core.models.flows.input.FileInputTest,class,3,3,0,3,5,1,0,15,10,0.0,0.0,0.0,5,0,0,0,0,5,5,0,0,0,0,0,0,0,0,0,0,0,7,36,0,0,0,0,0,33,0,11,0,10,0,0,0,13,30,0,0
/Users/kaiohs/Downloads/codes/lab02-experimentacao-software/data/repos/kestra-io__kestra/core/src/main/java/io/kestra/core/runners/ExecutionQueued.java,io.kestra.core.runners.ExecutionQueued,class,8,10,2,8,2,1,0,7,1,0.6,0.0,0.0,2,1,2,0,0,0,2,0,0,0,5,0,0,0,0,5,0,0,1,13,2,0,0,0,0,0,0,0,0,5,0,0,0,0,16,1,0
/Users/kaiohs/Downloads/codes/lab02-experimentacao-software/data/repos/kestra-io__kestra/core/src/main/java/io/kestra/core/storages/StorageContext.java,io.kestra.core.storages.StorageContext,class,12,20,8,12,30,4,6,33,172,0.92261904,0.0,0.0,21,10,19,2,0,0,19,0,0,0,16,12,3,4,0,9,16,0,29,191,19,0,3,2,0,33,2,33,5,25,1,0,3,1,119,1,0
/Users/kaiohs/Downloads/codes/lab02-experimentacao-software/data/repos/kestra-io__kestra/core/src/test/java/io/kestra/plugin/core/condition/ExpressionTest.java,io.kestra.plugin.core.condition.ExpressionTest,class,7,7,0,7,2,1,0,11,0,0.0,0.0,0.0,2,0,0,0,0,2,2,0,0,0,1,0,0,0,0,1,0,0,0,17,0,0,0,0,0,6,0,8,0,9,0,0,0,0,18,0,0
/Users/kaiohs/Downloads/codes/lab02-experimentacao-software/data/repos/kestra-io__kestra/cli/src/test/java/io/kestra/cli/KestraTest.java,io.kestra.cli.KestraTest,class,5,5,0,5,3,1,0,15,3,0.0,0.0,0.0,3,0,0,0,0,3,3,0,0,0,0,0,0,0,0,0,0,0,8,30,0,0,0,1,0,20,2,6,1,6,1,0,0,0,34,0,0
/Users/kaiohs/Downloads/codes/lab02-experimentacao-software/data/repos/kestra-io__kestra/core/src/test/java/io/kestra/plugin/core/flow/CurrentEachOutputFunctionTest.java,io.kestra.plugin.core.flow.CurrentEachOutputFunctionTest,class,6,6,0,6,1,1,0,5,0,0.0,NaN,NaN,1,0,0,0,0,1,1,0,0,0,1,0,0,1,0,0,0,0,0,23,0,0,0,0,10,41,0,8,0,9,0,0,0,0,34,1,0
/Users/kaiohs/Downloads/codes/lab02-experimentacao-software/data/repos/kestra-io__kestra/core/src/test/java/io/kestra/core/storages/InternalNamespaceTest.java,io.kestra.core.storages.InternalNamespaceTest,class,10,10,0,10,11,1,0,45,0,0.0,0.0,0.0,11,0,0,0,0,11,11,0,0,0,2,0,0,2,0,0,0,0,54,140,0,0,0,9,0,102,6,47,0,55,1,0,0,8,80,0,0
/Users/kaiohs/Downloads/codes/lab02-experimentacao-software/data/repos/kestra-io__kestra/core/src/test/java/io/kestra/core/utils/EditionProviderTest.java,io.kestra.core.utils.EditionProviderTest,class,8,9,1,8,3,1,0,10,1,0.5,0.0,0.0,3,0,0,0,1,2,3,0,0,0,2,0,0,2,0,0,0,0,0,16,1,0,0,0,0,0,0,1,0,3,0,0,0,0,17,1,0
/Users/kaiohs/Downloads/codes/lab02-experimentacao-software/data/repos/kestra-io__kestra/core/src/main/java/io/kestra/core/models/dashboards/AggregationType.java,io.kestra.core.models.dashboards.AggregationType,enum,0,1,1,0,0,1,0,0,0,0.0,-1.0,-1.0,0,0,0,0,0,0,0,0,0,0,0,0,0,0,0,0,0,0,0,1,0,0,0,0,0,0,0,0,0,0,0,0,0,0,8,1,0
/Users/kaiohs/Downloads/codes/lab02-experimentacao-software/data/repos/kestra-io__kestra/core/src/main/java/io/kestra/core/runners/RunContext.java,io.kestra.core.runners.RunContext,class,22,123,101,22,44,1,1,0,946,0.0,0.0,0.0,44,0,44,0,0,0,44,42,0,0,0,0,0,0,0,0,0,0,0,48,0,0,0,0,0,0,0,0,0,0,0,0,0,0,218,1025,0
/Users/kaiohs/Downloads/codes/lab02-experimentacao-software/data/repos/kestra-io__kestra/core/src/test/java/io/kestra/core/runners/RunVariablesTest.java,io.kestra.core.runners.RunVariablesTest$Anonymous3,anonymous,0,0,0,0,2,1,0,0,1,0.0,0.0,0.0,2,0,2,0,0,0,2,0,0,0,0,0,0,0,0,0,0,0,0,8,2,0,0,0,0,2,0,0,0,0,0,0,0,0,3,-1,0
/Users/kaiohs/Downloads/codes/lab02-experimentacao-software/data/repos/kestra-io__kestra/core/src/test/java/io/kestra/core/runners/RunVariablesTest.java,io.kestra.core.runners.RunVariablesTest$Anonymous4,anonymous,0,0,0,0,2,1,0,0,1,0.0,0.0,0.0,2,0,2,0,0,0,2,0,0,0,0,0,0,0,0,0,0,0,0,8,2,0,0,0,0,2,0,0,0,0,0,0,0,0,3,-1,0
/Users/kaiohs/Downloads/codes/lab02-experimentacao-software/data/repos/kestra-io__kestra/core/src/test/java/io/kestra/core/runners/RunVariablesTest.java,io.kestra.core.runners.RunVariablesTest$Anonymous1,anonymous,4,4,0,4,1,1,0,0,0,0.0,NaN,NaN,1,0,1,0,0,0,1,0,0,0,0,0,0,0,0,0,0,0,0,10,1,0,0,0,0,0,0,0,0,0,0,1,0,0,7,-1,0
/Users/kaiohs/Downloads/codes/lab02-experimentacao-software/data/repos/kestra-io__kestra/core/src/main/java/io/kestra/core/models/flows/Concurrency.java,io.kestra.core.models.flows.Concurrency,class,8,11,3,8,1,1,0,1,0,1.0,NaN,NaN,1,1,1,0,0,0,1,0,0,0,2,0,0,2,0,0,0,0,0,8,1,0,0,0,0,0,1,1,0,2,0,0,1,0,13,1,0
/Users/kaiohs/Downloads/codes/lab02-experimentacao-software/data/repos/kestra-io__kestra/core/src/main/java/io/kestra/plugin/core/dashboard/data/ITriggers.java,io.kestra.plugin.core.dashboard.data.ITriggers,interface,4,5,1,4,5,1,0,14,0,0.0,NaN,NaN,1,0,0,0,0,1,1,0,0,0,0,0,0,0,0,0,0,0,0,26,2,0,2,0,0,0,0,3,0,9,2,0,1,6,27,1,0
/Users/kaiohs/Downloads/codes/lab02-experimentacao-software/data/repos/kestra-io__kestra/core/src/test/java/io/kestra/core/tasks/test/NullOutputTask.java,io.kestra.core.tasks.test.NullOutputTask,class,11,11,0,11,1,2,0,2,0,0.0,NaN,NaN,1,0,1,0,0,0,1,0,0,0,0,0,0,0,0,0,0,0,0,8,1,0,0,0,0,0,0,0,0,0,0,0,1,0,7,1,0
/Users/kaiohs/Downloads/codes/lab02-experimentacao-software/data/repos/kestra-io__kestra/core/src/main/java/io/kestra/core/repositories/ServiceInstanceRepositoryInterface.java,io.kestra.core.repositories.ServiceInstanceRepositoryInterface,interface,10,15,5,10,20,1,0,18,91,0.0,0.0,0.0,14,2,0,1,0,13,13,0,0,0,0,0,0,0,0,0,0,0,1,35,4,0,2,0,0,2,0,2,0,2,1,0,0,0,152,1,0
/Users/kaiohs/Downloads/codes/lab02-experimentacao-software/data/repos/kestra-io__kestra/core/src/main/java/io/kestra/core/utils/QueueCache.java,io.kestra.core.utils.QueueCache,class,8,9,1,8,12,1,0,24,0,0.59999996,0.0,0.0,10,0,9,1,0,0,9,0,0,0,3,0,0,3,0,0,2,0,3,51,3,0,0,0,0,1,2,4,1,6,3,0,0,2,58,1,1
/Users/kaiohs/Downloads/codes/lab02-experimentacao-software/data/repos/kestra-io__kestra/core/src/test/java/io/kestra/scheduler/utils/InMemorySchedulerEventQueue.java,io.kestra.scheduler.utils.InMemorySchedulerEventQueue,class,3,5,2,3,6,1,0,6,0,0.4,0.0,0.0,5,0,5,0,0,0,5,0,0,0,2,0,0,2,0,0,2,0,1,23,3,1,0,0,0,0,0,2,0,2,1,0,0,1,23,1,0
/Users/kaiohs/Downloads/codes/lab02-experimentacao-software/data/repos/kestra-io__kestra/core/src/main/java/io/kestra/core/validations/validator/DataChartValidator.java,io.kestra.core.validations.validator.DataChartValidator,class,10,10,0,10,20,1,0,44,0,0.0,NaN,NaN,1,0,1,0,0,0,1,0,0,0,1,0,0,1,0,0,0,0,2,68,3,0,10,0,0,21,0,9,8,17,3,0,0,6,63,1,0
/Users/kaiohs/Downloads/codes/lab02-experimentacao-software/data/repos/kestra-io__kestra/cli/src/test/java/io/kestra/cli/commands/servers/TenantIdSelectorServiceTest.java,io.kestra.cli.commands.servers.TenantIdSelectorServiceTest,class,3,3,0,3,1,1,0,7,0,0.0,NaN,NaN,1,0,0,0,0,1,1,0,0,0,0,0,0,0,0,0,0,0,0,7,0,0,0,1,0,1,0,1,0,1,1,0,0,1,20,1,0
/Users/kaiohs/Downloads/codes/lab02-experimentacao-software/data/repos/kestra-io__kestra/core/src/main/java/io/kestra/core/serializers/ion/IonModule.java,io.kestra.core.serializers.ion.IonModule,class,7,8,1,7,4,5,0,6,4,0.75,0.0,0.0,4,0,4,0,0,0,4,0,0,0,2,2,0,2,0,0,2,0,0,52,2,0,0,0,0,5,1,2,0,7,0,0,3,5,29,1,0
/Users/kaiohs/Downloads/codes/lab02-experimentacao-software/data/repos/kestra-io__kestra/jdbc/src/test/java/io/kestra/jdbc/repository/AbstractJdbcFlowRepositoryTest.java,io.kestra.jdbc.repository.AbstractJdbcFlowRepositoryTest,class,9,9,0,9,1,2,0,20,0,0.0,NaN,NaN,1,0,1,0,0,0,1,0,0,0,2,0,0,0,2,0,0,0,0,20,0,0,0,1,1,22,1,2,0,6,1,0,0,2,32,1025,0
/Users/kaiohs/Downloads/codes/lab02-experimentacao-software/data/repos/kestra-io__kestra/core/src/main/java/io/kestra/core/validations/validator/NoSystemLabelValidator.java,io.kestra.core.validations.validator.NoSystemLabelValidator,class,7,7,0,7,3,1,0,6,0,0.0,NaN,NaN,1,0,1,0,0,0,1,0,0,0,0,0,0,0,0,0,0,0,0,13,3,0,1,0,0,3,0,0,1,0,1,0,0,0,21,1,0
/Users/kaiohs/Downloads/codes/lab02-experimentacao-software/data/repos/kestra-io__kestra/jdbc-h2/src/test/java/io/kestra/runner/h2/H2RunnerRetryTest.java,io.kestra.runner.h2.H2RunnerRetryTest,class,1,1,0,1,0,2,0,0,0,0.0,-1.0,-1.0,0,0,0,0,0,0,0,0,0,0,0,0,0,0,0,0,0,0,0,2,0,0,0,0,0,0,0,0,0,0,0,0,0,0,5,1,0
/Users/kaiohs/Downloads/codes/lab02-experimentacao-software/data/repos/kestra-io__kestra/webserver/src/test/java/io/kestra/webserver/controllers/api/ErrorControllerTest.java,io.kestra.webserver.controllers.api.ErrorControllerTest$InMemoryAppender,innerclass,2,2,0,2,3,2,0,2,0,0.0,0.0,0.0,3,0,2,0,1,0,3,0,0,0,1,0,0,1,0,0,1,0,0,12,1,0,0,0,0,0,0,1,0,1,0,0,0,0,12,10,0
/Users/kaiohs/Downloads/codes/lab02-experimentacao-software/data/repos/kestra-io__kestra/webserver/src/main/java/io/kestra/webserver/controllers/api/TriggerController.java,io.kestra.webserver.controllers.api.TriggerController,class,47,47,0,47,32,1,0,69,0,0.65714294,0.0,0.0,28,0,27,1,0,0,27,0,0,0,5,0,0,5,0,0,0,0,5,135,26,0,3,0,0,133,4,23,0,37,2,0,0,9,118,1,2
/Users/kaiohs/Downloads/codes/lab02-experimentacao-software/data/repos/kestra-io__kestra/queue-jdbc/src/main/java/io/kestra/queue/jdbc/JdbcDispatchQueue.java,io.kestra.queue.jdbc.JdbcDispatchQueue,class,15,16,1,15,4,3,0,8,0,0.33333334,0.0,0.0,4,0,1,0,3,0,4,0,0,0,3,0,0,3,0,0,3,0,0,21,1,0,0,0,0,0,0,4,0,5,0,0,0,1,25,1,0
/Users/kaiohs/Downloads/codes/lab02-experimentacao-software/data/repos/kestra-io__kestra/core/src/main/java/io/kestra/core/runners/pebble/functions/ReadFileFunction.java,io.kestra.core.runners.pebble.functions.ReadFileFunction,class,4,6,2,4,6,2,0,15,4,0.73333335,0.0,0.0,5,0,2,1,2,0,4,0,0,0,3,3,2,1,0,0,3,0,5,27,5,0,0,0,0,5,0,5,0,5,1,0,0,0,47,1,0
/Users/kaiohs/Downloads/codes/lab02-experimentacao-software/data/repos/kestra-io__kestra/core/src/main/java/io/kestra/core/runners/LocalWorkingDir.java,io.kestra.core.runners.LocalWorkingDir$MatcherFileVisitor,innerclass,0,0,0,0,5,2,0,3,0,0.33333334,0.0,0.0,3,0,3,0,0,0,3,0,0,0,2,0,0,2,0,0,2,0,0,19,3,0,0,0,0,0,0,2,0,2,1,0,0,0,16,10,0
/Users/kaiohs/Downloads/codes/lab02-experimentacao-software/data/repos/kestra-io__kestra/core/src/main/java/io/kestra/core/models/tasks/common/FetchOutput.java,io.kestra.core.models.tasks.common.FetchOutput,class,4,4,0,4,0,1,0,0,0,NaN,-1.0,-1.0,0,0,0,0,0,0,0,0,0,0,4,0,0,4,0,0,0,0,0,6,0,0,0,0,0,7,0,0,0,4,0,0,0,0,44,1,0
/Users/kaiohs/Downloads/codes/lab02-experimentacao-software/data/repos/kestra-io__kestra/core/src/test/java/io/kestra/plugin/core/flow/SubflowRunnerTest.java,io.kestra.plugin.core.flow.SubflowRunnerTest,class,16,16,0,16,12,1,0,45,0,0.375,0.0,0.0,4,0,0,0,0,4,4,0,0,0,6,0,0,4,2,0,0,0,2,77,0,0,4,0,0,41,13,20,0,33,2,0,0,6,54,0,0
/Users/kaiohs/Downloads/codes/lab02-experimentacao-software/data/repos/kestra-io__kestra/core/src/main/java/io/kestra/core/reporter/ServerEventSender.java,io.kestra.core.reporter.ServerEventSender,class,20,22,2,20,13,1,0,43,5,0.7142858,0.0,0.0,6,0,3,0,3,0,6,0,0,0,7,2,0,7,0,0,3,0,7,54,3,0,0,2,0,13,0,11,4,15,2,0,0,0,101,1,5
/Users/kaiohs/Downloads/codes/lab02-experimentacao-software/data/repos/kestra-io__kestra/core/src/main/java/io/kestra/core/validations/validator/ArrayInputValidator.java,io.kestra.core.validations.validator.ArrayInputValidator,class,8,8,0,8,6,1,0,4,0,0.0,NaN,NaN,1,0,1,0,0,0,1,0,0,0,0,0,0,0,0,0,0,0,0,13,3,0,5,0,0,1,0,0,1,0,1,0,0,0,14,1,0
/Users/kaiohs/Downloads/codes/lab02-experimentacao-software/data/repos/kestra-io__kestra/core/src/test/java/io/kestra/core/repositories/AbstractFlowTopologyRepositoryTest.java,io.kestra.core.repositories.AbstractFlowTopologyRepositoryTest,class,6,7,1,6,5,1,0,26,0,0.2,0.0,0.0,5,0,0,0,1,4,5,0,0,0,1,0,0,1,0,0,0,0,0,36,1,0,0,0,0,34,4,8,2,10,0,0,0,1,23,1025,0
/Users/kaiohs/Downloads/codes/lab02-experimentacao-software/data/repos/kestra-io__kestra/core/src/main/java/io/kestra/core/metrics/MetricConfig.java,io.kestra.core.metrics.MetricConfig,class,6,9,3,6,0,1,0,1,0,NaN,-1.0,-1.0,0,0,0,0,0,0,0,0,0,0,4,0,0,0,0,4,0,0,1,6,0,0,0,0,0,1,0,1,0,4,0,0,0,0,13,1,0
/Users/kaiohs/Downloads/codes/lab02-experimentacao-software/data/repos/kestra-io__kestra/core/src/test/java/io/kestra/core/runners/WorkerTaskTest.java,io.kestra.core.runners.WorkerTaskTest,class,4,4,0,4,1,1,0,5,0,0.0,NaN,NaN,1,0,0,0,0,1,1,0,0,0,1,1,0,0,1,0,1,0,0,8,0,0,0,0,0,0,0,2,0,2,0,0,0,0,19,0,0
/Users/kaiohs/Downloads/codes/lab02-experimentacao-software/data/repos/kestra-io__kestra/core/src/main/java/io/kestra/core/models/hierarchies/GraphCluster.java,io.kestra.core.models.hierarchies.GraphCluster,class,18,22,4,18,15,2,1,33,61,0.7448979,0.0,0.0,14,0,12,1,1,0,13,0,0,0,7,0,0,7,0,0,6,0,5,92,5,0,0,0,3,6,0,20,3,15,1,0,0,5,47,1,0
/Users/kaiohs/Downloads/codes/lab02-experimentacao-software/data/repos/kestra-io__kestra/core/src/main/java/io/kestra/core/test/flow/Assertion.java,io.kestra.core.test.flow.Assertion,class,16,18,2,16,59,1,0,59,0,0.7404844,0.0,0.0,17,0,3,14,0,0,3,0,0,0,17,0,0,17,0,0,0,0,2,163,19,0,14,3,4,17,0,28,0,51,3,0,1,8,103,1,0
/Users/kaiohs/Downloads/codes/lab02-experimentacao-software/data/repos/kestra-io__kestra/core/src/main/java/io/kestra/plugin/core/dashboard/data/Logs.java,io.kestra.plugin.core.dashboard.data.Logs,class,14,14,0,14,2,2,0,1,1,0.0,0.0,0.0,2,0,2,0,0,0,2,0,0,0,0,0,0,0,0,0,0,0,1,8,2,0,0,0,0,3,0,0,0,0,0,0,0,0,35,1,0
/Users/kaiohs/Downloads/codes/lab02-experimentacao-software/data/repos/kestra-io__kestra/core/src/main/java/io/kestra/core/models/Pauseable.java,io.kestra.core.models.Pauseable,interface,0,0,0,0,2,1,0,0,1,0.0,0.0,0.0,2,0,0,0,0,2,2,0,0,0,0,0,0,0,0,0,0,0,0,4,0,0,0,0,0,0,0,0,0,0,0,0,0,0,26,1,0
/Users/kaiohs/Downloads/codes/lab02-experimentacao-software/data/repos/kestra-io__kestra/jdbc-mysql/src/main/java/io/kestra/repository/mysql/MysqlKvMetadataRepositoryService.java,io.kestra.repository.mysql.MysqlKvMetadataRepositoryService,class,3,4,1,3,3,1,0,6,0,0.0,NaN,NaN,1,1,1,0,0,0,1,0,0,0,0,0,0,0,0,0,0,0,1,9,1,0,1,0,0,1,0,1,0,1,1,0,0,0,10,1025,0
/Users/kaiohs/Downloads/codes/lab02-experimentacao-software/data/repos/kestra-io__kestra/core/src/main/java/io/kestra/core/scheduler/queue/DefaultSchedulerEventQueue.java,io.kestra.core.scheduler.queue.DefaultSchedulerEventQueue,class,10,11,1,10,5,1,0,12,0,0.5,0.0,0.0,4,0,4,0,0,0,4,0,0,0,3,1,0,3,0,0,3,0,2,33,2,0,0,1,0,2,0,5,0,7,2,0,0,2,34,1,1
/Users/kaiohs/Downloads/codes/lab02-experimentacao-software/data/repos/kestra-io__kestra/worker-controller/src/test/java/io/kestra/controller/grpc/services/WorkerJobDispatcherTest.java,io.kestra.controller.grpc.services.WorkerJobDispatcherTest$CloseBehaviorTests,innerclass,7,7,0,7,2,1,0,6,1,0.0,0.0,0.0,2,0,0,0,0,2,2,0,0,0,0,0,0,0,0,0,0,0,0,16,0,0,0,0,0,4,3,3,0,4,0,0,0,1,21,0,0
/Users/kaiohs/Downloads/codes/lab02-experimentacao-software/data/repos/kestra-io__kestra/core/src/main/java/io/kestra/core/utils/Network.java,io.kestra.core.utils.Network,class,0,1,1,0,4,1,0,2,1,0.5,0.0,0.0,2,1,1,1,0,0,2,0,0,0,1,1,0,1,0,0,1,0,1,16,1,0,0,1,0,0,0,1,0,1,1,0,0,0,16,17,0
/Users/kaiohs/Downloads/codes/lab02-experimentacao-software/data/repos/kestra-io__kestra/repository-memory/src/main/java/io/kestra/runner/memory/DatasourceProvider.java,io.kestra.runner.memory.DatasourceProvider,class,10,10,0,10,2,3,0,9,1,0.0,0.0,0.0,2,0,2,0,0,0,2,0,0,0,0,0,0,0,0,0,0,0,0,38,2,0,0,0,0,15,0,2,0,2,0,0,3,0,11,1,0
/Users/kaiohs/Downloads/codes/lab02-experimentacao-software/data/repos/kestra-io__kestra/core/src/main/java/io/kestra/core/models/QueryFilter.java,io.kestra.core.models.Op,enum,5,6,1,5,4,1,0,2,1,0.0,0.0,0.0,2,0,1,1,0,0,2,0,0,0,0,0,0,0,0,0,0,0,1,8,1,0,0,0,0,5,0,0,0,0,0,0,0,0,17,1,0
/Users/kaiohs/Downloads/codes/lab02-experimentacao-software/data/repos/kestra-io__kestra/core/src/main/java/io/kestra/core/models/property/Property.java,io.kestra.core.models.property.Property,class,23,48,25,23,47,3,0,33,0,0.61111116,0.0,0.0,18,10,12,4,0,2,14,0,0,0,4,1,0,4,0,0,2,0,20,191,21,0,7,8,0,6,0,24,0,16,4,0,2,1,120,1,0
/Users/kaiohs/Downloads/codes/lab02-experimentacao-software/data/repos/kestra-io__kestra/cli/src/main/java/io/kestra/cli/services/FileChangedEventListener.java,io.kestra.cli.services.FileChangedEventListener,class,19,23,4,19,40,1,0,68,45,0.8636364,0.0,0.0,11,0,3,7,0,1,4,0,0,0,10,0,0,10,0,0,3,0,8,210,5,4,7,6,3,19,1,17,1,38,11,1,0,15,96,1,14
/Users/kaiohs/Downloads/codes/lab02-experimentacao-software/data/repos/kestra-io__kestra/core/src/main/java/io/kestra/core/models/triggers/TriggerId.java,io.kestra.core.models.triggers.TriggerId,interface,7,23,16,7,8,1,0,9,28,0.0,0.0,0.0,8,3,0,0,0,8,8,0,0,0,0,0,0,0,0,0,0,0,1,27,4,0,0,0,0,0,0,0,0,0,0,0,1,0,27,1,0
/Users/kaiohs/Downloads/codes/lab02-experimentacao-software/data/repos/kestra-io__kestra/core/src/test/java/io/kestra/core/repositories/AbstractNamespaceFileMetadataRepositoryTest.java,io.kestra.core.repositories.AbstractNamespaceFileMetadataRepositoryTest,class,12,14,2,12,8,1,1,53,1,0.2857143,0.0,0.0,7,2,0,2,0,5,5,0,0,0,1,0,0,0,1,0,0,0,70,113,2,0,1,0,0,11,55,46,0,42,1,0,0,2,57,1025,0
/Users/kaiohs/Downloads/codes/lab02-experimentacao-software/data/repos/kestra-io__kestra/core/src/test/java/io/kestra/core/models/dashboards/filters/PrefixTest.java,io.kestra.core.models.dashboards.filters.PrefixTest$TestField,enum,0,0,0,0,0,1,0,0,0,0.0,-1.0,-1.0,0,0,0,0,0,0,0,0,0,0,0,0,0,0,0,0,0,0,0,1,0,0,0,0,0,0,0,0,0,0,0,0,0,0,10,0,0
/Users/kaiohs/Downloads/codes/lab02-experimentacao-software/data/repos/kestra-io__kestra/core/src/test/java/io/kestra/core/services/LabelServiceTest.java,io.kestra.core.services.LabelServiceTest,class,10,10,0,10,5,1,0,27,4,0.4,0.0,0.0,5,0,0,0,0,5,5,0,0,0,1,0,0,1,0,0,0,0,19,40,0,0,0,0,0,62,3,13,3,14,0,0,0,1,44,0,0
/Users/kaiohs/Downloads/codes/lab02-experimentacao-software/data/repos/kestra-io__kestra/worker/src/test/java/io/kestra/worker/WorkerTest.java,io.kestra.worker.WorkerTest,class,26,27,1,26,11,1,0,61,4,0.6964286,0.0,0.0,8,0,0,2,0,6,6,0,0,0,7,0,0,7,0,0,0,0,22,85,2,0,3,4,0,10,24,24,0,33,2,0,0,8,71,0,0
/Users/kaiohs/Downloads/codes/lab02-experimentacao-software/data/repos/kestra-io__kestra/core/src/main/java/io/kestra/core/assets/AssetService.java,io.kestra.core.assets.AssetService$NoopAssetService,innerclass,7,7,0,7,4,1,0,0,6,0.0,0.0,0.0,4,0,4,0,0,0,4,0,0,0,0,0,0,0,0,0,0,0,0,11,1,0,0,0,0,0,0,0,0,0,0,0,0,0,15,0,0
/Users/kaiohs/Downloads/codes/lab02-experimentacao-software/data/repos/kestra-io__kestra/core/src/main/java/io/kestra/core/models/hierarchies/FlowGraph.java,io.kestra.core.models.hierarchies.FlowGraph$Cluster,innerclass,5,5,0,5,0,1,0,0,0,NaN,-1.0,-1.0,0,0,0,0,0,0,0,0,0,0,5,0,0,5,0,0,5,0,0,7,0,0,0,0,0,0,0,0,0,5,0,0,0,0,8,9,0
/Users/kaiohs/Downloads/codes/lab02-experimentacao-software/data/repos/kestra-io__kestra/core/src/main/java/io/kestra/core/exceptions/KestraException.java,io.kestra.core.exceptions.KestraException,class,0,1,1,0,4,3,1,0,6,1.0,0.0,0.0,4,0,4,0,0,0,4,0,0,0,1,1,0,1,0,0,1,0,0,14,0,0,0,0,0,0,1,1,0,1,0,0,0,0,15,1,0
/Users/kaiohs/Downloads/codes/lab02-experimentacao-software/data/repos/kestra-io__kestra/core/src/test/java/io/kestra/core/killswitch/KillSwitchServiceTest.java,io.kestra.core.killswitch.KillSwitchServiceTest,class,7,7,0,7,3,1,0,15,0,0.0,0.0,0.0,3,0,0,0,0,3,3,0,0,0,2,0,0,2,0,0,0,0,3,28,0,0,0,0,0,4,0,3,0,5,0,0,0,0,17,0,0
/Users/kaiohs/Downloads/codes/lab02-experimentacao-software/data/repos/kestra-io__kestra/core/src/test/java/io/kestra/core/server/ServiceLivenessManagerTest.java,io.kestra.core.server.ServiceLivenessManagerTest,class,24,25,1,24,7,1,0,33,1,0.54285717,0.0,0.0,7,2,2,0,0,5,7,0,0,0,5,1,1,3,0,1,1,0,23,72,2,0,0,0,0,1,2,18,0,21,0,1,0,0,67,1,0
/Users/kaiohs/Downloads/codes/lab02-experimentacao-software/data/repos/kestra-io__kestra/webserver/src/test/java/io/kestra/webserver/controllers/api/AiControllerTest.java,io.kestra.webserver.controllers.api.AiControllerTest,class,16,17,1,16,4,1,0,45,0,0.25,0.0,0.0,4,0,0,0,0,4,4,0,0,0,2,1,0,0,0,2,0,0,3,36,0,0,0,0,0,43,6,8,0,10,1,0,0,1,60,0,0
/Users/kaiohs/Downloads/codes/lab02-experimentacao-software/data/repos/kestra-io__kestra/core/src/main/java/io/kestra/core/scheduler/model/TriggerState.java,io.kestra.core.scheduler.model.TriggerState,class,16,23,7,16,31,1,0,56,117,0.8451086,0.0,0.0,23,3,20,3,0,0,20,0,0,0,16,0,0,16,0,0,16,0,14,103,25,0,6,0,0,0,0,4,0,20,2,0,1,1,98,17,0
/Users/kaiohs/Downloads/codes/lab02-experimentacao-software/data/repos/kestra-io__kestra/webserver/src/test/java/io/kestra/webserver/controllers/api/TestUtilsController.java,io.kestra.webserver.controllers.api.TestUtilsController,class,5,5,0,5,6,1,0,0,3,0.0,0.0,0.0,3,0,3,0,0,0,3,0,0,0,0,0,0,0,0,0,0,0,0,20,3,0,0,0,0,12,0,0,0,0,1,0,0,0,27,1,0
/Users/kaiohs/Downloads/codes/lab02-experimentacao-software/data/repos/kestra-io__kestra/script/src/main/java/io/kestra/plugin/scripts/runner/docker/Docker.java,io.kestra.plugin.scripts.runner.docker.Docker$Anonymous1,anonymous,8,8,0,8,7,1,0,27,1,0.33333334,0.0,0.0,3,0,2,1,0,0,2,0,0,0,1,0,0,1,0,0,1,0,0,37,0,1,2,1,0,1,3,8,0,11,2,0,0,4,30,-1,0
/Users/kaiohs/Downloads/codes/lab02-experimentacao-software/data/repos/kestra-io__kestra/worker-controller/src/main/java/io/kestra/controller/grpc/services/GrpcLivenessControllerService.java,io.kestra.controller.grpc.services.GrpcLivenessControllerService$Anonymous1,anonymous,0,0,0,0,2,1,0,1,1,0.0,0.0,0.0,2,0,2,0,0,0,2,0,0,0,0,0,0,0,0,0,0,0,0,8,0,0,0,0,0,0,0,0,0,0,0,0,0,0,7,-1,0
/Users/kaiohs/Downloads/codes/lab02-experimentacao-software/data/repos/kestra-io__kestra/core/src/main/java/io/kestra/plugin/core/flow/LoopUntil.java,io.kestra.plugin.core.flow.LoopUntil,class,29,31,2,29,32,2,0,67,31,0.8181819,0.0,0.0,11,0,10,1,0,0,10,0,0,0,7,1,0,5,2,0,1,0,12,93,19,0,7,0,0,14,3,13,1,21,2,0,2,4,128,1,2
/Users/kaiohs/Downloads/codes/lab02-experimentacao-software/data/repos/kestra-io__kestra/core/src/test/java/io/kestra/core/repositories/AbstractSettingRepositoryTest.java,io.kestra.core.repositories.AbstractSettingRepositoryTest,class,6,7,1,6,1,1,1,21,0,0.5,NaN,NaN,1,0,0,0,0,1,1,0,0,0,2,0,0,0,2,0,0,0,0,20,0,0,0,0,0,0,1,7,0,7,0,0,0,0,15,1025,0
/Users/kaiohs/Downloads/codes/lab02-experimentacao-software/data/repos/kestra-io__kestra/core/src/main/java/io/kestra/core/app/AppBlockInterface.java,io.kestra.core.app.AppBlockInterface,interface,7,8,1,7,1,1,0,0,0,0.0,NaN,NaN,1,0,0,0,0,1,1,0,0,0,0,0,0,0,0,0,0,0,0,3,0,0,0,0,0,2,0,0,0,0,0,0,0,0,28,1,0
/Users/kaiohs/Downloads/codes/lab02-experimentacao-software/data/repos/kestra-io__kestra/core/src/main/java/io/kestra/core/utils/DateUtils.java,io.kestra.core.utils.DateUtils,class,5,6,1,5,27,1,0,20,36,0.0,0.0,0.0,9,9,6,3,0,0,6,0,0,0,0,0,0,0,0,0,0,0,11,106,15,1,3,5,4,1,0,6,0,4,3,0,2,0,60,1,0
/Users/kaiohs/Downloads/codes/lab02-experimentacao-software/data/repos/kestra-io__kestra/core/src/main/java/io/kestra/core/services/FlowService.java,io.kestra.core.services.FlowService,class,49,55,6,49,122,1,0,198,733,0.92558146,0.0,0.0,43,7,32,10,0,1,33,0,0,0,10,0,0,10,0,0,1,0,33,407,57,2,22,5,6,47,15,54,19,103,4,0,0,45,298,1,2
/Users/kaiohs/Downloads/codes/lab02-experimentacao-software/data/repos/kestra-io__kestra/core/src/main/java/io/kestra/core/models/flows/State.java,io.kestra.core.models.flows.State$Type,enum,2,2,0,2,46,1,0,7,105,0.0,0.0,0.0,15,2,15,0,0,0,15,0,0,0,0,0,0,0,0,0,0,0,2,46,15,0,29,0,1,0,0,0,0,1,0,0,0,1,58,1,0
/Users/kaiohs/Downloads/codes/lab02-experimentacao-software/data/repos/kestra-io__kestra/core/src/main/java/io/kestra/plugin/core/kv/PurgeKV.java,io.kestra.plugin.core.kv.PurgeKV$Output,innerclass,4,4,0,4,0,1,0,0,0,NaN,-1.0,-1.0,0,0,0,0,0,0,0,0,0,0,1,0,0,1,0,0,0,0,0,3,0,0,0,0,0,1,0,0,0,1,0,0,0,0,9,9,0
/Users/kaiohs/Downloads/codes/lab02-experimentacao-software/data/repos/kestra-io__kestra/core/src/test/java/io/kestra/core/docs/JsonSchemaGeneratorTest.java,io.kestra.core.docs.JsonSchemaGeneratorTest$TaskWithOptionalField,innerclass,12,12,0,12,1,2,0,0,0,1.0,NaN,NaN,1,0,1,0,0,0,1,0,0,0,1,0,0,1,0,0,0,0,0,6,1,0,0,0,0,1,0,0,0,1,0,0,0,0,15,9,0
/Users/kaiohs/Downloads/codes/lab02-experimentacao-software/data/repos/kestra-io__kestra/core/src/main/java/io/kestra/core/runners/pebble/functions/DayOfMonthFunction.java,io.kestra.core.runners.pebble.functions.DayOfMonthFunction,class,4,5,1,4,5,1,0,8,3,1.0,0.0,0.0,3,0,3,0,0,0,3,0,0,0,1,1,1,0,0,0,1,0,1,25,3,0,1,1,0,6,0,4,1,4,1,0,0,0,52,1,0
/Users/kaiohs/Downloads/codes/lab02-experimentacao-software/data/repos/kestra-io__kestra/cli/src/main/java/io/kestra/cli/commands/plugins/PluginSearchCommand.java,io.kestra.cli.commands.plugins.PluginSearchCommand,class,12,15,3,12,20,3,0,33,43,0.875,0.0,0.0,10,0,1,8,1,0,2,0,0,0,4,2,0,4,0,0,2,0,9,81,9,4,0,1,0,33,6,16,2,17,2,0,0,1,68,1,0
/Users/kaiohs/Downloads/codes/lab02-experimentacao-software/data/repos/kestra-io__kestra/core/src/main/java/io/kestra/core/runners/pebble/PebbleUtils.java,io.kestra.core.runners.pebble.PebbleUtils,class,2,3,1,2,3,1,0,4,0,0.0,NaN,NaN,1,0,1,0,0,0,1,0,0,0,1,0,0,1,0,0,0,0,1,12,3,0,0,0,0,4,0,0,1,1,1,0,0,0,9,1,0
/Users/kaiohs/Downloads/codes/lab02-experimentacao-software/data/repos/kestra-io__kestra/core/src/main/java/io/kestra/plugin/core/namespace/DownloadFiles.java,io.kestra.plugin.core.namespace.DownloadFiles$Output,innerclass,4,4,0,4,0,1,0,0,0,NaN,-1.0,-1.0,0,0,0,0,0,0,0,0,0,0,1,0,0,1,0,0,1,0,0,3,0,0,0,0,0,2,0,0,0,1,0,0,0,0,17,9,0
/Users/kaiohs/Downloads/codes/lab02-experimentacao-software/data/repos/kestra-io__kestra/core/src/main/java/io/kestra/core/runners/pebble/filters/RegexReplaceFilter.java,io.kestra.core.runners.pebble.filters.RegexReplaceFilter,class,4,5,1,4,6,1,0,9,1,0.625,0.0,0.0,2,0,2,0,0,0,2,0,0,0,4,4,1,3,0,0,4,0,5,28,3,0,3,1,0,6,0,6,0,6,1,0,0,0,58,1,0
/Users/kaiohs/Downloads/codes/lab02-experimentacao-software/data/repos/kestra-io__kestra/queue-jdbc/src/main/java/io/kestra/queue/jdbc/JdbcQueueFactory.java,io.kestra.queue.jdbc.JdbcQueueFactory,class,30,30,0,30,17,1,0,5,136,0.0,0.0,0.0,17,0,17,0,0,0,17,0,0,0,0,0,0,0,0,0,0,0,0,53,17,0,0,0,0,0,0,0,0,0,0,0,0,0,28,1,0
/Users/kaiohs/Downloads/codes/lab02-experimentacao-software/data/repos/kestra-io__kestra/core/src/main/java/io/kestra/core/runners/DefaultRunContext.java,io.kestra.core.runners.DefaultRunContext$Builder,innerclass,16,16,0,16,1,1,0,5,0,0.11764706,NaN,NaN,1,0,1,0,0,0,1,0,0,0,17,0,0,17,0,0,0,0,2,38,1,0,0,0,0,0,0,17,0,18,0,0,0,0,51,9,0
/Users/kaiohs/Downloads/codes/lab02-experimentacao-software/data/repos/kestra-io__kestra/core/src/main/java/io/kestra/core/assets/AssetManagerFactory.java,io.kestra.core.assets.AssetManagerFactory$Anonymous1,anonymous,1,1,0,1,2,1,0,0,1,0.0,0.0,0.0,2,0,2,0,0,0,2,0,0,0,0,0,0,0,0,0,0,0,0,8,1,0,0,0,0,0,0,0,0,0,0,0,0,0,8,-1,0
/Users/kaiohs/Downloads/codes/lab02-experimentacao-software/data/repos/kestra-io__kestra/core/src/main/java/io/kestra/plugin/core/dashboard/chart/Bar.java,io.kestra.plugin.core.dashboard.chart.Bar,class,12,12,0,12,2,2,0,0,1,0.0,0.0,0.0,2,0,2,0,0,0,2,0,0,0,0,0,0,0,0,0,0,0,0,8,2,0,0,0,0,2,2,0,0,0,0,0,0,0,21,1,0
/Users/kaiohs/Downloads/codes/lab02-experimentacao-software/data/repos/kestra-io__kestra/webserver/src/test/java/io/kestra/webserver/services/ai/MetadataAppenderChatModelListenerTest.java,io.kestra.webserver.services.ai.MetadataAppenderChatModelListenerTest,class,5,5,0,5,1,1,0,10,0,0.0,NaN,NaN,1,0,0,0,0,1,1,0,0,0,0,0,0,0,0,0,0,0,1,10,0,0,0,0,0,16,0,4,0,4,0,0,0,1,21,0,0
/Users/kaiohs/Downloads/codes/lab02-experimentacao-software/data/repos/kestra-io__kestra/core/src/test/java/io/kestra/core/utils/FileUtilsTest.java,io.kestra.core.utils.FileUtilsTest,class,1,1,0,1,1,1,0,4,0,0.0,NaN,NaN,1,0,0,0,0,1,1,0,0,0,0,0,0,0,0,0,0,0,0,10,0,0,0,0,0,8,0,0,0,0,0,0,0,0,11,0,0
/Users/kaiohs/Downloads/codes/lab02-experimentacao-software/data/repos/kestra-io__kestra/jdbc-postgres/src/test/java/io/kestra/queue/postgres/PostgresVNodeDispatchQueueTest.java,io.kestra.queue.postgres.PostgresVNodeDispatchQueueTest,class,6,6,0,6,1,3,0,2,0,0.0,NaN,NaN,1,0,0,0,1,0,1,0,0,0,1,0,0,0,0,1,0,0,0,7,0,0,0,0,0,2,0,0,0,1,0,0,0,0,12,0,0
/Users/kaiohs/Downloads/codes/lab02-experimentacao-software/data/repos/kestra-io__kestra/cli/src/main/java/io/kestra/cli/services/LocalFlowFileWatcher.java,io.kestra.cli.services.LocalFlowFileWatcher,class,6,7,1,6,4,1,0,15,0,0.0,0.0,0.0,4,0,4,0,0,0,4,0,0,0,2,0,0,2,0,0,2,0,0,19,1,0,0,0,0,2,0,2,0,5,0,0,0,4,29,1,2
/Users/kaiohs/Downloads/codes/lab02-experimentacao-software/data/repos/kestra-io__kestra/core/src/test/java/io/kestra/scheduler/vnodes/VNodeControllerTest.java,io.kestra.scheduler.vnodes.VNodeControllerTest,class,14,15,1,14,7,1,0,34,0,0.23809524,0.0,0.0,7,0,1,0,0,6,7,0,0,0,3,0,0,3,0,0,0,0,16,78,1,0,0,1,4,13,8,23,0,23,1,0,0,0,61,0,0
/Users/kaiohs/Downloads/codes/lab02-experimentacao-software/data/repos/kestra-io__kestra/scheduler/src/main/java/io/kestra/scheduler/TriggerSchedulingLoop.java,io.kestra.scheduler.TriggerSchedulingLoop$CompletableTriggerEvent,innerclass,1,1,0,1,3,2,0,2,0,0.33333334,0.0,0.0,3,0,3,0,0,0,3,0,0,0,2,0,0,2,0,0,2,0,2,14,2,0,0,0,0,2,0,2,0,2,0,0,0,0,18,9,0
/Users/kaiohs/Downloads/codes/lab02-experimentacao-software/data/repos/kestra-io__kestra/core/src/main/java/io/kestra/core/models/HasUID.java,io.kestra.core.models.HasUID,interface,0,13,13,0,1,1,0,0,0,0.0,NaN,NaN,1,0,0,0,0,1,1,0,0,0,0,0,0,0,0,0,0,0,0,3,0,0,0,0,0,0,0,0,0,0,0,0,0,0,49,1,0
/Users/kaiohs/Downloads/codes/lab02-experimentacao-software/data/repos/kestra-io__kestra/core/src/test/java/io/kestra/core/plugins/PluginCatalogServiceTest.java,io.kestra.core.plugins.PluginCatalogServiceTest,class,12,12,0,12,10,1,0,34,0,0.13333334,0.0,0.0,10,0,0,0,0,10,10,0,0,0,3,0,0,3,0,0,0,0,18,79,0,0,0,0,0,80,6,23,0,23,0,0,0,0,61,0,0
/Users/kaiohs/Downloads/codes/lab02-experimentacao-software/data/repos/kestra-io__kestra/scheduler/src/test/java/io/kestra/scheduler/TriggerSchedulerTest.java,io.kestra.scheduler.TriggerSchedulerTest,class,28,29,1,28,22,3,0,98,0,0.70334935,0.0,0.0,19,0,0,2,0,17,17,0,0,0,11,2,0,5,0,6,2,0,110,310,1,0,1,0,2,26,64,64,4,81,2,0,2,11,109,0,0
/Users/kaiohs/Downloads/codes/lab02-experimentacao-software/data/repos/kestra-io__kestra/core/src/test/java/io/kestra/core/validations/TimezoneIdTest.java,io.kestra.core.validations.TimezoneIdTest,class,5,5,0,5,1,1,0,10,0,0.0,NaN,NaN,1,0,0,0,0,1,1,0,0,0,1,0,0,1,0,0,0,0,0,13,0,0,0,0,0,4,0,2,0,5,0,0,1,2,19,0,0
/Users/kaiohs/Downloads/codes/lab02-experimentacao-software/data/repos/kestra-io__kestra/core/src/main/java/io/kestra/core/exceptions/FlowProcessingException.java,io.kestra.core.exceptions.FlowProcessingException,class,1,1,0,1,3,4,0,0,3,1.0,0.0,0.0,3,0,3,0,0,0,3,0,0,0,1,1,0,1,0,0,1,0,0,12,0,0,0,0,0,0,1,1,0,1,0,0,0,0,22,1,0
/Users/kaiohs/Downloads/codes/lab02-experimentacao-software/data/repos/kestra-io__kestra/core/src/test/java/io/kestra/core/validations/PreconditionFilterValidationTest.java,io.kestra.core.validations.PreconditionFilterValidationTest,class,8,8,0,8,5,1,0,18,0,0.0,0.0,0.0,5,0,0,0,0,5,5,0,0,0,1,0,0,1,0,0,0,0,3,34,0,0,0,0,0,49,3,10,3,11,0,0,0,0,27,0,0
/Users/kaiohs/Downloads/codes/lab02-experimentacao-software/data/repos/kestra-io__kestra/script/src/main/java/io/kestra/plugin/scripts/exec/scripts/models/ScriptOutput.java,io.kestra.plugin.scripts.exec.scripts.models.ScriptOutput,class,9,10,1,9,0,1,0,0,0,NaN,-1.0,-1.0,0,0,0,0,0,0,0,0,0,0,6,0,0,6,0,0,5,0,0,8,0,0,0,0,0,3,0,0,0,6,0,0,0,0,43,1,0
/Users/kaiohs/Downloads/codes/lab02-experimentacao-software/data/repos/kestra-io__kestra/executor/src/main/java/io/kestra/executor/handler/ExecutionCommandMessageHandler.java,io.kestra.executor.handler.ExecutionCommandMessageHandler,class,9,11,2,9,2,1,0,0,1,0.5,0.0,0.0,2,0,2,0,0,0,2,0,0,0,3,0,0,3,0,0,3,0,0,12,0,0,0,0,0,0,0,3,0,3,0,0,0,0,14,1,0
/Users/kaiohs/Downloads/codes/lab02-experimentacao-software/data/repos/kestra-io__kestra/core/src/main/java/io/kestra/core/runners/pebble/PebbleLruCache.java,io.kestra.core.runners.pebble.PebbleLruCache,class,5,6,1,5,5,1,0,9,0,0.0,0.0,0.0,4,0,4,0,0,0,4,0,0,0,1,0,0,1,0,0,1,0,0,20,2,0,0,1,0,1,1,1,0,1,1,0,0,0,22,1,0
/Users/kaiohs/Downloads/codes/lab02-experimentacao-software/data/repos/kestra-io__kestra/cli/src/main/java/io/kestra/cli/commands/sys/SysCommand.java,io.kestra.cli.commands.sys.SysCommand,class,7,8,1,7,1,3,0,2,0,0.0,NaN,NaN,1,0,1,0,0,0,1,0,0,0,0,0,0,0,0,0,0,0,1,6,1,0,0,0,0,4,0,0,0,0,0,0,0,0,9,1,0
/Users/kaiohs/Downloads/codes/lab02-experimentacao-software/data/repos/kestra-io__kestra/core/src/main/java/io/kestra/core/utils/RegexPatterns.java,io.kestra.core.utils.RegexPatterns,class,0,0,0,0,0,1,0,0,0,NaN,-1.0,-1.0,0,0,0,0,0,0,0,0,0,0,1,1,1,0,0,0,1,0,0,3,0,0,0,0,0,1,0,1,0,1,0,0,0,0,17,1,0
/Users/kaiohs/Downloads/codes/lab02-experimentacao-software/data/repos/kestra-io__kestra/core/src/main/java/io/kestra/core/http/client/configurations/AbstractAuthConfiguration.java,io.kestra.core.http.client.configurations.AbstractAuthConfiguration,class,11,15,4,11,2,1,3,0,1,0.0,0.0,0.0,2,0,2,0,0,0,2,2,0,0,0,0,0,0,0,0,0,0,0,5,0,0,0,0,0,4,0,0,0,0,0,0,1,0,27,1025,0
/Users/kaiohs/Downloads/codes/lab02-experimentacao-software/data/repos/kestra-io__kestra/jdbc-h2/src/test/java/io/kestra/repository/h2/H2ExecutionServiceTest.java,io.kestra.repository.h2.H2ExecutionServiceTest,class,1,1,0,1,0,2,0,0,0,0.0,-1.0,-1.0,0,0,0,0,0,0,0,0,0,0,0,0,0,0,0,0,0,0,0,2,0,0,0,0,0,0,0,0,0,0,0,0,0,0,5,0,0
/Users/kaiohs/Downloads/codes/lab02-experimentacao-software/data/repos/kestra-io__kestra/worker/src/main/java/io/kestra/worker/senders/WorkerIOSender.java,io.kestra.worker.senders.WorkerIOSender,interface,1,3,2,1,2,1,0,0,1,0.0,0.0,0.0,2,0,0,0,0,2,2,0,0,0,0,0,0,0,0,0,0,0,0,4,0,0,0,0,0,0,0,0,0,0,0,0,0,0,31,1,0
/Users/kaiohs/Downloads/codes/lab02-experimentacao-software/data/repos/kestra-io__kestra/core/src/main/java/io/kestra/core/reporter/reports/PluginMetricReport.java,io.kestra.core.reporter.reports.PluginMetricReport,class,16,18,2,16,11,1,0,27,18,0.7083333,0.0,0.0,8,0,4,4,0,0,4,0,0,0,3,0,0,3,0,0,3,0,5,45,7,0,3,0,0,0,1,12,0,13,1,0,0,2,32,1,0
/Users/kaiohs/Downloads/codes/lab02-experimentacao-software/data/repos/kestra-io__kestra/core/src/main/java/io/kestra/core/utils/Version.java,io.kestra.core.utils.Version$Qualifier,innerclass,2,2,0,2,10,1,0,9,0,0.6,0.0,0.0,5,0,4,0,0,1,6,0,0,0,5,1,0,5,0,0,5,0,6,37,6,0,2,0,4,6,2,6,0,6,1,0,0,0,37,25,0
/Users/kaiohs/Downloads/codes/lab02-experimentacao-software/data/repos/kestra-io__kestra/core/src/test/java/io/kestra/core/utils/RetryUtilsTest.java,io.kestra.core.utils.RetryUtilsTest,class,6,6,0,6,9,1,0,18,15,0.0,0.0,0.0,6,0,0,1,0,5,5,0,0,0,0,0,0,0,0,0,0,0,1,63,3,0,2,0,0,3,10,14,0,17,2,0,0,10,26,0,0
/Users/kaiohs/Downloads/codes/lab02-experimentacao-software/data/repos/kestra-io__kestra/core/src/test/java/io/kestra/core/models/flows/FlowWithSourceTest.java,io.kestra.core.models.flows.FlowWithSourceTest,class,5,5,0,5,3,1,0,42,3,0.0,0.0,0.0,3,0,0,0,0,3,3,0,0,0,0,0,0,0,0,0,0,0,12,23,0,0,0,0,0,30,1,9,2,8,0,0,0,0,19,0,0
/Users/kaiohs/Downloads/codes/lab02-experimentacao-software/data/repos/kestra-io__kestra/cli/src/main/java/io/kestra/cli/services/StartupHookInterface.java,io.kestra.cli.services.StartupHookInterface,interface,1,3,2,1,1,1,0,0,0,0.0,NaN,NaN,1,0,0,0,0,1,1,0,0,0,0,0,0,0,0,0,0,0,0,3,0,0,0,0,0,0,0,0,0,0,0,0,0,0,7,1,0
/Users/kaiohs/Downloads/codes/lab02-experimentacao-software/data/repos/kestra-io__kestra/jdbc/src/main/java/io/kestra/jdbc/repository/AbstractJdbcFlowTopologyRepository.java,io.kestra.jdbc.repository.AbstractJdbcFlowTopologyRepository,class,12,15,3,12,12,2,2,37,0,0.11111111,0.0,0.0,9,0,7,0,2,0,9,0,0,0,1,0,0,0,1,0,1,0,0,66,11,0,1,0,0,25,0,12,3,18,2,0,0,6,47,1025,0
/Users/kaiohs/Downloads/codes/lab02-experimentacao-software/data/repos/kestra-io__kestra/core/src/main/java/io/kestra/core/models/tasks/runners/DefaultLogConsumer.java,io.kestra.core.models.tasks.runners.DefaultLogConsumer,class,4,5,1,4,4,2,0,5,1,0.33333334,0.0,0.0,3,0,3,0,0,0,3,0,0,0,1,0,0,1,0,0,1,0,1,18,0,0,0,0,0,0,0,1,0,1,1,0,0,0,18,1,0
/Users/kaiohs/Downloads/codes/lab02-experimentacao-software/data/repos/kestra-io__kestra/webserver/src/test/java/io/kestra/webserver/controllers/api/MiscControllerTest.java,io.kestra.webserver.controllers.api.MiscControllerTest,class,18,18,0,18,10,1,0,49,0,0.6111111,0.0,0.0,9,0,0,0,0,9,9,0,0,0,4,0,0,1,0,3,0,0,1,90,0,0,0,3,0,67,0,18,1,24,2,0,0,9,103,0,0
/Users/kaiohs/Downloads/codes/lab02-experimentacao-software/data/repos/kestra-io__kestra/core/src/main/java/io/kestra/core/models/tasks/NamespaceFilesInterface.java,io.kestra.core.models.tasks.NamespaceFilesInterface,interface,3,3,0,3,1,1,0,0,0,0.0,NaN,NaN,1,0,0,0,0,1,1,0,0,0,0,0,0,0,0,0,0,0,0,3,0,0,0,0,0,2,0,0,0,0,0,0,0,0,25,1,0
/Users/kaiohs/Downloads/codes/lab02-experimentacao-software/data/repos/kestra-io__kestra/core/src/main/java/io/kestra/core/docs/SchemaType.java,io.kestra.core.docs.SchemaType,enum,2,4,2,2,1,1,0,1,0,0.0,NaN,NaN,1,1,1,0,0,0,1,0,0,0,0,0,0,0,0,0,0,0,0,4,1,0,0,0,0,0,0,0,0,0,0,0,0,0,13,1,0
/Users/kaiohs/Downloads/codes/lab02-experimentacao-software/data/repos/kestra-io__kestra/core/src/test/java/io/kestra/core/runners/pebble/functions/MonthOfYearFunctionTest.java,io.kestra.core.runners.pebble.functions.MonthOfYearFunctionTest,class,5,5,0,5,8,1,0,8,0,0.0,0.0,0.0,8,0,0,0,0,8,8,0,0,0,1,0,0,0,0,1,0,0,5,32,0,0,0,0,0,15,0,5,0,6,0,0,0,3,35,0,0
/Users/kaiohs/Downloads/codes/lab02-experimentacao-software/data/repos/kestra-io__kestra/jdbc-postgres/src/main/java/io/kestra/repository/postgres/PostgresMetricRepository.java,io.kestra.repository.postgres.PostgresMetricRepository,class,11,11,0,11,2,2,0,1,1,0.0,0.0,0.0,2,0,1,0,1,0,2,0,0,0,0,0,0,0,0,0,0,0,1,8,1,0,0,0,0,1,0,0,0,0,0,0,0,0,13,1,0
/Users/kaiohs/Downloads/codes/lab02-experimentacao-software/data/repos/kestra-io__kestra/core/src/main/java/io/kestra/core/validations/validator/ExecutionsDataFilterValidator.java,io.kestra.core.validations.validator.ExecutionsDataFilterValidator,class,7,7,0,7,8,1,0,11,0,0.0,NaN,NaN,1,0,1,0,0,0,1,0,0,0,0,0,0,0,0,0,0,0,1,30,3,0,6,0,0,5,0,1,2,4,3,0,0,2,20,1,0
/Users/kaiohs/Downloads/codes/lab02-experimentacao-software/data/repos/kestra-io__kestra/core/src/main/java/io/kestra/core/models/hierarchies/FlowGraph.java,io.kestra.core.models.hierarchies.FlowGraph$Edge,innerclass,5,5,0,5,0,1,0,0,0,NaN,-1.0,-1.0,0,0,0,0,0,0,0,0,0,0,3,0,0,3,0,0,3,0,0,5,0,0,0,0,0,0,0,0,0,3,0,0,0,0,5,9,0
/Users/kaiohs/Downloads/codes/lab02-experimentacao-software/data/repos/kestra-io__kestra/jdbc-mysql/src/main/java/io/kestra/repository/mysql/MysqlFlowRepositoryService.java,io.kestra.repository.mysql.MysqlFlowRepositoryService,class,5,6,1,5,10,1,0,16,3,0.0,0.0,0.0,3,3,3,0,0,0,3,0,0,0,0,0,0,0,0,0,0,0,2,35,3,0,4,0,0,6,0,6,0,10,4,0,0,2,41,1025,0
/Users/kaiohs/Downloads/codes/lab02-experimentacao-software/data/repos/kestra-io__kestra/core/src/main/java/io/kestra/plugin/core/output/OutputValues.java,io.kestra.plugin.core.output.OutputValues$Output,innerclass,4,4,0,4,0,1,0,0,0,NaN,-1.0,-1.0,0,0,0,0,0,0,0,0,0,0,1,0,0,1,0,0,0,0,0,3,0,0,0,0,0,1,0,0,0,1,0,0,0,0,4,9,0
/Users/kaiohs/Downloads/codes/lab02-experimentacao-software/data/repos/kestra-io__kestra/queue-jdbc/src/main/java/io/kestra/queue/jdbc/JdbcBroadcastQueue.java,io.kestra.queue.jdbc.JdbcBroadcastQueue,class,15,16,1,15,4,3,0,8,0,0.33333334,0.0,0.0,4,0,1,0,3,0,4,0,0,0,3,0,0,3,0,0,3,0,0,21,1,0,0,0,0,0,0,4,0,5,0,0,0,1,25,1,0
/Users/kaiohs/Downloads/codes/lab02-experimentacao-software/data/repos/kestra-io__kestra/core/src/main/java/io/kestra/core/repositories/ArrayListTotal.java,io.kestra.core.repositories.ArrayListTotal,class,6,19,13,6,4,4,0,9,0,0.625,0.0,0.0,4,1,4,0,0,0,4,0,0,0,2,1,0,2,0,0,1,0,3,22,2,0,0,0,1,0,2,8,3,5,0,0,0,1,19,1,0
/Users/kaiohs/Downloads/codes/lab02-experimentacao-software/data/repos/kestra-io__kestra/jdbc-postgres/src/test/java/io/kestra/repository/postgres/PostgresSettingRepositoryTest.java,io.kestra.repository.postgres.PostgresSettingRepositoryTest,class,1,1,0,1,0,2,0,0,0,0.0,-1.0,-1.0,0,0,0,0,0,0,0,0,0,0,0,0,0,0,0,0,0,0,0,2,0,0,0,0,0,0,0,0,0,0,0,0,0,0,5,1,0
/Users/kaiohs/Downloads/codes/lab02-experimentacao-software/data/repos/kestra-io__kestra/core/src/main/java/io/kestra/core/validations/validator/InputValidator.java,io.kestra.core.validations.validator.InputValidator,class,9,9,0,9,6,1,0,7,0,1.0,NaN,NaN,1,0,1,0,0,0,1,0,0,0,1,0,0,0,0,1,0,0,0,19,4,0,4,0,0,2,0,0,0,1,1,0,0,0,24,1,0
/Users/kaiohs/Downloads/codes/lab02-experimentacao-software/data/repos/kestra-io__kestra/core/src/main/java/io/kestra/core/runners/LocalWorkingDir.java,io.kestra.core.runners.LocalWorkingDir,class,6,8,2,6,41,2,0,34,145,0.8611111,0.0,0.0,18,1,17,1,0,0,17,0,0,1,2,0,0,2,0,0,2,0,15,145,16,0,10,2,0,11,0,9,3,9,2,0,1,0,83,1,1
/Users/kaiohs/Downloads/codes/lab02-experimentacao-software/data/repos/kestra-io__kestra/core/src/main/java/io/kestra/core/runners/VariableRenderer.java,io.kestra.core.runners.VariableRenderer$VariableConfiguration,innerclass,2,2,0,2,1,1,0,0,0,0.0,NaN,NaN,1,0,1,0,0,0,1,0,0,0,3,0,0,0,0,3,0,0,0,10,0,0,0,0,0,1,1,3,0,3,0,0,0,0,11,9,0
/Users/kaiohs/Downloads/codes/lab02-experimentacao-software/data/repos/kestra-io__kestra/executor/src/test/java/io/kestra/executor/handler/SubflowExecutionEndMessageHandlerTest.java,io.kestra.executor.handler.SubflowExecutionEndMessageHandlerTest,class,8,8,0,8,1,1,0,9,0,0.0,NaN,NaN,1,0,0,0,0,1,1,0,0,0,3,0,0,3,0,0,0,0,4,14,0,0,0,0,0,2,0,4,0,7,0,0,0,0,17,0,0
/Users/kaiohs/Downloads/codes/lab02-experimentacao-software/data/repos/kestra-io__kestra/core/src/main/java/io/kestra/core/http/client/HttpClient.java,io.kestra.core.http.client.HttpClient$CustomApacheHttpClientObservationConvention,innerclass,3,3,0,3,1,2,0,3,0,0.0,NaN,NaN,1,0,1,0,0,0,1,0,0,0,0,0,0,0,0,0,0,0,0,5,1,0,0,0,0,2,0,0,0,0,0,0,0,0,14,9,0
/Users/kaiohs/Downloads/codes/lab02-experimentacao-software/data/repos/kestra-io__kestra/jdbc-mysql/src/test/java/io/kestra/repository/mysql/MysqlKvMetadataRepositoryTest.java,io.kestra.repository.mysql.MysqlKvMetadataRepositoryTest,class,1,1,0,1,0,2,0,0,0,0.0,-1.0,-1.0,0,0,0,0,0,0,0,0,0,0,0,0,0,0,0,0,0,0,0,2,0,0,0,0,0,0,0,0,0,0,0,0,0,0,6,1,0
/Users/kaiohs/Downloads/codes/lab02-experimentacao-software/data/repos/kestra-io__kestra/worker-controller/src/main/java/io/kestra/controller/messages/RequestOrResponseHeaderFactory.java,io.kestra.controller.messages.RequestOrResponseHeaderFactory,class,3,10,7,3,2,1,0,13,1,0.0,0.0,0.0,2,2,2,0,0,0,2,0,0,0,0,0,0,0,0,0,0,0,2,8,2,0,0,0,0,0,0,0,0,0,0,0,0,0,33,1,0
/Users/kaiohs/Downloads/codes/lab02-experimentacao-software/data/repos/kestra-io__kestra/core/src/main/java/io/kestra/core/models/hierarchies/SubflowGraphTask.java,io.kestra.core.models.hierarchies.SubflowGraphTask$Anonymous1,anonymous,0,0,0,0,1,1,0,1,0,0.0,NaN,NaN,1,0,1,0,0,0,1,0,0,0,0,0,0,0,0,0,0,0,0,5,1,0,0,0,0,0,0,0,0,0,0,0,0,0,2,-1,0
/Users/kaiohs/Downloads/codes/lab02-experimentacao-software/data/repos/kestra-io__kestra/queue/src/test/java/io/kestra/queue/AbstractDispatchQueueTest.java,io.kestra.queue.AbstractDispatchQueueTest,class,19,22,3,19,19,2,2,73,18,0.6769231,0.0,0.0,13,0,2,0,0,11,13,0,0,0,5,1,0,4,1,0,1,0,18,210,0,1,2,0,0,32,58,56,20,74,2,0,0,19,112,1025,0
/Users/kaiohs/Downloads/codes/lab02-experimentacao-software/data/repos/kestra-io__kestra/core/src/main/java/io/kestra/core/storages/StorageContext.java,io.kestra.core.storages.StorageContext$Task,innerclass,4,4,0,4,4,2,0,8,3,0.6666667,0.0,0.0,3,0,2,1,0,0,2,0,0,0,3,0,0,3,0,0,3,0,5,23,2,0,0,1,0,4,0,4,1,4,1,0,0,0,28,9,0
/Users/kaiohs/Downloads/codes/lab02-experimentacao-software/data/repos/kestra-io__kestra/jdbc-mysql/src/test/java/io/kestra/runner/mysql/MysqlMultipleConditionStateStoreTest.java,io.kestra.runner.mysql.MysqlMultipleConditionStateStoreTest,class,1,1,0,1,0,2,0,0,0,0.0,-1.0,-1.0,0,0,0,0,0,0,0,0,0,0,0,0,0,0,0,0,0,0,0,2,0,0,0,0,0,0,0,0,0,0,0,0,0,0,7,0,0
/Users/kaiohs/Downloads/codes/lab02-experimentacao-software/data/repos/kestra-io__kestra/webserver/src/main/java/io/kestra/webserver/utils/filepreview/FileRender.java,io.kestra.webserver.utils.filepreview.FileRender,class,3,7,4,3,1,1,3,0,0,0.6666667,NaN,NaN,1,0,0,0,0,1,1,0,0,0,6,1,5,0,1,0,0,0,0,13,0,0,0,0,0,0,1,4,0,6,0,0,1,0,25,1025,0
/Users/kaiohs/Downloads/codes/lab02-experimentacao-software/data/repos/kestra-io__kestra/worker-controller/src/main/java/io/kestra/controller/DefaultController.java,io.kestra.controller.DefaultController,class,18,20,2,18,26,2,0,40,0,0.5178572,0.0,0.0,7,0,2,2,2,1,5,0,0,0,8,2,0,3,5,0,7,0,0,109,5,2,7,3,0,20,0,17,1,15,2,0,0,0,128,1,8
/Users/kaiohs/Downloads/codes/lab02-experimentacao-software/data/repos/kestra-io__kestra/core/src/main/java/io/kestra/plugin/core/http/Request.java,io.kestra.plugin.core.http.Request,class,19,20,1,19,9,3,0,32,3,0.6666667,0.0,0.0,3,1,2,1,0,0,2,0,0,0,2,1,0,2,0,0,1,0,2,41,3,0,2,1,0,24,3,11,3,11,3,0,1,1,159,1,0
/Users/kaiohs/Downloads/codes/lab02-experimentacao-software/data/repos/kestra-io__kestra/webserver/src/test/java/io/kestra/webserver/services/SharedServiceInstanceMetricServiceTest.java,io.kestra.webserver.services.SharedServiceInstanceMetricServiceTest,class,15,16,1,15,16,1,0,50,41,0.7333334,0.0,0.0,15,0,0,8,0,7,7,0,0,0,4,1,0,4,0,0,1,0,16,106,8,0,1,0,0,30,15,31,0,36,1,0,0,4,80,0,0
/Users/kaiohs/Downloads/codes/lab02-experimentacao-software/data/repos/kestra-io__kestra/core/src/main/java/io/kestra/plugin/core/flow/Subflow.java,io.kestra.plugin.core.flow.Subflow$Output,innerclass,5,5,0,5,0,1,0,0,0,NaN,-1.0,-1.0,0,0,0,0,0,0,0,0,0,0,3,0,0,3,0,0,3,0,0,5,0,0,0,0,0,4,0,0,0,3,0,0,0,0,17,9,0
/Users/kaiohs/Downloads/codes/lab02-experimentacao-software/data/repos/kestra-io__kestra/core/src/main/java/io/kestra/core/models/tasks/runners/TaskRunnerResult.java,io.kestra.core.models.tasks.runners.TaskRunnerResult,class,8,11,3,8,1,1,0,0,0,0.33333334,NaN,NaN,1,0,1,0,0,0,1,0,0,0,3,0,0,3,0,0,0,0,0,9,0,0,0,0,0,0,0,2,0,3,0,0,0,0,13,1,0
/Users/kaiohs/Downloads/codes/lab02-experimentacao-software/data/repos/kestra-io__kestra/core/src/main/java/io/kestra/plugin/core/dashboard/chart/timeseries/TimeSeriesColumnDescriptor.java,io.kestra.plugin.core.dashboard.chart.timeseries.TimeSeriesColumnDescriptor,class,8,9,1,8,3,2,0,1,0,0.0,NaN,NaN,1,0,1,0,0,0,1,0,0,0,1,0,0,1,0,0,0,0,0,9,2,0,2,0,0,0,0,0,0,1,1,0,0,0,8,1,0
/Users/kaiohs/Downloads/codes/lab02-experimentacao-software/data/repos/kestra-io__kestra/core/src/main/java/io/kestra/plugin/core/http/SseRequest.java,io.kestra.plugin.core.http.SseRequest,class,28,28,0,28,12,3,0,47,0,0.0,0.0,0.0,1,0,1,0,0,0,2,0,0,0,3,1,0,3,0,0,1,0,1,70,2,0,1,3,0,24,2,12,5,16,6,0,1,4,112,1,1
/Users/kaiohs/Downloads/codes/lab02-experimentacao-software/data/repos/kestra-io__kestra/queue/src/main/java/io/kestra/queue/QueueService.java,io.kestra.queue.QueueService,class,17,34,17,17,13,1,0,20,3,0.6333334,0.0,0.0,6,0,5,0,0,1,6,0,0,0,5,1,0,3,2,0,5,0,0,45,4,0,1,2,1,6,0,6,3,6,3,0,0,0,58,1,0
/Users/kaiohs/Downloads/codes/lab02-experimentacao-software/data/repos/kestra-io__kestra/core/src/main/java/io/kestra/plugin/core/kv/GetKeys.java,io.kestra.plugin.core.kv.GetKeys$Output,innerclass,4,4,0,4,0,1,0,0,0,NaN,-1.0,-1.0,0,0,0,0,0,0,0,0,0,0,1,0,0,1,0,0,1,0,0,3,0,0,0,0,0,1,0,0,0,1,0,0,0,0,4,9,0
/Users/kaiohs/Downloads/codes/lab02-experimentacao-software/data/repos/kestra-io__kestra/core/src/main/java/io/kestra/core/utils/Either.java,io.kestra.core.utils.Either$Left,innerclass,3,3,0,3,5,2,0,0,8,0.6,0.0,0.0,5,0,4,1,0,0,4,0,0,0,1,0,0,1,0,0,1,0,0,18,3,0,0,0,0,1,0,1,0,1,0,0,0,0,13,25,0
/Users/kaiohs/Downloads/codes/lab02-experimentacao-software/data/repos/kestra-io__kestra/core/src/main/java/io/kestra/core/topologies/FlowTopologyService.java,io.kestra.core.topologies.FlowTopologyService,class,37,40,3,37,27,1,0,88,66,0.9166667,0.0,0.0,12,0,4,6,2,0,6,0,0,0,4,1,1,2,1,0,1,0,9,116,22,0,3,2,3,5,0,22,2,51,2,0,0,24,83,1,2
/Users/kaiohs/Downloads/codes/lab02-experimentacao-software/data/repos/kestra-io__kestra/core/src/main/java/io/kestra/core/runners/pebble/filters/RegexExtractFilter.java,io.kestra.core.runners.pebble.filters.RegexExtractFilter,class,4,5,1,4,10,1,0,13,1,0.625,0.0,0.0,2,0,2,0,0,0,2,0,0,0,4,4,1,3,0,0,4,0,6,36,4,0,3,1,1,7,2,7,0,7,2,0,0,0,75,1,0
/Users/kaiohs/Downloads/codes/lab02-experimentacao-software/data/repos/kestra-io__kestra/core/src/main/java/io/kestra/core/services/TriggerStateService.java,io.kestra.core.services.TriggerStateService$BackfillAction,enum,0,0,0,0,0,1,0,0,0,0.0,-1.0,-1.0,0,0,0,0,0,0,0,0,0,0,0,0,0,0,0,0,0,0,0,1,0,0,0,0,0,0,0,0,0,0,0,0,0,0,7,2,0
/Users/kaiohs/Downloads/codes/lab02-experimentacao-software/data/repos/kestra-io__kestra/core/src/main/java/io/kestra/core/runners/DefaultFlowMetaStore.java,io.kestra.core.runners.DefaultFlowMetaStore,class,13,15,2,13,14,1,0,30,0,0.625,0.0,0.0,8,0,5,0,0,3,8,0,0,0,5,0,0,5,0,0,4,0,1,58,4,0,1,1,0,4,0,9,0,11,4,0,0,4,48,1,2
/Users/kaiohs/Downloads/codes/lab02-experimentacao-software/data/repos/kestra-io__kestra/core/src/test/java/io/kestra/core/runners/RunnableTaskExceptionTest.java,io.kestra.core.runners.RunnableTaskExceptionTest,class,6,6,0,6,1,1,0,8,0,0.0,NaN,NaN,1,0,0,0,0,1,1,0,0,0,1,0,0,1,0,0,0,0,0,8,0,0,0,0,0,3,2,0,0,1,0,0,0,0,19,0,0
/Users/kaiohs/Downloads/codes/lab02-experimentacao-software/data/repos/kestra-io__kestra/core/src/test/java/io/kestra/core/runners/ExecutionServiceTest.java,io.kestra.core.runners.ExecutionServiceTest,class,17,17,0,17,38,1,0,84,0,0.625,0.0,0.0,31,0,0,0,0,31,31,0,0,0,8,3,3,0,0,5,3,0,51,357,0,0,6,0,0,160,108,94,0,116,0,0,0,18,121,0,0
/Users/kaiohs/Downloads/codes/lab02-experimentacao-software/data/repos/kestra-io__kestra/core/src/main/java/io/kestra/core/plugins/PluginScanner.java,io.kestra.core.plugins.PluginScanner,class,8,10,2,8,13,1,0,43,26,0.9166667,0.0,0.0,8,4,4,4,0,0,4,0,0,0,3,2,0,2,0,1,2,0,12,69,6,0,2,4,0,11,1,16,2,20,2,1,0,4,83,1,4
/Users/kaiohs/Downloads/codes/lab02-experimentacao-software/data/repos/kestra-io__kestra/core/src/test/java/io/kestra/core/utils/LogsTest.java,io.kestra.core.utils.LogsTest,class,10,10,0,10,6,2,0,25,0,0.0,0.0,0.0,6,1,0,0,0,6,6,0,0,0,1,1,0,1,0,0,1,0,0,61,0,0,0,0,0,46,4,11,0,10,0,0,1,0,39,0,0
/Users/kaiohs/Downloads/codes/lab02-experimentacao-software/data/repos/kestra-io__kestra/core/src/main/java/io/kestra/plugin/core/flow/Dag.java,io.kestra.plugin.core.flow.Dag$DagTask,innerclass,9,9,0,9,0,1,0,0,0,NaN,-1.0,-1.0,0,0,0,0,0,0,0,0,0,0,2,0,0,2,0,0,0,0,0,4,0,0,0,0,0,2,0,0,0,2,0,0,0,0,20,9,0
/Users/kaiohs/Downloads/codes/lab02-experimentacao-software/data/repos/kestra-io__kestra/queue/src/main/java/io/kestra/queue/AbstractSubscriber.java,io.kestra.queue.AbstractSubscriber,class,12,19,7,12,37,1,0,40,0,0.72222227,0.0,0.0,12,0,4,0,8,0,12,0,0,0,12,1,0,6,6,0,12,0,1,169,7,1,0,7,0,19,2,14,0,18,3,0,0,6,154,1025,20
/Users/kaiohs/Downloads/codes/lab02-experimentacao-software/data/repos/kestra-io__kestra/core/src/main/java/io/kestra/core/services/TaskOutputService.java,io.kestra.core.services.TaskOutputService,class,21,27,6,21,41,1,0,65,61,0.7733333,0.0,0.0,15,0,8,6,1,0,9,0,0,0,5,1,0,5,0,0,5,0,12,165,16,3,10,5,0,3,3,37,0,41,6,0,0,8,160,1,0
/Users/kaiohs/Downloads/codes/lab02-experimentacao-software/data/repos/kestra-io__kestra/core/src/main/java/io/kestra/core/runners/pebble/functions/FileSizeFunction.java,io.kestra.core.runners.pebble.functions.FileSizeFunction,class,3,4,1,3,2,2,0,0,1,0.75,0.0,0.0,2,0,0,0,2,0,2,0,0,0,2,2,1,1,0,0,2,0,0,9,1,0,0,0,0,2,0,2,0,2,0,0,0,0,36,1,0
/Users/kaiohs/Downloads/codes/lab02-experimentacao-software/data/repos/kestra-io__kestra/core/src/test/java/io/kestra/plugin/core/http/SseRequestTest.java,io.kestra.plugin.core.http.SseRequestTest,class,8,9,1,8,7,1,0,34,0,0.0,0.0,0.0,7,0,0,0,0,7,7,0,0,0,1,0,0,1,0,0,0,0,0,98,0,0,0,7,1,24,7,34,7,35,1,0,1,1,50,0,0
/Users/kaiohs/Downloads/codes/lab02-experimentacao-software/data/repos/kestra-io__kestra/core/src/main/java/io/kestra/plugin/core/dashboard/data/IExecutions.java,io.kestra.plugin.core.dashboard.data.IExecutions$Fields,enum,0,0,0,0,0,1,0,0,0,0.0,-1.0,-1.0,0,0,0,0,0,0,0,0,0,0,0,0,0,0,0,0,0,0,0,1,0,0,0,0,0,0,0,0,0,0,0,0,0,0,14,0,0
/Users/kaiohs/Downloads/codes/lab02-experimentacao-software/data/repos/kestra-io__kestra/core/src/main/java/io/kestra/core/models/collectors/PluginUsage.java,io.kestra.core.models.collectors.PluginUsage,class,6,8,2,6,1,1,0,19,0,0.0,NaN,NaN,1,1,1,0,0,0,1,0,0,0,1,0,0,1,0,0,1,0,2,6,1,0,0,0,0,1,0,0,0,4,0,0,0,3,8,1,0
/Users/kaiohs/Downloads/codes/lab02-experimentacao-software/data/repos/kestra-io__kestra/webserver/src/main/java/io/kestra/webserver/controllers/api/BlueprintController.java,io.kestra.webserver.controllers.api.BlueprintController$ApiBlueprintItem,innerclass,9,9,0,9,0,1,0,1,0,NaN,-1.0,-1.0,0,0,0,0,0,0,0,0,0,0,6,0,0,0,0,6,0,0,1,8,0,0,0,0,0,0,0,1,0,6,0,0,0,0,17,9,0
/Users/kaiohs/Downloads/codes/lab02-experimentacao-software/data/repos/kestra-io__kestra/core/src/main/java/io/kestra/core/docs/DocumentationGenerator.java,io.kestra.core.docs.DocumentationGenerator$ClassPlugin,innerclass,4,4,0,4,0,1,0,0,0,NaN,-1.0,-1.0,0,0,0,0,0,0,0,0,0,0,5,0,0,0,0,5,0,0,0,7,0,0,0,0,0,0,0,0,0,5,0,0,0,0,10,9,0
/Users/kaiohs/Downloads/codes/lab02-experimentacao-software/data/repos/kestra-io__kestra/core/src/main/java/io/kestra/core/models/conditions/ConditionContext.java,io.kestra.core.models.conditions.ConditionContext,class,12,14,2,12,0,1,0,0,0,NaN,-1.0,-1.0,0,0,0,0,0,0,0,0,0,0,5,0,0,5,0,0,1,0,0,7,0,0,0,0,0,0,0,1,0,5,0,0,0,0,15,1,0
/Users/kaiohs/Downloads/codes/lab02-experimentacao-software/data/repos/kestra-io__kestra/jdbc-mysql/src/main/java/io/kestra/runner/mysql/MysqlConcurrencyLimitStateStore.java,io.kestra.runner.mysql.MysqlConcurrencyLimitStateStore,class,6,6,0,6,1,3,0,0,0,0.0,NaN,NaN,1,0,1,0,0,0,1,0,0,0,0,0,0,0,0,0,0,0,0,5,0,0,0,0,0,1,0,0,0,0,0,0,0,0,8,1,0
/Users/kaiohs/Downloads/codes/lab02-experimentacao-software/data/repos/kestra-io__kestra/core/src/test/java/io/kestra/core/validations/extractors/DynamicPropertyDto.java,io.kestra.core.validations.extractors.DynamicPropertyDto,class,3,4,1,3,1,1,0,0,0,0.0,NaN,NaN,1,0,1,0,0,0,1,0,0,0,2,0,0,2,0,0,0,0,0,8,0,0,0,0,0,1,2,2,0,2,0,0,0,0,13,1,0
/Users/kaiohs/Downloads/codes/lab02-experimentacao-software/data/repos/kestra-io__kestra/core/src/test/java/io/kestra/plugin/core/condition/ExecutionNamespaceTest.java,io.kestra.plugin.core.condition.ExecutionNamespaceTest,class,7,7,0,7,6,1,0,21,0,0.0,0.0,0.0,6,0,0,0,0,6,6,0,0,0,1,0,0,0,0,1,0,0,2,54,0,0,0,0,0,8,10,30,3,25,0,0,0,0,26,0,0
/Users/kaiohs/Downloads/codes/lab02-experimentacao-software/data/repos/kestra-io__kestra/worker-controller/src/test/java/io/kestra/controller/DefaultControllerTlsTest.java,io.kestra.controller.DefaultControllerTlsTest,class,16,17,1,16,10,1,0,35,6,0.5555556,0.0,0.0,9,1,0,3,0,6,6,0,0,0,5,4,0,5,0,0,4,0,5,91,3,0,1,3,0,24,9,39,3,37,1,0,0,1,79,0,0
/Users/kaiohs/Downloads/codes/lab02-experimentacao-software/data/repos/kestra-io__kestra/tests/src/main/java/io/kestra/core/context/TestRunContextFactory.java,io.kestra.core.context.TestRunContextFactory,class,5,8,3,5,6,2,0,8,15,0.0,0.0,0.0,6,0,6,0,0,0,6,0,0,0,0,0,0,0,0,0,0,0,4,22,6,0,0,0,0,12,0,1,0,1,0,0,0,0,10,1,0
/Users/kaiohs/Downloads/codes/lab02-experimentacao-software/data/repos/kestra-io__kestra/core/src/main/java/io/kestra/plugin/core/namespace/UploadFiles.java,io.kestra.plugin.core.namespace.UploadFiles,class,20,21,1,20,14,2,0,35,0,0.33333334,NaN,NaN,3,0,1,2,0,0,1,0,0,0,5,0,0,5,0,0,0,0,4,60,1,2,4,0,0,23,0,18,3,19,3,0,1,0,144,1,0
/Users/kaiohs/Downloads/codes/lab02-experimentacao-software/data/repos/kestra-io__kestra/core/src/test/java/io/kestra/core/secret/SecretFunctionTest.java,io.kestra.core.secret.SecretFunctionTest,class,14,14,0,14,6,2,0,23,4,0.72,0.0,0.0,5,0,0,0,0,5,5,0,0,0,5,0,0,2,0,3,0,0,6,57,0,0,1,0,0,40,4,9,0,15,1,0,1,4,67,1,0
/Users/kaiohs/Downloads/codes/lab02-experimentacao-software/data/repos/kestra-io__kestra/jdbc-mysql/src/main/java/io/kestra/repository/mysql/MysqlConcurrencyLimitRepository.java,io.kestra.repository.mysql.MysqlConcurrencyLimitRepository,class,7,7,0,7,1,2,0,0,0,0.0,NaN,NaN,1,0,1,0,0,0,1,0,0,0,0,0,0,0,0,0,0,0,0,5,0,0,0,0,0,1,0,0,0,0,0,0,0,0,7,1,0
/Users/kaiohs/Downloads/codes/lab02-experimentacao-software/data/repos/kestra-io__kestra/executor/src/main/java/io/kestra/executor/handler/WorkerTaskResultMessageHandler.java,io.kestra.executor.handler.WorkerTaskResultMessageHandler,class,10,12,2,10,6,1,0,14,0,0.0,NaN,NaN,1,0,1,0,0,0,1,0,0,0,3,0,0,3,0,0,0,0,0,29,5,0,0,1,0,0,0,1,0,5,4,0,0,3,26,1,0
/Users/kaiohs/Downloads/codes/lab02-experimentacao-software/data/repos/kestra-io__kestra/core/src/main/java/io/kestra/core/runners/pebble/filters/KeysFilter.java,io.kestra.core.runners.pebble.filters.KeysFilter,class,4,5,1,4,6,1,0,10,1,0.0,0.0,0.0,2,0,2,0,0,0,2,0,0,0,0,0,0,0,0,0,0,0,3,21,5,0,1,0,0,2,4,1,3,1,1,0,0,0,27,1,0
/Users/kaiohs/Downloads/codes/lab02-experimentacao-software/data/repos/kestra-io__kestra/core/src/test/java/io/kestra/core/runners/pebble/functions/DayOfWeekFunctionTest.java,io.kestra.core.runners.pebble.functions.DayOfWeekFunctionTest,class,5,5,0,5,7,1,0,7,0,0.0,0.0,0.0,7,0,0,0,0,7,7,0,0,0,1,0,0,0,0,1,0,0,5,29,0,0,0,0,0,12,0,5,0,6,0,0,0,2,36,0,0
/Users/kaiohs/Downloads/codes/lab02-experimentacao-software/data/repos/kestra-io__kestra/core/src/test/java/io/kestra/plugin/core/flow/RetryCaseTest.java,io.kestra.plugin.core.flow.RetryCaseTest,class,10,11,1,10,22,1,0,31,219,0.90909094,0.0,0.0,22,0,21,1,0,0,21,0,0,0,3,0,0,2,1,0,0,0,5,103,0,0,0,0,0,9,35,5,0,11,0,0,0,5,55,1,0
/Users/kaiohs/Downloads/codes/lab02-experimentacao-software/data/repos/kestra-io__kestra/core/src/main/java/io/kestra/core/docs/DocumentationGenerator.java,io.kestra.core.docs.DocumentationGenerator,class,31,33,2,31,23,1,0,92,45,0.9,0.0,0.0,10,8,5,5,0,0,6,0,0,0,2,1,0,1,0,1,1,0,17,137,14,0,7,1,1,41,1,23,6,30,2,1,2,7,75,1,0
/Users/kaiohs/Downloads/codes/lab02-experimentacao-software/data/repos/kestra-io__kestra/core/src/main/java/io/kestra/plugin/core/storage/DeduplicateItems.java,io.kestra.plugin.core.storage.DeduplicateItems,class,20,21,1,20,7,2,0,26,3,0.6666667,NaN,NaN,3,0,1,2,0,0,1,0,0,0,2,0,0,2,0,0,0,0,1,75,3,2,4,2,2,6,4,19,0,21,3,0,2,0,74,1,0
/Users/kaiohs/Downloads/codes/lab02-experimentacao-software/data/repos/kestra-io__kestra/scheduler/src/test/java/io/kestra/scheduler/utils/InMemoryFlowMetaStore.java,io.kestra.scheduler.utils.InMemoryFlowMetaStore,class,4,8,4,4,9,1,0,13,0,0.3,0.0,0.0,5,0,5,0,0,0,5,0,0,0,2,0,0,2,0,0,2,0,2,33,3,1,2,0,0,0,0,7,0,9,2,0,0,2,50,17,0
/Users/kaiohs/Downloads/codes/lab02-experimentacao-software/data/repos/kestra-io__kestra/core/src/main/java/io/kestra/core/runners/pebble/functions/KvFunction.java,io.kestra.core.runners.pebble.functions.KvFunction,class,10,12,2,10,14,1,0,21,0,0.56,0.0,0.0,5,0,3,1,1,0,4,0,0,0,5,4,1,4,0,0,4,0,4,66,6,1,1,1,0,14,1,19,1,15,2,0,0,0,66,1,0
/Users/kaiohs/Downloads/codes/lab02-experimentacao-software/data/repos/kestra-io__kestra/core/src/main/java/io/kestra/plugin/core/execution/Assert.java,io.kestra.plugin.core.execution.Assert,class,16,16,0,16,5,2,0,13,0,0.0,NaN,NaN,1,0,1,0,0,0,1,0,0,0,2,0,0,2,0,0,0,0,0,31,1,0,0,1,1,17,4,3,2,7,3,0,0,2,47,1,2
/Users/kaiohs/Downloads/codes/lab02-experimentacao-software/data/repos/kestra-io__kestra/core/src/main/java/io/kestra/plugin/core/flow/LoopUntil.java,io.kestra.plugin.core.flow.LoopUntil$CheckFrequency,innerclass,7,7,0,7,0,1,0,2,0,NaN,-1.0,-1.0,0,0,0,0,0,0,0,0,0,0,3,0,0,3,0,0,0,0,1,5,0,0,0,0,0,5,1,1,0,3,0,0,0,0,22,9,0
/Users/kaiohs/Downloads/codes/lab02-experimentacao-software/data/repos/kestra-io__kestra/core/src/test/java/io/micronaut/retry/intercept/OverrideRetryInterceptorTest.java,io.micronaut.retry.intercept.OverrideRetryInterceptorTest$TestRetry,innerclass,2,2,0,2,1,1,0,0,0,0.0,NaN,NaN,1,0,1,0,0,0,1,0,0,0,0,0,0,0,0,0,0,0,0,5,0,0,0,0,0,2,0,0,0,0,0,0,0,0,8,9,0
/Users/kaiohs/Downloads/codes/lab02-experimentacao-software/data/repos/kestra-io__kestra/core/src/test/java/io/kestra/plugin/core/condition/ExecutionOutputsTest.java,io.kestra.plugin.core.condition.ExecutionOutputsTest,class,7,7,0,7,3,1,0,12,0,0.0,0.0,0.0,3,0,0,0,0,3,3,0,0,0,1,0,0,0,0,1,0,0,5,24,0,0,0,0,0,7,0,12,0,13,0,0,0,0,29,0,0
/Users/kaiohs/Downloads/codes/lab02-experimentacao-software/data/repos/kestra-io__kestra/jdbc/src/main/java/io/kestra/jdbc/runner/JdbcTransactionContext.java,io.kestra.jdbc.runner.JdbcTransactionContext,class,4,9,5,4,3,1,0,1,1,0.33333334,0.0,0.0,3,0,3,0,0,0,3,0,0,0,1,0,0,1,0,0,1,0,0,12,2,0,0,0,0,0,0,1,0,1,0,0,0,0,11,1,0
/Users/kaiohs/Downloads/codes/lab02-experimentacao-software/data/repos/kestra-io__kestra/core/src/main/java/io/kestra/core/runners/pebble/filters/DistinctFilter.java,io.kestra.core.runners.pebble.filters.DistinctFilter,class,4,5,1,4,6,1,0,7,1,0.0,0.0,0.0,2,0,2,0,0,0,2,0,0,0,0,0,0,0,0,0,0,0,1,15,3,0,3,0,1,4,0,1,1,1,1,0,0,0,22,1,0
/Users/kaiohs/Downloads/codes/lab02-experimentacao-software/data/repos/kestra-io__kestra/scheduler/src/test/java/io/kestra/scheduler/TriggerSchedulerTest.java,io.kestra.scheduler.TriggerSchedulerTest$TestPollingTrigger,innerclass,11,11,0,11,1,2,0,3,0,1.0,NaN,NaN,1,0,1,0,0,0,1,0,0,0,2,0,0,2,0,0,0,0,2,7,1,0,0,0,0,0,0,0,0,2,0,0,0,0,14,9,0
/Users/kaiohs/Downloads/codes/lab02-experimentacao-software/data/repos/kestra-io__kestra/jdbc-h2/src/test/java/io/kestra/runner/h2/H2ServiceLivenessCoordinatorTest.java,io.kestra.runner.h2.H2ServiceLivenessCoordinatorTest,class,1,1,0,1,0,2,0,0,0,0.0,-1.0,-1.0,0,0,0,0,0,0,0,0,0,0,0,0,0,0,0,0,0,0,0,2,0,0,0,0,0,0,0,0,0,0,0,0,0,0,6,0,0
/Users/kaiohs/Downloads/codes/lab02-experimentacao-software/data/repos/kestra-io__kestra/jdbc-mysql/src/test/java/io/kestra/repository/mysql/MysqlDefaultNamespaceFileMetadataStateStoreTest.java,io.kestra.repository.mysql.MysqlDefaultNamespaceFileMetadataStateStoreTest,class,3,3,0,3,1,2,0,1,0,0.0,NaN,NaN,1,0,1,0,0,0,1,0,0,0,0,0,0,0,0,0,0,0,0,5,0,0,0,0,0,1,0,0,0,0,0,0,0,0,30,1,0
/Users/kaiohs/Downloads/codes/lab02-experimentacao-software/data/repos/kestra-io__kestra/core/src/main/java/io/kestra/plugin/core/flow/ForEach.java,io.kestra.plugin.core.flow.ForEach,class,22,23,1,22,5,3,0,12,4,0.625,0.0,0.0,4,0,4,0,0,0,4,0,0,0,2,0,0,2,0,0,1,0,0,22,5,0,1,0,0,4,2,3,0,4,1,0,0,0,55,1,0
/Users/kaiohs/Downloads/codes/lab02-experimentacao-software/data/repos/kestra-io__kestra/webserver/src/main/java/io/kestra/webserver/models/api/secret/ApiSecretMeta.java,io.kestra.webserver.models.api.secret.ApiSecretMeta,class,4,4,0,4,1,1,0,0,0,0.0,NaN,NaN,1,0,1,0,0,0,1,0,0,0,1,0,0,1,0,0,1,0,0,6,0,0,0,0,0,2,0,1,0,1,0,0,0,0,7,1,0
/Users/kaiohs/Downloads/codes/lab02-experimentacao-software/data/repos/kestra-io__kestra/core/src/test/java/io/kestra/scheduler/vnodes/VNodeConsistentHashRingTest.java,io.kestra.scheduler.vnodes.VNodeConsistentHashRingTest,class,3,3,0,3,7,1,0,22,0,0.0,0.0,0.0,7,0,0,0,0,7,7,0,0,0,1,0,0,1,0,0,0,0,4,49,0,0,0,0,0,14,3,13,0,14,0,0,0,1,38,0,0
/Users/kaiohs/Downloads/codes/lab02-experimentacao-software/data/repos/kestra-io__kestra/executor/src/main/java/io/kestra/executor/SLAService.java,io.kestra.executor.SLAService,class,7,9,2,7,4,1,0,20,1,0.0,0.0,0.0,2,0,2,0,0,0,2,0,0,0,0,0,0,0,0,0,0,0,1,25,5,0,0,2,0,4,0,1,0,5,2,0,0,4,33,1,3
/Users/kaiohs/Downloads/codes/lab02-experimentacao-software/data/repos/kestra-io__kestra/core/src/main/java/io/kestra/core/models/flows/input/ItemTypeInterface.java,io.kestra.core.models.flows.input.ItemTypeInterface,interface,1,5,4,1,1,1,0,0,0,0.0,NaN,NaN,1,0,0,0,0,1,1,0,0,0,0,0,0,0,0,0,0,0,0,3,0,0,0,0,0,0,0,0,0,0,0,0,0,0,4,1,0
/Users/kaiohs/Downloads/codes/lab02-experimentacao-software/data/repos/kestra-io__kestra/core/src/main/java/io/kestra/plugin/core/kv/Key.java,io.kestra.plugin.core.kv.Key,class,10,11,1,10,2,2,0,7,0,0.5,NaN,NaN,1,0,0,0,1,0,1,0,0,0,2,0,0,1,1,0,0,0,0,7,1,0,1,0,1,3,0,2,0,3,0,0,0,1,34,1,0
/Users/kaiohs/Downloads/codes/lab02-experimentacao-software/data/repos/kestra-io__kestra/core/src/main/java/io/kestra/core/repositories/MetricRepositoryInterface.java,io.kestra.core.repositories.MetricRepositoryInterface,interface,10,11,1,10,11,1,0,0,55,0.0,0.0,0.0,11,0,0,0,0,11,11,0,0,0,0,0,0,0,0,0,0,0,0,15,1,0,0,0,0,0,0,0,0,1,0,0,0,1,37,1,0
/Users/kaiohs/Downloads/codes/lab02-experimentacao-software/data/repos/kestra-io__kestra/core/src/test/java/io/kestra/core/docs/JsonSchemaGeneratorTest.java,io.kestra.core.docs.JsonSchemaGeneratorTest$RequiredWithDefault,innerclass,12,12,0,12,0,2,0,4,0,NaN,-1.0,-1.0,0,0,0,0,0,0,0,0,0,0,3,0,0,3,0,0,0,0,0,5,0,0,0,0,0,2,0,2,0,3,0,0,0,0,7,9,0
/Users/kaiohs/Downloads/codes/lab02-experimentacao-software/data/repos/kestra-io__kestra/jdbc-mysql/src/test/java/io/kestra/repository/mysql/MysqlServiceInstanceRepositoryTest.java,io.kestra.repository.mysql.MysqlServiceInstanceRepositoryTest,class,1,1,0,1,0,2,0,0,0,0.0,-1.0,-1.0,0,0,0,0,0,0,0,0,0,0,0,0,0,0,0,0,0,0,0,2,0,0,0,0,0,0,0,0,0,0,0,0,0,0,7,1,0
/Users/kaiohs/Downloads/codes/lab02-experimentacao-software/data/repos/kestra-io__kestra/scheduler/src/main/java/io/kestra/scheduler/stores/DefaultFlowMetaStore.java,io.kestra.scheduler.stores.DefaultFlowMetaStore,class,5,6,1,5,3,1,0,13,0,0.16666667,0.0,0.0,3,0,3,0,0,0,3,0,0,0,2,0,0,2,0,0,2,0,1,14,2,0,0,0,0,0,0,2,0,3,0,0,0,1,23,1,0
/Users/kaiohs/Downloads/codes/lab02-experimentacao-software/data/repos/kestra-io__kestra/worker/src/main/java/io/kestra/worker/senders/GrpcWorkerIOSender.java,io.kestra.worker.senders.GrpcWorkerIOSender$SendStrategy,enum,0,0,0,0,0,1,0,0,0,0.0,-1.0,-1.0,0,0,0,0,0,0,0,0,0,0,0,0,0,0,0,0,0,0,0,3,0,0,0,0,0,0,0,0,0,0,0,0,0,0,25,0,0
/Users/kaiohs/Downloads/codes/lab02-experimentacao-software/data/repos/kestra-io__kestra/core/src/test/java/io/kestra/core/models/property/DynamicPropertyExampleTask.java,io.kestra.core.models.property.DynamicPropertyExampleTask,class,18,19,1,18,1,2,0,19,0,0.0,NaN,NaN,1,0,1,0,0,0,1,0,0,0,8,0,0,8,0,0,0,0,1,32,1,0,0,0,0,2,1,7,0,14,0,0,2,1,29,1,0
/Users/kaiohs/Downloads/codes/lab02-experimentacao-software/data/repos/kestra-io__kestra/core/src/test/java/io/kestra/plugin/core/execution/SetVariablesTest.java,io.kestra.plugin.core.execution.SetVariablesTest,class,6,6,0,6,2,1,0,10,1,0.5,0.0,0.0,2,0,0,0,0,2,2,0,0,0,1,0,0,1,0,0,0,0,0,13,0,0,0,0,1,5,3,0,0,1,0,0,0,0,23,0,0
/Users/kaiohs/Downloads/codes/lab02-experimentacao-software/data/repos/kestra-io__kestra/core/src/test/java/io/kestra/scheduler/utils/TestVNodeAssignmentListener.java,io.kestra.scheduler.utils.TestVNodeAssignmentListener,class,1,2,1,1,4,1,0,1,2,0.5,0.0,0.0,4,0,4,0,0,0,4,0,0,0,2,0,0,0,0,2,1,0,0,16,2,0,0,0,0,0,1,2,0,2,0,0,0,0,16,1,0
/Users/kaiohs/Downloads/codes/lab02-experimentacao-software/data/repos/kestra-io__kestra/core/src/main/java/io/kestra/core/models/executions/NextTaskRun.java,io.kestra.core.models.executions.NextTaskRun,class,5,6,1,5,0,1,0,0,0,NaN,-1.0,-1.0,0,0,0,0,0,0,0,0,0,0,2,0,0,0,0,2,0,0,0,4,0,0,0,0,0,0,0,0,0,2,0,0,0,0,4,1,0
/Users/kaiohs/Downloads/codes/lab02-experimentacao-software/data/repos/kestra-io__kestra/core/src/test/java/io/kestra/core/runners/test/WorkerTaskResultTooLarge.java,io.kestra.core.runners.test.WorkerTaskResultTooLarge,class,12,12,0,12,1,2,0,4,0,0.0,NaN,NaN,1,0,1,0,0,0,1,0,0,0,0,0,0,0,0,0,0,0,1,10,1,0,0,0,0,0,1,1,0,1,0,0,1,0,11,1,0
/Users/kaiohs/Downloads/codes/lab02-experimentacao-software/data/repos/kestra-io__kestra/core/src/main/java/io/kestra/core/server/DefaultServiceLivenessUpdater.java,io.kestra.core.server.DefaultServiceLivenessUpdater,class,10,11,1,10,7,1,0,14,4,0.4,0.0,0.0,5,0,3,2,0,0,3,0,0,0,1,0,0,1,0,0,1,0,2,29,5,0,0,0,0,0,0,5,0,5,1,0,0,0,51,1,0
/Users/kaiohs/Downloads/codes/lab02-experimentacao-software/data/repos/kestra-io__kestra/core/src/main/java/io/kestra/core/runners/pebble/functions/MonthOfYearFunction.java,io.kestra.core.runners.pebble.functions.MonthOfYearFunction,class,4,5,1,4,5,1,0,8,3,1.0,0.0,0.0,3,0,3,0,0,0,3,0,0,0,1,1,1,0,0,0,1,0,1,25,3,0,1,1,0,6,0,4,1,4,1,0,0,0,52,1,0
/Users/kaiohs/Downloads/codes/lab02-experimentacao-software/data/repos/kestra-io__kestra/core/src/test/java/io/kestra/core/runners/EmptyVariablesTest.java,io.kestra.core.runners.EmptyVariablesTest,class,7,7,0,7,1,1,0,10,0,0.0,NaN,NaN,1,0,0,0,0,1,1,0,0,0,2,0,0,2,0,0,0,0,0,10,0,0,0,0,0,7,1,1,0,5,0,0,0,1,22,1,0
/Users/kaiohs/Downloads/codes/lab02-experimentacao-software/data/repos/kestra-io__kestra/core/src/test/java/io/kestra/core/runners/TaskCacheTest.java,io.kestra.core.runners.TaskCacheTest,class,11,11,0,11,3,2,0,12,1,0.44444445,0.0,0.0,3,0,0,0,0,3,3,0,0,0,3,1,0,2,0,1,1,0,1,40,0,0,0,0,0,19,11,5,0,7,0,0,1,0,41,1,0
/Users/kaiohs/Downloads/codes/lab02-experimentacao-software/data/repos/kestra-io__kestra/jdbc-mysql/src/main/java/io/kestra/repository/mysql/MysqlKvMetadataRepository.java,io.kestra.repository.mysql.MysqlKvMetadataRepository,class,9,9,0,9,2,4,0,1,1,0.0,0.0,0.0,2,0,1,0,1,0,2,0,0,0,0,0,0,0,0,0,0,0,1,8,1,0,0,0,0,1,0,0,0,0,0,0,0,0,10,1,0
/Users/kaiohs/Downloads/codes/lab02-experimentacao-software/data/repos/kestra-io__kestra/jdbc-h2/src/main/java/io/kestra/runner/h2/H2Functions.java,io.kestra.runner.h2.H2Functions,class,8,10,2,8,14,1,0,19,45,0.9,0.0,0.0,10,10,6,4,0,0,7,0,0,0,2,2,0,2,0,0,2,0,10,55,13,0,0,0,1,0,0,8,0,8,1,0,0,0,34,1,0
/Users/kaiohs/Downloads/codes/lab02-experimentacao-software/data/repos/kestra-io__kestra/core/src/main/java/io/kestra/core/utils/Rethrow.java,io.kestra.core.utils.Rethrow$PredicateChecked,interface,1,1,0,1,1,1,0,0,0,0.0,NaN,NaN,1,0,0,0,0,1,1,0,0,0,0,0,0,0,0,0,0,0,0,3,0,0,0,0,0,0,0,0,0,0,0,0,0,0,5,1,0
/Users/kaiohs/Downloads/codes/lab02-experimentacao-software/data/repos/kestra-io__kestra/core/src/main/java/io/kestra/core/models/flows/RenderableInput.java,io.kestra.core.models.flows.RenderableInput,interface,3,6,3,3,3,1,0,1,1,0.0,0.0,0.0,2,1,0,0,0,2,2,0,0,0,0,0,0,0,0,0,0,0,0,6,1,0,0,0,0,0,0,0,0,0,0,0,0,0,28,1,0
/Users/kaiohs/Downloads/codes/lab02-experimentacao-software/data/repos/kestra-io__kestra/core/src/main/java/io/kestra/core/validations/validator/DataChartKPIValidator.java,io.kestra.core.validations.validator.DataChartKPIValidator,class,8,8,0,8,8,1,0,12,0,0.0,NaN,NaN,1,0,1,0,0,0,1,0,0,0,1,0,0,1,0,0,0,0,1,25,3,0,4,0,0,6,0,1,1,2,2,0,0,0,26,1,0
/Users/kaiohs/Downloads/codes/lab02-experimentacao-software/data/repos/kestra-io__kestra/core/src/test/java/io/kestra/core/models/collectors/ServiceUsageTest.java,io.kestra.core.models.collectors.ServiceUsageTest,class,3,3,0,3,2,1,0,23,0,0.0,NaN,NaN,1,0,0,0,0,1,1,0,0,0,0,0,0,0,0,0,0,0,8,18,0,1,0,0,0,0,4,10,0,8,1,0,0,0,19,0,0
/Users/kaiohs/Downloads/codes/lab02-experimentacao-software/data/repos/kestra-io__kestra/core/src/main/java/io/kestra/core/models/HasSource.java,io.kestra.core.models.HasSource,interface,4,6,2,4,11,1,0,24,6,0.0,0.0,0.0,4,3,0,1,0,3,3,0,0,0,0,0,0,0,0,0,0,0,3,45,2,3,1,3,1,7,1,11,2,11,5,0,0,0,83,1,0
/Users/kaiohs/Downloads/codes/lab02-experimentacao-software/data/repos/kestra-io__kestra/core/src/main/java/io/kestra/plugin/core/flow/Switch.java,io.kestra.plugin.core.flow.Switch,class,26,27,1,26,14,2,0,37,2,0.55,0.0,0.0,8,0,7,1,0,0,7,0,0,0,5,0,0,3,2,0,0,0,11,38,8,0,6,0,0,5,0,2,0,10,0,0,1,3,59,1,0
/Users/kaiohs/Downloads/codes/lab02-experimentacao-software/data/repos/kestra-io__kestra/executor/src/main/java/io/kestra/executor/ExecutionDelayStateStore.java,io.kestra.executor.ExecutionDelayStateStore,interface,1,4,3,1,2,1,0,0,1,0.0,0.0,0.0,2,0,0,0,0,2,2,0,0,0,0,0,0,0,0,0,0,0,0,4,0,0,0,0,0,0,0,0,0,0,0,0,0,0,50,1,0
/Users/kaiohs/Downloads/codes/lab02-experimentacao-software/data/repos/kestra-io__kestra/core/src/main/java/io/kestra/core/services/ExecutionService.java,io.kestra.core.services.ExecutionService,class,46,50,4,46,129,1,0,170,664,0.9166667,0.0,0.0,40,0,32,8,0,0,32,0,0,0,9,0,0,9,0,0,0,0,20,496,66,2,34,3,7,24,1,99,9,154,5,0,1,66,276,1,3
/Users/kaiohs/Downloads/codes/lab02-experimentacao-software/data/repos/kestra-io__kestra/core/src/test/java/io/kestra/plugin/core/log/PurgeLogsTest.java,io.kestra.plugin.core.log.PurgeLogsTest,class,12,12,0,12,5,1,0,31,0,0.2,0.0,0.0,5,1,0,0,0,5,5,0,0,0,3,0,0,2,1,0,0,0,12,41,1,0,0,0,0,60,14,7,0,10,0,0,0,0,59,0,0
/Users/kaiohs/Downloads/codes/lab02-experimentacao-software/data/repos/kestra-io__kestra/core/src/test/java/io/kestra/core/services/PluginDefaultServiceTest.java,io.kestra.core.services.PluginDefaultServiceTest$DefaultTester$Lists,innerclass,2,2,0,2,0,1,0,0,0,NaN,-1.0,-1.0,0,0,0,0,0,0,0,0,0,0,1,0,0,1,0,0,0,0,0,3,0,0,0,0,0,0,0,0,0,1,0,0,0,0,2,9,0
/Users/kaiohs/Downloads/codes/lab02-experimentacao-software/data/repos/kestra-io__kestra/cli/src/main/java/io/kestra/cli/commands/migrations/metadata/NsFilesMetadataMigrationCommand.java,io.kestra.cli.commands.migrations.metadata.NsFilesMetadataMigrationCommand,class,7,8,1,7,2,3,0,6,0,0.0,NaN,NaN,1,0,1,0,0,0,1,0,0,0,2,0,1,1,0,0,0,0,0,17,2,0,0,1,0,8,2,1,1,2,1,0,0,0,24,1,0
/Users/kaiohs/Downloads/codes/lab02-experimentacao-software/data/repos/kestra-io__kestra/core/src/test/java/io/kestra/core/runners/pebble/filters/DistinctFilterTest.java,io.kestra.core.runners.pebble.filters.DistinctFilterTest,class,6,6,0,6,3,1,0,16,0,0.0,0.0,0.0,3,0,0,0,0,3,3,0,0,0,1,0,0,0,0,1,0,0,7,34,0,0,0,0,0,39,15,6,0,5,1,0,0,2,29,0,0
/Users/kaiohs/Downloads/codes/lab02-experimentacao-software/data/repos/kestra-io__kestra/core/src/test/java/io/kestra/plugin/core/condition/WeekendTest.java,io.kestra.plugin.core.condition.WeekendTest,class,9,9,0,9,3,1,0,15,1,0.5,0.0,0.0,2,1,0,0,0,2,2,0,0,0,1,0,0,0,0,1,0,0,4,13,1,0,0,0,0,6,0,4,0,5,0,0,0,0,17,0,0
/Users/kaiohs/Downloads/codes/lab02-experimentacao-software/data/repos/kestra-io__kestra/core/src/main/java/io/kestra/plugin/core/namespace/FilesPurgeBehavior.java,io.kestra.plugin.core.namespace.FilesPurgeBehavior,class,9,11,2,9,2,1,1,0,1,0.0,0.0,0.0,2,0,1,0,1,0,2,2,0,0,0,0,0,0,0,0,0,0,0,4,0,0,0,0,0,2,0,0,0,0,0,0,0,0,16,1025,0
/Users/kaiohs/Downloads/codes/lab02-experimentacao-software/data/repos/kestra-io__kestra/webserver/src/main/java/io/kestra/webserver/controllers/api/ExecutionController.java,io.kestra.webserver.controllers.api.ExecutionController$ExecutionResponse,innerclass,12,12,0,12,2,2,0,22,0,0.0,0.0,0.0,2,1,1,0,0,1,2,0,0,0,1,0,0,1,0,0,1,0,0,10,1,0,0,0,0,0,0,1,0,1,0,0,0,0,15,9,0
/Users/kaiohs/Downloads/codes/lab02-experimentacao-software/data/repos/kestra-io__kestra/core/src/test/java/io/kestra/core/runners/pebble/filters/SlugifyFilterTest.java,io.kestra.core.runners.pebble.filters.SlugifyFilterTest,class,4,4,0,4,1,1,0,4,0,0.0,NaN,NaN,1,0,0,0,0,1,1,0,0,0,1,0,0,0,0,1,0,0,1,7,0,0,0,0,0,2,0,1,0,2,0,0,0,0,14,0,0
/Users/kaiohs/Downloads/codes/lab02-experimentacao-software/data/repos/kestra-io__kestra/core/src/test/java/io/kestra/core/runners/pebble/filters/UrlDecodeFilter.java,io.kestra.core.runners.pebble.filters.UrlDecodeFilter,class,4,4,0,4,1,1,0,4,0,0.0,NaN,NaN,1,0,0,0,0,1,1,0,0,0,1,0,0,0,0,1,0,0,1,7,0,0,0,0,0,2,0,1,0,2,0,0,0,0,15,0,0
/Users/kaiohs/Downloads/codes/lab02-experimentacao-software/data/repos/kestra-io__kestra/core/src/main/java/io/kestra/core/models/flows/GenericFlow.java,io.kestra.core.models.flows.GenericFlow,class,18,21,3,18,7,2,0,13,19,0.8809524,0.0,0.0,7,2,7,0,0,0,7,0,0,0,6,0,0,6,0,0,0,0,6,30,5,0,0,0,0,1,0,2,0,7,0,0,0,0,75,1,0
/Users/kaiohs/Downloads/codes/lab02-experimentacao-software/data/repos/kestra-io__kestra/core/src/test/java/io/kestra/core/runners/pebble/expression/InExpressionTest.java,io.kestra.core.runners.pebble.expression.InExpressionTest,class,4,4,0,4,2,1,0,5,0,0.0,0.0,0.0,2,0,0,0,0,2,2,0,0,0,1,0,0,0,0,1,0,0,1,21,0,0,0,0,0,16,0,6,0,5,0,0,0,0,21,1,0
/Users/kaiohs/Downloads/codes/lab02-experimentacao-software/data/repos/kestra-io__kestra/core/src/main/java/io/kestra/core/runners/RunContextFactory.java,io.kestra.core.runners.RunContextFactory,class,34,53,19,34,20,1,1,62,78,0.8602941,0.0,0.0,16,0,13,2,1,0,14,0,0,0,17,0,0,5,12,0,0,0,5,89,17,0,3,0,0,2,0,6,0,25,1,1,0,2,66,1,0
/Users/kaiohs/Downloads/codes/lab02-experimentacao-software/data/repos/kestra-io__kestra/core/src/main/java/io/kestra/plugin/core/dashboard/data/IFlows.java,io.kestra.plugin.core.dashboard.data.IFlows,interface,4,6,2,4,4,1,0,12,0,0.0,NaN,NaN,1,0,0,0,0,1,1,0,0,0,0,0,0,0,0,0,0,0,0,18,2,0,1,0,0,0,0,2,0,5,2,0,1,3,24,1,0
/Users/kaiohs/Downloads/codes/lab02-experimentacao-software/data/repos/kestra-io__kestra/cli/src/main/java/io/kestra/cli/services/DefaultStartupHook.java,io.kestra.cli.services.DefaultStartupHook,class,11,12,1,11,5,1,0,4,1,0.33333334,NaN,NaN,3,0,1,2,0,0,1,0,0,0,1,0,0,1,0,0,0,0,0,15,0,0,0,0,1,0,0,0,0,2,1,0,0,1,19,1,0
/Users/kaiohs/Downloads/codes/lab02-experimentacao-software/data/repos/kestra-io__kestra/core/src/main/java/io/kestra/plugin/core/flow/LoopUntil.java,io.kestra.plugin.core.flow.LoopUntil$Output,innerclass,3,3,0,3,0,1,0,0,0,NaN,-1.0,-1.0,0,0,0,0,0,0,0,0,0,0,1,0,0,1,0,0,0,0,0,3,0,0,0,0,0,0,0,0,0,1,0,0,0,0,4,9,0
/Users/kaiohs/Downloads/codes/lab02-experimentacao-software/data/repos/kestra-io__kestra/core/src/test/java/io/kestra/core/tasks/test/Read.java,io.kestra.core.tasks.test.Read,class,12,12,0,12,1,2,0,9,0,0.0,NaN,NaN,1,0,1,0,0,0,1,0,0,0,1,0,0,1,0,0,0,0,2,9,1,0,0,0,0,0,0,0,0,1,0,0,1,0,7,1,0
/Users/kaiohs/Downloads/codes/lab02-experimentacao-software/data/repos/kestra-io__kestra/core/src/main/java/io/kestra/core/docs/ClassPluginDocumentation.java,io.kestra.core.docs.ClassPluginDocumentation,class,11,13,2,11,16,2,0,28,3,0.6666666,NaN,NaN,3,1,1,2,0,0,1,0,0,0,10,1,0,9,1,0,1,0,3,54,1,0,6,0,0,11,2,16,2,14,1,0,1,2,39,1,0
/Users/kaiohs/Downloads/codes/lab02-experimentacao-software/data/repos/kestra-io__kestra/core/src/test/java/io/kestra/plugin/core/kv/PurgeKVTest.java,io.kestra.plugin.core.kv.PurgeKVTest,class,19,20,1,19,15,1,0,59,0,0.73333335,0.0,0.0,15,0,0,2,1,12,13,0,0,0,11,7,7,0,0,4,7,0,31,158,0,0,0,0,0,69,27,55,4,58,0,0,0,2,118,1,0
/Users/kaiohs/Downloads/codes/lab02-experimentacao-software/data/repos/kestra-io__kestra/core/src/main/java/io/kestra/core/plugins/PluginCatalogService.java,io.kestra.core.plugins.PluginCatalogService,class,16,18,2,16,30,1,0,82,13,0.7142858,0.0,0.0,7,0,5,2,0,0,5,0,0,1,10,1,0,10,0,0,7,0,22,135,10,0,5,4,0,29,2,37,4,39,4,0,0,10,121,1,6
/Users/kaiohs/Downloads/codes/lab02-experimentacao-software/data/repos/kestra-io__kestra/core/src/main/java/io/kestra/core/runners/FlowMetaStoreInterface.java,io.kestra.core.runners.FlowMetaStoreInterface,interface,5,9,4,5,7,1,0,7,15,0.0,0.0,0.0,6,0,0,0,0,6,6,0,0,0,0,0,0,0,0,0,0,0,2,15,3,0,1,0,0,0,0,0,0,0,1,0,0,0,64,1,0
/Users/kaiohs/Downloads/codes/lab02-experimentacao-software/data/repos/kestra-io__kestra/executor/src/main/java/io/kestra/executor/ExecutorMapper.java,io.kestra.executor.ExecutorMapper,class,4,5,1,4,3,1,0,7,3,0.8888889,NaN,NaN,3,2,1,2,0,0,1,0,0,0,3,3,0,3,0,0,3,0,3,28,2,0,0,0,0,2,0,5,0,5,0,2,0,0,33,16,0
/Users/kaiohs/Downloads/codes/lab02-experimentacao-software/data/repos/kestra-io__kestra/worker/src/main/java/io/kestra/worker/queues/AbstractDelegateWorkerQueue.java,io.kestra.worker.queues.AbstractDelegateWorkerQueue,class,2,3,1,2,7,1,0,7,0,0.0,0.0,0.0,7,0,7,0,0,0,7,0,0,0,1,0,0,1,0,0,1,0,1,24,5,0,0,0,0,1,0,1,0,1,0,0,0,0,20,1025,0
/Users/kaiohs/Downloads/codes/lab02-experimentacao-software/data/repos/kestra-io__kestra/core/src/test/java/io/kestra/core/runners/VariableRendererTest.java,io.kestra.core.runners.VariableRendererTest$TestVariableRenderer,innerclass,3,3,0,3,2,2,0,0,1,0.0,0.0,0.0,2,0,1,0,1,0,2,0,0,0,0,0,0,0,0,0,0,0,0,8,1,0,0,0,0,1,0,0,0,0,0,0,0,0,13,9,0
/Users/kaiohs/Downloads/codes/lab02-experimentacao-software/data/repos/kestra-io__kestra/core/src/main/java/io/kestra/core/models/flows/sla/ExecutionChangedSLA.java,io.kestra.core.models.flows.sla.ExecutionChangedSLA,interface,0,1,1,0,0,1,0,0,0,0.0,-1.0,-1.0,0,0,0,0,0,0,0,0,0,0,0,0,0,0,0,0,0,0,0,2,0,0,0,0,0,0,0,0,0,0,0,0,0,0,22,1,0
/Users/kaiohs/Downloads/codes/lab02-experimentacao-software/data/repos/kestra-io__kestra/core/src/test/java/io/kestra/core/validations/PluginDefaultValidationTest.java,io.kestra.core.validations.PluginDefaultValidationTest,class,6,6,0,6,5,1,0,11,0,0.0,0.0,0.0,5,0,0,0,0,5,5,0,0,0,1,0,0,1,0,0,0,0,3,30,0,0,0,0,0,12,0,11,0,12,0,0,0,0,23,0,0
/Users/kaiohs/Downloads/codes/lab02-experimentacao-software/data/repos/kestra-io__kestra/core/src/main/java/io/kestra/core/models/executions/ExecutionKilledExecution.java,io.kestra.core.models.executions.ExecutionKilledExecution,class,12,13,1,12,3,2,0,4,0,0.75,0.0,0.0,2,0,2,0,0,0,2,0,0,0,4,0,0,0,1,3,0,0,0,14,2,0,1,0,1,1,0,3,0,6,0,0,0,0,35,1,0
/Users/kaiohs/Downloads/codes/lab02-experimentacao-software/data/repos/kestra-io__kestra/worker-controller/src/main/java/io/kestra/controller/grpc/services/GrpcConnectControllerService.java,io.kestra.controller.grpc.services.GrpcConnectControllerService,class,11,11,0,11,5,2,0,15,0,0.16666667,0.0,0.0,2,0,2,0,0,0,2,0,0,0,3,1,1,2,0,0,3,0,0,23,0,0,2,0,0,4,0,6,0,6,1,0,0,0,64,1,3
/Users/kaiohs/Downloads/codes/lab02-experimentacao-software/data/repos/kestra-io__kestra/core/src/main/java/io/kestra/core/scheduler/vnodes/VNodesAssigner.java,io.kestra.core.scheduler.vnodes.VNodesAssigner$VNodeAssignmentListener$Anonymous1,anonymous,0,0,0,0,2,1,0,0,1,0.0,0.0,0.0,2,0,2,0,0,0,2,0,0,0,0,0,0,0,0,0,0,0,0,6,0,0,0,0,0,0,0,0,0,0,0,0,0,0,6,-1,0
/Users/kaiohs/Downloads/codes/lab02-experimentacao-software/data/repos/kestra-io__kestra/jdbc-mysql/src/main/java/io/kestra/repository/mysql/MysqlTriggerRepository.java,io.kestra.repository.mysql.MysqlTriggerRepository,class,12,12,0,12,4,4,0,4,3,0.0,0.0,0.0,3,0,1,0,2,0,3,0,0,0,0,0,0,0,0,0,0,0,2,11,2,0,1,0,0,5,0,0,0,0,0,0,0,0,18,1,0
/Users/kaiohs/Downloads/codes/lab02-experimentacao-software/data/repos/kestra-io__kestra/core/src/test/java/io/kestra/core/runners/test/TaskThatFail.java,io.kestra.core.runners.test.TaskThatFail$Output,innerclass,3,3,0,3,0,1,0,0,0,NaN,-1.0,-1.0,0,0,0,0,0,0,0,0,0,0,1,0,0,1,0,0,0,0,0,3,0,0,0,0,0,0,0,0,0,1,0,0,0,0,2,9,0
/Users/kaiohs/Downloads/codes/lab02-experimentacao-software/data/repos/kestra-io__kestra/core/src/test/java/io/kestra/plugin/core/flow/VariablesTest.java,io.kestra.plugin.core.flow.VariablesTest,class,11,11,0,11,3,1,0,19,3,0.6666667,0.0,0.0,3,0,0,0,0,3,3,0,0,0,3,0,0,2,0,1,0,0,0,25,0,0,0,0,0,19,5,3,0,7,0,0,0,1,38,0,0
/Users/kaiohs/Downloads/codes/lab02-experimentacao-software/data/repos/kestra-io__kestra/core/src/main/java/io/kestra/core/runners/pebble/filters/ValuesFilter.java,io.kestra.core.runners.pebble.filters.ValuesFilter,class,4,5,1,4,4,1,0,4,1,0.0,0.0,0.0,2,0,2,0,0,0,2,0,0,0,0,0,0,0,0,0,0,0,0,14,3,0,1,0,0,2,0,0,1,0,1,0,0,0,25,1,0
/Users/kaiohs/Downloads/codes/lab02-experimentacao-software/data/repos/kestra-io__kestra/core/src/test/java/io/kestra/core/models/tasks/runners/TaskRunnerTest.java,io.kestra.core.models.tasks.runners.TaskRunnerTest,class,10,10,0,10,1,2,0,8,0,0.25,NaN,NaN,1,0,0,0,0,1,1,0,0,0,4,2,2,0,0,2,2,0,4,93,0,0,0,0,0,34,0,7,0,8,0,0,2,0,39,1,0
/Users/kaiohs/Downloads/codes/lab02-experimentacao-software/data/repos/kestra-io__kestra/core/src/main/java/io/kestra/core/runners/LocalPathFactory.java,io.kestra.core.runners.LocalPathFactory$RunContextLocalPath,innerclass,2,2,0,2,5,2,0,10,0,0.0,0.0,0.0,2,0,0,0,1,1,2,0,0,0,2,0,0,2,0,0,2,0,2,19,1,0,0,0,0,7,0,5,1,5,2,0,0,0,39,8,0
/Users/kaiohs/Downloads/codes/lab02-experimentacao-software/data/repos/kestra-io__kestra/core/src/main/java/io/kestra/core/runners/FlowInputOutput.java,io.kestra.core.runners.FlowInputOutput$ResolvableInput,innerclass,6,6,0,6,11,1,0,8,0,0.5,0.0,0.0,11,1,8,3,0,0,8,0,0,0,2,0,0,2,0,0,0,0,1,41,3,0,0,0,0,0,0,8,0,2,0,0,0,0,36,10,0
/Users/kaiohs/Downloads/codes/lab02-experimentacao-software/data/repos/kestra-io__kestra/queue/src/test/java/io/kestra/queue/AbstractKeyedDispatchQueueTest.java,io.kestra.queue.AbstractKeyedDispatchQueueTest,class,8,10,2,8,7,2,2,47,0,0.25,0.0,0.0,4,0,1,0,0,3,4,0,0,0,2,1,0,2,0,0,1,0,7,75,0,3,0,0,0,19,30,22,12,31,2,0,0,8,50,1025,0
/Users/kaiohs/Downloads/codes/lab02-experimentacao-software/data/repos/kestra-io__kestra/core/src/test/java/io/kestra/core/models/executions/VariablesTest.java,io.kestra.core.models.executions.VariablesTest,class,7,7,0,7,2,1,0,9,1,0.5,0.0,0.0,2,0,0,0,0,2,2,0,0,0,2,0,0,2,0,0,0,0,6,33,0,0,0,0,5,33,0,19,0,18,0,0,0,0,24,0,0
/Users/kaiohs/Downloads/codes/lab02-experimentacao-software/data/repos/kestra-io__kestra/core/src/main/java/io/kestra/core/models/dashboards/filters/IsTrue.java,io.kestra.core.models.dashboards.filters.IsTrue,class,10,11,1,10,0,2,0,0,0,NaN,-1.0,-1.0,0,0,0,0,0,0,0,0,0,0,1,0,0,0,1,0,0,0,0,3,0,0,0,0,0,1,0,1,0,1,0,0,0,0,4,1,0
/Users/kaiohs/Downloads/codes/lab02-experimentacao-software/data/repos/kestra-io__kestra/core/src/main/java/io/kestra/core/serializers/FileSerde.java,io.kestra.core.serializers.FileSerde$Anonymous2,anonymous,0,0,0,0,0,1,0,0,0,0.0,-1.0,-1.0,0,0,0,0,0,0,0,0,0,0,0,0,0,0,0,0,0,0,0,2,0,0,0,0,0,0,0,0,0,0,0,0,0,0,0,-1,0
/Users/kaiohs/Downloads/codes/lab02-experimentacao-software/data/repos/kestra-io__kestra/core/src/test/java/io/kestra/core/runners/RestartCaseTest.java,io.kestra.core.runners.RestartCaseTest,class,10,11,1,10,27,1,0,55,0,0.16666667,0.0,0.0,12,0,12,0,0,0,12,0,0,0,4,0,0,3,1,0,0,0,17,228,0,0,15,0,0,43,58,65,0,86,0,0,0,22,80,1,0
/Users/kaiohs/Downloads/codes/lab02-experimentacao-software/data/repos/kestra-io__kestra/core/src/main/java/io/kestra/core/models/dashboards/filters/IsNull.java,io.kestra.core.models.dashboards.filters.IsNull,class,10,11,1,10,0,2,0,0,0,NaN,-1.0,-1.0,0,0,0,0,0,0,0,0,0,0,1,0,0,0,1,0,0,0,0,3,0,0,0,0,0,1,0,1,0,1,0,0,0,0,4,1,0
/Users/kaiohs/Downloads/codes/lab02-experimentacao-software/data/repos/kestra-io__kestra/core/src/main/java/io/kestra/core/serializers/FileSerde.java,io.kestra.core.serializers.FileSerde$Anonymous1,anonymous,0,0,0,0,0,1,0,0,0,0.0,-1.0,-1.0,0,0,0,0,0,0,0,0,0,0,0,0,0,0,0,0,0,0,0,2,0,0,0,0,0,0,0,0,0,0,0,0,0,0,0,-1,0
/Users/kaiohs/Downloads/codes/lab02-experimentacao-software/data/repos/kestra-io__kestra/core/src/main/java/io/kestra/core/validations/validator/ExecutionsDataFilterKPIValidator.java,io.kestra.core.validations.validator.ExecutionsDataFilterKPIValidator,class,7,7,0,7,7,1,0,12,0,0.0,NaN,NaN,1,0,1,0,0,0,1,0,0,0,0,0,0,0,0,0,0,0,1,25,3,0,5,0,0,4,0,1,1,2,2,0,0,1,22,1,0
/Users/kaiohs/Downloads/codes/lab02-experimentacao-software/data/repos/kestra-io__kestra/core/src/main/java/io/kestra/core/runners/pebble/functions/RenderFunction.java,io.kestra.core.runners.pebble.functions.RenderFunction,class,11,14,3,11,8,1,1,21,6,0.875,0.0,0.0,4,0,4,0,0,0,4,0,0,0,2,1,1,1,0,0,1,0,2,34,4,0,1,1,2,14,0,6,0,9,1,0,0,2,47,1,0
/Users/kaiohs/Downloads/codes/lab02-experimentacao-software/data/repos/kestra-io__kestra/core/src/main/java/io/kestra/plugin/core/condition/ExecutionStatus.java,io.kestra.plugin.core.condition.ExecutionStatus,class,16,16,0,16,6,2,0,9,0,0.0,NaN,NaN,1,0,1,0,0,0,1,0,0,0,2,0,0,2,0,0,0,0,0,20,1,0,1,0,0,7,0,6,0,6,1,0,0,0,42,1,0
/Users/kaiohs/Downloads/codes/lab02-experimentacao-software/data/repos/kestra-io__kestra/webserver/src/main/java/io/kestra/webserver/controllers/api/FlowController.java,io.kestra.webserver.controllers.api.FlowController,class,70,71,1,70,87,1,0,122,104,0.8018293,0.0,0.0,41,0,33,0,8,0,41,0,0,0,8,0,0,8,0,0,0,0,19,349,48,2,12,11,4,238,5,51,12,81,3,0,1,26,257,1,4
/Users/kaiohs/Downloads/codes/lab02-experimentacao-software/data/repos/kestra-io__kestra/jdbc-h2/src/test/java/reports/H2FeatureUsageReportTest.java,reports.H2FeatureUsageReportTest,class,2,2,0,2,0,2,0,0,0,0.0,-1.0,-1.0,0,0,0,0,0,0,0,0,0,0,0,0,0,0,0,0,0,0,0,2,0,0,0,0,0,0,0,0,0,0,0,0,0,0,6,0,0
/Users/kaiohs/Downloads/codes/lab02-experimentacao-software/data/repos/kestra-io__kestra/core/src/test/java/io/kestra/plugin/core/flow/CorrelationIdTest.java,io.kestra.plugin.core.flow.CorrelationIdTest,class,7,7,0,7,1,1,0,18,0,0.0,NaN,NaN,1,0,0,0,0,1,1,0,0,0,1,0,0,1,0,0,0,0,0,17,0,0,0,0,0,13,0,5,0,9,0,0,0,4,25,0,0
/Users/kaiohs/Downloads/codes/lab02-experimentacao-software/data/repos/kestra-io__kestra/core/src/main/java/io/kestra/core/services/MaintenanceService.java,io.kestra.core.services.MaintenanceService,interface,3,9,6,3,2,1,0,0,1,0.0,0.0,0.0,2,0,0,0,0,2,2,0,0,0,0,0,0,0,0,0,0,0,0,18,0,0,0,0,0,0,0,0,0,0,0,0,2,0,24,1,0
/Users/kaiohs/Downloads/codes/lab02-experimentacao-software/data/repos/kestra-io__kestra/core/src/test/java/io/kestra/core/reporter/reports/SystemInformationReportTest.java,io.kestra.core.reporter.reports.SystemInformationReportTest,class,5,5,0,5,1,1,0,20,0,0.0,NaN,NaN,1,0,0,0,0,1,1,0,0,0,1,0,0,1,0,0,0,0,1,39,0,0,0,0,0,4,0,1,0,2,0,0,1,0,10,0,0
/Users/kaiohs/Downloads/codes/lab02-experimentacao-software/data/repos/kestra-io__kestra/core/src/main/java/io/kestra/plugin/core/kv/Delete.java,io.kestra.plugin.core.kv.Delete$Output,innerclass,4,4,0,4,0,1,0,0,0,NaN,-1.0,-1.0,0,0,0,0,0,0,0,0,0,0,1,0,0,1,0,0,1,0,0,3,0,0,0,0,0,1,0,0,0,1,0,0,0,0,12,9,0
/Users/kaiohs/Downloads/codes/lab02-experimentacao-software/data/repos/kestra-io__kestra/jdbc-mysql/src/main/java/io/kestra/repository/mysql/MysqlNamespaceFileMetadataRepository.java,io.kestra.repository.mysql.MysqlNamespaceFileMetadataRepository,class,9,9,0,9,2,3,0,1,1,0.0,0.0,0.0,2,0,1,0,1,0,2,0,0,0,0,0,0,0,0,0,0,0,1,8,1,0,0,0,0,1,0,0,0,0,0,0,0,0,11,1,0
/Users/kaiohs/Downloads/codes/lab02-experimentacao-software/data/repos/kestra-io__kestra/core/src/main/java/io/kestra/core/serializers/JacksonMapper.java,io.kestra.core.serializers.JacksonMapper$Anonymous1,anonymous,0,0,0,0,0,1,0,0,0,0.0,-1.0,-1.0,0,0,0,0,0,0,0,0,0,0,0,0,0,0,0,0,0,0,0,2,0,0,0,0,0,0,0,0,0,0,0,0,0,0,0,-1,0
/Users/kaiohs/Downloads/codes/lab02-experimentacao-software/data/repos/kestra-io__kestra/core/src/main/java/io/kestra/core/serializers/JacksonMapper.java,io.kestra.core.serializers.JacksonMapper$Anonymous2,anonymous,0,0,0,0,0,1,0,0,0,0.0,-1.0,-1.0,0,0,0,0,0,0,0,0,0,0,0,0,0,0,0,0,0,0,0,2,0,0,0,0,0,0,0,0,0,0,0,0,0,0,0,-1,0
/Users/kaiohs/Downloads/codes/lab02-experimentacao-software/data/repos/kestra-io__kestra/core/src/main/java/io/kestra/core/serializers/JacksonMapper.java,io.kestra.core.serializers.JacksonMapper$Anonymous3,anonymous,0,0,0,0,0,1,0,0,0,0.0,-1.0,-1.0,0,0,0,0,0,0,0,0,0,0,0,0,0,0,0,0,0,0,0,2,0,0,0,0,0,0,0,0,0,0,0,0,0,0,0,-1,0
/Users/kaiohs/Downloads/codes/lab02-experimentacao-software/data/repos/kestra-io__kestra/jdbc-h2/src/test/java/io/kestra/repository/h2/H2NamespaceFileMetadataRepositoryTest.java,io.kestra.repository.h2.H2NamespaceFileMetadataRepositoryTest,class,1,1,0,1,0,2,0,0,0,0.0,-1.0,-1.0,0,0,0,0,0,0,0,0,0,0,0,0,0,0,0,0,0,0,0,2,0,0,0,0,0,0,0,0,0,0,0,0,0,0,7,1,0
/Users/kaiohs/Downloads/codes/lab02-experimentacao-software/data/repos/kestra-io__kestra/core/src/main/java/io/kestra/core/serializers/JacksonMapper.java,io.kestra.core.serializers.JacksonMapper$Anonymous4,anonymous,0,0,0,0,0,1,0,0,0,0.0,-1.0,-1.0,0,0,0,0,0,0,0,0,0,0,0,0,0,0,0,0,0,0,0,2,0,0,0,0,0,0,0,0,0,0,0,0,0,0,0,-1,0
/Users/kaiohs/Downloads/codes/lab02-experimentacao-software/data/repos/kestra-io__kestra/core/src/main/java/io/kestra/plugin/core/condition/Or.java,io.kestra.plugin.core.condition.Or,class,14,14,0,14,1,2,0,4,0,0.0,NaN,NaN,1,0,1,0,0,0,1,0,0,0,1,0,0,1,0,0,0,0,0,6,1,0,0,0,0,6,0,0,0,2,0,0,0,1,27,1,0
/Users/kaiohs/Downloads/codes/lab02-experimentacao-software/data/repos/kestra-io__kestra/core/src/main/java/io/kestra/core/runners/pebble/filters/ShaBaseFilter.java,io.kestra.core.runners.pebble.filters.ShaBaseFilter,class,6,10,4,6,9,1,3,10,4,0.5,0.0,0.0,4,1,2,1,0,1,3,0,0,0,1,0,0,1,0,0,1,0,3,38,4,1,2,1,1,2,3,5,1,5,2,0,0,0,37,1024,0
/Users/kaiohs/Downloads/codes/lab02-experimentacao-software/data/repos/kestra-io__kestra/cli/src/main/java/io/kestra/cli/commands/configs/sys/ConfigPropertiesCommand.java,io.kestra.cli.commands.configs.sys.ConfigPropertiesCommand,class,7,9,2,7,1,3,0,6,0,0.0,NaN,NaN,1,0,1,0,0,0,1,0,0,0,1,0,0,1,0,0,0,0,1,9,1,0,0,0,0,2,1,1,0,2,0,0,0,0,18,1,0
/Users/kaiohs/Downloads/codes/lab02-experimentacao-software/data/repos/kestra-io__kestra/queue/src/main/java/io/kestra/queue/QueueConfiguration.java,io.kestra.queue.QueueConfiguration$MessageProtection,innerclass,2,2,0,2,0,1,0,0,0,NaN,-1.0,-1.0,0,0,0,0,0,0,0,0,0,0,2,0,0,0,0,2,0,0,0,4,0,0,0,0,0,1,0,1,0,2,0,0,0,0,7,9,0
/Users/kaiohs/Downloads/codes/lab02-experimentacao-software/data/repos/kestra-io__kestra/jdbc-mysql/src/main/java/io/kestra/repository/mysql/MysqlDashboardRepositoryService.java,io.kestra.repository.mysql.MysqlDashboardRepositoryService,class,3,4,1,3,3,1,0,6,0,0.0,NaN,NaN,1,1,1,0,0,0,1,0,0,0,0,0,0,0,0,0,0,0,1,9,1,0,1,0,0,1,0,1,0,1,1,0,0,0,9,1025,0
/Users/kaiohs/Downloads/codes/lab02-experimentacao-software/data/repos/kestra-io__kestra/core/src/test/java/io/kestra/core/validations/DateFormatTest.java,io.kestra.core.validations.DateFormatTest,class,7,7,0,7,2,1,0,14,1,0.5,0.0,0.0,2,1,0,0,0,2,2,0,0,0,1,0,0,1,0,0,0,0,1,17,1,0,0,0,0,16,5,2,0,4,0,0,1,1,20,0,0
/Users/kaiohs/Downloads/codes/lab02-experimentacao-software/data/repos/kestra-io__kestra/webserver/src/test/java/io/kestra/webserver/converters/QueryFilterFormatBinderTest.java,io.kestra.webserver.converters.QueryFilterFormatBinderTest,class,5,5,0,5,15,1,0,22,10,0.0,0.0,0.0,5,0,0,0,0,5,5,0,0,0,0,0,0,0,0,0,0,0,16,39,0,0,10,0,0,28,5,12,0,17,0,0,0,5,34,0,0
/Users/kaiohs/Downloads/codes/lab02-experimentacao-software/data/repos/kestra-io__kestra/core/src/main/java/io/kestra/core/runners/WorkerJobRunning.java,io.kestra.core.runners.WorkerJobRunning,class,12,15,3,12,1,1,2,0,0,1.0,NaN,NaN,1,0,1,0,0,0,1,1,0,0,1,0,0,1,0,0,0,0,0,4,0,0,0,0,0,3,0,0,0,1,0,0,0,0,16,1025,0
/Users/kaiohs/Downloads/codes/lab02-experimentacao-software/data/repos/kestra-io__kestra/core/src/main/java/io/kestra/core/runners/pebble/filters/ClassNameFilter.java,io.kestra.core.runners.pebble.filters.ClassNameFilter,class,3,4,1,3,3,1,0,2,1,0.0,0.0,0.0,2,0,2,0,0,0,2,0,0,0,0,0,0,0,0,0,0,0,0,11,3,0,1,0,0,0,0,0,0,0,1,0,0,0,17,1,0
/Users/kaiohs/Downloads/codes/lab02-experimentacao-software/data/repos/kestra-io__kestra/core/src/main/java/io/kestra/core/models/kv/KVType.java,io.kestra.core.models.kv.KVType,enum,1,2,1,1,1,1,0,0,0,0.0,NaN,NaN,1,1,1,0,0,0,1,0,0,0,0,0,0,0,0,0,0,0,0,3,0,0,0,0,0,0,0,0,0,0,0,0,0,0,11,1,0
/Users/kaiohs/Downloads/codes/lab02-experimentacao-software/data/repos/kestra-io__kestra/core/src/test/java/io/kestra/core/runners/RunContextLoggerTest.java,io.kestra.core.runners.RunContextLoggerTest,class,12,12,0,12,7,1,0,50,0,0.2,0.0,0.0,5,0,0,0,0,5,5,0,0,0,3,0,0,3,0,0,0,0,16,91,0,0,2,0,0,29,11,35,0,52,0,0,0,16,40,0,9
/Users/kaiohs/Downloads/codes/lab02-experimentacao-software/data/repos/kestra-io__kestra/core/src/main/java/io/kestra/core/runners/LocalPathFactory.java,io.kestra.core.runners.LocalPathFactory$DefaultLocalPath,innerclass,1,1,0,1,3,2,0,4,0,0.0,0.0,0.0,2,0,0,0,1,1,2,0,0,0,1,0,0,1,0,0,1,0,1,13,1,0,0,0,0,4,0,2,1,2,1,0,0,0,28,8,0
/Users/kaiohs/Downloads/codes/lab02-experimentacao-software/data/repos/kestra-io__kestra/core/src/main/java/io/kestra/core/models/tasks/metrics/AbstractMetric.java,io.kestra.core.models.tasks.metrics.AbstractMetric,class,17,20,3,17,2,1,3,0,1,0.5,0.0,0.0,2,0,2,0,0,0,2,2,0,0,4,0,0,1,3,0,0,0,0,8,0,0,0,0,0,4,0,0,0,4,0,0,0,0,30,1025,0
/Users/kaiohs/Downloads/codes/lab02-experimentacao-software/data/repos/kestra-io__kestra/executor/src/main/java/io/kestra/executor/DefaultExecutor.java,io.kestra.executor.DefaultExecutor$Anonymous1,anonymous,1,1,0,1,2,1,0,2,1,0.0,0.0,0.0,2,0,2,0,0,0,2,0,0,0,0,0,0,0,0,0,0,0,0,8,0,0,0,0,0,0,0,0,0,0,0,0,0,0,5,-1,0
/Users/kaiohs/Downloads/codes/lab02-experimentacao-software/data/repos/kestra-io__kestra/jdbc-mysql/src/main/java/io/kestra/repository/mysql/MysqlServiceInstanceRepository.java,io.kestra.repository.mysql.MysqlServiceInstanceRepository,class,7,7,0,7,1,3,0,0,0,0.0,NaN,NaN,1,0,1,0,0,0,1,0,0,0,0,0,0,0,0,0,0,0,0,5,0,0,0,0,0,1,0,0,0,0,0,0,0,0,7,1,0
/Users/kaiohs/Downloads/codes/lab02-experimentacao-software/data/repos/kestra-io__kestra/core/src/main/java/io/kestra/core/runners/pebble/filters/EndsWithFilter.java,io.kestra.core.runners.pebble.filters.EndsWithFilter,class,3,4,1,3,2,1,0,4,1,0.6666667,0.0,0.0,2,0,2,0,0,0,2,0,0,0,3,3,1,2,0,0,3,0,1,12,2,0,0,0,0,2,0,4,0,4,0,0,0,0,30,1,0
/Users/kaiohs/Downloads/codes/lab02-experimentacao-software/data/repos/kestra-io__kestra/core/src/test/java/io/kestra/core/runners/test/TaskThatFail.java,io.kestra.core.runners.test.TaskThatFail,class,14,14,0,14,1,2,0,3,0,0.0,NaN,NaN,1,0,1,0,0,0,1,0,0,0,1,0,0,1,0,0,0,0,0,10,0,0,0,0,0,1,0,1,0,2,0,0,1,0,14,1,0
/Users/kaiohs/Downloads/codes/lab02-experimentacao-software/data/repos/kestra-io__kestra/core/src/main/java/io/kestra/core/serializers/DurationDeserializer.java,io.kestra.core.serializers.DurationDeserializer,class,4,6,2,4,15,2,0,15,1,1.0,NaN,NaN,2,0,0,1,1,0,1,0,0,0,1,1,0,1,0,0,1,0,3,50,9,1,4,1,0,0,6,9,0,8,3,0,0,0,39,1,0
/Users/kaiohs/Downloads/codes/lab02-experimentacao-software/data/repos/kestra-io__kestra/core/src/test/java/io/kestra/core/services/PluginDefaultServiceOverrideTest.java,io.kestra.core.services.PluginDefaultServiceOverrideTest,class,13,14,1,13,2,1,0,23,1,0.5,NaN,NaN,2,1,0,1,0,1,1,0,0,0,1,0,0,1,0,0,0,0,4,22,1,0,0,0,3,24,0,11,0,9,0,0,0,0,28,0,0
/Users/kaiohs/Downloads/codes/lab02-experimentacao-software/data/repos/kestra-io__kestra/core/src/test/java/io/kestra/plugin/core/flow/WorkingDirectoryTest.java,io.kestra.plugin.core.flow.WorkingDirectoryTest$Suite,innerclass,13,13,0,13,14,1,0,60,0,0.5714286,0.0,0.0,14,0,12,2,0,0,12,0,0,0,3,0,0,0,0,3,0,0,13,127,0,0,0,0,5,126,21,28,0,38,0,0,0,5,76,9,0
/Users/kaiohs/Downloads/codes/lab02-experimentacao-software/data/repos/kestra-io__kestra/jdbc/src/main/java/io/kestra/jdbc/JooqExecuteListenerFactory.java,io.kestra.jdbc.JooqExecuteListenerFactory$Anonymous1,anonymous,3,3,0,3,1,1,0,0,0,0.0,NaN,NaN,1,0,1,0,0,0,1,0,0,0,0,0,0,0,0,0,0,0,0,38,1,0,0,0,0,0,0,0,0,0,0,1,0,0,3,-1,0
/Users/kaiohs/Downloads/codes/lab02-experimentacao-software/data/repos/kestra-io__kestra/core/src/main/java/io/kestra/core/models/tasks/Task.java,io.kestra.core.models.tasks.Task,class,24,36,12,24,14,1,2,25,8,0.96000004,0.0,0.0,5,0,5,0,0,0,5,0,0,0,15,0,0,9,6,0,0,0,6,56,9,0,1,0,5,16,1,9,0,21,2,0,0,3,65,1025,0
/Users/kaiohs/Downloads/codes/lab02-experimentacao-software/data/repos/kestra-io__kestra/cli/src/main/java/io/kestra/cli/commands/servers/SchedulerCommand.java,io.kestra.cli.commands.servers.SchedulerCommand,class,7,8,1,7,2,4,0,9,1,0.5,0.0,0.0,2,1,2,0,0,0,2,0,0,0,2,0,0,2,0,0,0,0,2,14,2,0,0,0,0,7,1,1,0,3,0,0,0,1,26,1,0
/Users/kaiohs/Downloads/codes/lab02-experimentacao-software/data/repos/kestra-io__kestra/core/src/main/java/io/kestra/core/models/flows/sla/SLAMonitor.java,io.kestra.core.models.flows.sla.SLAMonitor,class,3,3,0,3,1,1,0,1,0,0.33333334,NaN,NaN,1,0,1,0,0,0,1,0,0,0,3,0,0,0,0,3,0,0,0,8,1,0,0,0,0,0,0,0,0,3,0,0,0,0,14,1,0
/Users/kaiohs/Downloads/codes/lab02-experimentacao-software/data/repos/kestra-io__kestra/core/src/test/java/io/kestra/core/utils/SecretUtilsTest.java,io.kestra.core.utils.SecretUtilsTest,class,5,5,0,5,7,1,0,8,21,0.0,0.0,0.0,7,0,0,0,0,7,7,0,0,0,0,0,0,0,0,0,0,0,0,55,0,0,0,0,0,7,2,18,0,13,0,0,4,0,32,0,0
/Users/kaiohs/Downloads/codes/lab02-experimentacao-software/data/repos/kestra-io__kestra/core/src/main/java/io/kestra/core/models/hierarchies/Graph.java,io.kestra.core.models.hierarchies.Graph$Edge,innerclass,5,5,0,5,0,1,0,0,0,NaN,-1.0,-1.0,0,0,0,0,0,0,0,0,0,0,3,0,0,0,0,3,0,0,0,5,0,0,0,0,0,0,0,0,0,3,0,0,0,0,5,9,0
/Users/kaiohs/Downloads/codes/lab02-experimentacao-software/data/repos/kestra-io__kestra/scheduler/src/main/java/io/kestra/scheduler/TriggerScheduler.java,io.kestra.scheduler.TriggerScheduler,class,35,41,6,35,35,1,0,95,11,0.76666677,0.0,0.0,10,0,3,7,0,0,3,0,0,0,15,1,0,15,0,0,15,0,11,183,4,0,7,4,3,12,0,51,0,54,5,0,0,11,172,1,4
/Users/kaiohs/Downloads/codes/lab02-experimentacao-software/data/repos/kestra-io__kestra/worker/src/main/java/io/kestra/worker/services/GrpcWorkerConnectionService.java,io.kestra.worker.services.GrpcWorkerConnectionService,class,19,20,1,19,14,1,0,28,0,0.44444445,0.0,0.0,3,0,2,0,1,0,3,0,0,0,6,2,0,6,0,0,6,0,1,58,3,0,4,1,0,11,0,15,1,14,3,1,0,0,93,1,7
/Users/kaiohs/Downloads/codes/lab02-experimentacao-software/data/repos/kestra-io__kestra/worker/src/main/java/io/kestra/worker/processors/WorkerTaskProcessor.java,io.kestra.worker.processors.WorkerTaskProcessor,class,33,35,2,33,59,2,0,147,31,0.7386364,0.0,0.0,11,0,1,9,1,0,2,0,0,0,8,0,0,8,0,0,8,0,13,249,13,1,16,10,2,24,2,76,2,69,7,0,0,4,177,1,12
/Users/kaiohs/Downloads/codes/lab02-experimentacao-software/data/repos/kestra-io__kestra/core/src/main/java/io/kestra/core/models/property/PropertyValueExtractor.java,io.kestra.core.models.property.PropertyValueExtractor,class,5,5,0,5,1,1,0,2,0,0.0,NaN,NaN,1,0,1,0,0,0,1,0,0,0,0,0,0,0,0,0,0,0,0,5,0,0,0,0,0,0,0,0,0,0,0,0,0,0,18,1,0
/Users/kaiohs/Downloads/codes/lab02-experimentacao-software/data/repos/kestra-io__kestra/core/src/main/java/io/kestra/core/runners/WorkingDir.java,io.kestra.core.runners.WorkingDir,interface,2,22,20,2,15,1,0,0,105,0.0,0.0,0.0,15,0,0,0,0,15,15,0,0,0,0,0,0,0,0,0,0,0,0,17,0,0,0,0,0,0,0,0,0,0,0,0,0,0,124,1,0
/Users/kaiohs/Downloads/codes/lab02-experimentacao-software/data/repos/kestra-io__kestra/executor/src/main/java/io/kestra/executor/handler/ExecutionMessageHandler.java,io.kestra.executor.handler.ExecutionMessageHandler,class,9,11,2,9,4,1,0,10,0,0.0,NaN,NaN,1,0,1,0,0,0,1,0,0,0,2,0,0,2,0,0,0,0,1,26,4,0,0,2,0,1,0,3,0,6,3,0,0,1,23,1,1
/Users/kaiohs/Downloads/codes/lab02-experimentacao-software/data/repos/kestra-io__kestra/core/src/main/java/io/kestra/core/models/flows/check/Check.java,io.kestra.core.models.flows.check.Check$Behavior,enum,0,0,0,0,0,1,0,0,0,0.0,-1.0,-1.0,0,0,0,0,0,0,0,0,0,0,0,0,0,0,0,0,0,0,0,4,0,0,0,0,0,0,0,0,0,0,0,0,0,0,33,1,0
/Users/kaiohs/Downloads/codes/lab02-experimentacao-software/data/repos/kestra-io__kestra/core/src/main/java/io/kestra/plugin/core/execution/PurgeExecutions.java,io.kestra.plugin.core.execution.PurgeExecutions$Output,innerclass,4,4,0,4,0,1,0,0,0,NaN,-1.0,-1.0,0,0,0,0,0,0,0,0,0,0,5,0,0,5,0,0,0,0,0,7,0,0,0,0,0,5,0,0,0,5,0,0,0,0,16,9,0
/Users/kaiohs/Downloads/codes/lab02-experimentacao-software/data/repos/kestra-io__kestra/core/src/main/java/io/kestra/core/http/client/configurations/TimeoutConfiguration.java,io.kestra.core.http.client.configurations.TimeoutConfiguration,class,5,6,1,5,0,1,0,2,0,NaN,-1.0,-1.0,0,0,0,0,0,0,0,0,0,0,2,0,0,0,0,2,0,0,1,4,0,0,0,0,0,2,1,1,0,2,0,0,0,0,20,1,0
/Users/kaiohs/Downloads/codes/lab02-experimentacao-software/data/repos/kestra-io__kestra/core/src/main/java/io/kestra/plugin/core/dashboard/chart/mardown/sources/FlowDescription.java,io.kestra.plugin.core.dashboard.chart.mardown.sources.FlowDescription,class,4,5,1,4,0,2,0,0,0,NaN,-1.0,-1.0,0,0,0,0,0,0,0,0,0,0,2,0,0,2,0,0,0,0,0,4,0,0,0,0,0,3,0,0,0,2,0,0,0,0,10,1,0
/Users/kaiohs/Downloads/codes/lab02-experimentacao-software/data/repos/kestra-io__kestra/core/src/main/java/io/kestra/plugin/core/storage/Delete.java,io.kestra.plugin.core.storage.Delete$Output,innerclass,4,4,0,4,0,1,0,0,0,NaN,-1.0,-1.0,0,0,0,0,0,0,0,0,0,0,2,0,0,2,0,0,2,0,0,4,0,0,0,0,0,2,0,0,0,2,0,0,0,0,13,9,0
/Users/kaiohs/Downloads/codes/lab02-experimentacao-software/data/repos/kestra-io__kestra/core/src/test/java/io/kestra/core/runners/pebble/functions/YamlFunctionTest.java,io.kestra.core.runners.pebble.functions.YamlFunctionTest,class,5,5,0,5,1,1,0,4,0,0.0,NaN,NaN,1,0,0,0,0,1,1,0,0,0,1,0,0,0,0,1,0,0,0,25,0,0,0,0,0,19,0,10,0,3,0,0,0,0,17,0,0
/Users/kaiohs/Downloads/codes/lab02-experimentacao-software/data/repos/kestra-io__kestra/core/src/main/java/io/kestra/core/runners/DefaultKVMetadataStateStore.java,io.kestra.core.runners.DefaultKVMetadataStateStore,class,8,8,0,8,7,1,0,13,0,0.0,0.0,0.0,6,0,6,0,0,0,6,0,0,0,1,0,0,1,0,0,1,0,3,22,5,0,1,0,0,0,2,2,0,2,0,0,0,0,51,1,0
/Users/kaiohs/Downloads/codes/lab02-experimentacao-software/data/repos/kestra-io__kestra/core/src/test/java/io/kestra/core/validations/ExponentialRetryValidationTest.java,io.kestra.core.validations.ExponentialRetryValidationTest,class,5,5,0,5,2,1,0,17,0,0.0,0.0,0.0,2,0,0,0,0,2,2,0,0,0,1,0,0,1,0,0,0,0,9,20,0,0,0,0,0,2,14,6,0,5,0,0,0,0,24,1,0
/Users/kaiohs/Downloads/codes/lab02-experimentacao-software/data/repos/kestra-io__kestra/jdbc/src/test/java/io/kestra/jdbc/JdbcMapperTest.java,io.kestra.jdbc.JdbcMapperTest,class,1,1,0,1,3,1,0,10,3,0.0,0.0,0.0,3,0,0,0,0,3,3,0,0,0,0,0,0,0,0,0,0,0,3,14,0,0,0,0,0,6,0,3,0,3,0,0,0,0,14,0,0
/Users/kaiohs/Downloads/codes/lab02-experimentacao-software/data/repos/kestra-io__kestra/queue/src/main/java/io/kestra/queue/AbstractPollingSubscriber.java,io.kestra.queue.AbstractPollingSubscriber,class,13,15,2,13,12,2,0,22,3,0.33333334,0.0,0.0,6,0,3,1,2,0,5,2,0,0,1,0,0,1,0,0,1,0,2,53,4,1,0,2,0,4,0,6,0,7,5,0,0,5,65,1025,2
/Users/kaiohs/Downloads/codes/lab02-experimentacao-software/data/repos/kestra-io__kestra/core/src/test/java/io/kestra/plugin/core/namespace/UploadFilesTest.java,io.kestra.plugin.core.namespace.UploadFilesTest,class,10,11,1,10,5,1,0,44,0,0.4,0.0,0.0,5,0,0,1,0,4,4,0,0,0,2,0,0,0,0,2,0,0,12,64,1,0,0,0,0,24,6,33,6,29,0,0,0,1,46,1,0
/Users/kaiohs/Downloads/codes/lab02-experimentacao-software/data/repos/kestra-io__kestra/core/src/main/java/io/kestra/core/runners/pebble/filters/FlattenFilter.java,io.kestra.core.runners.pebble.filters.FlattenFilter,class,5,6,1,5,6,1,0,5,1,0.5,0.0,0.0,2,0,2,0,0,0,2,0,0,0,1,0,0,1,0,0,1,0,1,22,3,0,1,1,1,2,0,3,0,4,1,0,0,1,32,1,0
/Users/kaiohs/Downloads/codes/lab02-experimentacao-software/data/repos/kestra-io__kestra/core/src/test/java/io/kestra/plugin/core/flow/SwitchTest.java,io.kestra.plugin.core.flow.SwitchTest,class,8,8,0,8,6,1,0,19,0,0.25,0.0,0.0,6,0,0,0,0,6,6,0,0,0,2,0,0,2,0,0,0,0,0,41,0,0,0,0,0,66,10,5,0,19,0,0,0,7,33,0,0
/Users/kaiohs/Downloads/codes/lab02-experimentacao-software/data/repos/kestra-io__kestra/core/src/main/java/io/kestra/core/repositories/SettingRepositoryInterface.java,io.kestra.core.repositories.SettingRepositoryInterface,interface,1,4,3,1,5,1,0,0,10,0.0,0.0,0.0,5,0,0,0,0,5,5,0,0,0,0,0,0,0,0,0,0,0,0,7,0,0,0,0,0,0,0,0,0,0,0,0,0,0,16,1,0
/Users/kaiohs/Downloads/codes/lab02-experimentacao-software/data/repos/kestra-io__kestra/core/src/main/java/io/kestra/core/models/flows/sla/types/MaxDurationSLA.java,io.kestra.core.models.flows.sla.types.MaxDurationSLA,class,9,10,1,9,2,2,0,12,0,1.0,NaN,NaN,1,0,1,0,0,0,1,0,0,0,1,0,0,1,0,0,0,0,4,11,2,0,0,0,0,3,1,2,1,3,1,0,0,0,20,1,0
/Users/kaiohs/Downloads/codes/lab02-experimentacao-software/data/repos/kestra-io__kestra/cli/src/main/java/io/kestra/cli/commands/flows/FlowDeleteCommand.java,io.kestra.cli.commands.flows.FlowDeleteCommand,class,9,11,2,9,2,4,0,10,0,0.0,NaN,NaN,1,0,1,0,0,0,1,0,0,0,3,0,2,1,0,0,0,0,2,18,2,0,0,1,0,10,2,2,1,5,1,0,0,0,38,1,0
/Users/kaiohs/Downloads/codes/lab02-experimentacao-software/data/repos/kestra-io__kestra/jdbc-mysql/src/main/java/io/kestra/repository/mysql/MysqlNamespaceFileMetadataRepositoryService.java,io.kestra.repository.mysql.MysqlNamespaceFileMetadataRepositoryService,class,3,4,1,3,3,1,0,6,0,0.0,NaN,NaN,1,1,1,0,0,0,1,0,0,0,0,0,0,0,0,0,0,0,1,9,1,0,1,0,0,1,0,1,0,1,1,0,0,0,11,1025,0
/Users/kaiohs/Downloads/codes/lab02-experimentacao-software/data/repos/kestra-io__kestra/jdbc-postgres/src/main/java/io/kestra/repository/postgres/PostgresKvMetadataRepository.java,io.kestra.repository.postgres.PostgresKvMetadataRepository,class,9,9,0,9,2,4,0,1,1,0.0,0.0,0.0,2,0,1,0,1,0,2,0,0,0,0,0,0,0,0,0,0,0,1,8,1,0,0,0,0,1,0,0,0,0,0,0,0,0,10,1,0
/Users/kaiohs/Downloads/codes/lab02-experimentacao-software/data/repos/kestra-io__kestra/core/src/main/java/io/kestra/core/plugins/AdditionalPlugin.java,io.kestra.core.plugins.AdditionalPlugin,class,8,11,3,8,0,1,2,0,0,NaN,-1.0,-1.0,0,0,0,0,0,0,0,0,0,0,1,0,0,0,1,0,0,0,0,3,0,0,0,0,0,0,0,0,0,1,0,0,0,0,20,1025,0
/Users/kaiohs/Downloads/codes/lab02-experimentacao-software/data/repos/kestra-io__kestra/core/src/test/java/io/kestra/core/runners/pebble/functions/FunctionTestUtils.java,io.kestra.core.runners.pebble.functions.FunctionTestUtils,class,1,5,4,1,5,1,0,9,10,0.8,0.0,0.0,5,5,5,0,0,0,5,0,0,0,1,1,1,0,0,0,1,0,8,18,5,0,0,0,0,13,0,1,0,1,0,0,0,0,17,1,0
/Users/kaiohs/Downloads/codes/lab02-experimentacao-software/data/repos/kestra-io__kestra/core/src/test/java/io/kestra/plugin/core/flow/WorkingDirectoryTest.java,io.kestra.plugin.core.flow.WorkingDirectoryTest$LocalFiles,innerclass,14,14,0,14,1,2,0,7,0,0.0,NaN,NaN,1,0,1,0,0,0,1,0,0,0,2,0,0,2,0,0,0,0,0,12,1,0,0,0,0,3,0,1,0,3,0,0,1,0,47,9,0
/Users/kaiohs/Downloads/codes/lab02-experimentacao-software/data/repos/kestra-io__kestra/core/src/test/java/io/kestra/core/runners/pebble/filters/ChunkFilterTest.java,io.kestra.core.runners.pebble.filters.ChunkFilterTest,class,5,5,0,5,3,1,0,11,0,0.0,0.0,0.0,3,0,0,0,0,3,3,0,0,0,1,0,0,0,0,1,0,0,5,23,1,0,0,0,0,9,16,4,0,5,2,0,0,2,24,0,0
/Users/kaiohs/Downloads/codes/lab02-experimentacao-software/data/repos/kestra-io__kestra/core/src/main/java/io/kestra/core/models/tasks/runners/ScriptService.java,io.kestra.core.models.tasks.runners.ScriptService,class,8,9,1,8,28,1,0,65,153,0.9920635,0.0,0.0,18,17,14,4,0,0,14,0,0,0,7,7,6,1,0,0,7,0,43,111,23,0,5,2,0,37,7,27,2,30,2,0,0,6,136,17,0
/Users/kaiohs/Downloads/codes/lab02-experimentacao-software/data/repos/kestra-io__kestra/core/src/main/java/io/kestra/core/http/HttpRequest.java,io.kestra.core.http.HttpRequest$RequestBody,innerclass,6,6,0,6,14,1,0,23,15,0.0,0.0,0.0,6,1,5,0,1,0,6,4,0,0,0,0,0,0,0,0,0,0,2,36,7,1,2,0,0,3,2,5,1,4,2,0,0,0,21,1033,0
/Users/kaiohs/Downloads/codes/lab02-experimentacao-software/data/repos/kestra-io__kestra/core/src/main/java/io/kestra/core/runners/AclChecker.java,io.kestra.core.runners.AclChecker,interface,2,11,9,2,3,1,0,0,3,0.0,0.0,0.0,3,0,0,0,0,3,3,0,0,0,0,0,0,0,0,0,0,0,0,8,0,0,0,0,0,0,0,0,0,0,0,0,1,0,40,1,0
/Users/kaiohs/Downloads/codes/lab02-experimentacao-software/data/repos/kestra-io__kestra/core/src/main/java/io/kestra/core/models/PluginVersioning.java,io.kestra.core.models.PluginVersioning,interface,1,5,4,1,1,1,0,0,0,0.0,NaN,NaN,1,0,0,0,0,1,1,0,0,0,2,0,0,0,0,2,0,0,0,5,0,0,0,0,0,1,0,2,0,2,0,0,0,0,26,1,0
/Users/kaiohs/Downloads/codes/lab02-experimentacao-software/data/repos/kestra-io__kestra/jdbc-mysql/src/test/java/io/kestra/queue/mysql/MysqlVNodeDispatchQueueTest.java,io.kestra.queue.mysql.MysqlVNodeDispatchQueueTest,class,6,6,0,6,1,3,0,2,0,0.0,NaN,NaN,1,0,0,0,1,0,1,0,0,0,1,0,0,0,0,1,0,0,0,7,0,0,0,0,0,2,0,0,0,1,0,0,0,0,12,0,0
/Users/kaiohs/Downloads/codes/lab02-experimentacao-software/data/repos/kestra-io__kestra/cli/src/main/java/io/kestra/cli/commands/flows/FlowCommand.java,io.kestra.cli.commands.flows.FlowCommand,class,10,11,1,10,1,3,0,2,0,0.0,NaN,NaN,1,0,1,0,0,0,1,0,0,0,0,0,0,0,0,0,0,0,1,6,1,0,0,0,0,4,0,0,0,0,0,0,0,0,7,1,0
/Users/kaiohs/Downloads/codes/lab02-experimentacao-software/data/repos/kestra-io__kestra/core/src/main/java/io/kestra/core/models/executions/Execution.java,io.kestra.core.models.executions.Execution,class,53,73,20,53,138,2,0,159,786,0.8513987,0.0,0.0,52,6,48,4,0,0,48,0,0,0,22,0,0,0,0,22,0,0,31,378,79,2,56,1,9,34,2,37,8,73,2,0,2,27,245,1,2
/Users/kaiohs/Downloads/codes/lab02-experimentacao-software/data/repos/kestra-io__kestra/core/src/main/java/io/kestra/core/worker/WorkerBroadcastEvent.java,io.kestra.core.worker.WorkerBroadcastEvent,interface,8,8,0,8,2,1,0,0,1,0.0,0.0,0.0,2,0,0,0,0,2,2,0,0,0,0,0,0,0,0,0,0,0,0,6,0,0,0,0,0,3,0,0,0,0,0,0,0,0,11,1,0
/Users/kaiohs/Downloads/codes/lab02-experimentacao-software/data/repos/kestra-io__kestra/jdbc/src/main/java/io/kestra/jdbc/JdbcVersionProviderFactory.java,io.kestra.jdbc.JdbcVersionProviderFactory,class,9,9,0,9,2,1,0,2,1,0.0,0.0,0.0,2,0,2,0,0,0,2,0,0,0,0,0,0,0,0,0,0,0,0,44,2,0,0,0,0,10,0,2,0,2,0,0,1,0,43,1,0
/Users/kaiohs/Downloads/codes/lab02-experimentacao-software/data/repos/kestra-io__kestra/core/src/main/java/io/kestra/core/models/flows/Data.java,io.kestra.core.models.flows.Data,interface,1,17,16,1,3,1,0,0,3,0.0,0.0,0.0,3,0,0,0,0,3,3,0,0,0,0,0,0,0,0,0,0,0,0,5,0,0,0,0,0,0,0,0,0,0,0,0,0,0,17,1,0
/Users/kaiohs/Downloads/codes/lab02-experimentacao-software/data/repos/kestra-io__kestra/core/src/main/java/io/kestra/core/runners/KVMetadataStateStore.java,io.kestra.core.runners.KVMetadataStateStore,interface,3,10,7,3,7,1,0,8,15,0.0,0.0,0.0,6,0,0,0,0,6,6,0,0,0,0,0,0,0,0,0,0,0,2,16,3,0,0,0,0,0,0,1,0,1,1,0,0,0,92,1,0
/Users/kaiohs/Downloads/codes/lab02-experimentacao-software/data/repos/kestra-io__kestra/core/src/main/java/io/kestra/core/runners/ExecutionResumed.java,io.kestra.core.runners.ExecutionResumed,class,5,5,0,5,1,1,0,1,0,0.33333334,NaN,NaN,1,0,1,0,0,0,1,0,0,0,3,0,0,0,0,3,0,0,0,8,1,0,0,0,0,0,0,0,0,3,0,0,0,0,8,1,0
/Users/kaiohs/Downloads/codes/lab02-experimentacao-software/data/repos/kestra-io__kestra/tests/src/main/java/io/kestra/core/storage/StorageTestSuite.java,io.kestra.core.storage.StorageTestSuite,class,10,11,1,10,80,1,0,89,0,0.48125,0.0,0.0,80,2,0,17,0,63,63,0,0,0,2,1,0,1,1,0,1,0,79,703,4,0,0,0,0,538,14,223,225,231,1,0,0,54,131,1025,0
/Users/kaiohs/Downloads/codes/lab02-experimentacao-software/data/repos/kestra-io__kestra/worker-controller/src/main/java/io/kestra/controller/config/WorkerControllersConfiguration.java,io.kestra.controller.config.DiscoveryType,enum,11,11,0,11,9,1,0,2,21,0.0,0.0,0.0,7,0,7,0,0,0,9,0,0,0,0,0,0,0,0,0,0,0,1,22,1,0,0,0,0,18,0,0,0,0,0,0,0,0,73,1,0
/Users/kaiohs/Downloads/codes/lab02-experimentacao-software/data/repos/kestra-io__kestra/core/src/main/java/io/kestra/core/runners/LocalPathFactory.java,io.kestra.core.runners.LocalPathFactory,class,8,9,1,8,3,3,0,0,0,0.0,0.0,0.0,3,0,3,0,0,0,3,0,0,0,1,0,0,1,0,0,1,0,0,68,2,0,0,0,0,2,0,1,1,1,0,0,3,0,49,1,0
/Users/kaiohs/Downloads/codes/lab02-experimentacao-software/data/repos/kestra-io__kestra/core/src/main/java/io/kestra/core/http/HttpResponse.java,io.kestra.core.http.HttpResponse$Status,innerclass,4,4,0,4,1,1,0,0,0,0.9859155,NaN,NaN,1,1,1,0,0,0,1,0,0,0,71,69,69,0,0,2,0,0,0,76,1,0,0,0,0,69,69,69,0,71,0,0,0,0,65,9,0
/Users/kaiohs/Downloads/codes/lab02-experimentacao-software/data/repos/kestra-io__kestra/core/src/test/java/io/kestra/plugin/core/flow/DagTest.java,io.kestra.plugin.core.flow.DagTest,class,13,14,1,13,6,1,0,29,8,0.73333335,0.0,0.0,5,0,0,1,0,4,4,0,0,0,3,0,0,1,1,1,0,0,1,41,1,0,1,0,0,21,5,7,0,12,0,0,0,1,48,1,0
/Users/kaiohs/Downloads/codes/lab02-experimentacao-software/data/repos/kestra-io__kestra/core/src/main/java/io/kestra/plugin/core/condition/DayWeekInMonth.java,io.kestra.plugin.core.condition.DayWeekInMonth$DayInMonth,enum,0,0,0,0,0,1,0,0,0,0.0,-1.0,-1.0,0,0,0,0,0,0,0,0,0,0,0,0,0,0,0,0,0,0,0,1,0,0,0,0,0,0,0,0,0,0,0,0,0,0,10,1,0
/Users/kaiohs/Downloads/codes/lab02-experimentacao-software/data/repos/kestra-io__kestra/script/src/test/java/io/kestra/plugin/scripts/runner/docker/DockerTest.java,io.kestra.plugin.scripts.runner.docker.DockerTest,class,16,17,1,16,10,2,0,71,13,0.6666667,0.0,0.0,6,1,1,0,1,4,6,0,0,0,1,0,0,0,0,1,0,0,27,144,3,0,0,2,4,44,13,60,1,63,2,0,0,14,90,0,0
/Users/kaiohs/Downloads/codes/lab02-experimentacao-software/data/repos/kestra-io__kestra/core/src/main/java/io/kestra/plugin/core/flow/ForEachItem.java,io.kestra.plugin.core.flow.ForEachItem$Output,innerclass,5,5,0,5,0,1,0,0,0,NaN,-1.0,-1.0,0,0,0,0,0,0,0,0,0,0,3,0,0,3,0,0,3,0,0,5,0,0,0,0,0,4,0,0,0,3,0,0,0,0,35,9,0
/Users/kaiohs/Downloads/codes/lab02-experimentacao-software/data/repos/kestra-io__kestra/worker/src/main/java/io/kestra/worker/WorkerAgent.java,io.kestra.worker.WorkerAgent,class,20,22,2,20,28,2,0,61,6,0.7692307,0.0,0.0,12,0,6,4,2,0,8,0,0,0,13,1,0,13,0,0,12,0,7,160,8,0,7,2,0,15,6,27,0,28,2,1,0,4,141,1,11
/Users/kaiohs/Downloads/codes/lab02-experimentacao-software/data/repos/kestra-io__kestra/core/src/main/java/io/kestra/core/runners/pebble/functions/KSUIDFunction.java,io.kestra.core.runners.pebble.functions.KSUIDFunction,class,5,7,2,5,4,1,0,5,6,0.875,0.0,0.0,4,0,3,1,0,0,3,0,0,0,2,2,1,1,0,0,2,0,2,16,4,0,0,0,0,1,0,2,0,2,0,0,0,0,51,1,0
/Users/kaiohs/Downloads/codes/lab02-experimentacao-software/data/repos/kestra-io__kestra/core/src/main/java/io/kestra/core/utils/IdUtils.java,io.kestra.core.utils.IdUtils,class,2,18,16,2,6,1,0,10,6,0.75,0.0,0.0,4,4,4,0,0,0,4,0,0,0,2,2,0,2,0,0,2,0,3,22,4,1,1,0,0,1,0,3,0,3,2,0,0,0,31,1025,0
/Users/kaiohs/Downloads/codes/lab02-experimentacao-software/data/repos/kestra-io__kestra/cli/src/main/java/io/kestra/cli/commands/migrations/metadata/MetadataMigrationCommand.java,io.kestra.cli.commands.migrations.metadata.MetadataMigrationCommand,class,6,7,1,6,1,3,0,1,0,0.0,NaN,NaN,1,0,1,0,0,0,1,0,0,0,0,0,0,0,0,0,0,0,0,6,1,0,0,0,0,2,1,0,0,0,0,0,0,0,9,1,0
/Users/kaiohs/Downloads/codes/lab02-experimentacao-software/data/repos/kestra-io__kestra/core/src/test/java/io/kestra/core/validations/RandomRetryValidationTest.java,io.kestra.core.validations.RandomRetryValidationTest,class,5,5,0,5,2,1,0,17,0,0.0,0.0,0.0,2,0,0,0,0,2,2,0,0,0,1,0,0,1,0,0,0,0,9,20,0,0,0,0,0,2,14,6,0,5,0,0,0,0,24,1,0
/Users/kaiohs/Downloads/codes/lab02-experimentacao-software/data/repos/kestra-io__kestra/core/src/main/java/io/kestra/plugin/core/flow/Sleep.java,io.kestra.plugin.core.flow.Sleep,class,14,14,0,14,1,2,0,7,0,0.0,NaN,NaN,1,0,1,0,0,0,1,0,0,0,1,0,0,1,0,0,0,0,0,9,1,0,0,0,0,5,0,1,0,2,0,0,0,0,32,1,1
/Users/kaiohs/Downloads/codes/lab02-experimentacao-software/data/repos/kestra-io__kestra/worker/src/main/java/io/kestra/worker/WorkerLoop.java,io.kestra.worker.WorkerLoop,class,2,6,4,2,27,1,3,29,48,0.7692308,0.0,0.0,13,0,8,2,3,0,11,1,0,0,7,1,0,7,0,0,7,0,3,115,5,2,1,7,0,9,1,7,0,7,3,0,0,0,179,1025,8
/Users/kaiohs/Downloads/codes/lab02-experimentacao-software/data/repos/kestra-io__kestra/core/src/main/java/io/kestra/core/docs/AbstractClassDocumentation.java,io.kestra.core.docs.AbstractClassDocumentation,class,10,14,4,10,22,1,0,44,15,0.8333334,0.0,0.0,6,5,0,0,6,0,6,0,0,0,11,0,0,1,10,0,1,0,13,89,9,1,4,0,3,39,3,21,4,25,3,0,1,5,45,1025,0
/Users/kaiohs/Downloads/codes/lab02-experimentacao-software/data/repos/kestra-io__kestra/tests/src/main/java/io/kestra/core/runners/TestRunner.java,io.kestra.core.runners.TestRunner,class,14,15,1,14,8,1,0,21,0,0.6,0.0,0.0,3,0,3,0,0,0,3,0,0,0,10,0,0,10,0,0,2,0,2,51,1,0,1,1,0,4,2,12,2,17,1,0,0,4,44,1,0
/Users/kaiohs/Downloads/codes/lab02-experimentacao-software/data/repos/kestra-io__kestra/core/src/main/java/io/kestra/core/models/flows/input/URIInput.java,io.kestra.core.models.flows.input.URIInput,class,4,6,2,4,1,2,0,0,0,0.0,NaN,NaN,1,0,1,0,0,0,1,0,0,0,0,0,0,0,0,0,0,0,0,4,0,0,0,0,0,0,0,0,0,0,0,0,0,0,9,1,0
/Users/kaiohs/Downloads/codes/lab02-experimentacao-software/data/repos/kestra-io__kestra/core/src/main/java/io/kestra/plugin/core/dashboard/data/ITriggers.java,io.kestra.plugin.core.dashboard.data.ITriggers$Fields,enum,0,0,0,0,0,1,0,0,0,0.0,-1.0,-1.0,0,0,0,0,0,0,0,0,0,0,0,0,0,0,0,0,0,0,0,1,0,0,0,0,0,0,0,0,0,0,0,0,0,0,10,0,0
/Users/kaiohs/Downloads/codes/lab02-experimentacao-software/data/repos/kestra-io__kestra/jdbc-h2/src/main/java/io/kestra/repository/h2/H2ServiceInstanceRepository.java,io.kestra.repository.h2.H2ServiceInstanceRepository,class,7,7,0,7,1,2,0,0,0,0.0,NaN,NaN,1,0,1,0,0,0,1,0,0,0,0,0,0,0,0,0,0,0,0,5,0,0,0,0,0,1,0,0,0,0,0,0,0,0,7,1,0
/Users/kaiohs/Downloads/codes/lab02-experimentacao-software/data/repos/kestra-io__kestra/core/src/main/java/io/kestra/core/docs/InputType.java,io.kestra.core.docs.InputType,class,2,2,0,2,0,1,0,0,0,NaN,-1.0,-1.0,0,0,0,0,0,0,0,0,0,0,2,0,0,0,0,2,0,0,0,4,0,0,0,0,0,0,0,0,0,2,0,0,0,0,4,1,0
/Users/kaiohs/Downloads/codes/lab02-experimentacao-software/data/repos/kestra-io__kestra/core/src/main/java/io/kestra/core/utils/Enums.java,io.kestra.core.utils.Enums,class,4,12,8,4,10,1,0,34,28,0.875,0.0,0.0,8,7,7,1,0,0,7,0,0,0,1,1,1,0,0,0,1,0,15,32,6,0,2,0,0,9,0,6,0,9,1,0,0,6,84,17,0
/Users/kaiohs/Downloads/codes/lab02-experimentacao-software/data/repos/kestra-io__kestra/core/src/main/java/io/kestra/core/utils/Either.java,io.kestra.core.utils.Either,class,9,15,6,9,11,3,0,5,34,0.7777778,0.0,0.0,9,2,9,0,0,0,10,4,0,0,1,0,0,0,0,1,0,0,0,108,5,0,0,0,0,0,0,0,0,1,0,0,4,0,26,0,0
/Users/kaiohs/Downloads/codes/lab02-experimentacao-software/data/repos/kestra-io__kestra/tests/src/main/java/io/kestra/core/junit/extensions/ExtensionUtils.java,io.kestra.core.junit.extensions.ExtensionUtils,class,1,3,2,1,3,1,0,2,1,0.0,NaN,NaN,2,1,1,1,0,0,1,0,0,0,0,0,0,0,0,0,0,0,0,11,1,0,1,0,0,1,0,1,1,1,1,0,0,0,14,17,0
/Users/kaiohs/Downloads/codes/lab02-experimentacao-software/data/repos/kestra-io__kestra/core/src/test/java/io/kestra/core/runners/pebble/functions/FetchContextFunctionTest.java,io.kestra.core.runners.pebble.functions.FetchContextFunctionTest,class,4,4,0,4,1,1,0,7,0,0.0,NaN,NaN,1,0,0,0,0,1,1,0,0,0,1,0,0,0,0,1,0,0,3,8,0,0,0,0,0,13,0,1,0,2,0,0,0,0,16,0,0
/Users/kaiohs/Downloads/codes/lab02-experimentacao-software/data/repos/kestra-io__kestra/core/src/main/java/io/kestra/core/trace/propagation/ExecutionTextMapGetter.java,io.kestra.core.trace.propagation.ExecutionTextMapGetter,class,4,5,1,4,3,1,0,1,1,1.0,0.0,0.0,2,0,2,0,0,0,2,0,0,0,1,1,1,0,0,0,1,0,1,12,3,0,1,0,0,1,0,1,0,1,1,0,0,0,16,1,0
/Users/kaiohs/Downloads/codes/lab02-experimentacao-software/data/repos/kestra-io__kestra/cli/src/main/java/io/kestra/cli/commands/servers/ControllerCommand.java,io.kestra.cli.commands.servers.ControllerCommand,class,7,8,1,7,2,4,0,8,1,0.5,0.0,0.0,2,1,2,0,0,0,2,0,0,0,3,0,0,3,0,0,0,0,2,16,2,0,0,0,0,7,1,2,0,4,0,0,0,1,34,1,0
/Users/kaiohs/Downloads/codes/lab02-experimentacao-software/data/repos/kestra-io__kestra/core/src/main/java/io/kestra/plugin/core/trigger/Flow.java,io.kestra.plugin.core.trigger.Flow,class,30,38,8,30,8,4,0,52,0,0.2,NaN,NaN,1,0,1,0,0,0,1,0,0,0,5,2,0,5,0,0,2,0,7,136,2,0,3,1,0,9,0,9,0,13,3,0,10,3,66,1,1
/Users/kaiohs/Downloads/codes/lab02-experimentacao-software/data/repos/kestra-io__kestra/cli/src/main/java/io/kestra/cli/commands/servers/IndexerCommand.java,io.kestra.cli.commands.servers.IndexerCommand,class,7,8,1,7,2,4,0,9,1,0.5,0.0,0.0,2,1,2,0,0,0,2,0,0,0,4,0,0,4,0,0,0,0,2,18,2,0,0,0,0,10,1,3,0,5,0,0,0,1,34,1,0
/Users/kaiohs/Downloads/codes/lab02-experimentacao-software/data/repos/kestra-io__kestra/core/src/main/java/io/kestra/core/runners/pebble/functions/FileExistsFunction.java,io.kestra.core.runners.pebble.functions.FileExistsFunction,class,3,4,1,3,2,2,0,0,1,0.75,0.0,0.0,2,0,0,0,2,0,2,0,0,0,2,2,1,1,0,0,2,0,0,9,1,0,0,0,0,2,0,2,0,2,0,0,0,0,36,1,0
/Users/kaiohs/Downloads/codes/lab02-experimentacao-software/data/repos/kestra-io__kestra/core/src/main/java/io/kestra/plugin/core/templating/TemplatedTask.java,io.kestra.plugin.core.templating.TemplatedTask,class,17,18,1,17,4,2,0,11,0,0.0,NaN,NaN,1,0,1,0,0,0,1,0,0,0,2,1,0,2,0,0,1,0,3,27,1,0,0,2,0,4,0,4,0,5,3,0,0,0,47,1,0
/Users/kaiohs/Downloads/codes/lab02-experimentacao-software/data/repos/kestra-io__kestra/core/src/test/java/io/kestra/core/utils/CaseUtilsTest.java,io.kestra.core.utils.CaseUtilsTest,class,1,1,0,1,4,1,0,3,6,0.0,0.0,0.0,4,0,0,0,0,4,4,0,0,0,0,0,0,0,0,0,0,0,0,17,0,0,0,0,0,14,0,0,0,0,0,0,0,0,16,1,0
/Users/kaiohs/Downloads/codes/lab02-experimentacao-software/data/repos/kestra-io__kestra/core/src/main/java/io/kestra/core/runners/pebble/filters/ToIonFilter.java,io.kestra.core.runners.pebble.filters.ToIonFilter,class,6,7,1,6,4,1,0,5,1,0.5,0.0,0.0,2,0,2,0,0,0,2,0,0,0,1,1,0,1,0,0,1,0,1,17,3,0,1,1,0,4,0,1,1,1,1,0,0,0,32,1,0
/Users/kaiohs/Downloads/codes/lab02-experimentacao-software/data/repos/kestra-io__kestra/core/src/main/java/io/kestra/core/executor/WorkerJobRunningStateStore.java,io.kestra.core.executor.WorkerJobRunningStateStore,interface,2,2,0,2,4,1,0,0,6,0.0,0.0,0.0,4,0,0,0,0,4,4,0,0,0,0,0,0,0,0,0,0,0,0,6,0,0,0,0,0,0,0,0,0,0,0,0,0,0,71,1,0
/Users/kaiohs/Downloads/codes/lab02-experimentacao-software/data/repos/kestra-io__kestra/core/src/main/java/io/kestra/plugin/core/condition/Expression.java,io.kestra.plugin.core.condition.Expression,class,12,12,0,12,1,2,0,8,0,0.0,NaN,NaN,1,0,1,0,0,0,1,0,0,0,1,0,0,1,0,0,0,0,0,7,1,0,0,0,1,5,0,1,0,2,0,0,0,0,21,1,0
/Users/kaiohs/Downloads/codes/lab02-experimentacao-software/data/repos/kestra-io__kestra/core/src/test/java/io/kestra/core/test/TestSuiteRunResultTest.java,io.kestra.core.test.TestSuiteRunResultTest,class,3,3,0,3,8,1,0,17,8,0.5,0.0,0.0,8,0,0,0,0,8,8,0,0,0,2,2,0,2,0,0,2,0,45,38,0,0,0,0,0,80,0,11,0,12,0,0,0,1,36,0,0
/Users/kaiohs/Downloads/codes/lab02-experimentacao-software/data/repos/kestra-io__kestra/core/src/main/java/io/kestra/core/namespace/NamespaceFileMetadataStateStore.java,io.kestra.core.namespace.NamespaceFileMetadataStateStore,interface,3,8,5,3,8,1,0,2,28,0.0,0.0,0.0,8,0,0,0,0,8,8,0,0,0,0,0,0,0,0,0,0,0,0,12,1,0,0,0,0,0,0,0,0,0,0,0,0,0,123,1,0
/Users/kaiohs/Downloads/codes/lab02-experimentacao-software/data/repos/kestra-io__kestra/jdbc/src/main/java/io/kestra/jdbc/JdbcVersionProviderFactory.java,io.kestra.jdbc.JdbcVersionProviderFactory$JdbcVersionProvider,innerclass,5,5,0,5,6,1,0,7,0,0.5625,0.0,0.0,4,0,3,0,0,1,4,0,0,0,4,0,0,4,0,0,3,0,0,34,6,0,1,1,0,2,0,5,1,7,2,0,0,2,37,8,1
/Users/kaiohs/Downloads/codes/lab02-experimentacao-software/data/repos/kestra-io__kestra/core/src/main/java/io/kestra/core/repositories/ExecutionRepositoryInterface.java,io.kestra.core.repositories.ExecutionRepositoryInterface$ChildFilter,enum,0,0,0,0,0,1,0,0,0,0.0,-1.0,-1.0,0,0,0,0,0,0,0,0,0,0,0,0,0,0,0,0,0,0,0,1,0,0,0,0,0,0,0,0,0,0,0,0,0,0,7,0,0
/Users/kaiohs/Downloads/codes/lab02-experimentacao-software/data/repos/kestra-io__kestra/core/src/main/java/io/kestra/core/runners/pebble/expression/UndefinedCoalescingExpression.java,io.kestra.core.runners.pebble.expression.UndefinedCoalescingExpression,class,4,4,0,4,5,2,0,4,6,0.0,0.0,0.0,4,0,4,0,0,0,4,0,0,0,0,0,0,0,0,0,0,0,1,18,3,0,0,1,0,1,0,0,0,0,1,0,0,0,22,1,0
/Users/kaiohs/Downloads/codes/lab02-experimentacao-software/data/repos/kestra-io__kestra/jdbc/src/main/java/io/kestra/jdbc/repository/AbstractJdbcFlowRepository.java,io.kestra.jdbc.repository.AbstractJdbcFlowRepository$Anonymous1,anonymous,0,0,0,0,0,1,0,0,0,0.0,-1.0,-1.0,0,0,0,0,0,0,0,0,0,0,0,0,0,0,0,0,0,0,0,2,0,0,0,0,0,0,0,0,0,0,0,0,0,0,0,-1,0
/Users/kaiohs/Downloads/codes/lab02-experimentacao-software/data/repos/kestra-io__kestra/webserver/src/main/java/io/kestra/webserver/converters/QueryFilterFormatBinder.java,io.kestra.webserver.converters.QueryFilterFormatBinder,class,12,14,2,12,12,1,0,36,10,0.8,0.0,0.0,5,3,2,2,0,1,3,0,0,0,1,1,0,1,0,0,1,0,6,49,4,1,3,0,0,2,3,13,0,18,2,0,0,5,42,1,0
/Users/kaiohs/Downloads/codes/lab02-experimentacao-software/data/repos/kestra-io__kestra/core/src/test/java/io/kestra/core/utils/SecretUtilsTest.java,io.kestra.core.utils.SecretUtilsTest$TaskWithSecretString,innerclass,1,1,0,1,0,1,0,0,0,NaN,-1.0,-1.0,0,0,0,0,0,0,0,0,0,0,1,0,0,0,0,1,0,0,0,3,0,0,0,0,0,0,0,0,0,1,0,0,0,0,7,8,0
/Users/kaiohs/Downloads/codes/lab02-experimentacao-software/data/repos/kestra-io__kestra/core/src/test/java/io/kestra/core/models/property/PropertyTest.java,io.kestra.core.models.property.PropertyTest$MySubtype,innerclass,2,2,0,2,0,2,0,0,0,NaN,-1.0,-1.0,0,0,0,0,0,0,0,0,0,0,1,0,0,1,0,0,1,0,0,3,0,0,0,0,0,1,0,1,0,1,0,0,0,0,4,9,0
/Users/kaiohs/Downloads/codes/lab02-experimentacao-software/data/repos/kestra-io__kestra/core/src/main/java/io/kestra/core/storages/StorageContext.java,io.kestra.core.storages.StorageContext$Trigger,innerclass,3,3,0,3,4,2,0,7,3,0.6666667,0.0,0.0,3,0,2,1,0,0,2,0,0,0,1,0,0,1,0,0,1,0,4,19,2,0,0,1,0,3,0,2,1,2,1,0,0,0,25,9,0
/Users/kaiohs/Downloads/codes/lab02-experimentacao-software/data/repos/kestra-io__kestra/core/src/main/java/io/kestra/core/utils/RetryUtils.java,io.kestra.core.utils.RetryUtils$CheckedSupplier,interface,1,1,0,1,1,1,0,0,0,0.0,NaN,NaN,1,0,0,0,0,1,1,0,0,0,0,0,0,0,0,0,0,0,0,3,0,0,0,0,0,0,0,0,0,0,0,0,0,0,3,1,0
/Users/kaiohs/Downloads/codes/lab02-experimentacao-software/data/repos/kestra-io__kestra/core/src/main/java/io/kestra/core/models/triggers/PollingTriggerInterface.java,io.kestra.core.models.triggers.PollingTriggerInterface,interface,10,12,2,10,7,1,0,6,15,0.0,0.0,0.0,6,0,0,1,0,5,5,0,0,0,0,0,0,0,0,0,0,0,1,24,4,0,0,1,0,9,0,1,2,1,1,0,0,0,104,1,0
/Users/kaiohs/Downloads/codes/lab02-experimentacao-software/data/repos/kestra-io__kestra/jdbc-postgres/src/test/java/io/kestra/runner/postgres/PostgresQueueTest.java,io.kestra.runner.postgres.PostgresQueueTest,class,6,6,0,6,1,2,0,20,0,0.0,NaN,NaN,1,0,0,0,0,1,1,0,0,0,0,0,0,0,0,0,0,0,1,9,0,0,0,0,0,6,0,2,0,2,0,0,0,1,22,0,0
/Users/kaiohs/Downloads/codes/lab02-experimentacao-software/data/repos/kestra-io__kestra/worker/src/main/java/io/kestra/worker/services/WorkerConnectionService.java,io.kestra.worker.services.WorkerConnectionService$WorkerConnectionFailedException,innerclass,1,1,0,1,2,2,0,0,1,0.0,0.0,0.0,2,0,2,0,0,0,2,0,0,0,0,0,0,0,0,0,0,0,0,8,0,0,0,0,0,0,0,0,0,0,0,0,0,0,9,0,0
/Users/kaiohs/Downloads/codes/lab02-experimentacao-software/data/repos/kestra-io__kestra/core/src/test/java/io/kestra/plugin/core/http/TriggerTest.java,io.kestra.plugin.core.http.TriggerTest,class,7,7,0,7,4,1,0,13,0,0.0,0.0,0.0,2,0,0,0,0,2,2,0,0,0,2,0,0,1,1,0,0,0,4,26,0,0,0,0,0,4,8,2,0,6,2,0,0,4,27,0,0
/Users/kaiohs/Downloads/codes/lab02-experimentacao-software/data/repos/kestra-io__kestra/core/src/main/java/io/kestra/core/runners/pebble/functions/TasksWithStateFunction.java,io.kestra.core.runners.pebble.functions.TasksWithStateFunction,class,5,6,1,5,15,1,0,22,3,1.0,0.0,0.0,3,0,3,0,0,0,3,0,0,0,1,1,1,0,0,0,1,0,2,65,3,0,1,0,4,19,0,14,0,22,8,0,0,5,48,1,0
/Users/kaiohs/Downloads/codes/lab02-experimentacao-software/data/repos/kestra-io__kestra/jdbc-postgres/src/main/java/io/kestra/repository/postgres/PostgresExecutionRepositoryService.java,io.kestra.repository.postgres.PostgresExecutionRepositoryService,class,8,9,1,8,13,1,0,23,3,0.0,0.0,0.0,3,3,3,0,0,0,3,0,0,0,0,0,0,0,0,0,0,0,2,53,3,0,3,0,0,12,1,7,3,12,3,0,0,3,47,1025,0
/Users/kaiohs/Downloads/codes/lab02-experimentacao-software/data/repos/kestra-io__kestra/jdbc-mysql/src/test/java/io/kestra/repository/mysql/MysqlNamespaceFileMetadataRepositoryTest.java,io.kestra.repository.mysql.MysqlNamespaceFileMetadataRepositoryTest,class,1,1,0,1,0,2,0,0,0,0.0,-1.0,-1.0,0,0,0,0,0,0,0,0,0,0,0,0,0,0,0,0,0,0,0,2,0,0,0,0,0,0,0,0,0,0,0,0,0,0,7,1,0
/Users/kaiohs/Downloads/codes/lab02-experimentacao-software/data/repos/kestra-io__kestra/core/src/main/java/io/kestra/core/plugins/DefaultPluginRegistry.java,io.kestra.core.plugins.DefaultPluginRegistry$LazyHolder,innerclass,1,1,0,1,0,1,0,0,0,NaN,-1.0,-1.0,0,0,0,0,0,0,0,0,0,0,1,1,0,0,0,1,1,0,0,3,0,0,0,0,0,0,0,1,0,1,0,0,0,0,12,10,0
/Users/kaiohs/Downloads/codes/lab02-experimentacao-software/data/repos/kestra-io__kestra/jdbc/src/test/java/io/kestra/jdbc/repository/AbstractSQLInjectionTest.java,io.kestra.jdbc.repository.AbstractSQLInjectionTest,class,10,11,1,10,4,1,0,38,1,0.5555556,0.0,0.0,3,0,0,1,0,2,2,0,0,0,3,1,0,3,0,0,1,0,18,33,1,0,1,1,0,32,7,6,0,8,1,0,0,1,48,1025,0
/Users/kaiohs/Downloads/codes/lab02-experimentacao-software/data/repos/kestra-io__kestra/core/src/main/java/io/kestra/core/http/client/HttpClientException.java,io.kestra.core.http.client.HttpClientException,class,2,5,3,2,2,2,2,0,1,1.0,0.0,0.0,2,0,2,0,0,0,2,0,0,0,1,1,0,1,0,0,1,0,0,9,0,0,0,0,0,0,1,1,0,1,0,0,0,0,13,1025,0
/Users/kaiohs/Downloads/codes/lab02-experimentacao-software/data/repos/kestra-io__kestra/core/src/main/java/io/kestra/core/repositories/ExecutionRepositoryInterface.java,io.kestra.core.repositories.ExecutionRepositoryInterface$FlowFilter,innerclass,4,4,0,4,0,1,0,0,0,NaN,-1.0,-1.0,0,0,0,0,0,0,0,0,0,0,2,0,0,2,0,0,0,0,0,4,0,0,0,0,0,0,0,0,0,2,0,0,0,0,4,0,0
/Users/kaiohs/Downloads/codes/lab02-experimentacao-software/data/repos/kestra-io__kestra/core/src/main/java/io/kestra/plugin/core/metric/Publish.java,io.kestra.plugin.core.metric.Publish,class,15,15,0,15,2,2,0,7,0,0.0,NaN,NaN,1,0,1,0,0,0,1,0,0,0,1,0,0,1,0,0,0,0,0,15,2,0,0,1,0,2,0,0,0,2,2,0,0,1,26,1,0
/Users/kaiohs/Downloads/codes/lab02-experimentacao-software/data/repos/kestra-io__kestra/core/src/main/java/io/kestra/core/models/flows/FlowWithException.java,io.kestra.core.models.flows.FlowWithException,class,13,14,1,13,11,4,0,29,0,0.25,0.0,0.0,4,3,4,0,0,0,4,0,0,0,1,0,0,0,0,1,0,0,7,37,6,0,0,1,0,16,1,5,0,4,2,0,0,0,30,1,2
/Users/kaiohs/Downloads/codes/lab02-experimentacao-software/data/repos/kestra-io__kestra/core/src/test/java/io/kestra/core/runners/PluginDefaultsCaseTest.java,io.kestra.core.runners.PluginDefaultsCaseTest$DefaultSequential2,innerclass,6,6,0,6,0,3,0,0,0,0.0,-1.0,-1.0,0,0,0,0,0,0,0,0,0,0,0,0,0,0,0,0,0,0,0,2,0,0,0,0,0,0,0,0,0,0,0,0,0,0,3,9,0
/Users/kaiohs/Downloads/codes/lab02-experimentacao-software/data/repos/kestra-io__kestra/core/src/test/java/io/kestra/core/runners/PluginDefaultsCaseTest.java,io.kestra.core.runners.PluginDefaultsCaseTest$DefaultSequential1,innerclass,19,19,0,19,9,2,0,11,0,0.45833334,0.0,0.0,6,0,6,0,0,0,6,0,0,0,4,0,0,2,2,0,0,0,5,29,6,0,3,0,0,1,0,1,0,5,0,0,1,0,32,9,0
/Users/kaiohs/Downloads/codes/lab02-experimentacao-software/data/repos/kestra-io__kestra/core/src/test/java/io/kestra/core/runners/PluginDefaultsCaseTest.java,io.kestra.core.runners.PluginDefaultsCaseTest$DefaultSequential3,innerclass,6,6,0,6,0,3,0,0,0,0.0,-1.0,-1.0,0,0,0,0,0,0,0,0,0,0,0,0,0,0,0,0,0,0,0,2,0,0,0,0,0,0,0,0,0,0,0,0,0,0,3,9,0
/Users/kaiohs/Downloads/codes/lab02-experimentacao-software/data/repos/kestra-io__kestra/worker-controller/src/test/java/io/kestra/controller/grpc/services/WorkerJobDispatcherTest.java,io.kestra.controller.grpc.services.WorkerJobDispatcherTest,class,27,36,9,27,19,1,0,45,0,0.76960784,0.0,0.0,17,0,0,3,0,14,14,0,0,0,12,2,0,12,0,0,2,0,6,497,6,0,2,0,0,35,16,50,1,49,1,0,9,4,114,0,0
/Users/kaiohs/Downloads/codes/lab02-experimentacao-software/data/repos/kestra-io__kestra/jdbc-mysql/src/test/java/io/kestra/repository/mysql/MysqlLogRepositoryTest.java,io.kestra.repository.mysql.MysqlLogRepositoryTest,class,1,1,0,1,0,2,0,0,0,0.0,-1.0,-1.0,0,0,0,0,0,0,0,0,0,0,0,0,0,0,0,0,0,0,0,2,0,0,0,0,0,0,0,0,0,0,0,0,0,0,5,1,0
/Users/kaiohs/Downloads/codes/lab02-experimentacao-software/data/repos/kestra-io__kestra/core/src/main/java/io/kestra/core/runners/ExecutionDelay.java,io.kestra.core.runners.ExecutionDelay,class,8,8,0,8,3,1,0,1,1,0.7,0.0,0.0,2,0,2,0,0,0,2,0,0,0,5,0,0,0,0,5,0,0,1,14,2,0,1,0,0,1,0,0,0,5,0,0,1,0,45,1,0
/Users/kaiohs/Downloads/codes/lab02-experimentacao-software/data/repos/kestra-io__kestra/webserver/src/main/java/io/kestra/webserver/exceptions/IllegalArgumentExceptionHandler.java,io.kestra.webserver.exceptions.IllegalArgumentExceptionHandler,class,6,6,0,6,1,1,0,3,0,0.0,NaN,NaN,1,0,1,0,0,0,1,0,0,0,0,0,0,0,0,0,0,0,0,5,1,0,0,0,0,1,0,0,0,0,0,0,0,0,11,1,0
/Users/kaiohs/Downloads/codes/lab02-experimentacao-software/data/repos/kestra-io__kestra/webserver/src/main/java/io/kestra/webserver/controllers/api/AiController.java,io.kestra.webserver.controllers.api.AiController$FlowGenerationPrompt,innerclass,3,3,0,3,1,2,0,0,0,0.0,NaN,NaN,1,0,1,0,0,0,1,0,0,0,1,0,0,1,0,0,1,0,0,7,0,0,0,0,0,0,0,1,0,1,0,0,0,0,5,9,0
/Users/kaiohs/Downloads/codes/lab02-experimentacao-software/data/repos/kestra-io__kestra/core/src/main/java/io/kestra/core/runners/WorkerTaskRunning.java,io.kestra.core.runners.WorkerTaskRunning,class,12,13,1,12,2,2,0,10,0,0.6,0.0,0.0,2,1,2,0,0,0,2,0,0,0,5,1,1,4,0,0,2,0,0,13,2,0,0,0,0,1,0,2,0,5,0,0,0,0,17,1,0
/Users/kaiohs/Downloads/codes/lab02-experimentacao-software/data/repos/kestra-io__kestra/queue/src/main/java/io/kestra/queue/QueueConfiguration.java,io.kestra.queue.QueueConfiguration,class,5,6,1,5,0,1,0,0,0,NaN,-1.0,-1.0,0,0,0,0,0,0,0,0,0,0,3,0,0,0,0,3,0,0,0,9,0,0,0,0,0,1,0,0,0,3,0,0,1,0,8,1,0
/Users/kaiohs/Downloads/codes/lab02-experimentacao-software/data/repos/kestra-io__kestra/core/src/test/java/io/kestra/core/services/TaskOutputServiceTest.java,io.kestra.core.services.TaskOutputServiceTest,class,12,12,0,12,12,1,0,47,0,0.25,0.0,0.0,12,0,0,0,0,12,12,0,0,0,2,0,0,2,0,0,0,0,15,156,0,0,0,0,0,92,27,64,0,66,0,0,1,0,89,0,0
/Users/kaiohs/Downloads/codes/lab02-experimentacao-software/data/repos/kestra-io__kestra/executor/src/test/java/io/kestra/executor/handler/ExecutionMessageHandlerTest.java,io.kestra.executor.handler.ExecutionMessageHandlerTest,class,6,6,0,6,1,1,0,7,0,0.0,NaN,NaN,1,0,0,0,0,1,1,0,0,0,1,0,0,1,0,0,0,0,2,9,0,0,0,0,0,0,0,3,0,4,0,0,0,0,14,0,0
/Users/kaiohs/Downloads/codes/lab02-experimentacao-software/data/repos/kestra-io__kestra/core/src/main/java/io/kestra/core/models/flows/Type.java,io.kestra.core.models.flows.Type,enum,18,24,6,18,3,1,0,18,0,0.0,0.0,0.0,2,0,1,0,0,1,2,0,0,0,1,0,0,1,0,0,1,0,1,13,1,0,0,1,0,1,0,1,0,1,1,0,0,0,31,1,0
/Users/kaiohs/Downloads/codes/lab02-experimentacao-software/data/repos/kestra-io__kestra/core/src/main/java/io/kestra/core/runners/pebble/filters/RegexMatchFilter.java,io.kestra.core.runners.pebble.filters.RegexMatchFilter,class,4,5,1,4,5,1,0,9,1,0.6666667,0.0,0.0,2,0,2,0,0,0,2,0,0,0,3,3,1,2,0,0,3,0,4,23,3,0,2,1,0,4,0,4,0,4,1,0,0,0,66,1,0
/Users/kaiohs/Downloads/codes/lab02-experimentacao-software/data/repos/kestra-io__kestra/worker/src/main/java/io/kestra/worker/endpoint/WorkerEndpoint.java,io.kestra.worker.endpoint.WorkerEndpoint$WorkerEndpointResult,innerclass,3,3,0,3,0,1,0,0,0,NaN,-1.0,-1.0,0,0,0,0,0,0,0,0,0,0,2,0,0,2,0,0,2,0,0,4,0,0,0,0,0,0,0,0,0,2,0,0,0,0,6,9,0
/Users/kaiohs/Downloads/codes/lab02-experimentacao-software/data/repos/kestra-io__kestra/core/src/main/java/io/kestra/core/secret/SecretService.java,io.kestra.core.secret.SecretService,class,12,15,3,12,10,1,2,39,0,0.5,0.0,0.0,5,0,4,1,0,0,4,0,0,0,2,1,0,2,0,0,1,0,5,44,5,0,2,1,0,7,0,5,2,15,2,0,0,9,53,1,1
/Users/kaiohs/Downloads/codes/lab02-experimentacao-software/data/repos/kestra-io__kestra/cli/src/main/java/io/kestra/cli/commands/sys/SubmitQueuedCommand.java,io.kestra.cli.commands.sys.SubmitQueuedCommand,class,9,10,1,9,7,3,0,11,0,0.0,NaN,NaN,1,0,1,0,0,0,1,0,0,0,2,0,0,2,0,0,0,0,4,31,4,1,0,0,0,12,5,4,0,6,2,0,0,0,48,1,0
/Users/kaiohs/Downloads/codes/lab02-experimentacao-software/data/repos/kestra-io__kestra/executor/src/test/java/io/kestra/executor/handler/WorkerTaskResultMessageHandlerTest.java,io.kestra.executor.handler.WorkerTaskResultMessageHandlerTest,class,9,9,0,9,3,1,0,33,0,0.22222222,0.0,0.0,3,0,0,0,0,3,3,0,0,0,3,0,0,3,0,0,0,0,5,31,0,0,0,0,0,6,0,11,0,14,0,0,0,0,31,0,0
/Users/kaiohs/Downloads/codes/lab02-experimentacao-software/data/repos/kestra-io__kestra/queue-jdbc/src/main/java/io/kestra/queue/jdbc/JdbcVNodeDispatchQueue.java,io.kestra.queue.jdbc.JdbcVNodeDispatchQueue,class,15,16,1,15,4,3,0,15,0,0.33333334,0.0,0.0,4,0,1,0,3,0,4,0,0,0,3,0,0,3,0,0,3,0,0,21,1,0,0,0,0,0,0,4,0,5,0,0,0,1,29,1,0
/Users/kaiohs/Downloads/codes/lab02-experimentacao-software/data/repos/kestra-io__kestra/core/src/main/java/io/kestra/core/models/flows/FlowInterface.java,io.kestra.core.models.flows.FlowInterface$SourceGenerator,innerclass,4,4,0,4,7,1,0,23,1,0.5,NaN,NaN,2,2,0,1,0,1,1,0,0,0,1,1,0,1,0,0,1,0,9,31,6,0,1,1,0,4,0,4,0,8,2,0,0,3,86,0,0
/Users/kaiohs/Downloads/codes/lab02-experimentacao-software/data/repos/kestra-io__kestra/scheduler/src/main/java/io/kestra/scheduler/endpoint/SchedulerEndpoint.java,io.kestra.scheduler.endpoint.SchedulerEndpoint$SchedulerEndpointSchedule,innerclass,3,3,0,3,0,1,0,0,0,NaN,-1.0,-1.0,0,0,0,0,0,0,0,0,0,0,5,0,0,5,0,0,5,0,0,7,0,0,0,0,0,0,0,0,0,5,0,0,0,0,15,9,0
/Users/kaiohs/Downloads/codes/lab02-experimentacao-software/data/repos/kestra-io__kestra/worker-controller/src/test/java/io/kestra/controller/grpc/services/WorkerJobDispatcherTest.java,io.kestra.controller.grpc.services.WorkerJobDispatcherTest$MockQueueSubscriber,innerclass,4,4,0,4,7,1,0,6,11,0.77777773,0.0,0.0,6,0,4,0,0,2,6,0,0,0,6,0,0,0,0,6,6,0,0,32,1,0,1,0,0,0,2,7,0,7,1,0,0,0,34,8,0
/Users/kaiohs/Downloads/codes/lab02-experimentacao-software/data/repos/kestra-io__kestra/core/src/test/java/io/kestra/core/storages/StorageInterfaceFactoryTest.java,io.kestra.core.storages.StorageInterfaceFactoryTest,class,8,8,0,8,4,1,0,11,0,0.0,0.0,0.0,4,0,0,0,0,4,4,0,0,0,1,0,0,0,0,1,0,0,1,20,0,0,0,0,0,8,0,3,0,4,0,0,0,3,32,0,0
/Users/kaiohs/Downloads/codes/lab02-experimentacao-software/data/repos/kestra-io__kestra/core/src/main/java/io/kestra/core/queues/GenericQueueInterface.java,io.kestra.core.queues.GenericQueueInterface,interface,1,5,4,1,2,1,0,0,1,0.0,0.0,0.0,2,0,0,0,0,2,2,0,0,0,0,0,0,0,0,0,0,0,0,4,0,0,0,0,0,0,0,0,0,0,0,0,0,0,36,1,0
/Users/kaiohs/Downloads/codes/lab02-experimentacao-software/data/repos/kestra-io__kestra/core/src/main/java/io/kestra/plugin/core/trigger/SchedulableExecutionFactory.java,io.kestra.plugin.core.trigger.SchedulableExecutionFactory,class,14,17,3,14,11,1,0,45,6,0.0,0.0,0.0,4,4,0,2,0,2,2,0,0,0,0,0,0,0,0,0,0,0,6,42,4,1,5,0,0,1,0,11,0,11,3,0,0,1,41,16,0
/Users/kaiohs/Downloads/codes/lab02-experimentacao-software/data/repos/kestra-io__kestra/core/src/main/java/io/kestra/core/runners/TransactionContext.java,io.kestra.core.runners.TransactionContext,interface,1,3,2,1,3,1,0,5,1,0.0,0.0,0.0,2,0,0,0,0,2,2,0,0,0,0,0,0,0,0,0,0,0,0,9,1,0,0,0,0,2,0,0,1,0,1,0,0,0,10,1,0
/Users/kaiohs/Downloads/codes/lab02-experimentacao-software/data/repos/kestra-io__kestra/jdbc-postgres/src/test/java/io/kestra/repository/postgres/PostgresExecutionRepositoryTest.java,io.kestra.repository.postgres.PostgresExecutionRepositoryTest,class,1,1,0,1,0,2,0,0,0,0.0,-1.0,-1.0,0,0,0,0,0,0,0,0,0,0,0,0,0,0,0,0,0,0,0,2,0,0,0,0,0,0,0,0,0,0,0,0,0,0,5,1,0
/Users/kaiohs/Downloads/codes/lab02-experimentacao-software/data/repos/kestra-io__kestra/core/src/test/java/io/kestra/core/runners/pebble/filters/YamlFilterTest.java,io.kestra.core.runners.pebble.filters.YamlFilterTest,class,5,5,0,5,1,1,0,12,0,0.0,NaN,NaN,1,0,0,0,0,1,1,0,0,0,1,0,0,0,0,1,0,0,5,24,0,0,0,0,0,33,6,9,1,4,0,0,0,0,19,0,0
/Users/kaiohs/Downloads/codes/lab02-experimentacao-software/data/repos/kestra-io__kestra/cli/src/main/java/io/kestra/cli/Kestra.java,io.kestra.cli.Kestra,class,18,32,14,18,19,1,0,54,55,0.0,0.0,0.0,11,10,5,4,2,0,7,0,0,0,0,0,0,0,0,0,0,0,17,82,10,0,2,3,2,11,4,16,1,16,2,0,0,3,92,1,0
/Users/kaiohs/Downloads/codes/lab02-experimentacao-software/data/repos/kestra-io__kestra/script/src/main/java/io/kestra/plugin/scripts/runner/docker/Cpu.java,io.kestra.plugin.scripts.runner.docker.Cpu,class,5,7,2,5,0,1,0,0,0,NaN,-1.0,-1.0,0,0,0,0,0,0,0,0,0,0,1,0,0,1,0,0,0,0,0,3,0,0,0,0,0,2,0,0,0,1,0,0,0,0,35,1,0
/Users/kaiohs/Downloads/codes/lab02-experimentacao-software/data/repos/kestra-io__kestra/worker-controller/src/main/java/io/kestra/controller/messages/MessageFormats.java,io.kestra.controller.messages.MessageFormats,enum,2,4,2,2,1,1,0,3,0,0.0,-1.0,-1.0,1,1,0,1,0,0,0,0,0,0,0,0,0,0,0,0,0,0,1,42,1,0,0,0,0,0,0,0,0,0,0,1,0,0,21,1,0
/Users/kaiohs/Downloads/codes/lab02-experimentacao-software/data/repos/kestra-io__kestra/core/src/test/java/io/kestra/core/models/tasks/logs/LogRecordMapperTest.java,io.kestra.core.models.tasks.logs.LogRecordMapperTest,class,6,6,0,6,3,1,0,26,3,0.0,0.0,0.0,3,0,3,0,0,0,3,0,0,0,0,0,0,0,0,0,0,0,3,30,0,0,0,0,0,45,7,5,0,4,0,0,0,0,31,1,0
/Users/kaiohs/Downloads/codes/lab02-experimentacao-software/data/repos/kestra-io__kestra/webserver/src/main/java/io/kestra/webserver/controllers/api/MetricController.java,io.kestra.webserver.controllers.api.MetricController,class,18,18,0,18,12,1,0,14,0,0.0,0.0,0.0,6,0,6,0,0,0,6,0,0,0,2,0,0,2,0,0,0,0,8,33,8,0,6,0,0,53,4,1,0,3,1,0,0,0,70,1,0
/Users/kaiohs/Downloads/codes/lab02-experimentacao-software/data/repos/kestra-io__kestra/webserver/src/test/java/io/kestra/webserver/utils/PageableUtilsTest.java,io.kestra.webserver.utils.PageableUtilsTest,class,3,3,0,3,1,1,0,18,0,0.0,NaN,NaN,1,0,0,0,0,1,1,0,0,0,0,0,0,0,0,0,0,0,5,19,0,0,0,0,0,6,12,4,0,4,0,0,0,4,16,0,0
/Users/kaiohs/Downloads/codes/lab02-experimentacao-software/data/repos/kestra-io__kestra/core/src/test/java/io/kestra/plugin/core/flow/ForEachItemCaseTest.java,io.kestra.plugin.core.flow.ForEachItemCaseTest,class,16,17,1,16,15,1,0,65,0,0.57954544,0.0,0.0,11,0,8,3,0,0,8,0,0,0,8,1,0,6,1,1,1,0,21,196,3,0,4,1,0,102,78,65,1,96,1,0,0,17,99,1,0
/Users/kaiohs/Downloads/codes/lab02-experimentacao-software/data/repos/kestra-io__kestra/cli/src/main/java/io/kestra/cli/services/FileChangedEventListener.java,io.kestra.cli.services.FileChangedEventListener$Anonymous1,anonymous,3,3,0,3,8,1,0,20,1,0.0,0.0,0.0,2,0,2,0,0,0,2,0,0,0,0,0,0,0,0,0,0,0,2,25,2,0,0,1,0,3,0,2,0,3,3,0,0,1,31,-1,1
/Users/kaiohs/Downloads/codes/lab02-experimentacao-software/data/repos/kestra-io__kestra/cli/src/main/java/io/kestra/cli/commands/namespaces/kv/KvCommand.java,io.kestra.cli.commands.namespaces.kv.KvCommand,class,6,9,3,6,1,3,0,2,0,0.0,NaN,NaN,1,0,1,0,0,0,1,0,0,0,0,0,0,0,0,0,0,0,1,6,1,0,0,0,0,5,0,0,0,0,0,0,0,0,9,1,0
/Users/kaiohs/Downloads/codes/lab02-experimentacao-software/data/repos/kestra-io__kestra/core/src/test/java/io/kestra/core/docs/JsonSchemaGeneratorTest.java,io.kestra.core.docs.JsonSchemaGeneratorTest$TaskWithEnum,innerclass,14,14,0,14,1,3,0,0,0,1.0,NaN,NaN,1,0,1,0,0,0,1,0,0,0,4,0,0,4,0,0,0,0,0,13,1,0,0,0,0,6,0,0,0,4,0,0,2,0,30,9,0
/Users/kaiohs/Downloads/codes/lab02-experimentacao-software/data/repos/kestra-io__kestra/core/src/main/java/io/kestra/core/server/ServerInstance.java,io.kestra.core.server.Type,enum,1,1,0,1,0,1,0,0,0,0.0,-1.0,-1.0,0,0,0,0,0,0,0,0,0,0,0,0,0,0,0,0,0,0,0,1,0,0,0,0,0,0,0,0,0,0,0,0,0,0,10,25,0
/Users/kaiohs/Downloads/codes/lab02-experimentacao-software/data/repos/kestra-io__kestra/core/src/main/java/io/kestra/core/runners/RunContextLogger.java,io.kestra.core.runners.RunContextLogger$ContextAppender,innerclass,7,7,0,7,2,3,0,3,0,0.0,0.0,0.0,2,0,1,0,1,0,2,0,0,0,2,0,0,2,0,0,2,0,1,14,0,0,0,0,0,0,0,4,0,3,0,0,0,0,17,9,0
/Users/kaiohs/Downloads/codes/lab02-experimentacao-software/data/repos/kestra-io__kestra/core/src/test/java/io/kestra/core/runners/VariableRendererTest.java,io.kestra.core.runners.VariableRendererTest,class,7,7,0,7,8,2,0,16,0,0.3809524,0.0,0.0,7,0,0,0,0,7,7,0,0,0,3,0,0,0,0,3,0,0,12,59,0,1,0,0,0,43,11,16,0,19,1,0,1,0,45,0,0
/Users/kaiohs/Downloads/codes/lab02-experimentacao-software/data/repos/kestra-io__kestra/core/src/main/java/io/kestra/core/validations/validator/ScheduleValidator.java,io.kestra.core.validations.validator.ScheduleValidator,class,8,8,0,8,4,1,0,7,0,0.0,NaN,NaN,1,0,1,0,0,0,1,0,0,0,0,0,0,0,0,0,0,0,0,19,3,0,2,1,0,2,0,1,1,1,2,0,0,0,19,1,0
/Users/kaiohs/Downloads/codes/lab02-experimentacao-software/data/repos/kestra-io__kestra/jdbc-postgres/src/main/java/io/kestra/repository/postgres/PostgresRepositoryUtils.java,io.kestra.repository.postgres.PostgresRepositoryUtils,class,2,6,4,2,7,1,0,1,1,0.0,NaN,NaN,2,1,1,1,0,0,1,0,0,0,0,0,0,0,0,0,0,0,0,20,5,0,0,0,0,6,0,0,1,0,1,0,0,0,14,17,0
/Users/kaiohs/Downloads/codes/lab02-experimentacao-software/data/repos/kestra-io__kestra/scheduler/src/main/java/io/kestra/scheduler/endpoint/SchedulerEndpoint.java,io.kestra.scheduler.endpoint.SchedulerEndpoint$SchedulerEndpointResult,innerclass,3,3,0,3,0,1,0,0,0,NaN,-1.0,-1.0,0,0,0,0,0,0,0,0,0,0,2,0,0,2,0,0,2,0,0,4,0,0,0,0,0,0,0,0,0,2,0,0,0,0,5,9,0
/Users/kaiohs/Downloads/codes/lab02-experimentacao-software/data/repos/kestra-io__kestra/core/src/main/java/io/kestra/core/serializers/ion/IonParser.java,io.kestra.core.serializers.ion.IonParser,class,6,7,1,6,18,2,0,33,3,0.0,0.0,0.0,3,0,2,0,1,0,3,0,0,0,0,0,0,0,0,0,0,0,10,55,13,0,6,0,0,3,2,5,1,5,4,0,0,0,29,1,0
/Users/kaiohs/Downloads/codes/lab02-experimentacao-software/data/repos/kestra-io__kestra/core/src/main/java/io/kestra/core/http/client/HttpClientResponseException.java,io.kestra.core.http.client.HttpClientResponseException,class,5,6,1,5,2,3,0,1,0,0.33333334,0.0,0.0,2,0,2,0,0,0,2,0,0,0,3,1,0,1,2,0,2,0,0,15,0,0,0,0,0,0,1,5,0,3,0,0,0,0,17,1,0
/Users/kaiohs/Downloads/codes/lab02-experimentacao-software/data/repos/kestra-io__kestra/core/src/main/java/io/kestra/core/utils/Hashing.java,io.kestra.core.utils.Hashing,class,3,5,2,3,9,1,0,11,15,0.0,0.0,0.0,6,6,5,1,0,0,5,0,0,0,0,0,0,0,0,0,0,0,3,29,6,0,1,1,0,1,1,1,0,1,2,0,0,0,46,17,0
/Users/kaiohs/Downloads/codes/lab02-experimentacao-software/data/repos/kestra-io__kestra/core/src/main/java/io/kestra/plugin/core/storage/Write.java,io.kestra.plugin.core.storage.Write$Output,innerclass,4,4,0,4,0,1,0,0,0,NaN,-1.0,-1.0,0,0,0,0,0,0,0,0,0,0,1,0,0,1,0,0,1,0,0,3,0,0,0,0,0,1,0,0,0,1,0,0,0,0,8,9,0
/Users/kaiohs/Downloads/codes/lab02-experimentacao-software/data/repos/kestra-io__kestra/core/src/test/java/io/kestra/core/models/flows/FlowTest.java,io.kestra.core.models.flows.FlowTest,class,9,10,1,9,14,1,0,37,36,0.46153846,0.0,0.0,13,1,0,2,0,11,11,0,0,0,1,0,0,0,0,1,0,0,9,105,2,0,1,0,0,50,11,30,0,31,0,0,0,0,87,0,0
/Users/kaiohs/Downloads/codes/lab02-experimentacao-software/data/repos/kestra-io__kestra/core/src/test/java/io/kestra/core/runners/pebble/functions/RenderOncerFunctionTest.java,io.kestra.core.runners.pebble.functions.RenderOncerFunctionTest,class,4,4,0,4,3,1,0,5,0,0.0,0.0,0.0,3,0,0,0,0,3,3,0,0,0,1,0,0,0,0,1,0,0,3,15,0,0,0,0,0,18,0,3,0,4,0,0,0,0,24,0,0
/Users/kaiohs/Downloads/codes/lab02-experimentacao-software/data/repos/kestra-io__kestra/core/src/test/java/io/kestra/core/plugins/serdes/PluginDeserializerTest.java,io.kestra.core.plugins.serdes.PluginDeserializerTest,class,16,16,0,16,8,1,0,20,26,0.75,0.0,0.0,8,0,2,0,0,6,8,0,0,0,1,0,0,1,0,0,0,0,0,44,0,0,0,0,0,12,2,9,0,11,1,0,0,2,47,0,0
/Users/kaiohs/Downloads/codes/lab02-experimentacao-software/data/repos/kestra-io__kestra/core/src/main/java/io/micronaut/retry/intercept/OverrideRetryInterceptor.java,io.micronaut.retry.intercept.OverrideRetryInterceptor,class,16,17,1,16,17,1,0,30,8,0.6,0.0,0.0,5,1,3,2,0,0,3,0,0,0,1,0,0,1,0,0,1,0,6,79,8,1,1,4,0,11,4,11,1,10,5,0,0,0,56,1,3
/Users/kaiohs/Downloads/codes/lab02-experimentacao-software/data/repos/kestra-io__kestra/core/src/main/java/io/kestra/core/models/triggers/RecoverMissedSchedules.java,io.kestra.core.models.triggers.RecoverMissedSchedules,enum,0,1,1,0,0,1,0,0,0,0.0,-1.0,-1.0,0,0,0,0,0,0,0,0,0,0,0,0,0,0,0,0,0,0,0,1,0,0,0,0,0,0,0,0,0,0,0,0,0,0,6,1,0
/Users/kaiohs/Downloads/codes/lab02-experimentacao-software/data/repos/kestra-io__kestra/jdbc-postgres/src/test/java/io/kestra/repository/postgres/PostgresDefaultNamespaceFileMetadataStateStoreTest.java,io.kestra.repository.postgres.PostgresDefaultNamespaceFileMetadataStateStoreTest,class,1,1,0,1,0,2,0,0,0,0.0,-1.0,-1.0,0,0,0,0,0,0,0,0,0,0,0,0,0,0,0,0,0,0,0,2,0,0,0,0,0,0,0,0,0,0,0,0,0,0,9,1,0
/Users/kaiohs/Downloads/codes/lab02-experimentacao-software/data/repos/kestra-io__kestra/model/src/main/java/io/kestra/core/models/enums/MonacoLanguages.java,io.kestra.core.models.enums.MonacoLanguages,enum,0,0,0,0,3,1,0,0,0,0.0,0.0,0.0,3,0,2,0,0,1,3,0,0,0,1,0,0,1,0,0,1,0,0,11,2,0,0,0,0,83,0,1,0,1,0,0,0,0,36,1,0
/Users/kaiohs/Downloads/codes/lab02-experimentacao-software/data/repos/kestra-io__kestra/jdbc-h2/src/main/java/io/kestra/repository/h2/H2SettingRepository.java,io.kestra.repository.h2.H2SettingRepository,class,8,8,0,8,1,2,0,0,0,0.0,NaN,NaN,1,0,1,0,0,0,1,0,0,0,0,0,0,0,0,0,0,0,0,5,0,0,0,0,0,1,0,0,0,0,0,0,0,0,8,1,0
/Users/kaiohs/Downloads/codes/lab02-experimentacao-software/data/repos/kestra-io__kestra/core/src/main/java/io/kestra/core/models/flows/input/DateInput.java,io.kestra.core.models.flows.input.DateInput,class,7,10,3,7,5,2,0,4,0,0.0,NaN,NaN,1,0,1,0,0,0,1,0,0,0,2,0,0,0,0,2,0,0,0,12,0,0,2,0,0,6,0,0,2,2,1,0,0,0,14,1,0
/Users/kaiohs/Downloads/codes/lab02-experimentacao-software/data/repos/kestra-io__kestra/core/src/test/java/io/kestra/core/tenant/TenantServiceTest.java,io.kestra.core.tenant.TenantServiceTest,class,4,4,0,4,2,1,0,5,0,0.0,0.0,0.0,2,0,0,0,0,2,2,0,0,0,1,0,0,1,0,0,0,0,0,11,0,0,0,0,0,2,0,2,0,3,0,0,0,0,11,0,0
/Users/kaiohs/Downloads/codes/lab02-experimentacao-software/data/repos/kestra-io__kestra/jdbc-mysql/src/test/java/io/kestra/repository/mysql/MysqlTriggerRepositoryTest.java,io.kestra.repository.mysql.MysqlTriggerRepositoryTest,class,1,1,0,1,0,2,0,0,0,0.0,-1.0,-1.0,0,0,0,0,0,0,0,0,0,0,0,0,0,0,0,0,0,0,0,2,0,0,0,0,0,0,0,0,0,0,0,0,0,0,5,1,0
/Users/kaiohs/Downloads/codes/lab02-experimentacao-software/data/repos/kestra-io__kestra/core/src/main/java/io/kestra/core/models/dashboards/filters/AbstractFilter.java,io.kestra.core.models.dashboards.filters.AbstractFilter$FilterType,enum,0,0,0,0,0,1,0,0,0,0.0,-1.0,-1.0,0,0,0,0,0,0,0,0,0,0,0,0,0,0,0,0,0,0,0,1,0,0,0,0,0,0,0,0,0,0,0,0,0,0,9,1,0
/Users/kaiohs/Downloads/codes/lab02-experimentacao-software/data/repos/kestra-io__kestra/core/src/test/java/io/kestra/core/models/property/URIFetcherTest.java,io.kestra.core.models.property.URIFetcherTest,class,10,11,1,10,14,1,0,37,70,0.8461538,0.0,0.0,13,0,0,6,0,7,7,0,0,0,3,0,0,3,0,0,0,0,17,90,6,0,0,6,1,28,0,31,2,34,2,0,0,1,65,0,0
/Users/kaiohs/Downloads/codes/lab02-experimentacao-software/data/repos/kestra-io__kestra/core/src/main/java/io/kestra/core/worker/Controller.java,io.kestra.core.worker.Controller,interface,1,5,4,1,1,1,0,0,0,0.0,NaN,NaN,1,0,0,0,0,1,1,0,0,0,0,0,0,0,0,0,0,0,0,3,0,0,0,0,0,0,0,0,0,0,0,0,0,0,18,1,0
/Users/kaiohs/Downloads/codes/lab02-experimentacao-software/data/repos/kestra-io__kestra/core/src/main/java/io/kestra/core/models/flows/input/IntInput.java,io.kestra.core.models.flows.input.IntInput,class,7,10,3,7,5,2,0,3,0,0.0,NaN,NaN,1,0,1,0,0,0,1,0,0,0,2,0,0,0,0,2,0,0,0,12,0,0,2,0,0,6,2,0,2,2,1,0,0,0,17,1,0
/Users/kaiohs/Downloads/codes/lab02-experimentacao-software/data/repos/kestra-io__kestra/webserver/src/test/java/io/kestra/webserver/controllers/api/FlowControllerTest.java,io.kestra.webserver.controllers.api.FlowControllerTest,class,35,36,1,35,79,1,0,153,0,0.83501005,0.0,0.0,71,1,1,11,2,57,60,0,0,0,7,2,1,3,1,2,2,0,104,813,12,4,3,3,0,535,126,269,42,225,2,0,0,40,258,0,0
/Users/kaiohs/Downloads/codes/lab02-experimentacao-software/data/repos/kestra-io__kestra/core/src/main/java/io/kestra/core/runners/pebble/filters/NindentFilter.java,io.kestra.core.runners.pebble.filters.NindentFilter,class,4,5,1,4,1,2,0,1,0,0.0,NaN,NaN,1,0,1,0,0,0,1,0,0,0,0,0,0,0,0,0,0,0,0,5,1,0,0,0,0,1,0,0,0,0,0,0,0,0,15,1,0
/Users/kaiohs/Downloads/codes/lab02-experimentacao-software/data/repos/kestra-io__kestra/core/src/main/java/io/kestra/core/runners/pebble/filters/ToJsonFilter.java,io.kestra.core.runners.pebble.filters.ToJsonFilter,class,6,8,2,6,4,1,0,5,1,0.5,0.0,0.0,2,0,2,0,0,0,2,0,0,0,1,1,0,1,0,0,1,0,1,17,3,0,1,1,0,4,0,1,1,1,1,0,0,0,31,1,0
/Users/kaiohs/Downloads/codes/lab02-experimentacao-software/data/repos/kestra-io__kestra/core/src/test/java/io/kestra/core/services/PluginDefaultServiceTest.java,io.kestra.core.services.PluginDefaultServiceTest,class,18,19,1,18,9,4,0,43,0,0.5555556,0.0,0.0,9,0,4,0,0,5,9,0,0,0,3,2,1,2,0,0,2,0,18,104,0,0,0,0,17,47,13,28,0,29,0,0,3,0,68,0,0
/Users/kaiohs/Downloads/codes/lab02-experimentacao-software/data/repos/kestra-io__kestra/core/src/test/java/io/kestra/plugin/core/flow/IfTest.java,io.kestra.plugin.core.flow.IfTest,class,8,8,0,8,7,1,0,15,9,0.42857143,0.0,0.0,7,0,0,0,0,7,7,0,0,0,1,0,0,1,0,0,0,0,10,69,0,0,0,0,0,68,26,11,0,26,0,0,0,10,39,0,0
/Users/kaiohs/Downloads/codes/lab02-experimentacao-software/data/repos/kestra-io__kestra/jdbc-h2/src/main/java/io/kestra/repository/h2/H2LockRepository.java,io.kestra.repository.h2.H2LockRepository,class,5,5,0,5,1,2,0,0,0,0.0,NaN,NaN,1,0,1,0,0,0,1,0,0,0,0,0,0,0,0,0,0,0,0,5,0,0,0,0,0,1,0,0,0,0,0,0,0,0,6,1,0
/Users/kaiohs/Downloads/codes/lab02-experimentacao-software/data/repos/kestra-io__kestra/core/src/main/java/io/kestra/core/storages/StorageContext.java,io.kestra.core.storages.StorageContext$Input,innerclass,3,3,0,3,4,2,0,6,1,0.33333334,0.0,0.0,3,0,2,1,0,0,2,0,0,0,2,0,0,2,0,0,2,0,4,21,2,0,0,1,0,4,0,3,1,3,1,0,0,0,28,9,0
/Users/kaiohs/Downloads/codes/lab02-experimentacao-software/data/repos/kestra-io__kestra/core/src/main/java/io/kestra/core/scheduler/vnodes/VNodesAssigner.java,io.kestra.core.scheduler.vnodes.VNodesAssigner$LoggerTriggerAssignmentListener,innerclass,2,2,0,2,3,1,0,4,0,0.083333336,0.0,0.0,3,0,3,0,0,0,3,0,0,0,4,0,0,4,0,0,3,0,1,20,0,0,0,0,0,2,0,5,0,4,0,0,0,0,15,0,2
/Users/kaiohs/Downloads/codes/lab02-experimentacao-software/data/repos/kestra-io__kestra/core/src/test/java/io/kestra/core/runners/FlowableUtilsTest.java,io.kestra.core.runners.FlowableUtilsTest,class,16,17,1,16,22,1,0,62,0,0.14285715,0.0,0.0,21,1,0,2,0,19,19,0,0,0,1,0,0,1,0,0,0,0,16,145,2,1,0,1,0,79,17,59,1,60,2,0,0,2,132,0,0
/Users/kaiohs/Downloads/codes/lab02-experimentacao-software/data/repos/kestra-io__kestra/core/src/test/java/io/kestra/core/utils/MapUtilsTest.java,io.kestra.core.utils.MapUtilsTest$Anonymous1,anonymous,0,0,0,0,1,1,0,1,0,0.0,NaN,NaN,0,0,0,0,0,0,1,0,0,0,0,0,0,0,0,0,0,0,0,5,0,0,0,0,0,1,0,0,0,0,0,0,0,0,1,-1,0
/Users/kaiohs/Downloads/codes/lab02-experimentacao-software/data/repos/kestra-io__kestra/webserver/src/main/java/io/kestra/webserver/controllers/api/BlueprintController.java,io.kestra.webserver.controllers.api.BlueprintController$Kind,enum,2,2,0,2,2,1,0,3,1,0.0,0.0,0.0,2,0,2,0,0,0,2,0,0,0,0,0,0,0,0,0,0,0,0,7,2,0,0,0,0,0,0,0,0,0,0,0,0,0,10,1,0
/Users/kaiohs/Downloads/codes/lab02-experimentacao-software/data/repos/kestra-io__kestra/core/src/main/java/io/kestra/core/runners/NoTransactionContext.java,io.kestra.core.runners.NoTransactionContext,class,3,4,1,3,2,1,0,1,1,1.0,NaN,NaN,2,0,1,1,0,0,1,0,0,0,1,1,1,0,0,0,1,0,0,8,1,0,0,0,0,0,0,1,0,1,0,0,0,0,12,17,0
/Users/kaiohs/Downloads/codes/lab02-experimentacao-software/data/repos/kestra-io__kestra/jdbc-postgres/src/main/java/io/kestra/repository/postgres/PostgresFlowRepository.java,io.kestra.repository.postgres.PostgresFlowRepository,class,12,12,0,12,4,2,0,3,6,0.0,0.0,0.0,4,0,1,0,3,0,4,0,0,0,0,0,0,0,0,0,0,0,3,14,3,0,0,0,0,1,0,0,0,0,0,0,0,0,18,1,0
/Users/kaiohs/Downloads/codes/lab02-experimentacao-software/data/repos/kestra-io__kestra/tests/src/main/java/io/kestra/core/junit/extensions/FlowLoaderExtension.java,io.kestra.core.junit.extensions.FlowLoaderExtension,class,6,7,1,6,3,2,0,8,3,0.0,0.0,0.0,3,1,2,1,0,0,2,0,0,0,0,0,0,0,0,0,0,0,2,13,1,0,0,0,0,0,0,2,0,2,0,0,0,0,17,1,0
/Users/kaiohs/Downloads/codes/lab02-experimentacao-software/data/repos/kestra-io__kestra/storage-local/src/main/java/io/kestra/storage/local/LocalFileAttributes.java,io.kestra.storage.local.LocalFileAttributes,class,6,8,2,6,10,1,0,15,3,0.5,0.0,0.0,7,1,7,0,0,0,7,0,0,0,2,0,0,0,0,2,0,0,1,42,9,0,0,1,0,2,0,3,1,5,2,1,0,0,28,1,0
/Users/kaiohs/Downloads/codes/lab02-experimentacao-software/data/repos/kestra-io__kestra/core/src/test/java/io/kestra/core/plugins/AdditionalPluginTest.java,io.kestra.core.plugins.AdditionalPluginTest$AdditionalPluginTestTask,innerclass,13,13,0,13,1,2,0,4,0,0.0,NaN,NaN,1,0,1,0,0,0,1,0,0,0,1,0,0,1,0,0,0,0,0,9,1,0,0,0,0,0,0,0,0,1,0,0,1,0,10,9,0
/Users/kaiohs/Downloads/codes/lab02-experimentacao-software/data/repos/kestra-io__kestra/core/src/test/java/io/kestra/core/serializers/JacksonMapperTest.java,io.kestra.core.serializers.JacksonMapperTest$Pojo,innerclass,3,3,0,3,0,1,0,0,0,NaN,-1.0,-1.0,0,0,0,0,0,0,0,0,0,0,4,0,0,4,0,0,0,0,0,6,0,0,0,0,0,0,0,0,0,4,0,0,0,0,9,9,0
/Users/kaiohs/Downloads/codes/lab02-experimentacao-software/data/repos/kestra-io__kestra/core/src/main/java/io/kestra/core/assets/AssetService.java,io.kestra.core.assets.AssetService,interface,5,7,2,5,4,1,0,0,6,0.0,0.0,0.0,4,0,0,0,0,4,4,0,0,0,0,0,0,0,0,0,0,0,0,17,0,0,0,0,0,0,0,0,0,0,0,0,1,0,13,1,0
/Users/kaiohs/Downloads/codes/lab02-experimentacao-software/data/repos/kestra-io__kestra/core/src/test/java/io/kestra/core/utils/ExceptionsTest.java,io.kestra.core.utils.ExceptionsTest,class,1,1,0,1,2,1,0,7,1,0.0,0.0,0.0,2,0,0,0,0,2,2,0,0,0,0,0,0,0,0,0,0,0,0,12,0,0,0,0,0,4,2,2,0,2,0,0,0,0,13,0,0
/Users/kaiohs/Downloads/codes/lab02-experimentacao-software/data/repos/kestra-io__kestra/webserver/src/main/java/io/kestra/webserver/controllers/api/NamespaceSecretController.java,io.kestra.webserver.controllers.api.NamespaceSecretController,class,10,10,0,10,1,1,0,3,0,0.0,NaN,NaN,1,0,1,0,0,0,1,0,0,0,2,0,0,0,2,0,0,0,0,7,1,0,0,0,0,5,0,0,0,2,0,0,0,0,20,1,0
/Users/kaiohs/Downloads/codes/lab02-experimentacao-software/data/repos/kestra-io__kestra/core/src/main/java/io/kestra/core/queues/DispatchQueueInterface.java,io.kestra.core.queues.DispatchQueueInterface,interface,3,4,1,3,5,1,0,0,10,0.0,0.0,0.0,5,0,0,0,0,5,5,0,0,0,0,0,0,0,0,0,0,0,0,7,0,0,0,0,0,0,0,0,0,0,0,0,0,0,10,1,0
/Users/kaiohs/Downloads/codes/lab02-experimentacao-software/data/repos/kestra-io__kestra/tests/src/main/java/io/kestra/core/junit/extensions/FlowExecutorExtension.java,io.kestra.core.junit.extensions.FlowExecutorExtension,class,15,16,1,15,7,2,0,37,6,0.0,0.0,0.0,4,1,3,1,0,0,3,0,0,0,0,0,0,0,0,0,0,0,7,34,4,0,2,0,0,2,0,12,1,15,1,0,0,3,46,1,0
/Users/kaiohs/Downloads/codes/lab02-experimentacao-software/data/repos/kestra-io__kestra/core/src/main/java/io/kestra/core/utils/ReadOnlyDelegatingMap.java,io.kestra.core.utils.ReadOnlyDelegatingMap,class,3,6,3,3,13,1,0,9,78,0.0,0.0,0.0,13,0,12,0,1,0,13,1,0,0,0,0,0,0,0,0,0,0,0,39,8,0,0,0,0,4,0,0,0,0,0,0,0,0,36,1025,0
/Users/kaiohs/Downloads/codes/lab02-experimentacao-software/data/repos/kestra-io__kestra/jdbc/src/test/java/io/kestra/jdbc/runner/AbstractJdbcDeserializationIssuesTest.java,io.kestra.jdbc.runner.AbstractJdbcDeserializationIssuesTest$Anonymous1,anonymous,3,3,0,3,4,1,0,2,6,0.0,0.0,0.0,4,0,4,0,0,0,4,0,0,0,0,0,0,0,0,0,0,0,3,14,4,0,0,0,0,0,0,0,0,0,0,0,0,0,17,-1,0
/Users/kaiohs/Downloads/codes/lab02-experimentacao-software/data/repos/kestra-io__kestra/core/src/main/java/io/kestra/core/runners/pebble/JsonWriter.java,io.kestra.core.runners.pebble.JsonWriter,class,7,9,2,7,17,3,0,17,0,0.53571427,0.0,0.0,14,0,14,0,0,0,14,0,0,0,2,1,0,2,0,0,2,0,1,57,2,0,0,0,0,0,0,2,0,2,1,0,0,0,32,1,0
/Users/kaiohs/Downloads/codes/lab02-experimentacao-software/data/repos/kestra-io__kestra/webserver/src/main/java/io/kestra/webserver/services/BasicAuthService.java,io.kestra.webserver.services.BasicAuthService$SaltedBasicAuthCredentials,innerclass,3,3,0,3,3,1,0,3,0,0.0,0.0,0.0,2,1,2,0,0,0,2,0,0,0,3,0,0,2,1,0,0,0,3,17,1,0,1,0,0,0,0,4,0,4,0,0,0,0,10,9,0
/Users/kaiohs/Downloads/codes/lab02-experimentacao-software/data/repos/kestra-io__kestra/worker-controller/src/main/java/io/kestra/controller/grpc/WorkerControllerService.java,io.kestra.controller.grpc.WorkerControllerService,interface,1,10,9,1,1,1,0,0,0,0.0,NaN,NaN,1,0,0,0,0,1,1,0,0,0,0,0,0,0,0,0,0,0,0,4,0,0,0,0,0,0,0,0,0,0,0,0,0,0,36,1,0
/Users/kaiohs/Downloads/codes/lab02-experimentacao-software/data/repos/kestra-io__kestra/core/src/test/java/io/kestra/core/docs/JsonSchemaGeneratorTest.java,io.kestra.core.docs.JsonSchemaGeneratorTest$TaskWithGroupedBooleanProperty,innerclass,13,13,0,13,1,2,0,1,0,1.0,NaN,NaN,1,0,1,0,0,0,1,0,0,0,1,0,0,1,0,0,0,0,0,6,1,0,0,0,0,1,0,1,0,1,0,0,0,0,17,9,0
/Users/kaiohs/Downloads/codes/lab02-experimentacao-software/data/repos/kestra-io__kestra/jdbc-mysql/src/test/java/io/kestra/repository/mysql/MysqlFlowTopologyRepositoryTest.java,io.kestra.repository.mysql.MysqlFlowTopologyRepositoryTest,class,1,1,0,1,0,2,0,0,0,0.0,-1.0,-1.0,0,0,0,0,0,0,0,0,0,0,0,0,0,0,0,0,0,0,0,2,0,0,0,0,0,0,0,0,0,0,0,0,0,0,7,1,0
/Users/kaiohs/Downloads/codes/lab02-experimentacao-software/data/repos/kestra-io__kestra/core/src/main/java/io/kestra/core/runners/pebble/filters/SubstringBeforeFilter.java,io.kestra.core.runners.pebble.filters.SubstringBeforeFilter,class,4,5,1,4,5,1,0,6,1,0.33333334,0.0,0.0,3,0,3,0,0,0,3,0,0,0,1,0,0,1,0,0,1,0,0,20,3,0,1,0,0,4,0,2,0,2,1,0,0,0,22,1,0
/Users/kaiohs/Downloads/codes/lab02-experimentacao-software/data/repos/kestra-io__kestra/core/src/main/java/io/kestra/core/models/flows/FlowWithPath.java,io.kestra.core.models.flows.FlowWithPath,class,10,11,1,10,2,1,0,10,0,0.2,0.0,0.0,2,1,2,0,0,0,2,0,0,0,5,0,0,5,0,0,0,0,0,13,2,0,0,0,0,0,0,0,0,5,0,0,0,0,17,1,0
/Users/kaiohs/Downloads/codes/lab02-experimentacao-software/data/repos/kestra-io__kestra/core/src/main/java/io/kestra/core/runners/Indexer.java,io.kestra.core.runners.Indexer,interface,1,1,0,1,0,1,0,0,0,0.0,-1.0,-1.0,0,0,0,0,0,0,0,0,0,0,0,0,0,0,0,0,0,0,0,2,0,0,0,0,0,0,0,0,0,0,0,0,0,0,2,1,0
/Users/kaiohs/Downloads/codes/lab02-experimentacao-software/data/repos/kestra-io__kestra/core/src/main/java/io/kestra/plugin/core/dashboard/chart/kpis/KpiOption.java,io.kestra.plugin.core.dashboard.chart.kpis.KpiOption$NumberType,enum,0,0,0,0,0,1,0,0,0,0.0,-1.0,-1.0,0,0,0,0,0,0,0,0,0,0,0,0,0,0,0,0,0,0,0,1,0,0,0,0,0,0,0,0,0,0,0,0,0,0,11,1,0
/Users/kaiohs/Downloads/codes/lab02-experimentacao-software/data/repos/kestra-io__kestra/core/src/test/java/io/kestra/core/tasks/test/BadExecutable.java,io.kestra.core.tasks.test.BadExecutable,class,14,14,0,14,1,2,0,0,0,0.0,NaN,NaN,1,0,1,0,0,0,1,0,0,0,0,0,0,0,0,0,0,0,0,5,0,0,0,0,0,3,0,0,0,0,0,0,0,0,26,1,0
/Users/kaiohs/Downloads/codes/lab02-experimentacao-software/data/repos/kestra-io__kestra/core/src/test/java/io/kestra/core/repositories/AbstractLockRepositoryTest.java,io.kestra.core.repositories.AbstractLockRepositoryTest,class,6,7,1,6,5,1,1,23,0,0.0,0.0,0.0,5,0,0,0,0,5,5,0,0,0,1,0,0,1,0,0,0,0,1,51,0,0,0,0,0,32,3,16,0,17,0,0,0,0,21,1025,0
/Users/kaiohs/Downloads/codes/lab02-experimentacao-software/data/repos/kestra-io__kestra/jdbc-mysql/src/main/java/io/kestra/repository/mysql/MysqlRepository.java,io.kestra.repository.mysql.MysqlRepository$MysqlCondition,innerclass,2,2,0,2,1,1,0,4,0,0.0,NaN,NaN,1,0,1,0,0,0,1,0,0,0,0,0,0,0,0,0,0,0,0,7,1,0,0,0,2,4,0,2,0,4,0,0,0,2,10,8,0
/Users/kaiohs/Downloads/codes/lab02-experimentacao-software/data/repos/kestra-io__kestra/core/src/main/java/io/kestra/plugin/core/namespace/DownloadFiles.java,io.kestra.plugin.core.namespace.DownloadFiles,class,20,20,0,20,3,2,0,31,0,0.0,NaN,NaN,1,0,1,0,0,0,1,0,0,0,3,0,0,3,0,0,0,0,2,34,2,0,0,1,0,12,0,10,1,12,2,0,1,1,66,1,1
/Users/kaiohs/Downloads/codes/lab02-experimentacao-software/data/repos/kestra-io__kestra/worker/src/main/java/io/kestra/worker/WorkerJobExecutor.java,io.kestra.worker.WorkerJobExecutor,class,13,15,2,13,21,2,0,34,0,0.75757575,0.0,0.0,9,0,8,1,0,0,8,0,0,0,11,3,0,11,0,0,8,0,3,151,5,2,2,1,0,6,5,19,2,19,2,0,1,1,132,1,1
/Users/kaiohs/Downloads/codes/lab02-experimentacao-software/data/repos/kestra-io__kestra/cli/src/test/java/io/kestra/cli/commands/migrations/metadata/MetadataMigrationServiceTest.java,io.kestra.cli.commands.migrations.metadata.MetadataMigrationServiceTest$Anonymous1,anonymous,0,0,0,0,1,1,0,0,0,0.0,NaN,NaN,1,0,1,0,0,0,1,0,0,0,0,0,0,0,0,0,0,0,0,5,1,0,0,0,0,0,0,0,0,0,0,0,0,0,9,-1,0
/Users/kaiohs/Downloads/codes/lab02-experimentacao-software/data/repos/kestra-io__kestra/cli/src/test/java/io/kestra/cli/commands/migrations/metadata/MetadataMigrationServiceTest.java,io.kestra.cli.commands.migrations.metadata.MetadataMigrationServiceTest$Anonymous2,anonymous,0,0,0,0,1,1,0,2,0,0.0,NaN,NaN,1,0,1,0,0,0,1,0,0,0,0,0,0,0,0,0,0,0,2,5,1,0,0,0,0,0,0,0,0,0,0,0,0,0,4,-1,0
/Users/kaiohs/Downloads/codes/lab02-experimentacao-software/data/repos/kestra-io__kestra/jdbc-h2/src/test/java/io/kestra/repository/h2/H2TaskOutputRepositoryTest.java,io.kestra.repository.h2.H2TaskOutputRepositoryTest,class,1,1,0,1,0,2,0,0,0,0.0,-1.0,-1.0,0,0,0,0,0,0,0,0,0,0,0,0,0,0,0,0,0,0,0,2,0,0,0,0,0,0,0,0,0,0,0,0,0,0,6,0,0
/Users/kaiohs/Downloads/codes/lab02-experimentacao-software/data/repos/kestra-io__kestra/core/src/main/java/io/kestra/core/serializers/JacksonMapper.java,io.kestra.core.serializers.JacksonMapper,class,19,40,21,19,26,1,0,35,53,0.8270677,0.0,0.0,19,18,15,4,0,0,16,0,0,0,7,7,3,4,0,0,7,0,8,98,19,1,1,2,1,3,1,13,1,12,3,4,0,0,82,17,0
/Users/kaiohs/Downloads/codes/lab02-experimentacao-software/data/repos/kestra-io__kestra/core/src/main/java/io/kestra/core/log/KestraLogFilter.java,io.kestra.core.log.KestraLogFilter,class,2,2,0,2,1,2,0,2,0,0.0,NaN,NaN,1,0,1,0,0,0,1,0,0,0,0,0,0,0,0,0,0,0,0,6,1,0,0,0,0,4,0,1,0,1,0,0,0,0,36,1,0
/Users/kaiohs/Downloads/codes/lab02-experimentacao-software/data/repos/kestra-io__kestra/webserver/src/test/java/io/kestra/webserver/controllers/api/ConcurrencyLimitControllerTest.java,io.kestra.webserver.controllers.api.ConcurrencyLimitControllerTest,class,9,9,0,9,1,1,0,15,0,0.0,NaN,NaN,1,0,0,0,0,1,1,0,0,0,1,0,0,1,0,0,0,0,0,14,0,0,0,0,0,6,3,3,1,4,0,0,0,0,31,0,0
/Users/kaiohs/Downloads/codes/lab02-experimentacao-software/data/repos/kestra-io__kestra/core/src/main/java/io/kestra/core/queues/BroadcastQueueInterface.java,io.kestra.core.queues.BroadcastQueueInterface,interface,3,4,1,3,5,1,0,0,10,0.0,0.0,0.0,5,0,0,0,0,5,5,0,0,0,0,0,0,0,0,0,0,0,0,7,0,0,0,0,0,0,0,0,0,0,0,0,0,0,10,1,0
/Users/kaiohs/Downloads/codes/lab02-experimentacao-software/data/repos/kestra-io__kestra/core/src/main/java/io/kestra/core/services/PluginDefaultService.java,io.kestra.core.services.PluginDefaultService$Anonymous1,anonymous,0,0,0,0,0,1,0,0,0,0.0,-1.0,-1.0,0,0,0,0,0,0,0,0,0,0,0,0,0,0,0,0,0,0,0,2,0,0,0,0,0,0,0,0,0,0,0,0,0,0,0,-1,0
/Users/kaiohs/Downloads/codes/lab02-experimentacao-software/data/repos/kestra-io__kestra/core/src/main/java/io/kestra/core/models/tasks/retrys/AbstractRetry.java,io.kestra.core.models.tasks.retrys.AbstractRetry,class,15,22,7,15,7,1,3,5,4,0.625,0.0,0.0,4,1,4,0,0,0,4,2,0,0,4,0,0,4,0,0,0,0,0,25,3,0,3,0,0,4,2,3,0,5,1,0,1,0,39,1025,0
/Users/kaiohs/Downloads/codes/lab02-experimentacao-software/data/repos/kestra-io__kestra/cli/src/test/java/io/kestra/cli/commands/migrations/metadata/MetadataMigrationServiceTest.java,io.kestra.cli.commands.migrations.metadata.MetadataMigrationServiceTest$Anonymous3,anonymous,0,0,0,0,1,1,0,0,0,0.0,NaN,NaN,1,0,1,0,0,0,1,0,0,0,0,0,0,0,0,0,0,0,0,5,1,0,0,0,0,0,0,0,0,0,0,0,0,0,9,-1,0
/Users/kaiohs/Downloads/codes/lab02-experimentacao-software/data/repos/kestra-io__kestra/core/src/main/java/io/kestra/plugin/core/flow/If.java,io.kestra.plugin.core.flow.If$Output,innerclass,4,4,0,4,0,1,0,0,0,NaN,-1.0,-1.0,0,0,0,0,0,0,0,0,0,0,1,0,1,0,0,0,0,0,0,3,0,0,0,0,0,1,0,0,0,1,0,0,0,0,5,9,0
/Users/kaiohs/Downloads/codes/lab02-experimentacao-software/data/repos/kestra-io__kestra/core/src/main/java/io/kestra/core/models/triggers/TimeWindow.java,io.kestra.core.models.triggers.TimeWindow$Type,enum,0,0,0,0,0,1,0,0,0,0.0,-1.0,-1.0,0,0,0,0,0,0,0,0,0,0,0,0,0,0,0,0,0,0,0,1,0,0,0,0,0,0,0,0,0,0,0,0,0,0,11,1,0
/Users/kaiohs/Downloads/codes/lab02-experimentacao-software/data/repos/kestra-io__kestra/core/src/main/java/io/kestra/core/models/dashboards/charts/DataChartKPI.java,io.kestra.core.models.dashboards.charts.DataChartKPI,class,13,14,1,13,2,2,0,0,1,1.0,0.0,0.0,2,0,2,0,0,0,2,0,0,0,1,0,0,1,0,0,0,0,0,9,2,0,0,0,0,0,0,0,0,1,0,0,0,0,12,1025,0
/Users/kaiohs/Downloads/codes/lab02-experimentacao-software/data/repos/kestra-io__kestra/core/src/test/java/io/kestra/core/utils/ReadOnlyDelegatingMapTest.java,io.kestra.core.utils.ReadOnlyDelegatingMapTest,class,3,3,0,3,1,2,0,18,0,0.0,NaN,NaN,1,0,0,0,0,1,1,0,0,0,0,0,0,0,0,0,0,0,0,22,0,0,0,0,0,9,4,1,0,1,0,0,1,4,11,0,0
/Users/kaiohs/Downloads/codes/lab02-experimentacao-software/data/repos/kestra-io__kestra/core/src/main/java/io/kestra/core/models/flows/input/DurationInput.java,io.kestra.core.models.flows.input.DurationInput,class,7,10,3,7,5,2,0,3,0,0.0,NaN,NaN,1,0,1,0,0,0,1,0,0,0,2,0,0,0,0,2,0,0,0,12,0,0,2,0,0,6,2,0,2,2,1,0,0,0,16,1,0
/Users/kaiohs/Downloads/codes/lab02-experimentacao-software/data/repos/kestra-io__kestra/core/src/main/java/io/kestra/plugin/core/kv/Get.java,io.kestra.plugin.core.kv.Get$Output,innerclass,4,4,0,4,0,1,0,0,0,NaN,-1.0,-1.0,0,0,0,0,0,0,0,0,0,0,1,0,0,1,0,0,1,0,0,3,0,0,0,0,0,2,0,0,0,1,0,0,0,0,19,9,0
/Users/kaiohs/Downloads/codes/lab02-experimentacao-software/data/repos/kestra-io__kestra/core/src/main/java/io/kestra/core/reporter/ReportableRegistry.java,io.kestra.core.reporter.ReportableRegistry,class,5,6,1,5,4,1,0,8,0,0.0,0.0,0.0,3,0,3,0,0,0,3,0,0,0,1,0,0,1,0,0,1,0,2,18,1,0,0,0,0,2,0,1,0,2,1,0,0,1,16,1,1
/Users/kaiohs/Downloads/codes/lab02-experimentacao-software/data/repos/kestra-io__kestra/cli/src/main/java/io/kestra/cli/commands/servers/WorkerCommand.java,io.kestra.cli.commands.servers.WorkerCommand,class,6,8,2,6,5,4,0,10,1,0.5555556,0.0,0.0,3,1,3,0,0,0,3,0,0,0,3,0,0,3,0,0,0,0,2,22,3,0,1,0,0,12,1,3,0,4,1,0,0,1,43,1,0
/Users/kaiohs/Downloads/codes/lab02-experimentacao-software/data/repos/kestra-io__kestra/webserver/src/main/java/io/kestra/webserver/controllers/api/ExecutionController.java,io.kestra.webserver.controllers.api.ExecutionController$EvalResult,innerclass,3,3,0,3,0,1,0,0,0,NaN,-1.0,-1.0,0,0,0,0,0,0,0,0,0,0,3,0,0,0,0,3,0,0,0,5,0,0,0,0,0,0,0,0,0,3,0,0,0,0,6,9,0
/Users/kaiohs/Downloads/codes/lab02-experimentacao-software/data/repos/kestra-io__kestra/core/src/main/java/io/kestra/core/runners/RunContextLogger.java,io.kestra.core.runners.RunContextLogger$BaseAppender,innerclass,9,9,0,9,19,2,0,32,6,0.6,0.0,0.0,5,0,0,3,2,0,2,0,0,0,2,0,0,0,2,0,0,0,0,67,10,2,4,1,0,3,1,12,0,13,4,0,0,3,53,1033,1
/Users/kaiohs/Downloads/codes/lab02-experimentacao-software/data/repos/kestra-io__kestra/cli/src/main/java/io/kestra/cli/commands/flows/FlowExportCommand.java,io.kestra.cli.commands.flows.FlowExportCommand,class,12,14,2,12,3,4,0,17,0,0.0,NaN,NaN,1,0,1,0,0,0,1,0,0,0,4,1,2,2,0,0,1,0,4,22,2,0,1,1,1,13,2,5,3,8,1,0,0,0,60,1,0
/Users/kaiohs/Downloads/codes/lab02-experimentacao-software/data/repos/kestra-io__kestra/webserver/src/main/java/io/kestra/webserver/utils/TimeLineSearch.java,io.kestra.webserver.utils.TimeLineSearch,class,4,8,4,4,13,1,0,5,1,0.5,NaN,NaN,2,2,1,1,0,0,1,0,0,0,3,0,0,3,0,0,0,0,3,41,2,1,6,1,1,2,1,5,1,6,2,0,0,0,27,1,0
/Users/kaiohs/Downloads/codes/lab02-experimentacao-software/data/repos/kestra-io__kestra/executor/src/test/java/io/kestra/executor/FlowTriggerServiceTest.java,io.kestra.executor.FlowTriggerServiceTest,class,14,15,1,14,12,1,0,32,10,0.7,0.0,0.0,12,4,0,4,0,8,8,0,0,0,5,1,0,5,0,0,1,0,34,72,4,0,0,0,0,13,4,29,0,32,0,0,0,0,60,0,0
/Users/kaiohs/Downloads/codes/lab02-experimentacao-software/data/repos/kestra-io__kestra/core/src/test/java/io/kestra/core/validations/FlowValidationTest.java,io.kestra.core.validations.FlowValidationTest,class,19,20,1,19,18,2,0,37,62,0.78431374,0.0,0.0,17,0,0,1,0,16,16,0,0,0,3,1,0,3,0,0,1,0,4,116,1,0,1,0,0,45,14,40,0,43,0,0,1,1,151,0,0
/Users/kaiohs/Downloads/codes/lab02-experimentacao-software/data/repos/kestra-io__kestra/cli/src/test/java/io/kestra/cli/commands/migrations/metadata/KvMetadataMigrationCommandTest.java,io.kestra.cli.commands.migrations.metadata.KvMetadataMigrationCommandTest,class,18,19,1,18,4,1,0,47,6,0.0,NaN,NaN,4,3,0,3,0,1,1,0,0,0,0,0,0,0,0,0,0,0,17,66,1,0,0,1,0,20,3,24,1,23,1,0,0,0,60,1,0
/Users/kaiohs/Downloads/codes/lab02-experimentacao-software/data/repos/kestra-io__kestra/cli/src/main/java/io/kestra/cli/AbstractValidateCommand.java,io.kestra.cli.AbstractValidateCommand,class,13,16,3,13,10,4,0,46,8,0.73333335,0.0,0.0,5,3,4,0,1,0,5,0,0,0,3,0,0,1,2,0,0,0,13,78,4,0,1,3,0,22,5,11,0,20,5,0,0,6,82,1025,0
/Users/kaiohs/Downloads/codes/lab02-experimentacao-software/data/repos/kestra-io__kestra/core/src/test/java/io/kestra/plugin/core/namespace/DownloadFilesTest.java,io.kestra.plugin.core.namespace.DownloadFilesTest,class,8,8,0,8,1,1,0,24,0,0.5,NaN,NaN,1,0,0,0,0,1,1,0,0,0,2,0,0,0,0,2,0,0,4,15,0,0,0,0,0,9,1,5,1,7,0,0,0,0,26,1,0
/Users/kaiohs/Downloads/codes/lab02-experimentacao-software/data/repos/kestra-io__kestra/core/src/main/java/io/kestra/core/queues/UnsupportedMessageException.java,io.kestra.core.queues.UnsupportedMessageException,class,1,1,0,1,1,4,0,0,0,1.0,NaN,NaN,1,0,1,0,0,0,1,0,0,0,1,1,0,1,0,0,1,0,0,6,0,0,0,0,0,0,1,1,0,1,0,0,0,0,13,1,0
/Users/kaiohs/Downloads/codes/lab02-experimentacao-software/data/repos/kestra-io__kestra/webserver/src/main/java/io/kestra/webserver/controllers/api/ClusterController.java,io.kestra.webserver.controllers.api.ClusterController,class,13,13,0,13,3,1,0,11,0,0.0,0.0,0.0,3,0,3,0,0,0,3,0,0,0,1,0,0,1,0,0,1,0,2,12,2,0,0,0,0,8,0,1,0,1,0,0,0,0,24,1,0
/Users/kaiohs/Downloads/codes/lab02-experimentacao-software/data/repos/kestra-io__kestra/script/src/main/java/io/kestra/plugin/scripts/runner/docker/DeviceRequest.java,io.kestra.plugin.scripts.runner.docker.DeviceRequest,class,5,7,2,5,0,1,0,0,0,NaN,-1.0,-1.0,0,0,0,0,0,0,0,0,0,0,5,0,0,5,0,0,0,0,0,7,0,0,0,0,0,4,0,0,0,5,0,0,0,0,32,1,0
/Users/kaiohs/Downloads/codes/lab02-experimentacao-software/data/repos/kestra-io__kestra/core/src/test/java/io/kestra/plugin/core/trigger/PollingTest.java,io.kestra.plugin.core.trigger.PollingTest,class,4,4,0,4,1,1,0,11,0,0.0,NaN,NaN,1,0,0,0,0,1,1,0,0,0,0,0,0,0,0,0,0,0,0,9,0,0,0,0,0,5,0,1,0,1,0,0,0,0,14,0,0
/Users/kaiohs/Downloads/codes/lab02-experimentacao-software/data/repos/kestra-io__kestra/jdbc-postgres/src/test/java/io/kestra/runner/postgres/PostgresRunnerTest.java,io.kestra.runner.postgres.PostgresRunnerTest,class,1,1,0,1,0,2,0,0,0,0.0,-1.0,-1.0,0,0,0,0,0,0,0,0,0,0,0,0,0,0,0,0,0,0,0,2,0,0,0,0,0,0,0,0,0,0,0,0,0,0,4,1,0
/Users/kaiohs/Downloads/codes/lab02-experimentacao-software/data/repos/kestra-io__kestra/core/src/main/java/io/kestra/core/models/tasks/metrics/TimerMetric.java,io.kestra.core.models.tasks.metrics.TimerMetric,class,12,13,1,12,2,2,0,13,1,0.5,0.0,0.0,2,0,2,0,0,0,2,0,0,0,2,1,1,1,0,0,1,0,1,15,2,0,0,0,0,1,0,6,0,8,0,0,0,1,26,1,0
/Users/kaiohs/Downloads/codes/lab02-experimentacao-software/data/repos/kestra-io__kestra/core/src/main/java/io/kestra/core/services/VariablesService.java,io.kestra.core.services.VariablesService,class,5,8,3,5,3,1,0,4,1,0.0,0.0,0.0,2,0,2,0,0,0,2,0,0,0,0,0,0,0,0,0,0,0,1,8,2,0,1,0,0,0,0,0,0,0,0,0,0,0,34,1,0
/Users/kaiohs/Downloads/codes/lab02-experimentacao-software/data/repos/kestra-io__kestra/cli/src/test/java/io/kestra/cli/commands/plugins/PluginListCommandTest.java,io.kestra.cli.commands.plugins.PluginListCommandTest,class,3,5,2,3,1,1,0,18,0,0.0,NaN,NaN,1,0,0,0,0,1,1,0,0,0,1,1,0,1,0,0,1,0,4,15,0,0,0,1,0,6,0,5,2,5,1,0,0,0,40,0,0
/Users/kaiohs/Downloads/codes/lab02-experimentacao-software/data/repos/kestra-io__kestra/core/src/test/java/io/kestra/core/runners/DisabledTest.java,io.kestra.core.runners.DisabledTest,class,4,4,0,4,3,1,0,3,3,0.0,0.0,0.0,3,0,0,0,0,3,3,0,0,0,0,0,0,0,0,0,0,0,0,11,0,0,0,0,0,3,3,0,0,0,0,0,0,0,14,1,0
/Users/kaiohs/Downloads/codes/lab02-experimentacao-software/data/repos/kestra-io__kestra/core/src/test/java/io/kestra/plugin/core/execution/AssertTest.java,io.kestra.plugin.core.execution.AssertTest,class,10,10,0,10,3,1,0,33,1,0.5,0.0,0.0,3,0,0,0,0,3,3,0,0,0,2,0,0,1,0,1,0,0,4,28,0,0,0,0,0,19,8,7,0,15,0,0,0,7,37,1,0
/Users/kaiohs/Downloads/codes/lab02-experimentacao-software/data/repos/kestra-io__kestra/core/src/main/java/io/kestra/core/runners/WorkingDirFactory.java,io.kestra.core.runners.WorkingDirFactory,class,5,8,3,5,2,1,0,4,1,0.5,NaN,NaN,2,0,1,1,0,0,1,0,0,0,1,0,0,0,1,0,0,0,2,9,2,0,0,0,0,2,0,0,0,1,0,0,0,0,15,1,0
/Users/kaiohs/Downloads/codes/lab02-experimentacao-software/data/repos/kestra-io__kestra/cli/src/main/java/io/kestra/cli/commands/plugins/PluginUninstallCommand.java,io.kestra.cli.commands.plugins.PluginUninstallCommand,class,12,13,1,12,4,3,0,11,1,0.6666667,0.0,0.0,2,0,1,0,1,0,2,0,0,0,3,0,0,0,0,3,0,0,2,30,3,0,1,1,0,5,0,6,0,7,1,0,0,0,45,1,0
/Users/kaiohs/Downloads/codes/lab02-experimentacao-software/data/repos/kestra-io__kestra/core/src/main/java/io/kestra/plugin/core/http/Trigger.java,io.kestra.plugin.core.http.Trigger,class,21,21,0,21,4,2,0,37,0,0.18181819,NaN,NaN,1,0,1,0,0,0,1,0,0,0,11,0,0,11,0,0,1,0,4,37,2,0,1,0,0,14,1,15,0,20,1,0,0,0,94,1,1
/Users/kaiohs/Downloads/codes/lab02-experimentacao-software/data/repos/kestra-io__kestra/core/src/main/java/io/kestra/core/runners/pebble/functions/DecryptFunction.java,io.kestra.core.runners.pebble.functions.DecryptFunction,class,4,5,1,4,6,1,0,7,3,0.6666667,0.0,0.0,3,0,3,0,0,0,3,0,0,0,1,1,1,0,0,0,1,0,2,22,3,0,0,1,0,12,0,3,1,3,1,0,0,0,30,1,0
/Users/kaiohs/Downloads/codes/lab02-experimentacao-software/data/repos/kestra-io__kestra/core/src/main/java/io/kestra/plugin/core/namespace/PurgeFiles.java,io.kestra.plugin.core.namespace.PurgeFiles$Output,innerclass,4,4,0,4,0,1,0,0,0,NaN,-1.0,-1.0,0,0,0,0,0,0,0,0,0,0,1,0,0,1,0,0,0,0,0,3,0,0,0,0,0,1,0,0,0,1,0,0,0,0,9,9,0
/Users/kaiohs/Downloads/codes/lab02-experimentacao-software/data/repos/kestra-io__kestra/core/src/main/java/io/kestra/core/models/tasks/NamespaceFiles.java,io.kestra.core.models.tasks.NamespaceFiles,class,10,12,2,10,0,1,0,3,0,NaN,-1.0,-1.0,0,0,0,0,0,0,0,0,0,0,6,0,0,6,0,0,0,0,4,8,0,0,0,0,0,6,0,4,0,6,0,0,0,0,88,1,0
/Users/kaiohs/Downloads/codes/lab02-experimentacao-software/data/repos/kestra-io__kestra/core/src/test/java/io/kestra/core/runners/SLATestCase.java,io.kestra.core.runners.SLATestCase,class,5,6,1,5,6,1,0,8,0,0.0,0.0,0.0,6,0,6,0,0,0,6,0,0,0,1,0,0,1,0,0,0,0,0,28,0,0,0,0,0,18,0,6,0,11,0,0,0,2,35,1,0
/Users/kaiohs/Downloads/codes/lab02-experimentacao-software/data/repos/kestra-io__kestra/core/src/main/java/io/kestra/core/contexts/KestraContext.java,io.kestra.core.contexts.KestraContext$Initializer,innerclass,11,11,0,11,14,2,0,26,3,0.6818182,0.0,0.0,11,0,11,0,0,0,11,0,0,0,4,0,0,4,0,0,4,0,7,55,9,0,0,0,0,4,0,5,0,10,2,0,0,6,51,9,3
/Users/kaiohs/Downloads/codes/lab02-experimentacao-software/data/repos/kestra-io__kestra/core/src/main/java/io/kestra/core/http/HttpResponse.java,io.kestra.core.http.HttpResponse,class,16,21,5,16,15,1,0,31,0,0.48571435,0.0,0.0,7,6,7,0,0,0,7,0,0,0,5,0,0,0,0,5,0,0,12,122,7,0,4,0,0,4,0,1,1,9,1,0,2,3,71,1,0
/Users/kaiohs/Downloads/codes/lab02-experimentacao-software/data/repos/kestra-io__kestra/jdbc-h2/src/main/java/io/kestra/repository/h2/H2KvMetadataRepositoryService.java,io.kestra.repository.h2.H2KvMetadataRepositoryService,class,2,3,1,2,3,1,0,6,0,0.0,NaN,NaN,1,1,1,0,0,0,1,0,0,0,0,0,0,0,0,0,0,0,1,9,1,0,1,0,0,1,0,1,0,1,1,0,0,0,10,1025,0
/Users/kaiohs/Downloads/codes/lab02-experimentacao-software/data/repos/kestra-io__kestra/core/src/main/java/io/kestra/core/runners/ExecutionRunning.java,io.kestra.core.runners.ExecutionRunning$ConcurrencyState,enum,0,0,0,0,0,1,0,0,0,0.0,-1.0,-1.0,0,0,0,0,0,0,0,0,0,0,0,0,0,0,0,0,0,0,0,1,0,0,0,0,0,0,0,0,0,0,0,0,0,0,8,1,0
/Users/kaiohs/Downloads/codes/lab02-experimentacao-software/data/repos/kestra-io__kestra/processor/src/test/java/io/kestra/core/plugins/processor/ServicesFilesTest.java,io.kestra.core.plugins.processor.ServicesFilesTest,class,5,6,1,5,7,1,0,16,21,0.0,0.0,0.0,7,0,0,0,0,7,7,0,0,0,0,0,0,0,0,0,0,0,14,44,0,0,0,0,0,8,1,19,0,19,0,0,0,0,40,0,0
/Users/kaiohs/Downloads/codes/lab02-experimentacao-software/data/repos/kestra-io__kestra/core/src/main/java/io/kestra/core/models/flows/input/FloatInput.java,io.kestra.core.models.flows.input.FloatInput,class,7,10,3,7,5,2,0,3,0,0.0,NaN,NaN,1,0,1,0,0,0,1,0,0,0,2,0,0,0,0,2,0,0,0,12,0,0,2,0,0,6,2,0,2,2,1,0,0,0,16,1,0
/Users/kaiohs/Downloads/codes/lab02-experimentacao-software/data/repos/kestra-io__kestra/jdbc/src/main/java/io/kestra/jdbc/repository/AbstractJdbcTriggerRepository.java,io.kestra.jdbc.repository.AbstractJdbcTriggerRepository,class,36,40,4,36,34,3,2,73,193,0.9090908,0.0,0.0,22,0,17,0,5,0,22,1,0,0,11,9,0,11,0,0,11,0,4,153,27,0,9,1,0,24,0,40,1,51,3,0,0,16,126,1025,0
/Users/kaiohs/Downloads/codes/lab02-experimentacao-software/data/repos/kestra-io__kestra/webserver/src/main/java/io/kestra/webserver/utils/filepreview/FileRender.java,io.kestra.webserver.utils.filepreview.FileRender$Type,enum,0,0,0,0,0,1,0,0,0,0.0,-1.0,-1.0,0,0,0,0,0,0,0,0,0,0,0,0,0,0,0,0,0,0,0,1,0,0,0,0,0,0,0,0,0,0,0,0,0,0,5,1,0
/Users/kaiohs/Downloads/codes/lab02-experimentacao-software/data/repos/kestra-io__kestra/repository-memory/src/main/java/io/kestra/runner/memory/DatasourceProvider.java,io.kestra.runner.memory.DatasourceProvider$CustomDatasourceConfiguration,innerclass,1,1,0,1,1,2,0,0,0,0.0,NaN,NaN,1,0,1,0,0,0,1,0,0,0,0,0,0,0,0,0,0,0,0,5,0,0,0,0,0,0,0,0,0,0,0,0,0,0,4,9,0
/Users/kaiohs/Downloads/codes/lab02-experimentacao-software/data/repos/kestra-io__kestra/core/src/test/java/io/kestra/core/plugins/PluginIdentifierTest.java,io.kestra.core.plugins.PluginIdentifierTest,class,2,2,0,2,2,1,0,4,1,0.0,0.0,0.0,2,0,0,0,0,2,2,0,0,0,0,0,0,0,0,0,0,0,0,10,0,0,0,0,0,5,0,2,0,2,0,0,0,0,12,0,0
/Users/kaiohs/Downloads/codes/lab02-experimentacao-software/data/repos/kestra-io__kestra/core/src/main/java/io/kestra/core/reporter/AbstractReportable.java,io.kestra.core.reporter.AbstractReportable,class,4,9,5,4,4,1,0,0,0,0.5,0.0,0.0,4,0,4,0,0,0,4,0,0,0,3,0,0,3,0,0,3,0,0,19,3,0,0,0,0,0,0,3,0,3,0,0,0,0,10,1025,0
/Users/kaiohs/Downloads/codes/lab02-experimentacao-software/data/repos/kestra-io__kestra/worker-controller/src/main/java/io/kestra/controller/config/GrpcTlsConfiguration.java,io.kestra.controller.config.ClientAuth,enum,8,8,0,8,13,1,0,14,15,0.0,0.0,0.0,6,2,6,0,0,0,9,0,0,0,0,0,0,0,0,0,0,0,6,43,4,0,4,2,0,19,1,8,3,8,1,0,0,0,94,1,0
/Users/kaiohs/Downloads/codes/lab02-experimentacao-software/data/repos/kestra-io__kestra/core/src/main/java/io/kestra/core/http/client/apache/LoggingRequestInterceptor.java,io.kestra.core.http.client.apache.LoggingRequestInterceptor,class,11,13,2,11,7,2,0,11,1,0.5,NaN,NaN,2,0,1,1,0,0,1,0,0,0,2,0,0,2,0,0,0,0,3,16,1,0,0,0,0,5,0,0,2,2,1,0,0,0,23,1,3
/Users/kaiohs/Downloads/codes/lab02-experimentacao-software/data/repos/kestra-io__kestra/core/src/test/java/io/kestra/core/runners/pebble/filters/DateFilterTest.java,io.kestra.core.runners.pebble.filters.DateFilterTest,class,6,6,0,6,11,1,0,19,0,0.13636364,0.0,0.0,11,0,0,0,0,11,11,0,0,0,2,1,1,1,0,0,1,0,13,57,0,0,0,0,0,35,2,16,1,14,0,0,0,0,40,0,0
/Users/kaiohs/Downloads/codes/lab02-experimentacao-software/data/repos/kestra-io__kestra/core/src/main/java/io/kestra/core/models/triggers/StatefulTriggerService.java,io.kestra.core.models.triggers.StatefulTriggerService,class,11,12,1,11,16,1,0,34,21,0.0,0.0,0.0,7,5,7,0,0,0,7,0,0,0,0,0,0,0,0,0,0,0,7,63,8,0,7,2,0,4,0,12,0,13,2,1,0,3,46,1,2
/Users/kaiohs/Downloads/codes/lab02-experimentacao-software/data/repos/kestra-io__kestra/core/src/main/java/io/kestra/core/models/executions/Variables.java,io.kestra.core.models.executions.Variables$InStorageVariables$State,enum,0,0,0,0,0,1,0,0,0,0.0,-1.0,-1.0,0,0,0,0,0,0,0,0,0,0,0,0,0,0,0,0,0,0,0,1,0,0,0,0,0,0,0,0,0,0,0,0,0,0,8,0,0
/Users/kaiohs/Downloads/codes/lab02-experimentacao-software/data/repos/kestra-io__kestra/core/src/main/java/io/kestra/plugin/core/dashboard/chart/mardown/sources/Text.java,io.kestra.plugin.core.dashboard.chart.mardown.sources.Text,class,3,4,1,3,0,2,0,0,0,NaN,-1.0,-1.0,0,0,0,0,0,0,0,0,0,0,1,0,0,1,0,0,0,0,0,3,0,0,0,0,0,2,0,0,0,1,0,0,0,0,7,1,0
/Users/kaiohs/Downloads/codes/lab02-experimentacao-software/data/repos/kestra-io__kestra/scheduler/src/main/java/io/kestra/scheduler/DefaultScheduler.java,io.kestra.scheduler.DefaultScheduler,class,22,28,6,22,27,2,0,53,28,0.798077,0.0,0.0,13,0,6,5,1,1,8,0,0,0,16,1,0,16,0,0,12,0,5,183,9,0,3,1,0,8,3,23,0,27,2,2,0,5,110,1,5
/Users/kaiohs/Downloads/codes/lab02-experimentacao-software/data/repos/kestra-io__kestra/jdbc-mysql/src/test/java/io/kestra/repository/mysql/MysqlExecutionRepositoryTest.java,io.kestra.repository.mysql.MysqlExecutionRepositoryTest,class,1,1,0,1,0,2,0,0,0,0.0,-1.0,-1.0,0,0,0,0,0,0,0,0,0,0,0,0,0,0,0,0,0,0,0,2,0,0,0,0,0,0,0,0,0,0,0,0,0,0,5,1,0
/Users/kaiohs/Downloads/codes/lab02-experimentacao-software/data/repos/kestra-io__kestra/core/src/test/java/io/kestra/core/runners/pebble/filters/EndsWithFilterTest.java,io.kestra.core.runners.pebble.filters.EndsWithFilterTest,class,4,4,0,4,1,1,0,5,0,0.0,NaN,NaN,1,0,0,0,0,1,1,0,0,0,1,0,0,0,0,1,0,0,2,7,0,0,0,0,0,1,0,1,0,2,0,0,0,0,16,0,0
/Users/kaiohs/Downloads/codes/lab02-experimentacao-software/data/repos/kestra-io__kestra/core/src/main/java/io/kestra/core/utils/DateUtils.java,io.kestra.core.utils.DateUtils$GroupType,enum,0,0,0,0,1,1,0,2,0,0.0,NaN,NaN,1,0,1,0,0,0,1,0,0,0,0,0,0,0,0,0,0,0,0,4,1,0,0,0,0,0,0,0,0,0,0,0,0,0,10,1,0
/Users/kaiohs/Downloads/codes/lab02-experimentacao-software/data/repos/kestra-io__kestra/core/src/main/java/io/kestra/core/validations/validator/KvVersionBehaviorValidator.java,io.kestra.core.validations.validator.KvVersionBehaviorValidator,class,7,7,0,7,4,1,0,5,0,0.0,NaN,NaN,1,0,1,0,0,0,1,0,0,0,0,0,0,0,0,0,0,0,0,13,3,0,3,0,0,1,0,0,0,0,1,0,0,0,16,1,0
/Users/kaiohs/Downloads/codes/lab02-experimentacao-software/data/repos/kestra-io__kestra/core/src/main/java/io/kestra/core/exceptions/TaskNotFoundException.java,io.kestra.core.exceptions.TaskNotFoundException,class,1,1,0,1,2,6,0,0,1,0.0,0.0,0.0,2,0,2,0,0,0,2,0,0,0,0,0,0,0,0,0,0,0,0,8,0,0,0,0,0,0,0,0,0,0,0,0,0,0,17,1,0
/Users/kaiohs/Downloads/codes/lab02-experimentacao-software/data/repos/kestra-io__kestra/jdbc-postgres/src/test/java/io/kestra/repository/postgres/PostgresSQLInjectionTest.java,io.kestra.repository.postgres.PostgresSQLInjectionTest,class,1,1,0,1,0,2,0,0,0,0.0,-1.0,-1.0,0,0,0,0,0,0,0,0,0,0,0,0,0,0,0,0,0,0,0,2,0,0,0,0,0,0,0,0,0,0,0,0,0,0,7,0,0
/Users/kaiohs/Downloads/codes/lab02-experimentacao-software/data/repos/kestra-io__kestra/core/src/main/java/io/kestra/core/runners/pebble/functions/RandomIntFunction.java,io.kestra.core.runners.pebble.functions.RandomIntFunction,class,5,7,2,5,7,1,0,8,6,1.0,0.0,0.0,4,0,3,1,0,0,3,0,0,0,1,1,1,0,0,0,1,0,4,26,4,0,0,0,3,13,0,3,5,3,1,0,0,0,34,1,0
/Users/kaiohs/Downloads/codes/lab02-experimentacao-software/data/repos/kestra-io__kestra/core/src/main/java/io/kestra/core/utils/TruthUtils.java,io.kestra.core.utils.TruthUtils,class,0,0,0,0,5,1,0,3,1,0.33333334,0.0,0.0,3,2,2,1,0,0,2,0,0,0,1,1,0,1,0,0,1,0,1,11,2,0,2,0,0,4,0,1,0,1,0,0,0,0,15,17,0
/Users/kaiohs/Downloads/codes/lab02-experimentacao-software/data/repos/kestra-io__kestra/core/src/main/java/io/kestra/plugin/core/trigger/Schedule.java,io.kestra.plugin.core.trigger.Schedule$Output,innerclass,8,8,0,8,0,1,0,0,0,NaN,-1.0,-1.0,0,0,0,0,0,0,0,0,0,0,3,0,0,3,0,0,0,0,0,5,0,0,0,0,0,3,0,0,0,3,0,0,0,0,11,9,0
/Users/kaiohs/Downloads/codes/lab02-experimentacao-software/data/repos/kestra-io__kestra/webserver/src/main/java/io/kestra/webserver/utils/RequestUtils.java,io.kestra.webserver.utils.RequestUtils,class,11,16,5,11,44,1,0,34,28,0.875,0.0,0.0,8,8,7,1,0,0,7,0,0,0,1,1,0,1,0,0,1,0,11,120,14,0,22,2,0,8,6,8,2,10,2,0,0,2,139,1,0
/Users/kaiohs/Downloads/codes/lab02-experimentacao-software/data/repos/kestra-io__kestra/jdbc-h2/src/test/java/io/kestra/repository/h2/H2FlowTopologyRepositoryTest.java,io.kestra.repository.h2.H2FlowTopologyRepositoryTest,class,1,1,0,1,0,2,0,0,0,0.0,-1.0,-1.0,0,0,0,0,0,0,0,0,0,0,0,0,0,0,0,0,0,0,0,2,0,0,0,0,0,0,0,0,0,0,0,0,0,0,7,1,0
/Users/kaiohs/Downloads/codes/lab02-experimentacao-software/data/repos/kestra-io__kestra/core/src/main/java/io/kestra/core/runners/pebble/functions/UUIDFunction.java,io.kestra.core.runners.pebble.functions.UUIDFunction,class,4,5,1,4,3,1,0,5,3,0.8333334,0.0,0.0,3,0,3,0,0,0,3,0,0,0,2,2,1,1,0,0,2,0,2,13,3,0,0,0,0,1,0,2,0,2,0,0,0,0,27,1,0
/Users/kaiohs/Downloads/codes/lab02-experimentacao-software/data/repos/kestra-io__kestra/jdbc-h2/src/main/java/io/kestra/repository/h2/H2RepositoryUtils.java,io.kestra.repository.h2.H2RepositoryUtils,class,2,6,4,2,7,1,0,2,1,0.0,NaN,NaN,2,1,1,1,0,0,1,0,0,0,0,0,0,0,0,0,0,0,0,20,5,0,0,0,0,6,0,0,1,0,1,0,0,0,14,17,0
/Users/kaiohs/Downloads/codes/lab02-experimentacao-software/data/repos/kestra-io__kestra/core/src/test/java/io/kestra/core/runners/NullOutputTest.java,io.kestra.core.runners.NullOutputTest,class,6,6,0,6,1,1,0,11,0,0.0,NaN,NaN,1,0,0,0,0,1,1,0,0,0,1,0,0,1,0,0,0,0,0,10,0,0,0,0,0,2,2,0,0,1,0,0,0,0,17,0,0
/Users/kaiohs/Downloads/codes/lab02-experimentacao-software/data/repos/kestra-io__kestra/script/src/main/java/io/kestra/plugin/scripts/runner/docker/DockerService.java,io.kestra.plugin.scripts.runner.docker.DockerService,class,11,15,4,11,33,1,0,56,13,0.6666667,0.0,0.0,6,6,5,0,0,1,6,0,0,0,1,1,0,0,0,1,1,0,13,98,11,1,14,0,0,26,1,20,2,14,4,0,0,0,81,1,0
/Users/kaiohs/Downloads/codes/lab02-experimentacao-software/data/repos/kestra-io__kestra/queue/src/test/java/io/kestra/queue/AbstractQueueCacheTest.java,io.kestra.queue.AbstractQueueCacheTest,class,7,9,2,7,6,1,2,21,8,0.6,0.0,0.0,5,0,3,0,0,2,5,0,0,0,1,0,0,1,0,0,0,0,3,47,2,0,1,0,0,0,8,13,0,11,0,0,0,2,28,1025,0
/Users/kaiohs/Downloads/codes/lab02-experimentacao-software/data/repos/kestra-io__kestra/core/src/main/java/io/kestra/core/scheduler/vnodes/VNodesAssigner.java,io.kestra.core.scheduler.vnodes.VNodesAssigner,interface,2,4,2,2,1,1,0,0,0,0.0,NaN,NaN,1,0,0,0,0,1,1,0,0,0,0,0,0,0,0,0,0,0,0,34,0,0,0,0,0,0,0,0,0,0,0,0,2,0,64,1,0
/Users/kaiohs/Downloads/codes/lab02-experimentacao-software/data/repos/kestra-io__kestra/core/src/main/java/io/kestra/core/secret/SecretNotFoundException.java,io.kestra.core.secret.SecretNotFoundException,class,1,2,1,1,1,3,0,0,0,1.0,NaN,NaN,1,0,1,0,0,0,1,0,0,0,1,1,0,1,0,0,1,0,0,6,0,0,0,0,0,0,1,1,0,1,0,0,0,0,17,1,0
/Users/kaiohs/Downloads/codes/lab02-experimentacao-software/data/repos/kestra-io__kestra/core/src/main/java/io/kestra/plugin/core/dashboard/data/ILogs.java,io.kestra.plugin.core.dashboard.data.ILogs$Fields,enum,0,0,0,0,0,1,0,0,0,0.0,-1.0,-1.0,0,0,0,0,0,0,0,0,0,0,0,0,0,0,0,0,0,0,0,1,0,0,0,0,0,0,0,0,0,0,0,0,0,0,7,0,0
/Users/kaiohs/Downloads/codes/lab02-experimentacao-software/data/repos/kestra-io__kestra/core/src/main/java/io/kestra/core/utils/SecretUtils.java,io.kestra.core.utils.SecretUtils,class,4,5,1,4,16,1,0,12,3,0.0,NaN,NaN,3,2,1,2,0,0,1,0,0,0,0,0,0,0,0,0,0,0,2,55,4,2,6,2,0,3,0,8,1,6,3,0,0,0,68,17,0
/Users/kaiohs/Downloads/codes/lab02-experimentacao-software/data/repos/kestra-io__kestra/core/src/test/java/io/kestra/core/runners/pebble/functions/KSUIDFunctionTest.java,io.kestra.core.runners.pebble.functions.KSUIDFunctionTest,class,4,4,0,4,2,1,0,9,0,0.25,0.0,0.0,2,0,0,0,0,2,2,0,0,0,2,1,0,1,0,1,1,0,4,14,0,0,0,0,0,4,0,4,0,5,0,0,0,0,33,0,0
/Users/kaiohs/Downloads/codes/lab02-experimentacao-software/data/repos/kestra-io__kestra/core/src/main/java/io/kestra/core/scheduler/model/TriggerType.java,io.kestra.core.scheduler.model.TriggerType,enum,2,4,2,2,1,1,0,0,0,0.0,NaN,NaN,1,1,1,0,0,0,1,0,0,0,0,0,0,0,0,0,0,0,0,4,0,0,0,0,0,0,0,0,0,0,0,0,0,0,25,1,0
/Users/kaiohs/Downloads/codes/lab02-experimentacao-software/data/repos/kestra-io__kestra/webserver/src/main/java/io/kestra/webserver/utils/PageableUtils.java,io.kestra.webserver.utils.PageableUtils,class,4,16,12,4,10,1,0,13,10,0.0,0.0,0.0,5,4,3,1,1,0,4,0,0,0,0,0,0,0,0,0,0,0,3,31,5,0,3,0,0,4,3,4,0,4,2,0,0,1,20,1,0
/Users/kaiohs/Downloads/codes/lab02-experimentacao-software/data/repos/kestra-io__kestra/script/src/main/java/io/kestra/plugin/scripts/runner/docker/Docker.java,io.kestra.plugin.scripts.runner.docker.Docker$FileHandlingStrategy,enum,0,0,0,0,0,1,0,0,0,0.0,-1.0,-1.0,0,0,0,0,0,0,0,0,0,0,0,0,0,0,0,0,0,0,0,1,0,0,0,0,0,0,0,0,0,0,0,0,0,0,10,1,0
/Users/kaiohs/Downloads/codes/lab02-experimentacao-software/data/repos/kestra-io__kestra/core/src/test/java/io/kestra/plugin/core/condition/DateTimeBetweenTest.java,io.kestra.plugin.core.condition.DateTimeBetweenTest,class,9,9,0,9,3,1,0,19,1,0.5,0.0,0.0,2,1,0,0,0,2,2,0,0,0,1,0,0,0,0,1,0,0,13,13,1,0,0,0,0,11,3,4,0,5,0,0,0,0,23,0,0
/Users/kaiohs/Downloads/codes/lab02-experimentacao-software/data/repos/kestra-io__kestra/core/src/main/java/io/kestra/core/storages/kv/KVMetadata.java,io.kestra.core.storages.kv.KVMetadata,class,2,3,1,2,11,1,0,9,0,0.0,0.0,0.0,5,0,5,0,0,0,5,0,0,0,2,0,0,2,0,0,0,0,2,37,3,0,5,0,0,8,0,7,1,3,1,0,0,0,20,1,0
/Users/kaiohs/Downloads/codes/lab02-experimentacao-software/data/repos/kestra-io__kestra/core/src/test/java/io/kestra/core/reporter/reports/AbstractFeatureUsageReportTest.java,io.kestra.core.reporter.reports.AbstractFeatureUsageReportTest,class,4,6,2,4,1,1,2,12,0,0.0,NaN,NaN,1,0,1,0,0,0,1,0,0,0,1,0,0,0,0,1,0,0,4,8,0,0,0,0,0,0,2,2,0,3,0,0,0,0,13,1025,0
/Users/kaiohs/Downloads/codes/lab02-experimentacao-software/data/repos/kestra-io__kestra/worker/src/main/java/io/kestra/worker/reporter/GrpcServerEventSender.java,io.kestra.worker.reporter.GrpcServerEventSender,class,14,14,0,14,5,2,0,17,0,0.16666667,0.0,0.0,2,0,2,0,0,0,2,0,0,0,3,1,0,3,0,0,3,0,0,26,0,0,0,1,0,5,0,7,0,7,2,0,0,0,57,1,3
/Users/kaiohs/Downloads/codes/lab02-experimentacao-software/data/repos/kestra-io__kestra/core/src/main/java/io/kestra/core/http/HttpRequest.java,io.kestra.core.http.HttpRequest$PassthroughRequestBody,innerclass,5,5,0,5,2,2,0,0,1,0.8333333,0.0,0.0,2,0,2,0,0,0,2,0,0,0,3,0,0,3,0,0,0,0,0,11,1,0,0,0,0,0,0,0,0,3,0,0,0,0,17,9,0
/Users/kaiohs/Downloads/codes/lab02-experimentacao-software/data/repos/kestra-io__kestra/core/src/test/java/io/kestra/plugin/core/flow/BadFlowableTest.java,io.kestra.plugin.core.flow.BadFlowableTest,class,4,4,0,4,2,1,0,12,1,0.0,0.0,0.0,2,0,0,0,0,2,2,0,0,0,0,0,0,0,0,0,0,0,0,12,0,0,0,0,0,5,2,0,1,0,0,0,0,0,20,1,0
/Users/kaiohs/Downloads/codes/lab02-experimentacao-software/data/repos/kestra-io__kestra/core/src/main/java/io/kestra/core/models/topologies/FlowRelation.java,io.kestra.core.models.topologies.FlowRelation,enum,0,3,3,0,0,1,0,0,0,0.0,-1.0,-1.0,0,0,0,0,0,0,0,0,0,0,0,0,0,0,0,0,0,0,0,1,0,0,0,0,0,0,0,0,0,0,0,0,0,0,13,1,0
/Users/kaiohs/Downloads/codes/lab02-experimentacao-software/data/repos/kestra-io__kestra/jdbc-h2/src/main/java/io/kestra/repository/h2/H2NamespaceFileMetadataRepository.java,io.kestra.repository.h2.H2NamespaceFileMetadataRepository,class,9,9,0,9,2,2,0,1,1,0.0,0.0,0.0,2,0,1,0,1,0,2,0,0,0,0,0,0,0,0,0,0,0,1,8,1,0,0,0,0,1,0,0,0,0,0,0,0,0,11,1,0
/Users/kaiohs/Downloads/codes/lab02-experimentacao-software/data/repos/kestra-io__kestra/core/src/main/java/io/kestra/plugin/core/kv/Delete.java,io.kestra.plugin.core.kv.Delete,class,16,16,0,16,3,2,0,14,0,0.0,NaN,NaN,1,0,1,0,0,0,1,0,0,0,3,0,0,3,0,0,0,0,0,18,1,0,0,0,0,9,0,5,1,6,1,0,1,0,42,1,0
/Users/kaiohs/Downloads/codes/lab02-experimentacao-software/data/repos/kestra-io__kestra/webserver/src/test/java/io/kestra/core/plugins/test/SuperclassTask.java,io.kestra.core.plugins.test.SuperclassTask,class,10,11,1,10,1,2,1,0,0,1.0,NaN,NaN,1,0,1,0,0,0,1,0,0,0,1,0,0,1,0,0,0,0,0,6,1,0,0,0,0,0,0,0,0,1,0,0,0,0,12,1,0
/Users/kaiohs/Downloads/codes/lab02-experimentacao-software/data/repos/kestra-io__kestra/core/src/main/java/io/kestra/core/models/flows/FlowInterface.java,io.kestra.core.models.flows.FlowInterface,interface,17,34,17,17,21,1,0,17,171,0.94736844,0.0,0.0,19,1,0,0,0,19,19,0,0,0,1,0,0,0,0,1,0,0,14,74,11,0,2,0,0,2,0,1,0,1,1,0,1,0,91,1,0
/Users/kaiohs/Downloads/codes/lab02-experimentacao-software/data/repos/kestra-io__kestra/core/src/test/java/io/kestra/core/utils/SecretUtilsTest.java,io.kestra.core.utils.SecretUtilsTest$TaskWithNonSecret,innerclass,1,1,0,1,0,1,0,0,0,NaN,-1.0,-1.0,0,0,0,0,0,0,0,0,0,0,1,0,0,0,0,1,0,0,0,3,0,0,0,0,0,0,0,0,0,1,0,0,0,0,5,8,0
/Users/kaiohs/Downloads/codes/lab02-experimentacao-software/data/repos/kestra-io__kestra/core/src/main/java/io/kestra/core/repositories/QueryBuilderInterface.java,io.kestra.core.repositories.QueryBuilderInterface,interface,6,11,5,6,4,1,0,1,6,0.0,0.0,0.0,4,0,0,0,0,4,4,0,0,0,0,0,0,0,0,0,0,0,1,8,1,0,0,0,0,0,0,0,0,0,0,0,0,0,18,1,0
/Users/kaiohs/Downloads/codes/lab02-experimentacao-software/data/repos/kestra-io__kestra/core/src/main/java/io/kestra/core/validations/validator/TestSuiteValidator.java,io.kestra.core.validations.validator.TestSuiteValidator,class,9,9,0,9,4,1,0,12,0,0.0,NaN,NaN,1,0,1,0,0,0,1,0,0,0,1,0,0,1,0,0,0,0,1,20,3,0,1,0,0,3,0,1,1,2,1,0,0,0,21,1,0
/Users/kaiohs/Downloads/codes/lab02-experimentacao-software/data/repos/kestra-io__kestra/webserver/src/main/java/io/kestra/webserver/utils/filepreview/IonFileRender.java,io.kestra.webserver.utils.filepreview.IonFileRender,class,3,6,3,3,2,2,0,3,1,0.0,NaN,NaN,2,0,0,1,0,1,1,0,0,0,0,0,0,0,0,0,0,0,0,14,0,0,0,1,0,0,0,5,0,2,1,0,0,0,18,1,0
/Users/kaiohs/Downloads/codes/lab02-experimentacao-software/data/repos/kestra-io__kestra/core/src/main/java/io/kestra/core/scheduler/events/SchedulerEventType.java,io.kestra.core.scheduler.events.SchedulerEventType,enum,3,5,2,3,1,1,0,1,0,0.0,NaN,NaN,1,1,0,0,0,1,1,0,0,0,0,0,0,0,0,0,0,0,1,4,1,0,0,0,0,0,0,0,0,0,0,0,0,0,14,1,0
/Users/kaiohs/Downloads/codes/lab02-experimentacao-software/data/repos/kestra-io__kestra/core/src/main/java/io/kestra/plugin/core/runner/Process.java,io.kestra.plugin.core.runner.Process$LogRunnable,innerclass,1,1,0,1,5,1,0,3,0,0.0,0.0,0.0,2,0,1,0,1,0,2,0,0,0,3,0,0,3,0,0,3,0,0,28,0,1,1,3,1,0,0,6,0,6,3,0,0,0,21,9,0
/Users/kaiohs/Downloads/codes/lab02-experimentacao-software/data/repos/kestra-io__kestra/webserver/src/test/java/io/kestra/webserver/controllers/api/AiControllerQuotaTest.java,io.kestra.webserver.controllers.api.AiControllerQuotaTest,class,12,13,1,12,4,1,0,20,4,0.5,0.0,0.0,4,0,0,1,0,3,3,0,0,0,1,0,0,0,1,0,0,0,1,22,1,0,0,0,0,22,5,2,7,3,0,0,0,0,52,0,0
/Users/kaiohs/Downloads/codes/lab02-experimentacao-software/data/repos/kestra-io__kestra/executor/src/main/java/io/kestra/executor/ExecutorService.java,io.kestra.executor.ExecutorService,class,67,75,8,67,196,1,0,234,589,0.9421053,0.0,0.0,38,0,16,22,0,0,16,0,0,0,15,0,0,13,2,0,0,0,16,686,63,9,57,13,6,76,6,152,2,148,7,0,0,23,211,1,20
/Users/kaiohs/Downloads/codes/lab02-experimentacao-software/data/repos/kestra-io__kestra/core/src/main/java/io/kestra/core/runners/pebble/ExtensionCustomizer.java,io.kestra.core.runners.pebble.ExtensionCustomizer,class,21,22,1,21,10,2,0,16,45,0.0,0.0,0.0,10,0,10,0,0,0,10,0,0,0,0,0,0,0,0,0,0,0,4,57,9,0,0,0,0,7,0,4,0,18,0,0,0,14,35,1,0
/Users/kaiohs/Downloads/codes/lab02-experimentacao-software/data/repos/kestra-io__kestra/core/src/main/java/io/kestra/core/utils/NamespaceFilesUtils.java,io.kestra.core.utils.NamespaceFilesUtils,class,9,9,0,9,4,1,0,43,1,0.5,NaN,NaN,2,1,1,1,0,0,1,0,0,0,2,2,0,2,0,0,2,0,3,35,0,1,0,1,0,7,5,14,3,16,2,0,0,2,58,17,2
/Users/kaiohs/Downloads/codes/lab02-experimentacao-software/data/repos/kestra-io__kestra/core/src/main/java/io/kestra/core/queues/MessageTooBigException.java,io.kestra.core.queues.MessageTooBigException,class,1,1,0,1,1,4,0,0,0,1.0,NaN,NaN,1,0,1,0,0,0,1,0,0,0,1,1,0,1,0,0,1,0,0,6,0,0,0,0,0,0,1,1,0,1,0,0,0,0,13,1,0
/Users/kaiohs/Downloads/codes/lab02-experimentacao-software/data/repos/kestra-io__kestra/core/src/main/java/io/kestra/core/models/namespaces/NamespaceInterface.java,io.kestra.core.models.namespaces.NamespaceInterface,interface,2,4,2,2,4,1,0,7,3,0.0,0.0,0.0,3,1,0,0,0,3,3,0,0,0,0,0,0,0,0,0,0,0,2,14,2,1,0,0,0,2,3,3,1,3,1,0,0,0,29,1,0
/Users/kaiohs/Downloads/codes/lab02-experimentacao-software/data/repos/kestra-io__kestra/core/src/main/java/io/kestra/core/exceptions/FlowNotFoundException.java,io.kestra.core.exceptions.FlowNotFoundException,class,3,3,0,3,3,6,0,6,3,0.8333334,0.0,0.0,3,0,3,0,0,0,3,0,0,0,2,2,0,2,0,0,2,0,0,13,0,0,0,0,0,1,1,2,0,2,0,0,0,0,40,1,0
/Users/kaiohs/Downloads/codes/lab02-experimentacao-software/data/repos/kestra-io__kestra/jdbc/src/test/java/io/kestra/jdbc/queue/AbstractJdbcQueueCleanerTest.java,io.kestra.jdbc.queue.AbstractJdbcQueueCleanerTest,class,6,6,0,6,1,1,0,5,0,0.0,NaN,NaN,1,0,0,0,1,0,1,0,0,0,2,0,0,2,0,0,0,0,1,11,0,0,0,0,0,1,3,2,0,4,0,0,0,0,16,1025,0
/Users/kaiohs/Downloads/codes/lab02-experimentacao-software/data/repos/kestra-io__kestra/core/src/main/java/io/kestra/core/runners/RunVariables.java,io.kestra.core.runners.RunVariables$Builder,interface,9,9,0,9,14,1,0,0,91,0.0,0.0,0.0,14,0,0,0,0,14,14,0,0,0,0,0,0,0,0,0,0,0,0,16,0,0,0,0,0,0,0,0,0,0,0,0,0,0,44,1,0
/Users/kaiohs/Downloads/codes/lab02-experimentacao-software/data/repos/kestra-io__kestra/core/src/main/java/io/kestra/core/utils/PathUtil.java,io.kestra.core.utils.PathUtil,class,0,0,0,0,2,1,0,1,0,0.0,NaN,NaN,1,1,1,0,0,0,1,0,0,0,0,0,0,0,0,0,0,0,0,8,2,0,0,0,0,2,0,0,1,0,1,0,0,0,6,1,0
/Users/kaiohs/Downloads/codes/lab02-experimentacao-software/data/repos/kestra-io__kestra/jdbc-postgres/src/test/java/io/kestra/repository/postgres/PostgresFlowRepositoryTest.java,io.kestra.repository.postgres.PostgresFlowRepositoryTest,class,1,1,0,1,1,2,0,0,0,0.0,NaN,NaN,1,0,1,0,0,0,1,0,0,0,0,0,0,0,0,0,0,0,0,4,0,0,0,0,0,0,0,0,0,0,0,0,0,0,7,1,0
/Users/kaiohs/Downloads/codes/lab02-experimentacao-software/data/repos/kestra-io__kestra/webserver/src/test/java/io/kestra/webserver/controllers/api/MetricControllerTest.java,io.kestra.webserver.controllers.api.MetricControllerTest,class,11,12,1,11,3,1,0,12,0,0.25,NaN,NaN,2,0,0,1,0,1,1,0,0,0,2,1,0,1,0,1,1,0,0,13,1,0,0,0,1,10,1,3,2,4,0,0,0,0,40,0,0
/Users/kaiohs/Downloads/codes/lab02-experimentacao-software/data/repos/kestra-io__kestra/core/src/main/java/io/kestra/core/plugins/PluginClassLoader.java,io.kestra.core.plugins.PluginClassLoader,class,2,5,3,2,16,4,0,18,16,0.6666667,0.0,0.0,9,2,6,2,1,0,8,0,0,0,3,1,0,3,0,0,3,0,6,59,8,0,2,1,0,27,0,6,2,4,3,0,0,1,72,1,2
/Users/kaiohs/Downloads/codes/lab02-experimentacao-software/data/repos/kestra-io__kestra/core/src/main/java/io/kestra/plugin/core/condition/HasRetryAttempt.java,io.kestra.plugin.core.condition.HasRetryAttempt,class,15,15,0,15,5,2,0,15,0,0.0,NaN,NaN,1,0,1,0,0,0,1,0,0,0,2,0,0,2,0,0,0,0,0,23,2,0,1,0,0,7,1,6,0,9,2,0,0,3,45,1,0
/Users/kaiohs/Downloads/codes/lab02-experimentacao-software/data/repos/kestra-io__kestra/core/src/main/java/io/kestra/plugin/core/debug/Return.java,io.kestra.plugin.core.debug.Return$Output,innerclass,4,4,0,4,0,1,0,0,0,NaN,-1.0,-1.0,0,0,0,0,0,0,0,0,0,0,1,0,0,1,0,0,0,0,0,3,0,0,0,0,0,1,0,0,0,1,0,0,0,0,4,9,0
/Users/kaiohs/Downloads/codes/lab02-experimentacao-software/data/repos/kestra-io__kestra/core/src/main/java/io/kestra/core/models/dashboards/Dashboard.java,io.kestra.core.models.dashboards.Dashboard,class,16,18,2,16,8,1,0,8,0,0.525,0.0,0.0,4,0,4,0,0,0,4,0,0,0,10,0,0,10,0,0,0,0,8,27,6,0,4,0,0,1,0,3,0,11,1,0,0,0,34,1,0
/Users/kaiohs/Downloads/codes/lab02-experimentacao-software/data/repos/kestra-io__kestra/core/src/main/java/io/kestra/core/plugins/notifications/ExecutionService.java,io.kestra.core.plugins.notifications.ExecutionService,class,14,15,1,14,15,1,0,59,15,0.0,0.0,0.0,6,5,3,3,0,0,3,0,0,0,0,0,0,0,0,0,0,0,10,68,8,0,0,0,4,17,5,16,1,19,2,0,0,6,90,17,1
/Users/kaiohs/Downloads/codes/lab02-experimentacao-software/data/repos/kestra-io__kestra/jdbc-mysql/src/test/java/reports/MysqlServiceUsageReportTest.java,reports.MysqlServiceUsageReportTest,class,2,2,0,2,0,2,0,0,0,0.0,-1.0,-1.0,0,0,0,0,0,0,0,0,0,0,0,0,0,0,0,0,0,0,0,2,0,0,0,0,0,0,0,0,0,0,0,0,0,0,6,0,0
/Users/kaiohs/Downloads/codes/lab02-experimentacao-software/data/repos/kestra-io__kestra/processor/src/main/java/io/kestra/core/plugins/processor/ServicesFiles.java,io.kestra.core.plugins.processor.ServicesFiles,class,0,2,2,0,8,1,0,9,6,0.75,0.0,0.0,4,3,0,1,0,3,3,0,0,0,1,1,1,0,0,0,1,0,0,33,2,2,1,1,1,2,2,8,1,6,3,0,0,0,69,16,0
/Users/kaiohs/Downloads/codes/lab02-experimentacao-software/data/repos/kestra-io__kestra/jdbc-h2/src/test/java/io/kestra/runner/h2/H2QueueTest.java,io.kestra.runner.h2.H2QueueTest,class,1,1,0,1,0,2,0,0,0,0.0,-1.0,-1.0,0,0,0,0,0,0,0,0,0,0,0,0,0,0,0,0,0,0,0,2,0,0,0,0,0,0,0,0,0,0,0,0,0,0,4,0,0
/Users/kaiohs/Downloads/codes/lab02-experimentacao-software/data/repos/kestra-io__kestra/core/src/main/java/io/kestra/plugin/core/flow/Sequential.java,io.kestra.plugin.core.flow.Sequential,class,23,27,4,23,9,2,3,14,13,0.77777773,0.0,0.0,6,0,6,0,0,0,6,0,0,0,3,0,0,1,2,0,0,0,5,26,6,0,3,0,0,4,0,2,0,5,0,0,0,0,49,1,0
/Users/kaiohs/Downloads/codes/lab02-experimentacao-software/data/repos/kestra-io__kestra/jdbc-mysql/src/main/java/io/kestra/repository/mysql/MysqlMetricRepository.java,io.kestra.repository.mysql.MysqlMetricRepository,class,11,11,0,11,3,2,0,2,3,0.0,0.0,0.0,3,0,1,0,2,0,3,0,0,0,0,0,0,0,0,0,0,0,1,11,2,0,0,0,0,1,0,0,0,0,0,0,0,0,17,1,0
/Users/kaiohs/Downloads/codes/lab02-experimentacao-software/data/repos/kestra-io__kestra/core/src/main/java/io/kestra/core/runners/pebble/functions/RenderOnceFunction.java,io.kestra.core.runners.pebble.functions.RenderOnceFunction,class,5,6,1,5,4,2,0,4,6,1.0,0.0,0.0,4,0,4,0,0,0,4,0,0,0,1,1,1,0,0,0,1,0,2,17,4,0,0,0,0,7,0,2,0,2,0,0,0,0,26,1,0
/Users/kaiohs/Downloads/codes/lab02-experimentacao-software/data/repos/kestra-io__kestra/core/src/main/java/io/kestra/core/models/triggers/Trigger.java,io.kestra.core.models.triggers.Trigger,class,15,16,1,15,4,3,0,29,3,0.7333334,0.0,0.0,3,1,2,0,1,0,3,0,0,0,5,0,0,5,0,0,0,0,1,21,2,0,1,0,0,1,0,3,0,5,0,0,1,0,64,1,0
/Users/kaiohs/Downloads/codes/lab02-experimentacao-software/data/repos/kestra-io__kestra/core/src/main/java/io/kestra/plugin/core/execution/Labels.java,io.kestra.plugin.core.execution.Labels,class,20,20,0,20,8,2,0,37,0,0.0,NaN,NaN,1,0,1,0,0,0,1,0,0,0,3,2,0,3,0,0,2,0,3,46,2,0,0,1,0,11,0,8,4,14,3,1,0,6,75,1,0
/Users/kaiohs/Downloads/codes/lab02-experimentacao-software/data/repos/kestra-io__kestra/core/src/main/java/io/kestra/core/models/executions/Variables.java,io.kestra.core.models.executions.Variables,interface,12,17,5,12,7,4,0,3,10,0.9,0.0,0.0,5,4,0,0,0,5,5,0,0,0,2,0,0,0,0,2,0,0,3,128,6,0,0,0,0,1,0,2,0,2,1,0,3,0,59,1,0
/Users/kaiohs/Downloads/codes/lab02-experimentacao-software/data/repos/kestra-io__kestra/scheduler/src/test/java/io/kestra/scheduler/stores/CachedFlowMetaStoreTest.java,io.kestra.scheduler.stores.CachedFlowMetaStoreTest,class,9,9,0,9,18,1,0,37,0,0.5138889,0.0,0.0,18,0,0,0,0,18,18,0,0,0,4,2,0,4,0,0,2,0,35,174,0,0,0,0,15,3,43,48,0,48,0,0,0,0,91,0,0
/Users/kaiohs/Downloads/codes/lab02-experimentacao-software/data/repos/kestra-io__kestra/core/src/main/java/io/kestra/core/models/hierarchies/GraphClusterEnd.java,io.kestra.core.models.hierarchies.GraphClusterEnd,class,3,4,1,3,1,2,0,1,0,0.0,NaN,NaN,1,0,1,0,0,0,1,0,0,0,0,0,0,0,0,0,0,0,1,5,0,0,0,0,0,1,0,0,1,0,0,0,0,0,4,1,0
/Users/kaiohs/Downloads/codes/lab02-experimentacao-software/data/repos/kestra-io__kestra/jdbc-mysql/src/test/java/io/kestra/queue/mysql/MysqlKeyedDispatchQueueTest.java,io.kestra.queue.mysql.MysqlKeyedDispatchQueueTest,class,6,6,0,6,1,3,0,2,0,0.0,NaN,NaN,1,0,0,0,1,0,1,0,0,0,1,0,0,0,0,1,0,0,0,7,0,0,0,0,0,2,0,0,0,1,0,0,0,0,11,0,0
/Users/kaiohs/Downloads/codes/lab02-experimentacao-software/data/repos/kestra-io__kestra/core/src/main/java/io/kestra/core/runners/pebble/functions/ErrorLogsFunction.java,io.kestra.core.runners.pebble.functions.ErrorLogsFunction,class,10,11,1,10,6,1,0,19,3,0.77777785,0.0,0.0,3,0,3,0,0,0,3,0,0,0,3,1,1,2,0,0,1,0,6,28,4,0,0,1,0,8,5,4,0,7,1,0,0,2,48,1,0
/Users/kaiohs/Downloads/codes/lab02-experimentacao-software/data/repos/kestra-io__kestra/core/src/test/java/io/kestra/core/docs/JsonSchemaGeneratorTest.java,io.kestra.core.docs.JsonSchemaGeneratorTest$TestLogExporter,innerclass,4,4,0,4,1,2,0,0,0,0.0,NaN,NaN,1,0,1,0,0,0,1,0,0,0,0,0,0,0,0,0,0,0,0,5,1,0,0,0,0,0,0,0,0,0,0,0,0,0,13,9,0
/Users/kaiohs/Downloads/codes/lab02-experimentacao-software/data/repos/kestra-io__kestra/core/src/test/java/io/kestra/core/utils/PebbleUtilTest.java,io.kestra.core.utils.PebbleUtilTest,class,3,3,0,3,8,1,0,9,28,0.0,0.0,0.0,8,0,0,0,0,8,8,0,0,0,0,0,0,0,0,0,0,0,0,26,0,0,0,0,0,20,0,0,0,0,0,0,0,0,33,0,0
/Users/kaiohs/Downloads/codes/lab02-experimentacao-software/data/repos/kestra-io__kestra/jdbc-mysql/src/main/java/io/kestra/runner/mysql/MysqlExecutionQueuedStateStore.java,io.kestra.runner.mysql.MysqlExecutionQueuedStateStore,class,6,6,0,6,1,3,0,0,0,0.0,NaN,NaN,1,0,1,0,0,0,1,0,0,0,0,0,0,0,0,0,0,0,0,5,0,0,0,0,0,1,0,0,0,0,0,0,0,0,8,1,0
/Users/kaiohs/Downloads/codes/lab02-experimentacao-software/data/repos/kestra-io__kestra/webserver/src/test/java/io/kestra/webserver/utils/RequestUtilsTest.java,io.kestra.webserver.utils.RequestUtilsTest,class,8,8,0,8,28,1,0,30,78,0.0,0.0,0.0,13,0,0,0,0,13,13,0,0,0,0,0,0,0,0,0,0,0,16,66,0,0,15,0,0,32,3,12,0,24,0,0,0,18,70,0,0
/Users/kaiohs/Downloads/codes/lab02-experimentacao-software/data/repos/kestra-io__kestra/core/src/main/java/io/kestra/core/http/HttpRequest.java,io.kestra.core.http.HttpRequest,class,11,19,8,11,10,8,0,20,0,0.4,0.0,0.0,6,5,6,0,0,0,6,0,0,0,5,0,0,0,0,5,0,0,5,174,6,0,3,0,0,2,0,2,0,13,1,0,9,4,49,1,0
/Users/kaiohs/Downloads/codes/lab02-experimentacao-software/data/repos/kestra-io__kestra/core/src/test/java/io/kestra/core/runners/pebble/functions/NanoIDFuntionTest.java,io.kestra.core.runners.pebble.functions.NanoIDFuntionTest,class,4,4,0,4,4,1,0,13,0,0.0,0.0,0.0,3,0,0,0,0,3,3,0,0,0,1,0,0,0,0,1,0,0,3,22,0,1,0,0,0,7,5,3,0,4,1,0,0,0,24,1,0
/Users/kaiohs/Downloads/codes/lab02-experimentacao-software/data/repos/kestra-io__kestra/core/src/test/java/io/kestra/core/docs/DocumentationGeneratorTest.java,io.kestra.core.docs.DocumentationGeneratorTest,class,19,20,1,19,12,2,0,44,4,0.5555556,0.0,0.0,9,1,0,1,0,8,8,0,0,0,2,0,0,0,0,2,0,0,6,107,0,0,3,0,0,38,4,51,2,55,1,0,1,2,93,0,0
/Users/kaiohs/Downloads/codes/lab02-experimentacao-software/data/repos/kestra-io__kestra/core/src/test/java/io/kestra/core/topologies/FlowTopologyServiceTest.java,io.kestra.core.topologies.FlowTopologyServiceTest,class,12,13,1,12,8,1,0,38,1,0.2857143,0.0,0.0,7,0,0,2,0,5,5,0,0,0,1,0,0,1,0,0,0,0,18,38,2,0,1,0,0,32,10,12,0,13,0,0,0,0,33,0,0
/Users/kaiohs/Downloads/codes/lab02-experimentacao-software/data/repos/kestra-io__kestra/core/src/test/java/io/kestra/core/serializers/FileSerdeTest.java,io.kestra.core.serializers.FileSerdeTest$Anonymous2,anonymous,0,0,0,0,0,1,0,0,0,0.0,-1.0,-1.0,0,0,0,0,0,0,0,0,0,0,0,0,0,0,0,0,0,0,0,2,0,0,0,0,0,0,0,0,0,0,0,0,0,0,0,-1,0
/Users/kaiohs/Downloads/codes/lab02-experimentacao-software/data/repos/kestra-io__kestra/core/src/main/java/io/kestra/plugin/core/storage/FilterItems.java,io.kestra.plugin.core.storage.FilterItems$Output,innerclass,4,4,0,4,0,1,0,0,0,NaN,-1.0,-1.0,0,0,0,0,0,0,0,0,0,0,3,0,0,3,0,0,3,0,0,5,0,0,0,0,0,3,0,0,0,3,0,0,0,0,21,9,0
/Users/kaiohs/Downloads/codes/lab02-experimentacao-software/data/repos/kestra-io__kestra/core/src/test/java/io/kestra/core/serializers/FileSerdeTest.java,io.kestra.core.serializers.FileSerdeTest$Anonymous1,anonymous,0,0,0,0,0,1,0,0,0,0.0,-1.0,-1.0,0,0,0,0,0,0,0,0,0,0,0,0,0,0,0,0,0,0,0,2,0,0,0,0,0,0,0,0,0,0,0,0,0,0,0,-1,0
/Users/kaiohs/Downloads/codes/lab02-experimentacao-software/data/repos/kestra-io__kestra/core/src/main/java/io/kestra/core/plugins/serdes/PluginDeserializer.java,io.kestra.core.plugins.serdes.PluginDeserializer,class,13,16,3,13,21,2,0,39,22,0.7916667,0.0,0.0,8,2,2,3,1,2,5,0,0,0,3,2,0,3,0,0,2,0,8,74,8,0,6,1,5,12,5,18,2,14,2,0,0,0,81,1,4
/Users/kaiohs/Downloads/codes/lab02-experimentacao-software/data/repos/kestra-io__kestra/core/src/main/java/io/kestra/core/exceptions/KilledException.java,io.kestra.core.exceptions.KilledException,class,1,1,0,1,2,5,0,0,1,0.5,0.0,0.0,2,0,2,0,0,0,2,0,0,0,1,1,0,1,0,0,1,0,0,9,0,0,0,0,0,1,0,1,0,1,0,0,0,0,34,1,0
/Users/kaiohs/Downloads/codes/lab02-experimentacao-software/data/repos/kestra-io__kestra/core/src/main/java/io/kestra/core/validations/validator/MultiselectInputValidator.java,io.kestra.core.validations.validator.MultiselectInputValidator,class,8,8,0,8,6,1,0,4,0,0.0,NaN,NaN,1,0,1,0,0,0,1,0,0,0,0,0,0,0,0,0,0,0,0,13,3,0,5,0,0,1,0,0,1,0,1,0,0,0,14,1,0
/Users/kaiohs/Downloads/codes/lab02-experimentacao-software/data/repos/kestra-io__kestra/webserver/src/main/java/io/kestra/webserver/services/ai/AiService.java,io.kestra.webserver.services.ai.AiService$ReverseOrderVersion,innerclass,2,2,0,2,2,1,0,2,0,0.0,0.0,0.0,2,0,2,0,0,0,2,0,0,0,1,0,0,1,0,0,1,0,0,9,1,0,0,0,0,0,0,1,0,1,0,0,0,0,7,9,0
/Users/kaiohs/Downloads/codes/lab02-experimentacao-software/data/repos/kestra-io__kestra/core/src/main/java/io/kestra/plugin/core/kv/Get.java,io.kestra.plugin.core.kv.Get,class,19,20,1,19,7,2,0,25,1,0.5,NaN,NaN,2,0,1,1,0,0,1,0,0,0,3,0,0,3,0,0,0,0,2,37,3,1,0,0,0,10,1,11,1,9,2,0,1,0,62,1,0
/Users/kaiohs/Downloads/codes/lab02-experimentacao-software/data/repos/kestra-io__kestra/jdbc-postgres/src/main/java/io/kestra/repository/postgres/PostgresRepository.java,io.kestra.repository.postgres.PostgresRepository$PostgresCondition,innerclass,2,2,0,2,1,1,0,4,0,0.0,NaN,NaN,1,0,1,0,0,0,1,0,0,0,0,0,0,0,0,0,0,0,0,7,1,0,0,0,2,4,0,2,0,4,0,0,0,2,10,8,0
/Users/kaiohs/Downloads/codes/lab02-experimentacao-software/data/repos/kestra-io__kestra/storage-local/src/main/java/io/kestra/storage/local/LocalStorage.java,io.kestra.storage.local.LocalStorage,class,16,17,1,16,45,1,0,83,329,0.8703704,0.0,0.0,27,4,18,6,3,0,21,0,0,0,2,1,0,2,0,0,1,0,33,195,32,1,4,7,2,24,5,27,8,34,2,1,0,6,100,1,0
/Users/kaiohs/Downloads/codes/lab02-experimentacao-software/data/repos/kestra-io__kestra/core/src/main/java/io/kestra/core/docs/DocumentationGenerator.java,io.kestra.core.docs.DocumentationGenerator$SubGroup,innerclass,4,4,0,4,2,1,0,2,0,0.8,0.0,0.0,2,0,1,0,0,1,2,0,0,0,5,0,0,0,0,5,0,0,0,13,1,0,0,0,0,1,0,1,0,5,0,0,0,0,12,9,0
/Users/kaiohs/Downloads/codes/lab02-experimentacao-software/data/repos/kestra-io__kestra/jdbc-h2/src/main/java/io/kestra/runner/h2/H2MultipleStateStore.java,io.kestra.runner.h2.H2MultipleStateStore,class,6,6,0,6,1,2,0,0,0,0.0,NaN,NaN,1,0,1,0,0,0,1,0,0,0,0,0,0,0,0,0,0,0,0,5,0,0,0,0,0,1,0,0,0,0,0,0,0,0,7,1,0
/Users/kaiohs/Downloads/codes/lab02-experimentacao-software/data/repos/kestra-io__kestra/jdbc-postgres/src/test/java/io/kestra/repository/postgres/PostgresTriggerRepositoryTest.java,io.kestra.repository.postgres.PostgresTriggerRepositoryTest,class,1,1,0,1,0,2,0,0,0,0.0,-1.0,-1.0,0,0,0,0,0,0,0,0,0,0,0,0,0,0,0,0,0,0,0,2,0,0,0,0,0,0,0,0,0,0,0,0,0,0,5,1,0
/Users/kaiohs/Downloads/codes/lab02-experimentacao-software/data/repos/kestra-io__kestra/core/src/test/java/io/kestra/core/services/IgnoreExecutionServiceTest.java,io.kestra.core.services.IgnoreExecutionServiceTest,class,8,8,0,8,11,1,0,22,0,0.0,0.0,0.0,11,0,0,0,0,11,11,0,0,0,1,0,0,1,0,0,0,0,18,81,0,0,0,0,0,90,0,11,0,12,0,0,0,0,32,0,0
/Users/kaiohs/Downloads/codes/lab02-experimentacao-software/data/repos/kestra-io__kestra/core/src/main/java/io/kestra/core/models/dashboards/filters/NotIn.java,io.kestra.core.models.dashboards.filters.NotIn,class,12,13,1,12,0,2,0,0,0,NaN,-1.0,-1.0,0,0,0,0,0,0,0,0,0,0,2,0,0,1,1,0,0,0,0,4,0,0,0,0,0,1,0,1,0,2,0,0,0,0,7,1,0
/Users/kaiohs/Downloads/codes/lab02-experimentacao-software/data/repos/kestra-io__kestra/jdbc-postgres/src/main/java/io/kestra/repository/postgres/PostgresSettingRepository.java,io.kestra.repository.postgres.PostgresSettingRepository,class,8,8,0,8,1,2,0,0,0,0.0,NaN,NaN,1,0,1,0,0,0,1,0,0,0,0,0,0,0,0,0,0,0,0,5,0,0,0,0,0,1,0,0,0,0,0,0,0,0,8,1,0
/Users/kaiohs/Downloads/codes/lab02-experimentacao-software/data/repos/kestra-io__kestra/core/src/test/java/io/kestra/plugin/core/templating/TemplatedTaskTest.java,io.kestra.plugin.core.templating.TemplatedTaskTest,class,8,8,0,8,3,1,0,18,0,0.0,0.0,0.0,3,0,0,0,0,3,3,0,0,0,1,0,0,1,0,0,0,0,1,23,0,0,0,0,1,8,0,9,0,10,0,0,0,2,28,0,0
/Users/kaiohs/Downloads/codes/lab02-experimentacao-software/data/repos/kestra-io__kestra/core/src/main/java/io/kestra/core/scheduler/events/SchedulerEvent.java,io.kestra.core.scheduler.events.SchedulerEvent,interface,15,24,9,15,12,1,0,2,66,0.0,0.0,0.0,12,0,4,0,0,8,12,0,0,0,0,0,0,0,0,0,0,0,1,26,2,0,0,0,0,5,0,0,0,0,0,0,1,0,53,1,0
/Users/kaiohs/Downloads/codes/lab02-experimentacao-software/data/repos/kestra-io__kestra/worker-controller/src/main/java/io/kestra/controller/grpc/services/DefaultWorkerConfigsProvider.java,io.kestra.controller.grpc.services.DefaultWorkerConfigsProvider,class,5,5,0,5,2,1,0,5,0,0.0,0.0,0.0,2,0,2,0,0,0,2,0,0,0,2,0,0,0,2,0,2,0,1,14,1,0,0,0,0,0,0,3,0,4,0,0,0,1,18,1,0
/Users/kaiohs/Downloads/codes/lab02-experimentacao-software/data/repos/kestra-io__kestra/core/src/main/java/io/kestra/core/models/tasks/runners/TaskRunnerDetailResult.java,io.kestra.core.models.tasks.runners.TaskRunnerDetailResult,class,3,4,1,3,0,1,0,0,0,0.0,-1.0,-1.0,0,0,0,0,0,0,0,0,0,0,0,0,0,0,0,0,0,0,0,2,0,0,0,0,0,0,0,0,0,0,0,0,0,0,5,1,0
/Users/kaiohs/Downloads/codes/lab02-experimentacao-software/data/repos/kestra-io__kestra/core/src/main/java/io/kestra/core/utils/Either.java,io.kestra.core.utils.Either$RightProjection,innerclass,5,5,0,5,9,1,0,11,0,0.0,0.0,0.0,6,0,5,0,0,1,6,0,0,0,1,0,0,1,0,0,1,0,3,24,7,0,0,0,0,1,0,1,0,1,1,0,0,0,13,9,0
/Users/kaiohs/Downloads/codes/lab02-experimentacao-software/data/repos/kestra-io__kestra/core/src/main/java/io/kestra/plugin/core/execution/Exit.java,io.kestra.plugin.core.execution.Exit,class,21,22,1,21,6,2,0,12,3,1.0,0.0,0.0,3,0,2,1,0,0,2,0,0,0,1,0,0,1,0,0,0,0,1,32,6,1,2,1,0,4,0,6,0,5,3,0,1,1,47,1,1
/Users/kaiohs/Downloads/codes/lab02-experimentacao-software/data/repos/kestra-io__kestra/jdbc/src/main/java/io/kestra/jdbc/repository/AbstractJdbcDashboardRepository.java,io.kestra.jdbc.repository.AbstractJdbcDashboardRepository,class,24,28,4,24,20,3,2,59,33,0.73333335,0.0,0.0,10,0,9,0,1,0,10,1,0,0,3,0,0,3,0,0,3,0,9,79,13,0,7,0,1,16,5,19,5,21,2,0,0,7,75,1025,0
/Users/kaiohs/Downloads/codes/lab02-experimentacao-software/data/repos/kestra-io__kestra/core/src/test/java/io/kestra/plugin/core/flow/ForEachTest.java,io.kestra.plugin.core.flow.ForEachTest,class,7,7,0,7,12,1,0,14,60,0.75,0.0,0.0,12,0,0,0,0,12,12,0,0,0,1,0,0,1,0,0,0,0,2,60,0,0,0,0,0,37,17,3,0,4,0,0,0,0,50,0,0
/Users/kaiohs/Downloads/codes/lab02-experimentacao-software/data/repos/kestra-io__kestra/core/src/main/java/io/kestra/core/worker/models/WorkerInfo.java,io.kestra.core.worker.models.WorkerInfo,class,5,5,0,5,2,1,0,4,0,0.0,0.0,0.0,2,0,2,0,0,0,2,0,0,0,1,0,0,1,0,0,1,0,0,9,1,0,0,0,0,0,0,1,0,1,0,0,0,1,15,1,0
/Users/kaiohs/Downloads/codes/lab02-experimentacao-software/data/repos/kestra-io__kestra/core/src/main/java/io/kestra/plugin/core/trigger/Schedule.java,io.kestra.plugin.core.trigger.Schedule,class,34,37,3,34,66,2,0,103,0,0.88484854,0.0,0.0,15,0,5,8,0,2,7,0,0,1,11,3,0,11,0,0,4,0,19,226,33,2,23,3,5,24,25,51,4,46,4,0,1,5,147,1,4
/Users/kaiohs/Downloads/codes/lab02-experimentacao-software/data/repos/kestra-io__kestra/core/src/main/java/io/kestra/core/services/TriggerStateService.java,io.kestra.core.services.TriggerStateService,class,25,26,1,25,30,1,0,40,105,0.7613636,0.0,0.0,22,0,19,3,0,0,19,0,0,0,4,0,0,4,0,0,4,0,0,140,24,0,0,3,0,6,13,7,0,14,3,0,1,11,104,1,0
/Users/kaiohs/Downloads/codes/lab02-experimentacao-software/data/repos/kestra-io__kestra/scheduler/src/test/java/io/kestra/scheduler/DefaultSchedulerTest.java,io.kestra.scheduler.DefaultSchedulerTest$InMemoryServiceLivenessStore,innerclass,5,5,0,5,8,1,0,23,4,0.4,0.0,0.0,5,0,5,0,0,0,5,0,0,0,1,0,0,1,0,0,1,0,8,22,4,0,2,0,0,1,0,1,0,2,1,0,0,1,56,9,0
/Users/kaiohs/Downloads/codes/lab02-experimentacao-software/data/repos/kestra-io__kestra/webserver/src/main/java/io/kestra/webserver/services/ai/spi/PebbleSafeTemplateFactory.java,io.kestra.webserver.services.ai.spi.PebbleSafeTemplateFactory,class,4,4,0,4,1,1,0,1,0,0.0,NaN,NaN,1,0,1,0,0,0,1,0,0,0,0,0,0,0,0,0,0,0,0,36,1,0,0,0,0,0,0,0,0,0,0,0,1,0,51,1,0
/Users/kaiohs/Downloads/codes/lab02-experimentacao-software/data/repos/kestra-io__kestra/core/src/main/java/io/kestra/plugin/core/execution/UnsetVariables.java,io.kestra.plugin.core.execution.UnsetVariables,class,16,17,1,16,6,2,0,14,0,0.25,NaN,NaN,2,0,1,1,0,0,1,0,0,0,2,0,0,2,0,0,0,0,0,26,2,1,0,0,0,4,3,6,1,7,2,0,0,0,33,1,0
/Users/kaiohs/Downloads/codes/lab02-experimentacao-software/data/repos/kestra-io__kestra/cli/src/main/java/io/kestra/cli/services/FlowFilesManager.java,io.kestra.cli.services.FlowFilesManager,interface,2,5,3,2,3,1,0,0,3,0.0,0.0,0.0,3,0,0,0,0,3,3,0,0,0,0,0,0,0,0,0,0,0,0,5,0,0,0,0,0,0,0,0,0,0,0,0,0,0,16,1,0
/Users/kaiohs/Downloads/codes/lab02-experimentacao-software/data/repos/kestra-io__kestra/core/src/test/java/io/kestra/core/models/executions/StateDurationTest.java,io.kestra.core.models.executions.StateDurationTest,class,2,2,0,2,3,1,0,15,0,0.5,0.0,0.0,3,0,0,0,0,3,3,0,0,0,4,4,0,4,0,0,4,0,9,18,0,0,0,0,0,0,3,7,0,7,0,0,0,0,20,1,0
/Users/kaiohs/Downloads/codes/lab02-experimentacao-software/data/repos/kestra-io__kestra/core/src/main/java/io/kestra/core/metrics/MetricRegistry.java,io.kestra.core.metrics.MetricRegistry,class,28,31,3,28,43,1,0,44,162,0.9897634,0.0,0.0,28,0,25,3,0,0,25,0,0,0,157,155,155,2,0,0,157,0,0,278,26,2,11,1,1,160,2,177,4,173,3,0,0,1,280,1,1
/Users/kaiohs/Downloads/codes/lab02-experimentacao-software/data/repos/kestra-io__kestra/core/src/main/java/io/kestra/core/models/namespaces/files/NamespaceFileMetadata.java,io.kestra.core.models.namespaces.files.NamespaceFileMetadata,class,21,29,8,21,16,1,0,32,0,0.6999999,0.0,0.0,10,4,10,0,0,0,10,0,0,0,10,0,0,10,0,0,0,0,9,59,11,0,0,0,0,8,7,14,4,12,1,0,0,0,50,1,0
/Users/kaiohs/Downloads/codes/lab02-experimentacao-software/data/repos/kestra-io__kestra/core/src/main/java/io/kestra/core/models/WorkerJobLifecycle.java,io.kestra.core.models.WorkerJobLifecycle,interface,0,0,0,0,2,1,0,0,1,0.0,0.0,0.0,2,0,0,0,0,2,2,0,0,0,0,0,0,0,0,0,0,0,0,6,0,0,0,0,0,0,0,0,0,0,0,0,0,0,68,1,0
/Users/kaiohs/Downloads/codes/lab02-experimentacao-software/data/repos/kestra-io__kestra/core/src/main/java/io/kestra/core/models/tasks/logs/LogRecordMapper.java,io.kestra.core.models.tasks.logs.LogRecordMapper,class,3,4,1,3,4,1,0,16,6,0.0,0.0,0.0,4,3,3,1,0,0,3,0,0,0,0,0,0,0,0,0,0,0,2,13,3,0,0,0,0,1,1,0,2,0,0,0,0,0,17,17,0
/Users/kaiohs/Downloads/codes/lab02-experimentacao-software/data/repos/kestra-io__kestra/core/src/main/java/io/kestra/core/models/tasks/FlowableTask.java,io.kestra.core.models.tasks.FlowableTask,interface,12,16,4,12,10,1,0,7,45,0.0,0.0,0.0,10,0,0,0,0,10,10,0,0,0,0,0,0,0,0,0,0,0,0,16,2,0,0,0,0,2,0,0,0,0,0,0,0,0,88,1,0
/Users/kaiohs/Downloads/codes/lab02-experimentacao-software/data/repos/kestra-io__kestra/core/src/main/java/io/kestra/core/runners/DefaultRunContext.java,io.kestra.core.runners.DefaultRunContext,class,46,57,11,46,94,2,0,111,1203,0.93149716,0.0,0.0,59,0,45,4,0,10,55,0,0,0,24,0,0,24,0,0,2,0,15,382,51,2,13,4,2,53,5,64,2,61,3,0,1,7,189,1,2
/Users/kaiohs/Downloads/codes/lab02-experimentacao-software/data/repos/kestra-io__kestra/core/src/main/java/io/kestra/core/trace/DefaultTracer.java,io.kestra.core.trace.DefaultTracer,class,12,14,2,12,14,1,0,22,18,0.6888889,0.0,0.0,9,0,6,2,0,1,7,0,0,0,5,0,0,5,0,0,5,0,3,76,8,0,3,3,0,2,0,16,2,16,2,0,0,0,35,0,0
/Users/kaiohs/Downloads/codes/lab02-experimentacao-software/data/repos/kestra-io__kestra/core/src/main/java/io/kestra/core/scheduler/vnodes/VNodeConsistentHashRing.java,io.kestra.core.scheduler.vnodes.VNodeConsistentHashRing,class,2,6,4,2,10,1,0,14,1,0.625,0.0,0.0,6,1,6,0,0,0,6,0,0,0,4,1,1,3,0,0,4,0,3,40,5,2,0,0,0,2,3,11,2,13,1,0,0,2,81,1,0
/Users/kaiohs/Downloads/codes/lab02-experimentacao-software/data/repos/kestra-io__kestra/core/src/test/java/io/kestra/scheduler/events/TriggerEventTest.java,io.kestra.scheduler.events.TriggerEventTest,class,8,8,0,8,2,1,0,6,1,0.0,0.0,0.0,2,0,0,0,0,2,2,0,0,0,0,0,0,0,0,0,0,0,1,11,0,0,0,0,0,4,1,3,0,3,0,0,0,0,19,0,0
/Users/kaiohs/Downloads/codes/lab02-experimentacao-software/data/repos/kestra-io__kestra/core/src/main/java/io/kestra/core/models/hierarchies/GraphClusterAfterExecution.java,io.kestra.core.models.hierarchies.GraphClusterAfterExecution,class,3,4,1,3,1,2,0,1,0,0.0,NaN,NaN,1,0,1,0,0,0,1,0,0,0,0,0,0,0,0,0,0,0,1,5,0,0,0,0,0,1,0,0,1,0,0,0,0,0,6,1,0
/Users/kaiohs/Downloads/codes/lab02-experimentacao-software/data/repos/kestra-io__kestra/core/src/main/java/io/kestra/core/scheduler/events/TriggerEvent.java,io.kestra.core.scheduler.events.TriggerEvent,interface,30,36,6,30,9,1,0,8,36,0.0,0.0,0.0,9,0,2,0,0,7,9,0,0,0,0,0,0,0,0,0,0,0,1,19,3,0,0,0,0,16,0,0,0,0,0,0,0,0,40,1,0
/Users/kaiohs/Downloads/codes/lab02-experimentacao-software/data/repos/kestra-io__kestra/core/src/test/java/io/kestra/core/plugins/PluginConfigurationTest.java,io.kestra.core.plugins.PluginConfigurationTest,class,4,4,0,4,1,1,0,3,0,0.0,NaN,NaN,1,0,0,0,0,1,1,0,0,0,1,0,0,1,0,0,0,0,3,8,0,0,0,0,0,9,3,0,0,1,0,0,0,0,10,0,0
/Users/kaiohs/Downloads/codes/lab02-experimentacao-software/data/repos/kestra-io__kestra/core/src/main/java/io/kestra/core/models/flows/State.java,io.kestra.core.models.flows.State,class,10,15,5,10,42,1,0,43,0,0.453125,0.0,0.0,32,2,32,0,0,0,32,0,0,0,2,0,0,0,0,2,0,0,16,188,34,0,2,1,0,1,5,11,4,5,1,0,2,3,131,1,1
/Users/kaiohs/Downloads/codes/lab02-experimentacao-software/data/repos/kestra-io__kestra/tests/src/main/java/io/kestra/core/junit/extensions/FlowLoaderWithTenantExtension.java,io.kestra.core.junit.extensions.FlowLoaderWithTenantExtension,class,11,12,1,11,6,2,0,15,4,0.5,0.0,0.0,4,1,3,1,0,0,3,0,0,0,2,2,0,2,0,0,2,0,3,26,3,0,1,0,0,2,0,8,0,8,1,0,0,0,42,1,0
/Users/kaiohs/Downloads/codes/lab02-experimentacao-software/data/repos/kestra-io__kestra/core/src/test/java/io/kestra/core/utils/EnumsTest.java,io.kestra.core.utils.EnumsTest,class,3,3,0,3,6,1,0,13,15,0.0,0.0,0.0,6,0,0,0,0,6,6,0,0,0,0,0,0,0,0,0,0,0,9,48,0,0,0,0,0,14,0,8,0,8,1,0,2,4,49,0,0
/Users/kaiohs/Downloads/codes/lab02-experimentacao-software/data/repos/kestra-io__kestra/core/src/test/java/io/kestra/core/validations/WorkingDirectoryTest.java,io.kestra.core.validations.WorkingDirectoryTest,class,8,8,0,8,2,1,0,22,0,0.0,0.0,0.0,2,0,0,0,0,2,2,0,0,0,1,0,0,1,0,0,0,0,4,18,0,0,0,0,0,13,1,4,0,3,0,0,0,0,37,1,0
/Users/kaiohs/Downloads/codes/lab02-experimentacao-software/data/repos/kestra-io__kestra/webserver/src/main/java/io/kestra/webserver/responses/BulkResponse.java,io.kestra.webserver.responses.BulkResponse,class,3,8,5,3,0,1,0,0,0,NaN,-1.0,-1.0,0,0,0,0,0,0,0,0,0,0,1,0,0,0,0,1,0,0,0,3,0,0,0,0,0,0,0,0,0,1,0,0,0,0,4,1,0
/Users/kaiohs/Downloads/codes/lab02-experimentacao-software/data/repos/kestra-io__kestra/worker-controller/src/main/java/io/kestra/controller/grpc/resolver/StaticNameResolverProvider.java,io.kestra.controller.grpc.resolver.StaticNameResolverProvider,class,5,7,2,5,6,2,0,2,6,0.6666667,0.0,0.0,5,0,3,0,2,0,5,0,0,0,3,2,0,3,0,0,3,0,0,23,5,0,0,0,0,1,1,3,0,3,1,0,0,0,51,1,0
/Users/kaiohs/Downloads/codes/lab02-experimentacao-software/data/repos/kestra-io__kestra/core/src/test/java/io/kestra/plugin/core/execution/ExitTest.java,io.kestra.plugin.core.execution.ExitTest,class,4,4,0,4,4,1,0,10,6,0.0,0.0,0.0,4,0,0,0,0,4,4,0,0,0,0,0,0,0,0,0,0,0,0,28,0,0,0,0,0,9,6,0,0,0,0,0,0,0,20,0,0
/Users/kaiohs/Downloads/codes/lab02-experimentacao-software/data/repos/kestra-io__kestra/webserver/src/test/java/io/kestra/webserver/controllers/api/TaskRunControllerTest.java,io.kestra.webserver.controllers.api.TaskRunControllerTest,class,6,6,0,6,1,1,0,8,0,0.0,NaN,NaN,1,0,0,0,0,1,1,0,0,0,1,0,0,1,0,0,0,0,0,7,0,0,0,0,0,2,0,1,0,2,0,0,0,1,19,0,0
/Users/kaiohs/Downloads/codes/lab02-experimentacao-software/data/repos/kestra-io__kestra/executor/src/main/java/io/kestra/executor/ConcurrencyLimitStateStore.java,io.kestra.executor.ConcurrencyLimitStateStore,interface,7,10,3,7,4,1,0,0,6,0.0,0.0,0.0,4,0,0,0,0,4,4,0,0,0,0,0,0,0,0,0,0,0,0,6,0,0,0,0,0,0,0,0,0,0,0,0,0,0,94,1,0
/Users/kaiohs/Downloads/codes/lab02-experimentacao-software/data/repos/kestra-io__kestra/webserver/src/main/java/io/kestra/webserver/utils/filepreview/ImageFileRender.java,io.kestra.webserver.utils.filepreview.ImageFileRender,class,2,3,1,2,1,3,0,0,0,0.0,NaN,NaN,1,0,0,0,0,1,1,0,0,0,0,0,0,0,0,0,0,0,0,14,0,0,0,0,0,0,0,1,0,0,0,0,1,0,28,1,0
/Users/kaiohs/Downloads/codes/lab02-experimentacao-software/data/repos/kestra-io__kestra/core/src/test/java/io/kestra/core/utils/UriProviderTest.java,io.kestra.core.utils.UriProviderTest,class,6,6,0,6,4,1,0,14,0,0.0,0.0,0.0,4,0,0,0,0,4,4,0,0,0,1,0,0,0,0,1,0,0,0,26,0,0,0,0,0,11,0,6,3,7,0,0,0,0,16,0,0
/Users/kaiohs/Downloads/codes/lab02-experimentacao-software/data/repos/kestra-io__kestra/core/src/main/java/io/kestra/core/validations/validator/FilesVersionBehaviorValidator.java,io.kestra.core.validations.validator.FilesVersionBehaviorValidator,class,7,7,0,7,4,1,0,5,0,0.0,NaN,NaN,1,0,1,0,0,0,1,0,0,0,0,0,0,0,0,0,0,0,0,13,3,0,3,0,0,1,0,0,0,0,1,0,0,0,16,1,0
/Users/kaiohs/Downloads/codes/lab02-experimentacao-software/data/repos/kestra-io__kestra/core/src/main/java/io/kestra/core/models/flows/sla/ExecutionMonitoringSLA.java,io.kestra.core.models.flows.sla.ExecutionMonitoringSLA,interface,0,1,1,0,1,1,0,0,0,0.0,NaN,NaN,1,0,0,0,0,1,1,0,0,0,0,0,0,0,0,0,0,0,0,3,0,0,0,0,0,0,0,0,0,0,0,0,0,0,29,1,0
/Users/kaiohs/Downloads/codes/lab02-experimentacao-software/data/repos/kestra-io__kestra/core/src/main/java/io/kestra/core/http/client/configurations/BasicAuthConfiguration.java,io.kestra.core.http.client.configurations.BasicAuthConfiguration,class,15,16,1,15,2,2,0,10,1,0.8333333,0.0,0.0,2,0,2,0,0,0,2,0,0,0,3,0,0,2,1,0,0,0,1,12,1,0,0,0,1,4,0,2,2,7,0,0,0,1,30,1,0
/Users/kaiohs/Downloads/codes/lab02-experimentacao-software/data/repos/kestra-io__kestra/core/src/test/java/io/kestra/core/runners/TaskWithAllowWarningTest.java,io.kestra.core.runners.TaskWithAllowWarningTest,class,11,12,1,11,6,1,0,24,13,0.77777773,0.0,0.0,6,0,0,2,0,4,4,0,0,0,3,0,0,3,0,0,0,0,4,34,2,0,0,0,0,16,8,5,1,11,0,0,0,2,63,1,0
/Users/kaiohs/Downloads/codes/lab02-experimentacao-software/data/repos/kestra-io__kestra/core/src/main/java/io/kestra/core/runners/pebble/functions/IsWeekendFunction.java,io.kestra.core.runners.pebble.functions.IsWeekendFunction,class,4,5,1,4,7,1,0,8,3,1.0,0.0,0.0,3,0,3,0,0,0,3,0,0,0,1,1,1,0,0,0,1,0,1,26,3,0,3,1,0,6,0,5,1,5,1,0,0,0,57,1,0
/Users/kaiohs/Downloads/codes/lab02-experimentacao-software/data/repos/kestra-io__kestra/core/src/test/java/io/kestra/core/runners/pebble/functions/RenderFunctionTest.java,io.kestra.core.runners.pebble.functions.RenderFunctionTest,class,4,4,0,4,7,1,0,13,0,0.0,0.0,0.0,7,0,0,0,0,7,7,0,0,0,1,0,0,0,0,1,0,0,10,38,0,0,0,0,0,19,4,9,0,10,0,1,0,0,26,0,0
/Users/kaiohs/Downloads/codes/lab02-experimentacao-software/data/repos/kestra-io__kestra/core/src/main/java/io/kestra/core/models/conditions/Condition.java,io.kestra.core.models.conditions.Condition,class,10,15,5,10,0,1,2,0,0,NaN,-1.0,-1.0,0,0,0,0,0,0,0,0,0,0,1,0,0,0,1,0,0,0,0,3,0,0,0,0,0,0,0,0,0,1,0,0,0,0,16,1025,0
/Users/kaiohs/Downloads/codes/lab02-experimentacao-software/data/repos/kestra-io__kestra/core/src/main/java/io/kestra/plugin/core/condition/ExecutionLabels.java,io.kestra.plugin.core.condition.ExecutionLabels,class,18,18,0,18,4,2,0,3,0,0.0,NaN,NaN,1,0,1,0,0,0,1,0,0,0,1,0,0,0,0,1,0,0,0,11,2,1,1,0,0,5,0,0,0,1,2,0,0,0,34,1,0
/Users/kaiohs/Downloads/codes/lab02-experimentacao-software/data/repos/kestra-io__kestra/storage-local/src/main/java/io/kestra/storage/local/LocalFileAttributes.java,io.kestra.storage.local.LocalFileAttributes$Anonymous1,anonymous,0,0,0,0,0,1,0,0,0,0.0,-1.0,-1.0,0,0,0,0,0,0,0,0,0,0,0,0,0,0,0,0,0,0,0,2,0,0,0,0,0,0,0,0,0,0,0,0,0,0,0,-1,0
/Users/kaiohs/Downloads/codes/lab02-experimentacao-software/data/repos/kestra-io__kestra/core/src/test/java/io/kestra/core/utils/EitherTest.java,io.kestra.core.utils.EitherTest,class,4,4,0,4,39,1,0,26,595,0.0,0.0,0.0,35,0,0,0,0,35,35,0,0,0,0,0,0,0,0,0,0,0,0,208,0,0,2,0,0,47,29,68,8,88,0,0,0,22,63,0,0
/Users/kaiohs/Downloads/codes/lab02-experimentacao-software/data/repos/kestra-io__kestra/scheduler/src/test/java/io/kestra/scheduler/DefaultSchedulerTest.java,io.kestra.scheduler.DefaultSchedulerTest,class,42,43,1,42,11,1,0,33,0,0.76363647,0.0,0.0,11,0,0,1,0,10,10,0,0,0,20,1,0,12,0,8,1,0,4,154,4,0,0,4,0,1,14,18,0,27,1,0,2,1,115,0,0
/Users/kaiohs/Downloads/codes/lab02-experimentacao-software/data/repos/kestra-io__kestra/queue/src/test/java/io/kestra/queue/poller/QueuePollerTest.java,io.kestra.queue.poller.QueuePollerTest,class,3,3,0,3,2,1,0,9,1,0.0,0.0,0.0,2,0,0,0,0,2,2,0,0,0,0,0,0,0,0,0,0,0,8,24,2,0,0,0,0,0,14,8,0,8,1,0,0,2,22,0,0
/Users/kaiohs/Downloads/codes/lab02-experimentacao-software/data/repos/kestra-io__kestra/webserver/src/main/java/io/kestra/webserver/controllers/api/StaticFilter.java,io.kestra.webserver.controllers.api.StaticFilter,class,14,14,0,14,9,1,0,29,1,0.5,NaN,NaN,2,0,1,1,0,0,1,0,0,0,4,0,0,0,4,0,0,0,0,36,5,0,4,1,1,19,0,6,3,11,3,0,0,6,39,1,0
/Users/kaiohs/Downloads/codes/lab02-experimentacao-software/data/repos/kestra-io__kestra/core/src/main/java/io/kestra/core/models/flows/FlowId.java,io.kestra.core.models.flows.FlowId,interface,5,18,13,5,12,1,0,14,66,0.0,0.0,0.0,12,8,0,0,0,12,12,0,0,0,0,0,0,0,0,0,0,0,7,39,8,0,0,0,0,0,1,0,0,0,0,0,1,0,28,1,0
/Users/kaiohs/Downloads/codes/lab02-experimentacao-software/data/repos/kestra-io__kestra/core/src/main/java/io/kestra/core/validations/validator/PluginDefaultValidator.java,io.kestra.core.validations.validator.PluginDefaultValidator,class,10,11,1,10,9,1,0,14,1,0.5,NaN,NaN,2,1,1,1,0,0,1,0,0,0,1,0,0,1,0,0,0,0,3,37,4,1,4,0,0,6,0,2,2,3,2,0,0,0,21,1,0
/Users/kaiohs/Downloads/codes/lab02-experimentacao-software/data/repos/kestra-io__kestra/core/src/test/java/io/kestra/core/models/property/DynamicPropertyExampleTask.java,io.kestra.core.models.property.DynamicPropertyExampleTask$Output,innerclass,5,5,0,5,0,1,0,0,0,NaN,-1.0,-1.0,0,0,0,0,0,0,0,0,0,0,5,0,0,5,0,0,0,0,0,7,0,0,0,0,0,0,0,0,0,5,0,0,0,0,10,9,0
/Users/kaiohs/Downloads/codes/lab02-experimentacao-software/data/repos/kestra-io__kestra/core/src/main/java/io/kestra/plugin/core/trigger/Flow.java,io.kestra.plugin.core.trigger.Flow$FilterCondition,innerclass,5,5,0,5,4,2,0,7,0,0.0,NaN,NaN,3,0,1,2,0,0,1,0,0,0,1,0,0,1,0,0,1,0,1,15,2,0,2,0,0,0,0,4,0,5,0,0,0,1,33,9,0
/Users/kaiohs/Downloads/codes/lab02-experimentacao-software/data/repos/kestra-io__kestra/jdbc-h2/src/main/java/io/kestra/repository/h2/H2WorkerJobRunningStateStore.java,io.kestra.repository.h2.H2WorkerJobRunningStateStore,class,7,7,0,7,1,2,0,0,0,0.0,NaN,NaN,1,0,1,0,0,0,1,0,0,0,0,0,0,0,0,0,0,0,0,5,0,0,0,0,0,1,0,0,0,0,0,0,0,0,9,1,0
/Users/kaiohs/Downloads/codes/lab02-experimentacao-software/data/repos/kestra-io__kestra/core/src/main/java/io/kestra/core/runners/pebble/functions/EncryptFunction.java,io.kestra.core.runners.pebble.functions.EncryptFunction,class,4,5,1,4,6,1,0,7,3,0.6666667,0.0,0.0,3,0,3,0,0,0,3,0,0,0,1,1,1,0,0,0,1,0,2,22,3,0,0,1,0,12,0,3,1,3,1,0,0,0,30,1,0
/Users/kaiohs/Downloads/codes/lab02-experimentacao-software/data/repos/kestra-io__kestra/jdbc-postgres/src/main/java/io/kestra/repository/postgres/PostgresLogRepository.java,io.kestra.repository.postgres.PostgresLogRepository,class,17,17,0,17,5,2,0,5,10,0.0,0.0,0.0,5,0,1,0,4,0,5,0,0,0,0,0,0,0,0,0,0,0,4,17,4,0,0,0,0,2,0,0,0,0,0,0,0,0,20,1,0
/Users/kaiohs/Downloads/codes/lab02-experimentacao-software/data/repos/kestra-io__kestra/core/src/main/java/io/kestra/core/utils/CaseUtils.java,io.kestra.core.utils.CaseUtils,class,0,0,0,0,4,1,0,6,0,0.0,NaN,NaN,1,1,1,0,0,0,1,0,0,0,0,0,0,0,0,0,0,0,2,13,1,1,0,0,0,0,2,3,0,3,2,0,0,0,11,1,0
/Users/kaiohs/Downloads/codes/lab02-experimentacao-software/data/repos/kestra-io__kestra/core/src/main/java/io/kestra/core/debug/Breakpoint.java,io.kestra.core.debug.Breakpoint,class,6,7,1,6,2,1,0,3,0,1.0,NaN,NaN,1,1,1,0,0,0,1,0,0,0,2,0,0,2,0,0,0,0,0,12,2,0,0,0,0,0,3,0,1,2,1,0,0,0,5,1,0
/Users/kaiohs/Downloads/codes/lab02-experimentacao-software/data/repos/kestra-io__kestra/webserver/src/main/java/io/kestra/webserver/controllers/api/LogController.java,io.kestra.webserver.controllers.api.LogController,class,30,30,0,30,7,1,0,37,0,0.5333333,0.0,0.0,6,0,6,0,0,0,6,0,0,0,5,0,0,5,0,0,0,0,7,37,5,0,0,0,0,51,3,4,1,12,1,0,0,3,76,1,0
/Users/kaiohs/Downloads/codes/lab02-experimentacao-software/data/repos/kestra-io__kestra/core/src/test/java/io/kestra/plugin/core/flow/ParallelTest.java,io.kestra.plugin.core.flow.ParallelTest,class,8,8,0,8,5,1,0,23,10,0.8,0.0,0.0,5,0,0,0,0,5,5,0,0,0,2,0,0,1,1,0,0,0,1,31,0,0,0,0,0,18,6,1,0,7,0,0,0,3,34,0,0
/Users/kaiohs/Downloads/codes/lab02-experimentacao-software/data/repos/kestra-io__kestra/core/src/test/java/io/kestra/core/utils/SecretUtilsTest.java,io.kestra.core.utils.SecretUtilsTest$TaskWithSecretProperty,innerclass,2,2,0,2,0,1,0,0,0,NaN,-1.0,-1.0,0,0,0,0,0,0,0,0,0,0,1,0,0,0,0,1,0,0,0,3,0,0,0,0,0,0,0,0,0,1,0,0,0,0,8,8,0
/Users/kaiohs/Downloads/codes/lab02-experimentacao-software/data/repos/kestra-io__kestra/model/src/main/java/io/kestra/core/models/annotations/PluginSubGroup.java,io.kestra.core.models.annotations.PluginSubGroup$PluginCategory,enum,0,0,0,0,0,1,0,0,0,0.0,-1.0,-1.0,0,0,0,0,0,0,0,0,0,0,0,0,0,0,0,0,0,0,0,1,0,0,0,0,0,0,0,0,0,0,0,0,0,0,13,0,0
/Users/kaiohs/Downloads/codes/lab02-experimentacao-software/data/repos/kestra-io__kestra/jdbc-h2/src/test/java/io/kestra/repository/h2/H2ConcurrencyLimitRepositoryTest.java,io.kestra.repository.h2.H2ConcurrencyLimitRepositoryTest,class,1,1,0,1,0,2,0,0,0,0.0,-1.0,-1.0,0,0,0,0,0,0,0,0,0,0,0,0,0,0,0,0,0,0,0,2,0,0,0,0,0,0,0,0,0,0,0,0,0,0,6,1,0
/Users/kaiohs/Downloads/codes/lab02-experimentacao-software/data/repos/kestra-io__kestra/core/src/test/java/io/kestra/plugin/core/storage/DeduplicateItemsTest.java,io.kestra.plugin.core.storage.DeduplicateItemsTest,class,13,14,1,13,8,1,0,35,13,0.8333334,0.0,0.0,6,1,0,2,0,4,4,0,0,0,2,0,0,0,0,2,0,0,7,64,2,0,0,4,0,51,6,16,0,20,3,0,0,2,58,0,0
/Users/kaiohs/Downloads/codes/lab02-experimentacao-software/data/repos/kestra-io__kestra/core/src/main/java/io/kestra/core/repositories/LockRepositoryInterface.java,io.kestra.core.repositories.LockRepositoryInterface,interface,2,5,3,2,5,1,0,3,10,0.0,0.0,0.0,5,0,0,0,0,5,5,0,0,0,0,0,0,0,0,0,0,0,0,9,0,0,0,0,0,0,0,0,0,0,0,0,0,0,26,1,0
/Users/kaiohs/Downloads/codes/lab02-experimentacao-software/data/repos/kestra-io__kestra/jdbc/src/main/java/io/kestra/jdbc/runner/MessageProtectionConfiguration.java,io.kestra.jdbc.runner.MessageProtectionConfiguration,class,2,2,0,2,0,1,0,0,0,NaN,-1.0,-1.0,0,0,0,0,0,0,0,0,0,0,2,0,0,0,0,2,0,0,0,4,0,0,0,0,0,1,3,2,1,2,0,0,0,0,7,1,0
/Users/kaiohs/Downloads/codes/lab02-experimentacao-software/data/repos/kestra-io__kestra/jdbc-mysql/src/test/java/io/kestra/repository/mysql/MysqlMetricRepositoryTest.java,io.kestra.repository.mysql.MysqlMetricRepositoryTest,class,1,1,0,1,0,2,0,0,0,0.0,-1.0,-1.0,0,0,0,0,0,0,0,0,0,0,0,0,0,0,0,0,0,0,0,2,0,0,0,0,0,0,0,0,0,0,0,0,0,0,5,1,0
/Users/kaiohs/Downloads/codes/lab02-experimentacao-software/data/repos/kestra-io__kestra/core/src/main/java/io/kestra/core/storages/StorageConfiguration.java,io.kestra.core.storages.StorageConfiguration,interface,0,1,1,0,0,1,0,0,0,0.0,-1.0,-1.0,0,0,0,0,0,0,0,0,0,0,0,0,0,0,0,0,0,0,0,2,0,0,0,0,0,0,0,0,0,0,0,0,0,0,6,1,0
/Users/kaiohs/Downloads/codes/lab02-experimentacao-software/data/repos/kestra-io__kestra/webserver/src/main/java/io/kestra/webserver/utils/Searcheable.java,io.kestra.webserver.utils.Searcheable,class,14,16,2,14,18,1,0,37,0,0.7111111,0.0,0.0,5,2,5,0,0,0,6,0,0,0,7,0,1,1,0,5,1,0,7,109,5,1,7,0,0,2,0,15,1,23,4,0,1,4,52,17,0
/Users/kaiohs/Downloads/codes/lab02-experimentacao-software/data/repos/kestra-io__kestra/core/src/main/java/io/kestra/core/trace/Tracer.java,io.kestra.core.trace.Tracer$Callable,interface,1,1,0,1,1,1,0,0,0,0.0,NaN,NaN,1,0,0,0,0,1,1,0,0,0,0,0,0,0,0,0,0,0,0,3,0,0,0,0,0,0,0,0,0,0,0,0,0,0,2,0,0
/Users/kaiohs/Downloads/codes/lab02-experimentacao-software/data/repos/kestra-io__kestra/core/src/main/java/io/kestra/core/runners/LogEntryEmitter.java,io.kestra.core.runners.LogEntryEmitter,interface,1,6,5,1,2,1,0,0,1,0.0,0.0,0.0,2,0,0,0,0,2,2,0,0,0,0,0,0,0,0,0,0,0,0,4,0,0,0,0,0,0,0,0,0,0,0,0,0,0,35,1,0
/Users/kaiohs/Downloads/codes/lab02-experimentacao-software/data/repos/kestra-io__kestra/core/src/main/java/io/kestra/core/services/WorkerGroupService.java,io.kestra.core.services.WorkerGroupService,class,5,6,1,5,2,1,0,1,1,0.0,0.0,0.0,2,0,2,0,0,0,2,0,0,0,0,0,0,0,0,0,0,0,1,8,2,0,0,0,0,0,0,0,0,0,0,0,0,0,16,1,0
/Users/kaiohs/Downloads/codes/lab02-experimentacao-software/data/repos/kestra-io__kestra/core/src/main/java/io/kestra/core/models/tasks/ExecutionUpdatableTask.java,io.kestra.core.models.tasks.ExecutionUpdatableTask,interface,3,3,0,3,2,1,0,1,1,0.0,0.0,0.0,2,0,0,0,0,2,2,0,0,0,0,0,0,0,0,0,0,0,1,6,1,0,0,0,0,0,0,0,0,0,0,0,0,0,40,1,0
/Users/kaiohs/Downloads/codes/lab02-experimentacao-software/data/repos/kestra-io__kestra/core/src/main/java/io/kestra/core/runners/pebble/OutputWriter.java,io.kestra.core.runners.pebble.OutputWriter,class,0,2,2,0,1,2,2,0,0,0.0,NaN,NaN,1,0,1,0,0,0,1,1,0,0,0,0,0,0,0,0,0,0,0,3,0,0,0,0,0,0,0,0,0,0,0,0,0,0,4,1025,0
/Users/kaiohs/Downloads/codes/lab02-experimentacao-software/data/repos/kestra-io__kestra/core/src/test/java/io/kestra/core/repositories/AbstractTriggerRepositoryTest.java,io.kestra.core.repositories.AbstractTriggerRepositoryTest,class,15,17,2,15,25,1,1,77,0,0.656,0.0,0.0,25,4,0,1,1,23,24,0,0,0,5,3,0,3,2,0,3,0,70,210,4,0,0,1,0,90,48,67,0,72,1,0,0,7,103,1025,0
/Users/kaiohs/Downloads/codes/lab02-experimentacao-software/data/repos/kestra-io__kestra/core/src/test/java/io/kestra/core/tasks/test/Encrypted.java,io.kestra.core.tasks.test.Encrypted$Output,innerclass,5,5,0,5,0,1,0,0,0,NaN,-1.0,-1.0,0,0,0,0,0,0,0,0,0,0,1,0,0,1,0,0,0,0,0,3,0,0,0,0,0,1,0,0,0,1,0,0,0,0,6,9,0
/Users/kaiohs/Downloads/codes/lab02-experimentacao-software/data/repos/kestra-io__kestra/core/src/test/java/io/kestra/core/models/flows/sla/types/MaxDurationSLATest.java,io.kestra.core.models.flows.sla.types.MaxDurationSLATest,class,5,5,0,5,2,1,0,16,1,0.0,0.0,0.0,2,0,0,0,0,2,2,0,0,0,0,0,0,0,0,0,0,0,3,17,0,0,0,0,0,2,3,6,0,6,0,0,0,0,26,0,0
/Users/kaiohs/Downloads/codes/lab02-experimentacao-software/data/repos/kestra-io__kestra/cli/src/test/java/io/kestra/cli/commands/plugins/PluginCommandTest.java,io.kestra.cli.commands.plugins.PluginCommandTest,class,2,2,0,2,3,1,0,9,3,0.0,0.0,0.0,3,0,0,0,0,3,3,0,0,0,0,0,0,0,0,0,0,0,3,32,0,0,0,2,0,6,0,7,0,7,1,0,0,0,31,0,0
/Users/kaiohs/Downloads/codes/lab02-experimentacao-software/data/repos/kestra-io__kestra/jdbc-h2/src/main/java/io/kestra/repository/h2/H2DashboardRepository.java,io.kestra.repository.h2.H2DashboardRepository,class,12,12,0,12,2,2,0,1,1,0.0,0.0,0.0,2,0,1,0,1,0,2,0,0,0,0,0,0,0,0,0,0,0,1,8,1,0,0,0,0,1,0,0,0,0,0,0,0,0,9,1,0
/Users/kaiohs/Downloads/codes/lab02-experimentacao-software/data/repos/kestra-io__kestra/core/src/test/java/io/kestra/core/runners/pebble/functions/IsWeekendFunctionTest.java,io.kestra.core.runners.pebble.functions.IsWeekendFunctionTest,class,5,5,0,5,6,1,0,7,0,0.0,0.0,0.0,6,0,0,0,0,6,6,0,0,0,1,0,0,0,0,1,0,0,4,25,0,0,0,0,0,10,0,4,0,5,0,0,0,2,31,0,0
/Users/kaiohs/Downloads/codes/lab02-experimentacao-software/data/repos/kestra-io__kestra/webserver/src/test/java/io/kestra/webserver/utils/filepreview/FileRenderBuilderTest.java,io.kestra.webserver.utils.filepreview.FileRenderBuilderTest,class,7,7,0,7,2,1,0,8,1,0.0,NaN,NaN,2,1,0,1,0,1,1,0,0,0,0,0,0,0,0,0,0,0,3,10,1,0,0,0,0,7,1,2,0,2,0,0,0,0,21,1,0
/Users/kaiohs/Downloads/codes/lab02-experimentacao-software/data/repos/kestra-io__kestra/cli/src/test/java/io/kestra/cli/commands/migrations/metadata/NsFilesMetadataMigrationCommandTest.java,io.kestra.cli.commands.migrations.metadata.NsFilesMetadataMigrationCommandTest,class,14,15,1,14,4,1,0,44,6,0.0,0.0,0.0,4,2,0,2,0,2,2,0,0,0,0,0,0,0,0,0,0,0,18,82,1,0,0,2,0,23,3,31,1,30,1,0,0,1,59,1,0
/Users/kaiohs/Downloads/codes/lab02-experimentacao-software/data/repos/kestra-io__kestra/webserver/src/main/java/io/kestra/webserver/models/api/ApiErrorResponse.java,io.kestra.webserver.models.api.ApiErrorResponse,class,3,4,1,3,4,1,0,4,0,0.375,0.0,0.0,4,0,4,0,0,0,4,0,0,0,2,0,0,2,0,0,2,0,1,17,3,0,0,0,0,1,0,2,0,2,0,0,0,0,12,1,0
/Users/kaiohs/Downloads/codes/lab02-experimentacao-software/data/repos/kestra-io__kestra/jdbc-h2/src/main/java/io/kestra/repository/h2/H2LogRepository.java,io.kestra.repository.h2.H2LogRepository,class,12,12,0,12,3,2,0,3,3,0.0,0.0,0.0,3,0,1,0,2,0,3,0,0,0,0,0,0,0,0,0,0,0,2,11,2,0,0,0,0,2,0,0,0,0,0,0,0,0,16,1,0
/Users/kaiohs/Downloads/codes/lab02-experimentacao-software/data/repos/kestra-io__kestra/core/src/main/java/io/kestra/core/plugins/MavenPluginDownloader.java,io.kestra.core.plugins.MavenPluginDownloader,class,27,29,2,27,27,1,0,63,7,0.7900001,0.0,0.0,10,1,6,4,0,0,6,0,0,0,10,7,1,9,0,0,10,0,11,126,13,0,6,5,0,18,2,31,1,32,4,0,0,3,98,1,3
/Users/kaiohs/Downloads/codes/lab02-experimentacao-software/data/repos/kestra-io__kestra/core/src/test/java/io/kestra/scheduler/utils/InMemoryTriggerEventQueue.java,io.kestra.scheduler.utils.InMemoryTriggerEventQueue,class,5,5,0,5,7,1,0,9,0,0.5,0.0,0.0,6,0,6,0,0,0,6,0,0,0,3,0,0,3,0,0,3,0,3,27,3,1,0,0,0,0,0,3,0,3,1,0,0,1,33,1,0
/Users/kaiohs/Downloads/codes/lab02-experimentacao-software/data/repos/kestra-io__kestra/core/src/test/java/io/kestra/core/models/LabelTest.java,io.kestra.core.models.LabelTest,class,6,6,0,6,11,1,0,19,49,0.72727275,0.0,0.0,11,0,0,0,0,11,11,0,0,0,1,0,0,1,0,0,0,0,14,72,0,0,0,0,0,92,0,20,0,21,0,0,0,0,48,0,0
/Users/kaiohs/Downloads/codes/lab02-experimentacao-software/data/repos/kestra-io__kestra/core/src/test/java/io/kestra/core/events/CrudEventTest.java,io.kestra.core.events.CrudEventTest,class,2,2,0,2,8,1,0,13,28,0.0,0.0,0.0,8,0,0,0,0,8,8,0,0,0,0,0,0,0,0,0,0,0,0,58,0,0,0,0,0,9,0,17,0,17,0,0,0,3,43,0,0
/Users/kaiohs/Downloads/codes/lab02-experimentacao-software/data/repos/kestra-io__kestra/core/src/main/java/io/kestra/core/reporter/reports/SystemInformationReport.java,io.kestra.core.reporter.reports.SystemInformationReport,class,12,13,1,12,4,1,0,17,0,0.4375,0.0,0.0,4,0,4,0,0,0,4,0,0,0,4,0,0,4,0,0,4,0,5,21,2,0,0,0,0,1,0,4,0,4,0,0,0,0,26,1,0
/Users/kaiohs/Downloads/codes/lab02-experimentacao-software/data/repos/kestra-io__kestra/core/src/main/java/io/kestra/core/utils/ExecutorsUtils.java,io.kestra.core.utils.ExecutorsUtils,class,8,12,4,8,15,1,0,21,28,0.875,0.0,0.0,8,2,7,1,0,0,7,0,0,0,2,0,0,2,0,0,0,0,11,60,8,0,1,2,0,11,2,1,5,4,2,0,0,1,81,1,5
/Users/kaiohs/Downloads/codes/lab02-experimentacao-software/data/repos/kestra-io__kestra/core/src/main/java/io/kestra/core/utils/MathUtils.java,io.kestra.core.utils.MathUtils,class,0,0,0,0,2,1,0,3,0,0.0,NaN,NaN,1,1,1,0,0,0,1,0,0,0,0,0,0,0,0,0,0,0,1,10,1,0,0,0,0,1,1,2,0,1,1,0,0,0,28,1,0
/Users/kaiohs/Downloads/codes/lab02-experimentacao-software/data/repos/kestra-io__kestra/core/src/main/java/io/kestra/core/namespace/NamespaceFileService.java,io.kestra.core.namespace.NamespaceFileService,class,13,14,1,13,8,1,0,26,17,0.71428573,0.0,0.0,7,0,6,1,0,0,6,0,0,0,2,0,0,2,0,0,2,0,5,32,6,0,1,0,0,2,0,5,0,8,1,0,0,4,123,1,1
/Users/kaiohs/Downloads/codes/lab02-experimentacao-software/data/repos/kestra-io__kestra/core/src/main/java/io/kestra/plugin/core/dashboard/data/IExecutions.java,io.kestra.plugin.core.dashboard.data.IExecutions,interface,5,7,2,5,12,1,0,17,0,0.0,NaN,NaN,1,0,0,0,0,1,1,0,0,0,0,0,0,0,0,0,0,0,0,56,1,0,6,0,0,0,0,5,0,21,4,0,1,15,36,1,0
/Users/kaiohs/Downloads/codes/lab02-experimentacao-software/data/repos/kestra-io__kestra/core/src/main/java/io/kestra/core/models/triggers/Trigger.java,io.kestra.core.models.triggers.Trigger$TriggerBuilder,innerclass,4,4,0,4,0,2,0,0,0,0.0,-1.0,-1.0,0,0,0,0,0,0,0,0,0,0,0,0,0,0,0,0,0,0,0,2,0,0,0,0,0,0,0,0,0,0,0,0,0,0,0,1033,0
/Users/kaiohs/Downloads/codes/lab02-experimentacao-software/data/repos/kestra-io__kestra/jdbc-mysql/src/main/java/io/kestra/repository/mysql/MysqlWorkerJobRunningStateStore.java,io.kestra.repository.mysql.MysqlWorkerJobRunningStateStore,class,7,7,0,7,1,3,0,0,0,0.0,NaN,NaN,1,0,1,0,0,0,1,0,0,0,0,0,0,0,0,0,0,0,0,5,0,0,0,0,0,1,0,0,0,0,0,0,0,0,9,1,0
/Users/kaiohs/Downloads/codes/lab02-experimentacao-software/data/repos/kestra-io__kestra/core/src/main/java/io/kestra/core/runners/ExecutableUtils.java,io.kestra.core.runners.ExecutableUtils,class,34,35,1,34,56,1,0,120,45,0.8999999,0.0,0.0,10,9,6,4,0,0,6,0,0,0,3,3,3,0,0,0,3,0,7,159,21,1,14,2,8,30,19,37,6,45,4,0,0,12,129,17,5
/Users/kaiohs/Downloads/codes/lab02-experimentacao-software/data/repos/kestra-io__kestra/worker-controller/src/main/java/io/kestra/controller/grpc/services/GrpcWorkerControllerService.java,io.kestra.controller.grpc.services.GrpcWorkerControllerService$TypeReferences$Anonymous3,anonymous,0,0,0,0,0,1,0,0,0,0.0,-1.0,-1.0,0,0,0,0,0,0,0,0,0,0,0,0,0,0,0,0,0,0,0,2,0,0,0,0,0,0,0,0,0,0,0,0,0,0,0,-1,0
/Users/kaiohs/Downloads/codes/lab02-experimentacao-software/data/repos/kestra-io__kestra/worker-controller/src/main/java/io/kestra/controller/grpc/services/GrpcWorkerControllerService.java,io.kestra.controller.grpc.services.GrpcWorkerControllerService$TypeReferences$Anonymous2,anonymous,0,0,0,0,0,1,0,0,0,0.0,-1.0,-1.0,0,0,0,0,0,0,0,0,0,0,0,0,0,0,0,0,0,0,0,2,0,0,0,0,0,0,0,0,0,0,0,0,0,0,0,-1,0
/Users/kaiohs/Downloads/codes/lab02-experimentacao-software/data/repos/kestra-io__kestra/core/src/test/java/io/kestra/core/validations/WebhookTest.java,io.kestra.core.validations.WebhookTest,class,5,5,0,5,1,1,0,15,0,0.0,NaN,NaN,1,0,0,0,0,1,1,0,0,0,1,0,0,1,0,0,0,0,0,14,0,0,0,0,0,12,0,4,0,5,0,0,0,0,24,1,0
/Users/kaiohs/Downloads/codes/lab02-experimentacao-software/data/repos/kestra-io__kestra/core/src/main/java/io/kestra/core/endpoints/BasicAuthEndpointsFilter.java,io.kestra.core.endpoints.BasicAuthEndpointsFilter,class,14,15,1,14,11,1,0,19,4,0.5,0.0,0.0,4,0,3,1,0,0,3,0,0,0,1,0,0,1,0,0,1,0,1,34,5,0,3,0,0,4,5,8,0,8,3,0,0,0,30,1,0
/Users/kaiohs/Downloads/codes/lab02-experimentacao-software/data/repos/kestra-io__kestra/worker-controller/src/main/java/io/kestra/controller/grpc/services/GrpcWorkerControllerService.java,io.kestra.controller.grpc.services.GrpcWorkerControllerService$TypeReferences$Anonymous5,anonymous,0,0,0,0,0,1,0,0,0,0.0,-1.0,-1.0,0,0,0,0,0,0,0,0,0,0,0,0,0,0,0,0,0,0,0,2,0,0,0,0,0,0,0,0,0,0,0,0,0,0,0,-1,0
/Users/kaiohs/Downloads/codes/lab02-experimentacao-software/data/repos/kestra-io__kestra/core/src/main/java/io/kestra/core/utils/ListUtils.java,io.kestra.core.utils.ListUtils,class,2,10,8,2,18,1,0,13,21,0.0,0.0,0.0,7,7,7,0,0,0,7,0,0,0,0,0,0,0,0,0,0,0,5,55,9,2,5,0,0,1,1,5,2,4,3,0,0,0,38,1,0
/Users/kaiohs/Downloads/codes/lab02-experimentacao-software/data/repos/kestra-io__kestra/core/src/main/java/io/kestra/core/models/collectors/HostUsage.java,io.kestra.core.models.collectors.HostUsage,class,12,14,2,12,2,1,0,58,0,0.0,NaN,NaN,1,1,1,0,0,0,1,0,0,0,4,0,0,4,0,0,4,0,8,42,1,0,0,0,0,6,0,12,0,18,1,0,3,3,36,1,0
/Users/kaiohs/Downloads/codes/lab02-experimentacao-software/data/repos/kestra-io__kestra/worker-controller/src/main/java/io/kestra/controller/grpc/services/GrpcWorkerControllerService.java,io.kestra.controller.grpc.services.GrpcWorkerControllerService$TypeReferences$Anonymous4,anonymous,0,0,0,0,0,1,0,0,0,0.0,-1.0,-1.0,0,0,0,0,0,0,0,0,0,0,0,0,0,0,0,0,0,0,0,2,0,0,0,0,0,0,0,0,0,0,0,0,0,0,0,-1,0
/Users/kaiohs/Downloads/codes/lab02-experimentacao-software/data/repos/kestra-io__kestra/core/src/main/java/io/kestra/core/utils/Rethrow.java,io.kestra.core.utils.Rethrow,class,15,28,13,15,15,1,0,8,28,0.0,0.0,0.0,8,8,7,1,0,0,7,0,0,0,0,0,0,0,0,0,0,0,7,106,15,0,0,7,0,1,0,0,0,7,2,0,8,7,17,17,0
/Users/kaiohs/Downloads/codes/lab02-experimentacao-software/data/repos/kestra-io__kestra/core/src/test/java/io/kestra/core/runners/pebble/filters/ValuesFilterTest.java,io.kestra.core.runners.pebble.filters.ValuesFilterTest,class,6,6,0,6,1,1,0,11,0,0.0,NaN,NaN,1,0,0,0,0,1,1,0,0,0,1,0,0,0,0,1,0,0,4,19,0,0,0,0,0,16,3,6,0,5,0,2,0,0,21,0,0
/Users/kaiohs/Downloads/codes/lab02-experimentacao-software/data/repos/kestra-io__kestra/core/src/main/java/io/kestra/core/runners/pebble/filters/UrlDecoderFilter.java,io.kestra.core.runners.pebble.filters.UrlDecoderFilter,class,3,4,1,3,3,1,0,1,1,0.0,0.0,0.0,2,0,2,0,0,0,2,0,0,0,0,0,0,0,0,0,0,0,1,13,3,0,1,0,0,0,0,2,0,1,1,0,0,0,17,1,0
/Users/kaiohs/Downloads/codes/lab02-experimentacao-software/data/repos/kestra-io__kestra/core/src/main/java/io/kestra/core/models/hierarchies/GraphTrigger.java,io.kestra.core.models.hierarchies.GraphTrigger,class,3,4,1,3,1,3,0,0,0,0.0,NaN,NaN,1,0,1,0,0,0,1,0,0,0,0,0,0,0,0,0,0,0,0,5,0,0,0,0,0,0,0,0,0,0,0,0,0,0,5,1,0
/Users/kaiohs/Downloads/codes/lab02-experimentacao-software/data/repos/kestra-io__kestra/jdbc-h2/src/main/java/io/kestra/repository/h2/H2Repository.java,io.kestra.repository.h2.H2Repository$H2Condition,innerclass,2,2,0,2,1,1,0,4,0,0.0,NaN,NaN,1,0,1,0,0,0,1,0,0,0,0,0,0,0,0,0,0,0,0,7,1,0,0,0,2,6,0,2,0,4,0,0,0,2,10,8,0
/Users/kaiohs/Downloads/codes/lab02-experimentacao-software/data/repos/kestra-io__kestra/core/src/main/java/io/kestra/core/services/PluginGlobalDefaultConfiguration.java,io.kestra.core.services.PluginGlobalDefaultConfiguration,class,3,4,1,3,0,1,0,0,0,NaN,-1.0,-1.0,0,0,0,0,0,0,0,0,0,0,1,0,0,0,0,1,0,0,0,3,0,0,0,0,0,2,0,0,0,1,0,0,0,0,6,1,0
/Users/kaiohs/Downloads/codes/lab02-experimentacao-software/data/repos/kestra-io__kestra/jdbc/src/main/java/io/kestra/jdbc/runner/AbstractJdbcWorkerJobRunningStateStore.java,io.kestra.jdbc.runner.AbstractJdbcWorkerJobRunningStateStore,class,12,16,4,12,10,2,2,26,0,0.0,0.0,0.0,7,0,6,1,0,0,6,0,0,0,1,0,0,0,1,0,0,0,0,54,3,0,0,0,1,9,0,6,0,15,2,0,0,9,35,1025,0
/Users/kaiohs/Downloads/codes/lab02-experimentacao-software/data/repos/kestra-io__kestra/core/src/test/java/io/kestra/core/utils/DurationOrSizeTriggerTest.java,io.kestra.core.utils.DurationOrSizeTriggerTest,class,3,4,1,3,5,1,0,11,0,0.5,0.0,0.0,4,0,3,1,0,0,3,0,0,0,2,0,0,2,0,0,2,0,4,32,1,1,0,0,0,4,10,7,1,7,1,0,0,0,27,1,0
/Users/kaiohs/Downloads/codes/lab02-experimentacao-software/data/repos/kestra-io__kestra/core/src/main/java/io/kestra/core/validations/AppConfigValidator.java,io.kestra.core.validations.AppConfigValidator,class,7,8,1,7,7,4,0,12,1,0.5,0.0,0.0,3,0,1,1,0,1,2,0,0,0,2,1,0,2,0,0,2,0,3,38,4,0,0,1,0,6,0,5,0,5,1,0,1,0,49,1,2
/Users/kaiohs/Downloads/codes/lab02-experimentacao-software/data/repos/kestra-io__kestra/jdbc-h2/src/test/java/io/kestra/queue/h2/H2QueueCacheTest.java,io.kestra.queue.h2.H2QueueCacheTest,class,2,2,0,2,0,2,0,0,0,0.0,-1.0,-1.0,0,0,0,0,0,0,0,0,0,0,0,0,0,0,0,0,0,0,0,2,0,0,0,0,0,0,0,0,0,0,0,0,0,0,5,1,0
/Users/kaiohs/Downloads/codes/lab02-experimentacao-software/data/repos/kestra-io__kestra/core/src/test/java/io/kestra/core/docs/JsonSchemaGeneratorTest.java,io.kestra.core.docs.JsonSchemaGeneratorTest,class,31,32,1,31,25,11,0,46,0,0.525,0.0,0.0,20,1,1,2,0,17,18,0,0,0,2,0,0,0,0,2,0,0,0,281,2,1,3,0,35,210,8,71,2,82,4,0,9,12,129,0,0
/Users/kaiohs/Downloads/codes/lab02-experimentacao-software/data/repos/kestra-io__kestra/executor/src/main/java/io/kestra/executor/FlowTriggerService.java,io.kestra.executor.FlowTriggerService,class,19,23,4,19,19,1,0,62,9,0.5714286,0.0,0.0,7,0,5,2,0,0,5,0,0,0,3,0,0,3,0,0,3,0,10,59,10,0,6,0,0,0,1,10,0,31,1,0,2,21,68,1,0
/Users/kaiohs/Downloads/codes/lab02-experimentacao-software/data/repos/kestra-io__kestra/core/src/main/java/io/kestra/core/runners/pebble/filters/ChunkFilter.java,io.kestra.core.runners.pebble.filters.ChunkFilter,class,4,5,1,4,6,1,0,8,1,0.0,0.0,0.0,2,0,2,0,0,0,2,0,0,0,0,0,0,0,0,0,0,0,1,21,3,0,1,0,3,8,0,1,2,1,1,0,0,0,32,1,0
/Users/kaiohs/Downloads/codes/lab02-experimentacao-software/data/repos/kestra-io__kestra/core/src/test/java/io/kestra/plugin/core/kv/DeleteTest.java,io.kestra.plugin.core.kv.DeleteTest,class,8,8,0,8,2,1,0,26,0,0.0,0.0,0.0,2,0,0,0,0,2,2,0,0,0,2,1,0,0,0,2,1,0,4,23,0,0,0,0,0,15,0,12,3,13,0,0,0,1,46,0,0
/Users/kaiohs/Downloads/codes/lab02-experimentacao-software/data/repos/kestra-io__kestra/core/src/main/java/io/kestra/plugin/core/dashboard/chart/tables/TableOption.java,io.kestra.plugin.core.dashboard.chart.tables.TableOption$HeaderOption,innerclass,5,5,0,5,0,1,0,0,0,NaN,-1.0,-1.0,0,0,0,0,0,0,0,0,0,0,1,0,0,1,0,0,0,0,0,3,0,0,0,0,0,0,0,1,0,1,0,0,0,0,6,9,0
/Users/kaiohs/Downloads/codes/lab02-experimentacao-software/data/repos/kestra-io__kestra/core/src/main/java/io/kestra/plugin/core/flow/Subflow.java,io.kestra.plugin.core.flow.Subflow,class,42,44,2,42,15,2,0,51,8,0.8000001,0.0,0.0,5,0,4,1,0,0,4,0,0,0,10,0,0,10,0,0,3,0,8,73,7,0,5,1,1,18,1,18,0,22,4,0,1,1,128,1,3
/Users/kaiohs/Downloads/codes/lab02-experimentacao-software/data/repos/kestra-io__kestra/jdbc-postgres/src/main/java/io/kestra/runner/postgres/PostgresSLAMonitorStateStore.java,io.kestra.runner.postgres.PostgresSLAMonitorStateStore,class,6,6,0,6,1,3,0,0,0,0.0,NaN,NaN,1,0,1,0,0,0,1,0,0,0,0,0,0,0,0,0,0,0,0,5,0,0,0,0,0,1,0,0,0,0,0,0,0,0,10,1,0
/Users/kaiohs/Downloads/codes/lab02-experimentacao-software/data/repos/kestra-io__kestra/core/src/test/java/io/kestra/core/runners/pebble/filters/JqFilterTest.java,io.kestra.core.runners.pebble.filters.JqFilterTest,class,5,5,0,5,6,1,0,20,0,0.0,0.0,0.0,6,0,0,0,0,6,6,0,0,0,1,0,0,0,0,1,0,0,11,65,0,0,0,0,0,83,14,21,0,13,0,0,0,0,34,0,0
/Users/kaiohs/Downloads/codes/lab02-experimentacao-software/data/repos/kestra-io__kestra/core/src/main/java/io/kestra/core/models/tasks/Output.java,io.kestra.core.models.tasks.Output,interface,1,102,101,1,3,1,0,2,3,0.0,0.0,0.0,3,0,0,0,0,3,3,0,0,0,0,0,0,0,0,0,0,0,1,11,3,0,0,0,0,0,0,0,0,0,0,0,0,0,8,1,0
/Users/kaiohs/Downloads/codes/lab02-experimentacao-software/data/repos/kestra-io__kestra/core/src/main/java/io/kestra/plugin/core/flow/Loop.java,io.kestra.plugin.core.flow.Loop,class,33,35,2,33,25,2,0,39,44,0.8916666,0.0,0.0,12,0,12,0,0,0,12,0,0,0,10,4,4,4,2,0,6,0,9,72,13,0,8,0,0,12,5,17,0,21,1,0,1,0,136,1,0
/Users/kaiohs/Downloads/codes/lab02-experimentacao-software/data/repos/kestra-io__kestra/jdbc/src/main/java/io/kestra/jdbc/repository/AbstractJdbcConcurrencyLimitRepository.java,io.kestra.jdbc.repository.AbstractJdbcConcurrencyLimitRepository,class,6,6,0,6,4,2,0,15,0,0.0,0.0,0.0,4,0,4,0,0,0,4,0,0,0,1,0,0,0,1,0,0,0,0,25,5,0,0,0,0,4,0,4,0,6,1,0,0,2,20,1,0
/Users/kaiohs/Downloads/codes/lab02-experimentacao-software/data/repos/kestra-io__kestra/core/src/main/java/io/kestra/plugin/core/trigger/Flow.java,io.kestra.plugin.core.trigger.Flow$Field,enum,0,0,0,0,0,1,0,0,0,0.0,-1.0,-1.0,0,0,0,0,0,0,0,0,0,0,0,0,0,0,0,0,0,0,0,1,0,0,0,0,0,0,0,0,0,0,0,0,0,0,10,1,0
/Users/kaiohs/Downloads/codes/lab02-experimentacao-software/data/repos/kestra-io__kestra/core/src/test/java/io/kestra/core/cache/NoopCacheTest.java,io.kestra.core.cache.NoopCacheTest,class,3,3,0,3,12,1,0,22,0,0.0,0.0,0.0,12,0,0,0,0,12,12,0,0,0,1,0,0,1,0,0,0,0,6,53,0,0,0,0,0,35,6,1,0,3,0,0,0,3,21,0,0
/Users/kaiohs/Downloads/codes/lab02-experimentacao-software/data/repos/kestra-io__kestra/core/src/main/java/io/kestra/core/runners/ExecutionDelay.java,io.kestra.core.runners.ExecutionDelay$DelayType,enum,0,0,0,0,0,1,0,0,0,0.0,-1.0,-1.0,0,0,0,0,0,0,0,0,0,0,0,0,0,0,0,0,0,0,0,1,0,0,0,0,0,0,0,0,0,0,0,0,0,0,16,1,0
/Users/kaiohs/Downloads/codes/lab02-experimentacao-software/data/repos/kestra-io__kestra/core/src/main/java/io/kestra/core/validations/validator/OrFilterValidator.java,io.kestra.core.validations.validator.OrFilterValidator,class,7,7,0,7,4,1,0,7,0,0.0,NaN,NaN,1,0,1,0,0,0,1,0,0,0,0,0,0,0,0,0,0,0,1,19,3,0,2,0,0,3,0,1,1,1,1,0,0,0,19,1,0
/Users/kaiohs/Downloads/codes/lab02-experimentacao-software/data/repos/kestra-io__kestra/core/src/main/java/io/kestra/core/utils/DurationOrSizeTrigger.java,io.kestra.core.utils.DurationOrSizeTrigger,class,2,4,2,2,8,1,0,6,0,0.33333334,0.0,0.0,4,0,2,1,0,1,3,0,0,0,3,0,0,3,0,0,2,0,3,29,4,1,0,0,0,0,0,4,0,3,1,0,0,0,14,1,0
/Users/kaiohs/Downloads/codes/lab02-experimentacao-software/data/repos/kestra-io__kestra/webserver/src/main/java/io/kestra/webserver/services/ai/AiConfiguration.java,io.kestra.webserver.services.ai.AiConfiguration,interface,0,0,0,0,4,1,0,0,6,0.0,0.0,0.0,4,0,0,0,0,4,4,0,0,0,0,0,0,0,0,0,0,0,0,10,2,0,0,0,0,0,1,0,0,0,0,0,0,0,10,1,0
/Users/kaiohs/Downloads/codes/lab02-experimentacao-software/data/repos/kestra-io__kestra/jmh-benchmarks/src/jmh/java/io/kestra/core/utils/MapUtilsBenchmark.java,io.kestra.core.utils.MapUtilsBenchmark,class,5,5,0,5,4,1,0,6,0,0.0,0.0,0.0,2,0,2,0,0,0,2,0,0,0,2,0,0,2,0,0,0,0,8,21,1,2,0,0,0,20,4,4,6,4,1,0,0,0,15,1,0
/Users/kaiohs/Downloads/codes/lab02-experimentacao-software/data/repos/kestra-io__kestra/jdbc-mysql/src/main/java/io/kestra/repository/mysql/MysqlFlowTopologyRepository.java,io.kestra.repository.mysql.MysqlFlowTopologyRepository,class,9,9,0,9,2,3,0,7,1,0.0,0.0,0.0,2,0,1,0,1,0,2,0,0,0,0,0,0,0,0,0,0,0,0,8,1,0,0,0,0,2,0,0,0,0,0,0,0,0,15,1,0
/Users/kaiohs/Downloads/codes/lab02-experimentacao-software/data/repos/kestra-io__kestra/core/src/main/java/io/kestra/core/plugins/PluginScanner.java,io.kestra.core.plugins.PluginScanner$Anonymous1,anonymous,0,0,0,0,0,1,0,0,0,0.0,-1.0,-1.0,0,0,0,0,0,0,0,0,0,0,0,0,0,0,0,0,0,0,0,2,0,0,0,0,0,0,0,0,0,0,0,0,0,0,0,-1,0
/Users/kaiohs/Downloads/codes/lab02-experimentacao-software/data/repos/kestra-io__kestra/jdbc-mysql/src/test/java/reports/MysqlFeatureUsageReportTest.java,reports.MysqlFeatureUsageReportTest,class,2,2,0,2,0,2,0,0,0,0.0,-1.0,-1.0,0,0,0,0,0,0,0,0,0,0,0,0,0,0,0,0,0,0,0,2,0,0,0,0,0,0,0,0,0,0,0,0,0,0,6,0,0
/Users/kaiohs/Downloads/codes/lab02-experimentacao-software/data/repos/kestra-io__kestra/webserver/src/test/java/io/kestra/webserver/controllers/api/ExecutionControllerRunnerTest.java,io.kestra.webserver.controllers.api.ExecutionControllerRunnerTest,class,58,59,1,58,132,1,0,202,0,0.8088234,0.0,0.0,100,0,3,14,0,83,86,0,0,0,17,5,5,5,3,4,4,0,102,1147,15,0,25,3,15,930,150,406,123,476,2,0,0,150,394,0,1
/Users/kaiohs/Downloads/codes/lab02-experimentacao-software/data/repos/kestra-io__kestra/jdbc-mysql/src/test/java/io/kestra/repository/mysql/MysqlTaskOutputRepositoryTest.java,io.kestra.repository.mysql.MysqlTaskOutputRepositoryTest,class,1,1,0,1,0,2,0,0,0,0.0,-1.0,-1.0,0,0,0,0,0,0,0,0,0,0,0,0,0,0,0,0,0,0,0,2,0,0,0,0,0,0,0,0,0,0,0,0,0,0,6,0,0
/Users/kaiohs/Downloads/codes/lab02-experimentacao-software/data/repos/kestra-io__kestra/core/src/main/java/io/kestra/core/scheduler/store/TriggerStateStore.java,io.kestra.core.scheduler.store.TriggerStateStore,interface,2,2,0,2,6,1,0,0,15,0.0,0.0,0.0,6,0,0,0,0,6,6,0,0,0,0,0,0,0,0,0,0,0,0,9,0,0,0,0,0,0,0,0,0,0,0,0,0,0,101,1,0
/Users/kaiohs/Downloads/codes/lab02-experimentacao-software/data/repos/kestra-io__kestra/core/src/main/java/io/kestra/core/models/dashboards/charts/DataChart.java,io.kestra.core.models.dashboards.charts.DataChart,class,14,15,1,14,2,2,0,0,1,1.0,0.0,0.0,2,0,2,0,0,0,2,0,0,0,1,0,0,1,0,0,0,0,0,9,2,0,0,0,0,0,0,0,0,1,0,0,0,0,12,1025,0
/Users/kaiohs/Downloads/codes/lab02-experimentacao-software/data/repos/kestra-io__kestra/jdbc-postgres/src/main/java/io/kestra/repository/postgres/PostgresWorkerJobRunningStateStore.java,io.kestra.repository.postgres.PostgresWorkerJobRunningStateStore,class,7,7,0,7,1,3,0,0,0,0.0,NaN,NaN,1,0,1,0,0,0,1,0,0,0,0,0,0,0,0,0,0,0,0,5,0,0,0,0,0,1,0,0,0,0,0,0,0,0,9,1,0
/Users/kaiohs/Downloads/codes/lab02-experimentacao-software/data/repos/kestra-io__kestra/core/src/test/java/io/kestra/core/runners/TaskCacheTest.java,io.kestra.core.runners.TaskCacheTest$CounterTask$Output,innerclass,3,3,0,3,0,1,0,0,0,NaN,-1.0,-1.0,0,0,0,0,0,0,0,0,0,0,1,0,0,1,0,0,0,0,0,3,0,0,0,0,0,0,0,0,0,1,0,0,0,0,5,9,0
/Users/kaiohs/Downloads/codes/lab02-experimentacao-software/data/repos/kestra-io__kestra/core/src/main/java/io/kestra/core/runners/pebble/functions/IsDayWeekInMonthFunction.java,io.kestra.core.runners.pebble.functions.IsDayWeekInMonthFunction,class,4,5,1,4,8,1,0,10,3,1.0,0.0,0.0,3,0,3,0,0,0,3,0,0,0,1,1,1,0,0,0,1,0,2,43,3,0,3,2,0,16,0,8,2,8,1,0,0,0,81,1,0
/Users/kaiohs/Downloads/codes/lab02-experimentacao-software/data/repos/kestra-io__kestra/jdbc-h2/src/test/java/io/kestra/runner/h2/H2RunnerTest.java,io.kestra.runner.h2.H2RunnerTest,class,1,1,0,1,0,2,0,0,0,0.0,-1.0,-1.0,0,0,0,0,0,0,0,0,0,0,0,0,0,0,0,0,0,0,0,2,0,0,0,0,0,0,0,0,0,0,0,0,0,0,4,1,0
/Users/kaiohs/Downloads/codes/lab02-experimentacao-software/data/repos/kestra-io__kestra/jdbc-postgres/src/test/java/io/kestra/runner/postgres/PostgresRunnerConcurrencyTest.java,io.kestra.runner.postgres.PostgresRunnerConcurrencyTest,class,1,1,0,1,0,2,0,0,0,0.0,-1.0,-1.0,0,0,0,0,0,0,0,0,0,0,0,0,0,0,0,0,0,0,0,2,0,0,0,0,0,0,0,0,0,0,0,0,0,0,5,1,0
/Users/kaiohs/Downloads/codes/lab02-experimentacao-software/data/repos/kestra-io__kestra/core/src/test/java/io/kestra/core/models/flows/sla/types/ExecutionAssertionSLATest.java,io.kestra.core.models.flows.sla.types.ExecutionAssertionSLATest,class,8,8,0,8,3,1,0,14,0,0.0,0.0,0.0,3,0,0,0,0,3,3,0,0,0,1,0,0,1,0,0,0,0,2,21,0,0,0,0,0,8,0,8,0,9,0,0,0,1,26,0,0
/Users/kaiohs/Downloads/codes/lab02-experimentacao-software/data/repos/kestra-io__kestra/cli/src/main/java/io/kestra/cli/commands/migrations/V2ExecutionResubmitMigrationCommand.java,io.kestra.cli.commands.migrations.V2ExecutionResubmitMigrationCommand,class,10,11,1,10,3,3,0,27,0,0.0,NaN,NaN,1,0,1,0,0,0,1,0,0,0,1,0,0,1,0,0,0,0,2,38,1,0,0,2,0,11,2,7,4,11,4,0,0,3,45,1,4
/Users/kaiohs/Downloads/codes/lab02-experimentacao-software/data/repos/kestra-io__kestra/core/src/test/java/io/kestra/core/runners/pebble/filters/IndentFilterTest.java,io.kestra.core.runners.pebble.filters.IndentFilterTest,class,4,4,0,4,10,1,0,6,0,0.0,0.0,0.0,10,0,0,0,0,10,10,0,0,0,1,0,0,0,0,1,0,0,12,43,0,0,0,0,0,21,0,10,2,11,0,0,0,0,29,0,0
/Users/kaiohs/Downloads/codes/lab02-experimentacao-software/data/repos/kestra-io__kestra/core/src/test/java/io/kestra/core/runners/pebble/functions/IsPublicHolidayFunctionTest.java,io.kestra.core.runners.pebble.functions.IsPublicHolidayFunctionTest,class,5,5,0,5,9,1,0,7,0,0.0,0.0,0.0,9,0,0,0,0,9,9,0,0,0,1,0,0,0,0,1,0,0,5,35,0,0,0,0,0,14,0,5,0,6,0,0,0,4,40,0,0
/Users/kaiohs/Downloads/codes/lab02-experimentacao-software/data/repos/kestra-io__kestra/jdbc/src/test/java/io/kestra/jdbc/runner/JdbcQueueTest.java,io.kestra.jdbc.runner.JdbcQueueTest,class,10,11,1,10,10,1,0,23,0,0.6,0.0,0.0,5,1,0,1,0,4,4,0,0,0,2,0,0,0,2,0,0,0,5,59,1,0,1,0,0,15,12,4,0,10,2,0,0,4,30,1025,0
/Users/kaiohs/Downloads/codes/lab02-experimentacao-software/data/repos/kestra-io__kestra/core/src/main/java/io/kestra/core/converters/PluginDefaultConverter.java,io.kestra.core.converters.PluginDefaultConverter,class,4,4,0,4,1,1,0,8,0,0.0,NaN,NaN,1,0,1,0,0,0,1,0,0,0,0,0,0,0,0,0,0,0,1,5,1,0,0,0,0,5,0,0,0,0,0,0,0,0,9,1,0
/Users/kaiohs/Downloads/codes/lab02-experimentacao-software/data/repos/kestra-io__kestra/worker-controller/src/test/java/io/kestra/controller/config/WorkerControllersConfigurationTest.java,io.kestra.controller.config.WorkerControllersConfigurationTest,class,2,2,0,2,6,1,0,31,15,0.0,0.0,0.0,6,0,0,0,0,6,6,0,0,0,0,0,0,0,0,0,0,0,8,63,0,0,0,6,0,60,10,18,0,18,1,0,0,0,28,0,0
/Users/kaiohs/Downloads/codes/lab02-experimentacao-software/data/repos/kestra-io__kestra/core/src/test/java/io/kestra/core/runners/test/TriggerWithAlias.java,io.kestra.core.runners.test.TriggerWithAlias,class,8,8,0,8,2,2,0,2,1,0.0,0.0,0.0,2,0,2,0,0,0,2,0,0,0,0,0,0,0,0,0,0,0,2,8,2,0,0,0,0,1,1,0,0,0,0,0,0,0,18,1,0
/Users/kaiohs/Downloads/codes/lab02-experimentacao-software/data/repos/kestra-io__kestra/core/src/main/java/io/kestra/plugin/core/dashboard/chart/tables/TableColumnDescriptor.java,io.kestra.plugin.core.dashboard.chart.tables.TableColumnDescriptor$Alignment,enum,0,0,0,0,0,1,0,0,0,0.0,-1.0,-1.0,0,0,0,0,0,0,0,0,0,0,0,0,0,0,0,0,0,0,0,1,0,0,0,0,0,0,0,0,0,0,0,0,0,0,7,0,0
/Users/kaiohs/Downloads/codes/lab02-experimentacao-software/data/repos/kestra-io__kestra/cli/src/main/java/io/kestra/cli/logger/StackdriverJsonLayout.java,io.kestra.cli.logger.StackdriverJsonLayout,class,5,5,0,5,12,2,0,27,0,0.4,0.0,0.0,2,0,1,0,1,0,2,0,0,0,5,3,0,5,0,0,3,0,1,50,1,1,3,0,0,6,1,12,2,10,4,0,0,0,55,1,0
/Users/kaiohs/Downloads/codes/lab02-experimentacao-software/data/repos/kestra-io__kestra/core/src/main/java/io/kestra/core/trace/propagation/ExecutionTextMapSetter.java,io.kestra.core.trace.propagation.ExecutionTextMapSetter,class,4,5,1,4,3,1,0,0,0,1.0,NaN,NaN,1,0,1,0,0,0,1,0,0,0,1,1,1,0,0,0,1,0,0,14,0,0,1,0,0,1,0,1,0,1,2,0,0,0,16,1,0
/Users/kaiohs/Downloads/codes/lab02-experimentacao-software/data/repos/kestra-io__kestra/core/src/test/java/io/kestra/core/validations/AppConfigValidatorTest.java,io.kestra.core.validations.AppConfigValidatorTest,class,3,3,0,3,4,1,0,13,6,0.0,0.0,0.0,4,0,0,0,0,4,4,0,0,0,0,0,0,0,0,0,0,0,0,34,0,0,0,4,0,12,0,4,0,4,2,0,0,4,33,0,0
/Users/kaiohs/Downloads/codes/lab02-experimentacao-software/data/repos/kestra-io__kestra/core/src/main/java/io/kestra/core/models/validations/ManualPath.java,io.kestra.core.models.validations.ManualPath,class,2,3,1,2,8,1,0,12,0,0.0,0.0,0.0,3,0,3,0,0,0,3,0,0,0,1,0,0,0,0,1,1,0,0,37,2,1,3,0,0,1,0,6,0,6,4,0,0,0,16,1,0
/Users/kaiohs/Downloads/codes/lab02-experimentacao-software/data/repos/kestra-io__kestra/worker/src/main/java/io/kestra/worker/services/GrpcWorkerConnectionService.java,io.kestra.worker.services.GrpcWorkerConnectionService$Anonymous1,anonymous,0,0,0,0,0,1,0,0,0,0.0,-1.0,-1.0,0,0,0,0,0,0,0,0,0,0,0,0,0,0,0,0,0,0,0,2,0,0,0,0,0,0,0,0,0,0,0,0,0,0,0,-1,0
/Users/kaiohs/Downloads/codes/lab02-experimentacao-software/data/repos/kestra-io__kestra/webserver/src/test/java/io/kestra/webserver/utils/TimeLineSearchTest.java,io.kestra.webserver.utils.TimeLineSearchTest,class,4,4,0,4,4,1,0,27,6,0.0,0.0,0.0,4,0,0,0,0,4,4,0,0,0,0,0,0,0,0,0,0,0,19,61,0,0,0,0,0,9,5,18,0,21,1,0,0,6,32,0,0
/Users/kaiohs/Downloads/codes/lab02-experimentacao-software/data/repos/kestra-io__kestra/storage-local/src/test/java/io/kestra/storage/local/LocalStorageTest.java,io.kestra.storage.local.LocalStorageTest,class,2,2,0,2,1,2,0,12,0,0.0,NaN,NaN,1,0,0,0,0,1,1,0,0,0,0,0,0,0,0,0,0,0,0,9,0,0,0,0,0,2,2,3,1,3,0,0,0,0,22,0,0
/Users/kaiohs/Downloads/codes/lab02-experimentacao-software/data/repos/kestra-io__kestra/cli/src/main/java/io/kestra/cli/commands/migrations/MigrationCommand.java,io.kestra.cli.commands.migrations.MigrationCommand,class,9,10,1,9,1,3,0,2,0,0.0,NaN,NaN,1,0,1,0,0,0,1,0,0,0,0,0,0,0,0,0,0,0,1,6,1,0,0,0,0,4,0,0,0,0,0,0,0,0,7,1,0
/Users/kaiohs/Downloads/codes/lab02-experimentacao-software/data/repos/kestra-io__kestra/webserver/src/main/java/io/kestra/webserver/services/FlowAutoLoaderService.java,io.kestra.webserver.services.FlowAutoLoaderService,class,15,15,0,15,3,1,0,33,0,0.0,NaN,NaN,1,0,1,0,0,0,1,0,0,0,7,2,2,3,2,0,2,0,2,34,3,0,0,1,1,19,3,5,5,16,3,0,0,5,71,1,4
/Users/kaiohs/Downloads/codes/lab02-experimentacao-software/data/repos/kestra-io__kestra/core/src/main/java/io/kestra/core/server/ServiceStateChangeEvent.java,io.kestra.core.server.ServiceStateChangeEvent,class,4,6,2,4,4,2,0,1,4,0.75,0.0,0.0,4,0,4,0,0,0,4,0,0,0,2,1,0,2,0,0,2,0,0,17,2,0,0,0,0,1,1,2,0,2,0,0,0,0,42,17,0
/Users/kaiohs/Downloads/codes/lab02-experimentacao-software/data/repos/kestra-io__kestra/core/src/main/java/io/kestra/core/utils/DateUtils.java,io.kestra.core.utils.DateUtils$GroupValue,enum,0,0,0,0,2,1,0,0,0,0.0,0.0,0.0,2,0,1,0,0,1,2,0,0,0,1,0,0,1,0,0,1,0,0,8,1,0,0,0,0,0,4,1,0,1,0,0,0,0,18,1,0
/Users/kaiohs/Downloads/codes/lab02-experimentacao-software/data/repos/kestra-io__kestra/executor/src/main/java/io/kestra/executor/handler/MultipleConditionEventMessageHandler.java,io.kestra.executor.handler.MultipleConditionEventMessageHandler,class,9,11,2,9,2,1,0,7,0,0.0,NaN,NaN,1,0,1,0,0,0,1,0,0,0,3,0,0,3,0,0,0,0,0,16,0,0,0,1,0,1,0,0,0,4,2,0,0,1,22,1,1
/Users/kaiohs/Downloads/codes/lab02-experimentacao-software/data/repos/kestra-io__kestra/core/src/main/java/io/kestra/core/utils/ThreadUncaughtExceptionHandler.java,io.kestra.core.utils.ThreadUncaughtExceptionHandler,class,3,4,1,3,3,1,0,9,0,1.0,NaN,NaN,1,0,1,0,0,0,1,0,0,0,1,1,1,0,0,0,1,0,3,19,0,0,0,1,0,2,1,2,0,2,2,0,0,0,23,17,1
/Users/kaiohs/Downloads/codes/lab02-experimentacao-software/data/repos/kestra-io__kestra/core/src/test/java/io/kestra/core/repositories/AbstractExecutionServiceTest.java,io.kestra.core.repositories.AbstractExecutionServiceTest,class,14,16,2,14,2,1,1,44,0,0.0,NaN,NaN,1,0,0,0,0,1,1,0,0,0,4,0,0,0,0,4,0,0,7,29,0,1,0,0,0,7,8,12,1,15,1,0,0,0,35,1025,0
/Users/kaiohs/Downloads/codes/lab02-experimentacao-software/data/repos/kestra-io__kestra/jdbc-h2/src/main/java/io/kestra/runner/h2/H2ExecutionDelayStateStore.java,io.kestra.runner.h2.H2ExecutionDelayStateStore,class,6,6,0,6,1,2,0,0,0,0.0,NaN,NaN,1,0,1,0,0,0,1,0,0,0,0,0,0,0,0,0,0,0,0,5,0,0,0,0,0,1,0,0,0,0,0,0,0,0,8,1,0
/Users/kaiohs/Downloads/codes/lab02-experimentacao-software/data/repos/kestra-io__kestra/core/src/main/java/io/kestra/core/exceptions/InputOutputValidationException.java,io.kestra.core.exceptions.InputOutputValidationException,class,5,6,1,5,5,5,0,6,10,0.0,0.0,0.0,5,4,5,0,0,0,5,0,0,0,0,0,0,0,0,0,0,0,2,20,3,0,0,0,0,6,0,3,4,3,0,0,0,0,24,1,0
/Users/kaiohs/Downloads/codes/lab02-experimentacao-software/data/repos/kestra-io__kestra/core/src/main/java/io/kestra/core/runners/Secret.java,io.kestra.core.runners.Secret,class,2,5,3,2,11,1,0,16,0,0.125,0.0,0.0,4,0,0,0,0,4,4,0,0,0,2,0,0,2,0,0,2,0,2,46,5,1,0,1,0,9,0,4,0,4,4,0,0,0,32,16,3
/Users/kaiohs/Downloads/codes/lab02-experimentacao-software/data/repos/kestra-io__kestra/jdbc/src/main/java/io/kestra/jdbc/repository/AbstractJdbcFlowRepository.java,io.kestra.jdbc.repository.AbstractJdbcFlowRepository,class,63,65,2,63,91,2,0,145,200,0.8538461,0.0,0.0,52,0,37,5,10,0,47,3,0,0,10,4,2,6,2,0,9,0,18,452,79,1,16,5,0,88,4,103,10,146,3,1,0,59,196,1025,2
/Users/kaiohs/Downloads/codes/lab02-experimentacao-software/data/repos/kestra-io__kestra/core/src/test/java/io/kestra/core/reporter/reports/AbstractServiceUsageReportTest.java,io.kestra.core.reporter.reports.AbstractServiceUsageReportTest,class,7,9,2,7,2,1,2,31,0,0.0,NaN,NaN,1,0,1,0,0,0,1,0,0,0,2,0,0,0,0,2,0,0,6,25,0,1,0,0,0,1,9,13,1,14,1,0,0,1,29,1025,0
/Users/kaiohs/Downloads/codes/lab02-experimentacao-software/data/repos/kestra-io__kestra/executor/src/main/java/io/kestra/executor/handler/ExecutionKilledExecutionMessageHandler.java,io.kestra.executor.handler.ExecutionKilledExecutionMessageHandler,class,18,21,3,18,7,1,0,31,0,0.42857143,NaN,NaN,2,0,1,1,0,0,1,0,0,0,7,0,0,7,0,0,0,0,2,46,3,0,0,2,0,3,0,4,0,13,3,0,0,2,39,1,2
/Users/kaiohs/Downloads/codes/lab02-experimentacao-software/data/repos/kestra-io__kestra/cli/src/main/java/io/kestra/cli/commands/sys/database/DatabaseCommand.java,io.kestra.cli.commands.sys.database.DatabaseCommand,class,5,7,2,5,1,3,0,2,0,0.0,NaN,NaN,1,0,1,0,0,0,1,0,0,0,0,0,0,0,0,0,0,0,1,6,1,0,0,0,0,5,0,0,0,0,0,0,0,0,8,1,0
/Users/kaiohs/Downloads/codes/lab02-experimentacao-software/data/repos/kestra-io__kestra/core/src/test/java/io/kestra/core/models/executions/ExecutionTest.java,io.kestra.core.models.executions.ExecutionTest,class,5,5,0,5,10,1,0,27,45,0.0,0.0,0.0,10,0,0,0,0,10,10,0,0,0,0,0,0,0,0,0,0,0,14,50,0,0,0,0,0,37,1,15,0,15,0,0,0,0,36,0,0
/Users/kaiohs/Downloads/codes/lab02-experimentacao-software/data/repos/kestra-io__kestra/core/src/test/java/io/kestra/core/runners/pebble/expression/NullCoalescingExpressionTest.java,io.kestra.core.runners.pebble.expression.NullCoalescingExpressionTest,class,6,6,0,6,4,1,0,7,0,0.0,0.0,0.0,4,0,0,0,0,4,4,0,0,0,1,0,0,0,0,1,0,0,1,44,0,0,0,0,0,36,0,14,0,9,1,0,0,2,27,0,0
/Users/kaiohs/Downloads/codes/lab02-experimentacao-software/data/repos/kestra-io__kestra/jdbc/src/main/java/io/kestra/jdbc/repository/AbstractJdbcServiceInstanceRepository.java,io.kestra.jdbc.repository.AbstractJdbcServiceInstanceRepository,class,30,34,4,30,32,2,2,56,0,0.7638889,0.0,0.0,24,0,18,3,3,0,21,0,0,0,6,5,0,5,1,0,5,0,2,127,24,0,2,0,0,11,0,26,0,37,2,0,0,12,123,1025,0
/Users/kaiohs/Downloads/codes/lab02-experimentacao-software/data/repos/kestra-io__kestra/core/src/main/java/io/kestra/core/models/dashboards/filters/LessThanOrEqualTo.java,io.kestra.core.models.dashboards.filters.LessThanOrEqualTo,class,11,11,0,11,0,2,0,0,0,NaN,-1.0,-1.0,0,0,0,0,0,0,0,0,0,0,2,0,0,1,1,0,0,0,0,4,0,0,0,0,0,1,0,1,0,2,0,0,0,0,8,1,0
/Users/kaiohs/Downloads/codes/lab02-experimentacao-software/data/repos/kestra-io__kestra/worker-controller/src/test/java/io/kestra/controller/grpc/services/WorkerJobDispatcherTest.java,io.kestra.controller.grpc.services.WorkerJobDispatcherTest$ImmediateDisposalTests,innerclass,8,8,0,8,2,1,0,12,1,0.0,0.0,0.0,2,0,0,0,0,2,2,0,0,0,0,0,0,0,0,0,0,0,0,23,0,0,0,0,0,6,6,6,0,6,0,0,0,0,43,0,0
/Users/kaiohs/Downloads/codes/lab02-experimentacao-software/data/repos/kestra-io__kestra/core/src/test/java/io/kestra/core/utils/EnumsTest.java,io.kestra.core.utils.EnumsTest$TestEnum,enum,0,0,0,0,0,1,0,0,0,0.0,-1.0,-1.0,0,0,0,0,0,0,0,0,0,0,0,0,0,0,0,0,0,0,0,1,0,0,0,0,0,0,0,0,0,0,0,0,0,0,7,0,0
/Users/kaiohs/Downloads/codes/lab02-experimentacao-software/data/repos/kestra-io__kestra/core/src/main/java/io/kestra/core/runners/DefaultExecutionLogMetaStore.java,io.kestra.core.runners.DefaultExecutionLogMetaStore,class,5,6,1,5,2,1,0,4,0,0.0,0.0,0.0,2,0,2,0,0,0,2,0,0,0,1,0,0,1,0,0,1,0,0,9,1,0,0,0,0,1,2,1,0,1,0,0,0,0,12,1,0
/Users/kaiohs/Downloads/codes/lab02-experimentacao-software/data/repos/kestra-io__kestra/webserver/src/main/java/io/kestra/webserver/models/api/ApiAutocomplete.java,io.kestra.webserver.models.api.ApiAutocomplete,class,5,6,1,5,0,1,0,0,0,NaN,-1.0,-1.0,0,0,0,0,0,0,0,0,0,0,3,0,0,0,0,3,0,0,0,5,0,0,0,0,0,3,0,0,0,3,0,0,0,0,14,1,0
/Users/kaiohs/Downloads/codes/lab02-experimentacao-software/data/repos/kestra-io__kestra/core/src/test/java/io/kestra/plugin/core/flow/LoopTest.java,io.kestra.plugin.core.flow.LoopTest,class,9,10,1,9,13,1,0,47,0,0.16666667,0.0,0.0,12,0,0,2,0,10,10,0,0,0,1,0,0,1,0,0,0,0,25,103,2,1,0,1,0,72,32,36,0,37,2,0,0,0,71,0,0
/Users/kaiohs/Downloads/codes/lab02-experimentacao-software/data/repos/kestra-io__kestra/core/src/main/java/io/kestra/core/models/flows/input/FileInput.java,io.kestra.core.models.flows.input.FileInput,class,7,11,4,7,7,2,0,9,1,0.75,NaN,NaN,2,0,1,1,0,0,1,0,0,0,2,1,1,1,0,0,1,0,2,18,2,0,2,0,0,5,1,4,1,5,1,0,0,0,47,1,0
/Users/kaiohs/Downloads/codes/lab02-experimentacao-software/data/repos/kestra-io__kestra/core/src/main/java/io/kestra/core/http/client/configurations/BearerAuthConfiguration.java,io.kestra.core.http.client.configurations.BearerAuthConfiguration,class,13,14,1,13,2,2,0,5,1,0.5,0.0,0.0,2,0,2,0,0,0,2,0,0,0,2,0,0,1,1,0,0,0,0,11,1,0,0,0,0,2,0,2,1,6,0,0,0,1,29,1,0
/Users/kaiohs/Downloads/codes/lab02-experimentacao-software/data/repos/kestra-io__kestra/core/src/test/java/io/kestra/core/tasks/test/Read.java,io.kestra.core.tasks.test.Read$Output,innerclass,4,4,0,4,0,1,0,0,0,NaN,-1.0,-1.0,0,0,0,0,0,0,0,0,0,0,1,0,0,1,0,0,0,0,0,3,0,0,0,0,0,1,0,0,0,1,0,0,0,0,4,9,0
/Users/kaiohs/Downloads/codes/lab02-experimentacao-software/data/repos/kestra-io__kestra/executor/src/main/java/io/kestra/executor/ExecutorMessageHandler.java,io.kestra.executor.ExecutorMessageHandler,interface,2,9,7,2,1,1,0,0,0,0.0,NaN,NaN,1,0,0,0,0,1,1,0,0,0,0,0,0,0,0,0,0,0,0,3,0,0,0,0,0,0,0,0,0,0,0,0,0,0,33,1,0
/Users/kaiohs/Downloads/codes/lab02-experimentacao-software/data/repos/kestra-io__kestra/core/src/test/java/io/kestra/core/docs/JsonSchemaGeneratorTest.java,io.kestra.core.docs.JsonSchemaGeneratorTest$ParentClass,innerclass,8,8,0,8,0,2,0,1,0,NaN,-1.0,-1.0,0,0,0,0,0,0,0,0,0,0,1,0,0,1,0,0,0,0,0,3,0,0,0,0,0,1,0,1,0,1,0,0,0,0,6,1034,0
/Users/kaiohs/Downloads/codes/lab02-experimentacao-software/data/repos/kestra-io__kestra/core/src/main/java/io/kestra/core/http/client/apache/AbstractLoggingInterceptor.java,io.kestra.core.http.client.apache.AbstractLoggingInterceptor,class,5,7,2,5,5,1,2,10,1,0.0,0.0,0.0,2,2,0,0,2,0,2,0,0,0,0,0,0,0,0,0,0,0,3,15,3,0,3,0,1,8,1,1,5,2,1,0,0,1,18,1025,0
/Users/kaiohs/Downloads/codes/lab02-experimentacao-software/data/repos/kestra-io__kestra/core/src/main/java/io/kestra/plugin/core/execution/PurgeExecutions.java,io.kestra.plugin.core.execution.PurgeExecutions,class,25,25,0,25,4,2,0,31,0,0.0,NaN,NaN,1,0,1,0,0,0,1,0,0,0,10,0,0,10,0,0,0,0,1,32,1,0,2,0,1,18,1,9,0,14,1,0,1,0,82,1,0
/Users/kaiohs/Downloads/codes/lab02-experimentacao-software/data/repos/kestra-io__kestra/core/src/main/java/io/kestra/plugin/core/kv/Put.java,io.kestra.plugin.core.kv.Put,class,16,18,2,16,30,2,0,30,13,0.75,NaN,NaN,6,0,1,5,0,0,1,0,0,0,4,0,0,4,0,0,0,0,0,92,10,2,2,0,2,36,1,19,3,20,3,0,0,2,114,1,0
/Users/kaiohs/Downloads/codes/lab02-experimentacao-software/data/repos/kestra-io__kestra/jdbc-postgres/src/test/java/io/kestra/queue/postgres/PostgresDispatchQueueTest.java,io.kestra.queue.postgres.PostgresDispatchQueueTest,class,6,6,0,6,1,3,0,2,0,0.0,NaN,NaN,1,0,0,0,1,0,1,0,0,0,1,0,0,0,0,1,0,0,0,7,0,0,0,0,0,2,0,0,0,1,0,0,0,0,10,0,0
/Users/kaiohs/Downloads/codes/lab02-experimentacao-software/data/repos/kestra-io__kestra/core/src/main/java/io/kestra/core/exceptions/ConflictException.java,io.kestra.core.exceptions.ConflictException,class,1,1,0,1,2,5,0,0,1,0.0,0.0,0.0,2,0,2,0,0,0,2,0,0,0,0,0,0,0,0,0,0,0,0,8,0,0,0,0,0,0,0,0,0,0,0,0,0,0,51,1,0
/Users/kaiohs/Downloads/codes/lab02-experimentacao-software/data/repos/kestra-io__kestra/core/src/test/java/io/kestra/core/runners/CustomVariableRendererTest.java,io.kestra.core.runners.CustomVariableRendererTest$Anonymous1,anonymous,0,0,0,0,1,1,0,0,0,0.0,NaN,NaN,1,0,0,0,1,0,1,0,0,0,0,0,0,0,0,0,0,0,0,5,1,0,0,0,0,1,0,0,0,0,0,0,0,0,4,-1,0
/Users/kaiohs/Downloads/codes/lab02-experimentacao-software/data/repos/kestra-io__kestra/core/src/main/java/io/kestra/core/reporter/Schedules.java,io.kestra.core.reporter.Schedules,class,3,9,6,3,5,1,0,5,3,0.0,0.0,0.0,3,3,3,0,0,0,3,0,0,0,0,0,0,0,0,0,0,0,4,24,3,0,0,0,0,1,2,0,0,0,1,1,0,0,47,1,0
/Users/kaiohs/Downloads/codes/lab02-experimentacao-software/data/repos/kestra-io__kestra/webserver/src/test/java/io/kestra/webserver/controllers/api/NamespaceFileControllerTest.java,io.kestra.webserver.controllers.api.NamespaceFileControllerTest,class,21,22,1,21,20,1,0,56,0,0.45999998,0.0,0.0,20,0,0,3,0,17,17,0,0,0,5,1,1,3,0,1,1,0,46,211,1,0,0,0,1,176,9,65,36,62,0,0,1,9,109,0,0
/Users/kaiohs/Downloads/codes/lab02-experimentacao-software/data/repos/kestra-io__kestra/core/src/main/java/io/kestra/core/models/tasks/retrys/Constant.java,io.kestra.core.models.tasks.retrys.Constant,class,10,11,1,10,2,2,0,3,0,0.5,0.0,0.0,2,0,2,0,0,0,2,0,0,0,2,0,0,1,1,0,0,0,0,11,2,0,0,0,0,1,0,2,0,3,0,0,0,0,15,1,0
/Users/kaiohs/Downloads/codes/lab02-experimentacao-software/data/repos/kestra-io__kestra/core/src/main/java/io/kestra/core/validations/AppConfigValidator.java,io.kestra.core.validations.AppConfigValidator$AppConfigException,innerclass,0,0,0,0,1,4,0,0,0,1.0,NaN,NaN,1,0,1,0,0,0,1,0,0,0,1,1,0,1,0,0,1,0,0,6,0,0,0,0,0,0,1,1,0,1,0,0,0,0,13,9,0
/Users/kaiohs/Downloads/codes/lab02-experimentacao-software/data/repos/kestra-io__kestra/tests/src/main/java/io/kestra/core/junit/extensions/WithFlowExtension.java,io.kestra.core.junit.extensions.WithFlowExtension,class,11,13,2,11,7,2,0,20,4,0.5,0.0,0.0,4,1,3,1,0,0,3,0,0,0,2,2,0,2,0,0,2,0,4,26,3,0,1,0,0,1,0,8,0,8,1,0,0,0,42,1,0
/Users/kaiohs/Downloads/codes/lab02-experimentacao-software/data/repos/kestra-io__kestra/core/src/main/java/io/kestra/core/models/tasks/logs/LogRecord.java,io.kestra.core.models.tasks.logs.LogRecord,class,4,5,1,4,0,1,0,0,0,NaN,-1.0,-1.0,0,0,0,0,0,0,0,0,0,0,5,0,0,0,0,5,0,0,0,7,0,0,0,0,0,0,0,0,0,5,0,0,0,0,10,1,0
/Users/kaiohs/Downloads/codes/lab02-experimentacao-software/data/repos/kestra-io__kestra/core/src/main/java/io/kestra/core/runners/pebble/functions/NanoIDFunction.java,io.kestra.core.runners.pebble.functions.NanoIDFunction,class,7,9,2,7,11,1,0,11,0,0.6857143,0.0,0.0,5,1,3,1,0,1,4,0,0,0,7,7,1,6,0,0,7,0,4,46,5,1,0,0,3,5,4,18,2,15,1,0,0,0,53,1,0
/Users/kaiohs/Downloads/codes/lab02-experimentacao-software/data/repos/kestra-io__kestra/core/src/main/java/io/kestra/core/runners/WorkerTaskResult.java,io.kestra.core.runners.WorkerTaskResult,class,11,19,8,11,4,1,0,2,0,0.6666667,0.0,0.0,4,0,4,0,0,0,4,0,0,0,3,0,0,0,0,3,0,0,0,17,2,0,0,0,0,0,2,0,0,3,0,0,0,0,14,1,0
/Users/kaiohs/Downloads/codes/lab02-experimentacao-software/data/repos/kestra-io__kestra/tests/src/main/java/io/kestra/core/utils/TestsUtils.java,io.kestra.core.utils.TestsUtils,class,25,40,15,25,45,1,0,113,402,0.9425287,0.0,0.0,29,29,26,3,0,0,26,0,0,0,3,3,0,3,0,0,3,0,34,194,29,0,10,2,0,10,12,33,2,42,3,0,0,11,139,1025,3
/Users/kaiohs/Downloads/codes/lab02-experimentacao-software/data/repos/kestra-io__kestra/queue/src/main/java/io/kestra/queue/AbstractVNodeDispatchQueue.java,io.kestra.queue.AbstractVNodeDispatchQueue,class,10,12,2,10,12,2,0,21,36,0.0,0.0,0.0,9,0,6,0,3,0,9,2,3,0,0,0,0,0,0,0,0,0,2,47,3,1,0,2,0,0,0,0,0,3,2,0,0,5,33,1025,0
/Users/kaiohs/Downloads/codes/lab02-experimentacao-software/data/repos/kestra-io__kestra/jdbc/src/main/java/io/kestra/jdbc/repository/AbstractJdbcNamespaceFileMetadataRepository.java,io.kestra.jdbc.repository.AbstractJdbcNamespaceFileMetadataRepository,class,21,24,3,21,18,2,2,61,25,0.45454547,0.0,0.0,11,3,5,4,2,0,7,1,0,0,1,0,0,0,1,0,1,0,2,93,16,0,1,0,0,8,4,19,2,28,3,0,0,10,66,1025,0
/Users/kaiohs/Downloads/codes/lab02-experimentacao-software/data/repos/kestra-io__kestra/core/src/test/java/io/kestra/core/runners/RunContextTest.java,io.kestra.core.runners.RunContextTest,class,40,40,0,40,17,2,0,102,21,0.84000003,0.0,0.0,15,0,0,0,0,15,15,0,0,0,10,0,0,4,1,5,0,0,20,166,0,0,1,0,0,104,49,46,3,63,0,0,1,12,126,0,0
/Users/kaiohs/Downloads/codes/lab02-experimentacao-software/data/repos/kestra-io__kestra/core/src/test/java/io/kestra/core/utils/UnixModeToPosixFilePermissionsTest.java,io.kestra.core.utils.UnixModeToPosixFilePermissionsTest,class,1,1,0,1,2,1,0,8,1,0.0,0.0,0.0,2,0,0,0,0,2,2,0,0,0,0,0,0,0,0,0,0,0,11,12,0,0,0,0,0,9,3,0,0,0,0,0,0,0,15,0,0
/Users/kaiohs/Downloads/codes/lab02-experimentacao-software/data/repos/kestra-io__kestra/core/src/main/java/io/kestra/core/scheduler/service/TriggerExecutionPublisher.java,io.kestra.core.scheduler.service.TriggerExecutionPublisher,interface,1,2,1,1,1,1,0,0,0,0.0,NaN,NaN,1,0,0,0,0,1,1,0,0,0,0,0,0,0,0,0,0,0,0,3,0,0,0,0,0,0,0,0,0,0,0,0,0,0,12,1,0
/Users/kaiohs/Downloads/codes/lab02-experimentacao-software/data/repos/kestra-io__kestra/core/src/main/java/io/kestra/core/serializers/ion/IonGenerator.java,io.kestra.core.serializers.ion.IonGenerator,class,4,8,4,4,4,2,0,14,6,0.0,0.0,0.0,4,0,4,0,0,0,4,0,0,0,0,0,0,0,0,0,0,0,1,18,0,0,0,0,0,4,0,0,1,0,0,0,0,0,22,1,0
/Users/kaiohs/Downloads/codes/lab02-experimentacao-software/data/repos/kestra-io__kestra/core/src/main/java/io/kestra/core/http/HttpRequest.java,io.kestra.core.http.HttpRequest$ByteArrayRequestBody,innerclass,9,9,0,9,2,2,0,6,0,0.5,0.0,0.0,2,1,2,0,0,0,2,0,0,0,3,0,0,3,0,0,0,0,0,11,2,0,0,0,0,0,0,1,0,3,0,0,0,0,16,9,0
/Users/kaiohs/Downloads/codes/lab02-experimentacao-software/data/repos/kestra-io__kestra/core/src/main/java/io/kestra/core/storages/InternalStorage.java,io.kestra.core.storages.InternalStorage,class,12,14,2,12,40,1,0,44,0,0.6388889,0.0,0.0,24,1,19,5,0,0,19,0,0,0,6,1,0,6,0,0,6,0,17,142,22,0,6,4,3,10,0,23,6,23,3,0,0,0,89,1,3
/Users/kaiohs/Downloads/codes/lab02-experimentacao-software/data/repos/kestra-io__kestra/core/src/main/java/io/kestra/core/reporter/reports/ServiceUsageReport.java,io.kestra.core.reporter.reports.ServiceUsageReport,class,11,12,1,11,3,1,0,9,1,0.33333334,0.0,0.0,3,0,3,0,0,0,3,0,0,0,1,0,0,1,0,0,1,0,2,12,1,0,0,0,0,2,1,1,0,1,0,0,0,0,23,1,0
/Users/kaiohs/Downloads/codes/lab02-experimentacao-software/data/repos/kestra-io__kestra/jdbc-postgres/src/test/java/io/kestra/queue/postgres/PostgresBroadcastQueueTest.java,io.kestra.queue.postgres.PostgresBroadcastQueueTest,class,6,6,0,6,1,3,0,2,0,0.0,NaN,NaN,1,0,0,0,1,0,1,0,0,0,1,0,0,0,0,1,0,0,0,7,0,0,0,0,0,2,0,0,0,1,0,0,0,0,10,0,0
/Users/kaiohs/Downloads/codes/lab02-experimentacao-software/data/repos/kestra-io__kestra/core/src/main/java/io/kestra/core/utils/FileUtils.java,io.kestra.core.utils.FileUtils,class,1,2,1,1,9,1,0,10,6,0.0,0.0,0.0,4,4,4,0,0,0,4,0,0,0,0,0,0,0,0,0,0,0,5,23,7,0,3,1,0,1,1,2,2,2,1,0,0,0,39,17,0
/Users/kaiohs/Downloads/codes/lab02-experimentacao-software/data/repos/kestra-io__kestra/core/src/main/java/io/kestra/plugin/core/flow/Parallel.java,io.kestra.plugin.core.flow.Parallel,class,25,26,1,25,9,2,0,17,0,0.5416666,0.0,0.0,6,0,6,0,0,0,6,0,0,0,4,0,0,2,2,0,1,0,5,27,6,0,3,0,0,4,1,3,0,6,0,0,0,0,52,1,0
/Users/kaiohs/Downloads/codes/lab02-experimentacao-software/data/repos/kestra-io__kestra/webserver/src/main/java/io/kestra/webserver/services/ai/api/ApiAiService.java,io.kestra.webserver.services.ai.api.ApiAiService,class,13,16,3,13,6,1,0,14,7,0.6666667,0.0,0.0,6,0,4,2,0,0,4,0,0,0,3,1,0,3,0,0,3,0,1,29,5,0,0,0,0,8,0,7,0,7,0,0,0,0,47,1,0
/Users/kaiohs/Downloads/codes/lab02-experimentacao-software/data/repos/kestra-io__kestra/core/src/test/java/io/kestra/core/runners/pebble/functions/FromJsonFunctionTest.java,io.kestra.core.runners.pebble.functions.FromJsonFunctionTest,class,5,5,0,5,2,1,0,7,0,0.0,0.0,0.0,2,0,0,0,0,2,2,0,0,0,1,0,0,0,0,1,0,0,5,19,0,0,0,0,0,11,0,5,0,2,0,0,0,2,19,0,0
/Users/kaiohs/Downloads/codes/lab02-experimentacao-software/data/repos/kestra-io__kestra/core/src/test/java/io/kestra/plugin/core/condition/OrTest.java,io.kestra.plugin.core.condition.OrTest,class,10,10,0,10,2,1,0,15,1,0.5,0.0,0.0,2,1,0,0,0,2,2,0,0,0,1,0,0,0,0,1,0,0,4,13,1,0,0,0,0,6,0,4,0,5,0,0,0,0,17,0,0
/Users/kaiohs/Downloads/codes/lab02-experimentacao-software/data/repos/kestra-io__kestra/core/src/test/java/io/kestra/core/tasks/test/BadSequential.java,io.kestra.core.tasks.test.BadSequential,class,13,13,0,13,1,2,0,0,0,0.0,NaN,NaN,1,0,1,0,0,0,1,0,0,0,0,0,0,0,0,0,0,0,0,5,0,0,0,0,0,18,0,0,0,0,0,0,0,0,26,1,0
/Users/kaiohs/Downloads/codes/lab02-experimentacao-software/data/repos/kestra-io__kestra/core/src/main/java/io/kestra/core/scheduler/events/TriggerEventType.java,io.kestra.core.scheduler.events.TriggerEventType,enum,3,6,3,3,1,1,0,1,0,0.0,NaN,NaN,1,1,0,0,0,1,1,0,0,0,0,0,0,0,0,0,0,0,1,4,1,0,0,0,0,0,0,0,0,0,0,0,0,0,17,1,0
/Users/kaiohs/Downloads/codes/lab02-experimentacao-software/data/repos/kestra-io__kestra/core/src/test/java/io/kestra/core/models/tasks/runners/TaskRunnerTest.java,io.kestra.core.models.tasks.runners.TaskRunnerTest$TaskRunnerAdditional,innerclass,5,5,0,5,5,2,0,3,4,0.7307692,0.0,0.0,4,0,2,0,2,0,4,0,0,0,13,12,9,4,0,0,13,0,2,33,3,0,0,0,0,12,0,14,0,14,1,0,0,0,43,10,0
/Users/kaiohs/Downloads/codes/lab02-experimentacao-software/data/repos/kestra-io__kestra/core/src/main/java/io/kestra/core/utils/Await.java,io.kestra.core.utils.Await,class,2,5,3,2,16,1,0,15,19,0.71428573,0.0,0.0,7,7,6,1,0,0,6,0,0,0,1,1,0,1,0,0,1,0,12,64,5,2,4,2,0,5,1,7,4,5,3,0,0,1,28,1,0
/Users/kaiohs/Downloads/codes/lab02-experimentacao-software/data/repos/kestra-io__kestra/worker/src/main/java/io/kestra/worker/processors/internals/WorkerTriggerCallable.java,io.kestra.worker.processors.internals.WorkerTriggerCallable,class,9,9,0,9,2,3,0,4,0,0.125,0.0,0.0,2,0,2,0,0,0,2,0,0,0,4,0,0,0,0,4,0,0,0,16,1,0,0,0,0,0,0,4,0,4,0,0,0,0,21,1,0
/Users/kaiohs/Downloads/codes/lab02-experimentacao-software/data/repos/kestra-io__kestra/worker/src/main/java/io/kestra/worker/liveness/GrpcServiceLivenessUpdater.java,io.kestra.worker.liveness.GrpcServiceLivenessUpdater,class,14,15,1,14,4,1,0,26,4,0.5,0.0,0.0,4,0,3,0,1,0,4,0,0,0,1,0,0,1,0,0,1,0,2,17,2,0,0,0,0,3,0,3,0,3,0,0,0,0,55,1,0
/Users/kaiohs/Downloads/codes/lab02-experimentacao-software/data/repos/kestra-io__kestra/jdbc-postgres/src/test/java/io/kestra/queue/postgres/PostgresKeyedDispatchQueueTest.java,io.kestra.queue.postgres.PostgresKeyedDispatchQueueTest,class,6,6,0,6,1,3,0,2,0,0.0,NaN,NaN,1,0,0,0,1,0,1,0,0,0,1,0,0,0,0,1,0,0,0,7,0,0,0,0,0,2,0,0,0,1,0,0,0,0,11,0,0
/Users/kaiohs/Downloads/codes/lab02-experimentacao-software/data/repos/kestra-io__kestra/core/src/main/java/io/kestra/core/models/tasks/common/EncryptedString.java,io.kestra.core.models.tasks.common.EncryptedString,class,4,5,1,4,3,1,0,1,3,0.8888889,0.0,0.0,3,2,2,1,0,0,2,0,0,0,3,1,1,2,0,0,3,0,0,15,2,0,0,0,0,1,0,4,0,4,0,0,0,0,20,1,0
/Users/kaiohs/Downloads/codes/lab02-experimentacao-software/data/repos/kestra-io__kestra/core/src/test/java/io/kestra/plugin/core/flow/LoopCaseTest.java,io.kestra.plugin.core.flow.LoopCaseTest,class,11,12,1,11,33,1,0,37,0,0.53571427,0.0,0.0,14,0,13,1,0,0,13,0,0,0,2,0,0,2,0,0,0,0,11,214,11,4,18,0,0,27,57,45,11,78,3,0,0,31,61,1,0
/Users/kaiohs/Downloads/codes/lab02-experimentacao-software/data/repos/kestra-io__kestra/cli/src/test/java/io/kestra/cli/commands/namespaces/kv/KvCommandTest.java,io.kestra.cli.commands.namespaces.kv.KvCommandTest,class,2,2,0,2,1,1,0,9,0,0.0,NaN,NaN,1,0,0,0,0,1,1,0,0,0,0,0,0,0,0,0,0,0,1,12,0,0,0,1,0,1,0,4,0,4,1,0,0,0,24,0,0
/Users/kaiohs/Downloads/codes/lab02-experimentacao-software/data/repos/kestra-io__kestra/core/src/test/java/io/kestra/core/models/triggers/multipleflows/AbstractMultipleConditionStateStoreTest.java,io.kestra.core.models.triggers.multipleflows.AbstractMultipleConditionStateStoreTest,class,10,12,2,10,12,1,1,72,0,0.5,0.0,0.0,12,1,0,1,0,11,11,0,0,0,2,1,0,2,0,0,1,0,74,133,1,0,0,0,0,24,37,51,0,44,0,0,0,0,46,1025,0
/Users/kaiohs/Downloads/codes/lab02-experimentacao-software/data/repos/kestra-io__kestra/core/src/main/java/io/kestra/core/serializers/ion/IonModule.java,io.kestra.core.serializers.ion.IonModule$StringTypedSerializer,innerclass,5,5,0,5,2,2,0,2,0,0.5,0.0,0.0,2,0,1,0,1,0,2,0,0,0,2,1,0,2,0,0,2,0,0,11,0,0,0,0,1,0,1,2,0,2,0,0,0,0,23,9,0
/Users/kaiohs/Downloads/codes/lab02-experimentacao-software/data/repos/kestra-io__kestra/core/src/test/java/io/kestra/core/runners/DeserializationIssuesCaseTest.java,io.kestra.core.runners.DeserializationIssuesCaseTest,class,11,11,0,11,8,1,0,15,6,0.75,0.0,0.0,4,0,4,0,0,0,4,0,0,0,9,6,0,7,2,0,6,0,0,54,0,0,0,1,0,4,6,11,0,17,3,0,0,3,49,1,0
/Users/kaiohs/Downloads/codes/lab02-experimentacao-software/data/repos/kestra-io__kestra/core/src/main/java/io/kestra/core/models/triggers/AbstractTrigger.java,io.kestra.core.models.triggers.AbstractTrigger,class,22,33,11,22,0,1,0,0,0,NaN,-1.0,-1.0,0,0,0,0,0,0,0,0,0,0,15,0,0,11,4,0,0,0,0,17,0,0,0,0,0,23,0,5,0,15,0,0,0,0,99,1025,0
/Users/kaiohs/Downloads/codes/lab02-experimentacao-software/data/repos/kestra-io__kestra/core/src/main/java/io/kestra/core/services/WebhookService.java,io.kestra.core.services.WebhookService,class,28,29,1,28,13,1,0,62,32,0.8611111,0.0,0.0,9,0,9,0,0,0,9,0,0,0,8,0,0,8,0,0,0,0,9,69,10,0,1,1,0,2,0,11,0,20,2,0,0,4,131,1,1
/Users/kaiohs/Downloads/codes/lab02-experimentacao-software/data/repos/kestra-io__kestra/cli/src/main/java/io/kestra/cli/commands/namespaces/kv/KvUpdateCommand.java,io.kestra.cli.commands.namespaces.kv.KvUpdateCommand,class,11,14,3,11,9,4,0,21,3,0.6666666,0.0,0.0,3,2,2,1,0,0,2,0,0,0,7,0,6,1,0,0,0,0,5,41,4,0,4,2,0,24,1,6,2,11,1,0,1,0,103,1,0
/Users/kaiohs/Downloads/codes/lab02-experimentacao-software/data/repos/kestra-io__kestra/model/src/main/java/io/kestra/core/models/Plugin.java,io.kestra.core.models.Plugin,interface,3,16,13,3,8,1,0,18,15,0.0,0.0,0.0,6,5,0,0,0,6,6,0,0,0,0,0,0,0,0,0,0,0,9,29,6,0,2,0,0,4,0,5,0,6,0,0,0,1,51,1,0
/Users/kaiohs/Downloads/codes/lab02-experimentacao-software/data/repos/kestra-io__kestra/core/src/main/java/io/kestra/core/exceptions/IllegalVariableEvaluationException.java,io.kestra.core.exceptions.IllegalVariableEvaluationException,class,1,2,1,1,3,4,0,0,3,1.0,0.0,0.0,3,0,3,0,0,0,3,0,0,0,1,1,0,1,0,0,1,0,0,12,0,0,0,0,0,0,1,1,0,1,0,0,0,0,15,1,0
/Users/kaiohs/Downloads/codes/lab02-experimentacao-software/data/repos/kestra-io__kestra/core/src/main/java/io/kestra/core/models/triggers/Backfill.java,io.kestra.core.models.triggers.Backfill,class,14,16,2,14,0,1,0,0,0,NaN,-1.0,-1.0,0,0,0,0,0,0,0,0,0,0,7,0,0,1,0,6,0,0,0,9,0,0,0,0,0,8,0,1,0,7,0,0,0,0,33,1,0
/Users/kaiohs/Downloads/codes/lab02-experimentacao-software/data/repos/kestra-io__kestra/core/src/test/java/io/kestra/core/runners/pebble/functions/DayOfMonthFunctionTest.java,io.kestra.core.runners.pebble.functions.DayOfMonthFunctionTest,class,5,5,0,5,8,1,0,8,0,0.0,0.0,0.0,8,0,0,0,0,8,8,0,0,0,1,0,0,0,0,1,0,0,5,32,0,0,0,0,0,15,0,5,0,6,0,0,0,3,35,0,0
/Users/kaiohs/Downloads/codes/lab02-experimentacao-software/data/repos/kestra-io__kestra/core/src/main/java/io/kestra/core/storages/StorageSplitInterface.java,io.kestra.core.storages.StorageSplitInterface,interface,2,2,0,2,5,1,0,0,10,0.0,0.0,0.0,5,0,0,0,0,5,5,0,0,0,0,0,0,0,0,0,0,0,0,7,0,0,0,0,0,12,0,0,2,0,0,0,0,0,140,1,0
/Users/kaiohs/Downloads/codes/lab02-experimentacao-software/data/repos/kestra-io__kestra/core/src/main/java/io/kestra/core/models/triggers/multipleflows/MultipleConditionWindow.java,io.kestra.core.models.triggers.multipleflows.MultipleConditionWindow,class,7,11,4,7,5,1,0,15,0,0.59375,0.0,0.0,4,1,4,0,0,0,4,0,0,0,8,0,0,0,0,8,0,0,2,27,4,0,1,0,0,0,0,1,0,10,1,0,0,1,31,1,0
/Users/kaiohs/Downloads/codes/lab02-experimentacao-software/data/repos/kestra-io__kestra/core/src/main/java/io/kestra/core/models/executions/Variables.java,io.kestra.core.models.executions.Variables$Serializer,innerclass,4,4,0,4,2,2,0,0,1,0.0,0.0,0.0,2,0,1,0,1,0,2,0,0,0,0,0,0,0,0,0,0,0,0,7,0,0,0,0,0,0,0,0,0,0,0,0,0,0,10,0,0
/Users/kaiohs/Downloads/codes/lab02-experimentacao-software/data/repos/kestra-io__kestra/core/src/main/java/io/kestra/core/http/HttpRequest.java,io.kestra.core.http.HttpRequest$HttpRequestBuilder,innerclass,1,1,0,1,3,1,0,8,0,0.0,NaN,NaN,1,0,1,0,0,0,1,0,0,0,0,0,0,0,0,0,0,0,3,15,1,0,1,0,0,0,0,3,0,4,1,0,0,1,12,9,0
/Users/kaiohs/Downloads/codes/lab02-experimentacao-software/data/repos/kestra-io__kestra/core/src/main/java/io/kestra/plugin/core/dashboard/data/MetricsKPI.java,io.kestra.plugin.core.dashboard.data.MetricsKPI,class,14,14,0,14,1,1,0,0,0,0.0,NaN,NaN,1,0,1,0,0,0,1,0,0,0,0,0,0,0,0,0,0,0,0,5,1,0,0,0,0,3,0,0,0,0,0,0,0,0,41,1,0
/Users/kaiohs/Downloads/codes/lab02-experimentacao-software/data/repos/kestra-io__kestra/core/src/main/java/io/kestra/core/docs/JsonSchemaGenerator.java,io.kestra.core.docs.JsonSchemaGenerator,class,69,78,9,69,158,1,0,210,315,0.93076915,0.0,0.0,26,1,7,10,9,0,16,0,0,0,5,3,0,4,0,1,4,0,20,641,56,5,47,8,12,150,23,89,12,173,7,3,0,69,223,1,0
/Users/kaiohs/Downloads/codes/lab02-experimentacao-software/data/repos/kestra-io__kestra/core/src/test/java/io/kestra/core/runners/pebble/filters/ReplaceFilterTest.java,io.kestra.core.runners.pebble.filters.ReplaceFilterTest,class,4,4,0,4,2,1,0,4,0,0.0,0.0,0.0,2,0,0,0,0,2,2,0,0,0,1,0,0,0,0,1,0,0,2,11,0,0,0,0,0,4,0,2,0,3,0,0,0,0,24,0,0
/Users/kaiohs/Downloads/codes/lab02-experimentacao-software/data/repos/kestra-io__kestra/core/src/main/java/io/kestra/core/trace/propagation/RunContextTextMapSetter.java,io.kestra.core.trace.propagation.RunContextTextMapSetter,class,4,5,1,4,3,1,0,0,0,1.0,NaN,NaN,1,0,1,0,0,0,1,0,0,0,1,1,1,0,0,0,1,0,0,14,0,0,1,0,0,1,0,1,0,1,2,0,0,0,17,1,0
/Users/kaiohs/Downloads/codes/lab02-experimentacao-software/data/repos/kestra-io__kestra/jdbc-postgres/src/test/java/io/kestra/runner/postgres/PostgresJdbcDeserializationIssuesTest.java,io.kestra.runner.postgres.PostgresJdbcDeserializationIssuesTest,class,1,1,0,1,0,2,0,0,0,0.0,-1.0,-1.0,0,0,0,0,0,0,0,0,0,0,0,0,0,0,0,0,0,0,0,2,0,0,0,0,0,0,0,0,0,0,0,0,0,0,6,0,0
/Users/kaiohs/Downloads/codes/lab02-experimentacao-software/data/repos/kestra-io__kestra/core/src/main/java/io/kestra/core/http/client/configurations/HttpConfiguration.java,io.kestra.core.http.client.configurations.HttpConfiguration$LoggingType,enum,0,0,0,0,0,1,0,0,0,0.0,-1.0,-1.0,0,0,0,0,0,0,0,0,0,0,0,0,0,0,0,0,0,0,0,1,0,0,0,0,0,0,0,0,0,0,0,0,0,0,13,1,0
/Users/kaiohs/Downloads/codes/lab02-experimentacao-software/data/repos/kestra-io__kestra/core/src/main/java/io/kestra/core/models/executions/LogEntry.java,io.kestra.core.models.executions.LogEntry,class,17,23,6,17,15,1,0,46,21,0.72307694,0.0,0.0,10,7,10,0,0,0,10,0,0,0,13,0,0,0,0,13,0,0,5,59,11,0,3,0,0,16,1,3,2,18,1,0,0,3,52,1,0
/Users/kaiohs/Downloads/codes/lab02-experimentacao-software/data/repos/kestra-io__kestra/core/src/main/java/io/kestra/core/utils/Disposable.java,io.kestra.core.utils.Disposable,interface,2,16,14,2,4,1,0,2,6,0.0,0.0,0.0,4,2,0,0,0,4,4,0,0,0,0,0,0,0,0,0,0,0,1,25,2,0,0,0,0,0,0,0,0,0,0,0,1,1,85,1,0
/Users/kaiohs/Downloads/codes/lab02-experimentacao-software/data/repos/kestra-io__kestra/core/src/main/java/io/kestra/core/models/topologies/FlowTopologyGraph.java,io.kestra.core.models.topologies.FlowTopologyGraph,class,7,8,1,7,1,1,0,14,0,0.0,NaN,NaN,1,1,1,0,0,0,1,0,0,0,2,0,0,0,0,2,0,0,1,12,1,0,0,0,0,0,0,0,0,3,0,0,1,1,10,1,0
/Users/kaiohs/Downloads/codes/lab02-experimentacao-software/data/repos/kestra-io__kestra/core/src/test/java/io/kestra/plugin/core/flow/PauseTest.java,io.kestra.plugin.core.flow.PauseTest,class,9,9,0,9,16,1,0,13,0,0.0625,0.0,0.0,16,0,0,0,0,16,16,0,0,0,2,0,0,0,0,2,0,0,0,199,0,0,0,0,0,29,0,0,0,2,0,0,1,0,73,1,0
/Users/kaiohs/Downloads/codes/lab02-experimentacao-software/data/repos/kestra-io__kestra/scheduler/src/test/java/io/kestra/scheduler/DefaultSchedulerTest.java,io.kestra.scheduler.DefaultSchedulerTest$TestingMaintenanceService,innerclass,3,3,0,3,4,1,0,10,0,0.33333334,0.0,0.0,3,0,3,0,0,0,3,0,0,0,2,0,0,2,0,0,2,0,1,23,2,0,0,0,0,0,0,2,0,3,2,0,0,2,16,9,0
/Users/kaiohs/Downloads/codes/lab02-experimentacao-software/data/repos/kestra-io__kestra/core/src/main/java/io/kestra/core/validations/validator/DateFormatValidator.java,io.kestra.core.validations.validator.DateFormatValidator,class,6,6,0,6,3,1,0,5,0,0.0,NaN,NaN,1,0,1,0,0,0,1,0,0,0,0,0,0,0,0,0,0,0,0,18,3,0,1,1,0,1,0,2,1,2,1,0,0,0,20,1,0
/Users/kaiohs/Downloads/codes/lab02-experimentacao-software/data/repos/kestra-io__kestra/core/src/main/java/io/kestra/plugin/core/flow/Dag.java,io.kestra.plugin.core.flow.Dag,class,29,30,1,29,19,2,0,48,15,0.675,0.0,0.0,10,0,8,2,0,0,8,0,0,0,4,0,0,2,2,0,1,0,7,75,9,0,5,0,0,11,1,11,2,20,3,0,1,6,94,1,0
/Users/kaiohs/Downloads/codes/lab02-experimentacao-software/data/repos/kestra-io__kestra/jdbc-mysql/src/test/java/io/kestra/queue/mysql/MysqlBroadcastQueueTest.java,io.kestra.queue.mysql.MysqlBroadcastQueueTest,class,6,6,0,6,1,3,0,2,0,0.0,NaN,NaN,1,0,0,0,1,0,1,0,0,0,1,0,0,0,0,1,0,0,0,7,0,0,0,0,0,2,0,0,0,1,0,0,0,0,10,0,0
/Users/kaiohs/Downloads/codes/lab02-experimentacao-software/data/repos/kestra-io__kestra/core/src/main/java/io/kestra/core/server/ServiceLivenessUpdater.java,io.kestra.core.server.ServiceLivenessUpdater,interface,3,7,4,3,3,1,0,1,3,0.0,0.0,0.0,3,0,0,0,0,3,3,0,0,0,0,0,0,0,0,0,0,0,0,7,1,0,0,0,0,0,0,0,0,0,0,0,0,0,55,1,0
/Users/kaiohs/Downloads/codes/lab02-experimentacao-software/data/repos/kestra-io__kestra/core/src/main/java/io/kestra/core/queues/event/KeyedDispatchEvent.java,io.kestra.core.queues.event.KeyedDispatchEvent,interface,1,1,0,1,0,1,0,0,0,0.0,-1.0,-1.0,0,0,0,0,0,0,0,0,0,0,0,0,0,0,0,0,0,0,0,2,0,0,0,0,0,0,0,0,0,0,0,0,0,0,3,1,0
/Users/kaiohs/Downloads/codes/lab02-experimentacao-software/data/repos/kestra-io__kestra/script/src/main/java/io/kestra/plugin/scripts/runner/docker/Docker.java,io.kestra.plugin.scripts.runner.docker.Docker,class,60,64,4,60,102,3,0,247,35,0.8825756,0.0,0.0,11,3,4,7,0,0,4,0,0,0,24,3,0,13,11,0,3,0,26,421,14,2,37,13,3,75,15,83,8,97,7,1,2,7,378,1,13
/Users/kaiohs/Downloads/codes/lab02-experimentacao-software/data/repos/kestra-io__kestra/core/src/main/java/io/kestra/core/models/dashboards/filters/GreaterThanOrEqualTo.java,io.kestra.core.models.dashboards.filters.GreaterThanOrEqualTo,class,11,11,0,11,0,2,0,0,0,NaN,-1.0,-1.0,0,0,0,0,0,0,0,0,0,0,2,0,0,1,1,0,0,0,0,4,0,0,0,0,0,1,0,1,0,2,0,0,0,0,8,1,0
/Users/kaiohs/Downloads/codes/lab02-experimentacao-software/data/repos/kestra-io__kestra/webserver/src/main/java/io/kestra/webserver/exceptions/IllegalStateExceptionHandler.java,io.kestra.webserver.exceptions.IllegalStateExceptionHandler,class,6,6,0,6,1,1,0,3,0,0.0,NaN,NaN,1,0,1,0,0,0,1,0,0,0,0,0,0,0,0,0,0,0,0,5,1,0,0,0,0,1,0,0,0,0,0,0,0,0,11,1,0
/Users/kaiohs/Downloads/codes/lab02-experimentacao-software/data/repos/kestra-io__kestra/core/src/main/java/io/kestra/core/models/triggers/TriggerOutput.java,io.kestra.core.models.triggers.TriggerOutput,interface,0,0,0,0,0,1,0,0,0,0.0,-1.0,-1.0,0,0,0,0,0,0,0,0,0,0,0,0,0,0,0,0,0,0,0,2,0,0,0,0,0,0,0,0,0,0,0,0,0,0,1,1,0
/Users/kaiohs/Downloads/codes/lab02-experimentacao-software/data/repos/kestra-io__kestra/jdbc-postgres/src/main/java/io/kestra/repository/postgres/PostgresLogRepositoryService.java,io.kestra.repository.postgres.PostgresLogRepositoryService,class,9,11,2,9,6,1,0,20,6,0.0,0.0,0.0,4,3,2,2,0,0,2,0,0,0,0,0,0,0,0,0,0,0,2,23,4,0,0,0,1,7,0,3,2,8,2,0,0,6,24,17,0
/Users/kaiohs/Downloads/codes/lab02-experimentacao-software/data/repos/kestra-io__kestra/core/src/main/java/io/kestra/core/models/hierarchies/AbstractGraph.java,io.kestra.core.models.hierarchies.AbstractGraph$BranchType,enum,0,0,0,0,0,1,0,0,0,0.0,-1.0,-1.0,0,0,0,0,0,0,0,0,0,0,0,0,0,0,0,0,0,0,0,1,0,0,0,0,0,0,0,0,0,0,0,0,0,0,15,1,0
/Users/kaiohs/Downloads/codes/lab02-experimentacao-software/data/repos/kestra-io__kestra/cli/src/main/java/io/kestra/cli/commands/flows/FlowsSyncFromSourceCommand.java,io.kestra.cli.commands.flows.FlowsSyncFromSourceCommand,class,9,10,1,9,5,4,0,17,1,0.5,0.0,0.0,2,0,1,0,1,0,2,0,0,0,1,0,0,1,0,0,0,0,5,33,3,1,0,1,0,8,3,7,2,9,2,0,0,1,45,1,0
/Users/kaiohs/Downloads/codes/lab02-experimentacao-software/data/repos/kestra-io__kestra/cli/src/main/java/io/kestra/cli/BaseCommand.java,io.kestra.cli.BaseCommand$LogLevel,enum,0,0,0,0,0,1,0,0,0,0.0,-1.0,-1.0,0,0,0,0,0,0,0,0,0,0,0,0,0,0,0,0,0,0,0,1,0,0,0,0,0,0,0,0,0,0,0,0,0,0,6,1,0
/Users/kaiohs/Downloads/codes/lab02-experimentacao-software/data/repos/kestra-io__kestra/core/src/test/java/io/kestra/core/runners/test/TaskWithAlias.java,io.kestra.core.runners.test.TaskWithAlias,class,13,14,1,13,1,2,0,2,0,0.0,NaN,NaN,1,0,1,0,0,0,1,0,0,0,1,0,0,1,0,0,0,0,0,8,1,0,0,0,0,1,0,1,0,2,0,0,0,0,16,1,1
/Users/kaiohs/Downloads/codes/lab02-experimentacao-software/data/repos/kestra-io__kestra/core/src/main/java/io/kestra/core/models/dashboards/filters/StartsWith.java,io.kestra.core.models.dashboards.filters.StartsWith,class,11,11,0,11,0,2,0,0,0,NaN,-1.0,-1.0,0,0,0,0,0,0,0,0,0,0,2,0,0,1,1,0,0,0,0,4,0,0,0,0,0,1,0,1,0,2,0,0,0,0,5,1,0
/Users/kaiohs/Downloads/codes/lab02-experimentacao-software/data/repos/kestra-io__kestra/core/src/main/java/io/kestra/core/validations/validator/TimezoneIdValidator.java,io.kestra.core.validations.validator.TimezoneIdValidator,class,6,6,0,6,3,1,0,4,0,0.0,NaN,NaN,1,0,1,0,0,0,1,0,0,0,0,0,0,0,0,0,0,0,1,16,3,0,1,1,0,1,0,0,0,0,1,0,0,0,23,1,0
/Users/kaiohs/Downloads/codes/lab02-experimentacao-software/data/repos/kestra-io__kestra/webserver/src/main/java/io/kestra/webserver/services/ai/gemini/GeminiAiService.java,io.kestra.webserver.services.ai.gemini.GeminiAiService,class,14,15,1,14,5,2,0,23,1,0.5,0.0,0.0,2,0,2,0,0,0,2,0,0,0,1,1,1,0,0,0,1,0,1,19,1,0,2,1,1,2,0,6,0,5,2,0,0,0,50,1,0
/Users/kaiohs/Downloads/codes/lab02-experimentacao-software/data/repos/kestra-io__kestra/worker/src/main/java/io/kestra/worker/stores/GrpcWorkerNamespaceFileMetadataStateStore.java,io.kestra.worker.stores.GrpcWorkerNamespaceFileMetadataStateStore,class,20,21,1,20,11,1,0,30,0,0.1875,0.0,0.0,8,0,8,0,0,0,8,0,0,0,4,2,0,4,0,0,4,0,1,63,7,0,3,0,0,9,0,18,0,18,1,1,0,0,91,1,7
/Users/kaiohs/Downloads/codes/lab02-experimentacao-software/data/repos/kestra-io__kestra/core/src/test/java/io/kestra/core/runners/pebble/functions/FileURIFunctionTest.java,io.kestra.core.runners.pebble.functions.FileURIFunctionTest,class,9,10,1,9,6,1,0,15,0,0.6111111,0.0,0.0,6,0,0,1,0,5,5,0,0,0,3,0,0,0,0,3,0,0,8,52,0,0,0,0,0,53,0,23,9,26,0,0,0,1,59,0,0
/Users/kaiohs/Downloads/codes/lab02-experimentacao-software/data/repos/kestra-io__kestra/core/src/test/java/io/kestra/core/runners/pebble/PebbleVariableRendererTest.java,io.kestra.core.runners.pebble.PebbleVariableRendererTest,class,6,6,0,6,14,1,0,26,0,0.0,0.0,0.0,14,0,0,0,0,14,14,0,0,0,1,0,0,0,0,1,0,0,15,154,1,0,0,0,0,226,15,48,0,27,2,0,0,6,81,0,0
/Users/kaiohs/Downloads/codes/lab02-experimentacao-software/data/repos/kestra-io__kestra/webserver/src/main/java/io/kestra/webserver/utils/AutocompleteUtils.java,io.kestra.webserver.utils.AutocompleteUtils,class,3,5,2,3,3,1,0,7,1,0.0,0.0,0.0,2,2,2,0,0,0,2,0,0,0,0,0,0,0,0,0,0,0,3,12,2,1,0,0,0,2,0,2,0,2,1,0,0,1,11,1,0
/Users/kaiohs/Downloads/codes/lab02-experimentacao-software/data/repos/kestra-io__kestra/core/src/main/java/io/kestra/core/validations/validator/FileInputValidator.java,io.kestra.core.validations.validator.FileInputValidator,class,10,10,0,10,7,1,0,8,0,0.0,NaN,NaN,1,0,1,0,0,0,1,0,0,0,1,0,0,0,0,1,0,0,0,25,4,0,3,1,0,2,0,2,0,3,3,0,0,0,42,1,0
/Users/kaiohs/Downloads/codes/lab02-experimentacao-software/data/repos/kestra-io__kestra/worker-controller/src/main/java/io/kestra/controller/grpc/services/GrpcWorkerControllerService.java,io.kestra.controller.grpc.services.GrpcWorkerControllerService$Anonymous1,anonymous,5,5,0,5,10,1,0,23,3,0.6666667,0.0,0.0,3,0,3,0,0,0,3,0,0,0,1,0,0,1,0,0,0,0,0,53,2,0,3,0,0,8,1,12,0,11,2,0,0,0,36,-1,6
/Users/kaiohs/Downloads/codes/lab02-experimentacao-software/data/repos/kestra-io__kestra/core/src/main/java/io/kestra/core/models/executions/TaskRunAttempt.java,io.kestra.core.models.executions.TaskRunAttempt,class,8,11,3,8,1,1,0,1,0,0.0,NaN,NaN,1,0,1,0,0,0,1,0,0,0,3,0,0,0,0,3,0,0,0,8,1,0,0,0,0,0,0,0,0,3,0,0,0,0,13,1,0
/Users/kaiohs/Downloads/codes/lab02-experimentacao-software/data/repos/kestra-io__kestra/core/src/main/java/io/kestra/core/models/TenantInterface.java,io.kestra.core.models.TenantInterface,interface,0,13,13,0,1,1,0,0,0,0.0,NaN,NaN,1,0,0,0,0,1,1,0,0,0,0,0,0,0,0,0,0,0,0,3,0,0,0,0,0,0,0,0,0,0,0,0,0,0,4,1,0
/Users/kaiohs/Downloads/codes/lab02-experimentacao-software/data/repos/kestra-io__kestra/core/src/main/java/io/kestra/core/queues/VNodeDispatchQueueInterface.java,io.kestra.core.queues.VNodeDispatchQueueInterface,interface,3,3,0,3,5,1,0,0,10,0.0,0.0,0.0,5,0,0,0,0,5,5,0,0,0,0,0,0,0,0,0,0,0,0,7,0,0,0,0,0,0,0,0,0,0,0,0,0,0,14,1,0
/Users/kaiohs/Downloads/codes/lab02-experimentacao-software/data/repos/kestra-io__kestra/core/src/main/java/io/kestra/core/scheduler/SchedulerClock.java,io.kestra.core.scheduler.SchedulerClock,class,1,4,3,1,6,1,0,3,0,0.2,0.0,0.0,5,4,4,1,0,0,4,0,0,0,2,1,0,2,0,0,1,0,3,23,2,0,1,0,0,1,0,4,0,2,1,0,0,0,73,17,0
/Users/kaiohs/Downloads/codes/lab02-experimentacao-software/data/repos/kestra-io__kestra/core/src/test/java/io/kestra/plugin/core/storage/WriteTest.java,io.kestra.plugin.core.storage.WriteTest,class,7,7,0,7,1,1,0,12,0,0.0,NaN,NaN,1,0,0,0,0,1,1,0,0,0,2,0,0,0,0,2,0,0,0,14,0,0,0,0,0,2,0,4,0,6,0,0,0,0,18,0,0
/Users/kaiohs/Downloads/codes/lab02-experimentacao-software/data/repos/kestra-io__kestra/core/src/main/java/io/kestra/core/storages/StorageInterfaceFactory.java,io.kestra.core.storages.StorageInterfaceFactory,class,12,15,3,12,14,1,0,36,9,0.6666667,0.0,0.0,7,2,3,3,1,0,4,0,0,0,3,1,1,2,0,0,3,0,11,66,5,0,2,3,0,12,0,16,1,18,1,0,0,3,85,1,0
/Users/kaiohs/Downloads/codes/lab02-experimentacao-software/data/repos/kestra-io__kestra/core/src/main/java/io/kestra/core/exceptions/InvalidQueryFiltersException.java,io.kestra.core.exceptions.InvalidQueryFiltersException,class,1,2,1,1,2,5,0,2,0,0.5,0.0,0.0,2,0,2,0,0,0,2,0,0,0,2,2,0,2,0,0,2,0,1,10,0,0,0,0,0,2,1,2,0,2,0,0,0,0,47,1,0
/Users/kaiohs/Downloads/codes/lab02-experimentacao-software/data/repos/kestra-io__kestra/core/src/test/java/io/kestra/core/utils/SlugifyTest.java,io.kestra.core.utils.SlugifyTest,class,3,3,0,3,2,1,0,4,1,0.0,0.0,0.0,2,1,0,0,0,2,2,0,0,0,0,0,0,0,0,0,0,0,1,8,1,0,0,0,0,7,0,0,0,0,0,0,0,0,8,0,0
/Users/kaiohs/Downloads/codes/lab02-experimentacao-software/data/repos/kestra-io__kestra/core/src/test/java/io/kestra/core/runners/AbstractRunnerConcurrencyTest.java,io.kestra.core.runners.AbstractRunnerConcurrencyTest,class,7,8,1,7,14,1,1,14,0,0.0,0.0,0.0,14,0,0,0,5,9,14,0,0,0,1,0,0,0,1,0,0,0,0,45,0,0,0,0,0,49,0,0,0,1,0,0,0,0,44,1025,0
/Users/kaiohs/Downloads/codes/lab02-experimentacao-software/data/repos/kestra-io__kestra/core/src/main/java/io/kestra/plugin/core/execution/Fail.java,io.kestra.plugin.core.execution.Fail,class,14,14,0,14,3,2,0,7,0,0.0,NaN,NaN,1,0,1,0,0,0,1,0,0,0,2,0,0,2,0,0,0,0,0,15,1,0,1,0,0,9,0,2,0,3,2,0,0,0,33,1,1
/Users/kaiohs/Downloads/codes/lab02-experimentacao-software/data/repos/kestra-io__kestra/worker/src/main/java/io/kestra/worker/processors/internals/WorkerTriggerRealtimeCallable.java,io.kestra.worker.processors.internals.WorkerTriggerRealtimeCallable,class,9,9,0,9,3,3,0,10,0,0.0,0.0,0.0,2,0,2,0,0,0,2,0,0,0,5,0,0,0,0,5,0,0,0,27,2,0,0,1,0,0,0,7,0,6,1,0,0,0,33,1,0
/Users/kaiohs/Downloads/codes/lab02-experimentacao-software/data/repos/kestra-io__kestra/core/src/main/java/io/kestra/core/server/ServiceLivenessManager.java,io.kestra.core.server.ServiceLivenessManager$OnStateTransitionFailureCallback,interface,3,3,0,3,1,1,0,1,0,1.0,NaN,NaN,1,0,0,0,0,1,1,0,0,0,1,0,0,0,0,1,0,0,1,4,0,0,0,0,0,0,0,1,0,5,0,0,0,1,32,1,0
/Users/kaiohs/Downloads/codes/lab02-experimentacao-software/data/repos/kestra-io__kestra/core/src/main/java/io/kestra/core/utils/Exceptions.java,io.kestra.core.utils.Exceptions,interface,1,2,1,1,6,1,0,7,3,0.0,0.0,0.0,3,3,0,0,0,3,3,0,0,0,0,0,0,0,0,0,0,0,4,22,3,1,1,0,0,1,1,3,0,3,1,0,0,0,38,1,0
/Users/kaiohs/Downloads/codes/lab02-experimentacao-software/data/repos/kestra-io__kestra/core/src/test/java/io/kestra/core/runners/pebble/functions/EncryptDecryptFunctionTest.java,io.kestra.core.runners.pebble.functions.EncryptDecryptFunctionTest,class,6,6,0,6,2,1,0,7,0,0.25,0.0,0.0,2,0,0,0,0,2,2,0,0,0,2,0,0,2,0,0,0,0,2,14,0,0,0,0,0,9,0,2,1,4,0,0,0,2,22,0,0
/Users/kaiohs/Downloads/codes/lab02-experimentacao-software/data/repos/kestra-io__kestra/executor/src/main/java/io/kestra/executor/handler/ExecutionEventMessageHandler.java,io.kestra.executor.handler.ExecutionEventMessageHandler,class,40,42,2,40,35,1,0,111,0,0.64285713,0.0,0.0,3,0,2,1,0,0,2,0,0,0,14,0,0,14,0,0,1,0,0,147,10,0,9,3,3,9,1,24,1,46,8,0,0,12,84,1,3
/Users/kaiohs/Downloads/codes/lab02-experimentacao-software/data/repos/kestra-io__kestra/core/src/test/java/io/kestra/core/storages/StorageContextTest.java,io.kestra.core.storages.StorageContextTest,class,2,2,0,2,7,1,0,18,21,0.0,0.0,0.0,7,0,0,0,0,7,7,0,0,0,0,0,0,0,0,0,0,0,12,34,0,0,0,0,0,46,0,5,0,5,0,0,0,0,35,0,0
/Users/kaiohs/Downloads/codes/lab02-experimentacao-software/data/repos/kestra-io__kestra/core/src/main/java/io/kestra/plugin/core/flow/WorkingDirectory.java,io.kestra.plugin.core.flow.WorkingDirectory$Cache,innerclass,8,8,0,8,0,1,0,0,0,NaN,-1.0,-1.0,0,0,0,0,0,0,0,0,0,0,2,0,0,2,0,0,0,0,0,4,0,0,0,0,0,3,0,0,0,2,0,0,0,0,31,9,0
/Users/kaiohs/Downloads/codes/lab02-experimentacao-software/data/repos/kestra-io__kestra/core/src/test/java/io/kestra/core/utils/SecretUtilsTest.java,io.kestra.core.utils.SecretUtilsTest$TaskWithNullSecret,innerclass,1,1,0,1,0,1,0,0,0,NaN,-1.0,-1.0,0,0,0,0,0,0,0,0,0,0,1,0,0,0,0,1,0,0,0,3,0,0,0,0,0,0,0,0,0,1,0,0,0,0,7,8,0
/Users/kaiohs/Downloads/codes/lab02-experimentacao-software/data/repos/kestra-io__kestra/core/src/test/java/io/kestra/core/runners/RunVariablesTest.java,io.kestra.core.runners.RunVariablesTest$Anonymous1$Anonymous2,anonymous,1,1,0,1,1,1,0,1,0,0.0,NaN,NaN,1,0,1,0,0,0,1,0,0,0,0,0,0,0,0,0,0,0,1,5,1,0,0,0,0,1,0,0,0,0,0,0,0,0,5,-1,0
/Users/kaiohs/Downloads/codes/lab02-experimentacao-software/data/repos/kestra-io__kestra/core/src/main/java/io/kestra/plugin/core/flow/ForEachItem.java,io.kestra.plugin.core.flow.ForEachItem$ForEachItemSplit$Output,innerclass,3,3,0,3,0,1,0,0,0,NaN,-1.0,-1.0,0,0,0,0,0,0,0,0,0,0,1,0,0,1,0,0,0,0,0,3,0,0,0,0,0,0,0,0,0,1,0,0,0,0,5,9,0
/Users/kaiohs/Downloads/codes/lab02-experimentacao-software/data/repos/kestra-io__kestra/core/src/test/java/io/kestra/core/runners/pebble/functions/RenderFunctionTest.java,io.kestra.core.runners.pebble.functions.RenderFunctionTest$Anonymous1,anonymous,0,0,0,0,1,1,0,1,0,0.0,NaN,NaN,0,0,0,0,0,0,1,0,0,0,0,0,0,0,0,0,0,0,0,5,0,0,0,0,0,1,0,0,0,0,0,0,0,0,1,-1,0
/Users/kaiohs/Downloads/codes/lab02-experimentacao-software/data/repos/kestra-io__kestra/core/src/main/java/io/kestra/core/models/executions/ExecutionMetadata.java,io.kestra.core.models.executions.ExecutionMetadata,class,6,8,2,6,1,1,0,3,0,0.5,NaN,NaN,1,0,1,0,0,0,1,0,0,0,2,0,0,0,0,2,0,0,0,7,1,0,0,0,0,0,2,1,1,2,0,0,0,0,14,1,0
/Users/kaiohs/Downloads/codes/lab02-experimentacao-software/data/repos/kestra-io__kestra/cli/src/main/java/io/kestra/cli/commands/namespaces/kv/KvUpdateCommand.java,io.kestra.cli.commands.namespaces.kv.KvUpdateCommand$Type,enum,0,0,0,0,0,1,0,0,0,0.0,-1.0,-1.0,0,0,0,0,0,0,0,0,0,0,0,0,0,0,0,0,0,0,0,1,0,0,0,0,0,0,0,0,0,0,0,0,0,0,6,0,0
/Users/kaiohs/Downloads/codes/lab02-experimentacao-software/data/repos/kestra-io__kestra/jdbc/src/main/java/io/kestra/jdbc/repository/AbstractJdbcMetricRepository.java,io.kestra.jdbc.repository.AbstractJdbcMetricRepository,class,34,35,1,34,38,2,0,85,219,0.84057975,0.0,0.0,23,0,15,5,3,0,18,1,0,0,3,1,0,3,0,0,3,0,8,167,32,1,8,0,0,57,2,44,0,47,2,0,0,11,120,1025,0
/Users/kaiohs/Downloads/codes/lab02-experimentacao-software/data/repos/kestra-io__kestra/core/src/main/java/io/kestra/core/models/dashboards/charts/Chart.java,io.kestra.core.models.dashboards.charts.Chart,class,12,16,4,12,0,1,0,0,0,NaN,-1.0,-1.0,0,0,0,0,0,0,0,0,0,0,3,0,0,2,1,0,0,0,0,5,0,0,0,0,0,1,0,0,0,3,0,0,0,0,27,1025,0
/Users/kaiohs/Downloads/codes/lab02-experimentacao-software/data/repos/kestra-io__kestra/core/src/main/java/io/kestra/core/models/property/PropertyContext.java,io.kestra.core.models.property.PropertyContext$Anonymous1,anonymous,0,0,0,0,2,1,0,1,1,0.0,0.0,0.0,2,0,2,0,0,0,2,0,0,0,0,0,0,0,0,0,0,0,0,8,2,0,0,0,0,0,0,0,0,0,0,0,0,0,6,-1,0
/Users/kaiohs/Downloads/codes/lab02-experimentacao-software/data/repos/kestra-io__kestra/worker/src/main/java/io/kestra/worker/services/ExecutionKilledManager.java,io.kestra.worker.services.ExecutionKilledManager,class,13,18,5,13,13,1,0,24,3,0.625,0.0,0.0,6,0,5,0,0,1,6,0,0,0,4,1,0,4,0,0,4,0,1,45,1,0,1,0,0,4,1,4,0,8,3,0,0,2,92,1,2
/Users/kaiohs/Downloads/codes/lab02-experimentacao-software/data/repos/kestra-io__kestra/core/src/test/java/io/kestra/plugin/core/kv/SetTest.java,io.kestra.plugin.core.kv.SetTest,class,15,16,1,15,9,1,0,59,0,0.125,0.0,0.0,8,0,0,1,0,7,7,0,0,0,1,0,0,0,0,1,0,0,29,81,1,0,0,0,0,86,9,36,0,31,0,0,0,2,57,0,0
/Users/kaiohs/Downloads/codes/lab02-experimentacao-software/data/repos/kestra-io__kestra/core/src/main/java/io/kestra/core/storages/Storage.java,io.kestra.core.storages.Storage,interface,5,7,2,5,18,1,0,1,153,0.0,0.0,0.0,18,0,0,0,0,18,18,0,0,0,0,0,0,0,0,0,0,0,0,22,1,0,0,0,0,0,0,0,0,0,0,0,0,0,118,1,0
/Users/kaiohs/Downloads/codes/lab02-experimentacao-software/data/repos/kestra-io__kestra/core/src/test/java/io/kestra/core/runners/NoEncryptionConfiguredTest.java,io.kestra.core.runners.NoEncryptionConfiguredTest,class,15,15,0,15,3,1,0,27,3,0.6666667,0.0,0.0,3,0,1,0,0,2,3,0,0,0,3,0,0,3,0,0,0,0,0,27,1,0,0,0,0,17,3,6,0,9,0,0,0,1,43,1,0
/Users/kaiohs/Downloads/codes/lab02-experimentacao-software/data/repos/kestra-io__kestra/core/src/test/java/io/kestra/plugin/core/condition/DayWeekInMonthTest.java,io.kestra.plugin.core.condition.DayWeekInMonthTest,class,10,10,0,10,2,1,0,15,1,0.5,0.0,0.0,2,1,0,0,0,2,2,0,0,0,1,0,0,0,0,1,0,0,9,13,1,0,0,0,0,9,0,4,0,5,0,0,0,0,22,0,0
/Users/kaiohs/Downloads/codes/lab02-experimentacao-software/data/repos/kestra-io__kestra/core/src/main/java/io/kestra/plugin/core/storage/FilterItems.java,io.kestra.plugin.core.storage.FilterItems$ErrorOrNullBehavior,enum,0,0,0,0,0,1,0,0,0,0.0,-1.0,-1.0,0,0,0,0,0,0,0,0,0,0,0,0,0,0,0,0,0,0,0,1,0,0,0,0,0,0,0,0,0,0,0,0,0,0,11,1,0
/Users/kaiohs/Downloads/codes/lab02-experimentacao-software/data/repos/kestra-io__kestra/core/src/main/java/io/kestra/core/models/flows/Output.java,io.kestra.core.models.flows.Output,class,10,15,5,10,0,1,0,0,0,NaN,-1.0,-1.0,0,0,0,0,0,0,0,0,0,0,6,0,0,0,0,6,0,0,0,8,0,0,0,0,0,1,0,0,0,6,0,0,0,0,38,1,0
/Users/kaiohs/Downloads/codes/lab02-experimentacao-software/data/repos/kestra-io__kestra/core/src/main/java/io/kestra/core/validations/validator/TestSuiteAssertionValidator.java,io.kestra.core.validations.validator.TestSuiteAssertionValidator,class,7,7,0,7,4,1,0,7,0,0.0,NaN,NaN,1,0,1,0,0,0,1,0,0,0,0,0,0,0,0,0,0,0,1,19,3,0,1,0,0,3,0,1,1,1,1,0,0,0,19,1,0
/Users/kaiohs/Downloads/codes/lab02-experimentacao-software/data/repos/kestra-io__kestra/core/src/main/java/io/kestra/core/services/KVStoreService.java,io.kestra.core.services.KVStoreService,class,18,28,10,18,21,1,0,37,39,0.84,0.0,0.0,10,1,8,2,0,0,8,0,0,0,5,0,0,5,0,0,0,0,8,69,10,0,4,1,0,5,0,7,1,14,2,0,0,4,112,1,1
/Users/kaiohs/Downloads/codes/lab02-experimentacao-software/data/repos/kestra-io__kestra/core/src/main/java/io/kestra/core/executor/command/ExecutionCommandType.java,io.kestra.core.executor.command.ExecutionCommandType,enum,2,4,2,2,1,1,0,1,0,0.0,NaN,NaN,1,1,0,0,0,1,1,0,0,0,0,0,0,0,0,0,0,0,0,4,1,0,0,0,0,0,0,0,0,0,0,0,0,0,12,1,0
/Users/kaiohs/Downloads/codes/lab02-experimentacao-software/data/repos/kestra-io__kestra/core/src/main/java/io/kestra/core/models/triggers/TriggerService.java,io.kestra.core.models.triggers.TriggerService,class,14,15,1,14,10,1,0,34,36,0.0,0.0,0.0,9,9,6,3,0,0,6,0,0,0,0,0,0,0,0,0,0,0,11,49,9,0,0,0,0,4,0,15,0,16,1,0,0,1,34,1025,0
/Users/kaiohs/Downloads/codes/lab02-experimentacao-software/data/repos/kestra-io__kestra/worker/src/main/java/io/kestra/worker/WorkerJobExecutor.java,io.kestra.worker.WorkerJobExecutor$WorkerJobConsumer,innerclass,6,6,0,6,10,2,0,15,0,0.56666666,0.0,0.0,5,0,3,0,2,0,5,0,0,0,6,0,0,6,0,0,6,0,2,59,3,0,4,2,0,2,1,11,1,11,3,0,0,1,71,10,1
/Users/kaiohs/Downloads/codes/lab02-experimentacao-software/data/repos/kestra-io__kestra/scheduler/src/main/java/io/kestra/scheduler/internals/DefaultSchedulableTriggerFetcher.java,io.kestra.scheduler.internals.DefaultSchedulableTriggerFetcher,class,21,26,5,21,13,1,0,45,4,0.55,0.0,0.0,4,1,2,2,0,0,2,0,0,0,5,1,0,5,0,0,5,0,2,60,6,0,1,2,0,4,0,17,0,20,3,0,0,5,63,1,0
/Users/kaiohs/Downloads/codes/lab02-experimentacao-software/data/repos/kestra-io__kestra/core/src/main/java/io/kestra/core/exceptions/ResourceAccessDeniedException.java,io.kestra.core.exceptions.ResourceAccessDeniedException,class,1,1,0,1,2,5,0,0,1,1.0,0.0,0.0,2,0,2,0,0,0,2,0,0,0,1,1,0,1,0,0,1,0,0,8,0,0,0,0,0,0,1,1,0,1,0,0,0,0,14,1,0
/Users/kaiohs/Downloads/codes/lab02-experimentacao-software/data/repos/kestra-io__kestra/core/src/main/java/io/kestra/core/plugins/DefaultPluginRegistry.java,io.kestra.core.plugins.DefaultPluginRegistry,class,15,19,4,15,49,1,0,79,304,0.86699504,0.0,0.0,29,4,21,4,4,0,26,0,0,2,7,1,1,5,1,0,6,0,15,202,24,1,8,6,0,10,0,24,3,30,4,0,1,6,120,1,3
/Users/kaiohs/Downloads/codes/lab02-experimentacao-software/data/repos/kestra-io__kestra/worker-controller/src/test/java/io/kestra/controller/grpc/services/WorkerJobDispatcherTest.java,io.kestra.controller.grpc.services.WorkerJobDispatcherTest$JobDispatchingTests,innerclass,10,10,0,10,4,1,0,22,6,0.0,0.0,0.0,4,0,0,0,0,4,4,0,0,0,0,0,0,0,0,0,0,0,0,55,0,0,0,0,0,12,15,14,0,14,0,0,0,0,52,0,0
/Users/kaiohs/Downloads/codes/lab02-experimentacao-software/data/repos/kestra-io__kestra/queue-jdbc/src/main/java/io/kestra/queue/jdbc/client/JdbcQueueClient.java,io.kestra.queue.jdbc.client.JdbcQueueClient,class,28,35,7,28,38,1,0,55,0,0.49090916,0.0,0.0,11,1,10,0,1,0,11,0,0,0,5,2,0,5,0,0,5,0,1,167,15,1,12,2,2,53,2,45,0,50,3,0,0,16,83,1,0
/Users/kaiohs/Downloads/codes/lab02-experimentacao-software/data/repos/kestra-io__kestra/core/src/main/java/io/kestra/core/reporter/Types.java,io.kestra.core.reporter.Types,enum,0,0,0,0,0,1,0,0,0,0.0,-1.0,-1.0,0,0,0,0,0,0,0,0,0,0,0,0,0,0,0,0,0,0,0,1,0,0,0,0,0,0,0,0,0,0,0,0,0,0,17,1,0
/Users/kaiohs/Downloads/codes/lab02-experimentacao-software/data/repos/kestra-io__kestra/core/src/test/java/io/kestra/core/reporter/reports/PluginMetricReportTest.java,io.kestra.core.reporter.reports.PluginMetricReportTest,class,8,8,0,8,1,1,0,11,0,0.0,NaN,NaN,1,0,0,0,0,1,1,0,0,0,2,0,0,0,0,2,0,0,1,11,0,0,0,0,0,0,4,1,0,3,0,0,0,3,12,0,0
/Users/kaiohs/Downloads/codes/lab02-experimentacao-software/data/repos/kestra-io__kestra/core/src/test/java/io/kestra/core/models/hierarchies/FlowGraphTest.java,io.kestra.core.models.hierarchies.FlowGraphTest,class,24,25,1,24,35,1,0,77,372,0.94047624,0.0,0.0,28,7,0,9,0,19,19,0,0,0,3,0,0,3,0,0,0,0,68,264,11,0,3,0,16,161,72,52,1,64,3,0,0,12,100,0,0
/Users/kaiohs/Downloads/codes/lab02-experimentacao-software/data/repos/kestra-io__kestra/core/src/main/java/io/kestra/core/queues/event/BroadcastEvent.java,io.kestra.core.queues.event.BroadcastEvent,interface,1,3,2,1,0,1,0,0,0,0.0,-1.0,-1.0,0,0,0,0,0,0,0,0,0,0,0,0,0,0,0,0,0,0,0,2,0,0,0,0,0,0,0,0,0,0,0,0,0,0,2,1,0
/Users/kaiohs/Downloads/codes/lab02-experimentacao-software/data/repos/kestra-io__kestra/cli/src/test/java/io/kestra/cli/commands/flows/FlowTestCommandTest.java,io.kestra.cli.commands.flows.FlowTestCommandTest,class,3,3,0,3,1,1,0,7,0,0.0,NaN,NaN,1,0,0,0,0,1,1,0,0,0,0,0,0,0,0,0,0,0,1,13,0,0,0,1,0,3,0,4,0,4,1,0,0,0,26,0,0
/Users/kaiohs/Downloads/codes/lab02-experimentacao-software/data/repos/kestra-io__kestra/core/src/main/java/io/kestra/core/runners/pebble/functions/CurrentEachOutputFunction.java,io.kestra.core.runners.pebble.functions.CurrentEachOutputFunction,class,5,6,1,5,10,1,0,9,3,1.0,0.0,0.0,3,0,3,0,0,0,3,0,0,0,1,1,1,0,0,0,1,0,2,32,4,1,3,0,2,16,0,6,0,5,4,0,0,0,34,1,0
/Users/kaiohs/Downloads/codes/lab02-experimentacao-software/data/repos/kestra-io__kestra/scheduler/src/main/java/io/kestra/scheduler/TriggerEventHandler.java,io.kestra.scheduler.TriggerEventHandler,class,36,42,6,36,39,1,0,74,0,0.8067227,0.0,0.0,17,0,2,4,0,11,13,0,0,0,7,1,0,7,0,0,7,0,2,181,9,0,15,1,0,6,0,41,0,40,3,0,0,11,98,1,0
/Users/kaiohs/Downloads/codes/lab02-experimentacao-software/data/repos/kestra-io__kestra/core/src/main/java/io/kestra/core/models/kv/PersistedKvMetadata.java,io.kestra.core.models.kv.PersistedKvMetadata,class,18,21,3,18,5,1,0,25,0,0.55999994,0.0,0.0,5,1,5,0,0,0,5,0,0,0,10,0,0,10,0,0,0,0,6,36,4,0,0,0,0,1,0,11,0,10,0,0,0,0,42,1,0
/Users/kaiohs/Downloads/codes/lab02-experimentacao-software/data/repos/kestra-io__kestra/core/src/main/java/io/kestra/core/models/flows/FlowScope.java,io.kestra.core.models.flows.FlowScope,enum,0,0,0,0,0,1,0,0,0,0.0,-1.0,-1.0,0,0,0,0,0,0,0,0,0,0,0,0,0,0,0,0,0,0,0,1,0,0,0,0,0,0,0,0,0,0,0,0,0,0,8,1,0
/Users/kaiohs/Downloads/codes/lab02-experimentacao-software/data/repos/kestra-io__kestra/cli/src/main/java/io/kestra/cli/StandAloneRunner.java,io.kestra.cli.StandAloneRunner,class,13,15,2,13,9,1,0,21,0,0.60606056,0.0,0.0,3,0,3,0,0,0,3,0,0,0,11,0,0,6,5,0,2,0,2,52,1,0,1,1,0,4,1,12,1,17,1,0,0,4,44,1,0
/Users/kaiohs/Downloads/codes/lab02-experimentacao-software/data/repos/kestra-io__kestra/core/src/main/java/io/kestra/core/executor/command/ExecutionCommand.java,io.kestra.core.executor.command.ExecutionCommand,interface,24,26,2,24,12,1,0,7,66,0.0,0.0,0.0,12,0,2,0,0,10,12,0,0,0,0,0,0,0,0,0,0,0,0,22,3,0,0,0,0,17,0,0,0,0,0,0,0,0,57,1,0
/Users/kaiohs/Downloads/codes/lab02-experimentacao-software/data/repos/kestra-io__kestra/core/src/main/java/io/kestra/core/reporter/reports/FeatureUsageReport.java,io.kestra.core.reporter.reports.FeatureUsageReport,class,14,15,1,14,3,2,0,15,0,0.11111111,0.0,0.0,3,0,3,0,0,0,3,0,0,0,3,0,0,3,0,0,3,0,7,24,2,0,0,0,0,4,0,3,0,3,0,0,1,0,28,1,0
/Users/kaiohs/Downloads/codes/lab02-experimentacao-software/data/repos/kestra-io__kestra/jdbc/src/main/java/io/kestra/jdbc/JdbcTableConfigsFactory.java,io.kestra.jdbc.JdbcTableConfigsFactory,class,26,26,0,26,20,2,0,0,190,0.0,0.0,0.0,20,0,20,0,0,0,20,0,0,0,0,0,0,0,0,0,0,0,0,67,20,0,0,0,0,61,0,0,0,0,0,0,1,0,39,1,0
/Users/kaiohs/Downloads/codes/lab02-experimentacao-software/data/repos/kestra-io__kestra/webserver/src/main/java/io/kestra/webserver/models/events/OssAuthEvent.java,io.kestra.webserver.models.events.OssAuthEvent$OssAuth,innerclass,2,2,0,2,0,1,0,0,0,NaN,-1.0,-1.0,0,0,0,0,0,0,0,0,0,0,1,0,0,1,0,0,1,0,0,3,0,0,0,0,0,0,0,0,0,1,0,0,0,0,3,9,0
/Users/kaiohs/Downloads/codes/lab02-experimentacao-software/data/repos/kestra-io__kestra/core/src/test/java/io/kestra/core/services/VersionServiceTest.java,io.kestra.core.services.VersionServiceTest,class,11,11,0,11,10,1,0,26,0,0.22500001,0.0,0.0,10,0,0,0,0,10,10,0,0,0,4,0,0,4,0,0,0,0,9,92,0,0,0,0,0,13,1,24,0,27,0,0,0,1,63,0,0
/Users/kaiohs/Downloads/codes/lab02-experimentacao-software/data/repos/kestra-io__kestra/core/src/main/java/io/kestra/core/docs/PluginIcon.java,io.kestra.core.docs.PluginIcon,class,3,3,0,3,0,1,0,0,0,NaN,-1.0,-1.0,0,0,0,0,0,0,0,0,0,0,3,0,0,0,0,3,0,0,0,5,0,0,0,0,0,0,0,0,0,3,0,0,0,0,6,1,0
/Users/kaiohs/Downloads/codes/lab02-experimentacao-software/data/repos/kestra-io__kestra/jdbc-h2/src/main/java/io/kestra/runner/h2/H2ConcurrencyLimitStateStore.java,io.kestra.runner.h2.H2ConcurrencyLimitStateStore,class,6,6,0,6,1,2,0,0,0,0.0,NaN,NaN,1,0,1,0,0,0,1,0,0,0,0,0,0,0,0,0,0,0,0,5,0,0,0,0,0,1,0,0,0,0,0,0,0,0,8,1,0
/Users/kaiohs/Downloads/codes/lab02-experimentacao-software/data/repos/kestra-io__kestra/core/src/main/java/io/kestra/plugin/core/output/OutputValues.java,io.kestra.plugin.core.output.OutputValues,class,14,14,0,14,1,2,0,5,0,0.0,NaN,NaN,1,0,1,0,0,0,1,0,0,0,1,0,0,1,0,0,0,0,0,9,1,0,0,0,0,3,0,0,0,1,0,0,1,0,29,1,0
/Users/kaiohs/Downloads/codes/lab02-experimentacao-software/data/repos/kestra-io__kestra/core/src/main/java/io/kestra/core/runners/WorkerTrigger.java,io.kestra.core.runners.WorkerTrigger,class,10,14,4,10,2,2,0,7,1,0.75,0.0,0.0,2,0,2,0,0,0,2,0,0,0,4,1,1,3,0,0,2,0,0,12,2,0,0,0,0,1,0,2,0,4,0,0,0,0,30,1,0
/Users/kaiohs/Downloads/codes/lab02-experimentacao-software/data/repos/kestra-io__kestra/cli/src/main/java/io/kestra/cli/BaseCommand.java,io.kestra.cli.BaseCommand,class,6,22,16,6,7,1,1,14,6,0.75,0.0,0.0,4,3,3,0,1,0,4,0,0,0,3,0,0,1,2,0,0,0,3,24,1,0,2,0,3,10,4,5,0,5,1,0,1,2,44,1025,0
/Users/kaiohs/Downloads/codes/lab02-experimentacao-software/data/repos/kestra-io__kestra/core/src/main/java/io/kestra/core/models/validations/ModelValidator.java,io.kestra.core.models.validations.ModelValidator,class,8,10,2,8,3,1,0,6,1,0.5,0.0,0.0,2,0,2,0,0,0,2,0,0,0,1,0,0,0,0,1,0,0,2,16,2,0,0,0,0,0,0,1,0,3,1,0,0,1,14,1,0
/Users/kaiohs/Downloads/codes/lab02-experimentacao-software/data/repos/kestra-io__kestra/core/src/main/java/io/kestra/plugin/core/log/Log.java,io.kestra.plugin.core.log.Log,class,20,23,3,20,9,2,0,17,0,0.0,0.0,0.0,2,0,2,0,0,0,2,0,0,0,2,0,0,2,0,0,0,0,0,46,1,0,0,0,0,11,0,6,2,8,2,0,0,1,86,1,5
/Users/kaiohs/Downloads/codes/lab02-experimentacao-software/data/repos/kestra-io__kestra/cli/src/main/java/io/kestra/cli/commands/flows/FlowDotCommand.java,io.kestra.cli.commands.flows.FlowDotCommand,class,10,12,2,10,1,3,0,7,0,0.5,NaN,NaN,1,0,1,0,0,0,1,0,0,0,2,0,0,2,0,0,0,0,2,11,1,0,0,0,0,4,1,2,0,4,0,0,0,0,26,1,0
/Users/kaiohs/Downloads/codes/lab02-experimentacao-software/data/repos/kestra-io__kestra/cli/src/main/java/io/kestra/cli/AbstractApiCommand.java,io.kestra.cli.AbstractApiCommand$UpdateResult,innerclass,3,3,0,3,0,1,0,0,0,NaN,-1.0,-1.0,0,0,0,0,0,0,0,0,0,0,2,0,0,0,0,2,0,0,0,4,0,0,0,0,0,0,0,0,0,2,0,0,0,0,4,9,0
/Users/kaiohs/Downloads/codes/lab02-experimentacao-software/data/repos/kestra-io__kestra/core/src/main/java/io/kestra/plugin/core/dashboard/chart/TimeSeries.java,io.kestra.plugin.core.dashboard.chart.TimeSeries,class,13,13,0,13,2,2,0,0,1,0.0,0.0,0.0,2,0,2,0,0,0,2,0,0,0,0,0,0,0,0,0,0,0,0,8,2,0,0,0,0,2,2,0,0,0,0,0,0,0,23,1,0
/Users/kaiohs/Downloads/codes/lab02-experimentacao-software/data/repos/kestra-io__kestra/core/src/main/java/io/kestra/plugin/core/http/SseRequest.java,io.kestra.plugin.core.http.SseRequest$Output,innerclass,5,5,0,5,0,1,0,0,0,NaN,-1.0,-1.0,0,0,0,0,0,0,0,0,0,0,4,0,0,4,0,0,4,0,0,6,0,0,0,0,0,8,0,0,2,4,0,0,0,0,38,9,0
/Users/kaiohs/Downloads/codes/lab02-experimentacao-software/data/repos/kestra-io__kestra/jdbc-postgres/src/main/java/io/kestra/runner/postgres/PostgresConcurrencyLimitStateStore.java,io.kestra.runner.postgres.PostgresConcurrencyLimitStateStore,class,6,6,0,6,1,3,0,0,0,0.0,NaN,NaN,1,0,1,0,0,0,1,0,0,0,0,0,0,0,0,0,0,0,0,5,0,0,0,0,0,1,0,0,0,0,0,0,0,0,8,1,0
/Users/kaiohs/Downloads/codes/lab02-experimentacao-software/data/repos/kestra-io__kestra/jdbc-h2/src/main/java/io/kestra/repository/h2/H2KvMetadataRepository.java,io.kestra.repository.h2.H2KvMetadataRepository,class,10,10,0,10,2,2,0,1,1,0.0,0.0,0.0,2,0,1,0,1,0,2,0,0,0,0,0,0,0,0,0,0,0,1,8,1,0,0,0,0,1,0,0,0,0,0,0,0,0,13,1,0
/Users/kaiohs/Downloads/codes/lab02-experimentacao-software/data/repos/kestra-io__kestra/core/src/test/java/io/kestra/core/runners/pebble/functions/FileSizeFunctionTest.java,io.kestra.core.runners.pebble.functions.FileSizeFunctionTest,class,10,11,1,10,17,1,0,29,0,0.7083333,0.0,0.0,16,0,0,4,0,12,12,0,0,0,6,3,0,3,0,3,3,0,42,107,4,0,0,0,1,150,0,52,7,55,0,0,0,3,91,1,0
/Users/kaiohs/Downloads/codes/lab02-experimentacao-software/data/repos/kestra-io__kestra/core/src/main/java/io/kestra/plugin/core/dashboard/data/ILogs.java,io.kestra.plugin.core.dashboard.data.ILogs,interface,4,6,2,4,9,1,0,15,0,0.0,NaN,NaN,1,0,0,0,0,1,1,0,0,0,0,0,0,0,0,0,0,0,0,34,1,0,6,0,0,0,0,3,0,10,3,0,1,7,27,1,0
/Users/kaiohs/Downloads/codes/lab02-experimentacao-software/data/repos/kestra-io__kestra/jdbc-h2/src/test/java/io/kestra/runner/h2/H2MultipleConditionStateStoreTest.java,io.kestra.runner.h2.H2MultipleConditionStateStoreTest,class,1,1,0,1,0,2,0,0,0,0.0,-1.0,-1.0,0,0,0,0,0,0,0,0,0,0,0,0,0,0,0,0,0,0,0,2,0,0,0,0,0,0,0,0,0,0,0,0,0,0,7,0,0
/Users/kaiohs/Downloads/codes/lab02-experimentacao-software/data/repos/kestra-io__kestra/core/src/main/java/io/kestra/core/models/topologies/FlowTopology.java,io.kestra.core.models.topologies.FlowTopology,class,7,8,1,7,1,1,0,1,0,0.33333334,NaN,NaN,1,0,1,0,0,0,1,0,0,0,3,0,0,0,0,3,0,0,0,8,1,0,0,0,0,1,0,0,1,3,0,0,0,0,12,1,0
/Users/kaiohs/Downloads/codes/lab02-experimentacao-software/data/repos/kestra-io__kestra/webserver/src/test/java/io/kestra/webserver/tenants/TenantValidationFilterTest.java,io.kestra.webserver.tenants.TenantValidationFilterTest,class,8,8,0,8,3,1,0,11,0,0.0,0.0,0.0,3,0,0,0,0,3,3,0,0,0,2,1,0,1,0,1,1,0,0,19,0,0,0,0,0,14,0,4,3,5,0,0,0,1,45,1,0
/Users/kaiohs/Downloads/codes/lab02-experimentacao-software/data/repos/kestra-io__kestra/core/src/main/java/io/kestra/core/utils/Version.java,io.kestra.core.utils.Version,class,3,7,4,3,62,1,0,41,106,0.71527773,0.0,0.0,24,11,18,6,0,0,18,0,0,0,6,1,1,5,0,0,6,0,30,195,34,2,21,1,2,16,24,24,4,25,2,0,1,4,129,1,0
/Users/kaiohs/Downloads/codes/lab02-experimentacao-software/data/repos/kestra-io__kestra/script/src/test/java/io/kestra/plugin/scripts/runner/docker/DockerServiceTest.java,io.kestra.plugin.scripts.runner.docker.DockerServiceTest,class,4,4,0,4,2,1,0,4,1,0.0,0.0,0.0,2,0,0,0,0,2,2,0,0,0,0,0,0,0,0,0,0,0,2,8,0,0,0,0,0,19,0,0,0,0,0,0,0,0,15,0,0
/Users/kaiohs/Downloads/codes/lab02-experimentacao-software/data/repos/kestra-io__kestra/webserver/src/main/java/io/kestra/webserver/controllers/api/MiscController.java,io.kestra.webserver.controllers.api.MiscController$ApiUsage,innerclass,4,4,0,4,0,1,0,0,0,NaN,-1.0,-1.0,0,0,0,0,0,0,0,0,0,0,2,0,0,2,0,0,0,0,0,4,0,0,0,0,0,0,0,0,0,2,0,0,0,0,9,9,0
/Users/kaiohs/Downloads/codes/lab02-experimentacao-software/data/repos/kestra-io__kestra/webserver/src/main/java/io/kestra/webserver/controllers/api/AiController.java,io.kestra.webserver.controllers.api.AiController$DashboardGenerationPrompt,innerclass,3,3,0,3,1,2,0,0,0,0.0,NaN,NaN,1,0,1,0,0,0,1,0,0,0,1,0,0,1,0,0,1,0,0,7,0,0,0,0,0,0,0,1,0,1,0,0,0,0,5,9,0
/Users/kaiohs/Downloads/codes/lab02-experimentacao-software/data/repos/kestra-io__kestra/core/src/main/java/io/kestra/core/runners/pebble/functions/IterationOutputFunction.java,io.kestra.core.runners.pebble.functions.IterationOutputFunction,class,5,6,1,5,15,1,0,14,1,0.5555556,0.0,0.0,3,0,3,0,0,0,3,0,0,0,3,3,1,2,0,0,3,0,3,66,5,1,6,1,2,27,3,19,5,16,4,0,0,0,77,1,0
/Users/kaiohs/Downloads/codes/lab02-experimentacao-software/data/repos/kestra-io__kestra/cli/src/test/java/io/kestra/cli/listeners/DeleteConfigurationApplicationListenersTest.java,io.kestra.cli.listeners.DeleteConfigurationApplicationListenersTest,class,2,2,0,2,1,1,0,10,0,0.0,NaN,NaN,1,0,0,0,0,1,1,0,0,0,0,0,0,0,0,0,0,0,3,10,0,0,0,1,0,5,0,3,0,3,1,0,0,0,21,0,0
/Users/kaiohs/Downloads/codes/lab02-experimentacao-software/data/repos/kestra-io__kestra/core/src/main/java/io/kestra/core/models/tasks/retrys/Random.java,io.kestra.core.models.tasks.retrys.Random,class,10,11,1,10,2,2,0,5,0,0.33333334,0.0,0.0,2,0,2,0,0,0,2,0,0,0,3,0,0,2,1,0,0,0,0,14,2,0,0,0,0,1,0,4,0,6,0,0,0,0,19,1,0
/Users/kaiohs/Downloads/codes/lab02-experimentacao-software/data/repos/kestra-io__kestra/core/src/test/java/io/kestra/core/models/property/PropertyTest.java,io.kestra.core.models.property.PropertyTest$TestObj,innerclass,2,2,0,2,0,1,0,0,0,NaN,-1.0,-1.0,0,0,0,0,0,0,0,0,0,0,2,0,0,2,0,0,0,0,0,4,0,0,0,0,0,0,0,0,0,2,0,0,0,0,4,10,0
/Users/kaiohs/Downloads/codes/lab02-experimentacao-software/data/repos/kestra-io__kestra/core/src/main/java/io/kestra/core/runners/SecureVariableRendererFactory.java,io.kestra.core.runners.SecureVariableRendererFactory,class,5,8,3,5,3,1,0,4,0,0.16666667,0.0,0.0,2,0,2,0,0,0,2,0,0,1,3,0,0,3,0,0,2,0,1,16,1,0,1,0,0,0,0,3,0,3,1,0,0,0,22,1,0
/Users/kaiohs/Downloads/codes/lab02-experimentacao-software/data/repos/kestra-io__kestra/core/src/main/java/io/kestra/core/serializers/ObjectMapperFactory.java,io.kestra.core.serializers.ObjectMapperFactory,class,13,13,0,13,1,2,0,2,0,0.0,NaN,NaN,1,0,1,0,0,0,1,0,0,0,0,0,0,0,0,0,0,0,0,7,1,0,0,0,0,1,0,1,0,1,0,0,0,0,16,1,0
/Users/kaiohs/Downloads/codes/lab02-experimentacao-software/data/repos/kestra-io__kestra/core/src/test/java/io/kestra/core/tasks/OutputValuesTest.java,io.kestra.core.tasks.OutputValuesTest,class,7,7,0,7,1,1,0,11,0,0.0,NaN,NaN,1,0,0,0,0,1,1,0,0,0,1,0,0,1,0,0,0,0,0,15,0,0,0,0,0,12,1,4,0,3,0,0,0,0,18,0,0
/Users/kaiohs/Downloads/codes/lab02-experimentacao-software/data/repos/kestra-io__kestra/core/src/main/java/io/kestra/plugin/core/storage/Concat.java,io.kestra.plugin.core.storage.Concat$Output,innerclass,4,4,0,4,0,1,0,0,0,NaN,-1.0,-1.0,0,0,0,0,0,0,0,0,0,0,1,0,0,1,0,0,1,0,0,3,0,0,0,0,0,1,0,0,0,1,0,0,0,0,8,9,0
/Users/kaiohs/Downloads/codes/lab02-experimentacao-software/data/repos/kestra-io__kestra/core/src/main/java/io/kestra/core/models/tasks/Cache.java,io.kestra.core.models.tasks.Cache,class,4,5,1,4,0,1,0,0,0,NaN,-1.0,-1.0,0,0,0,0,0,0,0,0,0,0,2,0,0,2,0,0,0,0,0,4,0,0,0,0,0,0,0,0,0,2,0,0,0,0,5,1,0
/Users/kaiohs/Downloads/codes/lab02-experimentacao-software/data/repos/kestra-io__kestra/core/src/main/java/io/kestra/core/runners/pebble/filters/SubstringAfterLastFilter.java,io.kestra.core.runners.pebble.filters.SubstringAfterLastFilter,class,4,5,1,4,5,1,0,6,1,0.33333334,0.0,0.0,3,0,3,0,0,0,3,0,0,0,1,0,0,1,0,0,1,0,0,20,3,0,1,0,0,4,0,2,0,2,1,0,0,0,23,1,0
/Users/kaiohs/Downloads/codes/lab02-experimentacao-software/data/repos/kestra-io__kestra/core/src/test/java/io/kestra/core/models/tasks/runners/TaskRunnerTest.java,io.kestra.core.models.tasks.runners.TaskRunnerTest$TaskCommandsAdditional,innerclass,4,4,0,4,12,1,0,2,66,0.9166667,0.0,0.0,12,0,12,0,0,0,12,0,0,0,6,6,6,0,0,0,6,0,2,44,12,0,0,0,0,6,0,6,0,6,0,0,0,0,46,10,0
/Users/kaiohs/Downloads/codes/lab02-experimentacao-software/data/repos/kestra-io__kestra/core/src/main/java/io/kestra/core/server/ServiceStateTransition.java,io.kestra.core.server.ServiceStateTransition,class,10,12,2,10,9,1,0,15,3,0.0,0.0,0.0,3,2,3,0,0,0,3,0,0,0,0,0,0,0,0,0,0,0,4,36,6,0,3,0,0,5,0,3,0,3,2,0,1,0,73,17,3
/Users/kaiohs/Downloads/codes/lab02-experimentacao-software/data/repos/kestra-io__kestra/core/src/main/java/io/kestra/core/runners/pebble/filters/YamlFilter.java,io.kestra.core.runners.pebble.filters.YamlFilter,class,10,11,1,10,4,1,0,7,1,0.5,0.0,0.0,2,0,2,0,0,0,2,0,0,0,1,1,0,1,0,0,1,0,0,17,3,0,1,1,0,4,0,1,1,1,1,0,0,0,40,1,0
/Users/kaiohs/Downloads/codes/lab02-experimentacao-software/data/repos/kestra-io__kestra/core/src/main/java/io/kestra/core/docs/JsonSchemaGenerator.java,io.kestra.core.docs.JsonSchemaGenerator$Anonymous3,anonymous,4,4,0,4,5,1,0,6,0,0.0,NaN,NaN,1,0,1,0,0,0,1,0,0,0,0,0,0,0,0,0,0,0,0,19,4,0,0,0,0,4,0,3,0,3,1,0,0,0,14,-1,0
/Users/kaiohs/Downloads/codes/lab02-experimentacao-software/data/repos/kestra-io__kestra/core/src/main/java/io/kestra/core/docs/JsonSchemaGenerator.java,io.kestra.core.docs.JsonSchemaGenerator$Anonymous2,anonymous,4,4,0,4,2,1,0,3,1,0.0,0.0,0.0,2,0,2,0,0,0,2,0,0,0,0,0,0,0,0,0,0,0,0,10,2,0,0,0,0,0,0,2,0,2,0,0,0,0,15,-1,0
/Users/kaiohs/Downloads/codes/lab02-experimentacao-software/data/repos/kestra-io__kestra/core/src/main/java/io/kestra/core/docs/JsonSchemaGenerator.java,io.kestra.core.docs.JsonSchemaGenerator$Anonymous1,anonymous,3,3,0,3,2,1,0,5,0,0.0,NaN,NaN,1,0,1,0,0,0,1,0,0,0,0,0,0,0,0,0,0,0,0,11,2,0,0,1,0,1,0,0,0,0,1,0,0,0,19,-1,1
/Users/kaiohs/Downloads/codes/lab02-experimentacao-software/data/repos/kestra-io__kestra/cli/src/main/java/io/kestra/cli/commands/servers/WebServerCommand.java,io.kestra.cli.commands.servers.WebServerCommand,class,11,12,1,11,8,4,0,13,3,0.6666666,0.0,0.0,3,1,3,0,0,0,3,0,0,0,9,0,0,9,0,0,0,0,2,40,3,0,1,0,1,20,1,7,0,10,1,0,0,2,65,1,3
/Users/kaiohs/Downloads/codes/lab02-experimentacao-software/data/repos/kestra-io__kestra/core/src/main/java/io/kestra/core/models/validations/ManualPropertyNode.java,io.kestra.core.models.validations.ManualPropertyNode,class,7,9,2,7,6,1,0,3,4,0.70000005,0.0,0.0,5,0,3,1,0,1,4,0,0,0,6,0,0,6,0,0,6,0,0,28,1,0,1,0,0,1,0,6,0,6,0,0,0,0,30,1,0
/Users/kaiohs/Downloads/codes/lab02-experimentacao-software/data/repos/kestra-io__kestra/jdbc-postgres/src/main/java/io/kestra/repository/postgres/PostgresDashboardRepositoryService.java,io.kestra.repository.postgres.PostgresDashboardRepositoryService,class,3,4,1,3,3,1,0,6,0,0.0,NaN,NaN,1,1,1,0,0,0,1,0,0,0,0,0,0,0,0,0,0,0,1,9,1,0,1,0,0,1,0,1,0,1,1,0,0,0,9,1025,0
/Users/kaiohs/Downloads/codes/lab02-experimentacao-software/data/repos/kestra-io__kestra/core/src/main/java/io/kestra/core/runners/pebble/AbstractDate.java,io.kestra.core.runners.pebble.AbstractDate,class,2,11,9,2,24,1,8,41,8,0.6,0.0,0.0,5,4,1,1,3,0,4,0,0,0,2,2,0,2,0,0,2,0,30,99,22,0,8,2,2,40,7,15,5,15,3,0,0,0,58,1025,0
/Users/kaiohs/Downloads/codes/lab02-experimentacao-software/data/repos/kestra-io__kestra/script/src/main/java/io/kestra/plugin/scripts/exec/scripts/models/RunnerType.java,io.kestra.plugin.scripts.exec.scripts.models.RunnerType,enum,0,2,2,0,0,1,0,0,0,0.0,-1.0,-1.0,0,0,0,0,0,0,0,0,0,0,0,0,0,0,0,0,0,0,0,1,0,0,0,0,0,0,0,0,0,0,0,0,0,0,9,1,0
/Users/kaiohs/Downloads/codes/lab02-experimentacao-software/data/repos/kestra-io__kestra/core/src/main/java/io/kestra/core/models/flows/FlowWithSource.java,io.kestra.core.models.flows.FlowWithSource,class,7,12,5,7,4,3,1,26,4,0.5,0.0,0.0,4,1,4,0,0,0,4,0,0,0,1,0,0,0,0,1,0,0,0,15,4,0,0,0,0,0,1,0,1,1,0,0,0,0,12,1,0
/Users/kaiohs/Downloads/codes/lab02-experimentacao-software/data/repos/kestra-io__kestra/core/src/main/java/io/kestra/core/models/assets/External.java,io.kestra.core.models.assets.External,class,6,7,1,6,1,2,0,1,0,0.0,NaN,NaN,1,0,1,0,0,0,1,0,0,0,1,1,1,0,0,0,1,0,0,6,0,0,0,0,0,0,0,1,0,1,0,0,0,0,11,1,0
/Users/kaiohs/Downloads/codes/lab02-experimentacao-software/data/repos/kestra-io__kestra/core/src/test/java/io/kestra/plugin/core/flow/SequentialTest.java,io.kestra.plugin.core.flow.SequentialTest,class,5,5,0,5,4,1,0,10,6,0.0,0.0,0.0,4,0,0,0,0,4,4,0,0,0,0,0,0,0,0,0,0,0,0,24,0,0,0,0,0,6,4,2,0,2,0,0,0,0,21,0,0
/Users/kaiohs/Downloads/codes/lab02-experimentacao-software/data/repos/kestra-io__kestra/core/src/main/java/io/kestra/core/models/tasks/runners/TargetOS.java,io.kestra.core.models.tasks.runners.TargetOS,enum,0,4,4,0,1,1,0,1,0,0.0,NaN,NaN,1,0,0,0,0,1,1,0,0,0,1,0,1,0,0,0,1,0,1,5,0,0,0,0,0,2,0,1,0,1,0,0,0,0,15,1,0
/Users/kaiohs/Downloads/codes/lab02-experimentacao-software/data/repos/kestra-io__kestra/core/src/main/java/io/kestra/core/serializers/ion/IonFactory.java,io.kestra.core.serializers.ion.IonFactory,class,9,10,1,9,3,2,0,3,3,1.0,0.0,0.0,3,0,1,0,2,0,3,0,0,0,1,1,0,1,0,0,1,0,0,13,2,0,0,0,0,0,1,2,0,2,0,0,0,0,25,1,0
/Users/kaiohs/Downloads/codes/lab02-experimentacao-software/data/repos/kestra-io__kestra/core/src/main/java/io/kestra/core/models/flows/input/YamlInput.java,io.kestra.core.models.flows.input.YamlInput,class,4,6,2,4,1,2,0,0,0,0.0,NaN,NaN,1,0,1,0,0,0,1,0,0,0,0,0,0,0,0,0,0,0,0,4,0,0,0,0,0,0,0,0,0,0,0,0,0,0,8,1,0
/Users/kaiohs/Downloads/codes/lab02-experimentacao-software/data/repos/kestra-io__kestra/core/src/main/java/io/kestra/core/runners/InputAndOutput.java,io.kestra.core.runners.InputAndOutput,interface,3,9,6,3,3,1,0,0,3,0.0,0.0,0.0,3,0,0,0,0,3,3,0,0,0,0,0,0,0,0,0,0,0,0,5,0,0,0,0,0,0,0,0,0,0,0,0,0,0,39,1,0
/Users/kaiohs/Downloads/codes/lab02-experimentacao-software/data/repos/kestra-io__kestra/core/src/main/java/io/kestra/core/runners/RunContextLogger.java,io.kestra.core.runners.RunContextLogger$ForwardAppender,innerclass,6,6,0,6,5,3,0,7,4,0.5,0.0,0.0,4,0,2,0,2,0,4,0,0,0,1,0,0,1,0,0,1,0,0,19,0,0,0,0,0,0,0,2,0,1,1,0,0,0,15,9,0
/Users/kaiohs/Downloads/codes/lab02-experimentacao-software/data/repos/kestra-io__kestra/jdbc/src/main/java/io/kestra/jdbc/repository/AbstractJdbcKvMetadataRepository.java,io.kestra.jdbc.repository.AbstractJdbcKvMetadataRepository,class,17,20,3,17,17,3,2,56,55,0.0,0.0,0.0,11,2,5,4,2,0,7,1,0,0,0,0,0,0,0,0,0,0,4,78,12,0,1,0,0,11,3,18,2,22,2,0,0,6,63,1025,0
/Users/kaiohs/Downloads/codes/lab02-experimentacao-software/data/repos/kestra-io__kestra/core/src/main/java/io/kestra/plugin/core/storage/Reverse.java,io.kestra.plugin.core.storage.Reverse,class,19,19,0,19,2,2,0,24,0,0.0,NaN,NaN,1,0,1,0,0,0,1,0,0,0,3,0,0,3,0,0,1,0,0,27,1,1,1,2,2,6,0,12,1,13,2,0,1,0,56,1,0
/Users/kaiohs/Downloads/codes/lab02-experimentacao-software/data/repos/kestra-io__kestra/cli/src/test/java/io/kestra/cli/commands/plugins/PluginSearchCommandTest.java,io.kestra.cli.commands.plugins.PluginSearchCommandTest,class,5,5,0,5,4,1,0,18,0,0.5,0.0,0.0,4,0,0,0,0,4,4,0,0,0,2,0,0,2,0,0,1,0,4,33,0,0,0,2,0,18,1,8,0,8,1,0,0,0,43,0,0
/Users/kaiohs/Downloads/codes/lab02-experimentacao-software/data/repos/kestra-io__kestra/cli/src/test/java/io/kestra/cli/commands/migrations/metadata/SecretsMetadataMigrationCommandTest.java,io.kestra.cli.commands.migrations.metadata.SecretsMetadataMigrationCommandTest,class,2,2,0,2,1,1,0,6,0,0.0,NaN,NaN,1,0,0,0,0,1,1,0,0,0,0,0,0,0,0,0,0,0,1,11,0,0,0,1,0,4,0,3,0,3,1,0,0,0,27,1,0
