file,class,type,cbo,cboModified,fanin,fanout,wmc,dit,noc,rfc,lcom,lcom*,tcc,lcc,totalMethodsQty,staticMethodsQty,publicMethodsQty,privateMethodsQty,protectedMethodsQty,defaultMethodsQty,visibleMethodsQty,abstractMethodsQty,finalMethodsQty,synchronizedMethodsQty,totalFieldsQty,staticFieldsQty,publicFieldsQty,privateFieldsQty,protectedFieldsQty,defaultFieldsQty,finalFieldsQty,synchronizedFieldsQty,nosi,loc,returnQty,loopQty,comparisonsQty,tryCatchQty,parenthesizedExpsQty,stringLiteralsQty,numbersQty,assignmentsQty,mathOperationsQty,variablesQty,maxNestedBlocksQty,anonymousClassesQty,innerClassesQty,lambdasQty,uniqueWordsQty,modifiers,logStatementsQty
/Users/kaiohs/Downloads/codes/lab02-experimentacao-software/data/repos/NationalSecurityAgency__ghidra/Ghidra/Test/IntegrationTest/src/test/java/ghidra/graph/program/AbstractDataReferenceGraphTest.java,ghidra.graph.program.AbstractDataReferenceGraphTest,class,14,17,3,14,10,2,2,31,13,0.72,0.0,0.0,10,0,2,2,6,0,8,0,0,0,5,0,0,1,4,0,0,0,0,65,3,0,0,0,0,25,4,7,0,7,0,0,0,0,56,1,0
/Users/kaiohs/Downloads/codes/lab02-experimentacao-software/data/repos/NationalSecurityAgency__ghidra/Ghidra/Framework/Emulation/src/main/java/ghidra/pcode/emu/jit/op/JitBinOp.java,ghidra.pcode.emu.jit.op.JitBinOp,interface,4,14,10,4,8,1,0,7,28,0.0,0.0,0.0,8,0,0,0,0,8,8,0,0,0,0,0,0,0,0,0,0,0,1,22,2,0,0,0,0,0,4,0,0,0,0,0,0,0,35,1,0
/Users/kaiohs/Downloads/codes/lab02-experimentacao-software/data/repos/NationalSecurityAgency__ghidra/Ghidra/Framework/Pty/src/main/java/ghidra/pty/windows/ConPtyParent.java,ghidra.pty.windows.ConPtyParent,class,4,5,1,4,1,2,0,0,0,0.0,NaN,NaN,1,0,1,0,0,0,1,0,0,0,0,0,0,0,0,0,0,0,0,5,0,0,0,0,0,0,0,0,0,0,0,0,0,0,8,1,0
/Users/kaiohs/Downloads/codes/lab02-experimentacao-software/data/repos/NationalSecurityAgency__ghidra/Ghidra/Test/IntegrationTest/src/test.slow/java/ghidra/program/database/sourcemap/MappingSourceFilesTest.java,ghidra.program.database.sourcemap.MappingSourceFilesTest,class,11,11,0,11,42,3,0,44,820,0.0,0.0,0.0,41,0,41,0,0,0,41,0,0,0,0,0,0,0,0,0,0,0,1,878,0,1,0,63,0,68,262,191,4,100,2,0,0,0,139,1,0
/Users/kaiohs/Downloads/codes/lab02-experimentacao-software/data/repos/NationalSecurityAgency__ghidra/Ghidra/Framework/SoftwareModeling/src/main/java/ghidra/app/plugin/assembler/sleigh/sem/AssemblyTreeResolver.java,ghidra.app.plugin.assembler.sleigh.sem.AssemblyTreeResolver,class,8,8,0,8,1,2,0,0,0,0.0,NaN,NaN,1,0,1,0,0,0,1,0,0,0,0,0,0,0,0,0,0,0,0,5,0,0,0,0,0,0,0,0,0,0,0,0,0,0,13,1,0
/Users/kaiohs/Downloads/codes/lab02-experimentacao-software/data/repos/NationalSecurityAgency__ghidra/Ghidra/Framework/SoftwareModeling/src/main/java/ghidra/app/util/pcode/AbstractPcodeFormatter.java,ghidra.app.util.pcode.AbstractPcodeFormatter$FormatResult,enum,0,0,0,0,0,1,0,0,0,0.0,-1.0,-1.0,0,0,0,0,0,0,0,0,0,0,0,0,0,0,0,0,0,0,0,1,0,0,0,0,0,0,0,0,0,0,0,0,0,0,18,4,0
/Users/kaiohs/Downloads/codes/lab02-experimentacao-software/data/repos/NationalSecurityAgency__ghidra/Ghidra/Framework/Emulation/src/main/java/ghidra/pcode/emu/jit/JitBytesPcodeExecutorStatePiece.java,ghidra.pcode.emu.jit.JitBytesPcodeExecutorStatePiece,class,6,7,1,6,4,4,0,1,6,0.0,0.0,0.0,4,0,3,0,1,0,4,0,0,0,0,0,0,0,0,0,0,0,0,28,2,0,0,0,0,0,0,0,0,0,0,0,1,0,70,1,0
/Users/kaiohs/Downloads/codes/lab02-experimentacao-software/data/repos/NationalSecurityAgency__ghidra/Ghidra/Framework/Emulation/src/main/java/ghidra/pcode/emu/jit/gen/opnd/SimpleOpnd.java,ghidra.pcode.emu.jit.gen.opnd.SimpleOpnd,interface,7,10,3,7,1,1,0,0,0,0.0,NaN,NaN,1,1,0,0,0,1,1,0,0,0,0,0,0,0,0,0,0,0,0,4,0,0,0,0,0,1,0,0,0,0,0,0,0,0,19,1,0
/Users/kaiohs/Downloads/codes/lab02-experimentacao-software/data/repos/NationalSecurityAgency__ghidra/Ghidra/Framework/Emulation/src/main/java/ghidra/pcode/opbehavior/OpBehaviorBoolAnd.java,ghidra.pcode.opbehavior.OpBehaviorBoolAnd,class,1,2,1,1,3,3,0,1,3,0.0,0.0,0.0,3,0,3,0,0,0,3,0,0,0,0,0,0,0,0,0,0,0,0,13,2,0,0,0,0,0,0,2,0,2,0,0,0,0,11,1,0
/Users/kaiohs/Downloads/codes/lab02-experimentacao-software/data/repos/NationalSecurityAgency__ghidra/GhidraBuild/EclipsePlugins/GhidraDev/GhidraDevPlugin/src/main/java/ghidradev/ghidraprojectcreator/launchers/GhidraLaunchDelegate.java,ghidradev.ghidraprojectcreator.launchers.GhidraLaunchDelegate,class,15,16,1,15,13,2,0,41,1,0.0,NaN,NaN,2,1,1,1,0,0,1,0,0,0,0,0,0,0,0,0,0,0,9,66,3,0,3,2,0,32,0,20,15,12,3,0,0,1,86,1,1
/Users/kaiohs/Downloads/codes/lab02-experimentacao-software/data/repos/NationalSecurityAgency__ghidra/Ghidra/Test/IntegrationTest/src/screen/java/help/screenshot/ExporterPluginScreenShots.java,help.screenshot.ExporterPluginScreenShots$Anonymous1,anonymous,3,3,0,3,3,1,0,6,1,0.0,0.0,0.0,2,0,2,0,0,0,2,0,0,0,0,0,0,0,0,0,0,0,0,14,3,0,0,1,0,1,0,0,0,0,1,0,0,0,18,-1,0
/Users/kaiohs/Downloads/codes/lab02-experimentacao-software/data/repos/NationalSecurityAgency__ghidra/Ghidra/Framework/Emulation/src/main/java/ghidra/pcode/opbehavior/OpBehaviorIntDiv.java,ghidra.pcode.opbehavior.OpBehaviorIntDiv,class,1,2,1,1,13,3,0,7,3,0.0,0.0,0.0,3,0,3,0,0,0,3,0,0,0,0,0,0,0,0,0,0,0,0,32,6,0,6,0,2,0,13,9,2,7,3,0,0,0,21,1,0
/Users/kaiohs/Downloads/codes/lab02-experimentacao-software/data/repos/NationalSecurityAgency__ghidra/Ghidra/Framework/SoftwareModeling/src/test/java/ghidra/program/model/scalar/ScalarTest.java,ghidra.program.model.scalar.ScalarTest,class,3,3,0,3,12,2,0,12,36,0.0,0.0,0.0,9,0,9,0,0,0,9,0,0,0,0,0,0,0,0,0,0,0,11,148,0,3,0,0,0,122,145,20,0,7,1,0,0,0,48,1,0
/Users/kaiohs/Downloads/codes/lab02-experimentacao-software/data/repos/NationalSecurityAgency__ghidra/Ghidra/Framework/Pty/src/main/java/ghidra/pty/windows/jna/ConsoleApiNative.java,ghidra.pty.windows.jna.ConsoleApiNative$COORD$ByValue,innerclass,2,2,0,2,0,3,0,0,0,0.0,-1.0,-1.0,0,0,0,0,0,0,0,0,0,0,0,0,0,0,0,0,0,0,0,2,0,0,0,0,0,0,0,0,0,0,0,0,0,0,6,9,0
/Users/kaiohs/Downloads/codes/lab02-experimentacao-software/data/repos/NationalSecurityAgency__ghidra/GhidraDocs/GhidraClass/Debugger/ghidra_scripts/InstallExprEmulatorScript.java,InstallExprEmulatorScript,class,3,3,0,3,1,2,0,2,0,0.0,NaN,NaN,1,0,0,0,1,0,1,0,0,0,0,0,0,0,0,0,0,0,0,5,0,0,0,0,0,0,0,0,0,0,0,0,0,0,15,1,0
/Users/kaiohs/Downloads/codes/lab02-experimentacao-software/data/repos/NationalSecurityAgency__ghidra/Ghidra/Framework/Emulation/src/main/java/ghidra/app/emulator/EmulatorConfiguration.java,ghidra.app.emulator.EmulatorConfiguration,interface,5,9,4,5,7,1,0,4,15,0.0,0.0,0.0,6,0,0,0,0,6,6,0,0,0,0,0,0,0,0,0,0,0,0,19,3,0,1,0,0,2,1,2,1,2,1,0,0,0,34,1,0
/Users/kaiohs/Downloads/codes/lab02-experimentacao-software/data/repos/NationalSecurityAgency__ghidra/Ghidra/Framework/Emulation/src/main/java/ghidra/pcode/emu/jit/gen/util/Methods.java,ghidra.pcode.emu.jit.gen.util.MthDescBuilder,class,10,12,2,10,4,1,0,5,0,0.375,0.0,0.0,4,0,3,0,0,1,4,0,0,0,2,0,0,2,0,0,2,0,0,18,3,0,0,0,0,4,0,2,0,2,0,0,0,0,37,9,0
/Users/kaiohs/Downloads/codes/lab02-experimentacao-software/data/repos/NationalSecurityAgency__ghidra/Ghidra/Test/IntegrationTest/src/screen/java/help/screenshot/InstructionPatternSearchScreenShots.java,help.screenshot.InstructionPatternSearchScreenShots,class,12,12,0,12,9,3,0,21,0,0.0,0.0,0.0,9,0,9,0,0,0,9,0,0,0,1,0,0,1,0,0,0,0,0,93,0,0,0,0,0,18,27,21,0,21,0,0,0,0,80,1,0
/Users/kaiohs/Downloads/codes/lab02-experimentacao-software/data/repos/NationalSecurityAgency__ghidra/Ghidra/Framework/Emulation/src/main/java/ghidra/pcode/emu/jit/op/JitFloatBinOp.java,ghidra.pcode.emu.jit.op.JitFloatBinOp,interface,2,3,1,2,3,1,0,0,3,0.0,0.0,0.0,3,0,0,0,0,3,3,0,0,0,0,0,0,0,0,0,0,0,0,11,3,0,0,0,0,0,0,0,0,0,0,0,0,0,18,1,0
/Users/kaiohs/Downloads/codes/lab02-experimentacao-software/data/repos/NationalSecurityAgency__ghidra/Ghidra/Framework/Emulation/src/main/java/ghidra/pcode/emu/jit/gen/op/FloatNegOpGen.java,ghidra.pcode.emu.jit.gen.op.FloatNegOpGen,enum,9,9,0,9,2,1,0,2,1,0.0,0.0,0.0,2,0,2,0,0,0,2,0,0,0,0,0,0,0,0,0,0,0,2,8,2,0,0,0,0,0,0,0,0,0,0,0,0,0,30,1,0
/Users/kaiohs/Downloads/codes/lab02-experimentacao-software/data/repos/NationalSecurityAgency__ghidra/Ghidra/Framework/SoftwareModeling/src/test.slow/java/ghidra/app/plugin/processors/sleigh/X86SleighLanguageLockerTest.java,ghidra.app.plugin.processors.sleigh.X86SleighLanguageLockerTest,class,7,7,0,7,1,1,0,10,0,0.0,NaN,NaN,1,0,1,0,0,0,1,0,0,0,1,0,0,1,0,0,0,0,1,16,0,0,0,0,0,4,1,5,1,5,1,0,0,1,28,1,0
/Users/kaiohs/Downloads/codes/lab02-experimentacao-software/data/repos/NationalSecurityAgency__ghidra/GPL/DMG/src/dmg/java/mobiledevices/dmg/btree/BTreeHeaderRecordAttributes.java,mobiledevices.dmg.btree.BTreeHeaderRecordAttributes,class,0,0,0,0,0,1,0,0,0,NaN,-1.0,-1.0,0,0,0,0,0,0,0,0,0,0,3,3,3,0,0,0,3,0,0,5,0,0,0,0,0,0,3,3,0,3,0,0,0,0,25,17,0
/Users/kaiohs/Downloads/codes/lab02-experimentacao-software/data/repos/NationalSecurityAgency__ghidra/Ghidra/Test/IntegrationTest/src/screen/java/help/screenshot/FunctionWindowPluginScreenShots.java,help.screenshot.FunctionWindowPluginScreenShots$Anonymous1,anonymous,0,0,0,0,6,1,0,6,0,0.0,NaN,NaN,1,0,1,0,0,0,1,0,0,0,0,0,0,0,0,0,0,0,0,22,0,1,0,0,0,4,5,5,0,5,2,0,0,0,10,-1,0
/Users/kaiohs/Downloads/codes/lab02-experimentacao-software/data/repos/NationalSecurityAgency__ghidra/Ghidra/Framework/Emulation/src/main/java/ghidra/pcode/emu/jit/var/JitLocalOutVar.java,ghidra.pcode.emu.jit.var.JitLocalOutVar,class,2,3,1,2,1,5,0,0,0,0.0,NaN,NaN,1,0,1,0,0,0,1,0,0,0,0,0,0,0,0,0,0,0,0,5,0,0,0,0,0,0,0,0,0,0,0,0,0,0,47,1,0
/Users/kaiohs/Downloads/codes/lab02-experimentacao-software/data/repos/NationalSecurityAgency__ghidra/Ghidra/Test/DebuggerIntegrationTest/src/test.slow/java/agent/lldb/rmi/AbstractLldbTraceRmiTest.java,agent.lldb.rmi.AbstractLldbTraceRmiTest$LldbAndConnection,innerclass,7,7,0,7,12,1,0,24,31,0.73333335,0.0,0.0,10,0,9,0,1,0,10,0,0,0,3,0,0,3,0,0,2,0,7,67,6,0,0,2,0,14,0,16,1,10,2,0,0,1,44,4,3
/Users/kaiohs/Downloads/codes/lab02-experimentacao-software/data/repos/NationalSecurityAgency__ghidra/Ghidra/Test/IntegrationTest/src/screen/java/help/screenshot/AutoAnalysisPluginScreenShots.java,help.screenshot.AutoAnalysisPluginScreenShots,class,5,5,0,5,6,3,0,22,15,0.0,0.0,0.0,6,0,6,0,0,0,6,0,0,0,0,0,0,0,0,0,0,0,0,80,0,0,0,0,0,12,67,14,2,13,0,0,1,0,76,1,0
/Users/kaiohs/Downloads/codes/lab02-experimentacao-software/data/repos/NationalSecurityAgency__ghidra/Ghidra/Framework/Emulation/src/main/java/generic/Span.java,generic.Span$Empty,interface,3,3,0,3,4,1,0,0,6,0.0,0.0,0.0,4,0,0,0,0,4,4,0,0,0,0,0,0,0,0,0,0,0,0,14,2,0,0,0,0,0,0,0,0,0,0,0,0,0,30,1,0
/Users/kaiohs/Downloads/codes/lab02-experimentacao-software/data/repos/NationalSecurityAgency__ghidra/GPL/DMG/src/dmg/java/mobiledevices/dmg/btree/BTreeTypes.java,mobiledevices.dmg.btree.BTreeTypes,class,0,0,0,0,0,1,0,0,0,NaN,-1.0,-1.0,0,0,0,0,0,0,0,0,0,0,3,3,3,0,0,0,3,0,0,5,0,0,0,0,0,0,3,3,0,3,0,0,0,0,16,17,0
/Users/kaiohs/Downloads/codes/lab02-experimentacao-software/data/repos/NationalSecurityAgency__ghidra/Ghidra/Framework/Pty/src/main/java/ghidra/pty/windows/jna/ConsoleApiNative.java,ghidra.pty.windows.jna.ConsoleApiNative,interface,18,23,5,18,7,5,0,1,21,1.0,0.0,0.0,7,0,0,0,0,7,7,0,0,0,2,0,0,0,0,2,0,0,0,53,0,0,0,0,0,1,0,2,0,2,0,0,4,0,51,1,0
/Users/kaiohs/Downloads/codes/lab02-experimentacao-software/data/repos/NationalSecurityAgency__ghidra/Ghidra/Framework/Emulation/src/main/java/ghidra/pcode/exec/PcodeExpression.java,ghidra.pcode.exec.PcodeExpression,class,9,10,1,9,2,4,0,1,1,1.0,0.0,0.0,2,0,1,0,1,0,2,0,0,0,2,2,1,0,1,0,2,0,0,18,1,0,0,0,0,1,0,3,0,3,0,0,1,0,52,1,0
/Users/kaiohs/Downloads/codes/lab02-experimentacao-software/data/repos/NationalSecurityAgency__ghidra/Ghidra/Test/IntegrationTest/src/screen/java/help/screenshot/BlockModelScreenShots.java,help.screenshot.BlockModelScreenShots,class,23,24,1,23,22,2,0,52,28,0.0,0.0,0.0,8,0,2,6,0,0,2,0,0,0,0,0,0,0,0,0,0,0,0,135,2,7,3,1,1,5,18,44,4,42,4,0,0,6,102,1,0
/Users/kaiohs/Downloads/codes/lab02-experimentacao-software/data/repos/NationalSecurityAgency__ghidra/Ghidra/Framework/SoftwareModeling/src/test.slow/java/ghidra/program/model/data/EnumTest.java,ghidra.program.model.data.EnumTest,class,8,8,0,8,16,2,0,27,0,0.26666668,0.0,0.0,15,0,15,0,0,0,15,0,0,0,1,0,0,1,0,0,0,0,0,178,0,0,0,1,1,76,84,53,4,53,1,0,0,0,71,1,0
/Users/kaiohs/Downloads/codes/lab02-experimentacao-software/data/repos/NationalSecurityAgency__ghidra/Ghidra/Test/DebuggerIntegrationTest/src/screen/java/ghidraclass/debugger/screenshot/TutorialDebuggerScreenShots.java,ghidraclass.debugger.screenshot.TutorialDebuggerScreenShots$MyTestEnv,innerclass,2,2,0,2,2,2,0,1,1,0.0,0.0,0.0,2,0,1,0,1,0,2,0,0,0,0,0,0,0,0,0,0,0,0,8,1,0,0,0,0,0,0,0,0,0,0,0,0,0,14,8,0
/Users/kaiohs/Downloads/codes/lab02-experimentacao-software/data/repos/NationalSecurityAgency__ghidra/Ghidra/Framework/Emulation/src/main/java/ghidra/app/emulator/EmulatorHelper.java,ghidra.app.emulator.EmulatorHelper$Anonymous3,anonymous,3,3,0,3,3,1,0,5,0,0.0,NaN,NaN,1,0,1,0,0,0,1,0,0,0,5,0,0,5,0,0,0,0,1,21,2,0,1,0,0,0,4,9,0,7,1,0,0,0,17,-1,0
/Users/kaiohs/Downloads/codes/lab02-experimentacao-software/data/repos/NationalSecurityAgency__ghidra/Ghidra/Framework/Emulation/src/main/java/ghidra/app/emulator/EmulatorHelper.java,ghidra.app.emulator.EmulatorHelper$Anonymous2,anonymous,6,6,0,6,2,1,0,1,1,0.0,0.0,0.0,2,0,2,0,0,0,2,0,0,0,0,0,0,0,0,0,0,0,0,8,2,0,0,0,0,0,0,0,0,0,0,0,0,0,12,-1,0
/Users/kaiohs/Downloads/codes/lab02-experimentacao-software/data/repos/NationalSecurityAgency__ghidra/Ghidra/Framework/Emulation/src/main/java/ghidra/app/emulator/EmulatorHelper.java,ghidra.app.emulator.EmulatorHelper$Anonymous1,anonymous,2,2,0,2,1,1,0,1,0,0.0,NaN,NaN,1,0,1,0,0,0,1,0,0,0,0,0,0,0,0,0,0,0,0,6,1,0,0,0,0,0,0,0,0,0,0,0,0,0,5,-1,0
/Users/kaiohs/Downloads/codes/lab02-experimentacao-software/data/repos/NationalSecurityAgency__ghidra/Ghidra/Test/IntegrationTest/src/test.slow/java/ghidra/app/plugin/core/clipboard/ClipboardPluginTest.java,ghidra.app.plugin.core.clipboard.ClipboardPluginTest$DecompilerWrapper,innerclass,8,8,0,8,7,1,0,9,1,0.2857143,0.0,0.0,7,0,7,0,0,0,7,0,0,0,1,0,0,1,0,0,1,0,0,29,4,0,0,0,0,4,4,5,0,5,0,0,0,1,37,0,0
/Users/kaiohs/Downloads/codes/lab02-experimentacao-software/data/repos/NationalSecurityAgency__ghidra/Ghidra/Framework/Emulation/src/main/java/ghidra/pcode/exec/SleighPcodeUseropDefinition.java,ghidra.pcode.exec.SleighPcodeUseropDefinition,interface,9,13,4,9,4,1,0,3,6,1.0,0.0,0.0,4,0,1,0,0,3,4,0,0,0,2,0,0,0,0,2,0,0,3,34,1,0,0,0,0,1,0,2,0,2,0,0,4,0,112,1,0
/Users/kaiohs/Downloads/codes/lab02-experimentacao-software/data/repos/NationalSecurityAgency__ghidra/Ghidra/Framework/SoftwareModeling/src/main/java/ghidra/app/plugin/assembler/sleigh/parse/AssemblyParser.java,ghidra.app.plugin.assembler.sleigh.parse.AssemblyParser,class,21,24,3,21,60,1,0,78,45,0.7708333,0.0,0.0,18,0,13,0,5,0,18,0,0,0,8,0,0,0,8,0,5,0,2,311,6,28,6,0,0,34,14,47,15,43,3,1,2,2,178,1,1
/Users/kaiohs/Downloads/codes/lab02-experimentacao-software/data/repos/NationalSecurityAgency__ghidra/Ghidra/Framework/Emulation/src/test/java/ghidra/pcode/opbehavior/OpBehaviorFloatFloat2FloatTest.java,ghidra.pcode.opbehavior.OpBehaviorFloatFloat2FloatTest,class,4,4,0,4,3,3,0,9,3,0.0,0.0,0.0,3,0,3,0,0,0,3,0,0,0,0,0,0,0,0,0,0,0,0,45,0,0,0,0,0,0,37,26,0,10,0,0,0,0,20,1,0
/Users/kaiohs/Downloads/codes/lab02-experimentacao-software/data/repos/NationalSecurityAgency__ghidra/Ghidra/Framework/Emulation/src/main/java/ghidra/pcode/emu/jit/gen/util/Methods.java,ghidra.pcode.emu.jit.gen.util.CkEnt,interface,1,2,1,1,0,1,0,0,0,0.0,-1.0,-1.0,0,0,0,0,0,0,0,0,0,0,0,0,0,0,0,0,0,0,0,2,0,0,0,0,0,0,0,0,0,0,0,0,0,0,16,0,0
/Users/kaiohs/Downloads/codes/lab02-experimentacao-software/data/repos/NationalSecurityAgency__ghidra/Ghidra/Test/IntegrationTest/src/test.slow/java/ghidra/util/task/RunManagerTest.java,ghidra.util.task.RunManagerTest$BasicTestRunnable,innerclass,3,3,0,3,3,2,0,6,0,0.0,NaN,NaN,1,0,1,0,0,0,1,0,0,0,0,0,0,0,0,0,0,0,1,20,1,0,0,1,0,7,1,1,4,0,1,0,0,0,17,2,0
/Users/kaiohs/Downloads/codes/lab02-experimentacao-software/data/repos/NationalSecurityAgency__ghidra/Ghidra/Test/IntegrationTest/src/test/java/ghidra/util/task/CachingSwingWorkerTest.java,ghidra.util.task.CachingSwingWorkerTest$Anonymous1,anonymous,0,0,0,0,2,1,0,1,0,0.0,NaN,NaN,1,0,0,0,1,0,1,0,0,0,0,0,0,0,0,0,0,0,0,7,0,1,0,0,0,0,0,0,0,0,1,0,0,0,4,-1,0
/Users/kaiohs/Downloads/codes/lab02-experimentacao-software/data/repos/NationalSecurityAgency__ghidra/Ghidra/Test/IntegrationTest/src/screen/java/help/screenshot/RelocationTablePluginScreenShots.java,help.screenshot.RelocationTablePluginScreenShots,class,2,2,0,2,2,2,0,2,1,0.0,0.0,0.0,2,0,2,0,0,0,2,0,0,0,0,0,0,0,0,0,0,0,0,9,0,0,0,0,0,3,0,0,0,0,0,0,0,0,14,1,0
/Users/kaiohs/Downloads/codes/lab02-experimentacao-software/data/repos/NationalSecurityAgency__ghidra/Ghidra/Framework/Emulation/src/main/java/ghidra/pcode/exec/AbstractBytesPcodeExecutorStatePiece.java,ghidra.pcode.exec.AbstractBytesPcodeExecutorStatePiece$StateMemBuffer,innerclass,9,9,0,9,8,1,0,10,4,0.53333336,0.0,0.0,5,0,5,0,0,0,5,0,0,0,3,0,0,0,3,0,2,0,0,35,6,0,2,0,0,0,3,7,2,6,2,0,0,0,51,4,0
/Users/kaiohs/Downloads/codes/lab02-experimentacao-software/data/repos/NationalSecurityAgency__ghidra/Ghidra/Framework/Emulation/src/test/java/ghidra/pcode/opbehavior/OpBehaviorIntSRightTest.java,ghidra.pcode.opbehavior.OpBehaviorIntSRightTest,class,3,3,0,3,3,3,0,4,3,0.0,0.0,0.0,3,0,3,0,0,0,3,0,0,0,0,0,0,0,0,0,0,0,0,51,0,0,0,0,0,0,206,2,0,2,0,0,0,0,31,1,0
/Users/kaiohs/Downloads/codes/lab02-experimentacao-software/data/repos/NationalSecurityAgency__ghidra/GhidraBuild/LaunchSupport/src/main/java/ghidra/launch/LaunchProperties.java,ghidra.launch.LaunchProperties,class,2,6,4,2,28,1,0,27,2,0.73214287,0.0,0.0,8,2,6,2,0,0,6,0,0,0,7,5,5,2,0,0,0,0,6,112,8,4,10,2,1,16,6,33,5,29,4,0,0,0,152,1,0
/Users/kaiohs/Downloads/codes/lab02-experimentacao-software/data/repos/NationalSecurityAgency__ghidra/Ghidra/Framework/Emulation/src/main/java/ghidra/pcode/exec/SleighPcodeUseropDefinition.java,ghidra.pcode.exec.SleighPcodeUseropDefinition$BuilderStage1,interface,2,2,0,2,2,1,0,2,1,0.0,0.0,0.0,2,0,0,0,0,2,2,0,0,0,0,0,0,0,0,0,0,0,1,6,1,0,0,0,0,0,0,0,0,0,0,0,0,0,25,1,0
/Users/kaiohs/Downloads/codes/lab02-experimentacao-software/data/repos/NationalSecurityAgency__ghidra/Ghidra/Framework/Emulation/src/main/java/ghidra/pcode/opbehavior/OpBehaviorIntSdiv.java,ghidra.pcode.opbehavior.OpBehaviorIntSdiv,class,2,3,1,2,5,3,0,5,3,0.0,0.0,0.0,3,0,3,0,0,0,3,0,0,0,0,0,0,0,0,0,0,0,0,21,2,0,2,0,0,2,8,8,7,3,1,0,0,0,18,1,0
/Users/kaiohs/Downloads/codes/lab02-experimentacao-software/data/repos/NationalSecurityAgency__ghidra/GhidraBuild/EclipsePlugins/GhidraDev/GhidraDevPlugin/src/main/java/ghidradev/GhidraDevStartup.java,ghidradev.GhidraDevStartup,class,2,2,0,2,1,1,0,1,0,0.0,NaN,NaN,1,0,1,0,0,0,1,0,0,0,0,0,0,0,0,0,0,0,0,30,0,0,0,0,0,1,0,1,1,1,0,1,0,0,11,1,0
/Users/kaiohs/Downloads/codes/lab02-experimentacao-software/data/repos/NationalSecurityAgency__ghidra/Ghidra/Framework/Emulation/src/main/java/ghidra/pcode/exec/PcodeExecutor.java,ghidra.pcode.exec.PcodeExecutor,class,21,39,18,21,60,1,0,70,919,0.8652482,0.0,0.0,47,0,26,0,21,0,47,0,0,0,6,0,0,0,6,0,6,0,1,238,21,1,5,2,0,8,10,44,4,42,2,0,0,0,306,1,0
/Users/kaiohs/Downloads/codes/lab02-experimentacao-software/data/repos/NationalSecurityAgency__ghidra/Ghidra/Framework/SoftwareModeling/src/test/java/ghidra/program/model/TestDoubleCategory.java,ghidra.program.model.TestDoubleCategory,class,6,6,0,6,24,1,0,0,270,0.875,0.0,0.0,24,0,24,0,0,0,24,0,0,0,1,0,0,1,0,0,0,0,0,75,1,0,0,0,0,0,0,2,0,1,0,0,0,0,48,1,0
/Users/kaiohs/Downloads/codes/lab02-experimentacao-software/data/repos/NationalSecurityAgency__ghidra/Ghidra/Framework/Emulation/src/main/java/ghidra/pcode/emu/jit/gen/JitCodeGenerator.java,ghidra.pcode.emu.jit.gen.JitCodeGenerator$PcGen$Anonymous6,anonymous,5,5,0,5,1,1,0,1,0,0.0,NaN,NaN,1,0,1,0,0,0,1,0,0,0,0,0,0,0,0,0,0,0,0,5,1,0,0,0,0,0,0,0,0,0,0,0,0,0,3,-1,0
/Users/kaiohs/Downloads/codes/lab02-experimentacao-software/data/repos/NationalSecurityAgency__ghidra/Ghidra/Framework/Emulation/src/main/java/ghidra/pcode/emu/jit/gen/JitCodeGenerator.java,ghidra.pcode.emu.jit.gen.JitCodeGenerator$PcGen$Anonymous5,anonymous,4,4,0,4,1,1,0,2,0,0.0,NaN,NaN,1,0,1,0,0,0,1,0,0,0,0,0,0,0,0,0,0,0,0,5,1,0,0,0,0,0,0,0,0,0,0,0,0,0,3,-1,0
/Users/kaiohs/Downloads/codes/lab02-experimentacao-software/data/repos/NationalSecurityAgency__ghidra/Ghidra/Framework/Emulation/src/main/java/ghidra/pcode/emu/jit/gen/access/LongAccessGen.java,ghidra.pcode.emu.jit.gen.access.LongAccessGen$Anonymous2,anonymous,14,14,0,14,6,1,0,13,6,0.0,0.0,0.0,4,0,4,0,0,0,4,0,0,0,0,0,0,0,0,0,0,0,0,34,6,0,0,0,2,0,2,14,17,14,1,0,0,0,35,-1,0
/Users/kaiohs/Downloads/codes/lab02-experimentacao-software/data/repos/NationalSecurityAgency__ghidra/Ghidra/Framework/Emulation/src/main/java/ghidra/pcode/emu/jit/gen/access/LongAccessGen.java,ghidra.pcode.emu.jit.gen.access.LongAccessGen$Anonymous1,anonymous,14,14,0,14,6,1,0,13,6,0.0,0.0,0.0,4,0,4,0,0,0,4,0,0,0,0,0,0,0,0,0,0,0,0,34,6,0,0,0,2,0,2,14,20,14,1,0,0,0,35,-1,0
/Users/kaiohs/Downloads/codes/lab02-experimentacao-software/data/repos/NationalSecurityAgency__ghidra/Ghidra/Framework/Emulation/src/main/java/generic/ULongSpan.java,generic.ULongSpan$Empty,innerclass,5,5,0,5,4,1,0,1,6,1.0,0.0,0.0,4,0,3,1,0,0,3,0,0,0,1,1,0,1,0,0,1,0,0,14,3,0,0,0,0,0,1,1,0,1,0,0,0,0,22,0,0
/Users/kaiohs/Downloads/codes/lab02-experimentacao-software/data/repos/NationalSecurityAgency__ghidra/Ghidra/Framework/Emulation/src/main/java/ghidra/pcode/opbehavior/OpBehaviorFloatFloor.java,ghidra.pcode.opbehavior.OpBehaviorFloatFloor,class,2,3,1,2,3,3,0,2,3,0.0,0.0,0.0,3,0,3,0,0,0,3,0,0,0,0,0,0,0,0,0,0,0,0,13,2,0,0,0,0,0,0,2,0,2,0,0,0,0,12,1,0
/Users/kaiohs/Downloads/codes/lab02-experimentacao-software/data/repos/NationalSecurityAgency__ghidra/Ghidra/Framework/Emulation/src/main/java/ghidra/pcode/emu/jit/gen/op/FloatOpBinOpGen.java,ghidra.pcode.emu.jit.gen.op.FloatOpBinOpGen,interface,18,22,4,18,4,1,0,0,6,0.0,0.0,0.0,4,0,0,0,0,4,4,0,0,0,0,0,0,0,0,0,0,0,0,9,1,0,0,0,0,0,0,0,0,0,0,0,0,0,63,1,0
/Users/kaiohs/Downloads/codes/lab02-experimentacao-software/data/repos/NationalSecurityAgency__ghidra/Ghidra/Framework/Emulation/src/main/java/ghidra/pcode/exec/OverloadedSleighPcodeUseropDefinition.java,ghidra.pcode.exec.OverloadedSleighPcodeUseropDefinition,class,9,11,2,9,9,2,0,10,16,0.5,0.0,0.0,8,0,6,1,1,0,7,0,0,0,1,0,0,0,1,0,1,0,0,37,8,0,1,0,0,1,1,4,1,5,1,0,0,1,60,1,0
/Users/kaiohs/Downloads/codes/lab02-experimentacao-software/data/repos/NationalSecurityAgency__ghidra/Ghidra/Framework/SoftwareModeling/src/main/java/ghidra/app/plugin/assembler/sleigh/parse/AssemblyParseActionGotoTable.java,ghidra.app.plugin.assembler.sleigh.parse.AssemblyParseActionGotoTable$AcceptAction,innerclass,2,2,0,2,1,2,0,0,0,1.0,NaN,NaN,1,0,1,0,0,0,1,0,0,0,1,1,1,0,0,0,1,0,0,6,1,0,0,0,0,1,0,1,0,1,0,0,0,0,12,9,0
/Users/kaiohs/Downloads/codes/lab02-experimentacao-software/data/repos/NationalSecurityAgency__ghidra/Ghidra/Test/IntegrationTest/src/test.slow/java/ghidra/util/task/RunManagerTest.java,ghidra.util.task.RunManagerTest$TestSwingRunnable,innerclass,4,4,0,4,4,2,0,5,1,0.33333334,0.0,0.0,3,0,2,0,0,1,3,0,0,0,1,0,0,1,0,0,0,0,1,22,1,0,0,1,0,5,1,2,3,1,1,0,0,0,21,2,0
/Users/kaiohs/Downloads/codes/lab02-experimentacao-software/data/repos/NationalSecurityAgency__ghidra/Ghidra/Framework/Emulation/src/main/java/ghidra/pcode/exec/SleighPcodeUseropDefinition.java,ghidra.pcode.exec.SleighPcodeUseropDefinition$BuilderStage2,interface,5,5,0,5,3,1,0,0,3,0.0,0.0,0.0,3,0,0,0,0,3,3,0,0,0,0,0,0,0,0,0,0,0,0,5,0,0,0,0,0,0,0,0,0,0,0,0,0,0,62,1,0
/Users/kaiohs/Downloads/codes/lab02-experimentacao-software/data/repos/NationalSecurityAgency__ghidra/GhidraBuild/EclipsePlugins/GhidraDev/GhidraDevPlugin/src/main/java/ghidradev/ghidrasymbollookup/preferences/GhidraSymbolLookupPreferences.java,ghidradev.ghidrasymbollookup.preferences.GhidraSymbolLookupPreferences,class,2,4,2,2,6,1,0,7,4,0.6666667,0.0,0.0,4,4,4,0,0,0,4,0,0,0,3,3,0,0,0,3,3,0,5,30,5,0,0,1,0,3,1,8,0,8,1,0,0,0,74,1,0
/Users/kaiohs/Downloads/codes/lab02-experimentacao-software/data/repos/NationalSecurityAgency__ghidra/GhidraBuild/EclipsePlugins/GhidraDev/GhidraDevPlugin/src/main/java/ghidradev/ghidraprojectcreator/utils/GhidraModuleUtils.java,ghidradev.ghidraprojectcreator.utils.GhidraModuleUtils$ModuleTemplateType,enum,0,0,0,0,3,1,0,0,0,0.33333334,0.0,0.0,3,0,2,1,0,0,2,0,0,0,2,0,0,2,0,0,0,0,0,13,2,0,0,0,0,12,0,2,0,2,0,0,0,0,49,1,0
/Users/kaiohs/Downloads/codes/lab02-experimentacao-software/data/repos/NationalSecurityAgency__ghidra/Ghidra/Framework/Emulation/src/main/java/ghidra/pcode/emu/jit/var/JitDirectMemoryVar.java,ghidra.pcode.emu.jit.var.JitDirectMemoryVar,class,3,5,2,3,1,4,0,0,0,0.0,NaN,NaN,1,0,1,0,0,0,1,0,0,0,0,0,0,0,0,0,0,0,0,5,0,0,0,0,0,0,0,0,0,0,0,0,0,0,42,1,0
/Users/kaiohs/Downloads/codes/lab02-experimentacao-software/data/repos/NationalSecurityAgency__ghidra/Ghidra/Framework/Emulation/src/main/java/ghidra/pcode/emulate/EmulateDisassemblerContext.java,ghidra.pcode.emulate.EmulateDisassemblerContext,class,8,10,2,8,40,1,0,20,88,0.7941176,0.0,0.0,17,0,14,2,0,1,15,0,0,0,6,0,0,6,0,0,3,0,1,143,8,4,12,0,0,1,5,32,2,18,3,0,0,0,66,1,0
/Users/kaiohs/Downloads/codes/lab02-experimentacao-software/data/repos/NationalSecurityAgency__ghidra/Ghidra/Framework/SoftwareModeling/src/main/java/ghidra/app/plugin/assembler/sleigh/sem/AssemblyHiddenConstructStateGenerator.java,ghidra.app.plugin.assembler.sleigh.sem.AssemblyHiddenConstructStateGenerator,class,11,13,2,11,4,3,0,11,4,0.5,0.0,0.0,4,0,2,0,2,0,4,0,0,0,1,0,0,0,1,0,1,0,3,18,3,0,0,0,0,0,2,3,0,5,0,0,0,2,66,1,0
/Users/kaiohs/Downloads/codes/lab02-experimentacao-software/data/repos/NationalSecurityAgency__ghidra/Ghidra/Framework/Pty/src/main/java/ghidra/pty/unix/Util.java,ghidra.pty.unix.Util,interface,4,7,3,4,1,1,0,1,0,1.0,NaN,NaN,1,0,0,0,0,1,1,0,0,0,2,0,0,0,0,2,0,0,0,10,0,0,0,0,0,1,0,2,0,2,0,1,0,0,98,1,0
/Users/kaiohs/Downloads/codes/lab02-experimentacao-software/data/repos/NationalSecurityAgency__ghidra/Ghidra/Framework/Emulation/src/main/java/ghidra/pcode/emu/jit/var/AbstractJitVar.java,ghidra.pcode.emu.jit.var.AbstractJitVar,class,2,3,1,2,3,2,1,3,0,0.0,0.0,0.0,3,0,3,0,0,0,3,0,0,0,1,0,0,0,1,0,1,0,0,13,2,0,0,0,0,1,0,1,0,1,0,0,0,0,30,1025,0
/Users/kaiohs/Downloads/codes/lab02-experimentacao-software/data/repos/NationalSecurityAgency__ghidra/Ghidra/Framework/Emulation/src/main/java/ghidra/pcode/emu/jit/gen/util/SubScope.java,ghidra.pcode.emu.jit.gen.util.SubScope,interface,1,4,3,1,1,1,0,0,0,0.0,NaN,NaN,1,0,0,0,0,1,1,0,0,0,0,0,0,0,0,0,0,0,0,3,0,0,0,0,0,0,0,0,0,0,0,0,0,0,11,1,0
/Users/kaiohs/Downloads/codes/lab02-experimentacao-software/data/repos/NationalSecurityAgency__ghidra/Ghidra/Test/IntegrationTest/src/test.slow/java/ghidra/app/util/headless/MyHeadlessToolkit.java,ghidra.app.util.headless.MyHeadlessToolkit,class,3,4,1,3,30,2,0,29,0,0.65277773,0.0,0.0,24,1,21,1,1,1,23,0,0,0,3,2,0,2,0,1,0,0,4,105,19,0,1,3,0,7,0,7,3,4,3,0,0,0,83,1,0
/Users/kaiohs/Downloads/codes/lab02-experimentacao-software/data/repos/NationalSecurityAgency__ghidra/Ghidra/Framework/Emulation/src/main/java/ghidra/pcode/emu/jit/var/AbstractJitVal.java,ghidra.pcode.emu.jit.var.AbstractJitVal,class,3,7,4,3,5,1,2,2,2,0.5,0.0,0.0,5,0,5,0,0,0,5,0,0,0,2,0,0,0,2,0,2,0,0,19,2,0,0,0,0,0,0,2,0,2,0,0,0,0,20,1025,0
/Users/kaiohs/Downloads/codes/lab02-experimentacao-software/data/repos/NationalSecurityAgency__ghidra/Ghidra/Framework/Emulation/src/main/java/ghidra/pcode/exec/PairedPcodeExecutorStatePiece.java,ghidra.pcode.exec.PairedPcodeExecutorStatePiece,class,16,18,2,16,21,1,0,37,0,0.525,0.0,0.0,20,0,20,0,0,0,20,0,0,0,4,0,0,4,0,0,4,0,1,83,13,1,0,0,0,0,0,8,0,9,1,0,0,1,138,1,0
/Users/kaiohs/Downloads/codes/lab02-experimentacao-software/data/repos/NationalSecurityAgency__ghidra/Ghidra/Framework/Emulation/src/main/java/ghidra/pcode/opbehavior/OpBehaviorIntOr.java,ghidra.pcode.opbehavior.OpBehaviorIntOr,class,1,2,1,1,3,3,0,1,3,0.0,0.0,0.0,3,0,3,0,0,0,3,0,0,0,0,0,0,0,0,0,0,0,0,13,2,0,0,0,0,0,0,2,0,2,0,0,0,0,11,1,0
/Users/kaiohs/Downloads/codes/lab02-experimentacao-software/data/repos/NationalSecurityAgency__ghidra/Ghidra/Test/DebuggerIntegrationTest/src/test/java/ghidra/app/plugin/core/debug/service/breakpoint/AbstractDebuggerLogicalBreakpointServiceTest.java,ghidra.app.plugin.core.debug.service.breakpoint.AbstractDebuggerLogicalBreakpointServiceTest$ForTimingMappingChangeListener,innerclass,4,4,0,4,1,1,0,1,0,0.0,NaN,NaN,1,0,1,0,0,0,1,0,0,0,1,0,0,0,1,0,1,0,0,6,0,0,0,0,0,0,0,1,0,1,0,0,0,0,13,4,0
/Users/kaiohs/Downloads/codes/lab02-experimentacao-software/data/repos/NationalSecurityAgency__ghidra/Ghidra/Framework/Emulation/src/test/java/ghidra/pcode/exec/AbstractEmulationEquivalenceTest.java,ghidra.pcode.exec.AbstractEmulationEquivalenceTest$TestMemoryFaultHandler,innerclass,3,3,0,3,2,1,0,0,1,0.0,0.0,0.0,2,0,2,0,0,0,2,0,0,0,0,0,0,0,0,0,0,0,0,8,2,0,0,0,0,0,0,0,0,0,0,0,0,0,12,12,0
/Users/kaiohs/Downloads/codes/lab02-experimentacao-software/data/repos/NationalSecurityAgency__ghidra/Ghidra/Framework/Emulation/src/main/java/ghidra/pcode/emu/jit/gen/tgt/JitCompiledPassage.java,ghidra.pcode.emu.jit.gen.tgt.JitCompiledPassage$EntryPointPrototype,innerclass,4,4,0,4,8,1,0,5,0,0.26666668,0.0,0.0,5,0,5,0,0,0,5,0,0,0,3,0,0,3,0,0,3,0,1,32,7,0,1,0,1,1,0,3,0,4,1,0,0,1,64,0,0
/Users/kaiohs/Downloads/codes/lab02-experimentacao-software/data/repos/NationalSecurityAgency__ghidra/Ghidra/Framework/SoftwareModeling/src/test/java/ghidra/program/database/data/merge/StructureBuilder.java,ghidra.program.database.data.merge.StructureBuilder,class,6,8,2,6,10,1,0,5,0,0.45000002,0.0,0.0,10,0,10,0,0,0,10,0,0,0,2,0,0,1,0,1,0,0,0,41,8,0,0,0,0,0,4,2,4,2,0,0,0,0,26,1,0
/Users/kaiohs/Downloads/codes/lab02-experimentacao-software/data/repos/NationalSecurityAgency__ghidra/GhidraBuild/EclipsePlugins/GhidraDev/GhidraDevPlugin/src/main/java/ghidradev/ghidraprojectcreator/launchers/PyGhidraLaunchDelegate.java,ghidradev.ghidraprojectcreator.launchers.PyGhidraLaunchDelegate,class,15,16,1,15,14,2,0,44,1,0.0,NaN,NaN,2,1,1,1,0,0,1,0,0,0,0,0,0,0,0,0,0,0,14,87,2,0,4,3,0,30,0,24,6,18,2,0,0,1,105,1,1
/Users/kaiohs/Downloads/codes/lab02-experimentacao-software/data/repos/NationalSecurityAgency__ghidra/Ghidra/Framework/Emulation/src/main/java/ghidra/pcode/emu/DefaultPcodeThread.java,ghidra.pcode.emu.DefaultPcodeThread$PcodeEmulationLibrary,innerclass,6,6,0,6,5,3,0,4,0,0.2,0.0,0.0,5,0,5,0,0,0,5,0,0,0,1,0,0,1,0,0,1,0,0,24,0,0,0,0,0,0,0,5,0,3,0,0,0,0,126,9,0
/Users/kaiohs/Downloads/codes/lab02-experimentacao-software/data/repos/NationalSecurityAgency__ghidra/Ghidra/Framework/Emulation/src/main/java/ghidra/pcode/exec/PcodeProgram.java,ghidra.pcode.exec.PcodeProgram,class,17,39,22,17,22,3,2,29,41,0.5952381,0.0,0.0,14,3,12,0,2,0,14,0,0,0,3,0,0,0,3,0,3,0,5,144,14,3,0,0,1,1,2,15,0,12,2,0,2,0,136,1,0
/Users/kaiohs/Downloads/codes/lab02-experimentacao-software/data/repos/NationalSecurityAgency__ghidra/Ghidra/Framework/SoftwareModeling/src/test/java/ghidra/sleigh/grammar/SleighPreprocessorTest.java,ghidra.sleigh.grammar.SleighPreprocessorTest,class,6,7,1,6,24,2,0,26,13,0.6666667,NaN,NaN,6,0,1,5,0,0,1,0,0,0,1,1,0,1,0,0,1,0,1,89,3,4,10,0,2,22,3,26,6,23,3,0,0,0,81,1,1
/Users/kaiohs/Downloads/codes/lab02-experimentacao-software/data/repos/NationalSecurityAgency__ghidra/Ghidra/Framework/Pty/src/main/java/ghidra/pty/local/LocalWindowsNativeProcessPtySession.java,ghidra.pty.local.LocalWindowsNativeProcessPtySession,class,6,8,2,6,17,1,0,12,9,0.64285713,0.0,0.0,7,0,6,0,1,0,7,0,0,0,4,0,0,4,0,0,4,0,1,62,6,1,2,1,0,4,2,8,2,8,3,0,0,1,44,1,1
/Users/kaiohs/Downloads/codes/lab02-experimentacao-software/data/repos/NationalSecurityAgency__ghidra/Ghidra/Framework/Emulation/src/main/java/ghidra/pcode/emu/jit/gen/access/SimpleAccessGen.java,ghidra.pcode.emu.jit.gen.access.SimpleAccessGen,interface,15,20,5,15,2,1,0,0,1,0.0,0.0,0.0,2,0,0,0,0,2,2,0,0,0,0,0,0,0,0,0,0,0,0,4,0,0,0,0,0,0,0,0,0,0,0,0,0,0,86,1,0
/Users/kaiohs/Downloads/codes/lab02-experimentacao-software/data/repos/NationalSecurityAgency__ghidra/Ghidra/Framework/Emulation/src/main/java/ghidra/pcode/emu/jit/gen/op/UnOpGen.java,ghidra.pcode.emu.jit.gen.op.UnOpGen,interface,4,16,12,4,2,1,0,2,1,0.0,0.0,0.0,2,0,0,0,0,2,2,0,0,0,0,0,0,0,0,0,0,0,0,6,1,0,0,0,0,0,0,0,0,0,0,0,0,0,54,1,0
/Users/kaiohs/Downloads/codes/lab02-experimentacao-software/data/repos/NationalSecurityAgency__ghidra/Ghidra/Test/DebuggerIntegrationTest/src/test.slow/java/agent/TraceRmiPythonClientTest.java,agent.TraceRmiPythonClientTest$PyError,innerclass,0,0,0,0,1,4,0,1,0,0.0,NaN,NaN,1,0,1,0,0,0,1,0,0,0,2,0,2,0,0,0,2,0,0,9,0,0,0,0,0,0,0,2,0,2,0,0,0,0,7,12,0
/Users/kaiohs/Downloads/codes/lab02-experimentacao-software/data/repos/NationalSecurityAgency__ghidra/Ghidra/Framework/SoftwareModeling/src/main/java/ghidra/app/plugin/assembler/sleigh/parse/AssemblyParseActionGotoTable.java,ghidra.app.plugin.assembler.sleigh.parse.AssemblyParseActionGotoTable$ShiftAction,innerclass,1,1,0,1,2,2,0,0,0,0.0,0.0,0.0,2,0,2,0,0,0,2,0,0,0,1,0,0,0,1,0,0,0,0,9,1,0,0,0,0,1,0,1,1,1,0,0,0,0,15,9,0
/Users/kaiohs/Downloads/codes/lab02-experimentacao-software/data/repos/NationalSecurityAgency__ghidra/Ghidra/Framework/Emulation/src/main/java/ghidra/pcode/emu/jit/var/JitOutVar.java,ghidra.pcode.emu.jit.var.JitOutVar,interface,2,13,11,2,2,1,0,0,1,0.0,0.0,0.0,2,0,0,0,0,2,2,0,0,0,0,0,0,0,0,0,0,0,0,4,0,0,0,0,0,0,0,0,0,0,0,0,0,0,42,1,0
/Users/kaiohs/Downloads/codes/lab02-experimentacao-software/data/repos/NationalSecurityAgency__ghidra/Ghidra/Test/DebuggerIntegrationTest/src/test.slow/java/agent/x64dbg/rmi/X64dbgMethodsTest.java,agent.x64dbg.rmi.X64dbgMethodsTest,class,17,18,1,17,52,3,0,99,946,0.0,0.0,0.0,44,0,35,8,1,0,36,0,0,0,0,0,0,0,0,0,0,0,86,695,5,5,1,74,0,366,65,249,9,221,4,0,0,7,197,1,0
/Users/kaiohs/Downloads/codes/lab02-experimentacao-software/data/repos/NationalSecurityAgency__ghidra/GhidraBuild/EclipsePlugins/GhidraDev/GhidraDevPlugin/src/main/java/ghidradev/GhidraRootPreferenceInitializer.java,ghidradev.GhidraRootPreferenceInitializer,class,3,3,0,3,1,2,0,3,0,0.0,NaN,NaN,1,0,1,0,0,0,1,0,0,0,0,0,0,0,0,0,0,0,1,6,0,0,0,0,0,0,0,1,0,1,0,0,0,0,15,1,0
/Users/kaiohs/Downloads/codes/lab02-experimentacao-software/data/repos/NationalSecurityAgency__ghidra/Ghidra/Test/IntegrationTest/src/test.slow/java/ghidra/pcode/emu/jit/analysis/JitDataFlowModelTest.java,ghidra.pcode.emu.jit.analysis.Dir,enum,13,14,1,13,15,1,0,12,0,0.64285713,0.0,0.0,7,3,5,0,0,2,9,0,0,0,4,0,0,0,0,4,0,0,3,88,7,2,0,2,0,4,0,0,2,9,3,0,1,3,38,0,0
/Users/kaiohs/Downloads/codes/lab02-experimentacao-software/data/repos/NationalSecurityAgency__ghidra/Ghidra/Test/DebuggerIntegrationTest/src/test.slow/java/agent/lldb/rmi/AbstractLldbTraceRmiTest.java,agent.lldb.rmi.AbstractLldbTraceRmiTest,class,30,35,5,30,85,5,3,108,805,0.9380953,0.0,0.0,42,12,6,2,26,8,40,0,0,0,10,8,3,1,6,0,7,0,28,403,28,8,9,7,1,86,34,70,12,63,3,1,2,9,255,1025,2
/Users/kaiohs/Downloads/codes/lab02-experimentacao-software/data/repos/NationalSecurityAgency__ghidra/Ghidra/Test/IntegrationTest/src/test.slow/java/ghidra/framework/main/LaunchUrlInToolTest.java,ghidra.framework.main.LaunchUrlInToolTest,class,28,29,1,28,18,2,0,56,0,0.80555564,0.0,0.0,15,0,10,5,0,0,10,0,0,0,12,8,0,12,0,0,8,0,6,205,2,0,1,2,0,35,6,73,2,74,2,0,0,9,129,1,0
/Users/kaiohs/Downloads/codes/lab02-experimentacao-software/data/repos/NationalSecurityAgency__ghidra/GPL/DMG/src/dmg/java/mobiledevices/dmg/ghidra/GDataConverter.java,mobiledevices.dmg.ghidra.GDataConverter,interface,1,5,4,1,24,1,0,0,276,0.0,0.0,0.0,24,0,24,0,0,0,24,0,0,0,0,0,0,0,0,0,0,0,0,26,0,0,0,0,0,0,0,0,0,0,0,0,0,0,64,1,0
/Users/kaiohs/Downloads/codes/lab02-experimentacao-software/data/repos/NationalSecurityAgency__ghidra/Ghidra/Framework/Emulation/src/main/java/ghidra/pcode/emu/jit/var/JitFailVal.java,ghidra.pcode.emu.jit.var.JitFailVal,enum,2,4,2,2,4,1,0,1,6,0.0,0.0,0.0,4,0,4,0,0,0,4,0,0,0,0,0,0,0,0,0,0,0,1,12,2,0,0,0,0,0,1,0,0,0,0,0,0,0,26,1,0
/Users/kaiohs/Downloads/codes/lab02-experimentacao-software/data/repos/NationalSecurityAgency__ghidra/GhidraBuild/EclipsePlugins/GhidraDev/GhidraDevPlugin/src/main/java/ghidradev/ghidrasymbollookup/preferences/CdtProjectFieldEditor.java,ghidradev.ghidrasymbollookup.preferences.CdtProjectFieldEditor,class,5,6,1,5,5,2,0,11,1,0.0,0.0,0.0,2,0,1,0,1,0,2,0,0,0,0,0,0,0,0,0,0,0,1,17,2,0,1,0,0,2,3,2,0,3,1,0,0,1,47,1,0
/Users/kaiohs/Downloads/codes/lab02-experimentacao-software/data/repos/NationalSecurityAgency__ghidra/Ghidra/Test/DebuggerIntegrationTest/src/test/java/ghidra/debug/flatapi/AbstractLiveFlatDebuggerAPITest.java,ghidra.debug.flatapi.AbstractLiveFlatDebuggerAPITest,class,5,8,3,5,15,4,0,10,105,0.0,0.0,0.0,15,0,11,0,4,0,15,4,0,0,0,0,0,0,0,0,0,0,0,45,0,0,0,0,0,0,0,0,0,1,0,0,1,7,24,1025,0
/Users/kaiohs/Downloads/codes/lab02-experimentacao-software/data/repos/NationalSecurityAgency__ghidra/GhidraBuild/BuildFiles/Doclets/src/main/java/ghidra/doclets/typestubs/HtmlDocTree.java,ghidra.doclets.typestubs.HtmlDocTree,class,11,14,3,11,19,1,0,16,12,0.65625,0.0,0.0,8,1,7,1,0,0,7,0,0,0,4,0,0,4,0,0,4,0,5,73,10,1,2,0,1,0,0,8,0,8,3,0,0,0,69,17,0
/Users/kaiohs/Downloads/codes/lab02-experimentacao-software/data/repos/NationalSecurityAgency__ghidra/Ghidra/Framework/Pty/src/main/java/ghidra/pty/windows/PseudoConsoleHandle.java,ghidra.pty.windows.PseudoConsoleHandle$PseudoConsoleState,innerclass,3,3,0,3,2,2,0,1,1,0.0,0.0,0.0,2,0,2,0,0,0,2,0,0,0,0,0,0,0,0,0,0,0,0,8,0,0,0,0,0,0,0,0,0,0,0,0,0,0,11,12,0
/Users/kaiohs/Downloads/codes/lab02-experimentacao-software/data/repos/NationalSecurityAgency__ghidra/Ghidra/Framework/Emulation/src/main/java/ghidra/app/emulator/memory/EmulatorLoadData.java,ghidra.app.emulator.memory.EmulatorLoadData,interface,3,7,4,3,3,1,0,0,3,0.0,0.0,0.0,3,0,3,0,0,0,3,0,0,0,0,0,0,0,0,0,0,0,0,7,1,0,0,0,0,1,0,0,0,0,0,0,0,0,15,1,0
/Users/kaiohs/Downloads/codes/lab02-experimentacao-software/data/repos/NationalSecurityAgency__ghidra/Ghidra/Test/IntegrationTest/src/test.slow/java/ghidra/pcode/emu/jit/analysis/JitDataFlowModelTest.java,ghidra.pcode.emu.jit.analysis.JitDataFlowModelTest,class,6,6,0,6,6,3,0,2,0,0.53571427,0.0,0.0,4,0,2,2,0,0,4,0,0,0,8,2,0,2,0,6,0,0,0,26,2,0,0,0,0,0,2,2,0,11,0,0,0,1,21,1,0
/Users/kaiohs/Downloads/codes/lab02-experimentacao-software/data/repos/NationalSecurityAgency__ghidra/Ghidra/Framework/Emulation/src/test/java/ghidra/pcode/opbehavior/OpBehaviorFloatSqrtTest.java,ghidra.pcode.opbehavior.OpBehaviorFloatSqrtTest,class,5,5,0,5,3,3,0,11,3,0.0,0.0,0.0,3,0,3,0,0,0,3,0,0,0,0,0,0,0,0,0,0,0,1,22,0,0,0,0,0,2,10,11,0,9,0,0,0,0,20,1,0
/Users/kaiohs/Downloads/codes/lab02-experimentacao-software/data/repos/NationalSecurityAgency__ghidra/Ghidra/Framework/Emulation/src/main/java/generic/Span.java,generic.Span$SpanSet,interface,5,5,0,5,15,1,0,12,45,0.0,0.0,0.0,10,0,0,0,0,10,10,0,0,0,0,0,0,0,0,0,0,0,0,35,4,1,1,0,0,0,2,5,0,4,2,0,0,0,88,1,0
/Users/kaiohs/Downloads/codes/lab02-experimentacao-software/data/repos/NationalSecurityAgency__ghidra/Ghidra/Framework/Pty/src/main/java/ghidra/pty/unix/PosixC.java,ghidra.pty.unix.PosixC$Termios$ByReference,innerclass,2,2,0,2,0,3,0,0,0,0.0,-1.0,-1.0,0,0,0,0,0,0,0,0,0,0,0,0,0,0,0,0,0,0,0,2,0,0,0,0,0,0,0,0,0,0,0,0,0,0,3,9,0
/Users/kaiohs/Downloads/codes/lab02-experimentacao-software/data/repos/NationalSecurityAgency__ghidra/Ghidra/Framework/Emulation/src/test/java/ghidra/pcode/opbehavior/OpBehaviorFloatNotEqualTest.java,ghidra.pcode.opbehavior.OpBehaviorFloatNotEqualTest,class,5,5,0,5,3,3,0,7,3,0.0,0.0,0.0,3,0,3,0,0,0,3,0,0,0,0,0,0,0,0,0,0,0,0,29,0,0,0,0,0,0,45,6,0,6,0,0,0,0,20,1,0
/Users/kaiohs/Downloads/codes/lab02-experimentacao-software/data/repos/NationalSecurityAgency__ghidra/Ghidra/Framework/Emulation/src/main/java/ghidra/pcode/exec/PcodeFrame.java,ghidra.pcode.exec.PcodeFrame$MyAppender,innerclass,2,2,0,2,14,2,0,6,0,0.5238095,0.0,0.0,7,0,4,0,3,0,7,0,0,0,3,0,0,0,3,0,1,0,0,53,3,0,5,0,0,11,2,4,3,4,1,0,0,0,28,4,0
/Users/kaiohs/Downloads/codes/lab02-experimentacao-software/data/repos/NationalSecurityAgency__ghidra/Ghidra/Framework/Emulation/src/test/java/ghidra/pcode/opbehavior/OpBehaviorIntNegateTest.java,ghidra.pcode.opbehavior.OpBehaviorIntNegateTest,class,3,3,0,3,3,3,0,5,3,0.0,0.0,0.0,3,0,3,0,0,0,3,0,0,0,0,0,0,0,0,0,0,0,0,38,0,0,0,0,0,3,97,5,0,5,0,0,0,0,24,1,0
/Users/kaiohs/Downloads/codes/lab02-experimentacao-software/data/repos/NationalSecurityAgency__ghidra/Ghidra/Framework/Emulation/src/main/java/ghidra/pcode/exec/SleighUtils.java,ghidra.pcode.exec.SleighUtils$SleighParseError,innerclass,1,1,0,1,2,4,0,6,0,0.0,0.0,0.0,2,0,2,0,0,0,2,0,0,0,1,0,0,1,0,0,1,0,2,10,1,0,0,0,0,1,0,1,0,2,0,0,0,1,22,9,0
/Users/kaiohs/Downloads/codes/lab02-experimentacao-software/data/repos/NationalSecurityAgency__ghidra/GhidraBuild/EclipsePlugins/GhidraDev/GhidraDevPlugin/src/main/java/ghidradev/ghidraprojectcreator/wizards/pages/ConfigureGradleWizardPage.java,ghidradev.ghidraprojectcreator.wizards.pages.ConfigureGradleWizardPage$Anonymous1,anonymous,2,2,0,2,2,1,0,1,1,0.0,0.0,0.0,2,0,2,0,0,0,2,0,0,0,0,0,0,0,0,0,0,0,0,8,0,0,0,0,0,0,0,0,0,0,0,0,0,0,7,-1,0
/Users/kaiohs/Downloads/codes/lab02-experimentacao-software/data/repos/NationalSecurityAgency__ghidra/Ghidra/Test/IntegrationTest/src/test.slow/java/ghidra/framework/plugintool/testplugins/secondconflict/NameConflictingPlugin.java,ghidra.framework.plugintool.testplugins.secondconflict.NameConflictingPlugin,class,4,5,1,4,1,2,0,0,0,0.0,NaN,NaN,1,0,1,0,0,0,1,0,0,0,0,0,0,0,0,0,0,0,0,5,0,0,0,0,0,3,0,0,0,0,0,0,0,0,18,1,0
/Users/kaiohs/Downloads/codes/lab02-experimentacao-software/data/repos/NationalSecurityAgency__ghidra/Ghidra/Framework/SoftwareModeling/src/test/java/ghidra/program/model/StubFunctionManager.java,ghidra.program.model.StubFunctionManager,class,13,14,1,13,29,1,0,0,406,0.0,0.0,0.0,29,0,29,0,0,0,29,0,0,0,0,0,0,0,0,0,0,0,0,89,0,0,0,0,0,0,0,0,0,0,0,0,0,0,63,1,0
/Users/kaiohs/Downloads/codes/lab02-experimentacao-software/data/repos/NationalSecurityAgency__ghidra/Ghidra/Framework/Emulation/src/main/java/ghidra/pcode/emu/jit/gen/var/InputVarGen.java,ghidra.pcode.emu.jit.gen.var.InputVarGen,interface,20,20,0,20,4,1,0,0,6,0.0,0.0,0.0,4,0,0,0,0,4,4,0,0,0,0,0,0,0,0,0,0,0,0,14,0,0,0,0,0,0,0,0,0,0,0,0,0,0,41,1,0
/Users/kaiohs/Downloads/codes/lab02-experimentacao-software/data/repos/NationalSecurityAgency__ghidra/Ghidra/Test/IntegrationTest/src/screen/java/help/screenshot/FunctionPluginScreenShots.java,help.screenshot.FunctionPluginScreenShots,class,8,8,0,8,5,2,0,13,10,0.0,0.0,0.0,5,0,5,0,0,0,5,0,0,0,0,0,0,0,0,0,0,0,0,42,0,0,0,0,0,9,8,7,0,7,0,2,0,0,48,1,0
/Users/kaiohs/Downloads/codes/lab02-experimentacao-software/data/repos/NationalSecurityAgency__ghidra/Ghidra/Framework/SoftwareModeling/src/test/java/ghidra/program/model/data/DialogResourceDataTypeTest.java,ghidra.program.model.data.DialogResourceDataTypeTest,class,11,12,1,11,5,2,0,14,4,0.4,0.0,0.0,5,0,3,2,0,0,3,0,0,0,1,0,0,1,0,0,0,0,4,147,2,0,0,0,0,18,182,32,4,30,0,0,0,0,62,1,0
/Users/kaiohs/Downloads/codes/lab02-experimentacao-software/data/repos/NationalSecurityAgency__ghidra/Ghidra/Test/IntegrationTest/src/test.slow/java/ghidra/util/task/RunManagerTest.java,ghidra.util.task.RunManagerTest$RunnerThread,innerclass,3,3,0,3,5,2,0,9,0,0.125,0.0,0.0,2,0,1,0,0,1,2,0,0,0,4,0,0,4,0,0,4,0,1,36,0,1,0,2,0,5,1,8,3,7,2,0,0,0,57,2,0
/Users/kaiohs/Downloads/codes/lab02-experimentacao-software/data/repos/NationalSecurityAgency__ghidra/Ghidra/Test/IntegrationTest/src/screen/java/help/screenshot/AutoAnalysisPluginScreenShots.java,help.screenshot.AutoAnalysisPluginScreenShots$TestBackgroundCommand,innerclass,3,3,0,3,3,2,0,8,0,0.0,0.0,0.0,2,0,1,0,0,1,2,0,0,0,2,0,0,2,0,0,0,0,0,23,1,0,0,1,0,4,2,2,0,2,1,0,0,1,28,0,0
/Users/kaiohs/Downloads/codes/lab02-experimentacao-software/data/repos/NationalSecurityAgency__ghidra/Ghidra/Test/IntegrationTest/src/test.slow/java/ghidra/app/plugin/core/clipboard/CopyPasteTestSuite.java,ghidra.app.plugin.core.clipboard.CopyPasteTestSuite,class,7,7,0,7,0,1,0,0,0,0.0,-1.0,-1.0,0,0,0,0,0,0,0,0,0,0,0,0,0,0,0,0,0,0,0,2,0,0,0,0,0,0,0,0,0,0,0,0,0,0,4,1,0
/Users/kaiohs/Downloads/codes/lab02-experimentacao-software/data/repos/NationalSecurityAgency__ghidra/GPL/DMG/src/dmg/java/mobiledevices/dmg/ghidra/GDataConverterLE.java,mobiledevices.dmg.ghidra.GDataConverterLE,class,3,6,3,3,31,1,0,11,300,1.0,0.0,0.0,25,0,25,0,0,0,25,0,12,0,2,2,1,1,0,0,1,0,0,107,11,5,0,0,14,1,41,23,16,13,1,0,0,0,51,1,0
/Users/kaiohs/Downloads/codes/lab02-experimentacao-software/data/repos/NationalSecurityAgency__ghidra/Ghidra/Framework/Emulation/src/test/java/ghidra/pcode/opbehavior/OpBehaviorIntAndTest.java,ghidra.pcode.opbehavior.OpBehaviorIntAndTest,class,3,3,0,3,3,3,0,5,3,0.0,0.0,0.0,3,0,3,0,0,0,3,0,0,0,0,0,0,0,0,0,0,0,1,62,0,0,0,0,0,2,199,5,0,5,0,0,0,0,27,1,0
/Users/kaiohs/Downloads/codes/lab02-experimentacao-software/data/repos/NationalSecurityAgency__ghidra/Ghidra/Test/IntegrationTest/src/test.slow/java/ghidra/test/FrontEndTestEnv.java,ghidra.test.FrontEndTestEnv$ModifyProgramCallback,interface,1,1,0,1,1,1,0,0,0,0.0,NaN,NaN,1,0,1,0,0,0,1,0,0,0,0,0,0,0,0,0,0,0,0,3,0,0,0,0,0,0,0,0,0,0,0,0,0,0,6,1,0
/Users/kaiohs/Downloads/codes/lab02-experimentacao-software/data/repos/NationalSecurityAgency__ghidra/GhidraBuild/EclipsePlugins/GhidraDev/GhidraDevPlugin/src/main/java/ghidradev/ghidraprojectcreator/wizards/pages/ChooseGhidraModuleProjectWizardPage.java,ghidradev.ghidraprojectcreator.wizards.pages.ChooseGhidraModuleProjectWizardPage,class,10,13,3,10,9,2,0,20,0,0.375,0.0,0.0,4,0,3,1,0,0,3,0,0,0,2,0,0,2,0,0,0,0,3,43,1,1,1,0,0,5,1,9,0,9,3,0,0,1,79,1,0
/Users/kaiohs/Downloads/codes/lab02-experimentacao-software/data/repos/NationalSecurityAgency__ghidra/GhidraBuild/EclipsePlugins/GhidraDev/GhidraDevPlugin/src/main/java/ghidradev/ghidrasymbollookup/utils/CdtUtils.java,ghidradev.ghidrasymbollookup.utils.CdtUtils,class,3,6,3,3,7,1,0,8,1,0.5,0.0,0.0,2,2,2,0,0,0,2,0,0,0,2,2,2,0,0,0,2,0,2,22,3,1,1,1,1,3,0,3,0,3,2,0,0,0,43,1,1
/Users/kaiohs/Downloads/codes/lab02-experimentacao-software/data/repos/NationalSecurityAgency__ghidra/Ghidra/Framework/Emulation/src/main/java/ghidra/app/emulator/DefaultEmulator.java,ghidra.app.emulator.DefaultEmulator,class,36,38,2,36,78,1,0,92,211,0.8629033,0.0,0.0,31,0,27,4,0,0,27,0,0,0,16,0,0,16,0,0,1,0,3,287,22,9,11,3,5,23,27,72,13,54,5,0,0,0,288,1,3
/Users/kaiohs/Downloads/codes/lab02-experimentacao-software/data/repos/NationalSecurityAgency__ghidra/Ghidra/Test/DebuggerIntegrationTest/src/test.slow/java/agent/java/rmi/JavaHooksTest.java,agent.java.rmi.JavaHooksTest,class,11,12,1,11,13,3,0,30,45,0.0,0.0,0.0,10,0,8,2,0,0,8,0,0,0,0,0,0,0,0,0,0,0,26,247,0,2,1,16,0,157,29,82,2,86,3,0,0,12,92,1,0
/Users/kaiohs/Downloads/codes/lab02-experimentacao-software/data/repos/NationalSecurityAgency__ghidra/Ghidra/Framework/Emulation/src/test/java/ghidra/pcode/opbehavior/OpBehaviorIntCarryTest.java,ghidra.pcode.opbehavior.OpBehaviorIntCarryTest,class,3,3,0,3,3,3,0,3,3,0.0,0.0,0.0,3,0,3,0,0,0,3,0,0,0,0,0,0,0,0,0,0,0,0,38,0,0,0,0,0,3,96,5,2,5,0,0,0,0,25,1,0
/Users/kaiohs/Downloads/codes/lab02-experimentacao-software/data/repos/NationalSecurityAgency__ghidra/Ghidra/Framework/Emulation/src/main/java/ghidra/pcode/emu/jit/gen/op/IntZExtOpGen.java,ghidra.pcode.emu.jit.gen.op.IntZExtOpGen,enum,2,2,0,2,1,1,0,0,0,0.0,NaN,NaN,1,0,1,0,0,0,1,0,0,0,0,0,0,0,0,0,0,0,0,5,1,0,0,0,0,0,0,0,0,0,0,0,0,0,55,1,0
/Users/kaiohs/Downloads/codes/lab02-experimentacao-software/data/repos/NationalSecurityAgency__ghidra/GhidraBuild/EclipsePlugins/GhidraDev/GhidraDevPlugin/src/main/java/ghidradev/ghidraprojectcreator/wizards/pages/EnablePythonWizardPage.java,ghidradev.ghidraprojectcreator.wizards.pages.EnablePythonWizardPage,class,17,23,6,17,45,2,0,71,21,0.725,0.0,0.0,10,0,4,6,0,0,4,0,0,0,8,0,0,8,0,0,0,0,10,266,17,0,9,8,0,50,9,52,12,47,5,1,0,8,170,1,0
/Users/kaiohs/Downloads/codes/lab02-experimentacao-software/data/repos/NationalSecurityAgency__ghidra/Ghidra/Framework/Emulation/src/test/java/ghidra/pcode/memstate/UniqueMemoryBankTest.java,ghidra.pcode.memstate.UniqueMemoryBankTest,class,10,10,0,10,23,2,0,13,0,0.7333333,0.0,0.0,18,0,18,0,0,0,18,0,0,0,5,0,0,5,0,0,0,0,8,176,0,3,0,0,1,2,209,50,1,37,2,0,0,0,60,1,0
/Users/kaiohs/Downloads/codes/lab02-experimentacao-software/data/repos/NationalSecurityAgency__ghidra/Ghidra/Framework/Pty/src/main/java/ghidra/pty/PtyEndpoint.java,ghidra.pty.PtyEndpoint,interface,0,5,5,0,2,1,0,0,1,0.0,0.0,0.0,2,0,0,0,0,2,2,0,0,0,0,0,0,0,0,0,0,0,0,4,0,0,0,0,0,0,0,0,0,0,0,0,0,0,31,1,0
/Users/kaiohs/Downloads/codes/lab02-experimentacao-software/data/repos/NationalSecurityAgency__ghidra/Ghidra/Framework/Emulation/src/main/java/ghidra/pcode/emu/jit/analysis/JitDataFlowUseropLibrary.java,ghidra.pcode.emu.jit.analysis.JitDataFlowUseropLibrary,class,5,7,2,5,2,1,0,9,0,0.25,0.0,0.0,2,0,2,0,0,0,2,0,0,0,2,0,0,2,0,0,2,0,1,89,1,0,0,0,0,0,0,2,0,4,0,0,1,2,230,1,0
/Users/kaiohs/Downloads/codes/lab02-experimentacao-software/data/repos/NationalSecurityAgency__ghidra/Ghidra/Framework/Emulation/src/main/java/ghidra/pcode/emu/jit/gen/access/FloatAccessGen.java,ghidra.pcode.emu.jit.gen.access.FloatAccessGen,enum,14,14,0,14,3,1,0,2,0,0.0,0.0,0.0,3,0,2,1,0,0,2,0,0,0,1,0,0,0,0,1,1,0,0,13,2,0,0,0,0,0,0,1,0,1,0,0,0,0,35,1,0
/Users/kaiohs/Downloads/codes/lab02-experimentacao-software/data/repos/NationalSecurityAgency__ghidra/Ghidra/Framework/Emulation/src/main/java/ghidra/pcode/emu/jit/gen/var/ConstValGen.java,ghidra.pcode.emu.jit.gen.var.ConstValGen,enum,16,16,0,16,10,1,0,7,21,0.0,0.0,0.0,7,0,7,0,0,0,7,0,0,0,0,0,0,0,0,0,0,0,0,33,5,1,1,0,0,1,4,8,2,7,2,0,0,0,63,1,0
/Users/kaiohs/Downloads/codes/lab02-experimentacao-software/data/repos/NationalSecurityAgency__ghidra/Ghidra/Framework/Emulation/src/main/java/ghidra/pcode/emu/jit/gen/op/SynthSubPieceOpGen.java,ghidra.pcode.emu.jit.gen.op.SynthSubPieceOpGen,enum,12,12,0,12,1,1,0,0,0,0.0,NaN,NaN,1,0,1,0,0,0,1,0,0,0,0,0,0,0,0,0,0,0,0,5,0,0,0,0,0,1,0,0,0,0,0,0,0,0,46,1,0
/Users/kaiohs/Downloads/codes/lab02-experimentacao-software/data/repos/NationalSecurityAgency__ghidra/Ghidra/Framework/Emulation/src/main/java/ghidra/app/emulator/AdaptedEmulator.java,ghidra.app.emulator.AdaptedEmulator$AdaptedBytesPcodeExecutorStateSpace,innerclass,9,9,0,9,4,2,0,8,0,0.0,0.0,0.0,2,0,1,0,1,0,2,0,0,0,1,0,0,1,0,0,1,0,1,18,0,1,0,0,0,1,2,5,1,5,2,0,0,0,26,8,0
/Users/kaiohs/Downloads/codes/lab02-experimentacao-software/data/repos/NationalSecurityAgency__ghidra/Ghidra/Test/IntegrationTest/src/test.slow/java/ghidra/util/task/RunManagerTest.java,ghidra.util.task.RunManagerTest$LatchRunnable,innerclass,3,3,0,3,4,2,0,9,0,0.0,0.0,0.0,2,0,1,0,0,1,2,0,0,0,1,0,0,1,0,0,1,0,1,26,0,0,0,2,0,6,1,2,4,1,1,0,0,0,22,2,0
/Users/kaiohs/Downloads/codes/lab02-experimentacao-software/data/repos/NationalSecurityAgency__ghidra/Ghidra/Test/DebuggerIntegrationTest/src/test/java/ghidra/app/plugin/core/debug/gui/breakpoint/MockDecompileResults.java,ghidra.app.plugin.core.debug.gui.breakpoint.MockDecompileResults$GroupBuilder,innerclass,3,3,0,3,4,1,0,4,1,0.33333334,0.0,0.0,3,0,2,0,1,0,3,0,0,0,1,0,0,1,0,0,1,0,1,16,2,1,0,0,0,0,0,2,0,2,1,0,0,0,10,9,0
/Users/kaiohs/Downloads/codes/lab02-experimentacao-software/data/repos/NationalSecurityAgency__ghidra/Ghidra/Test/IntegrationTest/src/screen/java/help/screenshot/GlossaryScreenShots.java,help.screenshot.GlossaryScreenShots,class,2,2,0,2,3,2,0,6,3,0.0,0.0,0.0,3,0,3,0,0,0,3,0,0,0,0,0,0,0,0,0,0,0,0,59,0,0,0,0,0,8,94,24,0,22,0,0,0,0,32,1,0
/Users/kaiohs/Downloads/codes/lab02-experimentacao-software/data/repos/NationalSecurityAgency__ghidra/GhidraBuild/LaunchSupport/src/main/java/ghidra/launch/AppConfig.java,ghidra.launch.AppConfig,class,5,15,10,5,76,1,0,42,108,0.877828,0.0,0.0,17,0,12,5,0,0,12,0,0,0,13,3,0,13,0,0,3,0,7,253,21,4,15,8,5,69,11,64,14,47,4,0,0,0,208,1,0
/Users/kaiohs/Downloads/codes/lab02-experimentacao-software/data/repos/NationalSecurityAgency__ghidra/Ghidra/Framework/SoftwareModeling/src/main/java/ghidra/app/plugin/core/data/ProgramStructureProviderContext.java,ghidra.app.plugin.core.data.ProgramStructureProviderContext,class,8,9,1,8,9,1,0,17,0,0.45000002,0.0,0.0,5,0,5,0,0,0,5,0,0,0,4,0,0,0,0,4,0,0,0,45,4,1,1,0,0,0,1,19,1,11,2,0,0,0,62,1,0
/Users/kaiohs/Downloads/codes/lab02-experimentacao-software/data/repos/NationalSecurityAgency__ghidra/Ghidra/Framework/SoftwareModeling/src/test/java/ghidra/program/database/data/BitFieldDBDataTypeTest.java,ghidra.program.database.data.BitFieldDBDataTypeTest,class,11,12,1,11,3,2,0,11,1,0.33333334,0.0,0.0,3,0,2,1,0,0,2,0,0,0,1,0,0,1,0,0,0,0,0,35,0,0,0,0,0,5,30,6,0,5,0,0,0,0,33,1,0
/Users/kaiohs/Downloads/codes/lab02-experimentacao-software/data/repos/NationalSecurityAgency__ghidra/Ghidra/Framework/Emulation/src/main/java/ghidra/pcode/memstate/MemoryPage.java,ghidra.pcode.memstate.MemoryPage,class,2,8,6,2,34,1,0,6,0,0.39285713,0.0,0.0,14,5,14,0,0,0,14,0,0,0,2,0,1,1,0,0,1,0,16,134,9,5,12,0,21,1,45,46,32,25,3,0,0,0,93,1,0
/Users/kaiohs/Downloads/codes/lab02-experimentacao-software/data/repos/NationalSecurityAgency__ghidra/Ghidra/Test/IntegrationTest/src/test.slow/java/ghidra/pcode/emu/AbstractPcodeEmulatorTest.java,ghidra.pcode.emu.AbstractPcodeEmulatorTest,class,19,21,2,19,30,2,1,48,70,0.8359375,0.0,0.0,16,5,15,0,1,0,16,1,0,0,8,8,8,0,0,0,8,0,21,325,9,0,0,9,0,83,38,118,8,118,1,0,0,0,130,1025,0
/Users/kaiohs/Downloads/codes/lab02-experimentacao-software/data/repos/NationalSecurityAgency__ghidra/Ghidra/Test/IntegrationTest/src/test/java/ghidra/program/util/DataTypeCleanerTest.java,ghidra.program.util.DataTypeCleanerTest,class,19,19,0,19,5,2,0,25,0,0.3,0.0,0.0,5,0,5,0,0,0,5,0,0,0,4,0,0,4,0,0,0,0,0,114,0,0,0,4,0,21,14,37,0,37,1,0,0,0,54,1,0
/Users/kaiohs/Downloads/codes/lab02-experimentacao-software/data/repos/NationalSecurityAgency__ghidra/GhidraBuild/LaunchSupport/src/main/java/ghidra/launch/MacJavaFinder.java,ghidra.launch.MacJavaFinder,class,1,3,2,1,2,3,0,1,1,0.0,0.0,0.0,2,0,0,0,2,0,2,0,0,0,0,0,0,0,0,0,0,0,0,10,2,0,0,0,0,2,0,1,0,1,0,0,0,0,21,1,0
/Users/kaiohs/Downloads/codes/lab02-experimentacao-software/data/repos/NationalSecurityAgency__ghidra/Ghidra/Test/IntegrationTest/src/test.slow/java/ghidra/app/plugin/compare/CompareFunctionsFunctionGraphViewTest.java,ghidra.app.plugin.compare.CompareFunctionsFunctionGraphViewTest$FormatDescription,innerclass,4,4,0,4,9,1,0,8,0,0.2,0.0,0.0,5,0,3,1,0,1,4,0,0,0,1,0,0,1,0,0,0,0,2,37,8,0,3,0,0,0,2,7,4,5,1,0,0,0,31,2,0
/Users/kaiohs/Downloads/codes/lab02-experimentacao-software/data/repos/NationalSecurityAgency__ghidra/Ghidra/Test/DebuggerIntegrationTest/src/test/java/ghidra/app/plugin/core/debug/gui/breakpoint/MockDecompileResults.java,ghidra.app.plugin.core.debug.gui.breakpoint.MockDecompileResults$TokenBuilder,innerclass,5,5,0,5,3,1,0,0,0,0.16666667,0.0,0.0,3,0,3,0,0,0,3,0,0,0,2,0,0,2,0,0,2,0,0,14,1,0,0,0,0,0,0,2,0,2,0,0,0,0,10,9,0
/Users/kaiohs/Downloads/codes/lab02-experimentacao-software/data/repos/NationalSecurityAgency__ghidra/Ghidra/Test/IntegrationTest/src/test/java/ghidra/util/bean/PathnameTablePanelTest.java,ghidra.util.bean.PathnameTablePanelTest,class,11,12,1,11,15,2,0,52,0,0.725926,0.0,0.0,15,0,11,4,0,0,11,0,0,0,9,0,0,9,0,0,0,0,5,216,0,0,0,0,0,36,41,42,0,29,0,0,0,6,80,1,0
/Users/kaiohs/Downloads/codes/lab02-experimentacao-software/data/repos/NationalSecurityAgency__ghidra/Ghidra/Framework/Emulation/src/test/java/ghidra/pcode/exec/AnnotatedPcodeUseropLibraryTest.java,ghidra.pcode.exec.AnnotatedPcodeUseropLibraryTest,class,22,23,1,22,39,3,0,31,703,0.0,0.0,0.0,38,3,31,0,7,0,38,0,0,0,0,0,0,0,0,0,0,0,14,343,2,0,0,0,0,23,28,35,0,35,1,30,1,0,83,1,0
/Users/kaiohs/Downloads/codes/lab02-experimentacao-software/data/repos/NationalSecurityAgency__ghidra/Ghidra/Framework/Emulation/src/main/java/ghidra/app/emulator/memory/ProgramMappedMemory.java,ghidra.app.emulator.memory.ProgramMappedMemory,class,14,17,3,14,42,1,0,38,9,0.59999996,0.0,0.0,10,1,6,4,0,0,6,0,0,0,3,0,0,3,0,0,0,0,6,186,5,4,7,6,3,12,10,49,11,33,4,0,0,0,65,1,1
/Users/kaiohs/Downloads/codes/lab02-experimentacao-software/data/repos/NationalSecurityAgency__ghidra/Ghidra/Test/DebuggerIntegrationTest/src/test/java/ghidra/app/plugin/core/debug/service/control/DebuggerControlServiceTest.java,ghidra.app.plugin.core.debug.service.control.DebuggerControlServiceTest,class,24,26,2,24,28,3,1,74,0,0.6858974,0.0,0.0,26,0,20,0,5,1,26,0,0,0,6,0,0,0,6,0,0,0,9,393,4,0,0,10,0,24,139,81,4,81,2,0,0,9,151,1,0
/Users/kaiohs/Downloads/codes/lab02-experimentacao-software/data/repos/NationalSecurityAgency__ghidra/Ghidra/Framework/Emulation/src/main/java/ghidra/pcode/opbehavior/OpBehaviorPopcount.java,ghidra.pcode.opbehavior.OpBehaviorPopcount,class,1,2,1,1,3,3,0,3,3,0.0,0.0,0.0,3,0,3,0,0,0,3,0,0,0,0,0,0,0,0,0,0,0,2,11,2,0,0,0,0,0,0,0,0,0,0,0,0,0,10,1,0
/Users/kaiohs/Downloads/codes/lab02-experimentacao-software/data/repos/NationalSecurityAgency__ghidra/Ghidra/Test/IntegrationTest/src/screen/java/help/screenshot/DbViewerPluginScreenShots.java,help.screenshot.DbViewerPluginScreenShots,class,4,4,0,4,2,2,0,5,1,0.0,0.0,0.0,2,0,2,0,0,0,2,0,0,0,0,0,0,0,0,0,0,0,0,25,0,0,0,0,0,2,2,3,0,3,0,1,0,0,25,1,0
/Users/kaiohs/Downloads/codes/lab02-experimentacao-software/data/repos/NationalSecurityAgency__ghidra/GhidraBuild/EclipsePlugins/GhidraDev/GhidraDevPlugin/src/main/java/ghidradev/ghidraprojectcreator/testers/GhidraProjectPropertyTester.java,ghidradev.ghidraprojectcreator.testers.GhidraProjectPropertyTester,class,2,2,0,2,1,2,0,2,0,0.0,NaN,NaN,1,0,1,0,0,0,1,0,0,0,0,0,0,0,0,0,0,0,2,5,1,0,0,0,0,0,0,0,0,0,0,0,0,0,19,1,0
/Users/kaiohs/Downloads/codes/lab02-experimentacao-software/data/repos/NationalSecurityAgency__ghidra/GhidraBuild/EclipsePlugins/GhidraDev/GhidraDevPlugin/src/main/java/ghidradev/ghidraprojectcreator/wizards/pages/EnablePythonWizardPage.java,ghidradev.ghidraprojectcreator.wizards.pages.EnablePythonWizardPage$Anonymous1,anonymous,2,2,0,2,2,1,0,1,1,0.0,0.0,0.0,2,0,2,0,0,0,2,0,0,0,0,0,0,0,0,0,0,0,0,8,0,0,0,0,0,0,0,0,0,0,0,0,0,0,8,-1,0
/Users/kaiohs/Downloads/codes/lab02-experimentacao-software/data/repos/NationalSecurityAgency__ghidra/Ghidra/Framework/Emulation/src/main/java/ghidra/pcode/exec/AbstractBytesPcodeExecutorStatePiece.java,ghidra.pcode.exec.AbstractBytesPcodeExecutorStatePiece,class,17,23,6,17,12,2,0,11,34,0.7777778,0.0,0.0,9,0,4,0,5,0,9,1,0,0,1,0,0,0,1,0,1,0,1,72,5,1,1,0,0,3,1,2,1,2,1,0,1,0,69,1025,0
/Users/kaiohs/Downloads/codes/lab02-experimentacao-software/data/repos/NationalSecurityAgency__ghidra/Ghidra/Framework/Emulation/src/main/java/ghidra/pcode/emu/jit/alloc/VarHandler.java,ghidra.pcode.emu.jit.alloc.VarHandler,interface,23,29,6,23,13,1,0,8,78,0.0,0.0,0.0,13,1,0,0,0,13,13,0,0,0,0,0,0,0,0,0,0,0,1,19,2,0,0,0,0,1,0,0,0,0,0,0,0,0,233,1,0
/Users/kaiohs/Downloads/codes/lab02-experimentacao-software/data/repos/NationalSecurityAgency__ghidra/Ghidra/Framework/Emulation/src/main/java/ghidra/pcode/emu/jit/gen/op/FloatDivOpGen.java,ghidra.pcode.emu.jit.gen.op.FloatDivOpGen,enum,10,10,0,10,2,1,0,2,1,0.0,0.0,0.0,2,0,2,0,0,0,2,0,0,0,0,0,0,0,0,0,0,0,2,8,2,0,0,0,0,0,0,0,0,0,0,0,0,0,33,1,0
/Users/kaiohs/Downloads/codes/lab02-experimentacao-software/data/repos/NationalSecurityAgency__ghidra/GhidraBuild/LaunchSupport/src/main/java/ghidra/launch/JavaFinder.java,ghidra.launch.JavaFinder$Anonymous1,anonymous,1,1,0,1,1,1,0,2,0,0.0,NaN,NaN,1,0,1,0,0,0,1,0,0,0,0,0,0,0,0,0,0,0,0,5,1,0,0,0,0,0,0,0,0,0,0,0,0,0,4,-1,0
/Users/kaiohs/Downloads/codes/lab02-experimentacao-software/data/repos/NationalSecurityAgency__ghidra/Ghidra/Framework/Emulation/src/main/java/ghidra/pcode/emu/jit/gen/op/FloatLessOpGen.java,ghidra.pcode.emu.jit.gen.op.FloatLessOpGen,enum,12,12,0,12,3,1,0,3,3,0.0,0.0,0.0,3,0,3,0,0,0,3,0,0,0,0,0,0,0,0,0,0,0,3,11,3,0,0,0,0,0,0,0,0,0,0,0,0,0,39,1,0
/Users/kaiohs/Downloads/codes/lab02-experimentacao-software/data/repos/NationalSecurityAgency__ghidra/Ghidra/Test/IntegrationTest/src/test.slow/java/ghidra/server/remote/SSHKeyUtil.java,ghidra.server.remote.SSHKeyUtil,class,2,4,2,2,17,1,0,33,36,0.0,NaN,NaN,9,9,1,8,0,0,1,0,0,0,0,0,0,0,0,0,0,0,31,118,7,3,1,0,9,8,38,45,11,35,1,0,0,0,108,1,0
/Users/kaiohs/Downloads/codes/lab02-experimentacao-software/data/repos/NationalSecurityAgency__ghidra/GhidraBuild/EclipsePlugins/GhidraDev/GhidraDevPlugin/src/main/java/ghidradev/ghidraprojectcreator/launchers/AbstractGhidraLaunchShortcut.java,ghidradev.ghidraprojectcreator.launchers.AbstractGhidraLaunchShortcut,class,17,20,3,17,9,1,2,19,4,0.5,0.0,0.0,4,0,2,1,1,0,3,0,0,0,2,0,0,2,0,0,0,0,4,43,0,0,3,1,0,2,0,12,2,10,2,0,0,0,77,1025,0
/Users/kaiohs/Downloads/codes/lab02-experimentacao-software/data/repos/NationalSecurityAgency__ghidra/Ghidra/Framework/Emulation/src/main/java/ghidra/pcode/emu/jit/gen/util/Types.java,ghidra.pcode.emu.jit.gen.util.TChar,enum,2,4,2,2,3,1,0,0,3,0.0,0.0,0.0,3,0,3,0,0,0,3,0,0,0,0,0,0,0,0,0,0,0,0,11,3,0,0,0,0,0,0,0,0,0,0,0,0,0,15,1,0
/Users/kaiohs/Downloads/codes/lab02-experimentacao-software/data/repos/NationalSecurityAgency__ghidra/Ghidra/Framework/Emulation/src/test/java/ghidra/pcode/opbehavior/OpBehaviorBoolNegateTest.java,ghidra.pcode.opbehavior.OpBehaviorBoolNegateTest,class,3,3,0,3,3,3,0,2,3,0.0,0.0,0.0,3,0,3,0,0,0,3,0,0,0,0,0,0,0,0,0,0,0,0,15,0,0,0,0,0,0,12,2,0,2,0,0,0,0,13,1,0
/Users/kaiohs/Downloads/codes/lab02-experimentacao-software/data/repos/NationalSecurityAgency__ghidra/Ghidra/Framework/Emulation/src/main/java/ghidra/pcode/exec/SleighProgramCompiler.java,ghidra.pcode.exec.ErrorCollectingPcodeParser$PcodeProgramConstructor,interface,4,4,0,4,1,1,0,0,0,0.0,NaN,NaN,1,0,0,0,0,1,1,0,0,0,0,0,0,0,0,0,0,0,0,3,0,0,0,0,0,0,0,0,0,0,0,0,0,0,16,1,0
/Users/kaiohs/Downloads/codes/lab02-experimentacao-software/data/repos/NationalSecurityAgency__ghidra/Ghidra/Framework/Emulation/src/main/java/ghidra/pcode/emu/jit/analysis/JitControlFlowModel.java,ghidra.pcode.emu.jit.analysis.JitControlFlowModel$Anonymous1,anonymous,3,3,0,3,1,1,0,0,0,0.0,NaN,NaN,1,0,0,0,1,0,1,0,0,0,0,0,0,0,0,0,0,0,0,5,1,0,0,0,0,0,0,0,0,0,0,0,0,0,8,-1,0
/Users/kaiohs/Downloads/codes/lab02-experimentacao-software/data/repos/NationalSecurityAgency__ghidra/Ghidra/Test/IntegrationTest/src/test.slow/java/ghidra/framework/main/datatree/AbstractVersionControlActionTest.java,ghidra.framework.main.datatree.AbstractVersionControlActionTest,class,23,26,3,23,31,2,2,57,66,0.8229166,0.0,0.0,24,0,2,0,22,0,24,0,0,0,4,3,0,0,4,0,3,0,0,144,9,3,2,1,0,10,4,26,1,26,2,0,0,4,135,1,0
/Users/kaiohs/Downloads/codes/lab02-experimentacao-software/data/repos/NationalSecurityAgency__ghidra/Ghidra/Test/DebuggerIntegrationTest/src/screen/java/ghidraclass/debugger/screenshot/TutorialDebuggerScreenShots.java,ghidraclass.debugger.screenshot.TutorialDebuggerScreenShots$Anonymous1,anonymous,2,2,0,2,1,1,0,6,0,0.0,NaN,NaN,1,0,1,0,0,0,1,0,0,0,0,0,0,0,0,0,0,0,0,6,1,0,0,0,0,0,0,1,0,1,0,0,0,0,5,-1,0
/Users/kaiohs/Downloads/codes/lab02-experimentacao-software/data/repos/NationalSecurityAgency__ghidra/Ghidra/Test/DebuggerIntegrationTest/src/screen/java/ghidraclass/debugger/screenshot/TutorialDebuggerScreenShots.java,ghidraclass.debugger.screenshot.TutorialDebuggerScreenShots$Anonymous2,anonymous,0,0,0,0,1,1,0,2,0,0.0,NaN,NaN,1,0,0,0,1,0,1,0,0,0,0,0,0,0,0,0,0,0,0,7,1,0,0,0,0,1,0,1,0,1,0,0,0,0,5,-1,0
/Users/kaiohs/Downloads/codes/lab02-experimentacao-software/data/repos/NationalSecurityAgency__ghidra/Ghidra/Test/IntegrationTest/src/screen/java/help/screenshot/CodeBrowserPluginScreenShots.java,help.screenshot.CodeBrowserPluginScreenShots,class,20,21,1,20,22,2,0,71,209,0.8409091,0.0,0.0,22,0,17,5,0,0,17,0,0,0,2,0,0,2,0,0,0,0,2,234,0,0,0,0,4,28,120,74,27,71,1,0,0,2,201,1,0
/Users/kaiohs/Downloads/codes/lab02-experimentacao-software/data/repos/NationalSecurityAgency__ghidra/Ghidra/Test/IntegrationTest/src/test/java/ghidra/app/plugin/core/datamgr/actions/TypeGraphTaskTest.java,ghidra.app.plugin.core.datamgr.actions.TypeGraphTaskTest,class,18,18,0,18,11,2,0,11,0,0.3939394,0.0,0.0,11,0,11,0,0,0,11,0,0,0,6,0,0,6,0,0,0,0,0,162,0,0,0,0,0,3,26,66,0,66,0,0,0,0,49,1,0
/Users/kaiohs/Downloads/codes/lab02-experimentacao-software/data/repos/NationalSecurityAgency__ghidra/Ghidra/Test/DebuggerIntegrationTest/src/screen/java/ghidraclass/debugger/screenshot/TutorialDebuggerScreenShots.java,ghidraclass.debugger.screenshot.TutorialDebuggerScreenShots$Anonymous3,anonymous,2,2,0,2,1,1,0,0,0,0.0,NaN,NaN,1,0,1,0,0,0,1,0,0,0,0,0,0,0,0,0,0,0,0,5,1,0,0,0,0,0,0,0,0,0,0,0,0,0,3,-1,0
/Users/kaiohs/Downloads/codes/lab02-experimentacao-software/data/repos/NationalSecurityAgency__ghidra/Ghidra/Framework/Emulation/src/main/java/ghidra/pcode/exec/SleighProgramCompiler.java,ghidra.pcode.exec.ErrorCollectingPcodeParser,class,30,31,1,30,27,2,0,40,114,0.8125,0.0,0.0,16,12,14,0,2,0,17,0,0,0,1,0,0,1,0,0,1,0,17,123,14,2,5,3,0,5,8,24,2,24,2,0,1,0,319,9,1
/Users/kaiohs/Downloads/codes/lab02-experimentacao-software/data/repos/NationalSecurityAgency__ghidra/Ghidra/Framework/Emulation/src/test/java/ghidra/pcode/opbehavior/OpBehaviorFloatLessTest.java,ghidra.pcode.opbehavior.OpBehaviorFloatLessTest,class,5,5,0,5,3,3,0,7,3,0.0,0.0,0.0,3,0,3,0,0,0,3,0,0,0,0,0,0,0,0,0,0,0,0,39,0,0,0,0,0,0,80,6,0,6,0,0,0,0,19,1,0
/Users/kaiohs/Downloads/codes/lab02-experimentacao-software/data/repos/NationalSecurityAgency__ghidra/Ghidra/Framework/Emulation/src/main/java/generic/ULongSpan.java,generic.DefaultULongSpanMap,class,3,3,0,3,1,2,0,0,0,0.0,NaN,NaN,1,0,1,0,0,0,1,0,0,0,0,0,0,0,0,0,0,0,0,5,0,0,0,0,0,0,0,0,0,0,0,0,0,0,21,0,0
/Users/kaiohs/Downloads/codes/lab02-experimentacao-software/data/repos/NationalSecurityAgency__ghidra/Ghidra/Framework/Emulation/src/main/java/ghidra/pcode/emu/auxiliary/AuxPcodeEmulator.java,ghidra.pcode.emu.auxiliary.AuxPcodeEmulator,class,15,18,3,15,8,2,0,12,28,0.0,0.0,0.0,8,0,1,0,7,0,8,1,0,0,0,0,0,0,0,0,0,0,1,26,6,0,0,0,0,0,0,2,0,2,0,0,0,0,84,1025,0
/Users/kaiohs/Downloads/codes/lab02-experimentacao-software/data/repos/NationalSecurityAgency__ghidra/GhidraBuild/BuildFiles/Doclets/src/main/java/ghidra/doclets/typestubs/PythonTypeStubDoclet.java,ghidra.doclets.typestubs.PythonTypeStubDoclet$Anonymous1,anonymous,1,1,0,1,6,1,0,3,15,0.0,0.0,0.0,6,0,6,0,0,0,6,0,0,0,0,0,0,0,0,0,0,0,1,21,6,0,0,0,0,3,2,1,0,0,0,0,0,0,14,-1,0
/Users/kaiohs/Downloads/codes/lab02-experimentacao-software/data/repos/NationalSecurityAgency__ghidra/GhidraBuild/BuildFiles/Doclets/src/main/java/ghidra/doclets/typestubs/PythonTypeStubDoclet.java,ghidra.doclets.typestubs.PythonTypeStubDoclet$Anonymous2,anonymous,1,1,0,1,6,1,0,1,15,0.0,0.0,0.0,6,0,6,0,0,0,6,0,0,0,0,0,0,0,0,0,0,0,1,21,6,0,0,0,0,3,1,1,0,0,0,0,0,0,14,-1,0
/Users/kaiohs/Downloads/codes/lab02-experimentacao-software/data/repos/NationalSecurityAgency__ghidra/GhidraBuild/BuildFiles/Doclets/src/main/java/ghidra/doclets/typestubs/PythonTypeStubDoclet.java,ghidra.doclets.typestubs.PythonTypeStubDoclet$Anonymous3,anonymous,1,1,0,1,6,1,0,1,15,0.0,0.0,0.0,6,0,6,0,0,0,6,0,0,0,0,0,0,0,0,0,0,0,1,21,6,0,0,0,0,3,1,1,0,0,0,0,0,0,18,-1,0
/Users/kaiohs/Downloads/codes/lab02-experimentacao-software/data/repos/NationalSecurityAgency__ghidra/Ghidra/Test/IntegrationTest/src/screen/java/help/screenshot/PrintingPluginScreenShots.java,help.screenshot.PrintingPluginScreenShots,class,2,2,0,2,2,2,0,3,1,0.0,0.0,0.0,2,0,2,0,0,0,2,0,0,0,0,0,0,0,0,0,0,0,0,10,0,0,0,0,0,2,2,0,0,0,0,0,0,0,16,1,0
/Users/kaiohs/Downloads/codes/lab02-experimentacao-software/data/repos/NationalSecurityAgency__ghidra/Ghidra/Framework/Emulation/src/main/java/ghidra/pcode/emu/PcodeEmulator.java,ghidra.pcode.emu.PcodeEmulator,class,11,13,2,11,6,2,0,3,15,0.0,0.0,0.0,6,0,2,0,4,0,6,0,0,0,0,0,0,0,0,0,0,0,2,22,4,0,0,0,0,0,0,2,0,2,0,0,0,0,325,1,0
/Users/kaiohs/Downloads/codes/lab02-experimentacao-software/data/repos/NationalSecurityAgency__ghidra/GhidraDocs/GhidraClass/AdvancedDevelopment/contrib/gadc/ghidra_scripts/Lab4Script.java,Lab4Script,class,1,1,0,1,3,2,0,5,0,0.0,NaN,NaN,1,0,1,0,0,0,1,0,0,0,0,0,0,0,0,0,0,0,1,12,0,1,0,0,0,3,2,2,1,2,2,0,0,0,11,1,0
/Users/kaiohs/Downloads/codes/lab02-experimentacao-software/data/repos/NationalSecurityAgency__ghidra/Ghidra/Framework/Emulation/src/test/java/ghidra/pcode/exec/PcodeFrameTest.java,ghidra.pcode.exec.PcodeFrameTest,class,12,13,1,12,17,3,0,11,104,0.89375,0.0,0.0,16,0,14,2,0,0,14,0,0,0,10,8,0,0,0,10,8,0,1,90,2,0,0,0,0,1,0,24,0,24,1,0,1,0,59,1,0
/Users/kaiohs/Downloads/codes/lab02-experimentacao-software/data/repos/NationalSecurityAgency__ghidra/Ghidra/Framework/Emulation/src/main/java/ghidra/pcode/emu/jit/gen/opnd/Opnd.java,ghidra.pcode.emu.jit.gen.opnd.MpToMpConv,interface,23,23,0,23,7,1,0,1,10,0.0,0.0,0.0,5,3,0,0,0,5,5,0,0,0,0,0,0,0,0,0,0,0,0,12,2,0,0,0,0,0,0,0,0,0,0,0,0,0,100,0,0
/Users/kaiohs/Downloads/codes/lab02-experimentacao-software/data/repos/NationalSecurityAgency__ghidra/Ghidra/Test/DebuggerIntegrationTest/src/test.slow/java/agent/lldb/rmi/AbstractLldbTraceRmiTest.java,agent.lldb.rmi.AbstractLldbTraceRmiTest$LldbError,innerclass,0,0,0,0,1,4,0,1,0,0.0,NaN,NaN,1,0,1,0,0,0,1,0,0,0,2,0,2,0,0,0,2,0,0,9,0,0,0,0,0,0,0,2,0,2,0,0,0,0,7,9,0
/Users/kaiohs/Downloads/codes/lab02-experimentacao-software/data/repos/NationalSecurityAgency__ghidra/Ghidra/Framework/Emulation/src/main/java/ghidra/pcode/emu/jit/op/JitFloatTestOp.java,ghidra.pcode.emu.jit.op.JitFloatTestOp,interface,2,2,0,2,1,1,0,0,0,0.0,NaN,NaN,1,0,0,0,0,1,1,0,0,0,0,0,0,0,0,0,0,0,0,5,1,0,0,0,0,0,0,0,0,0,0,0,0,0,20,1,0
/Users/kaiohs/Downloads/codes/lab02-experimentacao-software/data/repos/NationalSecurityAgency__ghidra/Ghidra/Framework/SoftwareModeling/src/test/java/ghidra/util/MergeSortingIteratorTest.java,ghidra.util.MergeSortingIteratorTest,class,1,1,0,1,4,1,0,14,6,0.0,0.0,0.0,4,0,4,0,0,0,4,0,0,0,0,0,0,0,0,0,0,0,10,60,0,0,0,0,0,14,16,16,0,10,0,0,0,0,19,1,0
/Users/kaiohs/Downloads/codes/lab02-experimentacao-software/data/repos/NationalSecurityAgency__ghidra/Ghidra/Framework/SoftwareModeling/src/main/java/ghidra/app/plugin/assembler/sleigh/tree/AssemblyParseHiddenNode.java,ghidra.app.plugin.assembler.sleigh.tree.AssemblyParseHiddenNode,class,3,6,3,3,4,2,0,1,6,0.0,0.0,0.0,4,0,3,0,1,0,4,0,0,0,0,0,0,0,0,0,0,0,0,14,2,0,0,0,0,2,0,0,0,0,0,0,0,0,17,1,0
/Users/kaiohs/Downloads/codes/lab02-experimentacao-software/data/repos/NationalSecurityAgency__ghidra/GhidraBuild/EclipsePlugins/GhidraSleighEditor/ghidra.xtext.sleigh.ui/src/ghidra/xtext/sleigh/ui/SleighHighlightingConfiguration.java,ghidra.xtext.sleigh.ui.SleighHighlightingConfiguration,class,5,6,1,5,3,2,0,7,3,0.6666666,0.0,0.0,3,0,3,0,0,0,3,0,0,0,8,8,8,0,0,0,8,0,0,31,0,0,0,0,0,8,27,9,0,9,0,0,0,0,36,1,0
/Users/kaiohs/Downloads/codes/lab02-experimentacao-software/data/repos/NationalSecurityAgency__ghidra/Ghidra/Test/IntegrationTest/src/test.slow/java/ghidra/pcode/emu/jit/gen/AbstractJitCodeGeneratorTest.java,ghidra.pcode.emu.jit.gen.AbstractJitCodeGeneratorTest$TestJitPcodeEmulator,innerclass,6,6,0,6,2,3,0,1,1,0.0,0.0,0.0,2,0,1,0,1,0,2,0,0,0,0,0,0,0,0,0,0,0,1,8,1,0,0,0,0,0,0,0,0,0,0,0,0,0,10,9,0
/Users/kaiohs/Downloads/codes/lab02-experimentacao-software/data/repos/NationalSecurityAgency__ghidra/Ghidra/Framework/SoftwareModeling/src/main/java/ghidra/app/plugin/assembler/sleigh/tree/AssemblyParseNumericToken.java,ghidra.app.plugin.assembler.sleigh.tree.AssemblyParseNumericToken,class,4,9,5,4,9,3,0,6,0,0.0,0.0,0.0,5,0,5,0,0,0,5,0,0,0,1,0,0,0,1,0,1,0,1,37,8,0,2,0,0,2,2,7,1,3,1,0,0,0,47,1,0
/Users/kaiohs/Downloads/codes/lab02-experimentacao-software/data/repos/NationalSecurityAgency__ghidra/Ghidra/Framework/Emulation/src/main/java/ghidra/pcode/emu/jit/gen/op/IntCompareBinOpGen.java,ghidra.pcode.emu.jit.gen.op.IntCompareBinOpGen,interface,22,29,7,22,9,1,0,18,28,0.0,0.0,0.0,8,1,0,0,0,8,8,0,0,0,0,0,0,0,0,0,0,0,0,35,8,1,0,0,0,4,7,8,1,7,1,0,0,0,155,1,0
/Users/kaiohs/Downloads/codes/lab02-experimentacao-software/data/repos/NationalSecurityAgency__ghidra/Ghidra/Framework/SoftwareModeling/src/test.slow/java/ghidra/program/database/data/DataTypeUtilitiesTest.java,ghidra.program.database.data.DataTypeUtilitiesTest,class,22,23,1,22,11,2,0,14,25,0.7,0.0,0.0,10,0,8,2,0,0,8,0,0,0,2,0,0,2,0,0,0,0,0,281,0,0,1,0,0,180,16,112,2,113,1,0,0,0,124,1,0
/Users/kaiohs/Downloads/codes/lab02-experimentacao-software/data/repos/NationalSecurityAgency__ghidra/Ghidra/Test/IntegrationTest/src/screen/java/help/screenshot/ProgramManagerPluginScreenShots.java,help.screenshot.ProgramManagerPluginScreenShots,class,27,28,1,27,30,2,0,77,296,0.92,0.0,0.0,25,0,21,4,0,0,21,0,0,0,2,0,0,2,0,0,0,0,1,242,5,2,0,3,1,45,80,58,4,54,2,0,0,5,174,1,0
/Users/kaiohs/Downloads/codes/lab02-experimentacao-software/data/repos/NationalSecurityAgency__ghidra/Ghidra/Test/DebuggerIntegrationTest/src/test/java/ghidra/app/plugin/core/debug/service/breakpoint/AbstractDebuggerLogicalBreakpointServiceTest.java,ghidra.app.plugin.core.debug.service.breakpoint.AbstractDebuggerLogicalBreakpointServiceTest,class,26,28,2,26,92,3,0,141,489,0.83757585,0.0,0.0,75,0,41,0,34,0,75,18,0,0,11,1,0,0,11,0,1,0,44,1095,0,8,3,15,0,35,116,160,2,164,3,0,2,11,223,1025,2
/Users/kaiohs/Downloads/codes/lab02-experimentacao-software/data/repos/NationalSecurityAgency__ghidra/Ghidra/Framework/Emulation/src/main/java/ghidra/pcode/emu/jit/op/JitBoolUnOp.java,ghidra.pcode.emu.jit.op.JitBoolUnOp,interface,2,2,0,2,2,1,0,0,1,0.0,0.0,0.0,2,0,0,0,0,2,2,0,0,0,0,0,0,0,0,0,0,0,0,8,2,0,0,0,0,0,0,0,0,0,0,0,0,0,17,1,0
/Users/kaiohs/Downloads/codes/lab02-experimentacao-software/data/repos/NationalSecurityAgency__ghidra/Ghidra/Test/IntegrationTest/src/test.slow/java/ghidra/program/database/sourcemap/ModifyingMemoryMappingSourceFilesTest.java,ghidra.program.database.sourcemap.ModifyingMemoryMappingSourceFilesTest,class,12,13,1,12,42,3,0,45,0,0.54761904,0.0,0.0,42,0,30,12,0,0,30,0,0,0,4,0,0,3,1,0,0,0,0,877,0,0,0,45,0,48,905,166,30,78,1,0,0,0,109,1,0
/Users/kaiohs/Downloads/codes/lab02-experimentacao-software/data/repos/NationalSecurityAgency__ghidra/GhidraBuild/EclipsePlugins/GhidraDev/GhidraDevPlugin/src/main/java/ghidradev/ghidraprojectcreator/wizards/pages/ChooseGhidraModuleSourceWizardPage.java,ghidradev.ghidraprojectcreator.wizards.pages.ChooseGhidraModuleSourceWizardPage,class,11,13,2,11,14,2,0,22,0,0.5,0.0,0.0,4,0,3,1,0,0,3,0,0,0,2,0,0,2,0,0,0,0,2,68,2,0,3,0,0,17,1,15,0,11,2,0,0,2,86,1,0
/Users/kaiohs/Downloads/codes/lab02-experimentacao-software/data/repos/NationalSecurityAgency__ghidra/Ghidra/Framework/Pty/src/test/java/ghidra/pty/linux/LinuxPtyTest.java,ghidra.pty.linux.LinuxPtyTest,class,3,3,0,3,3,3,0,2,1,0.0,0.0,0.0,2,0,1,0,1,0,2,0,0,0,0,0,0,0,0,0,0,0,1,8,1,0,1,0,0,0,0,0,0,0,0,0,0,0,12,1,0
/Users/kaiohs/Downloads/codes/lab02-experimentacao-software/data/repos/NationalSecurityAgency__ghidra/GhidraBuild/EclipsePlugins/GhidraDev/GhidraDevPlugin/src/main/java/ghidradev/ghidraprojectcreator/wizards/pages/ConfigureGhidraScriptProjectWizardPage.java,ghidradev.ghidraprojectcreator.wizards.pages.ConfigureGhidraScriptProjectWizardPage,class,4,5,1,4,4,2,0,10,2,0.5,0.0,0.0,4,0,4,0,0,0,4,0,0,0,2,0,0,2,0,0,0,0,0,30,2,0,0,0,0,10,1,3,3,3,0,0,0,0,60,1,0
/Users/kaiohs/Downloads/codes/lab02-experimentacao-software/data/repos/NationalSecurityAgency__ghidra/Ghidra/Framework/Emulation/src/test/java/ghidra/pcode/opbehavior/OpBehaviorFloatSubTest.java,ghidra.pcode.opbehavior.OpBehaviorFloatSubTest,class,4,4,0,4,3,3,0,11,3,0.0,0.0,0.0,3,0,3,0,0,0,3,0,0,0,0,0,0,0,0,0,0,0,0,59,0,0,0,0,0,0,49,36,0,10,0,0,0,0,20,1,0
/Users/kaiohs/Downloads/codes/lab02-experimentacao-software/data/repos/NationalSecurityAgency__ghidra/Ghidra/Test/IntegrationTest/src/screen/java/help/screenshot/DisassembledViewPluginScreenShots.java,help.screenshot.DisassembledViewPluginScreenShots,class,5,5,0,5,2,2,0,16,1,0.0,0.0,0.0,2,0,2,0,0,0,2,0,0,0,0,0,0,0,0,0,0,0,1,29,0,0,0,0,2,3,7,12,2,7,0,0,0,0,39,1,0
/Users/kaiohs/Downloads/codes/lab02-experimentacao-software/data/repos/NationalSecurityAgency__ghidra/Ghidra/Framework/SoftwareModeling/src/test/java/ghidra/util/IntersectionAddressSetViewTest.java,ghidra.util.IntersectionAddressSetViewTest,class,13,14,1,13,24,2,0,42,171,0.94736844,0.0,0.0,19,0,13,0,6,0,19,0,0,0,1,0,0,0,1,0,0,0,8,224,6,4,0,1,0,4,265,57,6,43,1,0,0,0,85,1,0
/Users/kaiohs/Downloads/codes/lab02-experimentacao-software/data/repos/NationalSecurityAgency__ghidra/Ghidra/Framework/SoftwareModeling/src/test/java/ghidra/test/DummyToolActions.java,ghidra.test.DummyToolActions,class,4,5,1,4,12,1,0,0,66,0.0,0.0,0.0,12,0,12,0,0,0,12,0,0,0,0,0,0,0,0,0,0,0,0,31,5,0,0,0,0,0,0,0,0,0,0,0,0,0,23,1,0
/Users/kaiohs/Downloads/codes/lab02-experimentacao-software/data/repos/NationalSecurityAgency__ghidra/Ghidra/Framework/SoftwareModeling/src/main/java/ghidra/app/plugin/assembler/sleigh/sem/AbstractAssemblyStateGenerator.java,ghidra.app.plugin.assembler.sleigh.sem.AbstractAssemblyStateGenerator,class,5,10,5,5,2,1,0,0,1,0.5,0.0,0.0,2,0,2,0,0,0,2,1,0,0,3,0,0,0,3,0,3,0,0,27,0,0,0,0,0,0,0,3,0,3,0,0,1,0,44,1025,0
/Users/kaiohs/Downloads/codes/lab02-experimentacao-software/data/repos/NationalSecurityAgency__ghidra/Ghidra/Framework/Emulation/src/main/java/ghidra/pcode/memstate/MemoryBank.java,ghidra.pcode.memstate.MemoryBank,class,5,11,6,5,35,1,2,10,57,0.7714286,0.0,0.0,14,2,11,0,3,0,14,3,0,0,5,0,0,4,1,0,5,0,2,159,8,7,4,0,9,1,32,65,23,31,3,0,0,0,177,1025,0
/Users/kaiohs/Downloads/codes/lab02-experimentacao-software/data/repos/NationalSecurityAgency__ghidra/Ghidra/Framework/Pty/src/test/java/ghidra/pty/unix/AbstractUnixPtyTest.java,ghidra.pty.unix.AbstractUnixPtyTest,class,9,12,3,9,14,2,2,24,45,0.0,0.0,0.0,10,0,9,0,1,0,10,1,0,0,0,0,0,0,0,0,0,0,6,130,0,4,0,8,0,51,11,36,2,32,2,0,0,0,54,1025,0
/Users/kaiohs/Downloads/codes/lab02-experimentacao-software/data/repos/NationalSecurityAgency__ghidra/Ghidra/Framework/Emulation/src/test/java/ghidra/pcode/opbehavior/OpBehaviorIntRemTest.java,ghidra.pcode.opbehavior.OpBehaviorIntRemTest,class,4,4,0,4,5,3,0,3,10,0.0,0.0,0.0,5,0,5,0,0,0,5,0,0,0,0,0,0,0,0,0,0,0,0,23,0,0,0,0,0,1,24,4,0,4,0,0,0,0,17,1,0
/Users/kaiohs/Downloads/codes/lab02-experimentacao-software/data/repos/NationalSecurityAgency__ghidra/Ghidra/Framework/Emulation/src/main/java/ghidra/app/emulator/memory/MemoryLoadImage.java,ghidra.app.emulator.memory.MemoryLoadImage,interface,3,12,9,3,2,1,0,0,1,0.0,0.0,0.0,2,0,2,0,0,0,2,0,0,0,0,0,0,0,0,0,0,0,0,4,0,0,0,0,0,1,0,0,0,0,0,0,0,0,10,1,0
/Users/kaiohs/Downloads/codes/lab02-experimentacao-software/data/repos/NationalSecurityAgency__ghidra/Ghidra/Test/IntegrationTest/src/test.slow/java/ghidra/framework/main/datatree/ProjectCopyPasteTest.java,ghidra.framework.main.datatree.ProjectCopyPasteTest,class,18,19,1,18,18,2,0,44,15,0.6333334,0.0,0.0,10,0,8,2,0,0,8,0,0,0,3,0,0,3,0,0,0,0,0,230,0,0,4,4,0,52,0,62,2,55,2,0,0,12,69,1,0
/Users/kaiohs/Downloads/codes/lab02-experimentacao-software/data/repos/NationalSecurityAgency__ghidra/Ghidra/Test/IntegrationTest/src/screen/java/help/screenshot/DataWindowPluginScreenShots.java,help.screenshot.DataWindowPluginScreenShots,class,3,3,0,3,3,2,0,9,3,0.0,0.0,0.0,3,0,3,0,0,0,3,0,0,0,0,0,0,0,0,0,0,0,0,18,0,0,0,0,0,8,2,3,0,3,0,0,0,0,30,1,0
/Users/kaiohs/Downloads/codes/lab02-experimentacao-software/data/repos/NationalSecurityAgency__ghidra/Ghidra/Framework/SoftwareModeling/src/test.slow/java/ghidra/program/model/data/DataTypeWriterTest.java,ghidra.program.model.data.DataTypeWriterTest,class,25,25,0,25,26,2,0,11,0,0.12820514,0.0,0.0,26,0,26,0,0,0,26,0,0,0,3,1,0,3,0,0,0,0,1,319,0,0,0,0,0,363,62,102,21,96,0,0,0,0,127,1,0
/Users/kaiohs/Downloads/codes/lab02-experimentacao-software/data/repos/NationalSecurityAgency__ghidra/Ghidra/Framework/Emulation/src/main/java/ghidra/pcode/emu/jit/gen/util/Scope.java,ghidra.pcode.emu.jit.gen.util.Scope,interface,3,65,62,3,3,1,0,0,3,0.0,0.0,0.0,3,0,0,0,0,3,3,0,0,0,0,0,0,0,0,0,0,0,0,5,0,0,0,0,0,0,0,0,0,0,0,0,0,0,86,1,0
/Users/kaiohs/Downloads/codes/lab02-experimentacao-software/data/repos/NationalSecurityAgency__ghidra/Ghidra/Framework/Emulation/src/main/java/ghidra/pcode/emu/auxiliary/AuxPcodeThread.java,ghidra.pcode.emu.auxiliary.AuxPcodeThread,class,8,10,2,8,5,2,0,8,10,0.0,0.0,0.0,5,0,2,0,3,0,5,0,0,0,0,0,0,0,0,0,0,0,0,17,4,0,0,0,0,0,0,0,0,0,0,0,0,0,32,1,0
/Users/kaiohs/Downloads/codes/lab02-experimentacao-software/data/repos/NationalSecurityAgency__ghidra/Ghidra/Test/IntegrationTest/src/test.slow/java/ghidra/program/model/lang/MipsPrototypeModelTest.java,ghidra.program.model.lang.MipsPrototypeModelTest,class,4,4,0,4,2,3,0,4,1,0.0,0.0,0.0,2,0,2,0,0,0,2,0,0,0,0,0,0,0,0,0,0,0,0,38,0,0,0,0,0,62,0,1,0,1,0,0,0,0,28,1,0
/Users/kaiohs/Downloads/codes/lab02-experimentacao-software/data/repos/NationalSecurityAgency__ghidra/GhidraBuild/EclipsePlugins/GhidraDev/GhidraDevPlugin/src/main/java/ghidradev/ghidraprojectcreator/wizards/CreateGhidraScriptWizard.java,ghidradev.ghidraprojectcreator.wizards.CreateGhidraScriptWizard,class,11,11,0,11,10,2,0,23,2,0.5,0.0,0.0,5,0,4,1,0,0,4,0,0,0,2,0,0,2,0,0,0,0,7,56,3,0,1,2,0,5,2,11,3,11,2,0,0,1,74,1,0
/Users/kaiohs/Downloads/codes/lab02-experimentacao-software/data/repos/NationalSecurityAgency__ghidra/Ghidra/Framework/SoftwareModeling/src/main/java/ghidra/app/plugin/assembler/sleigh/sem/AbstractAssemblyResolutionFactory.java,ghidra.app.plugin.assembler.sleigh.sem.AbstractAssemblyResolutionFactory$DefaultAssemblyResolvedBackfillBuilder,innerclass,3,3,0,3,1,3,0,0,0,0.0,NaN,NaN,1,0,0,0,1,0,1,0,0,0,0,0,0,0,0,0,0,0,0,5,1,0,0,0,0,0,0,0,0,0,0,0,0,0,6,1,0
/Users/kaiohs/Downloads/codes/lab02-experimentacao-software/data/repos/NationalSecurityAgency__ghidra/Ghidra/Framework/Emulation/src/main/java/ghidra/pcode/opbehavior/OpBehaviorFloatNotEqual.java,ghidra.pcode.opbehavior.OpBehaviorFloatNotEqual,class,2,3,1,2,3,3,0,2,3,0.0,0.0,0.0,3,0,3,0,0,0,3,0,0,0,0,0,0,0,0,0,0,0,0,13,2,0,0,0,0,0,0,2,0,2,0,0,0,0,13,1,0
/Users/kaiohs/Downloads/codes/lab02-experimentacao-software/data/repos/NationalSecurityAgency__ghidra/Ghidra/Test/IntegrationTest/src/test/java/ghidra/graph/program/BlockGraphEventTest.java,ghidra.graph.program.BlockGraphEventTest,class,14,15,1,14,7,3,0,28,1,0.35714287,0.0,0.0,7,0,5,2,0,0,5,0,0,0,2,0,0,2,0,0,0,0,2,57,1,0,0,0,0,15,15,10,0,8,0,0,0,1,54,1,0
/Users/kaiohs/Downloads/codes/lab02-experimentacao-software/data/repos/NationalSecurityAgency__ghidra/Ghidra/Test/IntegrationTest/src/test.slow/java/ghidra/program/model/lang/PcodeParserTest.java,ghidra.program.model.lang.PcodeParserTest,class,9,10,1,9,53,2,0,31,36,0.0,0.0,0.0,9,0,9,0,0,0,9,0,0,0,0,0,0,0,0,0,0,0,0,240,52,0,39,0,0,21,149,7,8,7,1,0,0,0,67,1,0
/Users/kaiohs/Downloads/codes/lab02-experimentacao-software/data/repos/NationalSecurityAgency__ghidra/GhidraBuild/EclipsePlugins/GhidraDev/GhidraDevPlugin/src/main/java/ghidradev/ghidraprojectcreator/wizards/pages/CreateGhidraProjectWizardPage.java,ghidradev.ghidraprojectcreator.wizards.pages.CreateGhidraProjectWizardPage$Anonymous1,anonymous,2,2,0,2,2,1,0,1,1,0.0,0.0,0.0,2,0,2,0,0,0,2,0,0,0,0,0,0,0,0,0,0,0,0,8,0,0,0,0,0,0,0,0,0,0,0,0,0,0,7,-1,0
/Users/kaiohs/Downloads/codes/lab02-experimentacao-software/data/repos/NationalSecurityAgency__ghidra/Ghidra/Framework/SoftwareModeling/src/test/java/ghidra/program/model/util/ReferenceState.java,ghidra.program.model.util.ReferenceState,class,12,15,3,12,13,2,0,12,17,0.7619047,0.0,0.0,7,0,3,3,0,1,4,0,0,0,3,1,1,0,0,2,1,0,1,56,7,2,4,0,1,0,5,15,1,12,2,0,0,0,52,1,0
/Users/kaiohs/Downloads/codes/lab02-experimentacao-software/data/repos/NationalSecurityAgency__ghidra/GhidraBuild/BuildFiles/Doclets/src/main/java/ghidra/doclets/typestubs/RstTableBuilder.java,ghidra.doclets.typestubs.RstTableBuilder$Row,innerclass,3,3,0,3,8,1,0,17,0,0.41666666,0.0,0.0,4,0,0,0,0,4,4,0,0,0,3,0,0,0,0,3,0,0,2,37,2,2,0,0,0,1,3,11,0,9,3,0,0,0,46,2,0
/Users/kaiohs/Downloads/codes/lab02-experimentacao-software/data/repos/NationalSecurityAgency__ghidra/Ghidra/Framework/Emulation/src/main/java/ghidra/pcode/memstate/MemoryFaultHandler.java,ghidra.pcode.memstate.MemoryFaultHandler,interface,2,5,3,2,2,1,0,0,1,0.0,0.0,0.0,2,0,0,0,0,2,2,0,0,0,0,0,0,0,0,0,0,0,0,4,0,0,0,0,0,1,0,0,0,0,0,0,0,0,51,1,0
/Users/kaiohs/Downloads/codes/lab02-experimentacao-software/data/repos/NationalSecurityAgency__ghidra/Ghidra/Framework/Pty/src/main/java/ghidra/pty/windows/jna/JobApiNative.java,ghidra.pty.windows.jna.JobApiNative,interface,6,9,3,6,3,1,0,1,3,1.0,0.0,0.0,3,0,0,0,0,3,3,0,0,0,1,0,0,0,0,1,0,0,0,6,0,0,0,0,0,1,0,1,0,1,0,0,0,0,32,1,0
/Users/kaiohs/Downloads/codes/lab02-experimentacao-software/data/repos/NationalSecurityAgency__ghidra/Ghidra/Framework/Emulation/src/main/java/ghidra/pcode/memstate/DefaultMemoryState.java,ghidra.pcode.memstate.DefaultMemoryState,class,8,9,1,8,12,2,0,15,13,0.6666667,0.0,0.0,6,0,6,0,0,0,6,0,2,0,1,0,0,0,0,1,0,0,1,36,4,1,3,0,0,4,2,7,3,7,1,0,0,0,149,1,0
/Users/kaiohs/Downloads/codes/lab02-experimentacao-software/data/repos/NationalSecurityAgency__ghidra/Ghidra/Framework/Emulation/src/main/java/ghidra/pcode/emu/BytesPcodeThread.java,ghidra.pcode.emu.BytesPcodeThread,class,2,3,1,2,1,2,0,0,0,0.0,NaN,NaN,1,0,1,0,0,0,1,0,0,0,0,0,0,0,0,0,0,0,0,5,0,0,0,0,0,0,0,0,0,0,0,0,0,0,29,1,0
/Users/kaiohs/Downloads/codes/lab02-experimentacao-software/data/repos/NationalSecurityAgency__ghidra/GhidraDocs/GhidraClass/Debugger/ghidra_scripts/ModelingScript.java,ModelingScript$StructuredStdLibPcodeUseropLibrary,innerclass,4,4,0,4,1,3,0,1,0,0.0,NaN,NaN,1,0,1,0,0,0,1,0,0,0,0,0,0,0,0,0,0,0,0,25,0,0,0,0,0,0,0,0,0,0,0,0,1,0,12,9,0
/Users/kaiohs/Downloads/codes/lab02-experimentacao-software/data/repos/NationalSecurityAgency__ghidra/Ghidra/Test/IntegrationTest/src/test.slow/java/ghidra/server/RepositoryFileSystemTest.java,ghidra.server.RepositoryFileSystemTest,class,24,25,1,24,10,2,0,57,2,0.56,0.0,0.0,5,0,3,2,0,0,3,0,0,0,5,1,0,5,0,0,1,0,5,200,1,2,1,3,1,49,48,41,8,33,2,0,2,0,98,1,3
/Users/kaiohs/Downloads/codes/lab02-experimentacao-software/data/repos/NationalSecurityAgency__ghidra/Ghidra/Test/IntegrationTest/src/screen/java/help/screenshot/CharsetsScreenShots.java,help.screenshot.CharsetsScreenShots,class,4,4,0,4,1,2,0,8,0,0.0,NaN,NaN,1,0,1,0,0,0,1,0,0,0,0,0,0,0,0,0,0,0,0,10,0,0,0,0,0,2,2,2,0,2,0,0,0,2,22,1,0
/Users/kaiohs/Downloads/codes/lab02-experimentacao-software/data/repos/NationalSecurityAgency__ghidra/Ghidra/Framework/Emulation/src/test/java/ghidra/pcode/emu/jit/gen/util/EmitterTest.java,ghidra.pcode.emu.jit.gen.util.EmitterTest$RunGenerator,interface,6,6,0,6,1,1,0,0,0,0.0,NaN,NaN,1,0,0,0,0,1,1,0,0,0,0,0,0,0,0,0,0,0,0,3,0,0,0,0,0,0,0,0,0,0,0,0,0,0,4,1,0
/Users/kaiohs/Downloads/codes/lab02-experimentacao-software/data/repos/NationalSecurityAgency__ghidra/Ghidra/Framework/Emulation/src/main/java/ghidra/pcode/exec/PcodeUseropLibrary.java,ghidra.pcode.exec.PcodeUseropLibrary$PcodeUseropDefinition,interface,6,6,0,6,11,1,0,6,55,0.0,0.0,0.0,11,0,0,0,0,11,11,0,0,0,0,0,0,0,0,0,0,0,1,15,0,0,0,0,0,0,1,0,0,0,0,0,0,0,246,0,0
/Users/kaiohs/Downloads/codes/lab02-experimentacao-software/data/repos/NationalSecurityAgency__ghidra/Ghidra/Test/DebuggerIntegrationTest/src/test/java/ghidra/app/plugin/core/debug/service/tracermi/TraceRmiPerformanceTest.java,ghidra.app.plugin.core.debug.service.tracermi.TraceRmiPerformanceTest$RmiTraceMaker,innerclass,11,11,0,11,4,1,0,27,3,0.0,0.0,0.0,3,0,1,1,1,0,2,0,0,0,0,0,0,0,0,0,0,0,1,30,3,0,1,0,0,2,6,9,0,8,1,0,0,0,40,0,0
/Users/kaiohs/Downloads/codes/lab02-experimentacao-software/data/repos/NationalSecurityAgency__ghidra/Ghidra/Framework/SoftwareModeling/src/main/java/ghidra/app/plugin/assembler/sleigh/sem/AssemblyResolvedPatterns.java,ghidra.app.plugin.assembler.sleigh.sem.AssemblyResolvedPatterns,interface,11,41,30,11,31,1,0,0,465,0.0,0.0,0.0,31,0,0,0,0,31,31,0,0,0,0,0,0,0,0,0,0,0,0,33,0,0,0,0,0,0,0,0,0,0,0,0,0,0,343,1,0
/Users/kaiohs/Downloads/codes/lab02-experimentacao-software/data/repos/NationalSecurityAgency__ghidra/Ghidra/Framework/Emulation/src/main/java/ghidra/app/emulator/memory/CompositeLoadImage.java,ghidra.app.emulator.memory.CompositeLoadImage,class,4,5,1,4,13,1,0,10,0,0.125,0.0,0.0,4,0,4,0,0,0,4,0,0,0,2,0,0,2,0,0,0,0,0,37,2,3,3,0,0,1,3,6,2,6,2,0,0,0,29,1,0
/Users/kaiohs/Downloads/codes/lab02-experimentacao-software/data/repos/NationalSecurityAgency__ghidra/GhidraBuild/BuildFiles/Doclets/src/main/java/ghidra/doclets/typestubs/PythonTypeStubNestedType.java,ghidra.doclets.typestubs.PythonTypeStubNestedType,class,2,3,1,2,2,3,0,1,1,0.0,0.0,0.0,2,0,0,0,0,2,2,0,0,0,0,0,0,0,0,0,0,0,0,8,0,0,0,0,0,0,0,0,0,0,0,0,0,0,21,16,0
/Users/kaiohs/Downloads/codes/lab02-experimentacao-software/data/repos/NationalSecurityAgency__ghidra/GhidraBuild/BuildFiles/Doclets/src/main/java/ghidra/doclets/typestubs/PythonTypeStubType.java,ghidra.doclets.typestubs.PythonTypeStubType$Property,innerclass,3,3,0,3,6,1,0,12,0,0.0,NaN,NaN,1,0,0,0,0,1,1,0,0,0,2,0,0,0,0,2,0,0,3,46,3,0,2,0,0,12,0,5,0,4,1,0,0,0,30,0,0
/Users/kaiohs/Downloads/codes/lab02-experimentacao-software/data/repos/NationalSecurityAgency__ghidra/Ghidra/Framework/Emulation/src/main/java/ghidra/pcode/emu/jit/analysis/JitDataFlowModel.java,ghidra.pcode.emu.jit.analysis.JitDataFlowModel$GraphvizExporter,innerclass,9,9,0,9,18,1,0,22,4,0.6666667,0.0,0.0,5,0,3,0,0,2,5,0,0,0,3,0,0,0,0,3,3,0,8,78,4,3,1,1,0,4,1,11,0,9,3,0,0,0,67,4,0
/Users/kaiohs/Downloads/codes/lab02-experimentacao-software/data/repos/NationalSecurityAgency__ghidra/Ghidra/Framework/SoftwareModeling/src/test/java/ghidra/app/util/SymbolPathTest.java,ghidra.app.util.SymbolPathTest,class,2,2,0,2,19,1,0,11,36,0.0,0.0,0.0,9,0,9,0,0,0,9,0,0,0,0,0,0,0,0,0,0,0,0,73,0,0,1,1,0,37,16,14,0,14,1,0,0,0,34,1,0
/Users/kaiohs/Downloads/codes/lab02-experimentacao-software/data/repos/NationalSecurityAgency__ghidra/GhidraDocs/GhidraClass/Debugger/ghidra_scripts/ModelingScript.java,ModelingScript$UnExpr,interface,1,1,0,1,1,1,0,0,0,0.0,NaN,NaN,1,0,0,0,0,1,1,0,0,0,0,0,0,0,0,0,0,0,0,3,0,0,0,0,0,0,0,0,0,0,0,0,0,0,3,0,0
/Users/kaiohs/Downloads/codes/lab02-experimentacao-software/data/repos/NationalSecurityAgency__ghidra/Ghidra/Framework/Pty/src/main/java/ghidra/pty/unix/PosixC.java,ghidra.pty.unix.PosixC$Ioctls,interface,0,0,0,0,3,1,0,0,3,0.0,0.0,0.0,3,0,0,0,0,3,3,0,0,0,0,0,0,0,0,0,0,0,0,5,0,0,0,0,0,0,0,0,0,0,0,0,0,0,16,0,0
/Users/kaiohs/Downloads/codes/lab02-experimentacao-software/data/repos/NationalSecurityAgency__ghidra/Ghidra/Framework/Emulation/src/main/java/ghidra/pcode/emu/jit/analysis/JitControlFlowModel.java,ghidra.pcode.emu.jit.analysis.JitControlFlowModel$BlockSplitter,innerclass,9,9,0,9,32,1,0,25,52,0.7948718,0.0,0.0,13,0,3,9,1,0,4,1,0,0,6,0,0,6,0,0,4,0,1,111,10,5,5,0,0,1,2,13,0,10,3,0,0,0,146,1033,0
/Users/kaiohs/Downloads/codes/lab02-experimentacao-software/data/repos/NationalSecurityAgency__ghidra/Ghidra/Test/DebuggerIntegrationTest/src/test/java/ghidra/app/plugin/core/debug/gui/breakpoint/DebuggerRmiBreakpointMarkerPluginTest.java,ghidra.app.plugin.core.debug.gui.breakpoint.DebuggerRmiBreakpointMarkerPluginTest,class,10,10,0,10,12,4,0,27,21,0.0,0.0,0.0,7,0,0,0,7,0,7,0,0,0,0,0,0,0,0,0,0,0,21,78,2,0,0,4,0,21,7,15,1,15,1,0,0,0,61,1,0
/Users/kaiohs/Downloads/codes/lab02-experimentacao-software/data/repos/NationalSecurityAgency__ghidra/Ghidra/Framework/Pty/src/main/java/ghidra/pty/unix/PosixC.java,ghidra.pty.unix.PosixC$Winsize$ByReference,innerclass,2,2,0,2,0,3,0,0,0,0.0,-1.0,-1.0,0,0,0,0,0,0,0,0,0,0,0,0,0,0,0,0,0,0,0,2,0,0,0,0,0,0,0,0,0,0,0,0,0,0,3,9,0
/Users/kaiohs/Downloads/codes/lab02-experimentacao-software/data/repos/NationalSecurityAgency__ghidra/GPL/DMG/src/dmg/java/mobiledevices/dmg/reader/DmgInfoGenerator.java,mobiledevices.dmg.reader.DmgInfoGenerator,class,17,19,2,17,34,1,0,64,30,0.7777778,0.0,0.0,9,0,0,7,0,2,2,0,0,0,5,0,0,5,0,0,0,0,3,172,4,3,4,3,1,61,1,30,46,27,4,0,0,0,80,0,0
/Users/kaiohs/Downloads/codes/lab02-experimentacao-software/data/repos/NationalSecurityAgency__ghidra/Ghidra/Framework/Emulation/src/test/java/ghidra/pcode/opbehavior/OpBehaviorFloatInt2FloatTest.java,ghidra.pcode.opbehavior.OpBehaviorFloatInt2FloatTest,class,5,5,0,5,6,3,0,12,3,0.0,0.0,0.0,3,0,3,0,0,0,3,0,0,0,0,0,0,0,0,0,0,0,2,38,0,0,0,0,0,0,52,14,0,8,0,0,0,0,28,1,0
/Users/kaiohs/Downloads/codes/lab02-experimentacao-software/data/repos/NationalSecurityAgency__ghidra/Ghidra/Framework/Emulation/src/test/java/ghidra/pcode/opbehavior/OpBehaviorFloatTruncTest.java,ghidra.pcode.opbehavior.OpBehaviorFloatTruncTest,class,4,4,0,4,3,3,0,8,3,0.0,0.0,0.0,3,0,3,0,0,0,3,0,0,0,0,0,0,0,0,0,0,0,4,43,0,0,0,0,0,0,31,24,0,8,0,0,0,0,19,1,0
/Users/kaiohs/Downloads/codes/lab02-experimentacao-software/data/repos/NationalSecurityAgency__ghidra/Ghidra/Framework/Emulation/src/main/java/ghidra/app/emulator/AdaptedEmulator.java,ghidra.app.emulator.AdaptedEmulator$AdaptedFilteredMemoryState,innerclass,5,5,0,5,6,3,0,2,0,0.25,0.0,0.0,4,0,0,0,0,4,4,0,0,0,1,0,0,1,0,0,0,0,0,23,3,0,2,0,0,1,0,2,0,2,1,0,0,0,54,8,0
/Users/kaiohs/Downloads/codes/lab02-experimentacao-software/data/repos/NationalSecurityAgency__ghidra/Ghidra/Framework/Emulation/src/main/java/ghidra/pcode/emu/jit/gen/GenConsts.java,ghidra.pcode.emu.jit.gen.GenConsts,interface,30,30,0,30,0,1,0,56,0,NaN,-1.0,-1.0,0,0,0,0,0,0,0,0,0,0,108,108,108,0,0,0,108,0,36,138,0,0,0,0,0,11,0,108,0,110,0,0,2,2,40,1,0
/Users/kaiohs/Downloads/codes/lab02-experimentacao-software/data/repos/NationalSecurityAgency__ghidra/GhidraBuild/EclipsePlugins/GhidraDev/GhidraDevPlugin/src/main/java/ghidradev/ghidraprojectcreator/wizards/CreateGhidraScriptProjectWizard.java,ghidradev.ghidraprojectcreator.wizards.CreateGhidraScriptProjectWizard,class,14,16,2,14,11,2,0,26,3,0.4166667,0.0,0.0,6,0,4,2,0,0,4,0,0,0,4,0,0,4,0,0,0,0,7,70,6,0,0,2,0,7,3,13,3,14,1,0,0,1,116,1,0
/Users/kaiohs/Downloads/codes/lab02-experimentacao-software/data/repos/NationalSecurityAgency__ghidra/Ghidra/Test/IntegrationTest/src/test.slow/java/ghidra/framework/plugintool/testplugins/DiamondPluginD.java,ghidra.framework.plugintool.testplugins.DiamondPluginD,class,5,7,2,5,1,2,0,0,0,0.0,NaN,NaN,1,0,1,0,0,0,1,0,0,0,0,0,0,0,0,0,0,0,0,5,0,0,0,0,0,3,0,0,0,0,0,0,0,0,16,1,0
/Users/kaiohs/Downloads/codes/lab02-experimentacao-software/data/repos/NationalSecurityAgency__ghidra/Ghidra/Test/IntegrationTest/src/test.slow/java/ghidra/framework/plugintool/testplugins/DiamondPluginC.java,ghidra.framework.plugintool.testplugins.DiamondPluginC,class,6,8,2,6,1,2,0,0,0,0.0,NaN,NaN,1,0,1,0,0,0,1,0,0,0,0,0,0,0,0,0,0,0,0,5,0,0,0,0,0,3,0,0,0,0,0,0,0,0,16,1,0
/Users/kaiohs/Downloads/codes/lab02-experimentacao-software/data/repos/NationalSecurityAgency__ghidra/Ghidra/Test/IntegrationTest/src/test.slow/java/ghidra/framework/plugintool/testplugins/DiamondPluginB.java,ghidra.framework.plugintool.testplugins.DiamondPluginB,class,6,8,2,6,1,2,0,0,0,0.0,NaN,NaN,1,0,1,0,0,0,1,0,0,0,0,0,0,0,0,0,0,0,0,5,0,0,0,0,0,3,0,0,0,0,0,0,0,0,16,1,0
/Users/kaiohs/Downloads/codes/lab02-experimentacao-software/data/repos/NationalSecurityAgency__ghidra/Ghidra/Test/IntegrationTest/src/test.slow/java/ghidra/framework/plugintool/testplugins/DiamondPluginA.java,ghidra.framework.plugintool.testplugins.DiamondPluginA,class,6,7,1,6,1,2,0,0,0,0.0,NaN,NaN,1,0,1,0,0,0,1,0,0,0,0,0,0,0,0,0,0,0,0,5,0,0,0,0,0,3,0,0,0,0,0,0,0,0,16,1,0
/Users/kaiohs/Downloads/codes/lab02-experimentacao-software/data/repos/NationalSecurityAgency__ghidra/Ghidra/Test/IntegrationTest/src/test.slow/java/ghidra/program/database/sourcemap/SourceFileTest.java,ghidra.program.database.sourcemap.SourceFileTest,class,4,4,0,4,30,3,0,29,435,0.0,0.0,0.0,30,0,30,0,0,0,30,0,0,0,0,0,0,0,0,0,0,0,12,359,0,0,0,18,0,85,60,60,2,34,1,0,0,0,102,1,0
/Users/kaiohs/Downloads/codes/lab02-experimentacao-software/data/repos/NationalSecurityAgency__ghidra/Ghidra/Framework/Emulation/src/test/java/ghidra/pcode/exec/PcodeFrameTest.java,ghidra.pcode.exec.PcodeFrameTest$MyLib,innerclass,2,2,0,2,1,2,0,0,0,0.0,NaN,NaN,1,0,0,0,0,1,1,0,0,0,0,0,0,0,0,0,0,0,0,4,0,0,0,0,0,0,0,0,0,0,0,0,0,0,5,8,0
/Users/kaiohs/Downloads/codes/lab02-experimentacao-software/data/repos/NationalSecurityAgency__ghidra/Ghidra/Framework/SoftwareModeling/src/test/java/ghidra/app/plugin/assembler/sleigh/AssemblyTestCase.java,ghidra.app.plugin.assembler.sleigh.AssemblyTestCase,class,30,33,3,30,50,5,0,47,158,0.86,0.0,0.0,20,1,2,0,18,0,20,1,0,0,5,5,1,1,0,3,2,0,10,220,4,6,6,3,2,18,1,45,8,42,4,1,1,0,240,1025,5
/Users/kaiohs/Downloads/codes/lab02-experimentacao-software/data/repos/NationalSecurityAgency__ghidra/Ghidra/Framework/Emulation/src/main/java/ghidra/pcode/exec/AbstractPcodeExecutorState.java,ghidra.pcode.exec.AbstractPcodeExecutorState,class,13,15,2,13,16,1,0,15,0,0.0625,0.0,0.0,16,0,15,0,1,0,16,1,0,0,1,0,0,0,1,0,1,0,0,49,9,0,0,0,0,0,0,1,0,1,0,0,0,0,31,1025,0
/Users/kaiohs/Downloads/codes/lab02-experimentacao-software/data/repos/NationalSecurityAgency__ghidra/Ghidra/Test/IntegrationTest/src/screen/java/help/screenshot/StackEditorScreenShots.java,help.screenshot.StackEditorScreenShots,class,6,7,1,6,10,2,0,22,6,0.0,0.0,0.0,4,0,3,1,0,0,3,0,0,0,0,0,0,0,0,0,0,0,0,64,0,2,2,0,0,11,12,15,0,13,4,0,0,1,55,1,0
/Users/kaiohs/Downloads/codes/lab02-experimentacao-software/data/repos/NationalSecurityAgency__ghidra/Ghidra/Framework/Pty/src/main/java/ghidra/pty/windows/HandleOutputStream.java,ghidra.pty.windows.HandleOutputStream,class,5,8,3,5,12,2,0,8,13,0.6428572,0.0,0.0,7,0,6,0,1,0,7,0,0,4,2,0,0,2,0,0,1,0,1,41,2,1,0,0,1,2,1,6,1,4,2,0,0,0,63,1,0
/Users/kaiohs/Downloads/codes/lab02-experimentacao-software/data/repos/NationalSecurityAgency__ghidra/Ghidra/Framework/SoftwareModeling/src/test/java/ghidra/program/model/data/DataUtilitiesTest.java,ghidra.program.model.data.DataUtilitiesTest$MyListing,innerclass,7,7,0,7,41,2,0,2,6,0.0,0.0,0.0,4,0,4,0,0,0,4,0,0,0,0,0,0,0,0,0,0,0,0,57,17,0,14,0,0,0,47,4,0,4,1,0,0,0,35,2,0
/Users/kaiohs/Downloads/codes/lab02-experimentacao-software/data/repos/NationalSecurityAgency__ghidra/Ghidra/Framework/Emulation/src/main/java/ghidra/pcode/exec/SleighLinkException.java,ghidra.pcode.exec.SleighLinkException,class,0,2,2,0,1,4,0,0,0,0.0,NaN,NaN,1,0,1,0,0,0,1,0,0,0,0,0,0,0,0,0,0,0,0,5,0,0,0,0,0,0,0,0,0,0,0,0,0,0,15,1,0
/Users/kaiohs/Downloads/codes/lab02-experimentacao-software/data/repos/NationalSecurityAgency__ghidra/Ghidra/Framework/Emulation/src/main/java/ghidra/pcode/emu/ModifiedPcodeThread.java,ghidra.pcode.emu.ModifiedPcodeThread$ModifierUseropLibrary,innerclass,4,4,0,4,5,1,0,8,0,0.0,NaN,NaN,2,0,1,1,0,0,1,0,0,0,1,0,0,0,0,1,0,0,1,58,3,1,2,0,0,0,0,3,0,3,1,0,1,0,18,4,0
/Users/kaiohs/Downloads/codes/lab02-experimentacao-software/data/repos/NationalSecurityAgency__ghidra/Ghidra/Framework/Emulation/src/main/java/ghidra/pcode/emu/jit/JitPassage.java,ghidra.pcode.emu.jit.JitPassage,class,2,7,5,2,1,2,0,0,0,0.0,NaN,NaN,1,1,1,0,0,0,1,0,0,0,0,0,0,0,0,0,0,0,0,4,0,0,0,0,0,0,0,0,0,0,0,0,0,0,101,1,0
/Users/kaiohs/Downloads/codes/lab02-experimentacao-software/data/repos/NationalSecurityAgency__ghidra/Ghidra/Framework/Emulation/src/test/java/ghidra/pcode/opbehavior/OpBehaviorFloatEqualTest.java,ghidra.pcode.opbehavior.OpBehaviorFloatEqualTest,class,5,5,0,5,3,3,0,7,3,0.0,0.0,0.0,3,0,3,0,0,0,3,0,0,0,0,0,0,0,0,0,0,0,0,29,0,0,0,0,0,0,45,6,0,6,0,0,0,0,19,1,0
/Users/kaiohs/Downloads/codes/lab02-experimentacao-software/data/repos/NationalSecurityAgency__ghidra/Ghidra/Framework/Emulation/src/main/java/ghidra/pcode/emu/jit/alloc/SubInLongHandler.java,ghidra.pcode.emu.jit.alloc.SubInLongHandler,interface,18,18,0,18,2,1,0,7,1,0.0,0.0,0.0,2,0,0,0,0,2,2,0,0,0,0,0,0,0,0,0,0,0,0,10,2,0,0,0,0,0,1,2,0,2,0,0,0,0,33,1,0
/Users/kaiohs/Downloads/codes/lab02-experimentacao-software/data/repos/NationalSecurityAgency__ghidra/Ghidra/Framework/Emulation/src/main/java/ghidra/pcode/emu/jit/gen/op/IntSRemOpGen.java,ghidra.pcode.emu.jit.gen.op.IntSRemOpGen,enum,20,20,0,20,4,1,0,3,6,0.0,0.0,0.0,4,0,4,0,0,0,4,0,0,0,0,0,0,0,0,0,0,0,2,14,4,0,0,0,0,1,1,0,0,0,0,0,0,0,61,1,0
/Users/kaiohs/Downloads/codes/lab02-experimentacao-software/data/repos/NationalSecurityAgency__ghidra/Ghidra/Framework/Emulation/src/main/java/ghidra/pcode/emu/ModifiedPcodeThread.java,ghidra.pcode.emu.ModifiedPcodeThread$GlueEmulate,innerclass,8,8,0,8,6,2,0,4,15,0.0,0.0,0.0,6,0,6,0,0,0,6,0,0,0,0,0,0,0,0,0,0,0,0,20,3,0,0,0,0,0,0,0,0,0,0,0,0,0,33,4,0
/Users/kaiohs/Downloads/codes/lab02-experimentacao-software/data/repos/NationalSecurityAgency__ghidra/Ghidra/Test/IntegrationTest/src/screen/java/help/screenshot/LocationReferencesPluginScreenShots.java,help.screenshot.LocationReferencesPluginScreenShots,class,3,3,0,3,4,2,0,9,6,0.0,0.0,0.0,4,0,4,0,0,0,4,0,0,0,0,0,0,0,0,0,0,0,0,23,0,0,0,0,0,3,19,1,0,1,0,0,0,0,35,1,0
/Users/kaiohs/Downloads/codes/lab02-experimentacao-software/data/repos/NationalSecurityAgency__ghidra/Ghidra/Framework/Emulation/src/main/java/ghidra/pcode/emu/jit/analysis/JitAllocationModel.java,ghidra.pcode.emu.jit.analysis.JitAllocationModel,class,30,35,5,30,28,1,0,32,73,0.81481487,0.0,0.0,15,0,5,9,0,1,6,0,0,0,9,0,0,9,0,0,9,0,2,105,14,2,2,0,1,3,2,25,1,24,3,0,0,2,424,1,0
/Users/kaiohs/Downloads/codes/lab02-experimentacao-software/data/repos/NationalSecurityAgency__ghidra/Ghidra/Framework/SoftwareModeling/src/main/java/ghidra/app/plugin/assembler/sleigh/sem/AbstractAssemblyResolutionFactory.java,ghidra.app.plugin.assembler.sleigh.sem.AbstractAssemblyResolutionFactory$AbstractAssemblyResolutionBuilder,innerclass,5,5,0,5,6,1,0,1,9,0.6666667,0.0,0.0,6,0,4,0,2,0,6,1,0,0,3,0,0,0,3,0,0,0,0,26,4,0,0,0,0,1,0,6,0,3,0,0,0,0,14,1033,0
/Users/kaiohs/Downloads/codes/lab02-experimentacao-software/data/repos/NationalSecurityAgency__ghidra/Ghidra/Test/IntegrationTest/src/test.slow/java/ghidra/program/model/lang/PowerPCPrototypeModelTest.java,ghidra.program.model.lang.PowerPCPrototypeModelTest,class,4,4,0,4,2,3,0,4,1,0.0,0.0,0.0,2,0,2,0,0,0,2,0,0,0,0,0,0,0,0,0,0,0,0,14,0,0,0,0,0,10,0,3,0,3,0,0,0,0,27,1,0
/Users/kaiohs/Downloads/codes/lab02-experimentacao-software/data/repos/NationalSecurityAgency__ghidra/Ghidra/Framework/SoftwareModeling/src/test/java/ghidra/program/model/util/AcyclicCallGraphBuilderTest.java,ghidra.program.model.util.AcyclicCallGraphBuilderTest,class,17,18,1,17,25,2,0,24,79,0.7894737,0.0,0.0,19,0,9,10,0,0,9,0,0,0,6,1,0,2,0,4,1,0,0,258,5,2,0,0,0,2,202,34,1,32,1,3,0,0,77,1,0
/Users/kaiohs/Downloads/codes/lab02-experimentacao-software/data/repos/NationalSecurityAgency__ghidra/Ghidra/Framework/Emulation/src/main/java/ghidra/pcode/emu/jit/gen/op/FloatCeilOpGen.java,ghidra.pcode.emu.jit.gen.op.FloatCeilOpGen,enum,8,8,0,8,2,1,0,4,1,0.0,0.0,0.0,2,0,2,0,0,0,2,0,0,0,0,0,0,0,0,0,0,0,0,8,2,0,0,0,0,1,0,0,0,0,0,0,0,0,36,1,0
/Users/kaiohs/Downloads/codes/lab02-experimentacao-software/data/repos/NationalSecurityAgency__ghidra/Ghidra/Framework/Emulation/src/main/java/ghidra/pcode/emu/DefaultPcodeThread.java,ghidra.pcode.emu.DefaultPcodeThread$Anonymous1,anonymous,3,3,0,3,4,1,0,8,0,0.0,NaN,NaN,1,0,1,0,0,0,1,0,0,0,1,0,0,0,0,1,0,0,1,13,2,0,1,0,0,1,0,2,0,1,1,0,0,0,14,-1,1
/Users/kaiohs/Downloads/codes/lab02-experimentacao-software/data/repos/NationalSecurityAgency__ghidra/Ghidra/Framework/Emulation/src/main/java/ghidra/pcode/exec/LocationPcodeExecutorStatePiece.java,ghidra.pcode.exec.LocationPcodeExecutorStatePiece,class,16,17,1,16,16,1,0,14,41,0.6607143,0.0,0.0,14,0,13,0,1,0,14,0,0,0,4,0,0,4,0,0,4,0,6,63,10,0,0,0,0,1,0,11,0,7,1,0,0,0,87,1,0
/Users/kaiohs/Downloads/codes/lab02-experimentacao-software/data/repos/NationalSecurityAgency__ghidra/Ghidra/Framework/Emulation/src/main/java/ghidra/pcode/opbehavior/OpBehaviorSubpiece.java,ghidra.pcode.opbehavior.OpBehaviorSubpiece,class,1,2,1,1,6,3,0,8,3,0.0,0.0,0.0,3,0,3,0,0,0,3,0,0,0,0,0,0,0,0,0,0,0,0,25,2,0,0,0,3,0,5,10,5,5,1,0,0,0,15,1,0
/Users/kaiohs/Downloads/codes/lab02-experimentacao-software/data/repos/NationalSecurityAgency__ghidra/Ghidra/Test/DebuggerIntegrationTest/src/test/java/ghidra/app/plugin/core/debug/service/tracermi/TraceRmiPerformanceTest.java,ghidra.app.plugin.core.debug.service.tracermi.TraceRmiPerformanceTest$TestDomainObject,innerclass,4,4,0,4,3,2,0,0,3,0.0,0.0,0.0,3,0,2,0,1,0,3,0,0,0,0,0,0,0,0,0,0,0,0,11,2,0,0,0,0,1,0,0,0,0,0,0,0,0,18,9,0
/Users/kaiohs/Downloads/codes/lab02-experimentacao-software/data/repos/NationalSecurityAgency__ghidra/GhidraDocs/GhidraClass/Debugger/ghidra_scripts/CustomLibraryScript.java,CustomLibraryScript$Anonymous1,anonymous,3,3,0,3,1,1,0,3,0,0.0,NaN,NaN,1,0,0,0,1,0,1,0,0,0,0,0,0,0,0,0,0,0,0,5,1,0,0,0,0,0,0,0,0,0,0,0,0,0,3,-1,0
/Users/kaiohs/Downloads/codes/lab02-experimentacao-software/data/repos/NationalSecurityAgency__ghidra/Ghidra/Framework/SoftwareModeling/src/main/java/ghidra/app/plugin/assembler/sleigh/sem/AssemblyPatternBlock.java,ghidra.app.plugin.assembler.sleigh.sem.AssemblyPatternBlock$Anonymous1,anonymous,1,1,0,1,9,1,0,0,0,0.0,0.0,0.0,2,0,2,0,0,0,2,0,0,0,1,0,0,0,0,1,0,0,0,27,2,2,2,0,3,0,11,10,2,6,4,0,0,0,12,-1,0
/Users/kaiohs/Downloads/codes/lab02-experimentacao-software/data/repos/NationalSecurityAgency__ghidra/Ghidra/Test/IntegrationTest/src/test.slow/java/ghidra/app/plugin/core/clipboard/ClipboardPluginTest.java,ghidra.app.plugin.core.clipboard.ClipboardPluginTest$ByteViewerWrapper,innerclass,8,8,0,8,8,1,0,8,1,0.2857143,0.0,0.0,7,0,7,0,0,0,7,0,0,0,1,0,0,1,0,0,1,0,0,31,4,0,0,0,0,5,5,4,0,4,1,0,0,1,37,0,0
/Users/kaiohs/Downloads/codes/lab02-experimentacao-software/data/repos/NationalSecurityAgency__ghidra/Ghidra/Framework/Emulation/src/main/java/generic/ULongSpan.java,generic.ULongSpanMap,interface,1,2,1,1,0,1,0,0,0,0.0,-1.0,-1.0,0,0,0,0,0,0,0,0,0,0,0,0,0,0,0,0,0,0,0,2,0,0,0,0,0,0,0,0,0,0,0,0,0,0,10,0,0
/Users/kaiohs/Downloads/codes/lab02-experimentacao-software/data/repos/NationalSecurityAgency__ghidra/Ghidra/Framework/Pty/src/main/java/ghidra/pty/linux/LinuxPtyFactory.java,ghidra.pty.linux.LinuxPtyFactory,enum,3,4,1,3,4,1,0,3,1,0.0,0.0,0.0,2,0,2,0,0,0,2,0,0,0,0,0,0,0,0,0,0,0,1,11,2,0,2,0,0,1,2,1,0,1,1,0,0,0,20,1,0
/Users/kaiohs/Downloads/codes/lab02-experimentacao-software/data/repos/NationalSecurityAgency__ghidra/GhidraBuild/EclipsePlugins/GhidraDev/GhidraDevPlugin/src/main/java/ghidradev/ghidrasymbollookup/OpenDeclarations.java,ghidradev.ghidrasymbollookup.OpenDeclarations,class,19,21,2,19,33,1,0,60,7,0.45,0.0,0.0,10,0,4,6,0,0,4,0,0,0,2,0,0,2,0,0,0,0,12,188,8,6,6,6,1,15,14,35,9,32,4,0,0,4,100,1,13
/Users/kaiohs/Downloads/codes/lab02-experimentacao-software/data/repos/NationalSecurityAgency__ghidra/Ghidra/Test/IntegrationTest/src/test.slow/java/ghidra/app/util/demangler/DemangledFunctionTest.java,ghidra.app.util.demangler.DemangledFunctionTest,class,31,32,1,31,17,2,0,55,0,0.5833333,0.0,0.0,16,0,12,4,0,0,12,0,0,0,3,0,0,3,0,0,0,0,1,278,2,0,0,0,0,80,45,126,7,117,1,0,0,0,109,1,0
/Users/kaiohs/Downloads/codes/lab02-experimentacao-software/data/repos/NationalSecurityAgency__ghidra/Ghidra/Framework/Emulation/src/main/java/utilities/util/AnnotationUtilities.java,utilities.util.AnnotationUtilities,enum,1,2,1,1,8,1,0,8,3,0.0,NaN,NaN,3,3,1,2,0,0,1,0,0,0,0,0,0,0,0,0,0,0,4,29,2,2,2,0,0,0,0,3,0,3,2,0,0,0,43,1,0
/Users/kaiohs/Downloads/codes/lab02-experimentacao-software/data/repos/NationalSecurityAgency__ghidra/Ghidra/Framework/Emulation/src/main/java/ghidra/pcode/emu/jit/op/JitFloatUnOp.java,ghidra.pcode.emu.jit.op.JitFloatUnOp,interface,2,2,0,2,2,1,0,0,1,0.0,0.0,0.0,2,0,0,0,0,2,2,0,0,0,0,0,0,0,0,0,0,0,0,8,2,0,0,0,0,0,0,0,0,0,0,0,0,0,17,1,0
/Users/kaiohs/Downloads/codes/lab02-experimentacao-software/data/repos/NationalSecurityAgency__ghidra/GhidraBuild/EclipsePlugins/GhidraDev/GhidraDevPlugin/src/main/java/ghidradev/GhidraDevStartup.java,ghidradev.GhidraDevStartup$Anonymous1,anonymous,9,9,0,9,4,1,0,18,0,0.0,NaN,NaN,1,0,0,0,1,0,1,0,0,0,0,0,0,0,0,0,0,0,6,24,1,0,1,0,0,8,3,4,3,3,2,0,0,1,43,-1,0
/Users/kaiohs/Downloads/codes/lab02-experimentacao-software/data/repos/NationalSecurityAgency__ghidra/Ghidra/Framework/Emulation/src/main/java/ghidra/pcode/emu/jit/gen/op/FloatNotEqualOpGen.java,ghidra.pcode.emu.jit.gen.op.FloatNotEqualOpGen,enum,12,12,0,12,3,1,0,3,3,0.0,0.0,0.0,3,0,3,0,0,0,3,0,0,0,0,0,0,0,0,0,0,0,3,11,3,0,0,0,0,0,0,0,0,0,0,0,0,0,40,1,0
/Users/kaiohs/Downloads/codes/lab02-experimentacao-software/data/repos/NationalSecurityAgency__ghidra/Ghidra/Test/IntegrationTest/src/test.slow/java/ghidra/pcode/emu/jit/gen/ToyLEJitCodeGeneratorTest.java,ghidra.pcode.emu.jit.gen.ToyLEJitCodeGeneratorTest,class,2,2,0,2,1,5,0,0,0,0.0,NaN,NaN,1,0,0,0,1,0,1,0,0,0,0,0,0,0,0,0,0,0,0,5,1,0,0,0,0,0,0,0,0,0,0,0,0,0,10,1,0
/Users/kaiohs/Downloads/codes/lab02-experimentacao-software/data/repos/NationalSecurityAgency__ghidra/Ghidra/Framework/Emulation/src/main/java/ghidra/pcode/opbehavior/OpBehaviorIntScarry.java,ghidra.pcode.opbehavior.OpBehaviorIntScarry,class,1,2,1,1,4,3,0,2,3,0.0,0.0,0.0,3,0,3,0,0,0,3,0,0,0,0,0,0,0,0,0,0,0,0,27,2,0,0,0,6,0,16,16,16,8,0,0,0,0,16,1,0
/Users/kaiohs/Downloads/codes/lab02-experimentacao-software/data/repos/NationalSecurityAgency__ghidra/Ghidra/Framework/Emulation/src/main/java/ghidra/pcode/emu/SparseAddressRangeMap.java,ghidra.pcode.emu.SparseAddressRangeMap$Space,innerclass,5,5,0,5,5,1,0,9,1,0.33333334,0.0,0.0,3,1,0,1,0,2,2,0,0,0,1,0,0,1,0,0,1,0,3,25,5,0,2,0,0,0,0,7,1,9,1,0,0,2,29,10,0
/Users/kaiohs/Downloads/codes/lab02-experimentacao-software/data/repos/NationalSecurityAgency__ghidra/Ghidra/Framework/Emulation/src/main/java/ghidra/pcode/emu/jit/decode/DecoderForOnePassage.java,ghidra.pcode.emu.jit.decode.DecoderForOnePassage,class,16,20,4,16,17,1,0,30,0,0.5416667,0.0,0.0,6,0,0,1,0,5,5,0,0,0,12,0,0,7,0,5,10,0,2,86,4,2,3,0,0,0,2,26,0,26,2,0,0,2,153,0,0
/Users/kaiohs/Downloads/codes/lab02-experimentacao-software/data/repos/NationalSecurityAgency__ghidra/Ghidra/Test/IntegrationTest/src/screen/java/help/screenshot/FunctionGraphPluginScreenShots.java,help.screenshot.FunctionGraphPluginScreenShots,class,40,43,3,40,57,3,0,135,772,0.7569444,0.0,0.0,48,0,12,31,5,0,18,0,0,0,3,0,0,3,0,0,0,0,10,530,13,3,2,3,15,44,75,221,34,186,3,1,1,8,233,1,1
/Users/kaiohs/Downloads/codes/lab02-experimentacao-software/data/repos/NationalSecurityAgency__ghidra/Ghidra/Framework/Emulation/src/main/java/ghidra/pcode/emu/jit/gen/var/VarGen.java,ghidra.pcode.emu.jit.gen.var.VarGen,interface,3,7,4,3,1,1,0,0,0,0.0,NaN,NaN,1,1,0,0,0,1,1,0,0,0,0,0,0,0,0,0,0,0,0,4,0,0,0,0,0,1,0,0,0,0,0,0,0,0,52,1,0
/Users/kaiohs/Downloads/codes/lab02-experimentacao-software/data/repos/NationalSecurityAgency__ghidra/Ghidra/Framework/Emulation/src/main/java/ghidra/pcode/exec/PcodeExecutorStatePiece.java,ghidra.pcode.exec.PcodeExecutorStatePiece$Reason,enum,0,0,0,0,0,1,0,0,0,0.0,-1.0,-1.0,0,0,0,0,0,0,0,0,0,0,0,0,0,0,0,0,0,0,0,5,0,0,0,0,0,0,0,0,0,0,0,0,0,0,39,0,0
/Users/kaiohs/Downloads/codes/lab02-experimentacao-software/data/repos/NationalSecurityAgency__ghidra/Ghidra/Test/IntegrationTest/src/test.slow/java/ghidra/framework/client/GhidraServerSerialFilterFailureTest.java,ghidra.framework.client.GhidraServerSerialFilterFailureTest,class,11,12,1,11,8,2,0,20,13,0.6666667,0.0,0.0,6,1,3,3,0,0,3,0,0,0,1,0,0,1,0,0,0,0,5,55,2,0,1,1,0,7,2,9,0,8,1,0,1,0,58,1,0
/Users/kaiohs/Downloads/codes/lab02-experimentacao-software/data/repos/NationalSecurityAgency__ghidra/Ghidra/Framework/Emulation/src/main/java/ghidra/pcode/exec/PcodeProgram.java,ghidra.pcode.exec.PcodeProgram$MyFormatter,innerclass,6,6,0,6,3,2,0,2,1,0.33333334,0.0,0.0,3,0,1,0,2,0,3,0,0,0,2,0,0,0,2,0,2,0,0,16,2,0,0,0,0,0,0,3,0,3,0,0,0,0,19,12,0
/Users/kaiohs/Downloads/codes/lab02-experimentacao-software/data/repos/NationalSecurityAgency__ghidra/GhidraBuild/LaunchSupport/src/main/java/ghidra/launch/JavaVersion.java,ghidra.launch.JavaVersion,class,1,6,5,1,40,1,0,12,2,0.5208333,0.0,0.0,12,0,9,3,0,0,9,0,0,0,4,0,0,4,0,0,0,0,4,141,23,0,9,2,0,18,35,23,13,11,4,0,0,0,94,1,0
/Users/kaiohs/Downloads/codes/lab02-experimentacao-software/data/repos/NationalSecurityAgency__ghidra/Ghidra/Test/IntegrationTest/src/screen/java/help/screenshot/VersionControlScreenShots.java,help.screenshot.VersionControlScreenShots$Anonymous1,anonymous,3,3,0,3,2,1,0,1,1,0.0,0.0,0.0,2,0,2,0,0,0,2,0,0,0,0,0,0,0,0,0,0,0,1,10,2,0,0,0,0,4,5,2,2,2,0,0,0,0,13,-1,0
/Users/kaiohs/Downloads/codes/lab02-experimentacao-software/data/repos/NationalSecurityAgency__ghidra/Ghidra/Framework/SoftwareModeling/src/main/java/ghidra/app/plugin/assembler/sleigh/sem/AbstractAssemblyState.java,ghidra.app.plugin.assembler.sleigh.sem.AbstractAssemblyState,class,6,13,7,6,10,1,3,1,28,0.82539684,0.0,0.0,9,0,7,0,2,0,9,3,0,0,7,0,0,0,7,0,5,0,0,38,5,0,0,0,0,0,0,8,0,7,1,0,0,0,68,1025,0
/Users/kaiohs/Downloads/codes/lab02-experimentacao-software/data/repos/NationalSecurityAgency__ghidra/Ghidra/Framework/Emulation/src/main/java/ghidra/pcode/opbehavior/OpBehaviorFloatEqual.java,ghidra.pcode.opbehavior.OpBehaviorFloatEqual,class,2,3,1,2,3,3,0,2,3,0.0,0.0,0.0,3,0,3,0,0,0,3,0,0,0,0,0,0,0,0,0,0,0,0,13,2,0,0,0,0,0,0,2,0,2,0,0,0,0,12,1,0
/Users/kaiohs/Downloads/codes/lab02-experimentacao-software/data/repos/NationalSecurityAgency__ghidra/Ghidra/Framework/Emulation/src/main/java/ghidra/pcode/emu/jit/op/JitBoolBinOp.java,ghidra.pcode.emu.jit.op.JitBoolBinOp,interface,2,2,0,2,3,1,0,0,3,0.0,0.0,0.0,3,0,0,0,0,3,3,0,0,0,0,0,0,0,0,0,0,0,0,11,3,0,0,0,0,0,0,0,0,0,0,0,0,0,18,1,0
/Users/kaiohs/Downloads/codes/lab02-experimentacao-software/data/repos/NationalSecurityAgency__ghidra/Ghidra/Framework/Emulation/src/main/java/ghidra/pcode/emu/jit/gen/util/Types.java,ghidra.pcode.emu.jit.gen.util.TFloat,enum,2,12,10,2,3,1,0,0,3,0.0,0.0,0.0,3,0,3,0,0,0,3,0,0,0,0,0,0,0,0,0,0,0,0,11,3,0,0,0,0,0,0,0,0,0,0,0,0,0,15,1,0
/Users/kaiohs/Downloads/codes/lab02-experimentacao-software/data/repos/NationalSecurityAgency__ghidra/Ghidra/Framework/SoftwareModeling/src/test/java/ghidra/program/database/register/AddressRangeObjectMapTest.java,ghidra.program.database.register.AddressRangeObjectMapTest,class,10,11,1,10,9,2,0,12,34,0.7777778,0.0,0.0,9,0,8,1,0,0,8,0,0,0,1,0,0,1,0,0,0,0,9,119,1,0,0,0,0,2,68,35,0,29,0,0,0,0,51,1,0
/Users/kaiohs/Downloads/codes/lab02-experimentacao-software/data/repos/NationalSecurityAgency__ghidra/GPL/DMG/src/dmg/java/mobiledevices/dmg/btree/BTreeNodeRecord.java,mobiledevices.dmg.btree.BTreeNodeRecord,class,4,7,3,4,23,1,0,11,54,0.8461539,0.0,0.0,13,0,11,1,0,1,12,0,0,0,12,0,0,12,0,0,0,0,0,97,12,1,2,0,0,0,1,14,0,14,2,0,0,0,43,1,0
/Users/kaiohs/Downloads/codes/lab02-experimentacao-software/data/repos/NationalSecurityAgency__ghidra/Ghidra/Framework/SoftwareModeling/src/test/java/ghidra/sleigh/grammar/BooleanExpressionTest.java,ghidra.sleigh.grammar.BooleanExpressionTest$Anonymous1,anonymous,0,0,0,0,5,1,0,1,3,0.0,0.0,0.0,3,0,3,0,0,0,3,0,0,0,0,0,0,0,0,0,0,0,0,13,3,0,2,0,0,0,0,0,0,0,1,0,0,0,10,-1,0
/Users/kaiohs/Downloads/codes/lab02-experimentacao-software/data/repos/NationalSecurityAgency__ghidra/Ghidra/Framework/Emulation/src/main/java/ghidra/pcode/emu/jit/gen/op/CBranchOpGen.java,ghidra.pcode.emu.jit.gen.op.CBranchOpGen$ExtCBranchGen,innerclass,17,17,0,17,3,3,0,5,3,1.0,0.0,0.0,3,0,0,0,0,3,3,0,0,0,1,1,0,0,0,1,1,0,0,14,3,0,0,0,0,0,0,3,0,3,0,0,0,0,33,8,0
/Users/kaiohs/Downloads/codes/lab02-experimentacao-software/data/repos/NationalSecurityAgency__ghidra/Ghidra/Test/IntegrationTest/src/test.slow/java/ghidra/test/FrontEndDataTableHelper.java,ghidra.test.FrontEndDataTableHelper,class,4,5,1,4,9,1,0,16,0,0.53333336,0.0,0.0,5,0,5,0,0,0,5,0,0,0,3,0,0,3,0,0,0,0,0,39,3,2,0,0,0,3,2,8,0,8,3,0,0,1,47,1,0
/Users/kaiohs/Downloads/codes/lab02-experimentacao-software/data/repos/NationalSecurityAgency__ghidra/Ghidra/Test/DebuggerIntegrationTest/src/test.slow/java/agent/java/rmi/JavaMethodsTest.java,agent.java.rmi.JavaMethodsTest,class,12,13,1,12,35,3,0,48,276,0.0,0.0,0.0,24,0,22,2,0,0,22,0,0,0,0,0,0,0,0,0,0,0,70,579,4,3,3,41,1,349,63,202,4,183,3,0,0,18,192,1,0
/Users/kaiohs/Downloads/codes/lab02-experimentacao-software/data/repos/NationalSecurityAgency__ghidra/Ghidra/Framework/Emulation/src/main/java/ghidra/pcode/emu/jit/gen/opnd/Opnd.java,ghidra.pcode.emu.jit.gen.opnd.MpToStackConv,interface,14,14,0,14,2,1,0,0,1,0.0,0.0,0.0,2,0,0,0,0,2,2,0,0,0,0,0,0,0,0,0,0,0,0,4,0,0,0,0,0,0,0,0,0,0,0,0,0,0,52,0,0
/Users/kaiohs/Downloads/codes/lab02-experimentacao-software/data/repos/NationalSecurityAgency__ghidra/Ghidra/Test/IntegrationTest/src/test.slow/java/ghidra/pcode/emu/jit/AbstractJitTest.java,ghidra.pcode.emu.jit.AbstractJitTest$Anonymous1,anonymous,2,2,0,2,1,1,0,2,0,0.0,NaN,NaN,1,0,0,0,1,0,1,0,0,0,0,0,0,0,0,0,0,0,0,5,1,0,0,0,0,0,0,0,0,0,0,0,0,0,5,-1,0
/Users/kaiohs/Downloads/codes/lab02-experimentacao-software/data/repos/NationalSecurityAgency__ghidra/Ghidra/Framework/Emulation/src/main/java/ghidra/pcode/exec/LocationPcodeArithmetic.java,ghidra.pcode.exec.LocationPcodeArithmetic,enum,8,10,2,8,25,1,0,9,79,0.71428573,0.0,0.0,14,1,13,1,0,0,13,0,0,0,1,0,0,1,0,0,1,0,4,62,16,0,5,0,0,1,1,2,0,2,1,0,0,0,97,1,0
/Users/kaiohs/Downloads/codes/lab02-experimentacao-software/data/repos/NationalSecurityAgency__ghidra/Ghidra/Test/IntegrationTest/src/test.slow/java/ghidra/pcode/emu/jit/analysis/JitDataFlowModelTest.java,ghidra.pcode.emu.jit.analysis.Dir$ExpectationsAsserter,innerclass,14,14,0,14,4,1,0,8,1,0.6923077,0.0,0.0,2,0,2,0,0,0,2,0,0,0,13,0,0,13,0,0,13,0,0,34,0,2,0,0,0,0,1,17,0,19,1,0,0,2,35,9,0
/Users/kaiohs/Downloads/codes/lab02-experimentacao-software/data/repos/NationalSecurityAgency__ghidra/Ghidra/Test/DebuggerIntegrationTest/src/screen/java/ghidraclass/debugger/screenshot/TutorialDebuggerMaintenance.java,ghidraclass.debugger.screenshot.TutorialDebuggerMaintenance,class,10,10,0,10,4,2,0,17,0,0.5,0.0,0.0,3,0,3,0,0,0,3,0,0,0,4,1,4,0,0,0,1,0,0,29,0,0,1,2,0,5,0,9,0,8,2,0,0,0,43,1,0
/Users/kaiohs/Downloads/codes/lab02-experimentacao-software/data/repos/NationalSecurityAgency__ghidra/Ghidra/Framework/Pty/src/main/java/ghidra/pty/unix/UnixPtySessionLeader.java,ghidra.pty.unix.UnixPtySessionLeader,class,4,7,3,4,6,1,2,16,1,0.5,0.0,0.0,3,0,0,0,3,0,3,1,0,0,4,2,0,2,2,0,2,0,3,46,0,0,1,2,0,4,23,11,3,9,3,0,0,0,36,1025,0
/Users/kaiohs/Downloads/codes/lab02-experimentacao-software/data/repos/NationalSecurityAgency__ghidra/Ghidra/Framework/Emulation/src/main/java/ghidra/pcode/emu/jit/gen/JitCodeGenerator.java,ghidra.pcode.emu.jit.gen.JitCodeGenerator$Anonymous1,anonymous,0,0,0,0,0,1,0,0,0,0.0,-1.0,-1.0,0,0,0,0,0,0,0,0,0,0,0,0,0,0,0,0,0,0,0,2,0,0,0,0,0,0,0,0,0,0,0,0,0,0,0,-1,0
/Users/kaiohs/Downloads/codes/lab02-experimentacao-software/data/repos/NationalSecurityAgency__ghidra/Ghidra/Framework/Emulation/src/main/java/ghidra/pcode/exec/PcodeExpression.java,ghidra.pcode.exec.PcodeExpression$ValueCapturingPcodeUseropLibrary,innerclass,3,3,0,3,1,3,0,0,0,0.0,NaN,NaN,1,0,1,0,0,0,1,0,0,0,1,0,0,0,0,1,0,0,0,6,0,0,0,0,0,0,0,1,0,1,0,0,0,0,47,12,0
/Users/kaiohs/Downloads/codes/lab02-experimentacao-software/data/repos/NationalSecurityAgency__ghidra/Ghidra/Framework/Emulation/src/main/java/ghidra/pcode/emu/jit/gen/JitCodeGenerator.java,ghidra.pcode.emu.jit.gen.JitCodeGenerator$Anonymous4,anonymous,2,2,0,2,0,1,0,0,0,NaN,-1.0,-1.0,0,0,0,0,0,0,0,0,0,0,2,0,0,0,0,2,0,0,0,4,0,0,0,0,0,0,0,0,0,2,0,0,0,0,3,-1,0
/Users/kaiohs/Downloads/codes/lab02-experimentacao-software/data/repos/NationalSecurityAgency__ghidra/Ghidra/Framework/Emulation/src/main/java/ghidra/pcode/emu/jit/gen/JitCodeGenerator.java,ghidra.pcode.emu.jit.gen.JitCodeGenerator$Anonymous3,anonymous,3,3,0,3,0,1,0,0,0,NaN,-1.0,-1.0,0,0,0,0,0,0,0,0,0,0,2,0,0,0,0,2,0,0,0,4,0,0,0,0,0,0,0,0,0,2,0,0,0,0,4,-1,0
/Users/kaiohs/Downloads/codes/lab02-experimentacao-software/data/repos/NationalSecurityAgency__ghidra/Ghidra/Framework/Emulation/src/main/java/ghidra/pcode/emu/jit/gen/JitCodeGenerator.java,ghidra.pcode.emu.jit.gen.JitCodeGenerator$Anonymous2,anonymous,2,2,0,2,0,1,0,0,0,NaN,-1.0,-1.0,0,0,0,0,0,0,0,0,0,0,1,0,0,0,0,1,0,0,0,3,0,0,0,0,0,0,0,0,0,1,0,0,0,0,2,-1,0
/Users/kaiohs/Downloads/codes/lab02-experimentacao-software/data/repos/NationalSecurityAgency__ghidra/Ghidra/Framework/Emulation/src/main/java/ghidra/pcode/emu/jit/gen/access/LongAccessGen.java,ghidra.pcode.emu.jit.gen.access.LongAccessGen,enum,5,9,4,5,1,1,0,0,0,0.0,NaN,NaN,1,1,1,0,0,0,1,0,0,0,0,0,0,0,0,0,0,0,0,75,1,0,0,0,0,0,0,0,0,0,0,2,0,0,25,1,0
/Users/kaiohs/Downloads/codes/lab02-experimentacao-software/data/repos/NationalSecurityAgency__ghidra/Ghidra/Framework/Emulation/src/main/java/generic/Span.java,generic.Span$SpanMapSetter,innerclass,8,8,0,8,9,2,0,10,21,0.0,0.0,0.0,7,0,0,0,7,0,7,1,0,0,0,0,0,0,0,0,0,0,0,27,8,0,0,0,0,0,0,0,0,0,1,0,0,0,33,1024,0
/Users/kaiohs/Downloads/codes/lab02-experimentacao-software/data/repos/NationalSecurityAgency__ghidra/Ghidra/Framework/Emulation/src/main/java/ghidra/pcode/loadimage/LoadImage.java,ghidra.pcode.loadimage.LoadImage,interface,2,2,0,2,1,1,0,0,0,0.0,NaN,NaN,1,0,1,0,0,0,1,0,0,0,0,0,0,0,0,0,0,0,0,3,0,0,0,0,0,1,0,0,0,0,0,0,0,0,10,1,0
/Users/kaiohs/Downloads/codes/lab02-experimentacao-software/data/repos/NationalSecurityAgency__ghidra/Ghidra/Framework/SoftwareModeling/src/main/java/ghidra/app/plugin/assembler/sleigh/parse/AssemblyParseState.java,ghidra.app.plugin.assembler.sleigh.parse.AssemblyParseState,class,4,7,3,4,17,1,0,14,0,0.5416667,0.0,0.0,8,0,8,0,0,0,8,0,0,0,3,0,0,3,0,0,2,0,1,70,11,4,3,0,2,3,5,11,1,8,2,0,0,0,71,1,0
/Users/kaiohs/Downloads/codes/lab02-experimentacao-software/data/repos/NationalSecurityAgency__ghidra/Ghidra/Framework/SoftwareModeling/src/main/java/ghidra/app/plugin/assembler/sleigh/sem/AssemblyContextGraph.java,ghidra.app.plugin.assembler.sleigh.sem.AssemblyContextGraph$Vertex,innerclass,2,2,0,2,13,1,0,7,0,0.0,0.0,0.0,6,0,5,0,1,0,6,0,0,0,2,0,0,0,2,0,2,0,0,48,12,0,3,0,1,2,4,5,3,4,1,0,0,0,57,12,0
/Users/kaiohs/Downloads/codes/lab02-experimentacao-software/data/repos/NationalSecurityAgency__ghidra/GhidraBuild/BuildFiles/Doclets/src/main/java/ghidra/doclets/typestubs/RstTableBuilder.java,ghidra.doclets.typestubs.RstTableBuilder$Alignment,enum,0,0,0,0,0,1,0,0,0,0.0,-1.0,-1.0,0,0,0,0,0,0,0,0,0,0,0,0,0,0,0,0,0,0,0,1,0,0,0,0,0,0,0,0,0,0,0,0,0,0,7,10,0
/Users/kaiohs/Downloads/codes/lab02-experimentacao-software/data/repos/NationalSecurityAgency__ghidra/Ghidra/Framework/Emulation/src/main/java/ghidra/pcode/emu/jit/gen/op/FloatAbsOpGen.java,ghidra.pcode.emu.jit.gen.op.FloatAbsOpGen,enum,8,8,0,8,2,1,0,2,1,0.0,0.0,0.0,2,0,2,0,0,0,2,0,0,0,0,0,0,0,0,0,0,0,0,8,2,0,0,0,0,2,0,0,0,0,0,0,0,0,32,1,0
/Users/kaiohs/Downloads/codes/lab02-experimentacao-software/data/repos/NationalSecurityAgency__ghidra/Ghidra/Framework/SoftwareModeling/src/main/java/ghidra/app/plugin/assembler/sleigh/sem/DefaultAssemblyResolvedError.java,ghidra.app.plugin.assembler.sleigh.sem.DefaultAssemblyResolvedError,class,6,8,2,6,13,2,0,10,3,0.3,0.0,0.0,10,0,8,0,2,0,10,0,0,0,1,0,0,0,1,0,1,0,0,44,12,0,2,0,0,2,0,2,1,2,1,0,0,0,62,1,0
/Users/kaiohs/Downloads/codes/lab02-experimentacao-software/data/repos/NationalSecurityAgency__ghidra/GhidraBuild/Skeleton/src/main/java/skeleton/SkeletonPlugin.java,skeleton.SkeletonPlugin$MyProvider,innerclass,5,5,0,5,4,2,0,11,4,0.625,0.0,0.0,4,0,2,2,0,0,2,0,0,0,2,0,0,2,0,0,0,0,0,31,1,0,0,0,0,2,2,3,0,3,0,1,0,0,29,10,0
/Users/kaiohs/Downloads/codes/lab02-experimentacao-software/data/repos/NationalSecurityAgency__ghidra/Ghidra/Test/IntegrationTest/src/test.slow/java/ghidra/test/DataTreeHelper.java,ghidra.test.DataTreeHelper,class,12,15,3,12,25,1,0,25,15,0.64444447,0.0,0.0,15,0,13,2,0,0,13,0,0,0,3,0,0,3,0,0,0,0,0,88,12,2,4,0,0,3,6,16,1,14,2,0,0,2,57,1,0
/Users/kaiohs/Downloads/codes/lab02-experimentacao-software/data/repos/NationalSecurityAgency__ghidra/Ghidra/Test/IntegrationTest/src/test.slow/java/ghidra/program/model/lang/RegisterValueTest.java,ghidra.program.model.lang.RegisterValueTest,class,9,9,0,9,5,2,0,14,0,0.62,0.0,0.0,5,0,5,0,0,0,5,0,0,0,10,0,0,10,0,0,0,0,1,92,0,0,0,0,0,10,92,25,0,19,0,0,0,0,38,1,0
/Users/kaiohs/Downloads/codes/lab02-experimentacao-software/data/repos/NationalSecurityAgency__ghidra/Ghidra/Test/IntegrationTest/src/screen/java/help/screenshot/FunctionGraphPluginScreenShots.java,help.screenshot.FunctionGraphPluginScreenShots$Anonymous1,anonymous,1,1,0,1,1,1,0,5,0,0.0,NaN,NaN,1,0,1,0,0,0,1,0,0,0,0,0,0,0,0,0,0,0,2,7,0,0,0,0,0,2,0,0,1,0,0,0,0,0,8,-1,0
/Users/kaiohs/Downloads/codes/lab02-experimentacao-software/data/repos/NationalSecurityAgency__ghidra/Ghidra/Test/IntegrationTest/src/test.slow/java/ghidra/pcode/emu/jit/analysis/JitOpUseModelTest.java,ghidra.pcode.emu.jit.analysis.JitOpUseModelTest,class,12,12,0,12,2,4,0,10,0,0.0,0.0,0.0,2,0,2,0,0,0,2,0,0,0,1,0,0,0,0,1,0,0,6,27,0,0,0,0,0,0,0,15,0,15,0,0,1,0,55,1,0
/Users/kaiohs/Downloads/codes/lab02-experimentacao-software/data/repos/NationalSecurityAgency__ghidra/GPL/DMG/src/dmg/java/mobiledevices/dmg/ghidra/GDataConverterBE.java,mobiledevices.dmg.ghidra.GDataConverterBE,class,3,6,3,3,31,1,0,11,300,1.0,0.0,0.0,25,0,25,0,0,0,25,0,12,0,2,2,1,1,0,0,2,0,0,107,11,5,0,0,14,1,40,23,15,13,1,0,0,0,51,1,0
/Users/kaiohs/Downloads/codes/lab02-experimentacao-software/data/repos/NationalSecurityAgency__ghidra/Ghidra/Test/IntegrationTest/src/test.slow/java/ghidra/program/model/lang/AbstractProtoModelTest.java,ghidra.program.model.lang.AbstractProtoModelTest,class,34,42,8,34,47,2,7,58,40,0.7384615,0.0,0.0,13,0,0,5,8,0,8,0,0,0,5,0,0,0,5,0,0,0,3,240,24,7,15,4,2,25,27,64,11,54,3,0,0,0,120,1,2
/Users/kaiohs/Downloads/codes/lab02-experimentacao-software/data/repos/NationalSecurityAgency__ghidra/Ghidra/Framework/Emulation/src/main/java/ghidra/pcode/opbehavior/OpBehaviorFactory.java,ghidra.pcode.opbehavior.OpBehaviorFactory,class,55,57,2,55,3,1,0,2,1,0.5,0.0,0.0,2,1,1,1,0,0,2,0,0,0,1,1,0,1,0,0,0,0,0,83,1,0,0,0,0,0,0,1,0,1,0,0,0,0,50,1,0
/Users/kaiohs/Downloads/codes/lab02-experimentacao-software/data/repos/NationalSecurityAgency__ghidra/Ghidra/Test/DebuggerIntegrationTest/src/test.slow/java/agent/lldb/rmi/LldbConnectorsTest.java,agent.lldb.rmi.LldbConnectorsTest,class,9,10,1,9,12,4,0,45,55,0.0,0.0,0.0,11,0,9,1,1,0,10,0,0,0,0,0,0,0,0,0,0,0,36,77,2,0,0,11,0,67,1,16,0,15,1,0,0,0,153,1,0
/Users/kaiohs/Downloads/codes/lab02-experimentacao-software/data/repos/NationalSecurityAgency__ghidra/Ghidra/Framework/SoftwareModeling/src/test/java/ghidra/program/model/symbol/IllegalCharCppTransformerTest.java,ghidra.program.model.symbol.IllegalCharCppTransformerTest,class,4,5,1,4,4,2,0,3,6,0.75,0.0,0.0,4,0,3,1,0,0,3,0,0,0,1,0,0,1,0,0,0,0,0,38,1,0,0,0,0,52,0,1,0,1,0,0,0,0,19,1,0
/Users/kaiohs/Downloads/codes/lab02-experimentacao-software/data/repos/NationalSecurityAgency__ghidra/Ghidra/Framework/Emulation/src/test/java/ghidra/pcode/emu/jit/gen/util/EmitterTest.java,ghidra.pcode.emu.jit.gen.util.EmitterTest,class,21,22,1,21,15,1,0,63,36,0.9012345,0.0,0.0,9,0,7,0,2,0,9,0,0,0,9,8,0,0,0,9,9,0,19,110,2,1,5,0,0,24,8,33,3,49,1,2,3,8,99,1,0
/Users/kaiohs/Downloads/codes/lab02-experimentacao-software/data/repos/NationalSecurityAgency__ghidra/Ghidra/Framework/SoftwareModeling/src/test/java/ghidra/util/UnionAddressSetViewTest.java,ghidra.util.UnionAddressSetViewTest,class,13,14,1,13,27,2,0,43,231,0.95454544,0.0,0.0,22,0,14,0,8,0,22,0,0,0,2,0,0,0,2,0,0,0,13,249,8,4,0,1,0,5,304,71,6,49,1,0,0,0,88,1,0
/Users/kaiohs/Downloads/codes/lab02-experimentacao-software/data/repos/NationalSecurityAgency__ghidra/Ghidra/Framework/Emulation/src/main/java/ghidra/app/emulator/state/RegisterState.java,ghidra.app.emulator.state.RegisterState,interface,1,7,6,1,6,1,0,0,15,0.0,0.0,0.0,6,0,6,0,0,0,6,0,0,0,0,0,0,0,0,0,0,0,0,8,0,0,0,0,0,1,0,0,0,0,0,0,0,0,37,1,0
/Users/kaiohs/Downloads/codes/lab02-experimentacao-software/data/repos/NationalSecurityAgency__ghidra/Ghidra/Test/DebuggerIntegrationTest/src/test/java/ghidra/app/plugin/core/debug/gui/register/AbstractDebuggerRegistersProviderTest.java,ghidra.app.plugin.core.debug.gui.register.AbstractDebuggerRegistersProviderTest,class,23,27,4,23,27,3,2,68,219,0.86153835,0.0,0.0,26,0,2,0,23,1,26,0,0,0,15,0,0,0,15,0,0,0,3,183,6,0,1,6,0,21,47,55,0,41,1,0,0,0,111,1025,0
/Users/kaiohs/Downloads/codes/lab02-experimentacao-software/data/repos/NationalSecurityAgency__ghidra/Ghidra/Test/IntegrationTest/src/screen/java/help/screenshot/DisassemblerPluginScreenShots.java,help.screenshot.DisassemblerPluginScreenShots,class,2,2,0,2,2,2,0,3,1,0.0,0.0,0.0,2,0,2,0,0,0,2,0,0,0,0,0,0,0,0,0,0,0,0,10,0,0,0,0,0,2,3,0,0,0,0,0,0,0,18,1,0
/Users/kaiohs/Downloads/codes/lab02-experimentacao-software/data/repos/NationalSecurityAgency__ghidra/Ghidra/Framework/Pty/src/main/java/ghidra/pty/ShellUtils.java,ghidra.pty.ShellUtils$State,enum,0,0,0,0,0,1,0,0,0,0.0,-1.0,-1.0,0,0,0,0,0,0,0,0,0,0,0,0,0,0,0,0,0,0,0,1,0,0,0,0,0,0,0,0,0,0,0,0,0,0,12,0,0
/Users/kaiohs/Downloads/codes/lab02-experimentacao-software/data/repos/NationalSecurityAgency__ghidra/Ghidra/Test/DebuggerIntegrationTest/src/test.slow/java/agent/lldb/rmi/LldbHooksTest.java,agent.lldb.rmi.LldbHooksTest,class,17,18,1,17,34,3,0,71,258,0.72,0.0,0.0,25,0,17,2,5,1,24,0,0,0,2,2,0,2,0,0,2,0,38,313,13,0,3,15,1,100,26,51,4,48,2,0,0,25,131,1,0
/Users/kaiohs/Downloads/codes/lab02-experimentacao-software/data/repos/NationalSecurityAgency__ghidra/Ghidra/Framework/Emulation/src/test/java/ghidra/pcode/emu/jit/gen/util/EmitterTest.java,ghidra.pcode.emu.jit.gen.util.EmitterTest$JavaSourceFromString,innerclass,0,0,0,0,2,1,0,1,0,0.0,0.0,0.0,2,0,1,0,1,0,2,0,0,0,1,0,0,1,0,0,1,0,1,10,1,0,0,0,0,1,0,1,1,1,0,0,0,0,19,12,0
/Users/kaiohs/Downloads/codes/lab02-experimentacao-software/data/repos/NationalSecurityAgency__ghidra/Ghidra/Framework/Emulation/src/main/java/ghidra/pcode/emu/jit/gen/op/IntCarryOpGen.java,ghidra.pcode.emu.jit.gen.op.IntCarryOpGen,enum,20,20,0,20,9,1,0,26,6,0.0,0.0,0.0,4,0,4,0,0,0,4,0,0,0,0,0,0,0,0,0,0,0,2,36,7,1,3,0,0,2,8,11,5,9,1,0,0,0,143,1,0
/Users/kaiohs/Downloads/codes/lab02-experimentacao-software/data/repos/NationalSecurityAgency__ghidra/Ghidra/Framework/Pty/src/test/java/ghidra/pty/AbstractPtyTest.java,ghidra.pty.AbstractPtyTest,class,3,5,2,3,8,1,2,7,3,0.0,0.0,0.0,3,0,3,0,0,0,3,0,0,0,0,0,0,0,0,0,0,0,0,51,5,2,1,2,0,2,3,4,0,4,4,1,0,2,35,1,0
/Users/kaiohs/Downloads/codes/lab02-experimentacao-software/data/repos/NationalSecurityAgency__ghidra/GhidraBuild/EclipsePlugins/GhidraDev/GhidraDevPlugin/src/main/java/ghidradev/ghidrascripteditor/OpenFileRunnable.java,ghidradev.ghidrascripteditor.OpenFileRunnable,class,18,20,2,18,34,1,0,52,39,0.7,0.0,0.0,10,0,2,8,0,0,2,0,0,0,1,0,0,1,0,0,0,0,11,170,16,8,6,3,2,11,10,37,4,32,3,0,1,0,100,1,1
/Users/kaiohs/Downloads/codes/lab02-experimentacao-software/data/repos/NationalSecurityAgency__ghidra/Ghidra/Framework/SoftwareModeling/src/test/java/ghidra/app/plugin/assembler/sleigh/ARMAssemblyTest.java,ghidra.app.plugin.assembler.sleigh.ARMAssemblyTest,class,3,3,0,3,21,3,0,5,98,0.6904762,0.0,0.0,21,0,20,0,1,0,21,0,0,0,2,2,2,0,0,0,2,0,0,70,1,0,0,0,0,61,14,2,0,2,0,0,0,0,72,1,0
/Users/kaiohs/Downloads/codes/lab02-experimentacao-software/data/repos/NationalSecurityAgency__ghidra/Ghidra/Framework/Emulation/src/main/java/ghidra/pcode/emu/jit/gen/util/Types.java,ghidra.pcode.emu.jit.gen.util.TInt,enum,2,42,40,2,3,1,0,0,3,0.0,0.0,0.0,3,0,3,0,0,0,3,0,0,0,0,0,0,0,0,0,0,0,0,11,3,0,0,0,0,0,0,0,0,0,0,0,0,0,15,1,0
/Users/kaiohs/Downloads/codes/lab02-experimentacao-software/data/repos/NationalSecurityAgency__ghidra/Ghidra/Test/IntegrationTest/src/screen/java/help/screenshot/ImporterPluginScreenShots.java,help.screenshot.ImporterPluginScreenShots$Anonymous1,anonymous,4,4,0,4,1,1,0,2,0,0.0,NaN,NaN,1,0,1,0,0,0,1,0,0,0,0,0,0,0,0,0,0,0,0,7,1,0,0,0,0,1,0,1,0,1,0,0,0,0,16,-1,0
/Users/kaiohs/Downloads/codes/lab02-experimentacao-software/data/repos/NationalSecurityAgency__ghidra/Ghidra/Framework/Emulation/src/main/java/ghidra/pcode/opbehavior/OpBehaviorFloatCeil.java,ghidra.pcode.opbehavior.OpBehaviorFloatCeil,class,2,3,1,2,3,3,0,2,3,0.0,0.0,0.0,3,0,3,0,0,0,3,0,0,0,0,0,0,0,0,0,0,0,0,13,2,0,0,0,0,0,0,2,0,2,0,0,0,0,12,1,0
/Users/kaiohs/Downloads/codes/lab02-experimentacao-software/data/repos/NationalSecurityAgency__ghidra/Ghidra/Framework/Emulation/src/main/java/ghidra/pcode/emu/jit/gen/op/IntShiftBinOpGen.java,ghidra.pcode.emu.jit.gen.op.IntShiftBinOpGen,interface,27,31,4,27,7,1,0,9,21,0.0,0.0,0.0,7,0,0,0,0,7,7,0,0,0,0,0,0,0,0,0,0,0,0,20,5,0,0,0,0,0,4,0,0,0,0,0,0,0,109,1,0
/Users/kaiohs/Downloads/codes/lab02-experimentacao-software/data/repos/NationalSecurityAgency__ghidra/Ghidra/Test/DebuggerIntegrationTest/src/test.slow/java/agent/dbgeng/rmi/DbgEngCommandsTest.java,agent.dbgeng.rmi.DbgEngCommandsTest,class,32,33,1,32,65,3,0,134,1770,0.0,0.0,0.0,60,0,59,0,1,0,60,0,0,0,0,0,0,0,0,0,0,0,31,426,2,1,1,33,0,213,89,140,4,161,2,0,0,50,204,1,3
/Users/kaiohs/Downloads/codes/lab02-experimentacao-software/data/repos/NationalSecurityAgency__ghidra/Ghidra/Framework/Emulation/src/main/java/ghidra/pcode/emu/jit/gen/op/BoolAndOpGen.java,ghidra.pcode.emu.jit.gen.op.BoolAndOpGen,enum,12,12,0,12,2,1,0,2,1,0.0,0.0,0.0,2,0,2,0,0,0,2,0,0,0,0,0,0,0,0,0,0,0,2,8,2,0,0,0,0,0,0,0,0,0,0,0,0,0,70,1,0
/Users/kaiohs/Downloads/codes/lab02-experimentacao-software/data/repos/NationalSecurityAgency__ghidra/Ghidra/Framework/Emulation/src/main/java/ghidra/pcode/exec/AnnotatedPcodeUseropLibrary.java,ghidra.pcode.exec.AnnotatedPcodeUseropLibrary,class,6,21,15,6,7,2,0,13,1,1.0,NaN,NaN,2,1,0,1,0,1,1,0,0,0,1,1,0,1,0,0,1,0,1,110,1,0,3,0,0,9,3,4,4,4,2,0,1,0,102,1025,0
/Users/kaiohs/Downloads/codes/lab02-experimentacao-software/data/repos/NationalSecurityAgency__ghidra/Ghidra/Framework/Emulation/src/main/java/ghidra/pcode/emu/ModifiedPcodeThread.java,ghidra.pcode.emu.ModifiedPcodeThread,class,11,16,5,11,11,3,0,19,0,0.3,0.0,0.0,5,0,2,0,3,0,5,0,0,0,2,0,0,0,2,0,2,0,1,124,3,0,4,1,0,7,0,5,4,5,2,1,2,0,146,1,2
/Users/kaiohs/Downloads/codes/lab02-experimentacao-software/data/repos/NationalSecurityAgency__ghidra/Ghidra/Framework/SoftwareModeling/src/test/java/ghidra/app/plugin/assembler/sleigh/AVR8AssemblyTest.java,ghidra.app.plugin.assembler.sleigh.AVR8AssemblyTest,class,3,3,0,3,9,3,0,2,36,0.0,0.0,0.0,9,0,8,0,1,0,9,0,0,0,0,0,0,0,0,0,0,0,0,29,1,0,0,0,0,19,16,0,8,0,0,0,0,0,43,1,0
/Users/kaiohs/Downloads/codes/lab02-experimentacao-software/data/repos/NationalSecurityAgency__ghidra/Ghidra/Test/DebuggerIntegrationTest/src/test/java/ghidra/app/plugin/core/debug/gui/tracermi/launcher/TestTraceRmiLaunchOpinion.java,ghidra.app.plugin.core.debug.gui.tracermi.launcher.TestTraceRmiLaunchOpinion,class,6,6,0,6,1,2,0,1,0,0.0,NaN,NaN,1,0,1,0,0,0,1,0,0,0,0,0,0,0,0,0,0,0,1,40,1,0,0,0,0,0,0,0,0,0,0,0,1,0,13,1,0
/Users/kaiohs/Downloads/codes/lab02-experimentacao-software/data/repos/NationalSecurityAgency__ghidra/Ghidra/Test/IntegrationTest/src/screen/java/help/screenshot/SymbolTreePluginScreenShots.java,help.screenshot.SymbolTreePluginScreenShots,class,10,10,0,10,4,2,0,21,6,0.0,0.0,0.0,4,0,4,0,0,0,4,0,0,0,0,0,0,0,0,0,0,0,0,47,0,0,0,1,0,23,4,15,0,15,1,0,0,0,54,1,0
/Users/kaiohs/Downloads/codes/lab02-experimentacao-software/data/repos/NationalSecurityAgency__ghidra/Ghidra/Framework/SoftwareModeling/src/test/java/ghidra/program/model/data/CompositeTestUtils.java,ghidra.program.model.data.CompositeTestUtils,class,3,6,3,3,16,1,0,18,8,0.6,0.0,0.0,5,4,3,2,0,0,3,0,0,0,1,1,0,1,0,0,0,0,4,64,2,3,3,0,2,6,6,19,3,16,2,0,0,1,75,1,3
/Users/kaiohs/Downloads/codes/lab02-experimentacao-software/data/repos/NationalSecurityAgency__ghidra/Ghidra/Test/IntegrationTest/src/test/java/ghidra/graph/program/DataReferenceGraphTaskTest.java,ghidra.graph.program.DataReferenceGraphTaskTest,class,10,10,0,10,9,3,0,14,36,0.0,0.0,0.0,9,0,9,0,0,0,9,0,0,0,0,0,0,0,0,0,0,0,0,167,0,0,0,0,0,3,68,82,0,81,0,0,0,0,50,1,0
/Users/kaiohs/Downloads/codes/lab02-experimentacao-software/data/repos/NationalSecurityAgency__ghidra/Ghidra/Framework/Emulation/src/main/java/ghidra/pcode/emu/jit/analysis/JitAnalysisContext.java,ghidra.pcode.emu.jit.analysis.JitAnalysisContext,class,6,26,20,6,8,1,0,4,3,0.6428572,0.0,0.0,7,0,7,0,0,0,7,0,0,0,4,0,0,4,0,0,4,0,0,30,6,0,0,0,0,0,0,4,0,4,0,0,0,0,64,1,0
/Users/kaiohs/Downloads/codes/lab02-experimentacao-software/data/repos/NationalSecurityAgency__ghidra/Ghidra/Framework/Emulation/src/main/java/ghidra/pcode/emu/jit/analysis/JitOpUpwardVisitor.java,ghidra.pcode.emu.jit.analysis.JitOpUpwardVisitor,interface,13,18,5,13,16,1,0,15,66,0.0,0.0,0.0,12,0,0,0,0,12,12,0,0,0,0,0,0,0,0,0,0,0,0,48,0,4,0,0,0,0,0,0,0,0,1,0,0,0,41,1,0
/Users/kaiohs/Downloads/codes/lab02-experimentacao-software/data/repos/NationalSecurityAgency__ghidra/Ghidra/Test/IntegrationTest/src/test.slow/java/ghidra/util/task/RunManagerTest.java,ghidra.util.task.RunManagerTest$TestTaskListener,innerclass,3,3,0,3,2,1,0,1,1,0.5,0.0,0.0,2,0,2,0,0,0,2,0,0,0,2,0,0,2,0,0,0,0,0,12,0,0,0,0,0,2,0,0,1,2,0,0,0,0,7,2,0
/Users/kaiohs/Downloads/codes/lab02-experimentacao-software/data/repos/NationalSecurityAgency__ghidra/Ghidra/Framework/Emulation/src/test/java/ghidra/pcode/exec/AnnotatedPcodeUseropLibraryTest.java,ghidra.pcode.exec.AnnotatedPcodeUseropLibraryTest$TestUseropLibrary,innerclass,1,1,0,1,1,2,0,1,0,0.0,NaN,NaN,1,0,0,0,1,0,1,0,0,0,0,0,0,0,0,0,0,0,1,5,1,0,0,0,0,0,0,0,0,0,0,0,0,0,6,2,0
/Users/kaiohs/Downloads/codes/lab02-experimentacao-software/data/repos/NationalSecurityAgency__ghidra/Ghidra/Test/IntegrationTest/src/test.slow/java/ghidra/server/RepositoryTest.java,ghidra.server.RepositoryTest,class,6,6,0,6,10,2,0,17,0,0.36,0.0,0.0,5,0,5,0,0,0,5,0,0,0,5,1,0,5,0,0,1,0,0,82,0,3,0,2,0,17,24,34,0,17,1,0,0,0,63,1,0
/Users/kaiohs/Downloads/codes/lab02-experimentacao-software/data/repos/NationalSecurityAgency__ghidra/GPL/DMG/src/dmg/java/mobiledevices/dmg/decmpfs/DecmpfsCompressionTypes.java,mobiledevices.dmg.decmpfs.DecmpfsCompressionTypes,class,0,0,0,0,0,1,0,0,0,NaN,-1.0,-1.0,0,0,0,0,0,0,0,0,0,0,5,5,5,0,0,0,5,0,0,7,0,0,0,0,0,0,5,5,0,5,0,0,0,0,22,17,0
/Users/kaiohs/Downloads/codes/lab02-experimentacao-software/data/repos/NationalSecurityAgency__ghidra/Ghidra/Test/IntegrationTest/src/test.slow/java/ghidra/app/script/GhidraScriptUtilTest.java,ghidra.app.script.GhidraScriptUtilTest,class,4,4,0,4,8,2,0,3,28,0.0,0.0,0.0,8,0,8,0,0,0,8,0,0,0,0,0,0,0,0,0,0,0,0,33,0,0,0,0,0,14,0,7,0,7,0,0,0,0,29,1,0
/Users/kaiohs/Downloads/codes/lab02-experimentacao-software/data/repos/NationalSecurityAgency__ghidra/Ghidra/Framework/SoftwareModeling/src/test/java/ghidra/app/plugin/assembler/sleigh/AVR32AssemblyTest.java,ghidra.app.plugin.assembler.sleigh.AVR32AssemblyTest,class,3,3,0,3,5,3,0,2,10,0.0,0.0,0.0,5,0,4,0,1,0,5,0,0,0,0,0,0,0,0,0,0,0,0,17,1,0,0,0,0,9,1,0,0,0,0,0,0,0,34,1,0
/Users/kaiohs/Downloads/codes/lab02-experimentacao-software/data/repos/NationalSecurityAgency__ghidra/Ghidra/Framework/SoftwareModeling/src/test/java/ghidra/program/model/data/NoisyStructureBuilderTest.java,ghidra.program.model.data.NoisyStructureBuilderTest,class,7,8,1,7,5,2,0,13,6,0.0,0.0,0.0,4,0,4,0,0,0,4,0,0,0,0,0,0,0,0,0,0,0,0,78,0,0,1,0,0,0,41,16,0,10,0,0,0,0,25,1,0
/Users/kaiohs/Downloads/codes/lab02-experimentacao-software/data/repos/NationalSecurityAgency__ghidra/Ghidra/Framework/Pty/src/main/java/ghidra/pty/unix/PosixC.java,ghidra.pty.unix.PosixC$ControllingTty$ByReference,innerclass,2,2,0,2,0,3,0,0,0,0.0,-1.0,-1.0,0,0,0,0,0,0,0,0,0,0,0,0,0,0,0,0,0,0,0,2,0,0,0,0,0,0,0,0,0,0,0,0,0,0,4,9,0
/Users/kaiohs/Downloads/codes/lab02-experimentacao-software/data/repos/NationalSecurityAgency__ghidra/Ghidra/Framework/Emulation/src/main/java/ghidra/pcode/emu/jit/gen/util/Methods.java,ghidra.pcode.emu.jit.gen.util.MthDescCheckedBuilderP,class,35,37,2,35,35,1,0,10,75,0.875,0.0,0.0,27,15,24,0,0,3,34,0,0,0,16,0,2,2,0,12,2,0,0,121,25,1,0,0,0,7,1,5,0,23,1,0,0,0,226,9,0
/Users/kaiohs/Downloads/codes/lab02-experimentacao-software/data/repos/NationalSecurityAgency__ghidra/Ghidra/Framework/Emulation/src/main/java/ghidra/pcode/emulate/UnimplementedCallOtherException.java,ghidra.pcode.emulate.UnimplementedCallOtherException,class,2,3,1,2,3,2,0,1,0,0.33333334,0.0,0.0,3,0,3,0,0,0,3,0,0,0,2,0,0,2,0,0,0,0,0,15,2,0,0,0,0,3,0,2,1,2,0,0,0,0,24,1,0
/Users/kaiohs/Downloads/codes/lab02-experimentacao-software/data/repos/NationalSecurityAgency__ghidra/Ghidra/Framework/SoftwareModeling/src/main/java/ghidra/app/util/PseudoInstruction.java,ghidra.app.util.PseudoInstruction,class,31,44,13,31,119,2,0,81,907,0.88306457,0.0,0.0,62,1,61,1,0,0,61,0,0,1,8,1,0,8,0,0,1,0,3,392,79,3,31,2,1,8,19,51,6,34,3,0,0,0,222,1,0
/Users/kaiohs/Downloads/codes/lab02-experimentacao-software/data/repos/NationalSecurityAgency__ghidra/Ghidra/Framework/Emulation/src/main/java/ghidra/app/emulator/AdaptedEmulator.java,ghidra.app.emulator.AdaptedEmulator$AdaptedBytesPcodeExecutorState,innerclass,10,10,0,10,7,2,0,5,10,0.0,0.0,0.0,5,0,5,0,0,0,5,0,0,0,0,0,0,0,0,0,0,0,0,27,2,0,2,0,0,1,0,2,0,2,1,0,0,0,25,0,0
/Users/kaiohs/Downloads/codes/lab02-experimentacao-software/data/repos/NationalSecurityAgency__ghidra/Ghidra/Test/IntegrationTest/src/screen/java/help/screenshot/PdbScreenShots.java,help.screenshot.PdbScreenShots$LocalSymbolStoreWithFakePath,innerclass,1,1,0,1,3,2,0,1,0,0.0,0.0,0.0,3,0,3,0,0,0,3,0,0,0,1,0,0,1,0,0,0,0,0,13,2,0,0,0,0,0,0,1,0,1,0,0,0,0,16,10,0
/Users/kaiohs/Downloads/codes/lab02-experimentacao-software/data/repos/NationalSecurityAgency__ghidra/Ghidra/Framework/Emulation/src/main/java/ghidra/pcode/emu/jit/gen/util/Methods.java,ghidra.pcode.emu.jit.gen.util.MthDescCheckedBuilderR,class,5,7,2,5,2,1,0,1,1,0.0,0.0,0.0,2,0,1,0,0,1,2,0,0,0,0,0,0,0,0,0,0,0,0,7,1,0,0,0,0,0,0,0,0,0,0,0,0,0,47,9,0
/Users/kaiohs/Downloads/codes/lab02-experimentacao-software/data/repos/NationalSecurityAgency__ghidra/Ghidra/Framework/Emulation/src/main/java/ghidra/pcode/emu/jit/gen/util/Emitter.java,ghidra.pcode.emu.jit.gen.util.Emitter$A8Function,interface,9,9,0,9,1,1,0,0,0,0.0,NaN,NaN,1,0,0,0,0,1,1,0,0,0,0,0,0,0,0,0,0,0,0,3,0,0,0,0,0,0,0,0,0,0,0,0,0,0,27,1,0
/Users/kaiohs/Downloads/codes/lab02-experimentacao-software/data/repos/NationalSecurityAgency__ghidra/Ghidra/Test/IntegrationTest/src/screen/java/help/screenshot/ExporterPluginScreenShots.java,help.screenshot.ExporterPluginScreenShots,class,10,11,1,10,10,2,0,21,21,0.0,0.0,0.0,7,0,4,3,0,0,4,0,0,0,0,0,0,0,0,0,0,0,0,71,2,1,0,0,0,14,1,14,0,14,4,1,0,3,54,1,0
/Users/kaiohs/Downloads/codes/lab02-experimentacao-software/data/repos/NationalSecurityAgency__ghidra/Ghidra/Test/IntegrationTest/src/test.slow/java/ghidra/framework/main/datatree/VersionControlAction2Test.java,ghidra.framework.main.datatree.VersionControlAction2Test,class,27,28,1,27,26,3,0,83,91,0.0,0.0,0.0,14,0,14,0,0,0,14,0,0,0,0,0,0,0,0,0,0,0,3,340,3,3,0,3,13,49,17,101,2,96,2,0,0,16,166,1,0
/Users/kaiohs/Downloads/codes/lab02-experimentacao-software/data/repos/NationalSecurityAgency__ghidra/Ghidra/Framework/SoftwareModeling/src/test/java/ghidra/program/model/address/SegmentedAddressTest.java,ghidra.program.model.address.SegmentedAddressTest,class,11,12,1,11,14,2,0,11,9,0.5,0.0,0.0,6,0,5,1,0,0,5,0,0,0,1,0,0,1,0,0,0,0,0,47,1,0,2,1,0,4,66,9,0,9,1,0,0,0,27,1,0
/Users/kaiohs/Downloads/codes/lab02-experimentacao-software/data/repos/NationalSecurityAgency__ghidra/GhidraBuild/EclipsePlugins/GhidraDev/GhidraDevPlugin/src/main/java/ghidradev/ghidrasymbollookup/SymbolLookupInitializer.java,ghidradev.ghidrasymbollookup.SymbolLookupInitializer,class,5,8,3,5,11,1,0,11,1,0.33333334,0.0,0.0,3,3,2,1,0,0,2,0,0,0,1,1,0,1,0,0,0,0,12,44,4,0,2,2,0,6,1,2,5,1,2,0,0,0,92,1,3
/Users/kaiohs/Downloads/codes/lab02-experimentacao-software/data/repos/NationalSecurityAgency__ghidra/Ghidra/Framework/SoftwareModeling/src/main/java/ghidra/app/plugin/assembler/sleigh/parse/AssemblyParseTransitionTable.java,ghidra.app.plugin.assembler.sleigh.parse.AssemblyParseTransitionTable,class,3,4,1,3,4,1,0,8,0,0.0,0.0,0.0,3,0,3,0,0,0,3,0,0,0,1,0,0,1,0,0,1,0,0,14,2,1,0,0,0,0,0,1,0,1,1,0,0,0,61,1,0
/Users/kaiohs/Downloads/codes/lab02-experimentacao-software/data/repos/NationalSecurityAgency__ghidra/Ghidra/Framework/Emulation/src/main/java/ghidra/pcode/emu/jit/gen/util/Emitter.java,ghidra.pcode.emu.jit.gen.util.Emitter$Ent,interface,1,1,0,1,0,1,0,0,0,0.0,-1.0,-1.0,0,0,0,0,0,0,0,0,0,0,0,0,0,0,0,0,0,0,0,2,0,0,0,0,0,0,0,0,0,0,0,0,0,0,18,1,0
/Users/kaiohs/Downloads/codes/lab02-experimentacao-software/data/repos/NationalSecurityAgency__ghidra/Ghidra/Framework/Emulation/src/main/java/ghidra/pcode/opbehavior/OpBehaviorIntNegate.java,ghidra.pcode.opbehavior.OpBehaviorIntNegate,class,2,3,1,2,4,3,0,3,3,0.0,0.0,0.0,3,0,3,0,0,0,3,0,0,0,0,0,0,0,0,0,0,0,0,15,2,0,0,0,0,1,1,1,0,1,1,0,0,0,14,1,0
/Users/kaiohs/Downloads/codes/lab02-experimentacao-software/data/repos/NationalSecurityAgency__ghidra/Ghidra/Framework/Emulation/src/main/java/ghidra/pcode/emu/jit/gen/op/IntRightOpGen.java,ghidra.pcode.emu.jit.gen.op.IntRightOpGen,enum,2,2,0,2,2,1,0,0,1,0.0,0.0,0.0,2,0,2,0,0,0,2,0,0,0,0,0,0,0,0,0,0,0,0,8,2,0,0,0,0,1,0,0,0,0,0,0,0,0,31,1,0
/Users/kaiohs/Downloads/codes/lab02-experimentacao-software/data/repos/NationalSecurityAgency__ghidra/GhidraDocs/GhidraClass/Debugger/ghidra_scripts/ModelingScript.java,ModelingScript$BinExpr,interface,1,1,0,1,2,1,0,0,1,0.0,0.0,0.0,2,0,0,0,0,2,2,0,0,0,0,0,0,0,0,0,0,0,0,4,0,0,0,0,0,0,0,0,0,0,0,0,0,0,4,0,0
/Users/kaiohs/Downloads/codes/lab02-experimentacao-software/data/repos/NationalSecurityAgency__ghidra/Ghidra/Framework/SoftwareModeling/src/test/java/ghidra/program/model/data/EnumDataTypeTest.java,ghidra.program.model.data.EnumDataTypeTest,class,4,4,0,4,28,1,0,15,325,0.0,0.0,0.0,26,0,26,0,0,0,26,0,0,0,0,0,0,0,0,0,0,0,0,190,0,0,0,2,0,76,112,27,0,27,1,0,0,0,64,1,0
/Users/kaiohs/Downloads/codes/lab02-experimentacao-software/data/repos/NationalSecurityAgency__ghidra/Ghidra/Test/DebuggerIntegrationTest/src/test/java/ghidra/app/plugin/core/debug/gui/breakpoint/AbstractDebuggerBreakpointsProviderTest.java,ghidra.app.plugin.core.debug.gui.breakpoint.AbstractDebuggerBreakpointsProviderTest,class,30,32,2,30,42,3,0,98,253,0.852381,0.0,0.0,35,1,19,0,16,0,35,11,0,0,6,2,1,0,5,0,2,0,11,486,2,6,0,3,0,13,42,74,0,63,1,0,0,19,168,1025,0
/Users/kaiohs/Downloads/codes/lab02-experimentacao-software/data/repos/NationalSecurityAgency__ghidra/Ghidra/Framework/Emulation/src/main/java/ghidra/pcode/exec/AbstractSleighPcodeUseropDefinition.java,ghidra.pcode.exec.AbstractSleighPcodeUseropDefinition$Builder,innerclass,9,9,0,9,7,1,0,15,0,0.56000006,0.0,0.0,5,0,4,0,1,0,5,0,0,0,5,0,0,5,0,0,5,0,3,37,5,0,2,0,0,1,1,6,0,6,1,0,0,0,77,9,0
/Users/kaiohs/Downloads/codes/lab02-experimentacao-software/data/repos/NationalSecurityAgency__ghidra/Ghidra/Framework/Emulation/src/main/java/ghidra/pcode/emu/jit/op/JitSyntheticOp.java,ghidra.pcode.emu.jit.op.JitSyntheticOp,interface,2,3,1,2,1,1,0,0,0,0.0,NaN,NaN,1,0,0,0,0,1,1,0,0,0,0,0,0,0,0,0,0,0,0,5,0,0,0,0,0,0,0,0,0,0,0,0,0,0,44,1,0
/Users/kaiohs/Downloads/codes/lab02-experimentacao-software/data/repos/NationalSecurityAgency__ghidra/Ghidra/Test/DebuggerIntegrationTest/src/test/java/ghidra/app/plugin/core/debug/service/modules/DynamicStaticSynchronizationPluginTest.java,ghidra.app.plugin.core.debug.service.modules.DynamicStaticSynchronizationPluginTest$Anonymous1,anonymous,0,0,0,0,1,1,0,0,0,0.0,NaN,NaN,1,0,1,0,0,0,1,0,0,0,0,0,0,0,0,0,0,0,0,5,1,0,0,0,0,0,0,0,0,0,0,0,0,0,3,-1,0
/Users/kaiohs/Downloads/codes/lab02-experimentacao-software/data/repos/NationalSecurityAgency__ghidra/Ghidra/Test/DebuggerIntegrationTest/src/test/java/ghidra/app/plugin/core/debug/service/modules/DynamicStaticSynchronizationPluginTest.java,ghidra.app.plugin.core.debug.service.modules.DynamicStaticSynchronizationPluginTest$Anonymous2,anonymous,3,3,0,3,2,1,0,0,1,0.0,0.0,0.0,2,0,2,0,0,0,2,0,0,0,0,0,0,0,0,0,0,0,0,8,1,0,0,0,0,0,0,0,0,0,0,0,0,0,12,-1,0
/Users/kaiohs/Downloads/codes/lab02-experimentacao-software/data/repos/NationalSecurityAgency__ghidra/Ghidra/Test/DebuggerIntegrationTest/src/test/java/ghidra/app/plugin/core/debug/gui/breakpoint/MockDecompileResults.java,ghidra.app.plugin.core.debug.gui.breakpoint.MockDecompileResults$ClangBuilder,interface,3,3,0,3,2,1,0,1,1,0.0,0.0,0.0,2,0,0,0,0,2,2,0,0,0,0,0,0,0,0,0,0,0,0,6,1,0,0,0,0,0,0,0,0,0,0,0,0,0,8,1,0
/Users/kaiohs/Downloads/codes/lab02-experimentacao-software/data/repos/NationalSecurityAgency__ghidra/Ghidra/Test/DebuggerIntegrationTest/src/test/java/ghidra/app/plugin/core/debug/service/tracermi/TraceRmiPerformanceTest.java,ghidra.app.plugin.core.debug.service.tracermi.TraceRmiPerformanceTest$Tx,interface,0,0,0,0,0,1,0,0,0,0.0,-1.0,-1.0,0,0,0,0,0,0,0,0,0,0,0,0,0,0,0,0,0,0,0,2,0,0,0,0,0,0,0,0,0,0,0,0,0,0,3,0,0
/Users/kaiohs/Downloads/codes/lab02-experimentacao-software/data/repos/NationalSecurityAgency__ghidra/Ghidra/Test/IntegrationTest/src/screen/java/help/screenshot/FallThroughPluginScreenShots.java,help.screenshot.FallThroughPluginScreenShots,class,2,2,0,2,2,2,0,3,1,0.0,0.0,0.0,2,0,2,0,0,0,2,0,0,0,0,0,0,0,0,0,0,0,0,10,0,0,0,0,0,3,1,0,0,0,0,0,0,0,17,1,0
/Users/kaiohs/Downloads/codes/lab02-experimentacao-software/data/repos/NationalSecurityAgency__ghidra/Ghidra/Framework/Emulation/src/main/java/ghidra/pcode/emu/jit/gen/util/Emitter.java,ghidra.pcode.emu.jit.gen.util.Emitter$A5Function,interface,6,6,0,6,1,1,0,0,0,0.0,NaN,NaN,1,0,0,0,0,1,1,0,0,0,0,0,0,0,0,0,0,0,0,3,0,0,0,0,0,0,0,0,0,0,0,0,0,0,21,1,0
/Users/kaiohs/Downloads/codes/lab02-experimentacao-software/data/repos/NationalSecurityAgency__ghidra/Ghidra/Framework/Emulation/src/main/java/ghidra/pcode/emu/jit/gen/op/IntAndOpGen.java,ghidra.pcode.emu.jit.gen.op.IntAndOpGen,enum,12,12,0,12,2,1,0,2,1,0.0,0.0,0.0,2,0,2,0,0,0,2,0,0,0,0,0,0,0,0,0,0,0,2,8,2,0,0,0,0,0,0,0,0,0,0,0,0,0,33,1,0
/Users/kaiohs/Downloads/codes/lab02-experimentacao-software/data/repos/NationalSecurityAgency__ghidra/Ghidra/Framework/Emulation/src/main/java/ghidra/pcode/emu/jit/JitCompiler.java,ghidra.pcode.emu.jit.JitCompiler$Diag,enum,0,0,0,0,0,1,0,0,0,0.0,-1.0,-1.0,0,0,0,0,0,0,0,0,0,0,0,0,0,0,0,0,0,0,0,9,0,0,0,0,0,0,0,0,0,0,0,0,0,0,52,1,0
/Users/kaiohs/Downloads/codes/lab02-experimentacao-software/data/repos/NationalSecurityAgency__ghidra/Ghidra/Test/IntegrationTest/src/screen/java/help/screenshot/CommentsPluginScreenShots.java,help.screenshot.CommentsPluginScreenShots,class,6,7,1,6,4,2,0,11,6,0.0,0.0,0.0,4,0,3,1,0,0,3,0,0,0,0,0,0,0,0,0,0,0,0,25,0,0,0,0,0,10,6,2,0,2,0,0,0,0,43,1,0
/Users/kaiohs/Downloads/codes/lab02-experimentacao-software/data/repos/NationalSecurityAgency__ghidra/Ghidra/Framework/SoftwareModeling/src/test/java/ghidra/program/model/data/CharDataTypesRenderTest.java,ghidra.program.model.data.CharDataTypesRenderTest,class,13,14,1,13,16,2,0,15,0,0.5,0.0,0.0,16,1,13,3,0,0,13,0,0,0,6,0,0,6,0,0,0,0,3,133,2,0,0,0,0,64,119,36,1,26,0,0,0,0,96,1,0
/Users/kaiohs/Downloads/codes/lab02-experimentacao-software/data/repos/NationalSecurityAgency__ghidra/Ghidra/Framework/Emulation/src/main/java/ghidra/pcode/emu/jit/gen/op/FloatSubOpGen.java,ghidra.pcode.emu.jit.gen.op.FloatSubOpGen,enum,10,10,0,10,2,1,0,2,1,0.0,0.0,0.0,2,0,2,0,0,0,2,0,0,0,0,0,0,0,0,0,0,0,2,8,2,0,0,0,0,0,0,0,0,0,0,0,0,0,33,1,0
/Users/kaiohs/Downloads/codes/lab02-experimentacao-software/data/repos/NationalSecurityAgency__ghidra/Ghidra/Framework/Emulation/src/main/java/ghidra/pcode/emu/jit/analysis/JitDataFlowArithmetic.java,ghidra.pcode.emu.jit.analysis.JitDataFlowArithmetic,class,23,29,6,23,43,1,0,46,239,0.79012346,0.0,0.0,27,1,23,4,0,0,23,0,0,0,3,1,0,3,0,0,3,0,6,157,26,3,4,0,1,3,13,24,10,19,2,0,0,0,313,1,0
/Users/kaiohs/Downloads/codes/lab02-experimentacao-software/data/repos/NationalSecurityAgency__ghidra/Ghidra/Framework/SoftwareModeling/src/main/java/ghidra/app/util/PseudoDataComponent.java,ghidra.app.util.PseudoDataComponent,class,14,16,2,14,34,3,0,23,1,0.68,0.0,0.0,15,0,12,1,0,2,14,0,0,1,5,0,0,3,0,2,0,0,0,118,19,1,16,0,2,4,6,27,6,15,2,0,0,0,88,0,0
/Users/kaiohs/Downloads/codes/lab02-experimentacao-software/data/repos/NationalSecurityAgency__ghidra/Ghidra/Framework/Emulation/src/main/java/ghidra/pcode/emu/jit/var/JitMemoryVar.java,ghidra.pcode.emu.jit.var.JitMemoryVar,interface,1,4,3,1,0,1,0,0,0,0.0,-1.0,-1.0,0,0,0,0,0,0,0,0,0,0,0,0,0,0,0,0,0,0,0,2,0,0,0,0,0,0,0,0,0,0,0,0,0,0,19,1,0
/Users/kaiohs/Downloads/codes/lab02-experimentacao-software/data/repos/NationalSecurityAgency__ghidra/Ghidra/Framework/Emulation/src/main/java/ghidra/pcode/emu/jit/gen/op/IntLessEqualOpGen.java,ghidra.pcode.emu.jit.gen.op.IntLessEqualOpGen,enum,11,11,0,11,3,1,0,2,3,0.0,0.0,0.0,3,0,3,0,0,0,3,0,0,0,0,0,0,0,0,0,0,0,0,11,3,0,0,0,0,0,0,0,0,0,0,0,0,0,40,1,0
/Users/kaiohs/Downloads/codes/lab02-experimentacao-software/data/repos/NationalSecurityAgency__ghidra/Ghidra/Framework/SoftwareModeling/src/test/java/ghidra/app/plugin/assembler/sleigh/expr/MaskedLongTest.java,ghidra.app.plugin.assembler.sleigh.expr.MaskedLongTest,class,1,1,0,1,10,1,0,10,15,0.0,0.0,0.0,6,0,6,0,0,0,6,0,0,0,0,0,0,0,0,0,0,0,0,58,0,0,0,4,0,0,57,0,0,0,1,0,0,0,20,1,0
/Users/kaiohs/Downloads/codes/lab02-experimentacao-software/data/repos/NationalSecurityAgency__ghidra/Ghidra/Framework/Pty/src/main/java/ghidra/pty/PtyChild.java,ghidra.pty.PtyChild$TermMode,interface,0,0,0,0,0,1,0,0,0,0.0,-1.0,-1.0,0,0,0,0,0,0,0,0,0,0,0,0,0,0,0,0,0,0,0,2,0,0,0,0,0,0,0,0,0,0,0,0,0,0,6,0,0
/Users/kaiohs/Downloads/codes/lab02-experimentacao-software/data/repos/NationalSecurityAgency__ghidra/Ghidra/Framework/Emulation/src/main/java/ghidra/pcode/emu/jit/analysis/JitTypeBehavior.java,ghidra.pcode.emu.jit.analysis.JitTypeBehavior,enum,4,26,22,4,16,1,0,2,6,0.0,0.0,0.0,4,2,4,0,0,0,4,2,0,0,0,0,0,0,0,0,0,0,1,83,13,0,11,0,0,0,0,0,0,0,1,4,0,0,127,1,0
/Users/kaiohs/Downloads/codes/lab02-experimentacao-software/data/repos/NationalSecurityAgency__ghidra/Ghidra/Framework/SoftwareModeling/src/test/java/ghidra/program/model/data/DataUtilitiesTest.java,ghidra.program.model.data.DataUtilitiesTest$MyData,innerclass,8,8,0,8,38,2,0,3,0,0.2,0.0,0.0,5,0,4,0,0,1,5,0,0,0,1,0,0,0,0,1,0,0,0,81,22,0,0,0,0,0,41,4,0,4,1,0,0,0,25,2,0
/Users/kaiohs/Downloads/codes/lab02-experimentacao-software/data/repos/NationalSecurityAgency__ghidra/Ghidra/Framework/Emulation/src/main/java/ghidra/pcode/emu/jit/gen/GenConsts.java,ghidra.pcode.emu.jit.gen.GenConsts$WriteLongX,interface,2,2,0,2,1,1,0,0,0,1.0,NaN,NaN,1,0,0,0,0,1,1,0,0,0,15,0,0,0,0,15,0,0,0,18,0,0,0,0,0,0,0,15,0,15,0,0,0,0,38,0,0
/Users/kaiohs/Downloads/codes/lab02-experimentacao-software/data/repos/NationalSecurityAgency__ghidra/Ghidra/Framework/SoftwareModeling/src/main/java/ghidra/app/plugin/assembler/sleigh/parse/AssemblyParseResult.java,ghidra.app.plugin.assembler.sleigh.parse.AssemblyParseResult,class,4,13,9,4,4,1,2,2,6,0.0,0.0,0.0,4,2,4,0,0,0,4,1,0,0,0,0,0,0,0,0,0,0,0,12,3,0,0,0,0,0,0,0,0,0,0,0,0,0,50,1025,0
/Users/kaiohs/Downloads/codes/lab02-experimentacao-software/data/repos/NationalSecurityAgency__ghidra/Ghidra/Framework/SoftwareModeling/src/test/java/ghidra/program/database/data/merge/UnionMergerTest.java,ghidra.program.database.data.merge.UnionMergerTest,class,15,16,1,15,12,2,0,18,3,0.67999995,0.0,0.0,10,0,9,1,0,0,9,0,0,0,5,0,0,5,0,0,0,0,0,110,1,0,0,1,0,72,23,41,0,41,1,0,1,0,62,1,0
/Users/kaiohs/Downloads/codes/lab02-experimentacao-software/data/repos/NationalSecurityAgency__ghidra/Ghidra/Framework/SoftwareModeling/src/test.slow/java/ghidra/program/model/data/FileDataTypeManagerTest.java,ghidra.program.model.data.FileDataTypeManagerTest,class,8,9,1,8,13,2,0,29,0,0.0,0.0,0.0,4,0,4,0,0,0,4,0,0,0,1,0,0,1,0,0,0,0,1,103,0,2,4,5,0,16,4,21,3,13,3,0,0,0,52,1,0
/Users/kaiohs/Downloads/codes/lab02-experimentacao-software/data/repos/NationalSecurityAgency__ghidra/Ghidra/Framework/Emulation/src/main/java/ghidra/pcode/emu/jit/analysis/JitVarScopeModel.java,ghidra.pcode.emu.jit.analysis.JitVarScopeModel,class,11,20,9,11,34,1,0,42,31,0.74545455,0.0,0.0,11,2,5,4,0,2,7,0,0,0,5,0,0,5,0,0,5,0,7,183,9,8,7,0,0,5,3,19,4,17,3,0,2,0,474,1,0
/Users/kaiohs/Downloads/codes/lab02-experimentacao-software/data/repos/NationalSecurityAgency__ghidra/Ghidra/Test/DebuggerIntegrationTest/src/test.slow/java/agent/drgn/rmi/AbstractDrgnTraceRmiTest.java,agent.drgn.rmi.AbstractDrgnTraceRmiTest$PythonError,innerclass,0,0,0,0,1,4,0,1,0,0.0,NaN,NaN,1,0,1,0,0,0,1,0,0,0,3,0,3,0,0,0,3,0,0,11,0,0,0,0,0,0,0,3,0,3,0,0,0,0,8,9,0
/Users/kaiohs/Downloads/codes/lab02-experimentacao-software/data/repos/NationalSecurityAgency__ghidra/Ghidra/Framework/Emulation/src/main/java/ghidra/pcode/emu/jit/gen/util/Emitter.java,ghidra.pcode.emu.jit.gen.util.Emitter,class,30,142,112,30,16,1,0,14,69,0.8714286,0.0,0.0,14,4,14,0,0,0,16,0,0,0,5,2,0,2,0,3,4,0,4,92,13,0,0,0,0,1,1,8,0,7,0,0,12,0,475,1,0
/Users/kaiohs/Downloads/codes/lab02-experimentacao-software/data/repos/NationalSecurityAgency__ghidra/Ghidra/Framework/SoftwareModeling/src/test/java/ghidra/program/model/address/GenericAddressTest.java,ghidra.program.model.address.GenericAddressTest$TestAddressFactory,innerclass,2,2,0,2,2,2,0,4,0,0.0,NaN,NaN,1,0,0,0,0,1,1,0,0,0,0,0,0,0,0,0,0,0,0,12,0,0,0,1,0,1,0,0,1,0,1,0,0,0,13,10,0
/Users/kaiohs/Downloads/codes/lab02-experimentacao-software/data/repos/NationalSecurityAgency__ghidra/Ghidra/Test/IntegrationTest/src/screen/java/help/screenshot/TestDummyWizardModel.java,help.screenshot.TestDummyWizardModel$TestDummyWizardStep,innerclass,3,3,0,3,7,2,0,0,19,0.71428573,0.0,0.0,7,0,6,0,0,1,7,0,0,0,1,0,0,1,0,0,0,0,0,23,4,0,0,0,0,0,0,1,0,1,0,0,0,0,22,10,0
/Users/kaiohs/Downloads/codes/lab02-experimentacao-software/data/repos/NationalSecurityAgency__ghidra/GhidraBuild/Skeleton/src/main/java/skeleton/SkeletonFileSystem.java,skeleton.SkeletonFileSystem$MyMetadata,innerclass,0,0,0,0,0,1,0,0,0,NaN,-1.0,-1.0,0,0,0,0,0,0,0,0,0,0,4,0,0,4,0,0,0,0,0,6,0,0,0,0,0,0,0,0,0,4,0,0,0,0,6,10,0
/Users/kaiohs/Downloads/codes/lab02-experimentacao-software/data/repos/NationalSecurityAgency__ghidra/Ghidra/Test/IntegrationTest/src/test.slow/java/ghidra/program/model/lang/X64WinPrototypeModelTest.java,ghidra.program.model.lang.X64WinPrototypeModelTest,class,6,6,0,6,2,3,0,9,1,0.0,0.0,0.0,2,0,2,0,0,0,2,0,0,0,0,0,0,0,0,0,0,0,0,15,0,0,0,0,0,5,3,3,0,3,0,0,0,0,23,1,0
/Users/kaiohs/Downloads/codes/lab02-experimentacao-software/data/repos/NationalSecurityAgency__ghidra/GPL/DMG/src/dmg/java/mobiledevices/dmg/btree/BTreeMapRecord.java,mobiledevices.dmg.btree.BTreeMapRecord,class,3,4,1,3,4,1,0,2,0,0.0,0.0,0.0,3,0,2,0,1,0,3,0,0,0,1,0,0,1,0,0,0,0,0,13,2,0,1,0,3,0,7,2,5,2,0,0,0,0,39,1,0
/Users/kaiohs/Downloads/codes/lab02-experimentacao-software/data/repos/NationalSecurityAgency__ghidra/Ghidra/Test/IntegrationTest/src/test.slow/java/ghidra/pcode/emu/jit/decode/JitPassageDecoderTestAccess.java,ghidra.pcode.emu.jit.decode.JitPassageDecoderTestAccess,class,7,8,1,7,1,1,0,10,0,0.0,NaN,NaN,1,1,1,0,0,0,1,0,0,0,0,0,0,0,0,0,0,0,0,14,1,0,0,0,0,0,1,4,0,4,0,0,0,0,20,1,0
/Users/kaiohs/Downloads/codes/lab02-experimentacao-software/data/repos/NationalSecurityAgency__ghidra/Ghidra/Test/IntegrationTest/src/screen/java/help/screenshot/DataPluginScreenShots.java,help.screenshot.DataPluginScreenShots,class,11,12,1,11,14,2,0,31,45,0.0,0.0,0.0,10,0,7,3,0,0,7,0,0,0,0,0,0,0,0,0,0,0,1,85,4,1,1,0,0,18,22,17,0,17,2,0,0,2,71,1,0
/Users/kaiohs/Downloads/codes/lab02-experimentacao-software/data/repos/NationalSecurityAgency__ghidra/Ghidra/Framework/Emulation/src/main/java/ghidra/pcode/emulate/EmulateMemoryStateBuffer.java,ghidra.pcode.emulate.EmulateMemoryStateBuffer,class,7,9,2,7,16,1,0,14,0,0.32142857,0.0,0.0,14,0,11,3,0,0,11,0,0,0,2,0,0,2,0,0,1,0,0,58,12,0,0,0,0,1,10,10,1,10,1,0,0,0,78,1,0
/Users/kaiohs/Downloads/codes/lab02-experimentacao-software/data/repos/NationalSecurityAgency__ghidra/Ghidra/Framework/Emulation/src/main/java/ghidra/pcode/exec/PcodeExecutorState.java,ghidra.pcode.exec.PcodeExecutorState,interface,8,31,23,8,3,1,0,1,3,0.0,0.0,0.0,3,0,0,0,0,3,3,0,0,0,0,0,0,0,0,0,0,0,0,9,2,0,0,0,0,0,0,0,0,0,0,0,0,0,89,1,0
/Users/kaiohs/Downloads/codes/lab02-experimentacao-software/data/repos/NationalSecurityAgency__ghidra/Ghidra/Framework/Emulation/src/main/java/ghidra/pcode/emu/jit/gen/op/IntAddOpGen.java,ghidra.pcode.emu.jit.gen.op.IntAddOpGen,enum,23,25,2,23,13,1,0,30,45,0.0,0.0,0.0,10,6,4,0,0,6,10,0,0,0,0,0,0,0,0,0,0,0,5,55,11,1,0,0,0,1,3,15,1,12,1,0,0,0,240,1,0
/Users/kaiohs/Downloads/codes/lab02-experimentacao-software/data/repos/NationalSecurityAgency__ghidra/GhidraDocs/GhidraClass/Debugger/ghidra_scripts/ModelingScript.java,ModelingScript$SleighStdLibPcodeUseropLibrary,innerclass,10,10,0,10,5,2,0,10,1,0.56666666,0.0,0.0,3,0,3,0,0,0,3,0,0,0,10,2,0,10,0,0,8,0,4,32,0,0,2,0,0,8,0,10,0,10,1,0,0,0,35,9,0
/Users/kaiohs/Downloads/codes/lab02-experimentacao-software/data/repos/NationalSecurityAgency__ghidra/Ghidra/Framework/Emulation/src/main/java/ghidra/pcode/emu/jit/gen/op/IntSubOpGen.java,ghidra.pcode.emu.jit.gen.op.IntSubOpGen,enum,23,24,1,23,11,1,0,28,36,0.0,0.0,0.0,9,5,4,0,0,5,9,0,0,0,0,0,0,0,0,0,0,0,5,49,9,1,0,0,0,1,3,15,1,12,1,0,0,0,218,1,0
/Users/kaiohs/Downloads/codes/lab02-experimentacao-software/data/repos/NationalSecurityAgency__ghidra/Ghidra/Framework/Emulation/src/main/java/ghidra/pcode/emu/auxiliary/AuxEmulatorPartsFactory.java,ghidra.pcode.emu.auxiliary.AuxEmulatorPartsFactory,interface,13,15,2,13,8,1,0,0,28,0.0,0.0,0.0,8,0,0,0,0,8,8,0,0,0,0,0,0,0,0,0,0,0,0,14,2,0,0,0,0,0,0,0,0,0,0,0,0,0,157,1,0
/Users/kaiohs/Downloads/codes/lab02-experimentacao-software/data/repos/NationalSecurityAgency__ghidra/Ghidra/Framework/Emulation/src/main/java/ghidra/pcode/emu/jit/gen/op/FloatFloorOpGen.java,ghidra.pcode.emu.jit.gen.op.FloatFloorOpGen,enum,8,8,0,8,2,1,0,4,1,0.0,0.0,0.0,2,0,2,0,0,0,2,0,0,0,0,0,0,0,0,0,0,0,0,8,2,0,0,0,0,1,0,0,0,0,0,0,0,0,36,1,0
/Users/kaiohs/Downloads/codes/lab02-experimentacao-software/data/repos/NationalSecurityAgency__ghidra/Ghidra/Framework/SoftwareModeling/src/test/java/ghidra/app/plugin/assembler/sleigh/x64AssemblyTest.java,ghidra.app.plugin.assembler.sleigh.x64AssemblyTest,class,8,8,0,8,53,3,0,27,1081,0.0,0.0,0.0,47,0,46,0,1,0,47,0,0,0,0,0,0,0,0,0,0,0,0,177,1,1,0,3,0,112,6,5,1,5,2,0,0,0,114,1,3
/Users/kaiohs/Downloads/codes/lab02-experimentacao-software/data/repos/NationalSecurityAgency__ghidra/Ghidra/Framework/Emulation/src/main/java/ghidra/pcode/emu/jit/gen/op/IntLessOpGen.java,ghidra.pcode.emu.jit.gen.op.IntLessOpGen,enum,11,11,0,11,3,1,0,2,3,0.0,0.0,0.0,3,0,3,0,0,0,3,0,0,0,0,0,0,0,0,0,0,0,0,11,3,0,0,0,0,0,0,0,0,0,0,0,0,0,39,1,0
/Users/kaiohs/Downloads/codes/lab02-experimentacao-software/data/repos/NationalSecurityAgency__ghidra/Ghidra/Framework/Emulation/src/main/java/generic/Span.java,generic.Span$DefaultSpanMap,innerclass,10,10,0,10,32,3,0,40,25,0.6491228,0.0,0.0,19,0,18,0,1,0,19,0,0,0,3,0,0,3,0,0,3,0,6,127,22,1,6,0,1,3,0,11,1,14,1,0,1,4,120,1,0
/Users/kaiohs/Downloads/codes/lab02-experimentacao-software/data/repos/NationalSecurityAgency__ghidra/Ghidra/Framework/Emulation/src/main/java/ghidra/pcode/opbehavior/OpBehaviorFloatRound.java,ghidra.pcode.opbehavior.OpBehaviorFloatRound,class,2,3,1,2,3,3,0,2,3,0.0,0.0,0.0,3,0,3,0,0,0,3,0,0,0,0,0,0,0,0,0,0,0,0,13,2,0,0,0,0,0,0,2,0,2,0,0,0,0,12,1,0
/Users/kaiohs/Downloads/codes/lab02-experimentacao-software/data/repos/NationalSecurityAgency__ghidra/Ghidra/Framework/SoftwareModeling/src/test/java/ghidra/util/charset/CharsetInfoManagerTest.java,ghidra.util.charset.CharsetInfoManagerTest,class,8,9,1,8,26,2,0,52,10,0.0,0.0,0.0,5,0,2,3,0,0,2,0,0,0,0,0,0,0,0,0,0,0,11,90,4,4,9,2,0,8,7,28,1,26,3,0,0,0,119,1,3
/Users/kaiohs/Downloads/codes/lab02-experimentacao-software/data/repos/NationalSecurityAgency__ghidra/Ghidra/Framework/SoftwareModeling/src/test/java/ghidra/app/plugin/assembler/sleigh/AssemblyTestCase.java,ghidra.app.plugin.assembler.sleigh.AssemblyTestCase$DisassemblyMismatchException,innerclass,0,0,0,0,1,4,0,0,0,0.0,NaN,NaN,1,0,0,0,0,1,1,0,0,0,0,0,0,0,0,0,0,0,0,5,0,0,0,0,0,0,0,0,0,0,0,0,0,0,35,12,0
/Users/kaiohs/Downloads/codes/lab02-experimentacao-software/data/repos/NationalSecurityAgency__ghidra/Ghidra/Framework/Emulation/src/main/java/ghidra/pcode/emu/jit/JitThreadBytesPcodeExecutorState.java,ghidra.pcode.emu.jit.JitThreadBytesPcodeExecutorState,class,6,9,3,6,5,2,0,6,6,0.0,0.0,0.0,4,0,4,0,0,0,4,0,0,0,0,0,0,0,0,0,0,0,0,17,4,0,0,0,0,0,0,0,0,0,1,0,0,0,40,1,0
/Users/kaiohs/Downloads/codes/lab02-experimentacao-software/data/repos/NationalSecurityAgency__ghidra/Ghidra/Framework/Emulation/src/test/java/ghidra/pcode/opbehavior/OpBehaviorFloatDivTest.java,ghidra.pcode.opbehavior.OpBehaviorFloatDivTest,class,4,4,0,4,3,3,0,12,3,0.0,0.0,0.0,3,0,3,0,0,0,3,0,0,0,0,0,0,0,0,0,0,0,0,39,0,0,0,0,0,0,29,22,0,10,0,0,0,0,20,1,0
/Users/kaiohs/Downloads/codes/lab02-experimentacao-software/data/repos/NationalSecurityAgency__ghidra/Ghidra/Framework/Emulation/src/main/java/generic/Span.java,generic.Span,interface,9,23,14,9,21,2,0,14,91,0.0,0.0,0.0,14,0,0,0,0,14,14,0,0,0,0,0,0,0,0,0,0,0,0,445,16,0,2,0,0,6,8,2,0,1,2,0,9,0,122,1,0
/Users/kaiohs/Downloads/codes/lab02-experimentacao-software/data/repos/NationalSecurityAgency__ghidra/Ghidra/Framework/SoftwareModeling/src/main/java/ghidra/app/plugin/assembler/sleigh/sem/AssemblyPatternBlock.java,ghidra.app.plugin.assembler.sleigh.sem.AssemblyPatternBlock,class,13,33,20,13,140,1,0,57,0,0.5644444,0.0,0.0,45,10,41,0,3,1,45,0,0,0,5,2,0,3,2,0,5,0,46,586,68,44,22,2,25,5,188,237,108,147,3,1,0,1,414,1,0
/Users/kaiohs/Downloads/codes/lab02-experimentacao-software/data/repos/NationalSecurityAgency__ghidra/Ghidra/Test/IntegrationTest/src/test.slow/java/ghidra/framework/plugintool/testplugins/MissingDepPluginA.java,ghidra.framework.plugintool.testplugins.MissingDepPluginA,class,5,6,1,5,1,2,0,0,0,0.0,NaN,NaN,1,0,1,0,0,0,1,0,0,0,0,0,0,0,0,0,0,0,0,5,0,0,0,0,0,3,0,0,0,0,0,0,0,0,11,1,0
/Users/kaiohs/Downloads/codes/lab02-experimentacao-software/data/repos/NationalSecurityAgency__ghidra/Ghidra/Test/IntegrationTest/src/test.slow/java/ghidra/framework/main/SharedProjectUtil.java,ghidra.framework.main.SharedProjectUtil$UtilProjectListener,innerclass,2,2,0,2,3,1,0,4,1,0.33333334,0.0,0.0,3,0,2,0,0,1,3,0,0,0,1,0,0,1,0,0,0,0,0,13,1,0,0,0,0,2,0,1,2,1,0,0,0,0,11,10,0
/Users/kaiohs/Downloads/codes/lab02-experimentacao-software/data/repos/NationalSecurityAgency__ghidra/Ghidra/Test/IntegrationTest/src/test.slow/java/ghidra/framework/plugintool/testplugins/MissingDepPluginB.java,ghidra.framework.plugintool.testplugins.MissingDepPluginB,class,5,6,1,5,1,2,0,0,0,0.0,NaN,NaN,1,0,1,0,0,0,1,0,0,0,0,0,0,0,0,0,0,0,0,5,0,0,0,0,0,3,0,0,0,0,0,0,0,0,11,1,0
/Users/kaiohs/Downloads/codes/lab02-experimentacao-software/data/repos/NationalSecurityAgency__ghidra/GhidraDocs/GhidraClass/Debugger/ghidra_scripts/CustomLibraryScript.java,CustomLibraryScript,class,3,3,0,3,2,2,0,5,0,0.0,NaN,NaN,1,0,0,0,1,0,1,0,0,0,0,0,0,0,0,0,0,0,0,16,0,1,0,0,0,0,1,2,0,2,1,1,0,0,11,1,0
/Users/kaiohs/Downloads/codes/lab02-experimentacao-software/data/repos/NationalSecurityAgency__ghidra/Ghidra/Framework/SoftwareModeling/src/test/java/ghidra/sleigh/grammar/FileSearcher.java,ghidra.sleigh.grammar.FileSearcher,class,2,3,1,2,14,3,0,10,3,0.0,0.0,0.0,3,3,2,1,0,0,2,0,2,0,0,0,0,0,0,0,0,0,3,49,1,2,3,0,2,5,1,4,1,4,4,0,1,0,81,1,0
/Users/kaiohs/Downloads/codes/lab02-experimentacao-software/data/repos/NationalSecurityAgency__ghidra/Ghidra/Framework/SoftwareModeling/src/test/java/ghidra/sleigh/grammar/BooleanExpressionDefTest.java,ghidra.sleigh.grammar.BooleanExpressionDefTest,class,9,10,1,9,5,2,0,3,0,0.3,0.0,0.0,5,0,4,1,0,0,4,0,0,0,2,0,0,0,0,2,0,0,0,43,0,0,0,0,0,3,0,6,0,5,0,1,0,0,40,1,0
/Users/kaiohs/Downloads/codes/lab02-experimentacao-software/data/repos/NationalSecurityAgency__ghidra/Ghidra/Test/IntegrationTest/src/test.slow/java/ghidra/app/plugin/core/processors/SetLanguageTest.java,ghidra.app.plugin.core.processors.SetLanguageTest,class,37,38,1,37,16,2,0,73,21,0.74285704,0.0,0.0,10,0,7,3,0,0,7,0,0,0,7,0,0,7,0,0,0,0,3,200,2,0,2,5,3,63,28,53,0,46,1,0,0,2,144,1,0
/Users/kaiohs/Downloads/codes/lab02-experimentacao-software/data/repos/NationalSecurityAgency__ghidra/Ghidra/Framework/SoftwareModeling/src/test/java/ghidra/program/model/symbol/StubSymbol.java,ghidra.program.model.symbol.StubSymbol,class,7,9,2,7,37,1,0,12,361,0.8666667,0.0,0.0,30,0,29,1,0,0,29,0,0,0,5,1,0,5,0,0,0,0,0,121,26,0,7,0,0,0,1,15,0,9,1,0,0,0,55,1,0
/Users/kaiohs/Downloads/codes/lab02-experimentacao-software/data/repos/NationalSecurityAgency__ghidra/Ghidra/Test/IntegrationTest/src/test.slow/java/ghidra/server/RepositoryFileSystemTest.java,ghidra.server.RepositoryFileSystemTest$MyFileSystemListener,innerclass,2,2,0,2,10,1,0,1,45,0.0,0.0,0.0,10,0,10,0,0,0,10,0,0,0,0,0,0,0,0,0,0,0,0,31,0,0,0,0,0,9,0,0,0,0,0,0,0,0,20,0,0
/Users/kaiohs/Downloads/codes/lab02-experimentacao-software/data/repos/NationalSecurityAgency__ghidra/GhidraBuild/MarkdownSupport/src/main/java/ghidra/markdown/MarkdownToHtml.java,ghidra.markdown.MarkdownToHtml$TableAttributeProvider,innerclass,7,7,0,7,4,1,0,1,1,0.0,0.0,0.0,2,0,2,0,0,0,2,0,0,0,0,0,0,0,0,0,0,0,0,10,1,0,0,0,0,2,0,0,0,0,1,0,0,0,26,10,0
/Users/kaiohs/Downloads/codes/lab02-experimentacao-software/data/repos/NationalSecurityAgency__ghidra/GhidraBuild/EclipsePlugins/GhidraDev/GhidraDevPlugin/src/main/java/ghidradev/ghidraprojectcreator/commands/AboutCommand.java,ghidradev.ghidraprojectcreator.commands.AboutCommand,class,4,4,0,4,1,2,0,8,0,0.0,NaN,NaN,1,0,1,0,0,0,1,0,0,0,0,0,0,0,0,0,0,0,1,10,1,0,0,0,0,4,0,2,1,2,0,0,0,0,28,1,0
/Users/kaiohs/Downloads/codes/lab02-experimentacao-software/data/repos/NationalSecurityAgency__ghidra/Ghidra/Framework/Emulation/src/main/java/ghidra/pcode/exec/AnnotatedPcodeUseropLibrary.java,ghidra.pcode.exec.AnnotatedPcodeUseropDefinition,class,8,16,8,8,4,1,0,2,3,0.0,0.0,0.0,3,3,0,0,3,0,3,0,0,0,0,0,0,0,0,0,0,0,0,13,3,0,0,0,0,1,0,0,0,0,1,0,0,0,27,1036,0
/Users/kaiohs/Downloads/codes/lab02-experimentacao-software/data/repos/NationalSecurityAgency__ghidra/Ghidra/Test/IntegrationTest/src/screen/java/help/screenshot/FunctionPluginScreenShots.java,help.screenshot.FunctionPluginScreenShots$Anonymous2,anonymous,0,0,0,0,1,1,0,1,0,0.0,NaN,NaN,1,0,1,0,0,0,1,0,0,0,0,0,0,0,0,0,0,0,0,5,0,0,0,0,0,0,0,0,0,0,0,0,0,0,2,-1,0
/Users/kaiohs/Downloads/codes/lab02-experimentacao-software/data/repos/NationalSecurityAgency__ghidra/Ghidra/Framework/SoftwareModeling/src/test/java/ghidra/app/plugin/assembler/sleigh/sem/AssemblyPatternBlockTest.java,ghidra.app.plugin.assembler.sleigh.sem.AssemblyPatternBlockTest,class,3,3,0,3,1,1,0,2,0,0.0,NaN,NaN,1,0,1,0,0,0,1,0,0,0,0,0,0,0,0,0,0,0,2,6,0,0,0,0,0,0,18,0,0,0,0,0,0,0,12,1,0
/Users/kaiohs/Downloads/codes/lab02-experimentacao-software/data/repos/NationalSecurityAgency__ghidra/Ghidra/Test/IntegrationTest/src/screen/java/help/screenshot/FunctionPluginScreenShots.java,help.screenshot.FunctionPluginScreenShots$Anonymous1,anonymous,0,0,0,0,1,1,0,1,0,0.0,NaN,NaN,1,0,1,0,0,0,1,0,0,0,0,0,0,0,0,0,0,0,0,5,0,0,0,0,0,0,0,0,0,0,0,0,0,0,2,-1,0
/Users/kaiohs/Downloads/codes/lab02-experimentacao-software/data/repos/NationalSecurityAgency__ghidra/GPL/DMG/src/dmg/java/mobiledevices/dmg/decmpfs/DecmpfsConstants.java,mobiledevices.dmg.decmpfs.DecmpfsConstants,class,1,1,0,1,0,1,0,0,0,NaN,-1.0,-1.0,0,0,0,0,0,0,0,0,0,0,3,3,3,0,0,0,3,0,0,5,0,0,0,0,0,0,1,3,0,3,0,0,0,0,19,17,0
/Users/kaiohs/Downloads/codes/lab02-experimentacao-software/data/repos/NationalSecurityAgency__ghidra/GPL/DMG/src/dmg/java/mobiledevices/dmg/btree/BTreeUserDataRecord.java,mobiledevices.dmg.btree.BTreeUserDataRecord,class,2,3,1,2,2,1,0,1,0,0.0,0.0,0.0,2,0,1,0,0,1,2,0,0,0,1,0,0,1,0,0,0,0,0,9,1,0,0,0,0,0,1,1,0,1,0,0,0,0,22,1,0
/Users/kaiohs/Downloads/codes/lab02-experimentacao-software/data/repos/NationalSecurityAgency__ghidra/Ghidra/Test/IntegrationTest/src/screen/java/help/screenshot/ProgramGraphPluginScreenShots.java,help.screenshot.ProgramGraphPluginScreenShots,class,5,6,1,5,6,2,0,17,13,0.7916666,0.0,0.0,6,0,5,1,0,0,5,0,0,0,4,3,0,4,0,0,3,0,0,80,0,0,0,0,1,15,70,23,16,23,0,0,0,0,79,1,0
/Users/kaiohs/Downloads/codes/lab02-experimentacao-software/data/repos/NationalSecurityAgency__ghidra/Ghidra/Framework/Emulation/src/main/java/ghidra/pcode/opbehavior/OpBehaviorIntRem.java,ghidra.pcode.opbehavior.OpBehaviorIntRem,class,2,3,1,2,5,3,0,3,3,0.0,0.0,0.0,3,0,3,0,0,0,3,0,0,0,0,0,0,0,0,0,0,0,1,18,2,0,2,0,0,2,2,1,0,1,1,0,0,0,13,1,0
/Users/kaiohs/Downloads/codes/lab02-experimentacao-software/data/repos/NationalSecurityAgency__ghidra/GhidraBuild/EclipsePlugins/GhidraDev/GhidraDevPlugin/src/main/java/ghidradev/ghidrasymbollookup/preferences/GhidraSymbolLookupPreferenceInitializer.java,ghidradev.ghidrasymbollookup.preferences.GhidraSymbolLookupPreferenceInitializer,class,3,3,0,3,1,2,0,3,0,0.0,NaN,NaN,1,0,1,0,0,0,1,0,0,0,0,0,0,0,0,0,0,0,1,8,0,0,0,0,0,2,0,1,0,1,0,0,0,0,16,1,0
/Users/kaiohs/Downloads/codes/lab02-experimentacao-software/data/repos/NationalSecurityAgency__ghidra/Ghidra/Framework/Emulation/src/main/java/ghidra/pcode/emu/jit/var/JitIndirectMemoryVar.java,ghidra.pcode.emu.jit.var.JitIndirectMemoryVar,enum,3,5,2,3,6,1,0,1,15,0.0,0.0,0.0,6,0,6,0,0,0,6,0,0,0,0,0,0,0,0,0,0,0,1,20,4,0,0,0,0,0,2,0,0,0,0,0,0,0,72,1,0
/Users/kaiohs/Downloads/codes/lab02-experimentacao-software/data/repos/NationalSecurityAgency__ghidra/Ghidra/Framework/SoftwareModeling/src/test/java/ghidra/pcode/floatformat/BigFloatTest.java,ghidra.pcode.floatformat.BigFloatTest,class,8,9,1,8,47,2,0,59,390,0.9310345,0.0,0.0,29,0,29,0,0,0,31,0,0,0,6,6,0,0,0,6,6,0,36,235,0,12,0,0,0,20,72,46,22,87,3,0,4,28,65,1,0
/Users/kaiohs/Downloads/codes/lab02-experimentacao-software/data/repos/NationalSecurityAgency__ghidra/Ghidra/Test/DebuggerIntegrationTest/src/test/java/ghidra/debug/flatapi/FlatDebuggerRmiAPITest.java,ghidra.debug.flatapi.FlatDebuggerRmiAPITest$TestFlatRmiAPI,innerclass,2,2,0,2,0,2,0,0,0,0.0,-1.0,-1.0,0,0,0,0,0,0,0,0,0,0,0,0,0,0,0,0,0,0,0,2,0,0,0,0,0,0,0,0,0,0,0,0,0,0,7,4,0
/Users/kaiohs/Downloads/codes/lab02-experimentacao-software/data/repos/NationalSecurityAgency__ghidra/Ghidra/Test/IntegrationTest/src/screen/java/help/screenshot/DefinedStringsPluginScreenShots.java,help.screenshot.DefinedStringsPluginScreenShots,class,6,6,0,6,3,2,0,19,3,0.0,0.0,0.0,3,0,3,0,0,0,3,0,0,0,0,0,0,0,0,0,0,0,1,36,0,0,0,0,0,16,16,9,0,8,1,0,0,2,59,1,0
/Users/kaiohs/Downloads/codes/lab02-experimentacao-software/data/repos/NationalSecurityAgency__ghidra/Ghidra/Framework/Emulation/src/main/java/ghidra/pcode/opbehavior/OpBehaviorIntAdd.java,ghidra.pcode.opbehavior.OpBehaviorIntAdd,class,1,2,1,1,3,3,0,2,3,0.0,0.0,0.0,3,0,3,0,0,0,3,0,0,0,0,0,0,0,0,0,0,0,0,13,2,0,0,0,1,0,0,2,1,2,0,0,0,0,12,1,0
/Users/kaiohs/Downloads/codes/lab02-experimentacao-software/data/repos/NationalSecurityAgency__ghidra/Ghidra/Framework/SoftwareModeling/src/test/java/ghidra/program/model/pcode/VarnodeTest.java,ghidra.program.model.pcode.VarnodeTest,class,6,7,1,6,9,2,0,7,10,0.8000001,0.0,0.0,5,2,3,2,0,0,3,0,0,0,8,8,0,8,0,0,0,0,78,35,2,4,0,0,0,9,162,12,13,12,1,0,0,0,36,1,0
/Users/kaiohs/Downloads/codes/lab02-experimentacao-software/data/repos/NationalSecurityAgency__ghidra/Ghidra/Framework/SoftwareModeling/src/main/java/ghidra/app/util/PseudoCodeUnit.java,ghidra.app.util.PseudoCodeUnit,class,23,30,7,23,121,1,2,48,1237,0.8880597,0.0,0.0,67,0,60,2,1,4,65,1,1,2,12,2,0,1,11,0,2,0,6,361,61,3,30,3,1,7,24,35,7,31,2,0,0,0,261,1024,0
/Users/kaiohs/Downloads/codes/lab02-experimentacao-software/data/repos/NationalSecurityAgency__ghidra/Ghidra/Framework/SoftwareModeling/src/test/java/ghidra/program/model/symbol/StubNamespace.java,ghidra.program.model.symbol.StubNamespace,class,4,4,0,4,11,1,0,1,20,0.61111116,0.0,0.0,9,0,9,0,0,0,9,0,0,0,2,0,0,2,0,0,0,0,0,34,8,0,1,0,0,0,1,2,1,2,1,0,0,0,25,1,0
/Users/kaiohs/Downloads/codes/lab02-experimentacao-software/data/repos/NationalSecurityAgency__ghidra/Ghidra/Test/IntegrationTest/src/screen/java/help/screenshot/FunctionTagPluginScreenShots.java,help.screenshot.FunctionTagPluginScreenShots,class,14,15,1,14,12,2,0,33,28,0.0,0.0,0.0,8,0,5,3,0,0,5,0,0,0,0,0,0,0,0,0,0,0,0,87,1,2,0,0,0,9,11,28,1,27,2,0,0,1,112,1,0
/Users/kaiohs/Downloads/codes/lab02-experimentacao-software/data/repos/NationalSecurityAgency__ghidra/Ghidra/Test/IntegrationTest/src/screen/java/help/screenshot/NavigationScreenShots.java,help.screenshot.NavigationScreenShots,class,16,17,1,16,13,2,0,35,45,0.0,0.0,0.0,10,0,5,5,0,0,5,0,0,0,0,0,0,0,0,0,0,0,2,121,2,2,0,0,0,46,20,20,0,14,3,0,0,3,81,1,0
/Users/kaiohs/Downloads/codes/lab02-experimentacao-software/data/repos/NationalSecurityAgency__ghidra/Ghidra/Framework/SoftwareModeling/src/test/java/ghidra/program/database/data/UnionDBTest.java,ghidra.program.database.data.UnionDBTest,class,26,27,1,26,64,2,0,50,0,0.60683763,0.0,0.0,39,0,33,6,0,0,33,0,0,0,3,0,0,3,0,0,0,0,13,440,5,2,1,22,0,249,113,72,14,54,1,0,0,0,153,1,0
/Users/kaiohs/Downloads/codes/lab02-experimentacao-software/data/repos/NationalSecurityAgency__ghidra/Ghidra/Test/DebuggerIntegrationTest/src/test.slow/java/agent/dbgeng/rmi/AbstractDbgEngTraceRmiTest.java,agent.dbgeng.rmi.AbstractDbgEngTraceRmiTest$Anonymous1,anonymous,1,1,0,1,1,1,0,1,0,0.0,NaN,NaN,1,0,0,0,1,0,1,0,0,0,0,0,0,0,0,0,0,0,0,5,1,0,0,0,0,0,0,0,0,0,0,0,0,0,4,-1,0
/Users/kaiohs/Downloads/codes/lab02-experimentacao-software/data/repos/NationalSecurityAgency__ghidra/Ghidra/Framework/Emulation/src/main/java/ghidra/pcode/pcoderaw/PcodeOpRaw.java,ghidra.pcode.pcoderaw.PcodeOpRaw,class,4,9,5,4,3,2,0,6,1,0.33333334,0.0,0.0,3,0,3,0,0,0,3,0,0,0,1,0,0,1,0,0,0,0,1,13,2,0,0,0,0,0,0,1,0,1,0,0,0,0,9,1,0
/Users/kaiohs/Downloads/codes/lab02-experimentacao-software/data/repos/NationalSecurityAgency__ghidra/Ghidra/Framework/Pty/src/main/java/ghidra/pty/unix/UnixPtyParent.java,ghidra.pty.unix.UnixPtyParent,class,3,5,2,3,1,2,0,0,0,0.0,NaN,NaN,1,0,0,0,0,1,1,0,0,0,0,0,0,0,0,0,0,0,0,5,0,0,0,0,0,0,0,0,0,0,0,0,0,0,6,1,0
/Users/kaiohs/Downloads/codes/lab02-experimentacao-software/data/repos/NationalSecurityAgency__ghidra/Ghidra/Framework/Emulation/src/main/java/ghidra/pcode/emu/jit/gen/util/Types.java,ghidra.pcode.emu.jit.gen.util.TLong,enum,2,36,34,2,3,1,0,0,3,0.0,0.0,0.0,3,0,3,0,0,0,3,0,0,0,0,0,0,0,0,0,0,0,0,11,3,0,0,0,0,0,0,0,0,0,0,0,0,0,15,1,0
/Users/kaiohs/Downloads/codes/lab02-experimentacao-software/data/repos/NationalSecurityAgency__ghidra/Ghidra/Framework/Emulation/src/main/java/ghidra/pcode/exec/AbstractLongOffsetPcodeExecutorStatePiece.java,ghidra.pcode.exec.AbstractLongOffsetPcodeExecutorStatePiece,class,12,15,3,12,40,1,0,40,122,0.74399996,0.0,0.0,25,1,14,0,11,0,25,4,0,0,5,0,0,0,5,0,5,0,3,140,19,2,4,0,0,6,1,23,2,18,2,0,0,0,170,1025,1
/Users/kaiohs/Downloads/codes/lab02-experimentacao-software/data/repos/NationalSecurityAgency__ghidra/GhidraBuild/EclipsePlugins/GhidraDev/GhidraDevPlugin/src/main/java/ghidradev/ghidraprojectcreator/preferences/GhidraProjectCreatorPreferenceInitializer.java,ghidradev.ghidraprojectcreator.preferences.GhidraProjectCreatorPreferenceInitializer,class,4,4,0,4,4,2,0,14,0,0.0,NaN,NaN,1,0,1,0,0,0,1,0,0,0,0,0,0,0,0,0,0,0,5,20,0,0,1,0,0,3,0,3,0,3,3,0,0,0,22,1,0
/Users/kaiohs/Downloads/codes/lab02-experimentacao-software/data/repos/NationalSecurityAgency__ghidra/Ghidra/Test/IntegrationTest/src/screen/java/help/screenshot/LanguageProviderPluginScreenShots.java,help.screenshot.LanguageProviderPluginScreenShots$Anonymous2,anonymous,0,0,0,0,1,1,0,3,0,0.0,NaN,NaN,1,0,1,0,0,0,1,0,0,0,0,0,0,0,0,0,0,0,0,7,0,0,0,0,0,2,0,1,0,1,0,0,0,0,8,-1,0
/Users/kaiohs/Downloads/codes/lab02-experimentacao-software/data/repos/NationalSecurityAgency__ghidra/Ghidra/Test/IntegrationTest/src/screen/java/help/screenshot/LanguageProviderPluginScreenShots.java,help.screenshot.LanguageProviderPluginScreenShots$Anonymous1,anonymous,0,0,0,0,1,1,0,1,0,0.0,NaN,NaN,1,0,1,0,0,0,1,0,0,0,0,0,0,0,0,0,0,0,0,5,0,0,0,0,0,1,0,0,0,0,0,0,0,0,1,-1,0
/Users/kaiohs/Downloads/codes/lab02-experimentacao-software/data/repos/NationalSecurityAgency__ghidra/Ghidra/Framework/Emulation/src/main/java/ghidra/pcode/exec/AbstractSleighPcodeUseropDefinition.java,ghidra.pcode.exec.AbstractSleighPcodeUseropDefinition,class,9,11,2,9,9,1,0,5,34,0.8888889,0.0,0.0,9,0,8,0,1,0,9,0,0,0,3,0,0,0,3,0,3,0,0,74,7,0,0,0,0,0,1,5,1,5,0,0,1,0,83,1025,0
/Users/kaiohs/Downloads/codes/lab02-experimentacao-software/data/repos/NationalSecurityAgency__ghidra/Ghidra/Framework/SoftwareModeling/src/main/java/ghidra/app/plugin/assembler/sleigh/sem/AbstractAssemblyResolutionFactory.java,ghidra.app.plugin.assembler.sleigh.sem.AbstractAssemblyResolutionFactory$AbstractAssemblyResolvedPatternsBuilder,innerclass,8,8,0,8,1,2,0,1,0,0.0,NaN,NaN,1,0,1,0,0,0,1,0,0,0,5,0,0,0,5,0,0,0,0,15,0,0,0,0,0,0,0,5,0,5,0,0,0,0,15,1033,0
/Users/kaiohs/Downloads/codes/lab02-experimentacao-software/data/repos/NationalSecurityAgency__ghidra/Ghidra/Framework/SoftwareModeling/src/test/java/ghidra/program/model/FunctionTestDouble.java,ghidra.program.model.FunctionTestDouble,class,21,23,2,21,83,1,0,4,2981,0.9050633,0.0,0.0,79,0,79,0,0,0,79,0,0,0,2,0,0,2,0,0,0,0,0,255,11,0,4,0,0,0,0,3,0,2,1,0,0,0,112,1,0
/Users/kaiohs/Downloads/codes/lab02-experimentacao-software/data/repos/NationalSecurityAgency__ghidra/Ghidra/Test/IntegrationTest/src/screen/java/help/screenshot/LanguageProviderPluginScreenShots.java,help.screenshot.LanguageProviderPluginScreenShots$Anonymous3,anonymous,0,0,0,0,1,1,0,3,0,0.0,NaN,NaN,1,0,1,0,0,0,1,0,0,0,0,0,0,0,0,0,0,0,0,5,0,0,0,0,0,5,0,0,2,0,0,0,0,0,4,-1,0
/Users/kaiohs/Downloads/codes/lab02-experimentacao-software/data/repos/NationalSecurityAgency__ghidra/Ghidra/Framework/Emulation/src/main/java/ghidra/pcode/emu/jit/gen/util/Op.java,ghidra.pcode.emu.jit.gen.util.Op,interface,39,61,22,39,172,1,0,30,14706,0.0,0.0,0.0,172,172,0,0,0,172,172,0,0,0,0,0,0,0,0,0,0,0,0,706,170,0,0,0,0,2,1,18,2,19,0,0,0,1,471,1,0
/Users/kaiohs/Downloads/codes/lab02-experimentacao-software/data/repos/NationalSecurityAgency__ghidra/GhidraBuild/BuildFiles/Doclets/src/main/java/ghidra/doclets/typestubs/PythonTypeStubMethod.java,ghidra.doclets.typestubs.PythonTypeStubMethod$PropertyMethod,innerclass,4,4,0,4,14,1,0,14,10,0.0,0.0,0.0,5,0,0,0,0,5,5,0,0,0,0,0,0,0,0,0,0,0,1,38,9,0,2,1,0,0,1,2,0,1,1,0,0,0,45,0,0
/Users/kaiohs/Downloads/codes/lab02-experimentacao-software/data/repos/NationalSecurityAgency__ghidra/Ghidra/Test/DebuggerIntegrationTest/src/test.slow/java/agent/drgn/rmi/AbstractDrgnTraceRmiTest.java,agent.drgn.rmi.AbstractDrgnTraceRmiTest$Anonymous1,anonymous,1,1,0,1,1,1,0,1,0,0.0,NaN,NaN,1,0,0,0,1,0,1,0,0,0,0,0,0,0,0,0,0,0,0,5,1,0,0,0,0,0,0,0,0,0,0,0,0,0,4,-1,0
/Users/kaiohs/Downloads/codes/lab02-experimentacao-software/data/repos/NationalSecurityAgency__ghidra/Ghidra/Framework/Emulation/src/main/java/ghidra/pcode/emu/stdoplib/TrigPcodeUseropLibraryFactory.java,ghidra.pcode.emu.stdoplib.TrigPcodeUseropLibraryFactory$TrigPcodeUseropLibrary,innerclass,4,4,0,4,2,3,0,1,1,1.0,0.0,0.0,2,0,2,0,0,0,2,0,0,0,1,1,1,0,0,0,1,0,2,9,2,0,0,0,0,0,0,1,0,1,0,0,0,0,11,9,0
/Users/kaiohs/Downloads/codes/lab02-experimentacao-software/data/repos/NationalSecurityAgency__ghidra/Ghidra/Test/IntegrationTest/src/test/java/docking/widgets/formatter/HexIntegerFormatterTest.java,docking.widgets.formatter.HexIntegerFormatterTest,class,4,4,0,4,6,1,0,9,0,0.41666666,0.0,0.0,6,0,6,0,0,0,6,0,0,0,2,0,0,2,0,0,0,0,4,43,0,0,0,0,0,3,4,10,0,10,0,0,0,0,33,1,0
/Users/kaiohs/Downloads/codes/lab02-experimentacao-software/data/repos/NationalSecurityAgency__ghidra/Ghidra/Framework/Emulation/src/main/java/ghidra/pcode/emu/jit/analysis/JitType.java,ghidra.pcode.emu.jit.analysis.JitType,interface,9,22,13,9,32,1,0,8,227,0.9488636,0.0,0.0,22,6,19,0,0,3,24,0,0,0,12,12,12,0,0,0,12,0,7,127,17,0,4,0,0,1,18,16,0,15,1,0,2,0,163,1,0
/Users/kaiohs/Downloads/codes/lab02-experimentacao-software/data/repos/NationalSecurityAgency__ghidra/Ghidra/Framework/SoftwareModeling/src/test/java/ghidra/program/model/ReferenceIteratorTestStub.java,ghidra.program.model.ReferenceIteratorTestStub,class,3,5,2,3,5,1,0,3,0,0.2,0.0,0.0,5,0,5,0,0,0,5,0,0,0,1,0,0,1,0,0,0,0,0,17,3,0,0,0,0,0,0,1,0,1,0,0,0,0,10,1,0
/Users/kaiohs/Downloads/codes/lab02-experimentacao-software/data/repos/NationalSecurityAgency__ghidra/Ghidra/Test/DebuggerIntegrationTest/src/test.slow/java/agent/gdb/rmi/GdbHooksTest.java,agent.gdb.rmi.GdbHooksTest,class,22,23,1,22,35,3,0,60,253,0.65384614,0.0,0.0,26,0,19,0,6,1,27,0,0,0,2,2,0,2,0,0,2,0,2,282,13,0,4,18,1,97,31,61,3,58,2,0,0,36,134,1,0
/Users/kaiohs/Downloads/codes/lab02-experimentacao-software/data/repos/NationalSecurityAgency__ghidra/Ghidra/Framework/SoftwareModeling/src/test.slow/java/ghidra/app/plugin/processors/sleigh/JavaProcessBuilder.java,ghidra.app.plugin.processors.sleigh.JavaProcessBuilder,class,1,3,2,1,22,1,0,27,94,0.859375,0.0,0.0,16,1,15,1,0,0,15,0,0,0,8,1,0,8,0,0,1,0,8,92,13,0,5,0,0,9,0,20,1,17,1,0,0,1,160,0,0
/Users/kaiohs/Downloads/codes/lab02-experimentacao-software/data/repos/NationalSecurityAgency__ghidra/Ghidra/Framework/SoftwareModeling/src/test/java/ghidra/program/model/address/AddressMapImplTest.java,ghidra.program.model.address.AddressMapImplTest,class,12,12,0,12,9,2,0,7,0,0.6181818,0.0,0.0,5,0,5,0,0,0,5,0,0,0,11,0,0,0,0,11,0,0,0,103,0,3,1,0,0,9,103,67,0,27,1,0,0,0,55,1,0
/Users/kaiohs/Downloads/codes/lab02-experimentacao-software/data/repos/NationalSecurityAgency__ghidra/Ghidra/Framework/Emulation/src/main/java/ghidra/pcode/opbehavior/OpBehaviorIntRight.java,ghidra.pcode.opbehavior.OpBehaviorIntRight,class,2,3,1,2,8,3,0,6,3,0.0,0.0,0.0,3,0,3,0,0,0,3,0,0,0,0,0,0,0,0,0,0,0,1,21,4,0,0,0,2,1,7,1,3,1,1,0,0,0,18,1,0
/Users/kaiohs/Downloads/codes/lab02-experimentacao-software/data/repos/NationalSecurityAgency__ghidra/Ghidra/Framework/Emulation/src/main/java/ghidra/pcode/emu/jit/decode/DecoderUseropLibrary.java,ghidra.pcode.emu.jit.decode.DecoderUseropLibrary$WrappedUseropDefinition,innerclass,6,6,0,6,13,1,0,10,0,0.083333336,0.0,0.0,12,0,12,0,0,0,12,0,0,0,1,0,0,1,0,0,1,0,0,45,9,0,0,0,0,3,0,3,0,3,1,0,0,0,78,4,0
/Users/kaiohs/Downloads/codes/lab02-experimentacao-software/data/repos/NationalSecurityAgency__ghidra/Ghidra/Framework/Emulation/src/main/java/ghidra/pcode/emu/jit/gen/access/IntAccessGen.java,ghidra.pcode.emu.jit.gen.access.IntAccessGen$Anonymous2,anonymous,13,13,0,13,6,1,0,8,6,0.0,0.0,0.0,4,0,4,0,0,0,4,0,0,0,0,0,0,0,0,0,0,0,0,24,6,0,0,0,0,0,2,4,11,4,1,0,0,0,32,-1,0
/Users/kaiohs/Downloads/codes/lab02-experimentacao-software/data/repos/NationalSecurityAgency__ghidra/Ghidra/Test/IntegrationTest/src/screen/java/help/screenshot/ToolScreenShots.java,help.screenshot.ToolScreenShots$DummyBackgroundCommand,innerclass,3,3,0,3,2,2,0,5,1,0.0,0.0,0.0,2,0,2,0,0,0,2,0,0,0,0,0,0,0,0,0,0,0,0,13,1,0,0,0,0,3,3,0,0,0,0,0,0,0,16,10,0
/Users/kaiohs/Downloads/codes/lab02-experimentacao-software/data/repos/NationalSecurityAgency__ghidra/Ghidra/Framework/Emulation/src/main/java/ghidra/pcode/opbehavior/OpBehaviorFloatDiv.java,ghidra.pcode.opbehavior.OpBehaviorFloatDiv,class,2,3,1,2,3,3,0,2,3,0.0,0.0,0.0,3,0,3,0,0,0,3,0,0,0,0,0,0,0,0,0,0,0,0,13,2,0,0,0,0,0,0,2,0,2,0,0,0,0,12,1,0
/Users/kaiohs/Downloads/codes/lab02-experimentacao-software/data/repos/NationalSecurityAgency__ghidra/Ghidra/Framework/Emulation/src/main/java/ghidra/pcode/emu/jit/gen/access/IntAccessGen.java,ghidra.pcode.emu.jit.gen.access.IntAccessGen$Anonymous1,anonymous,13,13,0,13,6,1,0,8,6,0.0,0.0,0.0,4,0,4,0,0,0,4,0,0,0,0,0,0,0,0,0,0,0,0,24,6,0,0,0,0,0,2,4,14,4,1,0,0,0,32,-1,0
/Users/kaiohs/Downloads/codes/lab02-experimentacao-software/data/repos/NationalSecurityAgency__ghidra/Ghidra/Framework/SoftwareModeling/src/test/java/ghidra/util/TwoWayBreakdownAddressRangeIteratorTest.java,ghidra.util.TwoWayBreakdownAddressRangeIteratorTest,class,15,16,1,15,31,2,0,39,231,0.95454544,0.0,0.0,22,1,11,0,11,0,22,0,0,0,2,0,0,0,2,0,0,0,68,258,10,4,0,0,0,2,291,108,6,56,2,0,0,0,90,1,0
/Users/kaiohs/Downloads/codes/lab02-experimentacao-software/data/repos/NationalSecurityAgency__ghidra/GhidraBuild/EclipsePlugins/GhidraDev/GhidraDevPlugin/src/main/java/ghidradev/ghidraprojectcreator/wizards/LinkGhidraWizard.java,ghidradev.ghidraprojectcreator.wizards.LinkGhidraWizard,class,13,14,1,13,7,2,0,24,0,0.25,0.0,0.0,4,0,3,1,0,0,3,0,0,0,3,0,0,3,0,0,0,0,7,53,3,0,0,2,1,3,3,9,3,10,1,0,0,1,70,1,0
/Users/kaiohs/Downloads/codes/lab02-experimentacao-software/data/repos/NationalSecurityAgency__ghidra/Ghidra/Test/IntegrationTest/src/test.slow/java/ghidra/framework/main/datatree/ProjectCopyPasteFromRepositoryTest.java,ghidra.framework.main.datatree.ProjectCopyPasteFromRepositoryTest,class,22,23,1,22,18,2,0,64,0,0.53846157,0.0,0.0,13,0,9,4,0,0,9,0,0,0,4,0,0,4,0,0,0,0,4,342,1,0,5,4,0,98,2,100,1,94,2,1,0,14,95,1,0
/Users/kaiohs/Downloads/codes/lab02-experimentacao-software/data/repos/NationalSecurityAgency__ghidra/Ghidra/Framework/Emulation/src/test/java/ghidra/pcode/opbehavior/OpBehaviorIntLeftTest.java,ghidra.pcode.opbehavior.OpBehaviorIntLeftTest,class,3,3,0,3,3,3,0,4,3,0.0,0.0,0.0,3,0,3,0,0,0,3,0,0,0,0,0,0,0,0,0,0,0,0,37,0,0,0,0,0,0,117,2,0,2,0,0,0,0,20,1,0
/Users/kaiohs/Downloads/codes/lab02-experimentacao-software/data/repos/NationalSecurityAgency__ghidra/Ghidra/Framework/Emulation/src/main/java/ghidra/pcode/emu/EmulatorUtilities.java,ghidra.pcode.emu.EmulatorUtilities,enum,25,26,1,25,42,1,0,75,62,0.8958333,0.0,0.0,12,12,12,0,0,0,12,0,0,0,4,4,4,0,0,0,4,0,14,165,17,5,11,1,0,4,22,46,3,44,3,0,0,0,287,1,0
/Users/kaiohs/Downloads/codes/lab02-experimentacao-software/data/repos/NationalSecurityAgency__ghidra/GhidraBuild/BuildFiles/Doclets/src/main/java/ghidra/doclets/json/JsonDoclet.java,ghidra.doclets.json.JsonDoclet,class,20,21,1,20,68,1,0,86,156,0.88,0.0,0.0,20,0,5,15,0,0,5,0,0,0,5,0,0,5,0,0,0,0,4,258,22,6,6,1,7,39,0,37,3,39,5,1,0,5,182,1,0
/Users/kaiohs/Downloads/codes/lab02-experimentacao-software/data/repos/NationalSecurityAgency__ghidra/Ghidra/Framework/SoftwareModeling/src/main/java/ghidra/app/plugin/assembler/sleigh/parse/AssemblyParser.java,ghidra.app.plugin.assembler.sleigh.parse.AssemblyParser$MergeValue,innerclass,1,1,0,1,1,1,0,2,0,0.0,NaN,NaN,1,0,0,0,1,0,1,0,0,0,2,0,0,0,0,2,0,0,0,8,0,0,0,0,0,0,0,2,0,2,0,0,0,0,15,12,0
/Users/kaiohs/Downloads/codes/lab02-experimentacao-software/data/repos/NationalSecurityAgency__ghidra/Ghidra/Test/IntegrationTest/src/test.slow/java/ghidra/pcode/emu/jit/gen/X86JitCodeGeneratorTest.java,ghidra.pcode.emu.jit.gen.X86JitCodeGeneratorTest,class,5,6,1,5,3,4,0,10,3,0.6666667,0.0,0.0,3,0,2,0,1,0,3,0,0,0,1,1,0,0,1,0,1,0,2,20,1,0,0,0,0,5,6,7,0,7,0,0,0,0,38,1,0
/Users/kaiohs/Downloads/codes/lab02-experimentacao-software/data/repos/NationalSecurityAgency__ghidra/Ghidra/Framework/Emulation/src/main/java/generic/Span.java,generic.Span$DefaultSpanMap$Setter,innerclass,7,7,0,7,8,3,0,10,19,0.71428573,0.0,0.0,7,0,1,0,6,0,7,0,0,0,1,0,0,1,0,0,1,0,1,27,5,0,1,0,0,0,0,1,0,1,1,0,0,0,29,2,0
/Users/kaiohs/Downloads/codes/lab02-experimentacao-software/data/repos/NationalSecurityAgency__ghidra/Ghidra/Framework/Emulation/src/main/java/ghidra/pcode/emu/PcodeEmulationCallbacks.java,ghidra.pcode.emu.PcodeEmulationCallbacks$NoPcodeEmulationCallbacks,enum,1,1,0,1,0,1,0,0,0,0.0,-1.0,-1.0,0,0,0,0,0,0,0,0,0,0,0,0,0,0,0,0,0,0,0,2,0,0,0,0,0,0,0,0,0,0,0,0,0,0,20,0,0
/Users/kaiohs/Downloads/codes/lab02-experimentacao-software/data/repos/NationalSecurityAgency__ghidra/Ghidra/Framework/Emulation/src/main/java/ghidra/pcode/emu/jit/gen/tgt/JitCompiledPassage.java,ghidra.pcode.emu.jit.gen.tgt.JitCompiledPassage$MpShiftPrivate,enum,1,1,0,1,21,1,0,1,3,0.0,0.0,0.0,3,3,0,0,0,3,3,0,0,0,0,0,0,0,0,0,0,0,2,60,3,8,5,0,10,0,27,30,37,17,3,0,0,0,14,0,0
/Users/kaiohs/Downloads/codes/lab02-experimentacao-software/data/repos/NationalSecurityAgency__ghidra/GPL/DMG/src/dmg/java/mobiledevices/dmg/zlib/ZLIB.java,mobiledevices.dmg.zlib.ZLIB,class,2,4,2,2,17,1,0,16,15,0.0,0.0,0.0,6,0,5,1,0,0,5,0,0,0,0,0,0,0,0,0,0,0,0,69,5,3,4,1,0,1,14,18,2,15,3,0,0,0,58,1,0
/Users/kaiohs/Downloads/codes/lab02-experimentacao-software/data/repos/NationalSecurityAgency__ghidra/Ghidra/Framework/Emulation/src/main/java/ghidra/pcode/exec/SleighUtils.java,ghidra.pcode.exec.SleighUtils$ParseFunction,interface,2,2,0,2,1,1,0,0,0,0.0,NaN,NaN,1,0,0,0,0,1,1,0,0,0,0,0,0,0,0,0,0,0,0,3,0,0,0,0,0,0,0,0,0,0,0,0,0,0,18,1,0
/Users/kaiohs/Downloads/codes/lab02-experimentacao-software/data/repos/NationalSecurityAgency__ghidra/Ghidra/Framework/Emulation/src/main/java/ghidra/pcode/emu/jit/gen/util/Emitter.java,ghidra.pcode.emu.jit.gen.util.Emitter$Next,interface,1,1,0,1,0,1,0,0,0,NaN,-1.0,-1.0,0,0,0,0,0,0,0,0,0,0,1,0,0,0,0,1,0,0,0,3,0,0,0,0,0,0,0,1,0,1,0,0,0,0,35,1,0
/Users/kaiohs/Downloads/codes/lab02-experimentacao-software/data/repos/NationalSecurityAgency__ghidra/Ghidra/Framework/Emulation/src/main/java/ghidra/pcode/emulate/callother/OpBehaviorOther.java,ghidra.pcode.emulate.callother.OpBehaviorOther,interface,2,4,2,2,1,1,0,0,0,0.0,NaN,NaN,1,0,1,0,0,0,1,0,0,0,0,0,0,0,0,0,0,0,0,3,0,0,0,0,0,1,0,0,0,0,0,0,0,0,63,1,0
/Users/kaiohs/Downloads/codes/lab02-experimentacao-software/data/repos/NationalSecurityAgency__ghidra/Ghidra/Framework/Emulation/src/main/java/ghidra/pcode/emu/jit/gen/op/IntSLessEqualOpGen.java,ghidra.pcode.emu.jit.gen.op.IntSLessEqualOpGen,enum,11,11,0,11,3,1,0,2,3,0.0,0.0,0.0,3,0,3,0,0,0,3,0,0,0,0,0,0,0,0,0,0,0,0,11,3,0,0,0,0,0,0,0,0,0,0,0,0,0,47,1,0
/Users/kaiohs/Downloads/codes/lab02-experimentacao-software/data/repos/NationalSecurityAgency__ghidra/Ghidra/Test/DebuggerIntegrationTest/src/test/java/ghidra/app/plugin/core/debug/gui/breakpoint/MockDecompileResults.java,ghidra.app.plugin.core.debug.gui.breakpoint.MockDecompileResults$Anonymous1,anonymous,2,2,0,2,1,1,0,0,0,0.0,NaN,NaN,1,0,0,0,1,0,1,0,0,0,0,0,0,0,0,0,0,0,0,5,1,0,0,0,0,0,0,0,0,0,0,0,0,0,6,-1,0
/Users/kaiohs/Downloads/codes/lab02-experimentacao-software/data/repos/NationalSecurityAgency__ghidra/Ghidra/Framework/SoftwareModeling/src/main/java/ghidra/app/plugin/assembler/sleigh/sem/AssemblyResolution.java,ghidra.app.plugin.assembler.sleigh.sem.AssemblyResolution,interface,1,22,21,1,12,1,0,0,66,0.0,0.0,0.0,12,0,0,0,0,12,12,0,0,0,0,0,0,0,0,0,0,0,0,14,0,0,0,0,0,0,0,0,0,0,0,0,0,0,90,1,0
/Users/kaiohs/Downloads/codes/lab02-experimentacao-software/data/repos/NationalSecurityAgency__ghidra/Ghidra/Framework/Emulation/src/main/java/ghidra/pcode/emu/jit/decode/DecoderExecutor.java,ghidra.pcode.emu.jit.decode.DecoderExecutor,class,29,32,3,29,46,2,0,50,146,0.8266667,0.0,0.0,25,1,7,3,7,8,22,0,0,0,9,0,0,7,0,2,7,0,0,177,12,2,10,1,0,5,0,26,3,25,2,0,0,3,469,0,1
/Users/kaiohs/Downloads/codes/lab02-experimentacao-software/data/repos/NationalSecurityAgency__ghidra/Ghidra/Framework/Emulation/src/main/java/ghidra/pcode/emu/jit/gen/op/Int2CompOpGen.java,ghidra.pcode.emu.jit.gen.op.Int2CompOpGen,enum,20,20,0,20,9,1,0,25,21,0.0,0.0,0.0,7,3,4,0,0,3,7,0,0,0,0,0,0,0,0,0,0,0,2,41,7,1,1,0,1,2,5,13,4,9,1,0,0,0,175,1,0
/Users/kaiohs/Downloads/codes/lab02-experimentacao-software/data/repos/NationalSecurityAgency__ghidra/Ghidra/Framework/Emulation/src/main/java/ghidra/pcode/emu/jit/gen/op/LzCountOpGen.java,ghidra.pcode.emu.jit.gen.op.LzCountOpGen,enum,19,19,0,19,8,1,0,11,6,0.0,0.0,0.0,4,0,4,0,0,0,4,0,0,0,0,0,0,0,0,0,0,0,0,33,6,1,3,0,1,5,4,10,10,7,1,0,0,0,99,1,0
/Users/kaiohs/Downloads/codes/lab02-experimentacao-software/data/repos/NationalSecurityAgency__ghidra/GhidraBuild/EclipsePlugins/GhidraDev/GhidraDevPlugin/src/main/java/ghidradev/ghidraprojectcreator/launchers/PyGhidraGuiLaunchShortcut.java,ghidradev.ghidraprojectcreator.launchers.PyGhidraGuiLaunchShortcut,class,1,1,0,1,1,2,0,0,0,0.0,NaN,NaN,1,0,1,0,0,0,1,0,0,0,0,0,0,0,0,0,0,0,0,5,0,0,0,0,0,1,0,0,0,0,0,0,0,0,14,1,0
/Users/kaiohs/Downloads/codes/lab02-experimentacao-software/data/repos/NationalSecurityAgency__ghidra/Ghidra/Framework/Emulation/src/main/java/ghidra/pcode/opbehavior/BinaryOpBehavior.java,ghidra.pcode.opbehavior.BinaryOpBehavior,class,1,39,38,1,3,2,35,0,3,0.0,0.0,0.0,3,0,2,0,0,1,3,2,0,0,0,0,0,0,0,0,0,0,0,7,0,0,0,0,0,0,0,0,0,0,0,0,0,0,59,1025,0
/Users/kaiohs/Downloads/codes/lab02-experimentacao-software/data/repos/NationalSecurityAgency__ghidra/GhidraBuild/LaunchSupport/src/main/java/ghidra/launch/JavaFinder.java,ghidra.launch.JavaFinder$Platform,enum,0,0,0,0,0,1,0,0,0,0.0,-1.0,-1.0,0,0,0,0,0,0,0,0,0,0,0,0,0,0,0,0,0,0,0,1,0,0,0,0,0,0,0,0,0,0,0,0,0,0,13,1,0
/Users/kaiohs/Downloads/codes/lab02-experimentacao-software/data/repos/NationalSecurityAgency__ghidra/Ghidra/Framework/SoftwareModeling/src/main/java/ghidra/app/util/PseudoDisassemblerContext.java,ghidra.app.util.PseudoDisassemblerContext,class,6,7,1,6,20,1,0,16,0,0.0,0.0,0.0,18,0,18,0,0,0,18,0,0,0,1,0,0,0,0,1,0,0,0,63,8,0,1,0,0,0,0,1,0,1,1,0,0,0,33,1,0
/Users/kaiohs/Downloads/codes/lab02-experimentacao-software/data/repos/NationalSecurityAgency__ghidra/GhidraBuild/EclipsePlugins/GhidraDev/GhidraDevPlugin/src/main/java/ghidradev/ghidraprojectcreator/wizards/pages/CreateGhidraProjectWizardPage.java,ghidradev.ghidraprojectcreator.wizards.pages.CreateGhidraProjectWizardPage,class,14,19,5,14,34,2,0,44,0,0.64285713,0.0,0.0,8,0,7,1,0,0,7,0,0,0,7,0,0,7,0,0,0,0,4,148,7,0,9,1,1,37,3,32,9,29,3,1,0,6,152,1,0
/Users/kaiohs/Downloads/codes/lab02-experimentacao-software/data/repos/NationalSecurityAgency__ghidra/Ghidra/Framework/Emulation/src/test/java/ghidra/pcode/opbehavior/OpBehaviorFloatFloorTest.java,ghidra.pcode.opbehavior.OpBehaviorFloatFloorTest,class,4,4,0,4,3,3,0,11,3,0.0,0.0,0.0,3,0,3,0,0,0,3,0,0,0,0,0,0,0,0,0,0,0,0,49,0,0,0,0,0,0,44,28,0,8,0,0,0,0,19,1,0
/Users/kaiohs/Downloads/codes/lab02-experimentacao-software/data/repos/NationalSecurityAgency__ghidra/Ghidra/Framework/SoftwareModeling/src/main/java/ghidra/app/plugin/assembler/sleigh/sem/AssemblyConstructorSemantic.java,ghidra.app.plugin.assembler.sleigh.sem.AssemblyConstructorSemantic,class,14,29,15,14,29,1,0,38,78,0.8235294,0.0,0.0,17,1,15,0,2,0,17,0,0,0,8,1,0,0,8,0,7,0,7,146,15,3,4,0,0,6,0,27,4,24,4,1,0,1,288,1,0
/Users/kaiohs/Downloads/codes/lab02-experimentacao-software/data/repos/NationalSecurityAgency__ghidra/GhidraBuild/EclipsePlugins/GhidraDev/GhidraDevPlugin/src/main/java/ghidradev/ghidrascripteditor/preferences/GhidraScriptEditorPreferencePage.java,ghidradev.ghidrascripteditor.preferences.GhidraScriptEditorPreferencePage,class,9,10,1,9,23,2,0,24,9,0.64285713,0.0,0.0,7,0,7,0,0,0,7,0,0,0,6,0,0,6,0,0,0,0,3,85,5,0,8,1,0,4,2,20,0,10,3,0,0,0,101,1,0
/Users/kaiohs/Downloads/codes/lab02-experimentacao-software/data/repos/NationalSecurityAgency__ghidra/Ghidra/Framework/SoftwareModeling/src/main/java/ghidra/app/plugin/assembler/sleigh/parse/AssemblyParseActionGotoTable.java,ghidra.app.plugin.assembler.sleigh.parse.AssemblyParseActionGotoTable$GotoAction,innerclass,1,1,0,1,2,2,0,0,0,0.0,0.0,0.0,2,0,2,0,0,0,2,0,0,0,1,0,0,0,1,0,0,0,0,9,1,0,0,0,0,1,0,1,1,1,0,0,0,0,13,9,0
/Users/kaiohs/Downloads/codes/lab02-experimentacao-software/data/repos/NationalSecurityAgency__ghidra/Ghidra/Framework/Emulation/src/test/java/ghidra/pcode/exec/AnnotatedPcodeUseropLibraryTest.java,ghidra.pcode.exec.AnnotatedPcodeUseropLibraryTest$Anonymous8,anonymous,4,4,0,4,1,1,0,0,0,0.0,-1.0,-1.0,1,0,0,1,0,0,0,0,0,0,1,0,0,0,0,1,0,0,0,6,0,0,0,0,0,0,0,1,0,1,0,0,0,0,3,-1,0
/Users/kaiohs/Downloads/codes/lab02-experimentacao-software/data/repos/NationalSecurityAgency__ghidra/Ghidra/Framework/Emulation/src/test/java/ghidra/pcode/exec/AnnotatedPcodeUseropLibraryTest.java,ghidra.pcode.exec.AnnotatedPcodeUseropLibraryTest$Anonymous9,anonymous,4,4,0,4,1,1,0,0,0,0.0,-1.0,-1.0,1,0,0,1,0,0,0,0,0,0,1,0,0,0,0,1,0,0,0,6,0,0,0,0,0,0,0,1,0,1,0,0,0,0,3,-1,0
/Users/kaiohs/Downloads/codes/lab02-experimentacao-software/data/repos/NationalSecurityAgency__ghidra/Ghidra/Framework/Emulation/src/test/java/ghidra/pcode/exec/AnnotatedPcodeUseropLibraryTest.java,ghidra.pcode.exec.AnnotatedPcodeUseropLibraryTest$Anonymous6,anonymous,2,2,0,2,1,1,0,1,0,0.0,-1.0,-1.0,1,0,0,1,0,0,0,0,0,0,0,0,0,0,0,0,0,0,0,5,1,0,0,0,0,0,2,0,0,0,0,0,0,0,2,-1,0
/Users/kaiohs/Downloads/codes/lab02-experimentacao-software/data/repos/NationalSecurityAgency__ghidra/Ghidra/Framework/Emulation/src/test/java/ghidra/pcode/exec/AnnotatedPcodeUseropLibraryTest.java,ghidra.pcode.exec.AnnotatedPcodeUseropLibraryTest$Anonymous7,anonymous,2,2,0,2,1,1,0,2,0,0.0,-1.0,-1.0,1,0,0,1,0,0,0,0,0,0,0,0,0,0,0,0,0,0,0,7,1,0,0,0,0,0,3,2,2,2,0,0,0,0,5,-1,0
/Users/kaiohs/Downloads/codes/lab02-experimentacao-software/data/repos/NationalSecurityAgency__ghidra/Ghidra/Framework/Emulation/src/test/java/ghidra/pcode/exec/AnnotatedPcodeUseropLibraryTest.java,ghidra.pcode.exec.AnnotatedPcodeUseropLibraryTest$Anonymous4,anonymous,2,2,0,2,1,1,0,0,0,0.0,-1.0,-1.0,1,0,0,1,0,0,0,0,0,0,1,0,0,0,0,1,0,0,0,6,0,0,0,0,0,0,0,1,0,1,0,0,0,0,5,-1,0
/Users/kaiohs/Downloads/codes/lab02-experimentacao-software/data/repos/NationalSecurityAgency__ghidra/Ghidra/Test/IntegrationTest/src/test.slow/java/ghidra/pcode/emu/jit/gen/tgt/JitRuntimeLibraryTest.java,ghidra.pcode.emu.jit.gen.tgt.JitRuntimeLibraryTest,class,5,6,1,5,10,1,0,21,45,0.0,0.0,0.0,10,0,6,0,0,4,10,0,0,0,0,0,0,0,0,0,0,0,18,57,3,0,0,0,0,2,112,7,0,14,0,0,0,9,29,1,0
/Users/kaiohs/Downloads/codes/lab02-experimentacao-software/data/repos/NationalSecurityAgency__ghidra/Ghidra/Framework/Emulation/src/test/java/ghidra/pcode/exec/AnnotatedPcodeUseropLibraryTest.java,ghidra.pcode.exec.AnnotatedPcodeUseropLibraryTest$Anonymous5,anonymous,2,2,0,2,1,1,0,0,0,0.0,-1.0,-1.0,1,0,0,1,0,0,0,0,0,0,1,0,0,0,0,1,0,0,0,6,0,0,0,0,0,0,0,1,0,1,0,0,0,0,5,-1,0
/Users/kaiohs/Downloads/codes/lab02-experimentacao-software/data/repos/NationalSecurityAgency__ghidra/Ghidra/Framework/Emulation/src/test/java/ghidra/pcode/exec/AnnotatedPcodeUseropLibraryTest.java,ghidra.pcode.exec.AnnotatedPcodeUseropLibraryTest$Anonymous2,anonymous,2,2,0,2,1,1,0,0,0,0.0,-1.0,-1.0,1,0,0,1,0,0,0,0,0,0,1,0,0,0,0,1,0,0,0,6,0,0,0,0,0,0,0,1,0,1,0,0,0,0,3,-1,0
/Users/kaiohs/Downloads/codes/lab02-experimentacao-software/data/repos/NationalSecurityAgency__ghidra/Ghidra/Framework/Emulation/src/test/java/ghidra/pcode/exec/AnnotatedPcodeUseropLibraryTest.java,ghidra.pcode.exec.AnnotatedPcodeUseropLibraryTest$Anonymous3,anonymous,1,1,0,1,1,1,0,0,0,0.0,-1.0,-1.0,1,0,0,1,0,0,0,0,0,0,1,0,0,0,0,1,0,0,0,7,1,0,0,0,0,0,1,1,0,1,0,0,0,0,3,-1,0
/Users/kaiohs/Downloads/codes/lab02-experimentacao-software/data/repos/NationalSecurityAgency__ghidra/Ghidra/Framework/Pty/src/main/java/ghidra/pty/PtyChild.java,ghidra.pty.PtyChild,interface,4,11,7,4,6,1,0,3,15,0.0,0.0,0.0,6,0,0,0,0,6,6,0,0,0,0,0,0,0,0,0,0,0,3,19,3,0,0,0,0,0,0,0,0,0,0,0,2,0,114,1,0
/Users/kaiohs/Downloads/codes/lab02-experimentacao-software/data/repos/NationalSecurityAgency__ghidra/Ghidra/Framework/Emulation/src/test/java/ghidra/pcode/exec/AnnotatedPcodeUseropLibraryTest.java,ghidra.pcode.exec.AnnotatedPcodeUseropLibraryTest$Anonymous1,anonymous,1,1,0,1,1,1,0,0,0,0.0,-1.0,-1.0,1,0,0,1,0,0,0,0,0,0,1,0,0,0,0,1,0,0,0,6,0,0,0,0,0,0,0,2,0,1,0,0,0,0,5,-1,0
/Users/kaiohs/Downloads/codes/lab02-experimentacao-software/data/repos/NationalSecurityAgency__ghidra/Ghidra/Framework/SoftwareModeling/src/test/java/ghidra/sleigh/grammar/SourceFileIndexerTest.java,ghidra.sleigh.grammar.SourceFileIndexerTest,class,4,4,0,4,1,2,0,5,0,0.0,NaN,NaN,1,0,1,0,0,0,1,0,0,0,0,0,0,0,0,0,0,0,0,31,0,0,0,0,0,6,7,14,0,14,0,0,0,0,24,1,0
/Users/kaiohs/Downloads/codes/lab02-experimentacao-software/data/repos/NationalSecurityAgency__ghidra/Ghidra/Framework/SoftwareModeling/src/main/java/ghidra/app/merge/DataTypeManagerOwner.java,ghidra.app.merge.DataTypeManagerOwner,interface,1,1,0,1,1,1,0,0,0,0.0,NaN,NaN,1,0,1,0,0,0,1,0,0,0,0,0,0,0,0,0,0,0,0,3,0,0,0,0,0,0,0,0,0,0,0,0,0,0,10,1,0
/Users/kaiohs/Downloads/codes/lab02-experimentacao-software/data/repos/NationalSecurityAgency__ghidra/Ghidra/Test/IntegrationTest/src/screen/java/help/screenshot/CommentWindowPluginScreenShots.java,help.screenshot.CommentWindowPluginScreenShots,class,9,10,1,9,5,2,0,19,10,0.0,0.0,0.0,5,0,2,3,0,0,2,0,0,0,0,0,0,0,0,0,0,0,0,36,0,0,0,0,0,11,7,7,0,7,0,0,0,1,59,1,0
/Users/kaiohs/Downloads/codes/lab02-experimentacao-software/data/repos/NationalSecurityAgency__ghidra/Ghidra/Framework/SoftwareModeling/src/test/java/ghidra/program/model/data/DataUtilitiesTest.java,ghidra.program.model.data.DataUtilitiesTest,class,19,24,5,19,38,7,0,9,0,0.7894737,0.0,0.0,38,0,36,2,0,0,36,0,0,0,5,0,0,5,0,0,0,0,0,348,2,0,0,0,0,1,66,5,0,5,0,1,5,0,117,1,0
/Users/kaiohs/Downloads/codes/lab02-experimentacao-software/data/repos/NationalSecurityAgency__ghidra/Ghidra/Framework/Emulation/src/main/java/ghidra/pcode/emu/jit/gen/op/IntBitwiseBinOpGen.java,ghidra.pcode.emu.jit.gen.op.IntBitwiseBinOpGen,interface,14,20,6,14,3,1,0,17,1,0.0,0.0,0.0,2,0,0,0,0,2,2,0,0,0,0,0,0,0,0,0,0,0,0,21,2,1,0,0,0,1,1,11,0,9,1,0,0,0,70,1,0
/Users/kaiohs/Downloads/codes/lab02-experimentacao-software/data/repos/NationalSecurityAgency__ghidra/Ghidra/Framework/Emulation/src/main/java/ghidra/pcode/memstate/UniqueMemoryBank.java,ghidra.pcode.memstate.UniqueMemoryBank$WordInfo,innerclass,3,3,0,3,15,1,0,3,0,0.35714287,0.0,0.0,7,0,4,2,1,0,5,0,0,0,2,0,2,0,0,0,0,0,1,47,3,1,4,0,18,4,13,10,15,6,1,0,0,0,90,9,0
/Users/kaiohs/Downloads/codes/lab02-experimentacao-software/data/repos/NationalSecurityAgency__ghidra/GhidraBuild/BuildFiles/Doclets/src/main/java/ghidra/doclets/typestubs/HtmlTagKind.java,ghidra.doclets.typestubs.HtmlTagKind,enum,3,26,23,3,11,1,0,13,28,0.875,0.0,0.0,8,5,4,0,0,4,9,0,1,0,1,1,0,1,0,0,1,0,6,164,9,1,1,0,0,0,0,4,0,4,1,21,0,0,74,1,0
/Users/kaiohs/Downloads/codes/lab02-experimentacao-software/data/repos/NationalSecurityAgency__ghidra/Ghidra/Test/DebuggerIntegrationTest/src/test.slow/java/agent/TraceRmiPythonClientTest.java,agent.TraceRmiPythonClientTest,class,22,23,1,22,47,5,0,77,246,0.90972227,0.0,0.0,24,3,6,0,18,0,26,0,0,0,6,4,1,1,4,0,4,0,10,214,19,3,6,6,1,28,11,33,4,37,3,1,1,9,148,1,5
/Users/kaiohs/Downloads/codes/lab02-experimentacao-software/data/repos/NationalSecurityAgency__ghidra/GhidraBuild/EclipsePlugins/GhidraDev/GhidraDevPlugin/src/main/java/ghidradev/ghidraprojectcreator/utils/PyDevUtils.java,ghidradev.ghidraprojectcreator.utils.PyDevUtils,class,13,20,7,13,41,1,0,37,188,0.92499995,0.0,0.0,20,20,20,0,0,0,20,0,0,0,2,2,2,0,0,0,2,0,20,169,18,0,3,17,0,8,3,12,0,13,3,0,1,1,158,1,0
/Users/kaiohs/Downloads/codes/lab02-experimentacao-software/data/repos/NationalSecurityAgency__ghidra/Ghidra/Test/IntegrationTest/src/screen/java/help/screenshot/RepositoryScreenShots.java,help.screenshot.RepositoryScreenShots,class,44,48,4,44,98,2,0,139,0,0.6719577,0.0,0.0,63,0,37,21,5,0,42,0,0,0,3,1,0,0,3,0,0,0,9,1525,7,9,6,3,15,140,166,238,101,232,3,33,0,5,388,1,0
/Users/kaiohs/Downloads/codes/lab02-experimentacao-software/data/repos/NationalSecurityAgency__ghidra/Ghidra/Framework/Emulation/src/main/java/ghidra/pcode/emu/jit/analysis/JitType.java,ghidra.pcode.emu.jit.analysis.FloatJitType,enum,5,6,1,5,8,1,0,1,28,0.0,0.0,0.0,8,0,8,0,0,0,8,0,0,0,0,0,0,0,0,0,0,0,2,26,8,0,0,0,0,1,1,0,0,0,0,0,0,0,33,1,0
/Users/kaiohs/Downloads/codes/lab02-experimentacao-software/data/repos/NationalSecurityAgency__ghidra/Ghidra/Framework/Emulation/src/main/java/generic/ULongSpan.java,generic.ULongSpan$Domain,enum,4,4,0,4,9,1,0,2,36,0.0,0.0,0.0,9,0,9,0,0,0,9,0,0,0,0,0,0,0,0,0,0,0,2,28,9,0,0,0,0,0,4,0,2,0,0,0,0,0,36,1,0
/Users/kaiohs/Downloads/codes/lab02-experimentacao-software/data/repos/NationalSecurityAgency__ghidra/Ghidra/Framework/Emulation/src/main/java/ghidra/pcode/exec/SleighPcodeUseropDefinition.java,ghidra.pcode.exec.SleighPcodeUseropDefinition$BodyFunc,interface,1,1,0,1,1,1,0,0,0,0.0,NaN,NaN,1,0,0,0,0,1,1,0,0,0,0,0,0,0,0,0,0,0,0,3,0,0,0,0,0,0,0,0,0,0,0,0,0,0,51,1,0
/Users/kaiohs/Downloads/codes/lab02-experimentacao-software/data/repos/NationalSecurityAgency__ghidra/Ghidra/Framework/Emulation/src/main/java/ghidra/pcode/emu/jit/gen/var/SubMemoryVarGen.java,ghidra.pcode.emu.jit.gen.var.SubMemoryVarGen,interface,8,9,1,8,4,1,0,6,6,0.0,0.0,0.0,4,0,0,0,0,4,4,0,0,0,0,0,0,0,0,0,0,0,1,11,1,0,0,0,0,1,0,1,0,1,0,0,0,0,35,1,0
/Users/kaiohs/Downloads/codes/lab02-experimentacao-software/data/repos/NationalSecurityAgency__ghidra/Ghidra/Framework/Emulation/src/main/java/ghidra/pcode/opbehavior/OpBehaviorEqual.java,ghidra.pcode.opbehavior.OpBehaviorEqual,class,1,2,1,1,5,3,0,1,3,0.0,0.0,0.0,3,0,3,0,0,0,3,0,0,0,0,0,0,0,0,0,0,0,0,12,2,0,1,0,1,0,2,1,0,1,0,0,0,0,10,1,0
/Users/kaiohs/Downloads/codes/lab02-experimentacao-software/data/repos/NationalSecurityAgency__ghidra/Ghidra/Test/IntegrationTest/src/screen/java/help/screenshot/DockingWindowsScreenShots.java,help.screenshot.DockingWindowsScreenShots,class,6,6,0,6,3,2,0,14,3,0.0,0.0,0.0,3,0,3,0,0,0,3,0,0,0,0,0,0,0,0,0,0,0,0,27,0,0,0,0,0,3,9,6,1,6,0,0,0,0,42,1,0
/Users/kaiohs/Downloads/codes/lab02-experimentacao-software/data/repos/NationalSecurityAgency__ghidra/Ghidra/Framework/Emulation/src/main/java/ghidra/pcode/exec/SleighUtils.java,ghidra.pcode.exec.SleighUtils$MismatchException,innerclass,0,0,0,0,0,4,0,0,0,0.0,-1.0,-1.0,0,0,0,0,0,0,0,0,0,0,0,0,0,0,0,0,0,0,0,2,0,0,0,0,0,0,0,0,0,0,0,0,0,0,14,9,0
/Users/kaiohs/Downloads/codes/lab02-experimentacao-software/data/repos/NationalSecurityAgency__ghidra/Ghidra/Framework/Emulation/src/main/java/ghidra/pcode/emu/jit/gen/op/BinOpGen.java,ghidra.pcode.emu.jit.gen.op.BinOpGen$TakeOut,enum,0,0,0,0,0,1,0,0,0,0.0,-1.0,-1.0,0,0,0,0,0,0,0,0,0,0,0,0,0,0,0,0,0,0,0,3,0,0,0,0,0,0,0,0,0,0,0,0,0,0,22,0,0
/Users/kaiohs/Downloads/codes/lab02-experimentacao-software/data/repos/NationalSecurityAgency__ghidra/Ghidra/Framework/SoftwareModeling/src/main/java/ghidra/app/plugin/assembler/sleigh/util/AsmUtil.java,ghidra.app.plugin.assembler.sleigh.util.AsmUtil,class,2,7,5,2,9,1,0,8,3,0.0,0.0,0.0,3,3,3,0,0,0,3,0,0,0,0,0,0,0,0,0,0,0,1,38,7,2,4,0,0,1,8,9,4,6,2,0,0,0,83,1,0
/Users/kaiohs/Downloads/codes/lab02-experimentacao-software/data/repos/NationalSecurityAgency__ghidra/Ghidra/Framework/Emulation/src/main/java/ghidra/pcode/emu/jit/gen/op/CBranchOpGen.java,ghidra.pcode.emu.jit.gen.op.CBranchOpGen,enum,14,14,0,14,1,6,0,0,0,0.0,NaN,NaN,1,0,1,0,0,0,1,0,0,0,0,0,0,0,0,0,0,0,0,43,0,0,0,0,0,0,0,0,0,0,0,0,3,0,124,1,0
/Users/kaiohs/Downloads/codes/lab02-experimentacao-software/data/repos/NationalSecurityAgency__ghidra/Ghidra/Test/IntegrationTest/src/test.slow/java/ghidra/pcode/emu/jit/analysis/JitOpUseModelTest.java,ghidra.pcode.emu.jit.analysis.JitOpUseModelTest$MyLib,innerclass,6,6,0,6,1,2,0,0,0,0.0,NaN,NaN,1,0,1,0,0,0,1,0,0,0,0,0,0,0,0,0,0,0,0,4,0,0,0,0,0,0,0,0,0,0,0,0,0,0,6,9,0
/Users/kaiohs/Downloads/codes/lab02-experimentacao-software/data/repos/NationalSecurityAgency__ghidra/GhidraBuild/EclipsePlugins/GhidraDev/GhidraDevPlugin/src/main/java/ghidradev/ghidrascripteditor/ScriptEditorInitializer.java,ghidradev.ghidrascripteditor.ScriptEditorInitializer,class,5,8,3,5,11,1,0,11,1,0.33333334,0.0,0.0,3,3,2,1,0,0,2,0,0,0,1,1,0,1,0,0,0,0,12,44,4,0,2,2,0,6,1,2,5,1,2,0,0,0,94,1,3
/Users/kaiohs/Downloads/codes/lab02-experimentacao-software/data/repos/NationalSecurityAgency__ghidra/Ghidra/Framework/Emulation/src/test/java/ghidra/app/plugin/processors/sleigh/SleighLanguageHelper.java,ghidra.app.plugin.processors.sleigh.SleighLanguageHelper,class,8,17,9,8,8,1,0,20,1,0.5,NaN,NaN,2,2,1,1,0,0,1,0,0,1,1,1,0,1,0,0,0,0,6,41,4,0,3,1,1,16,4,12,0,11,2,0,0,0,59,1,1
/Users/kaiohs/Downloads/codes/lab02-experimentacao-software/data/repos/NationalSecurityAgency__ghidra/Ghidra/Framework/Emulation/src/main/java/ghidra/pcode/opbehavior/OpBehaviorIntAnd.java,ghidra.pcode.opbehavior.OpBehaviorIntAnd,class,1,2,1,1,3,3,0,1,3,0.0,0.0,0.0,3,0,3,0,0,0,3,0,0,0,0,0,0,0,0,0,0,0,0,13,2,0,0,0,0,0,0,2,0,2,0,0,0,0,11,1,0
/Users/kaiohs/Downloads/codes/lab02-experimentacao-software/data/repos/NationalSecurityAgency__ghidra/GhidraBuild/BuildFiles/Doclets/src/main/java/ghidra/doclets/typestubs/DocConverter.java,ghidra.doclets.typestubs.DocConverter,class,10,14,4,10,16,1,2,28,16,0.7037037,0.0,0.0,9,1,1,0,0,8,9,1,4,0,3,1,0,2,0,1,3,0,3,67,6,1,4,2,0,1,5,13,2,15,2,0,0,2,80,1024,0
/Users/kaiohs/Downloads/codes/lab02-experimentacao-software/data/repos/NationalSecurityAgency__ghidra/Ghidra/Framework/Pty/src/main/java/ghidra/pty/windows/HandleInputStream.java,ghidra.pty.windows.HandleInputStream,class,5,9,4,5,15,2,0,9,0,0.4166667,0.0,0.0,6,0,4,0,1,1,6,0,0,3,2,0,0,2,0,0,1,0,1,57,7,1,2,0,0,3,8,9,0,8,2,0,0,0,30,1,0
/Users/kaiohs/Downloads/codes/lab02-experimentacao-software/data/repos/NationalSecurityAgency__ghidra/Ghidra/Framework/Emulation/src/main/java/ghidra/pcode/emu/jit/gen/var/LocalOutVarGen.java,ghidra.pcode.emu.jit.gen.var.LocalOutVarGen,interface,17,17,0,17,3,1,0,4,3,0.0,0.0,0.0,3,0,0,0,0,3,3,0,0,0,0,0,0,0,0,0,0,0,0,11,3,0,0,0,0,0,0,0,0,0,0,0,0,0,32,1,0
/Users/kaiohs/Downloads/codes/lab02-experimentacao-software/data/repos/NationalSecurityAgency__ghidra/Ghidra/Test/DebuggerIntegrationTest/src/test.slow/java/agent/lldb/rmi/LldbMethodsTest.java,agent.lldb.rmi.LldbMethodsTest,class,22,23,1,22,64,3,0,110,1176,0.0,0.0,0.0,49,0,41,5,1,2,44,0,0,0,0,0,0,0,0,0,0,0,182,810,2,4,6,83,0,422,59,291,14,259,3,0,0,8,235,1,0
/Users/kaiohs/Downloads/codes/lab02-experimentacao-software/data/repos/NationalSecurityAgency__ghidra/Ghidra/Test/DebuggerIntegrationTest/src/test/java/ghidra/app/plugin/core/debug/gui/control/DebuggerMethodActionsPluginTest.java,ghidra.app.plugin.core.debug.gui.control.DebuggerMethodActionsPluginTest,class,16,17,1,16,6,3,0,48,0,0.62499994,0.0,0.0,6,0,5,0,1,0,6,0,0,0,8,0,0,0,0,8,0,0,8,105,0,0,0,7,0,56,11,21,0,23,1,0,0,2,95,1,0
/Users/kaiohs/Downloads/codes/lab02-experimentacao-software/data/repos/NationalSecurityAgency__ghidra/Ghidra/Test/IntegrationTest/src/screen/java/help/screenshot/DataTypeEditorsScreenShots.java,help.screenshot.DataTypeEditorsScreenShots,class,26,27,1,26,30,2,0,54,276,0.0,0.0,0.0,24,0,16,8,0,0,16,0,0,0,0,0,0,0,0,0,0,0,2,247,1,0,0,1,2,119,59,53,5,47,2,0,0,0,152,1,0
/Users/kaiohs/Downloads/codes/lab02-experimentacao-software/data/repos/NationalSecurityAgency__ghidra/Ghidra/Framework/Emulation/src/main/java/ghidra/pcode/emu/ComposedPcodeEmulationCallbacks.java,ghidra.pcode.emu.ComposedPcodeEmulationCallbacks,class,17,17,0,17,47,1,0,22,0,0.0,0.0,0.0,22,0,22,0,0,0,22,0,0,0,1,0,0,1,0,0,1,0,2,128,8,21,2,0,0,0,1,6,0,4,2,0,0,0,125,1,0
/Users/kaiohs/Downloads/codes/lab02-experimentacao-software/data/repos/NationalSecurityAgency__ghidra/Ghidra/Framework/Emulation/src/main/java/ghidra/pcode/exec/PcodeExecutorStatePiece.java,ghidra.pcode.exec.PcodeExecutorStatePiece,interface,16,32,16,16,43,1,0,33,820,0.0,0.0,0.0,41,0,0,0,0,41,41,0,0,0,0,0,0,0,0,0,0,0,0,126,14,0,0,1,0,1,0,8,1,8,1,0,1,0,268,1,0
/Users/kaiohs/Downloads/codes/lab02-experimentacao-software/data/repos/NationalSecurityAgency__ghidra/Ghidra/Framework/SoftwareModeling/src/test/java/ghidra/app/plugin/assembler/sleigh/PublicAPITest.java,ghidra.app.plugin.assembler.sleigh.PublicAPITest,class,15,16,1,15,8,2,0,24,5,0.61111116,0.0,0.0,6,1,4,1,1,0,5,0,0,0,3,0,0,0,0,3,0,0,2,42,2,1,1,1,0,10,9,10,0,10,1,0,0,0,52,1,0
/Users/kaiohs/Downloads/codes/lab02-experimentacao-software/data/repos/NationalSecurityAgency__ghidra/GhidraDocs/GhidraClass/Debugger/ghidra_scripts/ModelingScript.java,ModelingScript,class,5,5,0,5,9,5,0,2,28,0.0,0.0,0.0,8,0,3,0,0,5,9,0,0,0,0,0,0,0,0,0,0,0,0,127,1,0,0,0,0,0,0,0,0,0,0,0,6,0,18,1,0
/Users/kaiohs/Downloads/codes/lab02-experimentacao-software/data/repos/NationalSecurityAgency__ghidra/Ghidra/Framework/Emulation/src/main/java/ghidra/pcode/emu/jit/gen/util/Types.java,ghidra.pcode.emu.jit.gen.util.Types$SNonVoid,interface,1,1,0,1,0,1,0,0,0,0.0,-1.0,-1.0,0,0,0,0,0,0,0,0,0,0,0,0,0,0,0,0,0,0,0,2,0,0,0,0,0,0,0,0,0,0,0,0,0,0,22,1,0
/Users/kaiohs/Downloads/codes/lab02-experimentacao-software/data/repos/NationalSecurityAgency__ghidra/Ghidra/Framework/Emulation/src/main/java/ghidra/pcode/emu/jit/var/JitMemoryOutVar.java,ghidra.pcode.emu.jit.var.JitMemoryOutVar,class,4,7,3,4,2,5,0,0,1,0.0,0.0,0.0,2,0,2,0,0,0,2,0,0,0,0,0,0,0,0,0,0,0,0,8,0,0,0,0,0,0,0,0,0,0,0,0,0,0,74,1,0
/Users/kaiohs/Downloads/codes/lab02-experimentacao-software/data/repos/NationalSecurityAgency__ghidra/Ghidra/Framework/SoftwareModeling/src/test/java/ghidra/app/plugin/assembler/sleigh/PaRiscAssemblyTest.java,ghidra.app.plugin.assembler.sleigh.PaRiscAssemblyTest,class,3,3,0,3,11,3,0,2,55,0.0,0.0,0.0,11,0,10,0,1,0,11,0,0,0,0,0,0,0,0,0,0,0,0,35,1,0,0,0,0,21,2,0,0,0,0,0,0,0,53,1,0
/Users/kaiohs/Downloads/codes/lab02-experimentacao-software/data/repos/NationalSecurityAgency__ghidra/Ghidra/Framework/SoftwareModeling/src/test.slow/java/ghidra/pcodeCPort/slgh_compile/SleighCompileOptionsTest.java,ghidra.pcodeCPort.slgh_compile.SleighCompileOptionsTest,class,3,3,0,3,5,2,0,16,10,0.0,0.0,0.0,5,0,5,0,0,0,5,0,0,0,0,0,0,0,0,0,0,0,0,68,0,0,0,0,0,39,0,16,0,16,0,0,0,0,44,1,0
/Users/kaiohs/Downloads/codes/lab02-experimentacao-software/data/repos/NationalSecurityAgency__ghidra/Ghidra/Framework/SoftwareModeling/src/test/java/ghidra/program/model/data/DataTypeNameComparatorTest.java,ghidra.program.model.data.DataTypeNameComparatorTest,class,2,2,0,2,1,2,0,2,0,0.0,NaN,NaN,1,0,1,0,0,0,1,0,0,0,0,0,0,0,0,0,0,0,1,8,0,0,0,0,0,37,0,2,0,2,0,0,0,0,19,1,0
/Users/kaiohs/Downloads/codes/lab02-experimentacao-software/data/repos/NationalSecurityAgency__ghidra/Ghidra/Test/DebuggerIntegrationTest/src/test/java/ghidra/app/plugin/core/debug/gui/copying/DebuggerCopyActionsPluginTest.java,ghidra.app.plugin.core.debug.gui.copying.DebuggerCopyActionsPluginTest,class,27,28,1,27,14,3,0,87,0,0.65384614,0.0,0.0,13,0,8,0,5,0,13,0,0,0,4,0,0,0,0,4,0,0,7,313,2,1,0,13,0,51,160,61,3,58,3,0,0,7,141,1,0
/Users/kaiohs/Downloads/codes/lab02-experimentacao-software/data/repos/NationalSecurityAgency__ghidra/Ghidra/Framework/SoftwareModeling/src/test/java/ghidra/app/plugin/assembler/sleigh/TokensTest.java,ghidra.app.plugin.assembler.sleigh.TokensTest,class,4,4,0,4,1,1,0,5,0,0.0,NaN,NaN,1,0,1,0,0,0,1,0,0,0,0,0,0,0,0,0,0,0,0,49,0,0,0,0,0,29,14,16,0,2,0,0,0,0,13,1,0
/Users/kaiohs/Downloads/codes/lab02-experimentacao-software/data/repos/NationalSecurityAgency__ghidra/GhidraBuild/EclipsePlugins/GhidraDev/GhidraDevPlugin/src/main/java/ghidradev/EclipseMessageUtils.java,ghidradev.EclipseMessageUtils,class,8,41,33,8,26,1,0,30,85,0.8333334,0.0,0.0,15,14,12,3,0,0,12,0,0,0,2,2,0,2,0,0,0,0,6,128,12,2,8,0,0,6,0,16,2,13,2,1,0,5,92,1,0
/Users/kaiohs/Downloads/codes/lab02-experimentacao-software/data/repos/NationalSecurityAgency__ghidra/Ghidra/Framework/Emulation/src/main/java/ghidra/pcode/emu/jit/gen/access/MpIntAccessGen.java,ghidra.pcode.emu.jit.gen.access.MpIntAccessGen,enum,21,23,2,21,11,1,0,26,1,0.2857143,0.0,0.0,7,0,4,1,2,0,6,2,0,0,1,0,0,0,0,1,1,0,1,93,4,4,0,0,4,4,2,50,13,41,1,2,0,0,82,1,0
/Users/kaiohs/Downloads/codes/lab02-experimentacao-software/data/repos/NationalSecurityAgency__ghidra/Ghidra/Framework/SoftwareModeling/src/main/java/ghidra/app/plugin/assembler/sleigh/parse/AssemblyParseActionGotoTable.java,ghidra.app.plugin.assembler.sleigh.parse.AssemblyParseActionGotoTable,class,12,16,4,12,8,5,0,3,17,0.71428573,0.0,0.0,7,0,7,0,0,0,7,0,0,0,2,0,0,0,2,0,2,0,0,75,7,0,0,0,0,0,0,2,0,2,1,0,5,0,127,1,0
/Users/kaiohs/Downloads/codes/lab02-experimentacao-software/data/repos/NationalSecurityAgency__ghidra/Ghidra/Test/DebuggerIntegrationTest/src/test.slow/java/agent/dbgeng/rmi/DbgEngConnectorsTest.java,agent.dbgeng.rmi.DbgEngConnectorsTest,class,7,8,1,7,10,4,0,23,45,0.0,0.0,0.0,10,0,8,0,2,0,10,0,0,0,0,0,0,0,0,0,0,0,40,68,2,0,0,11,0,57,0,11,0,11,1,0,0,0,47,1,0
/Users/kaiohs/Downloads/codes/lab02-experimentacao-software/data/repos/NationalSecurityAgency__ghidra/Ghidra/Framework/SoftwareModeling/src/test/java/ghidra/program/model/address/AddressFactoryTest.java,ghidra.program.model.address.AddressFactoryTest,class,12,13,1,12,13,2,0,14,0,0.7,0.0,0.0,10,0,9,1,0,0,9,0,0,0,8,0,0,0,0,8,3,0,0,126,0,2,1,1,0,51,130,51,0,13,1,0,0,0,61,1,0
/Users/kaiohs/Downloads/codes/lab02-experimentacao-software/data/repos/NationalSecurityAgency__ghidra/Ghidra/Framework/Emulation/src/main/java/ghidra/pcode/emu/jit/JitJvmTypeUtils.java,ghidra.pcode.emu.jit.JitJvmTypeUtils,enum,1,2,1,1,12,1,0,6,15,0.0,0.0,0.0,6,6,6,0,0,0,6,0,0,0,0,0,0,0,0,0,0,0,4,32,7,0,6,0,0,3,5,2,2,2,1,0,0,0,118,1,0
/Users/kaiohs/Downloads/codes/lab02-experimentacao-software/data/repos/NationalSecurityAgency__ghidra/Ghidra/Test/IntegrationTest/src/screen/java/help/screenshot/KeyboardNavigationScreenShots.java,help.screenshot.KeyboardNavigationScreenShots,class,4,4,0,4,1,2,0,8,0,0.0,NaN,NaN,1,0,1,0,0,0,1,0,0,0,0,0,0,0,0,0,0,0,0,14,1,0,0,0,0,0,2,3,0,3,1,0,0,2,24,1,0
/Users/kaiohs/Downloads/codes/lab02-experimentacao-software/data/repos/NationalSecurityAgency__ghidra/Ghidra/Test/DebuggerIntegrationTest/src/test/java/ghidra/app/plugin/core/debug/service/tracermi/TraceRmiPerformanceTest.java,ghidra.app.plugin.core.debug.service.tracermi.TraceRmiPerformanceTest$NerfedTraceRmiAcceptor,innerclass,4,4,0,4,2,2,0,5,1,0.0,0.0,0.0,2,0,2,0,0,0,2,0,0,0,0,0,0,0,0,0,0,0,0,12,1,0,0,0,0,0,0,2,0,2,0,0,0,0,18,8,0
/Users/kaiohs/Downloads/codes/lab02-experimentacao-software/data/repos/NationalSecurityAgency__ghidra/Ghidra/Test/IntegrationTest/src/test.slow/java/ghidra/framework/main/VectorRegisterPspecTest.java,ghidra.framework.main.VectorRegisterPspecTest,class,7,8,1,7,36,2,0,20,25,0.77922076,0.0,0.0,11,0,7,4,0,0,7,0,0,0,7,6,0,7,0,0,6,0,7,200,4,19,0,0,0,20,59,78,11,60,2,0,0,0,62,1,0
/Users/kaiohs/Downloads/codes/lab02-experimentacao-software/data/repos/NationalSecurityAgency__ghidra/Ghidra/Framework/Emulation/src/main/java/ghidra/pcode/emu/jit/gen/op/BranchIndOpGen.java,ghidra.pcode.emu.jit.gen.op.BranchIndOpGen$IndBranchGen,innerclass,15,15,0,15,3,3,0,2,3,1.0,0.0,0.0,3,0,0,0,0,3,3,0,0,0,1,1,0,0,0,1,1,0,2,12,3,0,0,0,0,0,0,1,0,1,0,0,0,0,29,8,0
/Users/kaiohs/Downloads/codes/lab02-experimentacao-software/data/repos/NationalSecurityAgency__ghidra/Ghidra/Framework/SoftwareModeling/src/main/java/ghidra/app/plugin/core/datamgr/archive/BuiltInSourceArchive.java,ghidra.app.plugin.core.datamgr.archive.BuiltInSourceArchive,class,5,6,1,5,12,1,0,0,66,1.0,0.0,0.0,12,0,11,1,0,0,11,0,0,0,1,1,1,0,0,0,1,0,0,34,7,0,0,0,0,1,1,1,0,1,0,0,0,0,31,1,0
/Users/kaiohs/Downloads/codes/lab02-experimentacao-software/data/repos/NationalSecurityAgency__ghidra/Ghidra/Framework/SoftwareModeling/src/main/java/ghidra/app/plugin/assembler/sleigh/sem/AssemblyConstructState.java,ghidra.app.plugin.assembler.sleigh.sem.AssemblyConstructState,class,9,11,2,9,19,2,0,43,0,0.16666667,0.0,0.0,9,1,4,0,5,0,9,0,0,0,2,0,0,0,2,0,2,0,9,80,20,0,4,0,1,7,4,8,7,16,2,0,0,8,184,1,1
/Users/kaiohs/Downloads/codes/lab02-experimentacao-software/data/repos/NationalSecurityAgency__ghidra/Ghidra/Framework/SoftwareModeling/src/main/java/ghidra/app/plugin/assembler/sleigh/sem/AssemblyResolvedError.java,ghidra.app.plugin.assembler.sleigh.sem.AssemblyResolvedError,interface,1,13,12,1,1,1,0,0,0,0.0,NaN,NaN,1,0,0,0,0,1,1,0,0,0,0,0,0,0,0,0,0,0,0,3,0,0,0,0,0,0,0,0,0,0,0,0,0,0,5,1,0
/Users/kaiohs/Downloads/codes/lab02-experimentacao-software/data/repos/NationalSecurityAgency__ghidra/Ghidra/Test/DebuggerIntegrationTest/src/test/java/ghidra/debug/flatapi/DeadFlatDebuggerAPITest.java,ghidra.debug.flatapi.DeadFlatDebuggerAPITest$TestFlatAPI,innerclass,2,2,0,2,1,1,0,2,0,0.0,NaN,NaN,1,0,1,0,0,0,1,0,0,0,1,0,0,0,1,0,1,0,0,6,1,0,0,0,0,0,0,1,0,1,0,0,0,0,10,4,0
/Users/kaiohs/Downloads/codes/lab02-experimentacao-software/data/repos/NationalSecurityAgency__ghidra/Ghidra/Test/DebuggerIntegrationTest/src/test.slow/java/agent/gdb/rmi/GdbCommandsTest.java,agent.gdb.rmi.GdbCommandsTest,class,34,35,1,34,62,3,0,141,1596,0.0,0.0,0.0,57,0,56,0,1,0,57,0,0,0,0,0,0,0,0,0,0,0,31,446,2,1,1,33,0,214,85,161,4,177,2,0,0,45,208,1,3
/Users/kaiohs/Downloads/codes/lab02-experimentacao-software/data/repos/NationalSecurityAgency__ghidra/Ghidra/Framework/Emulation/src/main/java/ghidra/pcode/emu/jit/gen/access/DoubleAccessGen.java,ghidra.pcode.emu.jit.gen.access.DoubleAccessGen,enum,14,14,0,14,3,1,0,2,0,0.0,0.0,0.0,3,0,2,1,0,0,2,0,0,0,1,0,0,0,0,1,1,0,0,13,2,0,0,0,0,0,0,1,0,1,0,0,0,0,35,1,0
/Users/kaiohs/Downloads/codes/lab02-experimentacao-software/data/repos/NationalSecurityAgency__ghidra/Ghidra/Test/DebuggerIntegrationTest/src/test/java/ghidra/app/plugin/core/debug/service/tracermi/TraceRmiPerformanceTest.java,ghidra.app.plugin.core.debug.service.tracermi.TraceRmiPerformanceTest$TestObject,innerclass,8,8,0,8,2,1,0,1,1,0.6666667,0.0,0.0,2,0,1,0,1,0,2,0,0,0,15,10,0,5,0,10,5,0,0,28,0,0,0,0,0,5,1,10,0,15,0,0,0,0,37,9,0
/Users/kaiohs/Downloads/codes/lab02-experimentacao-software/data/repos/NationalSecurityAgency__ghidra/Ghidra/Test/IntegrationTest/src/test.slow/java/ghidra/framework/plugintool/testplugins/IsolatedFailPluginA.java,ghidra.framework.plugintool.testplugins.IsolatedFailPluginA,class,4,5,1,4,1,2,0,0,0,0.0,NaN,NaN,1,0,1,0,0,0,1,0,0,0,0,0,0,0,0,0,0,0,0,5,0,0,0,0,0,3,0,0,0,0,0,0,0,0,10,1,0
/Users/kaiohs/Downloads/codes/lab02-experimentacao-software/data/repos/NationalSecurityAgency__ghidra/Ghidra/Framework/Emulation/src/test/java/ghidra/pcode/exec/SleighProgramCompilerTest.java,ghidra.pcode.exec.SleighProgramCompilerTest,class,18,19,1,18,9,2,0,29,15,0.0,0.0,0.0,6,0,4,0,2,0,6,0,0,0,0,0,0,0,0,0,0,0,5,61,3,0,0,1,0,13,6,14,2,14,2,0,0,2,65,1,0
/Users/kaiohs/Downloads/codes/lab02-experimentacao-software/data/repos/NationalSecurityAgency__ghidra/Ghidra/Test/IntegrationTest/src/test.slow/java/ghidra/framework/plugintool/testplugins/IsolatedFailPluginB.java,ghidra.framework.plugintool.testplugins.IsolatedFailPluginB,class,4,5,1,4,2,2,0,0,1,0.5,0.0,0.0,2,0,1,0,1,0,2,0,0,0,1,1,1,0,0,0,1,0,0,9,0,0,0,0,0,4,0,1,0,1,0,0,0,0,21,1,0
/Users/kaiohs/Downloads/codes/lab02-experimentacao-software/data/repos/NationalSecurityAgency__ghidra/Ghidra/Framework/Emulation/src/main/java/ghidra/pcode/emu/jit/gen/util/Types.java,ghidra.pcode.emu.jit.gen.util.Types$BType,interface,3,3,0,3,2,1,0,2,1,0.0,0.0,0.0,2,0,0,0,0,2,2,0,0,0,0,0,0,0,0,0,0,0,0,6,1,0,0,0,0,0,0,0,0,0,0,0,0,0,34,1,0
/Users/kaiohs/Downloads/codes/lab02-experimentacao-software/data/repos/NationalSecurityAgency__ghidra/Ghidra/Framework/Pty/src/main/java/ghidra/pty/PtyFactory.java,ghidra.pty.PtyFactory,interface,5,7,2,5,8,1,0,1,10,0.8,0.0,0.0,5,1,0,0,0,5,5,0,0,0,2,0,0,0,0,2,0,0,0,24,5,0,0,0,0,0,2,2,0,2,1,0,0,0,58,1,0
/Users/kaiohs/Downloads/codes/lab02-experimentacao-software/data/repos/NationalSecurityAgency__ghidra/Ghidra/Test/IntegrationTest/src/test.slow/java/ghidra/pcode/emu/jit/gen/AbstractToyJitCodeGeneratorTest.java,ghidra.pcode.emu.jit.gen.AbstractToyJitCodeGeneratorTest,class,16,19,3,16,152,4,2,71,11325,0.9977925,0.0,0.0,151,0,149,0,2,0,151,1,0,0,3,3,0,0,3,0,3,0,1050,715,4,0,0,0,1,1389,221,167,10,167,2,0,0,1,401,1025,0
/Users/kaiohs/Downloads/codes/lab02-experimentacao-software/data/repos/NationalSecurityAgency__ghidra/Ghidra/Framework/Emulation/src/main/java/generic/Span.java,generic.Span$MutableSpanMap,interface,5,5,0,5,4,1,0,0,6,0.0,0.0,0.0,4,0,0,0,0,4,4,0,0,0,0,0,0,0,0,0,0,0,0,6,0,0,0,0,0,0,0,0,0,0,0,0,0,0,79,1,0
/Users/kaiohs/Downloads/codes/lab02-experimentacao-software/data/repos/NationalSecurityAgency__ghidra/Ghidra/Framework/Pty/src/main/java/ghidra/pty/windows/jna/ConsoleApiNative.java,ghidra.pty.windows.jna.ConsoleApiNative$PROC_THREAD_ATTRIBUTE_LIST$ByReference,innerclass,2,2,0,2,0,3,0,0,0,0.0,-1.0,-1.0,0,0,0,0,0,0,0,0,0,0,0,0,0,0,0,0,0,0,0,2,0,0,0,0,0,0,0,0,0,0,0,0,0,0,17,9,0
/Users/kaiohs/Downloads/codes/lab02-experimentacao-software/data/repos/NationalSecurityAgency__ghidra/Ghidra/Framework/Emulation/src/main/java/ghidra/pcode/opbehavior/OpBehaviorIntSborrow.java,ghidra.pcode.opbehavior.OpBehaviorIntSborrow,class,1,2,1,1,4,3,0,2,3,0.0,0.0,0.0,3,0,3,0,0,0,3,0,0,0,0,0,0,0,0,0,0,0,0,27,2,0,0,0,6,0,16,16,16,8,0,0,0,0,16,1,0
/Users/kaiohs/Downloads/codes/lab02-experimentacao-software/data/repos/NationalSecurityAgency__ghidra/Ghidra/Framework/SoftwareModeling/src/test/java/ghidra/program/model/data/StringRenderBuilderTest.java,ghidra.program.model.data.StringRenderBuilderTest,class,5,6,1,5,22,2,0,7,69,0.79545456,0.0,0.0,22,0,21,1,0,0,21,0,0,0,4,4,0,4,0,0,4,0,3,150,1,0,0,0,0,23,72,64,0,64,0,0,0,0,61,1,0
/Users/kaiohs/Downloads/codes/lab02-experimentacao-software/data/repos/NationalSecurityAgency__ghidra/GhidraBuild/EclipsePlugins/GhidraDev/GhidraDevPlugin/src/main/java/ghidradev/ghidraprojectcreator/wizards/ExportGhidraModuleWizard.java,ghidradev.ghidraprojectcreator.wizards.ExportGhidraModuleWizard,class,18,19,1,18,13,2,0,37,3,0.4166667,0.0,0.0,6,0,4,2,0,0,4,0,0,0,2,0,0,2,0,0,0,0,9,89,7,0,1,2,0,14,3,26,5,27,2,0,0,1,142,1,0
/Users/kaiohs/Downloads/codes/lab02-experimentacao-software/data/repos/NationalSecurityAgency__ghidra/Ghidra/Framework/Emulation/src/main/java/generic/ULongSpan.java,generic.MutableULongSpanSet,interface,2,5,3,2,0,1,0,0,0,0.0,-1.0,-1.0,0,0,0,0,0,0,0,0,0,0,0,0,0,0,0,0,0,0,0,2,0,0,0,0,0,0,0,0,0,0,0,0,0,0,11,0,0
/Users/kaiohs/Downloads/codes/lab02-experimentacao-software/data/repos/NationalSecurityAgency__ghidra/Ghidra/Framework/SoftwareModeling/src/test/java/ghidra/program/model/data/DataUtilitiesTest.java,ghidra.program.model.data.DataUtilitiesTest$MyInstruction,innerclass,4,4,0,4,8,2,0,3,0,0.25,0.0,0.0,4,0,3,0,0,1,4,0,0,0,1,0,0,0,0,1,0,0,0,23,5,0,4,0,0,0,6,3,0,3,1,0,0,0,13,2,0
/Users/kaiohs/Downloads/codes/lab02-experimentacao-software/data/repos/NationalSecurityAgency__ghidra/Ghidra/Framework/SoftwareModeling/src/test/java/ghidra/program/database/data/StructureDBTest.java,ghidra.program.database.data.StructureDBTest,class,30,31,1,30,129,2,0,76,0,0.62271065,0.0,0.0,91,0,85,6,0,0,85,0,0,0,3,0,0,3,0,0,0,0,48,1500,5,0,1,37,0,1017,1103,216,63,130,1,0,0,0,255,1,0
/Users/kaiohs/Downloads/codes/lab02-experimentacao-software/data/repos/NationalSecurityAgency__ghidra/Ghidra/Framework/SoftwareModeling/src/test/java/ghidra/pcode/floatformat/BigFloatTest.java,ghidra.pcode.floatformat.BigFloatTest$BinaryOp,interface,1,1,0,1,1,1,0,0,0,0.0,NaN,NaN,1,0,0,0,0,1,1,0,0,0,0,0,0,0,0,0,0,0,0,3,0,0,0,0,0,0,0,0,0,0,0,0,0,0,3,0,0
/Users/kaiohs/Downloads/codes/lab02-experimentacao-software/data/repos/NationalSecurityAgency__ghidra/Ghidra/Test/IntegrationTest/src/test.slow/java/ghidra/program/model/lang/X64PrototypeModelTest.java,ghidra.program.model.lang.X64PrototypeModelTest,class,6,6,0,6,3,3,0,10,3,0.0,0.0,0.0,3,0,3,0,0,0,3,0,0,0,0,0,0,0,0,0,0,0,0,74,0,0,0,0,0,118,3,4,0,4,0,0,0,0,34,1,0
/Users/kaiohs/Downloads/codes/lab02-experimentacao-software/data/repos/NationalSecurityAgency__ghidra/Ghidra/Test/DebuggerIntegrationTest/src/test.slow/java/agent/java/rmi/AbstractJavaTraceRmiTest.java,agent.java.rmi.AbstractJavaTraceRmiTest$JshellError,innerclass,0,0,0,0,1,4,0,1,0,0.0,NaN,NaN,1,0,1,0,0,0,1,0,0,0,3,0,3,0,0,0,3,0,0,11,0,0,0,0,0,0,0,3,0,3,0,0,0,0,8,9,0
/Users/kaiohs/Downloads/codes/lab02-experimentacao-software/data/repos/NationalSecurityAgency__ghidra/Ghidra/Framework/SoftwareModeling/src/test.slow/java/ghidra/app/plugin/processors/sleigh/SleighLanguageProviderTest.java,ghidra.app.plugin.processors.sleigh.SleighLanguageProviderTest,class,11,13,2,11,19,2,0,50,9,0.5,0.0,0.0,6,1,6,0,0,0,6,0,0,0,3,0,0,3,0,0,0,0,17,169,0,4,4,3,1,34,22,31,9,29,2,0,1,1,99,1,1
/Users/kaiohs/Downloads/codes/lab02-experimentacao-software/data/repos/NationalSecurityAgency__ghidra/Ghidra/Framework/Emulation/src/test/java/ghidra/pcode/emu/jit/JitJvmTypeUtilsTest.java,ghidra.pcode.emu.jit.JitJvmTypeUtilsTest,class,7,7,0,7,1,1,0,8,0,0.0,NaN,NaN,1,0,1,0,0,0,1,0,0,0,0,0,0,0,0,0,0,0,0,35,0,0,0,1,0,6,1,5,1,5,1,5,1,0,29,1,0
/Users/kaiohs/Downloads/codes/lab02-experimentacao-software/data/repos/NationalSecurityAgency__ghidra/Ghidra/Framework/Emulation/src/main/java/ghidra/pcode/emu/jit/gen/var/WholeLocalOutVarGen.java,ghidra.pcode.emu.jit.gen.var.WholeLocalOutVarGen,enum,3,3,0,3,1,1,0,0,0,0.0,NaN,NaN,1,0,1,0,0,0,1,0,0,0,0,0,0,0,0,0,0,0,0,5,1,0,0,0,0,0,0,0,0,0,0,0,0,0,26,1,0
/Users/kaiohs/Downloads/codes/lab02-experimentacao-software/data/repos/NationalSecurityAgency__ghidra/GhidraBuild/BuildFiles/Doclets/src/main/java/ghidra/doclets/typestubs/PythonTypeStubType.java,ghidra.doclets.typestubs.PythonTypeStubType,class,8,14,6,8,95,2,1,128,372,0.95454544,0.0,0.0,28,5,0,15,0,13,13,0,7,0,11,2,0,11,0,0,3,0,42,410,46,15,15,0,0,38,5,49,5,37,2,0,1,3,186,0,0
/Users/kaiohs/Downloads/codes/lab02-experimentacao-software/data/repos/NationalSecurityAgency__ghidra/Ghidra/Framework/Emulation/src/main/java/ghidra/pcode/memstate/AbstractMemoryState.java,ghidra.pcode.memstate.AbstractMemoryState,class,8,10,2,8,21,1,1,23,64,0.47058824,0.0,0.0,17,0,17,0,0,0,17,0,16,0,1,0,0,0,0,1,1,0,1,75,11,0,0,0,0,1,3,11,0,11,2,0,0,0,99,1025,0
/Users/kaiohs/Downloads/codes/lab02-experimentacao-software/data/repos/NationalSecurityAgency__ghidra/GPL/DMG/src/dmg/java/mobiledevices/dmg/btree/BTreeRootNodeDescriptor.java,mobiledevices.dmg.btree.BTreeRootNodeDescriptor,class,5,6,1,5,8,2,0,7,3,0.625,0.0,0.0,6,0,6,0,0,0,6,0,0,0,4,0,0,4,0,0,0,0,0,42,6,1,0,1,0,0,2,8,0,7,1,0,0,0,30,1,0
/Users/kaiohs/Downloads/codes/lab02-experimentacao-software/data/repos/NationalSecurityAgency__ghidra/Ghidra/Framework/SoftwareModeling/src/test/java/ghidra/program/model/symbol/StubSymbolTable.java,ghidra.program.model.symbol.StubSymbolTable,class,14,14,0,14,56,1,0,0,1540,0.0,0.0,0.0,56,0,56,0,0,0,56,0,0,0,0,0,0,0,0,0,0,0,0,170,0,0,0,0,0,0,0,0,0,0,0,0,0,0,70,1,0
/Users/kaiohs/Downloads/codes/lab02-experimentacao-software/data/repos/NationalSecurityAgency__ghidra/Ghidra/Framework/Emulation/src/main/java/ghidra/pcode/emu/jit/gen/opnd/Opnd.java,ghidra.pcode.emu.jit.gen.opnd.Opnd,interface,6,13,7,6,2,1,0,0,0,0.6666667,0.0,0.0,1,0,1,0,0,0,2,0,0,0,2,0,0,0,0,2,0,0,0,8,0,0,0,0,0,2,0,0,0,3,0,0,0,0,80,1,0
/Users/kaiohs/Downloads/codes/lab02-experimentacao-software/data/repos/NationalSecurityAgency__ghidra/Ghidra/Test/IntegrationTest/src/test.slow/java/ghidra/app/cmd/function/CreateFunctionThunkTest.java,ghidra.app.cmd.function.CreateFunctionThunkTest,class,16,17,1,16,10,2,0,35,0,0.5277778,0.0,0.0,9,0,7,1,1,0,8,0,0,0,4,0,0,4,0,0,0,0,0,115,0,0,1,0,0,61,21,27,0,18,1,0,0,0,139,1,0
/Users/kaiohs/Downloads/codes/lab02-experimentacao-software/data/repos/NationalSecurityAgency__ghidra/Ghidra/Test/IntegrationTest/src/screen/java/help/screenshot/AboutScreenShots.java,help.screenshot.AboutScreenShots,class,2,2,0,2,2,2,0,5,1,0.0,0.0,0.0,2,0,2,0,0,0,2,0,0,0,0,0,0,0,0,0,0,0,0,11,0,0,0,0,0,3,2,1,0,1,0,0,0,0,15,1,0
/Users/kaiohs/Downloads/codes/lab02-experimentacao-software/data/repos/NationalSecurityAgency__ghidra/Ghidra/Framework/Emulation/src/test/java/ghidra/pcode/opbehavior/OpBehaviorBoolXorTest.java,ghidra.pcode.opbehavior.OpBehaviorBoolXorTest,class,3,3,0,3,3,3,0,2,3,0.0,0.0,0.0,3,0,3,0,0,0,3,0,0,0,0,0,0,0,0,0,0,0,0,19,0,0,0,0,0,0,28,2,0,2,0,0,0,0,13,1,0
/Users/kaiohs/Downloads/codes/lab02-experimentacao-software/data/repos/NationalSecurityAgency__ghidra/Ghidra/Framework/Emulation/src/main/java/ghidra/pcode/emu/jit/JitConfiguration.java,ghidra.pcode.emu.jit.Opt,enum,1,2,1,1,4,1,0,2,3,0.0,0.0,0.0,3,0,3,0,0,0,4,0,0,0,0,0,0,0,0,0,0,0,1,15,0,0,0,0,0,0,6,0,0,0,0,0,0,0,68,1,0
/Users/kaiohs/Downloads/codes/lab02-experimentacao-software/data/repos/NationalSecurityAgency__ghidra/Ghidra/Framework/SoftwareModeling/src/test/java/ghidra/program/database/mem/FileBytesTest.java,ghidra.program.database.mem.FileBytesTest,class,18,19,1,18,25,2,0,38,73,0.7333333,0.0,0.0,18,1,12,6,0,0,12,0,0,0,5,1,0,5,0,0,1,0,1,191,4,7,0,1,3,43,92,59,12,49,1,0,0,0,100,1,0
/Users/kaiohs/Downloads/codes/lab02-experimentacao-software/data/repos/NationalSecurityAgency__ghidra/Ghidra/Framework/SoftwareModeling/src/main/java/ghidra/app/plugin/assembler/sleigh/sem/DefaultAssemblyResolvedPatterns.java,ghidra.app.plugin.assembler.sleigh.sem.DefaultAssemblyResolvedPatterns$Anonymous1,anonymous,2,2,0,2,1,1,0,3,0,0.0,NaN,NaN,1,0,1,0,0,0,1,0,0,0,0,0,0,0,0,0,0,0,0,5,1,0,0,0,0,0,0,0,0,0,0,0,0,0,1,-1,0
/Users/kaiohs/Downloads/codes/lab02-experimentacao-software/data/repos/NationalSecurityAgency__ghidra/Ghidra/Framework/Emulation/src/main/java/ghidra/pcode/emu/jit/gen/FieldForPcodeOp.java,ghidra.pcode.emu.jit.gen.FieldForPcodeOp,class,11,13,2,11,10,1,0,27,3,0.44444445,0.0,0.0,6,2,4,0,0,2,6,0,0,0,3,0,0,3,0,0,3,0,5,34,6,1,3,0,0,5,1,7,0,6,1,0,0,0,36,1,0
/Users/kaiohs/Downloads/codes/lab02-experimentacao-software/data/repos/NationalSecurityAgency__ghidra/Ghidra/Framework/SoftwareModeling/src/main/java/ghidra/app/plugin/assembler/sleigh/sem/DefaultAssemblyResolvedPatterns.java,ghidra.app.plugin.assembler.sleigh.sem.DefaultAssemblyResolvedPatterns,class,20,23,3,20,122,2,0,118,667,0.78306884,0.0,0.0,63,2,39,1,23,0,62,0,0,0,9,4,0,0,9,0,9,0,13,554,90,13,30,0,2,16,22,192,15,60,3,1,0,1,244,1,0
/Users/kaiohs/Downloads/codes/lab02-experimentacao-software/data/repos/NationalSecurityAgency__ghidra/Ghidra/Framework/Emulation/src/main/java/ghidra/pcode/exec/InjectionErrorPcodeExecutionException.java,ghidra.pcode.exec.InjectionErrorPcodeExecutionException,class,2,3,1,2,1,5,0,0,0,0.0,NaN,NaN,1,0,1,0,0,0,1,0,0,0,0,0,0,0,0,0,0,0,0,5,0,0,0,0,0,1,0,0,0,0,0,0,0,0,27,1,0
/Users/kaiohs/Downloads/codes/lab02-experimentacao-software/data/repos/NationalSecurityAgency__ghidra/Ghidra/Framework/SoftwareModeling/src/main/java/ghidra/app/plugin/assembler/sleigh/sem/AssemblyConstructStateGenerator.java,ghidra.app.plugin.assembler.sleigh.sem.AssemblyConstructStateGenerator,class,17,20,3,17,11,2,1,41,15,0.0,0.0,0.0,6,0,2,0,4,0,6,0,0,0,0,0,0,0,0,0,0,0,6,66,9,1,3,0,0,0,3,24,2,28,2,0,0,5,223,1,0
/Users/kaiohs/Downloads/codes/lab02-experimentacao-software/data/repos/NationalSecurityAgency__ghidra/Ghidra/Framework/SoftwareModeling/src/test/java/ghidra/program/model/data/Float10DataTypeTest.java,ghidra.program.model.data.Float10DataTypeTest,class,9,10,1,9,3,2,0,12,1,0.33333334,0.0,0.0,3,1,2,1,0,0,2,0,0,0,1,1,0,1,0,0,1,0,1,64,1,0,0,0,0,22,165,32,0,6,0,0,0,0,30,1,0
/Users/kaiohs/Downloads/codes/lab02-experimentacao-software/data/repos/NationalSecurityAgency__ghidra/Ghidra/Test/DebuggerIntegrationTest/src/test/java/ghidra/app/plugin/core/debug/service/breakpoint/DebuggerRmiLogicalBreakpointServiceTest.java,ghidra.app.plugin.core.debug.service.breakpoint.DebuggerRmiLogicalBreakpointServiceTest,class,24,25,1,24,25,4,0,87,253,0.95652175,0.0,0.0,23,0,5,0,18,0,23,0,0,0,1,0,0,0,0,1,0,0,27,264,7,2,0,21,0,27,40,62,4,63,2,0,0,3,136,1,4
/Users/kaiohs/Downloads/codes/lab02-experimentacao-software/data/repos/NationalSecurityAgency__ghidra/Ghidra/Framework/Emulation/src/main/java/ghidra/pcode/exec/SleighUtils.java,ghidra.pcode.exec.SleighUtils,enum,22,23,1,22,137,7,0,59,298,0.94,0.0,0.0,25,23,20,5,0,0,20,0,0,0,2,2,2,0,0,0,2,0,134,611,46,4,12,6,1,98,119,35,9,58,7,3,3,28,268,1,0
/Users/kaiohs/Downloads/codes/lab02-experimentacao-software/data/repos/NationalSecurityAgency__ghidra/Ghidra/Framework/Emulation/src/main/java/generic/ULongSpan.java,generic.ULongSpan,interface,8,16,8,8,6,1,0,5,13,0.8888889,0.0,0.0,6,3,5,0,0,1,6,0,0,0,3,0,0,0,0,3,0,0,2,61,3,0,0,0,0,0,1,3,2,3,0,0,2,0,85,1,0
/Users/kaiohs/Downloads/codes/lab02-experimentacao-software/data/repos/NationalSecurityAgency__ghidra/Ghidra/Framework/SoftwareModeling/src/test/java/ghidra/program/model/data/DataOrganizationTestUtils.java,ghidra.program.model.data.DataOrganizationTestUtils,class,2,2,0,2,5,1,0,17,10,0.0,0.0,0.0,5,4,4,1,0,0,4,0,0,0,0,0,0,0,0,0,0,0,0,86,0,0,0,0,0,0,79,4,0,4,0,0,0,0,53,1,0
/Users/kaiohs/Downloads/codes/lab02-experimentacao-software/data/repos/NationalSecurityAgency__ghidra/Ghidra/Test/DebuggerIntegrationTest/src/test/java/ghidra/app/plugin/core/debug/service/tracermi/TraceRmiPerformanceTest.java,ghidra.app.plugin.core.debug.service.tracermi.TraceRmiPerformanceTest,class,29,29,0,29,9,8,0,23,9,0.75,0.0,0.0,6,0,6,0,0,0,6,0,0,0,2,2,2,0,0,0,2,0,2,391,0,3,0,13,0,19,38,33,10,33,4,0,15,0,72,1,0
/Users/kaiohs/Downloads/codes/lab02-experimentacao-software/data/repos/NationalSecurityAgency__ghidra/Ghidra/Framework/SoftwareModeling/src/main/java/ghidra/app/plugin/core/analysis/ReferenceAddressPair.java,ghidra.app.plugin.core.analysis.ReferenceAddressPair,class,2,3,1,2,8,1,0,2,0,0.2,0.0,0.0,5,0,5,0,0,0,5,0,0,0,2,0,0,2,0,0,0,0,0,32,5,0,2,0,1,0,0,7,0,5,1,0,0,0,18,1,0
/Users/kaiohs/Downloads/codes/lab02-experimentacao-software/data/repos/NationalSecurityAgency__ghidra/Ghidra/Framework/SoftwareModeling/src/test/java/ghidra/program/model/data/SettingsBuilder.java,ghidra.program.model.data.SettingsBuilder,class,7,13,6,7,18,1,0,16,0,0.11111111,0.0,0.0,18,0,18,0,0,0,18,0,0,0,1,0,0,1,0,0,0,0,0,60,12,0,0,0,0,0,0,1,0,1,0,0,0,0,68,1,0
/Users/kaiohs/Downloads/codes/lab02-experimentacao-software/data/repos/NationalSecurityAgency__ghidra/Ghidra/Test/IntegrationTest/src/test/java/ghidra/graph/program/AbstractBlockGraphTest.java,ghidra.graph.program.AbstractBlockGraphTest,class,13,16,3,13,9,2,2,27,4,0.7916666,0.0,0.0,9,0,2,2,5,0,7,0,0,0,8,2,0,1,7,0,2,0,0,66,2,0,0,0,0,27,10,9,0,9,0,0,0,0,66,1,0
/Users/kaiohs/Downloads/codes/lab02-experimentacao-software/data/repos/NationalSecurityAgency__ghidra/Ghidra/Framework/Pty/src/main/java/ghidra/pty/macos/MacosPtySessionLeader.java,ghidra.pty.macos.MacosPtySessionLeader,class,4,6,2,4,2,2,0,2,1,0.0,0.0,0.0,2,1,1,0,1,0,2,0,0,0,0,0,0,0,0,0,0,0,0,10,1,0,0,0,0,0,0,1,0,1,0,0,0,0,11,1,0
/Users/kaiohs/Downloads/codes/lab02-experimentacao-software/data/repos/NationalSecurityAgency__ghidra/GhidraBuild/BuildFiles/Doclets/src/main/java/ghidra/doclets/typestubs/PythonTypeStubMethod.java,ghidra.doclets.typestubs.PythonTypeStubMethod,class,5,10,5,5,52,2,0,55,118,0.9270833,0.0,0.0,16,2,1,7,0,8,9,0,0,0,6,3,0,4,0,2,4,0,34,238,28,4,12,1,1,80,13,33,8,30,3,0,1,0,140,16,0
/Users/kaiohs/Downloads/codes/lab02-experimentacao-software/data/repos/NationalSecurityAgency__ghidra/Ghidra/Framework/SoftwareModeling/src/test/java/ghidra/program/model/address/GenericAddressTest.java,ghidra.program.model.address.GenericAddressTest,class,10,10,0,10,31,3,0,19,38,0.7941176,0.0,0.0,17,0,17,0,0,0,17,0,0,0,6,0,0,6,0,0,0,0,0,251,0,0,4,7,0,25,144,77,1,59,1,0,1,0,71,1,0
/Users/kaiohs/Downloads/codes/lab02-experimentacao-software/data/repos/NationalSecurityAgency__ghidra/Ghidra/Framework/SoftwareModeling/src/test/java/ghidra/program/model/data/IntegerDataTypeTest.java,ghidra.program.model.data.IntegerDataTypeTest,class,11,12,1,11,14,2,0,15,0,0.7032967,0.0,0.0,13,3,10,3,0,0,10,0,0,0,7,7,0,7,0,0,7,0,34,122,3,0,0,1,0,56,159,19,0,19,1,0,1,17,62,1,0
/Users/kaiohs/Downloads/codes/lab02-experimentacao-software/data/repos/NationalSecurityAgency__ghidra/Ghidra/Framework/SoftwareModeling/src/main/java/ghidra/app/plugin/assembler/sleigh/parse/AssemblyParseActionGotoTable.java,ghidra.app.plugin.assembler.sleigh.parse.AssemblyParseActionGotoTable$Action,innerclass,1,1,0,1,4,1,0,4,3,0.0,0.0,0.0,3,0,3,0,0,0,3,0,0,0,0,0,0,0,0,0,0,0,0,14,4,0,0,0,1,0,0,0,0,0,1,0,0,0,17,1033,0
/Users/kaiohs/Downloads/codes/lab02-experimentacao-software/data/repos/NationalSecurityAgency__ghidra/Ghidra/Framework/SoftwareModeling/src/main/java/ghidra/app/plugin/assembler/sleigh/sem/AssemblyGeneratedPrototype.java,ghidra.app.plugin.assembler.sleigh.sem.AssemblyGeneratedPrototype,class,2,9,7,2,2,1,0,0,0,0.0,0.0,0.0,2,0,2,0,0,0,2,0,0,0,2,0,0,0,2,0,2,0,0,11,1,0,0,0,0,2,0,2,1,2,0,0,0,0,45,1,0
/Users/kaiohs/Downloads/codes/lab02-experimentacao-software/data/repos/NationalSecurityAgency__ghidra/Ghidra/Framework/Emulation/src/main/java/ghidra/pcode/emu/jit/gen/op/IntPredBinOpGen.java,ghidra.pcode.emu.jit.gen.op.IntPredBinOpGen,interface,22,26,4,22,7,1,0,10,21,0.0,0.0,0.0,7,0,0,0,0,7,7,0,0,0,0,0,0,0,0,0,0,0,0,16,3,0,0,0,0,0,7,0,6,0,0,0,0,0,92,1,0
/Users/kaiohs/Downloads/codes/lab02-experimentacao-software/data/repos/NationalSecurityAgency__ghidra/Ghidra/Framework/Emulation/src/main/java/ghidra/pcode/exec/BytesPcodeExecutorState.java,ghidra.pcode.exec.BytesPcodeExecutorState,class,7,9,2,7,3,3,0,1,3,0.0,0.0,0.0,3,0,2,0,1,0,3,0,0,0,0,0,0,0,0,0,0,0,0,11,1,0,0,0,0,0,0,0,0,0,0,0,0,0,25,1,0
/Users/kaiohs/Downloads/codes/lab02-experimentacao-software/data/repos/NationalSecurityAgency__ghidra/Ghidra/Test/DebuggerIntegrationTest/src/screen/java/ghidra/app/plugin/core/debug/gui/breakpoint/DebuggerBreakpointsPluginScreenShots.java,ghidra.app.plugin.core.debug.gui.breakpoint.DebuggerBreakpointsPluginScreenShots,class,29,30,1,29,8,2,0,47,0,0.53333336,0.0,0.0,5,2,3,0,2,0,5,0,0,0,6,0,0,0,0,6,0,0,12,91,2,2,1,6,0,27,19,24,2,24,2,0,0,2,76,1,5
/Users/kaiohs/Downloads/codes/lab02-experimentacao-software/data/repos/NationalSecurityAgency__ghidra/Ghidra/Framework/Emulation/src/main/java/ghidra/pcode/emu/jit/gen/util/Types.java,ghidra.pcode.emu.jit.gen.util.TShort,enum,2,5,3,2,3,1,0,0,3,0.0,0.0,0.0,3,0,3,0,0,0,3,0,0,0,0,0,0,0,0,0,0,0,0,11,3,0,0,0,0,0,0,0,0,0,0,0,0,0,15,1,0
/Users/kaiohs/Downloads/codes/lab02-experimentacao-software/data/repos/NationalSecurityAgency__ghidra/Ghidra/Framework/Pty/src/main/java/ghidra/pty/windows/jna/ConsoleApiNative.java,ghidra.pty.windows.jna.ConsoleApiNative$SECURITY_ATTRIBUTES$ByReference,innerclass,2,2,0,2,0,3,0,0,0,0.0,-1.0,-1.0,0,0,0,0,0,0,0,0,0,0,0,0,0,0,0,0,0,0,0,2,0,0,0,0,0,0,0,0,0,0,0,0,0,0,13,9,0
/Users/kaiohs/Downloads/codes/lab02-experimentacao-software/data/repos/NationalSecurityAgency__ghidra/Ghidra/Framework/SoftwareModeling/src/test.slow/java/ghidra/program/model/data/FloatDataTypeTest.java,ghidra.program.model.data.FloatDataTypeTest,class,7,8,1,7,3,2,0,10,3,0.0,0.0,0.0,3,0,2,1,0,0,2,0,0,0,0,0,0,0,0,0,0,0,16,77,1,0,0,0,0,10,45,51,0,9,0,0,0,0,32,1,0
/Users/kaiohs/Downloads/codes/lab02-experimentacao-software/data/repos/NationalSecurityAgency__ghidra/Ghidra/Framework/Emulation/src/main/java/ghidra/pcode/emu/jit/gen/access/IntAccessGen.java,ghidra.pcode.emu.jit.gen.access.IntAccessGen,enum,2,7,5,2,1,1,0,0,0,0.0,NaN,NaN,1,1,1,0,0,0,1,0,0,0,0,0,0,0,0,0,0,0,0,55,1,0,0,0,0,0,0,0,0,0,0,2,0,0,24,1,0
/Users/kaiohs/Downloads/codes/lab02-experimentacao-software/data/repos/NationalSecurityAgency__ghidra/GhidraBuild/EclipsePlugins/GhidraDev/GhidraDevPlugin/src/main/java/ghidradev/ghidraprojectcreator/testers/JavaProjectPropertyTester.java,ghidradev.ghidraprojectcreator.testers.JavaProjectPropertyTester,class,2,2,0,2,1,2,0,2,0,0.0,NaN,NaN,1,0,1,0,0,0,1,0,0,0,0,0,0,0,0,0,0,0,2,5,1,0,0,0,0,0,0,0,0,0,0,0,0,0,19,1,0
/Users/kaiohs/Downloads/codes/lab02-experimentacao-software/data/repos/NationalSecurityAgency__ghidra/Ghidra/Framework/Emulation/src/test/java/ghidra/pcode/exec/AnnotatedPcodeUseropLibraryTest.java,ghidra.pcode.exec.AnnotatedPcodeUseropLibraryTest$Anonymous28,anonymous,3,3,0,3,1,1,0,0,0,0.0,-1.0,-1.0,1,0,0,1,0,0,0,0,0,0,0,0,0,0,0,0,0,0,0,4,0,0,0,0,0,0,0,0,0,0,0,0,0,0,4,-1,0
/Users/kaiohs/Downloads/codes/lab02-experimentacao-software/data/repos/NationalSecurityAgency__ghidra/GPL/DMG/src/dmg/java/mobiledevices/dmg/ghidra/GBinaryReader.java,mobiledevices.dmg.ghidra.GBinaryReader,class,9,18,9,9,124,1,0,43,842,0.82637364,0.0,0.0,65,0,61,0,4,0,65,0,0,0,7,4,4,3,0,0,4,0,0,458,58,16,19,0,26,13,62,138,32,75,3,0,0,0,178,1,0
/Users/kaiohs/Downloads/codes/lab02-experimentacao-software/data/repos/NationalSecurityAgency__ghidra/Ghidra/Framework/Emulation/src/test/java/ghidra/pcode/exec/AnnotatedPcodeUseropLibraryTest.java,ghidra.pcode.exec.AnnotatedPcodeUseropLibraryTest$Anonymous29,anonymous,1,1,0,1,1,1,0,0,0,0.0,-1.0,-1.0,1,0,0,1,0,0,0,0,0,0,0,0,0,0,0,0,0,0,0,4,0,0,0,0,0,0,0,0,0,0,0,0,0,0,4,-1,0
/Users/kaiohs/Downloads/codes/lab02-experimentacao-software/data/repos/NationalSecurityAgency__ghidra/Ghidra/Framework/Emulation/src/test/java/ghidra/pcode/exec/AnnotatedPcodeUseropLibraryTest.java,ghidra.pcode.exec.AnnotatedPcodeUseropLibraryTest$Anonymous26,anonymous,3,3,0,3,1,1,0,0,0,0.0,-1.0,-1.0,1,0,0,1,0,0,0,0,0,0,0,0,0,0,0,0,0,0,0,4,0,0,0,0,0,0,0,0,0,0,0,0,0,0,3,-1,0
/Users/kaiohs/Downloads/codes/lab02-experimentacao-software/data/repos/NationalSecurityAgency__ghidra/Ghidra/Framework/Emulation/src/test/java/ghidra/pcode/exec/AnnotatedPcodeUseropLibraryTest.java,ghidra.pcode.exec.AnnotatedPcodeUseropLibraryTest$Anonymous27,anonymous,3,3,0,3,1,1,0,0,0,0.0,-1.0,-1.0,1,0,0,1,0,0,0,0,0,0,0,0,0,0,0,0,0,0,0,4,0,0,0,0,0,0,0,0,0,0,0,0,0,0,3,-1,0
/Users/kaiohs/Downloads/codes/lab02-experimentacao-software/data/repos/NationalSecurityAgency__ghidra/Ghidra/Framework/Emulation/src/main/java/ghidra/pcode/emu/jit/gen/util/Types.java,ghidra.pcode.emu.jit.gen.util.Types$BNonVoid,interface,2,2,0,2,1,1,0,0,0,0.0,NaN,NaN,1,0,0,0,0,1,1,0,0,0,0,0,0,0,0,0,0,0,0,3,0,0,0,0,0,0,0,0,0,0,0,0,0,0,29,1,0
/Users/kaiohs/Downloads/codes/lab02-experimentacao-software/data/repos/NationalSecurityAgency__ghidra/Ghidra/Framework/Emulation/src/main/java/ghidra/pcode/emu/jit/decode/JitPassageDecoder.java,ghidra.pcode.emu.jit.decode.JitPassageDecoder,class,12,16,4,12,6,1,0,11,4,0.7,0.0,0.0,4,0,3,0,0,1,4,0,0,0,5,0,0,0,0,5,5,0,0,30,4,0,1,1,0,0,0,6,0,6,1,0,0,0,332,1,0
/Users/kaiohs/Downloads/codes/lab02-experimentacao-software/data/repos/NationalSecurityAgency__ghidra/Ghidra/Framework/Emulation/src/test/java/ghidra/pcode/exec/AnnotatedPcodeUseropLibraryTest.java,ghidra.pcode.exec.AnnotatedPcodeUseropLibraryTest$Anonymous30,anonymous,2,2,0,2,1,1,0,0,0,0.0,-1.0,-1.0,1,0,0,1,0,0,0,0,0,0,0,0,0,0,0,0,0,0,0,4,0,0,0,0,0,0,0,0,0,0,0,0,0,0,5,-1,0
/Users/kaiohs/Downloads/codes/lab02-experimentacao-software/data/repos/NationalSecurityAgency__ghidra/Ghidra/Framework/SoftwareModeling/src/test/java/ghidra/pcode/floatformat/BigFloatTest.java,ghidra.pcode.floatformat.BigFloatTest$UnaryOp,interface,1,1,0,1,1,1,0,0,0,0.0,NaN,NaN,1,0,0,0,0,1,1,0,0,0,0,0,0,0,0,0,0,0,0,3,0,0,0,0,0,0,0,0,0,0,0,0,0,0,3,0,0
/Users/kaiohs/Downloads/codes/lab02-experimentacao-software/data/repos/NationalSecurityAgency__ghidra/Ghidra/Framework/SoftwareModeling/src/test/java/ghidra/app/plugin/assembler/sleigh/SolverTest.java,ghidra.app.plugin.assembler.sleigh.SolverTest,class,22,24,2,22,19,1,0,46,85,0.73333335,0.0,0.0,15,2,15,0,0,0,15,0,0,0,4,4,0,3,0,1,4,0,33,301,2,0,0,2,0,39,119,86,1,44,1,3,0,0,143,1,1
/Users/kaiohs/Downloads/codes/lab02-experimentacao-software/data/repos/NationalSecurityAgency__ghidra/Ghidra/Framework/SoftwareModeling/src/test/java/ghidra/program/model/StubProgram.java,ghidra.program.model.StubProgram,class,42,44,2,42,115,1,0,0,6555,0.0,0.0,0.0,115,0,115,0,0,0,115,0,0,0,0,0,0,0,0,0,0,0,0,347,3,0,0,0,0,1,0,0,0,0,0,0,0,0,170,1,0
/Users/kaiohs/Downloads/codes/lab02-experimentacao-software/data/repos/NationalSecurityAgency__ghidra/Ghidra/Framework/SoftwareModeling/src/main/java/ghidra/app/plugin/assembler/sleigh/sem/AbstractAssemblyTreeResolver.java,ghidra.app.plugin.assembler.sleigh.sem.AbstractAssemblyTreeResolver$Anonymous1,anonymous,3,3,0,3,5,1,0,2,10,0.0,0.0,0.0,5,0,5,0,0,0,5,0,0,0,0,0,0,0,0,0,0,0,0,17,4,0,0,0,0,1,0,0,1,0,0,0,0,0,20,-1,0
/Users/kaiohs/Downloads/codes/lab02-experimentacao-software/data/repos/NationalSecurityAgency__ghidra/GhidraBuild/BuildFiles/Doclets/src/main/java/ghidra/doclets/typestubs/PythonTypeStubDoclet.java,ghidra.doclets.typestubs.PythonTypeStubDoclet,class,17,24,7,17,50,1,0,81,159,0.8737374,0.0,0.0,22,1,5,4,0,13,18,0,0,0,9,0,0,9,0,0,0,0,8,264,26,2,11,1,0,10,7,35,3,37,4,3,0,6,192,1,0
/Users/kaiohs/Downloads/codes/lab02-experimentacao-software/data/repos/NationalSecurityAgency__ghidra/Ghidra/Framework/Emulation/src/main/java/ghidra/pcode/emu/jit/gen/op/BranchOpGen.java,ghidra.pcode.emu.jit.gen.op.BranchOpGen$UBranchGen,innerclass,12,12,0,12,1,2,0,0,0,0.0,NaN,NaN,1,0,0,0,0,1,1,0,0,0,0,0,0,0,0,0,0,0,0,4,0,0,0,0,0,0,0,0,0,0,0,0,0,0,34,1032,0
/Users/kaiohs/Downloads/codes/lab02-experimentacao-software/data/repos/NationalSecurityAgency__ghidra/Ghidra/Test/DebuggerIntegrationTest/src/test/java/ghidra/app/plugin/core/debug/service/tracermi/TraceRmiPerformanceTest.java,ghidra.app.plugin.core.debug.service.tracermi.TraceRmiPerformanceTest$TraceHandle,interface,7,7,0,7,5,1,0,7,6,0.0,0.0,0.0,4,0,0,0,0,4,4,0,0,0,0,0,0,0,0,0,0,0,1,15,0,1,0,1,0,1,3,5,1,5,2,0,0,0,34,0,0
/Users/kaiohs/Downloads/codes/lab02-experimentacao-software/data/repos/NationalSecurityAgency__ghidra/Ghidra/Framework/Pty/src/main/java/ghidra/pty/ShellUtils.java,ghidra.pty.ShellUtils,class,2,4,2,2,34,1,0,28,15,0.0,0.0,0.0,6,6,6,0,0,0,6,0,0,0,0,0,0,0,0,0,0,0,7,124,11,2,1,0,0,19,7,19,5,10,3,0,1,1,45,1,0
/Users/kaiohs/Downloads/codes/lab02-experimentacao-software/data/repos/NationalSecurityAgency__ghidra/Ghidra/Framework/SoftwareModeling/src/main/java/ghidra/app/plugin/assembler/sleigh/parse/AssemblyFirstFollow.java,ghidra.app.plugin.assembler.sleigh.parse.AssemblyFirstFollow,class,8,11,3,8,30,1,0,21,0,0.46875,0.0,0.0,8,0,5,0,3,0,8,0,0,0,4,0,0,4,0,0,4,0,3,108,3,14,0,0,0,8,2,25,6,16,7,0,0,0,73,1,0
/Users/kaiohs/Downloads/codes/lab02-experimentacao-software/data/repos/NationalSecurityAgency__ghidra/Ghidra/Test/DebuggerIntegrationTest/src/test.slow/java/agent/drgn/rmi/DrgnConnectorsTest.java,agent.drgn.rmi.DrgnConnectorsTest,class,7,8,1,7,5,4,0,20,10,0.0,0.0,0.0,5,0,3,0,2,0,5,0,0,0,0,0,0,0,0,0,0,0,7,27,2,0,0,3,0,15,0,3,0,3,1,0,0,0,42,1,0
/Users/kaiohs/Downloads/codes/lab02-experimentacao-software/data/repos/NationalSecurityAgency__ghidra/Ghidra/Framework/Pty/src/main/java/ghidra/pty/unix/PosixC.java,ghidra.pty.unix.PosixC$ControllingTty,innerclass,4,4,0,4,0,4,0,0,0,NaN,-1.0,-1.0,0,0,0,0,0,0,0,0,0,0,1,0,1,0,0,0,0,0,0,5,0,0,0,0,0,1,0,0,0,1,0,0,1,0,4,0,0
/Users/kaiohs/Downloads/codes/lab02-experimentacao-software/data/repos/NationalSecurityAgency__ghidra/Ghidra/Framework/Emulation/src/test/java/ghidra/pcode/exec/AnnotatedPcodeUseropLibraryTest.java,ghidra.pcode.exec.AnnotatedPcodeUseropLibraryTest$Anonymous19,anonymous,2,2,0,2,1,1,0,0,0,0.0,-1.0,-1.0,1,0,0,1,0,0,0,0,0,0,0,0,0,0,0,0,0,0,0,4,0,0,0,0,0,0,0,0,0,0,0,0,0,0,3,-1,0
/Users/kaiohs/Downloads/codes/lab02-experimentacao-software/data/repos/NationalSecurityAgency__ghidra/Ghidra/Framework/Emulation/src/main/java/ghidra/app/emulator/AdaptedEmulator.java,ghidra.app.emulator.AdaptedEmulator$AdaptedStateCallbacks,innerclass,11,11,0,11,7,1,0,12,0,0.0,0.0,0.0,2,0,2,0,0,0,2,0,0,0,1,0,0,1,0,0,1,0,1,31,4,1,2,0,0,2,1,7,2,7,2,0,0,0,36,0,0
/Users/kaiohs/Downloads/codes/lab02-experimentacao-software/data/repos/NationalSecurityAgency__ghidra/Ghidra/Test/IntegrationTest/src/test.slow/java/ghidra/framework/main/NewProjectWizardTest.java,ghidra.framework.main.NewProjectWizardTest,class,21,22,1,21,24,2,0,54,42,0.8214285,0.0,0.0,12,1,7,5,0,0,7,0,0,0,7,3,0,7,0,0,2,0,20,351,3,0,2,7,0,63,10,82,4,78,2,0,0,10,122,1,0
/Users/kaiohs/Downloads/codes/lab02-experimentacao-software/data/repos/NationalSecurityAgency__ghidra/Ghidra/Framework/Pty/src/main/java/ghidra/pty/windows/PseudoConsoleHandle.java,ghidra.pty.windows.PseudoConsoleHandle,class,6,10,4,6,3,3,0,3,3,0.0,0.0,0.0,3,0,2,0,1,0,3,0,0,0,0,0,0,0,0,0,0,0,0,22,1,0,0,0,0,0,0,3,0,1,0,0,1,0,18,1,0
/Users/kaiohs/Downloads/codes/lab02-experimentacao-software/data/repos/NationalSecurityAgency__ghidra/Ghidra/Framework/Emulation/src/test/java/ghidra/pcode/exec/AnnotatedPcodeUseropLibraryTest.java,ghidra.pcode.exec.AnnotatedPcodeUseropLibraryTest$Anonymous17,anonymous,1,1,0,1,1,1,0,0,0,0.0,-1.0,-1.0,1,0,0,1,0,0,0,0,0,0,0,0,0,0,0,0,0,0,0,5,1,0,0,0,0,0,1,0,0,0,0,0,0,0,2,-1,0
/Users/kaiohs/Downloads/codes/lab02-experimentacao-software/data/repos/NationalSecurityAgency__ghidra/Ghidra/Framework/Emulation/src/test/java/ghidra/pcode/exec/AnnotatedPcodeUseropLibraryTest.java,ghidra.pcode.exec.AnnotatedPcodeUseropLibraryTest$Anonymous18,anonymous,1,1,0,1,1,1,0,0,0,0.0,-1.0,-1.0,1,0,0,1,0,0,0,0,0,0,0,0,0,0,0,0,0,0,0,4,0,0,0,0,0,0,0,0,0,0,0,0,0,0,3,-1,0
/Users/kaiohs/Downloads/codes/lab02-experimentacao-software/data/repos/NationalSecurityAgency__ghidra/Ghidra/Framework/Emulation/src/test/java/ghidra/pcode/exec/AnnotatedPcodeUseropLibraryTest.java,ghidra.pcode.exec.AnnotatedPcodeUseropLibraryTest$Anonymous15,anonymous,2,2,0,2,1,1,0,0,0,0.0,-1.0,-1.0,1,0,0,1,0,0,0,0,0,0,0,0,0,0,0,0,0,0,0,4,0,0,0,0,0,0,0,0,0,0,0,0,0,0,4,-1,0
/Users/kaiohs/Downloads/codes/lab02-experimentacao-software/data/repos/NationalSecurityAgency__ghidra/Ghidra/Framework/Emulation/src/test/java/ghidra/pcode/exec/AnnotatedPcodeUseropLibraryTest.java,ghidra.pcode.exec.AnnotatedPcodeUseropLibraryTest$Anonymous16,anonymous,2,2,0,2,1,1,0,0,0,0.0,-1.0,-1.0,1,0,0,1,0,0,0,0,0,0,0,0,0,0,0,0,0,0,0,4,0,0,0,0,0,0,0,0,0,0,0,0,0,0,4,-1,0
/Users/kaiohs/Downloads/codes/lab02-experimentacao-software/data/repos/NationalSecurityAgency__ghidra/Ghidra/Framework/Emulation/src/test/java/ghidra/pcode/exec/AnnotatedPcodeUseropLibraryTest.java,ghidra.pcode.exec.AnnotatedPcodeUseropLibraryTest$Anonymous24,anonymous,2,2,0,2,1,1,0,0,0,0.0,-1.0,-1.0,1,0,0,1,0,0,0,0,0,0,0,0,0,0,0,0,0,0,0,4,0,0,0,0,0,0,0,0,0,0,0,0,0,0,5,-1,0
/Users/kaiohs/Downloads/codes/lab02-experimentacao-software/data/repos/NationalSecurityAgency__ghidra/GhidraDocs/GhidraClass/Debugger/ghidra_scripts/ModelingScript.java,ModelingScript$JavaStdLibPcodeUseropLibrary,innerclass,12,12,0,12,5,2,0,11,0,0.26666668,0.0,0.0,3,0,3,0,0,0,3,0,0,0,5,0,0,5,0,0,5,0,1,37,0,1,1,0,1,4,7,17,2,17,2,0,0,0,39,9,0
/Users/kaiohs/Downloads/codes/lab02-experimentacao-software/data/repos/NationalSecurityAgency__ghidra/Ghidra/Framework/Emulation/src/test/java/ghidra/pcode/exec/AnnotatedPcodeUseropLibraryTest.java,ghidra.pcode.exec.AnnotatedPcodeUseropLibraryTest$Anonymous25,anonymous,3,3,0,3,1,1,0,0,0,0.0,-1.0,-1.0,1,0,0,1,0,0,0,0,0,0,0,0,0,0,0,0,0,0,0,4,0,0,0,0,0,0,0,0,0,0,0,0,0,0,3,-1,0
/Users/kaiohs/Downloads/codes/lab02-experimentacao-software/data/repos/NationalSecurityAgency__ghidra/Ghidra/Framework/Emulation/src/test/java/ghidra/pcode/opbehavior/OpBehaviorFloatNanTest.java,ghidra.pcode.opbehavior.OpBehaviorFloatNanTest,class,4,4,0,4,3,3,0,7,3,0.0,0.0,0.0,3,0,3,0,0,0,3,0,0,0,0,0,0,0,0,0,0,0,0,19,0,0,0,0,0,0,20,4,0,4,0,0,0,0,16,1,0
/Users/kaiohs/Downloads/codes/lab02-experimentacao-software/data/repos/NationalSecurityAgency__ghidra/Ghidra/Framework/Emulation/src/test/java/ghidra/pcode/exec/AnnotatedPcodeUseropLibraryTest.java,ghidra.pcode.exec.AnnotatedPcodeUseropLibraryTest$Anonymous22,anonymous,3,3,0,3,1,1,0,0,0,0.0,-1.0,-1.0,1,0,0,1,0,0,0,0,0,0,0,0,0,0,0,0,0,0,0,4,0,0,0,0,0,0,0,0,0,0,0,0,0,0,3,-1,0
/Users/kaiohs/Downloads/codes/lab02-experimentacao-software/data/repos/NationalSecurityAgency__ghidra/Ghidra/Framework/Emulation/src/test/java/ghidra/pcode/exec/AnnotatedPcodeUseropLibraryTest.java,ghidra.pcode.exec.AnnotatedPcodeUseropLibraryTest$Anonymous23,anonymous,2,2,0,2,1,1,0,0,0,0.0,-1.0,-1.0,1,0,0,1,0,0,0,0,0,0,0,0,0,0,0,0,0,0,0,4,0,0,0,0,0,0,0,0,0,0,0,0,0,0,3,-1,0
/Users/kaiohs/Downloads/codes/lab02-experimentacao-software/data/repos/NationalSecurityAgency__ghidra/Ghidra/Framework/Emulation/src/test/java/ghidra/pcode/exec/AnnotatedPcodeUseropLibraryTest.java,ghidra.pcode.exec.AnnotatedPcodeUseropLibraryTest$Anonymous20,anonymous,3,3,0,3,1,1,0,0,0,0.0,-1.0,-1.0,1,0,0,1,0,0,0,0,0,0,0,0,0,0,0,0,0,0,0,4,0,0,0,0,0,0,0,0,0,0,0,0,0,0,3,-1,0
/Users/kaiohs/Downloads/codes/lab02-experimentacao-software/data/repos/NationalSecurityAgency__ghidra/Ghidra/Framework/Emulation/src/test/java/ghidra/pcode/exec/AnnotatedPcodeUseropLibraryTest.java,ghidra.pcode.exec.AnnotatedPcodeUseropLibraryTest$Anonymous21,anonymous,2,2,0,2,1,1,0,0,0,0.0,-1.0,-1.0,1,0,0,1,0,0,0,0,0,0,0,0,0,0,0,0,0,0,0,4,0,0,0,0,0,0,0,0,0,0,0,0,0,0,3,-1,0
/Users/kaiohs/Downloads/codes/lab02-experimentacao-software/data/repos/NationalSecurityAgency__ghidra/Ghidra/Test/IntegrationTest/src/test.slow/java/ghidra/framework/plugintool/testplugins/InitFailServiceB.java,ghidra.framework.plugintool.testplugins.InitFailServiceB,interface,2,4,2,2,0,1,0,0,0,0.0,-1.0,-1.0,0,0,0,0,0,0,0,0,0,0,0,0,0,0,0,0,0,0,0,2,0,0,0,0,0,1,0,0,0,0,0,0,0,0,10,1,0
/Users/kaiohs/Downloads/codes/lab02-experimentacao-software/data/repos/NationalSecurityAgency__ghidra/Ghidra/Test/DebuggerIntegrationTest/src/test/java/ghidra/app/plugin/core/debug/gui/tracermi/launcher/TraceRmiLauncherServicePluginTest.java,ghidra.app.plugin.core.debug.gui.tracermi.launcher.TraceRmiLauncherServicePluginTest,class,15,16,1,15,12,2,0,39,16,0.5,0.0,0.0,8,0,5,0,3,0,8,0,0,0,1,0,0,0,0,1,0,0,0,78,3,0,4,5,0,13,0,12,0,12,2,2,0,1,86,1,4
/Users/kaiohs/Downloads/codes/lab02-experimentacao-software/data/repos/NationalSecurityAgency__ghidra/Ghidra/Test/IntegrationTest/src/screen/java/help/screenshot/ImporterPluginScreenShots.java,help.screenshot.ImporterPluginScreenShots,class,13,14,1,13,9,2,0,26,36,0.0,0.0,0.0,9,0,5,4,0,0,5,0,0,0,0,0,0,0,0,0,0,0,0,88,2,0,0,0,0,21,6,16,0,15,1,1,0,4,69,1,0
/Users/kaiohs/Downloads/codes/lab02-experimentacao-software/data/repos/NationalSecurityAgency__ghidra/Ghidra/Framework/Emulation/src/main/java/ghidra/pcode/exec/PcodeUseropLibrary.java,ghidra.pcode.exec.PcodeUseropLibrary,interface,8,44,36,8,13,1,0,16,9,0.5,0.0,0.0,6,2,1,0,0,5,6,0,0,0,1,0,0,0,0,1,0,0,1,71,8,2,3,0,0,2,3,12,1,12,2,0,2,0,127,1,0
/Users/kaiohs/Downloads/codes/lab02-experimentacao-software/data/repos/NationalSecurityAgency__ghidra/Ghidra/Framework/SoftwareModeling/src/main/java/ghidra/app/plugin/assembler/sleigh/parse/AssemblyParser.java,ghidra.app.plugin.assembler.sleigh.parse.AssemblyParser$MergeKey,innerclass,2,2,0,2,9,1,0,3,0,0.0,0.0,0.0,4,0,3,0,1,0,4,0,0,0,2,0,0,0,0,2,0,0,0,40,8,0,3,0,1,0,5,9,1,5,1,0,0,0,29,12,0
/Users/kaiohs/Downloads/codes/lab02-experimentacao-software/data/repos/NationalSecurityAgency__ghidra/Ghidra/Test/IntegrationTest/src/screen/java/help/screenshot/ByteViewerPluginScreenShots.java,help.screenshot.ByteViewerPluginScreenShots,class,8,8,0,8,5,2,0,13,10,0.0,0.0,0.0,5,0,5,0,0,0,5,0,0,0,0,0,0,0,0,0,0,0,0,48,0,0,0,0,0,4,23,7,0,7,0,0,0,1,41,1,0
/Users/kaiohs/Downloads/codes/lab02-experimentacao-software/data/repos/NationalSecurityAgency__ghidra/Ghidra/Framework/Emulation/src/main/java/ghidra/pcode/emu/jit/gen/util/Emitter.java,ghidra.pcode.emu.jit.gen.util.Emitter$A4Function,interface,5,5,0,5,1,1,0,0,0,0.0,NaN,NaN,1,0,0,0,0,1,1,0,0,0,0,0,0,0,0,0,0,0,0,3,0,0,0,0,0,0,0,0,0,0,0,0,0,0,19,1,0
/Users/kaiohs/Downloads/codes/lab02-experimentacao-software/data/repos/NationalSecurityAgency__ghidra/Ghidra/Test/IntegrationTest/src/test.slow/java/ghidra/pcode/emu/jit/gen/AbstractJitCodeGeneratorTest.java,ghidra.pcode.emu.jit.gen.AbstractJitCodeGeneratorTest$TestUseropLibrary,innerclass,12,12,0,12,11,2,0,7,19,0.8214286,0.0,0.0,7,2,7,0,0,0,7,0,0,0,4,0,0,0,0,4,0,0,2,50,6,2,2,0,0,5,27,20,10,7,1,0,0,0,33,9,0
/Users/kaiohs/Downloads/codes/lab02-experimentacao-software/data/repos/NationalSecurityAgency__ghidra/Ghidra/Framework/Emulation/src/test/java/ghidra/pcode/exec/AnnotatedPcodeUseropLibraryTest.java,ghidra.pcode.exec.AnnotatedPcodeUseropLibraryTest$Anonymous13,anonymous,10,10,0,10,1,1,0,0,0,0.0,-1.0,-1.0,1,0,0,1,0,0,0,0,0,0,6,0,0,0,0,6,0,0,0,17,1,0,0,0,0,0,0,6,0,6,0,0,0,0,11,-1,0
/Users/kaiohs/Downloads/codes/lab02-experimentacao-software/data/repos/NationalSecurityAgency__ghidra/Ghidra/Framework/Emulation/src/test/java/ghidra/pcode/exec/AnnotatedPcodeUseropLibraryTest.java,ghidra.pcode.exec.AnnotatedPcodeUseropLibraryTest$Anonymous14,anonymous,0,0,0,0,1,1,0,0,0,0.0,-1.0,-1.0,1,0,0,1,0,0,0,0,0,0,0,0,0,0,0,0,0,0,0,4,0,0,0,0,0,1,0,0,0,0,0,0,0,0,2,-1,0
/Users/kaiohs/Downloads/codes/lab02-experimentacao-software/data/repos/NationalSecurityAgency__ghidra/Ghidra/Framework/SoftwareModeling/src/test/java/ghidra/program/model/address/SegmentedAddressSpaceTest.java,ghidra.program.model.address.SegmentedAddressSpaceTest,class,9,10,1,9,27,2,0,19,0,0.1,0.0,0.0,10,0,9,1,0,0,9,0,0,0,1,0,0,1,0,0,0,0,0,162,1,0,2,12,0,26,163,19,0,9,1,0,0,0,57,1,0
/Users/kaiohs/Downloads/codes/lab02-experimentacao-software/data/repos/NationalSecurityAgency__ghidra/Ghidra/Framework/Emulation/src/test/java/ghidra/pcode/exec/AnnotatedPcodeUseropLibraryTest.java,ghidra.pcode.exec.AnnotatedPcodeUseropLibraryTest$Anonymous11,anonymous,3,3,0,3,1,1,0,0,0,0.0,-1.0,-1.0,1,0,0,1,0,0,0,0,0,0,1,0,0,0,0,1,0,0,0,6,0,0,0,0,0,0,0,1,0,1,0,0,0,0,5,-1,0
/Users/kaiohs/Downloads/codes/lab02-experimentacao-software/data/repos/NationalSecurityAgency__ghidra/Ghidra/Test/IntegrationTest/src/screen/java/help/screenshot/RegisterPluginScreenShots.java,help.screenshot.RegisterPluginScreenShots,class,13,14,1,13,9,2,0,25,30,0.6666667,0.0,0.0,9,0,6,3,0,0,6,0,0,0,1,0,0,1,0,0,0,0,1,63,0,0,0,0,0,9,24,12,0,12,1,0,0,1,74,1,0
/Users/kaiohs/Downloads/codes/lab02-experimentacao-software/data/repos/NationalSecurityAgency__ghidra/Ghidra/Framework/Emulation/src/test/java/ghidra/pcode/exec/AnnotatedPcodeUseropLibraryTest.java,ghidra.pcode.exec.AnnotatedPcodeUseropLibraryTest$Anonymous12,anonymous,1,1,0,1,1,1,0,1,0,0.0,-1.0,-1.0,1,1,0,1,0,0,0,0,0,0,0,0,0,0,0,0,0,0,1,5,1,0,0,0,0,0,0,0,0,0,0,0,0,0,3,-1,0
/Users/kaiohs/Downloads/codes/lab02-experimentacao-software/data/repos/NationalSecurityAgency__ghidra/Ghidra/Framework/Emulation/src/main/java/ghidra/pcode/memstate/UniqueMemoryBank.java,ghidra.pcode.memstate.UniqueMemoryBank,class,8,10,2,8,26,2,0,9,15,0.71428573,0.0,0.0,7,0,4,0,3,0,7,0,0,0,4,2,0,3,1,0,2,0,4,146,5,6,9,1,0,6,18,31,8,19,3,0,1,0,106,1,0
/Users/kaiohs/Downloads/codes/lab02-experimentacao-software/data/repos/NationalSecurityAgency__ghidra/GPL/DMG/src/dmg/java/mobiledevices/dmg/server/DmgServer.java,mobiledevices.dmg.server.DmgServer,class,8,9,1,8,35,1,0,37,21,0.0,0.0,0.0,7,7,4,3,0,0,4,0,0,0,0,0,0,0,0,0,0,0,20,150,8,7,8,3,0,18,9,27,7,26,8,0,0,0,77,1,0
/Users/kaiohs/Downloads/codes/lab02-experimentacao-software/data/repos/NationalSecurityAgency__ghidra/Ghidra/Framework/Emulation/src/test/java/ghidra/pcode/exec/AnnotatedPcodeUseropLibraryTest.java,ghidra.pcode.exec.AnnotatedPcodeUseropLibraryTest$Anonymous10,anonymous,4,4,0,4,1,1,0,0,0,0.0,-1.0,-1.0,1,0,0,1,0,0,0,0,0,0,1,0,0,0,0,1,0,0,0,6,0,0,0,0,0,0,0,1,0,1,0,0,0,0,3,-1,0
/Users/kaiohs/Downloads/codes/lab02-experimentacao-software/data/repos/NationalSecurityAgency__ghidra/Ghidra/Test/IntegrationTest/src/test.slow/java/ghidra/graph/GraphActionsTest.java,ghidra.graph.GraphActionsTest$GraphSpy,innerclass,1,1,0,1,6,1,0,2,0,0.4,0.0,0.0,5,0,5,0,0,0,5,0,0,0,2,0,0,0,0,2,0,0,1,21,2,0,1,0,0,0,0,5,0,3,0,0,0,0,20,2,0
/Users/kaiohs/Downloads/codes/lab02-experimentacao-software/data/repos/NationalSecurityAgency__ghidra/Ghidra/Framework/SoftwareModeling/src/main/java/ghidra/app/plugin/assembler/sleigh/sem/AbstractAssemblyStateGenerator.java,ghidra.app.plugin.assembler.sleigh.sem.AbstractAssemblyStateGenerator$GeneratorContext,innerclass,2,2,0,2,3,1,0,7,0,0.0,0.0,0.0,3,1,3,0,0,0,3,0,0,0,2,0,2,0,0,0,2,0,2,16,2,0,0,0,0,3,0,3,2,4,0,0,0,1,43,12,0
/Users/kaiohs/Downloads/codes/lab02-experimentacao-software/data/repos/NationalSecurityAgency__ghidra/Ghidra/Test/DebuggerIntegrationTest/src/test/java/ghidra/app/plugin/core/debug/service/tracermi/TraceRmiPerformanceTest.java,ghidra.app.plugin.core.debug.service.tracermi.TraceRmiPerformanceTest$NerfedTraceRmiHandler,innerclass,8,8,0,8,4,2,0,1,6,0.0,0.0,0.0,4,0,1,0,3,0,4,0,0,0,0,0,0,0,0,0,0,0,0,14,3,0,0,0,0,0,0,0,0,0,0,0,0,0,21,8,0
/Users/kaiohs/Downloads/codes/lab02-experimentacao-software/data/repos/NationalSecurityAgency__ghidra/Ghidra/Framework/Emulation/src/main/java/ghidra/pcode/emu/jit/gen/util/Fld.java,ghidra.pcode.emu.jit.gen.util.Fld,interface,13,14,1,13,11,1,0,13,45,0.0,0.0,0.0,10,10,0,0,0,10,10,0,0,0,0,0,0,0,0,0,0,0,0,34,0,0,1,0,0,0,0,2,0,2,0,0,0,0,75,1,0
/Users/kaiohs/Downloads/codes/lab02-experimentacao-software/data/repos/NationalSecurityAgency__ghidra/Ghidra/Test/DebuggerIntegrationTest/src/test/java/ghidra/app/plugin/core/debug/service/control/DebuggerControlServiceGuestTest.java,ghidra.app.plugin.core.debug.service.control.DebuggerControlServiceGuestTest,class,4,5,1,4,5,4,0,11,0,0.25,0.0,0.0,4,0,1,0,3,0,4,0,0,0,1,0,0,0,1,0,0,0,0,23,1,0,0,1,0,1,3,2,0,2,1,0,0,0,25,1,0
/Users/kaiohs/Downloads/codes/lab02-experimentacao-software/data/repos/NationalSecurityAgency__ghidra/Ghidra/Framework/SoftwareModeling/src/main/java/ghidra/app/util/PseudoData.java,ghidra.app.util.PseudoData,class,29,32,3,29,124,2,1,57,1447,0.9152542,0.0,0.0,59,2,57,0,2,0,59,0,0,0,6,2,0,1,5,0,2,0,4,387,77,4,23,2,12,9,29,55,12,46,3,0,0,0,144,1,0
/Users/kaiohs/Downloads/codes/lab02-experimentacao-software/data/repos/NationalSecurityAgency__ghidra/Ghidra/Test/IntegrationTest/src/test.slow/java/ghidra/pcode/emu/jit/analysis/JitControlFlowModelTest.java,ghidra.pcode.emu.jit.analysis.JitControlFlowModelTest,class,22,23,1,22,14,3,0,36,91,0.0,0.0,0.0,14,2,11,0,0,3,14,0,0,0,0,0,0,0,0,0,0,0,69,245,1,0,0,0,0,15,47,66,0,66,0,0,3,0,86,1,0
/Users/kaiohs/Downloads/codes/lab02-experimentacao-software/data/repos/NationalSecurityAgency__ghidra/Ghidra/Test/IntegrationTest/src/test.slow/java/ghidra/framework/plugintool/testplugins/DisposeFailPluginA.java,ghidra.framework.plugintool.testplugins.DisposeFailPluginA,class,4,5,1,4,2,2,0,0,1,0.75,0.0,0.0,2,0,1,0,1,0,2,0,0,0,2,2,2,0,0,0,1,0,0,10,0,0,0,0,0,4,1,2,0,2,0,0,0,0,23,1,0
/Users/kaiohs/Downloads/codes/lab02-experimentacao-software/data/repos/NationalSecurityAgency__ghidra/Ghidra/Framework/SoftwareModeling/src/test/java/ghidra/app/plugin/assembler/sleigh/x86AssemblyTest.java,ghidra.app.plugin.assembler.sleigh.x86AssemblyTest,class,4,4,0,4,5,3,0,3,6,0.0,0.0,0.0,4,0,3,0,1,0,4,0,0,0,0,0,0,0,0,0,0,0,0,20,1,0,0,1,0,11,1,0,0,0,1,0,0,0,41,1,1
/Users/kaiohs/Downloads/codes/lab02-experimentacao-software/data/repos/NationalSecurityAgency__ghidra/Ghidra/Framework/Emulation/src/main/java/ghidra/pcode/opbehavior/OpBehaviorCopy.java,ghidra.pcode.opbehavior.OpBehaviorCopy,class,1,2,1,1,3,3,0,0,3,0.0,0.0,0.0,3,0,3,0,0,0,3,0,0,0,0,0,0,0,0,0,0,0,0,11,2,0,0,0,0,0,0,0,0,0,0,0,0,0,8,1,0
/Users/kaiohs/Downloads/codes/lab02-experimentacao-software/data/repos/NationalSecurityAgency__ghidra/Ghidra/Test/IntegrationTest/src/test.slow/java/ghidra/server/RepositoryFileSystemTest.java,ghidra.server.MyEvent,class,1,4,3,1,5,1,0,2,0,0.25,0.0,0.0,4,0,2,1,0,1,3,0,0,0,5,0,0,0,0,5,0,0,0,27,4,0,2,0,0,4,0,6,1,6,1,0,0,0,19,0,0
/Users/kaiohs/Downloads/codes/lab02-experimentacao-software/data/repos/NationalSecurityAgency__ghidra/Ghidra/Framework/SoftwareModeling/src/main/java/ghidra/app/plugin/assembler/sleigh/sem/AbstractAssemblyResolutionFactory.java,ghidra.app.plugin.assembler.sleigh.sem.AbstractAssemblyResolutionFactory,class,16,33,17,16,35,8,0,35,351,0.962963,0.0,0.0,27,0,15,0,12,0,27,2,0,0,4,4,0,0,4,0,4,0,11,225,26,0,3,1,1,3,8,58,1,17,2,0,6,0,160,1025,0
/Users/kaiohs/Downloads/codes/lab02-experimentacao-software/data/repos/NationalSecurityAgency__ghidra/Ghidra/Framework/SoftwareModeling/src/main/java/ghidra/app/plugin/assembler/sleigh/sem/AssemblyConstructorSemantic.java,ghidra.app.plugin.assembler.sleigh.sem.AssemblyConstructorSemantic$Anonymous1,anonymous,6,6,0,6,7,1,0,10,0,0.0,NaN,NaN,1,0,1,0,0,0,1,0,0,0,0,0,0,0,0,0,0,0,4,27,7,0,2,0,0,5,0,2,2,2,1,0,0,0,27,-1,0
/Users/kaiohs/Downloads/codes/lab02-experimentacao-software/data/repos/NationalSecurityAgency__ghidra/Ghidra/Framework/SoftwareModeling/src/test.slow/java/ghidra/app/plugin/processors/sleigh/SleighLanguageProviderTest.java,ghidra.app.plugin.processors.sleigh.SleighLanguageProviderTest$TestProc,innerclass,3,3,0,3,12,1,0,25,10,0.675,0.0,0.0,8,2,0,0,0,8,8,0,0,0,5,0,0,0,0,5,0,0,2,54,5,1,1,0,0,9,2,6,3,7,2,0,0,0,62,8,1
/Users/kaiohs/Downloads/codes/lab02-experimentacao-software/data/repos/NationalSecurityAgency__ghidra/Ghidra/Test/IntegrationTest/src/screen/java/help/screenshot/DbViewerPluginScreenShots.java,help.screenshot.DbViewerPluginScreenShots$Anonymous1,anonymous,0,0,0,0,3,1,0,5,0,0.0,NaN,NaN,1,0,1,0,0,0,1,0,0,0,0,0,0,0,0,0,0,0,0,12,0,1,0,0,0,1,1,3,0,3,2,0,0,0,5,-1,0
/Users/kaiohs/Downloads/codes/lab02-experimentacao-software/data/repos/NationalSecurityAgency__ghidra/Ghidra/Test/IntegrationTest/src/screen/java/help/screenshot/EquatePluginScreenShots.java,help.screenshot.EquatePluginScreenShots,class,25,26,1,25,15,2,0,52,83,0.8333333,0.0,0.0,15,0,10,5,0,0,10,0,0,0,6,0,0,6,0,0,0,0,1,156,1,0,0,0,0,34,37,48,0,43,0,0,0,2,153,1,0
/Users/kaiohs/Downloads/codes/lab02-experimentacao-software/data/repos/NationalSecurityAgency__ghidra/Ghidra/Framework/SoftwareModeling/src/main/java/ghidra/app/plugin/assembler/sleigh/sem/AssemblyOperandState.java,ghidra.app.plugin.assembler.sleigh.sem.AssemblyOperandState,class,14,17,3,14,22,2,0,30,0,0.51515156,0.0,0.0,11,0,7,0,4,0,11,0,0,0,3,0,0,0,3,0,3,0,9,94,20,0,7,0,1,8,4,22,3,15,1,0,0,0,100,1,1
/Users/kaiohs/Downloads/codes/lab02-experimentacao-software/data/repos/NationalSecurityAgency__ghidra/Ghidra/Test/IntegrationTest/src/test.slow/java/ghidra/server/remote/ServerTestUtil.java,ghidra.server.remote.ServerTestUtil$ShutdownHook,innerclass,1,1,0,1,1,2,0,1,0,0.0,NaN,NaN,1,0,1,0,0,0,1,0,0,0,0,0,0,0,0,0,0,0,1,5,0,0,0,0,0,0,0,0,0,0,0,0,0,0,22,10,0
/Users/kaiohs/Downloads/codes/lab02-experimentacao-software/data/repos/NationalSecurityAgency__ghidra/GhidraDocs/GhidraClass/Debugger/ghidra_scripts/ModelingScript.java,ModelingScript$StructuredStdLibPcodeUseropLibrary$MyStructuredPart,innerclass,4,4,0,4,3,2,0,12,3,0.0,0.0,0.0,3,0,2,0,1,0,3,0,0,0,0,0,0,0,0,0,0,0,0,20,0,0,0,0,0,10,3,5,0,5,1,0,0,1,26,9,0
/Users/kaiohs/Downloads/codes/lab02-experimentacao-software/data/repos/NationalSecurityAgency__ghidra/Ghidra/Test/IntegrationTest/src/test.slow/java/ghidra/server/RepositoryManagerTest.java,ghidra.server.RepositoryManagerTest,class,9,10,1,9,27,2,0,21,6,0.34615386,0.0,0.0,13,0,10,3,0,0,10,0,0,0,2,0,0,2,0,0,0,0,1,136,3,3,1,5,0,47,15,28,3,18,3,0,0,0,72,1,0
/Users/kaiohs/Downloads/codes/lab02-experimentacao-software/data/repos/NationalSecurityAgency__ghidra/Ghidra/Framework/SoftwareModeling/src/test/java/ghidra/app/util/SymbolPathParserTest.java,ghidra.app.util.SymbolPathParserTest,class,4,4,0,4,11,2,0,4,45,0.0,0.0,0.0,10,0,10,0,0,0,10,0,0,0,0,0,0,0,0,0,0,0,10,85,0,0,0,1,0,43,0,21,5,21,1,0,0,0,58,1,0
/Users/kaiohs/Downloads/codes/lab02-experimentacao-software/data/repos/NationalSecurityAgency__ghidra/Ghidra/Framework/Pty/src/test/java/ghidra/pty/AbstractPtyTest.java,ghidra.pty.AbstractPtyTest$Anonymous1,anonymous,0,0,0,0,1,1,0,2,0,0.0,NaN,NaN,1,0,1,0,0,0,1,0,0,0,0,0,0,0,0,0,0,0,0,7,1,0,0,0,0,1,0,1,1,1,0,0,0,0,6,-1,0
/Users/kaiohs/Downloads/codes/lab02-experimentacao-software/data/repos/NationalSecurityAgency__ghidra/Ghidra/Framework/Emulation/src/main/java/ghidra/app/emulator/AdaptedEmulator.java,ghidra.app.emulator.AdaptedEmulator$AdaptedPcodeUseropLibrary,innerclass,4,4,0,4,2,2,0,3,0,0.0,NaN,NaN,1,0,1,0,0,0,1,0,0,0,0,0,0,0,0,0,0,0,0,8,0,0,0,0,0,1,0,0,0,0,1,0,0,0,12,1,0
/Users/kaiohs/Downloads/codes/lab02-experimentacao-software/data/repos/NationalSecurityAgency__ghidra/Ghidra/Framework/Emulation/src/main/java/ghidra/pcode/emu/PcodeThread.java,ghidra.pcode.emu.PcodeThread,interface,12,28,16,12,35,1,0,2,528,0.0,0.0,0.0,33,0,0,0,0,33,33,0,0,0,0,0,0,0,0,0,0,0,0,43,0,2,0,0,0,0,2,2,0,2,1,0,0,0,353,1,0
/Users/kaiohs/Downloads/codes/lab02-experimentacao-software/data/repos/NationalSecurityAgency__ghidra/Ghidra/Framework/Emulation/src/main/java/ghidra/pcode/emu/jit/gen/op/IntEqualOpGen.java,ghidra.pcode.emu.jit.gen.op.IntEqualOpGen,enum,11,11,0,11,3,1,0,2,3,0.0,0.0,0.0,3,0,3,0,0,0,3,0,0,0,0,0,0,0,0,0,0,0,0,11,3,0,0,0,0,0,0,0,0,0,0,0,0,0,31,1,0
/Users/kaiohs/Downloads/codes/lab02-experimentacao-software/data/repos/NationalSecurityAgency__ghidra/Ghidra/Framework/Pty/src/main/java/ghidra/pty/unix/PosixC.java,ghidra.pty.unix.PosixC,interface,5,13,8,5,11,4,0,1,55,1.0,0.0,0.0,11,0,0,0,0,11,11,0,0,0,2,0,0,0,0,2,0,0,0,82,0,0,0,0,0,1,0,2,0,2,0,1,4,0,53,1,0
/Users/kaiohs/Downloads/codes/lab02-experimentacao-software/data/repos/NationalSecurityAgency__ghidra/Ghidra/Framework/Emulation/src/main/java/ghidra/pcode/memstate/MemoryState.java,ghidra.pcode.memstate.MemoryState,interface,5,8,3,5,21,1,0,0,210,0.0,0.0,0.0,21,0,0,0,0,21,21,0,0,0,0,0,0,0,0,0,0,0,0,23,0,0,0,0,0,1,0,0,0,0,0,0,0,0,156,1,0
/Users/kaiohs/Downloads/codes/lab02-experimentacao-software/data/repos/NationalSecurityAgency__ghidra/Ghidra/Framework/Emulation/src/main/java/ghidra/pcode/emu/jit/gen/JitCodeGenerator.java,ghidra.pcode.emu.jit.gen.JitCodeGenerator$RetireMode,enum,0,0,0,0,1,1,0,0,0,0.0,-1.0,-1.0,1,0,0,1,0,0,0,0,0,0,1,0,0,1,0,0,0,0,0,7,0,0,0,0,0,2,0,1,0,1,0,0,0,0,28,1,0
/Users/kaiohs/Downloads/codes/lab02-experimentacao-software/data/repos/NationalSecurityAgency__ghidra/Ghidra/Framework/Emulation/src/test/java/ghidra/pcode/opbehavior/OpBehaviorFloatAbsTest.java,ghidra.pcode.opbehavior.OpBehaviorFloatAbsTest,class,4,4,0,4,3,3,0,12,3,0.0,0.0,0.0,3,0,3,0,0,0,3,0,0,0,0,0,0,0,0,0,0,0,0,43,0,0,0,0,0,0,35,24,0,8,0,0,0,0,19,1,0
/Users/kaiohs/Downloads/codes/lab02-experimentacao-software/data/repos/NationalSecurityAgency__ghidra/Ghidra/Test/IntegrationTest/src/test.slow/java/ghidra/program/model/lang/AArch64ProtoModelTest.java,ghidra.program.model.lang.AArch64ProtoModelTest,class,4,4,0,4,2,3,0,4,1,0.0,0.0,0.0,2,0,2,0,0,0,2,0,0,0,0,0,0,0,0,0,0,0,0,49,0,0,0,0,0,84,0,1,0,1,0,0,0,0,37,1,0
/Users/kaiohs/Downloads/codes/lab02-experimentacao-software/data/repos/NationalSecurityAgency__ghidra/Ghidra/Framework/Emulation/src/main/java/ghidra/pcode/emu/jit/gen/access/ExportsLegAccessGen.java,ghidra.pcode.emu.jit.gen.access.ExportsLegAccessGen,interface,15,16,1,15,4,1,0,6,6,0.0,0.0,0.0,4,0,0,0,0,4,4,0,0,0,0,0,0,0,0,0,0,0,0,20,2,0,0,0,2,0,0,10,6,10,0,0,0,0,110,1,0
/Users/kaiohs/Downloads/codes/lab02-experimentacao-software/data/repos/NationalSecurityAgency__ghidra/GhidraDocs/GhidraClass/Debugger/ghidra_scripts/InstallCustomLibraryScript.java,InstallCustomLibraryScript$CustomPcodeEmulator,innerclass,6,6,0,6,2,2,0,3,1,0.0,NaN,NaN,2,0,0,1,1,0,1,0,0,0,0,0,0,0,0,0,0,0,0,8,1,0,0,0,0,0,0,0,0,0,0,0,0,0,9,9,0
/Users/kaiohs/Downloads/codes/lab02-experimentacao-software/data/repos/NationalSecurityAgency__ghidra/Ghidra/Framework/Emulation/src/main/java/ghidra/app/emulator/AdaptedMemoryState.java,ghidra.app.emulator.AdaptedMemoryState,class,9,11,2,9,6,2,0,7,9,0.5555556,0.0,0.0,6,0,6,0,0,0,6,0,0,0,3,0,0,3,0,0,3,0,1,29,1,0,0,0,0,1,2,6,0,6,0,0,0,0,89,1,0
/Users/kaiohs/Downloads/codes/lab02-experimentacao-software/data/repos/NationalSecurityAgency__ghidra/Ghidra/Framework/Pty/src/main/java/ghidra/pty/unix/Util.java,ghidra.pty.unix.Util$Anonymous1,anonymous,4,4,0,4,1,1,0,2,0,0.0,NaN,NaN,1,0,1,0,0,0,1,0,0,0,0,0,0,0,0,0,0,0,1,5,1,0,0,0,0,0,0,0,0,0,0,0,0,0,6,-1,0
/Users/kaiohs/Downloads/codes/lab02-experimentacao-software/data/repos/NationalSecurityAgency__ghidra/Ghidra/Framework/Emulation/src/test/java/ghidra/generic/util/datastruct/SemisparseByteArrayTest.java,ghidra.generic.util.datastruct.SemisparseByteArrayTest,class,6,7,1,6,10,1,0,19,0,0.35714287,0.0,0.0,7,1,6,0,1,0,7,0,0,0,2,2,0,1,1,0,2,0,15,81,1,3,0,0,0,1,89,23,17,21,1,0,0,0,44,1,0
/Users/kaiohs/Downloads/codes/lab02-experimentacao-software/data/repos/NationalSecurityAgency__ghidra/Ghidra/Test/DebuggerIntegrationTest/src/test/java/ghidra/app/plugin/core/debug/gui/watch/DebuggerWatchesProviderTest.java,ghidra.app.plugin.core.debug.gui.watch.DebuggerWatchesProviderTest,class,43,44,1,43,42,3,0,150,5,0.8,0.0,0.0,39,1,30,1,7,1,38,0,0,0,10,0,0,0,10,0,0,0,19,605,8,1,2,18,0,108,107,109,0,111,2,0,0,34,206,1,1
/Users/kaiohs/Downloads/codes/lab02-experimentacao-software/data/repos/NationalSecurityAgency__ghidra/Ghidra/Test/DebuggerIntegrationTest/src/test.slow/java/agent/java/rmi/JavaCommandsTest.java,agent.java.rmi.JavaCommandsTest,class,28,29,1,28,55,3,0,127,988,0.8333333,0.0,0.0,52,0,50,1,1,0,51,0,0,0,3,3,3,0,0,0,3,0,23,405,3,2,1,30,0,164,53,146,3,163,2,0,0,48,205,1,3
/Users/kaiohs/Downloads/codes/lab02-experimentacao-software/data/repos/NationalSecurityAgency__ghidra/Ghidra/Test/IntegrationTest/src/screen/java/help/screenshot/ValidateProgramScreenShots.java,help.screenshot.ValidateProgramScreenShots,class,6,7,1,6,7,2,0,11,6,0.0,0.0,0.0,4,0,3,1,0,0,3,0,0,0,0,0,0,0,0,0,0,0,0,31,0,1,0,0,0,8,4,6,0,5,1,0,0,0,44,1,0
/Users/kaiohs/Downloads/codes/lab02-experimentacao-software/data/repos/NationalSecurityAgency__ghidra/Ghidra/Framework/Emulation/src/test/java/ghidra/pcode/opbehavior/OpBehaviorFloatMultTest.java,ghidra.pcode.opbehavior.OpBehaviorFloatMultTest,class,4,4,0,4,3,3,0,11,3,0.0,0.0,0.0,3,0,3,0,0,0,3,0,0,0,0,0,0,0,0,0,0,0,0,39,0,0,0,0,0,0,28,22,0,10,0,0,0,0,20,1,0
/Users/kaiohs/Downloads/codes/lab02-experimentacao-software/data/repos/NationalSecurityAgency__ghidra/Ghidra/Framework/SoftwareModeling/src/test/java/ghidra/util/MultiIteratorTest.java,ghidra.util.MultiIteratorTest$TestItem,innerclass,2,2,0,2,13,1,0,7,0,0.2,0.0,0.0,5,0,3,1,0,1,4,0,0,0,1,0,0,0,0,1,0,0,1,43,10,0,6,0,2,0,3,6,4,4,2,0,0,0,24,2,0
/Users/kaiohs/Downloads/codes/lab02-experimentacao-software/data/repos/NationalSecurityAgency__ghidra/GPL/DMG/src/dmg/java/mobiledevices/dmg/ghidra/GStringUtilities.java,mobiledevices.dmg.ghidra.GStringUtilities,class,1,2,1,1,8,1,0,6,3,0.0,0.0,0.0,3,3,3,0,0,0,3,0,0,0,0,0,0,0,0,0,0,0,2,36,4,3,2,1,0,1,14,12,6,8,2,0,0,0,39,1,0
/Users/kaiohs/Downloads/codes/lab02-experimentacao-software/data/repos/NationalSecurityAgency__ghidra/Ghidra/Test/DebuggerIntegrationTest/src/test/java/ghidra/app/plugin/core/debug/service/tracermi/TraceRmiPerformanceTest.java,ghidra.app.plugin.core.debug.service.tracermi.TraceRmiPerformanceTest$ApiTraceMaker,innerclass,4,4,0,4,1,1,0,4,0,0.0,NaN,NaN,1,0,1,0,0,0,1,0,0,0,0,0,0,0,0,0,0,0,0,9,1,0,0,1,0,0,0,2,0,1,1,0,0,0,23,0,0
/Users/kaiohs/Downloads/codes/lab02-experimentacao-software/data/repos/NationalSecurityAgency__ghidra/Ghidra/Test/DebuggerIntegrationTest/src/test.slow/java/agent/gdb/rmi/GdbMethodsTest.java,agent.gdb.rmi.GdbMethodsTest,class,26,27,1,26,63,3,0,110,1081,0.9787234,0.0,0.0,47,0,46,1,0,0,46,0,0,0,1,1,0,1,0,0,1,0,133,827,1,9,1,96,0,437,103,354,6,321,3,0,0,11,226,1,0
/Users/kaiohs/Downloads/codes/lab02-experimentacao-software/data/repos/NationalSecurityAgency__ghidra/Ghidra/Framework/Pty/src/main/java/ghidra/pty/Pty.java,ghidra.pty.Pty,interface,2,9,7,2,3,1,0,0,3,0.0,0.0,0.0,3,0,0,0,0,3,3,0,0,0,0,0,0,0,0,0,0,0,0,5,0,0,0,0,0,0,0,0,0,0,0,0,0,0,191,1,0
/Users/kaiohs/Downloads/codes/lab02-experimentacao-software/data/repos/NationalSecurityAgency__ghidra/Ghidra/Framework/Emulation/src/main/java/ghidra/pcode/emu/jit/gen/op/FloatFloat2FloatOpGen.java,ghidra.pcode.emu.jit.gen.op.FloatFloat2FloatOpGen,enum,12,12,0,12,2,1,0,0,1,0.0,0.0,0.0,2,0,2,0,0,0,2,0,0,0,0,0,0,0,0,0,0,0,0,7,1,0,0,0,0,0,0,0,0,0,0,0,0,0,35,1,0
/Users/kaiohs/Downloads/codes/lab02-experimentacao-software/data/repos/NationalSecurityAgency__ghidra/Ghidra/Framework/Emulation/src/main/java/ghidra/pcode/exec/SuspendedPcodeExecutionException.java,ghidra.pcode.exec.SuspendedPcodeExecutionException,class,2,3,1,2,1,5,0,0,0,0.0,NaN,NaN,1,0,1,0,0,0,1,0,0,0,0,0,0,0,0,0,0,0,0,5,0,0,0,0,0,1,0,0,0,0,0,0,0,0,18,1,0
/Users/kaiohs/Downloads/codes/lab02-experimentacao-software/data/repos/NationalSecurityAgency__ghidra/Ghidra/Framework/SoftwareModeling/src/test/java/ghidra/app/plugin/assembler/sleigh/m68000AssemblyTest.java,ghidra.app.plugin.assembler.sleigh.m68000AssemblyTest,class,3,3,0,3,3,3,0,1,3,0.0,0.0,0.0,3,0,2,0,1,0,3,0,0,0,0,0,0,0,0,0,0,0,0,11,1,0,0,0,0,5,0,0,0,0,0,0,0,0,26,1,0
/Users/kaiohs/Downloads/codes/lab02-experimentacao-software/data/repos/NationalSecurityAgency__ghidra/Ghidra/Test/IntegrationTest/src/screen/java/help/screenshot/DataTypePreviewPluginScreenShots.java,help.screenshot.DataTypePreviewPluginScreenShots,class,3,3,0,3,2,2,0,5,1,0.0,0.0,0.0,2,0,2,0,0,0,2,0,0,0,0,0,0,0,0,0,0,0,0,11,0,0,0,0,0,3,3,1,0,1,0,0,0,0,24,1,0
/Users/kaiohs/Downloads/codes/lab02-experimentacao-software/data/repos/NationalSecurityAgency__ghidra/Ghidra/Framework/SoftwareModeling/src/test/java/ghidra/util/MultiIteratorTest.java,ghidra.util.MultiIteratorTest$TestItemComparator,innerclass,1,1,0,1,1,1,0,1,0,0.0,NaN,NaN,1,0,1,0,0,0,1,0,0,0,0,0,0,0,0,0,0,0,0,5,1,0,0,0,0,0,0,0,0,0,0,0,0,0,5,2,0
/Users/kaiohs/Downloads/codes/lab02-experimentacao-software/data/repos/NationalSecurityAgency__ghidra/Ghidra/Framework/SoftwareModeling/src/test/java/ghidra/program/model/address/AddressSpaceTest.java,ghidra.program.model.address.AddressSpaceTest,class,6,6,0,6,4,2,0,4,0,0.33333334,0.0,0.0,4,0,4,0,0,0,4,0,0,0,9,0,0,0,0,9,0,0,1,67,0,0,0,0,0,28,60,17,0,18,0,0,0,0,34,1,0
/Users/kaiohs/Downloads/codes/lab02-experimentacao-software/data/repos/NationalSecurityAgency__ghidra/Ghidra/Framework/Emulation/src/main/java/ghidra/pcode/emu/jit/analysis/JitDataFlowModel.java,ghidra.pcode.emu.jit.analysis.JitDataFlowModel,class,31,54,23,31,34,4,0,42,200,0.8645833,0.0,0.0,24,1,16,1,2,5,23,0,0,0,12,0,0,11,0,1,11,0,2,221,19,5,0,0,0,5,2,15,2,17,2,0,2,2,436,1,0
/Users/kaiohs/Downloads/codes/lab02-experimentacao-software/data/repos/NationalSecurityAgency__ghidra/Ghidra/Framework/SoftwareModeling/src/test/java/ghidra/program/model/address/AddressRangeSplitterTest.java,ghidra.program.model.address.AddressRangeSplitterTest,class,9,10,1,9,9,1,0,9,34,0.7777778,0.0,0.0,9,0,7,2,0,0,7,0,0,0,1,0,0,1,0,0,0,0,0,82,2,0,0,0,0,1,56,13,0,13,0,0,0,0,30,1,0
/Users/kaiohs/Downloads/codes/lab02-experimentacao-software/data/repos/NationalSecurityAgency__ghidra/Ghidra/Framework/Emulation/src/main/java/ghidra/pcode/exec/DefaultPcodeUseropLibrary.java,ghidra.pcode.exec.DefaultPcodeUseropLibrary,class,3,4,1,3,2,1,0,3,1,0.5,0.0,0.0,2,0,1,0,1,0,2,0,0,0,2,0,0,1,1,0,0,0,1,10,1,0,0,0,0,0,0,2,0,2,0,0,0,0,30,1,0
/Users/kaiohs/Downloads/codes/lab02-experimentacao-software/data/repos/NationalSecurityAgency__ghidra/Ghidra/Framework/SoftwareModeling/src/main/java/ghidra/app/plugin/assembler/sleigh/sem/AssemblyContextGraph.java,ghidra.app.plugin.assembler.sleigh.sem.AssemblyContextGraph$Edge,innerclass,4,4,0,4,16,1,0,7,0,0.21428572,0.0,0.0,7,0,7,0,0,0,7,0,0,0,4,0,0,0,4,0,4,0,1,70,15,0,5,0,1,3,8,16,2,7,1,0,0,0,62,12,0
/Users/kaiohs/Downloads/codes/lab02-experimentacao-software/data/repos/NationalSecurityAgency__ghidra/Ghidra/Framework/Emulation/src/main/java/ghidra/pcode/emulate/Emulate.java,ghidra.pcode.emulate.Emulate,class,30,37,7,30,102,1,0,90,212,0.8724138,0.0,0.0,29,0,24,5,0,0,24,0,0,0,20,0,0,20,0,0,2,0,1,409,17,2,33,3,3,25,41,100,9,72,3,0,0,0,336,1,2
/Users/kaiohs/Downloads/codes/lab02-experimentacao-software/data/repos/NationalSecurityAgency__ghidra/GhidraBuild/Skeleton/src/main/java/skeleton/SkeletonPlugin.java,skeleton.SkeletonPlugin,class,6,6,0,6,2,3,0,6,1,0.5,0.0,0.0,2,0,2,0,0,0,2,0,0,0,1,0,0,0,0,1,0,0,0,45,0,0,0,0,0,3,0,4,0,4,0,0,1,0,28,1,0
/Users/kaiohs/Downloads/codes/lab02-experimentacao-software/data/repos/NationalSecurityAgency__ghidra/Ghidra/Framework/Emulation/src/test/java/ghidra/pcode/opbehavior/OpBehaviorFloatRoundTest.java,ghidra.pcode.opbehavior.OpBehaviorFloatRoundTest,class,4,4,0,4,3,3,0,11,3,0.0,0.0,0.0,3,0,3,0,0,0,3,0,0,0,0,0,0,0,0,0,0,0,0,67,0,0,0,0,0,0,71,40,0,8,0,0,0,0,19,1,0
/Users/kaiohs/Downloads/codes/lab02-experimentacao-software/data/repos/NationalSecurityAgency__ghidra/Ghidra/Framework/SoftwareModeling/src/test/java/ghidra/pcode/floatformat/BigFloatTest.java,ghidra.pcode.floatformat.BigFloatTest$UnaryProc,interface,1,1,0,1,1,1,0,0,0,0.0,NaN,NaN,1,0,0,0,0,1,1,0,0,0,0,0,0,0,0,0,0,0,0,3,0,0,0,0,0,0,0,0,0,0,0,0,0,0,3,0,0
/Users/kaiohs/Downloads/codes/lab02-experimentacao-software/data/repos/NationalSecurityAgency__ghidra/Ghidra/Test/IntegrationTest/src/screen/java/help/screenshot/VersionControlScreenShots.java,help.screenshot.VersionControlScreenShots,class,21,22,1,21,10,2,0,15,45,0.0,0.0,0.0,10,0,8,2,0,0,8,0,0,0,0,0,0,0,0,0,0,0,4,89,2,0,0,0,0,13,6,31,1,31,1,1,0,6,67,1,0
/Users/kaiohs/Downloads/codes/lab02-experimentacao-software/data/repos/NationalSecurityAgency__ghidra/Ghidra/Framework/Emulation/src/main/java/ghidra/pcode/emu/jit/gen/op/IntCountUnOpGen.java,ghidra.pcode.emu.jit.gen.op.IntCountUnOpGen,interface,20,22,2,20,4,1,0,0,6,0.0,0.0,0.0,4,0,0,0,0,4,4,0,0,0,0,0,0,0,0,0,0,0,0,7,0,0,0,0,0,0,0,0,0,0,0,0,0,0,79,1,0
/Users/kaiohs/Downloads/codes/lab02-experimentacao-software/data/repos/NationalSecurityAgency__ghidra/Ghidra/Framework/Emulation/src/main/java/ghidra/pcode/emu/jit/gen/util/Types.java,ghidra.pcode.emu.jit.gen.util.Types$SType,interface,1,1,0,1,2,1,0,0,1,0.0,0.0,0.0,2,0,0,0,0,2,2,0,0,0,0,0,0,0,0,0,0,0,0,4,0,0,0,0,0,0,0,0,0,0,0,0,0,0,32,1,0
/Users/kaiohs/Downloads/codes/lab02-experimentacao-software/data/repos/NationalSecurityAgency__ghidra/Ghidra/Test/IntegrationTest/src/screen/java/help/screenshot/MemoryMapPluginScreenShots.java,help.screenshot.MemoryMapPluginScreenShots,class,10,11,1,10,22,2,0,36,66,0.0,0.0,0.0,12,0,10,2,0,0,10,0,0,0,0,0,0,0,0,0,0,0,0,184,0,4,3,0,0,61,128,49,8,45,4,0,0,4,90,1,0
/Users/kaiohs/Downloads/codes/lab02-experimentacao-software/data/repos/NationalSecurityAgency__ghidra/Ghidra/Test/DebuggerIntegrationTest/src/test.slow/java/agent/x64dbg/rmi/X64dbgConnectorsTest.java,agent.x64dbg.rmi.X64dbgConnectorsTest,class,7,8,1,7,10,4,0,23,45,0.0,0.0,0.0,10,0,8,0,2,0,10,0,0,0,0,0,0,0,0,0,0,0,56,69,2,0,0,11,0,74,0,11,0,11,1,0,0,0,48,1,0
/Users/kaiohs/Downloads/codes/lab02-experimentacao-software/data/repos/NationalSecurityAgency__ghidra/Ghidra/Test/IntegrationTest/src/test.slow/java/ghidra/program/database/sourcemap/GetSourceFilesTest.java,ghidra.program.database.sourcemap.GetSourceFilesTest,class,4,4,0,4,3,3,0,17,1,0.0,0.0,0.0,2,0,2,0,0,0,2,0,0,0,0,0,0,0,0,0,0,0,0,88,0,1,0,7,0,7,9,17,0,6,2,0,0,0,31,1,0
/Users/kaiohs/Downloads/codes/lab02-experimentacao-software/data/repos/NationalSecurityAgency__ghidra/Ghidra/Framework/SoftwareModeling/src/main/java/ghidra/app/plugin/assembler/sleigh/sem/AssemblyStringStateGenerator.java,ghidra.app.plugin.assembler.sleigh.sem.AssemblyStringStateGenerator,class,8,9,1,8,2,2,0,2,0,0.0,0.0,0.0,2,0,2,0,0,0,2,0,0,0,1,0,0,0,1,0,1,0,1,10,1,0,0,0,0,0,1,1,0,1,0,0,0,0,19,1,0
/Users/kaiohs/Downloads/codes/lab02-experimentacao-software/data/repos/NationalSecurityAgency__ghidra/Ghidra/Framework/SoftwareModeling/src/test/java/ghidra/program/model/data/TestDummyDataTypeManager.java,ghidra.program.model.data.TestDummyDataTypeManager,class,21,25,4,21,73,1,4,0,2628,0.0,0.0,0.0,73,0,73,0,0,0,73,0,0,0,0,0,0,0,0,0,0,0,0,204,51,0,0,0,0,0,6,0,0,0,0,0,0,0,118,1,0
/Users/kaiohs/Downloads/codes/lab02-experimentacao-software/data/repos/NationalSecurityAgency__ghidra/Ghidra/Test/IntegrationTest/src/test.slow/java/ghidra/util/task/RunManagerTest.java,ghidra.util.task.RunManagerTest$TimeSpecificTestRunnable,innerclass,3,3,0,3,6,2,0,6,0,0.0,0.0,0.0,2,0,1,0,0,1,2,0,0,0,1,0,0,1,0,0,1,0,1,28,1,1,0,1,0,7,3,4,4,2,2,0,0,0,22,2,0
/Users/kaiohs/Downloads/codes/lab02-experimentacao-software/data/repos/NationalSecurityAgency__ghidra/Ghidra/Framework/Emulation/src/test/java/ghidra/pcode/opbehavior/OpBehaviorInt2CompTest.java,ghidra.pcode.opbehavior.OpBehaviorInt2CompTest,class,3,3,0,3,3,3,0,4,3,0.0,0.0,0.0,3,0,3,0,0,0,3,0,0,0,0,0,0,0,0,0,0,0,0,29,0,0,0,0,0,3,55,5,1,5,0,0,0,0,20,1,0
/Users/kaiohs/Downloads/codes/lab02-experimentacao-software/data/repos/NationalSecurityAgency__ghidra/Ghidra/Test/IntegrationTest/src/screen/java/help/screenshot/SearchAndReplaceScreenShots.java,help.screenshot.SearchAndReplaceScreenShots,class,7,7,0,7,3,3,0,13,3,0.6666667,0.0,0.0,3,0,3,0,0,0,3,0,0,0,2,0,0,2,0,0,0,0,0,46,0,0,0,0,0,22,2,5,0,5,1,0,0,2,36,1,0
/Users/kaiohs/Downloads/codes/lab02-experimentacao-software/data/repos/NationalSecurityAgency__ghidra/Ghidra/Framework/Emulation/src/main/java/ghidra/pcode/emu/jit/gen/util/Check.java,ghidra.pcode.emu.jit.gen.util.Check,interface,2,2,0,2,1,1,0,0,0,0.0,NaN,NaN,1,1,0,0,0,1,1,0,0,0,0,0,0,0,0,0,0,0,0,5,1,0,0,0,0,0,0,0,0,0,0,0,0,0,53,1,0
/Users/kaiohs/Downloads/codes/lab02-experimentacao-software/data/repos/NationalSecurityAgency__ghidra/Ghidra/Framework/Emulation/src/main/java/ghidra/pcode/opbehavior/OpBehaviorIntSless.java,ghidra.pcode.opbehavior.OpBehaviorIntSless,class,1,2,1,1,9,3,0,2,3,0.0,0.0,0.0,3,0,3,0,0,0,3,0,0,0,0,0,0,0,0,0,0,0,0,24,3,0,2,0,4,0,12,9,2,4,3,0,0,0,16,1,0
/Users/kaiohs/Downloads/codes/lab02-experimentacao-software/data/repos/NationalSecurityAgency__ghidra/Ghidra/Framework/SoftwareModeling/src/main/java/ghidra/app/util/SymbolPathParser.java,ghidra.app.util.SymbolPathParser,class,1,4,3,1,26,1,0,10,6,0.0,0.0,0.0,4,4,2,2,0,0,2,0,0,0,0,0,0,0,0,0,0,0,3,68,6,2,14,0,9,2,16,13,6,9,4,0,0,0,103,1,0
/Users/kaiohs/Downloads/codes/lab02-experimentacao-software/data/repos/NationalSecurityAgency__ghidra/Ghidra/Framework/Pty/src/main/java/ghidra/pty/unix/UnixPtyChild.java,ghidra.pty.unix.UnixPtyChild,class,10,14,4,10,12,2,0,23,15,0.71428573,0.0,0.0,7,0,3,2,1,1,5,0,0,0,2,1,0,1,0,1,2,0,4,64,3,0,2,2,0,7,0,10,3,7,1,0,0,0,118,1,2
/Users/kaiohs/Downloads/codes/lab02-experimentacao-software/data/repos/NationalSecurityAgency__ghidra/GhidraBuild/EclipsePlugins/GhidraDev/GhidraDevPlugin/src/main/java/ghidradev/ghidraprojectcreator/launchers/AbstractPyGhidraLaunchShortcut.java,ghidradev.ghidraprojectcreator.launchers.AbstractPyGhidraLaunchShortcut,class,17,20,3,17,9,1,2,20,4,0.5,0.0,0.0,4,0,2,1,1,0,3,0,0,0,2,0,0,2,0,0,0,0,4,44,0,0,3,1,0,2,0,12,2,10,2,0,0,0,81,1025,0
/Users/kaiohs/Downloads/codes/lab02-experimentacao-software/data/repos/NationalSecurityAgency__ghidra/Ghidra/Framework/Emulation/src/main/java/ghidra/pcode/emu/jit/gen/access/AccessGen.java,ghidra.pcode.emu.jit.gen.access.AccessGen,interface,19,23,4,19,5,1,0,8,6,0.0,0.0,0.0,4,4,4,0,0,0,4,0,0,0,0,0,0,0,0,0,0,0,0,22,3,0,0,0,1,5,1,7,8,7,1,0,0,0,125,1,0
/Users/kaiohs/Downloads/codes/lab02-experimentacao-software/data/repos/NationalSecurityAgency__ghidra/Ghidra/Framework/SoftwareModeling/src/test/java/ghidra/program/database/data/TypedefDBTest.java,ghidra.program.database.data.TypedefDBTest,class,15,15,0,15,4,2,0,11,0,0.33333334,0.0,0.0,3,0,3,0,0,0,3,0,0,0,3,0,0,3,0,0,1,0,0,29,0,0,0,0,0,11,2,7,1,7,1,0,0,0,42,1,0
/Users/kaiohs/Downloads/codes/lab02-experimentacao-software/data/repos/NationalSecurityAgency__ghidra/Ghidra/Test/DebuggerIntegrationTest/src/test/java/ghidra/app/plugin/core/debug/gui/tracermi/launcher/ScriptTraceRmiLaunchOfferTest.java,ghidra.app.plugin.core.debug.gui.tracermi.launcher.ScriptTraceRmiLaunchOfferTest$MockClient,innerclass,3,3,0,3,10,2,0,40,18,0.78571427,0.0,0.0,8,0,3,0,1,4,8,0,0,0,7,1,0,4,0,3,3,0,2,64,1,0,1,1,0,9,2,11,2,11,1,0,0,0,64,8,5
/Users/kaiohs/Downloads/codes/lab02-experimentacao-software/data/repos/NationalSecurityAgency__ghidra/GhidraBuild/MarkdownSupport/src/main/java/ghidra/markdown/MarkdownToHtml.java,ghidra.markdown.MarkdownToHtml$LinkAttributeProvider,innerclass,6,6,0,6,4,1,0,1,3,0.0,0.0,0.0,3,0,2,1,0,0,2,0,0,0,0,0,0,0,0,0,0,0,0,12,1,0,0,0,0,0,0,0,0,0,1,0,0,0,27,10,0
/Users/kaiohs/Downloads/codes/lab02-experimentacao-software/data/repos/NationalSecurityAgency__ghidra/Ghidra/Framework/Emulation/src/main/java/ghidra/pcode/emu/jit/gen/op/FloatOpUnOpGen.java,ghidra.pcode.emu.jit.gen.op.FloatOpUnOpGen,interface,17,23,6,17,4,1,0,0,6,0.0,0.0,0.0,4,0,0,0,0,4,4,0,0,0,0,0,0,0,0,0,0,0,0,9,1,0,0,0,0,0,0,0,0,0,0,0,0,0,59,1,0
/Users/kaiohs/Downloads/codes/lab02-experimentacao-software/data/repos/NationalSecurityAgency__ghidra/Ghidra/Framework/Emulation/src/main/java/ghidra/pcode/exec/AnnotatedPcodeUseropLibrary.java,ghidra.pcode.exec.AnnotatedPcodeUseropLibrary$ParamAnnotProc$Anonymous1,anonymous,1,1,0,1,2,1,0,0,1,0.0,0.0,0.0,2,0,0,0,0,2,2,0,0,0,0,0,0,0,0,0,0,0,0,6,0,0,0,0,0,0,0,0,0,0,0,0,0,0,5,-1,0
/Users/kaiohs/Downloads/codes/lab02-experimentacao-software/data/repos/NationalSecurityAgency__ghidra/Ghidra/Framework/Emulation/src/main/java/ghidra/pcode/exec/AnnotatedPcodeUseropLibrary.java,ghidra.pcode.exec.AnnotatedPcodeUseropLibrary$ParamAnnotProc$Anonymous2,anonymous,1,1,0,1,2,1,0,0,1,0.0,0.0,0.0,2,0,0,0,0,2,2,0,0,0,0,0,0,0,0,0,0,0,0,6,0,0,0,0,0,0,0,0,0,0,0,0,0,0,5,-1,0
/Users/kaiohs/Downloads/codes/lab02-experimentacao-software/data/repos/NationalSecurityAgency__ghidra/Ghidra/Framework/Emulation/src/main/java/ghidra/pcode/emu/AbstractPcodeMachine.java,ghidra.pcode.emu.AbstractPcodeMachine,class,20,27,7,20,51,1,0,36,435,0.88351655,0.0,0.0,35,2,22,0,13,0,35,3,0,0,13,0,0,1,11,1,9,0,4,171,21,1,5,2,1,8,0,23,4,19,2,0,0,0,287,1025,0
/Users/kaiohs/Downloads/codes/lab02-experimentacao-software/data/repos/NationalSecurityAgency__ghidra/Ghidra/Framework/Emulation/src/main/java/ghidra/pcode/exec/AnnotatedPcodeUseropLibrary.java,ghidra.pcode.exec.AnnotatedPcodeUseropLibrary$ParamAnnotProc$Anonymous5,anonymous,1,1,0,1,2,1,0,0,1,0.0,0.0,0.0,2,0,0,0,0,2,2,0,0,0,0,0,0,0,0,0,0,0,0,6,0,0,0,0,0,0,0,0,0,0,0,0,0,0,5,-1,0
/Users/kaiohs/Downloads/codes/lab02-experimentacao-software/data/repos/NationalSecurityAgency__ghidra/Ghidra/Framework/Emulation/src/main/java/generic/Unique.java,generic.Unique,interface,2,9,7,2,11,1,0,8,6,0.0,0.0,0.0,4,4,0,0,0,4,4,0,0,0,0,0,0,0,0,0,0,0,3,41,6,1,2,0,0,4,3,5,2,5,2,0,0,0,47,1,0
/Users/kaiohs/Downloads/codes/lab02-experimentacao-software/data/repos/NationalSecurityAgency__ghidra/Ghidra/Test/DebuggerIntegrationTest/src/test.slow/java/agent/lldb/rmi/LldbCommandsTest.java,agent.lldb.rmi.LldbCommandsTest,class,38,39,1,38,62,3,0,148,1653,0.0,0.0,0.0,58,0,57,0,1,0,58,0,0,0,0,0,0,0,0,0,0,0,78,430,2,1,2,33,0,182,84,144,2,161,3,0,0,46,229,1,3
/Users/kaiohs/Downloads/codes/lab02-experimentacao-software/data/repos/NationalSecurityAgency__ghidra/Ghidra/Framework/Emulation/src/main/java/ghidra/pcode/emu/SparseAddressRangeMap.java,ghidra.pcode.emu.SparseAddressRangeMap$Page,innerclass,3,3,0,3,8,1,0,8,1,0.5,0.0,0.0,3,1,0,1,0,2,2,0,0,0,2,1,0,1,0,1,2,0,1,30,5,1,0,0,0,0,3,5,1,4,3,0,0,0,28,10,0
/Users/kaiohs/Downloads/codes/lab02-experimentacao-software/data/repos/NationalSecurityAgency__ghidra/Ghidra/Framework/Emulation/src/main/java/ghidra/pcode/exec/AnnotatedPcodeUseropLibrary.java,ghidra.pcode.exec.AnnotatedPcodeUseropLibrary$ParamAnnotProc$Anonymous3,anonymous,1,1,0,1,2,1,0,0,1,0.0,0.0,0.0,2,0,0,0,0,2,2,0,0,0,0,0,0,0,0,0,0,0,0,6,0,0,0,0,0,0,0,0,0,0,0,0,0,0,5,-1,0
/Users/kaiohs/Downloads/codes/lab02-experimentacao-software/data/repos/NationalSecurityAgency__ghidra/Ghidra/Framework/Emulation/src/main/java/ghidra/pcode/exec/AnnotatedPcodeUseropLibrary.java,ghidra.pcode.exec.AnnotatedPcodeUseropLibrary$ParamAnnotProc$Anonymous4,anonymous,1,1,0,1,2,1,0,0,1,0.0,0.0,0.0,2,0,0,0,0,2,2,0,0,0,0,0,0,0,0,0,0,0,0,6,0,0,0,0,0,0,0,0,0,0,0,0,0,0,5,-1,0
/Users/kaiohs/Downloads/codes/lab02-experimentacao-software/data/repos/NationalSecurityAgency__ghidra/Ghidra/Test/IntegrationTest/src/screen/java/help/screenshot/DWARFExternalDebugFilesPluginScreenShots.java,help.screenshot.DWARFExternalDebugFilesPluginScreenShots,class,8,8,0,8,1,2,0,11,0,0.0,NaN,NaN,1,0,1,0,0,0,1,0,0,0,0,0,0,0,0,0,0,0,2,18,0,0,0,0,0,4,2,6,0,4,0,0,0,0,51,1,0
/Users/kaiohs/Downloads/codes/lab02-experimentacao-software/data/repos/NationalSecurityAgency__ghidra/Ghidra/Framework/Emulation/src/main/java/ghidra/pcode/exec/DefaultPcodeExecutorState.java,ghidra.pcode.exec.DefaultPcodeExecutorState,class,7,9,2,7,3,2,0,2,3,0.6666667,0.0,0.0,3,0,2,0,1,0,3,0,0,0,1,0,0,0,1,0,1,0,0,13,2,0,0,0,0,0,0,1,0,1,0,0,0,0,33,1,0
/Users/kaiohs/Downloads/codes/lab02-experimentacao-software/data/repos/NationalSecurityAgency__ghidra/Ghidra/Framework/Emulation/src/main/java/ghidra/pcode/emulate/UnimplementedInstructionException.java,ghidra.pcode.emulate.UnimplementedInstructionException,class,2,3,1,2,2,2,0,0,0,0.0,0.0,0.0,2,0,2,0,0,0,2,0,0,0,1,0,0,1,0,0,0,0,0,10,1,0,0,0,0,2,0,1,1,1,0,0,0,0,12,1,0
/Users/kaiohs/Downloads/codes/lab02-experimentacao-software/data/repos/NationalSecurityAgency__ghidra/Ghidra/Framework/Pty/src/main/java/ghidra/pty/unix/FdInputStream.java,ghidra.pty.unix.FdInputStream,class,5,7,2,5,12,2,0,5,2,0.6,0.0,0.0,5,0,4,0,0,1,5,0,0,3,3,1,0,3,0,0,2,0,0,45,5,0,4,1,0,2,11,7,0,6,2,0,0,0,59,1,0
/Users/kaiohs/Downloads/codes/lab02-experimentacao-software/data/repos/NationalSecurityAgency__ghidra/Ghidra/Framework/Pty/src/main/java/ghidra/pty/PtyChild.java,ghidra.pty.PtyChild$Echo,enum,0,0,0,0,0,1,0,0,0,0.0,-1.0,-1.0,0,0,0,0,0,0,0,0,0,0,0,0,0,0,0,0,0,0,0,3,0,0,0,0,0,0,0,0,0,0,0,0,0,0,18,0,0
/Users/kaiohs/Downloads/codes/lab02-experimentacao-software/data/repos/NationalSecurityAgency__ghidra/Ghidra/Framework/SoftwareModeling/src/test/java/ghidra/test/DummyTool.java,ghidra.test.DummyTool,class,25,27,2,25,83,2,0,5,3289,0.9703833,0.0,0.0,82,0,82,0,0,0,82,0,0,0,7,1,0,7,0,0,1,0,2,219,35,0,1,0,0,4,0,10,1,7,1,0,0,0,138,1,0
/Users/kaiohs/Downloads/codes/lab02-experimentacao-software/data/repos/NationalSecurityAgency__ghidra/Ghidra/Framework/Emulation/src/main/java/ghidra/pcode/emu/jit/gen/util/Types.java,ghidra.pcode.emu.jit.gen.util.Types$SPrim,interface,1,1,0,1,1,1,0,0,0,0.0,NaN,NaN,1,0,0,0,0,1,1,0,0,0,0,0,0,0,0,0,0,0,0,3,0,0,0,0,0,0,0,0,0,0,0,0,0,0,31,1,0
/Users/kaiohs/Downloads/codes/lab02-experimentacao-software/data/repos/NationalSecurityAgency__ghidra/Ghidra/Framework/Emulation/src/main/java/ghidra/pcode/emu/jit/gen/util/Types.java,ghidra.pcode.emu.jit.gen.util.Types$TCat1,interface,1,1,0,1,1,1,0,0,0,0.0,NaN,NaN,1,0,0,0,0,1,1,0,0,0,0,0,0,0,0,0,0,0,0,5,1,0,0,0,0,0,1,0,0,0,0,0,0,0,20,1,0
/Users/kaiohs/Downloads/codes/lab02-experimentacao-software/data/repos/NationalSecurityAgency__ghidra/Ghidra/Test/DebuggerIntegrationTest/src/test.slow/java/agent/java/rmi/AbstractJavaTraceRmiTest.java,agent.java.rmi.AbstractJavaTraceRmiTest,class,29,33,4,29,81,5,3,142,821,0.9642858,0.0,0.0,42,7,11,1,29,1,43,0,0,0,12,8,1,4,7,0,7,0,44,409,38,7,9,9,1,81,29,78,18,71,4,3,1,21,253,1025,5
/Users/kaiohs/Downloads/codes/lab02-experimentacao-software/data/repos/NationalSecurityAgency__ghidra/Ghidra/Framework/SoftwareModeling/src/test/java/ghidra/program/database/data/merge/EnumMergerTest.java,ghidra.program.database.data.merge.EnumMergerTest,class,8,9,1,8,12,2,0,15,34,0.7777778,0.0,0.0,9,0,8,1,0,0,8,0,0,0,2,0,0,2,0,0,0,0,0,97,1,0,0,2,0,61,44,31,0,31,1,0,1,0,61,1,0
/Users/kaiohs/Downloads/codes/lab02-experimentacao-software/data/repos/NationalSecurityAgency__ghidra/Ghidra/Framework/Emulation/src/main/java/ghidra/app/emulator/AdaptedEmulator.java,ghidra.app.emulator.AdaptedEmulator,class,32,33,1,32,35,10,0,37,72,0.8380952,0.0,0.0,21,0,19,0,2,0,21,0,0,0,10,0,0,10,0,0,7,0,0,317,18,1,5,1,1,4,2,18,1,15,2,0,9,0,139,1,1
/Users/kaiohs/Downloads/codes/lab02-experimentacao-software/data/repos/NationalSecurityAgency__ghidra/GhidraBuild/MarkdownSupport/src/main/java/ghidra/markdown/MarkdownToHtml.java,ghidra.markdown.MarkdownToHtml$CodeAttributeProvider,innerclass,8,8,0,8,6,1,0,4,1,0.0,0.0,0.0,2,0,2,0,0,0,2,0,0,0,0,0,0,0,0,0,0,0,0,30,1,0,0,0,0,18,0,2,0,2,1,0,0,0,36,10,0
/Users/kaiohs/Downloads/codes/lab02-experimentacao-software/data/repos/NationalSecurityAgency__ghidra/Ghidra/Framework/Emulation/src/main/java/ghidra/pcode/emu/jit/op/JitIntTestOp.java,ghidra.pcode.emu.jit.op.JitIntTestOp,interface,2,2,0,2,1,1,0,0,0,0.0,NaN,NaN,1,0,0,0,0,1,1,0,0,0,0,0,0,0,0,0,0,0,0,5,1,0,0,0,0,0,0,0,0,0,0,0,0,0,41,1,0
/Users/kaiohs/Downloads/codes/lab02-experimentacao-software/data/repos/NationalSecurityAgency__ghidra/Ghidra/Framework/Emulation/src/main/java/ghidra/pcode/emu/stdoplib/TrigPcodeUseropLibraryFactory.java,ghidra.pcode.emu.stdoplib.TrigPcodeUseropLibraryFactory,class,7,7,0,7,1,3,0,0,0,0.0,NaN,NaN,1,0,1,0,0,0,1,0,0,0,0,0,0,0,0,0,0,0,0,14,1,0,0,0,0,2,0,0,0,0,0,0,1,0,9,1,0
/Users/kaiohs/Downloads/codes/lab02-experimentacao-software/data/repos/NationalSecurityAgency__ghidra/Ghidra/Test/IntegrationTest/src/test.slow/java/ghidra/app/plugin/core/clipboard/ClipboardPluginTest.java,ghidra.app.plugin.core.clipboard.ClipboardPluginTest$ComponentProviderWrapper,interface,2,2,0,2,6,1,0,0,15,0.0,0.0,0.0,6,0,6,0,0,0,6,0,0,0,0,0,0,0,0,0,0,0,0,8,0,0,0,0,0,0,0,0,0,0,0,0,0,0,15,0,0
/Users/kaiohs/Downloads/codes/lab02-experimentacao-software/data/repos/NationalSecurityAgency__ghidra/Ghidra/Framework/SoftwareModeling/src/test.slow/java/ghidra/program/database/data/DataTypeUtilities2Test.java,ghidra.program.database.data.DataTypeUtilities2Test,class,11,12,1,11,3,2,0,7,3,0.0,0.0,0.0,3,0,2,1,0,0,2,0,0,0,0,0,0,0,0,0,0,0,0,33,1,0,0,0,0,11,5,9,0,9,0,0,0,0,39,1,0
/Users/kaiohs/Downloads/codes/lab02-experimentacao-software/data/repos/NationalSecurityAgency__ghidra/Ghidra/Framework/Emulation/src/main/java/ghidra/pcode/emu/PcodeMachine.java,ghidra.pcode.emu.PcodeMachine$AccessKind,enum,0,0,0,0,3,1,0,0,0,0.33333334,0.0,0.0,3,0,2,1,0,0,2,0,0,0,2,0,0,2,0,0,2,0,0,16,2,0,0,0,0,0,0,2,0,2,0,0,0,0,23,0,0
/Users/kaiohs/Downloads/codes/lab02-experimentacao-software/data/repos/NationalSecurityAgency__ghidra/Ghidra/Framework/Pty/src/test/java/ghidra/pty/StreamPumper.java,ghidra.pty.StreamPumper,class,1,1,0,1,5,2,0,3,0,0.0,0.0,0.0,2,0,2,0,0,0,2,0,0,0,2,0,0,2,0,0,2,0,0,23,0,1,0,1,0,0,3,4,0,4,3,0,0,0,17,1,0
/Users/kaiohs/Downloads/codes/lab02-experimentacao-software/data/repos/NationalSecurityAgency__ghidra/GhidraBuild/EclipsePlugins/GhidraDev/GhidraDevPlugin/src/main/java/ghidradev/ghidraprojectcreator/utils/GhidraLaunchUtils.java,ghidradev.ghidraprojectcreator.utils.GhidraLaunchUtils,class,11,25,14,11,27,1,0,37,45,0.98333335,0.0,0.0,10,10,10,0,0,0,10,0,0,0,6,6,6,0,0,0,6,0,6,112,10,4,4,0,0,16,0,22,3,21,3,0,0,0,174,1,0
/Users/kaiohs/Downloads/codes/lab02-experimentacao-software/data/repos/NationalSecurityAgency__ghidra/Ghidra/Framework/Emulation/src/main/java/generic/Span.java,generic.Span$SpanMap,interface,4,4,0,4,10,1,0,0,45,0.0,0.0,0.0,10,0,0,0,0,10,10,0,0,0,0,0,0,0,0,0,0,0,0,12,0,0,0,0,0,0,0,0,0,0,0,0,0,0,119,1,0
/Users/kaiohs/Downloads/codes/lab02-experimentacao-software/data/repos/NationalSecurityAgency__ghidra/Ghidra/Framework/Emulation/src/main/java/ghidra/pcode/emu/jit/analysis/JitDataFlowModel.java,ghidra.pcode.emu.jit.analysis.JitDataFlowModel$ValCollector,innerclass,7,7,0,7,5,4,0,7,1,0.0,0.0,0.0,2,0,2,0,0,0,2,0,0,0,0,0,0,0,0,0,0,0,0,17,1,1,0,0,0,0,0,1,0,1,2,0,0,0,25,4,0
/Users/kaiohs/Downloads/codes/lab02-experimentacao-software/data/repos/NationalSecurityAgency__ghidra/Ghidra/Framework/Emulation/src/main/java/ghidra/pcode/opbehavior/OpBehaviorFloatNeg.java,ghidra.pcode.opbehavior.OpBehaviorFloatNeg,class,2,3,1,2,3,3,0,2,3,0.0,0.0,0.0,3,0,3,0,0,0,3,0,0,0,0,0,0,0,0,0,0,0,0,13,2,0,0,0,0,0,0,2,0,2,0,0,0,0,12,1,0
/Users/kaiohs/Downloads/codes/lab02-experimentacao-software/data/repos/NationalSecurityAgency__ghidra/Ghidra/Test/DebuggerIntegrationTest/src/screen/java/ghidra/app/plugin/core/debug/gui/tracermi/launcher/gdbScreenShots.java,ghidra.app.plugin.core.debug.gui.tracermi.launcher.gdbScreenShots,class,11,12,1,11,4,2,0,24,4,0.5,0.0,0.0,4,0,2,0,2,0,4,0,0,0,1,0,0,0,0,1,0,0,3,27,1,0,0,0,0,5,2,8,0,9,0,0,0,3,53,1,0
/Users/kaiohs/Downloads/codes/lab02-experimentacao-software/data/repos/NationalSecurityAgency__ghidra/Ghidra/Framework/Emulation/src/main/java/ghidra/pcode/exec/PcodeStateCallbacks.java,ghidra.pcode.exec.PcodeStateCallbacks,interface,11,33,22,11,16,1,0,19,45,1.0,0.0,0.0,10,2,0,0,0,10,10,0,0,0,1,0,0,0,0,1,0,0,1,56,9,1,4,0,0,1,6,8,2,8,2,0,1,0,193,1,0
/Users/kaiohs/Downloads/codes/lab02-experimentacao-software/data/repos/NationalSecurityAgency__ghidra/Ghidra/Framework/Pty/src/main/java/ghidra/pty/windows/jna/ConsoleApiNative.java,ghidra.pty.windows.jna.ConsoleApiNative$COORD,innerclass,5,5,0,5,0,6,0,0,0,NaN,-1.0,-1.0,0,0,0,0,0,0,0,0,0,0,2,0,2,0,0,0,0,0,0,8,0,0,0,0,0,2,0,0,0,2,0,0,2,0,7,9,0
/Users/kaiohs/Downloads/codes/lab02-experimentacao-software/data/repos/NationalSecurityAgency__ghidra/GPL/DMG/src/dmg/java/mobiledevices/dmg/xattr/XattrConstants.java,mobiledevices.dmg.xattr.XattrConstants,class,0,0,0,0,0,1,0,0,0,NaN,-1.0,-1.0,0,0,0,0,0,0,0,0,0,0,4,4,4,0,0,0,4,0,0,6,0,0,0,0,0,4,0,4,0,4,0,0,0,0,21,17,0
/Users/kaiohs/Downloads/codes/lab02-experimentacao-software/data/repos/NationalSecurityAgency__ghidra/Ghidra/Test/IntegrationTest/src/test.slow/java/ghidra/app/plugin/core/terminal/TerminalProviderTest.java,ghidra.app.plugin.core.terminal.TerminalProviderTest$Anonymous1,anonymous,0,0,0,0,1,1,0,2,0,0.0,NaN,NaN,1,0,1,0,0,0,1,0,0,0,0,0,0,0,0,0,0,0,0,6,0,0,0,0,0,2,0,0,1,0,0,0,0,0,3,-1,0
/Users/kaiohs/Downloads/codes/lab02-experimentacao-software/data/repos/NationalSecurityAgency__ghidra/Ghidra/Framework/Emulation/src/main/java/ghidra/pcode/emu/jit/gen/op/IntSBorrowOpGen.java,ghidra.pcode.emu.jit.gen.op.IntSBorrowOpGen,enum,18,18,0,18,4,1,0,3,6,0.0,0.0,0.0,4,0,4,0,0,0,4,0,0,0,0,0,0,0,0,0,0,0,0,14,4,0,0,0,0,3,0,0,0,0,0,0,0,0,60,1,0
/Users/kaiohs/Downloads/codes/lab02-experimentacao-software/data/repos/NationalSecurityAgency__ghidra/Ghidra/Test/IntegrationTest/src/test.slow/java/ghidra/app/plugin/core/terminal/TerminalProviderTest.java,ghidra.app.plugin.core.terminal.TerminalProviderTest$Anonymous2,anonymous,0,0,0,0,1,1,0,2,0,0.0,NaN,NaN,1,0,1,0,0,0,1,0,0,0,0,0,0,0,0,0,0,0,0,6,0,0,0,0,0,2,0,0,1,0,0,0,0,0,3,-1,0
/Users/kaiohs/Downloads/codes/lab02-experimentacao-software/data/repos/NationalSecurityAgency__ghidra/Ghidra/Test/IntegrationTest/src/test.slow/java/ghidra/app/plugin/core/terminal/TerminalProviderTest.java,ghidra.app.plugin.core.terminal.TerminalProviderTest$Anonymous3,anonymous,0,0,0,0,1,1,0,2,0,0.0,NaN,NaN,1,0,1,0,0,0,1,0,0,0,0,0,0,0,0,0,0,0,0,6,0,0,0,0,0,2,0,0,1,0,0,0,0,0,3,-1,0
/Users/kaiohs/Downloads/codes/lab02-experimentacao-software/data/repos/NationalSecurityAgency__ghidra/Ghidra/Framework/Emulation/src/main/java/ghidra/pcode/emu/jit/gen/op/FloatEqualOpGen.java,ghidra.pcode.emu.jit.gen.op.FloatEqualOpGen,enum,12,12,0,12,3,1,0,3,3,0.0,0.0,0.0,3,0,3,0,0,0,3,0,0,0,0,0,0,0,0,0,0,0,3,11,3,0,0,0,0,0,0,0,0,0,0,0,0,0,39,1,0
/Users/kaiohs/Downloads/codes/lab02-experimentacao-software/data/repos/NationalSecurityAgency__ghidra/GhidraBuild/BuildFiles/Doclets/src/main/java/ghidra/doclets/typestubs/JavadocConverter.java,ghidra.doclets.typestubs.JavadocConverter,class,29,32,3,29,85,2,0,101,404,0.95862067,0.0,0.0,29,9,1,25,0,3,4,0,0,0,5,4,0,5,0,0,5,0,39,315,51,7,23,1,2,113,9,69,18,53,4,0,0,1,170,1,0
/Users/kaiohs/Downloads/codes/lab02-experimentacao-software/data/repos/NationalSecurityAgency__ghidra/Ghidra/Framework/SoftwareModeling/src/test/java/ghidra/app/plugin/assembler/sleigh/SolverTest.java,ghidra.app.plugin.assembler.sleigh.SolverTest$Anonymous3,anonymous,4,4,0,4,2,1,0,3,0,0.0,NaN,NaN,1,0,1,0,0,0,1,0,0,0,0,0,0,0,0,0,0,0,0,11,2,0,1,0,0,3,0,0,1,0,1,0,0,0,30,-1,2
/Users/kaiohs/Downloads/codes/lab02-experimentacao-software/data/repos/NationalSecurityAgency__ghidra/Ghidra/Framework/SoftwareModeling/src/test/java/ghidra/app/plugin/assembler/sleigh/SolverTest.java,ghidra.app.plugin.assembler.sleigh.SolverTest$Anonymous1,anonymous,0,0,0,0,3,1,0,0,3,0.0,0.0,0.0,3,0,3,0,0,0,3,0,0,0,0,0,0,0,0,0,0,0,0,11,3,0,0,0,0,0,3,0,0,0,0,0,0,0,6,-1,0
/Users/kaiohs/Downloads/codes/lab02-experimentacao-software/data/repos/NationalSecurityAgency__ghidra/Ghidra/Framework/SoftwareModeling/src/test/java/ghidra/app/plugin/assembler/sleigh/SolverTest.java,ghidra.app.plugin.assembler.sleigh.SolverTest$Anonymous2,anonymous,3,3,0,3,3,1,0,4,0,0.0,NaN,NaN,1,0,1,0,0,0,1,0,0,0,0,0,0,0,0,0,0,0,0,11,2,0,0,0,0,0,0,0,0,0,2,0,0,0,18,-1,0
/Users/kaiohs/Downloads/codes/lab02-experimentacao-software/data/repos/NationalSecurityAgency__ghidra/Ghidra/Framework/Emulation/src/main/java/ghidra/pcode/exec/SleighProgramCompiler.java,ghidra.pcode.exec.SleighProgramCompiler$PcodeLogEntry,interface,2,2,0,2,5,1,0,10,10,0.0,0.0,0.0,5,1,1,0,0,4,5,0,0,0,0,0,0,0,0,0,0,0,1,11,2,0,0,0,0,2,0,0,0,1,0,0,0,1,11,1,0
/Users/kaiohs/Downloads/codes/lab02-experimentacao-software/data/repos/NationalSecurityAgency__ghidra/Ghidra/Framework/SoftwareModeling/src/test/java/ghidra/program/model/data/CharsetSettingsDefinitionTest.java,ghidra.program.model.data.CharsetSettingsDefinitionTest,class,5,5,0,5,6,2,0,8,15,0.0,0.0,0.0,6,0,6,0,0,0,6,0,0,0,0,0,0,0,0,0,0,0,2,49,0,0,0,0,0,23,12,13,0,11,0,0,0,0,26,1,0
/Users/kaiohs/Downloads/codes/lab02-experimentacao-software/data/repos/NationalSecurityAgency__ghidra/Ghidra/Test/IntegrationTest/src/test.slow/java/ghidra/server/RepositoryFileSystemTest.java,ghidra.server.RepositoryFileSystemTest$MyChangeSet,innerclass,2,2,0,2,9,1,0,0,36,0.0,0.0,0.0,9,0,9,0,0,0,9,0,0,0,0,0,0,0,0,0,0,0,0,20,0,0,0,0,0,0,0,0,0,0,0,0,0,0,27,0,0
/Users/kaiohs/Downloads/codes/lab02-experimentacao-software/data/repos/NationalSecurityAgency__ghidra/Ghidra/Framework/SoftwareModeling/src/main/java/ghidra/app/plugin/assembler/sleigh/sem/AbstractAssemblyResolutionFactory.java,ghidra.app.plugin.assembler.sleigh.sem.AbstractAssemblyResolutionFactory$AssemblyResolvedErrorBuilder,innerclass,4,4,0,4,2,2,0,1,0,0.0,0.0,0.0,2,0,2,0,0,0,2,0,0,0,1,0,0,0,1,0,0,0,0,10,2,0,0,0,0,0,0,1,0,1,0,0,0,0,8,1,0
/Users/kaiohs/Downloads/codes/lab02-experimentacao-software/data/repos/NationalSecurityAgency__ghidra/GhidraBuild/EclipsePlugins/GhidraSleighEditor/ghidra.xtext.sleigh/src/ghidra/xtext/sleigh/converter/SleighValueConverter.java,ghidra.xtext.sleigh.converter.SleighValueConverter,class,5,5,0,5,3,2,0,0,0,0.44444445,0.0,0.0,3,0,3,0,0,0,3,0,0,0,3,0,0,3,0,0,0,0,0,14,3,0,0,0,0,3,0,0,0,3,0,0,0,0,22,1,0
/Users/kaiohs/Downloads/codes/lab02-experimentacao-software/data/repos/NationalSecurityAgency__ghidra/Ghidra/Framework/SoftwareModeling/src/test/java/ghidra/sleigh/grammar/BooleanExpressionTest.java,ghidra.sleigh.grammar.BooleanExpressionTest,class,9,10,1,9,33,2,0,3,0,0.46969697,0.0,0.0,33,0,32,1,0,0,32,0,0,0,2,0,0,0,0,2,0,0,0,153,0,0,0,0,0,31,0,7,0,6,0,1,0,0,60,1,0
/Users/kaiohs/Downloads/codes/lab02-experimentacao-software/data/repos/NationalSecurityAgency__ghidra/Ghidra/Framework/Emulation/src/main/java/ghidra/pcode/emu/jit/gen/var/WholeMemoryOutVarGen.java,ghidra.pcode.emu.jit.gen.var.WholeMemoryOutVarGen,enum,3,3,0,3,1,1,0,0,0,0.0,NaN,NaN,1,0,1,0,0,0,1,0,0,0,0,0,0,0,0,0,0,0,0,5,1,0,0,0,0,0,0,0,0,0,0,0,0,0,21,1,0
/Users/kaiohs/Downloads/codes/lab02-experimentacao-software/data/repos/NationalSecurityAgency__ghidra/Ghidra/Framework/SoftwareModeling/src/main/java/ghidra/app/plugin/assembler/sleigh/sem/AssemblyOperandStateGenerator.java,ghidra.app.plugin.assembler.sleigh.sem.AssemblyOperandStateGenerator,class,9,10,1,9,2,2,0,3,0,0.0,0.0,0.0,2,0,2,0,0,0,2,0,0,0,1,0,0,0,1,0,1,0,1,10,1,0,0,0,0,0,0,1,0,1,0,0,0,0,48,1,0
/Users/kaiohs/Downloads/codes/lab02-experimentacao-software/data/repos/NationalSecurityAgency__ghidra/Ghidra/Framework/Emulation/src/main/java/ghidra/pcode/emu/jit/gen/util/ChildScope.java,ghidra.pcode.emu.jit.gen.util.ChildScope,class,4,5,1,4,2,2,0,1,0,0.0,0.0,0.0,2,0,1,0,0,1,2,0,0,0,1,0,0,0,1,0,1,0,0,12,0,0,0,0,0,0,0,3,0,1,0,0,0,0,26,0,0
/Users/kaiohs/Downloads/codes/lab02-experimentacao-software/data/repos/NationalSecurityAgency__ghidra/Ghidra/Framework/SoftwareModeling/src/test/java/ghidra/sleigh/grammar/FileSearcher.java,ghidra.sleigh.grammar.FileSearcher$FileSearcherException,innerclass,0,0,0,0,1,3,0,0,0,1.0,NaN,NaN,1,0,1,0,0,0,1,0,0,0,1,1,1,0,0,0,1,0,0,6,0,0,0,0,0,0,1,1,0,1,0,0,0,0,11,9,0
/Users/kaiohs/Downloads/codes/lab02-experimentacao-software/data/repos/NationalSecurityAgency__ghidra/Ghidra/Test/IntegrationTest/src/test.slow/java/ghidra/pcode/emu/jit/JitPcodeEmulatorTest.java,ghidra.pcode.emu.jit.JitPcodeEmulatorTest$Anonymous1,anonymous,2,2,0,2,1,1,0,2,0,0.0,NaN,NaN,1,0,0,0,1,0,1,0,0,0,0,0,0,0,0,0,0,0,0,5,1,0,0,0,0,0,0,0,0,0,0,0,0,0,4,-1,0
/Users/kaiohs/Downloads/codes/lab02-experimentacao-software/data/repos/NationalSecurityAgency__ghidra/Ghidra/Framework/Emulation/src/test/java/ghidra/pcode/opbehavior/OpBehaviorIntDivTest.java,ghidra.pcode.opbehavior.OpBehaviorIntDivTest,class,3,3,0,3,3,3,0,5,3,0.0,0.0,0.0,3,0,3,0,0,0,3,0,0,0,0,0,0,0,0,0,0,0,4,56,0,0,0,0,0,2,177,5,0,5,0,0,0,0,32,1,0
/Users/kaiohs/Downloads/codes/lab02-experimentacao-software/data/repos/NationalSecurityAgency__ghidra/GhidraBuild/EclipsePlugins/GhidraDev/GhidraDevPlugin/src/main/java/ghidradev/ghidraprojectcreator/utils/PackageFragmentRootSelectionDialog.java,ghidradev.ghidraprojectcreator.utils.PackageFragmentRootSelectionDialog$Anonymous1,anonymous,3,3,0,3,3,1,0,0,0,0.0,NaN,NaN,1,0,1,0,0,0,1,0,0,0,0,0,0,0,0,0,0,0,0,8,2,0,1,0,0,1,2,0,0,0,1,0,0,0,7,-1,0
/Users/kaiohs/Downloads/codes/lab02-experimentacao-software/data/repos/NationalSecurityAgency__ghidra/Ghidra/Framework/Emulation/src/main/java/ghidra/pcode/opbehavior/OpBehaviorIntLessEqual.java,ghidra.pcode.opbehavior.OpBehaviorIntLessEqual,class,1,2,1,1,11,3,0,2,3,0.0,0.0,0.0,3,0,3,0,0,0,3,0,0,0,0,0,0,0,0,0,0,0,0,35,2,0,3,0,5,0,15,13,2,5,3,0,0,0,17,1,0
/Users/kaiohs/Downloads/codes/lab02-experimentacao-software/data/repos/NationalSecurityAgency__ghidra/GhidraBuild/EclipsePlugins/GhidraDev/GhidraDevPlugin/src/main/java/ghidradev/ghidraprojectcreator/utils/PackageFragmentRootSelectionDialog.java,ghidradev.ghidraprojectcreator.utils.PackageFragmentRootSelectionDialog$Anonymous2,anonymous,4,4,0,4,2,1,0,2,0,0.0,NaN,NaN,1,0,1,0,0,0,1,0,0,0,0,0,0,0,0,0,0,0,0,9,2,0,0,0,0,0,0,1,0,1,1,0,0,0,12,-1,0
/Users/kaiohs/Downloads/codes/lab02-experimentacao-software/data/repos/NationalSecurityAgency__ghidra/Ghidra/Framework/Emulation/src/main/java/ghidra/pcode/emu/jit/gen/InstanceFieldReq.java,ghidra.pcode.emu.jit.gen.InstanceFieldReq,interface,9,9,0,9,2,1,0,0,1,0.0,0.0,0.0,2,0,0,0,0,2,2,0,0,0,0,0,0,0,0,0,0,0,0,4,0,0,0,0,0,0,0,0,0,0,0,0,0,0,63,1,0
/Users/kaiohs/Downloads/codes/lab02-experimentacao-software/data/repos/NationalSecurityAgency__ghidra/Ghidra/Framework/Emulation/src/main/java/ghidra/pcode/emu/jit/gen/op/IntMultOpGen.java,ghidra.pcode.emu.jit.gen.op.IntMultOpGen,enum,20,20,0,20,4,1,0,3,6,0.0,0.0,0.0,4,0,4,0,0,0,4,0,0,0,0,0,0,0,0,0,0,0,2,14,4,0,0,0,0,1,1,0,0,0,0,0,0,0,169,1,0
/Users/kaiohs/Downloads/codes/lab02-experimentacao-software/data/repos/NationalSecurityAgency__ghidra/Ghidra/Framework/Emulation/src/test/java/ghidra/pcode/opbehavior/OpBehaviorFloatLessEqualTest.java,ghidra.pcode.opbehavior.OpBehaviorFloatLessEqualTest,class,5,5,0,5,3,3,0,7,3,0.0,0.0,0.0,3,0,3,0,0,0,3,0,0,0,0,0,0,0,0,0,0,0,0,39,0,0,0,0,0,0,80,6,0,6,0,0,0,0,20,1,0
/Users/kaiohs/Downloads/codes/lab02-experimentacao-software/data/repos/NationalSecurityAgency__ghidra/Ghidra/Framework/SoftwareModeling/src/test/java/ghidra/program/model/data/EnumValuePartitionerTest.java,ghidra.program.model.data.EnumValuePartitionerTest,class,4,4,0,4,3,2,0,9,3,0.0,0.0,0.0,3,0,3,0,0,0,3,0,0,0,0,0,0,0,0,0,0,0,0,26,0,0,0,0,0,0,34,5,0,5,0,0,0,0,26,1,0
/Users/kaiohs/Downloads/codes/lab02-experimentacao-software/data/repos/NationalSecurityAgency__ghidra/Ghidra/Framework/SoftwareModeling/src/test/java/ghidra/app/plugin/assembler/sleigh/MIPSMicroAssemblyTest.java,ghidra.app.plugin.assembler.sleigh.MIPSMicroAssemblyTest,class,3,3,0,3,4,3,0,1,6,0.0,0.0,0.0,4,0,3,0,1,0,4,0,0,0,0,0,0,0,0,0,0,0,0,14,1,0,0,0,0,13,3,0,0,0,0,0,0,0,32,1,0
/Users/kaiohs/Downloads/codes/lab02-experimentacao-software/data/repos/NationalSecurityAgency__ghidra/Ghidra/Framework/Emulation/src/main/java/ghidra/pcode/loadimage/LoadImageFunc.java,ghidra.pcode.loadimage.LoadImageFunc,class,1,1,0,1,0,1,0,0,0,NaN,-1.0,-1.0,0,0,0,0,0,0,0,0,0,0,2,0,2,0,0,0,0,0,0,4,0,0,0,0,0,1,0,0,0,2,0,0,0,0,8,1,0
/Users/kaiohs/Downloads/codes/lab02-experimentacao-software/data/repos/NationalSecurityAgency__ghidra/Ghidra/Test/IntegrationTest/src/test/java/ghidra/util/task/CachingSwingWorkerTest.java,ghidra.util.task.CachingSwingWorkerTest$TestWorker,innerclass,2,2,0,2,11,2,0,7,4,0.6,0.0,0.0,5,0,1,0,1,3,5,0,0,0,3,0,0,3,0,0,0,0,1,47,3,1,0,1,0,3,4,8,1,6,2,0,0,0,34,0,0
/Users/kaiohs/Downloads/codes/lab02-experimentacao-software/data/repos/NationalSecurityAgency__ghidra/Ghidra/Framework/Emulation/src/main/java/ghidra/pcode/emu/jit/gen/var/MissingVarGen.java,ghidra.pcode.emu.jit.gen.var.MissingVarGen,enum,21,22,1,21,11,1,0,3,55,0.0,0.0,0.0,11,0,10,1,0,0,10,0,0,0,0,0,0,0,0,0,0,0,0,39,7,0,0,0,0,2,0,0,1,0,0,0,0,0,139,1,0
/Users/kaiohs/Downloads/codes/lab02-experimentacao-software/data/repos/NationalSecurityAgency__ghidra/Ghidra/Framework/Emulation/src/main/java/ghidra/pcode/emu/jit/analysis/JitTypeModel.java,ghidra.pcode.emu.jit.analysis.JitTypeModel,class,11,18,7,11,20,1,0,21,0,0.44444445,0.0,0.0,6,0,2,0,4,0,6,0,0,0,3,0,0,3,0,0,3,0,0,68,2,5,5,0,0,0,0,18,0,15,3,0,0,0,475,1,0
/Users/kaiohs/Downloads/codes/lab02-experimentacao-software/data/repos/NationalSecurityAgency__ghidra/Ghidra/Framework/SoftwareModeling/src/test/java/ghidra/program/model/data/TestDoubleDataTypeManager.java,ghidra.program.model.data.TestDoubleDataTypeManager,class,21,21,0,21,74,1,0,1,2699,0.972973,0.0,0.0,74,0,74,0,0,0,74,0,0,0,1,0,0,1,0,0,0,0,0,225,3,0,0,0,0,0,0,1,0,1,0,0,0,0,137,1,0
/Users/kaiohs/Downloads/codes/lab02-experimentacao-software/data/repos/NationalSecurityAgency__ghidra/Ghidra/Framework/SoftwareModeling/src/test/java/ghidra/app/plugin/assembler/sleigh/AbstractAssemblyTest.java,ghidra.app.plugin.assembler.sleigh.AbstractAssemblyTest$Anonymous1,anonymous,6,6,0,6,6,1,0,7,1,0.0,0.0,0.0,2,0,2,0,0,0,2,0,0,0,0,0,0,0,0,0,0,0,1,21,2,0,0,0,0,0,0,0,0,0,1,0,0,0,21,-1,0
/Users/kaiohs/Downloads/codes/lab02-experimentacao-software/data/repos/NationalSecurityAgency__ghidra/Ghidra/Test/IntegrationTest/src/screen/java/help/screenshot/GraphServicesScreenShots.java,help.screenshot.GraphServicesScreenShots,class,18,19,1,18,6,2,0,27,10,0.0,0.0,0.0,5,0,4,1,0,0,4,0,0,0,0,0,0,0,0,0,0,0,0,56,0,0,1,0,1,21,2,16,1,16,2,0,0,2,58,1,0
/Users/kaiohs/Downloads/codes/lab02-experimentacao-software/data/repos/NationalSecurityAgency__ghidra/Ghidra/Framework/Pty/src/test/java/ghidra/pty/macos/MacosPtyTest.java,ghidra.pty.macos.MacosPtyTest,class,3,3,0,3,3,3,0,2,1,0.0,0.0,0.0,2,0,1,0,1,0,2,0,0,0,0,0,0,0,0,0,0,0,1,8,1,0,1,0,0,0,0,0,0,0,0,0,0,0,13,1,0
/Users/kaiohs/Downloads/codes/lab02-experimentacao-software/data/repos/NationalSecurityAgency__ghidra/Ghidra/Framework/Emulation/src/main/java/ghidra/pcode/emu/jit/gen/access/MpIntAccessGen.java,ghidra.pcode.emu.jit.gen.access.MpIntAccessGen$Anonymous1,anonymous,4,4,0,4,2,1,0,4,1,0.0,0.0,0.0,2,0,0,0,2,0,2,0,0,0,0,0,0,0,0,0,0,0,0,8,2,0,0,0,0,0,0,0,0,0,0,0,0,0,10,-1,0
/Users/kaiohs/Downloads/codes/lab02-experimentacao-software/data/repos/NationalSecurityAgency__ghidra/Ghidra/Framework/Emulation/src/main/java/ghidra/pcode/emu/jit/gen/access/MpIntAccessGen.java,ghidra.pcode.emu.jit.gen.access.MpIntAccessGen$Anonymous2,anonymous,4,4,0,4,2,1,0,3,1,0.0,0.0,0.0,2,0,0,0,2,0,2,0,0,0,0,0,0,0,0,0,0,0,0,8,2,0,0,0,0,0,0,0,0,0,0,0,0,0,10,-1,0
/Users/kaiohs/Downloads/codes/lab02-experimentacao-software/data/repos/NationalSecurityAgency__ghidra/Ghidra/Test/IntegrationTest/src/test.slow/java/ghidra/framework/plugintool/TestingPlugin.java,ghidra.framework.plugintool.TestingPlugin,interface,0,16,16,0,0,1,0,0,0,0.0,-1.0,-1.0,0,0,0,0,0,0,0,0,0,0,0,0,0,0,0,0,0,0,0,2,0,0,0,0,0,0,0,0,0,0,0,0,0,0,18,1,0
/Users/kaiohs/Downloads/codes/lab02-experimentacao-software/data/repos/NationalSecurityAgency__ghidra/Ghidra/Test/IntegrationTest/src/test.slow/java/ghidra/app/plugin/compare/CompareFunctionsDecompilerViewTest.java,ghidra.app.plugin.compare.CompareFunctionsDecompilerViewTest,class,17,18,1,17,9,2,0,39,26,0.7555556,0.0,0.0,9,0,3,6,0,0,3,0,0,0,5,0,0,5,0,0,0,0,2,58,2,0,0,0,0,1,4,13,0,13,0,0,0,3,76,1,0
/Users/kaiohs/Downloads/codes/lab02-experimentacao-software/data/repos/NationalSecurityAgency__ghidra/GhidraBuild/BuildFiles/Doclets/src/main/java/ghidra/doclets/typestubs/HtmlTagKind.java,ghidra.doclets.typestubs.HtmlTagKind$Anonymous13,anonymous,1,1,0,1,1,1,0,0,0,0.0,NaN,NaN,1,0,0,0,0,1,1,0,0,0,0,0,0,0,0,0,0,0,0,5,1,0,0,0,0,0,0,0,0,0,0,0,0,0,8,-1,0
/Users/kaiohs/Downloads/codes/lab02-experimentacao-software/data/repos/NationalSecurityAgency__ghidra/GhidraBuild/BuildFiles/Doclets/src/main/java/ghidra/doclets/typestubs/HtmlTagKind.java,ghidra.doclets.typestubs.HtmlTagKind$Anonymous14,anonymous,1,1,0,1,2,1,0,0,0,0.0,NaN,NaN,1,0,0,0,0,1,1,0,0,0,0,0,0,0,0,0,0,0,0,5,1,0,1,0,0,0,0,0,0,0,0,0,0,0,7,-1,0
/Users/kaiohs/Downloads/codes/lab02-experimentacao-software/data/repos/NationalSecurityAgency__ghidra/GhidraBuild/BuildFiles/Doclets/src/main/java/ghidra/doclets/typestubs/HtmlTagKind.java,ghidra.doclets.typestubs.HtmlTagKind$Anonymous11,anonymous,2,2,0,2,2,1,0,0,1,0.0,0.0,0.0,2,0,1,0,0,1,2,0,0,0,0,0,0,0,0,0,0,0,0,8,2,0,0,0,0,0,0,0,0,0,0,0,0,0,12,-1,0
/Users/kaiohs/Downloads/codes/lab02-experimentacao-software/data/repos/NationalSecurityAgency__ghidra/Ghidra/Framework/Emulation/src/test/java/ghidra/pcode/opbehavior/AbstractOpBehaviorTest.java,ghidra.pcode.opbehavior.AbstractOpBehaviorTest,class,3,44,41,3,9,2,40,9,15,0.0,0.0,0.0,6,0,1,1,4,0,5,0,0,0,0,0,0,0,0,0,0,0,3,35,5,1,0,0,0,1,7,6,0,6,1,0,0,0,28,1025,0
/Users/kaiohs/Downloads/codes/lab02-experimentacao-software/data/repos/NationalSecurityAgency__ghidra/GhidraBuild/BuildFiles/Doclets/src/main/java/ghidra/doclets/typestubs/HtmlTagKind.java,ghidra.doclets.typestubs.HtmlTagKind$Anonymous12,anonymous,1,1,0,1,1,1,0,0,0,0.0,NaN,NaN,1,0,0,0,0,1,1,0,0,0,0,0,0,0,0,0,0,0,0,5,1,0,0,0,0,0,0,0,0,0,0,0,0,0,8,-1,0
/Users/kaiohs/Downloads/codes/lab02-experimentacao-software/data/repos/NationalSecurityAgency__ghidra/GhidraBuild/BuildFiles/Doclets/src/main/java/ghidra/doclets/typestubs/HtmlTagKind.java,ghidra.doclets.typestubs.HtmlTagKind$Anonymous17,anonymous,1,1,0,1,1,1,0,0,0,0.0,NaN,NaN,1,0,0,0,0,1,1,0,0,0,0,0,0,0,0,0,0,0,0,5,1,0,0,0,0,0,0,0,0,0,0,0,0,0,8,-1,0
/Users/kaiohs/Downloads/codes/lab02-experimentacao-software/data/repos/NationalSecurityAgency__ghidra/GhidraBuild/BuildFiles/Doclets/src/main/java/ghidra/doclets/typestubs/HtmlTagKind.java,ghidra.doclets.typestubs.HtmlTagKind$Anonymous18,anonymous,1,1,0,1,1,1,0,0,0,0.0,NaN,NaN,1,0,0,0,0,1,1,0,0,0,0,0,0,0,0,0,0,0,0,5,1,0,0,0,0,0,0,0,0,0,0,0,0,0,8,-1,0
/Users/kaiohs/Downloads/codes/lab02-experimentacao-software/data/repos/NationalSecurityAgency__ghidra/GhidraBuild/BuildFiles/Doclets/src/main/java/ghidra/doclets/typestubs/HtmlTagKind.java,ghidra.doclets.typestubs.HtmlTagKind$Anonymous15,anonymous,1,1,0,1,1,1,0,0,0,0.0,NaN,NaN,1,0,0,0,0,1,1,0,0,0,0,0,0,0,0,0,0,0,0,5,1,0,0,0,0,0,0,0,0,0,0,0,0,0,8,-1,0
/Users/kaiohs/Downloads/codes/lab02-experimentacao-software/data/repos/NationalSecurityAgency__ghidra/Ghidra/Framework/Emulation/src/main/java/ghidra/app/emulator/state/FilteredRegisterBank.java,ghidra.app.emulator.state.FilteredRegisterBank,class,5,6,1,5,1,2,0,1,0,0.0,NaN,NaN,1,0,1,0,0,0,1,0,0,0,0,0,0,0,0,0,0,0,0,5,0,0,0,0,0,1,0,0,0,0,0,0,0,0,14,1,0
/Users/kaiohs/Downloads/codes/lab02-experimentacao-software/data/repos/NationalSecurityAgency__ghidra/GhidraBuild/BuildFiles/Doclets/src/main/java/ghidra/doclets/typestubs/HtmlTagKind.java,ghidra.doclets.typestubs.HtmlTagKind$Anonymous16,anonymous,1,1,0,1,1,1,0,0,0,0.0,NaN,NaN,1,0,0,0,0,1,1,0,0,0,0,0,0,0,0,0,0,0,0,5,1,0,0,0,0,0,0,0,0,0,0,0,0,0,8,-1,0
/Users/kaiohs/Downloads/codes/lab02-experimentacao-software/data/repos/NationalSecurityAgency__ghidra/Ghidra/Framework/Emulation/src/main/java/ghidra/pcode/emu/jit/gen/op/BranchOpGen.java,ghidra.pcode.emu.jit.gen.op.BranchOpGen$ExtBranchGen,innerclass,17,17,0,17,3,3,0,6,3,1.0,0.0,0.0,3,0,0,0,0,3,3,0,0,0,1,1,0,0,0,1,1,0,1,14,3,0,0,0,0,1,0,3,0,3,0,0,0,0,44,8,0
/Users/kaiohs/Downloads/codes/lab02-experimentacao-software/data/repos/NationalSecurityAgency__ghidra/Ghidra/Framework/Emulation/src/main/java/ghidra/pcode/emu/jit/gen/tgt/JitCompiledPassage.java,ghidra.pcode.emu.jit.gen.tgt.JitCompiledPassage$ExitSlot,innerclass,5,5,0,5,4,1,0,5,1,0.44444445,0.0,0.0,3,0,2,1,0,0,2,0,0,0,3,0,0,3,0,0,2,0,0,18,2,0,1,0,0,0,0,3,0,3,1,0,0,0,87,9,0
/Users/kaiohs/Downloads/codes/lab02-experimentacao-software/data/repos/NationalSecurityAgency__ghidra/Ghidra/Framework/Emulation/src/main/java/ghidra/pcode/opbehavior/OpBehaviorBoolNegate.java,ghidra.pcode.opbehavior.OpBehaviorBoolNegate,class,1,2,1,1,3,3,0,1,3,0.0,0.0,0.0,3,0,3,0,0,0,3,0,0,0,0,0,0,0,0,0,0,0,0,13,2,0,0,0,0,0,1,2,0,2,0,0,0,0,10,1,0
/Users/kaiohs/Downloads/codes/lab02-experimentacao-software/data/repos/NationalSecurityAgency__ghidra/Ghidra/Test/IntegrationTest/src/screen/java/help/screenshot/TextFormatterContext.java,help.screenshot.TextFormatterContext,class,0,4,4,0,3,1,0,0,0,0.33333334,0.0,0.0,3,0,3,0,0,0,3,0,0,0,3,0,3,0,0,0,0,0,0,16,0,0,0,0,0,0,0,3,0,3,0,0,0,0,7,1,0
/Users/kaiohs/Downloads/codes/lab02-experimentacao-software/data/repos/NationalSecurityAgency__ghidra/GhidraBuild/BuildFiles/Doclets/src/main/java/ghidra/doclets/typestubs/HtmlTagKind.java,ghidra.doclets.typestubs.HtmlTagKind$Anonymous10,anonymous,1,1,0,1,2,1,0,1,0,0.0,NaN,NaN,1,0,0,0,0,1,1,0,0,0,0,0,0,0,0,0,0,0,1,8,2,0,0,0,0,0,0,0,0,0,1,0,0,0,10,-1,0
/Users/kaiohs/Downloads/codes/lab02-experimentacao-software/data/repos/NationalSecurityAgency__ghidra/Ghidra/Framework/Emulation/src/main/java/ghidra/pcode/emu/jit/decode/DecoderForOneStride.java,ghidra.pcode.emu.jit.decode.DecoderForOneStride,class,16,19,3,16,16,1,0,17,0,0.28000003,0.0,0.0,5,0,2,1,0,2,4,0,0,0,5,0,0,1,0,4,5,0,1,86,8,1,3,0,0,0,1,19,0,17,2,0,0,0,129,1,0
/Users/kaiohs/Downloads/codes/lab02-experimentacao-software/data/repos/NationalSecurityAgency__ghidra/Ghidra/Framework/Emulation/src/main/java/ghidra/pcode/emu/jit/gen/var/FailValGen.java,ghidra.pcode.emu.jit.gen.var.FailValGen,enum,17,18,1,17,7,1,0,0,21,0.0,0.0,0.0,7,0,7,0,0,0,7,0,0,0,0,0,0,0,0,0,0,0,0,23,2,0,0,0,0,0,0,0,0,0,0,0,0,0,36,1,0
/Users/kaiohs/Downloads/codes/lab02-experimentacao-software/data/repos/NationalSecurityAgency__ghidra/Ghidra/Test/DebuggerIntegrationTest/src/test/java/ghidra/app/plugin/core/debug/service/tracermi/TraceRmiPerformanceTest.java,ghidra.app.plugin.core.debug.service.tracermi.TraceRmiPerformanceTest$NerfedRmiTraceMaker,innerclass,4,4,0,4,1,2,0,6,0,0.0,NaN,NaN,1,0,0,0,1,0,1,0,0,0,0,0,0,0,0,0,0,0,0,6,1,0,0,0,0,0,0,0,0,1,0,0,0,1,10,0,0
/Users/kaiohs/Downloads/codes/lab02-experimentacao-software/data/repos/NationalSecurityAgency__ghidra/Ghidra/Test/DebuggerIntegrationTest/src/test/java/ghidra/app/plugin/core/debug/gui/register/DebuggerRmiRegistersProviderTest.java,ghidra.app.plugin.core.debug.gui.register.DebuggerRmiRegistersProviderTest,class,8,9,1,8,4,4,0,28,6,0.0,0.0,0.0,4,0,3,0,1,0,4,0,0,0,0,0,0,0,0,0,0,0,1,42,1,0,0,1,0,9,4,3,0,3,1,0,0,1,49,1,0
/Users/kaiohs/Downloads/codes/lab02-experimentacao-software/data/repos/NationalSecurityAgency__ghidra/GhidraBuild/BuildFiles/Doclets/src/main/java/ghidra/doclets/typestubs/HtmlTagKind.java,ghidra.doclets.typestubs.HtmlTagKind$Anonymous19,anonymous,1,1,0,1,1,1,0,0,0,0.0,NaN,NaN,1,0,0,0,0,1,1,0,0,0,0,0,0,0,0,0,0,0,0,5,1,0,0,0,0,0,0,0,0,0,0,0,0,0,8,-1,0
/Users/kaiohs/Downloads/codes/lab02-experimentacao-software/data/repos/NationalSecurityAgency__ghidra/Ghidra/Framework/Emulation/src/main/java/ghidra/pcode/emu/jit/analysis/JitDataFlowExecutor.java,ghidra.pcode.emu.jit.analysis.JitDataFlowExecutor,class,19,21,2,19,13,2,0,15,36,0.5833334,0.0,0.0,12,0,6,0,6,0,12,0,0,0,2,0,0,2,0,0,2,0,4,55,0,0,0,0,0,0,0,10,0,9,1,0,0,0,208,0,0
/Users/kaiohs/Downloads/codes/lab02-experimentacao-software/data/repos/NationalSecurityAgency__ghidra/Ghidra/Framework/SoftwareModeling/src/test/java/ghidra/program/database/data/merge/StructureMergerTest.java,ghidra.program.database.data.merge.StructureMergerTest,class,16,17,1,16,33,2,0,30,0,0.6296297,0.0,0.0,27,0,26,1,0,0,26,0,0,0,6,0,0,6,0,0,0,0,0,264,1,0,0,5,0,195,201,125,0,125,1,0,0,0,122,1,0
/Users/kaiohs/Downloads/codes/lab02-experimentacao-software/data/repos/NationalSecurityAgency__ghidra/GhidraBuild/EclipsePlugins/GhidraDev/GhidraDevPlugin/src/main/java/ghidradev/ghidraprojectcreator/launchers/PyGhidraHeadlessLaunchShortcut.java,ghidradev.ghidraprojectcreator.launchers.PyGhidraHeadlessLaunchShortcut,class,1,1,0,1,1,2,0,0,0,0.0,NaN,NaN,1,0,1,0,0,0,1,0,0,0,0,0,0,0,0,0,0,0,0,5,0,0,0,0,0,1,0,0,0,0,0,0,0,0,11,1,0
/Users/kaiohs/Downloads/codes/lab02-experimentacao-software/data/repos/NationalSecurityAgency__ghidra/Ghidra/Framework/SoftwareModeling/src/main/java/ghidra/app/plugin/core/data/ProgramProviderContext.java,ghidra.app.plugin.core.data.ProgramProviderContext,class,9,10,1,9,10,1,0,18,4,0.5,0.0,0.0,5,0,4,1,0,0,4,0,0,0,2,0,0,0,0,2,0,0,1,42,5,1,3,0,0,0,1,14,0,12,2,0,0,0,30,1,0
/Users/kaiohs/Downloads/codes/lab02-experimentacao-software/data/repos/NationalSecurityAgency__ghidra/Ghidra/Framework/Emulation/src/test/java/ghidra/pcode/opbehavior/OpBehaviorIntOrTest.java,ghidra.pcode.opbehavior.OpBehaviorIntOrTest,class,3,3,0,3,3,3,0,6,3,0.0,0.0,0.0,3,0,3,0,0,0,3,0,0,0,0,0,0,0,0,0,0,0,1,62,0,0,0,0,0,2,197,5,2,5,0,0,0,0,27,1,0
/Users/kaiohs/Downloads/codes/lab02-experimentacao-software/data/repos/NationalSecurityAgency__ghidra/Ghidra/Framework/SoftwareModeling/src/test/java/ghidra/pcode/floatformat/FloatFormatTest.java,ghidra.pcode.floatformat.FloatFormatTest,class,5,6,1,5,74,2,0,84,1830,0.0,0.0,0.0,61,1,53,5,3,0,56,0,0,0,0,0,0,0,0,0,0,0,97,1134,1,4,2,0,29,46,570,566,52,223,2,0,0,0,149,1,0
/Users/kaiohs/Downloads/codes/lab02-experimentacao-software/data/repos/NationalSecurityAgency__ghidra/Ghidra/Framework/Emulation/src/main/java/ghidra/pcode/emu/jit/analysis/JitDataFlowUseropLibrary.java,ghidra.pcode.emu.jit.analysis.JitDataFlowUseropLibrary$WrappedUseropDefinition,innerclass,15,15,0,15,20,1,0,33,0,0.14285715,0.0,0.0,14,0,12,2,0,0,12,0,0,0,1,0,0,1,0,0,1,0,7,78,15,1,4,0,0,0,2,13,0,14,2,0,0,1,217,4,0
/Users/kaiohs/Downloads/codes/lab02-experimentacao-software/data/repos/NationalSecurityAgency__ghidra/Ghidra/Framework/Emulation/src/test/java/generic/ULongSpanTest.java,generic.ULongSpanTest,class,5,5,0,5,1,1,0,5,0,0.0,NaN,NaN,1,0,1,0,0,0,1,0,0,0,0,0,0,0,0,0,0,0,4,8,0,0,0,0,0,0,6,1,0,1,0,0,0,0,11,1,0
/Users/kaiohs/Downloads/codes/lab02-experimentacao-software/data/repos/NationalSecurityAgency__ghidra/Ghidra/Framework/Emulation/src/main/java/ghidra/pcode/emu/jit/gen/op/IntLeftOpGen.java,ghidra.pcode.emu.jit.gen.op.IntLeftOpGen,enum,2,2,0,2,2,1,0,0,1,0.0,0.0,0.0,2,0,2,0,0,0,2,0,0,0,0,0,0,0,0,0,0,0,0,8,2,0,0,0,0,1,0,0,0,0,0,0,0,0,31,1,0
/Users/kaiohs/Downloads/codes/lab02-experimentacao-software/data/repos/NationalSecurityAgency__ghidra/Ghidra/Framework/Emulation/src/main/java/ghidra/pcode/emu/jit/gen/op/SubPieceOpGen.java,ghidra.pcode.emu.jit.gen.op.SubPieceOpGen,enum,12,12,0,12,1,1,0,0,0,0.0,NaN,NaN,1,0,1,0,0,0,1,0,0,0,0,0,0,0,0,0,0,0,0,4,0,0,0,0,0,0,0,0,0,0,0,0,0,0,95,1,0
/Users/kaiohs/Downloads/codes/lab02-experimentacao-software/data/repos/NationalSecurityAgency__ghidra/Ghidra/Framework/Pty/src/main/java/ghidra/pty/unix/UnixPty.java,ghidra.pty.unix.UnixPty,class,10,16,6,10,6,1,0,6,0,0.59999996,0.0,0.0,5,1,4,0,0,1,5,0,0,1,6,1,0,5,0,1,5,0,0,38,4,0,0,0,0,4,2,10,1,9,1,0,0,0,36,1,1
/Users/kaiohs/Downloads/codes/lab02-experimentacao-software/data/repos/NationalSecurityAgency__ghidra/Ghidra/Framework/Emulation/src/test/java/ghidra/pcode/emu/jit/gen/util/EmitterTest.java,ghidra.pcode.emu.jit.gen.util.EmitterTest$Generated,interface,0,0,0,0,1,1,0,0,0,0.0,NaN,NaN,1,0,0,0,0,1,1,0,0,0,0,0,0,0,0,0,0,0,0,3,0,0,0,0,0,0,0,0,0,0,0,0,0,0,2,1,0
/Users/kaiohs/Downloads/codes/lab02-experimentacao-software/data/repos/NationalSecurityAgency__ghidra/Ghidra/Framework/Emulation/src/test/java/ghidra/pcode/exec/BytesPcodeExecutorStateSpaceTest.java,ghidra.pcode.exec.BytesPcodeExecutorStateSpaceTest,class,16,17,1,16,7,2,0,15,10,0.0,0.0,0.0,5,0,3,0,0,2,5,0,0,0,0,0,0,0,0,0,0,0,3,40,2,1,0,0,0,0,46,9,0,9,1,0,0,0,41,1,0
/Users/kaiohs/Downloads/codes/lab02-experimentacao-software/data/repos/NationalSecurityAgency__ghidra/Ghidra/Framework/Emulation/src/main/java/ghidra/pcode/emulate/BreakTableCallBack.java,ghidra.pcode.emulate.BreakTableCallBack,class,11,12,1,11,22,1,0,19,0,0.5833333,0.0,0.0,8,0,8,0,0,0,8,0,0,0,6,1,1,5,0,0,1,0,0,84,9,5,2,0,1,7,5,18,3,17,2,0,0,0,138,1,0
/Users/kaiohs/Downloads/codes/lab02-experimentacao-software/data/repos/NationalSecurityAgency__ghidra/Ghidra/Framework/Emulation/src/main/java/ghidra/pcode/opbehavior/OpBehaviorFloatAbs.java,ghidra.pcode.opbehavior.OpBehaviorFloatAbs,class,2,3,1,2,3,3,0,2,3,0.0,0.0,0.0,3,0,3,0,0,0,3,0,0,0,0,0,0,0,0,0,0,0,0,13,2,0,0,0,0,0,0,2,0,2,0,0,0,0,12,1,0
/Users/kaiohs/Downloads/codes/lab02-experimentacao-software/data/repos/NationalSecurityAgency__ghidra/Ghidra/Framework/Emulation/src/main/java/ghidra/pcode/emu/jit/gen/op/BinOpGen.java,ghidra.pcode.emu.jit.gen.op.BinOpGen,interface,15,31,16,15,4,1,0,7,6,0.0,0.0,0.0,4,0,0,0,0,4,4,0,0,0,0,0,0,0,0,0,0,0,0,17,3,0,0,0,0,0,0,2,0,2,0,0,1,0,168,1,0
/Users/kaiohs/Downloads/codes/lab02-experimentacao-software/data/repos/NationalSecurityAgency__ghidra/GPL/DMG/src/dmg/java/mobiledevices/dmg/ghidra/GFileUtilityMethods.java,mobiledevices.dmg.ghidra.GFileUtilityMethods,class,2,5,3,2,9,1,0,8,1,0.33333334,0.0,0.0,3,3,3,0,0,0,3,0,3,0,2,2,0,2,0,0,2,0,3,51,3,2,2,2,0,2,6,13,1,10,3,0,0,0,44,17,0
/Users/kaiohs/Downloads/codes/lab02-experimentacao-software/data/repos/NationalSecurityAgency__ghidra/Ghidra/Framework/Emulation/src/main/java/ghidra/pcode/exec/PcodeArithmetic.java,ghidra.pcode.exec.PcodeArithmetic,interface,10,38,28,10,40,1,0,38,561,0.9705882,0.0,0.0,34,0,0,0,0,34,34,0,0,0,1,0,0,0,0,1,0,0,7,116,26,1,3,0,0,0,12,6,0,5,2,0,1,0,340,1,0
/Users/kaiohs/Downloads/codes/lab02-experimentacao-software/data/repos/NationalSecurityAgency__ghidra/Ghidra/Test/IntegrationTest/src/screen/java/help/screenshot/FrontEndPluginScreenShots.java,help.screenshot.FrontEndPluginScreenShots$DummyDialogComponentProvider,innerclass,1,1,0,1,1,2,0,3,0,0.0,NaN,NaN,1,0,0,0,0,1,1,0,0,0,0,0,0,0,0,0,0,0,0,8,0,0,0,0,0,0,0,0,0,0,0,0,0,0,13,0,0
/Users/kaiohs/Downloads/codes/lab02-experimentacao-software/data/repos/NationalSecurityAgency__ghidra/Ghidra/Test/IntegrationTest/src/test.slow/java/ghidra/util/task/RunManagerTest.java,ghidra.util.task.RunManagerTest$RunUntilCancelledTestRunnable,innerclass,3,3,0,3,5,2,0,6,0,0.0,NaN,NaN,1,0,1,0,0,0,1,0,0,0,0,0,0,0,0,0,0,0,1,23,0,1,0,1,0,9,1,1,5,0,2,0,0,0,20,2,0
/Users/kaiohs/Downloads/codes/lab02-experimentacao-software/data/repos/NationalSecurityAgency__ghidra/Ghidra/Framework/Emulation/src/main/java/ghidra/pcode/emu/jit/gen/util/Emitter.java,ghidra.pcode.emu.jit.gen.util.Emitter$Bot,interface,1,1,0,1,0,1,0,0,0,0.0,-1.0,-1.0,0,0,0,0,0,0,0,0,0,0,0,0,0,0,0,0,0,0,0,2,0,0,0,0,0,0,0,0,0,0,0,0,0,0,8,1,0
/Users/kaiohs/Downloads/codes/lab02-experimentacao-software/data/repos/NationalSecurityAgency__ghidra/GhidraBuild/MarkdownSupport/src/main/java/ghidra/markdown/MarkdownToHtml.java,ghidra.markdown.MarkdownToHtml,class,9,9,0,9,5,1,0,16,0,0.0,NaN,NaN,1,1,1,0,0,0,1,0,0,0,0,0,0,0,0,0,0,0,1,84,0,0,1,1,0,4,4,7,2,7,1,0,4,0,61,1,0
/Users/kaiohs/Downloads/codes/lab02-experimentacao-software/data/repos/NationalSecurityAgency__ghidra/Ghidra/Framework/SoftwareModeling/src/main/java/ghidra/app/plugin/assembler/sleigh/parse/AssemblyParseErrorResult.java,ghidra.app.plugin.assembler.sleigh.parse.AssemblyParseErrorResult,class,2,6,4,2,8,2,0,5,5,0.6111111,0.0,0.0,6,0,5,0,1,0,6,0,0,0,3,1,0,3,0,0,3,0,1,35,5,1,0,0,0,3,1,5,1,4,2,0,0,0,65,1,0
/Users/kaiohs/Downloads/codes/lab02-experimentacao-software/data/repos/NationalSecurityAgency__ghidra/Ghidra/Test/IntegrationTest/src/test.slow/java/ghidra/program/model/lang/Sparc64ProtoModelTest.java,ghidra.program.model.lang.Sparc64ProtoModelTest,class,4,4,0,4,2,3,0,4,1,0.0,0.0,0.0,2,0,2,0,0,0,2,0,0,0,0,0,0,0,0,0,0,0,0,25,0,0,0,0,0,36,0,1,0,1,0,0,0,0,18,1,0
/Users/kaiohs/Downloads/codes/lab02-experimentacao-software/data/repos/NationalSecurityAgency__ghidra/Ghidra/Test/IntegrationTest/src/test/java/ghidra/util/task/CachingSwingWorkerTest.java,ghidra.util.task.CachingSwingWorkerTest,class,10,11,1,10,6,4,0,22,3,0.33333334,0.0,0.0,6,0,5,1,0,0,5,0,0,0,1,1,0,1,0,0,1,0,1,182,0,0,0,0,0,7,21,23,0,23,0,1,3,0,60,1,0
/Users/kaiohs/Downloads/codes/lab02-experimentacao-software/data/repos/NationalSecurityAgency__ghidra/GhidraBuild/BuildFiles/Doclets/src/main/java/ghidra/doclets/typestubs/HtmlTagKind.java,ghidra.doclets.typestubs.HtmlTagKind$Anonymous20,anonymous,1,1,0,1,1,1,0,0,0,0.0,NaN,NaN,1,0,0,0,0,1,1,0,0,0,0,0,0,0,0,0,0,0,0,5,1,0,0,0,0,0,0,0,0,0,0,0,0,0,8,-1,0
/Users/kaiohs/Downloads/codes/lab02-experimentacao-software/data/repos/NationalSecurityAgency__ghidra/GhidraBuild/BuildFiles/Doclets/src/main/java/ghidra/doclets/typestubs/HtmlTagKind.java,ghidra.doclets.typestubs.HtmlTagKind$Anonymous21,anonymous,1,1,0,1,1,1,0,0,0,0.0,NaN,NaN,1,0,0,0,0,1,1,0,0,0,0,0,0,0,0,0,0,0,0,5,1,0,0,0,0,0,0,0,0,0,0,0,0,0,8,-1,0
/Users/kaiohs/Downloads/codes/lab02-experimentacao-software/data/repos/NationalSecurityAgency__ghidra/Ghidra/Test/IntegrationTest/src/screen/java/help/screenshot/EncodedStringsDialogScreenShots.java,help.screenshot.EncodedStringsDialogScreenShots,class,7,7,0,7,6,2,0,24,9,0.5,0.0,0.0,6,0,5,0,1,0,6,0,0,0,1,0,0,1,0,0,0,0,0,53,1,0,0,0,0,15,20,6,0,5,1,0,0,2,54,1,0
/Users/kaiohs/Downloads/codes/lab02-experimentacao-software/data/repos/NationalSecurityAgency__ghidra/Ghidra/Framework/Emulation/src/main/java/ghidra/pcode/exec/BytesPcodeArithmetic.java,ghidra.pcode.exec.BytesPcodeArithmetic,enum,10,15,5,10,18,1,0,11,46,0.5833333,0.0,0.0,12,2,11,1,0,0,11,0,0,0,1,0,0,1,0,0,1,0,3,60,13,0,0,0,0,0,5,15,0,15,1,0,0,0,85,1,0
/Users/kaiohs/Downloads/codes/lab02-experimentacao-software/data/repos/NationalSecurityAgency__ghidra/Ghidra/Framework/SoftwareModeling/src/test/java/ghidra/util/DifferenceAddressSetViewTest.java,ghidra.util.DifferenceAddressSetViewTest,class,13,14,1,13,24,2,0,41,171,0.94736844,0.0,0.0,19,0,13,0,6,0,19,0,0,0,1,0,0,0,1,0,0,0,10,227,6,4,0,1,0,4,275,58,6,43,1,0,0,0,82,1,0
/Users/kaiohs/Downloads/codes/lab02-experimentacao-software/data/repos/NationalSecurityAgency__ghidra/Ghidra/Framework/Emulation/src/main/java/ghidra/pcode/exec/IndependentPairedPcodeExecutorState.java,ghidra.pcode.exec.IndependentPairedPcodeExecutorState,class,16,17,1,16,16,1,0,28,0,0.4,0.0,0.0,15,0,15,0,0,0,15,0,0,0,3,0,0,3,0,0,3,0,1,64,10,1,0,0,0,0,0,7,0,8,1,0,0,1,105,1,0
/Users/kaiohs/Downloads/codes/lab02-experimentacao-software/data/repos/NationalSecurityAgency__ghidra/Ghidra/Framework/Emulation/src/main/java/ghidra/pcode/opbehavior/OpBehaviorFloatAdd.java,ghidra.pcode.opbehavior.OpBehaviorFloatAdd,class,2,3,1,2,3,3,0,2,3,0.0,0.0,0.0,3,0,3,0,0,0,3,0,0,0,0,0,0,0,0,0,0,0,0,13,2,0,0,0,0,0,0,2,0,2,0,0,0,0,12,1,0
/Users/kaiohs/Downloads/codes/lab02-experimentacao-software/data/repos/NationalSecurityAgency__ghidra/Ghidra/Framework/Emulation/src/main/java/generic/RangeMapSetter.java,generic.RangeMapSetter,class,5,9,4,5,32,1,0,22,136,0.0,0.0,0.0,17,0,2,0,15,0,17,11,0,0,0,0,0,0,0,0,0,0,1,77,9,3,2,0,0,0,7,13,0,11,3,0,0,0,108,1025,0
/Users/kaiohs/Downloads/codes/lab02-experimentacao-software/data/repos/NationalSecurityAgency__ghidra/Ghidra/Test/DebuggerIntegrationTest/src/test.slow/java/agent/x64dbg/rmi/X64dbgCommandsTest.java,agent.x64dbg.rmi.X64dbgCommandsTest,class,29,30,1,29,64,3,0,127,1711,0.0,0.0,0.0,59,0,58,0,1,0,59,0,0,0,0,0,0,0,0,0,0,0,29,423,2,1,1,31,0,205,86,140,4,161,2,0,0,49,195,1,3
/Users/kaiohs/Downloads/codes/lab02-experimentacao-software/data/repos/NationalSecurityAgency__ghidra/Ghidra/Framework/Emulation/src/main/java/ghidra/pcode/exec/BytesPcodeExecutorStateSpace.java,ghidra.pcode.exec.BytesPcodeExecutorStateSpace,class,18,24,6,18,34,1,2,39,75,0.73333335,0.0,0.0,18,0,6,0,12,0,18,0,0,0,5,1,0,0,5,0,5,0,3,133,17,4,4,0,0,5,5,21,9,20,3,0,0,0,170,1,2
/Users/kaiohs/Downloads/codes/lab02-experimentacao-software/data/repos/NationalSecurityAgency__ghidra/Ghidra/Test/IntegrationTest/src/screen/java/help/screenshot/DecompilePluginScreenShots.java,help.screenshot.DecompilePluginScreenShots,class,10,11,1,10,11,2,0,31,55,0.90909094,0.0,0.0,11,0,8,3,0,0,8,0,0,0,4,4,0,4,0,0,4,0,3,209,3,0,0,0,0,104,48,67,2,61,0,0,0,0,136,1,0
/Users/kaiohs/Downloads/codes/lab02-experimentacao-software/data/repos/NationalSecurityAgency__ghidra/Ghidra/Framework/SoftwareModeling/src/test/java/ghidra/program/model/address/AddressRangeImplTest.java,ghidra.program.model.address.AddressRangeImplTest,class,11,12,1,11,27,2,0,19,103,0.8666667,0.0,0.0,15,0,14,1,0,0,14,0,0,0,1,0,0,1,0,0,0,0,1,187,1,2,2,6,1,13,85,61,3,47,1,0,0,0,90,1,0
/Users/kaiohs/Downloads/codes/lab02-experimentacao-software/data/repos/NationalSecurityAgency__ghidra/Ghidra/Test/IntegrationTest/src/screen/java/help/screenshot/TreesScreenShots.java,help.screenshot.TreesScreenShots,class,23,24,1,23,12,2,0,39,66,0.0,0.0,0.0,12,0,7,5,0,0,7,0,0,0,0,0,0,0,0,0,0,0,5,114,0,0,0,0,4,17,30,42,10,36,0,0,1,2,110,1,0
/Users/kaiohs/Downloads/codes/lab02-experimentacao-software/data/repos/NationalSecurityAgency__ghidra/Ghidra/Framework/Emulation/src/test/java/ghidra/pcode/opbehavior/OpBehaviorFloatNegTest.java,ghidra.pcode.opbehavior.OpBehaviorFloatNegTest,class,4,4,0,4,3,3,0,11,3,0.0,0.0,0.0,3,0,3,0,0,0,3,0,0,0,0,0,0,0,0,0,0,0,0,43,0,0,0,0,0,0,35,24,0,8,0,0,0,0,19,1,0
/Users/kaiohs/Downloads/codes/lab02-experimentacao-software/data/repos/NationalSecurityAgency__ghidra/Ghidra/Test/IntegrationTest/src/test.slow/java/ghidra/program/database/sourcemap/SourceMapEntryIteratorTest.java,ghidra.program.database.sourcemap.SourceMapEntryIteratorTest,class,5,5,0,5,10,3,0,13,15,0.0,0.0,0.0,6,0,6,0,0,0,6,0,0,0,0,0,0,0,0,0,0,0,0,151,0,4,0,4,0,4,36,44,0,27,1,0,0,0,40,1,0
/Users/kaiohs/Downloads/codes/lab02-experimentacao-software/data/repos/NationalSecurityAgency__ghidra/Ghidra/Framework/Emulation/src/main/java/ghidra/pcode/emulate/InstructionDecodeException.java,ghidra.pcode.emulate.InstructionDecodeException,class,2,4,2,2,2,2,0,0,0,0.0,0.0,0.0,2,0,2,0,0,0,2,0,0,0,1,0,0,1,0,0,0,0,0,10,1,0,0,0,0,3,0,1,1,1,0,0,0,0,17,1,0
/Users/kaiohs/Downloads/codes/lab02-experimentacao-software/data/repos/NationalSecurityAgency__ghidra/Ghidra/Framework/Emulation/src/main/java/ghidra/pcode/emu/jit/gen/op/BoolNegateOpGen.java,ghidra.pcode.emu.jit.gen.op.BoolNegateOpGen,enum,16,16,0,16,4,1,0,11,6,0.0,0.0,0.0,4,0,4,0,0,0,4,0,0,0,0,0,0,0,0,0,0,0,0,14,4,0,0,0,0,0,3,0,0,0,0,0,0,0,82,1,0
/Users/kaiohs/Downloads/codes/lab02-experimentacao-software/data/repos/NationalSecurityAgency__ghidra/Ghidra/Framework/Emulation/src/main/java/ghidra/pcode/exec/PairedPcodeExecutorState.java,ghidra.pcode.exec.PairedPcodeExecutorState,class,17,19,2,17,20,1,0,20,0,0.47500002,0.0,0.0,20,0,20,0,0,0,20,0,0,0,2,0,0,2,0,0,2,0,0,66,12,0,0,0,0,0,0,4,0,2,0,0,0,0,106,1,0
/Users/kaiohs/Downloads/codes/lab02-experimentacao-software/data/repos/NationalSecurityAgency__ghidra/Ghidra/Framework/SoftwareModeling/src/test/java/ghidra/util/MultiIteratorTest.java,ghidra.util.MultiIteratorTest$NumberPeekableIterator,innerclass,2,2,0,2,7,1,0,0,0,0.3,0.0,0.0,5,0,4,0,0,1,5,0,0,0,2,0,0,2,0,0,0,0,0,22,3,0,0,0,0,0,1,2,0,2,1,0,0,0,17,2,0
/Users/kaiohs/Downloads/codes/lab02-experimentacao-software/data/repos/NationalSecurityAgency__ghidra/Ghidra/Framework/Emulation/src/test/java/ghidra/pcode/opbehavior/OpBehaviorIntMultTest.java,ghidra.pcode.opbehavior.OpBehaviorIntMultTest,class,3,3,0,3,3,3,0,5,3,0.0,0.0,0.0,3,0,3,0,0,0,3,0,0,0,0,0,0,0,0,0,0,0,1,65,0,0,0,0,0,5,215,5,0,5,0,0,0,0,27,1,0
/Users/kaiohs/Downloads/codes/lab02-experimentacao-software/data/repos/NationalSecurityAgency__ghidra/Ghidra/Framework/Emulation/src/main/java/ghidra/pcode/emu/jit/gen/util/Types.java,ghidra.pcode.emu.jit.gen.util.TBool,enum,2,5,3,2,3,1,0,0,3,0.0,0.0,0.0,3,0,3,0,0,0,3,0,0,0,0,0,0,0,0,0,0,0,0,11,3,0,0,0,0,0,0,0,0,0,0,0,0,0,15,1,0
/Users/kaiohs/Downloads/codes/lab02-experimentacao-software/data/repos/NationalSecurityAgency__ghidra/Ghidra/Test/IntegrationTest/src/test.slow/java/ghidra/app/plugin/core/script/WindowsResourceReferenceScriptTest.java,ghidra.app.plugin.core.script.WindowsResourceReferenceScriptTest,class,17,18,1,17,10,2,0,28,8,0.5,0.0,0.0,8,0,4,2,2,0,6,0,0,0,2,0,0,2,0,0,0,0,0,73,3,2,0,0,0,4,35,22,0,22,1,0,0,0,65,1,0
/Users/kaiohs/Downloads/codes/lab02-experimentacao-software/data/repos/NationalSecurityAgency__ghidra/Ghidra/Framework/Pty/src/test/java/ghidra/pty/windows/NamedPipeTest.java,ghidra.pty.windows.NamedPipeTest,class,6,7,1,6,4,1,0,8,1,0.0,0.0,0.0,2,0,1,0,1,0,2,0,0,0,0,0,0,0,0,0,0,0,0,19,1,1,1,1,1,2,3,4,0,4,2,0,0,0,68,1,0
/Users/kaiohs/Downloads/codes/lab02-experimentacao-software/data/repos/NationalSecurityAgency__ghidra/Ghidra/Framework/Emulation/src/main/java/generic/Span.java,generic.Span$Domain,interface,4,4,0,4,48,1,0,23,276,0.0,0.0,0.0,24,0,0,0,0,24,24,0,0,0,0,0,0,0,0,0,0,0,7,97,28,0,0,0,2,8,12,0,4,0,2,0,0,0,151,1,0
/Users/kaiohs/Downloads/codes/lab02-experimentacao-software/data/repos/NationalSecurityAgency__ghidra/Ghidra/Test/IntegrationTest/src/screen/java/help/screenshot/FrontEndPluginScreenShots.java,help.screenshot.FrontEndPluginScreenShots,class,49,50,1,49,53,3,0,92,1199,0.93333334,0.0,0.0,50,0,47,3,0,0,47,0,0,0,3,2,0,3,0,0,2,0,2,535,0,1,0,0,1,226,75,151,8,132,1,0,1,26,272,1,2
/Users/kaiohs/Downloads/codes/lab02-experimentacao-software/data/repos/NationalSecurityAgency__ghidra/Ghidra/Framework/SoftwareModeling/src/test/java/ghidra/program/model/address/SingleRangeOverlayAddressSpace.java,ghidra.program.model.address.SingleRangeOverlayAddressSpace,class,6,8,2,6,7,2,0,3,0,0.4375,0.0,0.0,4,0,4,0,0,0,4,0,0,0,4,0,0,4,0,0,0,0,2,27,3,0,1,0,0,0,2,6,0,6,1,0,0,0,75,1,0
/Users/kaiohs/Downloads/codes/lab02-experimentacao-software/data/repos/NationalSecurityAgency__ghidra/Ghidra/Framework/Emulation/src/main/java/ghidra/pcode/exec/ComposedPcodeUseropLibrary.java,ghidra.pcode.exec.ComposedPcodeUseropLibrary,class,4,6,2,4,7,1,0,6,0,0.0,0.0,0.0,3,1,3,0,0,0,3,0,0,0,1,0,0,1,0,0,1,0,2,20,2,2,1,0,0,1,0,2,1,2,3,0,0,0,70,1,0
/Users/kaiohs/Downloads/codes/lab02-experimentacao-software/data/repos/NationalSecurityAgency__ghidra/Ghidra/Framework/Emulation/src/test/java/ghidra/pcode/opbehavior/OpBehaviorFloatAddTest.java,ghidra.pcode.opbehavior.OpBehaviorFloatAddTest,class,4,4,0,4,3,3,0,12,3,0.0,0.0,0.0,3,0,3,0,0,0,3,0,0,0,0,0,0,0,0,0,0,0,0,59,0,0,0,0,0,0,48,36,0,10,0,0,0,0,20,1,0
/Users/kaiohs/Downloads/codes/lab02-experimentacao-software/data/repos/NationalSecurityAgency__ghidra/Ghidra/Framework/Emulation/src/main/java/ghidra/pcode/emu/jit/gen/util/Types.java,ghidra.pcode.emu.jit.gen.util.Types$BPrim,interface,3,3,0,3,1,1,0,0,0,0.0,NaN,NaN,1,0,0,0,0,1,1,0,0,0,0,0,0,0,0,0,0,0,0,3,0,0,0,0,0,0,0,0,0,0,0,0,0,0,27,1,0
/Users/kaiohs/Downloads/codes/lab02-experimentacao-software/data/repos/NationalSecurityAgency__ghidra/Ghidra/Framework/Emulation/src/main/java/ghidra/pcode/emu/jit/decode/DecoderUseropLibrary.java,ghidra.pcode.emu.jit.decode.DecoderUseropLibrary,class,11,13,2,11,5,3,0,9,3,0.0,0.0,0.0,3,0,3,0,0,0,3,0,0,0,0,0,0,0,0,0,0,0,1,66,0,1,0,0,0,0,0,4,0,4,2,0,1,0,173,1,0
/Users/kaiohs/Downloads/codes/lab02-experimentacao-software/data/repos/NationalSecurityAgency__ghidra/Ghidra/Test/IntegrationTest/src/test.slow/java/ghidra/framework/main/datatree/ProjectLinkFileStatusTableTest.java,ghidra.framework.main.datatree.ProjectLinkFileStatusTableTest,class,13,13,0,13,5,2,0,24,0,0.48000002,0.0,0.0,5,0,5,0,0,0,5,0,0,0,5,0,0,5,0,0,0,0,0,98,0,0,0,0,0,36,0,38,6,23,0,0,0,0,47,1,0
/Users/kaiohs/Downloads/codes/lab02-experimentacao-software/data/repos/NationalSecurityAgency__ghidra/Ghidra/Test/IntegrationTest/src/test.slow/java/ghidra/graph/GraphActionsTest.java,ghidra.graph.GraphActionsTest,class,29,30,1,29,41,2,0,63,0,0.6642857,0.0,0.0,35,0,23,12,0,0,23,0,0,0,12,0,0,12,0,0,0,0,0,401,4,1,2,1,2,39,26,83,0,75,2,0,2,5,134,1,0
/Users/kaiohs/Downloads/codes/lab02-experimentacao-software/data/repos/NationalSecurityAgency__ghidra/Ghidra/Framework/Emulation/src/main/java/ghidra/pcode/emu/jit/gen/op/IntNegateOpGen.java,ghidra.pcode.emu.jit.gen.op.IntNegateOpGen,enum,17,17,0,17,5,1,0,19,6,0.0,0.0,0.0,4,0,4,0,0,0,4,0,0,0,0,0,0,0,0,0,0,0,0,25,4,1,0,0,0,1,3,9,0,7,1,0,0,0,70,1,0
/Users/kaiohs/Downloads/codes/lab02-experimentacao-software/data/repos/NationalSecurityAgency__ghidra/Ghidra/Framework/Emulation/src/main/java/ghidra/pcode/emu/jit/gen/util/Emitter.java,ghidra.pcode.emu.jit.gen.util.Emitter$A6Function,interface,7,7,0,7,1,1,0,0,0,0.0,NaN,NaN,1,0,0,0,0,1,1,0,0,0,0,0,0,0,0,0,0,0,0,3,0,0,0,0,0,0,0,0,0,0,0,0,0,0,23,1,0
/Users/kaiohs/Downloads/codes/lab02-experimentacao-software/data/repos/NationalSecurityAgency__ghidra/Ghidra/Framework/Emulation/src/main/java/ghidra/pcode/emu/jit/gen/op/IntOpUnOpGen.java,ghidra.pcode.emu.jit.gen.op.IntOpUnOpGen,interface,18,21,3,18,4,1,0,0,6,0.0,0.0,0.0,4,0,0,0,0,4,4,0,0,0,0,0,0,0,0,0,0,0,0,7,0,0,0,0,0,0,0,0,0,0,0,0,0,0,76,1,0
/Users/kaiohs/Downloads/codes/lab02-experimentacao-software/data/repos/NationalSecurityAgency__ghidra/Ghidra/Test/IntegrationTest/src/test.slow/java/ghidra/pcode/emu/jit/JitPcodeEmulatorTest.java,ghidra.pcode.emu.jit.JitPcodeEmulatorTest$TestUseropLibrary,innerclass,2,2,0,2,2,2,0,0,1,0.5,0.0,0.0,2,0,2,0,0,0,2,0,0,0,2,0,2,0,0,0,0,0,0,10,0,0,0,0,0,0,0,2,0,2,0,0,0,0,9,9,0
/Users/kaiohs/Downloads/codes/lab02-experimentacao-software/data/repos/NationalSecurityAgency__ghidra/Ghidra/Test/IntegrationTest/src/test.slow/java/ghidra/pcodeCPort/slgh_compile/regression/PushbackEntireLine.java,ghidra.pcodeCPort.slgh_compile.regression.PushbackEntireLine,class,0,1,1,0,6,1,0,2,0,0.375,0.0,0.0,4,0,4,0,0,0,4,0,0,2,2,0,0,2,0,0,1,0,0,24,2,0,2,0,0,1,0,5,0,3,1,0,0,0,18,1,0
/Users/kaiohs/Downloads/codes/lab02-experimentacao-software/data/repos/NationalSecurityAgency__ghidra/Ghidra/Framework/Emulation/src/main/java/ghidra/pcode/exec/DecodePcodeExecutionException.java,ghidra.pcode.exec.DecodePcodeExecutionException,class,2,3,1,2,3,5,0,2,0,0.0,0.0,0.0,2,0,2,0,0,0,2,0,0,0,1,0,0,1,0,0,1,0,0,10,1,0,0,0,0,2,0,1,0,1,0,0,0,0,12,1,0
/Users/kaiohs/Downloads/codes/lab02-experimentacao-software/data/repos/NationalSecurityAgency__ghidra/Ghidra/Test/IntegrationTest/src/screen/java/help/screenshot/MergeScreenShotGenerator.java,help.screenshot.MergeScreenShotGenerator,class,4,5,1,4,4,2,0,4,2,0.5,0.0,0.0,4,0,3,0,1,0,4,0,0,0,2,0,0,1,1,0,0,0,0,22,1,0,0,0,0,3,0,7,1,4,0,0,0,0,30,1,0
/Users/kaiohs/Downloads/codes/lab02-experimentacao-software/data/repos/NationalSecurityAgency__ghidra/GhidraBuild/EclipsePlugins/GhidraDev/GhidraDevPlugin/src/main/java/ghidradev/GhidraRootPreferencePage.java,ghidradev.GhidraRootPreferencePage,class,5,5,0,5,3,2,0,2,3,0.0,0.0,0.0,3,0,2,0,1,0,3,0,0,0,0,0,0,0,0,0,0,0,0,11,1,0,0,0,0,1,0,0,0,0,0,0,0,0,23,1,0
/Users/kaiohs/Downloads/codes/lab02-experimentacao-software/data/repos/NationalSecurityAgency__ghidra/Ghidra/Test/DebuggerIntegrationTest/src/test/java/ghidra/app/plugin/core/debug/gui/breakpoint/AbstractDebuggerBreakpointMarkerPluginTest.java,ghidra.app.plugin.core.debug.gui.breakpoint.AbstractDebuggerBreakpointMarkerPluginTest$Anonymous1,anonymous,1,1,0,1,1,1,0,3,0,0.0,NaN,NaN,0,0,0,0,0,0,1,0,0,0,0,0,0,0,0,0,0,0,0,5,0,0,0,0,0,1,0,0,0,0,0,0,0,0,3,-1,0
/Users/kaiohs/Downloads/codes/lab02-experimentacao-software/data/repos/NationalSecurityAgency__ghidra/Ghidra/Test/DebuggerIntegrationTest/src/test/java/ghidra/app/plugin/core/debug/gui/breakpoint/AbstractDebuggerBreakpointMarkerPluginTest.java,ghidra.app.plugin.core.debug.gui.breakpoint.AbstractDebuggerBreakpointMarkerPluginTest$Anonymous2,anonymous,1,1,0,1,1,1,0,3,0,0.0,NaN,NaN,0,0,0,0,0,0,1,0,0,0,0,0,0,0,0,0,0,0,0,5,0,0,0,0,0,1,0,0,0,0,0,0,0,0,3,-1,0
/Users/kaiohs/Downloads/codes/lab02-experimentacao-software/data/repos/NationalSecurityAgency__ghidra/Ghidra/Test/DebuggerIntegrationTest/src/test/java/ghidra/app/plugin/core/debug/gui/breakpoint/AbstractDebuggerBreakpointMarkerPluginTest.java,ghidra.app.plugin.core.debug.gui.breakpoint.AbstractDebuggerBreakpointMarkerPluginTest$Anonymous3,anonymous,1,1,0,1,1,1,0,4,0,0.0,NaN,NaN,0,0,0,0,0,0,1,0,0,0,0,0,0,0,0,0,0,0,0,5,0,0,0,0,0,2,1,0,0,0,0,0,0,0,3,-1,0
/Users/kaiohs/Downloads/codes/lab02-experimentacao-software/data/repos/NationalSecurityAgency__ghidra/Ghidra/Test/IntegrationTest/src/screen/java/help/screenshot/ComputeChecksumsPluginScreenShots.java,help.screenshot.ComputeChecksumsPluginScreenShots,class,5,5,0,5,3,2,0,5,3,0.0,0.0,0.0,3,0,3,0,0,0,3,0,0,0,0,0,0,0,0,0,0,0,0,18,0,0,0,0,0,5,2,2,0,2,0,0,0,0,24,1,0
/Users/kaiohs/Downloads/codes/lab02-experimentacao-software/data/repos/NationalSecurityAgency__ghidra/Ghidra/Test/DebuggerIntegrationTest/src/test/java/ghidra/app/plugin/core/debug/gui/breakpoint/DebuggerRmiBreakpointsProviderTest.java,ghidra.app.plugin.core.debug.gui.breakpoint.DebuggerRmiBreakpointsProviderTest,class,11,11,0,11,18,4,0,40,72,0.7692308,0.0,0.0,13,0,2,0,11,0,13,0,0,0,1,0,0,0,0,1,0,0,7,87,6,0,3,5,0,12,6,10,2,10,2,0,0,1,81,1,0
/Users/kaiohs/Downloads/codes/lab02-experimentacao-software/data/repos/NationalSecurityAgency__ghidra/Ghidra/Framework/Emulation/src/main/java/ghidra/pcode/exec/PcodeExecutionException.java,ghidra.pcode.exec.PcodeExecutionException,class,1,9,8,1,5,4,6,0,4,0.4,0.0,0.0,5,0,5,0,0,0,5,0,0,0,1,0,0,0,0,1,0,0,0,19,1,0,0,0,0,0,0,1,0,1,0,0,0,0,100,1,0
/Users/kaiohs/Downloads/codes/lab02-experimentacao-software/data/repos/NationalSecurityAgency__ghidra/Ghidra/Framework/Emulation/src/main/java/ghidra/pcode/exec/InterruptPcodeExecutionException.java,ghidra.pcode.exec.InterruptPcodeExecutionException,class,2,2,0,2,1,5,0,0,0,0.0,NaN,NaN,1,0,1,0,0,0,1,0,0,0,0,0,0,0,0,0,0,0,0,5,0,0,0,0,0,1,0,0,0,0,0,0,0,0,17,1,0
/Users/kaiohs/Downloads/codes/lab02-experimentacao-software/data/repos/NationalSecurityAgency__ghidra/Ghidra/Framework/Emulation/src/main/java/ghidra/pcode/emu/jit/JitCompiler.java,ghidra.pcode.emu.jit.JitCompiler,class,13,14,1,13,9,1,0,9,0,0.5555556,0.0,0.0,3,0,3,0,0,0,3,0,0,0,3,2,2,1,0,0,3,0,1,49,2,0,0,0,0,0,1,11,0,11,1,0,1,0,546,1,0
/Users/kaiohs/Downloads/codes/lab02-experimentacao-software/data/repos/NationalSecurityAgency__ghidra/Ghidra/Test/DebuggerIntegrationTest/src/test/java/ghidra/app/plugin/core/debug/service/tracermi/TraceRmiPerformanceTest.java,ghidra.app.plugin.core.debug.service.tracermi.TraceRmiPerformanceTest$ApiTx,innerclass,2,2,0,2,2,1,0,1,0,0.0,NaN,NaN,2,0,1,1,0,0,1,0,0,0,1,0,0,1,0,0,1,0,0,9,0,0,0,0,0,0,0,1,0,1,0,0,0,0,6,8,0
/Users/kaiohs/Downloads/codes/lab02-experimentacao-software/data/repos/NationalSecurityAgency__ghidra/Ghidra/Test/IntegrationTest/src/test.slow/java/ghidra/server/remote/ServerTestUtil.java,ghidra.server.remote.ServerTestUtil$IOThread,innerclass,1,1,0,1,15,2,0,11,0,0.56000006,0.0,0.0,5,0,2,1,0,2,4,0,0,1,5,0,0,2,0,3,0,0,0,66,0,2,1,2,1,6,1,9,1,6,4,0,0,1,69,10,1
/Users/kaiohs/Downloads/codes/lab02-experimentacao-software/data/repos/NationalSecurityAgency__ghidra/Ghidra/Framework/Emulation/src/main/java/ghidra/pcode/emu/jit/gen/op/BranchIndOpGen.java,ghidra.pcode.emu.jit.gen.op.BranchIndOpGen,enum,17,18,1,17,2,3,0,6,1,0.0,0.0,0.0,2,1,1,0,0,1,2,0,0,0,0,0,0,0,0,0,0,0,1,22,2,0,0,0,0,0,0,1,0,1,0,0,1,0,71,1,0
/Users/kaiohs/Downloads/codes/lab02-experimentacao-software/data/repos/NationalSecurityAgency__ghidra/Ghidra/Framework/Emulation/src/main/java/ghidra/pcode/emu/jit/gen/util/Types.java,ghidra.pcode.emu.jit.gen.util.TCat2,interface,1,1,0,1,1,1,0,0,0,0.0,NaN,NaN,1,0,0,0,0,1,1,0,0,0,0,0,0,0,0,0,0,0,0,5,1,0,0,0,0,0,1,0,0,0,0,0,0,0,19,1,0
/Users/kaiohs/Downloads/codes/lab02-experimentacao-software/data/repos/NationalSecurityAgency__ghidra/Ghidra/Test/IntegrationTest/src/test.slow/java/ghidra/test/FrontEndTestEnv.java,ghidra.test.FrontEndTestEnv,class,28,38,10,28,51,1,0,94,530,0.8625,0.0,0.0,40,0,35,5,0,0,35,0,0,0,6,2,1,1,4,0,2,0,10,293,21,1,4,4,1,26,3,42,1,45,2,0,1,9,177,1,0
/Users/kaiohs/Downloads/codes/lab02-experimentacao-software/data/repos/NationalSecurityAgency__ghidra/Ghidra/Test/DebuggerIntegrationTest/src/test/java/ghidra/app/plugin/core/debug/gui/tracermi/launcher/TraceRmiLauncherServicePluginTest.java,ghidra.app.plugin.core.debug.gui.tracermi.launcher.TraceRmiLauncherServicePluginTest$Anonymous2,anonymous,4,4,0,4,1,1,0,2,0,0.0,NaN,NaN,1,0,1,0,0,0,1,0,0,0,0,0,0,0,0,0,0,0,1,7,1,0,0,0,0,1,0,1,0,1,0,0,0,0,15,-1,0
/Users/kaiohs/Downloads/codes/lab02-experimentacao-software/data/repos/NationalSecurityAgency__ghidra/Ghidra/Test/DebuggerIntegrationTest/src/test/java/ghidra/app/plugin/core/debug/gui/tracermi/launcher/TraceRmiLauncherServicePluginTest.java,ghidra.app.plugin.core.debug.gui.tracermi.launcher.TraceRmiLauncherServicePluginTest$Anonymous1,anonymous,4,4,0,4,1,1,0,3,0,0.0,NaN,NaN,1,0,1,0,0,0,1,0,0,0,0,0,0,0,0,0,0,0,1,8,1,0,0,0,0,3,0,1,0,1,0,0,0,0,15,-1,0
/Users/kaiohs/Downloads/codes/lab02-experimentacao-software/data/repos/NationalSecurityAgency__ghidra/Ghidra/Framework/SoftwareModeling/src/main/java/ghidra/app/plugin/assembler/sleigh/parse/AssemblyParseMachine.java,ghidra.app.plugin.assembler.sleigh.parse.AssemblyParseMachine,class,17,19,2,17,52,1,0,41,0,0.66666675,0.0,0.0,12,1,8,0,4,0,12,0,0,0,16,3,0,2,13,1,9,0,3,223,23,8,14,1,5,12,19,54,3,36,3,0,0,0,237,1,0
/Users/kaiohs/Downloads/codes/lab02-experimentacao-software/data/repos/NationalSecurityAgency__ghidra/Ghidra/Test/IntegrationTest/src/test.slow/java/ghidra/pcodeCPort/slgh_compile/regression/SleighCompileRegressionTest.java,ghidra.pcodeCPort.slgh_compile.regression.SleighCompileRegressionTest,class,10,11,1,10,25,3,0,41,14,0.6875,0.0,0.0,8,0,2,6,0,0,2,0,0,0,6,3,0,6,0,0,3,0,2,166,6,4,8,1,0,46,8,45,12,34,4,0,1,0,123,1,3
/Users/kaiohs/Downloads/codes/lab02-experimentacao-software/data/repos/NationalSecurityAgency__ghidra/Ghidra/Test/DebuggerIntegrationTest/src/test.slow/java/agent/dbgeng/rmi/DbgEngMethodsTest.java,agent.dbgeng.rmi.DbgEngMethodsTest,class,23,24,1,23,60,3,0,114,1219,0.94,0.0,0.0,50,0,40,8,2,0,42,0,0,0,1,1,0,0,1,0,1,0,106,720,5,7,1,82,0,404,73,282,17,250,3,0,0,7,274,1,0
/Users/kaiohs/Downloads/codes/lab02-experimentacao-software/data/repos/NationalSecurityAgency__ghidra/Ghidra/Test/IntegrationTest/src/test.slow/java/ghidra/app/plugin/core/terminal/TerminalProviderTest.java,ghidra.app.plugin.core.terminal.TerminalProviderTest,class,20,21,1,20,30,2,0,57,0,0.664,0.0,0.0,25,1,20,0,5,0,25,0,0,0,5,3,0,0,3,2,3,0,29,410,3,0,4,25,0,125,218,81,2,75,2,3,0,49,119,1,0
/Users/kaiohs/Downloads/codes/lab02-experimentacao-software/data/repos/NationalSecurityAgency__ghidra/Ghidra/Framework/Emulation/src/main/java/ghidra/pcode/emu/jit/gen/JitCodeGenerator.java,ghidra.pcode.emu.jit.gen.JitCodeGenerator$LineNumberer,innerclass,2,2,0,2,2,1,0,2,0,0.25,0.0,0.0,2,0,2,0,0,0,2,0,0,0,2,0,0,0,0,2,1,0,0,12,0,0,0,0,0,0,1,3,0,3,0,0,0,0,50,9,0
/Users/kaiohs/Downloads/codes/lab02-experimentacao-software/data/repos/NationalSecurityAgency__ghidra/Ghidra/Framework/SoftwareModeling/src/main/java/ghidra/app/plugin/assembler/sleigh/tree/AssemblyParseBranch.java,ghidra.app.plugin.assembler.sleigh.tree.AssemblyParseBranch,class,8,17,9,8,23,2,0,31,0,0.4,0.0,0.0,15,0,12,0,3,0,15,0,0,0,2,0,0,2,0,0,2,0,1,80,15,3,2,0,0,5,3,9,4,7,1,0,0,0,122,1,0
/Users/kaiohs/Downloads/codes/lab02-experimentacao-software/data/repos/NationalSecurityAgency__ghidra/Ghidra/Framework/SoftwareModeling/src/test/java/ghidra/util/MultiIteratorTest.java,ghidra.util.MultiIteratorTest,class,8,9,1,8,18,2,0,11,105,0.0,0.0,0.0,15,0,15,0,0,0,15,0,0,0,0,0,0,0,0,0,0,0,59,330,0,0,0,3,0,3,120,57,0,51,1,0,3,0,59,1,0
/Users/kaiohs/Downloads/codes/lab02-experimentacao-software/data/repos/NationalSecurityAgency__ghidra/Ghidra/Framework/Emulation/src/main/java/ghidra/pcode/emu/jit/gen/op/BoolXorOpGen.java,ghidra.pcode.emu.jit.gen.op.BoolXorOpGen,enum,12,12,0,12,2,1,0,2,1,0.0,0.0,0.0,2,0,2,0,0,0,2,0,0,0,0,0,0,0,0,0,0,0,2,8,2,0,0,0,0,0,0,0,0,0,0,0,0,0,70,1,0
/Users/kaiohs/Downloads/codes/lab02-experimentacao-software/data/repos/NationalSecurityAgency__ghidra/Ghidra/Test/IntegrationTest/src/screen/java/help/screenshot/CParserPluginScreenShots.java,help.screenshot.CParserPluginScreenShots,class,5,5,0,5,4,2,0,10,6,0.0,0.0,0.0,4,0,4,0,0,0,4,0,0,0,0,0,0,0,0,0,0,0,0,26,0,0,0,0,0,11,1,3,1,3,0,0,0,0,56,1,0
/Users/kaiohs/Downloads/codes/lab02-experimentacao-software/data/repos/NationalSecurityAgency__ghidra/Ghidra/Framework/Emulation/src/main/java/ghidra/pcode/opbehavior/OpBehaviorFloatNan.java,ghidra.pcode.opbehavior.OpBehaviorFloatNan,class,2,3,1,2,3,3,0,2,3,0.0,0.0,0.0,3,0,3,0,0,0,3,0,0,0,0,0,0,0,0,0,0,0,0,13,2,0,0,0,0,0,0,2,0,2,0,0,0,0,12,1,0
/Users/kaiohs/Downloads/codes/lab02-experimentacao-software/data/repos/NationalSecurityAgency__ghidra/Ghidra/Test/IntegrationTest/src/test.slow/java/ghidra/framework/plugintool/PluginManagerTest.java,ghidra.framework.plugintool.PluginManagerTest,class,27,28,1,27,30,2,0,57,0,0.5,0.0,0.0,17,0,13,4,0,0,13,0,0,0,2,0,0,2,0,0,0,0,1,171,1,2,3,6,0,14,3,18,7,23,3,0,0,8,96,1,0
/Users/kaiohs/Downloads/codes/lab02-experimentacao-software/data/repos/NationalSecurityAgency__ghidra/Ghidra/Framework/SoftwareModeling/src/test/java/ghidra/program/model/TestDoubleFunctionSignature.java,ghidra.program.model.TestDoubleFunctionSignature,class,4,5,1,4,14,1,0,0,64,0.7692308,0.0,0.0,13,0,13,0,0,0,13,0,0,0,2,0,0,2,0,0,0,0,0,47,5,0,1,0,0,0,0,3,0,2,1,0,0,0,54,1,0
/Users/kaiohs/Downloads/codes/lab02-experimentacao-software/data/repos/NationalSecurityAgency__ghidra/Ghidra/Test/IntegrationTest/src/test.slow/java/ghidra/server/remote/ServerTestUtil.java,ghidra.server.remote.ServerTestUtil,class,15,24,9,15,92,3,0,117,366,0.93829393,0.0,0.0,29,28,15,14,0,0,16,0,0,5,19,19,12,7,0,0,13,0,59,592,14,10,13,20,6,133,48,104,45,89,3,0,2,0,345,1,20
/Users/kaiohs/Downloads/codes/lab02-experimentacao-software/data/repos/NationalSecurityAgency__ghidra/GhidraDocs/GhidraClass/AdvancedDevelopment/contrib/gadc/ghidra_scripts/Lab3Script.java,Lab3Script,class,1,1,0,1,1,2,0,1,0,0.0,NaN,NaN,1,0,1,0,0,0,1,0,0,0,0,0,0,0,0,0,0,0,0,5,0,0,0,0,0,1,0,0,0,0,0,0,0,0,6,1,0
/Users/kaiohs/Downloads/codes/lab02-experimentacao-software/data/repos/NationalSecurityAgency__ghidra/Ghidra/Test/IntegrationTest/src/screen/java/help/screenshot/SelectBlockPluginScreenShots.java,help.screenshot.SelectBlockPluginScreenShots,class,4,5,1,4,5,2,0,10,10,0.0,0.0,0.0,5,0,3,2,0,0,3,0,0,0,0,0,0,0,0,0,0,0,0,39,0,0,0,0,0,8,0,3,0,3,0,2,0,0,40,1,0
/Users/kaiohs/Downloads/codes/lab02-experimentacao-software/data/repos/NationalSecurityAgency__ghidra/Ghidra/Framework/Emulation/src/main/java/ghidra/pcode/emu/jit/gen/op/BranchOpGen.java,ghidra.pcode.emu.jit.gen.op.BranchOpGen,enum,18,20,2,18,3,6,0,4,3,0.0,0.0,0.0,3,2,1,0,0,2,3,0,0,0,0,0,0,0,0,0,0,0,1,49,2,0,0,0,0,0,0,0,0,0,0,0,4,0,87,1,0
/Users/kaiohs/Downloads/codes/lab02-experimentacao-software/data/repos/NationalSecurityAgency__ghidra/Ghidra/Framework/Emulation/src/main/java/ghidra/pcode/opbehavior/OpBehaviorFloatLessEqual.java,ghidra.pcode.opbehavior.OpBehaviorFloatLessEqual,class,2,3,1,2,3,3,0,2,3,0.0,0.0,0.0,3,0,3,0,0,0,3,0,0,0,0,0,0,0,0,0,0,0,0,13,2,0,0,0,0,0,0,2,0,2,0,0,0,0,13,1,0
/Users/kaiohs/Downloads/codes/lab02-experimentacao-software/data/repos/NationalSecurityAgency__ghidra/Ghidra/Test/DebuggerIntegrationTest/src/test.slow/java/agent/dbgeng/rmi/AbstractDbgEngTraceRmiTest.java,agent.dbgeng.rmi.AbstractDbgEngTraceRmiTest$PythonError,innerclass,0,0,0,0,1,4,0,1,0,0.0,NaN,NaN,1,0,1,0,0,0,1,0,0,0,3,0,3,0,0,0,3,0,0,11,0,0,0,0,0,0,0,3,0,3,0,0,0,0,8,9,0
/Users/kaiohs/Downloads/codes/lab02-experimentacao-software/data/repos/NationalSecurityAgency__ghidra/Ghidra/Framework/Emulation/src/main/java/ghidra/app/emulator/AdaptedEmulator.java,ghidra.app.emulator.AdaptedEmulator$AdaptedPcodeEmulator,innerclass,11,11,0,11,6,2,0,3,9,0.5833334,0.0,0.0,6,0,2,0,4,0,6,0,0,0,2,0,0,2,0,0,2,0,0,24,5,0,0,0,0,1,0,2,0,2,0,0,0,0,26,0,0
/Users/kaiohs/Downloads/codes/lab02-experimentacao-software/data/repos/NationalSecurityAgency__ghidra/Ghidra/Framework/Emulation/src/main/java/ghidra/pcode/emu/jit/gen/util/Methods.java,ghidra.pcode.emu.jit.gen.util.CkNext,interface,0,2,2,0,0,1,0,0,0,0.0,-1.0,-1.0,0,0,0,0,0,0,0,0,0,0,0,0,0,0,0,0,0,0,0,2,0,0,0,0,0,0,0,0,0,0,0,0,0,0,12,0,0
/Users/kaiohs/Downloads/codes/lab02-experimentacao-software/data/repos/NationalSecurityAgency__ghidra/Ghidra/Framework/Pty/src/main/java/ghidra/pty/unix/PosixC.java,ghidra.pty.unix.PosixC$Winsize,innerclass,4,4,0,4,0,4,0,0,0,NaN,-1.0,-1.0,0,0,0,0,0,0,0,0,0,0,4,0,4,0,0,0,0,0,0,8,0,0,0,0,0,4,0,0,0,4,0,0,1,0,7,0,0
/Users/kaiohs/Downloads/codes/lab02-experimentacao-software/data/repos/NationalSecurityAgency__ghidra/Ghidra/Test/IntegrationTest/src/test.slow/java/ghidra/framework/main/ToolActionManagerTest.java,ghidra.framework.main.ToolActionManagerTest,class,33,34,1,33,66,2,0,101,190,0.7356322,0.0,0.0,29,0,17,12,0,0,17,0,0,0,3,0,0,3,0,0,0,0,2,476,11,14,8,1,1,114,54,142,17,129,4,0,0,16,213,1,0
/Users/kaiohs/Downloads/codes/lab02-experimentacao-software/data/repos/NationalSecurityAgency__ghidra/Ghidra/Framework/Emulation/src/main/java/ghidra/pcode/emu/jit/gen/op/IntSRightOpGen.java,ghidra.pcode.emu.jit.gen.op.IntSRightOpGen,enum,2,2,0,2,2,1,0,0,1,0.0,0.0,0.0,2,0,2,0,0,0,2,0,0,0,0,0,0,0,0,0,0,0,0,8,2,0,0,0,0,1,0,0,0,0,0,0,0,0,32,1,0
/Users/kaiohs/Downloads/codes/lab02-experimentacao-software/data/repos/NationalSecurityAgency__ghidra/Ghidra/Test/IntegrationTest/src/test.slow/java/ghidra/framework/plugintool/testplugins/DiamondServiceB.java,ghidra.framework.plugintool.testplugins.DiamondServiceB,interface,2,4,2,2,0,1,0,0,0,0.0,-1.0,-1.0,0,0,0,0,0,0,0,0,0,0,0,0,0,0,0,0,0,0,0,2,0,0,0,0,0,1,0,0,0,0,0,0,0,0,15,1,0
/Users/kaiohs/Downloads/codes/lab02-experimentacao-software/data/repos/NationalSecurityAgency__ghidra/Ghidra/Test/IntegrationTest/src/screen/java/help/screenshot/FunctionGraphPluginScreenShots.java,help.screenshot.FunctionGraphPluginScreenShots$MyScreen,innerclass,2,2,0,2,3,2,0,5,3,0.0,0.0,0.0,3,0,2,0,1,0,3,0,0,0,0,0,0,0,0,0,0,0,0,15,1,0,0,0,0,3,0,4,1,3,0,0,0,0,23,2,0
/Users/kaiohs/Downloads/codes/lab02-experimentacao-software/data/repos/NationalSecurityAgency__ghidra/Ghidra/Framework/Emulation/src/main/java/ghidra/pcode/emu/jit/gen/op/IntDivOpGen.java,ghidra.pcode.emu.jit.gen.op.IntDivOpGen,enum,19,19,0,19,4,1,0,3,6,0.0,0.0,0.0,4,0,4,0,0,0,4,0,0,0,0,0,0,0,0,0,0,0,0,14,4,0,0,0,0,3,1,0,0,0,0,0,0,0,50,1,0
/Users/kaiohs/Downloads/codes/lab02-experimentacao-software/data/repos/NationalSecurityAgency__ghidra/Ghidra/Test/IntegrationTest/src/test.slow/java/ghidra/framework/plugintool/testplugins/DiamondServiceD.java,ghidra.framework.plugintool.testplugins.DiamondServiceD,interface,2,5,3,2,0,1,0,0,0,0.0,-1.0,-1.0,0,0,0,0,0,0,0,0,0,0,0,0,0,0,0,0,0,0,0,2,0,0,0,0,0,1,0,0,0,0,0,0,0,0,15,1,0
/Users/kaiohs/Downloads/codes/lab02-experimentacao-software/data/repos/NationalSecurityAgency__ghidra/Ghidra/Test/IntegrationTest/src/test.slow/java/ghidra/framework/plugintool/testplugins/DiamondServiceC.java,ghidra.framework.plugintool.testplugins.DiamondServiceC,interface,2,4,2,2,0,1,0,0,0,0.0,-1.0,-1.0,0,0,0,0,0,0,0,0,0,0,0,0,0,0,0,0,0,0,0,2,0,0,0,0,0,1,0,0,0,0,0,0,0,0,15,1,0
/Users/kaiohs/Downloads/codes/lab02-experimentacao-software/data/repos/NationalSecurityAgency__ghidra/Ghidra/Framework/SoftwareModeling/src/main/java/ghidra/app/plugin/assembler/sleigh/util/TableEntryKey.java,ghidra.app.plugin.assembler.sleigh.util.TableEntryKey,class,2,7,5,2,11,1,1,3,0,0.16666667,0.0,0.0,6,0,6,0,0,0,6,0,0,0,2,0,0,2,0,0,2,0,0,46,10,0,3,0,1,0,5,9,1,5,1,0,0,0,47,1,0
/Users/kaiohs/Downloads/codes/lab02-experimentacao-software/data/repos/NationalSecurityAgency__ghidra/Ghidra/Test/IntegrationTest/src/screen/java/help/screenshot/VersionControlSlowScreenShots.java,help.screenshot.VersionControlSlowScreenShots,class,13,13,0,13,10,2,0,32,6,0.33333334,0.0,0.0,9,0,5,1,3,0,8,0,0,0,1,0,0,1,0,0,0,0,0,67,2,0,1,1,0,11,3,18,0,15,1,0,0,1,93,1,0
/Users/kaiohs/Downloads/codes/lab02-experimentacao-software/data/repos/NationalSecurityAgency__ghidra/Ghidra/Framework/Emulation/src/test/java/ghidra/pcode/exec/AbstractEmulationEquivalenceTest.java,ghidra.pcode.exec.AbstractEmulationEquivalenceTest$DoAsm,interface,1,1,0,1,1,1,0,0,0,0.0,NaN,NaN,1,0,0,0,0,1,1,0,0,0,0,0,0,0,0,0,0,0,0,3,0,0,0,0,0,0,0,0,0,0,0,0,0,0,7,4,0
/Users/kaiohs/Downloads/codes/lab02-experimentacao-software/data/repos/NationalSecurityAgency__ghidra/GhidraBuild/EclipsePlugins/GhidraDev/GhidraDevPlugin/src/main/java/ghidradev/Activator.java,ghidradev.Activator,class,4,19,15,4,13,2,0,9,7,0.64285713,0.0,0.0,7,1,7,0,0,0,7,0,0,2,4,3,1,3,0,0,2,0,6,49,4,1,3,1,0,8,0,6,4,5,4,0,0,0,97,1,4
/Users/kaiohs/Downloads/codes/lab02-experimentacao-software/data/repos/NationalSecurityAgency__ghidra/Ghidra/Framework/Emulation/src/main/java/generic/ULongSpan.java,generic.ULongSpanSet,interface,5,7,2,5,2,1,0,1,0,0.0,NaN,NaN,1,1,0,0,0,1,1,0,0,0,0,0,0,0,0,0,0,0,0,9,1,1,0,0,0,0,0,1,0,1,1,0,0,0,13,0,0
/Users/kaiohs/Downloads/codes/lab02-experimentacao-software/data/repos/NationalSecurityAgency__ghidra/Ghidra/Test/DebuggerIntegrationTest/src/screen/java/ghidraclass/debugger/screenshot/TutorialDebuggerScreenShots.java,ghidraclass.debugger.screenshot.TutorialDebuggerScreenShots,class,81,82,1,81,80,3,0,210,1021,0.90207165,0.0,0.0,59,1,37,0,22,0,59,0,0,0,9,3,0,0,9,0,5,0,18,581,16,4,8,14,1,87,75,118,7,121,3,3,1,44,324,1,3
/Users/kaiohs/Downloads/codes/lab02-experimentacao-software/data/repos/NationalSecurityAgency__ghidra/Ghidra/Test/DebuggerIntegrationTest/src/test/java/ghidra/app/plugin/core/debug/gui/breakpoint/AbstractDebuggerBreakpointMarkerPluginTest.java,ghidra.app.plugin.core.debug.gui.breakpoint.AbstractDebuggerBreakpointMarkerPluginTest,class,40,43,3,40,67,3,0,128,600,0.8979592,0.0,0.0,56,4,32,0,24,0,56,7,0,0,14,4,0,0,14,0,4,0,32,629,7,5,4,5,0,20,55,120,2,114,3,3,0,77,204,1025,0
/Users/kaiohs/Downloads/codes/lab02-experimentacao-software/data/repos/NationalSecurityAgency__ghidra/Ghidra/Framework/Emulation/src/main/java/ghidra/pcode/emu/jit/analysis/JitType.java,ghidra.pcode.emu.jit.analysis.JitType$SimpleJitType,interface,5,5,0,5,11,1,0,0,6,0.0,0.0,0.0,4,1,1,0,0,3,4,0,0,0,0,0,0,0,0,0,0,0,0,29,7,0,7,0,0,1,0,0,0,0,1,0,0,0,71,1,0
/Users/kaiohs/Downloads/codes/lab02-experimentacao-software/data/repos/NationalSecurityAgency__ghidra/Ghidra/Framework/Emulation/src/main/java/ghidra/pcode/opbehavior/OpBehaviorPiece.java,ghidra.pcode.opbehavior.OpBehaviorPiece,class,1,2,1,1,3,3,0,2,3,0.0,0.0,0.0,3,0,3,0,0,0,3,0,0,0,0,0,0,0,0,0,0,0,0,13,2,0,0,0,2,0,2,2,3,2,0,0,0,0,11,1,0
/Users/kaiohs/Downloads/codes/lab02-experimentacao-software/data/repos/NationalSecurityAgency__ghidra/Ghidra/Framework/Pty/src/main/java/ghidra/pty/windows/ConPtyEndpoint.java,ghidra.pty.windows.ConPtyEndpoint,class,5,7,2,5,3,1,2,0,0,0.44444445,0.0,0.0,3,0,3,0,0,0,3,0,0,0,3,0,0,0,3,0,3,0,0,16,2,0,0,0,0,0,0,3,0,3,0,0,0,0,15,1,0
/Users/kaiohs/Downloads/codes/lab02-experimentacao-software/data/repos/NationalSecurityAgency__ghidra/Ghidra/Framework/Emulation/src/main/java/ghidra/pcode/emu/jit/gen/op/IntSLessOpGen.java,ghidra.pcode.emu.jit.gen.op.IntSLessOpGen,enum,11,11,0,11,3,1,0,2,3,0.0,0.0,0.0,3,0,3,0,0,0,3,0,0,0,0,0,0,0,0,0,0,0,0,11,3,0,0,0,0,0,0,0,0,0,0,0,0,0,46,1,0
/Users/kaiohs/Downloads/codes/lab02-experimentacao-software/data/repos/NationalSecurityAgency__ghidra/Ghidra/Test/IntegrationTest/src/test.slow/java/ghidra/pcode/emu/jit/AbstractJitTest.java,ghidra.pcode.emu.jit.AbstractJitTest,class,19,26,7,19,11,2,6,27,36,0.0,0.0,0.0,9,6,9,0,0,0,9,0,0,0,0,0,0,0,0,0,0,0,7,52,9,0,0,0,0,3,0,10,0,10,1,1,0,0,120,1,0
/Users/kaiohs/Downloads/codes/lab02-experimentacao-software/data/repos/NationalSecurityAgency__ghidra/Ghidra/Framework/Emulation/src/main/java/ghidra/pcode/emu/jit/analysis/JitType.java,ghidra.pcode.emu.jit.analysis.DoubleJitType,enum,11,12,1,11,39,1,0,10,549,0.9411765,0.0,0.0,34,5,26,5,0,3,32,0,0,0,2,2,0,2,0,0,2,0,9,106,24,1,1,0,1,5,6,6,6,4,1,0,0,0,146,1,0
/Users/kaiohs/Downloads/codes/lab02-experimentacao-software/data/repos/NationalSecurityAgency__ghidra/GPL/DMG/src/dmg/java/mobiledevices/dmg/reader/DmgInputStream.java,mobiledevices.dmg.reader.DmgInputStream,class,2,3,1,2,5,2,0,2,0,0.0,0.0,0.0,5,0,4,0,0,1,5,0,0,0,1,0,0,1,0,0,0,0,0,18,4,0,0,0,0,0,0,1,0,1,0,0,0,0,27,1,0
/Users/kaiohs/Downloads/codes/lab02-experimentacao-software/data/repos/NationalSecurityAgency__ghidra/Ghidra/Test/DebuggerIntegrationTest/src/test/java/ghidra/debug/flatapi/AbstractLiveFlatDebuggerAPITest.java,ghidra.debug.flatapi.AbstractLiveFlatDebuggerAPITest$TestFlatAPI,innerclass,2,2,0,2,1,1,0,2,0,0.0,NaN,NaN,1,0,1,0,0,0,1,0,0,0,1,0,0,0,1,0,1,0,0,6,1,0,0,0,0,0,0,1,0,1,0,0,0,0,10,4,0
/Users/kaiohs/Downloads/codes/lab02-experimentacao-software/data/repos/NationalSecurityAgency__ghidra/Ghidra/Framework/Emulation/src/test/java/ghidra/pcode/exec/AbstractEmulationEquivalenceTest.java,ghidra.pcode.exec.AbstractEmulationEquivalenceTest$Anonymous4$Anonymous5,anonymous,1,1,0,1,1,1,0,0,0,0.0,NaN,NaN,1,0,0,0,1,0,1,0,0,0,0,0,0,0,0,0,0,0,0,5,1,0,0,0,0,0,0,0,0,0,0,0,0,0,9,-1,0
/Users/kaiohs/Downloads/codes/lab02-experimentacao-software/data/repos/NationalSecurityAgency__ghidra/Ghidra/Test/IntegrationTest/src/screen/java/help/screenshot/PdbScreenShots.java,help.screenshot.PdbScreenShots$SameDirSymbolStoreWithFakePath,innerclass,1,1,0,1,3,2,0,2,0,0.0,0.0,0.0,3,0,3,0,0,0,3,0,0,0,1,0,0,1,0,0,0,0,1,13,2,0,0,0,0,1,0,1,1,1,0,0,0,0,31,10,0
/Users/kaiohs/Downloads/codes/lab02-experimentacao-software/data/repos/NationalSecurityAgency__ghidra/Ghidra/Framework/Emulation/src/main/java/ghidra/pcode/emu/jit/gen/opnd/Opnd.java,ghidra.pcode.emu.jit.gen.opnd.StackToMpConv,interface,15,15,0,15,2,1,0,0,1,0.0,0.0,0.0,2,0,0,0,0,2,2,0,0,0,0,0,0,0,0,0,0,0,0,4,0,0,0,0,0,0,0,0,0,0,0,0,0,0,65,0,0
/Users/kaiohs/Downloads/codes/lab02-experimentacao-software/data/repos/NationalSecurityAgency__ghidra/Ghidra/Framework/Emulation/src/main/java/ghidra/pcode/opbehavior/OpBehaviorNotEqual.java,ghidra.pcode.opbehavior.OpBehaviorNotEqual,class,1,2,1,1,5,3,0,1,3,0.0,0.0,0.0,3,0,3,0,0,0,3,0,0,0,0,0,0,0,0,0,0,0,0,11,2,0,1,0,0,0,2,0,0,0,0,0,0,0,10,1,0
/Users/kaiohs/Downloads/codes/lab02-experimentacao-software/data/repos/NationalSecurityAgency__ghidra/Ghidra/Framework/SoftwareModeling/src/test/java/ghidra/program/model/address/GenericAddressSpaceTest.java,ghidra.program.model.address.GenericAddressSpaceTest,class,10,11,1,10,57,2,0,26,54,0.3809524,0.0,0.0,21,0,20,1,0,0,20,0,0,0,1,0,0,1,0,0,0,0,0,394,1,0,2,33,0,58,284,31,18,21,1,0,0,0,88,1,0
/Users/kaiohs/Downloads/codes/lab02-experimentacao-software/data/repos/NationalSecurityAgency__ghidra/Ghidra/Test/DebuggerIntegrationTest/src/test.slow/java/agent/x64dbg/rmi/X64dbgHooksTest.java,agent.x64dbg.rmi.X64dbgHooksTest,class,16,17,1,16,32,3,0,56,197,0.7727273,0.0,0.0,22,0,13,3,5,1,20,0,0,0,3,3,0,2,0,1,3,0,26,292,12,0,4,13,1,125,22,53,8,49,2,0,0,22,127,1,0
/Users/kaiohs/Downloads/codes/lab02-experimentacao-software/data/repos/NationalSecurityAgency__ghidra/Ghidra/Test/IntegrationTest/src/test/java/ghidra/util/task/CachingSwingWorkerTest.java,ghidra.util.task.CachingSwingWorkerTest$ClientRunnable,innerclass,1,1,0,1,4,1,0,2,0,0.33333334,0.0,0.0,3,0,2,0,0,1,3,0,0,0,2,0,0,1,0,1,0,0,0,13,1,0,1,0,0,0,1,2,0,2,0,0,0,0,9,0,0
/Users/kaiohs/Downloads/codes/lab02-experimentacao-software/data/repos/NationalSecurityAgency__ghidra/Ghidra/Framework/Emulation/src/main/java/ghidra/pcode/emu/jit/gen/op/IntRemOpGen.java,ghidra.pcode.emu.jit.gen.op.IntRemOpGen,enum,19,19,0,19,4,1,0,3,6,0.0,0.0,0.0,4,0,4,0,0,0,4,0,0,0,0,0,0,0,0,0,0,0,0,14,4,0,0,0,0,3,1,0,0,0,0,0,0,0,56,1,0
/Users/kaiohs/Downloads/codes/lab02-experimentacao-software/data/repos/NationalSecurityAgency__ghidra/GhidraBuild/EclipsePlugins/GhidraDev/GhidraDevPlugin/src/main/java/ghidradev/ghidraprojectcreator/launchers/PyGhidraLaunchTabGroup.java,ghidradev.ghidraprojectcreator.launchers.PyGhidraLaunchTabGroup$Anonymous3,anonymous,4,4,0,4,2,1,0,5,0,0.0,NaN,NaN,1,0,1,0,0,0,1,0,0,0,0,0,0,0,0,0,0,0,2,12,0,0,0,1,0,1,0,1,0,1,1,0,0,0,16,-1,1
/Users/kaiohs/Downloads/codes/lab02-experimentacao-software/data/repos/NationalSecurityAgency__ghidra/Ghidra/Framework/Emulation/src/main/java/ghidra/pcode/emu/jit/gen/op/LoadOpGen.java,ghidra.pcode.emu.jit.gen.op.LoadOpGen,enum,31,32,1,31,11,1,0,18,36,0.0,NaN,NaN,9,0,1,8,0,0,1,0,0,0,0,0,0,0,0,0,0,0,2,52,8,2,0,0,0,4,3,17,0,13,1,0,0,0,151,1,0
/Users/kaiohs/Downloads/codes/lab02-experimentacao-software/data/repos/NationalSecurityAgency__ghidra/GhidraBuild/EclipsePlugins/GhidraDev/GhidraDevPlugin/src/main/java/ghidradev/ghidraprojectcreator/launchers/PyGhidraLaunchTabGroup.java,ghidradev.ghidraprojectcreator.launchers.PyGhidraLaunchTabGroup$Anonymous4,anonymous,4,4,0,4,2,1,0,5,0,0.0,NaN,NaN,1,0,1,0,0,0,1,0,0,0,0,0,0,0,0,0,0,0,2,12,0,0,0,1,0,1,0,1,0,1,1,0,0,0,15,-1,1
/Users/kaiohs/Downloads/codes/lab02-experimentacao-software/data/repos/NationalSecurityAgency__ghidra/GhidraBuild/EclipsePlugins/GhidraDev/GhidraDevPlugin/src/main/java/ghidradev/ghidraprojectcreator/launchers/PyGhidraLaunchTabGroup.java,ghidradev.ghidraprojectcreator.launchers.PyGhidraLaunchTabGroup$Anonymous1,anonymous,4,4,0,4,2,1,0,5,0,0.0,NaN,NaN,1,0,1,0,0,0,1,0,0,0,0,0,0,0,0,0,0,0,2,12,0,0,0,1,0,1,0,1,0,1,1,0,0,0,17,-1,1
/Users/kaiohs/Downloads/codes/lab02-experimentacao-software/data/repos/NationalSecurityAgency__ghidra/GhidraBuild/EclipsePlugins/GhidraDev/GhidraDevPlugin/src/main/java/ghidradev/ghidraprojectcreator/launchers/PyGhidraLaunchTabGroup.java,ghidradev.ghidraprojectcreator.launchers.PyGhidraLaunchTabGroup$Anonymous2,anonymous,8,8,0,8,8,1,0,12,4,0.4,0.0,0.0,5,0,5,0,0,0,5,0,0,0,2,0,0,2,0,0,0,0,3,65,1,0,0,3,0,10,5,14,0,9,1,0,0,2,45,-1,3
/Users/kaiohs/Downloads/codes/lab02-experimentacao-software/data/repos/NationalSecurityAgency__ghidra/Ghidra/Framework/SoftwareModeling/src/main/java/ghidra/app/util/pcode/PcodeFormatter.java,ghidra.app.util.pcode.PcodeFormatter,interface,9,13,4,9,20,1,0,33,28,0.0,0.0,0.0,8,5,4,1,0,3,7,0,0,0,0,0,0,0,0,0,0,0,7,79,7,3,5,0,1,0,8,35,2,34,5,0,0,2,74,1,0
/Users/kaiohs/Downloads/codes/lab02-experimentacao-software/data/repos/NationalSecurityAgency__ghidra/Ghidra/Framework/Emulation/src/main/java/ghidra/pcode/emu/jit/gen/op/PopCountOpGen.java,ghidra.pcode.emu.jit.gen.op.PopCountOpGen,enum,18,18,0,18,5,1,0,7,6,0.0,0.0,0.0,4,0,4,0,0,0,4,0,0,0,0,0,0,0,0,0,0,0,0,19,4,1,0,0,0,2,2,4,0,3,1,0,0,0,54,1,0
/Users/kaiohs/Downloads/codes/lab02-experimentacao-software/data/repos/NationalSecurityAgency__ghidra/Ghidra/Test/IntegrationTest/src/test.slow/java/ghidra/program/database/sourcemap/AbstractSourceFileTest.java,ghidra.program.database.sourcemap.AbstractSourceFileTest,class,12,17,5,12,2,2,5,20,1,0.525,0.0,0.0,2,0,1,0,1,0,2,0,0,0,20,0,0,0,20,0,0,0,2,74,1,0,0,2,1,8,10,28,1,23,1,0,0,0,53,1,0
/Users/kaiohs/Downloads/codes/lab02-experimentacao-software/data/repos/NationalSecurityAgency__ghidra/Ghidra/Framework/Emulation/src/main/java/ghidra/pcode/opbehavior/OpBehaviorFloatLess.java,ghidra.pcode.opbehavior.OpBehaviorFloatLess,class,2,3,1,2,3,3,0,2,3,0.0,0.0,0.0,3,0,3,0,0,0,3,0,0,0,0,0,0,0,0,0,0,0,0,13,2,0,0,0,0,0,0,2,0,2,0,0,0,0,12,1,0
/Users/kaiohs/Downloads/codes/lab02-experimentacao-software/data/repos/NationalSecurityAgency__ghidra/Ghidra/Test/DebuggerIntegrationTest/src/test/java/ghidra/app/plugin/core/debug/gui/AbstractGhidraHeadedDebuggerIntegrationTest.java,ghidra.app.plugin.core.debug.gui.AbstractGhidraHeadedDebuggerIntegrationTest,class,20,43,23,20,29,2,17,43,163,0.92029,0.0,0.0,23,0,1,0,22,0,23,0,0,0,24,2,2,0,22,0,2,0,10,210,9,3,3,3,0,274,5,51,1,45,2,1,0,2,166,1,0
/Users/kaiohs/Downloads/codes/lab02-experimentacao-software/data/repos/NationalSecurityAgency__ghidra/Ghidra/Test/IntegrationTest/src/test/java/ghidra/graph/program/BlockGraphTaskTest.java,ghidra.graph.program.BlockGraphTaskTest,class,13,13,0,13,4,3,0,19,6,0.0,0.0,0.0,4,0,4,0,0,0,4,0,0,0,0,0,0,0,0,0,0,0,0,140,0,0,0,0,0,49,15,61,0,59,0,0,0,0,45,1,0
/Users/kaiohs/Downloads/codes/lab02-experimentacao-software/data/repos/NationalSecurityAgency__ghidra/Ghidra/Framework/SoftwareModeling/src/test/java/ghidra/program/model/data/StringDataTypeTest.java,ghidra.program.model.data.StringDataTypeTest,class,25,26,1,25,54,3,0,18,876,0.88076925,0.0,0.0,52,0,49,3,0,0,49,0,0,0,10,0,0,10,0,0,0,0,1,316,3,2,0,0,0,103,425,78,17,73,1,0,1,0,130,1,0
/Users/kaiohs/Downloads/codes/lab02-experimentacao-software/data/repos/NationalSecurityAgency__ghidra/Ghidra/Framework/Emulation/src/main/java/ghidra/pcode/emu/jit/gen/op/CBranchOpGen.java,ghidra.pcode.emu.jit.gen.op.CBranchOpGen$IntCBranchGen,innerclass,19,19,0,19,4,3,0,10,3,1.0,0.0,0.0,3,0,0,0,0,3,3,0,0,0,1,1,0,0,0,1,1,0,0,20,4,0,0,0,0,0,0,6,0,6,1,0,0,0,36,8,0
/Users/kaiohs/Downloads/codes/lab02-experimentacao-software/data/repos/NationalSecurityAgency__ghidra/Ghidra/Framework/SoftwareModeling/src/test/java/ghidra/sleigh/grammar/SleighEchoRun.java,ghidra.sleigh.grammar.SleighEchoRun,class,11,11,0,11,2,1,0,8,0,0.0,NaN,NaN,1,1,1,0,0,0,1,0,0,0,0,0,0,0,0,0,0,0,0,25,0,0,0,1,0,0,1,10,0,10,1,0,0,0,44,1,0
/Users/kaiohs/Downloads/codes/lab02-experimentacao-software/data/repos/NationalSecurityAgency__ghidra/Ghidra/Framework/SoftwareModeling/src/main/java/ghidra/app/plugin/assembler/sleigh/sem/DefaultAssemblyResolvedBackfill.java,ghidra.app.plugin.assembler.sleigh.sem.DefaultAssemblyResolvedBackfill,class,13,15,2,13,16,2,0,15,36,0.5192308,0.0,0.0,13,0,8,0,5,0,13,0,0,0,4,0,0,0,4,0,4,0,2,82,13,0,0,1,0,8,4,26,4,9,2,0,0,0,99,1,0
/Users/kaiohs/Downloads/codes/lab02-experimentacao-software/data/repos/NationalSecurityAgency__ghidra/Ghidra/Framework/Emulation/src/main/java/ghidra/pcode/emu/jit/analysis/JitControlFlowModel.java,ghidra.pcode.emu.jit.analysis.JitControlFlowModel$JitBlock,innerclass,9,9,0,9,21,2,0,20,108,0.8571428,0.0,0.0,17,0,15,1,1,0,16,0,0,0,7,0,0,7,0,0,2,0,6,77,15,1,0,0,0,2,3,15,1,12,2,0,0,3,160,9,0
/Users/kaiohs/Downloads/codes/lab02-experimentacao-software/data/repos/NationalSecurityAgency__ghidra/Ghidra/Framework/Emulation/src/main/java/ghidra/pcode/emu/jit/gen/op/PhiOpGen.java,ghidra.pcode.emu.jit.gen.op.PhiOpGen,enum,13,13,0,13,1,1,0,0,0,0.0,NaN,NaN,1,0,1,0,0,0,1,0,0,0,0,0,0,0,0,0,0,0,0,5,1,0,0,0,0,0,0,0,0,0,0,0,0,0,66,1,0
/Users/kaiohs/Downloads/codes/lab02-experimentacao-software/data/repos/NationalSecurityAgency__ghidra/Ghidra/Framework/Emulation/src/main/java/ghidra/pcode/opbehavior/UnaryOpBehavior.java,ghidra.pcode.opbehavior.UnaryOpBehavior,class,1,22,21,1,3,2,18,0,3,0.0,0.0,0.0,3,0,2,0,0,1,3,2,0,0,0,0,0,0,0,0,0,0,0,7,0,0,0,0,0,0,0,0,0,0,0,0,0,0,57,1025,0
/Users/kaiohs/Downloads/codes/lab02-experimentacao-software/data/repos/NationalSecurityAgency__ghidra/Ghidra/Framework/Emulation/src/main/java/ghidra/pcode/emulate/callother/OpBehaviorOtherNOP.java,ghidra.pcode.emulate.callother.OpBehaviorOtherNOP,class,3,3,0,3,1,1,0,0,0,0.0,NaN,NaN,1,0,1,0,0,0,1,0,0,0,0,0,0,0,0,0,0,0,0,4,0,0,0,0,0,1,0,0,0,0,0,0,0,0,12,1,0
/Users/kaiohs/Downloads/codes/lab02-experimentacao-software/data/repos/NationalSecurityAgency__ghidra/Ghidra/Framework/Emulation/src/main/java/ghidra/pcode/emu/jit/gen/op/IntXorOpGen.java,ghidra.pcode.emu.jit.gen.op.IntXorOpGen,enum,12,12,0,12,2,1,0,2,1,0.0,0.0,0.0,2,0,2,0,0,0,2,0,0,0,0,0,0,0,0,0,0,0,2,8,2,0,0,0,0,0,0,0,0,0,0,0,0,0,34,1,0
/Users/kaiohs/Downloads/codes/lab02-experimentacao-software/data/repos/NationalSecurityAgency__ghidra/Ghidra/Framework/Pty/src/main/java/ghidra/pty/unix/PosixC.java,ghidra.pty.unix.PosixC$Termios,innerclass,5,5,0,5,0,4,0,0,0,NaN,-1.0,-1.0,0,0,0,0,0,0,0,0,0,0,10,2,10,0,0,0,2,0,0,14,0,0,0,0,0,8,3,3,0,10,0,0,1,0,20,0,0
/Users/kaiohs/Downloads/codes/lab02-experimentacao-software/data/repos/NationalSecurityAgency__ghidra/Ghidra/Framework/SoftwareModeling/src/test/java/ghidra/program/model/AddressIteratorTestStub.java,ghidra.program.model.AddressIteratorTestStub,class,3,5,2,3,5,1,0,3,0,0.2,0.0,0.0,5,0,5,0,0,0,5,0,0,0,1,0,0,1,0,0,0,0,0,17,3,0,0,0,0,0,0,1,0,1,0,0,0,0,10,1,0
/Users/kaiohs/Downloads/codes/lab02-experimentacao-software/data/repos/NationalSecurityAgency__ghidra/Ghidra/Framework/Emulation/src/main/java/ghidra/pcode/emu/jit/gen/tgt/JitCompiledPassage.java,ghidra.pcode.emu.jit.gen.tgt.JitCompiledPassage$MpDivPrivate,enum,2,2,0,2,41,1,0,9,28,0.0,0.0,0.0,8,8,0,0,0,8,8,0,0,0,0,0,0,0,0,0,0,0,14,137,6,10,12,0,14,0,48,57,43,27,3,0,0,0,96,0,0
/Users/kaiohs/Downloads/codes/lab02-experimentacao-software/data/repos/NationalSecurityAgency__ghidra/Ghidra/Framework/Emulation/src/main/java/ghidra/pcode/exec/SleighProgramCompiler.java,ghidra.pcode.exec.SleighProgramCompiler,enum,2,3,1,2,5,1,0,0,6,1.0,0.0,0.0,4,0,2,0,0,2,5,0,0,0,2,2,1,1,0,0,2,0,0,26,2,0,0,0,0,4,0,2,0,2,0,0,1,0,61,1,0
/Users/kaiohs/Downloads/codes/lab02-experimentacao-software/data/repos/NationalSecurityAgency__ghidra/Ghidra/Framework/Emulation/src/main/java/ghidra/pcode/opbehavior/OpBehaviorIntSub.java,ghidra.pcode.opbehavior.OpBehaviorIntSub,class,1,2,1,1,3,3,0,2,3,0.0,0.0,0.0,3,0,3,0,0,0,3,0,0,0,0,0,0,0,0,0,0,0,0,13,2,0,0,0,1,0,0,2,1,2,0,0,0,0,12,1,0
/Users/kaiohs/Downloads/codes/lab02-experimentacao-software/data/repos/NationalSecurityAgency__ghidra/Ghidra/Framework/Emulation/src/main/java/ghidra/pcode/emu/PcodeEmulationCallbacks.java,ghidra.pcode.emu.PcodeEmulationCallbacks,interface,23,30,7,23,38,1,0,16,463,0.94623655,0.0,0.0,31,1,4,0,0,27,32,0,0,0,2,0,0,0,0,2,0,0,1,101,10,1,3,0,0,1,5,8,1,10,2,0,1,0,318,1,0
/Users/kaiohs/Downloads/codes/lab02-experimentacao-software/data/repos/NationalSecurityAgency__ghidra/Ghidra/Test/DebuggerIntegrationTest/src/test/java/ghidra/debug/flatapi/DeadFlatDebuggerAPITest.java,ghidra.debug.flatapi.DeadFlatDebuggerAPITest,class,12,12,0,12,46,4,0,95,1035,0.0,0.0,0.0,46,0,45,0,1,0,46,0,0,0,0,0,0,0,0,0,0,0,3,322,1,0,0,2,0,33,79,33,0,33,1,0,2,0,105,1,1
/Users/kaiohs/Downloads/codes/lab02-experimentacao-software/data/repos/NationalSecurityAgency__ghidra/Ghidra/Test/DebuggerIntegrationTest/src/test/java/ghidra/app/plugin/core/debug/gui/breakpoint/MockDecompileResults.java,ghidra.app.plugin.core.debug.gui.breakpoint.MockDecompileResults,class,9,13,4,9,7,3,0,4,19,0.71428573,0.0,0.0,7,0,2,0,5,0,7,0,0,0,1,0,0,1,0,0,0,0,0,81,5,0,0,0,0,1,0,1,0,1,0,1,4,0,20,1,0
/Users/kaiohs/Downloads/codes/lab02-experimentacao-software/data/repos/NationalSecurityAgency__ghidra/Ghidra/Test/IntegrationTest/src/screen/java/help/screenshot/LabelMgrPluginScreenShots.java,help.screenshot.LabelMgrPluginScreenShots$Anonymous1,anonymous,0,0,0,0,1,1,0,5,0,0.0,NaN,NaN,1,0,1,0,0,0,1,0,0,0,0,0,0,0,0,0,0,0,0,12,0,0,0,0,0,6,0,3,0,2,0,0,0,0,12,-1,0
/Users/kaiohs/Downloads/codes/lab02-experimentacao-software/data/repos/NationalSecurityAgency__ghidra/Ghidra/Test/IntegrationTest/src/test.slow/java/ghidra/framework/main/datatree/ProjectDataTreeTest.java,ghidra.framework.main.datatree.ProjectDataTreeTest,class,13,14,1,13,8,2,0,27,0,0.33333334,0.0,0.0,7,0,6,1,0,0,6,0,0,0,3,0,0,3,0,0,0,0,0,217,0,0,1,0,0,89,0,69,0,39,1,1,0,11,57,1,0
/Users/kaiohs/Downloads/codes/lab02-experimentacao-software/data/repos/NationalSecurityAgency__ghidra/Ghidra/Test/IntegrationTest/src/screen/java/help/screenshot/LabelMgrPluginScreenShots.java,help.screenshot.LabelMgrPluginScreenShots$Anonymous2,anonymous,0,0,0,0,1,1,0,1,0,0.0,NaN,NaN,1,0,1,0,0,0,1,0,0,0,0,0,0,0,0,0,0,0,0,5,0,0,0,0,0,1,0,0,0,0,0,0,0,0,1,-1,0
/Users/kaiohs/Downloads/codes/lab02-experimentacao-software/data/repos/NationalSecurityAgency__ghidra/Ghidra/Test/DebuggerIntegrationTest/src/test.slow/java/agent/drgn/rmi/DrgnCommandsTest.java,agent.drgn.rmi.DrgnCommandsTest,class,26,27,1,26,59,3,0,111,1326,0.0,0.0,0.0,52,0,51,0,1,0,52,0,0,0,0,0,0,0,0,0,0,0,19,335,2,1,3,24,0,167,59,98,4,116,2,0,0,39,161,1,3
/Users/kaiohs/Downloads/codes/lab02-experimentacao-software/data/repos/NationalSecurityAgency__ghidra/Ghidra/Test/IntegrationTest/src/screen/java/help/screenshot/LabelMgrPluginScreenShots.java,help.screenshot.LabelMgrPluginScreenShots$Anonymous3,anonymous,0,0,0,0,1,1,0,2,0,0.0,NaN,NaN,1,0,1,0,0,0,1,0,0,0,0,0,0,0,0,0,0,0,0,6,0,0,0,0,0,2,0,0,0,0,0,0,0,0,3,-1,0
/Users/kaiohs/Downloads/codes/lab02-experimentacao-software/data/repos/NationalSecurityAgency__ghidra/GhidraBuild/EclipsePlugins/GhidraDev/GhidraDevPlugin/src/main/java/ghidradev/ghidraprojectcreator/utils/GhidraModuleUtils.java,ghidradev.ghidraprojectcreator.utils.GhidraModuleUtils,class,21,25,4,21,36,1,0,73,13,0.6666667,0.0,0.0,6,6,4,2,0,0,4,0,0,0,2,2,0,2,0,0,0,0,20,185,10,7,8,3,0,41,3,43,9,48,3,0,1,5,254,1,0
/Users/kaiohs/Downloads/codes/lab02-experimentacao-software/data/repos/NationalSecurityAgency__ghidra/Ghidra/Test/DebuggerIntegrationTest/src/test/java/ghidra/app/plugin/core/debug/gui/breakpoint/MockDecompileResults.java,ghidra.app.plugin.core.debug.gui.breakpoint.MockDecompileResults$MockToken,innerclass,3,3,0,3,4,2,0,0,0,0.25,0.0,0.0,4,0,4,0,0,0,4,0,0,0,1,0,0,1,0,0,1,0,0,16,2,0,0,0,0,0,0,1,0,1,0,0,0,0,10,9,0
/Users/kaiohs/Downloads/codes/lab02-experimentacao-software/data/repos/NationalSecurityAgency__ghidra/Ghidra/Test/DebuggerIntegrationTest/src/test/java/ghidra/app/plugin/core/debug/gui/tracermi/launcher/TestTraceRmiLaunchOpinion.java,ghidra.app.plugin.core.debug.gui.tracermi.launcher.TestTraceRmiLaunchOpinion$TestTraceRmiLaunchOffer,innerclass,11,11,0,11,10,2,0,11,39,0.7,0.0,0.0,10,0,9,0,1,0,10,0,0,0,1,1,0,1,0,0,1,0,0,35,8,0,0,0,0,8,0,2,1,3,0,0,0,1,51,9,0
/Users/kaiohs/Downloads/codes/lab02-experimentacao-software/data/repos/NationalSecurityAgency__ghidra/GhidraBuild/EclipsePlugins/GhidraDev/GhidraDevPlugin/src/main/java/ghidradev/ghidraprojectcreator/launchers/GhidraLaunchTabGroup.java,ghidradev.ghidraprojectcreator.launchers.GhidraLaunchTabGroup$Anonymous2,anonymous,8,8,0,8,8,1,0,12,4,0.4,0.0,0.0,5,0,5,0,0,0,5,0,0,0,2,0,0,2,0,0,0,0,3,65,1,0,0,3,0,10,5,14,0,9,1,0,0,2,45,-1,3
/Users/kaiohs/Downloads/codes/lab02-experimentacao-software/data/repos/NationalSecurityAgency__ghidra/GhidraBuild/EclipsePlugins/GhidraDev/GhidraDevPlugin/src/main/java/ghidradev/ghidraprojectcreator/launchers/GhidraLaunchTabGroup.java,ghidradev.ghidraprojectcreator.launchers.GhidraLaunchTabGroup$Anonymous3,anonymous,4,4,0,4,2,1,0,5,0,0.0,NaN,NaN,1,0,1,0,0,0,1,0,0,0,0,0,0,0,0,0,0,0,2,12,0,0,0,1,0,1,0,1,0,1,1,0,0,0,16,-1,1
/Users/kaiohs/Downloads/codes/lab02-experimentacao-software/data/repos/NationalSecurityAgency__ghidra/Ghidra/Test/IntegrationTest/src/screen/java/help/screenshot/ProgramTreePluginScreenShots.java,help.screenshot.ProgramTreePluginScreenShots,class,4,4,0,4,2,2,0,5,1,0.0,0.0,0.0,2,0,2,0,0,0,2,0,0,0,0,0,0,0,0,0,0,0,0,11,0,0,0,0,0,0,3,0,0,0,0,0,0,0,21,1,0
/Users/kaiohs/Downloads/codes/lab02-experimentacao-software/data/repos/NationalSecurityAgency__ghidra/GhidraBuild/EclipsePlugins/GhidraDev/GhidraDevPlugin/src/main/java/ghidradev/ghidraprojectcreator/launchers/GhidraLaunchTabGroup.java,ghidradev.ghidraprojectcreator.launchers.GhidraLaunchTabGroup$Anonymous1,anonymous,4,4,0,4,2,1,0,5,0,0.0,NaN,NaN,1,0,1,0,0,0,1,0,0,0,0,0,0,0,0,0,0,0,2,12,0,0,0,1,0,1,0,1,0,1,1,0,0,0,16,-1,1
/Users/kaiohs/Downloads/codes/lab02-experimentacao-software/data/repos/NationalSecurityAgency__ghidra/Ghidra/Framework/SoftwareModeling/src/test/java/ghidra/app/plugin/assembler/sleigh/ARMBEAssemblyTest.java,ghidra.app.plugin.assembler.sleigh.ARMBEAssemblyTest,class,3,3,0,3,3,3,0,2,3,0.8333334,0.0,0.0,3,0,2,0,1,0,3,0,0,0,2,2,2,0,0,0,2,0,0,13,1,0,0,0,0,8,2,2,0,2,0,0,0,0,32,1,0
/Users/kaiohs/Downloads/codes/lab02-experimentacao-software/data/repos/NationalSecurityAgency__ghidra/Ghidra/Framework/Emulation/src/main/java/ghidra/pcode/emu/jit/gen/opnd/Opnd.java,ghidra.pcode.emu.jit.gen.opnd.StackToStackConv,interface,10,10,0,10,1,1,0,0,0,0.0,NaN,NaN,1,0,0,0,0,1,1,0,0,0,0,0,0,0,0,0,0,0,0,3,0,0,0,0,0,0,0,0,0,0,0,0,0,0,40,0,0
/Users/kaiohs/Downloads/codes/lab02-experimentacao-software/data/repos/NationalSecurityAgency__ghidra/Ghidra/Test/IntegrationTest/src/screen/java/help/screenshot/ShowInstructionInfoPluginScreenShots.java,help.screenshot.ShowInstructionInfoPluginScreenShots,class,17,18,1,17,10,2,0,48,39,0.7,0.0,0.0,10,0,6,4,0,0,6,0,0,0,1,0,0,1,0,0,0,0,3,95,3,0,0,0,2,8,19,50,10,41,0,0,0,1,105,1,0
/Users/kaiohs/Downloads/codes/lab02-experimentacao-software/data/repos/NationalSecurityAgency__ghidra/GhidraBuild/EclipsePlugins/GhidraDev/GhidraDevPlugin/src/main/java/ghidradev/ghidraprojectcreator/launchers/GhidraLaunchTabGroup.java,ghidradev.ghidraprojectcreator.launchers.GhidraLaunchTabGroup$Anonymous4,anonymous,4,4,0,4,2,1,0,5,0,0.0,NaN,NaN,1,0,1,0,0,0,1,0,0,0,0,0,0,0,0,0,0,0,2,12,0,0,0,1,0,1,0,1,0,1,1,0,0,0,16,-1,1
/Users/kaiohs/Downloads/codes/lab02-experimentacao-software/data/repos/NationalSecurityAgency__ghidra/GhidraBuild/EclipsePlugins/GhidraDev/GhidraDevPlugin/src/main/java/ghidradev/ghidraprojectcreator/launchers/GhidraLaunchTabGroup.java,ghidradev.ghidraprojectcreator.launchers.GhidraLaunchTabGroup$Anonymous5,anonymous,4,4,0,4,2,1,0,5,0,0.0,NaN,NaN,1,0,1,0,0,0,1,0,0,0,0,0,0,0,0,0,0,0,2,12,0,0,0,1,0,1,0,1,0,1,1,0,0,0,15,-1,1
/Users/kaiohs/Downloads/codes/lab02-experimentacao-software/data/repos/NationalSecurityAgency__ghidra/Ghidra/Framework/Pty/src/main/java/ghidra/pty/windows/ConPtyFactory.java,ghidra.pty.windows.ConPtyFactory,enum,2,3,1,2,4,1,0,1,1,0.0,0.0,0.0,2,0,2,0,0,0,2,0,0,0,0,0,0,0,0,0,0,0,2,10,3,0,2,0,0,1,4,0,0,0,1,0,0,0,19,1,0
/Users/kaiohs/Downloads/codes/lab02-experimentacao-software/data/repos/NationalSecurityAgency__ghidra/Ghidra/Test/IntegrationTest/src/test.slow/java/ghidra/framework/main/datatree/VersionControlAction1Test.java,ghidra.framework.main.datatree.VersionControlAction1Test,class,30,30,0,30,30,3,0,112,66,0.0,0.0,0.0,12,0,12,0,0,0,12,0,0,0,0,0,0,0,0,0,0,0,4,435,0,8,0,2,16,60,62,145,2,139,5,2,0,22,191,1,0
/Users/kaiohs/Downloads/codes/lab02-experimentacao-software/data/repos/NationalSecurityAgency__ghidra/Ghidra/Framework/Pty/src/main/java/ghidra/pty/macos/MacosIoctls.java,ghidra.pty.macos.MacosIoctls,enum,1,2,1,1,3,1,0,0,3,0.0,0.0,0.0,3,0,3,0,0,0,3,0,0,0,0,0,0,0,0,0,0,0,0,10,3,0,0,0,0,0,2,0,0,0,0,0,0,0,23,1,0
/Users/kaiohs/Downloads/codes/lab02-experimentacao-software/data/repos/NationalSecurityAgency__ghidra/Ghidra/Framework/Emulation/src/main/java/ghidra/pcode/emu/jit/analysis/JitOpUseModel.java,ghidra.pcode.emu.jit.analysis.JitOpUseModel$OpUseCollector,innerclass,10,10,0,10,8,1,0,7,8,0.70000005,0.0,0.0,5,0,3,0,0,2,5,0,0,0,2,0,0,0,0,2,2,0,0,27,1,2,0,0,0,1,0,2,1,2,1,0,0,0,97,0,0
/Users/kaiohs/Downloads/codes/lab02-experimentacao-software/data/repos/NationalSecurityAgency__ghidra/Ghidra/Framework/Emulation/src/main/java/ghidra/pcode/emu/jit/gen/op/CallOtherMissingOpGen.java,ghidra.pcode.emu.jit.gen.op.CallOtherMissingOpGen,enum,14,14,0,14,1,1,0,8,0,0.0,NaN,NaN,1,0,1,0,0,0,1,0,0,0,0,0,0,0,0,0,0,0,1,7,1,0,0,0,0,1,0,2,0,2,0,0,0,0,39,1,0
/Users/kaiohs/Downloads/codes/lab02-experimentacao-software/data/repos/NationalSecurityAgency__ghidra/Ghidra/Test/IntegrationTest/src/test/java/ghidra/graph/program/DataReferenceGraphEventTest.java,ghidra.graph.program.DataReferenceGraphEventTest,class,10,10,0,10,5,3,0,28,0,0.1,0.0,0.0,5,0,5,0,0,0,5,0,0,0,2,0,0,2,0,0,0,0,2,53,0,0,0,0,0,14,21,10,0,8,0,0,0,0,45,1,0
/Users/kaiohs/Downloads/codes/lab02-experimentacao-software/data/repos/NationalSecurityAgency__ghidra/Ghidra/Test/IntegrationTest/src/test.slow/java/ghidra/framework/main/datatree/ProjectCopyPasteFromRepositoryTest.java,ghidra.framework.main.datatree.ProjectCopyPasteFromRepositoryTest$Anonymous1,anonymous,3,3,0,3,1,1,0,10,0,0.0,NaN,NaN,1,0,1,0,0,0,1,0,0,0,0,0,0,0,0,0,0,0,0,14,0,0,0,0,0,8,0,2,0,1,0,0,0,0,20,-1,0
/Users/kaiohs/Downloads/codes/lab02-experimentacao-software/data/repos/NationalSecurityAgency__ghidra/Ghidra/Test/DebuggerIntegrationTest/src/test/java/ghidra/app/plugin/core/debug/gui/tracermi/launcher/ScriptTraceRmiLaunchOfferTest.java,ghidra.app.plugin.core.debug.gui.tracermi.launcher.ScriptTraceRmiLaunchOfferTest$TestScriptAttributesParser,innerclass,1,1,0,1,3,2,0,2,3,0.6666667,0.0,0.0,3,0,0,0,3,0,3,0,0,0,1,0,0,0,0,1,0,0,0,13,2,0,0,0,0,0,0,1,0,1,0,0,0,0,14,8,0
/Users/kaiohs/Downloads/codes/lab02-experimentacao-software/data/repos/NationalSecurityAgency__ghidra/Ghidra/Test/IntegrationTest/src/screen/java/help/screenshot/LanguageProviderPluginScreenShots.java,help.screenshot.LanguageProviderPluginScreenShots,class,10,10,0,10,4,2,0,13,6,0.0,0.0,0.0,4,0,4,0,0,0,4,0,0,0,0,0,0,0,0,0,0,0,0,50,0,0,0,0,0,11,12,7,2,7,0,3,0,0,69,1,0
/Users/kaiohs/Downloads/codes/lab02-experimentacao-software/data/repos/NationalSecurityAgency__ghidra/Ghidra/Framework/Emulation/src/test/java/ghidra/pcode/exec/AbstractEmulationEquivalenceTest.java,ghidra.pcode.exec.AbstractEmulationEquivalenceTest$Anonymous1,anonymous,2,2,0,2,2,1,0,4,0,0.0,NaN,NaN,1,0,1,0,0,0,1,0,0,0,0,0,0,0,0,0,0,0,0,11,0,0,0,1,0,0,0,0,0,0,1,0,0,0,17,-1,0
/Users/kaiohs/Downloads/codes/lab02-experimentacao-software/data/repos/NationalSecurityAgency__ghidra/Ghidra/Framework/Emulation/src/main/java/ghidra/pcode/emu/jit/JitPcodeThread.java,ghidra.pcode.emu.jit.JitPcodeThread,class,18,29,11,18,24,2,0,20,103,0.9,0.0,0.0,15,0,13,0,2,0,15,0,0,0,2,0,0,0,2,0,2,0,0,72,9,1,4,1,0,0,0,5,0,4,2,0,0,1,346,1,0
/Users/kaiohs/Downloads/codes/lab02-experimentacao-software/data/repos/NationalSecurityAgency__ghidra/Ghidra/Framework/Emulation/src/test/java/ghidra/pcode/exec/AbstractEmulationEquivalenceTest.java,ghidra.pcode.exec.AbstractEmulationEquivalenceTest$Anonymous3,anonymous,4,4,0,4,3,1,0,5,0,0.0,NaN,NaN,1,0,1,0,0,0,1,0,0,0,0,0,0,0,0,0,0,0,0,11,2,0,0,0,1,1,0,0,0,0,1,0,0,0,7,-1,1
/Users/kaiohs/Downloads/codes/lab02-experimentacao-software/data/repos/NationalSecurityAgency__ghidra/Ghidra/Framework/Emulation/src/main/java/ghidra/pcode/opbehavior/OpBehaviorFloatMult.java,ghidra.pcode.opbehavior.OpBehaviorFloatMult,class,2,3,1,2,3,3,0,2,3,0.0,0.0,0.0,3,0,3,0,0,0,3,0,0,0,0,0,0,0,0,0,0,0,0,13,2,0,0,0,0,0,0,2,0,2,0,0,0,0,12,1,0
/Users/kaiohs/Downloads/codes/lab02-experimentacao-software/data/repos/NationalSecurityAgency__ghidra/Ghidra/Framework/Emulation/src/test/java/ghidra/pcode/exec/AbstractEmulationEquivalenceTest.java,ghidra.pcode.exec.AbstractEmulationEquivalenceTest$Anonymous2,anonymous,1,1,0,1,1,1,0,1,0,0.0,NaN,NaN,1,0,1,0,0,0,1,0,0,0,0,0,0,0,0,0,0,0,0,5,0,0,0,0,0,0,0,0,0,0,0,0,0,0,3,-1,0
/Users/kaiohs/Downloads/codes/lab02-experimentacao-software/data/repos/NationalSecurityAgency__ghidra/GhidraBuild/EclipsePlugins/GhidraDev/GhidraDevPlugin/src/main/java/ghidradev/ghidraprojectcreator/commands/LinkGhidraCommand.java,ghidradev.ghidraprojectcreator.commands.LinkGhidraCommand,class,6,6,0,6,1,2,0,5,0,0.0,NaN,NaN,1,0,1,0,0,0,1,0,0,0,0,0,0,0,0,0,0,0,0,9,1,0,0,0,0,0,0,3,0,3,0,0,0,0,23,1,0
/Users/kaiohs/Downloads/codes/lab02-experimentacao-software/data/repos/NationalSecurityAgency__ghidra/Ghidra/Framework/Pty/src/main/java/ghidra/pty/linux/LinuxIoctls.java,ghidra.pty.linux.LinuxIoctls,enum,1,2,1,1,3,1,0,0,3,0.0,0.0,0.0,3,0,3,0,0,0,3,0,0,0,0,0,0,0,0,0,0,0,0,10,3,0,0,0,0,0,2,0,0,0,0,0,0,0,23,1,0
/Users/kaiohs/Downloads/codes/lab02-experimentacao-software/data/repos/NationalSecurityAgency__ghidra/Ghidra/Framework/Emulation/src/test/java/ghidra/pcode/exec/AbstractEmulationEquivalenceTest.java,ghidra.pcode.exec.AbstractEmulationEquivalenceTest$Anonymous4,anonymous,2,2,0,2,1,1,0,0,0,0.0,NaN,NaN,1,0,0,0,1,0,1,0,0,0,0,0,0,0,0,0,0,0,0,10,1,0,0,0,0,0,0,0,0,0,0,1,0,0,5,-1,0
/Users/kaiohs/Downloads/codes/lab02-experimentacao-software/data/repos/NationalSecurityAgency__ghidra/Ghidra/Test/IntegrationTest/src/screen/java/help/screenshot/ScalarSearchPluginScreenShots.java,help.screenshot.ScalarSearchPluginScreenShots,class,6,6,0,6,2,2,0,12,1,0.0,0.0,0.0,2,0,2,0,0,0,2,0,0,0,0,0,0,0,0,0,0,0,0,19,0,0,0,0,0,3,2,6,0,6,0,0,0,0,35,1,0
/Users/kaiohs/Downloads/codes/lab02-experimentacao-software/data/repos/NationalSecurityAgency__ghidra/Ghidra/Framework/Emulation/src/main/java/ghidra/pcode/emu/jit/analysis/JitVarScopeModel.java,ghidra.pcode.emu.jit.analysis.JitVarScopeModel$ScopeInfo,innerclass,7,7,0,7,10,1,0,18,1,0.6666666,NaN,NaN,3,0,1,2,0,0,1,0,0,0,7,0,0,7,0,0,7,0,3,47,1,3,0,0,0,0,0,12,0,12,2,0,0,0,71,2,0
/Users/kaiohs/Downloads/codes/lab02-experimentacao-software/data/repos/NationalSecurityAgency__ghidra/Ghidra/Framework/Emulation/src/main/java/ghidra/pcode/emu/jit/gen/access/MpAccessGen.java,ghidra.pcode.emu.jit.gen.access.MpAccessGen,interface,16,16,0,16,4,1,0,0,6,0.0,0.0,0.0,4,0,0,0,0,4,4,0,0,0,0,0,0,0,0,0,0,0,0,6,0,0,0,0,0,0,0,0,0,0,0,0,0,0,105,1,0
/Users/kaiohs/Downloads/codes/lab02-experimentacao-software/data/repos/NationalSecurityAgency__ghidra/Ghidra/Test/IntegrationTest/src/test.slow/java/ghidra/framework/main/SharedProjectUtil.java,ghidra.framework.main.SharedProjectUtil,class,13,16,3,13,20,1,0,43,24,0.825,0.0,0.0,8,8,5,3,0,0,5,0,0,0,5,5,2,3,0,0,2,0,13,140,8,2,3,2,0,24,8,34,6,32,2,0,1,4,147,1,0
/Users/kaiohs/Downloads/codes/lab02-experimentacao-software/data/repos/NationalSecurityAgency__ghidra/Ghidra/Framework/Emulation/src/main/java/ghidra/pcode/opbehavior/OpBehaviorBoolXor.java,ghidra.pcode.opbehavior.OpBehaviorBoolXor,class,1,2,1,1,3,3,0,1,3,0.0,0.0,0.0,3,0,3,0,0,0,3,0,0,0,0,0,0,0,0,0,0,0,0,13,2,0,0,0,0,0,0,2,0,2,0,0,0,0,11,1,0
/Users/kaiohs/Downloads/codes/lab02-experimentacao-software/data/repos/NationalSecurityAgency__ghidra/Ghidra/Framework/Emulation/src/main/java/ghidra/pcode/emu/jit/gen/op/IntSExtOpGen.java,ghidra.pcode.emu.jit.gen.op.IntSExtOpGen,enum,2,2,0,2,1,1,0,0,0,0.0,NaN,NaN,1,0,1,0,0,0,1,0,0,0,0,0,0,0,0,0,0,0,0,5,1,0,0,0,0,0,0,0,0,0,0,0,0,0,30,1,0
/Users/kaiohs/Downloads/codes/lab02-experimentacao-software/data/repos/NationalSecurityAgency__ghidra/Ghidra/Framework/Emulation/src/main/java/ghidra/pcode/emu/jit/gen/var/LocalVarGen.java,ghidra.pcode.emu.jit.gen.var.LocalVarGen,interface,18,22,4,18,7,1,0,8,21,0.0,0.0,0.0,7,0,0,0,0,7,7,0,0,0,0,0,0,0,0,0,0,0,0,23,7,0,0,0,0,0,0,0,0,0,0,0,0,0,69,1,0
/Users/kaiohs/Downloads/codes/lab02-experimentacao-software/data/repos/NationalSecurityAgency__ghidra/Ghidra/Framework/Emulation/src/main/java/ghidra/pcode/emu/jit/gen/FieldReq.java,ghidra.pcode.emu.jit.gen.FieldReq,interface,0,2,2,0,1,1,0,0,0,0.0,NaN,NaN,1,0,0,0,0,1,1,0,0,0,0,0,0,0,0,0,0,0,0,3,0,0,0,0,0,0,0,0,0,0,0,0,0,0,19,1,0
/Users/kaiohs/Downloads/codes/lab02-experimentacao-software/data/repos/NationalSecurityAgency__ghidra/Ghidra/Framework/Emulation/src/main/java/ghidra/pcode/emu/jit/gen/util/Emitter.java,ghidra.pcode.emu.jit.gen.util.Emitter$A4Consumer,interface,4,4,0,4,1,1,0,0,0,0.0,NaN,NaN,1,0,0,0,0,1,1,0,0,0,0,0,0,0,0,0,0,0,0,3,0,0,0,0,0,0,0,0,0,0,0,0,0,0,17,1,0
/Users/kaiohs/Downloads/codes/lab02-experimentacao-software/data/repos/NationalSecurityAgency__ghidra/Ghidra/Framework/SoftwareModeling/src/test/java/ghidra/app/plugin/assembler/sleigh/AARCH64BEAssemblyTest.java,ghidra.app.plugin.assembler.sleigh.AARCH64BEAssemblyTest,class,3,3,0,3,21,3,0,2,210,0.0,0.0,0.0,21,0,20,0,1,0,21,0,0,0,0,0,0,0,0,0,0,0,0,65,1,0,0,0,0,41,1,0,0,0,0,0,0,0,73,1,0
/Users/kaiohs/Downloads/codes/lab02-experimentacao-software/data/repos/NationalSecurityAgency__ghidra/Ghidra/Framework/SoftwareModeling/src/main/java/ghidra/app/plugin/assembler/sleigh/sem/AssemblyDefaultContext.java,ghidra.app.plugin.assembler.sleigh.sem.AssemblyDefaultContext,class,10,15,5,10,27,1,0,16,123,0.80263156,0.0,0.0,19,0,18,0,1,0,19,0,0,0,4,0,0,0,4,0,2,0,6,86,11,0,2,0,1,0,3,12,0,7,1,0,0,0,86,1,0
/Users/kaiohs/Downloads/codes/lab02-experimentacao-software/data/repos/NationalSecurityAgency__ghidra/Ghidra/Test/IntegrationTest/src/screen/java/help/screenshot/SelectBlockPluginScreenShots.java,help.screenshot.SelectBlockPluginScreenShots$Anonymous2,anonymous,0,0,0,0,1,1,0,2,0,0.0,NaN,NaN,1,0,1,0,0,0,1,0,0,0,0,0,0,0,0,0,0,0,0,6,0,0,0,0,0,0,0,0,0,0,0,0,0,0,2,-1,0
/Users/kaiohs/Downloads/codes/lab02-experimentacao-software/data/repos/NationalSecurityAgency__ghidra/Ghidra/Test/IntegrationTest/src/screen/java/help/screenshot/SelectBlockPluginScreenShots.java,help.screenshot.SelectBlockPluginScreenShots$Anonymous1,anonymous,0,0,0,0,1,1,0,1,0,0.0,NaN,NaN,1,0,1,0,0,0,1,0,0,0,0,0,0,0,0,0,0,0,0,5,0,0,0,0,0,0,0,0,0,0,0,0,0,0,2,-1,0
/Users/kaiohs/Downloads/codes/lab02-experimentacao-software/data/repos/NationalSecurityAgency__ghidra/Ghidra/Test/IntegrationTest/src/test.slow/java/ghidra/pcode/emu/jit/analysis/JitControlFlowModelTest.java,ghidra.pcode.emu.jit.analysis.JitControlFlowModelTest$ExpectationsAsserter,innerclass,15,15,0,15,30,1,0,52,15,0.72727275,0.0,0.0,11,0,11,0,0,0,11,0,0,0,8,0,0,8,0,0,8,0,13,126,0,7,2,0,4,8,4,22,3,29,2,0,0,7,49,9,0
/Users/kaiohs/Downloads/codes/lab02-experimentacao-software/data/repos/NationalSecurityAgency__ghidra/Ghidra/Framework/Emulation/src/main/java/ghidra/pcode/exec/PairedPcodeArithmetic.java,ghidra.pcode.exec.PairedPcodeArithmetic,class,10,15,5,10,28,1,0,33,0,0.4333333,0.0,0.0,20,0,20,0,0,0,20,0,0,0,3,0,0,3,0,0,3,0,2,85,23,0,6,0,0,3,0,6,0,6,1,0,0,0,112,1,0
/Users/kaiohs/Downloads/codes/lab02-experimentacao-software/data/repos/NationalSecurityAgency__ghidra/GhidraBuild/EclipsePlugins/GhidraDev/GhidraDevPlugin/src/main/java/ghidradev/ghidraprojectcreator/launchers/PyGhidraLaunchTabGroup.java,ghidradev.ghidraprojectcreator.launchers.PyGhidraLaunchTabGroup,class,10,11,1,10,5,2,0,8,10,0.0,NaN,NaN,5,0,1,4,0,0,1,0,0,0,0,0,0,0,0,0,0,0,0,124,4,0,0,0,0,0,0,1,0,1,0,4,0,0,70,1,0
/Users/kaiohs/Downloads/codes/lab02-experimentacao-software/data/repos/NationalSecurityAgency__ghidra/Ghidra/Framework/SoftwareModeling/src/test/java/ghidra/program/model/data/LEB128DataTypeTest.java,ghidra.program.model.data.LEB128DataTypeTest,class,10,11,1,10,6,2,0,12,0,0.5,0.0,0.0,5,0,4,1,0,0,4,0,0,0,2,2,0,0,0,2,0,0,16,51,0,0,0,0,0,28,74,18,0,18,0,0,0,0,56,1,0
/Users/kaiohs/Downloads/codes/lab02-experimentacao-software/data/repos/NationalSecurityAgency__ghidra/Ghidra/Test/IntegrationTest/src/test.slow/java/ghidra/framework/main/ProjectInfoDialogTest.java,ghidra.framework.main.ProjectInfoDialogTest,class,23,24,1,23,23,2,0,77,22,0.6764706,0.0,0.0,17,0,10,7,0,0,10,0,0,0,4,0,0,4,0,0,0,0,6,280,2,1,2,6,0,66,2,62,11,49,3,0,0,3,139,1,0
/Users/kaiohs/Downloads/codes/lab02-experimentacao-software/data/repos/NationalSecurityAgency__ghidra/Ghidra/Framework/Emulation/src/main/java/ghidra/pcode/emu/SleighInstructionDecoder.java,ghidra.pcode.emu.SleighInstructionDecoder,class,16,18,2,16,19,1,0,15,2,0.72839504,0.0,0.0,9,0,6,0,3,0,9,0,0,0,9,1,0,2,7,0,5,0,0,78,7,1,6,1,0,3,2,22,0,17,3,0,0,1,101,1,1
/Users/kaiohs/Downloads/codes/lab02-experimentacao-software/data/repos/NationalSecurityAgency__ghidra/Ghidra/Framework/Emulation/src/main/java/ghidra/pcode/emu/jit/gen/op/FloatMultOpGen.java,ghidra.pcode.emu.jit.gen.op.FloatMultOpGen,enum,10,10,0,10,2,1,0,2,1,0.0,0.0,0.0,2,0,2,0,0,0,2,0,0,0,0,0,0,0,0,0,0,0,2,8,2,0,0,0,0,0,0,0,0,0,0,0,0,0,33,1,0
/Users/kaiohs/Downloads/codes/lab02-experimentacao-software/data/repos/NationalSecurityAgency__ghidra/GhidraBuild/BuildFiles/Doclets/src/main/java/ghidra/doclets/json/JsonDoclet.java,ghidra.doclets.json.JsonDoclet$Anonymous1,anonymous,1,1,0,1,6,1,0,2,15,0.0,0.0,0.0,6,0,6,0,0,0,6,0,0,0,0,0,0,0,0,0,0,0,1,21,6,0,0,0,0,3,2,1,0,0,0,0,0,0,14,-1,0
/Users/kaiohs/Downloads/codes/lab02-experimentacao-software/data/repos/NationalSecurityAgency__ghidra/Ghidra/Framework/Emulation/src/main/java/ghidra/pcode/exec/AddressesReadPcodeArithmetic.java,ghidra.pcode.exec.AddressesReadPcodeArithmetic,enum,8,8,0,8,16,1,0,1,66,0.0,0.0,0.0,12,0,12,0,0,0,12,0,0,0,0,0,0,0,0,0,0,0,0,38,10,0,4,0,0,1,0,0,0,0,0,0,0,0,67,1,0
/Users/kaiohs/Downloads/codes/lab02-experimentacao-software/data/repos/NationalSecurityAgency__ghidra/Ghidra/Framework/Emulation/src/main/java/ghidra/pcode/emu/jit/gen/op/FloatCompareBinOpGen.java,ghidra.pcode.emu.jit.gen.op.FloatCompareBinOpGen,interface,20,24,4,20,5,1,0,0,10,0.0,0.0,0.0,5,0,0,0,0,5,5,0,0,0,0,0,0,0,0,0,0,0,0,10,1,0,0,0,0,0,0,0,0,0,0,0,0,0,146,1,0
/Users/kaiohs/Downloads/codes/lab02-experimentacao-software/data/repos/NationalSecurityAgency__ghidra/Ghidra/Framework/Emulation/src/main/java/ghidra/pcode/emu/jit/gen/util/Methods.java,ghidra.pcode.emu.jit.gen.util.Methods,interface,41,41,0,41,35,1,0,15,559,0.9705882,0.0,0.0,34,34,34,0,0,0,35,0,0,0,2,0,1,0,0,1,0,0,0,117,34,0,0,0,0,18,0,0,0,2,0,0,0,0,282,1,0
/Users/kaiohs/Downloads/codes/lab02-experimentacao-software/data/repos/NationalSecurityAgency__ghidra/Ghidra/Framework/SoftwareModeling/src/main/java/ghidra/app/plugin/assembler/sleigh/sem/AssemblyResolutionResults.java,ghidra.app.plugin.assembler.sleigh.sem.AssemblyResolutionResults$Applicator,interface,4,4,0,4,11,1,0,11,28,0.0,0.0,0.0,8,0,0,0,0,8,8,0,0,0,0,0,0,0,0,0,0,0,0,34,8,0,1,0,0,0,0,3,0,3,1,0,0,0,24,1,0
/Users/kaiohs/Downloads/codes/lab02-experimentacao-software/data/repos/NationalSecurityAgency__ghidra/Ghidra/Test/IntegrationTest/src/screen/java/help/screenshot/SearchScreenShots.java,help.screenshot.SearchScreenShots,class,10,10,0,10,9,3,0,26,34,0.7777778,0.0,0.0,9,0,9,0,0,0,9,0,0,0,1,0,0,1,0,0,0,0,0,117,0,0,0,0,0,34,34,39,0,38,0,0,0,0,82,1,0
/Users/kaiohs/Downloads/codes/lab02-experimentacao-software/data/repos/NationalSecurityAgency__ghidra/Ghidra/Framework/SoftwareModeling/src/test/java/ghidra/program/model/lang/InstructionSetTest.java,ghidra.program.model.lang.InstructionSetTest,class,14,15,1,14,10,2,0,23,8,0.375,0.0,0.0,8,0,6,2,0,0,6,0,0,0,1,0,0,1,0,0,0,0,0,125,3,1,0,1,0,3,52,31,0,20,2,0,0,0,70,1,0
/Users/kaiohs/Downloads/codes/lab02-experimentacao-software/data/repos/NationalSecurityAgency__ghidra/Ghidra/Framework/SoftwareModeling/src/test/java/ghidra/program/model/data/ArrayStringableTest.java,ghidra.program.model.data.ArrayStringableTest,class,13,14,1,13,7,3,0,8,13,0.71428573,0.0,0.0,7,0,4,3,0,0,4,0,0,0,4,0,0,4,0,0,0,0,0,45,3,0,0,0,0,5,57,11,0,11,0,0,1,0,45,1,0
/Users/kaiohs/Downloads/codes/lab02-experimentacao-software/data/repos/NationalSecurityAgency__ghidra/Ghidra/Framework/SoftwareModeling/src/test/java/ghidra/app/plugin/assembler/sleigh/PowerPC64AssemblyTest.java,ghidra.app.plugin.assembler.sleigh.PowerPC64AssemblyTest,class,3,3,0,3,2,3,0,1,1,0.0,0.0,0.0,2,0,1,0,1,0,2,0,0,0,0,0,0,0,0,0,0,0,0,8,1,0,0,0,0,3,0,0,0,0,0,0,0,0,21,1,0
/Users/kaiohs/Downloads/codes/lab02-experimentacao-software/data/repos/NationalSecurityAgency__ghidra/Ghidra/Framework/SoftwareModeling/src/test/java/ghidra/program/model/data/DataUtilitiesTest.java,ghidra.program.model.data.DataUtilitiesTest$MyMemory,innerclass,4,4,0,4,1,2,0,0,0,0.0,NaN,NaN,1,0,1,0,0,0,1,0,0,0,0,0,0,0,0,0,0,0,0,5,1,0,0,0,0,0,0,0,0,0,0,0,0,0,7,2,0
/Users/kaiohs/Downloads/codes/lab02-experimentacao-software/data/repos/NationalSecurityAgency__ghidra/Ghidra/Framework/Emulation/src/main/java/ghidra/pcode/opbehavior/SpecialOpBehavior.java,ghidra.pcode.opbehavior.SpecialOpBehavior,class,1,2,1,1,1,2,0,0,0,0.0,NaN,NaN,1,0,0,0,0,1,1,0,0,0,0,0,0,0,0,0,0,0,0,5,0,0,0,0,0,0,0,0,0,0,0,0,0,0,4,1,0
/Users/kaiohs/Downloads/codes/lab02-experimentacao-software/data/repos/NationalSecurityAgency__ghidra/GhidraBuild/EclipsePlugins/GhidraDev/GhidraDevPlugin/src/main/java/ghidradev/ghidraprojectcreator/wizards/pages/ConfigureGhidraModuleProjectWizardPage.java,ghidradev.ghidraprojectcreator.wizards.pages.ConfigureGhidraModuleProjectWizardPage$Anonymous1,anonymous,2,2,0,2,2,1,0,1,1,0.0,0.0,0.0,2,0,2,0,0,0,2,0,0,0,0,0,0,0,0,0,0,0,0,8,0,0,0,0,0,0,0,0,0,0,0,0,0,0,7,-1,0
/Users/kaiohs/Downloads/codes/lab02-experimentacao-software/data/repos/NationalSecurityAgency__ghidra/Ghidra/Framework/Emulation/src/test/java/ghidra/pcode/opbehavior/OpBehaviorFloatCeilTest.java,ghidra.pcode.opbehavior.OpBehaviorFloatCeilTest,class,4,4,0,4,3,3,0,12,3,0.0,0.0,0.0,3,0,3,0,0,0,3,0,0,0,0,0,0,0,0,0,0,0,0,43,0,0,0,0,0,0,33,24,0,8,0,0,0,0,19,1,0
/Users/kaiohs/Downloads/codes/lab02-experimentacao-software/data/repos/NationalSecurityAgency__ghidra/Ghidra/Framework/Emulation/src/main/java/ghidra/pcode/emu/jit/gen/op/FloatNaNOpGen.java,ghidra.pcode.emu.jit.gen.op.FloatNaNOpGen,enum,12,12,0,12,2,1,0,0,1,0.0,0.0,0.0,2,0,2,0,0,0,2,0,0,0,0,0,0,0,0,0,0,0,0,7,1,0,0,0,0,0,0,0,0,0,0,0,0,0,37,1,0
/Users/kaiohs/Downloads/codes/lab02-experimentacao-software/data/repos/NationalSecurityAgency__ghidra/Ghidra/Framework/Emulation/src/main/java/ghidra/pcode/opbehavior/OpBehavior.java,ghidra.pcode.opbehavior.OpBehavior,class,0,6,6,0,2,1,3,0,0,0.0,0.0,0.0,2,0,1,0,0,1,2,0,0,0,1,0,0,0,0,1,1,0,0,9,1,0,0,0,0,0,0,1,0,1,0,0,0,0,5,1,0
/Users/kaiohs/Downloads/codes/lab02-experimentacao-software/data/repos/NationalSecurityAgency__ghidra/Ghidra/Test/DebuggerIntegrationTest/src/test.slow/java/agent/TraceRmiPythonClientTest.java,agent.TraceRmiPythonClientTest$Anonymous1,anonymous,1,1,0,1,1,1,0,1,0,0.0,NaN,NaN,1,0,0,0,1,0,1,0,0,0,0,0,0,0,0,0,0,0,0,5,1,0,0,0,0,0,0,0,0,0,0,0,0,0,4,-1,0
/Users/kaiohs/Downloads/codes/lab02-experimentacao-software/data/repos/NationalSecurityAgency__ghidra/Ghidra/Framework/Emulation/src/main/java/generic/ULongSpan.java,generic.DefaultULongSpanSet,class,2,4,2,2,3,2,0,2,1,0.0,0.0,0.0,2,0,1,0,0,1,3,0,0,0,0,0,0,0,0,0,0,0,0,10,1,0,0,0,0,0,1,0,2,0,0,0,0,0,23,0,0
/Users/kaiohs/Downloads/codes/lab02-experimentacao-software/data/repos/NationalSecurityAgency__ghidra/Ghidra/Framework/Pty/src/main/java/ghidra/pty/windows/Handle.java,ghidra.pty.windows.Handle,class,3,14,11,3,5,1,1,4,2,0.5833333,0.0,0.0,4,0,3,0,1,0,4,0,0,0,3,1,0,3,0,0,3,0,1,33,2,0,1,0,0,1,0,4,0,4,1,0,1,0,26,1,0
/Users/kaiohs/Downloads/codes/lab02-experimentacao-software/data/repos/NationalSecurityAgency__ghidra/Ghidra/Framework/Emulation/src/main/java/ghidra/pcode/emu/jit/gen/StaticFieldReq.java,ghidra.pcode.emu.jit.gen.StaticFieldReq,interface,7,8,1,7,2,1,0,0,1,0.0,0.0,0.0,2,0,0,0,0,2,2,0,0,0,0,0,0,0,0,0,0,0,0,4,0,0,0,0,0,0,0,0,0,0,0,0,0,0,53,1,0
/Users/kaiohs/Downloads/codes/lab02-experimentacao-software/data/repos/NationalSecurityAgency__ghidra/Ghidra/Framework/Pty/src/main/java/ghidra/pty/windows/jna/ConsoleApiNative.java,ghidra.pty.windows.jna.ConsoleApiNative$SECURITY_ATTRIBUTES,innerclass,6,6,0,6,1,4,0,1,0,0.75,NaN,NaN,1,0,0,0,1,0,1,0,0,0,4,1,4,0,0,0,1,0,0,11,1,0,0,0,0,3,0,1,0,4,0,0,1,0,32,9,0
/Users/kaiohs/Downloads/codes/lab02-experimentacao-software/data/repos/NationalSecurityAgency__ghidra/Ghidra/Test/IntegrationTest/src/screen/java/help/screenshot/DataGraphPluginScreenShots.java,help.screenshot.DataGraphPluginScreenShots,class,19,20,1,19,10,3,0,35,36,0.8888889,0.0,0.0,9,0,3,5,1,0,4,0,0,0,2,0,0,2,0,0,0,0,0,83,1,0,1,0,0,10,15,14,3,14,2,0,0,6,81,1,0
/Users/kaiohs/Downloads/codes/lab02-experimentacao-software/data/repos/NationalSecurityAgency__ghidra/Ghidra/Test/IntegrationTest/src/screen/java/help/screenshot/TablesScreenShots.java,help.screenshot.TablesScreenShots$Anonymous2,anonymous,2,2,0,2,1,1,0,3,0,0.0,NaN,NaN,1,0,1,0,0,0,1,0,0,0,0,0,0,0,0,0,0,0,0,7,0,0,0,0,0,0,0,2,0,2,0,0,0,0,10,-1,0
/Users/kaiohs/Downloads/codes/lab02-experimentacao-software/data/repos/NationalSecurityAgency__ghidra/GhidraDocs/GhidraClass/Debugger/ghidra_scripts/InstallCustomLibraryScript.java,InstallCustomLibraryScript$CustomBytesDebuggerPcodeEmulatorFactory,innerclass,5,5,0,5,1,2,0,2,0,0.0,NaN,NaN,1,0,1,0,0,0,1,0,0,0,0,0,0,0,0,0,0,0,0,5,1,0,0,0,0,0,0,0,0,0,0,0,0,0,11,9,0
/Users/kaiohs/Downloads/codes/lab02-experimentacao-software/data/repos/NationalSecurityAgency__ghidra/Ghidra/Test/IntegrationTest/src/screen/java/help/screenshot/TablesScreenShots.java,help.screenshot.TablesScreenShots$Anonymous1,anonymous,0,0,0,0,1,1,0,1,0,0.0,NaN,NaN,1,0,1,0,0,0,1,0,0,0,0,0,0,0,0,0,0,0,0,5,0,0,0,0,0,0,0,0,0,0,0,0,0,0,3,-1,0
/Users/kaiohs/Downloads/codes/lab02-experimentacao-software/data/repos/NationalSecurityAgency__ghidra/GPL/DMG/src/dmg/java/mobiledevices/dmg/ghidra/GRandomAccessFile.java,mobiledevices.dmg.ghidra.GRandomAccessFile,class,2,4,2,2,30,1,0,12,33,0.7428571,0.0,0.0,14,0,10,3,1,0,11,0,0,0,10,2,0,10,0,0,2,0,1,131,5,1,1,0,4,2,19,43,12,19,3,0,0,0,230,1,0
/Users/kaiohs/Downloads/codes/lab02-experimentacao-software/data/repos/NationalSecurityAgency__ghidra/Ghidra/Framework/Emulation/src/main/java/ghidra/pcode/emulate/EmulateExecutionState.java,ghidra.pcode.emulate.EmulateExecutionState,enum,0,1,1,0,0,1,0,0,0,0.0,-1.0,-1.0,0,0,0,0,0,0,0,0,0,0,0,0,0,0,0,0,0,0,0,6,0,0,0,0,0,1,0,0,0,0,0,0,0,0,26,1,0
/Users/kaiohs/Downloads/codes/lab02-experimentacao-software/data/repos/NationalSecurityAgency__ghidra/Ghidra/Test/IntegrationTest/src/test.slow/java/ghidra/program/disassemble/DisassemblerLargeSetTest.java,ghidra.program.disassemble.DisassemblerLargeSetTest,class,12,13,1,12,43,2,0,24,0,0.65432096,0.0,0.0,18,0,16,2,0,0,16,0,0,0,9,4,0,9,0,0,3,0,2,233,1,23,2,0,5,6,79,88,71,81,1,0,0,0,77,1,0
/Users/kaiohs/Downloads/codes/lab02-experimentacao-software/data/repos/NationalSecurityAgency__ghidra/Ghidra/Framework/SoftwareModeling/src/test/java/ghidra/app/plugin/assembler/sleigh/AssemblyTestCase.java,ghidra.app.plugin.assembler.sleigh.AssemblyTestCase$Anonymous1,anonymous,5,5,0,5,6,1,0,7,1,0.0,0.0,0.0,2,0,2,0,0,0,2,0,0,0,0,0,0,0,0,0,0,0,1,21,2,0,0,0,0,0,0,0,0,0,1,0,0,0,24,-1,0
/Users/kaiohs/Downloads/codes/lab02-experimentacao-software/data/repos/NationalSecurityAgency__ghidra/Ghidra/Framework/Emulation/src/main/java/ghidra/pcode/emu/jit/var/JitVar.java,ghidra.pcode.emu.jit.var.JitVar,interface,2,10,8,2,2,1,0,0,1,0.0,0.0,0.0,2,0,0,0,0,2,2,0,0,0,0,0,0,0,0,0,0,0,0,4,0,0,0,0,0,0,0,0,0,0,0,0,0,0,18,1,0
/Users/kaiohs/Downloads/codes/lab02-experimentacao-software/data/repos/NationalSecurityAgency__ghidra/GhidraBuild/BuildFiles/Doclets/src/main/java/ghidra/doclets/typestubs/PythonTypeStubElement.java,ghidra.doclets.typestubs.PythonTypeStubElement,class,3,12,9,3,46,1,0,48,145,0.84722227,0.0,0.0,27,18,0,2,0,25,25,0,6,0,8,4,0,3,0,5,7,0,22,175,26,3,6,0,1,48,1,28,6,23,3,0,0,4,136,1024,0
/Users/kaiohs/Downloads/codes/lab02-experimentacao-software/data/repos/NationalSecurityAgency__ghidra/Ghidra/Framework/Emulation/src/main/java/ghidra/pcode/emu/jit/var/JitVal.java,ghidra.pcode.emu.jit.var.JitVal,interface,4,29,25,4,6,1,0,0,15,0.0,0.0,0.0,6,1,0,0,0,6,6,0,0,0,0,0,0,0,0,0,0,0,0,11,1,0,0,0,0,0,0,0,0,0,0,0,0,0,86,1,0
/Users/kaiohs/Downloads/codes/lab02-experimentacao-software/data/repos/NationalSecurityAgency__ghidra/Ghidra/Test/IntegrationTest/src/test.slow/java/ghidra/app/util/bin/format/dwarf4/next/DWARFRegisterMappingsTest.java,ghidra.app.util.bin.format.dwarf4.next.DWARFRegisterMappingsTest$Anonymous1,anonymous,0,0,0,0,1,1,0,2,0,0.0,NaN,NaN,1,0,0,0,1,0,1,0,0,0,0,0,0,0,0,0,0,0,1,6,1,0,0,0,0,1,0,1,0,1,0,0,0,0,9,-1,0
/Users/kaiohs/Downloads/codes/lab02-experimentacao-software/data/repos/NationalSecurityAgency__ghidra/Ghidra/Test/DebuggerIntegrationTest/src/test/java/ghidra/app/plugin/core/debug/gui/control/DebuggerControlPluginTest.java,ghidra.app.plugin.core.debug.gui.control.DebuggerControlPluginTest,class,33,34,1,33,25,3,0,110,0,0.67999995,0.0,0.0,25,0,19,0,4,2,25,0,0,0,5,0,0,0,0,5,0,0,14,350,3,0,0,10,0,35,53,69,2,67,1,0,0,22,208,1,1
/Users/kaiohs/Downloads/codes/lab02-experimentacao-software/data/repos/NationalSecurityAgency__ghidra/Ghidra/Framework/SoftwareModeling/src/test/java/ghidra/program/model/pcode/EncodeDecodeTest.java,ghidra.program.model.pcode.EncodeDecodeTest,class,13,14,1,13,41,2,0,35,58,0.4,0.0,0.0,20,0,12,8,0,0,12,0,0,0,1,0,0,1,0,0,0,0,0,432,0,4,15,4,2,28,105,125,11,87,2,0,0,0,127,1,0
/Users/kaiohs/Downloads/codes/lab02-experimentacao-software/data/repos/NationalSecurityAgency__ghidra/Ghidra/Test/IntegrationTest/src/test.slow/java/ghidra/program/disassemble/DisassemblerTest.java,ghidra.program.disassemble.DisassemblerTest$ContextRangeValue,innerclass,0,0,0,0,1,1,0,0,0,0.0,NaN,NaN,1,0,0,0,0,1,1,0,0,0,3,0,0,0,0,3,0,0,0,10,0,0,0,0,0,0,0,3,0,3,0,0,0,0,7,10,0
/Users/kaiohs/Downloads/codes/lab02-experimentacao-software/data/repos/NationalSecurityAgency__ghidra/Ghidra/Test/IntegrationTest/src/screen/java/help/screenshot/CallTreePluginScreenShots.java,help.screenshot.CallTreePluginScreenShots,class,3,3,0,3,2,2,0,4,1,0.0,0.0,0.0,2,0,2,0,0,0,2,0,0,0,0,0,0,0,0,0,0,0,0,18,0,0,0,0,0,2,3,0,0,0,0,1,0,0,23,1,0
/Users/kaiohs/Downloads/codes/lab02-experimentacao-software/data/repos/NationalSecurityAgency__ghidra/Ghidra/Test/DebuggerIntegrationTest/src/test.slow/java/agent/lldb/rmi/AbstractLldbTraceRmiTest.java,agent.lldb.rmi.AbstractLldbTraceRmiTest$Anonymous1,anonymous,1,1,0,1,1,1,0,1,0,0.0,NaN,NaN,1,0,0,0,1,0,1,0,0,0,0,0,0,0,0,0,0,0,0,5,1,0,0,0,0,0,0,0,0,0,0,0,0,0,4,-1,0
/Users/kaiohs/Downloads/codes/lab02-experimentacao-software/data/repos/NationalSecurityAgency__ghidra/Ghidra/Framework/Emulation/src/main/java/ghidra/pcode/emu/jit/gen/op/NopOpGen.java,ghidra.pcode.emu.jit.gen.op.NopOpGen,enum,13,13,0,13,1,1,0,0,0,0.0,NaN,NaN,1,0,1,0,0,0,1,0,0,0,0,0,0,0,0,0,0,0,0,5,1,0,0,0,0,0,0,0,0,0,0,0,0,0,23,1,0
/Users/kaiohs/Downloads/codes/lab02-experimentacao-software/data/repos/NationalSecurityAgency__ghidra/Ghidra/Framework/Emulation/src/main/java/ghidra/pcode/emu/jit/gen/util/Methods.java,ghidra.pcode.emu.jit.gen.util.CkBot,interface,1,2,1,1,0,1,0,0,0,0.0,-1.0,-1.0,0,0,0,0,0,0,0,0,0,0,0,0,0,0,0,0,0,0,0,2,0,0,0,0,0,0,0,0,0,0,0,0,0,0,7,0,0
/Users/kaiohs/Downloads/codes/lab02-experimentacao-software/data/repos/NationalSecurityAgency__ghidra/Ghidra/Framework/SoftwareModeling/src/test/java/ghidra/app/plugin/assembler/sleigh/SparcAssemblyTest.java,ghidra.app.plugin.assembler.sleigh.SparcAssemblyTest,class,3,3,0,3,4,3,0,1,6,0.0,0.0,0.0,4,0,3,0,1,0,4,0,0,0,0,0,0,0,0,0,0,0,0,14,1,0,0,0,0,7,0,0,0,0,0,0,0,0,23,1,0
/Users/kaiohs/Downloads/codes/lab02-experimentacao-software/data/repos/NationalSecurityAgency__ghidra/Ghidra/Framework/SoftwareModeling/src/main/java/ghidra/app/plugin/assembler/sleigh/sem/AssemblyNopStateGenerator.java,ghidra.app.plugin.assembler.sleigh.sem.AssemblyNopStateGenerator,class,8,9,1,8,2,2,0,1,0,0.0,0.0,0.0,2,0,2,0,0,0,2,0,0,0,1,0,0,0,1,0,1,0,1,10,1,0,0,0,0,0,0,1,0,1,0,0,0,0,48,1,0
/Users/kaiohs/Downloads/codes/lab02-experimentacao-software/data/repos/NationalSecurityAgency__ghidra/GhidraBuild/Skeleton/src/main/java/skeleton/SkeletonPlugin.java,skeleton.SkeletonPlugin$MyProvider$Anonymous1,anonymous,1,1,0,1,1,1,0,2,0,0.0,NaN,NaN,1,0,1,0,0,0,1,0,0,0,0,0,0,0,0,0,0,0,0,5,0,0,0,0,0,2,0,0,0,0,0,0,0,0,7,-1,0
/Users/kaiohs/Downloads/codes/lab02-experimentacao-software/data/repos/NationalSecurityAgency__ghidra/Ghidra/Test/IntegrationTest/src/test.slow/java/ghidra/framework/main/ByteViewerToolConnectionTest.java,ghidra.framework.main.ByteViewerToolConnectionTest,class,21,22,1,21,22,2,0,67,65,0.7619048,0.0,0.0,14,0,5,9,0,0,5,0,0,0,3,0,0,3,0,0,0,0,5,199,5,2,1,1,0,40,29,65,3,47,3,0,0,6,125,1,0
/Users/kaiohs/Downloads/codes/lab02-experimentacao-software/data/repos/NationalSecurityAgency__ghidra/Ghidra/Test/DebuggerIntegrationTest/src/test.slow/java/agent/gdb/rmi/AbstractGdbTraceRmiTest.java,agent.gdb.rmi.AbstractGdbTraceRmiTest,class,9,13,4,9,27,2,3,31,64,0.9134617,0.0,0.0,13,4,3,0,7,3,13,0,0,0,16,12,5,3,6,2,11,0,7,86,8,2,2,0,1,40,5,24,4,25,1,1,0,1,141,1025,0
/Users/kaiohs/Downloads/codes/lab02-experimentacao-software/data/repos/NationalSecurityAgency__ghidra/Ghidra/Framework/SoftwareModeling/src/main/java/ghidra/app/plugin/assembler/sleigh/tree/AssemblyParseTreeNode.java,ghidra.app.plugin.assembler.sleigh.tree.AssemblyParseTreeNode,class,4,15,11,4,8,1,3,1,24,0.75,0.0,0.0,8,0,6,0,2,0,8,3,0,0,2,0,0,0,2,0,1,0,0,22,2,0,0,0,0,1,0,3,0,2,0,0,0,0,59,1025,0
/Users/kaiohs/Downloads/codes/lab02-experimentacao-software/data/repos/NationalSecurityAgency__ghidra/Ghidra/Test/DebuggerIntegrationTest/src/test/java/ghidra/app/plugin/core/debug/gui/listing/DebuggerListingProviderTest.java,ghidra.app.plugin.core.debug.gui.listing.DebuggerListingProviderTest$Anonymous1,anonymous,1,1,0,1,2,1,0,1,0,0.0,NaN,NaN,1,0,1,0,0,0,1,0,0,0,0,0,0,0,0,0,0,0,0,8,0,1,0,0,0,1,0,0,1,0,1,0,0,0,9,-1,0
/Users/kaiohs/Downloads/codes/lab02-experimentacao-software/data/repos/NationalSecurityAgency__ghidra/Ghidra/Framework/SoftwareModeling/src/test/java/ghidra/app/plugin/processors/sleigh/SleighLanguageVolatilityTest.java,ghidra.app.plugin.processors.sleigh.SleighLanguageVolatilityTest,class,8,9,1,8,22,2,0,26,6,0.7555555,0.0,0.0,9,0,8,1,0,0,8,0,0,0,5,0,0,0,5,0,0,0,0,136,4,2,4,2,1,67,6,38,10,25,3,0,0,0,135,1,0
/Users/kaiohs/Downloads/codes/lab02-experimentacao-software/data/repos/NationalSecurityAgency__ghidra/Ghidra/Framework/Emulation/src/main/java/ghidra/pcode/emu/jit/gen/op/CBranchOpGen.java,ghidra.pcode.emu.jit.gen.op.CBranchOpGen$CBranchGen,innerclass,13,13,0,13,1,2,0,0,0,0.0,NaN,NaN,1,0,0,0,0,1,1,0,0,0,0,0,0,0,0,0,0,0,0,4,0,0,0,0,0,0,0,0,0,0,0,0,0,0,22,1032,0
/Users/kaiohs/Downloads/codes/lab02-experimentacao-software/data/repos/NationalSecurityAgency__ghidra/GhidraBuild/BuildFiles/Doclets/src/main/java/ghidra/doclets/typestubs/PythonTypeStubPackage.java,ghidra.doclets.typestubs.PythonTypeStubPackage,class,4,9,5,4,33,2,0,46,62,0.8611111,0.0,0.0,12,1,0,6,0,6,6,0,0,0,3,0,0,3,0,0,0,0,4,143,8,6,5,2,0,20,2,20,4,18,3,0,0,0,101,16,0
/Users/kaiohs/Downloads/codes/lab02-experimentacao-software/data/repos/NationalSecurityAgency__ghidra/GPL/DMG/src/dmg/java/mobiledevices/dmg/btree/BTreeNodeDescriptor.java,mobiledevices.dmg.btree.BTreeNodeDescriptor,class,4,8,4,4,14,1,1,11,39,0.8181819,0.0,0.0,11,0,8,0,2,1,11,0,0,0,8,0,0,8,0,0,0,0,0,62,8,2,1,0,1,0,5,15,4,14,2,0,0,0,71,1,0
/Users/kaiohs/Downloads/codes/lab02-experimentacao-software/data/repos/NationalSecurityAgency__ghidra/Ghidra/Framework/Emulation/src/main/java/ghidra/pcode/emu/jit/gen/op/FloatSqrtOpGen.java,ghidra.pcode.emu.jit.gen.op.FloatSqrtOpGen,enum,8,8,0,8,2,1,0,4,1,0.0,0.0,0.0,2,0,2,0,0,0,2,0,0,0,0,0,0,0,0,0,0,0,0,8,2,0,0,0,0,1,0,0,0,0,0,0,0,0,36,1,0
/Users/kaiohs/Downloads/codes/lab02-experimentacao-software/data/repos/NationalSecurityAgency__ghidra/Ghidra/Framework/Pty/src/main/java/ghidra/pty/windows/jna/ConsoleApiNative.java,ghidra.pty.windows.jna.ConsoleApiNative$STARTUPINFOEX$ByReference,innerclass,2,2,0,2,0,3,0,0,0,0.0,-1.0,-1.0,0,0,0,0,0,0,0,0,0,0,0,0,0,0,0,0,0,0,0,2,0,0,0,0,0,0,0,0,0,0,0,0,0,0,14,9,0
/Users/kaiohs/Downloads/codes/lab02-experimentacao-software/data/repos/NationalSecurityAgency__ghidra/Ghidra/Framework/Emulation/src/main/java/ghidra/pcode/emu/jit/analysis/JitOpVisitor.java,ghidra.pcode.emu.jit.analysis.JitOpVisitor,interface,25,28,3,25,25,1,0,0,300,0.0,0.0,0.0,25,0,0,0,0,25,25,0,0,0,0,0,0,0,0,0,0,0,0,53,0,0,0,0,0,0,0,0,0,0,0,0,0,0,112,1,0
/Users/kaiohs/Downloads/codes/lab02-experimentacao-software/data/repos/NationalSecurityAgency__ghidra/Ghidra/Framework/Emulation/src/main/java/ghidra/pcode/emu/jit/gen/JitCodeGenerator.java,ghidra.pcode.emu.jit.gen.JitCodeGenerator,class,74,154,80,74,71,1,0,87,812,0.91666657,0.0,0.0,48,0,29,0,16,3,48,0,0,0,21,0,0,12,0,9,21,0,12,349,52,11,4,2,2,56,2,64,6,60,2,4,3,15,821,1,1
/Users/kaiohs/Downloads/codes/lab02-experimentacao-software/data/repos/NationalSecurityAgency__ghidra/Ghidra/Framework/SoftwareModeling/src/test/java/ghidra/program/model/data/StringDataTypeTest.java,ghidra.program.model.data.StringDataTypeTest$DataOrgDTM,innerclass,2,2,0,2,2,2,0,0,0,0.0,0.0,0.0,2,0,2,0,0,0,2,0,0,0,1,0,0,1,0,0,0,0,0,9,1,0,0,0,0,0,0,1,0,1,0,0,0,0,12,10,0
/Users/kaiohs/Downloads/codes/lab02-experimentacao-software/data/repos/NationalSecurityAgency__ghidra/Ghidra/Framework/Emulation/src/main/java/ghidra/pcode/emu/jit/op/JitUnOp.java,ghidra.pcode.emu.jit.op.JitUnOp,interface,4,12,8,4,6,1,0,6,15,0.0,0.0,0.0,6,0,0,0,0,6,6,0,0,0,0,0,0,0,0,0,0,0,1,18,2,0,0,0,0,0,2,0,0,0,0,0,0,0,31,1,0
/Users/kaiohs/Downloads/codes/lab02-experimentacao-software/data/repos/NationalSecurityAgency__ghidra/Ghidra/Framework/SoftwareModeling/src/main/java/ghidra/app/util/NamespaceUtils.java,ghidra.app.util.NamespaceUtils,class,17,18,1,17,84,1,0,49,300,0.0,0.0,0.0,25,24,18,7,0,0,18,0,0,0,0,0,0,0,0,0,0,0,23,247,38,15,25,1,3,3,3,51,3,36,4,0,0,0,279,1,0
/Users/kaiohs/Downloads/codes/lab02-experimentacao-software/data/repos/NationalSecurityAgency__ghidra/Ghidra/Framework/SoftwareModeling/src/main/java/ghidra/app/plugin/assembler/sleigh/parse/AssemblyParseAcceptResult.java,ghidra.app.plugin.assembler.sleigh.parse.AssemblyParseAcceptResult,class,3,6,3,3,4,2,0,2,0,0.25,0.0,0.0,4,0,3,0,1,0,4,0,0,0,1,0,0,1,0,0,1,0,0,17,3,0,0,0,0,0,0,2,0,2,0,0,0,0,26,1,0
/Users/kaiohs/Downloads/codes/lab02-experimentacao-software/data/repos/NationalSecurityAgency__ghidra/Ghidra/Framework/SoftwareModeling/src/main/java/ghidra/app/plugin/assembler/sleigh/sem/AbstractAssemblyResolution.java,ghidra.app.plugin.assembler.sleigh.sem.AbstractAssemblyResolution,class,3,8,5,3,23,1,3,20,94,0.8645833,0.0,0.0,16,0,12,0,4,0,16,3,0,0,6,0,0,2,4,0,4,0,2,81,14,1,4,0,0,4,3,11,3,10,1,0,0,0,99,1025,0
/Users/kaiohs/Downloads/codes/lab02-experimentacao-software/data/repos/NationalSecurityAgency__ghidra/GPL/DMG/src/dmg/java/mobiledevices/dmg/hfsplus/AttributesFileParser.java,mobiledevices.dmg.hfsplus.AttributesFileParser$Anonymous1,anonymous,0,0,0,0,0,1,0,0,0,0.0,-1.0,-1.0,0,0,0,0,0,0,0,0,0,0,0,0,0,0,0,0,0,0,0,2,0,0,0,0,0,0,0,0,0,0,0,0,0,0,0,-1,0
/Users/kaiohs/Downloads/codes/lab02-experimentacao-software/data/repos/NationalSecurityAgency__ghidra/Ghidra/Test/IntegrationTest/src/test.slow/java/ghidra/framework/plugintool/testplugins/CircularServiceB.java,ghidra.framework.plugintool.testplugins.CircularServiceB,interface,2,4,2,2,0,1,0,0,0,0.0,-1.0,-1.0,0,0,0,0,0,0,0,0,0,0,0,0,0,0,0,0,0,0,0,2,0,0,0,0,0,1,0,0,0,0,0,0,0,0,10,1,0
/Users/kaiohs/Downloads/codes/lab02-experimentacao-software/data/repos/NationalSecurityAgency__ghidra/Ghidra/Test/IntegrationTest/src/test.slow/java/ghidra/framework/plugintool/testplugins/CircularServiceA.java,ghidra.framework.plugintool.testplugins.CircularServiceA,interface,2,4,2,2,0,1,0,0,0,0.0,-1.0,-1.0,0,0,0,0,0,0,0,0,0,0,0,0,0,0,0,0,0,0,0,2,0,0,0,0,0,1,0,0,0,0,0,0,0,0,10,1,0
/Users/kaiohs/Downloads/codes/lab02-experimentacao-software/data/repos/NationalSecurityAgency__ghidra/Ghidra/Test/DebuggerIntegrationTest/src/test/java/ghidra/debug/flatapi/FlatDebuggerRmiAPITest.java,ghidra.debug.flatapi.FlatDebuggerRmiAPITest,class,23,24,1,23,20,6,0,81,171,0.94736844,0.0,0.0,19,0,11,0,8,0,19,0,0,0,1,0,0,0,1,0,0,0,24,162,6,0,0,4,0,40,30,34,0,47,2,0,1,16,118,1,0
/Users/kaiohs/Downloads/codes/lab02-experimentacao-software/data/repos/NationalSecurityAgency__ghidra/Ghidra/Framework/Emulation/src/main/java/ghidra/pcode/emu/jit/gen/access/MethodAccessGen.java,ghidra.pcode.emu.jit.gen.access.MethodAccessGen,interface,0,2,2,0,2,1,0,0,1,0.0,0.0,0.0,2,0,0,0,0,2,2,0,0,0,0,0,0,0,0,0,0,0,0,4,0,0,0,0,0,0,0,0,0,0,0,0,0,0,41,1,0
/Users/kaiohs/Downloads/codes/lab02-experimentacao-software/data/repos/NationalSecurityAgency__ghidra/Ghidra/Test/IntegrationTest/src/test.slow/java/ghidra/framework/main/datatree/ProjectLinkFileStatusTest.java,ghidra.framework.main.datatree.ProjectLinkFileStatusTest,class,11,12,1,11,14,2,0,42,0,0.55,0.0,0.0,10,0,8,2,0,0,8,0,0,0,4,0,0,4,0,0,0,0,0,261,1,0,1,2,0,154,1,76,21,44,1,1,0,20,86,1,0
/Users/kaiohs/Downloads/codes/lab02-experimentacao-software/data/repos/NationalSecurityAgency__ghidra/GhidraBuild/EclipsePlugins/GhidraDev/GhidraDevPlugin/src/main/java/ghidradev/ghidraprojectcreator/utils/PyDevUtilsInternal.java,ghidradev.ghidraprojectcreator.utils.PyDevUtilsInternal,class,15,17,2,15,38,1,0,46,120,0.0,0.0,0.0,16,15,15,1,0,0,15,0,0,0,0,0,0,0,0,0,0,0,6,133,16,4,6,2,0,6,2,25,2,22,3,0,0,1,150,0,1
/Users/kaiohs/Downloads/codes/lab02-experimentacao-software/data/repos/NationalSecurityAgency__ghidra/Ghidra/Framework/Pty/src/main/java/ghidra/pty/PtyParent.java,ghidra.pty.PtyParent,interface,1,6,5,1,0,1,0,0,0,0.0,-1.0,-1.0,0,0,0,0,0,0,0,0,0,0,0,0,0,0,0,0,0,0,0,2,0,0,0,0,0,0,0,0,0,0,0,0,0,0,14,1,0
/Users/kaiohs/Downloads/codes/lab02-experimentacao-software/data/repos/NationalSecurityAgency__ghidra/Ghidra/Framework/Emulation/src/main/java/ghidra/pcode/emu/jit/JitBytesPcodeExecutorState.java,ghidra.pcode.emu.jit.JitBytesPcodeExecutorState,interface,3,7,4,3,1,1,0,0,0,0.0,NaN,NaN,1,0,0,0,0,1,1,0,0,0,0,0,0,0,0,0,0,0,0,3,0,0,0,0,0,0,0,0,0,0,0,0,0,0,31,1,0
/Users/kaiohs/Downloads/codes/lab02-experimentacao-software/data/repos/NationalSecurityAgency__ghidra/Ghidra/Framework/Emulation/src/main/java/ghidra/pcode/emu/jit/gen/var/SubLocalVarGen.java,ghidra.pcode.emu.jit.gen.var.SubLocalVarGen,interface,6,7,1,6,4,1,0,6,6,0.0,0.0,0.0,4,0,0,0,0,4,4,0,0,0,0,0,0,0,0,0,0,0,0,10,1,0,0,0,0,1,0,0,0,0,0,0,0,0,35,1,0
/Users/kaiohs/Downloads/codes/lab02-experimentacao-software/data/repos/NationalSecurityAgency__ghidra/Ghidra/Framework/SoftwareModeling/src/test/java/ghidra/app/plugin/assembler/sleigh/dsPIC30FAssemblyTest.java,ghidra.app.plugin.assembler.sleigh.dsPIC30FAssemblyTest,class,4,4,0,4,3,3,0,1,3,0.0,0.0,0.0,3,0,2,0,1,0,3,0,0,0,0,0,0,0,0,0,0,0,0,11,1,0,0,0,0,6,2,0,0,0,0,0,0,0,31,1,0
/Users/kaiohs/Downloads/codes/lab02-experimentacao-software/data/repos/NationalSecurityAgency__ghidra/Ghidra/Test/IntegrationTest/src/screen/java/help/screenshot/AbstractSearchScreenShots.java,help.screenshot.AbstractSearchScreenShots,class,2,7,5,2,2,2,5,4,1,1.0,0.0,0.0,2,0,0,0,2,0,2,0,0,0,4,4,0,0,4,0,4,0,0,16,1,0,0,0,0,4,0,5,0,5,1,0,0,1,35,1024,0
/Users/kaiohs/Downloads/codes/lab02-experimentacao-software/data/repos/NationalSecurityAgency__ghidra/Ghidra/Framework/Emulation/src/main/java/ghidra/pcode/emu/jit/gen/op/FloatTruncOpGen.java,ghidra.pcode.emu.jit.gen.op.FloatTruncOpGen,enum,12,12,0,12,2,1,0,0,1,0.0,0.0,0.0,2,0,2,0,0,0,2,0,0,0,0,0,0,0,0,0,0,0,0,7,1,0,0,0,0,0,0,0,0,0,0,0,0,0,37,1,0
/Users/kaiohs/Downloads/codes/lab02-experimentacao-software/data/repos/NationalSecurityAgency__ghidra/Ghidra/Test/IntegrationTest/src/test.slow/java/ghidra/program/disassemble/DisassemblerTest.java,ghidra.program.disassemble.DisassemblerTest,class,21,22,1,21,58,2,0,67,0,0.5583333,0.0,0.0,48,0,40,8,0,0,40,0,0,0,5,0,0,5,0,0,0,0,4,584,3,4,5,0,0,45,660,85,5,66,2,0,1,0,226,1,0
/Users/kaiohs/Downloads/codes/lab02-experimentacao-software/data/repos/NationalSecurityAgency__ghidra/GhidraBuild/EclipsePlugins/GhidraDev/GhidraDevPlugin/src/main/java/ghidradev/ghidraprojectcreator/wizards/pages/CreateGhidraScriptWizardPage.java,ghidradev.ghidraprojectcreator.wizards.pages.CreateGhidraScriptWizardPage,class,15,17,2,15,22,2,0,36,20,0.7901234,0.0,0.0,9,0,8,1,0,0,8,0,0,0,9,0,0,9,0,0,0,0,0,130,6,0,7,1,2,30,3,31,4,33,3,0,0,8,128,1,0
/Users/kaiohs/Downloads/codes/lab02-experimentacao-software/data/repos/NationalSecurityAgency__ghidra/Ghidra/Framework/Emulation/src/main/java/ghidra/pcode/emu/jit/analysis/JitTypeBehavior.java,ghidra.pcode.emu.jit.analysis.JitTypeBehavior$Anonymous1,anonymous,2,2,0,2,2,1,0,1,1,0.0,0.0,0.0,2,0,2,0,0,0,2,0,0,0,0,0,0,0,0,0,0,0,0,8,2,0,0,0,0,0,0,0,0,0,0,0,0,0,11,-1,0
/Users/kaiohs/Downloads/codes/lab02-experimentacao-software/data/repos/NationalSecurityAgency__ghidra/Ghidra/Framework/Emulation/src/main/java/ghidra/pcode/emu/jit/gen/opnd/LocalOpnd.java,ghidra.pcode.emu.jit.gen.opnd.LocalOpnd,interface,7,8,1,7,2,1,0,2,1,0.0,0.0,0.0,2,0,0,0,0,2,2,0,0,0,0,0,0,0,0,0,0,0,0,6,1,0,0,0,0,0,0,0,0,0,0,0,0,0,21,0,0
/Users/kaiohs/Downloads/codes/lab02-experimentacao-software/data/repos/NationalSecurityAgency__ghidra/Ghidra/Framework/Emulation/src/main/java/ghidra/pcode/opbehavior/OpBehaviorFloatTrunc.java,ghidra.pcode.opbehavior.OpBehaviorFloatTrunc,class,2,3,1,2,3,3,0,2,3,0.0,0.0,0.0,3,0,3,0,0,0,3,0,0,0,0,0,0,0,0,0,0,0,0,13,2,0,0,0,0,0,0,2,0,2,0,0,0,0,12,1,0
/Users/kaiohs/Downloads/codes/lab02-experimentacao-software/data/repos/NationalSecurityAgency__ghidra/Ghidra/Framework/Emulation/src/main/java/ghidra/pcode/emu/jit/analysis/JitTypeBehavior.java,ghidra.pcode.emu.jit.analysis.JitTypeBehavior$Anonymous3,anonymous,2,2,0,2,2,1,0,2,1,0.0,0.0,0.0,2,0,2,0,0,0,2,0,0,0,0,0,0,0,0,0,0,0,0,8,2,0,0,0,0,0,0,0,0,0,0,0,0,0,7,-1,0
/Users/kaiohs/Downloads/codes/lab02-experimentacao-software/data/repos/NationalSecurityAgency__ghidra/Ghidra/Framework/Emulation/src/main/java/ghidra/pcode/emu/jit/analysis/JitTypeBehavior.java,ghidra.pcode.emu.jit.analysis.JitTypeBehavior$Anonymous2,anonymous,2,2,0,2,3,1,0,2,1,0.0,0.0,0.0,2,0,2,0,0,0,2,0,0,0,0,0,0,0,0,0,0,0,0,9,2,0,0,0,0,0,1,0,0,0,0,0,0,0,8,-1,0
/Users/kaiohs/Downloads/codes/lab02-experimentacao-software/data/repos/NationalSecurityAgency__ghidra/Ghidra/Framework/Emulation/src/main/java/ghidra/pcode/emu/jit/analysis/JitTypeBehavior.java,ghidra.pcode.emu.jit.analysis.JitTypeBehavior$Anonymous4,anonymous,2,2,0,2,2,1,0,1,1,0.0,0.0,0.0,2,0,2,0,0,0,2,0,0,0,0,0,0,0,0,0,0,0,0,8,1,0,0,0,0,0,0,0,0,0,0,0,0,0,8,-1,0
/Users/kaiohs/Downloads/codes/lab02-experimentacao-software/data/repos/NationalSecurityAgency__ghidra/Ghidra/Framework/Emulation/src/main/java/ghidra/app/emulator/AdaptedEmulator.java,ghidra.app.emulator.AdaptedEmulator$AdaptedBytesPcodeExecutorStatePiece,innerclass,6,6,0,6,2,2,0,0,0,0.0,0.0,0.0,2,0,1,0,1,0,2,0,0,0,1,0,0,1,0,0,1,0,0,10,1,0,0,0,0,1,0,1,0,1,0,0,0,0,18,8,0
/Users/kaiohs/Downloads/codes/lab02-experimentacao-software/data/repos/NationalSecurityAgency__ghidra/Ghidra/Framework/Emulation/src/main/java/ghidra/pcode/emu/jit/gen/util/Emitter.java,ghidra.pcode.emu.jit.gen.util.Emitter$A3Function,interface,4,4,0,4,1,1,0,0,0,0.0,NaN,NaN,1,0,0,0,0,1,1,0,0,0,0,0,0,0,0,0,0,0,0,3,0,0,0,0,0,0,0,0,0,0,0,0,0,0,17,1,0
/Users/kaiohs/Downloads/codes/lab02-experimentacao-software/data/repos/NationalSecurityAgency__ghidra/Ghidra/Framework/Emulation/src/main/java/ghidra/pcode/emu/ThreadPcodeExecutorState.java,ghidra.pcode.emu.ThreadPcodeExecutorState,class,13,17,4,13,27,1,0,21,0,0.47368422,0.0,0.0,19,0,18,0,1,0,19,0,0,0,3,0,0,0,3,0,3,0,2,96,19,0,0,0,0,0,0,4,0,4,1,0,0,0,89,1,0
/Users/kaiohs/Downloads/codes/lab02-experimentacao-software/data/repos/NationalSecurityAgency__ghidra/Ghidra/Framework/SoftwareModeling/src/main/java/ghidra/app/plugin/assembler/sleigh/parse/AssemblyParseStateItem.java,ghidra.app.plugin.assembler.sleigh.parse.AssemblyParseStateItem,class,6,10,4,6,25,1,0,14,0,0.20833334,0.0,0.0,12,0,12,0,0,0,12,0,0,0,2,0,0,2,0,0,2,0,2,93,18,1,8,0,4,6,11,16,6,12,1,0,0,0,109,1,0
/Users/kaiohs/Downloads/codes/lab02-experimentacao-software/data/repos/NationalSecurityAgency__ghidra/Ghidra/Test/DebuggerIntegrationTest/src/test/java/ghidra/app/plugin/core/debug/service/tracermi/TraceRmiPerformanceTest.java,ghidra.app.plugin.core.debug.service.tracermi.TraceRmiPerformanceTest$ApiTraceHandle,innerclass,7,7,0,7,5,1,0,9,0,0.0,0.0,0.0,5,0,5,0,0,0,5,0,0,0,1,0,0,1,0,0,1,0,0,23,2,0,0,0,0,10,5,2,1,2,0,0,0,0,22,8,0
/Users/kaiohs/Downloads/codes/lab02-experimentacao-software/data/repos/NationalSecurityAgency__ghidra/Ghidra/Framework/Emulation/src/main/java/ghidra/pcode/emu/jit/var/JitInputVar.java,ghidra.pcode.emu.jit.var.JitInputVar,class,2,4,2,2,1,4,0,0,0,0.0,NaN,NaN,1,0,1,0,0,0,1,0,0,0,0,0,0,0,0,0,0,0,0,5,0,0,0,0,0,0,1,0,0,0,0,0,0,0,100,1,0
/Users/kaiohs/Downloads/codes/lab02-experimentacao-software/data/repos/NationalSecurityAgency__ghidra/Ghidra/Framework/Pty/src/main/java/ghidra/pty/unix/FdOutputStream.java,ghidra.pty.unix.FdOutputStream,class,5,7,2,5,10,2,0,5,6,0.6666667,0.0,0.0,5,0,4,0,0,1,5,0,0,4,3,1,0,3,0,0,2,0,0,38,0,1,2,1,0,1,5,8,1,6,2,0,0,0,58,1,0
/Users/kaiohs/Downloads/codes/lab02-experimentacao-software/data/repos/NationalSecurityAgency__ghidra/Ghidra/Framework/Emulation/src/main/java/ghidra/pcode/emu/jit/gen/util/Types.java,ghidra.pcode.emu.jit.gen.util.TDouble,enum,2,12,10,2,3,1,0,0,3,0.0,0.0,0.0,3,0,3,0,0,0,3,0,0,0,0,0,0,0,0,0,0,0,0,11,3,0,0,0,0,0,0,0,0,0,0,0,0,0,15,1,0
/Users/kaiohs/Downloads/codes/lab02-experimentacao-software/data/repos/NationalSecurityAgency__ghidra/Ghidra/Framework/Emulation/src/main/java/ghidra/app/emulator/EmulatorHelper.java,ghidra.app.emulator.EmulatorHelper$MemoryWriteTracker,innerclass,6,6,0,6,2,2,0,2,1,0.5,0.0,0.0,2,0,0,0,2,0,2,0,0,0,1,0,0,0,0,1,0,0,0,9,0,0,0,0,0,0,1,2,2,2,0,0,0,0,17,2,0
/Users/kaiohs/Downloads/codes/lab02-experimentacao-software/data/repos/NationalSecurityAgency__ghidra/Ghidra/Framework/Emulation/src/main/java/ghidra/app/emulator/EmulatorHelper.java,ghidra.app.emulator.EmulatorHelper,class,29,31,2,29,92,2,0,81,326,0.86167806,0.0,0.0,49,0,44,4,1,0,45,0,0,2,9,0,0,9,0,0,2,0,3,391,37,3,23,2,2,27,9,64,12,47,5,3,1,0,348,1,6
/Users/kaiohs/Downloads/codes/lab02-experimentacao-software/data/repos/NationalSecurityAgency__ghidra/Ghidra/Framework/Emulation/src/main/java/ghidra/pcode/exec/PcodeUseropLibrary.java,ghidra.pcode.exec.PcodeUseropLibrary$EmptyPcodeUseropLibrary,innerclass,2,2,0,2,2,1,0,1,1,0.0,0.0,0.0,2,0,2,0,0,0,2,0,0,0,0,0,0,0,0,0,0,0,1,8,2,0,0,0,0,0,0,0,0,0,0,0,0,0,13,16,0
/Users/kaiohs/Downloads/codes/lab02-experimentacao-software/data/repos/NationalSecurityAgency__ghidra/Ghidra/Framework/Emulation/src/main/java/ghidra/pcode/emu/jit/gen/util/Emitter.java,ghidra.pcode.emu.jit.gen.util.Emitter$Dead,interface,0,0,0,0,0,1,0,0,0,0.0,-1.0,-1.0,0,0,0,0,0,0,0,0,0,0,0,0,0,0,0,0,0,0,0,2,0,0,0,0,0,0,0,0,0,0,0,0,0,0,32,1,0
/Users/kaiohs/Downloads/codes/lab02-experimentacao-software/data/repos/NationalSecurityAgency__ghidra/Ghidra/Framework/Emulation/src/main/java/ghidra/pcode/emu/jit/var/JitConstVal.java,ghidra.pcode.emu.jit.var.JitConstVal,class,1,8,7,1,3,2,0,3,0,0.0,0.0,0.0,3,0,3,0,0,0,3,0,0,0,1,0,0,1,0,0,1,0,0,13,2,0,0,0,0,1,0,1,0,1,0,0,0,0,26,1,0
/Users/kaiohs/Downloads/codes/lab02-experimentacao-software/data/repos/NationalSecurityAgency__ghidra/Ghidra/Test/IntegrationTest/src/test/java/ghidra/program/disassemble/ReDisassemblerTest.java,ghidra.program.disassemble.ReDisassemblerTest,class,14,14,0,14,4,2,0,15,1,0.5833334,0.0,0.0,3,0,3,0,0,0,3,0,0,0,4,0,1,0,0,3,1,0,0,27,0,0,1,1,0,7,6,9,0,9,1,0,0,0,42,1,0
/Users/kaiohs/Downloads/codes/lab02-experimentacao-software/data/repos/NationalSecurityAgency__ghidra/Ghidra/Test/DebuggerIntegrationTest/src/test/java/ghidra/app/plugin/core/debug/service/tracemgr/DebuggerTraceManagerServiceTest.java,ghidra.app.plugin.core.debug.service.tracemgr.DebuggerTraceManagerServiceTest,class,12,12,0,12,24,3,0,92,251,0.9130435,0.0,0.0,23,0,23,0,0,0,23,0,0,0,1,0,0,0,1,0,0,0,37,436,4,0,0,19,0,22,59,49,11,53,1,0,0,4,105,1,0
/Users/kaiohs/Downloads/codes/lab02-experimentacao-software/data/repos/NationalSecurityAgency__ghidra/Ghidra/Framework/Emulation/src/test/java/ghidra/pcode/opbehavior/OpBehaviorIntLessTest.java,ghidra.pcode.opbehavior.OpBehaviorIntLessTest,class,3,3,0,3,3,3,0,4,3,0.0,0.0,0.0,3,0,3,0,0,0,3,0,0,0,0,0,0,0,0,0,0,0,1,66,0,0,0,0,0,2,205,5,0,5,0,0,0,0,25,1,0
/Users/kaiohs/Downloads/codes/lab02-experimentacao-software/data/repos/NationalSecurityAgency__ghidra/Ghidra/Test/DebuggerIntegrationTest/src/screen/java/ghidra/app/plugin/core/debug/gui/breakpoint/DebuggerBreakpointMarkerPluginScreenShots.java,ghidra.app.plugin.core.debug.gui.breakpoint.DebuggerBreakpointMarkerPluginScreenShots,class,47,48,1,47,28,2,0,79,71,0.7666667,0.0,0.0,15,1,6,1,8,0,14,0,0,0,8,0,0,8,0,0,0,0,14,199,8,2,9,7,3,36,45,47,3,45,2,0,0,18,145,1,7
/Users/kaiohs/Downloads/codes/lab02-experimentacao-software/data/repos/NationalSecurityAgency__ghidra/Ghidra/Framework/Emulation/src/main/java/ghidra/pcode/emu/SparseAddressRangeMap.java,ghidra.pcode.emu.SparseAddressRangeMap,class,5,7,2,5,5,1,0,7,0,0.7,0.0,0.0,4,0,4,0,0,0,4,0,0,0,5,3,3,2,0,0,4,0,1,82,4,0,1,0,0,0,2,10,1,9,1,0,2,1,32,1,0
/Users/kaiohs/Downloads/codes/lab02-experimentacao-software/data/repos/NationalSecurityAgency__ghidra/Ghidra/Framework/Emulation/src/test/java/ghidra/pcode/opbehavior/OpBehaviorIntLessEqualTest.java,ghidra.pcode.opbehavior.OpBehaviorIntLessEqualTest,class,3,3,0,3,3,3,0,4,3,0.0,0.0,0.0,3,0,3,0,0,0,3,0,0,0,0,0,0,0,0,0,0,0,1,66,0,0,0,0,0,2,205,5,0,5,0,0,0,0,26,1,0
/Users/kaiohs/Downloads/codes/lab02-experimentacao-software/data/repos/NationalSecurityAgency__ghidra/Ghidra/Framework/Pty/src/main/java/ghidra/pty/local/LocalProcessPtySession.java,ghidra.pty.local.LocalProcessPtySession,class,1,2,1,1,7,1,0,7,0,0.33333334,0.0,0.0,6,0,6,0,0,0,6,0,0,0,2,0,0,2,0,0,2,0,0,27,4,0,0,0,0,3,0,2,2,2,1,0,0,0,33,1,1
/Users/kaiohs/Downloads/codes/lab02-experimentacao-software/data/repos/NationalSecurityAgency__ghidra/Ghidra/Framework/SoftwareModeling/src/test/java/ghidra/program/model/data/IntegerDataTypeTest.java,ghidra.program.model.data.IntegerDataTypeTest$EncodeRunnable,interface,0,0,0,0,1,1,0,0,0,0.0,NaN,NaN,1,0,0,0,0,1,1,0,0,0,0,0,0,0,0,0,0,0,0,3,0,0,0,0,0,0,0,0,0,0,0,0,0,0,4,2,0
/Users/kaiohs/Downloads/codes/lab02-experimentacao-software/data/repos/NationalSecurityAgency__ghidra/GhidraBuild/Skeleton/src/main/java/skeleton/SkeletonFileSystem.java,skeleton.SkeletonFileSystem,class,15,17,2,15,19,1,0,15,0,0.6538462,0.0,0.0,13,0,13,0,0,0,13,0,0,0,4,0,0,4,0,0,1,0,0,81,10,1,4,0,1,4,1,8,1,7,2,0,2,0,64,1,0
/Users/kaiohs/Downloads/codes/lab02-experimentacao-software/data/repos/NationalSecurityAgency__ghidra/Ghidra/Test/IntegrationTest/src/test.slow/java/ghidra/pcode/emu/jit/analysis/JitTypeModelTest.java,ghidra.pcode.emu.jit.analysis.JitTypeModelTest,class,17,17,0,17,7,3,0,18,21,0.0,0.0,0.0,7,0,7,0,0,0,7,0,0,0,0,0,0,0,0,0,0,0,26,84,0,0,0,0,0,12,0,60,0,60,0,0,0,0,52,1,0
/Users/kaiohs/Downloads/codes/lab02-experimentacao-software/data/repos/NationalSecurityAgency__ghidra/Ghidra/Framework/Pty/src/test/java/ghidra/pty/windows/ConPtyTest.java,ghidra.pty.windows.ConPtyTest,class,11,11,0,11,19,2,0,47,0,0.5625,0.0,0.0,8,1,8,0,0,0,8,0,0,0,4,1,4,0,0,0,4,0,7,186,0,4,3,9,0,51,12,39,1,35,4,0,0,2,155,1,16
/Users/kaiohs/Downloads/codes/lab02-experimentacao-software/data/repos/NationalSecurityAgency__ghidra/Ghidra/Framework/Emulation/src/main/java/ghidra/pcode/exec/PcodeProgram.java,ghidra.pcode.exec.PcodeProgram$MyAppender,innerclass,4,4,0,4,9,2,0,13,0,0.5714286,0.0,0.0,7,0,6,0,1,0,7,0,0,0,4,0,0,0,4,0,3,0,0,44,4,0,1,0,0,7,1,6,1,6,1,0,0,0,27,12,0
/Users/kaiohs/Downloads/codes/lab02-experimentacao-software/data/repos/NationalSecurityAgency__ghidra/Ghidra/Framework/SoftwareModeling/src/main/java/ghidra/app/util/pcode/AbstractAppender.java,ghidra.app.util.pcode.AbstractAppender,class,7,12,5,7,33,1,0,19,278,0.86,0.0,0.0,25,0,14,0,11,0,25,0,0,0,2,0,0,0,2,0,2,0,6,108,13,0,4,0,2,16,3,6,7,4,1,0,0,0,133,1025,1
/Users/kaiohs/Downloads/codes/lab02-experimentacao-software/data/repos/NationalSecurityAgency__ghidra/Ghidra/Test/IntegrationTest/src/screen/java/help/screenshot/BookmarkPluginScreenShots.java,help.screenshot.BookmarkPluginScreenShots,class,7,8,1,7,7,2,0,15,21,0.0,0.0,0.0,7,0,6,1,0,0,6,0,0,0,0,0,0,0,0,0,0,0,0,50,0,0,0,0,0,11,24,1,0,1,0,0,0,0,43,1,0
/Users/kaiohs/Downloads/codes/lab02-experimentacao-software/data/repos/NationalSecurityAgency__ghidra/Ghidra/Framework/Emulation/src/test/java/ghidra/pcode/emu/jit/JitJvmTypeUtilsTest.java,ghidra.pcode.emu.jit.JitJvmTypeUtilsTest$HasFieldTypeSignatures,innerclass,1,1,0,1,0,1,0,0,0,NaN,-1.0,-1.0,0,0,0,0,0,0,0,0,0,0,4,4,4,0,0,0,4,0,0,6,0,0,0,0,0,0,0,4,0,4,0,0,0,0,19,9,0
/Users/kaiohs/Downloads/codes/lab02-experimentacao-software/data/repos/NationalSecurityAgency__ghidra/Ghidra/Framework/Emulation/src/main/java/ghidra/pcode/exec/PcodeArithmetic.java,ghidra.pcode.exec.PcodeArithmetic$Purpose,enum,1,1,0,1,2,1,0,0,0,0.0,NaN,NaN,2,0,1,1,0,0,1,0,0,0,1,0,0,1,0,0,1,0,0,17,1,0,0,0,0,0,0,1,0,1,0,0,0,0,65,0,0
/Users/kaiohs/Downloads/codes/lab02-experimentacao-software/data/repos/NationalSecurityAgency__ghidra/Ghidra/Framework/SoftwareModeling/src/test/java/ghidra/program/database/data/DataTypeDBReplaceTest.java,ghidra.program.database.data.DataTypeDBReplaceTest,class,15,16,1,15,14,2,0,21,0,0.0,0.0,0.0,5,0,4,1,0,0,4,0,0,0,1,0,0,1,0,0,0,0,0,124,1,1,8,0,0,73,47,42,4,42,1,0,0,0,72,1,0
/Users/kaiohs/Downloads/codes/lab02-experimentacao-software/data/repos/NationalSecurityAgency__ghidra/Ghidra/Framework/Emulation/src/test/java/ghidra/pcode/opbehavior/OpBehaviorIntSLessTest.java,ghidra.pcode.opbehavior.OpBehaviorIntSLessTest,class,3,3,0,3,3,3,0,4,3,0.0,0.0,0.0,3,0,3,0,0,0,3,0,0,0,0,0,0,0,0,0,0,0,1,66,0,0,0,0,0,2,205,5,0,5,0,0,0,0,27,1,0
/Users/kaiohs/Downloads/codes/lab02-experimentacao-software/data/repos/NationalSecurityAgency__ghidra/Ghidra/Test/IntegrationTest/src/screen/java/help/screenshot/RepositoryCustomScreenShots.java,help.screenshot.RepositoryCustomScreenShots,class,6,7,1,6,14,2,0,45,28,0.0,0.0,0.0,8,0,3,4,1,0,4,0,0,0,0,0,0,0,0,0,0,0,4,213,1,3,1,0,7,62,107,83,119,77,1,0,0,1,179,1,0
/Users/kaiohs/Downloads/codes/lab02-experimentacao-software/data/repos/NationalSecurityAgency__ghidra/GhidraBuild/EclipsePlugins/GhidraDev/GhidraDevPlugin/src/main/java/ghidradev/ghidrascripteditor/preferences/GhidraScriptEditorPreferenceInitializer.java,ghidradev.ghidrascripteditor.preferences.GhidraScriptEditorPreferenceInitializer,class,3,3,0,3,1,2,0,3,0,0.0,NaN,NaN,1,0,1,0,0,0,1,0,0,0,0,0,0,0,0,0,0,0,1,7,0,0,0,0,0,1,0,1,0,1,0,0,0,0,16,1,0
/Users/kaiohs/Downloads/codes/lab02-experimentacao-software/data/repos/NationalSecurityAgency__ghidra/Ghidra/Framework/Emulation/src/main/java/ghidra/pcode/emu/jit/alloc/SimpleVarHandler.java,ghidra.pcode.emu.jit.alloc.SimpleVarHandler,interface,27,29,2,27,12,1,0,9,66,0.0,0.0,0.0,12,0,0,0,0,12,12,0,0,0,0,0,0,0,0,0,0,0,0,30,7,0,0,0,0,0,0,0,0,0,0,0,0,0,110,1,0
/Users/kaiohs/Downloads/codes/lab02-experimentacao-software/data/repos/NationalSecurityAgency__ghidra/Ghidra/Framework/Pty/src/main/java/ghidra/pty/windows/AnsiBufferedInputStream.java,ghidra.pty.windows.AnsiBufferedInputStream,class,5,7,2,5,103,2,0,51,834,0.9384614,0.0,0.0,45,0,4,0,41,0,45,0,0,0,13,6,5,8,0,0,7,0,11,376,19,2,8,0,0,16,47,46,14,29,2,0,1,0,135,1,1
/Users/kaiohs/Downloads/codes/lab02-experimentacao-software/data/repos/NationalSecurityAgency__ghidra/Ghidra/Test/IntegrationTest/src/test.slow/java/ghidra/framework/plugintool/testplugins/InitFailPluginA.java,ghidra.framework.plugintool.testplugins.InitFailPluginA,class,5,6,1,5,2,2,0,0,1,0.5,0.0,0.0,2,0,1,0,1,0,2,0,0,0,1,1,1,0,0,0,0,0,0,9,0,0,0,0,0,3,1,1,0,1,0,0,0,0,13,1,0
/Users/kaiohs/Downloads/codes/lab02-experimentacao-software/data/repos/NationalSecurityAgency__ghidra/Ghidra/Framework/Emulation/src/main/java/ghidra/app/emulator/AdaptedEmulator.java,ghidra.app.emulator.AdaptedEmulator$AdaptedBreakTableCallback,innerclass,4,4,0,4,3,2,0,4,3,0.0,0.0,0.0,3,0,3,0,0,0,3,0,0,0,0,0,0,0,0,0,0,0,0,13,0,0,0,0,0,1,0,0,0,0,0,0,0,0,16,0,0
/Users/kaiohs/Downloads/codes/lab02-experimentacao-software/data/repos/NationalSecurityAgency__ghidra/Ghidra/Test/IntegrationTest/src/test.slow/java/ghidra/framework/plugintool/testplugins/InitFailPluginB.java,ghidra.framework.plugintool.testplugins.InitFailPluginB,class,5,7,2,5,3,2,0,0,3,0.6666667,0.0,0.0,3,0,1,0,2,0,3,0,0,0,2,2,2,0,0,0,1,0,0,13,0,0,0,0,0,4,1,2,0,2,0,0,0,0,25,1,0
/Users/kaiohs/Downloads/codes/lab02-experimentacao-software/data/repos/NationalSecurityAgency__ghidra/Ghidra/Test/DebuggerIntegrationTest/src/test/java/ghidra/app/plugin/core/debug/gui/tracermi/launcher/TraceRmiLaunchDialogTest.java,ghidra.app.plugin.core.debug.gui.tracermi.launcher.TraceRmiLaunchDialogTest,class,14,15,1,14,24,2,0,28,221,0.89440995,0.0,0.0,23,5,16,0,1,6,23,0,0,0,7,6,0,7,0,0,6,0,30,138,6,0,0,1,0,58,4,39,0,39,1,0,0,1,72,1,0
/Users/kaiohs/Downloads/codes/lab02-experimentacao-software/data/repos/NationalSecurityAgency__ghidra/Ghidra/Framework/Pty/src/main/java/ghidra/pty/PtySession.java,ghidra.pty.PtySession,interface,0,7,7,0,5,1,0,0,10,0.0,0.0,0.0,5,0,0,0,0,5,5,0,0,0,0,0,0,0,0,0,0,0,0,7,0,0,0,0,0,0,0,0,0,0,0,0,0,0,72,1,0
/Users/kaiohs/Downloads/codes/lab02-experimentacao-software/data/repos/NationalSecurityAgency__ghidra/Ghidra/Framework/Emulation/src/main/java/ghidra/pcode/opbehavior/OpBehaviorIntXor.java,ghidra.pcode.opbehavior.OpBehaviorIntXor,class,1,2,1,1,3,3,0,1,3,0.0,0.0,0.0,3,0,3,0,0,0,3,0,0,0,0,0,0,0,0,0,0,0,0,13,2,0,0,0,0,0,0,2,0,2,0,0,0,0,11,1,0
/Users/kaiohs/Downloads/codes/lab02-experimentacao-software/data/repos/NationalSecurityAgency__ghidra/Ghidra/Test/DebuggerIntegrationTest/src/test.slow/java/agent/x64dbg/rmi/AbstractX64dbgTraceRmiTest.java,agent.x64dbg.rmi.AbstractX64dbgTraceRmiTest$Anonymous1,anonymous,1,1,0,1,1,1,0,1,0,0.0,NaN,NaN,1,0,0,0,1,0,1,0,0,0,0,0,0,0,0,0,0,0,0,5,1,0,0,0,0,0,0,0,0,0,0,0,0,0,4,-1,0
/Users/kaiohs/Downloads/codes/lab02-experimentacao-software/data/repos/NationalSecurityAgency__ghidra/Ghidra/Framework/Emulation/src/test/java/ghidra/pcode/opbehavior/OpBehaviorIntAddTest.java,ghidra.pcode.opbehavior.OpBehaviorIntAddTest,class,3,3,0,3,3,3,0,6,3,0.0,0.0,0.0,3,0,3,0,0,0,3,0,0,0,0,0,0,0,0,0,0,0,2,63,0,0,0,0,0,2,201,6,2,6,0,0,0,0,28,1,0
/Users/kaiohs/Downloads/codes/lab02-experimentacao-software/data/repos/NationalSecurityAgency__ghidra/Ghidra/Framework/Emulation/src/main/java/ghidra/pcode/emu/jit/gen/op/IntSCarryOpGen.java,ghidra.pcode.emu.jit.gen.op.IntSCarryOpGen,enum,18,18,0,18,4,1,0,3,6,0.0,0.0,0.0,4,0,4,0,0,0,4,0,0,0,0,0,0,0,0,0,0,0,0,14,4,0,0,0,0,3,0,0,0,0,0,0,0,0,60,1,0
/Users/kaiohs/Downloads/codes/lab02-experimentacao-software/data/repos/NationalSecurityAgency__ghidra/Ghidra/Framework/Pty/src/main/java/ghidra/pty/windows/Handle.java,ghidra.pty.windows.Handle$State,innerclass,2,2,0,2,3,1,0,2,0,0.0,0.0,0.0,2,0,1,0,1,0,2,0,0,0,1,0,0,0,1,0,1,0,0,11,0,0,0,0,0,0,0,1,0,1,1,0,0,0,13,12,0
/Users/kaiohs/Downloads/codes/lab02-experimentacao-software/data/repos/NationalSecurityAgency__ghidra/Ghidra/Framework/Emulation/src/test/java/ghidra/pcode/opbehavior/OpBehaviorLzcountTest.java,ghidra.pcode.opbehavior.OpBehaviorLzcountTest,class,3,3,0,3,3,3,0,8,1,0.0,0.0,0.0,2,0,2,0,0,0,2,0,0,0,0,0,0,0,0,0,0,0,7,50,0,1,0,0,0,2,130,13,0,8,1,0,0,0,33,1,0
/Users/kaiohs/Downloads/codes/lab02-experimentacao-software/data/repos/NationalSecurityAgency__ghidra/Ghidra/Framework/SoftwareModeling/src/test/java/ghidra/program/model/data/DataUtilitiesTest.java,ghidra.program.model.data.DataUtilitiesTest$Anonymous1,anonymous,5,5,0,5,3,1,0,0,3,0.0,0.0,0.0,3,0,3,0,0,0,3,0,0,0,0,0,0,0,0,0,0,0,0,11,3,0,0,0,0,0,0,0,0,0,0,0,0,0,8,-1,0
/Users/kaiohs/Downloads/codes/lab02-experimentacao-software/data/repos/NationalSecurityAgency__ghidra/Ghidra/Framework/Emulation/src/main/java/ghidra/pcode/emu/jit/analysis/JitDataFlowBlockAnalyzer.java,ghidra.pcode.emu.jit.analysis.JitDataFlowBlockAnalyzer,class,16,22,6,16,16,1,0,28,0,0.6571428,0.0,0.0,10,0,5,2,0,3,8,0,0,0,7,0,0,7,0,0,7,0,0,71,8,1,2,0,0,0,2,15,0,14,1,0,0,0,206,1,0
/Users/kaiohs/Downloads/codes/lab02-experimentacao-software/data/repos/NationalSecurityAgency__ghidra/Ghidra/Framework/Emulation/src/main/java/ghidra/pcode/exec/ValueLocation.java,ghidra.pcode.exec.ValueLocation,class,7,10,3,7,35,1,0,32,8,0.59375,0.0,0.0,16,5,14,2,0,0,14,0,0,0,2,1,0,2,0,0,2,0,12,107,21,6,5,0,0,4,11,21,3,14,2,0,0,1,169,1,0
/Users/kaiohs/Downloads/codes/lab02-experimentacao-software/data/repos/NationalSecurityAgency__ghidra/GhidraBuild/EclipsePlugins/GhidraDev/GhidraDevPlugin/src/main/java/ghidradev/ghidraprojectcreator/utils/GhidraProjectUtils.java,ghidradev.ghidraprojectcreator.utils.GhidraProjectUtils,class,31,48,17,31,88,1,0,109,188,0.9666667,0.0,0.0,20,20,14,6,0,0,14,0,0,0,3,3,3,0,0,0,3,0,29,350,18,12,20,3,6,28,4,77,5,61,3,0,0,0,276,1,1
/Users/kaiohs/Downloads/codes/lab02-experimentacao-software/data/repos/NationalSecurityAgency__ghidra/Ghidra/Framework/Emulation/src/main/java/ghidra/pcode/emu/DefaultPcodeThread.java,ghidra.pcode.emu.DefaultPcodeThread$PcodeThreadExecutor,innerclass,10,10,0,10,14,2,0,18,0,0.45,0.0,0.0,10,0,4,0,6,0,10,0,0,0,2,0,0,0,1,1,1,0,0,50,1,0,0,0,0,1,0,4,0,4,2,0,0,0,59,9,0
/Users/kaiohs/Downloads/codes/lab02-experimentacao-software/data/repos/NationalSecurityAgency__ghidra/Ghidra/Framework/Emulation/src/main/java/ghidra/pcode/emu/jit/gen/util/Misc.java,ghidra.pcode.emu.jit.gen.util.Misc,interface,14,14,0,14,6,1,0,11,0,0.375,0.0,0.0,4,4,0,0,0,4,5,0,0,0,3,0,0,0,0,3,0,0,0,33,4,0,0,1,0,3,2,3,0,6,1,0,0,0,157,1,0
/Users/kaiohs/Downloads/codes/lab02-experimentacao-software/data/repos/NationalSecurityAgency__ghidra/Ghidra/Test/IntegrationTest/src/screen/java/help/screenshot/PropertyManagerPluginScreenShots.java,help.screenshot.PropertyManagerPluginScreenShots$Anonymous1,anonymous,0,0,0,0,1,1,0,1,0,0.0,NaN,NaN,1,0,1,0,0,0,1,0,0,0,0,0,0,0,0,0,0,0,0,5,0,0,0,0,0,0,2,0,0,0,0,0,0,0,1,-1,0
/Users/kaiohs/Downloads/codes/lab02-experimentacao-software/data/repos/NationalSecurityAgency__ghidra/Ghidra/Framework/SoftwareModeling/src/main/java/ghidra/app/plugin/assembler/sleigh/sem/AssemblyResolutionResults.java,ghidra.app.plugin.assembler.sleigh.sem.AssemblyResolutionResults,class,9,16,7,9,17,2,0,18,3,0.3,0.0,0.0,10,0,6,0,4,0,10,0,0,0,1,0,0,0,1,0,1,0,2,95,9,2,1,0,0,0,0,5,0,5,3,0,1,1,100,1,1
/Users/kaiohs/Downloads/codes/lab02-experimentacao-software/data/repos/NationalSecurityAgency__ghidra/Ghidra/Framework/SoftwareModeling/src/test/java/ghidra/app/plugin/assembler/sleigh/MSP430XAssemblyTest.java,ghidra.app.plugin.assembler.sleigh.MSP430XAssemblyTest,class,3,3,0,3,4,3,0,2,6,0.0,0.0,0.0,4,0,3,0,1,0,4,0,0,0,0,0,0,0,0,0,0,0,0,14,1,0,0,0,0,13,2,0,0,0,0,0,0,0,35,1,0
/Users/kaiohs/Downloads/codes/lab02-experimentacao-software/data/repos/NationalSecurityAgency__ghidra/Ghidra/Framework/Emulation/src/main/java/ghidra/pcode/emu/jit/analysis/JitControlFlowModel.java,ghidra.pcode.emu.jit.analysis.JitControlFlowModel$UnterminatedFlowException,innerclass,0,0,0,0,1,5,0,0,0,0.0,NaN,NaN,1,0,1,0,0,0,1,0,0,0,0,0,0,0,0,0,0,0,0,5,0,0,0,0,0,1,0,0,0,0,0,0,0,0,86,9,0
/Users/kaiohs/Downloads/codes/lab02-experimentacao-software/data/repos/NationalSecurityAgency__ghidra/Ghidra/Test/IntegrationTest/src/screen/java/help/screenshot/IntroScreenShots.java,help.screenshot.IntroScreenShots,class,6,6,0,6,7,2,0,16,21,0.0,0.0,0.0,7,0,7,0,0,0,7,0,0,0,0,0,0,0,0,0,0,0,0,38,0,0,0,0,0,13,4,5,1,3,1,0,0,1,58,1,2
/Users/kaiohs/Downloads/codes/lab02-experimentacao-software/data/repos/NationalSecurityAgency__ghidra/Ghidra/Test/IntegrationTest/src/test.slow/java/ghidra/app/plugin/core/clipboard/ClipboardPluginTest.java,ghidra.app.plugin.core.clipboard.ClipboardPluginTest,class,65,70,5,65,77,2,0,124,294,0.8014354,0.0,0.0,44,0,21,23,0,0,21,0,0,0,19,4,0,19,0,0,4,0,6,971,14,8,11,1,11,162,107,305,23,249,3,2,5,18,290,1,4
/Users/kaiohs/Downloads/codes/lab02-experimentacao-software/data/repos/NationalSecurityAgency__ghidra/Ghidra/Framework/Pty/src/main/java/ghidra/pty/macos/MacosPtyFactory.java,ghidra.pty.macos.MacosPtyFactory,enum,3,4,1,3,4,1,0,3,1,0.0,0.0,0.0,2,0,2,0,0,0,2,0,0,0,0,0,0,0,0,0,0,0,1,11,2,0,2,0,0,1,2,1,0,1,1,0,0,0,21,1,0
/Users/kaiohs/Downloads/codes/lab02-experimentacao-software/data/repos/NationalSecurityAgency__ghidra/Ghidra/Framework/Emulation/src/main/java/ghidra/pcode/emu/jit/var/JitMissingVar.java,ghidra.pcode.emu.jit.var.JitMissingVar,class,5,9,4,5,2,4,0,2,1,0.0,0.0,0.0,2,0,2,0,0,0,2,0,0,0,0,0,0,0,0,0,0,0,0,8,1,0,0,0,0,0,1,0,0,0,0,0,0,0,86,1,0
/Users/kaiohs/Downloads/codes/lab02-experimentacao-software/data/repos/NationalSecurityAgency__ghidra/Ghidra/Framework/Emulation/src/main/java/ghidra/pcode/emu/jit/analysis/JitType.java,ghidra.pcode.emu.jit.analysis.JitType$LeggedJitType,interface,8,8,0,8,2,1,0,1,1,0.0,0.0,0.0,2,0,0,0,0,2,2,0,0,0,0,0,0,0,0,0,0,0,0,6,1,0,0,0,0,2,0,0,0,0,0,0,0,0,24,1,0
/Users/kaiohs/Downloads/codes/lab02-experimentacao-software/data/repos/NationalSecurityAgency__ghidra/Ghidra/Framework/SoftwareModeling/src/test/java/ghidra/pcode/floatformat/BigFloatTest.java,ghidra.pcode.floatformat.BigFloatTest$BinaryProc,interface,1,1,0,1,1,1,0,0,0,0.0,NaN,NaN,1,0,0,0,0,1,1,0,0,0,0,0,0,0,0,0,0,0,0,3,0,0,0,0,0,0,0,0,0,0,0,0,0,0,3,0,0
/Users/kaiohs/Downloads/codes/lab02-experimentacao-software/data/repos/NationalSecurityAgency__ghidra/Ghidra/Framework/Emulation/src/main/java/ghidra/pcode/emu/jit/op/JitIntBinOp.java,ghidra.pcode.emu.jit.op.JitIntBinOp,interface,2,3,1,2,3,1,0,0,3,0.0,0.0,0.0,3,0,0,0,0,3,3,0,0,0,0,0,0,0,0,0,0,0,0,11,3,0,0,0,0,0,0,0,0,0,0,0,0,0,18,1,0
/Users/kaiohs/Downloads/codes/lab02-experimentacao-software/data/repos/NationalSecurityAgency__ghidra/Ghidra/Framework/SoftwareModeling/src/main/java/ghidra/app/util/pcode/AbstractPcodeFormatter.java,ghidra.app.util.pcode.AbstractPcodeFormatter,class,12,17,5,12,63,1,0,51,153,0.0,0.0,0.0,18,2,1,1,16,0,17,1,0,0,0,0,0,0,0,0,0,0,2,212,12,3,30,0,0,13,12,18,10,18,4,0,1,0,186,1025,1
/Users/kaiohs/Downloads/codes/lab02-experimentacao-software/data/repos/NationalSecurityAgency__ghidra/Ghidra/Framework/Emulation/src/test/java/ghidra/pcode/opbehavior/OpBehaviorBoolOrTest.java,ghidra.pcode.opbehavior.OpBehaviorBoolOrTest,class,3,3,0,3,3,3,0,2,3,0.0,0.0,0.0,3,0,3,0,0,0,3,0,0,0,0,0,0,0,0,0,0,0,0,19,0,0,0,0,0,0,28,2,0,2,0,0,0,0,13,1,0
/Users/kaiohs/Downloads/codes/lab02-experimentacao-software/data/repos/NationalSecurityAgency__ghidra/Ghidra/Framework/Emulation/src/main/java/ghidra/pcode/emu/jit/gen/op/BranchOpGen.java,ghidra.pcode.emu.jit.gen.op.BranchOpGen$IntBranchGen,innerclass,16,16,0,16,3,3,0,8,3,1.0,0.0,0.0,3,0,0,0,0,3,3,0,0,0,1,1,0,0,0,1,1,0,1,14,3,0,0,0,0,0,0,3,0,3,0,0,0,0,40,8,0
/Users/kaiohs/Downloads/codes/lab02-experimentacao-software/data/repos/NationalSecurityAgency__ghidra/Ghidra/Framework/SoftwareModeling/src/main/java/ghidra/app/plugin/assembler/sleigh/sem/AssemblyContextGraph.java,ghidra.app.plugin.assembler.sleigh.sem.AssemblyContextGraph,class,20,23,3,20,26,1,0,40,11,0.7321429,0.0,0.0,7,0,5,0,2,0,7,0,0,0,8,0,0,0,8,0,8,0,1,232,5,10,4,0,1,2,2,35,0,33,4,0,2,2,218,1,0
/Users/kaiohs/Downloads/codes/lab02-experimentacao-software/data/repos/NationalSecurityAgency__ghidra/Ghidra/Framework/Emulation/src/main/java/ghidra/pcode/emulate/BreakCallBack.java,ghidra.pcode.emulate.BreakCallBack,class,3,4,1,3,4,1,0,0,4,0.5,0.0,0.0,4,0,4,0,0,0,4,0,0,0,1,0,0,0,1,0,0,0,0,15,2,0,0,0,0,1,0,2,0,1,0,0,0,0,107,1,0
/Users/kaiohs/Downloads/codes/lab02-experimentacao-software/data/repos/NationalSecurityAgency__ghidra/GPL/DMG/src/dmg/java/mobiledevices/dmg/ghidra/GByteProvider.java,mobiledevices.dmg.ghidra.GByteProvider,class,2,6,4,2,17,1,0,10,0,0.42307693,0.0,0.0,13,0,13,0,0,0,13,0,0,0,2,0,0,2,0,0,0,0,0,61,9,0,1,1,0,3,1,7,1,5,1,0,0,0,66,1,0
/Users/kaiohs/Downloads/codes/lab02-experimentacao-software/data/repos/NationalSecurityAgency__ghidra/Ghidra/Test/IntegrationTest/src/screen/java/help/screenshot/ConsolePluginScreenShots.java,help.screenshot.ConsolePluginScreenShots,class,4,4,0,4,3,2,0,5,3,0.0,0.0,0.0,3,0,3,0,0,0,3,0,0,0,0,0,0,0,0,0,0,0,0,15,0,0,0,0,0,6,2,1,0,1,0,0,0,0,23,1,0
/Users/kaiohs/Downloads/codes/lab02-experimentacao-software/data/repos/NationalSecurityAgency__ghidra/Ghidra/Test/IntegrationTest/src/test.slow/java/ghidra/framework/main/ProjectInfoFilesystemTest.java,ghidra.framework.main.ProjectInfoFilesystemTest,class,30,31,1,30,35,2,0,80,51,0.7407408,0.0,0.0,18,0,6,12,0,0,6,0,0,0,6,1,0,6,0,0,1,0,0,225,3,5,6,6,0,65,10,46,8,41,3,0,0,2,144,1,0
/Users/kaiohs/Downloads/codes/lab02-experimentacao-software/data/repos/NationalSecurityAgency__ghidra/Ghidra/Framework/Emulation/src/main/java/ghidra/pcode/emu/jit/gen/util/Types.java,ghidra.pcode.emu.jit.gen.util.Types,interface,27,31,4,27,7,1,0,12,9,0.925,0.0,0.0,6,6,0,0,0,6,7,0,0,0,19,0,1,0,0,18,0,0,8,75,6,0,0,0,0,0,0,17,0,20,0,0,8,0,123,1,0
/Users/kaiohs/Downloads/codes/lab02-experimentacao-software/data/repos/NationalSecurityAgency__ghidra/Ghidra/Framework/Emulation/src/main/java/ghidra/app/emulator/memory/ProgramLoadImage.java,ghidra.app.emulator.memory.ProgramLoadImage,class,14,15,1,14,40,1,0,36,14,0.6296296,0.0,0.0,9,1,5,4,0,0,5,0,0,0,3,0,0,3,0,0,0,0,6,178,4,4,6,6,3,12,10,48,11,33,4,0,0,0,67,1,1
/Users/kaiohs/Downloads/codes/lab02-experimentacao-software/data/repos/NationalSecurityAgency__ghidra/Ghidra/Test/IntegrationTest/src/screen/java/help/screenshot/OverviewPluginScreenShots.java,help.screenshot.OverviewPluginScreenShots,class,12,12,0,12,7,2,0,24,13,0.6428572,0.0,0.0,7,0,7,0,0,0,7,0,0,0,2,0,0,2,0,0,0,0,2,79,0,0,0,0,0,17,40,37,20,31,1,0,0,1,74,1,0
/Users/kaiohs/Downloads/codes/lab02-experimentacao-software/data/repos/NationalSecurityAgency__ghidra/Ghidra/Framework/SoftwareModeling/src/test/java/ghidra/program/database/data/merge/EnumMergerTest.java,ghidra.program.database.data.merge.EnumMergerTest$EnumBuilder,innerclass,2,2,0,2,5,1,0,2,0,0.0,0.0,0.0,5,0,5,0,0,0,5,0,0,0,1,0,0,1,0,0,0,0,0,20,4,0,0,0,0,0,0,1,0,1,0,0,0,0,11,2,0
/Users/kaiohs/Downloads/codes/lab02-experimentacao-software/data/repos/NationalSecurityAgency__ghidra/Ghidra/Test/IntegrationTest/src/test.slow/java/ghidra/framework/main/datatree/ProjectLinkFileStatusTest.java,ghidra.framework.main.datatree.ProjectLinkFileStatusTest$Anonymous1,anonymous,0,0,0,0,1,1,0,1,0,0.0,NaN,NaN,1,0,1,0,0,0,1,0,0,0,0,0,0,0,0,0,0,0,0,5,1,0,0,0,0,0,0,0,0,0,0,0,0,0,3,-1,0
/Users/kaiohs/Downloads/codes/lab02-experimentacao-software/data/repos/NationalSecurityAgency__ghidra/Ghidra/Framework/Emulation/src/main/java/ghidra/pcode/opbehavior/OpBehaviorFloatInt2Float.java,ghidra.pcode.opbehavior.OpBehaviorFloatInt2Float,class,2,3,1,2,3,3,0,2,3,0.0,0.0,0.0,3,0,3,0,0,0,3,0,0,0,0,0,0,0,0,0,0,0,0,13,2,0,0,0,0,0,0,2,0,2,0,0,0,0,12,1,0
/Users/kaiohs/Downloads/codes/lab02-experimentacao-software/data/repos/NationalSecurityAgency__ghidra/GhidraBuild/EclipsePlugins/GhidraDev/GhidraDevPlugin/src/main/java/ghidradev/ghidraprojectcreator/launchers/GhidraHeadlessLaunchShortcut.java,ghidradev.ghidraprojectcreator.launchers.GhidraHeadlessLaunchShortcut,class,1,1,0,1,1,2,0,0,0,0.0,NaN,NaN,1,0,1,0,0,0,1,0,0,0,0,0,0,0,0,0,0,0,0,5,0,0,0,0,0,1,0,0,0,0,0,0,0,0,11,1,0
/Users/kaiohs/Downloads/codes/lab02-experimentacao-software/data/repos/NationalSecurityAgency__ghidra/Ghidra/Framework/Emulation/src/main/java/ghidra/pcode/opbehavior/OpBehaviorIntSrem.java,ghidra.pcode.opbehavior.OpBehaviorIntSrem,class,2,3,1,2,5,3,0,5,3,0.0,0.0,0.0,3,0,3,0,0,0,3,0,0,0,0,0,0,0,0,0,0,0,0,21,2,0,2,0,0,2,8,8,7,3,1,0,0,0,18,1,0
/Users/kaiohs/Downloads/codes/lab02-experimentacao-software/data/repos/NationalSecurityAgency__ghidra/Ghidra/Test/IntegrationTest/src/screen/java/help/screenshot/ReferencesPluginScreenShots.java,help.screenshot.ReferencesPluginScreenShots,class,18,19,1,18,14,2,0,70,91,0.0,0.0,0.0,14,0,12,2,0,0,12,0,0,0,0,0,0,0,0,0,0,0,7,215,0,0,0,1,0,40,80,80,24,57,1,0,0,8,160,1,0
/Users/kaiohs/Downloads/codes/lab02-experimentacao-software/data/repos/NationalSecurityAgency__ghidra/Ghidra/Test/IntegrationTest/src/test.slow/java/ghidra/pcode/emu/jit/analysis/JitAllocationModelTest.java,ghidra.pcode.emu.jit.analysis.JitAllocationModelTest,class,20,21,1,20,6,3,0,33,6,0.0,0.0,0.0,4,2,4,0,0,0,4,0,0,0,0,0,0,0,0,0,0,0,12,46,2,0,0,0,1,7,5,22,0,27,2,0,0,4,55,1,0
/Users/kaiohs/Downloads/codes/lab02-experimentacao-software/data/repos/NationalSecurityAgency__ghidra/Ghidra/Framework/Pty/src/main/java/ghidra/pty/windows/jna/ConsoleApiNative.java,ghidra.pty.windows.jna.ConsoleApiNative$STARTUPINFOEX,innerclass,5,5,0,5,1,4,0,1,0,0.6666667,NaN,NaN,1,0,0,0,1,0,1,0,0,0,3,1,3,0,0,0,1,0,0,10,1,0,0,0,0,2,0,1,0,3,0,0,1,0,26,9,0
/Users/kaiohs/Downloads/codes/lab02-experimentacao-software/data/repos/NationalSecurityAgency__ghidra/Ghidra/Test/IntegrationTest/src/test.slow/java/ghidra/framework/plugintool/testplugins/MissingDepServiceB.java,ghidra.framework.plugintool.testplugins.MissingDepServiceB,interface,1,4,3,1,0,1,0,0,0,0.0,-1.0,-1.0,0,0,0,0,0,0,0,0,0,0,0,0,0,0,0,0,0,0,0,2,0,0,0,0,0,1,0,0,0,0,0,0,0,0,9,1,0
/Users/kaiohs/Downloads/codes/lab02-experimentacao-software/data/repos/NationalSecurityAgency__ghidra/Ghidra/Framework/Emulation/src/test/java/ghidra/pcode/opbehavior/OpBehaviorBoolAndTest.java,ghidra.pcode.opbehavior.OpBehaviorBoolAndTest,class,3,3,0,3,3,3,0,2,3,0.0,0.0,0.0,3,0,3,0,0,0,3,0,0,0,0,0,0,0,0,0,0,0,0,19,0,0,0,0,0,0,28,2,0,2,0,0,0,0,14,1,0
/Users/kaiohs/Downloads/codes/lab02-experimentacao-software/data/repos/NationalSecurityAgency__ghidra/Ghidra/Framework/Emulation/src/main/java/ghidra/pcode/emu/jit/gen/op/FloatRoundOpGen.java,ghidra.pcode.emu.jit.gen.op.FloatRoundOpGen,enum,8,8,0,8,2,1,0,6,1,0.0,0.0,0.0,2,0,2,0,0,0,2,0,0,0,0,0,0,0,0,0,0,0,0,8,2,0,0,0,0,2,2,0,0,0,0,0,0,0,65,1,0
/Users/kaiohs/Downloads/codes/lab02-experimentacao-software/data/repos/NationalSecurityAgency__ghidra/Ghidra/Test/DebuggerIntegrationTest/src/test.slow/java/agent/AbstractRmiConnectorsTest.java,agent.AbstractRmiConnectorsTest,class,15,21,6,15,25,3,5,44,89,0.89285713,0.0,0.0,14,0,1,0,13,0,14,1,0,0,2,0,0,0,2,0,0,0,17,106,10,3,4,2,1,37,4,16,2,16,4,1,0,1,85,1025,0
/Users/kaiohs/Downloads/codes/lab02-experimentacao-software/data/repos/NationalSecurityAgency__ghidra/Ghidra/Test/IntegrationTest/src/screen/java/help/screenshot/DataTypeManagerPluginScreenShots.java,help.screenshot.DataTypeManagerPluginScreenShots,class,35,36,1,35,26,2,0,59,253,0.0,0.0,0.0,23,0,16,7,0,0,16,0,0,0,0,0,0,0,0,0,0,0,0,281,4,2,0,0,1,97,37,92,1,90,2,1,0,16,148,1,0
/Users/kaiohs/Downloads/codes/lab02-experimentacao-software/data/repos/NationalSecurityAgency__ghidra/GPL/DMG/src/dmg/java/mobiledevices/dmg/decmpfs/DecmpfsStates.java,mobiledevices.dmg.decmpfs.DecmpfsStates,class,0,0,0,0,0,1,0,0,0,NaN,-1.0,-1.0,0,0,0,0,0,0,0,0,0,0,4,4,4,0,0,0,4,0,0,6,0,0,0,0,0,0,4,4,0,4,0,0,0,0,22,17,0
/Users/kaiohs/Downloads/codes/lab02-experimentacao-software/data/repos/NationalSecurityAgency__ghidra/Ghidra/Framework/Pty/src/main/java/ghidra/pty/windows/AnsiBufferedInputStream.java,ghidra.pty.windows.AnsiBufferedInputStream$Mode,enum,0,0,0,0,0,1,0,0,0,0.0,-1.0,-1.0,0,0,0,0,0,0,0,0,0,0,0,0,0,0,0,0,0,0,0,1,0,0,0,0,0,0,0,0,0,0,0,0,0,0,13,2,0
/Users/kaiohs/Downloads/codes/lab02-experimentacao-software/data/repos/NationalSecurityAgency__ghidra/Ghidra/Test/IntegrationTest/src/test.slow/java/ghidra/pcode/emu/jit/analysis/JitControlFlowModelTest.java,ghidra.pcode.emu.jit.analysis.JitControlFlowModelTest$BrFlow,enum,0,0,0,0,0,1,0,0,0,0.0,-1.0,-1.0,0,0,0,0,0,0,0,0,0,0,0,0,0,0,0,0,0,0,0,1,0,0,0,0,0,0,0,0,0,0,0,0,0,0,5,0,0
/Users/kaiohs/Downloads/codes/lab02-experimentacao-software/data/repos/NationalSecurityAgency__ghidra/Ghidra/Test/DebuggerIntegrationTest/src/test/java/ghidra/app/plugin/core/debug/gui/register/DebuggerTraceRegistersProviderTest.java,ghidra.app.plugin.core.debug.gui.register.DebuggerTraceRegistersProviderTest,class,20,21,1,20,27,4,1,114,300,0.0,0.0,0.0,25,0,25,0,0,0,25,0,0,0,0,0,0,0,0,0,0,0,0,455,0,0,1,11,0,14,68,78,1,79,2,0,0,5,146,1,0
/Users/kaiohs/Downloads/codes/lab02-experimentacao-software/data/repos/NationalSecurityAgency__ghidra/Ghidra/Framework/Emulation/src/main/java/ghidra/pcode/opbehavior/OpBehaviorBoolOr.java,ghidra.pcode.opbehavior.OpBehaviorBoolOr,class,1,2,1,1,3,3,0,1,3,0.0,0.0,0.0,3,0,3,0,0,0,3,0,0,0,0,0,0,0,0,0,0,0,0,13,2,0,0,0,0,0,0,2,0,2,0,0,0,0,11,1,0
/Users/kaiohs/Downloads/codes/lab02-experimentacao-software/data/repos/NationalSecurityAgency__ghidra/GhidraBuild/EclipsePlugins/GhidraDev/GhidraDevPlugin/src/main/java/ghidradev/ghidrasymbollookup/SocketSetupRunnable.java,ghidradev.ghidrasymbollookup.SocketSetupRunnable,class,5,7,2,5,19,1,0,25,0,0.5,0.0,0.0,4,0,2,2,0,0,2,0,0,0,4,0,0,4,0,0,0,0,4,95,1,2,1,3,0,25,9,21,8,12,4,0,0,1,68,1,3
/Users/kaiohs/Downloads/codes/lab02-experimentacao-software/data/repos/NationalSecurityAgency__ghidra/Ghidra/Test/IntegrationTest/src/screen/java/help/screenshot/FunctionComparisonScreenShots.java,help.screenshot.FunctionComparisonScreenShots$Anonymous1,anonymous,0,0,0,0,6,1,0,6,0,0.0,NaN,NaN,1,0,1,0,0,0,1,0,0,0,0,0,0,0,0,0,0,0,0,22,0,1,0,0,0,4,5,5,0,5,2,0,0,0,10,-1,0
/Users/kaiohs/Downloads/codes/lab02-experimentacao-software/data/repos/NationalSecurityAgency__ghidra/Ghidra/Framework/Emulation/src/main/java/ghidra/pcode/emu/jit/analysis/JitControlFlowModel.java,ghidra.pcode.emu.jit.analysis.JitControlFlowModel,class,10,22,12,10,11,6,0,9,0,0.3,0.0,0.0,5,0,4,0,1,0,5,0,0,0,2,0,0,2,0,0,2,0,0,244,2,6,0,0,0,13,0,3,6,3,2,1,3,0,220,1,0
/Users/kaiohs/Downloads/codes/lab02-experimentacao-software/data/repos/NationalSecurityAgency__ghidra/Ghidra/Framework/Pty/src/main/java/ghidra/pty/linux/LinuxPtySessionLeader.java,ghidra.pty.linux.LinuxPtySessionLeader,class,4,6,2,4,2,2,0,2,1,0.0,0.0,0.0,2,1,1,0,1,0,2,0,0,0,0,0,0,0,0,0,0,0,0,10,1,0,0,0,0,0,0,1,0,1,0,0,0,0,11,1,0
/Users/kaiohs/Downloads/codes/lab02-experimentacao-software/data/repos/NationalSecurityAgency__ghidra/Ghidra/Framework/Pty/src/main/java/ghidra/pty/windows/ConPtyChild.java,ghidra.pty.windows.ConPtyChild,class,19,21,2,19,13,2,0,18,10,0.0,0.0,0.0,5,0,4,0,1,0,5,0,0,0,0,0,0,0,0,0,0,0,3,45,2,0,3,0,0,2,0,12,0,6,1,0,0,0,67,1,0
/Users/kaiohs/Downloads/codes/lab02-experimentacao-software/data/repos/NationalSecurityAgency__ghidra/Ghidra/Framework/Pty/src/main/java/ghidra/pty/windows/ConPty.java,ghidra.pty.windows.ConPty,class,13,15,2,13,8,1,0,9,0,0.72,0.0,0.0,5,1,5,0,0,0,5,0,0,1,10,4,0,6,0,4,9,0,2,52,4,0,0,1,0,0,3,17,0,14,1,0,0,0,49,1,0
/Users/kaiohs/Downloads/codes/lab02-experimentacao-software/data/repos/NationalSecurityAgency__ghidra/Ghidra/Test/IntegrationTest/src/test.slow/java/ghidra/framework/client/GhidraServerSerialFilterFailureTest.java,ghidra.framework.client.GhidraServerSerialFilterFailureTest$BogusPrincipal,innerclass,0,0,0,0,2,1,0,0,0,0.0,0.0,0.0,2,0,2,0,0,0,2,0,0,0,1,0,0,1,0,0,0,0,0,9,1,0,0,0,0,0,0,1,0,1,0,0,0,0,5,8,0
/Users/kaiohs/Downloads/codes/lab02-experimentacao-software/data/repos/NationalSecurityAgency__ghidra/Ghidra/Test/DebuggerIntegrationTest/src/test.slow/java/agent/dbgeng/rmi/AbstractDbgEngTraceRmiTest.java,agent.dbgeng.rmi.AbstractDbgEngTraceRmiTest,class,26,30,4,26,79,5,3,116,679,0.96172255,0.0,0.0,38,5,8,0,28,2,40,0,0,0,11,7,2,3,6,0,6,0,31,350,25,7,12,8,4,69,31,64,13,63,3,1,1,10,223,1025,7
/Users/kaiohs/Downloads/codes/lab02-experimentacao-software/data/repos/NationalSecurityAgency__ghidra/Ghidra/Framework/Emulation/src/main/java/ghidra/pcode/exec/SleighUtils.java,ghidra.pcode.exec.SleighUtils$Anonymous3,anonymous,1,1,0,1,0,1,0,0,0,NaN,-1.0,-1.0,0,0,0,0,0,0,0,0,0,0,2,0,0,0,0,2,0,0,0,4,0,0,0,0,0,0,0,0,0,2,0,0,0,0,4,-1,0
/Users/kaiohs/Downloads/codes/lab02-experimentacao-software/data/repos/NationalSecurityAgency__ghidra/Ghidra/Framework/Emulation/src/main/java/ghidra/pcode/emu/jit/gen/op/IntNotEqualOpGen.java,ghidra.pcode.emu.jit.gen.op.IntNotEqualOpGen,enum,11,11,0,11,3,1,0,4,3,0.0,0.0,0.0,3,0,3,0,0,0,3,0,0,0,0,0,0,0,0,0,0,0,0,11,3,0,0,0,0,1,2,0,0,0,0,0,0,0,32,1,0
/Users/kaiohs/Downloads/codes/lab02-experimentacao-software/data/repos/NationalSecurityAgency__ghidra/Ghidra/Framework/Emulation/src/main/java/ghidra/pcode/exec/SleighUtils.java,ghidra.pcode.exec.SleighUtils$Anonymous4,anonymous,1,1,0,1,0,1,0,0,0,NaN,-1.0,-1.0,0,0,0,0,0,0,0,0,0,0,2,0,0,0,0,2,0,0,0,4,0,0,0,0,0,0,0,1,0,2,0,0,0,0,5,-1,0
/Users/kaiohs/Downloads/codes/lab02-experimentacao-software/data/repos/NationalSecurityAgency__ghidra/GhidraBuild/EclipsePlugins/GhidraDev/GhidraDevPlugin/src/main/java/ghidradev/ghidrasymbollookup/preferences/GhidraSymbolLookupPreferencePage.java,ghidradev.ghidrasymbollookup.preferences.GhidraSymbolLookupPreferencePage,class,14,15,1,14,27,2,0,30,9,0.6530613,0.0,0.0,7,0,7,0,0,0,7,0,0,0,7,0,0,7,0,0,0,0,4,100,6,0,8,1,0,6,2,25,0,15,3,0,0,0,111,1,0
/Users/kaiohs/Downloads/codes/lab02-experimentacao-software/data/repos/NationalSecurityAgency__ghidra/Ghidra/Framework/Emulation/src/main/java/ghidra/pcode/emu/jit/gen/op/FloatAddOpGen.java,ghidra.pcode.emu.jit.gen.op.FloatAddOpGen,enum,10,10,0,10,2,1,0,2,1,0.0,0.0,0.0,2,0,2,0,0,0,2,0,0,0,0,0,0,0,0,0,0,0,2,8,2,0,0,0,0,0,0,0,0,0,0,0,0,0,33,1,0
/Users/kaiohs/Downloads/codes/lab02-experimentacao-software/data/repos/NationalSecurityAgency__ghidra/Ghidra/Framework/Emulation/src/main/java/ghidra/pcode/opbehavior/OpBehaviorIntZext.java,ghidra.pcode.opbehavior.OpBehaviorIntZext,class,1,2,1,1,3,3,0,0,3,0.0,0.0,0.0,3,0,3,0,0,0,3,0,0,0,0,0,0,0,0,0,0,0,0,11,2,0,0,0,0,0,0,0,0,0,0,0,0,0,9,1,0
/Users/kaiohs/Downloads/codes/lab02-experimentacao-software/data/repos/NationalSecurityAgency__ghidra/Ghidra/Framework/Emulation/src/main/java/ghidra/pcode/exec/SleighUtils.java,ghidra.pcode.exec.SleighUtils$Anonymous1,anonymous,5,5,0,5,4,1,0,6,3,0.0,0.0,0.0,3,0,2,1,0,0,3,0,0,0,0,0,0,0,0,0,0,0,0,25,0,0,0,0,0,0,0,4,0,3,0,1,0,0,22,-1,0
/Users/kaiohs/Downloads/codes/lab02-experimentacao-software/data/repos/NationalSecurityAgency__ghidra/Ghidra/Framework/Emulation/src/main/java/ghidra/pcode/exec/PcodeStateCallbacks.java,ghidra.pcode.exec.PcodeStateCallbacks$NoPcodeStateCallbacks,enum,0,0,0,0,0,1,0,0,0,0.0,-1.0,-1.0,0,0,0,0,0,0,0,0,0,0,0,0,0,0,0,0,0,0,0,2,0,0,0,0,0,0,0,0,0,0,0,0,0,0,20,0,0
/Users/kaiohs/Downloads/codes/lab02-experimentacao-software/data/repos/NationalSecurityAgency__ghidra/GhidraBuild/EclipsePlugins/GhidraDev/GhidraDevPlugin/src/main/java/ghidradev/ghidraprojectcreator/utils/PyDevUtils.java,ghidradev.ghidraprojectcreator.utils.PyDevUtils$ProjectPythonInterpreterType,enum,0,0,0,0,0,1,0,0,0,0.0,-1.0,-1.0,0,0,0,0,0,0,0,0,0,0,0,0,0,0,0,0,0,0,0,1,0,0,0,0,0,0,0,0,0,0,0,0,0,0,17,9,0
/Users/kaiohs/Downloads/codes/lab02-experimentacao-software/data/repos/NationalSecurityAgency__ghidra/GhidraDocs/GhidraClass/Debugger/ghidra_scripts/DumpBoardScript.java,DumpBoardScript,class,6,6,0,6,13,2,0,14,0,0.0,NaN,NaN,1,0,0,0,1,0,1,0,0,0,0,0,0,0,0,0,0,0,2,49,0,2,5,0,2,15,13,14,6,14,3,0,0,0,48,1,0
/Users/kaiohs/Downloads/codes/lab02-experimentacao-software/data/repos/NationalSecurityAgency__ghidra/Ghidra/Test/IntegrationTest/src/screen/java/help/screenshot/RepositoryScreenShots.java,help.screenshot.RepositoryScreenShots$Anonymous7,anonymous,8,8,0,8,3,1,0,3,3,0.0,0.0,0.0,3,0,3,0,0,0,3,0,0,0,0,0,0,0,0,0,0,0,0,27,0,0,0,0,0,12,5,3,0,3,0,0,0,0,20,-1,0
/Users/kaiohs/Downloads/codes/lab02-experimentacao-software/data/repos/NationalSecurityAgency__ghidra/Ghidra/Test/IntegrationTest/src/screen/java/help/screenshot/RepositoryScreenShots.java,help.screenshot.RepositoryScreenShots$Anonymous8,anonymous,10,10,0,10,4,1,0,10,1,0.0,0.0,0.0,2,0,2,0,0,0,2,0,0,0,0,0,0,0,0,0,0,0,0,27,0,0,0,2,0,8,0,8,0,8,1,0,0,0,26,-1,0
/Users/kaiohs/Downloads/codes/lab02-experimentacao-software/data/repos/NationalSecurityAgency__ghidra/Ghidra/Test/IntegrationTest/src/screen/java/help/screenshot/ClipboardPluginScreenShots.java,help.screenshot.ClipboardPluginScreenShots,class,18,19,1,18,19,2,0,55,45,0.0,0.0,0.0,10,0,2,8,0,0,2,0,0,0,0,0,0,0,0,0,0,0,2,138,6,4,1,0,2,11,22,61,12,41,3,0,0,1,123,1,1
/Users/kaiohs/Downloads/codes/lab02-experimentacao-software/data/repos/NationalSecurityAgency__ghidra/Ghidra/Test/IntegrationTest/src/test.slow/java/ghidra/pcode/emu/jit/gen/AbstractJitCodeGeneratorTest.java,ghidra.pcode.emu.jit.gen.AbstractJitCodeGeneratorTest,class,43,47,4,43,28,7,3,91,114,0.9285714,0.0,0.0,16,6,7,0,2,7,16,1,0,0,7,7,0,0,3,4,7,0,22,204,11,4,0,1,0,25,6,51,0,53,2,0,3,3,147,1025,0
/Users/kaiohs/Downloads/codes/lab02-experimentacao-software/data/repos/NationalSecurityAgency__ghidra/Ghidra/Framework/Emulation/src/main/java/ghidra/pcode/emu/jit/var/AbstractJitVarnodeVar.java,ghidra.pcode.emu.jit.var.AbstractJitVarnodeVar,class,4,10,6,4,5,3,4,6,0,0.0,0.0,0.0,4,0,4,0,0,0,4,0,0,0,1,0,0,0,1,0,1,0,0,19,3,0,0,0,0,2,1,1,0,1,1,0,0,0,28,1025,0
/Users/kaiohs/Downloads/codes/lab02-experimentacao-software/data/repos/NationalSecurityAgency__ghidra/Ghidra/Framework/SoftwareModeling/src/test/java/ghidra/program/model/lang/RegisterManagerTest.java,ghidra.program.model.lang.RegisterManagerTest,class,7,8,1,7,9,2,0,19,15,0.0,0.0,0.0,6,0,4,2,0,0,4,0,0,0,0,0,0,0,0,0,0,0,0,178,1,0,3,0,0,93,279,8,0,8,0,0,0,0,29,1,0
/Users/kaiohs/Downloads/codes/lab02-experimentacao-software/data/repos/NationalSecurityAgency__ghidra/Ghidra/Test/IntegrationTest/src/screen/java/help/screenshot/RepositoryScreenShots.java,help.screenshot.RepositoryScreenShots$Anonymous5,anonymous,4,4,0,4,3,1,0,5,3,0.0,0.0,0.0,3,0,3,0,0,0,3,0,0,0,0,0,0,0,0,0,0,0,0,17,0,0,0,0,0,6,2,6,0,6,0,0,0,0,19,-1,0
/Users/kaiohs/Downloads/codes/lab02-experimentacao-software/data/repos/NationalSecurityAgency__ghidra/Ghidra/Test/IntegrationTest/src/screen/java/help/screenshot/RepositoryScreenShots.java,help.screenshot.RepositoryScreenShots$Anonymous6,anonymous,5,5,0,5,3,1,0,2,3,0.0,0.0,0.0,3,0,3,0,0,0,3,0,0,0,0,0,0,0,0,0,0,0,0,13,0,0,0,0,0,7,4,0,0,0,0,0,0,0,17,-1,0
/Users/kaiohs/Downloads/codes/lab02-experimentacao-software/data/repos/NationalSecurityAgency__ghidra/Ghidra/Test/IntegrationTest/src/screen/java/help/screenshot/RepositoryScreenShots.java,help.screenshot.RepositoryScreenShots$Anonymous3,anonymous,10,10,0,10,7,1,0,10,3,0.0,0.0,0.0,3,0,3,0,0,0,3,0,0,0,0,0,0,0,0,0,0,0,0,47,0,0,0,2,0,17,5,13,0,13,1,0,0,0,32,-1,0
/Users/kaiohs/Downloads/codes/lab02-experimentacao-software/data/repos/NationalSecurityAgency__ghidra/GhidraBuild/Skeleton/src/main/java/skeleton/SkeletonLoader.java,skeleton.SkeletonLoader,class,7,7,0,7,5,2,0,6,10,0.0,0.0,0.0,5,0,4,0,1,0,5,0,0,0,0,0,0,0,0,0,0,0,0,19,4,0,0,0,0,3,0,2,0,2,0,0,0,0,43,1,0
/Users/kaiohs/Downloads/codes/lab02-experimentacao-software/data/repos/NationalSecurityAgency__ghidra/Ghidra/Test/IntegrationTest/src/screen/java/help/screenshot/RepositoryScreenShots.java,help.screenshot.RepositoryScreenShots$Anonymous4,anonymous,4,4,0,4,6,1,0,5,3,0.0,0.0,0.0,3,0,3,0,0,0,3,0,0,0,0,0,0,0,0,0,0,0,0,33,0,0,0,2,0,10,0,9,0,9,1,0,0,0,26,-1,0
/Users/kaiohs/Downloads/codes/lab02-experimentacao-software/data/repos/NationalSecurityAgency__ghidra/Ghidra/Test/IntegrationTest/src/screen/java/help/screenshot/RepositoryScreenShots.java,help.screenshot.RepositoryScreenShots$Anonymous1,anonymous,2,2,0,2,4,1,0,4,1,0.0,0.0,0.0,2,0,2,0,0,0,2,0,0,0,0,0,0,0,0,0,0,0,0,20,0,0,0,2,0,2,2,2,0,2,1,0,0,0,11,-1,0
/Users/kaiohs/Downloads/codes/lab02-experimentacao-software/data/repos/NationalSecurityAgency__ghidra/Ghidra/Test/IntegrationTest/src/screen/java/help/screenshot/RepositoryScreenShots.java,help.screenshot.RepositoryScreenShots$Anonymous2,anonymous,4,4,0,4,7,1,0,11,3,0.0,0.0,0.0,3,0,3,0,0,0,3,0,0,0,0,0,0,0,0,0,0,0,0,46,0,0,0,4,0,23,0,8,0,7,2,0,0,0,31,-1,0
/Users/kaiohs/Downloads/codes/lab02-experimentacao-software/data/repos/NationalSecurityAgency__ghidra/Ghidra/Test/DebuggerIntegrationTest/src/test/java/ghidra/app/plugin/core/debug/gui/memory/DebuggerMemoryBytesProviderTest.java,ghidra.app.plugin.core.debug.gui.memory.DebuggerMemoryBytesProviderTest,class,48,49,1,48,47,3,0,146,0,0.64166665,0.0,0.0,40,2,32,0,8,0,40,0,0,0,3,0,0,0,3,0,0,0,18,856,3,4,3,37,1,126,331,177,8,174,3,0,0,35,261,1,0
/Users/kaiohs/Downloads/codes/lab02-experimentacao-software/data/repos/NationalSecurityAgency__ghidra/Ghidra/Framework/Emulation/src/test/java/ghidra/pcode/emu/SparseAddressRangeMapTest.java,ghidra.pcode.emu.SparseAddressRangeMapTest,class,8,9,1,8,6,1,0,9,15,0.8333333,0.0,0.0,6,0,4,0,0,2,6,0,0,0,1,0,0,0,0,1,0,0,0,42,2,0,0,0,0,17,23,5,0,5,0,0,0,0,32,1,0
/Users/kaiohs/Downloads/codes/lab02-experimentacao-software/data/repos/NationalSecurityAgency__ghidra/Ghidra/Test/IntegrationTest/src/screen/java/help/screenshot/RepositoryScreenShots.java,help.screenshot.RepositoryScreenShots$Anonymous9,anonymous,11,11,0,11,6,1,0,11,3,0.0,0.0,0.0,3,0,3,0,0,0,3,0,0,0,0,0,0,0,0,0,0,0,0,35,0,0,0,3,0,9,0,8,0,8,1,0,0,0,28,-1,0
/Users/kaiohs/Downloads/codes/lab02-experimentacao-software/data/repos/NationalSecurityAgency__ghidra/Ghidra/Test/DebuggerIntegrationTest/src/test.slow/java/agent/x64dbg/rmi/AbstractX64dbgTraceRmiTest.java,agent.x64dbg.rmi.AbstractX64dbgTraceRmiTest,class,25,29,4,25,81,5,3,118,717,0.96844184,0.0,0.0,39,5,9,0,28,2,41,0,0,0,13,7,4,3,6,0,8,0,31,360,25,7,12,9,4,79,30,68,13,67,3,1,1,10,224,1025,8
/Users/kaiohs/Downloads/codes/lab02-experimentacao-software/data/repos/NationalSecurityAgency__ghidra/Ghidra/Test/IntegrationTest/src/test.slow/java/ghidra/app/plugin/core/clipboard/ClipboardPluginTest.java,ghidra.app.plugin.core.clipboard.ClipboardPluginTest$Anonymous1,anonymous,0,0,0,0,5,1,0,1,3,0.0,0.0,0.0,3,0,3,0,0,0,3,0,0,0,0,0,0,0,0,0,0,0,0,17,5,0,0,0,0,0,0,0,0,0,1,0,0,0,17,-1,0
/Users/kaiohs/Downloads/codes/lab02-experimentacao-software/data/repos/NationalSecurityAgency__ghidra/Ghidra/Test/IntegrationTest/src/test.slow/java/ghidra/app/plugin/core/clipboard/ClipboardPluginTest.java,ghidra.app.plugin.core.clipboard.ClipboardPluginTest$Anonymous2,anonymous,0,0,0,0,5,1,0,1,3,0.0,0.0,0.0,3,0,3,0,0,0,3,0,0,0,0,0,0,0,0,0,0,0,0,17,5,0,0,0,0,0,0,0,0,0,1,0,0,0,17,-1,0
/Users/kaiohs/Downloads/codes/lab02-experimentacao-software/data/repos/NationalSecurityAgency__ghidra/Ghidra/Test/DebuggerIntegrationTest/src/test/java/ghidra/app/plugin/core/debug/service/breakpoint/AbstractDebuggerLogicalBreakpointServiceTest.java,ghidra.app.plugin.core.debug.service.breakpoint.AbstractDebuggerLogicalBreakpointServiceTest$NoDuplicatesBreakpointsChangeListener,innerclass,2,2,0,2,4,1,0,9,0,0.0,0.0,0.0,4,0,4,0,0,0,4,0,0,4,1,0,0,1,0,0,0,0,3,21,0,0,0,0,0,6,0,1,3,1,1,0,0,1,46,4,3
/Users/kaiohs/Downloads/codes/lab02-experimentacao-software/data/repos/NationalSecurityAgency__ghidra/Ghidra/Test/IntegrationTest/src/screen/java/help/screenshot/FunctionBitPatternsExplorerPluginScreenShots.java,help.screenshot.FunctionBitPatternsExplorerPluginScreenShots,class,5,5,0,5,4,2,0,10,1,0.0,0.0,0.0,2,0,2,0,0,0,2,0,0,0,0,0,0,0,0,0,0,0,0,35,0,0,0,2,0,2,3,3,0,3,2,0,0,3,35,1,2
/Users/kaiohs/Downloads/codes/lab02-experimentacao-software/data/repos/NationalSecurityAgency__ghidra/Ghidra/Test/IntegrationTest/src/screen/java/help/screenshot/AnnotationsScreenShots.java,help.screenshot.AnnotationsScreenShots,class,5,6,1,5,6,2,0,13,15,0.0,0.0,0.0,6,0,5,1,0,0,5,0,0,0,0,0,0,0,0,0,0,0,0,35,0,0,0,0,0,10,11,4,0,4,0,0,0,0,54,1,0
/Users/kaiohs/Downloads/codes/lab02-experimentacao-software/data/repos/NationalSecurityAgency__ghidra/Ghidra/Framework/Emulation/src/main/java/ghidra/pcode/exec/ConcretionError.java,ghidra.pcode.exec.ConcretionError,class,2,5,3,2,2,5,0,0,0,0.0,0.0,0.0,2,0,2,0,0,0,2,0,0,0,1,0,0,1,0,0,1,0,0,10,1,0,0,0,0,0,0,1,0,1,0,0,0,0,27,1,0
/Users/kaiohs/Downloads/codes/lab02-experimentacao-software/data/repos/NationalSecurityAgency__ghidra/Ghidra/Framework/Emulation/src/main/java/ghidra/pcode/emu/jit/gen/var/MemoryOutVarGen.java,ghidra.pcode.emu.jit.gen.var.MemoryOutVarGen,interface,21,21,0,21,3,1,0,8,3,0.0,0.0,0.0,3,0,0,0,0,3,3,0,0,0,0,0,0,0,0,0,0,0,3,11,3,0,0,0,0,0,0,0,0,0,0,0,0,0,25,1,0
/Users/kaiohs/Downloads/codes/lab02-experimentacao-software/data/repos/NationalSecurityAgency__ghidra/Ghidra/Test/IntegrationTest/src/test.slow/java/ghidra/program/model/lang/Sparc32ProtoModelTest.java,ghidra.program.model.lang.Sparc32ProtoModelTest,class,4,4,0,4,2,3,0,4,1,0.0,0.0,0.0,2,0,2,0,0,0,2,0,0,0,0,0,0,0,0,0,0,0,0,20,0,0,0,0,0,26,0,1,0,1,0,0,0,0,20,1,0
/Users/kaiohs/Downloads/codes/lab02-experimentacao-software/data/repos/NationalSecurityAgency__ghidra/Ghidra/Test/DebuggerIntegrationTest/src/test/java/ghidra/app/plugin/core/debug/service/modules/DynamicStaticSynchronizationPluginTest.java,ghidra.app.plugin.core.debug.service.modules.DynamicStaticSynchronizationPluginTest,class,31,32,1,31,17,3,0,84,0,0.6764706,0.0,0.0,17,0,16,0,1,0,17,0,0,0,6,0,0,0,6,0,0,0,5,296,0,0,0,8,0,29,113,59,0,57,1,2,0,11,127,1,0
/Users/kaiohs/Downloads/codes/lab02-experimentacao-software/data/repos/NationalSecurityAgency__ghidra/Ghidra/Framework/Emulation/src/main/java/ghidra/pcode/emu/jit/gen/op/IntExtUnOpGen.java,ghidra.pcode.emu.jit.gen.op.IntExtUnOpGen,interface,12,15,3,12,1,1,0,0,0,0.0,NaN,NaN,1,0,0,0,0,1,1,0,0,0,0,0,0,0,0,0,0,0,0,4,0,0,0,0,0,0,0,0,0,0,0,0,0,0,65,1,0
/Users/kaiohs/Downloads/codes/lab02-experimentacao-software/data/repos/NationalSecurityAgency__ghidra/Ghidra/Test/IntegrationTest/src/test.slow/java/ghidra/framework/main/datatree/VersionControlAction1Test.java,ghidra.framework.main.datatree.VersionControlAction1Test$Anonymous2,anonymous,0,0,0,0,1,1,0,1,0,0.0,NaN,NaN,1,0,1,0,0,0,1,0,0,0,0,0,0,0,0,0,0,0,0,5,0,0,0,0,0,0,1,0,0,0,0,0,0,0,3,-1,0
/Users/kaiohs/Downloads/codes/lab02-experimentacao-software/data/repos/NationalSecurityAgency__ghidra/Ghidra/Framework/Emulation/src/main/java/ghidra/pcode/exec/PcodeUseropLibraryFactory.java,ghidra.pcode.exec.PcodeUseropLibraryFactory,interface,7,9,2,7,9,1,0,27,6,0.75,0.0,0.0,4,2,0,0,0,4,4,0,0,0,1,1,1,0,0,0,1,0,4,39,5,1,2,0,2,6,1,8,2,11,2,0,0,4,186,1,3
/Users/kaiohs/Downloads/codes/lab02-experimentacao-software/data/repos/NationalSecurityAgency__ghidra/Ghidra/Test/IntegrationTest/src/test.slow/java/ghidra/framework/main/datatree/VersionControlAction1Test.java,ghidra.framework.main.datatree.VersionControlAction1Test$Anonymous1,anonymous,0,0,0,0,1,1,0,1,0,0.0,NaN,NaN,1,0,1,0,0,0,1,0,0,0,0,0,0,0,0,0,0,0,0,5,0,0,0,0,0,0,1,0,0,0,0,0,0,0,3,-1,0
/Users/kaiohs/Downloads/codes/lab02-experimentacao-software/data/repos/NationalSecurityAgency__ghidra/Ghidra/Framework/Emulation/src/main/java/ghidra/pcode/emu/jit/gen/op/BranchOpGen.java,ghidra.pcode.emu.jit.gen.op.BranchOpGen$BranchGen,innerclass,12,12,0,12,4,1,0,0,6,0.0,0.0,0.0,4,0,0,0,0,4,4,4,0,0,0,0,0,0,0,0,0,0,0,6,0,0,0,0,0,0,0,0,0,0,0,0,0,0,71,1032,0
/Users/kaiohs/Downloads/codes/lab02-experimentacao-software/data/repos/NationalSecurityAgency__ghidra/Ghidra/Test/IntegrationTest/src/screen/java/help/screenshot/TablesScreenShots.java,help.screenshot.TablesScreenShots,class,11,12,1,11,6,2,0,17,15,0.0,0.0,0.0,6,0,4,2,0,0,4,0,0,0,0,0,0,0,0,0,0,0,0,52,0,0,0,0,0,6,5,8,0,8,0,2,0,0,47,1,0
/Users/kaiohs/Downloads/codes/lab02-experimentacao-software/data/repos/NationalSecurityAgency__ghidra/Ghidra/Framework/Emulation/src/test/java/ghidra/pcode/emu/jit/JitJvmTypeUtilsTest.java,ghidra.pcode.emu.jit.JitJvmTypeUtilsTest$Anonymous2,anonymous,0,0,0,0,0,1,0,0,0,0.0,-1.0,-1.0,0,0,0,0,0,0,0,0,0,0,0,0,0,0,0,0,0,0,0,2,0,0,0,0,0,0,0,0,0,0,0,0,0,0,0,-1,0
/Users/kaiohs/Downloads/codes/lab02-experimentacao-software/data/repos/NationalSecurityAgency__ghidra/Ghidra/Framework/Emulation/src/test/java/ghidra/pcode/emu/jit/JitJvmTypeUtilsTest.java,ghidra.pcode.emu.jit.JitJvmTypeUtilsTest$Anonymous3,anonymous,0,0,0,0,0,1,0,0,0,0.0,-1.0,-1.0,0,0,0,0,0,0,0,0,0,0,0,0,0,0,0,0,0,0,0,2,0,0,0,0,0,0,0,0,0,0,0,0,0,0,0,-1,0
/Users/kaiohs/Downloads/codes/lab02-experimentacao-software/data/repos/NationalSecurityAgency__ghidra/Ghidra/Framework/Emulation/src/test/java/ghidra/pcode/emu/jit/JitJvmTypeUtilsTest.java,ghidra.pcode.emu.jit.JitJvmTypeUtilsTest$Anonymous1,anonymous,1,1,0,1,1,1,0,2,0,0.0,NaN,NaN,1,0,1,0,0,0,1,0,0,0,0,0,0,0,0,0,0,0,0,6,1,0,0,0,0,0,0,0,0,0,0,0,0,0,5,-1,0
/Users/kaiohs/Downloads/codes/lab02-experimentacao-software/data/repos/NationalSecurityAgency__ghidra/Ghidra/Framework/Emulation/src/test/java/ghidra/pcode/emu/jit/JitJvmTypeUtilsTest.java,ghidra.pcode.emu.jit.JitJvmTypeUtilsTest$Anonymous4,anonymous,0,0,0,0,0,1,0,0,0,0.0,-1.0,-1.0,0,0,0,0,0,0,0,0,0,0,0,0,0,0,0,0,0,0,0,2,0,0,0,0,0,0,0,0,0,0,0,0,0,0,0,-1,0
/Users/kaiohs/Downloads/codes/lab02-experimentacao-software/data/repos/NationalSecurityAgency__ghidra/Ghidra/Framework/Emulation/src/main/java/ghidra/pcode/emu/jit/gen/util/RootScope.java,ghidra.pcode.emu.jit.gen.util.RootScope,class,10,13,3,10,9,1,0,9,5,0.6944445,0.0,0.0,6,0,3,0,2,1,6,0,0,0,6,0,0,0,6,0,3,0,0,43,4,1,1,0,0,2,0,11,0,10,1,0,0,0,58,0,0
/Users/kaiohs/Downloads/codes/lab02-experimentacao-software/data/repos/NationalSecurityAgency__ghidra/Ghidra/Framework/Emulation/src/test/java/ghidra/pcode/emu/jit/JitJvmTypeUtilsTest.java,ghidra.pcode.emu.jit.JitJvmTypeUtilsTest$Anonymous5,anonymous,0,0,0,0,0,1,0,0,0,0.0,-1.0,-1.0,0,0,0,0,0,0,0,0,0,0,0,0,0,0,0,0,0,0,0,2,0,0,0,0,0,0,0,0,0,0,0,0,0,0,0,-1,0
/Users/kaiohs/Downloads/codes/lab02-experimentacao-software/data/repos/NationalSecurityAgency__ghidra/Ghidra/Framework/Emulation/src/main/java/ghidra/pcode/opbehavior/OpBehaviorIntLeft.java,ghidra.pcode.opbehavior.OpBehaviorIntLeft,class,2,3,1,2,8,3,0,6,3,0.0,0.0,0.0,3,0,3,0,0,0,3,0,0,0,0,0,0,0,0,0,0,0,1,21,4,0,0,0,2,1,7,1,3,1,1,0,0,0,18,1,0
/Users/kaiohs/Downloads/codes/lab02-experimentacao-software/data/repos/NationalSecurityAgency__ghidra/Ghidra/Test/IntegrationTest/src/test.slow/java/ghidra/app/plugin/compare/CompareFunctionsFunctionGraphViewTest.java,ghidra.app.plugin.compare.CompareFunctionsFunctionGraphViewTest,class,36,38,2,36,50,2,0,96,440,0.85625,0.0,0.0,32,0,7,25,0,0,7,0,0,0,5,0,0,5,0,0,0,0,6,381,19,6,3,0,1,29,5,131,7,122,2,0,1,11,181,1,0
/Users/kaiohs/Downloads/codes/lab02-experimentacao-software/data/repos/NationalSecurityAgency__ghidra/Ghidra/Framework/Emulation/src/main/java/ghidra/app/emulator/memory/MemoryImage.java,ghidra.app.emulator.memory.MemoryImage,class,6,7,1,6,4,2,0,6,0,0.25,0.0,0.0,4,0,2,0,2,0,4,0,0,0,1,0,0,1,0,0,0,0,0,20,1,0,0,0,0,1,2,5,0,5,0,0,0,0,103,1,0
/Users/kaiohs/Downloads/codes/lab02-experimentacao-software/data/repos/NationalSecurityAgency__ghidra/Ghidra/Framework/Emulation/src/main/java/ghidra/pcode/emu/jit/gen/var/ValGen.java,ghidra.pcode.emu.jit.gen.var.ValGen,interface,18,29,11,18,9,1,0,0,36,0.0,0.0,0.0,9,2,0,0,0,9,9,0,0,0,0,0,0,0,0,0,0,0,0,14,1,0,0,0,0,3,0,0,0,0,0,0,0,0,243,1,0
/Users/kaiohs/Downloads/codes/lab02-experimentacao-software/data/repos/NationalSecurityAgency__ghidra/GPL/DMG/src/dmg/java/mobiledevices/dmg/ghidra/GSystemUtilities.java,mobiledevices.dmg.ghidra.GSystemUtilities,class,0,0,0,0,2,1,0,1,0,0.0,NaN,NaN,1,1,1,0,0,0,1,0,0,0,0,0,0,0,0,0,0,0,0,8,2,0,2,0,1,0,0,0,0,0,1,0,0,0,9,1,0
/Users/kaiohs/Downloads/codes/lab02-experimentacao-software/data/repos/NationalSecurityAgency__ghidra/Ghidra/Framework/SoftwareModeling/src/main/java/ghidra/app/plugin/assembler/sleigh/parse/AssemblyParseActionGotoTable.java,ghidra.app.plugin.assembler.sleigh.parse.AssemblyParseActionGotoTable$ReduceAction,innerclass,2,2,0,2,2,2,0,1,0,0.0,0.0,0.0,2,0,2,0,0,0,2,0,0,0,1,0,0,0,1,0,0,0,0,9,1,0,0,0,0,1,0,1,1,1,0,0,0,0,15,9,0
/Users/kaiohs/Downloads/codes/lab02-experimentacao-software/data/repos/NationalSecurityAgency__ghidra/Ghidra/Framework/Emulation/src/main/java/ghidra/pcode/emu/jit/gen/op/IntOpBinOpGen.java,ghidra.pcode.emu.jit.gen.op.IntOpBinOpGen,interface,21,29,8,21,4,1,0,0,6,0.0,0.0,0.0,4,0,0,0,0,4,4,0,0,0,0,0,0,0,0,0,0,0,0,7,0,0,0,0,0,0,0,0,0,0,0,0,0,0,82,1,0
/Users/kaiohs/Downloads/codes/lab02-experimentacao-software/data/repos/NationalSecurityAgency__ghidra/GhidraBuild/EclipsePlugins/GhidraDev/GhidraDevPlugin/src/main/java/ghidradev/ghidraprojectcreator/wizards/pages/ChooseGhidraInstallationWizardPage.java,ghidradev.ghidraprojectcreator.wizards.pages.ChooseGhidraInstallationWizardPage,class,12,18,6,12,13,2,0,31,0,0.5,0.0,0.0,5,0,3,2,0,0,3,0,0,0,2,0,0,2,0,0,0,0,4,73,1,1,1,2,0,13,1,13,3,10,4,0,0,2,106,1,0
/Users/kaiohs/Downloads/codes/lab02-experimentacao-software/data/repos/NationalSecurityAgency__ghidra/Ghidra/Framework/Emulation/src/main/java/ghidra/pcode/emu/jit/gen/op/BoolOrOpGen.java,ghidra.pcode.emu.jit.gen.op.BoolOrOpGen,enum,12,12,0,12,2,1,0,2,1,0.0,0.0,0.0,2,0,2,0,0,0,2,0,0,0,0,0,0,0,0,0,0,0,2,8,2,0,0,0,0,0,0,0,0,0,0,0,0,0,69,1,0
/Users/kaiohs/Downloads/codes/lab02-experimentacao-software/data/repos/NationalSecurityAgency__ghidra/Ghidra/Framework/Emulation/src/main/java/ghidra/pcode/exec/SleighUtils.java,ghidra.pcode.exec.SleighUtils$Anonymous1$Anonymous2,anonymous,2,2,0,2,2,1,0,1,1,0.0,0.0,0.0,2,0,2,0,0,0,2,0,0,0,0,0,0,0,0,0,0,0,0,8,0,0,0,0,0,0,0,0,0,0,0,0,0,0,10,-1,0
/Users/kaiohs/Downloads/codes/lab02-experimentacao-software/data/repos/NationalSecurityAgency__ghidra/Ghidra/Test/IntegrationTest/src/screen/java/help/screenshot/FunctionComparisonScreenShots.java,help.screenshot.FunctionComparisonScreenShots,class,20,21,1,20,12,2,0,41,13,0.5818182,0.0,0.0,11,0,8,3,0,0,8,0,0,0,5,2,0,5,0,0,2,0,0,130,1,0,0,1,0,17,27,33,1,33,2,1,0,1,118,1,0
/Users/kaiohs/Downloads/codes/lab02-experimentacao-software/data/repos/NationalSecurityAgency__ghidra/Ghidra/Test/DebuggerIntegrationTest/src/test/java/ghidra/pcode/exec/TraceRmiPcodeExecTest.java,ghidra.pcode.exec.TraceRmiPcodeExecTest,class,17,18,1,17,4,3,0,43,0,0.0,0.0,0.0,4,0,3,0,1,0,4,0,0,0,3,0,0,0,0,3,0,0,3,79,3,0,0,5,0,26,4,28,0,28,2,0,0,6,79,1,0
/Users/kaiohs/Downloads/codes/lab02-experimentacao-software/data/repos/NationalSecurityAgency__ghidra/Ghidra/Test/IntegrationTest/src/test.slow/java/ghidra/program/database/sourcemap/UserDataPathTransformerTest.java,ghidra.program.database.sourcemap.UserDataPathTransformerTest,class,9,9,0,9,27,2,0,24,0,0.79166675,0.0,0.0,26,0,26,0,0,0,26,0,0,0,12,0,0,12,0,0,0,0,1,211,0,0,1,2,0,101,11,27,2,23,1,0,0,0,102,1,0
/Users/kaiohs/Downloads/codes/lab02-experimentacao-software/data/repos/NationalSecurityAgency__ghidra/Ghidra/Test/IntegrationTest/src/screen/java/help/screenshot/ThemingScreenShots.java,help.screenshot.ThemingScreenShots,class,11,11,0,11,6,2,0,8,0,0.0,0.0,0.0,6,0,6,0,0,0,6,0,0,0,1,0,0,1,0,0,0,0,0,42,0,0,0,0,0,5,5,7,0,10,1,0,0,3,24,1,0
/Users/kaiohs/Downloads/codes/lab02-experimentacao-software/data/repos/NationalSecurityAgency__ghidra/Ghidra/Framework/Emulation/src/main/java/ghidra/pcode/memstate/MemoryPageOverlay.java,ghidra.pcode.memstate.MemoryPageOverlay,class,7,7,0,7,5,3,0,9,0,0.0,0.0,0.0,2,0,1,0,1,0,2,0,0,0,1,0,0,0,1,0,0,0,0,27,3,1,1,0,1,1,2,7,0,5,3,0,0,0,76,1,0
/Users/kaiohs/Downloads/codes/lab02-experimentacao-software/data/repos/NationalSecurityAgency__ghidra/Ghidra/Test/DebuggerIntegrationTest/src/test/java/ghidra/app/plugin/core/debug/gui/tracermi/launcher/ScriptTraceRmiLaunchOfferTest.java,ghidra.app.plugin.core.debug.gui.tracermi.launcher.ScriptTraceRmiLaunchOfferTest$TestScriptTraceRmiLaunchOffer,innerclass,10,10,0,10,3,2,0,6,3,0.6666667,0.0,0.0,3,0,1,0,2,0,3,0,0,0,1,0,0,0,0,1,0,0,2,16,2,0,0,0,1,1,1,4,1,3,0,0,0,0,32,0,0
/Users/kaiohs/Downloads/codes/lab02-experimentacao-software/data/repos/NationalSecurityAgency__ghidra/GhidraBuild/EclipsePlugins/GhidraDev/GhidraDevPlugin/src/main/java/ghidradev/ghidraprojectcreator/utils/PackageFragmentRootSelectionDialog.java,ghidradev.ghidraprojectcreator.utils.PackageFragmentRootSelectionDialog,class,7,7,0,7,4,2,0,10,1,0.0,0.0,0.0,2,0,2,0,0,0,2,0,0,0,0,0,0,0,0,0,0,0,0,35,2,0,1,0,0,0,3,1,0,1,1,2,0,0,65,1,0
/Users/kaiohs/Downloads/codes/lab02-experimentacao-software/data/repos/NationalSecurityAgency__ghidra/Ghidra/Test/DebuggerIntegrationTest/src/test/java/ghidra/app/plugin/core/debug/gui/AbstractGhidraHeadedDebuggerIntegrationTest.java,ghidra.app.plugin.core.debug.gui.AbstractGhidraHeadedDebuggerIntegrationTest$Anonymous1,anonymous,2,2,0,2,2,1,0,1,1,0.0,0.0,0.0,2,0,0,0,2,0,2,0,0,0,0,0,0,0,0,0,0,0,0,8,2,0,0,0,0,0,0,0,0,0,0,0,0,0,7,-1,0
/Users/kaiohs/Downloads/codes/lab02-experimentacao-software/data/repos/NationalSecurityAgency__ghidra/GhidraBuild/Skeleton/src/main/java/skeleton/SkeletonFileSystem.java,skeleton.SkeletonFileSystem$MyFileSystemFactory,innerclass,7,7,0,7,2,1,0,1,1,0.0,0.0,0.0,2,0,2,0,0,0,2,0,0,0,0,0,0,0,0,0,0,0,0,10,2,0,0,0,0,0,0,1,0,1,0,0,0,0,24,9,0
/Users/kaiohs/Downloads/codes/lab02-experimentacao-software/data/repos/NationalSecurityAgency__ghidra/Ghidra/Test/IntegrationTest/src/screen/java/help/screenshot/TreesScreenShots.java,help.screenshot.TreesScreenShots$IntEditorProvider,innerclass,5,5,0,5,3,1,0,2,3,0.0,0.0,0.0,3,0,3,0,0,0,3,0,0,0,0,0,0,0,0,0,0,0,1,11,3,0,0,0,0,0,0,0,0,1,0,0,0,1,16,8,0
/Users/kaiohs/Downloads/codes/lab02-experimentacao-software/data/repos/NationalSecurityAgency__ghidra/Ghidra/Framework/Emulation/src/main/java/ghidra/pcode/exec/SleighProgramCompiler.java,ghidra.pcode.exec.DetailedSleighException,class,2,3,1,2,2,2,0,2,0,0.0,0.0,0.0,2,0,2,0,0,0,2,0,0,0,1,0,0,1,0,0,1,0,1,10,1,0,0,0,0,0,0,1,0,1,0,0,0,0,6,9,0
/Users/kaiohs/Downloads/codes/lab02-experimentacao-software/data/repos/NationalSecurityAgency__ghidra/Ghidra/Test/IntegrationTest/src/test/java/ghidra/util/bean/PathManagerTest.java,ghidra.util.bean.PathManagerTest$Anonymous1,anonymous,0,0,0,0,2,1,0,0,1,0.0,0.0,0.0,2,0,2,0,0,0,2,0,0,0,0,0,0,0,0,0,0,0,0,7,0,0,0,0,0,0,0,1,0,0,0,0,0,0,9,-1,0
/Users/kaiohs/Downloads/codes/lab02-experimentacao-software/data/repos/NationalSecurityAgency__ghidra/Ghidra/Framework/SoftwareModeling/src/main/java/ghidra/app/plugin/assembler/sleigh/sem/AbstractAssemblyResolutionFactory.java,ghidra.app.plugin.assembler.sleigh.sem.AbstractAssemblyResolutionFactory$DefaultAssemblyResolvedPatternBuilder,innerclass,3,3,0,3,1,3,0,0,0,0.0,NaN,NaN,1,0,0,0,1,0,1,0,0,0,0,0,0,0,0,0,0,0,0,5,1,0,0,0,0,0,0,0,0,0,0,0,0,0,7,1,0
/Users/kaiohs/Downloads/codes/lab02-experimentacao-software/data/repos/NationalSecurityAgency__ghidra/GhidraBuild/BuildFiles/Doclets/src/main/java/ghidra/doclets/typestubs/GhidraBuiltinsBuilder.java,ghidra.doclets.typestubs.GhidraBuiltinsBuilder,class,6,8,2,6,19,1,0,49,13,0.5681818,0.0,0.0,11,1,0,9,0,2,2,0,0,0,4,1,0,4,0,0,4,0,7,134,4,6,0,2,0,23,0,26,4,27,1,0,0,1,116,0,0
/Users/kaiohs/Downloads/codes/lab02-experimentacao-software/data/repos/NationalSecurityAgency__ghidra/GhidraBuild/Skeleton/src/main/java/skeleton/SkeletonExporter.java,skeleton.SkeletonExporter,class,6,6,0,6,5,2,0,4,10,0.0,0.0,0.0,5,0,5,0,0,0,5,0,0,0,0,0,0,0,0,0,0,0,0,18,3,0,0,0,0,4,0,1,0,1,0,0,0,0,38,1,0
/Users/kaiohs/Downloads/codes/lab02-experimentacao-software/data/repos/NationalSecurityAgency__ghidra/Ghidra/Test/IntegrationTest/src/screen/java/help/screenshot/DecompilerTextFinderPluginScreenShots.java,help.screenshot.DecompilerTextFinderPluginScreenShots,class,6,6,0,6,2,2,0,13,1,0.0,0.0,0.0,2,0,2,0,0,0,2,0,0,0,0,0,0,0,0,0,0,0,0,21,0,0,0,0,0,5,0,6,0,6,0,0,0,1,37,1,0
/Users/kaiohs/Downloads/codes/lab02-experimentacao-software/data/repos/NationalSecurityAgency__ghidra/GhidraBuild/EclipsePlugins/GhidraDev/GhidraDevPlugin/src/main/java/ghidradev/ghidraprojectcreator/wizards/pages/ConfigureGradleWizardPage.java,ghidradev.ghidraprojectcreator.wizards.pages.ConfigureGradleWizardPage,class,22,25,3,22,23,2,0,42,0,0.6000001,0.0,0.0,5,0,4,1,0,0,4,0,0,0,6,0,0,6,0,0,0,0,4,132,3,0,6,1,0,20,1,29,3,27,3,1,0,2,114,1,1
/Users/kaiohs/Downloads/codes/lab02-experimentacao-software/data/repos/NationalSecurityAgency__ghidra/Ghidra/Framework/Emulation/src/main/java/ghidra/pcode/emu/jit/analysis/JitDataFlowState.java,ghidra.pcode.emu.jit.analysis.JitDataFlowState,class,22,25,3,22,26,1,0,20,113,0.86507934,0.0,0.0,18,0,16,0,0,2,18,0,0,0,7,0,0,7,0,0,7,0,1,258,17,0,1,0,3,3,0,10,0,10,2,0,1,0,284,1,1
/Users/kaiohs/Downloads/codes/lab02-experimentacao-software/data/repos/NationalSecurityAgency__ghidra/Ghidra/Framework/Pty/src/main/java/ghidra/pty/windows/Pipe.java,ghidra.pty.windows.Pipe,class,5,7,2,5,6,1,0,4,0,0.2,0.0,0.0,5,1,4,1,0,0,4,0,0,0,2,0,0,2,0,0,2,0,0,26,3,0,0,0,0,0,1,4,0,4,1,0,0,0,30,1,0
/Users/kaiohs/Downloads/codes/lab02-experimentacao-software/data/repos/NationalSecurityAgency__ghidra/Ghidra/Framework/SoftwareModeling/src/test/java/ghidra/program/database/data/merge/UnionMergerTest.java,ghidra.program.database.data.merge.UnionMergerTest$UnionBuilder,innerclass,4,4,0,4,5,1,0,2,0,0.0,0.0,0.0,5,0,5,0,0,0,5,0,0,0,1,0,0,1,0,0,0,0,0,20,4,0,0,0,0,0,2,1,0,1,0,0,0,0,11,2,0
/Users/kaiohs/Downloads/codes/lab02-experimentacao-software/data/repos/NationalSecurityAgency__ghidra/GPL/DMG/src/dmg/java/mobiledevices/dmg/reader/DmgFileReader.java,mobiledevices.dmg.reader.DmgFileReader,class,32,35,3,32,58,1,0,57,30,0.78571427,0.0,0.0,12,0,9,3,0,0,9,0,0,0,7,2,0,7,0,0,2,0,4,229,20,5,22,2,0,11,25,60,6,53,4,0,0,0,151,1,0
/Users/kaiohs/Downloads/codes/lab02-experimentacao-software/data/repos/NationalSecurityAgency__ghidra/Ghidra/Framework/Emulation/src/main/java/ghidra/pcode/emu/jit/op/JitCallOtherOpIf.java,ghidra.pcode.emu.jit.op.JitCallOtherOpIf,interface,6,11,5,6,11,1,0,9,36,0.0,0.0,0.0,9,0,0,0,0,9,9,0,0,0,0,0,0,0,0,0,0,0,0,25,3,2,0,0,0,0,2,2,0,2,1,0,0,0,129,1,0
/Users/kaiohs/Downloads/codes/lab02-experimentacao-software/data/repos/NationalSecurityAgency__ghidra/Ghidra/Test/IntegrationTest/src/test.slow/java/ghidra/framework/main/ToolConnectionTest.java,ghidra.framework.main.ToolConnectionTest,class,20,21,1,20,21,2,0,64,65,0.79166675,0.0,0.0,15,0,5,10,0,0,5,0,0,0,8,0,0,8,0,0,0,0,0,161,5,2,1,1,0,19,19,38,3,35,3,0,0,6,125,1,0
/Users/kaiohs/Downloads/codes/lab02-experimentacao-software/data/repos/NationalSecurityAgency__ghidra/Ghidra/Framework/SoftwareModeling/src/main/java/ghidra/app/util/RepeatInstructionByteTracker.java,ghidra.app.util.RepeatInstructionByteTracker,class,3,3,0,3,11,1,0,3,0,0.55,0.0,0.0,5,0,5,0,0,0,5,0,0,0,4,0,0,4,0,0,0,0,0,43,4,0,3,0,0,0,6,11,0,5,2,0,0,0,89,1,0
/Users/kaiohs/Downloads/codes/lab02-experimentacao-software/data/repos/NationalSecurityAgency__ghidra/GhidraBuild/BuildFiles/Doclets/src/main/java/ghidra/doclets/typestubs/RstTableBuilder.java,ghidra.doclets.typestubs.RstTableBuilder,class,7,10,3,7,37,1,0,39,73,0.83928573,0.0,0.0,14,2,0,9,0,5,5,0,0,0,8,1,0,8,0,0,3,0,3,174,5,4,4,0,2,5,3,21,1,16,3,0,2,0,124,16,0
/Users/kaiohs/Downloads/codes/lab02-experimentacao-software/data/repos/NationalSecurityAgency__ghidra/Ghidra/Test/IntegrationTest/src/test/java/pdb/symbolserver/SymbolServerService2Test.java,pdb.symbolserver.SymbolServerService2Test,class,9,10,1,9,5,2,0,24,0,0.45000002,0.0,0.0,5,0,4,1,0,0,4,0,0,0,4,0,0,3,0,1,0,0,3,46,1,0,0,0,1,21,16,14,1,14,0,0,0,0,59,1,0
/Users/kaiohs/Downloads/codes/lab02-experimentacao-software/data/repos/NationalSecurityAgency__ghidra/GhidraBuild/EclipsePlugins/GhidraSleighEditor/ghidra.xtext.sleigh.ui/src/ghidra/xtext/sleigh/ui/ConsoleLineTracker.java,ghidra.xtext.sleigh.ui.ConsoleLineTracker,class,4,4,0,4,3,1,0,4,3,0.0,0.0,0.0,3,0,3,0,0,0,3,0,0,0,0,0,0,0,0,0,0,0,0,11,0,0,0,0,0,0,0,1,0,1,0,0,0,0,12,1,0
/Users/kaiohs/Downloads/codes/lab02-experimentacao-software/data/repos/NationalSecurityAgency__ghidra/Ghidra/Test/IntegrationTest/src/screen/java/help/screenshot/TestDummyWizardModel.java,help.screenshot.TestDummyWizardModel,class,4,5,1,4,9,3,0,1,26,0.77777773,0.0,0.0,9,0,7,0,1,1,9,0,0,0,6,0,0,6,0,0,0,0,0,64,6,0,0,0,0,1,0,7,0,7,0,0,1,0,38,0,0
/Users/kaiohs/Downloads/codes/lab02-experimentacao-software/data/repos/NationalSecurityAgency__ghidra/GPL/DMG/src/dmg/java/mobiledevices/dmg/hfsplus/AttributesFileParser.java,mobiledevices.dmg.hfsplus.AttributesFileParser,class,18,21,3,18,15,1,0,24,4,0.6,0.0,0.0,5,0,3,2,0,0,3,0,0,0,3,0,0,3,0,0,0,0,1,76,10,2,7,2,0,5,3,18,2,18,4,1,0,0,76,1,0
/Users/kaiohs/Downloads/codes/lab02-experimentacao-software/data/repos/NationalSecurityAgency__ghidra/Ghidra/Framework/SoftwareModeling/src/test/java/ghidra/program/model/data/DataUtilitiesTest.java,ghidra.program.model.data.DataUtilitiesTest$MyMemoryBlock,innerclass,3,3,0,3,28,2,0,2,0,0.0,0.0,0.0,4,0,3,0,0,1,4,0,0,0,1,0,0,0,0,1,0,0,0,46,12,0,0,0,6,0,30,5,0,5,1,0,0,0,22,2,0
/Users/kaiohs/Downloads/codes/lab02-experimentacao-software/data/repos/NationalSecurityAgency__ghidra/Ghidra/Framework/SoftwareModeling/src/main/java/ghidra/app/util/PseudoFlowProcessor.java,ghidra.app.util.PseudoFlowProcessor,interface,1,2,1,1,2,1,0,0,1,0.0,0.0,0.0,2,0,2,0,0,0,2,0,0,0,0,0,0,0,0,0,0,0,0,4,0,0,0,0,0,0,0,0,0,0,0,0,0,0,34,1,0
/Users/kaiohs/Downloads/codes/lab02-experimentacao-software/data/repos/NationalSecurityAgency__ghidra/Ghidra/Test/IntegrationTest/src/test.slow/java/ghidra/framework/plugintool/testplugins/NameConflictingPlugin.java,ghidra.framework.plugintool.testplugins.NameConflictingPlugin,class,4,5,1,4,1,2,0,0,0,0.0,NaN,NaN,1,0,1,0,0,0,1,0,0,0,0,0,0,0,0,0,0,0,0,5,0,0,0,0,0,3,0,0,0,0,0,0,0,0,18,1,0
/Users/kaiohs/Downloads/codes/lab02-experimentacao-software/data/repos/NationalSecurityAgency__ghidra/Ghidra/Framework/Pty/src/main/java/ghidra/pty/unix/PosixC.java,ghidra.pty.unix.PosixC$Anonymous1,anonymous,4,4,0,4,11,1,0,12,55,0.0,0.0,0.0,11,0,11,0,0,0,11,0,0,0,0,0,0,0,0,0,0,0,10,35,11,0,0,0,0,0,0,0,0,0,0,0,0,0,22,-1,0
/Users/kaiohs/Downloads/codes/lab02-experimentacao-software/data/repos/NationalSecurityAgency__ghidra/GhidraDocs/GhidraClass/AdvancedDevelopment/contrib/gadc/ghidra_scripts/Lab5Script.java,Lab5Script,class,3,3,0,3,8,2,0,9,0,0.0,NaN,NaN,1,0,1,0,0,0,1,0,0,0,0,0,0,0,0,0,0,0,0,24,0,1,4,0,2,5,10,7,1,6,2,0,0,0,24,1,0
/Users/kaiohs/Downloads/codes/lab02-experimentacao-software/data/repos/NationalSecurityAgency__ghidra/Ghidra/Framework/Emulation/src/main/java/ghidra/app/emulator/AdaptedEmulator.java,ghidra.app.emulator.AdaptedEmulator$AdaptedPcodeThread$Anonymous1,anonymous,3,3,0,3,1,1,0,1,0,0.0,NaN,NaN,1,0,1,0,0,0,1,0,0,0,0,0,0,0,0,0,0,0,0,11,1,0,0,1,0,0,0,2,0,0,1,0,0,0,11,-1,0
/Users/kaiohs/Downloads/codes/lab02-experimentacao-software/data/repos/NationalSecurityAgency__ghidra/Ghidra/Test/DebuggerIntegrationTest/src/test.slow/java/agent/x64dbg/rmi/AbstractX64dbgTraceRmiTest.java,agent.x64dbg.rmi.AbstractX64dbgTraceRmiTest$PythonError,innerclass,0,0,0,0,1,4,0,1,0,0.0,NaN,NaN,1,0,1,0,0,0,1,0,0,0,3,0,3,0,0,0,3,0,0,11,0,0,0,0,0,0,0,3,0,3,0,0,0,0,8,9,0
/Users/kaiohs/Downloads/codes/lab02-experimentacao-software/data/repos/NationalSecurityAgency__ghidra/GhidraBuild/EclipsePlugins/GhidraDev/GhidraDevPlugin/src/main/java/ghidradev/ghidraprojectcreator/wizards/pages/ConfigureGhidraModuleProjectWizardPage.java,ghidradev.ghidraprojectcreator.wizards.pages.ConfigureGhidraModuleProjectWizardPage,class,10,13,3,10,8,2,0,20,0,0.25,0.0,0.0,4,0,3,1,0,0,3,0,0,0,1,0,0,1,0,0,0,0,1,49,1,2,0,0,0,5,1,7,1,7,2,1,0,0,64,1,0
/Users/kaiohs/Downloads/codes/lab02-experimentacao-software/data/repos/NationalSecurityAgency__ghidra/Ghidra/Test/IntegrationTest/src/screen/java/help/screenshot/DiffScreenShots.java,help.screenshot.DiffScreenShots,class,23,24,1,23,14,2,0,58,85,0.78571427,0.0,0.0,14,0,8,6,0,0,8,0,0,0,1,1,0,1,0,0,0,0,0,190,0,0,0,0,0,70,23,56,0,50,1,0,0,4,120,1,0
/Users/kaiohs/Downloads/codes/lab02-experimentacao-software/data/repos/NationalSecurityAgency__ghidra/Ghidra/Test/DebuggerIntegrationTest/src/test.slow/java/agent/drgn/rmi/AbstractDrgnTraceRmiTest.java,agent.drgn.rmi.AbstractDrgnTraceRmiTest,class,20,23,3,20,59,5,2,91,354,0.9494048,0.0,0.0,28,6,9,0,19,0,30,0,0,0,12,8,1,3,8,0,7,0,20,253,24,4,10,5,2,51,16,48,12,46,3,1,1,7,175,1025,6
/Users/kaiohs/Downloads/codes/lab02-experimentacao-software/data/repos/NationalSecurityAgency__ghidra/Ghidra/Framework/SoftwareModeling/src/test/java/ghidra/app/plugin/assembler/sleigh/PowerPCVLEAssemblyTest.java,ghidra.app.plugin.assembler.sleigh.PowerPCVLEAssemblyTest,class,3,3,0,3,3,3,0,1,1,0.33333334,0.0,0.0,3,0,2,0,1,0,3,0,0,0,1,1,1,0,0,0,1,0,0,12,1,0,0,0,0,8,2,1,0,1,0,0,0,0,25,1,0
/Users/kaiohs/Downloads/codes/lab02-experimentacao-software/data/repos/NationalSecurityAgency__ghidra/Ghidra/Framework/Emulation/src/main/java/ghidra/pcode/opbehavior/OpBehaviorIntSright.java,ghidra.pcode.opbehavior.OpBehaviorIntSright,class,2,3,1,2,11,3,0,9,3,0.0,0.0,0.0,3,0,3,0,0,0,3,0,0,0,0,0,0,0,0,0,0,0,1,39,4,0,0,0,3,1,9,10,7,5,2,0,0,0,20,1,0
/Users/kaiohs/Downloads/codes/lab02-experimentacao-software/data/repos/NationalSecurityAgency__ghidra/GhidraBuild/EclipsePlugins/GhidraSleighEditor/ghidra.xtext.sleigh.ui/src/ghidra/xtext/sleigh/ui/SleighHighlightingCalculator.java,ghidra.xtext.sleigh.ui.SleighHighlightingCalculator,class,29,30,1,29,56,2,0,29,28,0.0,0.0,0.0,8,0,1,3,0,4,5,0,0,0,0,0,0,0,0,0,0,0,0,152,6,4,12,0,3,6,0,26,1,22,4,0,0,0,84,1,0
/Users/kaiohs/Downloads/codes/lab02-experimentacao-software/data/repos/NationalSecurityAgency__ghidra/Ghidra/Framework/Emulation/src/main/java/ghidra/pcode/emu/PcodeMachine.java,ghidra.pcode.emu.PcodeMachine,interface,11,17,6,11,21,1,0,0,210,0.0,0.0,0.0,21,0,0,0,0,21,21,0,0,0,0,0,0,0,0,0,0,0,0,43,0,0,0,0,0,0,0,0,0,0,0,0,2,0,315,1,0
/Users/kaiohs/Downloads/codes/lab02-experimentacao-software/data/repos/NationalSecurityAgency__ghidra/Ghidra/Framework/Emulation/src/main/java/ghidra/pcode/emu/jit/var/JitVarnodeVar.java,ghidra.pcode.emu.jit.var.JitVarnodeVar,interface,3,10,7,3,2,1,0,2,1,0.0,0.0,0.0,2,0,0,0,0,2,2,0,0,0,0,0,0,0,0,0,0,0,0,6,1,0,0,0,0,0,0,0,0,0,0,0,0,0,20,1,0
/Users/kaiohs/Downloads/codes/lab02-experimentacao-software/data/repos/NationalSecurityAgency__ghidra/Ghidra/Test/IntegrationTest/src/test.slow/java/ghidra/util/task/RunManagerTest.java,ghidra.util.task.RunManagerTest$NotExpectedToBeInterruptedTestRunnable,innerclass,3,3,0,3,6,2,0,6,0,0.0,NaN,NaN,1,0,1,0,0,0,1,0,0,0,0,0,0,0,0,0,0,0,1,28,1,1,0,1,0,9,3,4,5,3,2,0,0,0,27,2,0
/Users/kaiohs/Downloads/codes/lab02-experimentacao-software/data/repos/NationalSecurityAgency__ghidra/Ghidra/Framework/Emulation/src/main/java/ghidra/pcode/emu/jit/gen/var/WholeInputVarGen.java,ghidra.pcode.emu.jit.gen.var.WholeInputVarGen,enum,3,3,0,3,1,1,0,0,0,0.0,NaN,NaN,1,0,1,0,0,0,1,0,0,0,0,0,0,0,0,0,0,0,0,5,1,0,0,0,0,0,0,0,0,0,0,0,0,0,25,1,0
/Users/kaiohs/Downloads/codes/lab02-experimentacao-software/data/repos/NationalSecurityAgency__ghidra/Ghidra/Test/IntegrationTest/src/test.slow/java/ghidra/app/util/demangler/DemangledAddressTableTest.java,ghidra.app.util.demangler.DemangledAddressTableTest,class,17,18,1,17,14,2,0,27,0,0.375,0.0,0.0,8,0,6,2,0,0,6,0,0,0,2,0,0,2,0,0,0,0,0,120,1,1,4,0,0,54,75,40,3,40,2,0,0,0,108,1,0
/Users/kaiohs/Downloads/codes/lab02-experimentacao-software/data/repos/NationalSecurityAgency__ghidra/GhidraBuild/LaunchSupport/src/main/java/ghidra/launch/LinuxJavaFinder.java,ghidra.launch.LinuxJavaFinder,class,1,3,2,1,11,2,1,8,6,0.0,0.0,0.0,4,0,0,0,4,0,4,0,0,0,0,0,0,0,0,0,0,0,0,26,6,1,0,0,0,6,0,1,0,1,3,0,0,0,25,1,0
/Users/kaiohs/Downloads/codes/lab02-experimentacao-software/data/repos/NationalSecurityAgency__ghidra/Ghidra/Framework/Emulation/src/main/java/ghidra/pcode/exec/PcodeFrame.java,ghidra.pcode.exec.PcodeFrame,class,8,24,16,8,23,3,0,6,6,0.7352941,0.0,0.0,17,0,17,0,0,0,17,0,0,0,6,0,0,6,0,0,3,0,0,133,14,0,2,0,2,1,10,11,2,7,1,0,2,0,216,1,0
/Users/kaiohs/Downloads/codes/lab02-experimentacao-software/data/repos/NationalSecurityAgency__ghidra/GhidraBuild/EclipsePlugins/GhidraDev/GhidraDevPlugin/src/main/java/ghidradev/ghidraprojectcreator/launchers/GhidraGuiLaunchShortcut.java,ghidradev.ghidraprojectcreator.launchers.GhidraGuiLaunchShortcut,class,1,1,0,1,1,2,0,0,0,0.0,NaN,NaN,1,0,1,0,0,0,1,0,0,0,0,0,0,0,0,0,0,0,0,5,0,0,0,0,0,1,0,0,0,0,0,0,0,0,13,1,0
/Users/kaiohs/Downloads/codes/lab02-experimentacao-software/data/repos/NationalSecurityAgency__ghidra/Ghidra/Test/IntegrationTest/src/test.slow/java/ghidra/graph/GraphActionsTest.java,ghidra.graph.GraphActionsTest$TestGraphDisplayListener,innerclass,5,5,0,5,4,1,0,2,6,0.0,0.0,0.0,4,0,4,0,0,0,4,0,0,0,0,0,0,0,0,0,0,0,0,13,1,0,0,0,0,0,0,0,0,0,0,0,0,0,16,2,0
/Users/kaiohs/Downloads/codes/lab02-experimentacao-software/data/repos/NationalSecurityAgency__ghidra/Ghidra/Test/IntegrationTest/src/screen/java/help/screenshot/ClearPluginScreenShots.java,help.screenshot.ClearPluginScreenShots,class,2,2,0,2,3,2,0,3,3,0.0,0.0,0.0,3,0,3,0,0,0,3,0,0,0,0,0,0,0,0,0,0,0,0,15,0,0,0,0,0,4,2,0,0,0,0,0,0,0,20,1,0
/Users/kaiohs/Downloads/codes/lab02-experimentacao-software/data/repos/NationalSecurityAgency__ghidra/Ghidra/Test/IntegrationTest/src/test.slow/java/ghidra/app/util/headless/MyHeadlessGraphicsEnvironment.java,ghidra.app.util.headless.MyHeadlessGraphicsEnvironment,class,2,3,1,2,14,2,0,13,4,0.6666667,0.0,0.0,9,1,7,1,0,1,8,0,0,0,3,2,0,2,0,1,0,0,4,54,6,0,0,2,0,6,0,5,3,3,2,0,0,0,50,1,0
/Users/kaiohs/Downloads/codes/lab02-experimentacao-software/data/repos/NationalSecurityAgency__ghidra/Ghidra/Framework/Emulation/src/main/java/ghidra/pcode/emu/jit/gen/op/CallOtherOpGen.java,ghidra.pcode.emu.jit.gen.op.CallOtherOpGen,enum,23,23,0,23,6,1,0,15,4,0.6875,0.0,0.0,4,4,2,0,0,2,5,0,0,0,3,0,0,0,0,3,0,0,2,24,3,0,1,0,0,3,1,5,0,10,0,0,0,1,189,1,0
/Users/kaiohs/Downloads/codes/lab02-experimentacao-software/data/repos/NationalSecurityAgency__ghidra/Ghidra/Framework/Emulation/src/main/java/ghidra/pcode/emu/jit/JitPcodeEmulator.java,ghidra.pcode.emu.jit.JitPcodeEmulator,class,20,27,7,20,24,2,2,24,66,0.7948718,0.0,0.0,13,0,7,1,5,0,12,0,0,0,3,0,0,1,2,0,3,0,1,98,11,2,2,3,0,3,2,13,1,11,5,0,0,0,529,1,1
/Users/kaiohs/Downloads/codes/lab02-experimentacao-software/data/repos/NationalSecurityAgency__ghidra/Ghidra/Framework/Emulation/src/main/java/ghidra/pcode/emu/PcodeMachine.java,ghidra.pcode.emu.PcodeMachine$SwiMode,enum,0,0,0,0,0,1,0,0,0,0.0,-1.0,-1.0,0,0,0,0,0,0,0,0,0,0,0,0,0,0,0,0,0,0,0,4,0,0,0,0,0,0,0,0,0,0,0,0,0,0,36,0,0
/Users/kaiohs/Downloads/codes/lab02-experimentacao-software/data/repos/NationalSecurityAgency__ghidra/Ghidra/Test/IntegrationTest/src/test.slow/java/ghidra/framework/main/datatree/ProjectDataTreeTest.java,ghidra.framework.main.datatree.ProjectDataTreeTest$Anonymous1,anonymous,0,0,0,0,1,1,0,1,0,0.0,NaN,NaN,1,0,1,0,0,0,1,0,0,0,0,0,0,0,0,0,0,0,0,5,1,0,0,0,0,0,0,0,0,0,0,0,0,0,3,-1,0
/Users/kaiohs/Downloads/codes/lab02-experimentacao-software/data/repos/NationalSecurityAgency__ghidra/Ghidra/Framework/Emulation/src/main/java/ghidra/pcode/exec/FixedSleighPcodeUseropDefinition.java,ghidra.pcode.exec.FixedSleighPcodeUseropDefinition,class,7,8,1,7,6,2,0,5,0,0.16666667,0.0,0.0,6,0,5,0,1,0,6,0,0,0,1,0,0,0,1,0,1,0,0,22,5,0,0,0,0,0,1,1,1,2,0,0,0,1,40,1,0
/Users/kaiohs/Downloads/codes/lab02-experimentacao-software/data/repos/NationalSecurityAgency__ghidra/GPL/DMG/src/dmg/java/mobiledevices/dmg/btree/BTreeHeaderRecord.java,mobiledevices.dmg.btree.BTreeHeaderRecord,class,2,5,3,2,16,1,0,4,90,0.875,0.0,0.0,16,0,15,0,0,1,16,0,0,0,15,0,0,15,0,0,0,0,0,79,15,0,0,0,0,0,1,15,0,15,0,0,0,0,57,1,0
/Users/kaiohs/Downloads/codes/lab02-experimentacao-software/data/repos/NationalSecurityAgency__ghidra/GhidraBuild/EclipsePlugins/GhidraDev/GhidraDevPlugin/src/main/java/ghidradev/ghidraprojectcreator/wizards/pages/ChooseJavaProjectWizardPage.java,ghidradev.ghidraprojectcreator.wizards.pages.ChooseJavaProjectWizardPage,class,10,12,2,10,10,2,0,18,0,0.375,0.0,0.0,4,0,3,1,0,0,3,0,0,0,2,0,0,2,0,0,0,0,2,47,2,2,1,0,0,5,1,10,0,10,2,0,0,1,76,1,0
/Users/kaiohs/Downloads/codes/lab02-experimentacao-software/data/repos/NationalSecurityAgency__ghidra/Ghidra/Test/DebuggerIntegrationTest/src/test.slow/java/agent/AbstractRmiConnectorsTest.java,agent.AbstractRmiConnectorsTest$Anonymous1,anonymous,4,4,0,4,5,1,0,6,1,0.0,0.0,0.0,2,0,2,0,0,0,2,0,0,0,0,0,0,0,0,0,0,0,0,12,2,1,1,0,0,1,0,1,0,1,1,0,0,0,15,-1,0
/Users/kaiohs/Downloads/codes/lab02-experimentacao-software/data/repos/NationalSecurityAgency__ghidra/Ghidra/Framework/Pty/src/main/java/ghidra/pty/unix/Err.java,ghidra.pty.unix.Err,interface,2,4,2,2,2,1,0,2,0,0.0,NaN,NaN,1,1,0,0,0,1,1,0,0,0,1,0,0,0,0,1,0,0,0,10,1,0,0,0,0,2,1,2,1,2,1,0,0,0,20,1,0
/Users/kaiohs/Downloads/codes/lab02-experimentacao-software/data/repos/NationalSecurityAgency__ghidra/Ghidra/Test/DebuggerIntegrationTest/src/test.slow/java/agent/dbgeng/rmi/DbgEngHooksTest.java,agent.dbgeng.rmi.DbgEngHooksTest,class,17,18,1,17,31,3,0,64,221,0.7971015,0.0,0.0,23,0,14,3,5,1,21,0,0,0,3,3,0,2,0,1,3,0,21,261,13,0,4,11,1,108,20,49,5,47,2,0,0,20,212,1,0
/Users/kaiohs/Downloads/codes/lab02-experimentacao-software/data/repos/NationalSecurityAgency__ghidra/GhidraDocs/GhidraClass/Debugger/ghidra_scripts/InstallCustomLibraryScript.java,InstallCustomLibraryScript,class,5,5,0,5,1,4,0,2,0,0.0,NaN,NaN,1,0,0,0,1,0,1,0,0,0,0,0,0,0,0,0,0,0,0,18,0,0,0,0,0,0,0,0,0,0,0,0,2,0,19,1,0
/Users/kaiohs/Downloads/codes/lab02-experimentacao-software/data/repos/NationalSecurityAgency__ghidra/GhidraBuild/EclipsePlugins/GhidraSleighEditor/ghidra.xtext.sleigh/src/ghidra/xtext/sleigh/converter/IntValueConverter.java,ghidra.xtext.sleigh.converter.IntValueConverter,class,3,4,1,3,10,2,0,7,3,0.0,0.0,0.0,3,0,1,0,2,0,3,0,0,0,0,0,0,0,0,0,0,0,0,28,2,0,0,1,0,9,6,6,2,2,2,0,0,0,32,1,0
/Users/kaiohs/Downloads/codes/lab02-experimentacao-software/data/repos/NationalSecurityAgency__ghidra/Ghidra/Test/IntegrationTest/src/screen/java/help/screenshot/PdbScreenShots.java,help.screenshot.PdbScreenShots,class,19,19,0,19,9,4,0,35,22,0.7037037,0.0,0.0,9,0,8,0,0,1,9,0,0,0,3,1,0,3,0,0,1,0,6,126,1,0,0,0,0,38,16,26,2,26,1,0,2,2,98,1,0
/Users/kaiohs/Downloads/codes/lab02-experimentacao-software/data/repos/NationalSecurityAgency__ghidra/GhidraBuild/Skeleton/src/main/java/skeleton/SkeletonAnalyzer.java,skeleton.SkeletonAnalyzer,class,6,6,0,6,5,2,0,1,10,0.0,0.0,0.0,5,0,5,0,0,0,5,0,0,0,0,0,0,0,0,0,0,0,0,17,3,0,0,0,0,4,0,0,0,0,0,0,0,0,35,1,0
/Users/kaiohs/Downloads/codes/lab02-experimentacao-software/data/repos/NationalSecurityAgency__ghidra/Ghidra/Test/IntegrationTest/src/test/java/ghidra/graph/TestGraphDisplay.java,ghidra.graph.TestGraphDisplay,class,10,17,7,10,21,1,0,15,116,0.8470588,0.0,0.0,17,0,16,1,0,0,16,0,0,0,5,0,0,5,0,0,0,0,1,72,6,3,0,0,0,0,0,10,0,9,2,0,0,0,56,1,0
/Users/kaiohs/Downloads/codes/lab02-experimentacao-software/data/repos/NationalSecurityAgency__ghidra/Ghidra/Framework/Emulation/src/main/java/ghidra/pcode/emu/jit/gen/var/WholeDirectMemoryVarGen.java,ghidra.pcode.emu.jit.gen.var.WholeDirectMemoryVarGen,enum,3,3,0,3,1,1,0,0,0,0.0,NaN,NaN,1,0,1,0,0,0,1,0,0,0,0,0,0,0,0,0,0,0,0,5,1,0,0,0,0,0,0,0,0,0,0,0,0,0,21,1,0
/Users/kaiohs/Downloads/codes/lab02-experimentacao-software/data/repos/NationalSecurityAgency__ghidra/Ghidra/Framework/Emulation/src/main/java/ghidra/pcode/opbehavior/OpBehaviorIntSlessEqual.java,ghidra.pcode.opbehavior.OpBehaviorIntSlessEqual,class,1,2,1,1,9,3,0,2,3,0.0,0.0,0.0,3,0,3,0,0,0,3,0,0,0,0,0,0,0,0,0,0,0,0,24,3,0,2,0,4,0,12,9,2,4,3,0,0,0,17,1,0
/Users/kaiohs/Downloads/codes/lab02-experimentacao-software/data/repos/NationalSecurityAgency__ghidra/Ghidra/Test/DebuggerIntegrationTest/src/test/java/ghidra/app/plugin/core/debug/gui/register/DebuggerGuestTraceRegistersProviderTest.java,ghidra.app.plugin.core.debug.gui.register.DebuggerGuestTraceRegistersProviderTest,class,11,12,1,11,6,5,0,17,15,0.0,0.0,0.0,6,0,2,0,4,0,6,0,0,0,0,0,0,0,0,0,0,0,0,28,1,0,0,0,0,1,27,2,0,2,0,0,0,0,35,1,0
/Users/kaiohs/Downloads/codes/lab02-experimentacao-software/data/repos/NationalSecurityAgency__ghidra/Ghidra/Test/IntegrationTest/src/test.slow/java/ghidra/pcode/emu/jit/gen/ArmJitCodeGeneratorTest.java,ghidra.pcode.emu.jit.gen.ArmJitCodeGeneratorTest,class,11,12,1,11,5,4,0,32,10,0.8,0.0,0.0,5,0,4,0,1,0,5,0,0,0,1,1,0,0,1,0,1,0,7,60,1,0,0,0,0,22,23,21,0,21,0,0,0,0,54,1,0
/Users/kaiohs/Downloads/codes/lab02-experimentacao-software/data/repos/NationalSecurityAgency__ghidra/Ghidra/Test/IntegrationTest/src/test.slow/java/ghidra/program/model/pcode/PcodeEmitContextTest.java,ghidra.program.model.pcode.PcodeEmitContextTest,class,16,18,2,16,220,2,0,43,8,0.8439543,0.0,0.0,24,3,21,3,0,0,21,0,0,0,51,35,0,51,0,0,35,0,236,1052,12,5,188,0,0,152,398,277,24,242,2,0,0,0,367,1,0
/Users/kaiohs/Downloads/codes/lab02-experimentacao-software/data/repos/NationalSecurityAgency__ghidra/Ghidra/Framework/SoftwareModeling/src/test/java/ghidra/sleigh/grammar/BooleanExpressionDefTest.java,ghidra.sleigh.grammar.BooleanExpressionDefTest$Anonymous1,anonymous,0,0,0,0,6,1,0,2,3,0.0,0.0,0.0,3,0,3,0,0,0,3,0,0,0,0,0,0,0,0,0,0,0,0,16,4,0,2,0,0,1,0,0,0,0,1,0,0,0,10,-1,0
/Users/kaiohs/Downloads/codes/lab02-experimentacao-software/data/repos/NationalSecurityAgency__ghidra/Ghidra/Framework/Emulation/src/main/java/ghidra/pcode/emulate/BreakTable.java,ghidra.pcode.emulate.BreakTable,interface,3,5,2,3,3,1,0,0,3,0.0,0.0,0.0,3,0,3,0,0,0,3,3,0,0,0,0,0,0,0,0,0,0,0,5,0,0,0,0,0,1,0,0,0,0,0,0,0,0,98,1,0
/Users/kaiohs/Downloads/codes/lab02-experimentacao-software/data/repos/NationalSecurityAgency__ghidra/Ghidra/Framework/Emulation/src/test/java/ghidra/pcode/opbehavior/OpBehaviorIntRightTest.java,ghidra.pcode.opbehavior.OpBehaviorIntRightTest,class,3,3,0,3,3,3,0,4,3,0.0,0.0,0.0,3,0,3,0,0,0,3,0,0,0,0,0,0,0,0,0,0,0,0,35,0,0,0,0,0,0,118,2,0,2,0,0,0,0,22,1,0
/Users/kaiohs/Downloads/codes/lab02-experimentacao-software/data/repos/NationalSecurityAgency__ghidra/Ghidra/Framework/SoftwareModeling/src/test/java/ghidra/app/plugin/assembler/sleigh/AbstractAssemblyTest.java,ghidra.app.plugin.assembler.sleigh.AbstractAssemblyTest$DisassemblyMismatchException,innerclass,0,0,0,0,1,4,0,0,0,0.0,NaN,NaN,1,0,0,0,0,1,1,0,0,0,0,0,0,0,0,0,0,0,0,5,0,0,0,0,0,0,0,0,0,0,0,0,0,0,35,12,0
/Users/kaiohs/Downloads/codes/lab02-experimentacao-software/data/repos/NationalSecurityAgency__ghidra/Ghidra/Test/IntegrationTest/src/test.slow/java/ghidra/app/util/demangler/gnu/GnuDemanglerIntegrationTest.java,ghidra.app.util.demangler.gnu.GnuDemanglerIntegrationTest,class,12,13,1,12,6,2,0,18,0,0.0,0.0,0.0,6,0,5,1,0,0,5,0,0,0,1,0,0,1,0,0,0,0,0,64,1,0,0,0,0,17,1,28,3,25,0,0,0,0,66,1,0
/Users/kaiohs/Downloads/codes/lab02-experimentacao-software/data/repos/NationalSecurityAgency__ghidra/Ghidra/Framework/SoftwareModeling/src/test/java/ghidra/program/database/mem/MemBlockDBTest.java,ghidra.program.database.mem.MemBlockDBTest,class,26,27,1,26,67,2,0,76,0,0.8412698,0.0,0.0,45,1,39,6,0,0,39,0,0,0,7,1,0,7,0,0,1,0,2,596,5,14,0,8,0,59,476,168,8,154,1,0,0,0,154,1,0
/Users/kaiohs/Downloads/codes/lab02-experimentacao-software/data/repos/NationalSecurityAgency__ghidra/Ghidra/Test/IntegrationTest/src/screen/java/ghidra/app/plugin/core/assembler/AssemblerPluginScreenShots.java,ghidra.app.plugin.core.assembler.AssemblerPluginScreenShots,class,5,5,0,5,1,2,0,12,0,0.0,NaN,NaN,1,0,1,0,0,0,1,0,0,0,0,0,0,0,0,0,0,0,0,18,0,0,0,0,0,0,5,3,0,3,1,0,0,1,39,1,0
/Users/kaiohs/Downloads/codes/lab02-experimentacao-software/data/repos/NationalSecurityAgency__ghidra/Ghidra/Test/IntegrationTest/src/test.slow/java/ghidra/util/task/RunManagerTest.java,ghidra.util.task.RunManagerTest$TestRunnable,innerclass,2,2,0,2,5,1,0,2,3,0.6666667,0.0,0.0,3,0,0,0,0,3,3,0,0,0,3,0,0,0,3,0,0,0,0,26,5,0,0,2,0,2,2,2,0,3,1,0,0,0,25,1026,0
/Users/kaiohs/Downloads/codes/lab02-experimentacao-software/data/repos/NationalSecurityAgency__ghidra/Ghidra/Framework/SoftwareModeling/src/test/java/ghidra/program/model/listing/VariableUtilitiesTest.java,ghidra.program.model.listing.VariableUtilitiesTest,class,13,14,1,13,3,2,0,7,1,0.33333334,0.0,0.0,3,1,2,1,0,0,2,0,0,0,1,0,0,1,0,0,0,0,1,22,1,0,0,0,0,3,8,8,0,5,0,0,0,0,33,1,0
/Users/kaiohs/Downloads/codes/lab02-experimentacao-software/data/repos/NationalSecurityAgency__ghidra/Ghidra/Test/IntegrationTest/src/test.slow/java/ghidra/app/plugin/core/clipboard/ClipboardPluginTest.java,ghidra.app.plugin.core.clipboard.ClipboardPluginTest$DummyTransferable,innerclass,0,0,0,0,3,1,0,0,3,0.0,0.0,0.0,3,0,3,0,0,0,3,0,0,0,0,0,0,0,0,0,0,0,0,11,3,0,0,0,0,0,1,0,0,0,0,0,0,0,16,8,0
/Users/kaiohs/Downloads/codes/lab02-experimentacao-software/data/repos/NationalSecurityAgency__ghidra/Ghidra/Framework/Emulation/src/main/java/ghidra/pcode/emu/jit/gen/op/FloatConvertUnOpGen.java,ghidra.pcode.emu.jit.gen.op.FloatConvertUnOpGen,interface,18,21,3,18,1,1,0,5,0,0.0,NaN,NaN,1,0,0,0,0,1,1,0,0,0,0,0,0,0,0,0,0,0,0,5,1,0,0,0,0,0,0,0,0,0,0,0,0,0,62,1,0
/Users/kaiohs/Downloads/codes/lab02-experimentacao-software/data/repos/NationalSecurityAgency__ghidra/Ghidra/Framework/SoftwareModeling/src/test/java/ghidra/app/plugin/assembler/sleigh/x64AVX2AssemblyTest.java,ghidra.app.plugin.assembler.sleigh.x64AVX2AssemblyTest,class,3,3,0,3,4,3,0,2,3,0.0,0.0,0.0,3,0,2,0,1,0,3,0,0,0,0,0,0,0,0,0,0,0,0,17,1,0,0,1,0,8,0,0,0,0,1,0,0,0,43,1,1
/Users/kaiohs/Downloads/codes/lab02-experimentacao-software/data/repos/NationalSecurityAgency__ghidra/GhidraBuild/EclipsePlugins/GhidraDev/GhidraDevPlugin/src/main/java/ghidradev/ghidraprojectcreator/preferences/GhidraProjectCreatorPreferences.java,ghidradev.ghidraprojectcreator.preferences.GhidraProjectCreatorPreferences,class,3,9,6,3,17,1,0,19,35,0.8,0.0,0.0,10,10,10,0,0,0,10,0,0,0,5,5,0,0,0,5,5,0,14,69,8,0,3,1,0,6,0,19,0,21,2,0,0,2,86,1,0
/Users/kaiohs/Downloads/codes/lab02-experimentacao-software/data/repos/NationalSecurityAgency__ghidra/Ghidra/Test/DebuggerIntegrationTest/src/test/java/ghidra/app/plugin/core/debug/gui/tracermi/launcher/ScriptTraceRmiLaunchOfferTest.java,ghidra.app.plugin.core.debug.gui.tracermi.launcher.ScriptTraceRmiLaunchOfferTest,class,30,32,2,30,67,5,0,30,1689,0.9548023,0.0,0.0,59,1,50,0,0,9,64,0,0,0,3,1,1,0,0,2,1,0,27,310,26,0,1,9,1,20,8,22,0,23,2,0,3,0,155,1,0
/Users/kaiohs/Downloads/codes/lab02-experimentacao-software/data/repos/NationalSecurityAgency__ghidra/Ghidra/Framework/SoftwareModeling/src/main/java/ghidra/app/util/pcode/Appender.java,ghidra.app.util.pcode.Appender,interface,5,8,3,5,15,1,0,2,105,0.0,0.0,0.0,15,0,0,0,0,15,15,0,0,0,0,0,0,0,0,0,0,0,0,22,0,0,0,0,0,0,0,0,0,0,0,0,0,0,102,0,0
/Users/kaiohs/Downloads/codes/lab02-experimentacao-software/data/repos/NationalSecurityAgency__ghidra/Ghidra/Framework/SoftwareModeling/src/test/java/ghidra/program/model/data/BitFieldDataTypeTest.java,ghidra.program.model.data.BitFieldDataTypeTest,class,19,20,1,19,17,2,0,18,136,0.0,0.0,0.0,17,0,11,6,0,0,11,0,0,0,0,0,0,0,0,0,0,0,0,129,6,0,0,0,0,35,138,16,0,13,0,0,0,0,51,1,0
/Users/kaiohs/Downloads/codes/lab02-experimentacao-software/data/repos/NationalSecurityAgency__ghidra/Ghidra/Framework/Emulation/src/main/java/ghidra/pcode/emu/jit/gen/op/IntOrOpGen.java,ghidra.pcode.emu.jit.gen.op.IntOrOpGen,enum,12,12,0,12,2,1,0,2,1,0.0,0.0,0.0,2,0,2,0,0,0,2,0,0,0,0,0,0,0,0,0,0,0,2,8,2,0,0,0,0,0,0,0,0,0,0,0,0,0,33,1,0
/Users/kaiohs/Downloads/codes/lab02-experimentacao-software/data/repos/NationalSecurityAgency__ghidra/Ghidra/Framework/SoftwareModeling/src/main/java/ghidra/app/plugin/assembler/sleigh/sem/AssemblyResolvedBackfill.java,ghidra.app.plugin.assembler.sleigh.sem.AssemblyResolvedBackfill,interface,4,15,11,4,3,1,0,0,3,0.0,0.0,0.0,3,0,0,0,0,3,3,0,0,0,0,0,0,0,0,0,0,0,0,5,0,0,0,0,0,0,0,0,0,0,0,0,0,0,94,1,0
/Users/kaiohs/Downloads/codes/lab02-experimentacao-software/data/repos/NationalSecurityAgency__ghidra/Ghidra/Test/DebuggerIntegrationTest/src/test/java/ghidra/app/plugin/core/debug/service/tracermi/TraceRmiPerformanceTest.java,ghidra.app.plugin.core.debug.service.tracermi.TraceRmiPerformanceTest$TimeMe,innerclass,0,0,0,0,2,1,0,2,0,0.0,0.0,0.0,2,0,2,0,0,0,2,0,0,0,2,0,0,2,0,0,2,0,2,13,0,0,0,0,0,4,0,3,3,3,0,0,0,0,10,8,2
/Users/kaiohs/Downloads/codes/lab02-experimentacao-software/data/repos/NationalSecurityAgency__ghidra/Ghidra/Framework/Emulation/src/main/java/ghidra/pcode/emu/jit/analysis/JitVarScopeModel.java,ghidra.pcode.emu.jit.analysis.JitVarScopeModel$Which$Anonymous2,anonymous,3,3,0,3,3,1,0,5,3,0.0,0.0,0.0,3,0,0,0,0,3,3,0,0,0,0,0,0,0,0,0,0,0,0,11,3,0,0,0,0,0,0,0,0,0,0,0,0,0,7,-1,0
/Users/kaiohs/Downloads/codes/lab02-experimentacao-software/data/repos/NationalSecurityAgency__ghidra/Ghidra/Framework/Emulation/src/main/java/ghidra/pcode/emu/jit/analysis/JitVarScopeModel.java,ghidra.pcode.emu.jit.analysis.JitVarScopeModel$Which$Anonymous1,anonymous,3,3,0,3,3,1,0,5,3,0.0,0.0,0.0,3,0,0,0,0,3,3,0,0,0,0,0,0,0,0,0,0,0,0,11,3,0,0,0,0,0,0,0,0,0,0,0,0,0,7,-1,0
/Users/kaiohs/Downloads/codes/lab02-experimentacao-software/data/repos/NationalSecurityAgency__ghidra/Ghidra/Test/IntegrationTest/src/test.slow/java/ghidra/pcode/emu/jit/JitPcodeEmulatorTest.java,ghidra.pcode.emu.jit.JitPcodeEmulatorTest,class,17,18,1,17,22,3,0,30,108,0.75,0.0,0.0,16,0,15,0,1,0,16,0,0,0,1,0,0,0,0,1,0,0,1,182,1,0,0,6,0,20,12,45,0,45,1,1,1,0,76,1,0
/Users/kaiohs/Downloads/codes/lab02-experimentacao-software/data/repos/NationalSecurityAgency__ghidra/Ghidra/Framework/Emulation/src/main/java/ghidra/pcode/emu/jit/gen/op/CopyOpGen.java,ghidra.pcode.emu.jit.gen.op.CopyOpGen,enum,2,2,0,2,1,1,0,0,0,0.0,NaN,NaN,1,0,1,0,0,0,1,0,0,0,0,0,0,0,0,0,0,0,0,5,1,0,0,0,0,0,0,0,0,0,0,0,0,0,44,1,0
/Users/kaiohs/Downloads/codes/lab02-experimentacao-software/data/repos/NationalSecurityAgency__ghidra/Ghidra/Framework/Emulation/src/main/java/ghidra/pcode/exec/AnnotatedPcodeUseropLibrary.java,ghidra.pcode.exec.AnnotatedPcodeUseropLibrary$ParamAnnotProc,enum,15,15,0,15,18,1,0,19,26,0.6666667,0.0,0.0,9,3,0,1,0,8,8,2,0,0,2,0,0,2,0,0,2,0,7,82,8,2,6,0,0,3,2,6,2,7,3,5,0,2,65,2,0
/Users/kaiohs/Downloads/codes/lab02-experimentacao-software/data/repos/NationalSecurityAgency__ghidra/Ghidra/Test/IntegrationTest/src/screen/java/help/screenshot/CallTreePluginScreenShots.java,help.screenshot.CallTreePluginScreenShots$Anonymous1,anonymous,2,2,0,2,1,1,0,3,0,0.0,NaN,NaN,1,0,1,0,0,0,1,0,0,0,0,0,0,0,0,0,0,0,0,7,0,0,0,0,0,1,1,2,0,2,0,0,0,0,11,-1,0
/Users/kaiohs/Downloads/codes/lab02-experimentacao-software/data/repos/NationalSecurityAgency__ghidra/Ghidra/Framework/SoftwareModeling/src/main/java/ghidra/app/plugin/assembler/sleigh/sem/AbstractAssemblyTreeResolver.java,ghidra.app.plugin.assembler.sleigh.sem.AbstractAssemblyTreeResolver,class,40,52,12,40,46,1,0,90,5,0.82456154,0.0,0.0,19,1,6,0,13,0,19,0,0,0,12,4,3,0,9,0,12,0,7,243,34,6,5,1,0,16,6,63,2,62,3,1,0,13,340,1025,0
/Users/kaiohs/Downloads/codes/lab02-experimentacao-software/data/repos/NationalSecurityAgency__ghidra/Ghidra/Framework/Emulation/src/main/java/ghidra/pcode/opbehavior/OpBehaviorFloatSqrt.java,ghidra.pcode.opbehavior.OpBehaviorFloatSqrt,class,2,3,1,2,3,3,0,2,3,0.0,0.0,0.0,3,0,3,0,0,0,3,0,0,0,0,0,0,0,0,0,0,0,0,13,2,0,0,0,0,0,0,2,0,2,0,0,0,0,12,1,0
/Users/kaiohs/Downloads/codes/lab02-experimentacao-software/data/repos/NationalSecurityAgency__ghidra/Ghidra/Test/IntegrationTest/src/screen/java/help/screenshot/MemorySearchScreenShots.java,help.screenshot.MemorySearchScreenShots,class,14,14,0,14,10,3,0,24,43,0.8,0.0,0.0,10,0,10,0,0,0,10,0,0,0,2,0,0,2,0,0,0,0,0,117,0,0,0,0,0,39,38,37,0,33,1,0,0,4,126,1,0
/Users/kaiohs/Downloads/codes/lab02-experimentacao-software/data/repos/NationalSecurityAgency__ghidra/Ghidra/Framework/Emulation/src/main/java/ghidra/pcode/emu/jit/gen/util/Types.java,ghidra.pcode.emu.jit.gen.util.Types$TVoid,enum,1,1,0,1,2,1,0,0,1,0.0,0.0,0.0,2,0,2,0,0,0,2,0,0,0,0,0,0,0,0,0,0,0,0,8,2,0,0,0,0,0,0,0,0,0,0,0,0,0,15,1,0
/Users/kaiohs/Downloads/codes/lab02-experimentacao-software/data/repos/NationalSecurityAgency__ghidra/Ghidra/Test/IntegrationTest/src/screen/java/help/screenshot/SymbolTablePluginScreenShots.java,help.screenshot.SymbolTablePluginScreenShots,class,12,13,1,12,19,2,0,28,55,0.0,0.0,0.0,11,0,7,4,0,0,7,0,0,0,0,0,0,0,0,0,0,0,0,115,2,1,0,0,0,30,16,29,0,29,3,0,0,2,73,1,0
/Users/kaiohs/Downloads/codes/lab02-experimentacao-software/data/repos/NationalSecurityAgency__ghidra/Ghidra/Framework/SoftwareModeling/src/test.slow/java/ghidra/program/model/data/FunctionDefinitionDataTypeTest.java,ghidra.program.model.data.FunctionDefinitionDataTypeTest,class,13,14,1,13,14,2,0,25,0,0.46428573,0.0,0.0,14,0,12,2,0,0,12,0,0,0,2,0,0,2,0,0,0,0,0,206,1,0,0,0,0,64,27,43,0,39,0,0,0,0,64,1,0
/Users/kaiohs/Downloads/codes/lab02-experimentacao-software/data/repos/NationalSecurityAgency__ghidra/Ghidra/Framework/Emulation/src/test/java/ghidra/pcode/emu/jit/gen/util/EmitterTest.java,ghidra.pcode.emu.jit.gen.util.EmitterTest$Anonymous1,anonymous,2,2,0,2,0,1,0,0,0,NaN,-1.0,-1.0,0,0,0,0,0,0,0,0,0,0,1,0,0,0,0,1,0,0,0,3,0,0,0,0,0,0,0,0,0,1,0,0,0,0,2,-1,0
/Users/kaiohs/Downloads/codes/lab02-experimentacao-software/data/repos/NationalSecurityAgency__ghidra/Ghidra/Framework/SoftwareModeling/src/main/java/ghidra/app/plugin/assembler/sleigh/sem/DefaultAssemblyResolutionFactory.java,ghidra.app.plugin.assembler.sleigh.sem.DefaultAssemblyResolutionFactory,class,3,5,2,3,2,2,0,0,1,0.0,0.0,0.0,2,0,2,0,0,0,2,0,0,0,0,0,0,0,0,0,0,0,0,8,2,0,0,0,0,0,0,0,0,0,0,0,0,0,10,1,0
/Users/kaiohs/Downloads/codes/lab02-experimentacao-software/data/repos/NationalSecurityAgency__ghidra/Ghidra/Test/IntegrationTest/src/screen/java/help/screenshot/LabelMgrPluginScreenShots.java,help.screenshot.LabelMgrPluginScreenShots,class,14,14,0,14,7,2,0,10,21,0.0,0.0,0.0,7,0,7,0,0,0,7,0,0,0,0,0,0,0,0,0,0,0,0,74,0,0,0,0,0,11,10,12,0,12,1,3,0,1,52,1,0
/Users/kaiohs/Downloads/codes/lab02-experimentacao-software/data/repos/NationalSecurityAgency__ghidra/Ghidra/Framework/Emulation/src/test/java/ghidra/pcode/emu/jit/gen/util/EmitterTest.java,ghidra.pcode.emu.jit.gen.util.EmitterTest$Anonymous2,anonymous,2,2,0,2,0,1,0,0,0,NaN,-1.0,-1.0,0,0,0,0,0,0,0,0,0,0,1,0,0,0,0,1,0,0,0,3,0,0,0,0,0,0,0,0,0,1,0,0,0,0,2,-1,0
/Users/kaiohs/Downloads/codes/lab02-experimentacao-software/data/repos/NationalSecurityAgency__ghidra/Ghidra/Test/IntegrationTest/src/screen/java/help/screenshot/RepositoryScreenShots.java,help.screenshot.RepositoryScreenShots$Anonymous19,anonymous,3,3,0,3,2,1,0,5,1,0.0,0.0,0.0,2,0,2,0,0,0,2,0,0,0,0,0,0,0,0,0,0,0,0,14,0,0,0,0,0,10,0,4,0,4,0,0,0,0,18,-1,0
/Users/kaiohs/Downloads/codes/lab02-experimentacao-software/data/repos/NationalSecurityAgency__ghidra/Ghidra/Framework/Emulation/src/main/java/ghidra/app/emulator/state/DumpMiscState.java,ghidra.app.emulator.state.DumpMiscState,class,6,8,2,6,12,1,0,9,0,0.5,0.0,0.0,7,0,7,0,0,0,7,0,0,0,2,0,0,2,0,0,0,0,0,41,3,0,4,0,0,1,1,8,0,8,1,0,0,0,25,1,0
/Users/kaiohs/Downloads/codes/lab02-experimentacao-software/data/repos/NationalSecurityAgency__ghidra/Ghidra/Test/IntegrationTest/src/screen/java/help/screenshot/RepositoryScreenShots.java,help.screenshot.RepositoryScreenShots$Anonymous18,anonymous,4,4,0,4,6,1,0,10,3,0.0,0.0,0.0,3,0,3,0,0,0,3,0,0,0,0,0,0,0,0,0,0,0,0,36,0,0,0,3,0,10,0,7,0,7,1,0,0,0,21,-1,0
/Users/kaiohs/Downloads/codes/lab02-experimentacao-software/data/repos/NationalSecurityAgency__ghidra/Ghidra/Framework/Emulation/src/main/java/ghidra/pcode/emu/jit/JitDefaultBytesPcodeExecutorState.java,ghidra.pcode.emu.jit.JitDefaultBytesPcodeExecutorState,class,8,12,4,8,3,2,0,2,3,0.0,0.0,0.0,3,0,2,0,1,0,3,0,0,0,0,0,0,0,0,0,0,0,0,11,2,0,0,0,0,0,0,0,0,0,0,0,0,0,90,1,0
/Users/kaiohs/Downloads/codes/lab02-experimentacao-software/data/repos/NationalSecurityAgency__ghidra/Ghidra/Framework/SoftwareModeling/src/test/java/ghidra/program/model/address/AddressSetMappingTest.java,ghidra.program.model.address.AddressSetMappingTest,class,11,12,1,11,8,2,0,7,0,0.5714286,0.0,0.0,7,0,6,1,0,0,6,0,0,0,3,0,0,3,0,0,0,0,0,38,1,1,0,0,0,1,26,5,0,5,1,0,0,0,29,1,0
/Users/kaiohs/Downloads/codes/lab02-experimentacao-software/data/repos/NationalSecurityAgency__ghidra/Ghidra/Test/DebuggerIntegrationTest/src/test/java/ghidra/debug/flatapi/AbstractFlatDebuggerAPITest.java,ghidra.debug.flatapi.AbstractFlatDebuggerAPITest,class,27,31,4,27,21,3,0,67,54,0.80833334,0.0,0.0,20,0,11,0,9,0,20,1,0,0,6,0,0,0,6,0,0,0,12,174,3,0,0,6,0,26,69,35,0,35,1,0,0,0,113,1025,0
/Users/kaiohs/Downloads/codes/lab02-experimentacao-software/data/repos/NationalSecurityAgency__ghidra/Ghidra/Framework/Emulation/src/main/java/ghidra/pcode/opbehavior/OpBehaviorIntSext.java,ghidra.pcode.opbehavior.OpBehaviorIntSext,class,1,2,1,1,3,3,0,2,3,0.0,0.0,0.0,3,0,3,0,0,0,3,0,0,0,0,0,0,0,0,0,0,0,0,12,2,0,0,0,0,0,0,1,0,1,0,0,0,0,10,1,0
/Users/kaiohs/Downloads/codes/lab02-experimentacao-software/data/repos/NationalSecurityAgency__ghidra/Ghidra/Test/IntegrationTest/src/screen/java/help/screenshot/RepositoryScreenShots.java,help.screenshot.RepositoryScreenShots$Anonymous11,anonymous,5,5,0,5,2,1,0,5,1,0.0,0.0,0.0,2,0,2,0,0,0,2,0,0,0,0,0,0,0,0,0,0,0,0,26,0,0,0,0,0,12,6,10,0,10,0,0,0,0,20,-1,0
/Users/kaiohs/Downloads/codes/lab02-experimentacao-software/data/repos/NationalSecurityAgency__ghidra/Ghidra/Test/IntegrationTest/src/test/java/ghidra/program/database/data/DataDBTest.java,ghidra.program.database.data.DataDBTest,class,14,15,1,14,6,2,0,24,1,0.5,0.0,0.0,6,0,4,2,0,0,4,0,0,0,2,0,0,2,0,0,0,0,0,83,2,0,0,0,0,31,37,24,0,16,0,0,0,0,47,1,0
/Users/kaiohs/Downloads/codes/lab02-experimentacao-software/data/repos/NationalSecurityAgency__ghidra/Ghidra/Test/IntegrationTest/src/screen/java/help/screenshot/RepositoryScreenShots.java,help.screenshot.RepositoryScreenShots$Anonymous10,anonymous,9,9,0,9,6,1,0,10,3,0.0,0.0,0.0,3,0,3,0,0,0,3,0,0,0,0,0,0,0,0,0,0,0,0,41,0,0,0,3,0,7,0,9,0,9,1,0,0,0,26,-1,0
/Users/kaiohs/Downloads/codes/lab02-experimentacao-software/data/repos/NationalSecurityAgency__ghidra/Ghidra/Test/IntegrationTest/src/test.slow/java/ghidra/pcode/emu/jit/gen/ToyBEJitCodeGeneratorTest.java,ghidra.pcode.emu.jit.gen.ToyBEJitCodeGeneratorTest,class,2,2,0,2,1,5,0,0,0,0.0,NaN,NaN,1,0,0,0,1,0,1,0,0,0,0,0,0,0,0,0,0,0,0,5,1,0,0,0,0,0,0,0,0,0,0,0,0,0,10,1,0
/Users/kaiohs/Downloads/codes/lab02-experimentacao-software/data/repos/NationalSecurityAgency__ghidra/Ghidra/Test/IntegrationTest/src/screen/java/help/screenshot/RepositoryScreenShots.java,help.screenshot.RepositoryScreenShots$Anonymous13,anonymous,3,3,0,3,2,1,0,3,1,0.0,0.0,0.0,2,0,2,0,0,0,2,0,0,0,0,0,0,0,0,0,0,0,0,9,0,0,0,0,0,2,0,1,0,1,0,0,0,0,15,-1,0
/Users/kaiohs/Downloads/codes/lab02-experimentacao-software/data/repos/NationalSecurityAgency__ghidra/Ghidra/Test/IntegrationTest/src/screen/java/help/screenshot/RepositoryScreenShots.java,help.screenshot.RepositoryScreenShots$Anonymous12,anonymous,3,3,0,3,3,1,0,4,3,0.0,0.0,0.0,3,0,3,0,0,0,3,0,0,0,0,0,0,0,0,0,0,0,0,16,0,0,0,0,0,8,0,4,0,4,0,0,0,0,18,-1,0
/Users/kaiohs/Downloads/codes/lab02-experimentacao-software/data/repos/NationalSecurityAgency__ghidra/Ghidra/Test/IntegrationTest/src/screen/java/help/screenshot/RepositoryScreenShots.java,help.screenshot.RepositoryScreenShots$Anonymous15,anonymous,4,4,0,4,3,1,0,8,3,0.0,0.0,0.0,3,0,3,0,0,0,3,0,0,0,0,0,0,0,0,0,0,0,0,17,0,0,0,0,0,9,0,6,0,6,0,0,0,0,18,-1,0
/Users/kaiohs/Downloads/codes/lab02-experimentacao-software/data/repos/NationalSecurityAgency__ghidra/Ghidra/Test/IntegrationTest/src/screen/java/help/screenshot/RepositoryScreenShots.java,help.screenshot.RepositoryScreenShots$Anonymous14,anonymous,4,4,0,4,3,1,0,7,3,0.0,0.0,0.0,3,0,3,0,0,0,3,0,0,0,0,0,0,0,0,0,0,0,0,17,0,0,0,0,0,7,0,6,0,6,0,0,0,0,18,-1,0
/Users/kaiohs/Downloads/codes/lab02-experimentacao-software/data/repos/NationalSecurityAgency__ghidra/Ghidra/Test/IntegrationTest/src/screen/java/help/screenshot/RepositoryScreenShots.java,help.screenshot.RepositoryScreenShots$Anonymous17,anonymous,3,3,0,3,2,1,0,4,1,0.0,0.0,0.0,2,0,2,0,0,0,2,0,0,0,0,0,0,0,0,0,0,0,0,12,0,0,0,0,0,6,0,4,0,4,0,0,0,0,16,-1,0
/Users/kaiohs/Downloads/codes/lab02-experimentacao-software/data/repos/NationalSecurityAgency__ghidra/Ghidra/Test/IntegrationTest/src/screen/java/help/screenshot/RepositoryScreenShots.java,help.screenshot.RepositoryScreenShots$Anonymous16,anonymous,3,3,0,3,2,1,0,5,1,0.0,0.0,0.0,2,0,2,0,0,0,2,0,0,0,0,0,0,0,0,0,0,0,0,12,0,0,0,0,0,5,0,4,0,4,0,0,0,0,16,-1,0
/Users/kaiohs/Downloads/codes/lab02-experimentacao-software/data/repos/NationalSecurityAgency__ghidra/Ghidra/Framework/Emulation/src/main/java/ghidra/pcode/emu/jit/alloc/NoHandler.java,ghidra.pcode.emu.jit.alloc.NoHandler,enum,24,26,2,24,11,1,0,0,55,0.0,0.0,0.0,11,0,11,0,0,0,11,0,0,0,0,0,0,0,0,0,0,0,0,35,3,0,0,0,0,0,0,0,0,0,0,0,0,0,61,1,0
/Users/kaiohs/Downloads/codes/lab02-experimentacao-software/data/repos/NationalSecurityAgency__ghidra/Ghidra/Framework/SoftwareModeling/src/test/java/ghidra/program/model/data/ArrayStringableTest.java,ghidra.program.model.data.ArrayStringableTest$DataOrgDTM,innerclass,3,3,0,3,2,2,0,2,0,0.0,0.0,0.0,2,0,2,0,0,0,2,0,0,0,1,0,0,1,0,0,0,0,0,11,1,0,0,0,0,0,0,2,0,2,0,0,0,0,16,10,0
/Users/kaiohs/Downloads/codes/lab02-experimentacao-software/data/repos/NationalSecurityAgency__ghidra/Ghidra/Framework/Pty/src/main/java/ghidra/pty/windows/jna/ConsoleApiNative.java,ghidra.pty.windows.jna.ConsoleApiNative$PROC_THREAD_ATTRIBUTE_LIST,innerclass,6,6,0,6,1,4,0,1,0,0.8333333,NaN,NaN,1,0,0,0,1,0,1,0,0,0,6,1,6,0,0,0,1,0,0,13,1,0,0,0,0,5,0,1,0,6,0,0,1,0,31,9,0
/Users/kaiohs/Downloads/codes/lab02-experimentacao-software/data/repos/NationalSecurityAgency__ghidra/Ghidra/Framework/Emulation/src/test/java/ghidra/pcode/exec/AbstractEmulationEquivalenceTest.java,ghidra.pcode.exec.AbstractEmulationEquivalenceTest,class,29,30,1,29,22,2,0,55,8,0.6,0.0,0.0,5,0,1,0,4,0,5,0,0,0,1,1,0,0,1,0,1,0,2,155,1,7,4,2,0,8,8,28,7,28,4,4,2,1,99,1,2
/Users/kaiohs/Downloads/codes/lab02-experimentacao-software/data/repos/NationalSecurityAgency__ghidra/Ghidra/Framework/Emulation/src/main/java/ghidra/pcode/emu/jit/gen/opnd/ConstSimpleOpnd.java,ghidra.pcode.emu.jit.gen.opnd.ConstSimpleOpnd,interface,8,8,0,8,2,1,0,2,1,0.0,0.0,0.0,2,0,0,0,0,2,2,0,0,0,0,0,0,0,0,0,0,0,0,8,1,0,0,0,0,1,0,0,0,0,0,0,0,0,34,0,0
/Users/kaiohs/Downloads/codes/lab02-experimentacao-software/data/repos/NationalSecurityAgency__ghidra/Ghidra/Framework/Emulation/src/test/java/ghidra/pcode/exec/SleighUtilsTest.java,ghidra.pcode.exec.SleighUtilsTest,class,3,3,0,3,32,1,0,13,378,0.0,0.0,0.0,28,0,28,0,0,0,28,0,0,0,0,0,0,0,0,0,0,0,0,122,0,0,0,4,0,36,0,8,1,8,1,0,0,0,78,1,0
/Users/kaiohs/Downloads/codes/lab02-experimentacao-software/data/repos/NationalSecurityAgency__ghidra/Ghidra/Framework/Emulation/src/main/java/ghidra/pcode/emu/InstructionDecoder.java,ghidra.pcode.emu.InstructionDecoder,interface,5,8,3,5,5,1,0,0,10,0.0,0.0,0.0,5,0,0,0,0,5,5,0,0,0,0,0,0,0,0,0,0,0,0,7,0,0,0,0,0,0,0,0,0,0,0,0,0,0,60,1,0
/Users/kaiohs/Downloads/codes/lab02-experimentacao-software/data/repos/NationalSecurityAgency__ghidra/GhidraBuild/EclipsePlugins/GhidraDev/GhidraDevPlugin/src/main/java/ghidradev/ghidraprojectcreator/launchers/GhidraLaunchTabGroup.java,ghidradev.ghidraprojectcreator.launchers.GhidraLaunchTabGroup,class,11,12,1,11,6,2,0,9,15,0.0,NaN,NaN,6,0,1,5,0,0,1,0,0,0,0,0,0,0,0,0,0,0,0,140,5,0,0,0,0,0,0,1,0,1,0,5,0,0,72,1,0
/Users/kaiohs/Downloads/codes/lab02-experimentacao-software/data/repos/NationalSecurityAgency__ghidra/Ghidra/Test/DebuggerIntegrationTest/src/test/java/ghidra/app/plugin/core/debug/service/tracermi/TraceRmiPerformanceTest.java,ghidra.app.plugin.core.debug.service.tracermi.TraceRmiPerformanceTest$RmiTraceHandle$RmiTx,innerclass,3,3,0,3,3,1,0,5,0,0.0,0.0,0.0,2,0,2,0,0,0,2,0,0,0,1,0,0,1,0,0,1,0,0,13,0,1,0,0,0,0,1,1,0,1,1,0,0,0,12,0,0
/Users/kaiohs/Downloads/codes/lab02-experimentacao-software/data/repos/NationalSecurityAgency__ghidra/Ghidra/Framework/Emulation/src/main/java/ghidra/pcode/emu/jit/gen/op/FloatInt2FloatOpGen.java,ghidra.pcode.emu.jit.gen.op.FloatInt2FloatOpGen,enum,12,12,0,12,2,1,0,0,1,0.0,0.0,0.0,2,0,2,0,0,0,2,0,0,0,0,0,0,0,0,0,0,0,0,7,1,0,0,0,0,0,0,0,0,0,0,0,0,0,37,1,0
/Users/kaiohs/Downloads/codes/lab02-experimentacao-software/data/repos/NationalSecurityAgency__ghidra/Ghidra/Framework/Pty/src/main/java/ghidra/pty/unix/UnixPtyEndpoint.java,ghidra.pty.unix.UnixPtyEndpoint,class,4,8,4,4,4,1,2,2,0,0.5,0.0,0.0,4,0,2,0,1,1,4,0,0,0,4,0,0,2,2,0,4,0,0,22,2,0,0,0,0,0,0,4,0,4,0,0,0,0,18,1,0
/Users/kaiohs/Downloads/codes/lab02-experimentacao-software/data/repos/NationalSecurityAgency__ghidra/Ghidra/Framework/Emulation/src/main/java/ghidra/pcode/opbehavior/OpBehaviorIntMult.java,ghidra.pcode.opbehavior.OpBehaviorIntMult,class,1,2,1,1,3,3,0,2,3,0.0,0.0,0.0,3,0,3,0,0,0,3,0,0,0,0,0,0,0,0,0,0,0,0,13,2,0,0,0,1,0,0,2,1,2,0,0,0,0,12,1,0
/Users/kaiohs/Downloads/codes/lab02-experimentacao-software/data/repos/NationalSecurityAgency__ghidra/Ghidra/Framework/Emulation/src/main/java/ghidra/pcode/emu/jit/gen/op/OpGen.java,ghidra.pcode.emu.jit.gen.op.OpGen,interface,2,19,17,2,1,1,0,0,0,0.0,NaN,NaN,1,1,0,0,0,1,1,0,0,0,0,0,0,0,0,0,0,0,0,4,0,0,0,0,0,1,0,0,0,0,0,0,0,0,273,1,0
/Users/kaiohs/Downloads/codes/lab02-experimentacao-software/data/repos/NationalSecurityAgency__ghidra/Ghidra/Test/IntegrationTest/src/test.slow/java/ghidra/framework/main/datatree/FrontEndPluginOpenProgramActionsTest.java,ghidra.framework.main.datatree.FrontEndPluginOpenProgramActionsTest,class,23,24,1,23,38,2,0,73,30,0.6761905,0.0,0.0,21,0,10,11,0,0,10,0,0,0,5,0,0,5,0,0,0,0,4,260,7,8,3,1,0,40,38,72,8,65,2,0,0,4,158,1,0
/Users/kaiohs/Downloads/codes/lab02-experimentacao-software/data/repos/NationalSecurityAgency__ghidra/GhidraBuild/MarkdownSupport/src/main/java/ghidra/markdown/MarkdownToHtml.java,ghidra.markdown.MarkdownToHtml$HeadingAttributeProvider,innerclass,6,6,0,6,4,1,0,2,1,0.0,0.0,0.0,2,0,2,0,0,0,2,0,0,0,0,0,0,0,0,0,0,0,0,10,1,0,0,0,0,2,1,0,0,0,1,0,0,0,24,10,0
/Users/kaiohs/Downloads/codes/lab02-experimentacao-software/data/repos/NationalSecurityAgency__ghidra/Ghidra/Framework/SoftwareModeling/src/test/java/ghidra/program/model/address/TestAddress.java,ghidra.program.model.address.TestAddress,class,3,3,0,3,2,2,0,0,1,0.5,0.0,0.0,2,0,2,0,0,0,2,0,0,0,1,1,1,0,0,0,0,0,0,9,0,0,0,0,0,1,3,1,0,1,0,0,0,0,24,1,0
/Users/kaiohs/Downloads/codes/lab02-experimentacao-software/data/repos/NationalSecurityAgency__ghidra/Ghidra/Test/IntegrationTest/src/screen/java/help/screenshot/FunctionWindowPluginScreenShots.java,help.screenshot.FunctionWindowPluginScreenShots,class,5,6,1,5,3,2,0,6,3,0.0,0.0,0.0,3,0,2,1,0,0,2,0,0,0,0,0,0,0,0,0,0,0,0,37,0,0,0,0,0,1,2,2,0,2,0,1,0,0,26,1,0
/Users/kaiohs/Downloads/codes/lab02-experimentacao-software/data/repos/NationalSecurityAgency__ghidra/GhidraBuild/LaunchSupport/src/main/java/ghidra/launch/JavaFinder.java,ghidra.launch.JavaFinder,class,8,14,6,8,34,1,2,18,28,0.0,0.0,0.0,8,2,4,0,4,0,8,4,0,0,0,0,0,0,0,0,0,0,4,92,9,4,2,2,0,4,0,10,0,8,4,1,2,0,141,1025,0
/Users/kaiohs/Downloads/codes/lab02-experimentacao-software/data/repos/NationalSecurityAgency__ghidra/Ghidra/Framework/Emulation/src/main/java/ghidra/pcode/emu/jit/gen/tgt/JitCompiledPassage.java,ghidra.pcode.emu.jit.gen.tgt.JitCompiledPassage,interface,20,25,5,20,144,1,0,35,4276,0.97849464,0.0,0.0,93,83,1,0,0,92,93,0,0,0,1,1,0,0,0,1,1,0,138,779,85,12,10,0,80,3,379,162,323,37,2,0,4,1,502,1,0
/Users/kaiohs/Downloads/codes/lab02-experimentacao-software/data/repos/NationalSecurityAgency__ghidra/Ghidra/Framework/Emulation/src/main/java/ghidra/pcode/exec/AccessPcodeExecutionException.java,ghidra.pcode.exec.AccessPcodeExecutionException,class,2,3,1,2,3,5,0,0,3,0.0,0.0,0.0,3,0,3,0,0,0,3,0,0,0,0,0,0,0,0,0,0,0,0,11,0,0,0,0,0,0,0,0,0,0,0,0,0,0,18,1,0
/Users/kaiohs/Downloads/codes/lab02-experimentacao-software/data/repos/NationalSecurityAgency__ghidra/Ghidra/Framework/Emulation/src/main/java/ghidra/pcode/emu/jit/gen/var/MemoryVarGen.java,ghidra.pcode.emu.jit.gen.var.MemoryVarGen,interface,18,22,4,18,7,1,0,10,21,0.0,0.0,0.0,7,0,0,0,0,7,7,0,0,0,0,0,0,0,0,0,0,0,0,22,6,0,0,0,0,0,0,0,0,0,0,0,0,0,76,1,0
/Users/kaiohs/Downloads/codes/lab02-experimentacao-software/data/repos/NationalSecurityAgency__ghidra/Ghidra/Framework/SoftwareModeling/src/test/java/ghidra/program/model/data/LEB128Test.java,ghidra.program.model.data.LEB128Test,class,7,9,2,7,16,2,0,22,74,0.84615386,0.0,0.0,13,4,6,5,0,2,8,0,0,0,2,0,0,0,0,2,0,0,83,75,3,1,0,2,0,7,279,15,15,15,1,0,0,0,73,1,0
/Users/kaiohs/Downloads/codes/lab02-experimentacao-software/data/repos/NationalSecurityAgency__ghidra/GhidraBuild/EclipsePlugins/GhidraDev/GhidraDevPlugin/src/main/java/ghidradev/ghidrascripteditor/OpenFileRunnable.java,ghidradev.ghidrascripteditor.OpenFileRunnable$DisplayableIFile,innerclass,2,2,0,2,5,1,0,5,2,0.5,0.0,0.0,4,0,1,1,0,2,3,0,0,0,2,0,0,2,0,0,2,0,0,22,3,1,0,0,0,4,5,6,5,5,1,0,0,0,12,2,0
/Users/kaiohs/Downloads/codes/lab02-experimentacao-software/data/repos/NationalSecurityAgency__ghidra/Ghidra/Framework/Emulation/src/main/java/ghidra/pcode/emu/jit/gen/util/Emitter.java,ghidra.pcode.emu.jit.gen.util.Emitter$A7Function,interface,8,8,0,8,1,1,0,0,0,0.0,NaN,NaN,1,0,0,0,0,1,1,0,0,0,0,0,0,0,0,0,0,0,0,3,0,0,0,0,0,0,0,0,0,0,0,0,0,0,25,1,0
/Users/kaiohs/Downloads/codes/lab02-experimentacao-software/data/repos/NationalSecurityAgency__ghidra/GhidraDocs/GhidraClass/Debugger/ghidra_scripts/ModelingScript.java,ModelingScript$Expr,interface,0,0,0,0,1,1,0,0,0,0.0,NaN,NaN,1,0,0,0,0,1,1,0,0,0,0,0,0,0,0,0,0,0,0,3,0,0,0,0,0,0,0,0,0,0,0,0,0,0,2,0,0
/Users/kaiohs/Downloads/codes/lab02-experimentacao-software/data/repos/NationalSecurityAgency__ghidra/GhidraBuild/EclipsePlugins/GhidraDev/GhidraDevPlugin/src/main/java/ghidradev/ghidraprojectcreator/testers/GhidraModuleProjectPropertyTester.java,ghidradev.ghidraprojectcreator.testers.GhidraModuleProjectPropertyTester,class,2,2,0,2,1,2,0,2,0,0.0,NaN,NaN,1,0,1,0,0,0,1,0,0,0,0,0,0,0,0,0,0,0,2,5,1,0,0,0,0,0,0,0,0,0,0,0,0,0,21,1,0
/Users/kaiohs/Downloads/codes/lab02-experimentacao-software/data/repos/NationalSecurityAgency__ghidra/Ghidra/Framework/Emulation/src/main/java/ghidra/pcode/emu/jit/analysis/JitDataFlowState.java,ghidra.pcode.emu.jit.analysis.JitDataFlowState$MiniDFState,innerclass,12,12,0,12,38,1,0,41,85,0.78571427,0.0,0.0,14,1,6,0,5,3,14,0,0,0,2,0,0,2,0,0,2,0,11,162,14,3,9,0,7,1,4,49,12,41,3,0,0,0,189,1,0
/Users/kaiohs/Downloads/codes/lab02-experimentacao-software/data/repos/NationalSecurityAgency__ghidra/Ghidra/Framework/Emulation/src/main/java/ghidra/pcode/emu/jit/JitBytesPcodeExecutorStatePiece.java,ghidra.pcode.emu.jit.JitBytesPcodeExecutorStatePiece$JitBytesPcodeExecutorStateSpace,innerclass,5,5,0,5,4,2,0,3,6,0.0,0.0,0.0,4,0,4,0,0,0,4,0,0,0,0,0,0,0,0,0,0,0,0,14,2,0,0,0,0,0,0,0,0,0,0,0,0,0,101,1,0
/Users/kaiohs/Downloads/codes/lab02-experimentacao-software/data/repos/NationalSecurityAgency__ghidra/Ghidra/Test/IntegrationTest/src/test.slow/java/ghidra/pcode/emu/jit/analysis/JitControlFlowModelTest.java,ghidra.pcode.emu.jit.analysis.JitControlFlowModelTest$BrType,enum,0,0,0,0,0,1,0,0,0,0.0,-1.0,-1.0,0,0,0,0,0,0,0,0,0,0,0,0,0,0,0,0,0,0,0,1,0,0,0,0,0,0,0,0,0,0,0,0,0,0,6,0,0
/Users/kaiohs/Downloads/codes/lab02-experimentacao-software/data/repos/NationalSecurityAgency__ghidra/Ghidra/Framework/Emulation/src/main/java/ghidra/pcode/emu/jit/alloc/SubVarHandler.java,ghidra.pcode.emu.jit.alloc.SubVarHandler,interface,24,26,2,24,15,1,0,10,78,0.0,0.0,0.0,13,0,0,0,0,13,13,0,0,0,0,0,0,0,0,0,0,0,0,33,8,0,0,0,4,0,3,0,9,0,0,0,0,0,107,1,0
/Users/kaiohs/Downloads/codes/lab02-experimentacao-software/data/repos/NationalSecurityAgency__ghidra/Ghidra/Framework/Emulation/src/main/java/ghidra/pcode/emu/jit/gen/GenConsts.java,ghidra.pcode.emu.jit.gen.GenConsts$WriteIntX,interface,2,2,0,2,1,1,0,0,0,1.0,NaN,NaN,1,0,0,0,0,1,1,0,0,0,7,0,0,0,0,7,0,0,0,10,0,0,0,0,0,0,0,7,0,7,0,0,0,0,34,0,0
/Users/kaiohs/Downloads/codes/lab02-experimentacao-software/data/repos/NationalSecurityAgency__ghidra/Ghidra/Framework/Emulation/src/main/java/ghidra/pcode/emu/jit/gen/op/CatenateOpGen.java,ghidra.pcode.emu.jit.gen.op.CatenateOpGen,enum,12,12,0,12,1,1,0,0,0,0.0,NaN,NaN,1,0,1,0,0,0,1,0,0,0,0,0,0,0,0,0,0,0,0,5,0,0,0,0,0,1,0,0,0,0,0,0,0,0,43,1,0
/Users/kaiohs/Downloads/codes/lab02-experimentacao-software/data/repos/NationalSecurityAgency__ghidra/GhidraBuild/EclipsePlugins/GhidraDev/GhidraDevPlugin/src/main/java/ghidradev/ghidraprojectcreator/wizards/ImportGhidraModuleSourceWizard.java,ghidradev.ghidraprojectcreator.wizards.ImportGhidraModuleSourceWizard,class,14,15,1,14,11,2,0,23,3,0.4166667,0.0,0.0,6,0,4,2,0,0,4,0,0,0,4,0,0,4,0,0,0,0,7,68,6,0,0,2,0,6,3,11,3,12,1,0,0,1,105,1,0
/Users/kaiohs/Downloads/codes/lab02-experimentacao-software/data/repos/NationalSecurityAgency__ghidra/Ghidra/Framework/Emulation/src/test/java/ghidra/pcode/opbehavior/OpBehaviorIntSLessEqualTest.java,ghidra.pcode.opbehavior.OpBehaviorIntSLessEqualTest,class,3,3,0,3,3,3,0,4,3,0.0,0.0,0.0,3,0,3,0,0,0,3,0,0,0,0,0,0,0,0,0,0,0,1,66,0,0,0,0,0,2,205,5,0,5,0,0,0,0,27,1,0
/Users/kaiohs/Downloads/codes/lab02-experimentacao-software/data/repos/NationalSecurityAgency__ghidra/Ghidra/Framework/SoftwareModeling/src/main/java/ghidra/app/util/SymbolPath.java,ghidra.app.util.SymbolPath,class,5,8,3,5,47,1,0,30,105,0.5454545,0.0,0.0,22,0,20,2,0,0,20,0,0,0,2,0,0,2,0,0,2,0,5,151,26,1,17,0,5,1,12,23,7,12,2,0,0,0,154,1,0
/Users/kaiohs/Downloads/codes/lab02-experimentacao-software/data/repos/NationalSecurityAgency__ghidra/Ghidra/Test/IntegrationTest/src/test.slow/java/ghidra/program/model/lang/RegisterValueContextTest.java,ghidra.program.model.lang.RegisterValueContextTest,class,9,9,0,9,5,2,0,12,0,0.4,0.0,0.0,5,0,5,0,0,0,5,0,0,0,2,0,0,2,0,0,0,0,1,61,0,0,0,0,0,1,131,13,0,10,0,0,0,0,31,1,0
/Users/kaiohs/Downloads/codes/lab02-experimentacao-software/data/repos/NationalSecurityAgency__ghidra/Ghidra/Framework/SoftwareModeling/src/test/java/ghidra/program/model/util/AcyclicCallGraphBuilderTest.java,ghidra.program.model.util.AcyclicCallGraphBuilderTest$Anonymous2,anonymous,3,3,0,3,2,1,0,0,1,0.0,0.0,0.0,2,0,2,0,0,0,2,0,0,0,0,0,0,0,0,0,0,0,0,8,2,0,0,0,0,0,0,0,0,0,0,0,0,0,8,-1,0
/Users/kaiohs/Downloads/codes/lab02-experimentacao-software/data/repos/NationalSecurityAgency__ghidra/Ghidra/Framework/SoftwareModeling/src/test/java/ghidra/program/model/util/AcyclicCallGraphBuilderTest.java,ghidra.program.model.util.AcyclicCallGraphBuilderTest$Anonymous3,anonymous,5,5,0,5,9,1,0,3,4,0.4,0.0,0.0,5,0,5,0,0,0,5,0,0,0,1,0,0,1,0,0,0,0,0,25,5,1,2,0,1,0,1,4,0,2,1,0,0,0,17,-1,0
/Users/kaiohs/Downloads/codes/lab02-experimentacao-software/data/repos/NationalSecurityAgency__ghidra/Ghidra/Test/IntegrationTest/src/test.slow/java/ghidra/pcode/emu/jit/gen/AbstractJitCodeGeneratorTest.java,ghidra.pcode.emu.jit.gen.AbstractJitCodeGeneratorTest$TestPlainPcodeEmulator,innerclass,5,5,0,5,2,2,0,0,1,0.0,0.0,0.0,2,0,1,0,1,0,2,0,0,0,0,0,0,0,0,0,0,0,0,8,1,0,0,0,0,0,0,0,0,0,0,0,0,0,9,9,0
/Users/kaiohs/Downloads/codes/lab02-experimentacao-software/data/repos/NationalSecurityAgency__ghidra/Ghidra/Framework/Emulation/src/main/java/ghidra/pcode/emu/jit/op/JitOp.java,ghidra.pcode.emu.jit.op.JitOp,interface,9,34,25,9,10,1,0,0,36,0.0,0.0,0.0,9,3,0,0,0,9,9,0,0,0,0,0,0,0,0,0,0,0,0,20,4,0,0,0,0,0,0,0,0,0,1,0,0,0,88,1,0
/Users/kaiohs/Downloads/codes/lab02-experimentacao-software/data/repos/NationalSecurityAgency__ghidra/Ghidra/Framework/SoftwareModeling/src/test/java/ghidra/program/model/util/AcyclicCallGraphBuilderTest.java,ghidra.program.model.util.AcyclicCallGraphBuilderTest$Anonymous1,anonymous,2,2,0,2,1,1,0,1,0,0.0,NaN,NaN,1,0,1,0,0,0,1,0,0,0,0,0,0,0,0,0,0,0,0,5,1,0,0,0,0,0,0,0,0,0,0,0,0,0,5,-1,0
/Users/kaiohs/Downloads/codes/lab02-experimentacao-software/data/repos/NationalSecurityAgency__ghidra/Ghidra/Framework/SoftwareModeling/src/test/java/ghidra/test/DummyToolTemplate.java,ghidra.test.DummyToolTemplate,class,7,8,1,7,10,1,0,0,45,0.0,0.0,0.0,10,0,10,0,0,0,10,0,0,0,0,0,0,0,0,0,0,0,0,30,8,0,0,0,0,2,0,0,0,0,0,0,0,0,28,1,0
/Users/kaiohs/Downloads/codes/lab02-experimentacao-software/data/repos/NationalSecurityAgency__ghidra/Ghidra/Test/IntegrationTest/src/test.slow/java/ghidra/framework/plugintool/testplugins/CircularPluginA.java,ghidra.framework.plugintool.testplugins.CircularPluginA,class,6,8,2,6,1,2,0,0,0,0.0,NaN,NaN,1,0,1,0,0,0,1,0,0,0,0,0,0,0,0,0,0,0,0,5,0,0,0,0,0,3,0,0,0,0,0,0,0,0,10,1,0
/Users/kaiohs/Downloads/codes/lab02-experimentacao-software/data/repos/NationalSecurityAgency__ghidra/Ghidra/Framework/SoftwareModeling/src/test/java/ghidra/program/model/data/StubDataType.java,ghidra.program.model.data.StubDataType,class,14,15,1,14,55,1,0,2,1463,0.93636364,0.0,0.0,55,0,55,0,0,0,55,0,0,0,2,0,0,2,0,0,0,0,0,170,5,0,0,0,0,2,0,2,1,2,0,0,0,0,112,1,0
/Users/kaiohs/Downloads/codes/lab02-experimentacao-software/data/repos/NationalSecurityAgency__ghidra/Ghidra/Test/IntegrationTest/src/screen/java/help/screenshot/DataTypeManagerPluginScreenShots.java,help.screenshot.DataTypeManagerPluginScreenShots$Anonymous1,anonymous,1,1,0,1,1,1,0,0,0,0.0,NaN,NaN,1,0,1,0,0,0,1,0,0,0,0,0,0,0,0,0,0,0,0,5,1,0,0,0,0,0,0,0,0,0,0,0,0,0,3,-1,0
/Users/kaiohs/Downloads/codes/lab02-experimentacao-software/data/repos/NationalSecurityAgency__ghidra/Ghidra/Test/IntegrationTest/src/test.slow/java/ghidra/app/util/bin/format/dwarf4/next/DWARFRegisterMappingsTest.java,ghidra.app.util.bin.format.dwarf4.next.DWARFRegisterMappingsTest,class,11,11,0,11,20,2,0,10,0,0.11111111,0.0,0.0,18,0,17,0,1,0,18,0,0,0,1,0,0,1,0,0,0,0,0,70,1,1,0,0,0,17,0,3,1,3,2,1,0,0,86,1,0
/Users/kaiohs/Downloads/codes/lab02-experimentacao-software/data/repos/NationalSecurityAgency__ghidra/Ghidra/Framework/SoftwareModeling/src/main/java/ghidra/app/util/PseudoDisassembler.java,ghidra.app.util.PseudoDisassembler,class,34,35,1,34,186,1,0,106,372,0.8997669,0.0,0.0,33,5,25,8,0,0,25,0,0,0,13,3,0,11,0,2,3,0,6,595,74,14,52,8,9,6,36,150,3,106,8,0,0,2,400,1,2
/Users/kaiohs/Downloads/codes/lab02-experimentacao-software/data/repos/NationalSecurityAgency__ghidra/Ghidra/Test/IntegrationTest/src/test.slow/java/ghidra/framework/plugintool/testplugins/CircularPluginB.java,ghidra.framework.plugintool.testplugins.CircularPluginB,class,6,8,2,6,1,2,0,0,0,0.0,NaN,NaN,1,0,1,0,0,0,1,0,0,0,0,0,0,0,0,0,0,0,0,5,0,0,0,0,0,3,0,0,0,0,0,0,0,0,10,1,0
/Users/kaiohs/Downloads/codes/lab02-experimentacao-software/data/repos/NationalSecurityAgency__ghidra/GhidraBuild/EclipsePlugins/GhidraDev/GhidraDevPlugin/src/main/java/ghidradev/ghidraprojectcreator/utils/GhidraScriptUtils.java,ghidradev.ghidraprojectcreator.utils.GhidraScriptUtils,class,12,14,2,12,13,1,0,30,1,0.5,0.0,0.0,2,2,2,0,0,0,2,0,0,0,1,1,1,0,0,0,0,0,6,78,2,1,0,1,0,32,2,12,13,14,3,0,0,2,106,1,0
/Users/kaiohs/Downloads/codes/lab02-experimentacao-software/data/repos/NationalSecurityAgency__ghidra/Ghidra/Framework/Emulation/src/main/java/ghidra/pcode/exec/PcodeFrame.java,ghidra.pcode.exec.PcodeFrame$MyFormatter,innerclass,5,5,0,5,2,2,0,3,1,0.0,0.0,0.0,2,0,0,0,2,0,2,0,0,0,0,0,0,0,0,0,0,0,1,11,2,0,0,0,0,0,0,2,0,1,0,0,0,0,18,4,0
/Users/kaiohs/Downloads/codes/lab02-experimentacao-software/data/repos/NationalSecurityAgency__ghidra/Ghidra/Framework/Emulation/src/main/java/ghidra/pcode/emu/ModifiedPcodeThread.java,ghidra.pcode.emu.ModifiedPcodeThread$ModifierUseropLibrary$ModifierUseropDefinition,innerclass,7,7,0,7,11,1,0,2,51,0.8181818,0.0,0.0,11,0,11,0,0,0,11,0,0,0,2,0,0,2,0,0,2,0,0,38,9,0,0,0,0,0,1,2,0,2,0,0,0,0,38,4,0
/Users/kaiohs/Downloads/codes/lab02-experimentacao-software/data/repos/NationalSecurityAgency__ghidra/GhidraBuild/EclipsePlugins/GhidraDev/GhidraDevPlugin/src/main/java/ghidradev/ghidrascripteditor/preferences/GhidraScriptEditorPreferences.java,ghidradev.ghidrascripteditor.preferences.GhidraScriptEditorPreferences,class,2,3,1,2,4,1,0,6,1,0.5,0.0,0.0,3,3,3,0,0,0,3,0,0,0,2,2,0,0,0,2,2,0,4,21,3,0,0,1,0,2,1,5,0,5,1,0,0,0,59,1,0
/Users/kaiohs/Downloads/codes/lab02-experimentacao-software/data/repos/NationalSecurityAgency__ghidra/Ghidra/Framework/Emulation/src/main/java/generic/Span.java,generic.Span$MutableSpanSet,interface,4,4,0,4,4,1,0,0,6,0.0,0.0,0.0,4,0,0,0,0,4,4,0,0,0,0,0,0,0,0,0,0,0,0,6,0,0,0,0,0,0,0,0,0,0,0,0,0,0,51,1,0
/Users/kaiohs/Downloads/codes/lab02-experimentacao-software/data/repos/NationalSecurityAgency__ghidra/Ghidra/Test/IntegrationTest/src/test.slow/java/ghidra/app/plugin/core/strings/EncodedStringsDialogTest.java,ghidra.app.plugin.core.strings.EncodedStringsDialogTest,class,18,19,1,18,13,2,0,51,0,0.6166667,0.0,0.0,12,0,8,3,1,0,9,0,0,0,5,0,0,5,0,0,0,0,0,114,3,0,1,0,0,21,22,11,0,8,1,0,0,6,86,1,0
/Users/kaiohs/Downloads/codes/lab02-experimentacao-software/data/repos/NationalSecurityAgency__ghidra/GhidraBuild/EclipsePlugins/GhidraDev/GhidraDevPlugin/src/main/java/ghidradev/ghidraprojectcreator/testers/PackageFragmentRootPropertyTester.java,ghidradev.ghidraprojectcreator.testers.PackageFragmentRootPropertyTester,class,2,2,0,2,3,2,0,3,0,0.0,NaN,NaN,1,0,1,0,0,0,1,0,0,0,0,0,0,0,0,0,0,0,0,11,1,0,1,0,0,0,1,2,0,1,2,0,0,0,33,1,0
/Users/kaiohs/Downloads/codes/lab02-experimentacao-software/data/repos/NationalSecurityAgency__ghidra/Ghidra/Framework/SoftwareModeling/src/test/java/ghidra/app/plugin/assembler/sleigh/MIPSAssemblyTest.java,ghidra.app.plugin.assembler.sleigh.MIPSAssemblyTest,class,5,5,0,5,3,3,0,8,3,0.0,0.0,0.0,3,0,2,0,1,0,3,0,0,0,0,0,0,0,0,0,0,0,1,15,1,0,0,0,0,9,2,4,0,1,0,0,0,0,28,1,0
/Users/kaiohs/Downloads/codes/lab02-experimentacao-software/data/repos/NationalSecurityAgency__ghidra/Ghidra/Framework/Emulation/src/main/java/ghidra/app/emulator/state/FilteredMemoryPageOverlay.java,ghidra.app.emulator.state.FilteredMemoryPageOverlay,class,4,5,1,4,3,2,0,2,0,0.0,0.0,0.0,2,0,2,0,0,0,2,0,0,0,1,0,0,1,0,0,0,0,0,13,0,0,0,0,0,1,0,1,0,1,1,0,0,0,14,1,0
/Users/kaiohs/Downloads/codes/lab02-experimentacao-software/data/repos/NationalSecurityAgency__ghidra/Ghidra/Test/DebuggerIntegrationTest/src/test.slow/java/agent/gdb/rmi/GdbConnectorsTest.java,agent.gdb.rmi.GdbConnectorsTest,class,8,9,1,8,14,4,0,45,66,0.0,0.0,0.0,12,0,10,1,1,0,11,0,0,0,0,0,0,0,0,0,0,0,37,86,2,0,0,13,0,65,1,19,0,18,1,0,0,0,75,1,0
/Users/kaiohs/Downloads/codes/lab02-experimentacao-software/data/repos/NationalSecurityAgency__ghidra/Ghidra/Framework/Emulation/src/main/java/generic/ULongSpan.java,generic.MutableULongSpanMap,interface,3,4,1,3,0,1,0,0,0,0.0,-1.0,-1.0,0,0,0,0,0,0,0,0,0,0,0,0,0,0,0,0,0,0,0,2,0,0,0,0,0,0,0,0,0,0,0,0,0,0,11,0,0
/Users/kaiohs/Downloads/codes/lab02-experimentacao-software/data/repos/NationalSecurityAgency__ghidra/Ghidra/Test/IntegrationTest/src/test/java/ghidra/util/bean/PathManagerTest.java,ghidra.util.bean.PathManagerTest,class,13,14,1,13,10,2,0,47,0,0.70000005,0.0,0.0,10,0,9,1,0,0,9,0,0,0,8,0,0,8,0,0,0,0,2,172,0,0,0,0,0,44,27,36,0,24,1,1,0,4,84,1,0
/Users/kaiohs/Downloads/codes/lab02-experimentacao-software/data/repos/NationalSecurityAgency__ghidra/GhidraBuild/BuildFiles/Doclets/src/main/java/ghidra/doclets/typestubs/HtmlTagKind.java,ghidra.doclets.typestubs.HtmlTagKind$Anonymous8,anonymous,1,1,0,1,2,1,0,1,0,0.0,NaN,NaN,1,0,0,0,0,1,1,0,0,0,0,0,0,0,0,0,0,0,1,8,2,0,0,0,0,0,0,0,0,0,1,0,0,0,10,-1,0
/Users/kaiohs/Downloads/codes/lab02-experimentacao-software/data/repos/NationalSecurityAgency__ghidra/GhidraBuild/EclipsePlugins/GhidraSleighEditor/ghidra.xtext.sleigh.ui/src/ghidra/xtext/sleigh/ui/console/ConsoleLineTracker.java,ghidra.xtext.sleigh.ui.console.ConsoleLineTracker,class,4,4,0,4,3,1,0,1,3,0.6666667,0.0,0.0,3,0,3,0,0,0,3,0,0,0,1,0,0,1,0,0,0,0,0,11,0,0,0,0,0,0,0,2,0,2,0,0,0,0,14,1,0
/Users/kaiohs/Downloads/codes/lab02-experimentacao-software/data/repos/NationalSecurityAgency__ghidra/GhidraBuild/BuildFiles/Doclets/src/main/java/ghidra/doclets/typestubs/HtmlTagKind.java,ghidra.doclets.typestubs.HtmlTagKind$Anonymous9,anonymous,1,1,0,1,2,1,0,1,0,0.0,NaN,NaN,1,0,0,0,0,1,1,0,0,0,0,0,0,0,0,0,0,0,1,8,2,0,0,0,0,0,0,0,0,0,1,0,0,0,10,-1,0
/Users/kaiohs/Downloads/codes/lab02-experimentacao-software/data/repos/NationalSecurityAgency__ghidra/GhidraBuild/BuildFiles/Doclets/src/main/java/ghidra/doclets/typestubs/HtmlTagKind.java,ghidra.doclets.typestubs.HtmlTagKind$Anonymous4,anonymous,1,1,0,1,1,1,0,0,0,0.0,NaN,NaN,1,0,0,0,0,1,1,0,0,0,0,0,0,0,0,0,0,0,0,5,1,0,0,0,0,0,0,0,0,0,0,0,0,0,8,-1,0
/Users/kaiohs/Downloads/codes/lab02-experimentacao-software/data/repos/NationalSecurityAgency__ghidra/GhidraBuild/BuildFiles/Doclets/src/main/java/ghidra/doclets/typestubs/HtmlTagKind.java,ghidra.doclets.typestubs.HtmlTagKind$Anonymous5,anonymous,1,1,0,1,2,1,0,1,0,0.0,NaN,NaN,1,0,0,0,0,1,1,0,0,0,0,0,0,0,0,0,0,0,1,8,2,0,0,0,0,0,0,0,0,0,1,0,0,0,10,-1,0
/Users/kaiohs/Downloads/codes/lab02-experimentacao-software/data/repos/NationalSecurityAgency__ghidra/GhidraBuild/BuildFiles/Doclets/src/main/java/ghidra/doclets/typestubs/HtmlTagKind.java,ghidra.doclets.typestubs.HtmlTagKind$Anonymous6,anonymous,1,1,0,1,2,1,0,1,0,0.0,NaN,NaN,1,0,0,0,0,1,1,0,0,0,0,0,0,0,0,0,0,0,1,8,2,0,0,0,0,0,0,0,0,0,1,0,0,0,10,-1,0
/Users/kaiohs/Downloads/codes/lab02-experimentacao-software/data/repos/NationalSecurityAgency__ghidra/GhidraBuild/LaunchSupport/src/main/java/ghidra/launch/WindowsJavaFinder.java,ghidra.launch.WindowsJavaFinder,class,1,2,1,1,6,2,0,5,6,0.0,0.0,0.0,4,0,0,0,4,0,4,0,0,0,0,0,0,0,0,0,0,0,0,26,6,0,0,0,0,12,0,1,0,1,1,0,0,0,22,1,0
/Users/kaiohs/Downloads/codes/lab02-experimentacao-software/data/repos/NationalSecurityAgency__ghidra/GhidraBuild/BuildFiles/Doclets/src/main/java/ghidra/doclets/typestubs/HtmlTagKind.java,ghidra.doclets.typestubs.HtmlTagKind$Anonymous7,anonymous,1,1,0,1,2,1,0,1,0,0.0,NaN,NaN,1,0,0,0,0,1,1,0,0,0,0,0,0,0,0,0,0,0,1,8,2,0,0,0,0,0,0,0,0,0,1,0,0,0,10,-1,0
/Users/kaiohs/Downloads/codes/lab02-experimentacao-software/data/repos/NationalSecurityAgency__ghidra/GhidraBuild/BuildFiles/Doclets/src/main/java/ghidra/doclets/typestubs/HtmlTagKind.java,ghidra.doclets.typestubs.HtmlTagKind$Anonymous1,anonymous,1,1,0,1,2,1,0,0,0,0.0,NaN,NaN,1,0,0,0,0,1,1,0,0,0,0,0,0,0,0,0,0,0,0,5,1,0,1,0,0,0,0,0,0,0,0,0,0,0,7,-1,0
/Users/kaiohs/Downloads/codes/lab02-experimentacao-software/data/repos/NationalSecurityAgency__ghidra/GhidraBuild/BuildFiles/Doclets/src/main/java/ghidra/doclets/typestubs/HtmlTagKind.java,ghidra.doclets.typestubs.HtmlTagKind$Anonymous2,anonymous,1,1,0,1,1,1,0,0,0,0.0,NaN,NaN,1,0,0,0,0,1,1,0,0,0,0,0,0,0,0,0,0,0,0,5,1,0,0,0,0,0,0,0,0,0,0,0,0,0,8,-1,0
/Users/kaiohs/Downloads/codes/lab02-experimentacao-software/data/repos/NationalSecurityAgency__ghidra/Ghidra/Framework/Emulation/src/main/java/ghidra/pcode/emu/jit/gen/op/IntSDivOpGen.java,ghidra.pcode.emu.jit.gen.op.IntSDivOpGen,enum,20,20,0,20,4,1,0,3,6,0.0,0.0,0.0,4,0,4,0,0,0,4,0,0,0,0,0,0,0,0,0,0,0,2,14,4,0,0,0,0,1,1,0,0,0,0,0,0,0,53,1,0
/Users/kaiohs/Downloads/codes/lab02-experimentacao-software/data/repos/NationalSecurityAgency__ghidra/GhidraBuild/BuildFiles/Doclets/src/main/java/ghidra/doclets/typestubs/HtmlTagKind.java,ghidra.doclets.typestubs.HtmlTagKind$Anonymous3,anonymous,1,1,0,1,1,1,0,0,0,0.0,NaN,NaN,1,0,0,0,0,1,1,0,0,0,0,0,0,0,0,0,0,0,0,5,1,0,0,0,0,0,0,0,0,0,0,0,0,0,8,-1,0
/Users/kaiohs/Downloads/codes/lab02-experimentacao-software/data/repos/NationalSecurityAgency__ghidra/Ghidra/Framework/Emulation/src/main/java/ghidra/pcode/emu/jit/op/JitIntUnOp.java,ghidra.pcode.emu.jit.op.JitIntUnOp,interface,2,2,0,2,2,1,0,0,1,0.0,0.0,0.0,2,0,0,0,0,2,2,0,0,0,0,0,0,0,0,0,0,0,0,8,2,0,0,0,0,0,0,0,0,0,0,0,0,0,17,1,0
/Users/kaiohs/Downloads/codes/lab02-experimentacao-software/data/repos/NationalSecurityAgency__ghidra/Ghidra/Framework/Emulation/src/main/java/ghidra/pcode/opbehavior/OpBehaviorIntLess.java,ghidra.pcode.opbehavior.OpBehaviorIntLess,class,1,2,1,1,11,3,0,2,3,0.0,0.0,0.0,3,0,3,0,0,0,3,0,0,0,0,0,0,0,0,0,0,0,0,35,2,0,3,0,5,0,15,13,2,5,3,0,0,0,16,1,0
/Users/kaiohs/Downloads/codes/lab02-experimentacao-software/data/repos/NationalSecurityAgency__ghidra/Ghidra/Framework/Emulation/src/main/java/ghidra/pcode/opbehavior/OpBehaviorInt2Comp.java,ghidra.pcode.opbehavior.OpBehaviorInt2Comp,class,2,3,1,2,4,3,0,3,3,0.0,0.0,0.0,3,0,3,0,0,0,3,0,0,0,0,0,0,0,0,0,0,0,0,16,2,0,0,0,0,1,2,2,1,2,1,0,0,0,14,1,0
/Users/kaiohs/Downloads/codes/lab02-experimentacao-software/data/repos/NationalSecurityAgency__ghidra/GhidraBuild/EclipsePlugins/GhidraDev/GhidraDevPlugin/src/main/java/ghidradev/GhidraRootPreferences.java,ghidradev.GhidraRootPreferences,class,2,3,1,2,2,1,0,4,0,0.0,0.0,0.0,2,2,2,0,0,0,2,0,0,0,1,1,0,0,0,1,1,0,2,11,1,0,0,0,0,1,0,3,0,3,0,0,0,0,55,1,0
/Users/kaiohs/Downloads/codes/lab02-experimentacao-software/data/repos/NationalSecurityAgency__ghidra/Ghidra/Framework/Emulation/src/main/java/ghidra/pcode/emulate/EmulateInstructionStateModifier.java,ghidra.pcode.emulate.EmulateInstructionStateModifier,class,8,9,1,8,12,1,0,13,5,0.6111111,0.0,0.0,6,0,4,0,2,0,6,0,2,0,3,0,0,1,2,0,2,0,3,46,6,1,4,0,0,2,5,8,2,8,2,0,0,0,128,1025,0
/Users/kaiohs/Downloads/codes/lab02-experimentacao-software/data/repos/NationalSecurityAgency__ghidra/Ghidra/Test/DebuggerIntegrationTest/src/test/java/ghidra/app/plugin/core/debug/service/tracermi/TraceRmiPerformanceTest.java,ghidra.app.plugin.core.debug.service.tracermi.TraceRmiPerformanceTest$RmiTraceHandle,innerclass,13,13,0,13,17,1,0,56,81,0.8740741,0.0,0.0,15,1,5,7,3,0,8,0,0,0,9,1,0,9,0,0,7,0,2,125,13,0,1,1,0,13,15,19,6,27,2,0,1,9,87,8,0
/Users/kaiohs/Downloads/codes/lab02-experimentacao-software/data/repos/NationalSecurityAgency__ghidra/Ghidra/Framework/Emulation/src/main/java/ghidra/app/emulator/Emulator.java,ghidra.app.emulator.Emulator,interface,8,14,6,8,18,1,0,0,153,0.0,0.0,0.0,18,0,0,0,0,18,18,0,0,0,0,0,0,0,0,0,0,0,0,20,0,0,0,0,0,1,0,0,0,0,0,0,0,0,172,1,0
/Users/kaiohs/Downloads/codes/lab02-experimentacao-software/data/repos/NationalSecurityAgency__ghidra/Ghidra/Test/IntegrationTest/src/screen/java/help/screenshot/TextFormatter.java,help.screenshot.TextFormatter,class,2,6,4,2,17,1,0,27,5,0.7272727,0.0,0.0,11,0,7,4,0,0,7,0,0,0,13,1,0,13,0,0,1,0,1,114,5,1,4,0,1,2,18,34,19,27,1,0,0,0,90,1,0
/Users/kaiohs/Downloads/codes/lab02-experimentacao-software/data/repos/NationalSecurityAgency__ghidra/Ghidra/Framework/Pty/src/test/java/ghidra/pty/testutil/DummyProc.java,ghidra.pty.testutil.DummyProc,class,2,5,3,2,22,1,0,29,4,0.5,0.0,0.0,4,2,3,0,0,1,4,0,0,0,2,0,2,0,0,0,2,0,4,72,9,1,1,3,0,24,3,14,9,13,3,0,0,1,46,1,2
/Users/kaiohs/Downloads/codes/lab02-experimentacao-software/data/repos/NationalSecurityAgency__ghidra/Ghidra/Test/IntegrationTest/src/test.slow/java/ghidra/pcodeCPort/slgh_compile/regression/SleighCompileRegressionTest.java,ghidra.pcodeCPort.slgh_compile.regression.SleighCompileRegressionTest$IOThread,innerclass,0,0,0,0,4,2,0,4,0,0.0,0.0,0.0,2,0,2,0,0,0,2,0,0,0,1,0,0,1,0,0,0,0,0,18,0,1,1,1,1,1,0,3,1,2,2,0,0,0,15,2,0
/Users/kaiohs/Downloads/codes/lab02-experimentacao-software/data/repos/NationalSecurityAgency__ghidra/GhidraBuild/EclipsePlugins/GhidraDev/GhidraDevPlugin/src/main/java/ghidradev/ghidrascripteditor/SocketSetupRunnable.java,ghidradev.ghidrascripteditor.SocketSetupRunnable,class,2,4,2,2,9,1,0,14,1,0.33333334,0.0,0.0,3,0,2,1,0,0,2,0,0,0,1,0,0,1,0,0,0,0,0,27,0,2,1,1,1,1,2,8,1,7,4,0,0,0,53,1,0
/Users/kaiohs/Downloads/codes/lab02-experimentacao-software/data/repos/NationalSecurityAgency__ghidra/Ghidra/Test/IntegrationTest/src/test.slow/java/ghidra/program/model/pcode/PcodeEmitContextCrossBuildTest.java,ghidra.program.model.pcode.PcodeEmitContextCrossBuildTest,class,18,19,1,18,47,2,0,53,0,0.8311111,0.0,0.0,15,0,14,1,0,0,14,0,0,0,30,12,0,30,0,0,12,0,65,513,1,15,17,0,4,46,105,140,12,123,3,0,0,0,234,1,0
/Users/kaiohs/Downloads/codes/lab02-experimentacao-software/data/repos/NationalSecurityAgency__ghidra/Ghidra/Test/IntegrationTest/src/test/java/ghidra/graph/TestGraphService.java,ghidra.graph.TestGraphService,class,7,12,5,7,8,1,0,1,28,0.875,0.0,0.0,8,0,8,0,0,0,8,0,0,0,1,0,0,1,0,0,0,0,1,24,5,0,0,0,0,1,0,1,0,1,0,0,0,0,25,1,0
/Users/kaiohs/Downloads/codes/lab02-experimentacao-software/data/repos/NationalSecurityAgency__ghidra/GhidraBuild/EclipsePlugins/GhidraDev/GhidraDevPlugin/src/main/java/ghidradev/ghidraprojectcreator/testers/PyGhidraProjectPropertyTester.java,ghidradev.ghidraprojectcreator.testers.PyGhidraProjectPropertyTester,class,3,3,0,3,2,2,0,2,0,0.0,NaN,NaN,1,0,1,0,0,0,1,0,0,0,0,0,0,0,0,0,0,0,2,10,2,0,0,1,0,0,0,0,0,0,1,0,0,0,26,1,0
/Users/kaiohs/Downloads/codes/lab02-experimentacao-software/data/repos/NationalSecurityAgency__ghidra/Ghidra/Framework/Emulation/src/main/java/ghidra/pcode/opbehavior/OpBehaviorFloatFloat2Float.java,ghidra.pcode.opbehavior.OpBehaviorFloatFloat2Float,class,2,3,1,2,3,3,0,2,3,0.0,0.0,0.0,3,0,3,0,0,0,3,0,0,0,0,0,0,0,0,0,0,0,0,15,2,0,0,0,0,0,0,4,0,4,0,0,0,0,14,1,0
/Users/kaiohs/Downloads/codes/lab02-experimentacao-software/data/repos/NationalSecurityAgency__ghidra/Ghidra/Framework/Emulation/src/main/java/ghidra/pcode/opbehavior/OpBehaviorLzcount.java,ghidra.pcode.opbehavior.OpBehaviorLzcount,class,1,2,1,1,10,3,0,2,3,0.0,0.0,0.0,3,0,3,0,0,0,3,0,0,0,0,0,0,0,0,0,0,0,1,35,2,2,4,0,3,0,17,9,5,3,2,0,0,0,19,1,0
/Users/kaiohs/Downloads/codes/lab02-experimentacao-software/data/repos/NationalSecurityAgency__ghidra/Ghidra/Framework/Emulation/src/main/java/ghidra/pcode/emu/PcodeStateInitializer.java,ghidra.pcode.emu.PcodeStateInitializer,interface,5,6,1,5,3,1,0,0,3,0.0,0.0,0.0,3,0,0,0,0,3,3,0,0,0,0,0,0,0,0,0,0,0,0,7,0,0,0,0,0,0,0,0,0,0,0,0,0,0,97,1,0
/Users/kaiohs/Downloads/codes/lab02-experimentacao-software/data/repos/NationalSecurityAgency__ghidra/Ghidra/Framework/Emulation/src/main/java/ghidra/pcode/opbehavior/OpBehaviorFloatSub.java,ghidra.pcode.opbehavior.OpBehaviorFloatSub,class,2,3,1,2,3,3,0,2,3,0.0,0.0,0.0,3,0,3,0,0,0,3,0,0,0,0,0,0,0,0,0,0,0,0,13,2,0,0,0,0,0,0,2,0,2,0,0,0,0,12,1,0
/Users/kaiohs/Downloads/codes/lab02-experimentacao-software/data/repos/NationalSecurityAgency__ghidra/GhidraBuild/LaunchSupport/src/main/java/ghidra/launch/JavaFinder.java,ghidra.launch.JavaFinder$JavaFilter,enum,0,0,0,0,0,1,0,0,0,0.0,-1.0,-1.0,0,0,0,0,0,0,0,0,0,0,0,0,0,0,0,0,0,0,0,1,0,0,0,0,0,0,0,0,0,0,0,0,0,0,16,1,0
/Users/kaiohs/Downloads/codes/lab02-experimentacao-software/data/repos/NationalSecurityAgency__ghidra/Ghidra/Framework/SoftwareModeling/src/main/java/ghidra/app/plugin/assembler/sleigh/tree/AssemblyParseToken.java,ghidra.app.plugin.assembler.sleigh.tree.AssemblyParseToken,class,4,12,8,4,11,2,1,7,0,0.3125,0.0,0.0,8,0,7,0,1,0,8,0,0,0,2,0,0,0,2,0,2,0,0,43,9,0,1,0,0,3,1,6,2,4,1,0,0,0,45,1,0
/Users/kaiohs/Downloads/codes/lab02-experimentacao-software/data/repos/NationalSecurityAgency__ghidra/Ghidra/Test/DebuggerIntegrationTest/src/test/java/ghidra/app/plugin/core/debug/service/tracermi/TraceRmiPerformanceTest.java,ghidra.app.plugin.core.debug.service.tracermi.TraceRmiPerformanceTest$NerfedTraceRmiPlugin,innerclass,4,4,0,4,2,2,0,3,1,0.0,0.0,0.0,2,0,2,0,0,0,2,0,0,0,0,0,0,0,0,0,0,0,0,11,1,0,0,0,0,0,0,1,0,1,0,0,0,0,17,9,0
/Users/kaiohs/Downloads/codes/lab02-experimentacao-software/data/repos/NationalSecurityAgency__ghidra/GhidraBuild/EclipsePlugins/GhidraDev/GhidraDevPlugin/src/main/java/ghidradev/ghidraprojectcreator/wizards/CreateGhidraModuleProjectWizard.java,ghidradev.ghidraprojectcreator.wizards.CreateGhidraModuleProjectWizard,class,17,18,1,17,12,2,0,27,1,0.4666667,0.0,0.0,6,0,4,2,0,0,4,0,0,0,5,0,0,5,0,0,0,0,9,76,6,0,1,2,0,6,4,15,3,16,2,0,0,1,116,1,0
/Users/kaiohs/Downloads/codes/lab02-experimentacao-software/data/repos/NationalSecurityAgency__ghidra/Ghidra/Framework/Emulation/src/main/java/ghidra/pcode/emu/jit/gen/op/FloatLessEqualOpGen.java,ghidra.pcode.emu.jit.gen.op.FloatLessEqualOpGen,enum,12,12,0,12,3,1,0,3,3,0.0,0.0,0.0,3,0,3,0,0,0,3,0,0,0,0,0,0,0,0,0,0,0,3,11,3,0,0,0,0,0,0,0,0,0,0,0,0,0,40,1,0
/Users/kaiohs/Downloads/codes/lab02-experimentacao-software/data/repos/NationalSecurityAgency__ghidra/Ghidra/Framework/Emulation/src/main/java/ghidra/pcode/emu/jit/gen/util/Emitter.java,ghidra.pcode.emu.jit.gen.util.Emitter$A3Consumer,interface,3,3,0,3,1,1,0,0,0,0.0,NaN,NaN,1,0,0,0,0,1,1,0,0,0,0,0,0,0,0,0,0,0,0,3,0,0,0,0,0,0,0,0,0,0,0,0,0,0,15,1,0
/Users/kaiohs/Downloads/codes/lab02-experimentacao-software/data/repos/NationalSecurityAgency__ghidra/Ghidra/Framework/Emulation/src/main/java/ghidra/generic/util/datastruct/SemisparseByteArray.java,ghidra.generic.util.datastruct.SemisparseByteArray,class,7,9,2,7,31,1,0,32,0,0.5625,0.0,0.0,16,1,14,0,1,1,16,0,0,13,3,1,1,2,0,0,3,0,21,133,10,6,7,0,0,3,18,37,13,31,2,0,0,3,214,1,0
/Users/kaiohs/Downloads/codes/lab02-experimentacao-software/data/repos/NationalSecurityAgency__ghidra/Ghidra/Framework/Emulation/src/main/java/ghidra/pcode/emu/jit/analysis/JitOpUseModel.java,ghidra.pcode.emu.jit.analysis.JitOpUseModel,class,14,19,5,14,28,1,0,39,1,0.6,0.0,0.0,6,0,3,3,0,0,3,0,0,0,5,0,0,5,0,0,5,0,2,124,6,13,0,0,0,4,0,14,2,14,4,0,1,0,288,1,0
/Users/kaiohs/Downloads/codes/lab02-experimentacao-software/data/repos/NationalSecurityAgency__ghidra/Ghidra/Framework/SoftwareModeling/src/test/java/ghidra/program/model/util/PropertyMapTest.java,ghidra.program.model.util.PropertyMapTest,class,10,11,1,10,5,2,0,8,3,0.6666667,0.0,0.0,3,0,2,1,0,0,2,0,0,0,1,0,0,0,0,1,0,0,0,40,1,2,0,0,0,2,36,9,0,8,1,0,0,0,21,1,0
/Users/kaiohs/Downloads/codes/lab02-experimentacao-software/data/repos/NationalSecurityAgency__ghidra/GhidraDocs/GhidraClass/Debugger/ghidra_scripts/ZeroTimerScript.java,ZeroTimerScript,class,9,9,0,9,21,2,0,33,0,0.0,NaN,NaN,1,0,0,0,1,0,1,0,0,0,0,0,0,0,0,0,0,0,1,82,0,1,5,1,0,21,7,11,2,11,2,0,0,0,95,1,0
/Users/kaiohs/Downloads/codes/lab02-experimentacao-software/data/repos/NationalSecurityAgency__ghidra/Ghidra/Framework/Emulation/src/test/java/ghidra/pcode/opbehavior/OpBehaviorPopcountTest.java,ghidra.pcode.opbehavior.OpBehaviorPopcountTest,class,3,3,0,3,3,3,0,8,1,0.0,0.0,0.0,2,0,2,0,0,0,2,0,0,0,0,0,0,0,0,0,0,0,8,50,0,1,0,0,0,2,131,13,0,8,1,0,0,0,33,1,0
/Users/kaiohs/Downloads/codes/lab02-experimentacao-software/data/repos/NationalSecurityAgency__ghidra/Ghidra/Test/IntegrationTest/src/test.slow/java/ghidra/app/plugin/core/clipboard/ClipboardPluginTest.java,ghidra.app.plugin.core.clipboard.ClipboardPluginTest$CodeViewerWrapper,innerclass,7,7,0,7,9,1,0,10,1,0.2857143,0.0,0.0,7,0,7,0,0,0,7,0,0,0,1,0,0,1,0,0,1,0,0,30,5,0,1,0,0,2,4,3,0,3,1,0,0,1,37,0,0
/Users/kaiohs/Downloads/codes/lab02-experimentacao-software/data/repos/NationalSecurityAgency__ghidra/Ghidra/Framework/Emulation/src/main/java/ghidra/pcode/emu/jit/gen/util/Types.java,ghidra.pcode.emu.jit.gen.util.TByte,enum,2,5,3,2,3,1,0,0,3,0.0,0.0,0.0,3,0,3,0,0,0,3,0,0,0,0,0,0,0,0,0,0,0,0,11,3,0,0,0,0,0,0,0,0,0,0,0,0,0,15,1,0
/Users/kaiohs/Downloads/codes/lab02-experimentacao-software/data/repos/NationalSecurityAgency__ghidra/Ghidra/Framework/Emulation/src/main/java/ghidra/pcode/emu/jit/var/AbstractJitOutVar.java,ghidra.pcode.emu.jit.var.AbstractJitOutVar,class,4,6,2,4,3,4,2,0,1,0.33333334,0.0,0.0,3,0,3,0,0,0,3,0,0,0,1,0,0,1,0,0,0,0,0,12,1,0,0,0,0,0,0,1,0,1,0,0,0,0,19,1025,0
/Users/kaiohs/Downloads/codes/lab02-experimentacao-software/data/repos/NationalSecurityAgency__ghidra/Ghidra/Test/DebuggerIntegrationTest/src/test.slow/java/agent/gdb/rmi/AbstractGdbTraceRmiTest.java,agent.gdb.rmi.AbstractGdbTraceRmiTest$Anonymous1,anonymous,1,1,0,1,1,1,0,1,0,0.0,NaN,NaN,1,0,0,0,1,0,1,0,0,0,0,0,0,0,0,0,0,0,0,5,1,0,0,0,0,0,0,0,0,0,0,0,0,0,4,-1,0
/Users/kaiohs/Downloads/codes/lab02-experimentacao-software/data/repos/NationalSecurityAgency__ghidra/Ghidra/Framework/Emulation/src/main/java/ghidra/pcode/emu/jit/op/JitDefOp.java,ghidra.pcode.emu.jit.op.JitDefOp,interface,6,20,14,6,6,1,0,8,10,0.0,0.0,0.0,5,0,0,0,0,5,5,0,0,0,0,0,0,0,0,0,0,0,0,16,1,0,1,0,0,0,0,1,0,1,1,0,0,0,33,1,0
/Users/kaiohs/Downloads/codes/lab02-experimentacao-software/data/repos/NationalSecurityAgency__ghidra/Ghidra/Framework/Emulation/src/main/java/ghidra/pcode/exec/SleighPcodeUseropDefinition.java,ghidra.pcode.exec.SleighPcodeUseropDefinition$Factory,innerclass,3,3,0,3,2,1,0,0,1,0.5,0.0,0.0,2,0,2,0,0,0,2,0,0,0,1,0,0,0,0,1,1,0,0,9,1,0,0,0,0,0,0,1,0,1,0,0,0,0,24,9,0
/Users/kaiohs/Downloads/codes/lab02-experimentacao-software/data/repos/NationalSecurityAgency__ghidra/Ghidra/Test/DebuggerIntegrationTest/src/test.slow/java/agent/drgn/rmi/DrgnMethodsTest.java,agent.drgn.rmi.DrgnMethodsTest,class,14,15,1,14,16,3,0,63,78,0.0,0.0,0.0,13,0,10,3,0,0,10,0,0,0,0,0,0,0,0,0,0,0,19,174,0,1,2,19,0,74,18,68,1,64,3,0,0,5,99,1,0
/Users/kaiohs/Downloads/codes/lab02-experimentacao-software/data/repos/NationalSecurityAgency__ghidra/Ghidra/Framework/Emulation/src/main/java/ghidra/app/emulator/memory/ProgramMappedLoadImage.java,ghidra.app.emulator.memory.ProgramMappedLoadImage,class,4,5,1,4,4,1,0,3,0,0.0,0.0,0.0,4,0,4,0,0,0,4,0,0,0,1,0,0,1,0,0,0,0,0,15,1,0,0,0,0,1,0,1,0,1,0,0,0,0,19,1,0
/Users/kaiohs/Downloads/codes/lab02-experimentacao-software/data/repos/NationalSecurityAgency__ghidra/Ghidra/Test/IntegrationTest/src/test.slow/java/ghidra/util/task/RunManagerTest.java,ghidra.util.task.RunManagerTest,class,16,26,10,16,28,9,0,34,165,0.9473684,0.0,0.0,19,0,13,5,1,0,14,0,0,0,6,4,3,3,0,0,4,0,4,462,0,2,0,5,2,36,43,61,10,61,1,0,9,0,132,1,2
/Users/kaiohs/Downloads/codes/lab02-experimentacao-software/data/repos/NationalSecurityAgency__ghidra/Ghidra/Framework/Emulation/src/main/java/ghidra/pcode/emu/jit/gen/var/DirectMemoryVarGen.java,ghidra.pcode.emu.jit.gen.var.DirectMemoryVarGen,interface,17,17,0,17,4,1,0,0,6,0.0,0.0,0.0,4,0,0,0,0,4,4,0,0,0,0,0,0,0,0,0,0,0,0,14,0,0,0,0,0,0,0,0,0,0,0,0,0,0,39,1,0
/Users/kaiohs/Downloads/codes/lab02-experimentacao-software/data/repos/NationalSecurityAgency__ghidra/GPL/DMG/src/dmg/java/mobiledevices/dmg/decmpfs/DecmpfsHeader.java,mobiledevices.dmg.decmpfs.DecmpfsHeader,class,3,7,4,3,8,1,0,8,2,0.6,0.0,0.0,5,0,5,0,0,0,5,0,0,0,4,0,0,4,0,0,0,0,1,39,4,0,2,0,2,1,7,9,5,8,1,0,0,0,31,1,0
/Users/kaiohs/Downloads/codes/lab02-experimentacao-software/data/repos/NationalSecurityAgency__ghidra/Ghidra/Test/IntegrationTest/src/screen/java/help/screenshot/RepositoryScreenShots.java,help.screenshot.RepositoryScreenShots$Anonymous20,anonymous,4,4,0,4,5,1,0,7,3,0.0,0.0,0.0,3,0,3,0,0,0,3,0,0,0,0,0,0,0,0,0,0,0,0,21,0,0,0,1,0,6,6,2,0,2,1,0,0,0,21,-1,0
/Users/kaiohs/Downloads/codes/lab02-experimentacao-software/data/repos/NationalSecurityAgency__ghidra/Ghidra/Framework/Emulation/src/main/java/ghidra/app/emulator/AdaptedEmulator.java,ghidra.app.emulator.AdaptedEmulator$AdaptedPcodeThread,innerclass,9,9,0,9,5,2,0,4,6,0.75,0.0,0.0,4,0,1,0,3,0,4,0,0,0,1,0,0,0,0,1,0,0,0,30,3,0,0,0,0,1,0,1,0,1,1,1,0,0,27,0,0
/Users/kaiohs/Downloads/codes/lab02-experimentacao-software/data/repos/NationalSecurityAgency__ghidra/Ghidra/Test/IntegrationTest/src/screen/java/help/screenshot/RepositoryScreenShots.java,help.screenshot.RepositoryScreenShots$Anonymous29,anonymous,3,3,0,3,3,1,0,4,3,0.0,0.0,0.0,3,0,3,0,0,0,3,0,0,0,0,0,0,0,0,0,0,0,0,20,0,0,0,0,0,8,0,6,2,6,0,0,0,0,30,-1,0
/Users/kaiohs/Downloads/codes/lab02-experimentacao-software/data/repos/NationalSecurityAgency__ghidra/Ghidra/Framework/Emulation/src/main/java/ghidra/pcode/emu/jit/gen/op/UnimplementedOpGen.java,ghidra.pcode.emu.jit.gen.op.UnimplementedOpGen,enum,17,17,0,17,2,1,0,9,0,0.0,NaN,NaN,1,0,1,0,0,0,1,0,0,0,0,0,0,0,0,0,0,0,1,12,2,0,0,0,0,2,0,4,0,4,1,0,0,0,49,1,0
/Users/kaiohs/Downloads/codes/lab02-experimentacao-software/data/repos/NationalSecurityAgency__ghidra/Ghidra/Framework/Emulation/src/main/java/generic/Span.java,generic.Span$DefaultSpanSet,innerclass,10,10,0,10,21,1,0,22,0,0.46875,0.0,0.0,16,0,15,0,1,0,16,0,0,0,2,0,0,2,0,0,2,0,2,65,14,1,2,0,1,3,0,3,0,4,1,0,0,1,64,1,0
/Users/kaiohs/Downloads/codes/lab02-experimentacao-software/data/repos/NationalSecurityAgency__ghidra/Ghidra/Test/IntegrationTest/src/screen/java/help/screenshot/RepositoryScreenShots.java,help.screenshot.RepositoryScreenShots$Anonymous22,anonymous,6,6,0,6,3,1,0,11,3,0.0,0.0,0.0,3,0,3,0,0,0,3,0,0,0,0,0,0,0,0,0,0,0,0,33,0,0,0,0,0,10,8,15,0,15,0,0,0,0,25,-1,0
/Users/kaiohs/Downloads/codes/lab02-experimentacao-software/data/repos/NationalSecurityAgency__ghidra/Ghidra/Test/IntegrationTest/src/screen/java/help/screenshot/RepositoryScreenShots.java,help.screenshot.RepositoryScreenShots$Anonymous21,anonymous,3,3,0,3,3,1,0,5,3,0.0,0.0,0.0,3,0,3,0,0,0,3,0,0,0,0,0,0,0,0,0,0,0,0,17,0,0,0,0,0,6,3,6,0,6,0,0,0,0,16,-1,0
/Users/kaiohs/Downloads/codes/lab02-experimentacao-software/data/repos/NationalSecurityAgency__ghidra/GhidraBuild/LaunchSupport/src/main/java/LaunchSupport.java,LaunchSupport,class,7,8,1,7,52,1,0,46,1,0.35714287,NaN,NaN,7,7,1,6,0,0,1,0,0,0,2,2,0,2,0,0,2,0,15,207,13,2,10,2,1,52,6,45,19,31,3,0,0,2,232,1,0
/Users/kaiohs/Downloads/codes/lab02-experimentacao-software/data/repos/NationalSecurityAgency__ghidra/Ghidra/Test/IntegrationTest/src/screen/java/help/screenshot/RepositoryScreenShots.java,help.screenshot.RepositoryScreenShots$Anonymous24,anonymous,4,4,0,4,2,1,0,9,1,0.0,0.0,0.0,2,0,2,0,0,0,2,0,0,0,0,0,0,0,0,0,0,0,0,26,0,0,0,0,0,2,8,12,0,12,0,0,0,0,22,-1,0
/Users/kaiohs/Downloads/codes/lab02-experimentacao-software/data/repos/NationalSecurityAgency__ghidra/Ghidra/Test/IntegrationTest/src/screen/java/help/screenshot/RepositoryScreenShots.java,help.screenshot.RepositoryScreenShots$Anonymous23,anonymous,4,4,0,4,2,1,0,6,1,0.0,0.0,0.0,2,0,2,0,0,0,2,0,0,0,0,0,0,0,0,0,0,0,0,12,0,0,0,0,0,3,3,4,0,4,0,0,0,0,20,-1,0
/Users/kaiohs/Downloads/codes/lab02-experimentacao-software/data/repos/NationalSecurityAgency__ghidra/Ghidra/Test/IntegrationTest/src/screen/java/help/screenshot/RepositoryScreenShots.java,help.screenshot.RepositoryScreenShots$Anonymous26,anonymous,3,3,0,3,2,1,0,3,1,0.0,0.0,0.0,2,0,2,0,0,0,2,0,0,0,0,0,0,0,0,0,0,0,0,12,0,0,0,0,0,6,0,4,0,4,0,0,0,0,16,-1,0
/Users/kaiohs/Downloads/codes/lab02-experimentacao-software/data/repos/NationalSecurityAgency__ghidra/Ghidra/Test/IntegrationTest/src/screen/java/help/screenshot/RepositoryScreenShots.java,help.screenshot.RepositoryScreenShots$Anonymous25,anonymous,2,2,0,2,2,1,0,4,1,0.0,0.0,0.0,2,0,2,0,0,0,2,0,0,0,0,0,0,0,0,0,0,0,0,16,0,0,0,0,0,20,8,2,0,2,0,0,0,0,13,-1,0
/Users/kaiohs/Downloads/codes/lab02-experimentacao-software/data/repos/NationalSecurityAgency__ghidra/Ghidra/Test/IntegrationTest/src/test.slow/java/ghidra/pcode/emu/PlainPcodeEmulatorTest.java,ghidra.pcode.emu.PlainPcodeEmulatorTest,class,3,3,0,3,1,2,0,0,0,0.0,NaN,NaN,1,0,0,0,1,0,1,0,0,0,0,0,0,0,0,0,0,0,0,5,1,0,0,0,0,0,0,0,0,0,0,0,0,0,8,1,0
/Users/kaiohs/Downloads/codes/lab02-experimentacao-software/data/repos/NationalSecurityAgency__ghidra/Ghidra/Test/IntegrationTest/src/screen/java/help/screenshot/RepositoryScreenShots.java,help.screenshot.RepositoryScreenShots$Anonymous28,anonymous,3,3,0,3,3,1,0,4,3,0.0,0.0,0.0,3,0,3,0,0,0,3,0,0,0,0,0,0,0,0,0,0,0,0,20,0,0,0,0,0,5,0,6,0,6,0,0,0,0,21,-1,0
/Users/kaiohs/Downloads/codes/lab02-experimentacao-software/data/repos/NationalSecurityAgency__ghidra/Ghidra/Test/IntegrationTest/src/screen/java/help/screenshot/RepositoryScreenShots.java,help.screenshot.RepositoryScreenShots$Anonymous27,anonymous,4,4,0,4,3,1,0,4,3,0.0,0.0,0.0,3,0,3,0,0,0,3,0,0,0,0,0,0,0,0,0,0,0,0,17,0,0,0,0,0,7,0,6,0,6,0,0,0,0,20,-1,0
/Users/kaiohs/Downloads/codes/lab02-experimentacao-software/data/repos/NationalSecurityAgency__ghidra/Ghidra/Framework/Emulation/src/main/java/ghidra/app/emulator/MemoryAccessFilter.java,ghidra.app.emulator.MemoryAccessFilter,class,5,13,8,5,17,1,2,8,6,0.5625,0.0,0.0,8,0,3,0,2,3,8,2,3,0,4,0,0,3,1,0,0,0,0,46,3,0,5,0,0,1,0,7,0,4,1,0,0,0,87,1025,0
/Users/kaiohs/Downloads/codes/lab02-experimentacao-software/data/repos/NationalSecurityAgency__ghidra/Ghidra/Test/IntegrationTest/src/screen/java/help/screenshot/RepositoryScreenShots.java,help.screenshot.RepositoryScreenShots$Anonymous31,anonymous,2,2,0,2,3,1,0,3,3,0.0,0.0,0.0,3,0,3,0,0,0,3,0,0,0,0,0,0,0,0,0,0,0,0,11,0,0,0,0,0,5,0,0,0,0,0,0,0,0,12,-1,0
/Users/kaiohs/Downloads/codes/lab02-experimentacao-software/data/repos/NationalSecurityAgency__ghidra/Ghidra/Framework/SoftwareModeling/src/test/java/ghidra/program/model/address/AddressSetTest.java,ghidra.program.model.address.AddressSetTest,class,17,18,1,17,83,2,0,51,1473,0.90570724,0.0,0.0,62,0,50,12,0,0,50,0,0,0,13,0,0,13,0,0,1,0,0,808,12,16,1,4,0,25,1274,331,10,110,2,0,0,0,185,1,0
/Users/kaiohs/Downloads/codes/lab02-experimentacao-software/data/repos/NationalSecurityAgency__ghidra/Ghidra/Test/IntegrationTest/src/screen/java/help/screenshot/RepositoryScreenShots.java,help.screenshot.RepositoryScreenShots$Anonymous30,anonymous,1,1,0,1,3,1,0,2,3,0.0,0.0,0.0,3,0,3,0,0,0,3,0,0,0,0,0,0,0,0,0,0,0,0,11,0,0,0,0,0,6,0,0,0,0,0,0,0,0,9,-1,0
/Users/kaiohs/Downloads/codes/lab02-experimentacao-software/data/repos/NationalSecurityAgency__ghidra/Ghidra/Test/IntegrationTest/src/screen/java/help/screenshot/GhidraScriptMgrPluginScreenShots.java,help.screenshot.GhidraScriptMgrPluginScreenShots,class,24,25,1,24,21,2,0,52,171,0.0,0.0,0.0,19,0,14,5,0,0,14,0,0,0,0,0,0,0,0,0,0,0,0,168,2,1,0,0,0,67,11,50,5,48,1,0,0,5,143,1,0
/Users/kaiohs/Downloads/codes/lab02-experimentacao-software/data/repos/NationalSecurityAgency__ghidra/Ghidra/Test/DebuggerIntegrationTest/src/test/java/ghidra/app/plugin/core/debug/gui/listing/DebuggerListingProviderTest.java,ghidra.app.plugin.core.debug.gui.listing.DebuggerListingProviderTest,class,51,52,1,51,50,3,0,161,0,0.8042553,0.0,0.0,47,2,40,1,6,0,46,0,0,0,5,0,0,0,5,0,0,0,21,982,4,2,1,44,0,164,407,213,6,208,2,1,0,35,279,1,0
/Users/kaiohs/Downloads/codes/lab02-experimentacao-software/data/repos/NationalSecurityAgency__ghidra/Ghidra/Framework/SoftwareModeling/src/main/java/ghidra/app/plugin/assembler/sleigh/util/TableEntry.java,ghidra.app.plugin.assembler.sleigh.util.TableEntry,class,3,6,3,3,2,2,0,0,0,0.0,0.0,0.0,2,0,2,0,0,0,2,0,0,0,1,0,0,1,0,0,1,0,0,10,1,0,0,0,0,0,0,1,0,1,0,0,0,0,42,1,0
/Users/kaiohs/Downloads/codes/lab02-experimentacao-software/data/repos/NationalSecurityAgency__ghidra/Ghidra/Framework/Emulation/src/main/java/ghidra/pcode/memstate/MemoryPageBank.java,ghidra.pcode.memstate.MemoryPageBank,class,10,12,2,10,13,2,1,13,0,0.25,0.0,0.0,4,0,1,0,3,0,4,0,0,0,1,0,0,0,1,0,0,0,1,57,4,0,4,0,2,1,2,9,0,8,2,0,0,0,24,1,0
/Users/kaiohs/Downloads/codes/lab02-experimentacao-software/data/repos/NationalSecurityAgency__ghidra/Ghidra/Framework/SoftwareModeling/src/main/java/ghidra/app/plugin/assembler/sleigh/sem/AssemblyNopState.java,ghidra.app.plugin.assembler.sleigh.sem.AssemblyNopState,class,7,9,2,7,10,2,0,7,15,0.0,0.0,0.0,6,0,4,0,2,0,6,0,0,0,0,0,0,0,0,0,0,0,2,36,9,0,4,0,0,1,1,4,0,2,1,0,0,0,28,1,0
/Users/kaiohs/Downloads/codes/lab02-experimentacao-software/data/repos/NationalSecurityAgency__ghidra/Ghidra/Framework/Emulation/src/test/java/ghidra/pcode/emu/jit/JitMpIntPerformanceExperiment.java,ghidra.pcode.emu.jit.JitMpIntPerformanceExperiment,class,17,18,1,17,25,1,0,38,0,0.65909094,0.0,0.0,11,2,10,1,0,0,10,0,0,0,4,4,2,1,0,1,3,0,18,187,0,10,2,2,0,15,107,124,0,67,2,0,0,0,86,1,0
/Users/kaiohs/Downloads/codes/lab02-experimentacao-software/data/repos/NationalSecurityAgency__ghidra/Ghidra/Framework/Emulation/src/main/java/ghidra/pcode/emu/jit/gen/op/StoreOpGen.java,ghidra.pcode.emu.jit.gen.op.StoreOpGen,enum,30,30,0,30,11,1,0,12,36,0.0,NaN,NaN,9,0,1,8,0,0,1,0,0,0,0,0,0,0,0,0,0,0,2,42,8,2,0,0,0,0,3,9,0,5,1,0,0,0,145,1,0
/Users/kaiohs/Downloads/codes/lab02-experimentacao-software/data/repos/NationalSecurityAgency__ghidra/Ghidra/Test/IntegrationTest/src/screen/java/help/screenshot/RepositoryScreenShots.java,help.screenshot.RepositoryScreenShots$Anonymous33,anonymous,4,4,0,4,3,1,0,9,3,0.0,0.0,0.0,3,0,3,0,0,0,3,0,0,0,0,0,0,0,0,0,0,0,0,21,0,0,0,0,0,4,0,6,0,6,0,0,0,0,22,-1,0
/Users/kaiohs/Downloads/codes/lab02-experimentacao-software/data/repos/NationalSecurityAgency__ghidra/Ghidra/Test/IntegrationTest/src/screen/java/help/screenshot/RepositoryScreenShots.java,help.screenshot.RepositoryScreenShots$Anonymous32,anonymous,2,2,0,2,2,1,0,2,1,0.0,0.0,0.0,2,0,2,0,0,0,2,0,0,0,0,0,0,0,0,0,0,0,0,14,0,0,0,0,0,8,0,2,0,2,0,0,0,0,12,-1,0
/Users/kaiohs/Downloads/codes/lab02-experimentacao-software/data/repos/NationalSecurityAgency__ghidra/Ghidra/Framework/SoftwareModeling/src/test/java/ghidra/program/model/ReferenceManagerTestDouble.java,ghidra.program.model.ReferenceManagerTestDouble,class,13,14,1,13,40,1,1,0,780,0.0,0.0,0.0,40,0,40,0,0,0,40,0,0,0,0,0,0,0,0,0,0,0,0,122,0,0,0,0,0,0,0,0,0,0,0,0,0,0,62,1,0
/Users/kaiohs/Downloads/codes/lab02-experimentacao-software/data/repos/NationalSecurityAgency__ghidra/GhidraBuild/EclipsePlugins/GhidraDev/GhidraDevPlugin/src/main/java/ghidradev/EclipseMessageUtils.java,ghidradev.EclipseMessageUtils$Anonymous1,anonymous,3,3,0,3,2,1,0,4,0,0.0,NaN,NaN,1,0,1,0,0,0,1,0,0,0,0,0,0,0,0,0,0,0,0,13,2,0,0,1,0,1,0,1,0,1,1,0,0,0,16,-1,0
/Users/kaiohs/Downloads/codes/lab02-experimentacao-software/data/repos/NationalSecurityAgency__ghidra/Ghidra/Framework/SoftwareModeling/src/test/java/ghidra/program/model/data/CategoryPathTest.java,ghidra.program.model.data.CategoryPathTest,class,3,3,0,3,37,2,0,16,666,0.0,0.0,0.0,37,0,37,0,0,0,37,0,0,0,0,0,0,0,0,0,0,0,0,251,0,0,0,0,0,120,18,76,0,55,0,0,0,0,78,1,0
/Users/kaiohs/Downloads/codes/lab02-experimentacao-software/data/repos/NationalSecurityAgency__ghidra/Ghidra/Framework/Emulation/src/main/java/ghidra/pcode/emu/jit/gen/JitCodeGenerator.java,ghidra.pcode.emu.jit.gen.JitCodeGenerator$PcGen,interface,12,12,0,12,3,1,0,0,3,0.0,0.0,0.0,3,2,2,0,0,1,3,0,0,0,0,0,0,0,0,0,0,0,0,19,2,0,0,0,0,0,0,0,0,0,0,2,0,0,57,1,0
/Users/kaiohs/Downloads/codes/lab02-experimentacao-software/data/repos/NationalSecurityAgency__ghidra/GhidraBuild/EclipsePlugins/GhidraDev/GhidraDevPlugin/src/main/java/ghidradev/ghidraprojectcreator/preferences/GhidraProjectCreatorPreferencePage.java,ghidradev.ghidraprojectcreator.preferences.GhidraProjectCreatorPreferencePage,class,26,28,2,26,31,2,0,59,13,0.7916667,0.0,0.0,6,1,4,0,2,0,6,0,0,0,4,1,0,4,0,0,0,0,10,154,6,2,5,5,0,18,11,25,4,29,3,0,0,6,124,1,0
/Users/kaiohs/Downloads/codes/lab02-experimentacao-software/data/repos/NationalSecurityAgency__ghidra/Ghidra/Framework/SoftwareModeling/src/test/java/ghidra/app/plugin/assembler/sleigh/parse/ParserTest.java,ghidra.app.plugin.assembler.sleigh.parse.ParserTest,class,22,23,1,22,34,1,0,55,0,0.5555555,0.0,0.0,12,1,10,1,1,0,11,0,0,0,3,1,0,3,0,0,1,0,75,391,1,15,0,0,0,161,56,125,6,106,3,0,0,1,128,1,0
/Users/kaiohs/Downloads/codes/lab02-experimentacao-software/data/repos/NationalSecurityAgency__ghidra/Ghidra/Framework/SoftwareModeling/src/test/java/ghidra/util/SymmetricDifferenceAddressSetViewTest.java,ghidra.util.SymmetricDifferenceAddressSetViewTest,class,13,14,1,13,25,2,0,42,171,0.94736844,0.0,0.0,19,0,13,0,6,0,19,0,0,0,1,0,0,0,1,0,0,0,12,234,6,5,0,1,0,4,314,62,6,44,2,0,0,0,86,1,0
/Users/kaiohs/Downloads/codes/lab02-experimentacao-software/data/repos/NationalSecurityAgency__ghidra/Ghidra/Framework/Emulation/src/main/java/ghidra/pcode/opbehavior/OpBehaviorIntCarry.java,ghidra.pcode.opbehavior.OpBehaviorIntCarry,class,2,3,1,2,8,3,0,7,3,0.0,0.0,0.0,3,0,3,0,0,0,3,0,0,0,0,0,0,0,0,0,0,0,1,15,2,0,0,0,3,1,6,1,1,1,1,0,0,0,16,1,0
/Users/kaiohs/Downloads/codes/lab02-experimentacao-software/data/repos/NationalSecurityAgency__ghidra/Ghidra/Framework/Emulation/src/main/java/ghidra/pcode/emu/ModifiedPcodeThread.java,ghidra.pcode.emu.ModifiedPcodeThread$Anonymous1,anonymous,1,1,0,1,1,1,0,0,0,0.0,NaN,NaN,1,0,1,0,0,0,1,0,0,0,0,0,0,0,0,0,0,0,0,4,0,0,0,0,0,0,0,0,0,0,0,0,0,0,4,-1,0
/Users/kaiohs/Downloads/codes/lab02-experimentacao-software/data/repos/NationalSecurityAgency__ghidra/GPL/DMG/src/dmg/java/mobiledevices/dmg/ghidra/GConv.java,mobiledevices.dmg.ghidra.GConv,class,2,3,1,2,16,1,0,10,58,0.7692308,0.0,0.0,13,12,12,1,0,0,12,0,0,0,3,3,3,0,0,0,3,0,12,53,12,2,1,0,4,1,9,8,1,7,1,0,0,0,76,1,0
/Users/kaiohs/Downloads/codes/lab02-experimentacao-software/data/repos/NationalSecurityAgency__ghidra/Ghidra/Test/DebuggerIntegrationTest/src/test/java/ghidra/app/plugin/core/debug/service/tracermi/TraceRmiPerformanceTest.java,ghidra.app.plugin.core.debug.service.tracermi.TraceRmiPerformanceTest$TraceMaker,interface,1,1,0,1,1,1,0,0,0,0.0,NaN,NaN,1,0,0,0,0,1,1,0,0,0,0,0,0,0,0,0,0,0,0,3,0,0,0,0,0,0,0,0,0,0,0,0,0,0,5,0,0
/Users/kaiohs/Downloads/codes/lab02-experimentacao-software/data/repos/NationalSecurityAgency__ghidra/Ghidra/Framework/Pty/src/main/java/ghidra/pty/windows/jna/ConsoleApiNative.java,ghidra.pty.windows.jna.ConsoleApiNative$COORD$ByReference,innerclass,2,2,0,2,0,3,0,0,0,0.0,-1.0,-1.0,0,0,0,0,0,0,0,0,0,0,0,0,0,0,0,0,0,0,0,2,0,0,0,0,0,0,0,0,0,0,0,0,0,0,6,9,0
/Users/kaiohs/Downloads/codes/lab02-experimentacao-software/data/repos/NationalSecurityAgency__ghidra/Ghidra/Test/DebuggerIntegrationTest/src/test/java/ghidra/debug/flatapi/DeadFlatDebuggerAPITest.java,ghidra.debug.flatapi.DeadFlatDebuggerAPITest$NoSuchService,interface,0,0,0,0,0,1,0,0,0,0.0,-1.0,-1.0,0,0,0,0,0,0,0,0,0,0,0,0,0,0,0,0,0,0,0,2,0,0,0,0,0,0,0,0,0,0,0,0,0,0,3,0,0
/Users/kaiohs/Downloads/codes/lab02-experimentacao-software/data/repos/NationalSecurityAgency__ghidra/GhidraBuild/BuildFiles/Doclets/src/main/java/ghidra/doclets/typestubs/HtmlConverter.java,ghidra.doclets.typestubs.HtmlConverter,class,12,16,4,12,58,2,0,46,94,0.5882353,0.0,0.0,17,0,3,11,0,3,6,0,0,0,1,0,0,1,0,0,1,0,2,244,23,6,9,2,4,24,4,31,5,30,3,0,0,0,131,17,0
/Users/kaiohs/Downloads/codes/lab02-experimentacao-software/data/repos/NationalSecurityAgency__ghidra/GPL/DMG/src/dmg/java/mobiledevices/dmg/btree/BTreeNodeKinds.java,mobiledevices.dmg.btree.BTreeNodeKinds,class,0,0,0,0,0,1,0,0,0,NaN,-1.0,-1.0,0,0,0,0,0,0,0,0,0,0,4,4,4,0,0,0,4,0,0,6,0,0,0,0,0,0,4,4,0,4,0,0,0,0,23,17,0
/Users/kaiohs/Downloads/codes/lab02-experimentacao-software/data/repos/NationalSecurityAgency__ghidra/Ghidra/Framework/SoftwareModeling/src/main/java/ghidra/app/plugin/assembler/sleigh/sem/AbstractAssemblyResolutionFactory.java,ghidra.app.plugin.assembler.sleigh.sem.AbstractAssemblyResolutionFactory$AbstractAssemblyResolvedBackfillBuilder,innerclass,5,5,0,5,0,2,0,0,0,NaN,-1.0,-1.0,0,0,0,0,0,0,0,0,0,0,4,0,0,0,4,0,0,0,0,6,0,0,0,0,0,0,0,0,0,4,0,0,0,0,11,1033,0
/Users/kaiohs/Downloads/codes/lab02-experimentacao-software/data/repos/NationalSecurityAgency__ghidra/Ghidra/Test/DebuggerIntegrationTest/src/test.slow/java/agent/java/rmi/AbstractJavaTraceRmiTest.java,agent.java.rmi.AbstractJavaTraceRmiTest$Anonymous3,anonymous,1,1,0,1,0,1,0,0,0,NaN,-1.0,-1.0,0,0,0,0,0,0,0,0,0,0,1,0,0,0,0,1,0,0,0,3,0,0,0,0,0,0,0,0,0,1,0,0,0,0,2,-1,0
/Users/kaiohs/Downloads/codes/lab02-experimentacao-software/data/repos/NationalSecurityAgency__ghidra/Ghidra/Test/IntegrationTest/src/test/java/ghidra/util/task/CachingSwingWorkerTest.java,ghidra.util.task.CachingSwingWorkerTest$MyThread,innerclass,2,2,0,2,5,2,0,4,0,0.0,0.0,0.0,3,0,1,0,0,2,3,0,0,0,1,0,0,0,0,1,0,0,1,21,2,0,1,1,0,0,1,1,0,1,1,0,0,0,16,0,0
/Users/kaiohs/Downloads/codes/lab02-experimentacao-software/data/repos/NationalSecurityAgency__ghidra/Ghidra/Framework/SoftwareModeling/src/test/java/ghidra/program/database/code/StringDiffTest.java,ghidra.program.database.code.StringDiffTest,class,3,4,1,3,17,1,0,11,120,0.0,0.0,0.0,16,0,15,1,0,0,15,0,0,0,0,0,0,0,0,0,0,0,15,143,1,1,0,0,1,112,23,88,3,87,1,0,0,0,56,1,0
/Users/kaiohs/Downloads/codes/lab02-experimentacao-software/data/repos/NationalSecurityAgency__ghidra/Ghidra/Framework/SoftwareModeling/src/main/java/ghidra/app/plugin/assembler/sleigh/parse/AssemblyParser.java,ghidra.app.plugin.assembler.sleigh.parse.AssemblyParser$Anonymous1,anonymous,6,6,0,6,3,1,0,5,0,0.0,NaN,NaN,1,0,1,0,0,0,1,0,0,0,0,0,0,0,0,0,0,0,0,15,0,0,0,0,0,1,0,2,0,2,1,0,0,0,14,-1,0
/Users/kaiohs/Downloads/codes/lab02-experimentacao-software/data/repos/NationalSecurityAgency__ghidra/Ghidra/Test/DebuggerIntegrationTest/src/test.slow/java/agent/java/rmi/AbstractJavaTraceRmiTest.java,agent.java.rmi.AbstractJavaTraceRmiTest$Anonymous1,anonymous,1,1,0,1,1,1,0,1,0,0.0,NaN,NaN,1,0,0,0,1,0,1,0,0,0,0,0,0,0,0,0,0,0,0,5,1,0,0,0,0,0,0,0,0,0,0,0,0,0,4,-1,0
/Users/kaiohs/Downloads/codes/lab02-experimentacao-software/data/repos/NationalSecurityAgency__ghidra/Ghidra/Test/DebuggerIntegrationTest/src/test.slow/java/agent/java/rmi/AbstractJavaTraceRmiTest.java,agent.java.rmi.AbstractJavaTraceRmiTest$Anonymous2,anonymous,1,1,0,1,0,1,0,0,0,NaN,-1.0,-1.0,0,0,0,0,0,0,0,0,0,0,2,0,0,0,0,2,0,0,0,4,0,0,0,0,0,0,0,0,0,2,0,0,0,0,5,-1,0
/Users/kaiohs/Downloads/codes/lab02-experimentacao-software/data/repos/NationalSecurityAgency__ghidra/Ghidra/Framework/Emulation/src/main/java/ghidra/pcode/exec/BytesPcodeExecutorStatePiece.java,ghidra.pcode.exec.BytesPcodeExecutorStatePiece,class,7,11,4,7,3,3,0,2,3,0.0,0.0,0.0,3,0,2,0,1,0,3,0,0,0,0,0,0,0,0,0,0,0,1,13,2,0,0,0,0,0,0,1,0,2,0,0,0,1,38,1,0
/Users/kaiohs/Downloads/codes/lab02-experimentacao-software/data/repos/NationalSecurityAgency__ghidra/Ghidra/Test/IntegrationTest/src/screen/java/help/screenshot/PropertyManagerPluginScreenShots.java,help.screenshot.PropertyManagerPluginScreenShots,class,10,10,0,10,5,2,0,17,6,0.0,0.0,0.0,4,0,4,0,0,0,4,0,0,0,0,0,0,0,0,0,0,0,0,37,0,1,0,0,0,5,6,10,0,9,1,1,0,0,45,1,0
/Users/kaiohs/Downloads/codes/lab02-experimentacao-software/data/repos/NationalSecurityAgency__ghidra/Ghidra/Framework/Emulation/src/main/java/ghidra/pcode/emu/DefaultPcodeThread.java,ghidra.pcode.emu.DefaultPcodeThread,class,31,37,6,31,84,4,0,87,775,0.8738426,0.0,0.0,54,1,33,0,21,0,54,0,2,0,16,0,0,5,11,0,11,0,4,426,26,1,24,4,0,8,0,51,2,34,2,1,2,0,275,1,1
/Users/kaiohs/Downloads/codes/lab02-experimentacao-software/data/repos/NationalSecurityAgency__ghidra/Ghidra/Framework/Emulation/src/main/java/ghidra/pcode/emu/jit/analysis/JitVarScopeModel.java,ghidra.pcode.emu.jit.analysis.JitVarScopeModel$Which,enum,3,3,0,3,3,1,0,0,3,0.0,0.0,0.0,3,0,0,0,0,3,3,3,0,0,0,0,0,0,0,0,0,0,0,29,0,0,0,0,0,0,0,0,0,0,0,2,0,0,52,0,0
/Users/kaiohs/Downloads/codes/lab02-experimentacao-software/data/repos/NationalSecurityAgency__ghidra/Ghidra/Test/IntegrationTest/src/screen/java/help/screenshot/ToolScreenShots.java,help.screenshot.ToolScreenShots,class,17,18,1,17,26,3,0,64,171,0.0,0.0,0.0,19,0,15,3,1,0,16,0,0,0,0,0,0,0,0,0,0,0,3,201,2,3,1,0,1,41,40,62,22,49,2,0,1,4,161,1,0
/Users/kaiohs/Downloads/codes/lab02-experimentacao-software/data/repos/NationalSecurityAgency__ghidra/Ghidra/Framework/Emulation/src/main/java/ghidra/app/emulator/FilteredMemoryState.java,ghidra.app.emulator.FilteredMemoryState,class,5,10,5,5,8,2,2,4,0,0.375,0.0,0.0,4,0,2,0,0,2,4,0,0,0,2,0,0,2,0,0,0,0,0,37,2,0,2,2,0,1,0,8,0,4,2,0,0,0,26,0,0
/Users/kaiohs/Downloads/codes/lab02-experimentacao-software/data/repos/NationalSecurityAgency__ghidra/Ghidra/Framework/SoftwareModeling/src/test/java/ghidra/app/plugin/assembler/sleigh/AbstractAssemblyTest.java,ghidra.app.plugin.assembler.sleigh.AbstractAssemblyTest,class,28,47,19,28,47,5,17,39,158,0.825,0.0,0.0,20,1,2,1,17,0,19,1,0,0,4,4,1,0,0,3,1,0,11,201,5,5,6,3,2,14,1,39,6,36,4,1,1,0,222,1025,1
