file,class,type,cbo,cboModified,fanin,fanout,wmc,dit,noc,rfc,lcom,lcom*,tcc,lcc,totalMethodsQty,staticMethodsQty,publicMethodsQty,privateMethodsQty,protectedMethodsQty,defaultMethodsQty,visibleMethodsQty,abstractMethodsQty,finalMethodsQty,synchronizedMethodsQty,totalFieldsQty,staticFieldsQty,publicFieldsQty,privateFieldsQty,protectedFieldsQty,defaultFieldsQty,finalFieldsQty,synchronizedFieldsQty,nosi,loc,returnQty,loopQty,comparisonsQty,tryCatchQty,parenthesizedExpsQty,stringLiteralsQty,numbersQty,assignmentsQty,mathOperationsQty,variablesQty,maxNestedBlocksQty,anonymousClassesQty,innerClassesQty,lambdasQty,uniqueWordsQty,modifiers,logStatementsQty
/Users/kaiohs/Downloads/codes/lab02-experimentacao-software/data/repos/apache__groovy/subprojects/groovy-contracts/src/main/java/org/apache/groovy/contracts/classgen/asm/ContractClosureWriter.java,org.apache.groovy.contracts.classgen.asm.ContractClosureWriter$Anonymous1,anonymous,3,3,0,3,5,1,0,5,0,0.0,NaN,NaN,1,0,1,0,0,0,1,0,0,0,0,0,0,0,0,0,0,0,0,14,1,1,1,0,0,0,0,2,0,2,3,0,0,0,10,-1,0
/Users/kaiohs/Downloads/codes/lab02-experimentacao-software/data/repos/apache__groovy/src/main/java/org/codehaus/groovy/classgen/asm/sc/StaticPropertyAccessHelper.java,org.codehaus.groovy.classgen.asm.sc.StaticPropertyAccessHelper,class,7,9,2,7,2,4,0,7,0,0.0,NaN,NaN,1,1,1,0,0,0,1,0,0,0,0,0,0,0,0,0,0,0,0,72,1,0,0,0,0,0,0,6,0,4,1,0,2,0,40,1025,0
/Users/kaiohs/Downloads/codes/lab02-experimentacao-software/data/repos/apache__groovy/src/main/java/groovy/lang/Tuple10.java,groovy.lang.Tuple10,class,12,14,2,12,13,4,0,0,36,0.79020983,0.0,0.0,13,0,13,0,0,0,13,0,0,0,11,1,0,11,0,0,11,0,0,62,11,0,0,0,0,0,1,11,0,11,0,0,0,0,47,17,0
/Users/kaiohs/Downloads/codes/lab02-experimentacao-software/data/repos/apache__groovy/src/test/groovy/org/codehaus/groovy/antlr/AnnotationSourceParsingTest.java,org.codehaus.groovy.antlr.AnnotationSourceParsingTest,class,3,4,1,3,3,2,0,3,1,0.0,NaN,NaN,2,0,1,1,0,0,1,0,0,0,0,0,0,0,0,0,0,0,0,10,1,0,0,0,0,13,0,1,1,1,1,0,0,0,26,1,0
/Users/kaiohs/Downloads/codes/lab02-experimentacao-software/data/repos/apache__groovy/subprojects/groovy-groovydoc/src/main/java/org/codehaus/groovy/tools/groovydoc/SimpleGroovyFieldDoc.java,org.codehaus.groovy.tools.groovydoc.SimpleGroovyFieldDoc,class,4,8,4,4,8,5,0,0,24,0.75,0.0,0.0,8,0,8,0,0,0,8,0,0,0,2,0,0,2,0,0,0,0,0,28,5,0,0,0,0,0,0,2,0,2,0,0,0,0,21,1,0
/Users/kaiohs/Downloads/codes/lab02-experimentacao-software/data/repos/apache__groovy/src/main/java/org/codehaus/groovy/classgen/asm/WriterController.java,org.codehaus.groovy.classgen.asm.WriterController,class,38,97,59,38,83,1,1,34,1291,0.9513195,0.0,0.0,55,1,54,1,0,0,54,0,0,0,29,0,1,28,0,0,0,0,7,299,50,1,12,0,1,4,5,57,0,38,2,0,0,0,156,1,0
/Users/kaiohs/Downloads/codes/lab02-experimentacao-software/data/repos/apache__groovy/src/main/java/org/codehaus/groovy/control/CompilerConfiguration.java,org.codehaus.groovy.control.CompilerConfiguration$Anonymous1,anonymous,4,4,0,4,32,1,0,16,496,0.0,0.0,0.0,32,0,32,0,0,0,32,0,0,0,0,0,0,0,0,0,0,0,6,98,6,0,0,0,0,0,0,0,0,0,0,0,0,0,83,-1,0
/Users/kaiohs/Downloads/codes/lab02-experimentacao-software/data/repos/apache__groovy/src/main/java/groovy/lang/Tuple14.java,groovy.lang.Tuple14,class,16,18,2,16,17,4,0,0,78,0.835294,0.0,0.0,17,0,17,0,0,0,17,0,0,0,15,1,0,15,0,0,15,0,0,82,15,0,0,0,0,0,1,15,0,15,0,0,0,0,59,17,0
/Users/kaiohs/Downloads/codes/lab02-experimentacao-software/data/repos/apache__groovy/src/main/java/groovy/lang/Tuple13.java,groovy.lang.Tuple13,class,15,17,2,15,16,4,0,0,66,0.82589287,0.0,0.0,16,0,16,0,0,0,16,0,0,0,14,1,0,14,0,0,14,0,0,77,14,0,0,0,0,0,1,14,0,14,0,0,0,0,56,17,0
/Users/kaiohs/Downloads/codes/lab02-experimentacao-software/data/repos/apache__groovy/src/main/java/groovy/lang/Tuple12.java,groovy.lang.Tuple12,class,14,16,2,14,15,4,0,0,55,0.81538475,0.0,0.0,15,0,15,0,0,0,15,0,0,0,13,1,0,13,0,0,13,0,0,72,13,0,0,0,0,0,1,13,0,13,0,0,0,0,53,17,0
/Users/kaiohs/Downloads/codes/lab02-experimentacao-software/data/repos/apache__groovy/src/main/java/groovy/lang/Tuple11.java,groovy.lang.Tuple11,class,13,15,2,13,14,4,0,0,45,0.8035714,0.0,0.0,14,0,14,0,0,0,14,0,0,0,12,1,0,12,0,0,12,0,0,67,12,0,0,0,0,0,1,12,0,12,0,0,0,0,50,17,0
/Users/kaiohs/Downloads/codes/lab02-experimentacao-software/data/repos/apache__groovy/subprojects/groovy-templates/src/main/groovy/groovy/text/markup/IncludeType.java,groovy.text.markup.IncludeType,enum,0,1,1,0,2,1,0,0,0,0.0,0.0,0.0,2,0,1,0,0,1,2,0,0,0,1,0,0,1,0,0,1,0,0,8,1,0,0,0,0,3,0,1,0,1,0,0,0,0,18,0,0
/Users/kaiohs/Downloads/codes/lab02-experimentacao-software/data/repos/apache__groovy/src/test/groovy/groovy/lang/MetaClassTest.java,groovy.lang.MetaClassTest$DymmyClass,innerclass,3,3,0,3,9,1,0,2,30,0.8730159,0.0,0.0,9,0,9,0,0,0,9,0,0,0,7,0,2,3,0,2,0,0,0,36,3,0,0,0,0,1,1,7,0,7,0,0,0,0,24,8,0
/Users/kaiohs/Downloads/codes/lab02-experimentacao-software/data/repos/apache__groovy/src/main/java/org/codehaus/groovy/classgen/asm/OptimizingStatementWriter.java,org.codehaus.groovy.classgen.asm.OptimizingStatementWriter,class,32,36,4,32,59,3,0,44,81,0.7894737,0.0,0.0,19,3,8,7,4,0,12,0,0,0,3,2,0,3,0,0,2,0,10,680,17,1,15,0,1,18,2,61,2,41,3,0,5,1,84,1,0
/Users/kaiohs/Downloads/codes/lab02-experimentacao-software/data/repos/apache__groovy/subprojects/groovy-xml/src/main/java/groovy/xml/NamespaceBuilder.java,groovy.xml.NamespaceBuilder,class,3,4,1,3,8,1,0,3,0,0.125,0.0,0.0,8,4,8,0,0,0,8,0,0,0,1,0,0,1,0,0,0,0,0,27,7,0,0,0,0,1,0,1,0,1,0,0,0,0,18,1,0
/Users/kaiohs/Downloads/codes/lab02-experimentacao-software/data/repos/apache__groovy/src/main/java/groovy/lang/Tuple16.java,groovy.lang.Tuple16,class,18,20,2,18,19,4,0,0,105,0.8513931,0.0,0.0,19,0,19,0,0,0,19,0,0,0,17,1,0,17,0,0,17,0,0,92,17,0,0,0,0,0,1,17,0,17,0,0,0,0,65,17,0
/Users/kaiohs/Downloads/codes/lab02-experimentacao-software/data/repos/apache__groovy/src/main/java/groovy/lang/Tuple15.java,groovy.lang.Tuple15,class,17,19,2,17,18,4,0,0,91,0.8437499,0.0,0.0,18,0,18,0,0,0,18,0,0,0,16,1,0,16,0,0,16,0,0,87,16,0,0,0,0,0,1,16,0,16,0,0,0,0,62,17,0
/Users/kaiohs/Downloads/codes/lab02-experimentacao-software/data/repos/apache__groovy/src/main/java/org/codehaus/groovy/classgen/asm/BinaryExpressionMultiTypeDispatcher.java,org.codehaus.groovy.classgen.asm.BinaryExpressionMultiTypeDispatcher$BinaryShortExpressionHelper,innerclass,5,5,0,5,2,3,0,1,1,0.5,NaN,NaN,2,0,0,1,1,0,1,0,0,0,1,1,0,1,0,0,1,0,2,9,1,0,0,0,0,2,0,2,0,2,0,0,0,0,24,10,0
/Users/kaiohs/Downloads/codes/lab02-experimentacao-software/data/repos/apache__groovy/src/main/java/org/codehaus/groovy/classgen/asm/sc/StaticTypesStatementWriter.java,org.codehaus.groovy.classgen.asm.sc.StaticTypesStatementWriter,class,19,21,2,19,25,2,0,77,19,0.8095238,0.0,0.0,7,1,2,4,1,0,3,0,0,0,3,3,0,3,0,0,3,0,15,162,2,0,4,0,0,13,3,31,0,33,2,0,0,3,96,1,0
/Users/kaiohs/Downloads/codes/lab02-experimentacao-software/data/repos/apache__groovy/src/main/java/org/apache/groovy/ast/tools/ImmutablePropertyUtils.java,org.apache.groovy.ast.tools.ImmutablePropertyUtils$Anonymous1,anonymous,7,7,0,7,3,1,0,13,1,0.0,0.0,0.0,2,0,2,0,0,0,2,0,0,0,0,0,0,0,0,0,0,0,1,23,0,0,0,0,3,5,2,3,0,3,1,0,0,0,25,-1,0
/Users/kaiohs/Downloads/codes/lab02-experimentacao-software/data/repos/apache__groovy/src/main/java/org/codehaus/groovy/transform/tailrec/StatementReplacer.java,org.codehaus.groovy.transform.tailrec.StatementReplacer,class,11,13,2,11,21,2,0,22,136,0.9411765,0.0,0.0,17,0,14,3,0,0,14,0,0,0,3,0,0,3,0,0,0,0,0,80,6,1,0,1,0,0,4,12,0,9,1,0,0,1,71,1,0
/Users/kaiohs/Downloads/codes/lab02-experimentacao-software/data/repos/apache__groovy/src/test/groovy/org/codehaus/groovy/runtime/StringGroovyMethodsTest.java,org.codehaus.groovy.runtime.StringGroovyMethodsTest$Anonymous1,anonymous,1,1,0,1,3,1,0,4,3,0.0,0.0,0.0,3,0,3,0,0,0,3,0,0,0,0,0,0,0,0,0,0,0,0,12,3,0,0,0,1,1,1,0,0,0,0,0,0,0,10,-1,0
/Users/kaiohs/Downloads/codes/lab02-experimentacao-software/data/repos/apache__groovy/subprojects/groovy-templates/src/main/groovy/groovy/text/XmlTemplateEngine.java,groovy.text.XmlTemplateEngine$GspPrinter,innerclass,6,6,0,6,34,2,0,27,45,0.0,0.0,0.0,10,0,0,2,6,2,8,0,0,0,0,0,0,0,0,0,0,0,0,116,5,1,5,0,0,25,3,8,4,6,3,0,0,0,67,10,0
/Users/kaiohs/Downloads/codes/lab02-experimentacao-software/data/repos/apache__groovy/src/main/java/org/codehaus/groovy/runtime/memoize/EvictableCache.java,org.codehaus.groovy.runtime.memoize.EvictableCache$EvictionStrategy,enum,0,0,0,0,0,1,0,0,0,0.0,-1.0,-1.0,0,0,0,0,0,0,0,0,0,0,0,0,0,0,0,0,0,0,0,3,0,0,0,0,0,0,0,0,0,0,0,0,0,0,32,0,0
/Users/kaiohs/Downloads/codes/lab02-experimentacao-software/data/repos/apache__groovy/src/main/java/org/codehaus/groovy/runtime/StringGroovyMethods.java,org.codehaus.groovy.runtime.StringGroovyMethods$LineIterable,innerclass,3,3,0,3,3,1,0,2,0,0.0,0.0,0.0,2,0,2,0,0,0,2,0,0,0,1,0,0,1,0,0,1,0,1,9,1,0,0,0,1,0,0,1,0,1,0,0,0,0,10,26,0
/Users/kaiohs/Downloads/codes/lab02-experimentacao-software/data/repos/apache__groovy/src/main/java/org/codehaus/groovy/runtime/callsite/GetEffectivePogoFieldSite.java,org.codehaus.groovy.runtime.callsite.GetEffectivePogoFieldSite,class,7,9,2,7,12,2,0,8,17,0.71428573,0.0,0.0,7,0,6,1,0,0,6,0,5,0,2,0,0,2,0,0,2,0,1,27,6,0,1,0,1,0,0,2,0,2,0,0,0,0,23,1,0
/Users/kaiohs/Downloads/codes/lab02-experimentacao-software/data/repos/apache__groovy/src/test/groovy/bugs/G3839Transform1.java,bugs.G3839Transform1,class,7,7,0,7,1,1,0,1,0,0.0,NaN,NaN,1,0,1,0,0,0,1,0,0,0,0,0,0,0,0,0,0,0,0,6,0,0,0,0,0,1,1,1,0,1,0,0,0,0,12,1,0
/Users/kaiohs/Downloads/codes/lab02-experimentacao-software/data/repos/apache__groovy/src/test/groovy/bugs/G3839Transform2.java,bugs.G3839Transform2,class,7,7,0,7,1,1,0,1,0,0.0,NaN,NaN,1,0,1,0,0,0,1,0,0,0,0,0,0,0,0,0,0,0,0,6,0,0,0,0,0,1,1,1,0,1,0,0,0,0,12,1,0
/Users/kaiohs/Downloads/codes/lab02-experimentacao-software/data/repos/apache__groovy/benchmark/bench/raytracer.java,raytracer$Scene,innerclass,2,2,0,2,1,1,0,0,0,0.0,NaN,NaN,1,0,1,0,0,0,1,1,0,0,0,0,0,0,0,0,0,0,0,3,0,0,0,0,0,0,0,0,0,0,0,0,0,0,5,1024,0
/Users/kaiohs/Downloads/codes/lab02-experimentacao-software/data/repos/apache__groovy/src/test/groovy/bugs/G3839Transform3.java,bugs.G3839Transform3,class,7,7,0,7,1,1,0,1,0,0.0,NaN,NaN,1,0,1,0,0,0,1,0,0,0,0,0,0,0,0,0,0,0,0,6,0,0,0,0,0,1,1,1,0,1,0,0,0,0,12,1,0
/Users/kaiohs/Downloads/codes/lab02-experimentacao-software/data/repos/apache__groovy/src/main/java/groovy/ui/GroovyMain.java,groovy.ui.GroovyMain$1DoSetContext,innerclass,0,0,0,0,2,1,0,1,0,0.0,0.0,0.0,2,0,1,0,0,1,2,0,0,0,1,0,0,0,0,1,0,0,0,10,1,0,0,0,0,0,0,1,0,1,0,0,0,0,10,0,0
/Users/kaiohs/Downloads/codes/lab02-experimentacao-software/data/repos/apache__groovy/src/main/java/groovy/util/BufferedIterator.java,groovy.util.BufferedIterator,interface,1,1,0,1,1,1,0,0,0,0.0,NaN,NaN,1,0,0,0,0,1,1,0,0,0,0,0,0,0,0,0,0,0,0,3,0,0,0,0,0,0,0,0,0,0,0,0,0,0,12,1,0
/Users/kaiohs/Downloads/codes/lab02-experimentacao-software/data/repos/apache__groovy/src/test/groovy/bugs/groovy8531/Reducer.java,bugs.groovy8531.Reducer$PackagePrivateStaticContext,innerclass,0,0,0,0,0,1,0,0,0,0.0,-1.0,-1.0,0,0,0,0,0,0,0,0,0,0,0,0,0,0,0,0,0,0,0,2,0,0,0,0,0,0,0,0,0,0,0,0,0,0,4,1032,0
/Users/kaiohs/Downloads/codes/lab02-experimentacao-software/data/repos/apache__groovy/subprojects/groovy-xml/src/test/groovy/groovy/xml/TestXmlSupport.java,groovy.xml.TestXmlSupport$LoggingDefaultHandler,innerclass,3,3,0,3,3,2,0,2,3,0.0,0.0,0.0,3,0,3,0,0,0,3,0,0,0,0,0,0,0,0,0,0,0,0,11,0,0,0,0,0,3,1,0,5,0,0,0,0,0,18,10,0
/Users/kaiohs/Downloads/codes/lab02-experimentacao-software/data/repos/apache__groovy/src/main/java/groovy/lang/MetaClassRegistry.java,groovy.lang.MetaClassRegistry,interface,3,12,9,3,10,1,0,0,45,0.0,0.0,0.0,10,0,0,0,0,10,10,0,0,0,0,0,0,0,0,0,0,0,0,53,0,0,0,0,0,0,0,0,0,0,0,0,1,0,105,1,0
/Users/kaiohs/Downloads/codes/lab02-experimentacao-software/data/repos/apache__groovy/src/main/java/org/codehaus/groovy/ast/stmt/AssertStatement.java,org.codehaus.groovy.ast.stmt.AssertStatement,class,5,11,6,5,7,3,0,2,3,0.5,0.0,0.0,7,0,7,0,0,0,7,0,0,0,2,0,0,2,0,0,0,0,1,26,2,0,0,0,0,0,0,4,0,2,0,0,0,0,21,1,0
/Users/kaiohs/Downloads/codes/lab02-experimentacao-software/data/repos/apache__groovy/subprojects/groovy-xml/src/main/java/org/apache/groovy/xml/extensions/XmlExtensions.java,org.apache.groovy.xml.extensions.XmlExtensions$Anonymous1,anonymous,2,2,0,2,4,1,0,2,1,0.33333334,0.0,0.0,3,0,3,0,0,0,3,0,0,0,1,0,0,1,0,0,0,0,0,12,2,0,0,0,0,1,0,0,0,1,0,0,0,0,12,-1,0
/Users/kaiohs/Downloads/codes/lab02-experimentacao-software/data/repos/apache__groovy/subprojects/groovy-xml/src/main/java/groovy/xml/streamingmarkupsupport/Builder.java,groovy.xml.streamingmarkupsupport.Builder$Built,innerclass,2,2,0,2,1,2,0,3,0,0.0,NaN,NaN,1,0,1,0,0,0,1,0,0,0,2,0,0,0,2,0,2,0,0,9,0,0,0,0,0,0,0,2,0,2,0,0,0,0,12,1036,0
/Users/kaiohs/Downloads/codes/lab02-experimentacao-software/data/repos/apache__groovy/src/main/java/groovy/util/ObjectGraphBuilder.java,groovy.util.ObjectGraphBuilder$ObjectRefFactory,innerclass,6,6,0,6,13,3,0,15,6,0.0,0.0,0.0,4,0,4,0,0,0,4,0,0,0,0,0,0,0,0,0,0,0,0,59,2,0,2,1,0,3,0,17,1,12,3,0,0,0,61,10,0
/Users/kaiohs/Downloads/codes/lab02-experimentacao-software/data/repos/apache__groovy/src/test/groovy/bugs/Groovy8008Bug.java,bugs.Groovy8008Bug$Inner,innerclass,2,2,0,2,1,1,0,0,0,0.0,-1.0,-1.0,1,0,0,1,0,0,0,0,0,0,0,0,0,0,0,0,0,0,0,8,0,0,0,0,0,0,0,0,0,0,0,0,1,0,3,2,0
/Users/kaiohs/Downloads/codes/lab02-experimentacao-software/data/repos/apache__groovy/src/main/java/groovy/util/ObservableList.java,groovy.util.ObservableList,class,11,14,3,11,77,15,0,47,306,0.8163265,0.0,0.0,49,0,38,1,10,0,48,0,0,0,5,2,2,3,0,0,5,0,1,395,32,3,6,0,2,2,1,31,0,29,4,0,10,0,163,1,0
/Users/kaiohs/Downloads/codes/lab02-experimentacao-software/data/repos/apache__groovy/src/main/java/groovy/transform/stc/FirstParam.java,groovy.transform.stc.FirstParam,class,2,4,2,2,1,17,2,0,0,0.0,NaN,NaN,1,0,1,0,0,0,1,0,0,0,0,0,0,0,0,0,0,0,0,27,0,0,0,0,0,0,2,0,0,0,0,0,4,0,43,1,0
/Users/kaiohs/Downloads/codes/lab02-experimentacao-software/data/repos/apache__groovy/subprojects/groovy-swing/src/main/java/org/apache/groovy/swing/binding/MutualPropertyBinding.java,org.apache.groovy.swing.binding.MutualPropertyBinding,class,8,9,1,8,39,1,0,11,64,0.79679143,0.0,0.0,17,0,15,0,1,1,17,0,0,0,11,0,0,0,0,11,0,0,0,135,7,0,17,2,6,6,0,16,1,11,2,0,0,0,50,1,0
/Users/kaiohs/Downloads/codes/lab02-experimentacao-software/data/repos/apache__groovy/src/main/java/org/codehaus/groovy/reflection/ParameterTypes.java,org.codehaus.groovy.reflection.ParameterTypes,class,6,10,4,6,100,1,1,34,111,0.6956522,0.0,0.0,23,5,14,7,2,0,16,0,2,2,3,0,0,3,0,0,0,0,22,271,43,13,41,1,5,4,50,76,19,53,3,0,0,0,100,1,0
/Users/kaiohs/Downloads/codes/lab02-experimentacao-software/data/repos/apache__groovy/src/main/java/org/apache/groovy/util/concurrent/concurrentlinkedhashmap/LinkedDeque.java,org.apache.groovy.util.concurrent.concurrentlinkedhashmap.LinkedDeque$Anonymous2,anonymous,2,2,0,2,1,1,0,1,0,0.0,NaN,NaN,1,0,0,0,0,1,1,0,0,0,0,0,0,0,0,0,0,0,0,5,1,0,0,0,0,0,0,0,0,0,0,0,0,0,3,-1,0
/Users/kaiohs/Downloads/codes/lab02-experimentacao-software/data/repos/apache__groovy/src/main/java/org/apache/groovy/util/concurrent/concurrentlinkedhashmap/LinkedDeque.java,org.apache.groovy.util.concurrent.concurrentlinkedhashmap.LinkedDeque$Anonymous1,anonymous,2,2,0,2,1,1,0,1,0,0.0,NaN,NaN,1,0,0,0,0,1,1,0,0,0,0,0,0,0,0,0,0,0,0,5,1,0,0,0,0,0,0,0,0,0,0,0,0,0,3,-1,0
/Users/kaiohs/Downloads/codes/lab02-experimentacao-software/data/repos/apache__groovy/subprojects/groovy-xml/src/main/java/groovy/xml/dom/DOMCategory.java,groovy.xml.dom.DOMCategory$NodeListsHolder,innerclass,3,3,0,3,7,1,0,3,0,0.25,0.0,0.0,4,0,3,1,0,0,3,0,0,0,1,0,0,1,0,0,1,0,1,26,4,2,0,0,0,0,1,5,0,3,2,0,0,0,16,26,0
/Users/kaiohs/Downloads/codes/lab02-experimentacao-software/data/repos/apache__groovy/src/main/java/groovy/util/GroovyScriptEngine.java,groovy.util.GroovyScriptEngine$ScriptClassLoader,innerclass,14,14,0,14,28,5,0,49,45,0.0,0.0,0.0,10,0,3,6,1,0,4,0,0,0,0,0,0,0,0,0,0,0,3,170,9,5,8,4,0,5,0,36,2,33,3,1,0,2,90,2,0
/Users/kaiohs/Downloads/codes/lab02-experimentacao-software/data/repos/apache__groovy/subprojects/groovy-groovysh/src/main/groovy/org/apache/groovy/groovysh/jline/SystemRegistryImpl.java,org.apache.groovy.groovysh.jline.SystemRegistryImpl$ArgsParser,innerclass,3,3,0,3,73,1,0,26,63,0.8,0.0,0.0,15,0,8,7,0,0,8,0,0,0,10,0,0,10,0,0,1,0,3,216,12,4,18,0,5,11,39,56,19,26,5,0,0,0,82,10,0
/Users/kaiohs/Downloads/codes/lab02-experimentacao-software/data/repos/apache__groovy/subprojects/groovy-groovydoc/src/test/groovy/org/codehaus/groovy/tools/groovydoc/testfiles/MultipleConstructorErrorBug.java,org.codehaus.groovy.tools.groovydoc.testfiles.MultipleConstructorErrorBug,class,1,2,1,1,5,1,0,0,10,0.0,0.0,0.0,5,2,5,0,0,0,5,0,0,0,0,0,0,0,0,0,0,0,0,14,2,0,0,0,0,2,0,0,0,0,0,0,0,0,20,1,0
/Users/kaiohs/Downloads/codes/lab02-experimentacao-software/data/repos/apache__groovy/src/main/java/org/codehaus/groovy/util/ByteArrayIterator.java,org.codehaus.groovy.util.ByteArrayIterator,class,1,2,1,1,6,1,0,1,0,0.375,0.0,0.0,4,0,4,0,0,0,4,0,0,0,2,0,0,2,0,0,1,0,0,21,2,0,0,1,0,1,0,1,0,2,1,0,0,0,30,1,0
/Users/kaiohs/Downloads/codes/lab02-experimentacao-software/data/repos/apache__groovy/src/test/groovy/org/codehaus/groovy/runtime/InvokerTest.java,org.codehaus.groovy.runtime.InvokerTest,class,4,5,1,4,14,2,0,27,55,0.0,0.0,0.0,11,0,8,0,3,0,11,0,0,0,0,0,0,0,0,0,0,0,18,92,0,1,2,1,0,34,20,8,4,8,1,2,0,0,72,1,0
/Users/kaiohs/Downloads/codes/lab02-experimentacao-software/data/repos/apache__groovy/src/tck/src/org/codehaus/groovy/tck/GenerateTestCases.java,org.codehaus.groovy.tck.GenerateTestCases,class,9,10,1,9,56,2,0,38,313,0.86296296,0.0,0.0,30,0,25,0,5,0,30,0,0,0,9,0,0,6,3,0,0,0,4,192,13,2,16,1,2,17,11,33,5,23,3,0,0,0,179,1,0
/Users/kaiohs/Downloads/codes/lab02-experimentacao-software/data/repos/apache__groovy/subprojects/groovy-jsr223/src/test/java/org/codehaus/groovy/jsr223/JSR223SecurityTest.java,org.codehaus.groovy.jsr223.CustomGroovyClassLoader,class,4,6,2,4,1,2,0,2,0,0.0,NaN,NaN,1,0,0,0,1,0,1,0,0,0,0,0,0,0,0,0,0,0,0,7,1,0,0,0,0,0,0,1,0,1,0,0,0,0,16,0,0
/Users/kaiohs/Downloads/codes/lab02-experimentacao-software/data/repos/apache__groovy/subprojects/groovy-ginq/src/main/groovy/org/apache/groovy/ginq/provider/collection/runtime/Partition.java,org.apache.groovy.ginq.provider.collection.runtime.Partition,interface,5,10,5,5,2,1,0,1,1,0.5,0.0,0.0,2,2,0,0,0,2,2,0,0,0,1,0,0,0,0,1,0,0,1,9,2,0,0,0,0,3,0,1,0,1,0,0,0,0,31,1,0
/Users/kaiohs/Downloads/codes/lab02-experimentacao-software/data/repos/apache__groovy/src/main/java/org/codehaus/groovy/runtime/dgmimpl/NumberNumberMultiply.java,org.codehaus.groovy.runtime.dgmimpl.NumberNumberMultiply$IntegerFloat,innerclass,5,5,0,5,4,7,0,4,1,0.0,0.0,0.0,2,0,2,0,0,0,2,0,1,0,0,0,0,0,0,0,0,0,0,15,2,0,0,1,2,0,1,0,1,0,2,0,0,0,19,10,0
/Users/kaiohs/Downloads/codes/lab02-experimentacao-software/data/repos/apache__groovy/src/main/java/org/codehaus/groovy/control/customizers/builder/SourceAwareCustomizerFactory.java,org.codehaus.groovy.control.customizers.builder.SourceAwareCustomizerFactory$Anonymous3,anonymous,0,0,0,0,1,1,0,1,0,1.0,NaN,NaN,1,0,1,0,0,0,1,0,0,0,1,1,0,1,0,0,1,0,0,6,1,0,0,0,0,0,1,1,0,1,0,0,0,0,11,-1,0
/Users/kaiohs/Downloads/codes/lab02-experimentacao-software/data/repos/apache__groovy/src/main/java/org/codehaus/groovy/runtime/metaclass/ConcurrentReaderHashMap.java,org.codehaus.groovy.runtime.metaclass.ConcurrentReaderHashMap$KeySet,innerclass,2,2,0,2,8,3,0,6,21,0.0,0.0,0.0,7,0,7,0,0,0,7,0,0,0,0,0,0,0,0,0,0,0,0,25,6,0,1,0,0,0,0,2,0,2,0,0,0,0,18,2,0
/Users/kaiohs/Downloads/codes/lab02-experimentacao-software/data/repos/apache__groovy/src/main/java/org/codehaus/groovy/control/customizers/builder/SourceAwareCustomizerFactory.java,org.codehaus.groovy.control.customizers.builder.SourceAwareCustomizerFactory$Anonymous2,anonymous,0,0,0,0,1,1,0,1,0,1.0,NaN,NaN,1,0,1,0,0,0,1,0,0,0,1,1,0,1,0,0,1,0,0,6,1,0,0,0,0,0,1,1,0,1,0,0,0,0,11,-1,0
/Users/kaiohs/Downloads/codes/lab02-experimentacao-software/data/repos/apache__groovy/subprojects/groovy-groovydoc/src/test/groovy/org/codehaus/groovy/tools/groovydoc/testfiles/groovy_10593/b/TestStatic.java,org.codehaus.groovy.tools.groovydoc.testfiles.groovy_10593.b.TestStatic,interface,1,1,0,1,0,1,0,0,0,0.0,-1.0,-1.0,0,0,0,0,0,0,0,0,0,0,0,0,0,0,0,0,0,0,0,2,0,0,0,0,0,0,0,0,0,0,0,0,0,0,3,1,0
/Users/kaiohs/Downloads/codes/lab02-experimentacao-software/data/repos/apache__groovy/src/main/java/org/codehaus/groovy/control/customizers/builder/SourceAwareCustomizerFactory.java,org.codehaus.groovy.control.customizers.builder.SourceAwareCustomizerFactory$Anonymous1,anonymous,3,3,0,3,1,1,0,0,0,0.0,NaN,NaN,1,0,1,0,0,0,1,0,0,0,0,0,0,0,0,0,0,0,0,4,0,0,0,0,0,0,0,0,0,0,0,0,0,0,8,-1,0
/Users/kaiohs/Downloads/codes/lab02-experimentacao-software/data/repos/apache__groovy/src/main/java/org/codehaus/groovy/control/CompilationUnit.java,org.codehaus.groovy.control.CompilationUnit$IPrimaryClassNodeOperation,interface,14,14,0,14,23,1,0,22,3,0.0,0.0,0.0,3,0,0,0,0,3,3,0,0,0,0,0,0,0,0,0,0,0,1,65,1,3,6,1,2,1,2,11,0,6,5,0,0,0,65,1,0
/Users/kaiohs/Downloads/codes/lab02-experimentacao-software/data/repos/apache__groovy/subprojects/groovy-contracts/src/main/java/org/apache/groovy/contracts/LoopInvariantViolation.java,org.apache.groovy.contracts.LoopInvariantViolation,class,1,2,1,1,8,5,0,0,28,0.0,0.0,0.0,8,0,8,0,0,0,8,0,0,0,0,0,0,0,0,0,0,0,0,25,0,0,0,0,0,0,0,0,0,0,0,0,0,0,19,1,0
/Users/kaiohs/Downloads/codes/lab02-experimentacao-software/data/repos/apache__groovy/src/main/java/org/codehaus/groovy/runtime/metaclass/MissingMethodExecutionFailed.java,org.codehaus.groovy.runtime.metaclass.MissingMethodExecutionFailed,class,1,5,4,1,2,3,0,0,0,0.5,0.0,0.0,2,0,2,0,0,0,2,0,0,0,2,1,0,2,0,0,1,0,0,11,1,0,0,0,0,0,1,2,0,2,0,0,0,0,42,1,0
/Users/kaiohs/Downloads/codes/lab02-experimentacao-software/data/repos/apache__groovy/src/main/java/org/codehaus/groovy/ast/expr/Expression.java,org.codehaus.groovy.ast.expr.Expression,class,6,78,72,6,9,2,29,11,8,0.8,0.0,0.0,5,0,3,0,2,0,5,1,0,0,3,2,1,2,0,0,2,0,0,34,3,2,1,0,0,3,1,9,1,5,2,0,0,0,50,1025,0
/Users/kaiohs/Downloads/codes/lab02-experimentacao-software/data/repos/apache__groovy/subprojects/groovy-swing/src/test/groovy/groovy/swing/StrangeBean.java,groovy.swing.StrangeBean,class,1,2,1,1,6,1,0,5,0,0.0,0.0,0.0,5,0,5,0,0,0,5,0,0,0,1,0,0,0,0,1,0,0,0,20,1,1,0,0,0,0,0,1,0,1,1,0,0,0,22,1,0
/Users/kaiohs/Downloads/codes/lab02-experimentacao-software/data/repos/apache__groovy/src/main/java/org/codehaus/groovy/runtime/StringGroovyMethods.java,org.codehaus.groovy.runtime.StringGroovyMethods$Anonymous1,anonymous,3,3,0,3,9,1,0,4,1,0.5555556,0.0,0.0,3,0,3,0,0,0,3,0,0,0,2,0,0,2,0,0,0,0,1,33,4,0,0,0,0,0,0,3,0,3,2,0,0,0,19,-1,0
/Users/kaiohs/Downloads/codes/lab02-experimentacao-software/data/repos/apache__groovy/src/test/groovy/org/codehaus/groovy/runtime/StringGroovyMethodsTest.java,org.codehaus.groovy.runtime.StringGroovyMethodsTest,class,4,5,1,4,19,1,0,37,153,0.0,0.0,0.0,18,0,17,1,0,0,17,0,0,0,0,0,0,0,0,0,0,0,13,182,1,0,0,0,0,91,5,52,0,52,0,1,0,0,62,17,0
/Users/kaiohs/Downloads/codes/lab02-experimentacao-software/data/repos/apache__groovy/src/test/groovy/bugs/Groovy3799Helper.java,bugs.Foo3799,interface,0,3,3,0,0,1,0,0,0,0.0,-1.0,-1.0,0,0,0,0,0,0,0,0,0,0,0,0,0,0,0,0,0,0,0,2,0,0,0,0,0,0,0,0,0,0,0,0,0,0,1,0,0
/Users/kaiohs/Downloads/codes/lab02-experimentacao-software/data/repos/apache__groovy/src/main/java/org/codehaus/groovy/runtime/DefaultGroovyMethods.java,org.codehaus.groovy.runtime.DefaultGroovyMethods$RepeatIterator,innerclass,1,1,0,1,14,1,0,6,0,0.44,0.0,0.0,5,0,3,2,0,0,3,0,0,0,5,1,0,5,0,0,2,0,1,40,2,0,3,0,0,2,5,8,0,6,2,0,0,0,40,26,0
/Users/kaiohs/Downloads/codes/lab02-experimentacao-software/data/repos/apache__groovy/src/main/java/org/apache/groovy/util/concurrent/ConcurrentReferenceHashMap.java,org.apache.groovy.util.concurrent.ConcurrentReferenceHashMap$InitializableEntry,innerclass,3,3,0,3,4,1,0,0,0,0.375,0.0,0.0,4,0,4,0,0,0,4,0,0,0,2,0,0,2,0,0,0,0,0,18,3,0,0,0,0,0,0,2,0,2,0,0,0,0,12,12,0
/Users/kaiohs/Downloads/codes/lab02-experimentacao-software/data/repos/apache__groovy/benchmark/bench/prodcons.java,prodcons$Producer,innerclass,1,1,0,1,3,2,0,1,0,0.0,0.0,0.0,2,0,2,0,0,0,2,0,0,0,2,0,0,2,0,0,0,0,0,14,0,1,0,0,0,0,1,3,0,3,1,0,0,0,11,2,0
/Users/kaiohs/Downloads/codes/lab02-experimentacao-software/data/repos/apache__groovy/src/main/java/groovy/util/Iterators.java,groovy.util.Iterators$LazyCachedIterator,innerclass,1,1,0,1,6,1,0,5,0,0.16666667,-1.0,-1.0,3,0,0,3,0,0,0,0,0,0,2,0,0,2,0,0,2,0,0,22,4,1,0,0,0,0,0,2,0,2,2,0,0,0,10,10,0
/Users/kaiohs/Downloads/codes/lab02-experimentacao-software/data/repos/apache__groovy/subprojects/groovy-groovysh/src/main/groovy/org/apache/groovy/groovysh/jline/GroovyEngine.java,org.apache.groovy.groovysh.jline.GroovyEngine$Inspector,innerclass,17,17,0,17,205,1,0,137,189,0.9109847,0.0,0.0,22,0,10,12,0,0,10,0,0,0,24,8,0,15,1,8,19,0,28,599,27,18,14,9,1,138,66,154,41,99,6,0,0,0,189,10,1
/Users/kaiohs/Downloads/codes/lab02-experimentacao-software/data/repos/apache__groovy/src/main/java/org/codehaus/groovy/ast/GenericsType.java,org.codehaus.groovy.ast.GenericsType,class,6,25,19,6,116,2,0,60,116,0.8095238,0.0,0.0,21,4,16,5,0,0,16,0,0,0,6,1,1,5,0,0,3,0,23,357,35,9,36,0,4,9,18,79,2,48,10,0,1,1,116,1,0
/Users/kaiohs/Downloads/codes/lab02-experimentacao-software/data/repos/apache__groovy/src/main/java/org/codehaus/groovy/transform/CategoryASTTransformation.java,org.codehaus.groovy.transform.CategoryASTTransformation$Anonymous1,anonymous,15,15,0,15,28,1,0,49,55,0.90909094,0.0,0.0,11,0,8,2,1,0,9,0,0,0,1,0,0,1,0,0,0,0,2,98,6,2,2,0,0,5,0,13,0,11,2,0,0,0,53,-1,0
/Users/kaiohs/Downloads/codes/lab02-experimentacao-software/data/repos/apache__groovy/src/main/java/org/codehaus/groovy/ast/stmt/ReturnStatement.java,org.codehaus.groovy.ast.stmt.ReturnStatement,class,7,15,8,7,8,3,0,8,0,0.625,0.0,0.0,8,0,8,0,0,0,8,0,0,0,2,1,1,1,0,0,1,0,1,29,4,0,0,0,1,3,0,2,2,2,0,0,0,0,47,1,0
/Users/kaiohs/Downloads/codes/lab02-experimentacao-software/data/repos/apache__groovy/src/main/java/groovy/util/function/FloatComparator.java,groovy.util.function.FloatComparator,interface,0,0,0,0,1,1,0,0,0,0.0,NaN,NaN,1,0,0,0,0,1,1,0,0,0,0,0,0,0,0,0,0,0,0,3,0,0,0,0,0,0,0,0,0,0,0,0,0,0,22,1,0
/Users/kaiohs/Downloads/codes/lab02-experimentacao-software/data/repos/apache__groovy/src/main/java/org/codehaus/groovy/reflection/GeneratedMetaMethod.java,org.codehaus.groovy.reflection.GeneratedMetaMethod,class,3,5,2,3,5,4,2,0,4,0.6,0.0,0.0,5,0,5,0,0,0,5,0,0,0,3,0,0,3,0,0,3,0,0,161,4,0,0,0,0,0,0,3,0,3,0,0,2,0,15,1025,0
/Users/kaiohs/Downloads/codes/lab02-experimentacao-software/data/repos/apache__groovy/src/main/java/groovy/util/ObservableSet.java,groovy.util.ObservableSet$ElementAddedEvent,innerclass,1,1,0,1,1,3,0,0,0,1.0,NaN,NaN,1,0,1,0,0,0,1,0,0,0,1,1,0,1,0,0,1,0,0,6,0,0,0,0,0,0,1,1,0,1,0,0,0,0,13,9,0
/Users/kaiohs/Downloads/codes/lab02-experimentacao-software/data/repos/apache__groovy/src/test/groovy/gls/generics/GenericsTestData.java,gls.generics.GenericsTestData,class,1,1,0,1,0,1,0,0,0,0.0,-1.0,-1.0,0,0,0,0,0,0,0,0,0,0,0,0,0,0,0,0,0,0,0,10,0,0,0,0,0,1,0,0,0,0,0,0,2,0,3,1,0
/Users/kaiohs/Downloads/codes/lab02-experimentacao-software/data/repos/apache__groovy/subprojects/groovy-contracts/src/main/java/org/apache/groovy/contracts/ast/LoopVariantASTTransformation.java,org.apache.groovy.contracts.ast.LoopVariantASTTransformation,class,13,14,1,13,29,1,0,35,21,0.85714287,0.0,0.0,7,6,2,5,0,0,2,0,0,0,1,1,0,1,0,0,1,0,7,98,12,1,4,0,10,19,13,25,8,25,2,0,0,1,145,1,0
/Users/kaiohs/Downloads/codes/lab02-experimentacao-software/data/repos/apache__groovy/src/main/java/org/codehaus/groovy/transform/BuilderASTTransformation.java,org.codehaus.groovy.transform.BuilderASTTransformation$BuilderStrategy,interface,3,3,0,3,1,1,0,0,0,0.0,NaN,NaN,1,0,0,0,0,1,1,0,0,0,0,0,0,0,0,0,0,0,0,3,0,0,0,0,0,0,0,0,0,0,0,0,0,0,11,1,0
/Users/kaiohs/Downloads/codes/lab02-experimentacao-software/data/repos/apache__groovy/subprojects/groovy-xml/src/main/java/groovy/xml/slurpersupport/FilteredNodeChildren.java,groovy.xml.slurpersupport.FilteredNodeChildren,class,5,7,2,5,4,4,0,3,4,0.5,0.0,0.0,4,0,3,1,0,0,3,0,0,0,1,0,0,1,0,0,1,0,0,27,3,0,0,0,0,0,0,1,0,1,0,1,0,0,39,1,0
/Users/kaiohs/Downloads/codes/lab02-experimentacao-software/data/repos/apache__groovy/src/main/java/org/codehaus/groovy/ast/expr/BitwiseNegationExpression.java,org.codehaus.groovy.ast.expr.BitwiseNegationExpression,class,5,8,3,5,8,3,0,9,13,0.6666667,0.0,0.0,6,0,6,0,0,0,6,0,0,0,1,0,0,1,0,0,1,0,0,28,4,0,0,0,0,2,0,4,1,3,1,0,0,0,20,1,0
/Users/kaiohs/Downloads/codes/lab02-experimentacao-software/data/repos/apache__groovy/src/main/java/org/codehaus/groovy/control/CompilationUnit.java,org.codehaus.groovy.control.CompilationUnit$ProgressCallback,interface,1,1,0,1,1,1,0,0,0,0.0,NaN,NaN,1,0,0,0,0,1,1,0,0,0,0,0,0,0,0,0,0,0,0,3,0,0,0,0,0,0,0,0,0,0,0,0,0,0,35,1,0
/Users/kaiohs/Downloads/codes/lab02-experimentacao-software/data/repos/apache__groovy/subprojects/groovy-groovysh/src/main/groovy/org/apache/groovy/groovysh/jline/GroovyEngine.java,org.apache.groovy.groovysh.jline.GroovyEngine$MethodCompleter,innerclass,15,15,0,15,88,1,0,100,45,0.80158734,0.0,0.0,14,0,2,12,0,0,2,0,0,0,9,2,0,9,0,0,4,0,38,299,14,7,21,8,9,24,39,65,16,55,6,0,0,0,109,10,0
/Users/kaiohs/Downloads/codes/lab02-experimentacao-software/data/repos/apache__groovy/benchmark/bench/fannkuchredux.java,fannkuchredux,class,2,3,1,2,33,1,0,17,0,0.65909094,0.0,0.0,8,2,2,0,0,6,8,0,0,0,9,8,0,8,0,1,1,0,10,142,4,15,5,1,3,2,56,63,25,39,3,0,0,0,54,17,0
/Users/kaiohs/Downloads/codes/lab02-experimentacao-software/data/repos/apache__groovy/subprojects/groovy-xml/src/main/java/groovy/xml/XmlNodePrinter.java,groovy.xml.XmlNodePrinter$NamespaceContext,innerclass,1,1,0,1,7,1,0,7,0,0.0,0.0,0.0,5,0,5,0,0,0,5,0,0,0,1,0,0,1,0,0,1,0,0,22,2,0,1,0,1,0,0,2,0,2,1,0,0,0,14,12,0
/Users/kaiohs/Downloads/codes/lab02-experimentacao-software/data/repos/apache__groovy/src/main/java/org/codehaus/groovy/classgen/BytecodeSequence.java,org.codehaus.groovy.classgen.BytecodeSequence,class,5,12,7,5,10,2,2,7,4,0.4,0.0,0.0,5,0,5,0,0,0,5,0,0,0,1,0,0,1,0,0,1,0,3,33,3,1,1,0,2,0,2,3,0,2,3,0,0,0,58,1,0
/Users/kaiohs/Downloads/codes/lab02-experimentacao-software/data/repos/apache__groovy/subprojects/groovy-ant/src/main/java/org/codehaus/groovy/ant/FileSystemCompilerFacade.java,org.codehaus.groovy.ant.FileSystemCompilerFacade,class,0,1,1,0,3,1,0,5,0,0.0,NaN,NaN,1,1,1,0,0,0,1,0,0,0,1,1,0,1,0,0,1,0,1,12,0,0,0,0,0,2,1,4,0,4,1,0,0,0,40,1,0
/Users/kaiohs/Downloads/codes/lab02-experimentacao-software/data/repos/apache__groovy/subprojects/groovy-ginq/src/main/groovy/org/apache/groovy/ginq/provider/collection/runtime/GroupImpl.java,org.apache.groovy.ginq.provider.collection.runtime.GroupImpl,class,3,4,1,3,1,2,0,0,0,1.0,NaN,NaN,1,0,0,0,0,1,1,0,0,0,1,1,0,1,0,0,1,0,0,6,0,0,0,0,0,0,1,1,0,1,0,0,0,0,19,0,0
/Users/kaiohs/Downloads/codes/lab02-experimentacao-software/data/repos/apache__groovy/src/test/groovy/org/codehaus/groovy/classgen/JO.java,org.codehaus.groovy.classgen.JO,class,1,1,0,1,4,1,0,3,1,0.5,0.0,0.0,2,1,1,0,0,1,2,0,0,0,1,1,1,0,0,0,0,0,0,14,1,0,2,0,1,1,0,3,0,2,1,0,0,0,19,1,0
/Users/kaiohs/Downloads/codes/lab02-experimentacao-software/data/repos/apache__groovy/src/main/java/org/apache/groovy/parser/antlr4/SemanticPredicates.java,org.apache.groovy.parser.antlr4.SemanticPredicates,class,13,14,1,13,48,1,0,19,19,0.8333333,0.0,0.0,7,7,6,0,0,1,7,0,0,0,6,6,0,6,0,0,6,0,19,113,15,6,31,1,10,6,23,39,5,31,5,0,0,0,164,1,0
/Users/kaiohs/Downloads/codes/lab02-experimentacao-software/data/repos/apache__groovy/subprojects/groovy-contracts/src/main/java/org/apache/groovy/contracts/generation/PreconditionGenerator.java,org.apache.groovy.contracts.generation.PreconditionGenerator,class,15,18,3,15,14,2,0,22,6,0.0,0.0,0.0,4,0,3,1,0,0,3,0,0,0,0,0,0,0,0,0,0,0,1,45,2,1,2,0,1,2,1,10,0,8,3,0,0,0,80,1,0
/Users/kaiohs/Downloads/codes/lab02-experimentacao-software/data/repos/apache__groovy/src/main/java/org/apache/groovy/util/BeanUtils.java,org.apache.groovy.util.BeanUtils,class,1,12,11,1,13,1,0,7,3,0.0,0.0,0.0,3,2,2,1,0,0,2,0,0,0,0,0,0,0,0,0,0,0,6,22,4,0,4,0,4,0,14,6,0,4,1,0,0,0,81,1,0
/Users/kaiohs/Downloads/codes/lab02-experimentacao-software/data/repos/apache__groovy/src/test/groovy/org/codehaus/groovy/classgen/CapitalizeTest.java,org.codehaus.groovy.classgen.CapitalizeTest,class,1,1,0,1,1,2,0,2,0,0.0,NaN,NaN,1,0,1,0,0,0,1,0,0,0,0,0,0,0,0,0,0,0,0,9,0,0,0,0,0,10,0,0,0,0,0,0,0,0,7,1,0
/Users/kaiohs/Downloads/codes/lab02-experimentacao-software/data/repos/apache__groovy/src/main/java/org/codehaus/groovy/ast/expr/ConstantExpression.java,org.codehaus.groovy.ast.expr.ConstantExpression,class,4,18,14,4,23,3,1,7,4,0.9000001,0.0,0.0,13,0,13,0,0,0,13,0,0,0,10,8,8,2,0,0,9,0,0,79,9,0,3,0,1,5,0,10,1,10,3,0,0,0,61,1,0
/Users/kaiohs/Downloads/codes/lab02-experimentacao-software/data/repos/apache__groovy/src/main/java/org/codehaus/groovy/runtime/dgmimpl/NumberNumberMinus.java,org.codehaus.groovy.runtime.dgmimpl.NumberNumberMinus$FloatInteger,innerclass,5,5,0,5,4,7,0,4,1,0.0,0.0,0.0,2,0,2,0,0,0,2,0,1,0,0,0,0,0,0,0,0,0,0,15,2,0,0,1,2,0,1,0,1,0,2,0,0,0,19,10,0
/Users/kaiohs/Downloads/codes/lab02-experimentacao-software/data/repos/apache__groovy/src/main/java/org/codehaus/groovy/ast/ModuleNode.java,org.codehaus.groovy.ast.ModuleNode,class,25,35,10,25,129,2,0,123,1069,0.9319999,0.0,0.0,50,1,39,8,2,1,42,0,0,0,15,0,0,15,0,0,6,0,25,430,35,10,29,2,9,35,19,94,7,72,5,2,0,3,203,1,0
/Users/kaiohs/Downloads/codes/lab02-experimentacao-software/data/repos/apache__groovy/subprojects/groovy-groovydoc/src/main/java/org/codehaus/groovy/groovydoc/GroovyExecutableMemberDoc.java,org.codehaus.groovy.groovydoc.GroovyExecutableMemberDoc,interface,4,9,5,4,8,1,0,0,28,0.0,0.0,0.0,8,0,0,0,0,8,8,0,0,0,0,0,0,0,0,0,0,0,0,10,0,0,0,0,0,0,0,0,0,0,0,0,0,0,17,1,0
/Users/kaiohs/Downloads/codes/lab02-experimentacao-software/data/repos/apache__groovy/src/main/java/org/codehaus/groovy/util/ReferenceType.java,org.codehaus.groovy.util.ReferenceType,enum,3,5,2,3,1,7,0,0,0,0.0,NaN,NaN,1,0,0,0,1,0,1,1,0,0,0,0,0,0,0,0,0,0,0,69,0,0,0,0,0,0,0,0,0,0,0,4,4,0,20,1,0
/Users/kaiohs/Downloads/codes/lab02-experimentacao-software/data/repos/apache__groovy/src/main/java/org/codehaus/groovy/tools/Compiler.java,org.codehaus.groovy.tools.Compiler,class,4,5,1,4,6,1,0,5,0,0.5,0.0,0.0,6,0,6,0,0,0,6,0,0,0,2,1,1,1,0,0,2,0,0,30,0,0,0,0,0,0,0,7,0,6,0,0,0,0,45,1,0
/Users/kaiohs/Downloads/codes/lab02-experimentacao-software/data/repos/apache__groovy/src/test/groovy/org/codehaus/groovy/runtime/EncodingGroovyMethodsTest.java,org.codehaus.groovy.runtime.EncodingGroovyMethodsTest,class,1,1,0,1,3,1,0,5,3,0.0,0.0,0.0,3,0,3,0,0,0,3,0,0,0,0,0,0,0,0,0,0,0,0,19,0,0,0,0,0,32,0,0,0,0,0,0,0,0,10,1,0
/Users/kaiohs/Downloads/codes/lab02-experimentacao-software/data/repos/apache__groovy/subprojects/groovy-groovydoc/src/test/groovy/org/codehaus/groovy/tools/groovydoc/testfiles/JavaInterface1.java,org.codehaus.groovy.tools.groovydoc.testfiles.JavaInterface1,interface,0,2,2,0,0,1,0,0,0,0.0,-1.0,-1.0,0,0,0,0,0,0,0,0,0,0,0,0,0,0,0,0,0,0,0,2,0,0,0,0,0,0,0,0,0,0,0,0,0,0,2,1,0
/Users/kaiohs/Downloads/codes/lab02-experimentacao-software/data/repos/apache__groovy/src/main/java/org/codehaus/groovy/runtime/DefaultGroovyMethods.java,org.codehaus.groovy.runtime.DefaultGroovyMethods$InitIterator,innerclass,2,2,0,2,7,1,0,3,0,0.4666667,0.0,0.0,5,0,3,2,0,0,3,0,0,0,3,0,0,3,0,0,1,0,0,26,2,0,0,0,0,0,0,4,0,4,1,0,0,0,15,26,0
/Users/kaiohs/Downloads/codes/lab02-experimentacao-software/data/repos/apache__groovy/src/main/java/org/apache/groovy/parser/antlr4/GroovyLangParser.java,org.apache.groovy.parser.antlr4.GroovyLangParser$LightWeightFailedPredicateException,innerclass,3,3,0,3,2,2,0,0,1,0.0,0.0,0.0,2,0,1,0,0,1,2,0,1,0,0,0,0,0,0,0,0,0,0,8,1,0,0,0,0,0,0,0,0,0,0,0,0,0,12,10,0
/Users/kaiohs/Downloads/codes/lab02-experimentacao-software/data/repos/apache__groovy/src/main/java/org/apache/groovy/util/concurrent/ConcurrentReferenceHashMap.java,org.apache.groovy.util.concurrent.ConcurrentReferenceHashMap$EntrySet,innerclass,3,3,0,3,11,3,0,8,19,0.71428573,0.0,0.0,7,0,7,0,0,0,7,0,0,0,1,0,0,1,0,0,1,0,0,33,7,0,1,0,2,0,0,4,0,4,1,0,0,0,19,18,0
/Users/kaiohs/Downloads/codes/lab02-experimentacao-software/data/repos/apache__groovy/src/main/java/groovy/lang/TrampolineClosure.java,groovy.lang.TrampolineClosure,class,3,5,2,3,11,3,0,8,0,0.5555556,0.0,0.0,9,0,7,1,0,1,8,0,0,0,2,1,0,2,0,0,2,0,0,38,8,1,0,0,1,0,1,4,0,3,2,0,0,0,85,16,0
/Users/kaiohs/Downloads/codes/lab02-experimentacao-software/data/repos/apache__groovy/subprojects/groovy-contracts/src/main/java/org/apache/groovy/contracts/domain/LoopInvariant.java,org.apache.groovy.contracts.domain.LoopInvariant,class,4,5,1,4,2,2,0,3,1,1.0,0.0,0.0,2,0,2,0,0,0,2,0,0,0,1,1,1,0,0,0,1,0,0,8,0,0,0,0,0,0,0,1,0,1,0,0,0,0,30,1,0
/Users/kaiohs/Downloads/codes/lab02-experimentacao-software/data/repos/apache__groovy/src/main/java/groovy/lang/GroovyObjectSupport.java,groovy.lang.GroovyObjectSupport,class,3,19,16,3,3,1,14,5,1,0.33333334,0.0,0.0,3,0,2,1,0,0,2,0,0,0,1,0,0,1,0,0,0,0,1,12,2,0,0,0,0,0,0,2,0,1,0,0,0,0,15,1025,0
/Users/kaiohs/Downloads/codes/lab02-experimentacao-software/data/repos/apache__groovy/subprojects/groovy-ginq/src/main/groovy/org/apache/groovy/ginq/provider/collection/runtime/Group.java,org.apache.groovy.ginq.provider.collection.runtime.Group,interface,4,7,3,4,1,1,0,0,0,0.0,NaN,NaN,1,1,0,0,0,1,1,0,0,0,0,0,0,0,0,0,0,0,0,5,1,0,0,0,0,0,0,0,0,0,0,0,0,0,16,1,0
/Users/kaiohs/Downloads/codes/lab02-experimentacao-software/data/repos/apache__groovy/src/main/java/groovy/transform/options/PropertyHandler.java,groovy.transform.options.PropertyHandler,class,12,15,3,12,13,1,2,18,21,0.92857146,0.0,0.0,7,1,6,0,1,0,7,2,0,0,2,2,1,1,0,0,2,0,0,45,10,0,3,1,0,10,1,7,3,7,2,0,0,0,113,1025,0
/Users/kaiohs/Downloads/codes/lab02-experimentacao-software/data/repos/apache__groovy/subprojects/groovy-json/src/main/java/groovy/json/JsonParserType.java,groovy.json.JsonParserType,enum,0,1,1,0,0,1,0,0,0,0.0,-1.0,-1.0,0,0,0,0,0,0,0,0,0,0,0,0,0,0,0,0,0,0,0,5,0,0,0,0,0,0,0,0,0,0,0,0,0,0,193,1,0
/Users/kaiohs/Downloads/codes/lab02-experimentacao-software/data/repos/apache__groovy/src/main/java/groovy/lang/Binding.java,groovy.lang.Binding,class,3,10,7,3,19,2,0,9,15,0.4,0.0,0.0,10,0,10,0,0,0,10,0,0,0,1,0,0,1,0,0,0,0,0,53,6,0,6,2,0,1,0,4,0,2,1,0,0,0,82,1,0
/Users/kaiohs/Downloads/codes/lab02-experimentacao-software/data/repos/apache__groovy/src/main/java/org/codehaus/groovy/vmplugin/v16/ProxyDefaultMethodHandle.java,org.codehaus.groovy.vmplugin.v16.ProxyDefaultMethodHandle,class,0,1,1,0,2,1,0,1,0,0.0,0.0,0.0,2,0,0,0,0,2,2,0,0,0,2,0,0,2,0,0,2,0,1,11,1,0,0,0,0,0,0,2,0,2,0,0,0,0,29,0,0
/Users/kaiohs/Downloads/codes/lab02-experimentacao-software/data/repos/apache__groovy/subprojects/groovy-groovydoc/src/main/java/org/codehaus/groovy/tools/groovydoc/GroovyDocTool.java,org.codehaus.groovy.tools.groovydoc.GroovyDocTool,class,11,16,5,11,32,1,0,33,24,0.73333335,0.0,0.0,9,2,6,1,0,2,8,0,0,0,5,0,0,4,1,0,4,0,5,96,6,0,12,3,1,23,2,20,3,16,2,0,0,2,112,1,1
/Users/kaiohs/Downloads/codes/lab02-experimentacao-software/data/repos/apache__groovy/src/test/groovy/bugs/Groovy6653.java,bugs.Groovy6653$C,innerclass,1,1,0,1,1,2,0,1,0,0.0,NaN,NaN,1,0,0,0,1,0,1,0,0,0,0,0,0,0,0,0,0,0,0,5,1,0,0,0,0,1,0,0,1,0,0,0,0,0,4,9,0
/Users/kaiohs/Downloads/codes/lab02-experimentacao-software/data/repos/apache__groovy/src/test/groovy/bugs/Groovy6653.java,bugs.Groovy6653$A,innerclass,1,1,0,1,1,1,0,0,0,0.0,NaN,NaN,1,0,0,0,1,0,1,0,0,0,0,0,0,0,0,0,0,0,0,5,1,0,0,0,0,1,0,0,0,0,0,0,0,0,4,1033,0
/Users/kaiohs/Downloads/codes/lab02-experimentacao-software/data/repos/apache__groovy/src/main/java/org/codehaus/groovy/runtime/GStringImpl.java,org.codehaus.groovy.runtime.GStringImpl,class,7,11,4,7,75,2,0,66,1750,0.92786884,0.0,0.0,61,2,57,2,2,0,59,0,0,0,5,1,0,5,0,0,3,0,6,225,62,1,2,1,4,1,1,13,0,8,2,0,0,0,267,1,0
/Users/kaiohs/Downloads/codes/lab02-experimentacao-software/data/repos/apache__groovy/subprojects/groovy-groovydoc/src/test/groovy/org/codehaus/groovy/tools/groovydoc/testfiles/groovy_10593/b/Test.java,org.codehaus.groovy.tools.groovydoc.testfiles.groovy_10593.b.Test,interface,1,1,0,1,0,1,0,0,0,0.0,-1.0,-1.0,0,0,0,0,0,0,0,0,0,0,0,0,0,0,0,0,0,0,0,2,0,0,0,0,0,0,0,0,0,0,0,0,0,0,2,1,0
/Users/kaiohs/Downloads/codes/lab02-experimentacao-software/data/repos/apache__groovy/src/main/java/org/codehaus/groovy/classgen/asm/MethodCallerMultiAdapter.java,org.codehaus.groovy.classgen.asm.MethodCallerMultiAdapter,class,3,10,7,3,15,1,0,3,0,0.22222222,0.0,0.0,3,1,2,1,0,0,2,0,0,0,3,1,1,1,0,1,1,0,10,49,3,1,0,0,3,9,15,21,20,9,3,0,0,0,47,1,0
/Users/kaiohs/Downloads/codes/lab02-experimentacao-software/data/repos/apache__groovy/src/test/groovy/org/codehaus/groovy/ast/decompiled/AsmDecompilerTestData.java,org.codehaus.groovy.ast.decompiled.SuperClass,class,0,1,1,0,0,1,1,0,0,0.0,-1.0,-1.0,0,0,0,0,0,0,0,0,0,0,0,0,0,0,0,0,0,0,0,2,0,0,0,0,0,0,0,0,0,0,0,0,0,0,2,0,0
/Users/kaiohs/Downloads/codes/lab02-experimentacao-software/data/repos/apache__groovy/src/main/java/org/apache/groovy/util/JavaShellCompilationException.java,org.apache.groovy.util.JavaShellCompilationException,class,1,2,1,1,1,2,0,0,0,1.0,NaN,NaN,1,0,1,0,0,0,1,0,0,0,1,1,0,1,0,0,1,0,0,6,0,0,0,0,0,0,1,1,0,1,0,0,0,0,14,1,0
/Users/kaiohs/Downloads/codes/lab02-experimentacao-software/data/repos/apache__groovy/src/main/java/org/codehaus/groovy/runtime/callsite/PojoMetaMethodSite.java,org.codehaus.groovy.runtime.callsite.PojoMetaMethodSite$PojoMetaMethodSiteNoUnwrap,innerclass,5,5,0,5,3,6,0,2,1,0.0,0.0,0.0,2,0,2,0,0,0,2,0,1,0,0,0,0,0,0,0,0,0,1,13,1,0,0,1,0,0,0,0,0,0,1,0,0,0,29,9,0
/Users/kaiohs/Downloads/codes/lab02-experimentacao-software/data/repos/apache__groovy/src/main/java/org/codehaus/groovy/runtime/StringGroovyMethods.java,org.codehaus.groovy.runtime.StringGroovyMethods,class,29,38,9,29,428,2,0,205,16836,0.9945652,0.0,0.0,184,184,176,8,0,0,176,0,0,0,1,1,0,0,0,1,0,0,176,1437,262,41,102,9,22,94,205,204,86,156,3,1,5,0,852,1,0
/Users/kaiohs/Downloads/codes/lab02-experimentacao-software/data/repos/apache__groovy/src/main/java/org/codehaus/groovy/runtime/dgmimpl/NumberNumberMultiply.java,org.codehaus.groovy.runtime.dgmimpl.NumberNumberMultiply$IntegerDouble,innerclass,5,5,0,5,4,7,0,3,1,0.0,0.0,0.0,2,0,2,0,0,0,2,0,1,0,0,0,0,0,0,0,0,0,0,15,2,0,0,1,1,0,1,0,1,0,2,0,0,0,19,10,0
/Users/kaiohs/Downloads/codes/lab02-experimentacao-software/data/repos/apache__groovy/src/main/java/org/codehaus/groovy/vmplugin/v10/Java10.java,org.codehaus.groovy.vmplugin.v10.Java10,class,2,3,1,2,2,3,1,2,1,0.0,0.0,0.0,2,0,2,0,0,0,2,0,0,0,0,0,0,0,0,0,0,0,1,12,2,0,0,0,0,2,2,4,1,2,0,0,0,0,17,1,0
/Users/kaiohs/Downloads/codes/lab02-experimentacao-software/data/repos/apache__groovy/src/main/java/org/codehaus/groovy/runtime/dgmimpl/NumberNumberMinus.java,org.codehaus.groovy.runtime.dgmimpl.NumberNumberMinus,class,23,24,1,23,20,106,0,1,190,0.0,0.0,0.0,20,1,20,0,0,0,20,0,0,0,0,0,0,0,0,0,0,0,2,313,20,0,0,0,0,1,1,0,0,0,0,0,17,0,33,17,0
/Users/kaiohs/Downloads/codes/lab02-experimentacao-software/data/repos/apache__groovy/subprojects/groovy-json/src/main/java/org/apache/groovy/json/DefaultFastStringService.java,org.apache.groovy.json.DefaultFastStringService,class,2,4,2,2,2,1,0,1,1,0.0,0.0,0.0,2,0,2,0,0,0,2,0,0,0,0,0,0,0,0,0,0,0,0,8,2,0,0,0,0,0,0,0,0,0,0,0,0,0,25,1,0
/Users/kaiohs/Downloads/codes/lab02-experimentacao-software/data/repos/apache__groovy/src/main/java/org/apache/groovy/antlr/LexerFrame.java,org.apache.groovy.antlr.LexerFrame,class,5,7,2,5,35,12,0,75,52,0.875,0.0,0.0,12,1,4,8,0,0,4,0,0,0,14,4,0,14,0,0,14,0,8,218,3,2,3,7,3,18,30,34,5,31,2,2,1,0,137,1,0
/Users/kaiohs/Downloads/codes/lab02-experimentacao-software/data/repos/apache__groovy/src/main/java/org/codehaus/groovy/ast/DynamicVariable.java,org.codehaus.groovy.ast.DynamicVariable,class,4,6,2,4,11,1,0,2,49,0.8181818,0.0,0.0,11,0,11,0,0,0,11,0,0,0,3,0,0,3,0,0,1,0,0,39,9,0,0,0,0,0,1,5,0,3,0,0,0,0,29,1,0
/Users/kaiohs/Downloads/codes/lab02-experimentacao-software/data/repos/apache__groovy/src/main/java/org/codehaus/groovy/reflection/ClassInfo.java,org.codehaus.groovy.reflection.ClassInfo$Anonymous1,anonymous,2,2,0,2,1,1,0,1,0,0.0,NaN,NaN,1,0,1,0,0,0,1,0,0,0,0,0,0,0,0,0,0,0,0,7,1,0,0,0,0,0,0,1,0,1,0,0,0,0,6,-1,0
/Users/kaiohs/Downloads/codes/lab02-experimentacao-software/data/repos/apache__groovy/subprojects/groovy-sql/src/main/java/groovy/sql/Sql.java,groovy.sql.Sql$CreateCallableStatementCommand,innerclass,1,1,0,1,1,2,0,1,0,0.0,NaN,NaN,1,0,0,0,1,0,1,0,0,0,0,0,0,0,0,0,0,0,0,5,1,0,0,0,0,0,0,0,0,0,0,0,0,0,12,2,0
/Users/kaiohs/Downloads/codes/lab02-experimentacao-software/data/repos/apache__groovy/src/main/java/org/codehaus/groovy/runtime/ProcessGroovyMethods.java,org.codehaus.groovy.runtime.ProcessGroovyMethods$ByteDumper,innerclass,2,2,0,2,5,1,0,2,0,0.0,0.0,0.0,2,0,2,0,0,0,2,0,0,0,2,0,0,0,0,2,2,0,0,20,0,1,2,1,1,1,3,4,0,4,3,0,0,0,21,10,0
/Users/kaiohs/Downloads/codes/lab02-experimentacao-software/data/repos/apache__groovy/src/test/groovy/groovy/JavaClass.java,groovy.JavaClass$StaticInner$Inner2,innerclass,0,0,0,0,0,1,0,0,0,0.0,-1.0,-1.0,0,0,0,0,0,0,0,0,0,0,0,0,0,0,0,0,0,0,0,2,0,0,0,0,0,0,0,0,0,0,0,0,0,0,1,9,0
/Users/kaiohs/Downloads/codes/lab02-experimentacao-software/data/repos/apache__groovy/src/main/java/org/codehaus/groovy/reflection/stdclasses/CachedClosureClass.java,org.codehaus.groovy.reflection.stdclasses.CachedClosureClass,class,3,4,1,3,6,2,0,5,0,0.33333334,0.0,0.0,3,0,3,0,0,0,3,0,0,0,2,0,0,2,0,0,2,0,1,28,2,1,0,0,0,1,2,9,0,6,3,0,0,0,20,1,0
/Users/kaiohs/Downloads/codes/lab02-experimentacao-software/data/repos/apache__groovy/src/test/groovy/org/codehaus/groovy/runtime/JdkDynamicProxyServiceBean.java,org.codehaus.groovy.runtime.JdkDynamicProxyServiceBean,interface,1,3,2,1,2,1,0,0,1,0.0,0.0,0.0,2,0,0,0,0,2,2,0,0,0,0,0,0,0,0,0,0,0,0,4,0,0,0,0,0,0,0,0,0,0,0,0,0,0,8,1,0
/Users/kaiohs/Downloads/codes/lab02-experimentacao-software/data/repos/apache__groovy/subprojects/groovy-xml/src/main/java/groovy/xml/slurpersupport/Attributes.java,groovy.xml.slurpersupport.Attributes$Anonymous1,anonymous,5,5,0,5,9,1,0,8,0,0.0,NaN,NaN,1,0,0,0,1,0,1,0,0,0,0,0,0,0,0,0,0,0,0,21,3,1,3,0,2,4,0,4,0,3,3,0,0,0,15,-1,0
/Users/kaiohs/Downloads/codes/lab02-experimentacao-software/data/repos/apache__groovy/src/main/java/groovy/transform/stc/SecondParam.java,groovy.transform.stc.SecondParam$SecondGenericType,innerclass,1,1,0,1,1,4,0,0,0,0.0,NaN,NaN,1,0,1,0,0,0,1,0,0,0,0,0,0,0,0,0,0,0,0,5,0,0,0,0,0,0,2,0,0,0,0,0,0,0,31,9,0
/Users/kaiohs/Downloads/codes/lab02-experimentacao-software/data/repos/apache__groovy/src/main/java/org/codehaus/groovy/runtime/memoize/MemoizeCache.java,org.codehaus.groovy.runtime.memoize.MemoizeCache$ValueProvider,interface,2,2,0,2,1,1,0,0,0,0.0,NaN,NaN,1,0,0,0,0,1,1,0,0,0,0,0,0,0,0,0,0,0,0,3,0,0,0,0,0,0,0,0,0,0,0,0,0,0,16,0,0
/Users/kaiohs/Downloads/codes/lab02-experimentacao-software/data/repos/apache__groovy/src/main/java/org/codehaus/groovy/classgen/asm/BytecodeHelper.java,org.codehaus.groovy.classgen.asm.BytecodeHelper$ReturnVarHandler,innerclass,3,3,0,3,7,2,0,1,0,0.0,0.0,0.0,7,0,0,0,6,1,7,0,0,0,1,0,0,1,0,0,0,0,0,25,0,0,0,0,0,0,0,1,0,1,0,0,0,0,28,10,0
/Users/kaiohs/Downloads/codes/lab02-experimentacao-software/data/repos/apache__groovy/src/main/java/groovy/lang/NumberRange.java,groovy.lang.NumberRange$StepIterator,innerclass,3,3,0,3,19,1,0,14,0,0.48000002,0.0,0.0,5,0,3,1,0,1,4,0,0,0,5,0,0,5,0,0,3,0,0,57,5,0,2,0,0,1,3,12,0,5,2,0,0,0,58,2,0
/Users/kaiohs/Downloads/codes/lab02-experimentacao-software/data/repos/apache__groovy/src/test-resources/stubgenerator/circularLanguageReference/Square.java,stubgenerator.circularLanguageReference.Square,class,1,1,0,1,1,2,0,0,0,0.0,NaN,NaN,1,0,0,0,0,1,1,0,0,0,0,0,0,0,0,0,0,0,0,5,0,0,0,0,0,0,0,0,0,0,0,0,0,0,3,1,0
/Users/kaiohs/Downloads/codes/lab02-experimentacao-software/data/repos/apache__groovy/src/main/java/org/codehaus/groovy/ast/decompiled/LazyFieldNode.java,org.codehaus.groovy.ast.decompiled.LazyFieldNode,class,12,13,1,12,61,3,0,51,0,0.7456897,0.0,0.0,58,0,58,0,0,0,58,0,0,0,4,0,0,4,0,0,2,0,0,237,33,0,3,0,0,0,0,6,0,6,1,0,0,0,101,0,0
/Users/kaiohs/Downloads/codes/lab02-experimentacao-software/data/repos/apache__groovy/subprojects/groovy-ginq/src/main/groovy/org/apache/groovy/ginq/provider/collection/runtime/QueryableCollection.java,org.apache.groovy.ginq.provider.collection.runtime.QueryableCollection$Bucket,innerclass,2,2,0,2,2,4,0,1,1,1.0,0.0,0.0,2,1,0,0,0,2,2,0,0,0,1,1,0,1,0,0,1,0,0,11,1,0,0,0,0,0,2,2,0,2,0,0,0,0,14,26,0
/Users/kaiohs/Downloads/codes/lab02-experimentacao-software/data/repos/apache__groovy/src/main/java/org/codehaus/groovy/vmplugin/v10/PluginDefaultGroovyMethods.java,org.codehaus.groovy.vmplugin.v10.PluginDefaultGroovyMethods,class,0,1,1,0,1,1,0,3,0,0.0,NaN,NaN,1,1,1,0,0,0,1,0,0,0,0,0,0,0,0,0,0,0,2,5,1,0,0,0,0,0,0,0,0,0,0,0,0,0,26,1,0
/Users/kaiohs/Downloads/codes/lab02-experimentacao-software/data/repos/apache__groovy/src/test/groovy/gls/annotations/AnnotationsTestBase.java,gls.annotations.AnnotationsTestBase$FieldAnnotationScanner,innerclass,2,2,0,2,2,2,0,2,0,0.0,0.0,0.0,2,0,1,0,0,1,2,0,0,0,1,0,0,1,0,0,1,0,0,11,1,0,0,0,0,3,0,1,1,1,0,0,0,0,20,2,0
/Users/kaiohs/Downloads/codes/lab02-experimentacao-software/data/repos/apache__groovy/src/main/java/groovy/util/ObjectGraphBuilder.java,groovy.util.ObjectGraphBuilder$NodeReference,innerclass,0,0,0,0,2,1,0,0,0,0.125,NaN,NaN,2,0,1,1,0,0,1,0,0,0,4,0,0,4,0,0,4,0,0,15,1,0,0,0,0,4,0,4,1,4,0,0,0,0,10,26,0
/Users/kaiohs/Downloads/codes/lab02-experimentacao-software/data/repos/apache__groovy/src/main/java/groovy/transform/stc/ThirdParam.java,groovy.transform.stc.ThirdParam$FirstGenericType,innerclass,1,1,0,1,1,4,0,0,0,0.0,NaN,NaN,1,0,1,0,0,0,1,0,0,0,0,0,0,0,0,0,0,0,0,5,0,0,0,0,0,0,2,0,0,0,0,0,0,0,34,9,0
/Users/kaiohs/Downloads/codes/lab02-experimentacao-software/data/repos/apache__groovy/src/main/java/org/codehaus/groovy/ast/decompiled/ClassStub.java,org.codehaus.groovy.ast.decompiled.ClassStub,class,4,8,4,4,1,2,0,0,0,0.5,NaN,NaN,1,0,1,0,0,0,1,0,0,0,10,0,0,0,0,10,7,0,0,19,0,0,0,0,0,0,3,8,0,10,0,0,0,0,26,1,0
/Users/kaiohs/Downloads/codes/lab02-experimentacao-software/data/repos/apache__groovy/subprojects/groovy-templates/src/main/groovy/groovy/text/TemplateExecutionException.java,groovy.text.TemplateExecutionException,class,0,1,1,0,5,3,0,0,0,0.5,0.0,0.0,5,0,5,0,0,0,5,0,0,0,2,1,0,2,0,0,2,0,0,23,1,0,0,0,0,0,1,5,0,2,0,0,0,0,37,1,0
/Users/kaiohs/Downloads/codes/lab02-experimentacao-software/data/repos/apache__groovy/src/main/java/groovy/lang/Closure.java,groovy.lang.Closure$Anonymous1,anonymous,0,0,0,0,1,1,0,0,0,1.0,NaN,NaN,1,0,1,0,0,0,1,0,0,0,1,1,0,1,0,0,1,0,0,6,1,0,0,0,0,0,1,1,0,1,0,0,0,0,11,-1,0
/Users/kaiohs/Downloads/codes/lab02-experimentacao-software/data/repos/apache__groovy/subprojects/groovy-servlet/src/main/java/groovy/servlet/TemplateServlet.java,groovy.servlet.TemplateServlet,class,12,13,1,12,41,3,0,47,14,0.65,0.0,0.0,8,0,3,2,3,0,6,0,0,0,5,1,0,5,0,0,2,0,12,225,10,0,15,4,1,36,0,40,20,25,3,0,1,0,281,1,0
/Users/kaiohs/Downloads/codes/lab02-experimentacao-software/data/repos/apache__groovy/src/test/groovy/org/codehaus/groovy/classgen/GroovyClassLoaderTest.java,org.codehaus.groovy.classgen.GroovyClassLoaderTest,class,4,4,0,4,1,2,0,6,0,0.0,NaN,NaN,1,0,0,0,0,1,1,0,0,0,0,0,0,0,0,0,0,0,0,11,0,0,0,0,0,5,0,3,2,3,0,0,0,0,22,16,0
/Users/kaiohs/Downloads/codes/lab02-experimentacao-software/data/repos/apache__groovy/subprojects/groovy-groovydoc/src/main/java/org/codehaus/groovy/tools/groovydoc/ClasspathResourceManager.java,org.codehaus.groovy.tools.groovydoc.ClasspathResourceManager,class,2,4,2,2,4,1,0,5,0,0.25,0.0,0.0,4,0,4,0,0,0,4,0,0,0,1,0,0,0,0,1,0,0,0,15,2,0,0,0,0,0,0,2,0,1,0,0,0,0,15,1,0
/Users/kaiohs/Downloads/codes/lab02-experimentacao-software/data/repos/apache__groovy/src/main/java/org/codehaus/groovy/vmplugin/v9/Java9.java,org.codehaus.groovy.vmplugin.v9.Java9$BigIntegerMultiplyMethodHolder,innerclass,2,2,0,2,2,1,0,1,0,NaN,NaN,NaN,0,0,0,0,0,0,1,0,0,0,1,1,0,1,0,0,1,0,0,11,0,0,0,1,0,2,0,1,0,1,1,0,0,0,31,10,0
/Users/kaiohs/Downloads/codes/lab02-experimentacao-software/data/repos/apache__groovy/subprojects/groovy-groovydoc/src/main/java/org/codehaus/groovy/tools/groovydoc/SimpleGroovyParameter.java,org.codehaus.groovy.tools.groovydoc.SimpleGroovyParameter,class,3,6,3,3,15,1,0,3,52,0.82417583,0.0,0.0,13,0,13,0,0,0,13,0,0,0,7,1,0,7,0,0,3,0,0,52,8,0,2,0,1,0,1,7,0,7,1,0,0,0,37,1,0
/Users/kaiohs/Downloads/codes/lab02-experimentacao-software/data/repos/apache__groovy/src/main/java/org/codehaus/groovy/ast/expr/ConstructorCallExpression.java,org.codehaus.groovy.ast.expr.ConstructorCallExpression,class,8,16,8,8,18,3,0,14,64,0.7692308,0.0,0.0,13,0,13,0,0,0,13,0,0,0,2,0,0,2,0,0,1,0,0,64,10,0,2,0,1,7,0,7,3,4,1,0,0,0,43,1,0
/Users/kaiohs/Downloads/codes/lab02-experimentacao-software/data/repos/apache__groovy/src/main/java/org/codehaus/groovy/runtime/dgmimpl/NumberNumberMinus.java,org.codehaus.groovy.runtime.dgmimpl.NumberNumberMinus$LongFloat,innerclass,5,5,0,5,4,7,0,4,1,0.0,0.0,0.0,2,0,2,0,0,0,2,0,1,0,0,0,0,0,0,0,0,0,0,15,2,0,0,1,2,0,1,0,1,0,2,0,0,0,19,10,0
/Users/kaiohs/Downloads/codes/lab02-experimentacao-software/data/repos/apache__groovy/src/main/java/org/codehaus/groovy/runtime/dgmimpl/arrays/DoubleArrayGetAtMetaMethod.java,org.codehaus.groovy.runtime.dgmimpl.arrays.DoubleArrayGetAtMetaMethod,class,9,10,1,9,5,10,0,3,6,0.75,0.0,0.0,4,0,4,0,0,0,4,0,1,0,1,1,0,1,0,0,1,0,2,28,5,0,0,0,1,0,2,2,0,2,1,0,1,0,31,1,0
/Users/kaiohs/Downloads/codes/lab02-experimentacao-software/data/repos/apache__groovy/src/main/java/groovy/transform/builder/SimpleStrategy.java,groovy.transform.builder.SimpleStrategy,class,9,10,1,9,20,2,0,34,1,0.0,0.0,0.0,2,0,1,0,1,0,2,0,0,0,0,0,0,0,0,0,0,0,1,41,10,2,2,0,1,17,2,11,1,10,2,0,0,0,129,1,0
/Users/kaiohs/Downloads/codes/lab02-experimentacao-software/data/repos/apache__groovy/src/main/java/org/codehaus/groovy/runtime/ReflectionMethodInvoker.java,org.codehaus.groovy.runtime.ReflectionMethodInvoker,class,1,1,0,1,3,1,0,4,0,0.0,NaN,NaN,1,1,1,0,0,0,1,0,0,0,0,0,0,0,0,0,0,0,1,15,2,1,0,1,0,0,1,4,0,3,2,0,0,0,50,1,0
/Users/kaiohs/Downloads/codes/lab02-experimentacao-software/data/repos/apache__groovy/src/main/java/org/codehaus/groovy/runtime/GroovyCategorySupport.java,org.codehaus.groovy.runtime.GroovyCategorySupport$ThreadCategoryInfo,innerclass,11,11,0,11,42,3,0,44,39,0.8181818,0.0,0.0,11,0,2,7,0,2,4,0,0,0,5,2,0,4,0,1,2,0,5,131,8,5,17,2,0,3,15,28,1,25,4,0,0,0,70,9,0
/Users/kaiohs/Downloads/codes/lab02-experimentacao-software/data/repos/apache__groovy/src/main/java/org/codehaus/groovy/control/InstanceOfVerifier.java,org.codehaus.groovy.control.InstanceOfVerifier,class,7,9,2,7,8,2,0,15,1,0.0,NaN,NaN,2,0,1,1,0,0,1,0,0,0,0,0,0,0,0,0,0,0,1,24,0,1,1,0,0,5,0,2,3,1,3,0,0,0,34,1025,0
/Users/kaiohs/Downloads/codes/lab02-experimentacao-software/data/repos/apache__groovy/src/main/java/groovy/transform/stc/PickFirstResolver.java,groovy.transform.stc.PickFirstResolver,class,7,7,0,7,1,2,0,2,0,0.0,NaN,NaN,1,0,1,0,0,0,1,0,0,0,0,0,0,0,0,0,0,0,1,5,1,0,0,0,0,0,1,0,0,0,0,0,0,0,41,1,0
/Users/kaiohs/Downloads/codes/lab02-experimentacao-software/data/repos/apache__groovy/src/main/java/groovy/util/function/IntComparator.java,groovy.util.function.IntComparator,interface,0,0,0,0,1,1,0,0,0,0.0,NaN,NaN,1,0,0,0,0,1,1,0,0,0,0,0,0,0,0,0,0,0,0,3,0,0,0,0,0,0,0,0,0,0,0,0,0,0,22,1,0
/Users/kaiohs/Downloads/codes/lab02-experimentacao-software/data/repos/apache__groovy/src/main/java/org/codehaus/groovy/runtime/ConversionHandler.java,org.codehaus.groovy.runtime.ConversionHandler,class,7,10,3,7,25,1,2,25,46,0.8269231,0.0,0.0,13,1,8,3,2,0,10,1,0,0,4,1,0,4,0,0,3,0,4,86,16,0,3,2,4,3,3,10,0,8,4,0,0,1,162,1025,0
/Users/kaiohs/Downloads/codes/lab02-experimentacao-software/data/repos/apache__groovy/src/main/java/org/codehaus/groovy/runtime/dgmimpl/NumberNumberDiv.java,org.codehaus.groovy.runtime.dgmimpl.NumberNumberDiv$FloatFloat,innerclass,5,5,0,5,6,7,0,3,6,0.0,0.0,0.0,4,0,4,0,0,0,4,0,3,0,0,0,0,0,0,0,0,0,0,21,4,0,0,1,6,0,2,0,3,0,2,0,0,0,19,10,0
/Users/kaiohs/Downloads/codes/lab02-experimentacao-software/data/repos/apache__groovy/src/main/java/org/codehaus/groovy/transform/ExternalizeMethodsASTTransformation.java,org.codehaus.groovy.transform.ExternalizeMethodsASTTransformation,class,15,16,1,15,27,2,0,39,6,0.7916667,NaN,NaN,4,3,1,3,0,0,1,0,0,0,6,6,0,3,0,3,6,0,19,63,11,2,4,0,2,19,4,19,3,19,2,0,0,0,99,1,0
/Users/kaiohs/Downloads/codes/lab02-experimentacao-software/data/repos/apache__groovy/src/main/java/org/codehaus/groovy/runtime/dgmimpl/arrays/CharacterArrayPutAtMetaMethod.java,org.codehaus.groovy.runtime.dgmimpl.arrays.CharacterArrayPutAtMetaMethod,class,10,11,1,10,5,10,0,4,3,0.6666667,0.0,0.0,3,0,3,0,0,0,3,0,1,0,1,1,0,1,0,0,1,0,3,41,4,0,0,0,2,0,4,4,0,3,1,0,1,0,33,1,0
/Users/kaiohs/Downloads/codes/lab02-experimentacao-software/data/repos/apache__groovy/src/main/java/groovy/util/ObservableList.java,groovy.util.ObservableList$ElementClearedEvent,innerclass,1,1,0,1,3,3,0,2,0,0.5,0.0,0.0,2,0,2,0,0,0,2,0,0,0,2,1,0,2,0,0,1,0,1,13,1,0,1,0,0,0,2,2,0,2,1,0,0,0,17,9,0
/Users/kaiohs/Downloads/codes/lab02-experimentacao-software/data/repos/apache__groovy/subprojects/groovy-ginq/src/main/groovy/org/apache/groovy/ginq/dsl/expression/OnExpression.java,org.apache.groovy.ginq.dsl.expression.OnExpression,class,5,10,5,5,4,5,0,3,6,0.0,0.0,0.0,4,0,4,0,0,0,4,0,0,0,0,0,0,0,0,0,0,0,0,14,3,0,0,0,0,1,0,0,1,0,0,0,0,0,15,1,0
/Users/kaiohs/Downloads/codes/lab02-experimentacao-software/data/repos/apache__groovy/src/test/groovy/gls/annotations/AnnotationsTestBase.java,gls.annotations.AnnotationsTestBase$MyCollector,innerclass,9,9,0,9,2,2,0,2,1,0.0,0.0,0.0,2,0,0,0,1,1,2,0,0,0,0,0,0,0,0,0,0,0,0,11,1,0,0,0,0,0,0,2,0,2,0,0,0,0,18,2,0
/Users/kaiohs/Downloads/codes/lab02-experimentacao-software/data/repos/apache__groovy/src/main/java/org/codehaus/groovy/classgen/asm/WriterControllerFactory.java,org.codehaus.groovy.classgen.asm.WriterControllerFactory,interface,1,6,5,1,1,1,0,0,0,0.0,NaN,NaN,1,0,0,0,0,1,1,0,0,0,0,0,0,0,0,0,0,0,0,3,0,0,0,0,0,0,0,0,0,0,0,0,0,0,18,1,0
/Users/kaiohs/Downloads/codes/lab02-experimentacao-software/data/repos/apache__groovy/subprojects/groovy-templates/src/main/groovy/groovy/text/SimpleTemplateEngine.java,groovy.text.SimpleTemplateEngine,class,6,9,3,6,11,2,0,8,16,0.7222222,0.0,0.0,9,0,9,0,0,0,9,0,0,0,4,1,0,4,0,0,0,0,0,210,3,0,0,1,0,5,1,7,2,6,1,0,1,0,145,1,0
/Users/kaiohs/Downloads/codes/lab02-experimentacao-software/data/repos/apache__groovy/src/test/groovy/groovy/lang/NumberRangeTestCase.java,groovy.lang.NumberRangeTestCase$RecordingClosure,innerclass,1,1,0,1,2,2,0,1,0,0.0,0.0,0.0,2,0,1,0,0,1,2,0,0,0,1,0,0,0,0,1,1,0,0,11,1,0,0,0,0,0,0,1,0,1,0,0,0,0,24,12,0
/Users/kaiohs/Downloads/codes/lab02-experimentacao-software/data/repos/apache__groovy/subprojects/groovy-json/src/main/java/org/apache/groovy/json/internal/Exceptions.java,org.apache.groovy.json.internal.Exceptions$JsonInternalException,innerclass,2,2,0,2,16,5,0,15,55,0.0,0.0,0.0,11,0,10,1,0,0,10,0,0,0,0,0,0,0,0,0,0,0,0,60,6,0,5,0,1,9,0,0,4,0,1,0,0,0,29,9,0
/Users/kaiohs/Downloads/codes/lab02-experimentacao-software/data/repos/apache__groovy/src/main/java/org/codehaus/groovy/syntax/SyntaxException.java,org.codehaus.groovy.syntax.SyntaxException,class,3,27,24,3,14,2,1,6,41,0.7619048,0.0,0.0,14,0,14,0,0,0,14,0,0,0,6,1,0,6,0,0,5,0,0,58,8,0,0,0,0,3,3,10,3,6,0,0,0,0,44,1,0
/Users/kaiohs/Downloads/codes/lab02-experimentacao-software/data/repos/apache__groovy/src/main/java/groovy/transform/AnnotationCollectorMode.java,groovy.transform.AnnotationCollectorMode,enum,0,0,0,0,0,1,0,0,0,0.0,-1.0,-1.0,0,0,0,0,0,0,0,0,0,0,0,0,0,0,0,0,0,0,0,6,0,0,0,0,0,0,0,0,0,0,0,0,0,0,60,1,0
/Users/kaiohs/Downloads/codes/lab02-experimentacao-software/data/repos/apache__groovy/src/main/java/org/codehaus/groovy/transform/SingletonASTTransformation.java,org.codehaus.groovy.transform.SingletonASTTransformation,class,17,18,1,17,17,2,0,33,15,0.0,NaN,NaN,6,3,1,5,0,0,1,0,0,0,0,0,0,0,0,0,0,0,8,53,3,2,3,0,0,9,5,15,2,14,2,0,0,0,102,1,0
/Users/kaiohs/Downloads/codes/lab02-experimentacao-software/data/repos/apache__groovy/src/main/java/org/codehaus/groovy/reflection/stdclasses/FloatCachedClass.java,org.codehaus.groovy.reflection.stdclasses.FloatCachedClass,class,2,3,1,2,22,3,0,2,0,0.25,0.0,0.0,4,0,4,0,0,0,4,0,0,0,1,0,0,1,0,0,1,0,0,26,5,0,14,0,3,1,0,2,1,2,2,0,0,0,29,1,0
/Users/kaiohs/Downloads/codes/lab02-experimentacao-software/data/repos/apache__groovy/src/main/java/groovy/lang/Closure.java,groovy.lang.Closure,class,20,46,26,20,104,4,4,55,1228,0.9505494,0.0,0.0,52,1,44,7,1,0,45,0,0,0,20,11,7,11,2,0,11,0,1,423,59,1,22,10,2,22,18,43,2,39,4,1,1,3,519,1025,0
/Users/kaiohs/Downloads/codes/lab02-experimentacao-software/data/repos/apache__groovy/subprojects/groovy-ant/src/main/java/org/codehaus/groovy/ant/AntProjectPropertiesDelegate.java,org.codehaus.groovy.ant.AntProjectPropertiesDelegate,class,3,5,2,3,23,3,0,24,0,0.5714286,0.0,0.0,21,0,21,0,0,0,21,0,0,15,2,1,0,2,0,0,2,0,0,76,16,1,0,0,0,5,1,5,0,3,1,0,0,0,62,1,0
/Users/kaiohs/Downloads/codes/lab02-experimentacao-software/data/repos/apache__groovy/subprojects/groovy-jsr223/src/main/java/org/codehaus/groovy/jsr223/GroovyScriptEngineImpl.java,org.codehaus.groovy.jsr223.GroovyScriptEngineImpl$Anonymous1,anonymous,1,1,0,1,8,1,0,6,1,0.0,0.0,0.0,2,0,2,0,0,0,2,0,0,0,0,0,0,0,0,0,0,0,0,29,3,0,3,0,1,2,2,4,0,3,3,0,0,0,15,-1,0
/Users/kaiohs/Downloads/codes/lab02-experimentacao-software/data/repos/apache__groovy/subprojects/groovy-jsr223/src/main/java/org/codehaus/groovy/jsr223/GroovyScriptEngineImpl.java,org.codehaus.groovy.jsr223.GroovyScriptEngineImpl$Anonymous2,anonymous,3,3,0,3,8,1,0,5,3,0.0,0.0,0.0,3,0,3,0,0,0,3,0,0,0,0,0,0,0,0,0,0,0,0,32,8,0,1,2,1,0,0,0,0,0,1,0,0,0,12,-1,0
/Users/kaiohs/Downloads/codes/lab02-experimentacao-software/data/repos/apache__groovy/src/test/groovy/org/codehaus/groovy/runtime/JdkDynamicProxyTest.java,org.codehaus.groovy.runtime.JdkDynamicProxyTest,class,4,4,0,4,2,2,0,7,1,0.0,0.0,0.0,2,0,2,0,0,0,2,0,0,0,0,0,0,0,0,0,0,0,4,15,0,0,0,0,0,6,0,5,0,5,0,0,0,0,20,1,0
/Users/kaiohs/Downloads/codes/lab02-experimentacao-software/data/repos/apache__groovy/src/main/java/org/codehaus/groovy/syntax/Reduction.java,org.codehaus.groovy.syntax.Reduction,class,4,10,6,4,23,2,0,8,34,0.7692308,0.0,0.0,13,1,12,1,0,0,12,0,0,0,3,1,1,2,0,0,1,0,0,73,12,1,3,0,1,3,6,10,0,6,2,0,0,0,87,1,0
/Users/kaiohs/Downloads/codes/lab02-experimentacao-software/data/repos/apache__groovy/subprojects/groovy-json/src/main/java/org/apache/groovy/json/internal/SimpleCache.java,org.apache.groovy.json.internal.SimpleCache,class,6,8,2,6,10,1,0,6,0,0.125,0.0,0.0,8,0,8,0,0,0,8,0,0,0,1,0,0,1,0,0,0,0,0,37,4,0,1,0,0,0,0,3,0,2,1,0,0,0,18,1,0
/Users/kaiohs/Downloads/codes/lab02-experimentacao-software/data/repos/apache__groovy/subprojects/groovy-json/src/main/java/groovy/json/JsonSlurperClassic.java,groovy.json.JsonSlurperClassic,class,6,7,1,6,53,1,0,27,105,0.0,0.0,0.0,15,0,10,5,0,0,10,0,0,0,0,0,0,0,0,0,0,0,0,196,17,2,27,3,0,110,0,25,19,12,2,0,0,0,120,1,0
/Users/kaiohs/Downloads/codes/lab02-experimentacao-software/data/repos/apache__groovy/subprojects/groovy-servlet/src/main/java/groovy/servlet/ServletCategory.java,groovy.servlet.ServletCategory,class,4,5,1,4,16,1,0,2,120,0.0,0.0,0.0,16,16,16,0,0,0,16,0,0,0,0,0,0,0,0,0,0,0,0,50,8,0,0,0,0,0,0,0,0,0,0,0,0,0,14,1,0
/Users/kaiohs/Downloads/codes/lab02-experimentacao-software/data/repos/apache__groovy/src/main/java/org/codehaus/groovy/classgen/asm/indy/IndyBinHelper.java,org.codehaus.groovy.classgen.asm.indy.IndyBinHelper,class,5,6,1,5,2,2,0,3,1,0.0,0.0,0.0,2,0,1,0,1,0,2,0,0,0,0,0,0,0,0,0,0,0,0,8,0,0,0,0,0,0,0,0,0,0,0,0,0,0,17,1,0
/Users/kaiohs/Downloads/codes/lab02-experimentacao-software/data/repos/apache__groovy/src/main/java/org/codehaus/groovy/transform/SynchronizedASTTransformation.java,org.codehaus.groovy.transform.SynchronizedASTTransformation,class,16,17,1,16,18,2,0,23,1,0.6666667,NaN,NaN,3,1,1,2,0,0,1,0,0,0,3,3,0,3,0,0,3,0,5,62,9,0,5,0,0,23,3,16,6,16,2,0,0,0,80,1,0
/Users/kaiohs/Downloads/codes/lab02-experimentacao-software/data/repos/apache__groovy/src/main/java/org/apache/groovy/parser/antlr4/internal/atnmanager/ParserAtnManager.java,org.apache.groovy.parser.antlr4.internal.atnmanager.ParserAtnManager,class,3,4,1,3,3,2,0,0,3,1.0,0.0,0.0,3,0,0,1,2,0,2,0,0,0,1,1,1,0,0,0,1,0,0,11,2,0,0,0,0,0,0,1,0,1,0,0,0,0,23,1,0
/Users/kaiohs/Downloads/codes/lab02-experimentacao-software/data/repos/apache__groovy/src/main/java/org/codehaus/groovy/runtime/WritableFile.java,org.codehaus.groovy.runtime.WritableFile,class,2,3,1,2,5,2,0,5,1,0.6666667,0.0,0.0,3,0,3,0,0,0,3,0,0,0,2,1,0,2,0,0,2,0,2,21,1,1,2,1,1,0,2,5,0,4,2,0,0,0,22,1,0
/Users/kaiohs/Downloads/codes/lab02-experimentacao-software/data/repos/apache__groovy/src/test/groovy/org/codehaus/groovy/classgen/RunClosureTest.java,org.codehaus.groovy.classgen.RunClosureTest,class,3,3,0,3,10,2,0,2,45,0.0,0.0,0.0,10,0,0,0,0,10,10,0,0,0,0,0,0,0,0,0,0,0,0,43,0,0,0,0,0,21,0,10,0,10,0,0,0,0,22,16,0
/Users/kaiohs/Downloads/codes/lab02-experimentacao-software/data/repos/apache__groovy/src/main/java/groovy/lang/GroovyCallable.java,groovy.lang.GroovyCallable,interface,1,2,1,1,0,1,0,0,0,0.0,-1.0,-1.0,0,0,0,0,0,0,0,0,0,0,0,0,0,0,0,0,0,0,0,2,0,0,0,0,0,0,0,0,0,0,0,0,0,0,31,1,0
/Users/kaiohs/Downloads/codes/lab02-experimentacao-software/data/repos/apache__groovy/src/main/java/org/codehaus/groovy/vmplugin/v8/IndyArrayAccess.java,org.codehaus.groovy.vmplugin.v8.IndyArrayAccess,class,10,12,2,10,18,1,0,24,11,0.71428573,0.0,0.0,7,7,3,4,0,0,5,0,0,0,2,2,0,2,0,0,2,0,28,84,10,2,3,1,0,4,24,36,1,23,1,0,0,0,56,1,0
/Users/kaiohs/Downloads/codes/lab02-experimentacao-software/data/repos/apache__groovy/src/test/groovy/org/codehaus/groovy/classgen/asm/sc/bugs/support/Groovy7365Support.java,org.codehaus.groovy.classgen.asm.sc.bugs.support.Groovy7365Support,class,0,0,0,0,1,1,0,0,0,0.0,NaN,NaN,1,0,1,0,0,0,1,0,0,0,0,0,0,0,0,0,0,0,0,5,1,0,0,0,0,0,0,0,0,0,0,0,0,0,2,1,0
/Users/kaiohs/Downloads/codes/lab02-experimentacao-software/data/repos/apache__groovy/subprojects/groovy-json/src/main/java/org/apache/groovy/json/FastStringService.java,org.apache.groovy.json.FastStringService,interface,1,6,5,1,2,1,0,0,1,0.0,0.0,0.0,2,0,0,0,0,2,2,0,0,0,0,0,0,0,0,0,0,0,0,4,0,0,0,0,0,0,0,0,0,0,0,0,0,0,20,1,0
/Users/kaiohs/Downloads/codes/lab02-experimentacao-software/data/repos/apache__groovy/src/main/java/org/apache/groovy/util/concurrent/concurrentlinkedhashmap/Weigher.java,org.apache.groovy.util.concurrent.concurrentlinkedhashmap.Weigher,interface,2,12,10,2,1,1,0,0,0,0.0,NaN,NaN,1,0,0,0,0,1,1,0,0,0,0,0,0,0,0,0,0,0,0,3,0,0,0,0,0,0,0,0,0,0,0,0,0,0,34,1,0
/Users/kaiohs/Downloads/codes/lab02-experimentacao-software/data/repos/apache__groovy/subprojects/groovy-templates/src/test/groovy/groovy/text/CustomBaseTemplate.java,groovy.text.CustomBaseTemplate,class,3,3,0,3,3,2,0,0,0,0.0,0.0,0.0,3,0,3,0,0,0,3,0,0,0,1,0,0,1,0,0,0,0,0,12,1,0,0,0,0,0,0,1,0,1,0,0,0,0,12,1025,0
/Users/kaiohs/Downloads/codes/lab02-experimentacao-software/data/repos/apache__groovy/src/main/java/org/codehaus/groovy/transform/sc/transformers/BooleanExpressionTransformer.java,org.codehaus.groovy.transform.sc.transformers.BooleanExpressionTransformer,class,7,8,1,7,8,2,0,5,0,0.0,0.0,0.0,2,0,0,0,0,2,2,0,0,0,1,0,0,1,0,0,1,0,0,111,3,1,0,0,3,0,0,10,0,4,2,0,1,0,17,0,0
/Users/kaiohs/Downloads/codes/lab02-experimentacao-software/data/repos/apache__groovy/subprojects/groovy-json/src/main/java/groovy/json/JsonDelegate.java,groovy.json.JsonDelegate,class,3,6,3,3,14,2,0,18,8,0.6,0.0,0.0,5,3,4,1,0,0,4,0,0,0,1,0,0,1,0,0,1,0,4,51,6,1,4,0,6,0,11,13,0,10,3,0,0,0,65,1,0
/Users/kaiohs/Downloads/codes/lab02-experimentacao-software/data/repos/apache__groovy/src/main/java/org/codehaus/groovy/runtime/dgmimpl/arrays/FloatArrayPutAtMetaMethod.java,org.codehaus.groovy.runtime.dgmimpl.arrays.FloatArrayPutAtMetaMethod$MyPojoMetaMethodSite,innerclass,6,6,0,6,11,6,0,4,3,0.0,0.0,0.0,3,0,3,0,0,0,3,0,0,0,0,0,0,0,0,0,0,0,2,25,4,0,0,1,3,0,4,3,0,1,3,0,0,0,24,10,0
/Users/kaiohs/Downloads/codes/lab02-experimentacao-software/data/repos/apache__groovy/subprojects/groovy-swing/src/main/java/org/apache/groovy/swing/binding/BindingUpdatable.java,org.apache.groovy.swing.binding.BindingUpdatable,interface,0,5,5,0,5,1,0,0,10,0.0,0.0,0.0,5,0,0,0,0,5,5,0,0,0,0,0,0,0,0,0,0,0,0,7,0,0,0,0,0,0,0,0,0,0,0,0,0,0,50,1,0
/Users/kaiohs/Downloads/codes/lab02-experimentacao-software/data/repos/apache__groovy/src/main/java/org/codehaus/groovy/tools/StringHelper.java,org.codehaus.groovy.tools.StringHelper,class,1,2,1,1,14,1,0,8,4,0.6875,NaN,NaN,4,4,1,3,0,0,1,0,0,0,2,2,0,2,0,0,2,0,4,49,4,4,5,0,0,0,2,17,0,13,2,0,0,0,64,1,0
/Users/kaiohs/Downloads/codes/lab02-experimentacao-software/data/repos/apache__groovy/src/main/java/org/codehaus/groovy/classgen/asm/ClosureWriter.java,org.codehaus.groovy.classgen.asm.ClosureWriter$Anonymous1,anonymous,1,1,0,1,2,1,0,4,0,0.0,NaN,NaN,1,0,1,0,0,0,1,0,0,0,0,0,0,0,0,0,0,0,0,8,0,0,0,0,0,0,0,0,0,0,1,0,0,0,6,-1,0
/Users/kaiohs/Downloads/codes/lab02-experimentacao-software/data/repos/apache__groovy/src/main/java/org/codehaus/groovy/runtime/metaclass/NewMetaMethod.java,org.codehaus.groovy.runtime.metaclass.NewMetaMethod,class,4,8,4,4,5,3,2,4,4,0.625,0.0,0.0,4,0,4,0,0,0,4,0,0,0,2,1,0,0,2,0,1,0,1,27,3,0,0,0,0,0,5,5,0,4,1,0,0,0,30,1,0
/Users/kaiohs/Downloads/codes/lab02-experimentacao-software/data/repos/apache__groovy/src/main/java/groovy/lang/GString.java,groovy.lang.GString,class,9,12,3,9,27,2,1,22,181,0.9130435,0.0,0.0,23,0,22,0,1,0,23,1,0,0,5,4,3,2,0,0,5,0,0,98,22,0,1,2,1,0,4,7,1,6,1,1,0,0,137,1025,0
/Users/kaiohs/Downloads/codes/lab02-experimentacao-software/data/repos/apache__groovy/src/main/java/org/codehaus/groovy/transform/AbstractASTTransformation.java,org.codehaus.groovy.transform.AbstractASTTransformation,class,22,64,42,22,114,1,35,59,494,0.96875,0.0,0.0,32,13,22,4,6,0,28,0,0,0,2,1,1,0,1,0,1,0,19,283,51,10,26,0,14,37,9,40,14,33,5,0,0,0,174,1025,0
/Users/kaiohs/Downloads/codes/lab02-experimentacao-software/data/repos/apache__groovy/src/main/java/groovy/transform/stc/PickAnyArgumentHint.java,groovy.transform.stc.PickAnyArgumentHint,class,7,19,12,7,4,3,21,3,1,0.33333334,0.0,0.0,3,0,3,0,0,0,3,0,0,0,2,0,0,2,0,0,2,0,1,18,1,0,0,0,0,0,3,4,0,3,1,0,0,0,101,1,0
/Users/kaiohs/Downloads/codes/lab02-experimentacao-software/data/repos/apache__groovy/subprojects/groovy-ginq/src/main/groovy/org/apache/groovy/ginq/dsl/expression/ShutdownExpression.java,org.apache.groovy.ginq.dsl.expression.ShutdownExpression,class,5,9,4,5,6,3,0,3,7,0.5833334,0.0,0.0,6,0,6,0,0,0,6,0,0,0,2,0,0,2,0,0,2,0,0,23,5,0,0,0,0,0,0,2,0,2,0,0,0,0,19,1,0
/Users/kaiohs/Downloads/codes/lab02-experimentacao-software/data/repos/apache__groovy/subprojects/groovy-groovydoc/src/main/java/org/codehaus/groovy/tools/groovydoc/SimpleGroovyType.java,org.codehaus.groovy.tools.groovydoc.SimpleGroovyType,class,1,4,3,1,7,1,0,4,0,0.2,0.0,0.0,5,0,5,0,0,0,5,0,0,0,1,0,0,1,0,0,1,0,0,20,5,0,0,0,0,2,2,2,1,2,1,0,0,0,12,1,0
/Users/kaiohs/Downloads/codes/lab02-experimentacao-software/data/repos/apache__groovy/src/main/java/org/codehaus/groovy/util/FloatFloatArrayColumnIterator.java,org.codehaus.groovy.util.FloatFloatArrayColumnIterator,class,2,4,2,2,10,1,0,2,0,0.5,0.0,0.0,4,0,4,0,0,0,4,0,0,0,3,0,0,3,0,0,1,0,1,31,2,2,1,0,0,1,3,8,0,5,2,0,0,0,43,1,0
/Users/kaiohs/Downloads/codes/lab02-experimentacao-software/data/repos/apache__groovy/src/main/java/org/codehaus/groovy/ast/decompiled/AsmDecompiler.java,org.codehaus.groovy.ast.decompiled.AsmDecompiler$Anonymous1,anonymous,0,0,0,0,1,1,0,1,0,0.0,NaN,NaN,1,0,0,0,0,1,1,0,0,0,0,0,0,0,0,0,0,0,0,5,0,0,0,0,0,0,0,0,0,0,0,0,0,0,4,-1,0
/Users/kaiohs/Downloads/codes/lab02-experimentacao-software/data/repos/apache__groovy/subprojects/groovy-templates/src/main/groovy/groovy/text/TemplateParseException.java,groovy.text.TemplateParseException,class,0,1,1,0,6,4,0,0,0,0.44444442,0.0,0.0,6,0,6,0,0,0,6,0,0,0,3,1,0,3,0,0,3,0,0,31,2,0,0,0,0,0,1,9,0,3,0,0,0,0,28,1,0
/Users/kaiohs/Downloads/codes/lab02-experimentacao-software/data/repos/apache__groovy/subprojects/groovy-jsr223/src/test/java/org/codehaus/groovy/jsr223/JSR223SecurityTest.java,org.codehaus.groovy.jsr223.GroovySecurityException,class,0,1,1,0,1,4,0,0,0,0.0,NaN,NaN,1,0,1,0,0,0,1,0,0,0,0,0,0,0,0,0,0,0,0,5,0,0,0,0,0,0,0,0,0,0,0,0,0,0,5,0,0
/Users/kaiohs/Downloads/codes/lab02-experimentacao-software/data/repos/apache__groovy/subprojects/groovy-jsr223/src/main/java/org/codehaus/groovy/jsr223/GroovyCompiledScript.java,org.codehaus.groovy.jsr223.GroovyCompiledScript,class,1,2,1,1,3,2,0,1,0,0.16666667,0.0,0.0,3,0,3,0,0,0,3,0,0,0,2,0,0,2,0,0,2,0,0,14,2,0,0,0,0,0,0,2,0,2,0,0,0,0,38,1,0
/Users/kaiohs/Downloads/codes/lab02-experimentacao-software/data/repos/apache__groovy/benchmark/bench/hash.java,hash,class,0,0,0,0,4,1,0,5,0,0.0,NaN,NaN,1,1,1,0,0,0,1,0,0,0,0,0,0,0,0,0,0,0,3,13,0,2,0,0,0,1,6,6,0,6,2,0,0,0,14,1,0
/Users/kaiohs/Downloads/codes/lab02-experimentacao-software/data/repos/apache__groovy/src/test/groovy/bugs/Groovy6653.java,bugs.Groovy6653,class,3,3,0,3,1,2,0,2,0,0.0,NaN,NaN,1,0,1,0,0,0,1,0,0,0,0,0,0,0,0,0,0,0,0,15,0,0,0,0,0,9,0,0,1,0,0,0,2,0,15,17,0
/Users/kaiohs/Downloads/codes/lab02-experimentacao-software/data/repos/apache__groovy/subprojects/groovy-macro/src/main/groovy/org/codehaus/groovy/macro/runtime/MacroStub.java,org.codehaus.groovy.macro.runtime.MacroStub,enum,1,2,1,1,1,1,0,0,0,0.0,NaN,NaN,1,0,1,0,0,0,1,0,0,0,0,0,0,0,0,0,0,0,0,4,1,0,0,0,0,0,0,0,0,0,0,0,0,0,13,1,0
/Users/kaiohs/Downloads/codes/lab02-experimentacao-software/data/repos/apache__groovy/subprojects/groovy-groovydoc/src/main/java/org/codehaus/groovy/tools/groovydoc/antlr4/GroovydocJavaVisitor.java,org.codehaus.groovy.tools.groovydoc.antlr4.GroovydocJavaVisitor,class,35,37,2,35,58,2,0,96,132,0.85142857,0.0,0.0,25,0,13,12,0,0,13,0,0,0,7,1,0,7,0,0,6,0,0,254,10,5,9,0,0,16,2,41,9,44,2,0,0,11,94,1,0
/Users/kaiohs/Downloads/codes/lab02-experimentacao-software/data/repos/apache__groovy/src/test/groovy/bugs/Groovy8008Bug.java,bugs.Groovy8008Bug,class,9,10,1,9,5,2,0,22,10,0.0,NaN,NaN,5,0,1,4,0,0,1,0,0,0,0,0,0,0,0,0,0,0,0,55,0,0,0,0,0,0,21,10,0,7,0,0,1,0,73,1,0
/Users/kaiohs/Downloads/codes/lab02-experimentacao-software/data/repos/apache__groovy/src/test/groovy/groovy/lang/ObjectRangeTest.java,groovy.lang.ObjectRangeTest,class,4,5,1,4,42,2,0,30,120,0.0,0.0,0.0,16,0,13,0,3,0,16,0,0,0,0,0,0,0,0,0,0,0,29,290,2,10,1,13,10,118,149,74,27,36,2,0,0,0,83,1,0
/Users/kaiohs/Downloads/codes/lab02-experimentacao-software/data/repos/apache__groovy/subprojects/groovy-groovydoc/src/test/groovy/org/codehaus/groovy/tools/groovydoc/testfiles/ExampleVisibilityJ.java,org.codehaus.groovy.tools.groovydoc.testfiles.ExampleVisibilityJ,class,0,0,0,0,6,1,0,0,15,0.8333333,0.0,0.0,6,0,2,1,1,2,5,0,0,0,4,0,1,1,1,1,0,0,0,28,0,0,0,0,0,0,0,0,0,4,0,0,5,0,14,1,0
/Users/kaiohs/Downloads/codes/lab02-experimentacao-software/data/repos/apache__groovy/src/main/java/org/codehaus/groovy/ast/expr/LambdaExpression.java,org.codehaus.groovy.ast.expr.LambdaExpression,class,5,8,3,5,6,4,0,4,8,0.6,0.0,0.0,5,0,5,0,0,0,5,0,0,0,1,0,0,1,0,0,0,0,1,24,3,0,0,0,0,3,0,2,1,2,1,0,0,0,29,1,0
/Users/kaiohs/Downloads/codes/lab02-experimentacao-software/data/repos/apache__groovy/src/main/java/org/codehaus/groovy/runtime/typehandling/IntegerMath.java,org.codehaus.groovy.runtime.typehandling.IntegerMath,class,3,5,2,3,19,2,0,7,171,0.94736844,0.0,0.0,19,0,18,1,0,0,18,0,0,0,1,1,1,0,0,0,1,0,4,61,18,0,0,0,0,0,0,3,8,3,0,0,0,0,38,17,0
/Users/kaiohs/Downloads/codes/lab02-experimentacao-software/data/repos/apache__groovy/benchmark/bench/raytracer.java,raytracer$Hit,innerclass,1,1,0,1,1,1,0,0,0,0.0,NaN,NaN,1,0,1,0,0,0,1,0,0,0,2,0,2,0,0,0,0,0,0,8,0,0,0,0,0,0,0,2,0,2,0,0,0,0,6,0,0
/Users/kaiohs/Downloads/codes/lab02-experimentacao-software/data/repos/apache__groovy/src/test/groovy/org/codehaus/groovy/ast/decompiled/support/Groovy8632Abstract.java,org.codehaus.groovy.ast.decompiled.support.Groovy8632Abstract$Builder,innerclass,0,0,0,0,0,1,0,0,0,0.0,-1.0,-1.0,0,0,0,0,0,0,0,0,0,0,0,0,0,0,0,0,0,0,0,2,0,0,0,0,0,0,0,0,0,0,0,0,0,0,1,1033,0
/Users/kaiohs/Downloads/codes/lab02-experimentacao-software/data/repos/apache__groovy/src/main/java/org/codehaus/groovy/runtime/dgmimpl/NumberNumberMinus.java,org.codehaus.groovy.runtime.dgmimpl.NumberNumberMinus$LongDouble,innerclass,5,5,0,5,4,7,0,3,1,0.0,0.0,0.0,2,0,2,0,0,0,2,0,1,0,0,0,0,0,0,0,0,0,0,15,2,0,0,1,1,0,1,0,1,0,2,0,0,0,19,10,0
/Users/kaiohs/Downloads/codes/lab02-experimentacao-software/data/repos/apache__groovy/src/main/java/org/codehaus/groovy/tools/FileSystemCompiler.java,org.codehaus.groovy.tools.FileSystemCompiler$VersionProvider,innerclass,1,1,0,1,1,1,0,1,0,0.0,NaN,NaN,1,0,1,0,0,0,1,0,0,0,0,0,0,0,0,0,0,0,0,5,1,0,0,0,0,3,0,0,1,0,0,0,0,0,10,9,0
/Users/kaiohs/Downloads/codes/lab02-experimentacao-software/data/repos/apache__groovy/benchmark/bench/recursive.java,recursive,class,1,2,1,1,12,1,0,7,15,0.0,0.0,0.0,6,6,6,0,0,0,6,0,0,0,0,0,0,0,0,0,0,0,21,32,11,0,2,0,0,5,34,2,22,1,1,0,0,0,10,1,0
/Users/kaiohs/Downloads/codes/lab02-experimentacao-software/data/repos/apache__groovy/src/test/groovy/bugs/ScriptBug.java,bugs.ScriptBug,class,2,2,0,2,1,2,0,1,0,0.0,NaN,NaN,1,0,0,0,0,1,1,0,0,0,0,0,0,0,0,0,0,0,0,5,0,0,0,0,0,1,0,0,0,0,0,0,0,0,7,16,0
/Users/kaiohs/Downloads/codes/lab02-experimentacao-software/data/repos/apache__groovy/src/main/java/org/codehaus/groovy/runtime/callsite/GetEffectivePojoPropertySite.java,org.codehaus.groovy.runtime.callsite.GetEffectivePojoPropertySite,class,7,9,2,7,8,2,0,7,0,0.33333334,0.0,0.0,3,0,3,0,0,0,3,0,2,0,3,0,0,3,0,0,3,0,2,27,3,0,3,1,0,0,0,3,0,3,1,0,0,0,25,1,0
/Users/kaiohs/Downloads/codes/lab02-experimentacao-software/data/repos/apache__groovy/src/main/java/org/codehaus/groovy/ast/stmt/EmptyStatement.java,org.codehaus.groovy.ast.stmt.EmptyStatement$Anonymous1,anonymous,2,2,0,2,9,1,0,1,36,0.0,0.0,0.0,9,0,8,1,0,0,8,0,0,0,0,0,0,0,0,0,0,0,0,29,0,0,0,0,0,1,0,0,0,0,0,0,0,0,26,-1,0
/Users/kaiohs/Downloads/codes/lab02-experimentacao-software/data/repos/apache__groovy/src/main/java/org/codehaus/groovy/runtime/dgmimpl/NumberNumberPlus.java,org.codehaus.groovy.runtime.dgmimpl.NumberNumberPlus$DoubleFloat,innerclass,5,5,0,5,4,7,0,3,1,0.0,0.0,0.0,2,0,2,0,0,0,2,0,1,0,0,0,0,0,0,0,0,0,0,15,2,0,0,1,1,0,1,0,1,0,2,0,0,0,19,10,0
/Users/kaiohs/Downloads/codes/lab02-experimentacao-software/data/repos/apache__groovy/src/main/java/org/codehaus/groovy/ast/MethodNode.java,org.codehaus.groovy.ast.MethodNode,class,11,34,23,11,62,2,2,42,636,0.91260165,0.0,0.0,41,0,39,1,1,0,40,0,0,0,12,0,0,12,0,0,2,0,8,185,30,2,14,0,12,14,10,27,4,18,3,0,0,0,151,1,0
/Users/kaiohs/Downloads/codes/lab02-experimentacao-software/data/repos/apache__groovy/src/main/java/org/codehaus/groovy/classgen/Verifier.java,org.codehaus.groovy.classgen.Verifier$Anonymous11,anonymous,2,2,0,2,1,1,0,2,0,0.0,NaN,NaN,1,0,1,0,0,0,1,0,0,0,0,0,0,0,0,0,0,0,1,5,0,0,0,0,0,1,0,0,0,0,0,0,0,0,5,-1,0
/Users/kaiohs/Downloads/codes/lab02-experimentacao-software/data/repos/apache__groovy/subprojects/groovy-xml/src/main/java/groovy/xml/NamespaceBuilderSupport.java,groovy.xml.NamespaceBuilderSupport,class,4,6,2,4,27,2,0,23,83,0.72222227,0.0,0.0,18,1,9,1,8,0,17,0,0,0,3,0,0,3,0,0,0,0,3,95,14,2,1,0,0,6,4,18,1,14,2,0,0,0,58,1,0
/Users/kaiohs/Downloads/codes/lab02-experimentacao-software/data/repos/apache__groovy/src/main/java/org/codehaus/groovy/classgen/Verifier.java,org.codehaus.groovy.classgen.Verifier$Anonymous10,anonymous,1,1,0,1,2,1,0,4,0,0.0,NaN,NaN,1,0,1,0,0,0,1,0,0,0,0,0,0,0,0,0,0,0,0,8,0,0,0,0,0,0,0,0,0,0,1,0,0,0,6,-1,0
/Users/kaiohs/Downloads/codes/lab02-experimentacao-software/data/repos/apache__groovy/subprojects/groovy-swing/src/main/java/org/apache/groovy/swing/binding/EventTriggerBinding.java,org.apache.groovy.swing.binding.EventTriggerBinding$EventTriggerFullBinding,innerclass,4,4,0,4,4,2,0,3,4,0.5,0.0,0.0,4,0,3,0,0,1,4,0,0,0,1,0,0,0,0,1,0,0,0,26,0,0,0,0,0,0,0,1,0,1,0,1,0,0,20,2,0
/Users/kaiohs/Downloads/codes/lab02-experimentacao-software/data/repos/apache__groovy/src/main/java/org/codehaus/groovy/classgen/Verifier.java,org.codehaus.groovy.classgen.Verifier$Anonymous13,anonymous,2,2,0,2,2,1,0,8,0,0.0,NaN,NaN,1,0,1,0,0,0,1,0,0,0,0,0,0,0,0,0,0,0,4,14,0,0,0,0,0,0,3,0,0,0,1,0,0,0,9,-1,0
/Users/kaiohs/Downloads/codes/lab02-experimentacao-software/data/repos/apache__groovy/src/main/java/org/codehaus/groovy/classgen/Verifier.java,org.codehaus.groovy.classgen.Verifier$Anonymous12,anonymous,2,2,0,2,2,1,0,7,0,0.0,NaN,NaN,1,0,1,0,0,0,1,0,0,0,0,0,0,0,0,0,0,0,3,12,0,0,0,0,0,0,1,0,0,0,1,0,0,0,4,-1,0
/Users/kaiohs/Downloads/codes/lab02-experimentacao-software/data/repos/apache__groovy/src/main/java/org/codehaus/groovy/classgen/Verifier.java,org.codehaus.groovy.classgen.Verifier$Anonymous14,anonymous,5,5,0,5,5,1,0,14,0,0.0,NaN,NaN,1,0,1,0,0,0,1,0,0,0,0,0,0,0,0,0,0,0,6,20,0,1,0,0,0,0,6,8,1,6,2,0,0,0,18,-1,0
/Users/kaiohs/Downloads/codes/lab02-experimentacao-software/data/repos/apache__groovy/subprojects/groovy-contracts/src/main/java/org/apache/groovy/contracts/ast/visitor/DomainModelInjectionVisitor.java,org.apache.groovy.contracts.ast.visitor.DomainModelInjectionVisitor,class,16,18,2,16,13,3,0,21,0,0.4,0.0,0.0,5,0,5,0,0,0,5,0,0,0,2,0,0,2,0,0,2,0,5,38,3,2,0,0,0,0,0,8,0,8,1,0,0,0,36,1,0
/Users/kaiohs/Downloads/codes/lab02-experimentacao-software/data/repos/apache__groovy/subprojects/groovy-xml/src/main/java/groovy/xml/slurpersupport/NodeIterator.java,groovy.xml.slurpersupport.NodeIterator,class,1,7,6,1,8,1,0,2,0,0.44444445,0.0,0.0,6,0,4,1,1,0,5,1,0,0,3,1,0,3,0,0,2,0,0,29,2,0,2,1,0,0,0,5,0,3,1,0,0,0,26,1025,0
/Users/kaiohs/Downloads/codes/lab02-experimentacao-software/data/repos/apache__groovy/benchmark/bench/harmonic.java,harmonic,class,0,0,0,0,3,1,0,3,0,0.0,NaN,NaN,1,1,1,0,0,0,1,0,0,0,1,1,0,0,0,1,1,0,1,10,0,1,0,0,0,1,6,6,1,4,1,0,0,0,11,1,0
/Users/kaiohs/Downloads/codes/lab02-experimentacao-software/data/repos/apache__groovy/subprojects/groovy-test/src/main/java/groovy/test/GroovyTestCase.java,groovy.test.GroovyTestCase,class,6,9,3,6,37,2,2,30,253,0.9673913,0.0,0.0,23,4,7,0,16,0,23,0,0,0,4,3,1,2,1,0,2,0,18,118,16,5,5,0,3,29,7,13,9,13,2,0,0,0,134,1,0
/Users/kaiohs/Downloads/codes/lab02-experimentacao-software/data/repos/apache__groovy/src/main/java/groovy/lang/MetaClassImpl.java,groovy.lang.MetaClassImpl$Anonymous10,anonymous,2,2,0,2,2,1,0,3,0,0.0,NaN,NaN,1,0,1,0,0,0,1,0,0,0,0,0,0,0,0,0,0,0,0,10,2,0,0,1,0,0,0,0,0,0,1,0,0,0,9,-1,0
/Users/kaiohs/Downloads/codes/lab02-experimentacao-software/data/repos/apache__groovy/src/test/groovy/gls/annotations/CascadeType.java,gls.annotations.CascadeType,enum,0,0,0,0,0,1,0,0,0,0.0,-1.0,-1.0,0,0,0,0,0,0,0,0,0,0,0,0,0,0,0,0,0,0,0,1,0,0,0,0,0,0,0,0,0,0,0,0,0,0,10,1,0
/Users/kaiohs/Downloads/codes/lab02-experimentacao-software/data/repos/apache__groovy/src/test/groovy/groovy/lang/LongObjectRangeTest.java,groovy.lang.LongObjectRangeTest,class,3,3,0,3,4,3,0,7,6,0.0,0.0,0.0,4,0,1,0,3,0,4,0,0,0,0,0,0,0,0,0,0,0,6,15,2,0,0,0,0,2,2,0,1,0,0,0,0,0,27,1,0
/Users/kaiohs/Downloads/codes/lab02-experimentacao-software/data/repos/apache__groovy/src/main/java/groovy/util/OrderBy.java,groovy.util.OrderBy,class,3,4,1,3,16,1,0,4,1,0.7,0.0,0.0,10,0,10,0,0,0,10,0,0,0,4,1,0,4,0,0,3,0,0,51,3,1,1,0,1,0,5,9,0,7,2,0,0,0,44,1,0
/Users/kaiohs/Downloads/codes/lab02-experimentacao-software/data/repos/apache__groovy/src/main/java/groovy/lang/IncorrectClosureArgumentsException.java,groovy.lang.IncorrectClosureArgumentsException,class,2,2,0,2,4,5,0,1,0,0.625,0.0,0.0,4,0,4,0,0,0,4,0,0,0,4,1,0,4,0,0,4,0,0,21,3,0,0,0,0,3,1,4,1,4,0,0,0,0,34,1,0
/Users/kaiohs/Downloads/codes/lab02-experimentacao-software/data/repos/apache__groovy/src/main/java/org/codehaus/groovy/classgen/asm/sc/StaticTypesUnaryExpressionHelper.java,org.codehaus.groovy.classgen.asm.sc.StaticTypesUnaryExpressionHelper,class,12,13,1,12,39,2,0,34,10,0.8,0.0,0.0,5,0,5,0,0,0,5,0,0,0,3,3,0,3,0,0,3,0,20,104,0,0,0,0,0,0,4,10,0,13,4,0,0,3,75,1,0
/Users/kaiohs/Downloads/codes/lab02-experimentacao-software/data/repos/apache__groovy/src/test/groovy/groovy/lang/MetaClassTest.java,groovy.lang.MetaClassTest$1Pojo,innerclass,2,2,0,2,2,1,0,1,0,0.0,NaN,NaN,1,1,1,0,0,0,1,0,0,0,0,0,0,0,0,0,0,0,0,6,1,0,0,0,0,3,0,0,0,0,1,0,0,0,6,0,0
/Users/kaiohs/Downloads/codes/lab02-experimentacao-software/data/repos/apache__groovy/src/main/java/groovy/time/Duration.java,groovy.time.Duration$Anonymous1,anonymous,1,1,0,1,1,1,0,5,0,0.0,NaN,NaN,1,0,1,0,0,0,1,0,0,0,0,0,0,0,0,0,0,0,1,11,1,0,0,0,0,0,4,1,0,1,0,0,0,0,5,-1,0
/Users/kaiohs/Downloads/codes/lab02-experimentacao-software/data/repos/apache__groovy/src/main/java/org/apache/groovy/plugin/DefaultRunners.java,org.apache.groovy.plugin.DefaultRunners,class,4,5,1,4,4,1,0,0,6,0.75,0.0,0.0,4,3,0,1,0,3,3,0,0,0,3,3,0,3,0,0,3,0,0,102,3,0,0,0,0,0,0,3,0,3,0,0,3,0,37,16,0
/Users/kaiohs/Downloads/codes/lab02-experimentacao-software/data/repos/apache__groovy/src/main/java/org/codehaus/groovy/transform/BaseScriptASTTransformation.java,org.codehaus.groovy.transform.BaseScriptASTTransformation,class,20,21,1,20,26,2,0,40,3,0.72222227,NaN,NaN,6,1,1,5,0,0,1,0,0,0,3,3,1,2,0,0,3,0,4,92,9,1,6,0,3,22,3,17,8,16,2,0,0,0,81,1,0
/Users/kaiohs/Downloads/codes/lab02-experimentacao-software/data/repos/apache__groovy/subprojects/groovy-xml/src/main/java/groovy/xml/streamingmarkupsupport/BaseMarkupBuilder.java,groovy.xml.streamingmarkupsupport.BaseMarkupBuilder$Document$OutputSink,innerclass,3,3,0,3,4,2,0,2,4,0.5,0.0,0.0,4,0,2,0,1,1,4,1,0,0,1,0,0,1,0,0,1,0,0,16,2,0,0,0,0,1,0,2,0,1,0,0,0,0,13,1026,0
/Users/kaiohs/Downloads/codes/lab02-experimentacao-software/data/repos/apache__groovy/subprojects/groovy-groovydoc/src/main/java/org/codehaus/groovy/groovydoc/GroovyClassDoc.java,org.codehaus.groovy.groovydoc.GroovyClassDoc,interface,7,36,29,7,26,1,0,0,325,0.0,0.0,0.0,26,0,0,0,0,26,26,0,0,0,0,0,0,0,0,0,0,0,0,28,0,0,0,0,0,0,0,0,0,0,0,0,0,0,41,1,0
/Users/kaiohs/Downloads/codes/lab02-experimentacao-software/data/repos/apache__groovy/src/test/groovy/groovy/lang/BigDecimalNumberRangeTest.java,groovy.lang.BigDecimalNumberRangeTest,class,3,3,0,3,2,3,0,0,1,0.0,0.0,0.0,2,0,0,0,2,0,2,0,0,0,0,0,0,0,0,0,0,0,0,8,2,0,0,0,0,0,0,0,0,0,0,0,0,0,15,1,0
/Users/kaiohs/Downloads/codes/lab02-experimentacao-software/data/repos/apache__groovy/src/main/java/groovy/transform/stc/FirstParam.java,groovy.transform.stc.FirstParam$Component,innerclass,6,6,0,6,1,5,0,2,0,0.0,NaN,NaN,1,0,1,0,0,0,1,0,0,0,0,0,0,0,0,0,0,0,0,7,1,0,0,0,0,0,2,2,0,1,0,0,0,0,45,9,0
/Users/kaiohs/Downloads/codes/lab02-experimentacao-software/data/repos/apache__groovy/src/test/groovy/gls/ch06/s05/testClasses/Tt1.java,gls.ch06.s05.testClasses.Tt1,class,0,2,2,0,3,1,1,0,1,0.5,0.0,0.0,3,0,3,0,0,0,3,0,0,0,2,0,1,1,0,0,0,0,0,13,2,0,0,0,0,3,0,3,0,2,0,0,0,0,6,1,0
/Users/kaiohs/Downloads/codes/lab02-experimentacao-software/data/repos/apache__groovy/src/main/java/org/codehaus/groovy/transform/stc/StaticTypeCheckingSupport.java,org.codehaus.groovy.transform.stc.StaticTypeCheckingSupport$IntArrayStaticTypesHelper,innerclass,1,1,0,1,4,1,0,2,3,0.0,0.0,0.0,3,3,3,0,0,0,3,0,0,0,0,0,0,0,0,0,0,0,0,11,2,0,1,0,0,1,0,0,0,0,0,0,0,0,14,9,0
/Users/kaiohs/Downloads/codes/lab02-experimentacao-software/data/repos/apache__groovy/subprojects/groovy-groovydoc/src/test/groovy/org/codehaus/groovy/tools/groovydoc/testfiles/alias/lib/Foo.java,org.codehaus.groovy.tools.groovydoc.testfiles.alias.lib.Foo,class,0,0,0,0,0,1,0,0,0,0.0,-1.0,-1.0,0,0,0,0,0,0,0,0,0,0,0,0,0,0,0,0,0,0,0,2,0,0,0,0,0,0,0,0,0,0,0,0,0,0,11,1,0
/Users/kaiohs/Downloads/codes/lab02-experimentacao-software/data/repos/apache__groovy/subprojects/groovy-swing/src/main/groovy/groovy/swing/binding/JSliderProperties.java,groovy.swing.binding.JSliderProperties,class,3,3,0,3,1,1,0,2,0,0.0,NaN,NaN,1,1,1,0,0,0,1,0,0,0,0,0,0,0,0,0,0,0,0,7,1,0,0,0,0,1,0,1,1,3,0,0,0,1,10,1,0
/Users/kaiohs/Downloads/codes/lab02-experimentacao-software/data/repos/apache__groovy/src/test/groovy/groovy/lang/SequenceTest.java,groovy.lang.SequenceTest,class,3,3,0,3,34,2,0,29,325,0.0,0.0,0.0,26,0,26,0,0,0,26,0,0,0,0,0,0,0,0,0,0,0,9,225,0,0,3,5,0,82,51,48,2,47,1,0,0,0,83,1,0
/Users/kaiohs/Downloads/codes/lab02-experimentacao-software/data/repos/apache__groovy/src/test/groovy/org/codehaus/groovy/benchmarks/vm5/spectralnorm.java,org.codehaus.groovy.benchmarks.vm5.spectralnorm,class,2,3,1,2,15,1,0,10,15,0.8333333,NaN,NaN,6,1,1,5,0,0,1,0,5,0,1,1,0,1,0,0,1,0,4,46,2,8,0,0,4,2,22,25,14,16,2,0,0,0,21,1,0
/Users/kaiohs/Downloads/codes/lab02-experimentacao-software/data/repos/apache__groovy/benchmark/bench/magicsquares.java,magicsquares$PQNode,innerclass,3,3,0,3,51,1,0,20,0,0.5909091,0.0,0.0,11,0,11,0,0,0,11,0,0,0,4,0,1,2,0,1,0,0,0,140,14,15,14,0,7,0,36,55,30,39,4,0,0,0,67,9,0
/Users/kaiohs/Downloads/codes/lab02-experimentacao-software/data/repos/apache__groovy/src/main/java/org/apache/groovy/util/concurrent/concurrentlinkedhashmap/ConcurrentLinkedHashMap.java,org.apache.groovy.util.concurrent.concurrentlinkedhashmap.ConcurrentLinkedHashMap$KeyIterator,innerclass,2,2,0,2,4,1,0,6,0,0.33333334,0.0,0.0,3,0,3,0,0,0,3,0,0,0,2,0,0,0,0,2,1,0,1,16,2,0,1,0,0,0,0,3,0,2,0,0,0,0,19,16,0
/Users/kaiohs/Downloads/codes/lab02-experimentacao-software/data/repos/apache__groovy/src/main/java/org/codehaus/groovy/runtime/ProcessGroovyMethods.java,org.codehaus.groovy.runtime.ProcessGroovyMethods$ProcessRunner,innerclass,1,1,0,1,8,1,0,7,0,0.375,0.0,0.0,4,0,3,1,0,0,3,0,0,1,2,0,0,1,0,1,0,0,2,36,0,0,0,2,0,0,0,2,0,2,2,0,0,0,39,12,0
/Users/kaiohs/Downloads/codes/lab02-experimentacao-software/data/repos/apache__groovy/src/test/groovy/org/codehaus/groovy/classgen/MainTest.java,org.codehaus.groovy.classgen.MainTest,class,2,2,0,2,1,1,0,1,0,0.0,NaN,NaN,1,0,0,0,0,1,1,0,0,0,0,0,0,0,0,0,0,0,0,6,0,0,0,0,0,4,0,1,0,1,0,0,0,0,10,16,0
/Users/kaiohs/Downloads/codes/lab02-experimentacao-software/data/repos/apache__groovy/src/main/java/org/codehaus/groovy/transform/sc/transformers/CompareToNullExpression.java,org.codehaus.groovy.transform.sc.transformers.CompareToNullExpression,class,13,15,2,13,12,2,0,19,15,0.5714286,0.0,0.0,7,0,7,0,0,0,7,0,0,0,1,0,0,1,0,0,1,0,2,50,3,0,0,0,2,2,2,6,0,6,1,0,0,0,48,1,0
/Users/kaiohs/Downloads/codes/lab02-experimentacao-software/data/repos/apache__groovy/src/main/java/org/codehaus/groovy/reflection/stdclasses/ArrayCachedClass.java,org.codehaus.groovy.reflection.stdclasses.ArrayCachedClass,class,4,6,2,4,13,2,0,13,3,0.0,0.0,0.0,3,1,2,1,0,0,2,0,0,0,0,0,0,0,0,0,0,0,3,37,4,2,5,0,0,0,3,13,0,9,2,0,0,0,38,1,0
/Users/kaiohs/Downloads/codes/lab02-experimentacao-software/data/repos/apache__groovy/src/main/java/org/codehaus/groovy/runtime/dgmimpl/arrays/DoubleArrayPutAtMetaMethod.java,org.codehaus.groovy.runtime.dgmimpl.arrays.DoubleArrayPutAtMetaMethod,class,12,13,1,12,9,10,0,6,3,0.6666667,0.0,0.0,3,0,3,0,0,0,3,0,1,0,1,1,0,1,0,0,1,0,4,51,4,0,0,0,4,0,5,8,0,5,2,0,1,0,40,1,0
/Users/kaiohs/Downloads/codes/lab02-experimentacao-software/data/repos/apache__groovy/src/main/java/org/codehaus/groovy/runtime/dgmimpl/NumberNumberMinus.java,org.codehaus.groovy.runtime.dgmimpl.NumberNumberMinus$IntegerFloat,innerclass,5,5,0,5,4,7,0,4,1,0.0,0.0,0.0,2,0,2,0,0,0,2,0,1,0,0,0,0,0,0,0,0,0,0,15,2,0,0,1,2,0,1,0,1,0,2,0,0,0,19,10,0
/Users/kaiohs/Downloads/codes/lab02-experimentacao-software/data/repos/apache__groovy/subprojects/groovy-templates/src/main/groovy/groovy/text/TemplateEngine.java,groovy.text.TemplateEngine,class,4,13,9,4,6,1,5,5,15,0.0,0.0,0.0,6,0,6,0,0,0,6,1,0,0,0,0,0,0,0,0,0,0,1,27,5,0,0,4,0,2,0,5,0,5,1,0,0,0,65,1025,0
/Users/kaiohs/Downloads/codes/lab02-experimentacao-software/data/repos/apache__groovy/subprojects/groovy-contracts/src/main/java/org/apache/groovy/contracts/classgen/asm/ContractClosureWriter.java,org.apache.groovy.contracts.classgen.asm.ContractClosureWriter,class,11,13,2,11,16,1,0,40,10,0.8,NaN,NaN,5,0,1,4,0,0,1,0,0,0,1,0,0,1,0,0,0,0,1,97,3,3,2,0,0,20,3,24,3,20,1,1,0,1,93,1,0
/Users/kaiohs/Downloads/codes/lab02-experimentacao-software/data/repos/apache__groovy/src/main/java/org/codehaus/groovy/transform/SealedCompletionASTTransformation.java,org.codehaus.groovy.transform.SealedCompletionASTTransformation,class,12,13,1,12,12,2,0,21,0,0.25,NaN,NaN,2,0,1,1,0,0,1,0,0,0,2,2,0,2,0,0,2,0,2,34,2,3,1,0,0,1,3,8,0,8,3,0,0,0,46,1,0
/Users/kaiohs/Downloads/codes/lab02-experimentacao-software/data/repos/apache__groovy/src/main/java/org/codehaus/groovy/runtime/GeneratedClosure.java,org.codehaus.groovy.runtime.GeneratedClosure,interface,1,10,9,1,0,1,0,0,0,0.0,-1.0,-1.0,0,0,0,0,0,0,0,0,0,0,0,0,0,0,0,0,0,0,0,2,0,0,0,0,0,0,0,0,0,0,0,0,0,0,14,1,0
/Users/kaiohs/Downloads/codes/lab02-experimentacao-software/data/repos/apache__groovy/src/main/java/org/codehaus/groovy/transform/sc/transformers/BinaryExpressionTransformer.java,org.codehaus.groovy.transform.sc.transformers.BinaryExpressionTransformer,class,30,32,2,30,107,1,0,108,97,0.8684211,0.0,0.0,19,5,2,17,0,0,2,0,0,0,6,4,0,6,0,0,5,0,41,322,48,4,20,0,16,15,12,88,2,77,3,0,0,1,141,1,0
/Users/kaiohs/Downloads/codes/lab02-experimentacao-software/data/repos/apache__groovy/subprojects/groovy-contracts/src/main/java/org/apache/groovy/contracts/generation/AssertStatementCreationUtility.java,org.apache.groovy.contracts.generation.AssertStatementCreationUtility$AddAssertionCallStatementToReturnStatementVisitor,innerclass,6,6,0,6,5,2,0,9,0,0.0,0.0,0.0,3,0,2,0,1,0,3,0,0,0,2,0,0,2,0,0,2,0,0,27,2,1,1,0,0,1,0,5,0,5,2,0,0,0,42,9,0
/Users/kaiohs/Downloads/codes/lab02-experimentacao-software/data/repos/apache__groovy/src/main/java/org/codehaus/groovy/ast/expr/RangeExpression.java,org.codehaus.groovy.ast.expr.RangeExpression,class,4,7,3,4,12,3,0,11,31,0.75,0.0,0.0,10,0,10,0,0,0,10,0,0,0,4,0,0,4,0,0,4,0,0,43,7,0,0,0,2,7,0,5,1,5,0,0,0,0,35,1,0
/Users/kaiohs/Downloads/codes/lab02-experimentacao-software/data/repos/apache__groovy/src/main/java/org/codehaus/groovy/syntax/ParserException.java,org.codehaus.groovy.syntax.ParserException,class,2,2,0,2,3,4,0,0,3,1.0,0.0,0.0,3,0,3,0,0,0,3,0,0,0,1,1,0,1,0,0,1,0,0,12,0,0,0,0,0,0,1,1,0,1,0,0,0,0,16,1,0
/Users/kaiohs/Downloads/codes/lab02-experimentacao-software/data/repos/apache__groovy/src/main/java/org/codehaus/groovy/ast/expr/NamedArgumentListExpression.java,org.codehaus.groovy.ast.expr.NamedArgumentListExpression,class,5,6,1,5,3,4,0,4,3,0.0,0.0,0.0,3,0,3,0,0,0,3,0,0,0,0,0,0,0,0,0,0,0,0,13,1,0,0,0,0,0,0,1,0,1,0,0,0,0,25,1,0
/Users/kaiohs/Downloads/codes/lab02-experimentacao-software/data/repos/apache__groovy/subprojects/groovy-sql/src/main/java/groovy/sql/Sql.java,groovy.sql.Sql$Anonymous9,anonymous,0,0,0,0,1,1,0,0,0,0.0,NaN,NaN,1,0,1,0,0,0,1,0,0,0,0,0,0,0,0,0,0,0,0,5,1,0,0,0,0,0,0,0,0,0,0,0,0,0,2,-1,0
/Users/kaiohs/Downloads/codes/lab02-experimentacao-software/data/repos/apache__groovy/subprojects/groovy-contracts/src/main/java/org/apache/groovy/contracts/common/impl/lc/PreconditionLifecycle.java,org.apache.groovy.contracts.common.impl.lc.PreconditionLifecycle,class,9,10,1,9,6,2,0,8,3,0.0,0.0,0.0,3,0,2,1,0,0,2,0,0,0,0,0,0,0,0,0,0,0,1,15,3,0,0,0,0,0,0,1,0,1,1,0,0,0,20,1,0
/Users/kaiohs/Downloads/codes/lab02-experimentacao-software/data/repos/apache__groovy/subprojects/groovy-sql/src/main/java/groovy/sql/Sql.java,groovy.sql.Sql$Anonymous7,anonymous,0,0,0,0,1,1,0,0,0,0.0,NaN,NaN,1,0,1,0,0,0,1,0,0,0,0,0,0,0,0,0,0,0,0,5,1,0,0,0,0,0,0,0,0,0,0,0,0,0,2,-1,0
/Users/kaiohs/Downloads/codes/lab02-experimentacao-software/data/repos/apache__groovy/subprojects/groovy-sql/src/main/java/groovy/sql/Sql.java,groovy.sql.Sql$Anonymous8,anonymous,0,0,0,0,1,1,0,0,0,0.0,NaN,NaN,1,0,1,0,0,0,1,0,0,0,0,0,0,0,0,0,0,0,0,5,1,0,0,0,0,0,0,0,0,0,0,0,0,0,2,-1,0
/Users/kaiohs/Downloads/codes/lab02-experimentacao-software/data/repos/apache__groovy/src/main/java/org/codehaus/groovy/runtime/dgmimpl/NumberNumberPlus.java,org.codehaus.groovy.runtime.dgmimpl.NumberNumberPlus$IntegerDouble,innerclass,5,5,0,5,4,7,0,3,1,0.0,0.0,0.0,2,0,2,0,0,0,2,0,1,0,0,0,0,0,0,0,0,0,0,15,2,0,0,1,1,0,1,0,1,0,2,0,0,0,19,10,0
/Users/kaiohs/Downloads/codes/lab02-experimentacao-software/data/repos/apache__groovy/src/main/java/org/codehaus/groovy/util/ReferenceType.java,org.codehaus.groovy.util.ReferenceType$Anonymous4,anonymous,4,4,0,4,1,1,0,0,0,0.0,NaN,NaN,1,0,0,0,1,0,1,0,0,0,0,0,0,0,0,0,0,0,0,5,1,0,0,0,0,0,0,0,0,0,0,0,0,0,9,-1,0
/Users/kaiohs/Downloads/codes/lab02-experimentacao-software/data/repos/apache__groovy/src/main/java/org/apache/groovy/internal/util/ReevaluatingReference.java,org.apache.groovy.internal.util.ReevaluatingReference,class,7,10,3,7,6,1,0,11,0,0.4,0.0,0.0,3,0,2,1,0,0,3,0,0,0,5,1,0,5,0,0,4,0,4,38,2,0,0,2,0,1,0,10,0,9,1,0,0,0,55,1,0
/Users/kaiohs/Downloads/codes/lab02-experimentacao-software/data/repos/apache__groovy/benchmark/bench/threadring.java,threadring$MessageThread,innerclass,2,2,0,2,6,2,0,4,0,0.5,0.0,0.0,4,0,2,0,0,2,4,0,0,0,3,0,0,0,0,3,0,0,1,24,2,0,2,0,0,1,3,4,2,3,1,0,0,0,13,8,0
/Users/kaiohs/Downloads/codes/lab02-experimentacao-software/data/repos/apache__groovy/subprojects/groovy-contracts/src/main/java/org/apache/groovy/contracts/util/LifecycleImplementationLoader.java,org.apache.groovy.contracts.util.LifecycleImplementationLoader,class,3,8,5,3,25,1,0,23,0,0.6888889,0.0,0.0,9,4,3,6,0,0,3,0,0,0,5,1,0,5,0,0,4,0,10,146,5,2,5,2,4,10,10,21,6,14,3,1,1,0,71,17,0
/Users/kaiohs/Downloads/codes/lab02-experimentacao-software/data/repos/apache__groovy/src/main/java/org/codehaus/groovy/util/ReferenceType.java,org.codehaus.groovy.util.ReferenceType$Anonymous2,anonymous,4,4,0,4,1,1,0,0,0,0.0,NaN,NaN,1,0,0,0,1,0,1,0,0,0,0,0,0,0,0,0,0,0,0,5,1,0,0,0,0,0,0,0,0,0,0,0,0,0,9,-1,0
/Users/kaiohs/Downloads/codes/lab02-experimentacao-software/data/repos/apache__groovy/src/main/java/org/codehaus/groovy/classgen/asm/OptimizingStatementWriter.java,org.codehaus.groovy.classgen.asm.OptimizingStatementWriter$OptimizeFlagsCollector,innerclass,4,4,0,4,16,1,0,10,0,0.3888889,0.0,0.0,9,0,7,2,0,0,7,0,0,0,2,0,0,2,0,0,1,0,0,65,4,2,1,0,0,4,4,20,0,9,2,0,1,0,47,10,0
/Users/kaiohs/Downloads/codes/lab02-experimentacao-software/data/repos/apache__groovy/src/main/java/org/codehaus/groovy/tools/DgmConverter.java,org.codehaus.groovy.tools.DgmConverter,class,9,10,1,9,29,1,0,50,15,0.8333333,0.0,0.0,6,6,1,4,1,0,2,0,0,0,1,1,0,1,0,0,1,0,8,161,0,3,9,1,2,39,47,35,8,29,2,0,0,0,81,1,0
/Users/kaiohs/Downloads/codes/lab02-experimentacao-software/data/repos/apache__groovy/src/main/java/org/codehaus/groovy/util/ReferenceType.java,org.codehaus.groovy.util.ReferenceType$Anonymous3,anonymous,4,4,0,4,1,1,0,0,0,0.0,NaN,NaN,1,0,0,0,1,0,1,0,0,0,0,0,0,0,0,0,0,0,0,5,1,0,0,0,0,0,0,0,0,0,0,0,0,0,9,-1,0
/Users/kaiohs/Downloads/codes/lab02-experimentacao-software/data/repos/apache__groovy/src/main/java/org/apache/groovy/parser/antlr4/AstBuilder.java,org.apache.groovy.parser.antlr4.AstBuilder,class,302,308,6,302,900,4,0,715,34714,0.9961529,0.0,0.0,264,6,176,85,0,3,179,0,0,0,64,50,0,64,0,0,60,0,384,3167,397,28,77,14,73,238,170,583,89,545,5,3,2,42,624,1,0
/Users/kaiohs/Downloads/codes/lab02-experimentacao-software/data/repos/apache__groovy/src/test/groovy/org/codehaus/groovy/runtime/m12n/TestStringExtension.java,org.codehaus.groovy.runtime.m12n.TestStringExtension,class,1,1,0,1,3,1,0,5,3,0.0,0.0,0.0,3,3,3,0,0,0,3,0,0,0,0,0,0,0,0,0,0,0,0,11,3,0,0,0,0,0,2,0,0,0,0,0,0,0,12,1,0
/Users/kaiohs/Downloads/codes/lab02-experimentacao-software/data/repos/apache__groovy/src/test/groovy/bugs/Groovy8164.java,bugs.Groovy8164$J,interface,0,0,0,0,1,1,0,0,0,0.0,NaN,NaN,1,1,0,0,0,1,1,0,0,0,0,0,0,0,0,0,0,0,0,5,1,0,0,0,0,1,0,0,0,0,0,0,0,0,2,1,0
/Users/kaiohs/Downloads/codes/lab02-experimentacao-software/data/repos/apache__groovy/src/main/java/org/codehaus/groovy/runtime/metaclass/ConcurrentReaderHashMap.java,org.codehaus.groovy.runtime.metaclass.ConcurrentReaderHashMap$Entry,innerclass,1,1,0,1,9,1,0,4,0,0.5357143,0.0,0.0,7,0,6,0,0,1,7,0,0,0,4,0,0,0,4,0,3,0,0,34,7,0,1,0,2,1,0,6,1,5,1,0,0,0,100,12,0
/Users/kaiohs/Downloads/codes/lab02-experimentacao-software/data/repos/apache__groovy/src/main/java/org/codehaus/groovy/ast/expr/ArrayExpression.java,org.codehaus.groovy.ast.expr.ArrayExpression,class,5,10,5,5,37,3,0,27,44,0.6458333,0.0,0.0,16,1,13,3,0,0,13,0,0,0,3,0,0,3,0,0,3,0,4,102,15,4,8,0,4,22,1,13,8,12,3,0,0,2,82,1,0
/Users/kaiohs/Downloads/codes/lab02-experimentacao-software/data/repos/apache__groovy/src/main/java/org/codehaus/groovy/transform/CategoryASTTransformation.java,org.codehaus.groovy.transform.CategoryASTTransformation,class,17,18,1,17,21,1,0,27,6,0.0,NaN,NaN,4,2,1,3,0,0,1,0,0,0,0,0,0,0,0,0,0,0,4,161,1,5,2,0,5,10,16,15,3,11,2,1,0,0,96,1,0
/Users/kaiohs/Downloads/codes/lab02-experimentacao-software/data/repos/apache__groovy/src/test/groovy/bugs/Groovy8164.java,bugs.Groovy8164$I,interface,0,0,0,0,1,1,0,0,0,0.0,NaN,NaN,1,1,0,0,0,1,1,0,0,0,0,0,0,0,0,0,0,0,0,5,1,0,0,0,0,1,0,0,0,0,0,0,0,0,2,1,0
/Users/kaiohs/Downloads/codes/lab02-experimentacao-software/data/repos/apache__groovy/src/main/java/org/codehaus/groovy/ast/MethodInvocationTrap.java,org.codehaus.groovy.ast.MethodInvocationTrap,class,10,11,1,10,11,2,0,15,11,0.6666667,0.0,0.0,6,0,2,0,4,0,6,2,0,0,2,0,0,0,2,0,2,0,1,35,2,0,2,1,0,2,0,4,1,3,1,0,0,0,70,1025,0
/Users/kaiohs/Downloads/codes/lab02-experimentacao-software/data/repos/apache__groovy/src/main/java/org/codehaus/groovy/control/CompilationUnit.java,org.codehaus.groovy.control.CompilationUnit$ClassgenCallback,interface,2,2,0,2,1,1,0,0,0,0.0,NaN,NaN,1,0,0,0,0,1,1,0,0,0,0,0,0,0,0,0,0,0,0,3,0,0,0,0,0,0,0,0,0,0,0,0,0,0,40,1,0
/Users/kaiohs/Downloads/codes/lab02-experimentacao-software/data/repos/apache__groovy/src/test/groovy/groovy/transform/stc/Groovy7907HelperPrecompiledJava.java,groovy.transform.stc.Groovy7907HelperPrecompiledJava,class,1,1,0,1,1,1,0,0,0,0.0,NaN,NaN,1,0,1,0,0,0,1,0,0,0,0,0,0,0,0,0,0,0,0,5,1,0,0,0,0,0,0,0,0,0,0,0,0,0,8,1,0
/Users/kaiohs/Downloads/codes/lab02-experimentacao-software/data/repos/apache__groovy/src/main/java/org/codehaus/groovy/ast/stmt/CatchStatement.java,org.codehaus.groovy.ast.stmt.CatchStatement,class,5,11,6,5,6,3,0,2,3,0.5,0.0,0.0,6,0,6,0,0,0,6,0,0,0,2,0,0,2,0,0,0,0,0,23,3,0,0,0,0,0,0,3,0,2,0,0,0,0,21,1,0
/Users/kaiohs/Downloads/codes/lab02-experimentacao-software/data/repos/apache__groovy/src/main/java/org/apache/groovy/util/concurrent/concurrentlinkedhashmap/ConcurrentLinkedHashMap.java,org.apache.groovy.util.concurrent.concurrentlinkedhashmap.ConcurrentLinkedHashMap$DrainStatus,enum,0,0,0,0,1,1,0,0,0,0.0,NaN,NaN,1,0,0,0,0,1,1,1,0,0,0,0,0,0,0,0,0,0,0,21,0,0,0,0,0,0,0,0,0,0,0,3,0,0,43,0,0
/Users/kaiohs/Downloads/codes/lab02-experimentacao-software/data/repos/apache__groovy/src/main/java/org/codehaus/groovy/runtime/MetaClassHelper.java,org.codehaus.groovy.runtime.MetaClassHelper,class,24,37,13,24,275,1,0,89,853,0.9718615,0.0,0.0,42,42,29,9,4,0,33,0,0,0,8,8,4,4,0,0,8,0,63,670,94,34,147,1,10,16,507,214,22,125,5,0,0,0,295,1,0
/Users/kaiohs/Downloads/codes/lab02-experimentacao-software/data/repos/apache__groovy/src/test/groovy/groovy/lang/ScriptTest.java,groovy.lang.ScriptTest$Dummy,innerclass,0,0,0,0,1,1,0,0,0,0.0,NaN,NaN,1,0,1,0,0,0,1,0,0,0,0,0,0,0,0,0,0,0,0,5,1,0,0,0,0,0,1,0,0,0,0,0,0,0,3,9,0
/Users/kaiohs/Downloads/codes/lab02-experimentacao-software/data/repos/apache__groovy/benchmark/bench/sumcol.java,sumcol,class,0,0,0,0,3,1,0,5,0,0.0,NaN,NaN,1,1,1,0,0,0,1,0,0,0,0,0,0,0,0,0,0,0,2,17,1,1,1,1,1,0,1,4,1,3,2,0,0,0,15,1,0
/Users/kaiohs/Downloads/codes/lab02-experimentacao-software/data/repos/apache__groovy/subprojects/groovy-sql/src/main/java/groovy/sql/SqlWhereVisitor.java,groovy.sql.SqlWhereVisitor,class,11,13,2,11,11,2,0,14,24,0.7222222,0.0,0.0,9,0,8,0,1,0,9,0,0,0,2,0,0,2,0,0,2,0,0,42,3,0,0,0,1,7,0,6,1,6,1,0,0,0,41,1,0
/Users/kaiohs/Downloads/codes/lab02-experimentacao-software/data/repos/apache__groovy/src/main/java/org/codehaus/groovy/reflection/stdclasses/BigDecimalCachedClass.java,org.codehaus.groovy.reflection.stdclasses.BigDecimalCachedClass,class,2,3,1,2,4,4,0,1,3,0.0,0.0,0.0,3,0,3,0,0,0,3,0,0,0,0,0,0,0,0,0,0,0,0,14,3,0,0,0,0,0,0,0,0,0,1,0,0,0,15,1,0
/Users/kaiohs/Downloads/codes/lab02-experimentacao-software/data/repos/apache__groovy/subprojects/groovy-macro/src/main/groovy/org/codehaus/groovy/macro/matcher/NodeComparator.java,org.codehaus.groovy.macro.matcher.NodeComparator,interface,1,1,0,1,1,1,0,0,0,0.0,NaN,NaN,1,0,0,0,0,1,1,0,0,0,0,0,0,0,0,0,0,0,0,3,0,0,0,0,0,0,0,0,0,0,0,0,0,0,7,1,0
/Users/kaiohs/Downloads/codes/lab02-experimentacao-software/data/repos/apache__groovy/subprojects/groovy-test/src/main/java/org/apache/groovy/test/transform/NotYetImplementedASTTransformation.java,org.apache.groovy.test.transform.NotYetImplementedASTTransformation,class,13,13,0,13,9,2,0,21,0,0.0,NaN,NaN,1,0,1,0,0,0,1,0,0,0,0,0,0,0,0,0,0,0,0,35,0,0,3,0,0,7,2,14,1,9,3,0,0,0,59,1,0
/Users/kaiohs/Downloads/codes/lab02-experimentacao-software/data/repos/apache__groovy/src/main/java/org/codehaus/groovy/tools/shell/IO.java,org.codehaus.groovy.tools.shell.IO,class,3,5,2,3,24,1,0,8,41,0.8068182,0.0,0.0,11,0,10,0,1,0,11,0,0,0,8,1,7,1,0,0,8,0,2,109,7,0,10,2,0,1,0,17,0,11,1,0,1,0,79,1,0
/Users/kaiohs/Downloads/codes/lab02-experimentacao-software/data/repos/apache__groovy/src/main/java/org/codehaus/groovy/tools/javac/JavaStubGenerator.java,org.codehaus.groovy.tools.javac.JavaStubGenerator$Anonymous2,anonymous,4,4,0,4,9,1,0,11,1,0.0,0.0,0.0,2,0,2,0,0,0,2,0,0,0,0,0,0,0,0,0,0,0,0,18,0,0,3,0,0,3,3,4,0,1,2,0,0,0,11,-1,0
/Users/kaiohs/Downloads/codes/lab02-experimentacao-software/data/repos/apache__groovy/src/main/java/org/codehaus/groovy/tools/javac/JavaStubGenerator.java,org.codehaus.groovy.tools.javac.JavaStubGenerator$Anonymous1,anonymous,15,15,0,15,26,1,0,31,91,0.0,0.0,0.0,14,0,4,1,9,0,13,0,0,0,0,0,0,0,0,0,0,0,3,74,3,4,2,0,2,0,2,13,0,10,2,0,0,0,62,-1,0
/Users/kaiohs/Downloads/codes/lab02-experimentacao-software/data/repos/apache__groovy/src/main/java/org/codehaus/groovy/tools/gse/DependencyTracker.java,org.codehaus.groovy.tools.gse.DependencyTracker,class,16,17,1,16,22,3,0,28,91,0.8333334,0.0,0.0,15,0,12,2,1,0,13,0,0,0,4,0,0,4,0,0,3,0,0,80,4,3,2,0,0,0,0,7,0,6,1,0,0,0,48,1,0
/Users/kaiohs/Downloads/codes/lab02-experimentacao-software/data/repos/apache__groovy/subprojects/groovy-contracts/src/main/java/org/apache/groovy/contracts/generation/BaseGenerator.java,org.apache.groovy.contracts.generation.BaseGenerator,class,17,22,5,17,18,1,3,40,15,0.8333333,0.0,0.0,6,2,2,0,4,0,6,0,0,0,3,2,2,0,1,0,3,0,5,64,5,2,2,0,1,15,0,16,1,12,4,0,0,0,104,1025,0
/Users/kaiohs/Downloads/codes/lab02-experimentacao-software/data/repos/apache__groovy/src/main/java/org/codehaus/groovy/util/ReferenceType.java,org.codehaus.groovy.util.ReferenceType$Anonymous1,anonymous,4,4,0,4,1,1,0,0,0,0.0,NaN,NaN,1,0,0,0,1,0,1,0,0,0,0,0,0,0,0,0,0,0,0,5,1,0,0,0,0,0,0,0,0,0,0,0,0,0,9,-1,0
/Users/kaiohs/Downloads/codes/lab02-experimentacao-software/data/repos/apache__groovy/src/main/java/org/codehaus/groovy/runtime/typehandling/FloatingPointMath.java,org.codehaus.groovy.runtime.typehandling.FloatingPointMath,class,2,4,2,2,11,2,0,6,55,1.0,0.0,0.0,11,0,10,1,0,0,10,0,0,0,1,1,1,0,0,0,1,0,4,35,10,0,0,0,0,0,0,1,5,1,0,0,0,0,34,17,0
/Users/kaiohs/Downloads/codes/lab02-experimentacao-software/data/repos/apache__groovy/src/main/java/org/codehaus/groovy/ast/expr/ElvisOperatorExpression.java,org.codehaus.groovy.ast.expr.ElvisOperatorExpression,class,6,10,4,6,5,4,0,7,6,0.0,0.0,0.0,4,1,3,1,0,0,3,0,0,0,0,0,0,0,0,0,0,0,1,20,3,0,0,0,0,0,0,2,0,2,1,0,0,0,49,1,0
/Users/kaiohs/Downloads/codes/lab02-experimentacao-software/data/repos/apache__groovy/src/test/groovy/org/codehaus/groovy/classgen/RunGroovyTest.java,org.codehaus.groovy.classgen.RunGroovyTest,class,3,3,0,3,6,2,0,2,15,0.0,0.0,0.0,6,0,0,0,0,6,6,0,0,0,0,0,0,0,0,0,0,0,0,27,0,0,0,0,0,13,0,6,0,6,0,0,0,0,26,16,0
/Users/kaiohs/Downloads/codes/lab02-experimentacao-software/data/repos/apache__groovy/src/main/java/org/codehaus/groovy/control/ASTTransformationsContext.java,org.codehaus.groovy.control.ASTTransformationsContext,class,2,4,2,2,4,1,0,0,2,0.5833333,0.0,0.0,4,0,4,0,0,0,4,0,0,0,3,0,0,0,3,0,3,0,0,18,3,0,0,0,0,0,0,3,0,3,0,0,0,0,25,1,0
/Users/kaiohs/Downloads/codes/lab02-experimentacao-software/data/repos/apache__groovy/src/test/groovy/org/codehaus/groovy/runtime/typehandling/EqualityTestAbstractClass.java,org.codehaus.groovy.runtime.typehandling.EqualityTestAbstractClass,class,2,5,3,2,12,1,2,5,11,0.6666667,0.0,0.0,6,0,6,0,0,0,6,0,0,0,2,0,0,2,0,0,2,0,0,42,11,0,6,0,0,0,4,3,0,3,2,0,0,0,22,1,0
/Users/kaiohs/Downloads/codes/lab02-experimentacao-software/data/repos/apache__groovy/src/main/java/groovy/lang/GroovyCodeSource.java,groovy.lang.GroovyCodeSource,class,2,7,5,2,35,1,0,24,46,0.76470596,0.0,0.0,17,2,15,2,0,0,15,0,0,0,7,0,0,6,0,1,0,0,6,141,12,0,7,6,0,18,5,30,8,16,2,0,0,0,181,1,0
/Users/kaiohs/Downloads/codes/lab02-experimentacao-software/data/repos/apache__groovy/subprojects/groovy-contracts/src/main/java/org/apache/groovy/contracts/ast/visitor/ASTNodeMetaData.java,org.apache.groovy.contracts.ast.visitor.ASTNodeMetaData,interface,0,2,2,0,0,1,0,0,0,NaN,-1.0,-1.0,0,0,0,0,0,0,0,0,0,0,2,0,0,0,0,2,0,0,0,4,0,0,0,0,0,2,0,2,0,2,0,0,0,0,24,1,0
/Users/kaiohs/Downloads/codes/lab02-experimentacao-software/data/repos/apache__groovy/src/main/java/org/apache/groovy/util/concurrent/concurrentlinkedhashmap/Weighers.java,org.apache.groovy.util.concurrent.concurrentlinkedhashmap.Weighers$MapWeigher,enum,1,1,0,1,1,1,0,1,0,0.0,NaN,NaN,1,0,1,0,0,0,1,0,0,0,0,0,0,0,0,0,0,0,0,4,1,0,0,0,0,0,0,0,0,0,0,0,0,0,13,0,0
/Users/kaiohs/Downloads/codes/lab02-experimentacao-software/data/repos/apache__groovy/subprojects/groovy-groovysh/src/main/groovy/org/apache/groovy/groovysh/jline/GroovyEngine.java,org.apache.groovy.groovysh.jline.GroovyEngine$Helpers,innerclass,9,9,0,9,111,1,0,91,253,0.0,0.0,0.0,23,23,14,9,0,0,14,0,0,0,0,0,0,0,0,0,0,0,42,305,22,10,18,4,12,53,12,64,12,37,7,0,0,5,108,10,2
/Users/kaiohs/Downloads/codes/lab02-experimentacao-software/data/repos/apache__groovy/src/test/groovy/groovy/txn/TransactionBuilder.java,groovy.txn.TransactionBuilder,class,2,2,0,2,1,1,0,6,0,0.0,NaN,NaN,1,0,1,0,0,0,1,0,0,0,0,0,0,0,0,0,0,0,0,13,0,0,0,0,0,2,0,1,0,1,0,0,0,0,9,1,0
/Users/kaiohs/Downloads/codes/lab02-experimentacao-software/data/repos/apache__groovy/src/main/java/org/codehaus/groovy/transform/tailrec/VariableExpressionTransformer.java,org.codehaus.groovy.transform.tailrec.VariableExpressionTransformer,class,4,5,1,4,8,1,0,4,15,0.8333333,0.0,0.0,6,0,6,0,0,0,6,0,0,0,2,0,0,2,0,0,0,0,0,29,4,0,0,0,1,1,0,5,0,3,1,0,0,0,26,1,0
/Users/kaiohs/Downloads/codes/lab02-experimentacao-software/data/repos/apache__groovy/src/main/java/org/codehaus/groovy/transform/tailrec/GotoRecurHereException.java,org.codehaus.groovy.transform.tailrec.GotoRecurHereException,class,0,1,1,0,0,3,0,0,0,NaN,-1.0,-1.0,0,0,0,0,0,0,0,0,0,0,1,1,0,1,0,0,1,0,0,3,0,0,0,0,0,0,1,1,0,1,0,0,0,0,29,1,0
/Users/kaiohs/Downloads/codes/lab02-experimentacao-software/data/repos/apache__groovy/src/test/groovy/org/codehaus/groovy/tools/rootloadersync/SubclassingInJavaTest.java,org.codehaus.groovy.tools.rootloadersync.SubclassingInJavaTest,class,5,5,0,5,2,1,0,4,1,0.0,0.0,0.0,2,0,2,0,0,0,2,0,0,0,0,0,0,0,0,0,0,0,0,13,0,0,0,0,0,3,0,4,0,4,0,0,0,0,18,1,0
/Users/kaiohs/Downloads/codes/lab02-experimentacao-software/data/repos/apache__groovy/src/main/java/org/codehaus/groovy/runtime/metaclass/ClosureMetaMethod.java,org.codehaus.groovy.runtime.metaclass.ClosureMetaMethod$AnonymousMetaMethod,innerclass,5,5,0,5,7,2,0,6,11,0.6666667,0.0,0.0,7,0,7,0,0,0,7,0,0,0,3,0,0,3,0,0,3,0,1,32,6,0,0,0,0,1,0,5,0,4,0,0,0,0,25,8,0
/Users/kaiohs/Downloads/codes/lab02-experimentacao-software/data/repos/apache__groovy/src/main/java/groovy/transform/stc/SecondParam.java,groovy.transform.stc.SecondParam$FirstGenericType,innerclass,1,1,0,1,1,4,0,0,0,0.0,NaN,NaN,1,0,1,0,0,0,1,0,0,0,0,0,0,0,0,0,0,0,0,5,0,0,0,0,0,0,2,0,0,0,0,0,0,0,33,9,0
/Users/kaiohs/Downloads/codes/lab02-experimentacao-software/data/repos/apache__groovy/src/main/java/org/codehaus/groovy/vmplugin/v8/MethodHandleWrapper.java,org.codehaus.groovy.vmplugin.v8.MethodHandleWrapper$NullMethodHandleWrapper,innerclass,2,2,0,2,1,2,0,0,0,1.0,-1.0,-1.0,1,0,0,1,0,0,0,0,0,0,1,1,1,0,0,0,1,0,0,6,0,0,0,0,0,0,0,1,0,1,0,0,0,0,14,10,0
/Users/kaiohs/Downloads/codes/lab02-experimentacao-software/data/repos/apache__groovy/subprojects/groovy-console/src/main/groovy/groovy/console/ui/text/TextEditor.java,groovy.console.ui.text.TextEditor$OvertypeCaret,innerclass,0,0,0,0,5,5,0,20,1,0.0,0.0,0.0,2,0,1,0,1,0,2,0,0,1,0,0,0,0,0,0,0,0,0,31,0,0,1,1,0,1,0,9,0,5,2,0,0,0,40,10,0
/Users/kaiohs/Downloads/codes/lab02-experimentacao-software/data/repos/apache__groovy/src/main/java/org/codehaus/groovy/runtime/dgmimpl/NumberNumberPlus.java,org.codehaus.groovy.runtime.dgmimpl.NumberNumberPlus$IntegerFloat,innerclass,5,5,0,5,4,7,0,4,1,0.0,0.0,0.0,2,0,2,0,0,0,2,0,1,0,0,0,0,0,0,0,0,0,0,15,2,0,0,1,2,0,1,0,1,0,2,0,0,0,19,10,0
/Users/kaiohs/Downloads/codes/lab02-experimentacao-software/data/repos/apache__groovy/src/main/java/org/codehaus/groovy/runtime/dgmimpl/NumberNumberMultiply.java,org.codehaus.groovy.runtime.dgmimpl.NumberNumberMultiply$DoubleInteger,innerclass,5,5,0,5,4,7,0,2,1,0.0,0.0,0.0,2,0,2,0,0,0,2,0,1,0,0,0,0,0,0,0,0,0,0,15,2,0,0,1,0,0,1,0,1,0,2,0,0,0,19,10,0
/Users/kaiohs/Downloads/codes/lab02-experimentacao-software/data/repos/apache__groovy/src/main/java/groovy/time/TimeDatumDependentDuration.java,groovy.time.TimeDatumDependentDuration,class,6,10,4,6,6,3,0,7,15,0.0,0.0,0.0,6,0,6,0,0,0,6,0,0,0,0,0,0,0,0,0,0,0,0,33,5,0,0,0,0,0,0,0,24,0,0,1,0,0,23,1,0
/Users/kaiohs/Downloads/codes/lab02-experimentacao-software/data/repos/apache__groovy/src/main/java/groovy/lang/ExpandoMetaClass.java,groovy.lang.ExpandoMetaClass$Anonymous1,anonymous,5,5,0,5,7,1,0,16,1,0.0,NaN,NaN,2,0,1,1,0,0,1,0,0,0,0,0,0,0,0,0,0,0,0,34,0,0,1,1,0,0,0,7,0,6,2,0,0,0,29,-1,0
/Users/kaiohs/Downloads/codes/lab02-experimentacao-software/data/repos/apache__groovy/src/main/java/groovy/lang/MetaClassImpl.java,groovy.lang.MetaClassImpl$ReadOnlyMetaProperty,innerclass,1,1,0,1,3,2,0,1,3,0.0,0.0,0.0,3,0,2,0,0,1,3,0,0,0,0,0,0,0,0,0,0,0,0,11,1,0,0,0,0,1,0,0,1,0,0,0,0,0,17,1034,0
/Users/kaiohs/Downloads/codes/lab02-experimentacao-software/data/repos/apache__groovy/subprojects/groovy-groovydoc/src/test/groovy/org/codehaus/groovy/tools/groovydoc/testfiles/JavaStaticNestedClassWithDiamond.java,org.codehaus.groovy.tools.groovydoc.testfiles.JavaStaticNestedClassWithDiamond,class,2,4,2,2,1,2,0,0,0,0.0,NaN,NaN,1,0,0,0,0,1,1,0,0,0,1,0,1,0,0,0,0,0,0,9,0,0,0,0,0,0,0,1,0,1,0,0,1,0,8,1,0
/Users/kaiohs/Downloads/codes/lab02-experimentacao-software/data/repos/apache__groovy/subprojects/groovy-sql/src/main/java/groovy/sql/Sql.java,groovy.sql.Sql$Anonymous1,anonymous,0,0,0,0,1,1,0,0,0,0.0,NaN,NaN,1,0,1,0,0,0,1,0,0,0,0,0,0,0,0,0,0,0,0,5,1,0,0,0,0,0,0,0,0,0,0,0,0,0,2,-1,0
/Users/kaiohs/Downloads/codes/lab02-experimentacao-software/data/repos/apache__groovy/src/main/java/org/codehaus/groovy/ast/decompiled/FormalParameterParser.java,org.codehaus.groovy.ast.decompiled.FormalParameterParser,class,8,12,4,8,7,2,0,8,9,0.7083334,0.0,0.0,6,0,5,0,1,0,6,0,0,0,4,0,0,4,0,0,3,0,2,38,3,0,1,0,0,1,0,7,0,6,1,1,0,0,38,1024,0
/Users/kaiohs/Downloads/codes/lab02-experimentacao-software/data/repos/apache__groovy/subprojects/groovy-sql/src/main/java/groovy/sql/Sql.java,groovy.sql.Sql$Anonymous2,anonymous,0,0,0,0,1,1,0,0,0,0.0,NaN,NaN,1,0,1,0,0,0,1,0,0,0,0,0,0,0,0,0,0,0,0,5,1,0,0,0,0,0,0,0,0,0,0,0,0,0,2,-1,0
/Users/kaiohs/Downloads/codes/lab02-experimentacao-software/data/repos/apache__groovy/src/main/java/org/codehaus/groovy/transform/trait/TraitASTTransformation.java,org.codehaus.groovy.transform.trait.TraitASTTransformation,class,45,47,2,45,106,3,0,158,208,0.9682539,0.0,0.0,21,10,2,19,0,0,2,0,0,0,3,2,2,1,0,0,2,0,47,394,11,12,20,0,9,29,16,101,13,77,3,1,1,1,248,1,0
/Users/kaiohs/Downloads/codes/lab02-experimentacao-software/data/repos/apache__groovy/subprojects/groovy-sql/src/main/java/groovy/sql/Sql.java,groovy.sql.Sql$Anonymous5,anonymous,0,0,0,0,1,1,0,0,0,0.0,NaN,NaN,1,0,1,0,0,0,1,0,0,0,0,0,0,0,0,0,0,0,0,5,1,0,0,0,0,0,0,0,0,0,0,0,0,0,2,-1,0
/Users/kaiohs/Downloads/codes/lab02-experimentacao-software/data/repos/apache__groovy/subprojects/groovy-sql/src/main/java/groovy/sql/Sql.java,groovy.sql.Sql$Anonymous6,anonymous,0,0,0,0,1,1,0,0,0,0.0,NaN,NaN,1,0,1,0,0,0,1,0,0,0,0,0,0,0,0,0,0,0,0,5,1,0,0,0,0,0,0,0,0,0,0,0,0,0,2,-1,0
/Users/kaiohs/Downloads/codes/lab02-experimentacao-software/data/repos/apache__groovy/subprojects/groovy-sql/src/main/java/groovy/sql/Sql.java,groovy.sql.Sql$Anonymous3,anonymous,0,0,0,0,1,1,0,0,0,0.0,NaN,NaN,1,0,1,0,0,0,1,0,0,0,0,0,0,0,0,0,0,0,0,5,1,0,0,0,0,0,0,0,0,0,0,0,0,0,2,-1,0
/Users/kaiohs/Downloads/codes/lab02-experimentacao-software/data/repos/apache__groovy/subprojects/groovy-sql/src/main/java/groovy/sql/Sql.java,groovy.sql.Sql$Anonymous4,anonymous,0,0,0,0,1,1,0,0,0,0.0,NaN,NaN,1,0,1,0,0,0,1,0,0,0,0,0,0,0,0,0,0,0,0,5,1,0,0,0,0,0,0,0,0,0,0,0,0,0,2,-1,0
/Users/kaiohs/Downloads/codes/lab02-experimentacao-software/data/repos/apache__groovy/src/main/java/org/codehaus/groovy/tools/GroovyClass.java,org.codehaus.groovy.tools.GroovyClass,class,2,4,2,2,3,1,0,0,0,0.5555556,0.0,0.0,3,0,3,0,0,0,3,0,0,0,3,1,1,2,0,0,3,0,0,15,2,0,0,0,0,0,0,3,0,3,0,0,0,0,15,1,0
/Users/kaiohs/Downloads/codes/lab02-experimentacao-software/data/repos/apache__groovy/src/main/java/org/codehaus/groovy/util/ManagedConcurrentValueMap.java,org.codehaus.groovy.util.ManagedConcurrentValueMap,class,4,5,1,4,5,1,0,3,0,0.25,0.0,0.0,4,0,4,0,0,0,4,0,0,0,2,0,0,2,0,0,1,0,0,26,2,0,1,0,0,0,0,5,0,4,1,1,0,0,65,1,0
/Users/kaiohs/Downloads/codes/lab02-experimentacao-software/data/repos/apache__groovy/src/test/groovy/groovy/txn/TransactionBean.java,groovy.txn.TransactionBean,class,1,2,1,1,6,1,0,0,9,0.6666667,0.0,0.0,6,0,6,0,0,0,6,0,0,0,3,0,0,3,0,0,0,0,0,23,3,0,0,0,0,0,0,3,0,3,0,0,0,0,7,1,0
/Users/kaiohs/Downloads/codes/lab02-experimentacao-software/data/repos/apache__groovy/subprojects/groovy-groovydoc/src/test/groovy/org/codehaus/groovy/tools/groovydoc/testfiles/alias/api/Foo.java,org.codehaus.groovy.tools.groovydoc.testfiles.alias.api.Foo,interface,0,0,0,0,0,1,0,0,0,0.0,-1.0,-1.0,0,0,0,0,0,0,0,0,0,0,0,0,0,0,0,0,0,0,0,2,0,0,0,0,0,0,0,0,0,0,0,0,0,0,10,1,0
/Users/kaiohs/Downloads/codes/lab02-experimentacao-software/data/repos/apache__groovy/src/main/java/groovy/util/ProxyGenerator.java,groovy.util.ProxyGenerator$Anonymous2,anonymous,0,0,0,0,1,1,0,1,0,0.0,NaN,NaN,1,0,1,0,0,0,1,0,0,0,0,0,0,0,0,0,0,0,0,5,1,0,0,0,0,0,0,0,0,0,0,0,0,0,5,-1,0
/Users/kaiohs/Downloads/codes/lab02-experimentacao-software/data/repos/apache__groovy/src/test/groovy/org/codehaus/groovy/classgen/ReflectorGeneratorTest.java,org.codehaus.groovy.classgen.A_GroovyReflector$A,innerclass,0,0,0,0,1,1,0,0,0,0.0,NaN,NaN,1,0,0,0,1,0,1,0,0,0,0,0,0,0,0,0,0,0,0,4,0,0,0,0,0,0,0,0,0,0,0,0,0,0,3,8,0
/Users/kaiohs/Downloads/codes/lab02-experimentacao-software/data/repos/apache__groovy/src/main/java/org/codehaus/groovy/vmplugin/v8/TypeTransformers.java,org.codehaus.groovy.vmplugin.v8.TypeTransformers,class,9,11,2,9,28,1,0,32,6,0.7647059,0.0,0.0,4,4,1,2,1,0,3,0,0,0,2,2,0,2,0,0,2,0,40,136,18,0,13,1,0,17,26,53,1,30,2,0,0,0,116,1,0
/Users/kaiohs/Downloads/codes/lab02-experimentacao-software/data/repos/apache__groovy/src/main/java/org/codehaus/groovy/ast/decompiled/Annotations.java,org.codehaus.groovy.ast.decompiled.Annotations$DecompiledAnnotationNode,innerclass,5,5,0,5,9,2,0,9,13,0.75,0.0,0.0,6,0,5,1,0,0,5,0,0,0,2,0,0,2,0,0,1,0,1,34,5,1,0,0,0,0,0,2,0,2,3,0,0,0,22,10,0
/Users/kaiohs/Downloads/codes/lab02-experimentacao-software/data/repos/apache__groovy/src/main/java/org/codehaus/groovy/ast/FieldNode.java,org.codehaus.groovy.ast.FieldNode,class,5,24,19,5,27,2,1,13,193,0.8641304,0.0,0.0,23,1,22,0,1,0,23,0,0,0,8,0,0,8,0,0,0,0,0,90,15,0,3,0,1,1,1,15,0,10,1,0,0,0,62,1,0
/Users/kaiohs/Downloads/codes/lab02-experimentacao-software/data/repos/apache__groovy/subprojects/groovy-swing/src/main/java/groovy/swing/table/TableSorter.java,groovy.swing.table.TableSorter,class,3,5,2,3,47,3,0,41,173,0.89393944,0.0,0.0,22,5,17,5,0,0,17,0,0,0,6,2,0,2,0,4,2,0,11,181,20,5,12,0,2,2,24,51,7,44,3,1,0,0,169,1,0
/Users/kaiohs/Downloads/codes/lab02-experimentacao-software/data/repos/apache__groovy/src/main/java/groovy/util/ProxyGenerator.java,groovy.util.ProxyGenerator$Anonymous1,anonymous,2,2,0,2,2,1,0,1,0,0.0,NaN,NaN,1,0,0,0,1,0,1,0,0,0,0,0,0,0,0,0,0,0,0,5,1,0,0,0,0,0,0,0,0,0,0,0,0,0,13,-1,0
/Users/kaiohs/Downloads/codes/lab02-experimentacao-software/data/repos/apache__groovy/subprojects/groovy-swing/src/test/groovy/groovy/swing/DummyBean.java,groovy.swing.DummyBean,class,1,2,1,1,17,1,0,10,60,0.7625,0.0,0.0,16,1,16,0,0,0,16,0,0,0,5,0,0,5,0,0,0,0,1,58,9,0,0,0,0,7,1,10,1,5,1,0,0,0,39,1,0
/Users/kaiohs/Downloads/codes/lab02-experimentacao-software/data/repos/apache__groovy/src/main/java/org/codehaus/groovy/tools/javac/JavaAwareCompilationUnit.java,org.codehaus.groovy.tools.javac.JavaAwareCompilationUnit,class,15,17,2,15,24,2,0,34,54,0.83333343,0.0,0.0,12,0,10,2,0,0,10,0,0,0,6,0,0,6,0,0,5,0,0,115,1,3,2,2,0,3,0,14,0,13,3,1,0,3,81,1,0
/Users/kaiohs/Downloads/codes/lab02-experimentacao-software/data/repos/apache__groovy/src/test/groovy/org/codehaus/groovy/classgen/DerivedBean.java,org.codehaus.groovy.classgen.DerivedBean,class,1,1,0,1,2,2,0,0,0,0.0,0.0,0.0,2,0,2,0,0,0,2,0,0,0,1,0,0,1,0,0,0,0,0,9,1,0,0,0,0,0,0,1,0,1,0,0,0,0,10,1,0
/Users/kaiohs/Downloads/codes/lab02-experimentacao-software/data/repos/apache__groovy/src/main/java/org/apache/groovy/util/Arrays.java,org.apache.groovy.util.Arrays,class,1,1,0,1,6,1,0,8,1,0.0,NaN,NaN,2,1,1,1,0,0,1,0,0,0,0,0,0,0,0,0,0,0,3,17,2,1,3,0,0,1,6,8,0,8,2,0,0,1,23,1,0
/Users/kaiohs/Downloads/codes/lab02-experimentacao-software/data/repos/apache__groovy/subprojects/groovy-groovydoc/src/main/java/org/codehaus/groovy/tools/groovydoc/ResourceManager.java,org.codehaus.groovy.tools.groovydoc.ResourceManager,interface,0,4,4,0,1,1,0,0,0,0.0,NaN,NaN,1,0,0,0,0,1,1,0,0,0,0,0,0,0,0,0,0,0,0,3,0,0,0,0,0,0,0,0,0,0,0,0,0,0,9,1,0
/Users/kaiohs/Downloads/codes/lab02-experimentacao-software/data/repos/apache__groovy/src/main/java/groovy/util/GroovyScriptEngine.java,groovy.util.GroovyScriptEngine$ScriptClassLoader$Anonymous2,anonymous,7,7,0,7,6,1,0,13,0,0.0,NaN,NaN,1,0,1,0,0,0,1,0,0,0,0,0,0,0,0,0,0,0,1,36,3,1,2,2,0,1,0,11,1,10,4,0,0,0,36,-1,0
/Users/kaiohs/Downloads/codes/lab02-experimentacao-software/data/repos/apache__groovy/subprojects/groovy-sql/src/main/java/groovy/sql/OutParameter.java,groovy.sql.OutParameter,interface,0,3,3,0,1,1,0,0,0,0.0,NaN,NaN,1,0,0,0,0,1,1,0,0,0,0,0,0,0,0,0,0,0,0,3,0,0,0,0,0,0,0,0,0,0,0,0,0,0,19,1,0
/Users/kaiohs/Downloads/codes/lab02-experimentacao-software/data/repos/apache__groovy/src/main/java/org/codehaus/groovy/transform/NamedVariantASTTransformation.java,org.codehaus.groovy.transform.NamedVariantASTTransformation,class,27,31,4,27,55,2,0,88,40,0.8,0.0,0.0,12,9,2,7,0,3,5,0,0,0,5,5,0,5,0,0,5,0,31,202,26,4,8,0,4,44,7,49,8,46,4,0,0,2,145,1,0
/Users/kaiohs/Downloads/codes/lab02-experimentacao-software/data/repos/apache__groovy/subprojects/stress/src/stressTest/java/org/codehaus/groovy/util/ManagedConcurrentValueMapStressTest.java,org.codehaus.groovy.util.ManagedConcurrentValueMapStressTest$Anonymous1,anonymous,1,1,0,1,1,1,0,2,0,0.0,NaN,NaN,1,0,1,0,0,0,1,0,0,0,0,0,0,0,0,0,0,0,2,10,0,0,0,0,0,1,0,3,1,2,0,0,0,0,6,-1,0
/Users/kaiohs/Downloads/codes/lab02-experimentacao-software/data/repos/apache__groovy/subprojects/groovy-jmx/src/test/java/groovy/jmx/builder/JmxConnectorHelper.java,groovy.jmx.builder.JmxConnectorHelper,class,0,0,0,0,7,1,0,7,1,0.5,0.0,0.0,2,2,2,0,0,0,2,0,0,0,1,1,0,1,0,0,1,0,4,40,1,1,1,3,0,4,5,7,3,5,3,0,0,0,43,1,0
/Users/kaiohs/Downloads/codes/lab02-experimentacao-software/data/repos/apache__groovy/src/main/java/org/codehaus/groovy/runtime/dgmimpl/NumberNumberDiv.java,org.codehaus.groovy.runtime.dgmimpl.NumberNumberDiv$DoubleDouble,innerclass,5,5,0,5,4,7,0,2,1,0.0,0.0,0.0,2,0,2,0,0,0,2,0,1,0,0,0,0,0,0,0,0,0,0,15,2,0,0,1,0,0,1,0,1,0,2,0,0,0,18,10,0
/Users/kaiohs/Downloads/codes/lab02-experimentacao-software/data/repos/apache__groovy/src/main/java/org/codehaus/groovy/ast/decompiled/ClassSignatureParser.java,org.codehaus.groovy.ast.decompiled.ClassSignatureParser$Anonymous2$Anonymous3,anonymous,1,1,0,1,1,1,0,1,0,0.0,NaN,NaN,1,0,0,0,0,1,1,0,0,0,0,0,0,0,0,0,0,0,0,5,0,0,0,0,0,0,0,0,0,0,0,0,0,0,4,-1,0
/Users/kaiohs/Downloads/codes/lab02-experimentacao-software/data/repos/apache__groovy/src/main/java/org/codehaus/groovy/ast/decompiled/ClassSignatureParser.java,org.codehaus.groovy.ast.decompiled.ClassSignatureParser$Anonymous2$Anonymous4,anonymous,1,1,0,1,1,1,0,1,0,0.0,NaN,NaN,1,0,0,0,0,1,1,0,0,0,0,0,0,0,0,0,0,0,0,5,0,0,0,0,0,0,0,0,0,0,0,0,0,0,5,-1,0
/Users/kaiohs/Downloads/codes/lab02-experimentacao-software/data/repos/apache__groovy/src/main/java/org/apache/groovy/util/concurrent/concurrentlinkedhashmap/ConcurrentLinkedHashMap.java,org.apache.groovy.util.concurrent.concurrentlinkedhashmap.ConcurrentLinkedHashMap$EntrySet,innerclass,4,4,0,4,10,3,0,11,0,0.16666667,0.0,0.0,6,0,6,0,0,0,6,0,0,0,1,0,0,0,0,1,1,0,0,28,7,0,2,0,5,0,0,2,0,2,1,0,0,0,22,16,0
/Users/kaiohs/Downloads/codes/lab02-experimentacao-software/data/repos/apache__groovy/src/main/java/org/codehaus/groovy/ast/MethodCallTransformation.java,org.codehaus.groovy.ast.MethodCallTransformation,class,10,11,1,10,33,1,0,14,1,0.0,0.0,0.0,2,0,1,0,1,0,2,1,0,0,0,0,0,0,0,0,0,0,0,73,0,8,19,2,2,0,0,1,0,1,7,0,0,0,32,1025,0
/Users/kaiohs/Downloads/codes/lab02-experimentacao-software/data/repos/apache__groovy/subprojects/groovy-templates/src/main/groovy/groovy/text/XmlTemplateEngine.java,groovy.text.XmlTemplateEngine,class,14,16,2,14,14,3,0,9,0,0.6296296,0.0,0.0,9,0,9,0,0,0,9,0,0,0,6,2,1,5,0,0,3,0,0,224,3,0,3,2,0,8,2,12,2,10,1,0,3,0,200,1,0
/Users/kaiohs/Downloads/codes/lab02-experimentacao-software/data/repos/apache__groovy/subprojects/groovy-groovydoc/src/main/java/org/codehaus/groovy/tools/groovydoc/SimpleGroovyClassDoc.java,org.codehaus.groovy.tools.groovydoc.SimpleGroovyClassDoc,class,25,32,7,25,238,4,0,156,3014,0.96695733,0.0,0.0,81,9,64,16,0,1,66,0,0,0,34,15,9,25,0,0,27,0,47,806,114,28,50,4,8,144,76,196,38,145,7,0,0,1,268,1,0
/Users/kaiohs/Downloads/codes/lab02-experimentacao-software/data/repos/apache__groovy/src/main/java/org/codehaus/groovy/runtime/memoize/ConcurrentCommonCache.java,org.codehaus.groovy.runtime.memoize.ConcurrentCommonCache,class,13,15,2,13,30,1,0,30,220,0.9,0.0,0.0,24,0,22,2,0,0,22,0,0,0,5,1,0,5,0,0,5,0,0,124,21,0,5,4,0,0,2,12,0,13,2,0,0,7,95,1,0
/Users/kaiohs/Downloads/codes/lab02-experimentacao-software/data/repos/apache__groovy/src/main/java/groovy/lang/GeneratedGroovyProxy.java,groovy.lang.GeneratedGroovyProxy,interface,0,0,0,0,1,1,0,0,0,0.0,NaN,NaN,1,0,0,0,0,1,1,0,0,0,0,0,0,0,0,0,0,0,0,3,0,0,0,0,0,0,0,0,0,0,0,0,0,0,28,1,0
/Users/kaiohs/Downloads/codes/lab02-experimentacao-software/data/repos/apache__groovy/src/main/java/org/codehaus/groovy/transform/stc/UnionTypeClassNode.java,org.codehaus.groovy.transform.stc.UnionTypeClassNode,class,16,20,4,16,105,4,0,43,1618,0.6615385,0.0,0.0,65,2,61,2,0,2,63,0,0,0,1,0,0,1,0,0,1,0,4,315,32,22,9,0,0,3,6,36,2,29,2,0,0,0,179,0,0
/Users/kaiohs/Downloads/codes/lab02-experimentacao-software/data/repos/apache__groovy/src/main/java/org/codehaus/groovy/runtime/RegexSupport.java,org.codehaus.groovy.runtime.RegexSupport,class,0,3,3,0,2,1,0,2,0,0.0,0.0,0.0,2,2,2,0,0,0,2,0,0,0,1,1,0,1,0,0,1,0,0,9,1,0,0,0,0,0,0,1,0,1,0,0,0,0,25,1,0
/Users/kaiohs/Downloads/codes/lab02-experimentacao-software/data/repos/apache__groovy/src/main/java/org/codehaus/groovy/runtime/dgmimpl/NumberNumberMinus.java,org.codehaus.groovy.runtime.dgmimpl.NumberNumberMinus$IntegerInteger,innerclass,5,5,0,5,4,7,0,2,1,0.0,0.0,0.0,2,0,2,0,0,0,2,0,1,0,0,0,0,0,0,0,0,0,0,15,2,0,0,1,0,0,1,0,1,0,2,0,0,0,18,10,0
/Users/kaiohs/Downloads/codes/lab02-experimentacao-software/data/repos/apache__groovy/src/main/java/org/codehaus/groovy/runtime/typehandling/DefaultTypeTransformation.java,org.codehaus.groovy.runtime.typehandling.DefaultTypeTransformation$ArrayToUnmodifiableListAdapter$Itr,innerclass,1,1,0,1,3,1,0,2,0,0.0,0.0,0.0,2,0,2,0,0,0,2,0,0,0,1,0,0,1,0,0,0,0,0,9,2,0,0,0,0,0,1,1,0,1,0,0,0,0,9,2,0
/Users/kaiohs/Downloads/codes/lab02-experimentacao-software/data/repos/apache__groovy/src/main/java/org/apache/groovy/parser/antlr4/Antlr4PluginFactory.java,org.apache.groovy.parser.antlr4.Antlr4PluginFactory,class,3,4,1,3,1,2,0,0,0,0.0,NaN,NaN,1,0,1,0,0,0,1,0,0,0,0,0,0,0,0,0,0,0,0,5,1,0,0,0,0,0,0,0,0,0,0,0,0,0,10,1,0
/Users/kaiohs/Downloads/codes/lab02-experimentacao-software/data/repos/apache__groovy/subprojects/groovy-xml/src/main/java/groovy/xml/XmlUtil.java,groovy.xml.XmlUtil,class,9,13,4,9,53,1,0,57,903,0.0,0.0,0.0,43,43,33,10,0,0,33,0,0,0,0,0,0,0,0,0,0,0,54,218,24,0,2,7,0,13,3,19,2,19,1,2,0,0,196,1,0
/Users/kaiohs/Downloads/codes/lab02-experimentacao-software/data/repos/apache__groovy/src/main/java/org/apache/groovy/util/concurrent/ConcurrentReferenceHashMap.java,org.apache.groovy.util.concurrent.ConcurrentReferenceHashMap$WriteThroughEntry,innerclass,4,4,0,4,3,2,0,3,1,1.0,0.0,0.0,2,0,1,0,1,0,2,0,0,0,1,1,0,1,0,0,1,0,0,14,1,0,1,0,0,0,1,2,0,2,1,0,0,0,69,4,0
/Users/kaiohs/Downloads/codes/lab02-experimentacao-software/data/repos/apache__groovy/subprojects/groovy-json/src/main/java/org/apache/groovy/json/internal/CharScanner.java,org.apache.groovy.json.internal.CharScanner,class,7,15,8,7,129,1,0,29,321,0.95384604,0.0,0.0,26,26,25,0,1,0,26,0,0,0,15,15,0,1,10,4,14,0,42,406,35,13,31,3,34,14,64,107,67,64,10,0,0,0,108,1,0
/Users/kaiohs/Downloads/codes/lab02-experimentacao-software/data/repos/apache__groovy/src/main/java/org/codehaus/groovy/transform/stc/AbstractTypeCheckingExtension.java,org.codehaus.groovy.transform.stc.AbstractTypeCheckingExtension,class,31,34,3,31,77,5,2,65,1234,0.8833334,0.0,0.0,60,1,58,1,1,0,59,0,0,0,5,0,0,2,3,0,3,0,21,270,49,2,7,1,2,7,5,29,3,25,1,1,1,0,156,1,1
/Users/kaiohs/Downloads/codes/lab02-experimentacao-software/data/repos/apache__groovy/src/main/java/org/codehaus/groovy/classgen/asm/MopWriter.java,org.codehaus.groovy.classgen.asm.MopWriter$MopKey,innerclass,2,2,0,2,4,1,0,3,0,0.33333334,0.0,0.0,3,0,2,0,0,1,3,0,0,0,3,0,0,0,0,3,3,0,0,19,3,0,0,0,1,0,1,3,2,3,1,0,0,0,10,10,0
/Users/kaiohs/Downloads/codes/lab02-experimentacao-software/data/repos/apache__groovy/src/test/groovy/bugs/groovy8531/Reducer.java,bugs.groovy8531.Reducer$Type,enum,0,0,0,0,0,1,0,0,0,0.0,-1.0,-1.0,0,0,0,0,0,0,0,0,0,0,0,0,0,0,0,0,0,0,0,1,0,0,0,0,0,0,0,0,0,0,0,0,0,0,7,1,0
/Users/kaiohs/Downloads/codes/lab02-experimentacao-software/data/repos/apache__groovy/src/main/java/org/codehaus/groovy/reflection/GeneratedMetaMethod.java,org.codehaus.groovy.reflection.GeneratedMetaMethod$Proxy,innerclass,5,5,0,5,9,3,0,16,0,0.4166667,0.0,0.0,6,0,5,1,0,0,5,0,1,0,2,0,0,2,0,0,1,0,0,36,4,0,2,1,0,1,0,4,1,4,3,0,0,0,34,9,0
/Users/kaiohs/Downloads/codes/lab02-experimentacao-software/data/repos/apache__groovy/src/main/java/org/codehaus/groovy/classgen/asm/OptimizingStatementWriter.java,org.codehaus.groovy.classgen.asm.OptimizingStatementWriter$OptimizeFlagsCollector$OptimizeFlagsEntry,innerclass,1,1,0,1,0,1,0,0,0,NaN,-1.0,-1.0,0,0,0,0,0,0,0,0,0,0,3,0,0,3,0,0,0,0,0,5,0,0,0,0,0,0,0,1,0,3,0,0,0,0,7,10,0
/Users/kaiohs/Downloads/codes/lab02-experimentacao-software/data/repos/apache__groovy/src/main/java/org/codehaus/groovy/runtime/FormatHelper.java,org.codehaus.groovy.runtime.FormatHelper,class,12,24,12,12,118,1,0,72,396,0.9310345,0.0,0.0,29,28,21,7,0,1,23,0,0,0,9,9,1,6,0,2,9,0,53,367,48,9,18,6,8,63,35,57,12,44,4,0,0,1,202,1,0
/Users/kaiohs/Downloads/codes/lab02-experimentacao-software/data/repos/apache__groovy/subprojects/groovy-json/src/main/java/org/apache/groovy/json/internal/FastStringUtils.java,org.apache.groovy.json.internal.FastStringUtils$ServiceHolder,innerclass,4,4,0,4,5,1,0,3,0,1.0,-1.0,-1.0,1,1,0,1,0,0,0,0,0,0,1,1,0,0,0,1,1,0,2,17,1,1,2,0,1,0,0,5,0,4,3,0,0,0,19,10,0
/Users/kaiohs/Downloads/codes/lab02-experimentacao-software/data/repos/apache__groovy/src/main/java/org/codehaus/groovy/vmplugin/v9/ClassFindFailedException.java,org.codehaus.groovy.vmplugin.v9.ClassFindFailedException,class,0,1,1,0,1,4,0,0,0,0.0,NaN,NaN,1,0,1,0,0,0,1,0,0,0,0,0,0,0,0,0,0,0,0,5,0,0,0,0,0,0,0,0,0,0,0,0,0,0,13,1,0
/Users/kaiohs/Downloads/codes/lab02-experimentacao-software/data/repos/apache__groovy/src/main/java/groovy/lang/ExpandoMetaClass.java,groovy.lang.ExpandoMetaClass,class,36,43,7,36,185,8,0,124,2412,0.9664352,0.0,0.0,72,4,52,8,12,0,65,0,0,1,24,8,3,21,0,0,18,0,12,843,72,8,48,5,6,17,38,102,1,80,5,1,6,3,498,1,0
/Users/kaiohs/Downloads/codes/lab02-experimentacao-software/data/repos/apache__groovy/src/main/java/org/codehaus/groovy/classgen/asm/sc/StaticTypesClosureWriter.java,org.codehaus.groovy.classgen.asm.sc.StaticTypesClosureWriter$MethodTargetCompletionVisitor,innerclass,4,4,0,4,4,2,0,3,1,0.33333334,0.0,0.0,3,0,1,1,1,0,2,0,0,0,1,0,0,1,0,0,1,0,0,16,1,0,1,0,0,0,0,2,0,2,1,0,0,0,18,26,0
/Users/kaiohs/Downloads/codes/lab02-experimentacao-software/data/repos/apache__groovy/subprojects/groovy-ant/src/main/java/org/codehaus/groovy/ant/Groovydoc.java,org.codehaus.groovy.ant.Groovydoc,class,12,13,1,12,72,2,0,51,396,0.91770834,0.0,0.0,32,0,27,2,3,0,30,0,0,0,30,1,0,30,0,0,7,0,3,290,7,8,10,2,0,48,4,81,5,61,6,0,0,1,316,1,3
/Users/kaiohs/Downloads/codes/lab02-experimentacao-software/data/repos/apache__groovy/src/main/java/org/apache/groovy/parser/antlr4/TryWithResourcesASTTransformation.java,org.apache.groovy.parser.antlr4.TryWithResourcesASTTransformation,class,15,17,2,15,20,1,0,47,95,0.8666667,0.0,0.0,15,2,3,12,0,0,3,0,0,0,5,0,0,5,0,0,0,0,3,96,17,0,0,0,5,8,2,15,4,19,1,0,0,0,119,1,0
/Users/kaiohs/Downloads/codes/lab02-experimentacao-software/data/repos/apache__groovy/src/main/java/org/codehaus/groovy/reflection/stdclasses/ByteCachedClass.java,org.codehaus.groovy.reflection.stdclasses.ByteCachedClass,class,2,3,1,2,10,3,0,1,0,0.25,0.0,0.0,4,0,4,0,0,0,4,0,0,0,1,0,0,1,0,0,1,0,0,22,5,0,4,0,3,0,0,1,0,1,1,0,0,0,19,1,0
/Users/kaiohs/Downloads/codes/lab02-experimentacao-software/data/repos/apache__groovy/subprojects/groovy-test/src/main/java/groovy/mock/interceptor/MockProxyMetaClass.java,groovy.mock.interceptor.MockProxyMetaClass$FallThroughMarker,innerclass,1,1,0,1,1,2,0,0,0,0.0,NaN,NaN,1,0,0,0,0,1,1,0,0,0,0,0,0,0,0,0,0,0,0,5,0,0,0,0,0,0,0,0,0,0,0,0,0,0,6,8,0
/Users/kaiohs/Downloads/codes/lab02-experimentacao-software/data/repos/apache__groovy/subprojects/groovy-sql/src/main/java/groovy/sql/Sql.java,groovy.sql.Sql$CreatePreparedStatementCommand,innerclass,2,2,0,2,9,2,0,9,1,0.33333334,NaN,NaN,3,0,0,2,1,0,1,0,0,0,1,0,0,1,0,0,1,0,0,27,7,0,5,0,0,1,3,1,0,1,2,0,0,0,40,2,0
/Users/kaiohs/Downloads/codes/lab02-experimentacao-software/data/repos/apache__groovy/src/main/java/org/codehaus/groovy/runtime/callsite/PojoMetaMethodSite.java,org.codehaus.groovy.runtime.callsite.PojoMetaMethodSite$PojoMetaMethodSiteNoUnwrapNoCoerce,innerclass,5,5,0,5,3,6,0,2,1,0.0,0.0,0.0,2,0,2,0,0,0,2,0,1,0,0,0,0,0,0,0,0,0,1,13,1,0,0,1,0,0,0,0,0,0,1,0,0,0,32,9,0
/Users/kaiohs/Downloads/codes/lab02-experimentacao-software/data/repos/apache__groovy/src/main/java/org/apache/groovy/util/ObjectHolder.java,org.apache.groovy.util.ObjectHolder,class,2,3,1,2,6,1,0,1,0,0.2,0.0,0.0,5,0,5,0,0,0,5,0,0,0,1,0,0,1,0,0,0,0,0,20,2,0,1,0,0,0,0,3,0,1,1,0,0,0,14,1,0
/Users/kaiohs/Downloads/codes/lab02-experimentacao-software/data/repos/apache__groovy/src/main/java/org/codehaus/groovy/classgen/asm/BytecodeDumper.java,org.codehaus.groovy.classgen.asm.BytecodeDumper,class,5,6,1,5,3,1,0,1,0,0.5,0.0,0.0,2,0,2,0,0,0,2,0,0,0,2,1,1,1,0,0,2,0,0,14,1,0,0,0,0,0,1,5,0,5,0,0,0,0,34,1,0
/Users/kaiohs/Downloads/codes/lab02-experimentacao-software/data/repos/apache__groovy/src/main/java/org/codehaus/groovy/transform/ToStringASTTransformation.java,org.codehaus.groovy.transform.ToStringASTTransformation,class,24,26,2,24,52,2,0,75,114,0.9296875,0.0,0.0,16,15,10,6,0,0,10,0,0,0,8,8,0,5,0,3,8,0,43,186,10,2,7,0,1,45,10,59,4,56,2,0,1,1,156,1,0
/Users/kaiohs/Downloads/codes/lab02-experimentacao-software/data/repos/apache__groovy/src/main/java/org/codehaus/groovy/control/CompilationUnit.java,org.codehaus.groovy.control.CompilationUnit$ISourceUnitOperation,interface,8,8,0,8,9,1,0,5,1,0.0,0.0,0.0,2,0,0,0,0,2,2,0,0,0,0,0,0,0,0,0,0,0,0,25,0,1,1,1,1,0,0,1,0,1,3,0,0,0,35,1,0
/Users/kaiohs/Downloads/codes/lab02-experimentacao-software/data/repos/apache__groovy/src/main/java/org/codehaus/groovy/control/MultipleCompilationErrorsException.java,org.codehaus.groovy.control.MultipleCompilationErrorsException,class,6,9,3,6,5,3,0,8,0,0.5,0.0,0.0,3,0,3,0,0,0,3,0,0,0,2,1,0,1,1,0,1,0,0,31,2,0,2,1,0,1,2,7,0,6,1,0,0,0,34,1,0
/Users/kaiohs/Downloads/codes/lab02-experimentacao-software/data/repos/apache__groovy/src/main/java/groovy/lang/groovydoc/GroovydocHolder.java,groovy.lang.groovydoc.GroovydocHolder,interface,2,3,1,2,2,1,0,0,1,1.0,0.0,0.0,2,0,0,0,0,2,2,0,0,0,1,0,0,0,0,1,0,0,0,5,0,0,0,0,0,1,0,1,0,1,0,0,0,0,17,1,0
/Users/kaiohs/Downloads/codes/lab02-experimentacao-software/data/repos/apache__groovy/src/main/java/org/codehaus/groovy/ast/expr/UnaryPlusExpression.java,org.codehaus.groovy.ast.expr.UnaryPlusExpression,class,5,8,3,5,7,3,0,7,19,0.71428573,0.0,0.0,7,0,7,0,0,0,7,0,0,0,1,0,0,1,0,0,1,0,0,27,5,0,0,0,0,2,0,2,1,2,0,0,0,0,21,1,0
/Users/kaiohs/Downloads/codes/lab02-experimentacao-software/data/repos/apache__groovy/src/main/java/groovy/time/Duration.java,groovy.time.Duration,class,7,12,5,7,11,2,1,13,55,0.0,0.0,0.0,11,0,11,0,0,0,11,0,0,0,0,0,0,0,0,0,0,0,1,56,10,0,0,0,6,0,8,1,33,1,0,1,0,0,73,1,0
/Users/kaiohs/Downloads/codes/lab02-experimentacao-software/data/repos/apache__groovy/src/main/java/org/codehaus/groovy/transform/EqualsAndHashCodeASTTransformation.java,org.codehaus.groovy.transform.EqualsAndHashCodeASTTransformation,class,26,28,2,26,77,2,0,86,163,0.93684214,0.0,0.0,19,18,11,8,0,0,11,0,0,0,15,15,0,12,0,3,15,0,40,258,19,6,3,0,0,46,10,81,2,80,2,0,0,0,160,1,0
/Users/kaiohs/Downloads/codes/lab02-experimentacao-software/data/repos/apache__groovy/subprojects/groovy-contracts/src/main/java/org/apache/groovy/contracts/LoopVariantViolation.java,org.apache.groovy.contracts.LoopVariantViolation,class,1,2,1,1,8,5,0,0,28,0.0,0.0,0.0,8,0,8,0,0,0,8,0,0,0,0,0,0,0,0,0,0,0,0,25,0,0,0,0,0,0,0,0,0,0,0,0,0,0,20,1,0
/Users/kaiohs/Downloads/codes/lab02-experimentacao-software/data/repos/apache__groovy/subprojects/groovy-jmx/src/test/java/groovy/jmx/builder/MockSimpleObjectMBean.java,groovy.jmx.builder.MockSimpleObjectMBean,interface,0,1,1,0,4,1,0,0,6,0.0,0.0,0.0,4,0,0,0,0,4,4,0,0,0,0,0,0,0,0,0,0,0,0,6,0,0,0,0,0,0,0,0,0,0,0,0,0,0,11,1,0
/Users/kaiohs/Downloads/codes/lab02-experimentacao-software/data/repos/apache__groovy/src/main/java/groovy/time/BaseDuration.java,groovy.time.BaseDuration$From,innerclass,1,1,0,1,2,1,0,1,1,0.0,0.0,0.0,2,0,2,0,0,0,2,1,0,0,0,0,0,0,0,0,0,0,0,6,1,0,0,0,0,0,0,0,0,0,0,0,0,0,5,1033,0
/Users/kaiohs/Downloads/codes/lab02-experimentacao-software/data/repos/apache__groovy/subprojects/groovy-ginq/src/main/groovy/org/apache/groovy/ginq/dsl/expression/OrderExpression.java,org.apache.groovy.ginq.dsl.expression.OrderExpression,class,5,10,5,5,5,4,0,3,4,0.4,0.0,0.0,5,0,5,0,0,0,5,0,0,0,1,0,0,1,0,0,1,0,0,18,4,0,0,0,0,1,0,1,1,1,0,0,0,0,17,1,0
/Users/kaiohs/Downloads/codes/lab02-experimentacao-software/data/repos/apache__groovy/src/main/java/org/codehaus/groovy/runtime/dgmimpl/arrays/ByteArrayPutAtMetaMethod.java,org.codehaus.groovy.runtime.dgmimpl.arrays.ByteArrayPutAtMetaMethod,class,9,10,1,9,6,10,0,4,3,0.6666667,0.0,0.0,3,0,3,0,0,0,3,0,1,0,1,1,0,1,0,0,1,0,2,45,4,0,0,0,4,0,5,6,0,4,1,0,1,0,36,1,0
/Users/kaiohs/Downloads/codes/lab02-experimentacao-software/data/repos/apache__groovy/subprojects/groovy-swing/src/main/groovy/groovy/swing/binding/AbstractButtonProperties.java,groovy.swing.binding.AbstractButtonSelectedBinding,class,4,5,1,4,5,3,0,9,8,0.6,0.0,0.0,5,0,4,0,0,1,5,0,0,2,1,0,0,0,0,1,0,0,0,24,0,0,0,0,3,3,0,2,0,1,0,0,0,0,26,0,0
/Users/kaiohs/Downloads/codes/lab02-experimentacao-software/data/repos/apache__groovy/subprojects/groovy-ginq/src/main/groovy/org/apache/groovy/ginq/dsl/expression/SelectExpression.java,org.apache.groovy.ginq.dsl.expression.SelectExpression,class,5,10,5,5,5,4,0,3,4,0.4,0.0,0.0,5,0,5,0,0,0,5,0,0,0,1,0,0,1,0,0,1,0,0,18,4,0,0,0,0,1,0,1,1,1,0,0,0,0,17,1,0
/Users/kaiohs/Downloads/codes/lab02-experimentacao-software/data/repos/apache__groovy/subprojects/groovy-jmx/src/main/java/groovy/jmx/builder/JmxBuilderModelMBean.java,groovy.jmx.builder.JmxBuilderModelMBean$AttributeChangedListener,innerclass,2,2,0,2,9,1,0,12,6,0.75,0.0,0.0,4,2,2,2,0,0,2,0,0,1,1,1,0,1,0,0,0,0,1,34,2,0,4,0,0,8,1,6,0,6,3,0,0,0,37,26,0
/Users/kaiohs/Downloads/codes/lab02-experimentacao-software/data/repos/apache__groovy/src/main/java/org/codehaus/groovy/transform/stc/DefaultTypeCheckingExtension.java,org.codehaus.groovy.transform.stc.DefaultTypeCheckingExtension,class,11,13,2,11,48,2,0,27,0,0.05,0.0,0.0,20,0,20,0,0,0,20,0,0,0,1,0,0,0,1,0,1,0,0,114,19,17,1,0,0,0,3,6,0,5,3,0,0,0,95,1,0
/Users/kaiohs/Downloads/codes/lab02-experimentacao-software/data/repos/apache__groovy/src/main/java/org/codehaus/groovy/control/Phases.java,org.codehaus.groovy.control.Phases,class,0,2,2,0,1,1,0,0,0,0.90909094,NaN,NaN,1,1,1,0,0,0,1,0,0,0,11,11,11,0,0,0,11,0,0,16,1,0,0,0,0,10,9,11,0,11,0,0,0,0,50,1,0
/Users/kaiohs/Downloads/codes/lab02-experimentacao-software/data/repos/apache__groovy/src/main/java/org/codehaus/groovy/reflection/ClassInfo.java,org.codehaus.groovy.reflection.ClassInfo$GlobalClassSet,innerclass,3,3,0,3,4,1,0,4,4,0.5,0.0,0.0,4,0,4,0,0,0,4,0,0,0,1,0,0,1,0,0,1,0,0,15,3,0,0,0,0,0,0,1,0,1,0,0,0,0,13,10,0
/Users/kaiohs/Downloads/codes/lab02-experimentacao-software/data/repos/apache__groovy/src/test/groovy/org/codehaus/groovy/classgen/asm/sc/bugs/support/Groovy7538Support.java,org.codehaus.groovy.classgen.asm.sc.bugs.support.Groovy7538Support$AbstractAssert,innerclass,3,3,0,3,5,1,0,4,0,0.25,0.0,0.0,4,1,1,2,1,0,2,0,0,0,2,0,0,0,2,0,2,0,2,21,3,0,0,0,0,1,0,2,0,2,1,0,0,0,22,1033,0
/Users/kaiohs/Downloads/codes/lab02-experimentacao-software/data/repos/apache__groovy/src/main/java/org/codehaus/groovy/runtime/DefaultGroovyMethods.java,org.codehaus.groovy.runtime.DefaultGroovyMethods$ZipAllIterator,innerclass,4,4,0,4,7,1,0,5,0,0.375,0.0,0.0,4,0,3,1,0,0,3,0,0,0,4,0,0,4,0,0,4,0,0,22,2,0,0,0,0,0,0,4,0,4,1,0,0,0,18,26,0
/Users/kaiohs/Downloads/codes/lab02-experimentacao-software/data/repos/apache__groovy/src/test/groovy/bugs/groovy8531/Reducer.java,bugs.groovy8531.BaseReducer$PrivateBaseContext,innerclass,0,0,0,0,0,1,0,0,0,0.0,-1.0,-1.0,0,0,0,0,0,0,0,0,0,0,0,0,0,0,0,0,0,0,0,2,0,0,0,0,0,0,0,0,0,0,0,0,0,0,3,1026,0
/Users/kaiohs/Downloads/codes/lab02-experimentacao-software/data/repos/apache__groovy/src/main/java/org/codehaus/groovy/runtime/dgmimpl/NumberNumberMetaMethod.java,org.codehaus.groovy.runtime.dgmimpl.NumberNumberMetaMethod,class,7,13,6,7,42,8,4,20,229,0.9318182,0.0,0.0,22,0,21,0,1,0,22,17,1,0,2,2,0,2,0,0,2,0,0,68,20,0,0,0,0,0,1,3,0,3,2,0,1,0,39,1025,0
/Users/kaiohs/Downloads/codes/lab02-experimentacao-software/data/repos/apache__groovy/src/main/java/org/codehaus/groovy/runtime/DefaultMethodKey.java,org.codehaus.groovy.runtime.DefaultMethodKey,class,1,2,1,1,4,2,0,0,0,0.0,0.0,0.0,3,0,3,0,0,0,3,0,0,0,1,0,0,1,0,0,1,0,0,15,3,0,1,0,0,0,0,2,0,2,1,0,0,0,20,1,0
/Users/kaiohs/Downloads/codes/lab02-experimentacao-software/data/repos/apache__groovy/src/main/java/org/codehaus/groovy/classgen/ClassGenerator.java,org.codehaus.groovy.classgen.ClassGenerator,class,4,9,5,4,3,2,2,0,3,0.6666667,0.0,0.0,3,0,2,0,1,0,3,0,0,0,1,0,0,0,1,0,0,0,0,11,2,0,0,0,0,0,0,1,0,1,0,0,0,0,27,1025,0
/Users/kaiohs/Downloads/codes/lab02-experimentacao-software/data/repos/apache__groovy/src/main/java/org/codehaus/groovy/runtime/wrappers/CharWrapper.java,org.codehaus.groovy.runtime.wrappers.CharWrapper,class,1,1,0,1,1,3,0,0,0,0.0,NaN,NaN,1,0,1,0,0,0,1,0,0,0,0,0,0,0,0,0,0,0,0,5,0,0,0,0,0,0,0,0,0,0,0,0,0,0,4,1,0
/Users/kaiohs/Downloads/codes/lab02-experimentacao-software/data/repos/apache__groovy/subprojects/groovy-ginq/src/main/groovy/org/apache/groovy/ginq/dsl/GinqSyntaxError.java,org.apache.groovy.ginq.dsl.GinqSyntaxError,class,1,3,2,1,4,4,0,2,2,0.6666667,0.0,0.0,4,0,4,0,0,0,4,0,0,0,3,1,0,3,0,0,3,0,0,19,2,0,0,0,0,0,1,3,0,3,0,0,0,0,24,1,0
/Users/kaiohs/Downloads/codes/lab02-experimentacao-software/data/repos/apache__groovy/src/main/java/groovy/transform/stc/SecondParam.java,groovy.transform.stc.SecondParam$ThirdGenericType,innerclass,1,1,0,1,1,4,0,0,0,0.0,NaN,NaN,1,0,1,0,0,0,1,0,0,0,0,0,0,0,0,0,0,0,0,5,0,0,0,0,0,0,2,0,0,0,0,0,0,0,31,9,0
/Users/kaiohs/Downloads/codes/lab02-experimentacao-software/data/repos/apache__groovy/src/main/java/groovy/lang/MetaClassRegistryChangeEvent.java,groovy.lang.MetaClassRegistryChangeEvent,class,2,3,1,2,8,1,0,0,9,0.74285716,0.0,0.0,7,0,7,0,0,0,7,0,0,0,5,1,0,5,0,0,5,0,0,32,6,0,1,0,0,0,1,5,0,5,0,0,0,0,56,1,0
/Users/kaiohs/Downloads/codes/lab02-experimentacao-software/data/repos/apache__groovy/subprojects/groovy-ant/src/test-resources/org/codehaus/groovy/ant/GroovycTest2.java,org.codehaus.groovy.ant.GroovycTest2,class,0,0,0,0,1,1,0,3,0,0.0,NaN,NaN,1,1,1,0,0,0,1,0,0,0,0,0,0,0,0,0,0,0,0,9,0,0,0,1,0,2,0,2,0,2,1,0,0,0,18,1,0
/Users/kaiohs/Downloads/codes/lab02-experimentacao-software/data/repos/apache__groovy/subprojects/groovy-json/src/main/java/org/apache/groovy/json/internal/IO.java,org.apache.groovy.json.internal.IO,class,4,6,2,4,12,1,0,11,6,0.75,0.0,0.0,4,4,4,0,0,0,4,0,0,0,2,2,0,2,0,0,2,0,7,59,6,1,3,3,1,0,8,9,1,7,2,0,0,0,33,1,0
/Users/kaiohs/Downloads/codes/lab02-experimentacao-software/data/repos/apache__groovy/src/main/java/org/codehaus/groovy/runtime/GStringUtil.java,org.codehaus.groovy.runtime.GStringUtil,class,7,9,2,7,19,1,0,11,21,0.85714287,0.0,0.0,7,6,4,3,0,0,4,0,0,0,2,2,0,2,0,0,2,0,11,79,5,3,3,0,1,4,19,22,9,19,4,0,0,0,68,17,0
/Users/kaiohs/Downloads/codes/lab02-experimentacao-software/data/repos/apache__groovy/src/main/java/org/codehaus/groovy/runtime/typehandling/DefaultTypeTransformation.java,org.codehaus.groovy.runtime.typehandling.DefaultTypeTransformation,class,28,52,24,28,260,1,0,127,1225,1.0,0.0,0.0,50,50,44,6,0,0,44,0,0,0,2,2,0,0,2,0,2,0,105,866,154,15,75,5,38,41,31,122,6,80,4,0,1,1,214,1,0
/Users/kaiohs/Downloads/codes/lab02-experimentacao-software/data/repos/apache__groovy/src/main/java/org/codehaus/groovy/classgen/asm/MopWriter.java,org.codehaus.groovy.classgen.asm.MopWriter,class,11,17,6,11,34,1,1,56,22,0.8125,0.0,0.0,8,4,5,2,1,0,6,0,0,0,2,1,1,0,1,0,2,0,14,112,4,6,3,0,5,8,7,26,1,22,4,0,2,1,128,1,0
/Users/kaiohs/Downloads/codes/lab02-experimentacao-software/data/repos/apache__groovy/src/main/java/org/codehaus/groovy/runtime/dgmimpl/NumberNumberPlus.java,org.codehaus.groovy.runtime.dgmimpl.NumberNumberPlus,class,23,24,1,23,20,100,0,1,190,0.0,0.0,0.0,20,1,20,0,0,0,20,0,0,0,0,0,0,0,0,0,0,0,2,310,20,0,0,0,0,1,2,0,0,0,0,1,16,0,35,17,0
/Users/kaiohs/Downloads/codes/lab02-experimentacao-software/data/repos/apache__groovy/src/main/java/org/codehaus/groovy/control/CompilePhase.java,org.codehaus.groovy.control.CompilePhase,enum,1,11,10,1,5,1,0,1,0,0.5,0.0,0.0,3,1,2,0,0,1,3,0,0,0,2,1,1,0,0,1,0,0,1,27,3,1,1,0,0,0,0,2,0,2,2,0,0,0,102,1,0
/Users/kaiohs/Downloads/codes/lab02-experimentacao-software/data/repos/apache__groovy/subprojects/groovy-sql/src/main/java/groovy/sql/ResultSetOutParameter.java,groovy.sql.ResultSetOutParameter,interface,1,2,1,1,0,1,0,0,0,0.0,-1.0,-1.0,0,0,0,0,0,0,0,0,0,0,0,0,0,0,0,0,0,0,0,2,0,0,0,0,0,0,0,0,0,0,0,0,0,0,6,1,0
/Users/kaiohs/Downloads/codes/lab02-experimentacao-software/data/repos/apache__groovy/src/main/java/org/codehaus/groovy/ast/ModuleNode.java,org.codehaus.groovy.ast.ModuleNode$Anonymous1,anonymous,1,1,0,1,1,1,0,0,0,0.0,NaN,NaN,1,0,1,0,0,0,1,0,0,0,0,0,0,0,0,0,0,0,0,5,1,0,0,0,0,0,0,0,0,0,0,0,0,0,5,-1,0
/Users/kaiohs/Downloads/codes/lab02-experimentacao-software/data/repos/apache__groovy/src/main/java/org/codehaus/groovy/runtime/wrappers/LongWrapper.java,org.codehaus.groovy.runtime.wrappers.LongWrapper,class,1,1,0,1,1,3,0,0,0,0.0,NaN,NaN,1,0,1,0,0,0,1,0,0,0,0,0,0,0,0,0,0,0,0,5,0,0,0,0,0,0,0,0,0,0,0,0,0,0,4,1,0
/Users/kaiohs/Downloads/codes/lab02-experimentacao-software/data/repos/apache__groovy/src/main/java/org/codehaus/groovy/ast/ModuleNode.java,org.codehaus.groovy.ast.ModuleNode$Anonymous2,anonymous,2,2,0,2,2,1,0,4,0,0.0,NaN,NaN,1,0,1,0,0,0,1,0,0,0,0,0,0,0,0,0,0,0,0,8,0,0,0,0,0,0,0,0,0,0,1,0,0,0,7,-1,0
/Users/kaiohs/Downloads/codes/lab02-experimentacao-software/data/repos/apache__groovy/src/main/java/groovy/util/CharsetToolkit.java,groovy.util.CharsetToolkit,class,2,3,1,2,69,1,0,20,123,0.8571429,0.0,0.0,19,8,12,7,0,0,12,0,0,0,7,2,0,7,0,0,4,0,25,142,25,1,9,2,7,0,47,39,6,23,4,0,0,0,235,1,0
/Users/kaiohs/Downloads/codes/lab02-experimentacao-software/data/repos/apache__groovy/src/main/java/org/codehaus/groovy/runtime/dgmimpl/arrays/BooleanArrayPutAtMetaMethod.java,org.codehaus.groovy.runtime.dgmimpl.arrays.BooleanArrayPutAtMetaMethod,class,9,10,1,9,5,10,0,3,3,0.6666667,0.0,0.0,3,0,3,0,0,0,3,0,1,0,1,1,0,1,0,0,1,0,2,41,4,0,0,0,2,0,4,4,0,3,1,0,1,0,33,1,0
/Users/kaiohs/Downloads/codes/lab02-experimentacao-software/data/repos/apache__groovy/src/main/java/org/apache/groovy/internal/util/UnicodeConst.java,org.apache.groovy.internal.util.UnicodeConst,class,0,0,0,0,0,1,0,0,0,NaN,-1.0,-1.0,0,0,0,0,0,0,0,0,0,0,1,1,1,0,0,0,0,0,0,3,0,0,0,0,0,0,0,1,0,1,0,0,0,0,6,1,0
/Users/kaiohs/Downloads/codes/lab02-experimentacao-software/data/repos/apache__groovy/src/main/java/org/codehaus/groovy/runtime/metaclass/ClosureMetaClass.java,org.codehaus.groovy.runtime.metaclass.ClosureMetaClass$MethodChooser,interface,0,0,0,0,1,1,0,0,0,0.0,NaN,NaN,1,0,0,0,0,1,1,0,0,0,0,0,0,0,0,0,0,0,0,3,0,0,0,0,0,0,0,0,0,0,0,0,0,0,5,2,0
/Users/kaiohs/Downloads/codes/lab02-experimentacao-software/data/repos/apache__groovy/src/main/java/org/codehaus/groovy/vmplugin/v8/MethodHandleWrapper.java,org.codehaus.groovy.vmplugin.v8.MethodHandleWrapper,class,2,7,5,2,8,2,2,3,16,0.71875,0.0,0.0,8,1,8,0,0,0,8,0,0,0,4,0,0,4,0,0,4,0,0,38,6,0,0,0,0,0,2,4,0,4,0,0,1,0,24,0,0
/Users/kaiohs/Downloads/codes/lab02-experimentacao-software/data/repos/apache__groovy/src/main/java/org/codehaus/groovy/runtime/MethodKey.java,org.codehaus.groovy.runtime.MethodKey,class,2,6,4,2,26,1,3,10,25,0.65909094,0.0,0.0,11,0,10,0,1,0,11,2,0,0,4,0,0,4,0,0,3,0,0,82,16,4,7,0,1,2,15,23,3,15,2,0,0,0,59,1025,0
/Users/kaiohs/Downloads/codes/lab02-experimentacao-software/data/repos/apache__groovy/subprojects/groovy-testng/src/main/java/org/apache/groovy/plugin/testng/TestNgRunner.java,org.apache.groovy.plugin.testng.TestNgRunner,class,4,5,1,4,10,1,0,8,3,0.6666667,0.0,0.0,3,1,2,1,0,0,2,0,0,0,1,1,0,1,0,0,1,0,2,47,6,1,1,3,0,10,0,7,0,7,4,0,0,0,77,1,0
/Users/kaiohs/Downloads/codes/lab02-experimentacao-software/data/repos/apache__groovy/src/main/java/org/apache/groovy/util/concurrent/concurrentlinkedhashmap/ConcurrentLinkedHashMap.java,org.apache.groovy.util.concurrent.concurrentlinkedhashmap.ConcurrentLinkedHashMap$Builder,innerclass,9,9,0,9,14,1,0,6,10,0.75,0.0,0.0,8,0,8,0,0,0,8,0,0,0,7,2,0,0,0,7,2,0,11,48,7,0,2,0,2,1,7,13,0,7,0,0,0,0,129,25,0
/Users/kaiohs/Downloads/codes/lab02-experimentacao-software/data/repos/apache__groovy/src/main/java/org/codehaus/groovy/runtime/m12n/ExtensionModule.java,org.codehaus.groovy.runtime.m12n.ExtensionModule,class,1,8,7,1,5,1,1,0,0,0.4,0.0,0.0,5,0,5,0,0,0,5,1,0,0,2,0,0,2,0,0,2,0,0,19,3,0,0,0,0,3,0,3,2,3,0,0,0,0,34,1025,0
/Users/kaiohs/Downloads/codes/lab02-experimentacao-software/data/repos/apache__groovy/src/main/java/org/codehaus/groovy/reflection/stdclasses/BigIntegerCachedClass.java,org.codehaus.groovy.reflection.stdclasses.BigIntegerCachedClass,class,2,3,1,2,13,3,0,1,3,0.0,0.0,0.0,3,0,3,0,0,0,3,0,0,0,0,0,0,0,0,0,0,0,0,11,2,0,10,0,0,0,0,0,0,0,0,0,0,0,16,1,0
/Users/kaiohs/Downloads/codes/lab02-experimentacao-software/data/repos/apache__groovy/src/test/groovy/org/codehaus/groovy/runtime/methoddispatching/vm8/FooOne.java,org.codehaus.groovy.runtime.methoddispatching.vm8.BarOne,class,1,1,0,1,1,1,0,0,0,0.0,NaN,NaN,1,1,0,0,0,1,1,0,0,0,0,0,0,0,0,0,0,0,0,5,1,0,0,0,0,1,0,0,0,0,0,0,0,0,4,0,0
/Users/kaiohs/Downloads/codes/lab02-experimentacao-software/data/repos/apache__groovy/src/main/java/org/codehaus/groovy/runtime/dgmimpl/NumberNumberPlus.java,org.codehaus.groovy.runtime.dgmimpl.NumberNumberPlus$DoubleInteger,innerclass,5,5,0,5,4,7,0,2,1,0.0,0.0,0.0,2,0,2,0,0,0,2,0,1,0,0,0,0,0,0,0,0,0,0,15,2,0,0,1,0,0,1,0,1,0,2,0,0,0,19,10,0
/Users/kaiohs/Downloads/codes/lab02-experimentacao-software/data/repos/apache__groovy/src/main/java/groovy/time/TimeDatumDependentDuration.java,groovy.time.TimeDatumDependentDuration$Anonymous1,anonymous,2,2,0,2,1,1,0,10,0,0.0,NaN,NaN,1,0,1,0,0,0,1,0,0,0,0,0,0,0,0,0,0,0,1,13,1,0,0,0,0,0,0,1,0,1,0,0,0,0,5,-1,0
/Users/kaiohs/Downloads/codes/lab02-experimentacao-software/data/repos/apache__groovy/src/main/java/org/codehaus/groovy/ast/decompiled/ClassStub.java,org.codehaus.groovy.ast.decompiled.AnnotatedStub,interface,1,4,3,1,1,1,0,0,0,0.0,NaN,NaN,1,0,0,0,0,1,1,0,0,0,0,0,0,0,0,0,0,0,0,3,0,0,0,0,0,0,0,0,0,0,0,0,0,0,4,0,0
/Users/kaiohs/Downloads/codes/lab02-experimentacao-software/data/repos/apache__groovy/src/test/groovy/org/codehaus/groovy/classgen/MethodTest.java,org.codehaus.groovy.classgen.MethodTest,class,10,11,1,10,4,2,0,9,1,0.0,NaN,NaN,2,0,0,1,0,1,1,0,0,0,0,0,0,0,0,0,0,0,0,29,0,0,2,0,0,23,1,8,3,7,0,0,0,0,36,16,0
/Users/kaiohs/Downloads/codes/lab02-experimentacao-software/data/repos/apache__groovy/src/main/java/org/codehaus/groovy/runtime/dgmimpl/NumberNumberMetaMethod.java,org.codehaus.groovy.runtime.dgmimpl.NumberNumberMetaMethod$NumberNumberCallSite,innerclass,5,5,0,5,1,6,0,1,0,0.0,NaN,NaN,1,0,1,0,0,0,1,0,0,0,1,0,0,0,0,1,1,0,1,7,0,0,0,0,0,0,0,1,0,1,0,0,0,0,11,1033,0
/Users/kaiohs/Downloads/codes/lab02-experimentacao-software/data/repos/apache__groovy/src/main/java/org/codehaus/groovy/runtime/memoize/Memoize.java,org.codehaus.groovy.runtime.memoize.Memoize,class,9,11,2,9,5,4,0,3,3,1.0,0.0,0.0,3,3,2,1,0,0,2,0,0,0,1,1,0,1,0,0,1,0,3,78,4,0,1,0,0,0,1,4,0,4,1,0,3,0,119,1025,0
/Users/kaiohs/Downloads/codes/lab02-experimentacao-software/data/repos/apache__groovy/subprojects/groovy-ant/src/main/java/org/codehaus/groovy/ant/RootLoaderRef.java,org.codehaus.groovy.ant.RootLoaderRef,class,9,10,1,9,13,2,0,10,2,0.5,0.0,0.0,5,0,5,0,0,0,5,0,0,0,2,0,0,2,0,0,0,0,0,46,1,1,3,0,0,4,0,7,0,6,2,0,0,0,120,1,0
/Users/kaiohs/Downloads/codes/lab02-experimentacao-software/data/repos/apache__groovy/src/main/java/org/codehaus/groovy/transform/trait/TraitHelpersTuple.java,org.codehaus.groovy.transform.trait.TraitHelpersTuple,class,1,3,2,1,5,1,0,0,0,0.4666667,0.0,0.0,5,0,5,0,0,0,5,0,0,0,3,0,0,3,0,0,3,0,0,22,3,0,0,0,0,0,0,3,0,3,0,0,0,0,21,0,0
/Users/kaiohs/Downloads/codes/lab02-experimentacao-software/data/repos/apache__groovy/src/main/java/org/codehaus/groovy/classgen/VerifierCodeVisitor.java,org.codehaus.groovy.classgen.VerifierCodeVisitor,class,12,14,2,12,18,2,0,23,19,0.71428573,0.0,0.0,7,1,7,0,0,0,7,0,0,0,1,0,0,1,0,0,1,0,6,54,0,2,2,0,1,16,5,6,5,8,2,0,0,2,89,1,0
/Users/kaiohs/Downloads/codes/lab02-experimentacao-software/data/repos/apache__groovy/src/main/java/org/codehaus/groovy/control/io/ReaderSource.java,org.codehaus.groovy.control.io.ReaderSource,interface,2,9,7,2,5,1,0,0,10,0.0,0.0,0.0,5,0,0,0,0,5,5,0,0,0,0,0,0,0,0,0,0,0,0,7,0,0,0,0,0,0,0,0,0,0,0,0,0,0,67,1,0
/Users/kaiohs/Downloads/codes/lab02-experimentacao-software/data/repos/apache__groovy/benchmark/bench/objinst.java,objinst,class,2,2,0,2,7,1,0,5,0,0.0,NaN,NaN,1,1,1,0,0,0,1,0,0,0,0,0,0,0,0,0,0,0,1,20,0,4,0,0,2,5,9,9,0,9,1,0,0,0,13,1,0
/Users/kaiohs/Downloads/codes/lab02-experimentacao-software/data/repos/apache__groovy/src/main/java/org/codehaus/groovy/runtime/dgmimpl/arrays/DoubleArrayPutAtMetaMethod.java,org.codehaus.groovy.runtime.dgmimpl.arrays.DoubleArrayPutAtMetaMethod$MyPojoMetaMethodSite,innerclass,6,6,0,6,11,6,0,4,3,0.0,0.0,0.0,3,0,3,0,0,0,3,0,0,0,0,0,0,0,0,0,0,0,2,25,4,0,0,1,3,0,4,3,0,1,3,0,0,0,24,10,0
/Users/kaiohs/Downloads/codes/lab02-experimentacao-software/data/repos/apache__groovy/src/main/java/org/codehaus/groovy/runtime/typehandling/BigIntegerMath.java,org.codehaus.groovy.runtime.typehandling.BigIntegerMath,class,3,5,2,3,18,2,0,18,153,0.9444444,0.0,0.0,18,0,17,1,0,0,17,0,0,0,1,1,1,0,0,0,1,0,26,56,17,0,0,0,0,0,0,1,0,1,0,0,0,0,36,17,0
/Users/kaiohs/Downloads/codes/lab02-experimentacao-software/data/repos/apache__groovy/subprojects/groovy-groovydoc/src/main/java/org/codehaus/groovy/tools/groovydoc/SimpleGroovyRootDoc.java,org.codehaus.groovy.tools.groovydoc.SimpleGroovyRootDoc$ClassNamedCache,innerclass,3,3,0,3,14,1,0,13,1,0.5,NaN,NaN,3,0,1,2,0,0,1,0,0,0,2,0,0,2,0,0,2,0,0,62,4,1,3,0,2,0,4,11,1,9,3,0,1,0,28,26,0
/Users/kaiohs/Downloads/codes/lab02-experimentacao-software/data/repos/apache__groovy/subprojects/groovy-sql/src/main/java/groovy/sql/CallResultSet.java,groovy.sql.CallResultSet,class,4,6,2,4,4,3,0,2,0,0.4166667,0.0,0.0,3,1,0,0,2,1,3,0,0,0,4,0,0,0,0,4,0,0,0,22,2,0,0,0,0,0,1,6,1,5,1,0,0,0,30,0,0
/Users/kaiohs/Downloads/codes/lab02-experimentacao-software/data/repos/apache__groovy/src/main/java/org/codehaus/groovy/control/io/InputStreamReaderSource.java,org.codehaus.groovy.control.io.InputStreamReaderSource,class,2,3,1,2,5,2,0,1,4,0.5,0.0,0.0,4,0,4,0,0,0,4,0,0,0,1,0,0,1,0,0,0,0,0,21,4,0,1,0,0,0,0,3,0,2,1,0,0,0,46,1,0
/Users/kaiohs/Downloads/codes/lab02-experimentacao-software/data/repos/apache__groovy/src/test/groovy/groovy/inspect/InspectorTest.java,groovy.inspect.InspectorTest$ClassWithPrivate,innerclass,0,0,0,0,0,1,0,0,0,NaN,-1.0,-1.0,0,0,0,0,0,0,0,0,0,0,1,0,0,1,0,0,0,0,0,3,0,0,0,0,0,2,0,1,0,1,0,0,0,0,5,8,0
/Users/kaiohs/Downloads/codes/lab02-experimentacao-software/data/repos/apache__groovy/src/main/java/org/codehaus/groovy/control/ParserPlugin.java,org.codehaus.groovy.control.ParserPlugin,interface,7,11,4,7,3,1,0,7,3,0.0,0.0,0.0,3,1,0,0,0,3,3,0,0,0,0,0,0,0,0,0,0,0,1,12,1,0,0,0,0,2,0,1,1,1,0,0,0,0,44,1,0
/Users/kaiohs/Downloads/codes/lab02-experimentacao-software/data/repos/apache__groovy/subprojects/groovy-groovydoc/src/test/groovy/org/codehaus/groovy/tools/groovydoc/testfiles/JavaStaticNestedClassWithDiamond.java,org.codehaus.groovy.tools.groovydoc.testfiles.JavaStaticNestedClassWithDiamond$Nested,innerclass,2,2,0,2,1,2,0,0,0,0.0,NaN,NaN,1,0,0,0,0,1,1,0,0,0,0,0,0,0,0,0,0,0,0,4,0,0,0,0,0,0,0,0,0,0,0,0,0,0,4,9,0
/Users/kaiohs/Downloads/codes/lab02-experimentacao-software/data/repos/apache__groovy/src/main/java/org/codehaus/groovy/util/ListHashMap.java,org.codehaus.groovy.util.ListHashMap,class,3,4,1,3,50,1,0,18,0,0.484375,0.0,0.0,16,0,14,2,0,0,14,0,0,0,4,0,0,4,0,0,2,0,3,151,22,9,17,0,7,1,23,47,2,22,5,0,0,0,72,1,0
/Users/kaiohs/Downloads/codes/lab02-experimentacao-software/data/repos/apache__groovy/subprojects/groovy-sql/src/main/java/groovy/sql/DataSet.java,groovy.sql.DataSet,class,13,15,2,13,68,2,0,52,251,0.8760504,0.0,0.0,34,1,21,8,5,0,26,0,0,0,14,1,0,14,0,0,3,0,2,279,25,2,15,0,1,33,7,59,8,35,4,1,0,0,278,1,0
/Users/kaiohs/Downloads/codes/lab02-experimentacao-software/data/repos/apache__groovy/subprojects/groovy-swing/src/main/java/org/apache/groovy/swing/binding/PropertyBinding.java,org.apache.groovy.swing.binding.PropertyBinding$PropertyFullBinding,innerclass,4,4,0,4,15,2,0,10,0,0.45000002,0.0,0.0,5,0,4,0,0,1,5,0,0,0,4,0,0,0,0,4,0,0,0,62,0,0,0,4,0,6,0,8,1,4,3,0,0,0,44,0,0
/Users/kaiohs/Downloads/codes/lab02-experimentacao-software/data/repos/apache__groovy/src/main/java/org/codehaus/groovy/tools/ErrorReporter.java,org.codehaus.groovy.tools.ErrorReporter,class,4,6,2,4,21,1,0,17,34,0.6944444,0.0,0.0,12,0,4,0,8,0,12,0,0,0,3,0,0,3,0,0,0,0,0,82,0,0,0,0,5,2,0,8,1,3,2,0,0,0,78,1,0
/Users/kaiohs/Downloads/codes/lab02-experimentacao-software/data/repos/apache__groovy/subprojects/groovy-sql/src/main/java/groovy/sql/GroovyResultSetProxy.java,groovy.sql.GroovyResultSetProxy$DummyResultSet,innerclass,1,1,0,1,0,1,0,0,0,0.0,-1.0,-1.0,0,0,0,0,0,0,0,0,0,0,0,0,0,0,0,0,0,0,0,2,0,0,0,0,0,0,0,0,0,0,0,0,0,0,29,1034,0
/Users/kaiohs/Downloads/codes/lab02-experimentacao-software/data/repos/apache__groovy/src/main/java/org/codehaus/groovy/runtime/DefaultGroovyMethods.java,org.codehaus.groovy.runtime.DefaultGroovyMethods$NumberAwareValueComparator,innerclass,3,3,0,3,1,1,0,2,0,0.0,NaN,NaN,1,0,1,0,0,0,1,0,0,0,1,0,0,1,0,0,1,0,0,6,1,0,0,0,0,0,0,1,0,1,0,0,0,0,3,10,0
/Users/kaiohs/Downloads/codes/lab02-experimentacao-software/data/repos/apache__groovy/src/main/java/org/codehaus/groovy/runtime/metaclass/OwnedMetaClass.java,org.codehaus.groovy.runtime.metaclass.OwnedMetaClass,class,7,9,2,7,36,2,1,27,630,0.0,0.0,0.0,36,0,34,0,2,0,36,2,0,0,0,0,0,0,0,0,0,0,0,166,29,0,0,0,0,2,0,60,1,60,0,0,0,0,50,1025,0
/Users/kaiohs/Downloads/codes/lab02-experimentacao-software/data/repos/apache__groovy/subprojects/groovy-xml/src/main/java/groovy/xml/streamingmarkupsupport/StreamingMarkupWriter.java,groovy.xml.streamingmarkupsupport.StreamingMarkupWriter$Anonymous1,anonymous,3,3,0,3,9,1,0,8,21,0.0,0.0,0.0,7,0,7,0,0,0,7,0,0,0,0,0,0,0,0,0,0,0,0,30,3,1,0,0,0,0,1,2,0,1,1,0,0,0,16,-1,0
/Users/kaiohs/Downloads/codes/lab02-experimentacao-software/data/repos/apache__groovy/src/test/groovy/org/codehaus/groovy/ast/decompiled/support/Groovy8632.java,org.codehaus.groovy.ast.decompiled.support.Groovy8632$Builder,innerclass,1,1,0,1,0,2,0,0,0,0.0,-1.0,-1.0,0,0,0,0,0,0,0,0,0,0,0,0,0,0,0,0,0,0,0,2,0,0,0,0,0,0,0,0,0,0,0,0,0,0,1,25,0
/Users/kaiohs/Downloads/codes/lab02-experimentacao-software/data/repos/apache__groovy/src/main/java/org/codehaus/groovy/classgen/asm/sc/StaticTypesLambdaWriter.java,org.codehaus.groovy.classgen.asm.sc.StaticTypesLambdaWriter$Anonymous1,anonymous,2,2,0,2,7,1,0,7,1,0.0,0.0,0.0,2,0,2,0,0,0,2,0,0,0,0,0,0,0,0,0,0,0,0,18,0,0,1,0,0,3,3,4,0,1,2,0,0,0,9,-1,0
/Users/kaiohs/Downloads/codes/lab02-experimentacao-software/data/repos/apache__groovy/src/main/java/org/codehaus/groovy/classgen/asm/sc/StaticTypesLambdaWriter.java,org.codehaus.groovy.classgen.asm.sc.StaticTypesLambdaWriter$Anonymous2,anonymous,4,4,0,4,1,1,0,7,0,0.0,NaN,NaN,1,0,1,0,0,0,1,0,0,0,0,0,0,0,0,0,0,0,1,10,0,0,0,0,0,3,1,1,0,1,0,0,0,0,20,-1,0
/Users/kaiohs/Downloads/codes/lab02-experimentacao-software/data/repos/apache__groovy/src/main/java/org/codehaus/groovy/tools/javac/JavacCompilerFactory.java,org.codehaus.groovy.tools.javac.JavacCompilerFactory,class,4,5,1,4,1,1,0,0,0,0.0,NaN,NaN,1,0,1,0,0,0,1,0,0,0,0,0,0,0,0,0,0,0,0,5,1,0,0,0,0,0,0,0,0,0,0,0,0,0,7,1,0
/Users/kaiohs/Downloads/codes/lab02-experimentacao-software/data/repos/apache__groovy/src/main/java/groovy/lang/DeprecationException.java,groovy.lang.DeprecationException,class,0,0,0,0,2,4,0,0,1,1.0,0.0,0.0,2,0,2,0,0,0,2,0,0,0,1,1,0,1,0,0,1,0,0,9,0,0,0,0,0,0,1,1,0,1,0,0,0,0,69,1,0
/Users/kaiohs/Downloads/codes/lab02-experimentacao-software/data/repos/apache__groovy/src/main/java/org/codehaus/groovy/runtime/wrappers/Wrapper.java,org.codehaus.groovy.runtime.wrappers.Wrapper,class,3,14,11,3,6,1,2,1,13,0.6666667,0.0,0.0,6,0,4,0,2,0,6,3,0,0,1,0,0,0,1,0,1,0,0,15,2,0,0,0,0,0,0,1,0,1,0,0,0,0,11,1025,0
/Users/kaiohs/Downloads/codes/lab02-experimentacao-software/data/repos/apache__groovy/benchmark/bench/nbody.java,NBodySystem,class,1,2,1,1,9,1,0,7,0,0.0,0.0,0.0,3,0,3,0,0,0,3,0,0,0,1,0,0,1,0,0,0,0,7,53,1,6,0,0,3,0,12,34,40,20,2,0,0,0,18,16,0
/Users/kaiohs/Downloads/codes/lab02-experimentacao-software/data/repos/apache__groovy/subprojects/groovy-contracts/src/main/java/org/apache/groovy/contracts/ast/ModifiesASTTransformation.java,org.apache.groovy.contracts.ast.ModifiesASTTransformation,class,18,19,1,18,25,1,0,26,6,0.75,NaN,NaN,4,3,1,3,0,0,1,0,0,0,1,1,1,0,0,0,1,0,4,80,10,2,6,0,3,13,5,14,2,12,4,0,0,0,102,1,0
/Users/kaiohs/Downloads/codes/lab02-experimentacao-software/data/repos/apache__groovy/src/test-resources/stubgenerator/propertyUsageFromJava/somepackage/JavaBean.java,stubgenerator.propertyUsageFromJava.somepackage.JavaBean,class,1,1,0,1,1,1,0,5,0,0.0,NaN,NaN,1,0,1,0,0,0,1,0,0,0,0,0,0,0,0,0,0,0,0,9,0,0,0,0,0,1,1,1,0,1,0,0,0,0,6,1,0
/Users/kaiohs/Downloads/codes/lab02-experimentacao-software/data/repos/apache__groovy/src/test/groovy/org/codehaus/groovy/classgen/GetPropertyTest.java,org.codehaus.groovy.classgen.GetPropertyTest,class,3,3,0,3,1,2,0,5,0,0.0,NaN,NaN,1,0,0,0,0,1,1,0,0,0,0,0,0,0,0,0,0,0,0,10,0,0,0,0,0,10,0,2,1,2,0,0,0,0,27,16,0
/Users/kaiohs/Downloads/codes/lab02-experimentacao-software/data/repos/apache__groovy/src/main/java/org/codehaus/groovy/vmplugin/v8/Selector.java,org.codehaus.groovy.vmplugin.v8.Selector,class,15,21,6,15,21,10,2,13,20,0.9345238,0.0,0.0,8,6,2,5,0,1,3,1,0,0,16,1,15,1,0,0,1,0,6,691,8,2,3,0,4,3,13,19,3,30,3,0,5,0,122,1025,3
/Users/kaiohs/Downloads/codes/lab02-experimentacao-software/data/repos/apache__groovy/src/main/java/org/codehaus/groovy/transform/stc/StaticTypeCheckingVisitor.java,org.codehaus.groovy.transform.stc.StaticTypeCheckingVisitor$ParameterVariableExpression,innerclass,4,4,0,4,6,2,0,7,0,0.0,0.0,0.0,3,0,2,0,0,1,3,0,0,0,1,0,0,1,0,0,1,0,0,21,1,0,3,0,0,0,0,4,0,2,2,0,0,0,46,2,0
/Users/kaiohs/Downloads/codes/lab02-experimentacao-software/data/repos/apache__groovy/src/main/java/org/apache/groovy/parser/antlr4/Antlr4ParserPlugin.java,org.apache.groovy.parser.antlr4.Antlr4ParserPlugin,class,10,11,1,10,4,1,0,8,1,0.0,0.0,0.0,2,0,2,0,0,0,2,0,0,0,0,0,0,0,0,0,0,0,0,17,2,0,0,1,0,1,0,1,0,1,2,0,0,0,36,1,0
/Users/kaiohs/Downloads/codes/lab02-experimentacao-software/data/repos/apache__groovy/benchmark/bench/strcat.java,strcat,class,0,0,0,0,2,1,0,4,0,0.0,NaN,NaN,1,1,1,0,0,0,1,0,0,0,0,0,0,0,0,0,0,0,1,11,0,1,0,0,0,1,3,4,0,4,1,0,0,0,11,1,0
/Users/kaiohs/Downloads/codes/lab02-experimentacao-software/data/repos/apache__groovy/src/test/groovy/org/codehaus/groovy/ast/decompiled/support/Groovy8632.java,org.codehaus.groovy.ast.decompiled.support.Groovy8632$InnerProtected,innerclass,0,0,0,0,0,1,0,0,0,0.0,-1.0,-1.0,0,0,0,0,0,0,0,0,0,0,0,0,0,0,0,0,0,0,0,2,0,0,0,0,0,0,0,0,0,0,0,0,0,0,2,4,0
/Users/kaiohs/Downloads/codes/lab02-experimentacao-software/data/repos/apache__groovy/src/test/groovy/groovy/lang/GStringTest.java,groovy.lang.GStringTest,class,4,4,0,4,7,2,0,19,15,0.0,0.0,0.0,6,0,6,0,0,0,6,0,0,0,0,0,0,0,0,0,0,0,3,45,0,0,1,0,0,29,8,14,2,14,0,0,0,0,38,1,0
/Users/kaiohs/Downloads/codes/lab02-experimentacao-software/data/repos/apache__groovy/src/test/groovy/org/codehaus/groovy/ast/decompiled/AsmDecompilerTestData.java,org.codehaus.groovy.ast.decompiled.SomeEnum,enum,0,0,0,0,0,1,0,0,0,0.0,-1.0,-1.0,0,0,0,0,0,0,0,0,0,0,0,0,0,0,0,0,0,0,0,1,0,0,0,0,0,0,0,0,0,0,0,0,0,0,6,0,0
/Users/kaiohs/Downloads/codes/lab02-experimentacao-software/data/repos/apache__groovy/src/main/java/org/codehaus/groovy/runtime/typehandling/GroovyCastException.java,org.codehaus.groovy.runtime.typehandling.GroovyCastException,class,1,6,5,1,15,5,0,8,10,1.0,0.0,0.0,5,2,3,2,0,0,3,0,0,0,1,1,0,1,0,0,1,0,4,47,4,0,10,0,0,12,1,10,5,4,1,0,0,1,42,1,0
/Users/kaiohs/Downloads/codes/lab02-experimentacao-software/data/repos/apache__groovy/src/main/java/org/apache/groovy/util/concurrent/concurrentlinkedhashmap/ConcurrentLinkedHashMap.java,org.apache.groovy.util.concurrent.concurrentlinkedhashmap.ConcurrentLinkedHashMap$KeySet,innerclass,4,4,0,4,8,3,0,7,1,0.2857143,0.0,0.0,7,0,7,0,0,0,7,0,0,0,1,0,0,0,0,1,1,0,0,24,6,0,1,0,1,0,0,1,0,1,0,0,0,0,20,16,0
/Users/kaiohs/Downloads/codes/lab02-experimentacao-software/data/repos/apache__groovy/benchmark/bench/methcall.java,Toggle,class,1,5,4,1,3,1,2,0,0,0.0,0.0,0.0,3,0,3,0,0,0,3,0,0,0,1,0,0,0,0,1,0,0,0,13,2,0,0,0,2,0,0,3,0,1,0,0,0,0,6,0,0
/Users/kaiohs/Downloads/codes/lab02-experimentacao-software/data/repos/apache__groovy/src/main/java/org/codehaus/groovy/runtime/dgmimpl/arrays/CharacterArrayPutAtMetaMethod.java,org.codehaus.groovy.runtime.dgmimpl.arrays.CharacterArrayPutAtMetaMethod$MyPojoMetaMethodSite,innerclass,6,6,0,6,11,6,0,4,3,0.0,0.0,0.0,3,0,3,0,0,0,3,0,0,0,0,0,0,0,0,0,0,0,2,25,4,0,0,1,3,0,4,3,0,1,3,0,0,0,24,10,0
/Users/kaiohs/Downloads/codes/lab02-experimentacao-software/data/repos/apache__groovy/subprojects/groovy-console/src/main/groovy/groovy/console/ui/text/StructuredSyntaxDocumentFilter.java,groovy.console.ui.text.StructuredSyntaxDocumentFilter$MultiLineRun,innerclass,1,1,0,1,10,1,0,4,0,0.5,0.0,0.0,8,0,8,0,0,0,8,0,0,0,3,0,0,3,0,0,0,0,0,39,6,0,0,0,0,3,2,5,3,5,1,0,0,0,29,4,0
/Users/kaiohs/Downloads/codes/lab02-experimentacao-software/data/repos/apache__groovy/src/main/java/groovy/lang/MetaProperty.java,groovy.lang.MetaProperty,class,1,21,20,1,9,1,5,1,20,0.75,0.0,0.0,8,2,8,0,0,0,8,2,0,0,3,1,1,0,2,0,2,0,0,27,5,0,1,0,0,3,0,4,2,4,0,0,0,0,65,1025,0
/Users/kaiohs/Downloads/codes/lab02-experimentacao-software/data/repos/apache__groovy/src/main/java/org/codehaus/groovy/transform/stc/TypeCheckingContext.java,org.codehaus.groovy.transform.stc.TypeCheckingContext$EnclosingClosure,innerclass,2,2,0,2,5,1,0,2,0,0.4,0.0,0.0,5,0,5,0,0,0,5,0,0,0,2,0,0,2,0,0,2,0,0,19,3,0,0,0,0,3,0,2,1,2,0,0,0,0,30,9,0
/Users/kaiohs/Downloads/codes/lab02-experimentacao-software/data/repos/apache__groovy/subprojects/groovy-templates/src/main/groovy/groovy/text/markup/AutoNewLineTransformer.java,groovy.text.markup.AutoNewLineTransformer,class,13,15,2,13,15,2,0,21,6,0.6,0.0,0.0,5,0,2,1,1,1,4,0,0,0,2,0,0,2,0,0,1,0,1,59,2,1,1,0,3,2,4,14,2,12,4,0,0,0,61,0,0
/Users/kaiohs/Downloads/codes/lab02-experimentacao-software/data/repos/apache__groovy/subprojects/groovy-jmx/src/main/java/groovy/jmx/builder/JmxEventListener.java,groovy.jmx.builder.JmxEventListener,class,2,4,2,2,8,1,0,11,3,0.6666667,0.0,0.0,3,2,2,1,0,0,2,0,0,1,1,1,0,1,0,0,0,0,1,30,2,0,4,0,0,7,1,5,0,5,3,0,0,0,65,1,0
/Users/kaiohs/Downloads/codes/lab02-experimentacao-software/data/repos/apache__groovy/subprojects/groovy-xml/src/main/java/groovy/xml/slurpersupport/NodeChild.java,groovy.xml.slurpersupport.NodeChild,class,8,16,8,8,23,3,0,17,0,0.2,0.0,0.0,20,0,17,0,3,0,20,0,0,0,1,0,0,1,0,0,1,0,0,76,15,0,2,0,1,3,2,1,0,1,1,0,0,0,92,1,0
/Users/kaiohs/Downloads/codes/lab02-experimentacao-software/data/repos/apache__groovy/subprojects/groovy-groovysh/src/main/groovy/org/apache/groovy/groovysh/jline/PackageHelper.java,org.apache.groovy.groovysh.jline.PackageHelper$Anonymous1,anonymous,0,0,0,0,3,1,0,0,0,0.25,0.0,0.0,2,0,2,0,0,0,2,0,0,0,2,0,0,0,0,2,1,0,0,10,2,0,0,0,1,0,0,1,0,2,0,0,0,0,10,-1,0
/Users/kaiohs/Downloads/codes/lab02-experimentacao-software/data/repos/apache__groovy/src/main/java/org/codehaus/groovy/ast/decompiled/AsmDecompiler.java,org.codehaus.groovy.ast.decompiled.AsmDecompiler$AnnotationReader,innerclass,8,8,0,8,7,2,0,3,15,0.0,0.0,0.0,6,0,5,0,0,1,6,1,0,0,0,0,0,0,0,0,0,0,1,27,2,0,0,0,1,0,0,2,0,2,0,1,0,0,30,1034,0
/Users/kaiohs/Downloads/codes/lab02-experimentacao-software/data/repos/apache__groovy/subprojects/groovy-templates/src/test/java/groovy/text/TemplateTest.java,groovy.text.TemplateTest,class,5,5,0,5,2,2,0,6,1,0.0,0.0,0.0,2,0,2,0,0,0,2,0,0,0,0,0,0,0,0,0,0,0,0,18,0,0,0,0,0,12,0,6,0,6,0,0,0,0,26,1,0
/Users/kaiohs/Downloads/codes/lab02-experimentacao-software/data/repos/apache__groovy/src/test/groovy/bugs/ClosuresInScriptBug.java,bugs.ClosuresInScriptBug,class,2,2,0,2,1,2,0,1,0,0.0,NaN,NaN,1,0,0,0,0,1,1,0,0,0,0,0,0,0,0,0,0,0,0,5,0,0,0,0,0,1,0,0,0,0,0,0,0,0,11,16,0
/Users/kaiohs/Downloads/codes/lab02-experimentacao-software/data/repos/apache__groovy/src/main/java/org/codehaus/groovy/runtime/DefaultGroovyMethods.java,org.codehaus.groovy.runtime.DefaultGroovyMethods$FindAllIterator,innerclass,4,4,0,4,9,1,0,5,0,0.5,0.0,0.0,5,0,3,2,0,0,3,0,0,0,4,0,0,4,0,0,2,0,0,36,3,1,0,0,0,1,0,7,0,5,2,0,0,0,32,26,0
/Users/kaiohs/Downloads/codes/lab02-experimentacao-software/data/repos/apache__groovy/src/main/java/org/codehaus/groovy/runtime/metaclass/MetaClassRegistryImpl.java,org.codehaus.groovy.runtime.metaclass.MetaClassRegistryImpl$Anonymous1,anonymous,3,3,0,3,6,1,0,4,0,0.5,0.0,0.0,4,0,3,1,0,0,3,0,0,0,4,0,0,4,0,0,0,0,0,32,3,0,0,0,0,0,1,9,0,4,1,0,0,0,15,-1,0
/Users/kaiohs/Downloads/codes/lab02-experimentacao-software/data/repos/apache__groovy/src/main/java/org/codehaus/groovy/transform/sc/TemporaryVariableExpression.java,org.codehaus.groovy.transform.sc.TemporaryVariableExpression,class,9,15,6,9,7,2,0,11,0,0.3,0.0,0.0,5,0,5,0,0,0,5,0,0,0,2,0,0,2,0,0,1,0,0,33,2,0,1,0,1,0,5,7,0,4,2,0,0,0,58,1,0
/Users/kaiohs/Downloads/codes/lab02-experimentacao-software/data/repos/apache__groovy/src/main/java/org/apache/groovy/internal/util/UncheckedThrow.java,org.apache.groovy.internal.util.UncheckedThrow,class,3,6,3,3,2,1,0,1,1,0.0,NaN,NaN,2,2,1,1,0,0,1,0,0,0,0,0,0,0,0,0,0,0,1,8,0,0,0,0,0,1,0,0,0,0,0,0,0,0,23,1,0
/Users/kaiohs/Downloads/codes/lab02-experimentacao-software/data/repos/apache__groovy/src/main/java/groovy/lang/MetaClassImpl.java,groovy.lang.MetaClassImpl$1MOPIter,innerclass,9,9,0,9,39,2,0,21,8,0.6,NaN,NaN,5,0,1,4,0,0,1,0,0,0,1,0,0,0,0,1,0,0,2,70,10,5,8,0,5,4,25,26,6,16,4,0,0,0,38,0,0
/Users/kaiohs/Downloads/codes/lab02-experimentacao-software/data/repos/apache__groovy/src/main/java/org/codehaus/groovy/runtime/wrappers/PojoWrapper.java,org.codehaus.groovy.runtime.wrappers.PojoWrapper,class,2,12,10,2,8,2,8,3,0,0.3125,0.0,0.0,8,0,6,0,2,0,8,0,0,0,2,0,0,0,2,0,1,0,0,29,5,0,0,0,0,0,0,2,0,2,0,0,0,0,22,1,0
/Users/kaiohs/Downloads/codes/lab02-experimentacao-software/data/repos/apache__groovy/src/main/java/org/codehaus/groovy/runtime/IOGroovyMethods.java,org.codehaus.groovy.runtime.IOGroovyMethods,class,21,27,6,21,123,2,0,79,2769,0.972973,0.0,0.0,75,75,70,5,0,0,70,0,0,0,5,5,0,5,0,0,2,0,83,692,69,14,28,21,7,46,31,104,4,77,3,4,0,0,418,1,0
/Users/kaiohs/Downloads/codes/lab02-experimentacao-software/data/repos/apache__groovy/subprojects/groovy-groovysh/src/main/groovy/org/apache/groovy/groovysh/jline/GroovyEngine.java,org.apache.groovy.groovysh.jline.GroovyEngine$ObjectCloner,innerclass,3,3,0,3,12,1,0,13,4,0.4,0.0,0.0,5,0,4,1,0,0,4,0,0,0,2,0,0,0,0,2,0,0,0,41,3,1,1,1,0,2,0,9,1,6,2,0,0,0,27,10,0
/Users/kaiohs/Downloads/codes/lab02-experimentacao-software/data/repos/apache__groovy/src/test/groovy/gls/ch06/s05/JName1Test.java,gls.ch06.s05.JName1Test,class,8,8,0,8,56,2,0,27,28,0.0,0.0,0.0,8,0,8,0,0,0,8,0,0,0,0,0,0,0,0,0,0,0,0,234,0,0,48,0,24,96,0,48,0,40,0,20,0,0,32,1,0
/Users/kaiohs/Downloads/codes/lab02-experimentacao-software/data/repos/apache__groovy/src/main/java/org/codehaus/groovy/runtime/dgmimpl/NumberNumberPlus.java,org.codehaus.groovy.runtime.dgmimpl.NumberNumberPlus$FloatInteger,innerclass,5,5,0,5,4,7,0,4,1,0.0,0.0,0.0,2,0,2,0,0,0,2,0,1,0,0,0,0,0,0,0,0,0,0,15,2,0,0,1,2,0,1,0,1,0,2,0,0,0,19,10,0
/Users/kaiohs/Downloads/codes/lab02-experimentacao-software/data/repos/apache__groovy/src/main/java/org/codehaus/groovy/util/ReferenceBundle.java,org.codehaus.groovy.util.ReferenceBundle,class,3,13,10,3,8,1,0,3,9,0.7142858,0.0,0.0,7,4,7,0,0,0,8,0,0,0,3,1,0,3,0,0,3,0,3,36,6,0,0,0,0,0,1,9,0,9,0,0,0,0,21,1,0
/Users/kaiohs/Downloads/codes/lab02-experimentacao-software/data/repos/apache__groovy/src/main/java/org/codehaus/groovy/vmplugin/VMPluginFactory.java,org.codehaus.groovy.vmplugin.VMPluginFactory,class,3,13,10,3,6,1,0,16,1,0.5,NaN,NaN,2,2,1,1,0,0,1,0,0,0,2,2,0,2,0,0,2,0,4,27,4,1,0,1,0,3,1,6,1,6,4,0,0,0,40,1,0
/Users/kaiohs/Downloads/codes/lab02-experimentacao-software/data/repos/apache__groovy/src/main/java/org/codehaus/groovy/reflection/stdclasses/StringCachedClass.java,org.codehaus.groovy.reflection.stdclasses.StringCachedClass,class,3,4,1,3,7,2,0,2,4,0.625,0.0,0.0,4,0,4,0,0,0,4,0,0,0,2,2,0,2,0,0,2,0,0,16,3,0,2,0,0,0,0,2,0,2,0,0,0,0,26,1,0
/Users/kaiohs/Downloads/codes/lab02-experimentacao-software/data/repos/apache__groovy/src/main/java/org/codehaus/groovy/runtime/ProcessResult.java,org.codehaus.groovy.runtime.ProcessResult,class,1,3,2,1,10,1,0,4,1,0.5238095,0.0,0.0,7,1,6,1,0,0,6,0,0,0,3,0,0,3,0,0,3,0,2,31,8,0,2,0,0,9,4,4,3,4,1,0,0,0,42,1,0
/Users/kaiohs/Downloads/codes/lab02-experimentacao-software/data/repos/apache__groovy/src/test/groovy/org/codehaus/groovy/runtime/MethodRankHelperTest.java,org.codehaus.groovy.runtime.MethodRankHelperTest$TempClass,innerclass,0,0,0,0,8,1,0,0,0,0.5833333,0.0,0.0,8,0,8,0,0,0,8,0,0,0,1,0,0,0,0,1,0,0,0,22,3,0,0,0,0,0,0,0,1,3,0,0,0,0,14,16,0
/Users/kaiohs/Downloads/codes/lab02-experimentacao-software/data/repos/apache__groovy/subprojects/groovy-groovysh/src/main/groovy/org/apache/groovy/groovysh/jline/GroovyEngine.java,org.apache.groovy.groovysh.jline.GroovyEngine$AccessRules,innerclass,1,1,0,1,2,1,0,1,1,0.5,0.0,0.0,2,0,2,0,0,0,2,0,0,0,4,0,0,0,4,0,4,0,4,15,0,0,0,0,0,0,0,4,0,4,0,0,0,0,10,12,0
/Users/kaiohs/Downloads/codes/lab02-experimentacao-software/data/repos/apache__groovy/subprojects/groovy-toml/src/main/java/org/apache/groovy/toml/util/TomlConverter.java,org.apache.groovy.toml.util.TomlConverter,class,6,8,2,6,5,1,0,3,3,0.0,0.0,0.0,3,2,2,1,0,0,2,0,0,0,0,0,0,0,0,0,0,0,0,22,2,0,0,2,0,0,0,4,0,4,1,0,0,0,32,17,0
/Users/kaiohs/Downloads/codes/lab02-experimentacao-software/data/repos/apache__groovy/subprojects/groovy-dateutil/src/main/java/org/apache/groovy/dateutil/extensions/DateUtilStaticExtensions.java,org.apache.groovy.dateutil.extensions.DateUtilStaticExtensions,class,0,0,0,0,3,1,0,2,3,0.0,0.0,0.0,3,3,3,0,0,0,3,0,0,0,0,0,0,0,0,0,0,0,0,13,3,0,0,0,0,1,0,1,0,1,0,0,0,0,93,1,0
/Users/kaiohs/Downloads/codes/lab02-experimentacao-software/data/repos/apache__groovy/src/test/groovy/org/codehaus/groovy/classgen/asm/sc/bugs/support/Groovy7133Support.java,org.codehaus.groovy.classgen.asm.sc.bugs.support.Groovy7133Support,class,1,1,0,1,1,1,0,1,0,0.0,NaN,NaN,1,1,1,0,0,0,1,0,0,0,0,0,0,0,0,0,0,0,1,5,1,0,0,0,0,0,1,0,0,0,0,0,0,0,3,1,0
/Users/kaiohs/Downloads/codes/lab02-experimentacao-software/data/repos/apache__groovy/src/main/java/org/codehaus/groovy/vmplugin/v8/Selector.java,org.codehaus.groovy.vmplugin.v8.Selector$MethodSelector,innerclass,30,30,0,30,148,2,0,109,146,0.8166666,0.0,0.0,20,0,17,2,1,0,18,0,0,0,3,1,0,2,1,0,1,0,58,375,19,5,32,2,12,63,43,129,21,51,4,0,0,1,302,10,36
/Users/kaiohs/Downloads/codes/lab02-experimentacao-software/data/repos/apache__groovy/src/main/java/org/codehaus/groovy/classgen/asm/BytecodeHelper.java,org.codehaus.groovy.classgen.asm.BytecodeHelper$StoreVarHandler,innerclass,3,3,0,3,7,2,0,1,0,0.14285715,0.0,0.0,7,0,0,0,6,1,7,0,0,0,2,0,0,2,0,0,0,0,0,26,0,0,0,0,0,0,0,2,0,2,0,0,0,0,19,10,0
/Users/kaiohs/Downloads/codes/lab02-experimentacao-software/data/repos/apache__groovy/src/main/java/org/codehaus/groovy/util/URLStreams.java,org.codehaus.groovy.util.URLStreams,class,0,3,3,0,2,1,0,3,1,0.0,NaN,NaN,2,1,1,1,0,0,1,0,0,0,0,0,0,0,0,0,0,0,0,9,1,0,0,0,0,0,0,1,0,1,0,0,0,0,33,1,0
/Users/kaiohs/Downloads/codes/lab02-experimentacao-software/data/repos/apache__groovy/src/main/java/org/codehaus/groovy/classgen/asm/MethodCaller.java,org.codehaus.groovy.classgen.asm.MethodCaller,class,3,26,23,3,19,1,2,9,0,0.62857145,0.0,0.0,10,4,8,0,2,0,10,0,0,0,7,1,0,7,0,0,1,0,0,61,7,2,4,0,1,4,2,9,2,9,3,0,0,0,51,1,0
/Users/kaiohs/Downloads/codes/lab02-experimentacao-software/data/repos/apache__groovy/src/main/java/org/apache/groovy/util/concurrent/ConcurrentReferenceHashMap.java,org.apache.groovy.util.concurrent.ConcurrentReferenceHashMap$SoftValueReference,innerclass,2,2,0,2,3,3,0,0,0,0.33333334,0.0,0.0,3,0,2,0,0,1,3,0,2,0,2,0,0,0,0,2,2,0,0,15,2,0,0,0,0,0,0,2,0,2,0,0,0,0,12,26,0
/Users/kaiohs/Downloads/codes/lab02-experimentacao-software/data/repos/apache__groovy/src/main/java/org/apache/groovy/internal/util/Supplier.java,org.apache.groovy.internal.util.Supplier,interface,2,5,3,2,1,1,0,0,0,0.0,NaN,NaN,1,0,0,0,0,1,1,0,0,0,0,0,0,0,0,0,0,0,0,3,0,0,0,0,0,0,0,0,0,0,0,0,0,0,13,1,0
/Users/kaiohs/Downloads/codes/lab02-experimentacao-software/data/repos/apache__groovy/subprojects/groovy-xml/src/main/java/groovy/xml/markupsupport/AllControlToUndefined.java,groovy.xml.markupsupport.AllControlToUndefined,class,2,3,1,2,8,2,0,4,1,0.0,NaN,NaN,2,0,1,1,0,0,1,0,0,0,0,0,0,0,0,0,0,0,2,11,3,0,2,0,3,1,6,0,0,0,1,0,0,0,15,1,0
/Users/kaiohs/Downloads/codes/lab02-experimentacao-software/data/repos/apache__groovy/src/main/java/groovy/inspect/Inspector.java,groovy.inspect.Inspector$MemberComparator,innerclass,0,0,0,0,6,1,0,1,0,1.0,NaN,NaN,1,0,1,0,0,0,1,0,0,0,1,1,0,1,0,0,1,0,0,19,6,0,5,0,0,0,6,9,0,4,1,0,0,0,16,9,0
/Users/kaiohs/Downloads/codes/lab02-experimentacao-software/data/repos/apache__groovy/src/main/java/org/codehaus/groovy/runtime/InvokerHelper.java,org.codehaus.groovy.runtime.InvokerHelper$NullScript,innerclass,2,2,0,2,3,2,0,0,3,0.0,0.0,0.0,3,0,3,0,0,0,3,0,0,0,0,0,0,0,0,0,0,0,0,11,1,0,0,0,0,0,0,0,0,0,0,0,0,0,7,8,0
/Users/kaiohs/Downloads/codes/lab02-experimentacao-software/data/repos/apache__groovy/src/main/java/org/codehaus/groovy/runtime/callsite/PogoMetaMethodSite.java,org.codehaus.groovy.runtime.callsite.PogoMetaMethodSite$PogoCachedMethodSite,innerclass,7,7,0,7,2,6,0,5,0,0.0,0.0,0.0,2,0,2,0,0,0,2,0,0,0,1,0,0,0,0,1,1,0,2,12,1,0,0,0,1,0,0,2,0,1,0,0,0,0,16,9,0
/Users/kaiohs/Downloads/codes/lab02-experimentacao-software/data/repos/apache__groovy/src/main/java/org/codehaus/groovy/tools/javac/MemJavaFileObject.java,org.codehaus.groovy.tools.javac.MemJavaFileObject,class,3,5,2,3,10,1,0,5,0,0.42857146,0.0,0.0,7,1,6,1,0,0,6,0,0,0,2,0,0,2,0,0,2,0,3,34,7,0,1,1,1,3,0,2,3,2,1,0,0,0,50,1,0
/Users/kaiohs/Downloads/codes/lab02-experimentacao-software/data/repos/apache__groovy/subprojects/groovy-console/src/main/groovy/groovy/console/ui/text/TextEditor.java,groovy.console.ui.text.TextEditor$FindAction,innerclass,1,1,0,1,1,2,0,1,0,0.0,NaN,NaN,1,0,1,0,0,0,1,0,0,0,0,0,0,0,0,0,0,0,1,5,0,0,0,0,0,0,0,0,0,0,0,0,0,0,7,10,0
/Users/kaiohs/Downloads/codes/lab02-experimentacao-software/data/repos/apache__groovy/src/main/java/groovy/lang/ExpandoMetaClass.java,groovy.lang.ExpandoMetaClass$MixedInAccessor,innerclass,3,3,0,3,8,1,0,5,0,0.0,0.0,0.0,3,0,2,1,0,0,2,0,0,0,2,0,0,2,0,0,2,0,0,54,3,2,1,0,0,4,0,2,2,2,2,2,0,0,21,10,0
/Users/kaiohs/Downloads/codes/lab02-experimentacao-software/data/repos/apache__groovy/subprojects/groovy-ant/src/test/groovy/org/codehaus/groovy/ant/GroovycTest.java,org.codehaus.groovy.ant.GroovycTest$Anonymous1,anonymous,0,0,0,0,3,1,0,2,3,0.0,0.0,0.0,3,0,3,0,0,0,3,0,0,0,0,0,0,0,0,0,0,0,0,9,0,0,0,0,0,0,0,0,0,0,0,0,0,0,6,-1,0
/Users/kaiohs/Downloads/codes/lab02-experimentacao-software/data/repos/apache__groovy/src/main/java/groovy/lang/MissingPropertyException.java,groovy.lang.MissingPropertyException,class,3,11,8,3,14,5,2,10,0,0.60714287,0.0,0.0,7,0,7,0,0,0,7,0,0,0,4,2,1,3,0,0,4,0,0,51,3,0,6,0,2,7,1,17,3,8,3,0,0,0,71,1,0
/Users/kaiohs/Downloads/codes/lab02-experimentacao-software/data/repos/apache__groovy/src/main/java/groovy/time/DatumDependentDuration.java,groovy.time.DatumDependentDuration$Anonymous1,anonymous,2,2,0,2,1,1,0,11,0,0.0,NaN,NaN,1,0,1,0,0,0,1,0,0,0,0,0,0,0,0,0,0,0,1,17,1,0,0,0,0,0,4,1,0,1,0,0,0,0,5,-1,0
/Users/kaiohs/Downloads/codes/lab02-experimentacao-software/data/repos/apache__groovy/src/test/groovy/org/codehaus/groovy/ast/decompiled/AsmDecompilerTestData.java,org.codehaus.groovy.ast.decompiled.AsmDecompilerTestData$Inner$WithDollar,innerclass,0,0,0,0,0,1,0,0,0,0.0,-1.0,-1.0,0,0,0,0,0,0,0,0,0,0,0,0,0,0,0,0,0,0,0,2,0,0,0,0,0,0,0,0,0,0,0,0,0,0,0,8,0
/Users/kaiohs/Downloads/codes/lab02-experimentacao-software/data/repos/apache__groovy/subprojects/groovy-json/src/main/java/groovy/json/JsonSlurper.java,groovy.json.JsonSlurper,class,9,10,1,9,50,1,0,24,441,0.916129,0.0,0.0,31,0,27,4,0,0,27,0,0,0,5,0,0,5,0,0,0,0,2,185,32,0,13,2,0,29,1,24,2,15,2,0,0,0,239,1,0
/Users/kaiohs/Downloads/codes/lab02-experimentacao-software/data/repos/apache__groovy/src/main/java/org/codehaus/groovy/runtime/dgmimpl/NumberNumberPlus.java,org.codehaus.groovy.runtime.dgmimpl.NumberNumberPlus$FloatFloat,innerclass,5,5,0,5,4,7,0,3,1,0.0,0.0,0.0,2,0,2,0,0,0,2,0,1,0,0,0,0,0,0,0,0,0,0,15,2,0,0,1,2,0,1,0,1,0,2,0,0,0,18,10,0
/Users/kaiohs/Downloads/codes/lab02-experimentacao-software/data/repos/apache__groovy/src/main/java/org/codehaus/groovy/runtime/MethodRankHelper.java,org.codehaus.groovy.runtime.MethodRankHelper$RankableMethod,innerclass,3,3,0,3,3,1,0,7,0,0.25,0.0,0.0,2,0,2,0,0,0,2,0,0,0,2,0,0,0,0,2,2,0,3,17,1,1,0,0,0,0,1,7,1,6,1,0,0,0,37,26,0
/Users/kaiohs/Downloads/codes/lab02-experimentacao-software/data/repos/apache__groovy/src/main/java/org/codehaus/groovy/ast/ModifierNode.java,org.codehaus.groovy.ast.ModifierNode,class,4,5,1,4,22,2,0,10,26,0.76785713,0.0,0.0,16,0,16,0,0,0,16,0,0,0,7,2,2,5,0,0,2,0,12,70,15,0,4,0,0,2,7,8,1,8,1,0,0,0,68,1,0
/Users/kaiohs/Downloads/codes/lab02-experimentacao-software/data/repos/apache__groovy/benchmark/bench/knucleotide.java,knucleotide$Anonymous2,anonymous,1,1,0,1,2,1,0,1,0,0.0,NaN,NaN,1,0,1,0,0,0,1,0,0,0,0,0,0,0,0,0,0,0,0,9,1,0,1,0,0,0,1,2,1,1,1,0,0,0,4,-1,0
/Users/kaiohs/Downloads/codes/lab02-experimentacao-software/data/repos/apache__groovy/subprojects/groovy-contracts/src/main/java/org/apache/groovy/contracts/util/AnnotationUtils.java,org.apache.groovy.contracts.util.AnnotationUtils,class,6,17,11,6,23,1,0,16,10,0.0,0.0,0.0,5,5,4,1,0,0,4,0,0,0,0,0,0,0,0,0,0,0,4,69,9,6,3,0,0,0,0,10,0,7,4,0,0,0,85,1,0
/Users/kaiohs/Downloads/codes/lab02-experimentacao-software/data/repos/apache__groovy/subprojects/groovy-templates/src/main/groovy/groovy/text/markup/MarkupBuilderCodeTransformer.java,groovy.text.markup.MarkupBuilderCodeTransformer,class,22,24,2,22,41,2,0,46,22,0.78125,0.0,0.0,8,0,1,5,1,1,3,0,0,0,4,1,0,3,0,1,4,0,2,154,17,1,4,1,4,20,6,34,0,33,4,0,0,0,122,0,0
/Users/kaiohs/Downloads/codes/lab02-experimentacao-software/data/repos/apache__groovy/src/main/java/org/codehaus/groovy/transform/stc/SignatureCodecVersion1.java,org.codehaus.groovy.transform.stc.SignatureCodecVersion1,class,11,12,1,11,31,1,0,45,8,0.6,0.0,0.0,5,0,3,2,0,0,3,0,0,0,1,0,0,1,0,0,1,0,4,167,8,8,5,3,0,2,14,48,1,37,5,0,0,0,85,1,0
/Users/kaiohs/Downloads/codes/lab02-experimentacao-software/data/repos/apache__groovy/benchmark/bench/knucleotide.java,knucleotide$Anonymous1,anonymous,1,1,0,1,1,1,0,1,0,0.0,NaN,NaN,1,0,1,0,0,0,1,0,0,0,0,0,0,0,0,0,0,0,1,5,1,0,0,0,0,0,0,0,0,0,0,0,0,0,4,-1,0
/Users/kaiohs/Downloads/codes/lab02-experimentacao-software/data/repos/apache__groovy/src/test/groovy/org/codehaus/groovy/runtime/DummyBean.java,org.codehaus.groovy.runtime.DummyBean,class,1,7,6,1,17,1,1,10,60,0.7625,0.0,0.0,16,1,16,0,0,0,16,0,0,0,5,0,0,5,0,0,0,0,1,58,9,0,0,0,0,7,1,10,1,5,1,0,0,0,42,1,0
/Users/kaiohs/Downloads/codes/lab02-experimentacao-software/data/repos/apache__groovy/src/main/java/org/codehaus/groovy/transform/LogASTTransformation.java,org.codehaus.groovy.transform.LogASTTransformation$AbstractLoggingStrategyV2,innerclass,5,5,0,5,3,2,0,0,3,0.0,0.0,0.0,3,0,1,0,2,0,3,0,0,0,0,0,0,0,0,0,0,0,0,11,0,0,0,0,0,1,0,0,0,0,0,0,0,0,25,1033,0
/Users/kaiohs/Downloads/codes/lab02-experimentacao-software/data/repos/apache__groovy/src/main/java/org/codehaus/groovy/runtime/ResourceGroovyMethods.java,org.codehaus.groovy.runtime.ResourceGroovyMethods,class,24,28,4,24,256,2,0,151,10296,0.0,0.0,0.0,144,144,135,9,0,0,135,0,0,0,0,0,0,0,0,0,0,0,214,780,119,9,63,9,4,168,19,121,3,95,6,1,0,0,562,1,0
/Users/kaiohs/Downloads/codes/lab02-experimentacao-software/data/repos/apache__groovy/src/test/groovy/bugs/groovy9204/Four.java,bugs.groovy9204.Four,class,1,1,0,1,0,3,0,0,0,0.0,-1.0,-1.0,0,0,0,0,0,0,0,0,0,0,0,0,0,0,0,0,0,0,0,2,0,0,0,0,0,0,0,0,0,0,0,0,0,0,1,1,0
/Users/kaiohs/Downloads/codes/lab02-experimentacao-software/data/repos/apache__groovy/src/main/java/groovy/transform/stc/IncorrectTypeHintException.java,groovy.transform.stc.IncorrectTypeHintException,class,2,3,1,2,2,2,0,4,1,1.0,0.0,0.0,2,0,2,0,0,0,2,0,0,0,1,1,0,1,0,0,1,0,0,9,0,0,0,0,0,6,1,1,2,1,0,0,0,0,20,1,0
/Users/kaiohs/Downloads/codes/lab02-experimentacao-software/data/repos/apache__groovy/src/main/java/org/codehaus/groovy/runtime/dgmimpl/arrays/CharacterArrayGetAtMetaMethod.java,org.codehaus.groovy.runtime.dgmimpl.arrays.CharacterArrayGetAtMetaMethod,class,9,10,1,9,5,10,0,3,6,0.75,0.0,0.0,4,0,4,0,0,0,4,0,1,0,1,1,0,1,0,0,1,0,2,28,5,0,0,0,1,0,2,2,0,2,1,0,1,0,31,1,0
/Users/kaiohs/Downloads/codes/lab02-experimentacao-software/data/repos/apache__groovy/src/main/java/org/codehaus/groovy/classgen/ExtendedVerifier.java,org.codehaus.groovy.classgen.ExtendedVerifier,class,27,29,2,27,115,2,0,142,315,0.9111112,0.0,0.0,27,3,8,16,3,0,11,0,0,0,5,1,1,4,0,0,4,0,8,353,10,19,19,0,12,23,7,55,5,50,5,0,0,2,201,1,0
/Users/kaiohs/Downloads/codes/lab02-experimentacao-software/data/repos/apache__groovy/src/main/java/groovy/util/ObservableSet.java,groovy.util.ObservableSet$ChangeType,enum,0,0,0,0,0,1,0,0,0,NaN,-1.0,-1.0,0,0,0,0,0,0,0,0,0,0,2,2,2,0,0,0,2,0,0,3,0,0,0,0,0,0,2,2,0,2,0,0,0,0,10,1,0
/Users/kaiohs/Downloads/codes/lab02-experimentacao-software/data/repos/apache__groovy/src/test/groovy/bugs/groovy9204/Three.java,bugs.groovy9204.Three,class,1,1,0,1,0,3,0,0,0,0.0,-1.0,-1.0,0,0,0,0,0,0,0,0,0,0,0,0,0,0,0,0,0,0,0,2,0,0,0,0,0,0,0,0,0,0,0,0,0,0,1,1,0
/Users/kaiohs/Downloads/codes/lab02-experimentacao-software/data/repos/apache__groovy/src/main/java/org/codehaus/groovy/vmplugin/v9/Java9.java,org.codehaus.groovy.vmplugin.v9.Java9,class,12,15,3,12,58,2,1,107,120,0.9375,0.0,0.0,16,6,7,8,1,0,9,0,0,0,2,2,0,2,0,0,2,0,27,177,25,3,15,3,2,1332,13,40,6,46,3,0,1,12,169,1,0
/Users/kaiohs/Downloads/codes/lab02-experimentacao-software/data/repos/apache__groovy/benchmark/bench/magicsquares.java,magicsquares$FfmResult,innerclass,1,1,0,1,1,1,0,1,0,0.0,NaN,NaN,1,0,1,0,0,0,1,0,0,0,3,0,3,0,0,0,0,0,0,10,0,0,0,0,0,0,0,3,0,3,0,0,0,0,8,9,0
/Users/kaiohs/Downloads/codes/lab02-experimentacao-software/data/repos/apache__groovy/src/main/java/org/codehaus/groovy/runtime/m12n/ExtensionModuleScanner.java,org.codehaus.groovy.runtime.m12n.ExtensionModuleScanner,class,8,10,2,8,12,1,0,14,4,0.65000004,0.0,0.0,5,0,3,2,0,0,3,0,0,0,4,2,2,2,0,0,4,0,4,44,0,1,1,2,0,3,0,9,0,8,2,0,1,0,72,1,0
/Users/kaiohs/Downloads/codes/lab02-experimentacao-software/data/repos/apache__groovy/src/main/java/org/apache/groovy/util/concurrent/concurrentlinkedhashmap/ConcurrentLinkedHashMap.java,org.apache.groovy.util.concurrent.concurrentlinkedhashmap.ConcurrentLinkedHashMap$WriteThroughEntry,innerclass,4,4,0,4,3,2,0,4,3,1.0,0.0,0.0,3,0,1,0,0,2,3,0,0,0,1,1,0,1,0,0,1,0,0,13,2,0,0,0,0,0,1,1,0,1,0,0,0,0,27,16,0
/Users/kaiohs/Downloads/codes/lab02-experimentacao-software/data/repos/apache__groovy/src/main/java/org/apache/groovy/util/concurrent/concurrentlinkedhashmap/EntryWeigher.java,org.apache.groovy.util.concurrent.concurrentlinkedhashmap.EntryWeigher,interface,3,10,7,3,1,1,0,0,0,0.0,NaN,NaN,1,0,0,0,0,1,1,0,0,0,0,0,0,0,0,0,0,0,0,3,0,0,0,0,0,0,0,0,0,0,0,0,0,0,38,1,0
/Users/kaiohs/Downloads/codes/lab02-experimentacao-software/data/repos/apache__groovy/subprojects/groovy-xml/src/main/java/groovy/xml/slurpersupport/FilteredAttributes.java,groovy.xml.slurpersupport.FilteredAttributes,class,5,6,1,5,2,5,0,1,1,0.5,0.0,0.0,2,0,2,0,0,0,2,0,0,0,1,0,0,1,0,0,1,0,0,21,1,0,0,0,0,0,0,1,0,1,0,1,0,0,33,1,0
/Users/kaiohs/Downloads/codes/lab02-experimentacao-software/data/repos/apache__groovy/subprojects/groovy-xml/src/test/groovy/groovy/xml/bugs/MarkupInScriptBug.java,groovy.xml.bugs.MarkupInScriptBug,class,2,2,0,2,1,2,0,1,0,0.0,NaN,NaN,1,0,0,0,0,1,1,0,0,0,0,0,0,0,0,0,0,0,0,5,0,0,0,0,0,1,0,0,0,0,0,0,0,0,13,16,0
/Users/kaiohs/Downloads/codes/lab02-experimentacao-software/data/repos/apache__groovy/benchmark/bench/methcall.java,NthToggle,class,1,5,3,2,3,1,0,0,0,0.0,0.0,0.0,2,0,2,0,0,0,2,0,0,0,2,0,0,0,0,2,0,0,0,17,1,0,0,0,1,0,5,7,0,2,1,0,0,0,8,0,0
/Users/kaiohs/Downloads/codes/lab02-experimentacao-software/data/repos/apache__groovy/src/test/groovy/bugs/groovy8531/Reducer.java,bugs.groovy8531.BaseReducer,class,0,1,1,0,0,1,1,0,0,0.0,-1.0,-1.0,0,0,0,0,0,0,0,0,0,0,0,0,0,0,0,0,0,0,0,16,0,0,0,0,0,0,0,0,0,0,0,0,7,0,2,0,0
/Users/kaiohs/Downloads/codes/lab02-experimentacao-software/data/repos/apache__groovy/subprojects/groovy-groovysh/src/main/groovy/org/apache/groovy/groovysh/jline/PackageHelper.java,org.apache.groovy.groovysh.jline.PackageHelper$ClassesToScan,enum,0,0,0,0,0,1,0,0,0,0.0,-1.0,-1.0,0,0,0,0,0,0,0,0,0,0,0,0,0,0,0,0,0,0,0,1,0,0,0,0,0,0,0,0,0,0,0,0,0,0,13,2,0
/Users/kaiohs/Downloads/codes/lab02-experimentacao-software/data/repos/apache__groovy/src/main/java/org/codehaus/groovy/ast/expr/BooleanExpression.java,org.codehaus.groovy.ast.expr.BooleanExpression,class,4,17,13,4,5,3,1,7,8,0.6,0.0,0.0,5,0,5,0,0,0,5,0,0,0,1,0,0,1,0,0,1,0,0,22,3,0,0,0,0,0,0,2,0,2,0,0,0,0,18,1,0
/Users/kaiohs/Downloads/codes/lab02-experimentacao-software/data/repos/apache__groovy/src/main/java/org/apache/groovy/util/concurrent/concurrentlinkedhashmap/Weighers.java,org.apache.groovy.util.concurrent.concurrentlinkedhashmap.Weighers,class,11,14,3,11,11,1,0,2,45,0.0,0.0,0.0,10,9,9,1,0,0,9,0,0,0,0,0,0,0,0,0,0,0,2,82,9,0,1,0,1,14,0,0,0,0,0,0,9,0,128,17,0
/Users/kaiohs/Downloads/codes/lab02-experimentacao-software/data/repos/apache__groovy/src/main/java/org/apache/groovy/metaclass/Realm.java,org.apache.groovy.metaclass.Realm,class,8,9,1,8,5,1,0,2,0,0.5,0.0,0.0,4,1,3,1,0,0,3,0,0,0,4,1,0,4,0,0,4,0,1,33,4,0,1,0,0,5,0,7,2,7,1,1,0,1,29,17,0
/Users/kaiohs/Downloads/codes/lab02-experimentacao-software/data/repos/apache__groovy/src/main/java/org/codehaus/groovy/ast/expr/StaticMethodCallExpression.java,org.codehaus.groovy.ast.expr.StaticMethodCallExpression,class,8,12,4,8,13,3,0,8,26,0.6730769,0.0,0.0,13,0,13,0,0,0,13,0,0,0,4,0,0,4,0,0,2,0,0,50,9,0,0,0,0,5,0,7,2,5,0,0,0,0,38,1,0
/Users/kaiohs/Downloads/codes/lab02-experimentacao-software/data/repos/apache__groovy/src/main/java/org/codehaus/groovy/tools/FileSystemCompiler.java,org.codehaus.groovy.tools.FileSystemCompiler,class,11,14,3,11,51,1,0,55,143,0.8245614,0.0,0.0,19,15,18,1,0,0,18,0,0,0,3,2,0,3,0,0,2,0,16,311,9,6,10,5,2,10,9,32,0,23,5,0,2,1,148,1,0
/Users/kaiohs/Downloads/codes/lab02-experimentacao-software/data/repos/apache__groovy/src/test/groovy/org/codehaus/groovy/runtime/StaticInitTest.java,org.codehaus.groovy.runtime.XforStaticInitTest,class,0,0,0,0,1,1,0,0,0,NaN,NaN,NaN,0,0,0,0,0,0,1,0,0,0,1,1,1,0,0,0,0,0,0,6,0,0,0,0,0,0,1,2,0,1,0,0,0,0,6,0,0
/Users/kaiohs/Downloads/codes/lab02-experimentacao-software/data/repos/apache__groovy/src/main/java/org/codehaus/groovy/runtime/DefaultGroovyMethods.java,org.codehaus.groovy.runtime.DefaultGroovyMethods$ToUniqueIterator,innerclass,2,2,0,2,10,1,0,5,0,0.45000002,0.0,0.0,5,0,3,2,0,0,3,0,0,0,4,0,0,4,0,0,2,0,0,34,2,1,0,0,0,0,0,7,0,6,2,0,0,0,20,26,0
/Users/kaiohs/Downloads/codes/lab02-experimentacao-software/data/repos/apache__groovy/src/main/java/org/codehaus/groovy/runtime/powerassert/AssertionRenderer.java,org.codehaus.groovy.runtime.powerassert.AssertionRenderer,class,4,5,1,4,32,1,0,36,33,0.72727275,NaN,NaN,11,5,1,10,0,0,1,0,0,0,4,0,0,4,0,0,4,0,14,93,10,5,8,1,0,9,15,20,9,22,4,0,0,1,80,17,0
/Users/kaiohs/Downloads/codes/lab02-experimentacao-software/data/repos/apache__groovy/src/main/java/groovy/transform/Undefined.java,groovy.transform.Undefined$CLASS,innerclass,0,0,0,0,0,1,0,0,0,0.0,-1.0,-1.0,0,0,0,0,0,0,0,0,0,0,0,0,0,0,0,0,0,0,0,2,0,0,0,0,0,0,0,0,0,0,0,0,0,0,4,25,0
/Users/kaiohs/Downloads/codes/lab02-experimentacao-software/data/repos/apache__groovy/src/main/java/org/codehaus/groovy/reflection/ReflectionUtils.java,org.codehaus.groovy.reflection.ReflectionUtils,class,3,8,5,3,44,1,0,47,130,0.92156863,0.0,0.0,17,17,15,2,0,0,16,0,0,0,6,6,0,6,0,0,6,0,24,148,28,3,10,8,4,18,8,26,0,23,3,0,0,2,179,1,0
/Users/kaiohs/Downloads/codes/lab02-experimentacao-software/data/repos/apache__groovy/src/main/java/org/codehaus/groovy/runtime/dgmimpl/NumberNumberPlus.java,org.codehaus.groovy.runtime.dgmimpl.NumberNumberPlus$DoubleLong,innerclass,5,5,0,5,4,7,0,3,1,0.0,0.0,0.0,2,0,2,0,0,0,2,0,1,0,0,0,0,0,0,0,0,0,0,15,2,0,0,1,1,0,1,0,1,0,2,0,0,0,19,10,0
/Users/kaiohs/Downloads/codes/lab02-experimentacao-software/data/repos/apache__groovy/src/main/java/org/codehaus/groovy/ast/stmt/WhileStatement.java,org.codehaus.groovy.ast.stmt.WhileStatement,class,4,8,4,4,6,3,0,1,3,0.5,0.0,0.0,6,0,6,0,0,0,6,0,0,0,2,0,0,2,0,0,0,0,0,23,2,0,0,0,0,0,0,4,0,2,0,0,0,0,20,1,0
/Users/kaiohs/Downloads/codes/lab02-experimentacao-software/data/repos/apache__groovy/subprojects/groovy-ginq/src/main/groovy/org/apache/groovy/ginq/provider/collection/runtime/ValueBound.java,org.apache.groovy.ginq.provider.collection.runtime.ValueBound,class,2,5,3,2,1,2,0,0,0,1.0,NaN,NaN,1,0,1,0,0,0,1,0,0,0,1,1,0,1,0,0,1,0,0,6,0,0,0,0,0,0,1,1,0,1,0,0,0,0,24,1,0
/Users/kaiohs/Downloads/codes/lab02-experimentacao-software/data/repos/apache__groovy/subprojects/groovy-groovydoc/src/main/java/org/codehaus/groovy/groovydoc/GroovyMethodDoc.java,org.codehaus.groovy.groovydoc.GroovyMethodDoc,interface,4,12,8,4,7,1,0,0,21,0.0,0.0,0.0,7,0,0,0,0,7,7,0,0,0,0,0,0,0,0,0,0,0,0,9,0,0,0,0,0,0,0,0,0,0,0,0,0,0,16,1,0
/Users/kaiohs/Downloads/codes/lab02-experimentacao-software/data/repos/apache__groovy/subprojects/groovy-contracts/src/main/java/org/apache/groovy/contracts/generation/PostconditionGenerator.java,org.apache.groovy.contracts.generation.PostconditionGenerator,class,18,21,3,18,16,2,0,33,15,0.8333333,0.0,0.0,6,0,4,2,0,0,4,0,0,0,1,1,0,1,0,0,1,0,4,62,3,1,2,0,0,5,3,17,0,16,3,0,0,0,116,1,0
/Users/kaiohs/Downloads/codes/lab02-experimentacao-software/data/repos/apache__groovy/subprojects/groovy-ginq/src/main/groovy/org/apache/groovy/ginq/dsl/expression/JoinExpression.java,org.apache.groovy.ginq.dsl.expression.JoinExpression,class,8,13,5,8,18,4,0,7,40,0.86875,0.0,0.0,16,1,16,0,0,0,16,0,0,0,10,7,5,5,0,0,8,0,1,61,13,0,1,0,2,16,0,10,3,10,0,0,0,0,45,1,0
/Users/kaiohs/Downloads/codes/lab02-experimentacao-software/data/repos/apache__groovy/src/main/java/groovy/util/ProxyGenerator.java,groovy.util.ProxyGenerator,class,8,10,2,8,40,1,0,35,288,0.9555556,0.0,0.0,25,1,23,2,0,0,25,0,0,0,9,5,1,8,0,0,6,0,6,194,21,1,7,0,2,6,8,23,3,24,1,2,1,1,158,1,0
/Users/kaiohs/Downloads/codes/lab02-experimentacao-software/data/repos/apache__groovy/src/main/java/org/codehaus/groovy/runtime/EncodingGroovyMethods.java,org.codehaus.groovy.runtime.EncodingGroovyMethods$Anonymous2,anonymous,3,3,0,3,5,1,0,5,1,0.0,0.0,0.0,2,0,2,0,0,0,2,0,0,0,0,0,0,0,0,0,0,0,1,22,2,1,0,1,0,1,2,2,0,2,2,0,0,0,17,-1,0
/Users/kaiohs/Downloads/codes/lab02-experimentacao-software/data/repos/apache__groovy/src/main/java/org/codehaus/groovy/runtime/EncodingGroovyMethods.java,org.codehaus.groovy.runtime.EncodingGroovyMethods$Anonymous1,anonymous,4,4,0,4,14,1,0,4,1,0.0,0.0,0.0,2,0,2,0,0,0,2,0,0,0,0,0,0,0,0,0,0,0,0,49,2,1,5,1,14,0,36,10,19,7,3,0,0,0,39,-1,0
/Users/kaiohs/Downloads/codes/lab02-experimentacao-software/data/repos/apache__groovy/src/main/java/groovy/transform/stc/FromString.java,groovy.transform.stc.FromString,class,7,8,1,7,3,2,0,3,1,0.0,NaN,NaN,2,1,1,1,0,0,1,0,0,0,0,0,0,0,0,0,0,0,1,12,2,1,0,0,0,0,0,1,0,1,1,0,0,0,114,1,0
/Users/kaiohs/Downloads/codes/lab02-experimentacao-software/data/repos/apache__groovy/src/main/java/org/codehaus/groovy/classgen/VariableScopeVisitor.java,org.codehaus.groovy.classgen.VariableScopeVisitor,class,47,58,11,47,164,2,0,175,678,0.8861111,0.0,0.0,45,0,28,14,3,0,31,0,0,0,6,0,0,6,0,0,3,0,14,555,21,27,37,0,14,24,8,95,5,66,5,0,1,4,171,1,0
/Users/kaiohs/Downloads/codes/lab02-experimentacao-software/data/repos/apache__groovy/subprojects/groovy-toml/src/main/java/groovy/toml/TomlSlurper.java,groovy.toml.TomlSlurper,class,4,5,1,4,6,1,0,7,13,0.6666667,0.0,0.0,6,0,6,0,0,0,6,0,0,0,1,0,0,1,0,0,1,0,2,21,5,0,0,0,0,0,0,1,0,1,0,0,0,0,37,1,0
/Users/kaiohs/Downloads/codes/lab02-experimentacao-software/data/repos/apache__groovy/subprojects/groovy-swing/src/main/java/org/apache/groovy/swing/binding/PropertyPathFullBinding.java,org.apache.groovy.swing.binding.PropertyPathFullBinding,class,3,5,2,3,9,2,0,8,0,0.25,0.0,0.0,4,0,4,0,0,0,4,0,0,0,3,0,0,0,0,3,0,0,0,32,0,3,0,0,0,0,0,5,0,4,2,0,0,0,51,1,0
/Users/kaiohs/Downloads/codes/lab02-experimentacao-software/data/repos/apache__groovy/src/main/java/org/codehaus/groovy/classgen/DummyClassGenerator.java,org.codehaus.groovy.classgen.DummyClassGenerator,class,17,18,1,17,15,3,0,33,21,0.7833333,0.0,0.0,10,0,7,0,3,0,10,0,0,0,6,0,0,6,0,0,2,0,7,78,1,2,2,1,0,11,4,15,0,12,3,0,0,0,83,1,0
/Users/kaiohs/Downloads/codes/lab02-experimentacao-software/data/repos/apache__groovy/src/main/java/org/codehaus/groovy/runtime/StringGroovyMethods.java,org.codehaus.groovy.runtime.StringGroovyMethods$StringIterator,innerclass,0,0,0,0,5,1,0,3,0,0.5,0.0,0.0,4,0,4,0,0,0,4,0,0,0,3,0,0,3,0,0,2,0,1,18,2,0,0,0,0,1,0,2,0,3,0,0,0,0,16,26,0
/Users/kaiohs/Downloads/codes/lab02-experimentacao-software/data/repos/apache__groovy/src/main/java/org/codehaus/groovy/vmplugin/v8/Java8.java,org.codehaus.groovy.vmplugin.v8.Java8,class,25,31,6,25,128,1,1,143,741,0.974359,0.0,0.0,39,4,17,16,6,0,23,0,0,0,2,2,0,2,0,0,2,0,15,421,48,18,22,8,11,23,40,117,7,91,4,0,0,1,293,1,0
/Users/kaiohs/Downloads/codes/lab02-experimentacao-software/data/repos/apache__groovy/subprojects/groovy-ant/src/main/java/groovy/ant/AntBuilder.java,groovy.ant.AntBuilder,class,24,26,2,24,60,2,0,82,139,0.8924487,0.0,0.0,23,2,9,4,10,0,19,0,0,0,19,8,0,18,0,1,7,0,10,299,21,2,11,7,3,26,4,62,4,49,6,0,0,0,234,1,0
/Users/kaiohs/Downloads/codes/lab02-experimentacao-software/data/repos/apache__groovy/src/main/java/groovy/transform/stc/SecondParam.java,groovy.transform.stc.SecondParam$Component,innerclass,6,6,0,6,1,5,0,2,0,0.0,NaN,NaN,1,0,1,0,0,0,1,0,0,0,0,0,0,0,0,0,0,0,0,7,1,0,0,0,0,0,2,2,0,1,0,0,0,0,44,9,0
/Users/kaiohs/Downloads/codes/lab02-experimentacao-software/data/repos/apache__groovy/src/main/java/org/codehaus/groovy/vmplugin/v8/IndyMath.java,org.codehaus.groovy.vmplugin.v8.IndyMath,class,6,8,2,6,52,1,0,20,524,0.95643944,0.0,0.0,33,33,31,2,0,0,32,0,0,0,2,2,0,2,0,0,2,0,46,159,43,1,4,1,0,13,12,35,22,27,2,0,0,0,142,1,0
/Users/kaiohs/Downloads/codes/lab02-experimentacao-software/data/repos/apache__groovy/subprojects/groovy-groovysh/src/main/groovy/org/apache/groovy/groovysh/jline/SystemRegistryImpl.java,org.apache.groovy.groovysh.jline.SystemRegistryImpl$PipelineCompleter,innerclass,10,10,0,10,24,1,0,36,4,0.5,0.0,0.0,4,0,3,1,0,0,3,0,0,0,3,0,0,3,0,0,3,0,0,78,3,2,5,0,0,10,16,21,9,15,2,0,0,0,46,10,0
/Users/kaiohs/Downloads/codes/lab02-experimentacao-software/data/repos/apache__groovy/subprojects/groovy-json/src/main/java/groovy/json/JsonGenerator.java,groovy.json.JsonGenerator$Converter,interface,0,0,0,0,2,1,0,0,1,0.0,0.0,0.0,2,0,0,0,0,2,2,0,0,0,0,0,0,0,0,0,0,0,0,4,0,0,0,0,0,0,0,0,0,0,0,0,0,0,31,0,0
/Users/kaiohs/Downloads/codes/lab02-experimentacao-software/data/repos/apache__groovy/subprojects/groovy-groovydoc/src/test/groovy/org/codehaus/groovy/tools/groovydoc/testfiles/JavaInterfaceWithTypeParam.java,org.codehaus.groovy.tools.groovydoc.testfiles.JavaInterfaceWithTypeParam,interface,0,0,0,0,0,1,0,0,0,0.0,-1.0,-1.0,0,0,0,0,0,0,0,0,0,0,0,0,0,0,0,0,0,0,0,2,0,0,0,0,0,0,0,0,0,0,0,0,0,0,0,1,0
/Users/kaiohs/Downloads/codes/lab02-experimentacao-software/data/repos/apache__groovy/src/main/java/groovy/transform/stc/FirstParam.java,groovy.transform.stc.FirstParam$ThirdGenericType,innerclass,1,1,0,1,1,4,0,0,0,0.0,NaN,NaN,1,0,1,0,0,0,1,0,0,0,0,0,0,0,0,0,0,0,0,5,0,0,0,0,0,0,2,0,0,0,0,0,0,0,33,9,0
/Users/kaiohs/Downloads/codes/lab02-experimentacao-software/data/repos/apache__groovy/subprojects/groovy-ginq/src/main/groovy/org/apache/groovy/ginq/provider/collection/runtime/WindowDefinition.java,org.apache.groovy.ginq.provider.collection.runtime.WindowDefinition,interface,7,13,6,7,15,1,0,2,105,0.0,0.0,0.0,15,9,0,0,0,15,15,0,0,0,0,0,0,0,0,0,0,0,2,43,13,0,0,0,0,0,0,0,0,0,0,0,0,1,49,1,0
/Users/kaiohs/Downloads/codes/lab02-experimentacao-software/data/repos/apache__groovy/subprojects/groovy-swing/src/main/java/org/apache/groovy/swing/binding/ClosureTriggerBinding.java,org.apache.groovy.swing.binding.DeadEndException,class,0,2,2,0,1,4,0,0,0,0.0,NaN,NaN,1,0,0,0,0,1,1,0,0,0,0,0,0,0,0,0,0,0,0,5,0,0,0,0,0,0,0,0,0,0,0,0,0,0,5,0,0
/Users/kaiohs/Downloads/codes/lab02-experimentacao-software/data/repos/apache__groovy/src/main/java/groovy/grape/Grape.java,groovy.grape.Grape,class,2,4,2,2,55,1,0,42,18,0.8039215,0.0,0.0,17,17,15,2,0,0,15,0,0,1,12,12,3,8,1,0,8,0,22,190,19,2,17,2,0,18,6,35,1,36,3,0,0,7,142,1,0
/Users/kaiohs/Downloads/codes/lab02-experimentacao-software/data/repos/apache__groovy/subprojects/groovy-contracts/src/main/java/org/apache/groovy/contracts/ast/visitor/LifecycleBeforeTransformationVisitor.java,org.apache.groovy.contracts.ast.visitor.LifecycleBeforeTransformationVisitor,class,9,10,1,9,5,3,0,10,0,0.0,0.0,0.0,2,0,2,0,0,0,2,0,0,0,1,0,0,1,0,0,1,0,2,22,0,3,0,0,0,0,0,3,0,3,2,0,0,0,36,1,0
/Users/kaiohs/Downloads/codes/lab02-experimentacao-software/data/repos/apache__groovy/src/main/java/org/codehaus/groovy/vmplugin/v8/TypeHelper.java,org.codehaus.groovy.vmplugin.v8.TypeHelper,class,1,5,4,1,48,1,0,9,36,0.0,0.0,0.0,9,9,0,1,8,0,8,0,0,0,0,0,0,0,0,0,0,0,5,54,10,1,35,0,0,0,1,19,0,2,9,0,0,0,79,1,0
/Users/kaiohs/Downloads/codes/lab02-experimentacao-software/data/repos/apache__groovy/src/main/java/org/codehaus/groovy/runtime/callsite/PojoMetaMethodSite.java,org.codehaus.groovy.runtime.callsite.PojoMetaMethodSite,class,18,120,102,18,41,32,42,31,76,0.9230769,0.0,0.0,13,3,6,0,7,0,13,0,7,0,2,1,0,1,1,0,2,0,22,153,25,0,16,6,2,0,0,2,0,2,3,0,5,0,52,1,0
/Users/kaiohs/Downloads/codes/lab02-experimentacao-software/data/repos/apache__groovy/src/main/java/org/codehaus/groovy/transform/trait/SuperCallTraitTransformer.java,org.codehaus.groovy.transform.trait.SuperCallTraitTransformer,class,17,20,3,17,46,2,0,64,34,0.7777778,0.0,0.0,9,1,1,6,1,1,3,0,0,0,1,0,0,1,0,0,1,0,12,133,19,5,9,0,0,11,12,26,1,28,5,0,0,2,73,0,0
/Users/kaiohs/Downloads/codes/lab02-experimentacao-software/data/repos/apache__groovy/src/main/java/org/codehaus/groovy/transform/sc/transformers/ConstructorCallTransformer.java,org.codehaus.groovy.transform.sc.transformers.ConstructorCallTransformer$MapStyleConstructorCall,innerclass,17,17,0,17,9,3,0,34,0,0.375,0.0,0.0,4,0,3,0,0,1,4,0,0,0,4,0,0,4,0,0,3,0,2,60,1,1,2,0,2,5,1,19,0,19,1,0,0,1,69,2,0
/Users/kaiohs/Downloads/codes/lab02-experimentacao-software/data/repos/apache__groovy/subprojects/groovy-json/src/main/java/groovy/json/JsonBuilder.java,groovy.json.JsonBuilder,class,8,9,1,8,33,2,0,19,49,0.5833333,0.0,0.0,18,1,15,3,0,0,15,0,0,0,2,0,0,2,0,0,1,0,10,118,20,2,6,0,0,2,9,23,0,13,4,0,0,0,211,1,0
/Users/kaiohs/Downloads/codes/lab02-experimentacao-software/data/repos/apache__groovy/subprojects/groovy-ginq/src/main/groovy/org/apache/groovy/ginq/provider/collection/runtime/PartitionImpl.java,org.apache.groovy.ginq.provider.collection.runtime.PartitionImpl,class,3,4,1,3,1,2,0,0,0,1.0,NaN,NaN,1,0,0,0,0,1,1,0,0,0,1,1,0,1,0,0,1,0,0,6,0,0,0,0,0,0,1,1,0,1,0,0,0,0,19,0,0
/Users/kaiohs/Downloads/codes/lab02-experimentacao-software/data/repos/apache__groovy/src/main/java/org/codehaus/groovy/classgen/asm/InvocationWriter.java,org.codehaus.groovy.classgen.asm.InvocationWriter$Anonymous1,anonymous,1,1,0,1,1,1,0,1,0,0.0,NaN,NaN,1,0,1,0,0,0,1,0,0,0,0,0,0,0,0,0,0,0,0,5,0,0,0,0,0,0,1,1,0,0,0,0,0,0,4,-1,0
/Users/kaiohs/Downloads/codes/lab02-experimentacao-software/data/repos/apache__groovy/src/main/java/groovy/transform/stc/SecondParam.java,groovy.transform.stc.SecondParam,class,2,4,2,2,1,17,2,0,0,0.0,NaN,NaN,1,0,1,0,0,0,1,0,0,0,0,0,0,0,0,0,0,0,0,27,0,0,0,0,0,0,2,0,0,0,0,0,4,0,44,1,0
/Users/kaiohs/Downloads/codes/lab02-experimentacao-software/data/repos/apache__groovy/src/main/java/groovy/util/function/DoubleComparator.java,groovy.util.function.DoubleComparator,interface,0,0,0,0,1,1,0,0,0,0.0,NaN,NaN,1,0,0,0,0,1,1,0,0,0,0,0,0,0,0,0,0,0,0,3,0,0,0,0,0,0,0,0,0,0,0,0,0,0,22,1,0
/Users/kaiohs/Downloads/codes/lab02-experimentacao-software/data/repos/apache__groovy/subprojects/groovy-templates/src/main/groovy/groovy/text/StreamingTemplateEngine.java,groovy.text.StreamingTemplateEngine$StreamingTemplate$FinishedReadingException,innerclass,0,0,0,0,0,3,0,0,0,NaN,-1.0,-1.0,0,0,0,0,0,0,0,0,0,0,1,1,0,1,0,0,1,0,0,3,0,0,0,0,0,0,1,1,0,1,0,0,0,0,10,10,0
/Users/kaiohs/Downloads/codes/lab02-experimentacao-software/data/repos/apache__groovy/src/main/java/org/codehaus/groovy/tools/javac/JavaCompilerFactory.java,org.codehaus.groovy.tools.javac.JavaCompilerFactory,interface,2,4,2,2,1,1,0,0,0,0.0,NaN,NaN,1,0,0,0,0,1,1,0,0,0,0,0,0,0,0,0,0,0,0,3,0,0,0,0,0,0,0,0,0,0,0,0,0,0,6,1,0
/Users/kaiohs/Downloads/codes/lab02-experimentacao-software/data/repos/apache__groovy/src/main/java/org/codehaus/groovy/GroovyExceptionInterface.java,org.codehaus.groovy.GroovyExceptionInterface,interface,0,2,2,0,2,1,0,0,1,0.0,0.0,0.0,2,0,0,0,0,2,2,0,0,0,0,0,0,0,0,0,0,0,0,4,0,0,0,0,0,0,0,0,0,0,0,0,0,0,12,1,0
/Users/kaiohs/Downloads/codes/lab02-experimentacao-software/data/repos/apache__groovy/src/main/java/groovy/time/DatumDependentDuration.java,groovy.time.DatumDependentDuration,class,8,15,7,8,12,2,1,16,66,0.0,0.0,0.0,12,0,12,0,0,0,12,0,0,0,0,0,0,0,0,0,0,0,2,68,11,0,0,0,0,0,4,2,24,2,0,1,0,0,61,1,0
/Users/kaiohs/Downloads/codes/lab02-experimentacao-software/data/repos/apache__groovy/src/main/java/org/codehaus/groovy/ast/expr/SpreadExpression.java,org.codehaus.groovy.ast.expr.SpreadExpression,class,5,9,4,5,6,3,0,7,13,0.6666667,0.0,0.0,6,0,6,0,0,0,6,0,0,0,1,0,0,1,0,0,1,0,0,24,4,0,0,0,0,1,0,2,1,2,0,0,0,0,24,1,0
/Users/kaiohs/Downloads/codes/lab02-experimentacao-software/data/repos/apache__groovy/src/main/java/org/codehaus/groovy/classgen/ReturnAdder.java,org.codehaus.groovy.classgen.ReturnAdder$ReturnStatementListener,interface,1,1,0,1,1,1,0,0,0,0.0,NaN,NaN,1,0,0,0,0,1,1,0,0,0,0,0,0,0,0,0,0,0,0,3,0,0,0,0,0,0,0,0,0,0,0,0,0,0,16,1,0
/Users/kaiohs/Downloads/codes/lab02-experimentacao-software/data/repos/apache__groovy/src/main/java/org/apache/groovy/parser/antlr4/ModifierManager.java,org.apache.groovy.parser.antlr4.ModifierManager,class,11,13,2,11,37,1,0,38,6,0.6833334,0.0,0.0,20,0,17,3,0,0,17,0,0,0,3,1,0,3,0,0,1,0,5,127,17,3,6,0,1,8,10,11,3,13,3,0,0,6,77,0,0
/Users/kaiohs/Downloads/codes/lab02-experimentacao-software/data/repos/apache__groovy/subprojects/groovy-xml/src/main/java/groovy/xml/streamingmarkupsupport/BaseMarkupBuilder.java,groovy.xml.streamingmarkupsupport.BaseMarkupBuilder$Document,innerclass,6,6,0,6,13,3,0,9,2,0.65,0.0,0.0,4,0,3,0,0,1,5,0,0,0,5,0,0,5,0,0,3,0,0,118,4,1,2,0,1,18,3,23,0,16,2,5,1,0,43,10,0
/Users/kaiohs/Downloads/codes/lab02-experimentacao-software/data/repos/apache__groovy/src/test/groovy/bugs/groovy8531/Reducer.java,bugs.groovy8531.Reducable,interface,0,1,1,0,0,1,0,0,0,0.0,-1.0,-1.0,0,0,0,0,0,0,0,0,0,0,0,0,0,0,0,0,0,0,0,4,0,0,0,0,0,0,0,0,0,0,0,0,1,0,1,0,0
/Users/kaiohs/Downloads/codes/lab02-experimentacao-software/data/repos/apache__groovy/src/main/java/org/apache/groovy/util/concurrent/concurrentlinkedhashmap/ConcurrentLinkedHashMap.java,org.apache.groovy.util.concurrent.concurrentlinkedhashmap.ConcurrentLinkedHashMap$DiscardingQueue,innerclass,0,0,0,0,6,3,0,1,15,0.0,0.0,0.0,6,0,6,0,0,0,6,0,0,0,0,0,0,0,0,0,0,0,1,20,6,0,0,0,0,0,1,0,0,0,0,0,0,0,21,24,0
/Users/kaiohs/Downloads/codes/lab02-experimentacao-software/data/repos/apache__groovy/src/main/java/org/codehaus/groovy/control/io/NullWriter.java,org.codehaus.groovy.control.io.NullWriter,class,2,3,1,2,3,2,0,0,3,1.0,0.0,0.0,3,0,3,0,0,0,3,0,0,0,1,1,1,0,0,0,1,0,0,9,0,0,0,0,0,0,0,1,0,1,0,0,0,0,16,1,0
/Users/kaiohs/Downloads/codes/lab02-experimentacao-software/data/repos/apache__groovy/src/main/java/groovy/lang/MetaClassImpl.java,groovy.lang.MetaClassImpl$DummyMetaMethod,innerclass,2,2,0,2,5,3,0,0,10,0.0,0.0,0.0,5,0,5,0,0,0,5,0,0,0,0,0,0,0,0,0,0,0,0,17,5,0,0,0,0,0,1,0,0,0,0,0,0,0,15,10,0
/Users/kaiohs/Downloads/codes/lab02-experimentacao-software/data/repos/apache__groovy/subprojects/groovy-groovydoc/src/main/java/org/codehaus/groovy/tools/groovydoc/SimpleGroovyRootDoc.java,org.codehaus.groovy.tools.groovydoc.SimpleGroovyRootDoc,class,8,11,3,8,28,2,0,25,128,0.8818182,0.0,0.0,20,0,19,1,0,0,19,0,0,0,11,3,0,11,0,0,8,0,4,167,13,2,4,0,0,3,2,24,0,18,2,0,1,0,72,1,0
/Users/kaiohs/Downloads/codes/lab02-experimentacao-software/data/repos/apache__groovy/src/main/java/groovy/transform/stc/MapEntryOrKeyValue.java,groovy.transform.stc.MapEntryOrKeyValue,class,8,8,0,8,4,2,0,11,0,0.0,NaN,NaN,1,0,1,0,0,0,1,0,0,0,1,1,0,1,0,0,1,0,3,62,2,0,1,1,0,0,4,9,0,6,1,0,1,0,122,1,0
/Users/kaiohs/Downloads/codes/lab02-experimentacao-software/data/repos/apache__groovy/src/main/java/org/codehaus/groovy/reflection/GroovyClassValueFactory.java,org.codehaus.groovy.reflection.GroovyClassValueFactory,class,4,5,1,4,1,1,0,0,0,0.0,NaN,NaN,1,1,1,0,0,0,1,0,0,0,0,0,0,0,0,0,0,0,0,5,1,0,0,0,0,0,0,0,0,0,0,0,0,0,6,0,0
/Users/kaiohs/Downloads/codes/lab02-experimentacao-software/data/repos/apache__groovy/src/main/java/org/codehaus/groovy/runtime/dgmimpl/arrays/LongArrayPutAtMetaMethod.java,org.codehaus.groovy.runtime.dgmimpl.arrays.LongArrayPutAtMetaMethod,class,12,13,1,12,9,10,0,6,3,0.6666667,0.0,0.0,3,0,3,0,0,0,3,0,1,0,1,1,0,1,0,0,1,0,4,51,4,0,0,0,4,0,5,8,0,5,2,0,1,0,40,1,0
/Users/kaiohs/Downloads/codes/lab02-experimentacao-software/data/repos/apache__groovy/src/main/java/org/apache/groovy/internal/metaclass/MetaClassConstant.java,org.apache.groovy.internal.metaclass.MetaClassConstant,class,4,7,3,4,3,1,0,1,1,0.5,0.0,0.0,3,0,3,0,0,0,3,0,0,0,2,0,0,2,0,0,2,0,0,13,2,0,0,0,0,0,0,2,0,2,0,0,0,0,28,17,0
/Users/kaiohs/Downloads/codes/lab02-experimentacao-software/data/repos/apache__groovy/subprojects/groovy-groovysh/src/main/groovy/org/apache/groovy/groovysh/jline/JrtJavaBasePackages.java,org.apache.groovy.groovysh.jline.JrtJavaBasePackages$FileVisitor,innerclass,0,0,0,0,9,2,0,13,0,0.33333334,0.0,0.0,3,0,2,1,0,0,2,0,0,0,3,0,0,3,0,0,3,0,2,33,2,0,0,1,1,4,4,5,2,5,3,0,0,0,27,10,0
/Users/kaiohs/Downloads/codes/lab02-experimentacao-software/data/repos/apache__groovy/src/main/java/org/codehaus/groovy/classgen/asm/sc/StaticTypesMethodReferenceExpressionWriter.java,org.codehaus.groovy.classgen.asm.sc.StaticTypesMethodReferenceExpressionWriter,class,30,32,2,30,109,3,0,150,190,0.0,0.0,0.0,20,7,2,18,0,0,2,0,0,0,0,0,0,0,0,0,0,0,39,338,25,8,18,0,11,32,45,129,19,83,4,0,0,7,167,1,0
/Users/kaiohs/Downloads/codes/lab02-experimentacao-software/data/repos/apache__groovy/src/main/java/org/codehaus/groovy/ast/decompiled/FormalParameterParser.java,org.codehaus.groovy.ast.decompiled.FormalParameterParser$Anonymous1,anonymous,1,1,0,1,1,1,0,1,0,0.0,NaN,NaN,1,0,0,0,0,1,1,0,0,0,0,0,0,0,0,0,0,0,0,5,0,0,0,0,0,0,0,0,0,0,0,0,0,0,4,-1,0
/Users/kaiohs/Downloads/codes/lab02-experimentacao-software/data/repos/apache__groovy/subprojects/groovy-contracts/src/main/java/org/apache/groovy/contracts/generation/TryCatchBlockGenerator.java,org.apache.groovy.contracts.generation.TryCatchBlockGenerator,class,8,11,3,8,7,1,0,21,3,0.0,0.0,0.0,3,3,2,1,0,0,2,0,0,0,0,0,0,0,0,0,0,0,2,39,3,0,2,2,0,19,0,16,0,14,2,0,0,0,64,1,0
/Users/kaiohs/Downloads/codes/lab02-experimentacao-software/data/repos/apache__groovy/src/main/java/org/codehaus/groovy/tools/shell/util/Logger.java,org.codehaus.groovy.tools.shell.util.Logger,class,3,4,1,3,28,1,0,15,57,0.7714286,0.0,0.0,14,2,10,4,0,0,10,0,0,0,5,4,2,3,0,0,4,0,0,82,4,0,8,0,0,8,0,9,2,6,3,0,0,0,48,17,0
/Users/kaiohs/Downloads/codes/lab02-experimentacao-software/data/repos/apache__groovy/src/main/java/org/apache/groovy/util/JavaShell.java,org.apache.groovy.util.JavaShell$JavaShellClassLoader,innerclass,1,1,0,1,5,4,0,5,0,0.5,0.0,0.0,4,0,4,0,0,0,4,0,0,0,2,0,0,2,0,0,1,0,1,20,3,0,1,0,0,0,1,4,0,4,1,0,0,1,21,26,0
/Users/kaiohs/Downloads/codes/lab02-experimentacao-software/data/repos/apache__groovy/src/test/groovy/org/codehaus/groovy/benchmarks/vm5/psum.java,org.codehaus.groovy.benchmarks.vm5.psum,class,0,0,0,0,2,1,0,7,0,0.0,NaN,NaN,1,1,1,0,0,0,1,0,0,0,1,1,0,0,0,1,1,0,8,33,0,1,0,0,6,10,25,28,18,18,1,0,0,0,21,0,0
/Users/kaiohs/Downloads/codes/lab02-experimentacao-software/data/repos/apache__groovy/benchmark/bench/heapsort.java,heapsort,class,2,3,1,2,11,1,0,10,1,0.5833334,0.0,0.0,3,3,3,0,0,0,3,0,0,0,4,4,4,0,0,0,3,0,5,56,2,3,1,0,5,1,19,23,12,13,3,0,0,0,22,1,0
/Users/kaiohs/Downloads/codes/lab02-experimentacao-software/data/repos/apache__groovy/src/main/java/org/codehaus/groovy/transform/tailrec/TailRecursiveASTTransformation.java,org.codehaus.groovy.transform.tailrec.TailRecursiveASTTransformation$Anonymous5,anonymous,2,2,0,2,1,1,0,1,0,0.0,NaN,NaN,1,0,1,0,0,0,1,0,0,0,0,0,0,0,0,0,0,0,0,5,1,0,0,0,0,0,0,0,0,0,0,0,0,0,9,-1,0
/Users/kaiohs/Downloads/codes/lab02-experimentacao-software/data/repos/apache__groovy/subprojects/stress/src/stressTest/java/org/codehaus/groovy/util/ManagedConcurrentLinkedQueueStressTest.java,org.codehaus.groovy.util.ManagedConcurrentLinkedQueueStressTest,class,6,7,1,6,12,1,0,26,0,0.47619048,0.0,0.0,7,0,5,2,0,0,5,0,0,0,3,2,0,0,0,3,2,0,6,109,1,4,1,0,0,8,18,26,5,25,2,2,0,0,74,1,0
/Users/kaiohs/Downloads/codes/lab02-experimentacao-software/data/repos/apache__groovy/src/main/java/org/codehaus/groovy/transform/tailrec/TailRecursiveASTTransformation.java,org.codehaus.groovy.transform.tailrec.TailRecursiveASTTransformation$Anonymous4,anonymous,3,3,0,3,1,1,0,1,0,0.0,NaN,NaN,1,0,1,0,0,0,1,0,0,0,0,0,0,0,0,0,0,0,0,5,1,0,0,0,0,0,0,0,0,0,0,0,0,0,8,-1,0
/Users/kaiohs/Downloads/codes/lab02-experimentacao-software/data/repos/apache__groovy/src/main/java/org/codehaus/groovy/runtime/dgmimpl/NumberNumberMultiply.java,org.codehaus.groovy.runtime.dgmimpl.NumberNumberMultiply$LongDouble,innerclass,5,5,0,5,4,7,0,3,1,0.0,0.0,0.0,2,0,2,0,0,0,2,0,1,0,0,0,0,0,0,0,0,0,0,15,2,0,0,1,1,0,1,0,1,0,2,0,0,0,19,10,0
/Users/kaiohs/Downloads/codes/lab02-experimentacao-software/data/repos/apache__groovy/src/main/java/org/codehaus/groovy/transform/tailrec/TailRecursiveASTTransformation.java,org.codehaus.groovy.transform.tailrec.TailRecursiveASTTransformation$Anonymous3,anonymous,2,2,0,2,1,1,0,1,0,0.0,NaN,NaN,1,0,1,0,0,0,1,0,0,0,0,0,0,0,0,0,0,0,0,5,1,0,0,0,0,0,0,0,0,0,0,0,0,0,9,-1,0
/Users/kaiohs/Downloads/codes/lab02-experimentacao-software/data/repos/apache__groovy/src/main/java/org/codehaus/groovy/transform/tailrec/TailRecursiveASTTransformation.java,org.codehaus.groovy.transform.tailrec.TailRecursiveASTTransformation$Anonymous2,anonymous,3,3,0,3,1,1,0,1,0,0.0,NaN,NaN,1,0,1,0,0,0,1,0,0,0,0,0,0,0,0,0,0,0,0,5,1,0,0,0,0,0,0,0,0,0,0,0,0,0,5,-1,0
/Users/kaiohs/Downloads/codes/lab02-experimentacao-software/data/repos/apache__groovy/src/main/java/org/codehaus/groovy/runtime/ComposedClosure.java,org.codehaus.groovy.runtime.ComposedClosure,class,3,4,1,3,12,2,0,11,10,0.6666667,0.0,0.0,9,0,9,0,0,0,9,0,0,0,3,1,0,3,0,0,1,0,0,39,6,0,0,0,5,0,2,6,0,4,1,0,0,0,84,17,0
/Users/kaiohs/Downloads/codes/lab02-experimentacao-software/data/repos/apache__groovy/src/main/java/org/codehaus/groovy/transform/tailrec/TailRecursiveASTTransformation.java,org.codehaus.groovy.transform.tailrec.TailRecursiveASTTransformation$Anonymous6,anonymous,4,4,0,4,1,1,0,2,0,0.0,NaN,NaN,1,0,1,0,0,0,1,0,0,0,0,0,0,0,0,0,0,0,1,5,1,0,0,0,0,0,0,0,0,0,0,0,0,0,8,-1,0
/Users/kaiohs/Downloads/codes/lab02-experimentacao-software/data/repos/apache__groovy/src/main/java/org/codehaus/groovy/control/AnnotationConstantsVisitor.java,org.codehaus.groovy.control.AnnotationConstantsVisitor,class,8,9,1,8,6,2,0,7,0,0.33333334,0.0,0.0,3,0,1,0,2,0,3,0,0,0,2,0,0,2,0,0,0,0,2,24,1,0,0,0,0,0,0,4,0,3,2,0,0,0,29,1,0
/Users/kaiohs/Downloads/codes/lab02-experimentacao-software/data/repos/apache__groovy/src/test/groovy/org/codehaus/groovy/dummy/Groovy8144CBase.java,org.codehaus.groovy.dummy.Groovy8144CBase,class,0,1,1,0,1,1,1,0,0,0.0,NaN,NaN,1,0,1,0,0,0,1,0,0,0,0,0,0,0,0,0,0,0,0,5,1,0,0,0,0,0,1,0,0,0,0,0,0,0,4,1,0
/Users/kaiohs/Downloads/codes/lab02-experimentacao-software/data/repos/apache__groovy/src/main/java/org/codehaus/groovy/vmplugin/v8/Selector.java,org.codehaus.groovy.vmplugin.v8.Selector$InterfaceSelector,innerclass,4,4,0,4,6,3,0,8,6,0.0,0.0,0.0,4,0,4,0,0,0,4,0,0,0,0,0,0,0,0,0,0,0,0,18,2,0,0,0,0,2,1,2,2,0,1,0,0,0,33,10,2
/Users/kaiohs/Downloads/codes/lab02-experimentacao-software/data/repos/apache__groovy/src/main/java/org/codehaus/groovy/runtime/memoize/MemoizeCache.java,org.codehaus.groovy.runtime.memoize.MemoizeCache,interface,4,12,8,4,5,1,0,3,6,0.0,0.0,0.0,4,0,0,0,0,4,4,0,0,0,0,0,0,0,0,0,0,0,0,16,1,0,1,0,0,0,0,2,0,1,1,0,1,0,88,1,0
/Users/kaiohs/Downloads/codes/lab02-experimentacao-software/data/repos/apache__groovy/src/main/java/org/codehaus/groovy/reflection/v7/GroovyClassValueJava7.java,org.codehaus.groovy.reflection.v7.GroovyClassValueJava7,class,3,4,1,3,2,2,0,1,0,0.0,0.0,0.0,2,0,1,0,1,0,2,0,0,0,1,0,0,1,0,0,1,0,0,9,1,0,0,0,0,0,0,1,0,1,0,0,0,0,13,1,0
/Users/kaiohs/Downloads/codes/lab02-experimentacao-software/data/repos/apache__groovy/src/main/java/groovy/lang/ObjectRange.java,groovy.lang.ObjectRange,class,6,17,11,6,95,3,0,36,124,0.68,0.0,0.0,25,2,17,4,4,0,21,0,0,0,4,0,0,4,0,0,3,0,5,331,27,7,15,1,14,30,25,59,16,36,4,0,1,0,202,1,0
/Users/kaiohs/Downloads/codes/lab02-experimentacao-software/data/repos/apache__groovy/src/main/java/org/codehaus/groovy/control/customizers/SecureASTCustomizer.java,org.codehaus.groovy.control.customizers.SecureASTCustomizer$ExpressionChecker,interface,1,1,0,1,1,1,0,0,0,0.0,NaN,NaN,1,0,0,0,0,1,1,0,0,0,0,0,0,0,0,0,0,0,0,3,0,0,0,0,0,0,0,0,0,0,0,0,0,0,20,1,0
/Users/kaiohs/Downloads/codes/lab02-experimentacao-software/data/repos/apache__groovy/src/main/java/org/codehaus/groovy/ast/expr/MethodCallExpression.java,org.codehaus.groovy.ast.expr.MethodCallExpression,class,13,20,7,13,45,3,0,41,177,0.83760685,0.0,0.0,26,0,26,0,0,0,26,0,0,0,9,1,1,8,0,0,1,0,1,168,14,1,3,0,9,7,3,17,2,14,3,1,0,0,107,1,0
/Users/kaiohs/Downloads/codes/lab02-experimentacao-software/data/repos/apache__groovy/subprojects/groovy-groovysh/src/main/groovy/org/apache/groovy/groovysh/jline/GroovyEngine.java,org.apache.groovy.groovysh.jline.GroovyEngine$EngineClassLoader,innerclass,1,1,0,1,8,2,0,4,6,0.0,0.0,0.0,4,0,4,0,0,0,4,0,0,0,0,0,0,0,0,0,0,0,0,22,1,2,0,0,0,1,0,0,0,0,2,0,0,0,12,9,0
/Users/kaiohs/Downloads/codes/lab02-experimentacao-software/data/repos/apache__groovy/src/main/java/groovy/lang/ExpandoMetaClass.java,groovy.lang.ExpandoMetaClass$DefiningClosure,innerclass,10,10,0,10,17,2,0,16,21,0.85714287,0.0,0.0,7,0,7,0,0,0,7,0,0,0,1,0,0,0,0,1,0,0,1,50,5,0,2,1,2,0,8,4,0,4,3,0,0,0,41,2,0
/Users/kaiohs/Downloads/codes/lab02-experimentacao-software/data/repos/apache__groovy/src/main/java/org/codehaus/groovy/transform/tailrec/TailRecursiveASTTransformation.java,org.codehaus.groovy.transform.tailrec.TailRecursiveASTTransformation$Anonymous1,anonymous,3,3,0,3,2,1,0,1,0,0.0,NaN,NaN,1,0,1,0,0,0,1,0,0,0,0,0,0,0,0,0,0,0,0,8,2,0,0,0,2,0,0,0,0,0,1,0,0,0,13,-1,0
/Users/kaiohs/Downloads/codes/lab02-experimentacao-software/data/repos/apache__groovy/benchmark/bench/process.java,process,class,2,2,0,2,3,1,0,6,0,0.0,NaN,NaN,1,1,1,0,0,0,1,0,0,0,0,0,0,0,0,0,0,0,2,21,0,1,0,1,0,0,4,6,0,5,1,0,0,0,11,1,0
/Users/kaiohs/Downloads/codes/lab02-experimentacao-software/data/repos/apache__groovy/subprojects/groovy-xml/src/test/groovy/groovy/xml/CustomXmlParser.java,groovy.xml.CustomXmlParser,class,4,4,0,4,3,2,0,1,3,0.0,0.0,0.0,3,0,0,0,2,1,3,0,0,0,0,0,0,0,0,0,0,0,1,11,2,0,0,0,0,0,1,0,0,0,0,0,0,0,17,0,0
/Users/kaiohs/Downloads/codes/lab02-experimentacao-software/data/repos/apache__groovy/subprojects/groovy-contracts/src/main/java/org/apache/groovy/contracts/common/base/BaseLifecycle.java,org.apache.groovy.contracts.common.base.BaseLifecycle,class,4,7,3,4,6,1,3,0,15,0.0,0.0,0.0,6,0,6,0,0,0,6,0,0,0,0,0,0,0,0,0,0,0,0,14,0,0,0,0,0,0,0,0,0,0,0,0,0,0,28,1025,0
/Users/kaiohs/Downloads/codes/lab02-experimentacao-software/data/repos/apache__groovy/src/test/groovy/bugs/groovy9204/Two.java,bugs.groovy9204.Two,class,2,4,2,2,0,2,0,0,0,0.0,-1.0,-1.0,0,0,0,0,0,0,0,0,0,0,0,0,0,0,0,0,0,0,0,2,0,0,0,0,0,0,0,0,0,0,0,0,0,0,1,1,0
/Users/kaiohs/Downloads/codes/lab02-experimentacao-software/data/repos/apache__groovy/src/main/java/org/codehaus/groovy/runtime/EncodingGroovyMethodsSupport.java,org.codehaus.groovy.runtime.EncodingGroovyMethodsSupport,class,1,1,0,1,0,1,0,1,0,NaN,-1.0,-1.0,0,0,0,0,0,0,0,0,0,0,2,2,0,0,0,2,2,0,0,4,0,0,0,0,2,32,0,2,2,2,0,0,0,0,29,1,0
/Users/kaiohs/Downloads/codes/lab02-experimentacao-software/data/repos/apache__groovy/src/main/java/org/codehaus/groovy/classgen/asm/CompileStack.java,org.codehaus.groovy.classgen.asm.CompileStack$StateStackElement,innerclass,4,4,0,4,1,1,0,0,0,0.0,NaN,NaN,1,0,0,0,0,1,1,0,0,0,7,0,0,0,0,7,7,0,0,18,0,0,0,0,0,0,0,7,0,7,0,0,0,0,21,2,0
/Users/kaiohs/Downloads/codes/lab02-experimentacao-software/data/repos/apache__groovy/src/main/java/org/codehaus/groovy/classgen/asm/TypeChooser.java,org.codehaus.groovy.classgen.asm.TypeChooser,interface,2,20,18,2,1,1,0,0,0,0.0,NaN,NaN,1,0,0,0,0,1,1,0,0,0,0,0,0,0,0,0,0,0,0,3,0,0,0,0,0,0,0,0,0,0,0,0,0,0,41,1,0
/Users/kaiohs/Downloads/codes/lab02-experimentacao-software/data/repos/apache__groovy/src/main/java/groovy/lang/MutableMetaClass.java,groovy.lang.MutableMetaClass,interface,3,5,2,3,5,1,0,0,10,0.0,0.0,0.0,5,0,0,0,0,5,5,0,0,0,0,0,0,0,0,0,0,0,0,7,0,0,0,0,0,0,0,0,0,0,0,0,0,0,90,1,0
/Users/kaiohs/Downloads/codes/lab02-experimentacao-software/data/repos/apache__groovy/src/test/groovy/org/codehaus/groovy/ast/MethodCallExpressionTest.java,org.codehaus.groovy.ast.MethodCallExpressionTest$Anonymous1,anonymous,2,2,0,2,3,1,0,3,1,0.0,0.0,0.0,2,0,1,0,1,0,2,0,0,0,0,0,0,0,0,0,0,0,0,11,1,0,0,0,0,0,0,2,0,0,1,0,0,0,14,-1,0
/Users/kaiohs/Downloads/codes/lab02-experimentacao-software/data/repos/apache__groovy/src/main/java/org/codehaus/groovy/runtime/dgmimpl/NumberNumberDiv.java,org.codehaus.groovy.runtime.dgmimpl.NumberNumberDiv$DoubleLong,innerclass,5,5,0,5,4,7,0,3,1,0.0,0.0,0.0,2,0,2,0,0,0,2,0,1,0,0,0,0,0,0,0,0,0,0,15,2,0,0,1,1,0,1,0,1,0,2,0,0,0,19,10,0
/Users/kaiohs/Downloads/codes/lab02-experimentacao-software/data/repos/apache__groovy/subprojects/groovy-swing/src/main/java/org/apache/groovy/swing/binding/SourceBinding.java,org.apache.groovy.swing.binding.SourceBinding,interface,0,15,15,0,1,1,0,0,0,0.0,NaN,NaN,1,0,0,0,0,1,1,0,0,0,0,0,0,0,0,0,0,0,0,3,0,0,0,0,0,0,0,0,0,0,0,0,0,0,6,1,0
/Users/kaiohs/Downloads/codes/lab02-experimentacao-software/data/repos/apache__groovy/benchmark/bench/chameneos.java,chameneos,class,4,5,1,4,6,2,0,5,1,0.5,0.0,0.0,2,1,2,0,0,0,2,0,0,0,3,1,1,2,0,0,1,0,1,96,0,3,0,0,0,0,6,9,0,7,1,0,3,0,31,1,0
/Users/kaiohs/Downloads/codes/lab02-experimentacao-software/data/repos/apache__groovy/src/main/java/org/codehaus/groovy/ast/decompiled/TypeSignatureParser.java,org.codehaus.groovy.ast.decompiled.TypeSignatureParser,class,9,22,13,9,28,2,0,30,40,0.6666667,0.0,0.0,13,3,9,2,1,1,11,1,0,0,3,0,0,3,0,0,2,0,5,99,6,1,3,1,2,3,4,14,1,12,5,2,0,0,63,1024,0
/Users/kaiohs/Downloads/codes/lab02-experimentacao-software/data/repos/apache__groovy/src/main/java/groovy/util/ObservableList.java,groovy.util.ObservableList$ElementEvent,innerclass,1,1,0,1,5,2,0,3,0,0.6,0.0,0.0,5,0,5,0,0,0,5,0,0,0,3,1,0,3,0,0,3,0,0,22,4,0,0,0,0,0,1,3,0,3,0,0,0,0,19,1033,0
/Users/kaiohs/Downloads/codes/lab02-experimentacao-software/data/repos/apache__groovy/src/main/java/org/codehaus/groovy/transform/MemoizedASTTransformation.java,org.codehaus.groovy.transform.MemoizedASTTransformation,class,20,21,1,20,24,2,0,51,13,0.79487175,NaN,NaN,6,5,1,5,0,0,1,0,0,0,13,13,0,13,0,0,13,0,10,114,8,5,8,0,0,18,8,43,4,37,2,0,0,0,112,1,0
/Users/kaiohs/Downloads/codes/lab02-experimentacao-software/data/repos/apache__groovy/subprojects/groovy-swing/src/main/java/org/apache/groovy/swing/extensions/SwingExtensions.java,org.apache.groovy.swing.extensions.SwingExtensions$Anonymous2,anonymous,1,1,0,1,6,1,0,4,0,0.0,0.0,0.0,3,0,3,0,0,0,3,0,0,0,1,0,0,1,0,0,0,0,0,12,2,0,0,0,0,0,2,1,0,1,1,0,0,0,6,-1,0
/Users/kaiohs/Downloads/codes/lab02-experimentacao-software/data/repos/apache__groovy/src/main/java/groovy/lang/GroovySystem.java,groovy.lang.GroovySystem,class,5,11,6,5,10,1,0,10,26,0.875,0.0,0.0,8,7,7,1,0,0,8,0,0,0,4,4,1,3,0,0,3,0,1,40,5,0,0,0,0,1,3,8,2,7,1,0,0,0,109,17,0
/Users/kaiohs/Downloads/codes/lab02-experimentacao-software/data/repos/apache__groovy/subprojects/groovy-swing/src/main/java/org/apache/groovy/swing/extensions/SwingExtensions.java,org.apache.groovy.swing.extensions.SwingExtensions$Anonymous1,anonymous,1,1,0,1,4,1,0,2,1,0.33333334,0.0,0.0,3,0,3,0,0,0,3,0,0,0,1,0,0,1,0,0,0,0,0,12,2,0,0,0,0,1,1,1,0,1,0,0,0,0,10,-1,0
/Users/kaiohs/Downloads/codes/lab02-experimentacao-software/data/repos/apache__groovy/subprojects/groovy-xml/src/main/java/groovy/xml/streamingmarkupsupport/Builder.java,groovy.xml.streamingmarkupsupport.Builder,class,3,5,2,3,6,3,1,10,3,0.6666667,0.0,0.0,3,1,2,1,0,0,2,1,0,0,1,0,0,0,1,0,1,0,1,36,1,2,0,0,2,0,3,8,0,8,2,0,1,0,21,1025,0
/Users/kaiohs/Downloads/codes/lab02-experimentacao-software/data/repos/apache__groovy/subprojects/groovy-swing/src/main/java/org/apache/groovy/swing/extensions/SwingExtensions.java,org.apache.groovy.swing.extensions.SwingExtensions$Anonymous6,anonymous,1,1,0,1,6,1,0,4,0,0.0,0.0,0.0,3,0,3,0,0,0,3,0,0,0,1,0,0,1,0,0,0,0,0,12,2,0,0,0,0,0,2,1,0,1,1,0,0,0,7,-1,0
/Users/kaiohs/Downloads/codes/lab02-experimentacao-software/data/repos/apache__groovy/subprojects/groovy-swing/src/main/java/org/apache/groovy/swing/extensions/SwingExtensions.java,org.apache.groovy.swing.extensions.SwingExtensions$Anonymous5,anonymous,1,1,0,1,7,1,0,5,0,0.0,0.0,0.0,3,0,3,0,0,0,3,0,0,0,1,0,0,1,0,0,0,0,0,18,2,1,0,0,0,0,3,5,0,4,1,0,0,0,9,-1,0
/Users/kaiohs/Downloads/codes/lab02-experimentacao-software/data/repos/apache__groovy/subprojects/groovy-swing/src/main/java/org/apache/groovy/swing/extensions/SwingExtensions.java,org.apache.groovy.swing.extensions.SwingExtensions$Anonymous4,anonymous,0,0,0,0,5,1,0,3,1,0.33333334,0.0,0.0,3,0,3,0,0,0,3,0,0,0,1,0,0,1,0,0,0,0,0,18,2,1,0,0,0,1,2,5,0,4,1,0,0,0,13,-1,0
/Users/kaiohs/Downloads/codes/lab02-experimentacao-software/data/repos/apache__groovy/src/main/java/groovy/util/ObservableList.java,groovy.util.ObservableList$MultiElementAddedEvent,innerclass,1,1,0,1,3,3,0,2,0,0.5,0.0,0.0,2,0,2,0,0,0,2,0,0,0,2,1,0,2,0,0,1,0,1,13,1,0,1,0,0,0,1,2,0,2,1,0,0,0,18,9,0
/Users/kaiohs/Downloads/codes/lab02-experimentacao-software/data/repos/apache__groovy/subprojects/groovy-swing/src/main/java/org/apache/groovy/swing/extensions/SwingExtensions.java,org.apache.groovy.swing.extensions.SwingExtensions$Anonymous3,anonymous,1,1,0,1,6,1,0,4,0,0.0,0.0,0.0,3,0,3,0,0,0,3,0,0,0,1,0,0,1,0,0,0,0,0,12,2,0,0,0,0,0,2,1,0,1,1,0,0,0,6,-1,0
/Users/kaiohs/Downloads/codes/lab02-experimentacao-software/data/repos/apache__groovy/src/main/java/groovy/util/Iterables.java,groovy.util.Iterables,class,3,3,0,3,1,1,0,0,0,0.0,NaN,NaN,1,1,1,0,0,0,1,0,0,0,0,0,0,0,0,0,0,0,0,71,1,0,0,0,0,0,0,0,0,0,0,0,1,0,23,1,0
/Users/kaiohs/Downloads/codes/lab02-experimentacao-software/data/repos/apache__groovy/src/main/java/org/codehaus/groovy/reflection/CachedClass.java,org.codehaus.groovy.reflection.CachedClass$CachedMethodComparatorByName,innerclass,2,2,0,2,1,1,0,2,0,1.0,NaN,NaN,1,0,1,0,0,0,1,0,0,0,1,1,1,0,0,0,1,0,0,6,1,0,0,0,0,0,0,1,0,1,0,0,0,0,14,9,0
/Users/kaiohs/Downloads/codes/lab02-experimentacao-software/data/repos/apache__groovy/subprojects/groovy-servlet/src/main/java/groovy/servlet/ServletBinding.java,groovy.servlet.ServletBinding$InvalidOutputStream,innerclass,1,1,0,1,1,2,0,0,0,0.0,NaN,NaN,1,0,1,0,0,0,1,0,0,0,0,0,0,0,0,0,0,0,0,5,0,0,0,0,0,1,0,0,0,0,0,0,0,0,23,26,0
/Users/kaiohs/Downloads/codes/lab02-experimentacao-software/data/repos/apache__groovy/subprojects/groovy-swing/src/main/java/org/apache/groovy/swing/extensions/SwingExtensions.java,org.apache.groovy.swing.extensions.SwingExtensions$Anonymous7,anonymous,1,1,0,1,6,1,0,4,0,0.0,0.0,0.0,3,0,3,0,0,0,3,0,0,0,1,0,0,1,0,0,0,0,0,12,2,0,0,0,0,0,2,1,0,1,1,0,0,0,6,-1,0
/Users/kaiohs/Downloads/codes/lab02-experimentacao-software/data/repos/apache__groovy/src/test/groovy/org/codehaus/groovy/classgen/ForTest.java,org.codehaus.groovy.classgen.ForTest,class,10,10,0,10,12,2,0,16,3,0.0,0.0,0.0,3,0,0,0,0,3,3,0,0,0,0,0,0,0,0,0,0,0,3,72,0,0,6,3,0,43,4,19,4,19,1,0,0,0,49,16,0
/Users/kaiohs/Downloads/codes/lab02-experimentacao-software/data/repos/apache__groovy/src/main/java/org/codehaus/groovy/classgen/asm/indy/InvokeDynamicWriter.java,org.codehaus.groovy.classgen.asm.indy.InvokeDynamicWriter,class,23,26,3,23,62,2,0,69,108,0.8958333,0.0,0.0,16,1,5,8,3,0,8,0,0,0,3,3,0,3,0,0,3,0,26,191,6,4,11,0,2,15,9,54,4,41,3,0,0,1,162,1,0
/Users/kaiohs/Downloads/codes/lab02-experimentacao-software/data/repos/apache__groovy/subprojects/groovy-ant/src/main/java/org/codehaus/groovy/ant/FileIterator.java,org.codehaus.groovy.ant.FileIterator,class,4,6,2,4,17,1,0,8,3,0.6666666,0.0,0.0,6,0,5,1,0,0,5,0,0,0,8,0,0,8,0,0,3,0,0,73,5,2,3,0,0,0,3,15,0,9,3,0,0,0,48,1,0
/Users/kaiohs/Downloads/codes/lab02-experimentacao-software/data/repos/apache__groovy/benchmark/bench/mandelbrot.java,mandelbrot$Mandelbrot,innerclass,2,2,0,2,13,1,0,4,0,0.14285715,0.0,0.0,3,0,2,1,0,0,2,0,0,0,7,1,0,1,0,6,6,0,0,59,0,3,6,0,4,1,32,29,18,18,3,0,0,0,32,9,0
/Users/kaiohs/Downloads/codes/lab02-experimentacao-software/data/repos/apache__groovy/subprojects/groovy-json/src/test/java/org/apache/groovy/json/internal/SysTest.java,org.apache.groovy.json.internal.SysTest,class,2,2,0,2,15,1,0,8,36,0.0,0.0,0.0,9,0,0,0,0,9,9,0,0,0,0,0,0,0,0,0,0,0,18,45,0,0,0,0,0,3,0,3,0,3,1,0,0,0,30,0,0
/Users/kaiohs/Downloads/codes/lab02-experimentacao-software/data/repos/apache__groovy/src/main/java/org/codehaus/groovy/ast/PropertyNode.java,org.codehaus.groovy.ast.PropertyNode,class,9,55,46,9,32,3,0,17,122,0.7986111,0.0,0.0,24,0,24,0,0,0,24,0,0,0,6,0,0,6,0,0,0,0,3,94,16,0,4,0,0,4,0,12,2,7,1,0,0,0,63,1,0
/Users/kaiohs/Downloads/codes/lab02-experimentacao-software/data/repos/apache__groovy/src/main/java/org/codehaus/groovy/transform/AutoCloneASTTransformation.java,org.codehaus.groovy.transform.AutoCloneASTTransformation,class,28,29,1,28,49,2,0,77,53,0.909091,NaN,NaN,11,9,1,10,0,0,1,0,0,0,8,8,0,5,0,3,8,0,42,200,9,4,7,0,3,36,5,66,1,64,3,0,0,0,147,1,0
/Users/kaiohs/Downloads/codes/lab02-experimentacao-software/data/repos/apache__groovy/src/main/java/org/codehaus/groovy/transform/LazyASTTransformation.java,org.codehaus.groovy.transform.LazyASTTransformation,class,24,26,2,24,35,2,0,67,72,0.7692308,0.0,0.0,13,12,1,11,0,1,2,0,0,0,1,1,0,1,0,0,1,0,25,142,2,0,6,0,7,23,7,44,11,40,2,0,0,0,125,1,0
/Users/kaiohs/Downloads/codes/lab02-experimentacao-software/data/repos/apache__groovy/src/main/java/org/apache/groovy/util/concurrent/concurrentlinkedhashmap/LinkedDeque.java,org.apache.groovy.util.concurrent.concurrentlinkedhashmap.Linked,interface,2,10,8,2,4,1,0,0,6,0.0,0.0,0.0,4,0,0,0,0,4,4,0,0,0,0,0,0,0,0,0,0,0,0,6,0,0,0,0,0,0,0,0,0,0,0,0,0,0,26,0,0
/Users/kaiohs/Downloads/codes/lab02-experimentacao-software/data/repos/apache__groovy/src/main/java/groovy/transform/builder/InitializerStrategy.java,groovy.transform.builder.InitializerStrategy$UNSET,innerclass,0,0,0,0,0,1,0,0,0,0.0,-1.0,-1.0,0,0,0,0,0,0,0,0,0,0,0,0,0,0,0,0,0,0,0,2,0,0,0,0,0,0,0,0,0,0,0,0,0,0,27,1033,0
/Users/kaiohs/Downloads/codes/lab02-experimentacao-software/data/repos/apache__groovy/src/test/groovy/org/codehaus/groovy/tools/stubgenerator/Groovy5859Support.java,org.codehaus.groovy.tools.stubgenerator.Groovy5859Support,class,0,0,0,0,2,1,0,0,1,0.0,0.0,0.0,2,0,2,0,0,0,2,0,0,0,0,0,0,0,0,0,0,0,0,6,0,0,0,0,0,0,0,0,0,0,0,0,0,0,7,1,0
/Users/kaiohs/Downloads/codes/lab02-experimentacao-software/data/repos/apache__groovy/src/main/java/org/codehaus/groovy/transform/tailrec/RecursivenessTester.java,org.codehaus.groovy.transform.tailrec.RecursivenessTester,class,11,15,4,11,17,1,0,33,15,0.8333333,0.0,0.0,6,0,3,3,0,0,3,0,0,0,1,1,0,1,0,0,1,0,6,50,16,0,3,0,9,5,3,9,0,9,1,0,0,1,113,1,0
/Users/kaiohs/Downloads/codes/lab02-experimentacao-software/data/repos/apache__groovy/subprojects/performance/src/test/java/org/apache/groovy/perf/ScriptCompilationExecuter.java,org.apache.groovy.perf.ScriptCompilationExecuter,class,3,4,1,3,4,1,0,23,0,0.0,0.0,0.0,2,0,2,0,0,0,2,0,0,0,2,0,0,2,0,0,2,0,4,29,2,2,0,0,0,2,0,9,2,11,2,0,0,2,29,1,0
/Users/kaiohs/Downloads/codes/lab02-experimentacao-software/data/repos/apache__groovy/src/main/java/org/codehaus/groovy/ast/expr/ArgumentListExpression.java,org.codehaus.groovy.ast.expr.ArgumentListExpression,class,7,12,5,7,10,4,0,6,36,1.0,0.0,0.0,9,0,9,0,0,0,9,0,0,0,2,2,2,0,0,0,2,0,0,35,1,1,0,0,0,0,0,3,0,3,1,0,0,0,46,1,0
/Users/kaiohs/Downloads/codes/lab02-experimentacao-software/data/repos/apache__groovy/subprojects/groovy-contracts/src/main/java/org/apache/groovy/contracts/ast/LoopInvariantASTTransformation.java,org.apache.groovy.contracts.ast.LoopInvariantASTTransformation,class,17,18,1,17,9,1,0,15,1,0.0,NaN,NaN,2,1,1,1,0,0,1,0,0,0,0,0,0,0,0,0,0,0,4,28,5,0,2,0,5,3,4,6,1,6,1,0,0,0,70,1,0
/Users/kaiohs/Downloads/codes/lab02-experimentacao-software/data/repos/apache__groovy/subprojects/groovy-xml/src/main/java/groovy/xml/markupsupport/StandardXmlAttributeFilter.java,groovy.xml.markupsupport.StandardXmlAttributeFilter,class,0,1,1,0,1,1,0,1,0,0.0,NaN,NaN,1,0,1,0,0,0,1,0,0,0,0,0,0,0,0,0,0,0,1,6,1,0,0,0,0,0,0,1,0,1,0,0,0,0,9,1,0
/Users/kaiohs/Downloads/codes/lab02-experimentacao-software/data/repos/apache__groovy/src/main/java/org/codehaus/groovy/reflection/CachedMethod.java,org.codehaus.groovy.reflection.CachedMethod,class,18,25,7,18,77,2,0,41,227,0.88387096,0.0,0.0,31,2,27,4,0,0,27,0,2,0,8,1,2,6,0,0,3,0,9,239,42,2,23,4,10,3,21,47,3,35,3,0,0,1,110,1,0
/Users/kaiohs/Downloads/codes/lab02-experimentacao-software/data/repos/apache__groovy/subprojects/groovy-yaml/src/main/java/groovy/yaml/YamlSlurper.java,groovy.yaml.YamlSlurper,class,3,4,1,3,6,1,0,7,13,0.6666667,0.0,0.0,6,0,6,0,0,0,6,0,0,0,1,0,0,1,0,0,1,0,2,21,5,0,0,0,0,0,0,1,0,1,0,0,0,0,38,1,0
/Users/kaiohs/Downloads/codes/lab02-experimentacao-software/data/repos/apache__groovy/src/tck/src/org/codehaus/groovy/tck/TestGeneratorHelper.java,org.codehaus.groovy.tck.TestGeneratorHelper,interface,0,1,1,0,2,1,0,0,1,0.0,0.0,0.0,2,0,0,0,0,2,2,0,0,0,0,0,0,0,0,0,0,0,0,4,0,0,0,0,0,0,0,0,0,0,0,0,0,0,17,1,0
/Users/kaiohs/Downloads/codes/lab02-experimentacao-software/data/repos/apache__groovy/subprojects/groovy-xml/src/main/java/groovy/xml/slurpersupport/FilteredNodeChildren.java,groovy.xml.slurpersupport.FilteredNodeChildren$Anonymous1,anonymous,3,3,0,3,3,1,0,3,0,0.0,NaN,NaN,1,0,0,0,1,0,1,0,0,0,0,0,0,0,0,0,0,0,0,11,2,1,0,0,0,0,0,1,0,1,2,0,0,0,13,-1,0
/Users/kaiohs/Downloads/codes/lab02-experimentacao-software/data/repos/apache__groovy/src/main/java/org/codehaus/groovy/util/CharSequenceReader.java,org.codehaus.groovy.util.CharSequenceReader,class,2,4,2,2,20,2,0,5,0,0.62222224,0.0,0.0,9,0,9,0,0,0,9,0,0,0,5,2,0,5,0,0,3,0,1,67,9,1,3,0,0,6,9,14,6,10,2,0,0,0,137,1,0
/Users/kaiohs/Downloads/codes/lab02-experimentacao-software/data/repos/apache__groovy/src/main/java/org/codehaus/groovy/runtime/DefaultGroovyMethods.java,org.codehaus.groovy.runtime.DefaultGroovyMethods$ZipPreIterator,innerclass,3,3,0,3,5,1,0,4,0,0.25,0.0,0.0,4,0,3,1,0,0,3,0,0,0,2,0,0,2,0,0,1,0,0,18,2,0,0,0,0,0,0,2,0,2,1,0,0,0,14,26,0
/Users/kaiohs/Downloads/codes/lab02-experimentacao-software/data/repos/apache__groovy/src/main/java/org/codehaus/groovy/runtime/InvokerHelper.java,org.codehaus.groovy.runtime.InvokerHelper$Anonymous2,anonymous,1,1,0,1,3,1,0,2,0,0.0,NaN,NaN,1,0,1,0,0,0,1,0,0,0,0,0,0,0,0,0,0,0,2,14,1,0,0,1,0,1,2,3,0,2,2,0,0,0,10,-1,0
/Users/kaiohs/Downloads/codes/lab02-experimentacao-software/data/repos/apache__groovy/src/main/java/org/codehaus/groovy/runtime/InvokerHelper.java,org.codehaus.groovy.runtime.InvokerHelper$Anonymous1,anonymous,1,1,0,1,1,1,0,1,0,0.0,NaN,NaN,1,0,1,0,0,0,1,0,0,0,0,0,0,0,0,0,0,0,1,5,1,0,0,0,0,1,0,0,0,0,0,0,0,0,2,-1,0
/Users/kaiohs/Downloads/codes/lab02-experimentacao-software/data/repos/apache__groovy/subprojects/groovy-templates/src/main/groovy/groovy/text/GStringTemplateEngine.java,groovy.text.GStringTemplateEngine,class,3,4,1,3,3,2,0,2,1,0.77777773,0.0,0.0,3,0,3,0,0,0,3,0,0,0,3,2,0,3,0,0,2,0,0,142,1,0,0,0,0,1,0,3,0,3,0,0,1,0,140,1,0
/Users/kaiohs/Downloads/codes/lab02-experimentacao-software/data/repos/apache__groovy/subprojects/groovy-xml/src/test/groovy/groovy/xml/FactorySupportTest.java,groovy.xml.FactorySupportTest$Anonymous2,anonymous,0,0,0,0,1,1,0,0,0,0.0,NaN,NaN,1,0,1,0,0,0,1,0,0,0,0,0,0,0,0,0,0,0,0,5,0,0,0,0,0,0,0,0,0,0,0,0,0,0,18,-1,0
/Users/kaiohs/Downloads/codes/lab02-experimentacao-software/data/repos/apache__groovy/subprojects/groovy-xml/src/test/groovy/groovy/xml/FactorySupportTest.java,groovy.xml.FactorySupportTest$Anonymous1,anonymous,0,0,0,0,1,1,0,0,0,0.0,NaN,NaN,1,0,1,0,0,0,1,0,0,0,0,0,0,0,0,0,0,0,0,5,0,0,0,0,0,0,0,0,0,0,0,0,0,0,18,-1,0
/Users/kaiohs/Downloads/codes/lab02-experimentacao-software/data/repos/apache__groovy/src/test/groovy/groovy/lang/FloatObjectRangeTest.java,groovy.lang.FloatObjectRangeTest,class,3,3,0,3,2,3,0,2,1,0.0,0.0,0.0,2,0,0,0,2,0,2,0,0,0,0,0,0,0,0,0,0,0,3,8,2,0,0,0,0,0,0,0,0,0,0,0,0,0,15,1,0
/Users/kaiohs/Downloads/codes/lab02-experimentacao-software/data/repos/apache__groovy/src/main/java/org/codehaus/groovy/runtime/dgmimpl/NumberNumberPlus.java,org.codehaus.groovy.runtime.dgmimpl.NumberNumberPlus$IntegerInteger,innerclass,5,5,0,5,4,7,0,2,1,0.0,0.0,0.0,2,0,2,0,0,0,2,0,1,0,0,0,0,0,0,0,0,0,0,15,2,0,0,1,0,0,1,0,1,0,2,0,0,0,18,10,0
/Users/kaiohs/Downloads/codes/lab02-experimentacao-software/data/repos/apache__groovy/benchmark/bench/process.java,Link,class,1,4,3,1,11,2,1,4,2,0.5833333,0.0,0.0,4,0,1,0,0,3,4,0,0,2,3,0,0,0,0,3,0,0,0,39,1,4,2,3,0,0,5,8,1,4,2,0,0,0,18,0,0
/Users/kaiohs/Downloads/codes/lab02-experimentacao-software/data/repos/apache__groovy/src/main/java/org/codehaus/groovy/runtime/metaclass/TemporaryMethodKey.java,org.codehaus.groovy.runtime.metaclass.TemporaryMethodKey,class,1,1,0,1,6,2,0,1,0,0.0,0.0,0.0,3,0,3,0,0,0,3,0,0,0,1,0,0,1,0,0,1,0,0,21,3,0,3,0,2,0,0,4,0,3,1,0,0,0,33,1,0
/Users/kaiohs/Downloads/codes/lab02-experimentacao-software/data/repos/apache__groovy/src/test/groovy/gls/ch06/s05/JName1Test.java,gls.ch06.s05.JName1Test$Anonymous19,anonymous,0,0,0,0,1,1,0,0,0,0.0,NaN,NaN,1,0,1,0,0,0,1,0,0,0,0,0,0,0,0,0,0,0,0,5,1,0,0,0,0,1,0,0,0,0,0,0,0,0,4,-1,0
/Users/kaiohs/Downloads/codes/lab02-experimentacao-software/data/repos/apache__groovy/subprojects/groovy-json/src/main/java/groovy/json/DefaultJsonGenerator.java,groovy.json.DefaultJsonGenerator,class,22,25,3,22,102,1,0,109,106,0.8602941,0.0,0.0,17,0,3,0,14,0,17,0,0,0,8,0,0,0,8,0,8,0,9,386,14,13,20,0,4,13,26,42,4,41,3,0,1,1,179,1,0
/Users/kaiohs/Downloads/codes/lab02-experimentacao-software/data/repos/apache__groovy/src/main/java/org/codehaus/groovy/runtime/dgmimpl/NumberNumberMultiply.java,org.codehaus.groovy.runtime.dgmimpl.NumberNumberMultiply$DoubleLong,innerclass,5,5,0,5,4,7,0,3,1,0.0,0.0,0.0,2,0,2,0,0,0,2,0,1,0,0,0,0,0,0,0,0,0,0,15,2,0,0,1,1,0,1,0,1,0,2,0,0,0,19,10,0
/Users/kaiohs/Downloads/codes/lab02-experimentacao-software/data/repos/apache__groovy/src/main/java/org/codehaus/groovy/runtime/memoize/StampedCommonCache.java,org.codehaus.groovy.runtime.memoize.StampedCommonCache,class,13,14,1,13,36,1,0,38,228,0.84,0.0,0.0,25,0,22,3,0,0,22,0,0,0,3,1,0,3,0,0,3,0,0,142,23,0,7,3,0,0,3,22,0,23,3,0,0,12,122,1,0
/Users/kaiohs/Downloads/codes/lab02-experimentacao-software/data/repos/apache__groovy/src/main/java/org/codehaus/groovy/transform/trait/TraitASTTransformation.java,org.codehaus.groovy.transform.trait.TraitASTTransformation$PostTypeCheckingExpressionReplacer,innerclass,3,3,0,3,5,2,0,2,1,0.33333334,0.0,0.0,3,0,1,0,1,1,3,0,0,0,1,0,0,1,0,0,1,0,0,18,3,0,2,0,0,0,0,2,0,2,2,0,0,0,33,10,0
/Users/kaiohs/Downloads/codes/lab02-experimentacao-software/data/repos/apache__groovy/src/test/groovy/gls/ch06/s05/JName1Test.java,gls.ch06.s05.JName1Test$Anonymous11,anonymous,0,0,0,0,0,1,0,0,0,0.0,-1.0,-1.0,0,0,0,0,0,0,0,0,0,0,0,0,0,0,0,0,0,0,0,2,0,0,0,0,0,0,0,0,0,0,0,0,0,0,0,-1,0
/Users/kaiohs/Downloads/codes/lab02-experimentacao-software/data/repos/apache__groovy/src/main/java/org/codehaus/groovy/runtime/DefaultGroovyMethods.java,org.codehaus.groovy.runtime.DefaultGroovyMethods$PlusIterator,innerclass,1,1,0,1,5,1,0,3,0,0.25,0.0,0.0,4,0,3,1,0,0,3,0,0,0,3,0,0,3,0,0,2,0,0,20,2,0,0,0,0,0,0,4,0,3,0,0,0,0,10,26,0
/Users/kaiohs/Downloads/codes/lab02-experimentacao-software/data/repos/apache__groovy/src/test/groovy/gls/ch06/s05/JName1Test.java,gls.ch06.s05.JName1Test$Anonymous12,anonymous,0,0,0,0,1,1,0,0,0,0.0,NaN,NaN,1,0,1,0,0,0,1,0,0,0,0,0,0,0,0,0,0,0,0,5,1,0,0,0,0,1,0,0,0,0,0,0,0,0,4,-1,0
/Users/kaiohs/Downloads/codes/lab02-experimentacao-software/data/repos/apache__groovy/src/test/groovy/gls/ch06/s05/JName1Test.java,gls.ch06.s05.JName1Test$Anonymous13,anonymous,0,0,0,0,1,1,0,0,0,0.0,NaN,NaN,1,0,1,0,0,0,1,0,0,0,0,0,0,0,0,0,0,0,0,5,1,0,0,0,0,1,0,0,0,0,0,0,0,0,4,-1,0
/Users/kaiohs/Downloads/codes/lab02-experimentacao-software/data/repos/apache__groovy/src/test/groovy/gls/ch06/s05/JName1Test.java,gls.ch06.s05.JName1Test$Anonymous14,anonymous,0,0,0,0,1,1,0,0,0,0.0,NaN,NaN,1,0,1,0,0,0,1,0,0,0,0,0,0,0,0,0,0,0,0,5,1,0,0,0,0,1,0,0,0,0,0,0,0,0,4,-1,0
/Users/kaiohs/Downloads/codes/lab02-experimentacao-software/data/repos/apache__groovy/src/main/java/org/codehaus/groovy/transform/stc/Receiver.java,org.codehaus.groovy.transform.stc.Receiver,class,3,5,2,3,10,1,0,3,0,0.375,0.0,0.0,8,1,8,0,0,0,8,0,1,0,3,0,0,3,0,0,3,0,1,31,5,0,1,0,1,5,0,3,1,3,0,0,0,0,26,1,0
/Users/kaiohs/Downloads/codes/lab02-experimentacao-software/data/repos/apache__groovy/src/main/java/org/codehaus/groovy/transform/NonSealedASTTransformation.java,org.codehaus.groovy.transform.NonSealedASTTransformation,class,9,9,0,9,5,2,0,9,0,0.0,NaN,NaN,1,0,1,0,0,0,1,0,0,0,2,2,0,2,0,0,2,0,1,21,3,0,0,0,0,4,2,4,2,4,2,0,0,0,39,1,0
/Users/kaiohs/Downloads/codes/lab02-experimentacao-software/data/repos/apache__groovy/src/test/groovy/org/codehaus/groovy/ast/ASTNodeTest.java,org.codehaus.groovy.ast.ASTNodeTest,class,2,2,0,2,1,2,0,4,0,0.0,NaN,NaN,1,0,1,0,0,0,1,0,0,0,1,0,0,0,0,1,0,0,0,8,0,0,0,0,0,1,1,2,1,2,0,0,0,0,14,1,0
/Users/kaiohs/Downloads/codes/lab02-experimentacao-software/data/repos/apache__groovy/src/test/groovy/gls/ch06/s05/JName1Test.java,gls.ch06.s05.JName1Test$Anonymous15,anonymous,0,0,0,0,1,1,0,0,0,0.0,NaN,NaN,1,0,1,0,0,0,1,0,0,0,0,0,0,0,0,0,0,0,0,5,1,0,0,0,0,1,0,0,0,0,0,0,0,0,4,-1,0
/Users/kaiohs/Downloads/codes/lab02-experimentacao-software/data/repos/apache__groovy/src/main/java/org/codehaus/groovy/classgen/asm/MethodReferenceExpressionWriter.java,org.codehaus.groovy.classgen.asm.MethodReferenceExpressionWriter,class,3,8,5,3,2,2,1,1,1,0.0,0.0,0.0,2,0,2,0,0,0,2,0,0,0,0,0,0,0,0,0,0,0,0,8,0,0,0,0,0,0,0,0,0,0,0,0,0,0,13,1,0
/Users/kaiohs/Downloads/codes/lab02-experimentacao-software/data/repos/apache__groovy/subprojects/groovy-xml/src/main/java/groovy/xml/slurpersupport/NodeChildren.java,groovy.xml.slurpersupport.NodeChildren$Anonymous3,anonymous,1,1,0,1,7,1,0,6,0,0.0,NaN,NaN,1,0,0,0,1,0,1,0,0,0,0,0,0,0,0,0,0,0,0,13,2,1,0,0,1,3,0,1,0,1,3,0,0,0,10,-1,0
/Users/kaiohs/Downloads/codes/lab02-experimentacao-software/data/repos/apache__groovy/src/test/groovy/gls/ch06/s05/JName1Test.java,gls.ch06.s05.JName1Test$Anonymous16,anonymous,0,0,0,0,0,1,0,0,0,0.0,-1.0,-1.0,0,0,0,0,0,0,0,0,0,0,0,0,0,0,0,0,0,0,0,2,0,0,0,0,0,0,0,0,0,0,0,0,0,0,0,-1,0
/Users/kaiohs/Downloads/codes/lab02-experimentacao-software/data/repos/apache__groovy/src/main/java/org/codehaus/groovy/vmplugin/v8/CacheableCallSite.java,org.codehaus.groovy.vmplugin.v8.CacheableCallSite,class,4,14,10,4,25,3,0,25,50,0.8863636,0.0,0.0,12,0,11,1,0,0,12,0,0,0,11,4,0,11,0,0,8,0,4,111,8,1,9,1,0,2,4,23,2,20,4,1,0,3,88,1,0
/Users/kaiohs/Downloads/codes/lab02-experimentacao-software/data/repos/apache__groovy/subprojects/groovy-xml/src/main/java/groovy/xml/slurpersupport/NodeChildren.java,groovy.xml.slurpersupport.NodeChildren$Anonymous2,anonymous,4,4,0,4,3,1,0,4,1,0.33333334,0.0,0.0,3,0,3,0,0,0,3,0,0,0,1,0,0,0,0,1,1,0,0,12,2,0,0,0,0,0,0,1,0,1,0,0,0,0,13,-1,0
/Users/kaiohs/Downloads/codes/lab02-experimentacao-software/data/repos/apache__groovy/src/test/groovy/gls/ch06/s05/JName1Test.java,gls.ch06.s05.JName1Test$Anonymous17,anonymous,0,0,0,0,1,1,0,0,0,0.0,NaN,NaN,1,0,1,0,0,0,1,0,0,0,0,0,0,0,0,0,0,0,0,5,1,0,0,0,0,1,0,0,0,0,0,0,0,0,4,-1,0
/Users/kaiohs/Downloads/codes/lab02-experimentacao-software/data/repos/apache__groovy/subprojects/groovy-xml/src/main/java/groovy/xml/slurpersupport/NodeChildren.java,groovy.xml.slurpersupport.NodeChildren$Anonymous1,anonymous,3,3,0,3,10,1,0,5,4,0.625,0.0,0.0,4,0,3,1,0,0,3,0,0,0,2,0,0,2,0,0,1,0,0,33,5,2,2,1,0,0,0,5,0,4,3,0,0,0,17,-1,0
/Users/kaiohs/Downloads/codes/lab02-experimentacao-software/data/repos/apache__groovy/src/test/groovy/gls/ch06/s05/JName1Test.java,gls.ch06.s05.JName1Test$Anonymous18,anonymous,0,0,0,0,1,1,0,0,0,0.0,NaN,NaN,1,0,1,0,0,0,1,0,0,0,0,0,0,0,0,0,0,0,0,5,1,0,0,0,0,1,0,0,0,0,0,0,0,0,4,-1,0
/Users/kaiohs/Downloads/codes/lab02-experimentacao-software/data/repos/apache__groovy/subprojects/groovy-groovydoc/src/test/groovy/org/codehaus/groovy/tools/groovydoc/testfiles/ClassWithMethodComment.java,org.codehaus.groovy.tools.groovydoc.testfiles.ClassWithMethodComment,class,0,0,0,0,1,1,0,0,0,0.0,NaN,NaN,1,0,1,0,0,0,1,0,0,0,0,0,0,0,0,0,0,0,0,5,1,0,0,0,0,0,0,0,0,0,0,0,0,0,20,1,0
/Users/kaiohs/Downloads/codes/lab02-experimentacao-software/data/repos/apache__groovy/src/main/java/org/codehaus/groovy/transform/tailrec/ReturnStatementToIterationConverter.java,org.codehaus.groovy.transform.tailrec.ReturnStatementToIterationConverter,class,14,17,3,14,20,1,0,34,55,0.90909094,0.0,0.0,11,0,5,6,0,0,5,0,0,0,1,0,0,1,0,0,0,0,3,79,10,4,2,0,4,10,3,29,1,27,1,0,0,1,127,1,0
/Users/kaiohs/Downloads/codes/lab02-experimentacao-software/data/repos/apache__groovy/src/test/groovy/gls/ch06/s05/JName1Test.java,gls.ch06.s05.JName1Test$Anonymous10,anonymous,0,0,0,0,1,1,0,0,0,0.0,NaN,NaN,1,0,1,0,0,0,1,0,0,0,0,0,0,0,0,0,0,0,0,5,1,0,0,0,0,1,0,0,0,0,0,0,0,0,4,-1,0
/Users/kaiohs/Downloads/codes/lab02-experimentacao-software/data/repos/apache__groovy/src/main/java/org/codehaus/groovy/ast/expr/PostfixExpression.java,org.codehaus.groovy.ast.expr.PostfixExpression,class,6,9,3,6,9,3,0,10,28,0.7222222,0.0,0.0,9,0,9,0,0,0,9,0,0,0,2,0,0,2,0,0,1,0,0,35,6,0,0,0,0,4,0,3,2,3,0,0,0,0,30,1,0
/Users/kaiohs/Downloads/codes/lab02-experimentacao-software/data/repos/apache__groovy/src/test/groovy/bugs/groovy9890/Face.java,bugs.groovy9890.Face,interface,0,1,1,0,2,1,0,0,1,0.0,0.0,0.0,2,0,0,0,0,2,2,0,0,0,0,0,0,0,0,0,0,0,0,6,1,0,0,0,0,0,0,0,0,0,0,0,0,0,5,1,0
/Users/kaiohs/Downloads/codes/lab02-experimentacao-software/data/repos/apache__groovy/src/main/java/org/codehaus/groovy/runtime/metaclass/ClosureMetaClass.java,org.codehaus.groovy.runtime.metaclass.ClosureMetaClass$Anonymous1,anonymous,0,0,0,0,1,1,0,1,0,0.0,NaN,NaN,1,0,1,0,0,0,1,0,0,0,0,0,0,0,0,0,0,0,0,5,1,0,0,0,0,0,0,0,0,0,0,0,0,0,3,-1,0
/Users/kaiohs/Downloads/codes/lab02-experimentacao-software/data/repos/apache__groovy/src/main/java/org/codehaus/groovy/reflection/CachedField.java,org.codehaus.groovy.reflection.CachedField,class,4,7,3,4,16,2,0,13,0,0.25,0.0,0.0,8,0,7,1,0,0,7,0,0,0,2,0,0,2,0,0,1,0,1,63,6,0,0,4,0,6,0,5,3,4,3,0,0,0,43,1,0
/Users/kaiohs/Downloads/codes/lab02-experimentacao-software/data/repos/apache__groovy/subprojects/groovy-console/src/main/groovy/groovy/console/ui/ConsoleSupport.java,groovy.console.ui.ConsoleSupport,class,2,3,1,2,9,1,0,10,15,0.7714286,0.0,0.0,7,0,4,0,3,0,7,1,0,0,5,0,0,1,0,4,0,0,5,45,6,0,1,1,0,6,0,8,1,9,1,0,0,0,36,1025,0
/Users/kaiohs/Downloads/codes/lab02-experimentacao-software/data/repos/apache__groovy/src/main/java/groovy/lang/MetaClass.java,groovy.lang.MetaClass,interface,4,25,21,4,14,1,0,0,91,0.0,0.0,0.0,14,0,0,0,0,14,14,0,0,0,0,0,0,0,0,0,0,0,0,16,0,0,0,0,0,0,0,0,0,0,0,0,0,0,202,1,0
/Users/kaiohs/Downloads/codes/lab02-experimentacao-software/data/repos/apache__groovy/src/main/java/org/codehaus/groovy/control/ClassNodeResolver.java,org.codehaus.groovy.control.ClassNodeResolver,class,13,18,5,13,44,1,0,46,53,0.8636364,0.0,0.0,11,5,4,7,0,0,4,0,0,0,2,1,0,1,1,0,2,0,11,177,25,0,15,4,3,8,1,31,2,25,3,1,1,0,239,1,0
/Users/kaiohs/Downloads/codes/lab02-experimentacao-software/data/repos/apache__groovy/src/main/java/org/codehaus/groovy/ast/stmt/BreakStatement.java,org.codehaus.groovy.ast.stmt.BreakStatement,class,2,5,3,2,4,3,0,1,4,0.5,0.0,0.0,4,0,4,0,0,0,4,0,0,0,1,0,0,1,0,0,0,0,0,15,1,0,0,0,0,0,0,1,0,1,0,0,0,0,17,1,0
/Users/kaiohs/Downloads/codes/lab02-experimentacao-software/data/repos/apache__groovy/src/test/groovy/groovy/util/EvalTest.java,groovy.util.EvalTest,class,1,1,0,1,5,2,0,7,10,0.0,0.0,0.0,5,0,5,0,0,0,5,0,0,0,0,0,0,0,0,0,0,0,4,24,0,0,0,0,0,11,4,7,0,7,0,0,0,0,28,1,0
/Users/kaiohs/Downloads/codes/lab02-experimentacao-software/data/repos/apache__groovy/src/test/groovy/groovy/JointJava.java,groovy.JointJava,class,2,2,0,2,1,1,0,3,0,0.0,NaN,NaN,1,0,1,0,0,0,1,0,0,0,0,0,0,0,0,0,0,0,0,5,0,0,0,0,0,0,0,1,0,1,0,0,0,0,6,1,0
/Users/kaiohs/Downloads/codes/lab02-experimentacao-software/data/repos/apache__groovy/src/main/java/org/codehaus/groovy/reflection/stdclasses/DoubleCachedClass.java,org.codehaus.groovy.reflection.stdclasses.DoubleCachedClass,class,2,4,2,2,26,3,1,4,0,0.25,0.0,0.0,4,0,4,0,0,0,4,0,0,0,1,0,0,1,0,0,1,0,0,26,5,0,18,0,5,1,0,2,1,2,2,0,0,0,29,1,0
/Users/kaiohs/Downloads/codes/lab02-experimentacao-software/data/repos/apache__groovy/subprojects/groovy-console/src/main/groovy/groovy/console/ui/SystemOutputInterceptor.java,groovy.console.ui.SystemOutputInterceptor$Anonymous1,anonymous,0,0,0,0,1,1,0,0,0,0.0,NaN,NaN,1,0,0,0,1,0,1,0,0,0,0,0,0,0,0,0,0,0,0,5,1,0,0,0,0,0,1,0,0,0,0,0,0,0,3,-1,0
/Users/kaiohs/Downloads/codes/lab02-experimentacao-software/data/repos/apache__groovy/src/test/groovy/org/codehaus/groovy/ast/Groovy7826.java,org.codehaus.groovy.ast.Groovy7826,class,3,3,0,3,1,1,0,5,0,0.0,NaN,NaN,1,0,1,0,0,0,1,0,0,0,0,0,0,0,0,0,0,0,0,13,0,0,0,0,0,4,0,3,1,3,0,0,2,0,17,17,0
/Users/kaiohs/Downloads/codes/lab02-experimentacao-software/data/repos/apache__groovy/src/test/groovy/bugs/groovy8953/Enum8953.java,bugs.groovy8953.Enum8953,enum,1,1,0,1,1,1,0,0,0,0.0,NaN,NaN,1,0,0,0,0,1,1,0,0,0,1,0,1,0,0,0,1,0,0,5,0,0,0,0,0,1,0,1,0,1,0,0,0,0,4,1,0
/Users/kaiohs/Downloads/codes/lab02-experimentacao-software/data/repos/apache__groovy/src/main/java/org/codehaus/groovy/runtime/BytecodeInterface8.java,org.codehaus.groovy.runtime.BytecodeInterface8,class,10,10,0,10,53,1,0,11,595,0.0,0.0,0.0,35,35,35,0,0,0,35,0,0,0,0,0,0,0,0,0,0,0,28,125,26,0,0,0,0,0,18,27,0,0,1,0,0,0,55,1,0
/Users/kaiohs/Downloads/codes/lab02-experimentacao-software/data/repos/apache__groovy/subprojects/groovy-json/src/main/java/org/apache/groovy/json/internal/CharSequenceValue.java,org.apache.groovy.json.internal.CharSequenceValue,class,12,15,3,12,64,1,0,37,15,0.6898148,0.0,0.0,27,2,26,1,0,0,26,0,5,0,8,0,0,8,0,0,3,0,35,219,48,1,14,2,5,10,12,27,17,13,4,0,0,0,72,1,0
/Users/kaiohs/Downloads/codes/lab02-experimentacao-software/data/repos/apache__groovy/src/test/groovy/bugs/Groovy11624Support.java,bugs.Groovy11624Support,class,0,0,0,0,0,1,0,0,0,NaN,-1.0,-1.0,0,0,0,0,0,0,0,0,0,0,1,1,1,0,0,0,1,0,0,3,0,0,0,0,0,1,0,1,0,1,0,0,0,0,7,1,0
/Users/kaiohs/Downloads/codes/lab02-experimentacao-software/data/repos/apache__groovy/src/test/groovy/groovy/ClosureJavaIntegrationTest.java,groovy.ClosureJavaIntegrationTest,class,3,3,0,3,15,2,0,31,36,0.61538464,0.0,0.0,13,0,12,0,1,0,13,0,0,0,2,0,0,0,0,2,0,0,11,159,0,1,0,0,0,19,47,25,0,21,2,15,0,0,83,1,0
/Users/kaiohs/Downloads/codes/lab02-experimentacao-software/data/repos/apache__groovy/src/main/java/groovy/time/TimeCategory.java,groovy.time.TimeCategory,class,5,7,2,5,25,1,0,29,253,0.0,0.0,0.0,23,23,23,0,0,0,23,0,0,0,0,0,0,0,0,0,0,0,14,95,23,0,0,0,8,0,65,15,15,11,0,0,0,0,98,1,0
/Users/kaiohs/Downloads/codes/lab02-experimentacao-software/data/repos/apache__groovy/src/main/java/org/apache/groovy/util/concurrent/ConcurrentReferenceHashMap.java,org.apache.groovy.util.concurrent.ConcurrentReferenceHashMap$WeakKeyReference,innerclass,3,3,0,3,3,3,0,0,1,0.33333334,0.0,0.0,3,0,2,0,0,1,3,0,2,0,1,0,0,0,0,1,1,0,0,13,2,0,0,0,0,0,0,1,0,1,0,0,0,0,18,26,0
/Users/kaiohs/Downloads/codes/lab02-experimentacao-software/data/repos/apache__groovy/src/main/java/groovy/util/Iterables.java,groovy.util.Iterables$CrossProductIterator,innerclass,3,3,0,3,14,1,0,16,0,0.4666667,0.0,0.0,5,0,2,3,0,0,2,0,0,0,6,0,0,6,0,0,3,0,0,66,3,3,1,0,0,1,3,16,1,13,3,0,0,0,33,10,0
/Users/kaiohs/Downloads/codes/lab02-experimentacao-software/data/repos/apache__groovy/src/main/java/org/codehaus/groovy/runtime/powerassert/SourceTextNotAvailableException.java,org.codehaus.groovy.runtime.powerassert.SourceTextNotAvailableException,class,4,5,1,4,1,4,0,8,0,1.0,NaN,NaN,1,0,1,0,0,0,1,0,0,0,1,1,0,1,0,0,1,0,1,6,0,0,0,0,0,1,1,1,0,1,0,0,0,0,29,1,0
/Users/kaiohs/Downloads/codes/lab02-experimentacao-software/data/repos/apache__groovy/src/main/java/org/codehaus/groovy/runtime/dgmimpl/NumberNumberDiv.java,org.codehaus.groovy.runtime.dgmimpl.NumberNumberDiv$LongDouble,innerclass,5,5,0,5,4,7,0,3,1,0.0,0.0,0.0,2,0,2,0,0,0,2,0,1,0,0,0,0,0,0,0,0,0,0,15,2,0,0,1,1,0,1,0,1,0,2,0,0,0,19,10,0
/Users/kaiohs/Downloads/codes/lab02-experimentacao-software/data/repos/apache__groovy/subprojects/groovy-contracts/src/main/java/org/apache/groovy/contracts/ClassInvariantViolation.java,org.apache.groovy.contracts.ClassInvariantViolation,class,1,2,1,1,8,5,0,0,28,0.0,0.0,0.0,8,0,8,0,0,0,8,0,0,0,0,0,0,0,0,0,0,0,0,25,0,0,0,0,0,0,0,0,0,0,0,0,0,0,17,1,0
/Users/kaiohs/Downloads/codes/lab02-experimentacao-software/data/repos/apache__groovy/src/test/groovy/bugs/groovy9890/ImplJ.java,bugs.groovy9890.ImplJ,class,1,1,0,1,1,1,0,0,0,0.0,NaN,NaN,1,0,1,0,0,0,1,0,0,0,0,0,0,0,0,0,0,0,0,5,1,0,0,0,0,0,0,0,0,0,0,0,0,0,6,1,0
/Users/kaiohs/Downloads/codes/lab02-experimentacao-software/data/repos/apache__groovy/src/test/groovy/bugs/Groovy2553.java,bugs.Groovy2553,class,2,2,0,2,1,1,0,2,0,0.0,NaN,NaN,1,0,0,0,0,1,1,0,0,0,0,0,0,0,0,0,0,0,0,13,0,0,0,0,0,2,0,0,2,0,0,0,1,0,5,16,0
/Users/kaiohs/Downloads/codes/lab02-experimentacao-software/data/repos/apache__groovy/benchmark/bench/fibo.java,fibo,class,1,2,1,1,3,1,0,3,1,0.0,0.0,0.0,2,2,2,0,0,0,2,0,0,0,0,0,0,0,0,0,0,0,4,10,2,0,0,0,2,0,5,1,3,1,1,0,0,0,5,1,0
/Users/kaiohs/Downloads/codes/lab02-experimentacao-software/data/repos/apache__groovy/subprojects/groovy-templates/src/main/groovy/groovy/text/GStringTemplateEngine.java,groovy.text.GStringTemplateEngine$GStringTemplate,innerclass,9,9,0,9,33,1,0,21,34,0.7777778,0.0,0.0,9,4,2,6,0,1,3,0,0,0,1,0,0,0,0,1,1,0,9,128,3,3,12,2,1,14,3,23,2,11,4,0,0,0,125,10,0
/Users/kaiohs/Downloads/codes/lab02-experimentacao-software/data/repos/apache__groovy/src/test/groovy/org/codehaus/groovy/tools/rootloadersync/ConcreteJavaSubclass.java,org.codehaus.groovy.tools.rootloadersync.ConcreteJavaSubclass,class,1,2,1,1,1,2,0,0,0,0.0,NaN,NaN,1,0,1,0,0,0,1,0,0,0,0,0,0,0,0,0,0,0,0,5,1,0,0,0,0,1,0,0,0,0,0,0,0,0,9,1,0
/Users/kaiohs/Downloads/codes/lab02-experimentacao-software/data/repos/apache__groovy/subprojects/stress/src/stressTest/java/org/codehaus/groovy/reflection/ClassInfoDeadlockStressTest.java,org.codehaus.groovy.reflection.ClassInfoDeadlockStressTest,class,5,8,3,5,14,1,0,19,8,0.76666665,0.0,0.0,5,0,2,3,0,0,2,0,0,0,6,2,0,6,0,0,6,0,2,85,1,4,4,0,0,12,11,15,3,15,2,2,0,0,96,1,0
/Users/kaiohs/Downloads/codes/lab02-experimentacao-software/data/repos/apache__groovy/src/main/java/groovy/lang/ExpandoMetaClass.java,groovy.lang.ExpandoMetaClass$MixedInAccessor$Anonymous2,anonymous,3,3,0,3,1,1,0,3,0,0.0,NaN,NaN,0,0,0,0,0,0,1,0,0,0,0,0,0,0,0,0,0,0,0,14,0,0,0,0,0,0,0,1,0,1,0,1,0,0,5,-1,0
/Users/kaiohs/Downloads/codes/lab02-experimentacao-software/data/repos/apache__groovy/src/main/java/groovy/lang/ExpandoMetaClass.java,groovy.lang.ExpandoMetaClass$MixedInAccessor$Anonymous4,anonymous,2,2,0,2,1,1,0,3,0,0.0,NaN,NaN,0,0,0,0,0,0,1,0,0,0,0,0,0,0,0,0,0,0,0,14,0,0,0,0,0,0,0,1,0,1,0,1,0,0,9,-1,0
/Users/kaiohs/Downloads/codes/lab02-experimentacao-software/data/repos/apache__groovy/src/main/java/groovy/transform/options/Visibility.java,groovy.transform.options.Visibility,enum,0,0,0,0,3,1,0,0,0,0.0,0.0,0.0,2,0,1,0,0,1,2,0,0,0,1,0,0,1,0,0,1,0,0,11,1,0,1,0,0,1,3,1,0,1,1,0,0,0,33,1,0
/Users/kaiohs/Downloads/codes/lab02-experimentacao-software/data/repos/apache__groovy/src/main/java/groovy/util/Factory.java,groovy.util.Factory,interface,2,5,3,2,9,1,0,0,36,0.0,0.0,0.0,9,0,0,0,0,9,9,0,0,0,0,0,0,0,0,0,0,0,0,11,0,0,0,0,0,0,0,0,0,0,0,0,0,0,96,1,0
/Users/kaiohs/Downloads/codes/lab02-experimentacao-software/data/repos/apache__groovy/subprojects/groovy-jsr223/src/test/java/org/codehaus/groovy/jsr223/JSR223SecurityTest.java,org.codehaus.groovy.jsr223.JSR223SecurityTest$TestFixture,innerclass,0,0,0,0,0,1,0,0,0,NaN,-1.0,-1.0,0,0,0,0,0,0,0,0,0,0,2,0,0,0,0,2,0,0,0,4,0,0,0,0,0,2,0,2,0,2,0,0,0,0,5,0,0
/Users/kaiohs/Downloads/codes/lab02-experimentacao-software/data/repos/apache__groovy/src/main/java/org/codehaus/groovy/runtime/metaclass/MissingPropertyExceptionNoStack.java,org.codehaus.groovy.runtime.metaclass.MissingPropertyExceptionNoStack,class,2,4,2,2,2,2,0,0,1,1.0,0.0,0.0,2,0,2,0,0,0,2,0,0,0,1,1,0,1,0,0,1,0,0,9,1,0,0,0,0,0,1,1,0,1,0,0,0,0,18,1,0
/Users/kaiohs/Downloads/codes/lab02-experimentacao-software/data/repos/apache__groovy/subprojects/groovy-groovysh/src/main/groovy/org/apache/groovy/groovysh/jline/GroovyEngine.java,org.apache.groovy.groovysh.jline.GroovyEngine$Cloner,interface,0,0,0,0,3,1,0,0,3,0.0,0.0,0.0,3,0,0,0,0,3,3,0,0,0,0,0,0,0,0,0,0,0,0,5,0,0,0,0,0,0,0,0,0,0,0,0,0,0,7,1,0
/Users/kaiohs/Downloads/codes/lab02-experimentacao-software/data/repos/apache__groovy/src/main/java/org/codehaus/groovy/transform/StaticTypesTransformation.java,org.codehaus.groovy.transform.StaticTypesTransformation,class,18,20,2,18,11,1,1,20,0,0.5,0.0,0.0,4,0,2,0,2,0,4,0,0,0,2,1,1,0,1,0,1,0,1,48,1,1,1,0,1,3,2,9,1,7,2,0,0,0,77,1,0
/Users/kaiohs/Downloads/codes/lab02-experimentacao-software/data/repos/apache__groovy/src/main/java/groovy/util/GroovyScriptEngine.java,groovy.util.GroovyScriptEngine,class,10,13,3,10,65,5,0,46,258,0.8531746,0.0,0.0,28,6,18,8,2,0,21,0,0,1,9,3,0,9,0,0,6,0,9,438,20,5,17,8,1,12,5,65,4,39,3,1,3,0,307,1,0
/Users/kaiohs/Downloads/codes/lab02-experimentacao-software/data/repos/apache__groovy/src/main/java/org/codehaus/groovy/control/OptimizerVisitor.java,org.codehaus.groovy.control.OptimizerVisitor,class,10,12,2,10,28,2,0,26,14,0.6875,0.0,0.0,8,0,4,3,1,0,5,0,0,0,6,0,0,6,0,0,3,0,3,88,7,4,6,0,2,1,3,17,1,15,4,0,0,0,75,1,0
/Users/kaiohs/Downloads/codes/lab02-experimentacao-software/data/repos/apache__groovy/src/main/java/org/codehaus/groovy/ast/expr/MethodCall.java,org.codehaus.groovy.ast.expr.MethodCall,interface,2,5,3,2,4,1,0,0,6,0.0,0.0,0.0,4,0,0,0,0,4,4,0,0,0,0,0,0,0,0,0,0,0,0,6,0,0,0,0,0,0,0,0,0,0,0,0,0,0,18,1,0
/Users/kaiohs/Downloads/codes/lab02-experimentacao-software/data/repos/apache__groovy/src/main/java/org/codehaus/groovy/runtime/dgmimpl/NumberNumberDiv.java,org.codehaus.groovy.runtime.dgmimpl.NumberNumberDiv,class,20,23,3,20,20,82,0,2,190,0.0,0.0,0.0,20,1,20,0,0,0,20,0,0,0,0,0,0,0,0,0,0,0,2,265,20,0,0,0,0,1,1,0,0,0,0,0,13,0,48,17,0
/Users/kaiohs/Downloads/codes/lab02-experimentacao-software/data/repos/apache__groovy/subprojects/groovy-sql/src/main/java/groovy/sql/Sql.java,groovy.sql.Sql$QueryCommand,innerclass,2,2,0,2,3,2,0,5,1,0.0,NaN,NaN,2,0,0,1,1,0,1,0,0,0,0,0,0,0,0,0,0,0,0,12,1,0,1,0,0,0,1,2,0,1,1,0,0,0,20,18,0
/Users/kaiohs/Downloads/codes/lab02-experimentacao-software/data/repos/apache__groovy/subprojects/groovy-contracts/src/main/java/org/apache/groovy/contracts/common/spi/AnnotationProcessor.java,org.apache.groovy.contracts.common.spi.AnnotationProcessor,class,6,10,4,6,2,1,3,0,1,0.0,0.0,0.0,2,0,2,0,0,0,2,0,0,0,0,0,0,0,0,0,0,0,0,6,0,0,0,0,0,0,0,0,0,0,0,0,0,0,27,1025,0
/Users/kaiohs/Downloads/codes/lab02-experimentacao-software/data/repos/apache__groovy/subprojects/groovy-servlet/src/main/java/groovy/servlet/TemplateServlet.java,groovy.servlet.TemplateServlet$TemplateCacheEntry,innerclass,1,1,0,1,10,1,0,3,0,0.33333334,0.0,0.0,3,0,2,0,0,1,3,0,0,0,5,0,0,0,0,5,2,0,1,42,5,0,6,0,0,4,1,6,2,5,2,0,0,0,54,10,0
/Users/kaiohs/Downloads/codes/lab02-experimentacao-software/data/repos/apache__groovy/subprojects/groovy-contracts/src/main/java/org/apache/groovy/contracts/domain/Postcondition.java,org.apache.groovy.contracts.domain.Postcondition,class,4,9,5,4,3,2,0,0,1,0.33333334,0.0,0.0,3,0,3,0,0,0,3,0,0,0,1,0,0,1,0,0,0,0,0,12,1,0,0,0,0,0,0,2,0,1,0,0,0,0,14,1,0
/Users/kaiohs/Downloads/codes/lab02-experimentacao-software/data/repos/apache__groovy/src/main/java/org/codehaus/groovy/reflection/stdclasses/LongCachedClass.java,org.codehaus.groovy.reflection.stdclasses.LongCachedClass,class,2,3,1,2,16,3,0,1,0,0.25,0.0,0.0,4,0,4,0,0,0,4,0,0,0,1,0,0,1,0,0,1,0,0,22,5,0,10,0,3,0,0,1,0,1,1,0,0,0,19,1,0
/Users/kaiohs/Downloads/codes/lab02-experimentacao-software/data/repos/apache__groovy/src/main/java/org/codehaus/groovy/syntax/Numbers.java,org.codehaus.groovy.syntax.Numbers,class,1,3,2,1,58,1,0,17,11,0.6666666,0.0,0.0,6,6,6,0,0,0,6,0,0,0,8,8,0,8,0,0,8,0,13,134,15,0,10,0,6,11,37,38,9,18,2,0,0,0,89,1,0
/Users/kaiohs/Downloads/codes/lab02-experimentacao-software/data/repos/apache__groovy/src/main/java/org/codehaus/groovy/transform/sc/transformers/MethodCallExpressionTransformer.java,org.codehaus.groovy.transform.sc.transformers.MethodCallExpressionTransformer,class,13,15,2,13,12,1,0,30,4,0.5,0.0,0.0,4,2,0,2,0,2,2,0,0,0,1,0,0,1,0,0,1,0,4,46,6,0,3,0,2,4,3,12,0,12,1,0,0,0,42,0,0
/Users/kaiohs/Downloads/codes/lab02-experimentacao-software/data/repos/apache__groovy/subprojects/groovy-groovysh/src/main/groovy/org/apache/groovy/groovysh/jline/PackageHelper.java,org.apache.groovy.groovysh.jline.PackageHelper$PackageNameParser,innerclass,2,2,0,2,6,1,0,3,0,0.5,0.0,0.0,4,0,4,0,0,0,4,0,0,0,3,0,0,3,0,0,3,0,0,31,3,0,0,0,0,2,4,9,2,3,1,0,0,0,12,10,0
/Users/kaiohs/Downloads/codes/lab02-experimentacao-software/data/repos/apache__groovy/src/main/java/groovy/transform/SealedMode.java,groovy.transform.SealedMode,enum,0,0,0,0,0,1,0,0,0,0.0,-1.0,-1.0,0,0,0,0,0,0,0,0,0,0,0,0,0,0,0,0,0,0,0,4,0,0,0,0,0,0,0,0,0,0,0,0,0,0,60,1,0
/Users/kaiohs/Downloads/codes/lab02-experimentacao-software/data/repos/apache__groovy/src/main/java/groovy/lang/Interceptor.java,groovy.lang.Interceptor,interface,0,4,4,0,3,1,0,0,3,0.0,0.0,0.0,3,0,0,0,0,3,3,0,0,0,0,0,0,0,0,0,0,0,0,5,0,0,0,0,0,0,0,0,0,0,0,0,0,0,60,1,0
/Users/kaiohs/Downloads/codes/lab02-experimentacao-software/data/repos/apache__groovy/src/main/java/org/codehaus/groovy/transform/stc/StaticTypeCheckingVisitor.java,org.codehaus.groovy.transform.stc.StaticTypeCheckingVisitor$SignatureCodecFactory,innerclass,1,1,0,1,1,1,0,0,0,0.0,NaN,NaN,1,1,1,0,0,0,1,0,0,0,0,0,0,0,0,0,0,0,0,5,1,0,0,0,0,0,0,0,0,0,0,0,0,0,8,9,0
/Users/kaiohs/Downloads/codes/lab02-experimentacao-software/data/repos/apache__groovy/subprojects/groovy-test/src/main/java/groovy/test/GroovyTestSuite.java,groovy.test.GroovyTestSuite,class,7,8,1,7,10,2,0,15,8,0.73333335,0.0,0.0,5,2,4,1,0,0,4,0,0,0,3,2,0,1,2,0,2,0,3,42,2,0,1,1,0,5,2,8,1,7,1,0,0,0,83,1,0
/Users/kaiohs/Downloads/codes/lab02-experimentacao-software/data/repos/apache__groovy/subprojects/groovy-swing/src/main/java/org/apache/groovy/swing/binding/SwingTimerTriggerBinding.java,org.apache.groovy.swing.binding.SwingTimerTriggerBinding,class,6,6,0,6,1,1,0,0,0,0.0,NaN,NaN,1,0,1,0,0,0,1,0,0,0,0,0,0,0,0,0,0,0,0,5,1,0,0,0,0,0,0,0,0,0,0,0,0,0,11,1,0
/Users/kaiohs/Downloads/codes/lab02-experimentacao-software/data/repos/apache__groovy/src/main/java/org/codehaus/groovy/util/Finalizable.java,org.codehaus.groovy.util.Finalizable,interface,0,3,3,0,1,1,0,0,0,0.0,NaN,NaN,1,0,0,0,0,1,1,0,0,0,0,0,0,0,0,0,0,0,0,3,0,0,0,0,0,0,0,0,0,0,0,0,0,0,3,1,0
/Users/kaiohs/Downloads/codes/lab02-experimentacao-software/data/repos/apache__groovy/src/main/java/groovy/lang/Buildable.java,groovy.lang.Buildable,interface,1,2,1,1,1,1,0,0,0,0.0,NaN,NaN,1,0,0,0,0,1,1,0,0,0,0,0,0,0,0,0,0,0,0,3,0,0,0,0,0,0,0,0,0,0,0,0,0,0,5,1,0
/Users/kaiohs/Downloads/codes/lab02-experimentacao-software/data/repos/apache__groovy/src/main/java/org/apache/groovy/util/JavaShell.java,org.apache.groovy.util.JavaShell,class,9,10,1,9,13,5,0,23,25,0.78,0.0,0.0,10,0,9,1,0,0,9,0,0,0,5,2,0,5,0,0,5,0,7,111,5,1,1,1,0,1,1,14,0,14,2,0,3,0,89,1,0
/Users/kaiohs/Downloads/codes/lab02-experimentacao-software/data/repos/apache__groovy/src/test/groovy/org/codehaus/groovy/runtime/methoddispatching/vm8/FooOne.java,org.codehaus.groovy.runtime.methoddispatching.vm8.FooOne,interface,0,1,1,0,1,1,0,0,0,0.0,NaN,NaN,1,1,0,0,0,1,1,0,0,0,0,0,0,0,0,0,0,0,0,5,1,0,0,0,0,1,0,0,0,0,0,0,0,0,3,0,0
/Users/kaiohs/Downloads/codes/lab02-experimentacao-software/data/repos/apache__groovy/src/main/java/org/codehaus/groovy/ast/decompiled/TypeSignatureParser.java,org.codehaus.groovy.ast.decompiled.TypeSignatureParser$Anonymous2,anonymous,3,3,0,3,4,1,0,2,0,0.0,NaN,NaN,1,0,0,0,0,1,1,0,0,0,0,0,0,0,0,0,0,0,1,11,1,0,3,0,0,0,0,2,0,2,1,0,0,0,26,-1,0
/Users/kaiohs/Downloads/codes/lab02-experimentacao-software/data/repos/apache__groovy/src/main/java/org/codehaus/groovy/ast/decompiled/TypeSignatureParser.java,org.codehaus.groovy.ast.decompiled.TypeSignatureParser$Anonymous1,anonymous,2,2,0,2,1,1,0,2,0,0.0,NaN,NaN,1,0,0,0,0,1,1,0,0,0,0,0,0,0,0,0,0,0,0,5,0,0,0,0,0,0,0,0,0,0,0,0,0,0,4,-1,0
/Users/kaiohs/Downloads/codes/lab02-experimentacao-software/data/repos/apache__groovy/subprojects/groovy-templates/src/main/groovy/groovy/text/markup/MarkupTemplateEngine.java,groovy.text.markup.MarkupTemplateEngine$TemplateGroovyClassLoader,innerclass,3,3,0,3,2,2,0,3,1,0.5,0.0,0.0,2,0,1,0,0,1,2,0,0,0,1,1,0,0,0,1,1,0,0,15,1,0,0,1,0,0,0,1,0,1,1,0,0,0,32,8,0
/Users/kaiohs/Downloads/codes/lab02-experimentacao-software/data/repos/apache__groovy/subprojects/groovy-ginq/src/main/groovy/org/apache/groovy/ginq/InvalidOptionException.java,org.apache.groovy.ginq.InvalidOptionException,class,1,1,0,1,1,2,0,0,0,1.0,NaN,NaN,1,0,1,0,0,0,1,0,0,0,1,1,0,1,0,0,1,0,0,6,0,0,0,0,0,0,1,1,0,1,0,0,0,0,16,1,0
/Users/kaiohs/Downloads/codes/lab02-experimentacao-software/data/repos/apache__groovy/src/test/groovy/org/codehaus/groovy/runtime/memoize/ConcurrentCommonCacheTest.java,org.codehaus.groovy.runtime.memoize.ConcurrentCommonCacheTest,class,3,3,0,3,15,1,0,22,78,0.0,0.0,0.0,13,0,13,0,0,0,13,0,0,0,0,0,0,0,0,0,0,0,0,103,0,1,0,1,0,121,16,19,0,21,3,0,0,3,47,1,0
/Users/kaiohs/Downloads/codes/lab02-experimentacao-software/data/repos/apache__groovy/subprojects/groovy-ant/src/test/groovy/groovy/ant/SpoofTaskContainer.java,groovy.ant.SpoofTaskContainer,class,4,6,2,4,8,2,0,6,0,0.33333334,0.0,0.0,6,3,3,0,0,3,6,0,0,0,2,1,0,1,0,1,0,0,5,35,1,1,0,0,1,6,0,5,0,3,1,0,0,0,19,1,0
/Users/kaiohs/Downloads/codes/lab02-experimentacao-software/data/repos/apache__groovy/src/main/java/org/codehaus/groovy/runtime/DefaultGroovyMethods.java,org.codehaus.groovy.runtime.DefaultGroovyMethods$TakeIterator,innerclass,1,1,0,1,6,1,0,3,0,0.125,0.0,0.0,4,0,3,1,0,0,3,0,0,0,2,0,0,2,0,0,1,0,0,19,2,0,0,0,0,0,2,2,0,2,1,0,0,0,14,26,0
/Users/kaiohs/Downloads/codes/lab02-experimentacao-software/data/repos/apache__groovy/src/main/java/org/codehaus/groovy/ast/stmt/IfStatement.java,org.codehaus.groovy.ast.stmt.IfStatement,class,6,12,6,6,11,3,0,17,18,0.6666667,0.0,0.0,9,0,9,0,0,0,9,0,0,0,3,0,0,3,0,0,0,0,3,47,4,0,0,0,1,3,1,6,0,6,2,0,0,0,27,1,0
/Users/kaiohs/Downloads/codes/lab02-experimentacao-software/data/repos/apache__groovy/subprojects/groovy-ant/src/main/java/org/codehaus/groovy/ant/FileScanner.java,org.codehaus.groovy.ant.FileScanner,class,4,5,1,4,7,2,0,6,1,0.2857143,0.0,0.0,7,0,7,0,0,0,7,0,0,0,1,0,0,1,0,0,1,0,0,23,3,0,0,0,0,0,0,1,0,1,0,0,0,0,45,1,0
/Users/kaiohs/Downloads/codes/lab02-experimentacao-software/data/repos/apache__groovy/src/main/java/org/codehaus/groovy/runtime/metaclass/ConcurrentReaderHashMap.java,org.codehaus.groovy.runtime.metaclass.ConcurrentReaderHashMap,class,9,14,5,9,102,9,0,27,294,0.883117,0.0,0.0,33,2,22,4,7,0,29,0,2,9,14,5,2,3,9,0,6,0,5,515,34,22,44,1,20,1,31,147,22,93,6,0,8,0,514,1,0
/Users/kaiohs/Downloads/codes/lab02-experimentacao-software/data/repos/apache__groovy/src/main/java/org/codehaus/groovy/ast/decompiled/ClassStub.java,org.codehaus.groovy.ast.decompiled.EnumConstantWrapper,class,0,2,2,0,1,1,0,0,0,0.0,NaN,NaN,1,0,1,0,0,0,1,0,0,0,2,0,0,0,0,2,2,0,0,8,0,0,0,0,0,0,0,2,0,2,0,0,0,0,6,0,0
/Users/kaiohs/Downloads/codes/lab02-experimentacao-software/data/repos/apache__groovy/subprojects/groovy-xml/src/main/java/groovy/xml/XmlNodePrinter.java,groovy.xml.XmlNodePrinter,class,5,7,2,5,85,1,0,43,157,0.7666667,0.0,0.0,30,1,15,4,11,0,26,0,0,0,5,0,0,4,1,0,1,0,1,289,18,4,9,0,2,31,1,18,1,14,5,0,1,0,158,1,0
/Users/kaiohs/Downloads/codes/lab02-experimentacao-software/data/repos/apache__groovy/src/testFixtures/groovy/groovy/util/XmlAssert.java,groovy.util.XmlAssert,class,1,1,0,1,2,1,0,3,1,0.0,NaN,NaN,2,1,1,1,0,0,1,0,0,0,0,0,0,0,0,0,0,0,0,9,0,0,0,0,0,0,0,1,0,1,0,0,0,0,16,17,0
/Users/kaiohs/Downloads/codes/lab02-experimentacao-software/data/repos/apache__groovy/src/main/java/org/codehaus/groovy/util/LongArrayIterable.java,org.codehaus.groovy.util.LongArrayIterable,class,2,3,1,2,2,1,0,0,0,0.0,0.0,0.0,2,0,2,0,0,0,2,0,0,0,1,0,0,1,0,0,1,0,0,9,1,0,0,0,0,0,0,1,0,1,0,0,0,0,14,1,0
/Users/kaiohs/Downloads/codes/lab02-experimentacao-software/data/repos/apache__groovy/src/main/java/org/codehaus/groovy/runtime/DefaultGroovyMethods.java,org.codehaus.groovy.runtime.DefaultGroovyMethods$CollateIterator,innerclass,2,2,0,2,24,1,0,11,1,0.6444444,0.0,0.0,10,0,3,7,0,0,3,0,0,0,9,0,0,9,0,0,5,0,0,82,4,2,5,0,1,3,4,15,1,11,2,0,0,0,45,10,0
/Users/kaiohs/Downloads/codes/lab02-experimentacao-software/data/repos/apache__groovy/src/main/java/org/codehaus/groovy/control/customizers/SecureASTCustomizer.java,org.codehaus.groovy.control.customizers.SecureASTCustomizer$StatementChecker,interface,1,1,0,1,1,1,0,0,0,0.0,NaN,NaN,1,0,0,0,0,1,1,0,0,0,0,0,0,0,0,0,0,0,0,3,0,0,0,0,0,0,0,0,0,0,0,0,0,0,21,1,0
/Users/kaiohs/Downloads/codes/lab02-experimentacao-software/data/repos/apache__groovy/src/main/java/groovy/util/ObjectGraphBuilder.java,groovy.util.ObjectGraphBuilder$IdentifierResolver,interface,0,0,0,0,1,1,0,0,0,0.0,NaN,NaN,1,0,0,0,0,1,1,0,0,0,0,0,0,0,0,0,0,0,0,3,0,0,0,0,0,0,0,0,0,0,0,0,0,0,18,1,0
/Users/kaiohs/Downloads/codes/lab02-experimentacao-software/data/repos/apache__groovy/src/main/java/org/codehaus/groovy/runtime/memoize/EvictableCache.java,org.codehaus.groovy.runtime.memoize.EvictableCache,interface,4,11,7,4,7,1,0,1,21,0.0,0.0,0.0,7,0,0,0,0,7,7,0,0,0,0,0,0,0,0,0,0,0,0,17,0,0,0,0,0,0,0,0,0,0,0,0,2,0,72,1,0
/Users/kaiohs/Downloads/codes/lab02-experimentacao-software/data/repos/apache__groovy/src/main/java/org/codehaus/groovy/control/customizers/DelegatingCustomizer.java,org.codehaus.groovy.control.customizers.DelegatingCustomizer,class,7,8,1,7,4,2,1,3,0,0.0,0.0,0.0,3,0,3,0,0,0,3,0,0,0,1,0,0,0,1,0,1,0,0,15,0,0,0,0,1,0,0,1,0,1,1,0,0,0,32,1025,0
/Users/kaiohs/Downloads/codes/lab02-experimentacao-software/data/repos/apache__groovy/subprojects/groovy-json/src/test/java/org/apache/groovy/json/internal/ExceptionsTest.java,org.apache.groovy.json.internal.ExceptionsTest,class,6,6,0,6,30,1,0,26,378,0.0,0.0,0.0,28,0,0,0,0,28,28,0,0,0,0,0,0,0,0,0,0,0,9,176,0,1,0,0,0,63,5,57,0,57,1,0,0,8,72,0,0
/Users/kaiohs/Downloads/codes/lab02-experimentacao-software/data/repos/apache__groovy/src/main/java/org/codehaus/groovy/runtime/dgmimpl/NumberNumberMultiply.java,org.codehaus.groovy.runtime.dgmimpl.NumberNumberMultiply$LongLong,innerclass,5,5,0,5,4,7,0,2,1,0.0,0.0,0.0,2,0,2,0,0,0,2,0,1,0,0,0,0,0,0,0,0,0,0,15,2,0,0,1,0,0,1,0,1,0,2,0,0,0,18,10,0
/Users/kaiohs/Downloads/codes/lab02-experimentacao-software/data/repos/apache__groovy/src/main/java/org/codehaus/groovy/classgen/Verifier.java,org.codehaus.groovy.classgen.Verifier,class,62,72,10,62,364,3,2,320,2143,0.96571416,0.0,0.0,70,32,12,37,21,0,33,0,0,0,15,13,6,9,0,0,13,0,113,1289,78,44,67,1,26,98,49,232,32,206,11,14,2,12,436,1,0
/Users/kaiohs/Downloads/codes/lab02-experimentacao-software/data/repos/apache__groovy/src/main/java/org/apache/groovy/util/Maps.java,org.apache.groovy.util.Maps,class,3,16,13,3,106,1,0,9,5253,0.0,0.0,0.0,103,102,102,1,0,0,102,0,0,0,0,0,0,0,0,0,0,0,102,5468,102,1,0,0,0,1,0,102,1,102,2,0,0,0,130,1,0
/Users/kaiohs/Downloads/codes/lab02-experimentacao-software/data/repos/apache__groovy/src/main/java/org/codehaus/groovy/runtime/DefaultGroovyMethods.java,org.codehaus.groovy.runtime.DefaultGroovyMethods$InterleaveIterator,innerclass,4,4,0,4,15,1,0,6,4,0.4,0.0,0.0,5,1,3,2,0,0,3,0,0,0,4,0,0,4,0,0,3,0,3,38,4,0,3,0,1,1,0,8,0,5,1,0,0,0,22,26,0
/Users/kaiohs/Downloads/codes/lab02-experimentacao-software/data/repos/apache__groovy/subprojects/groovy-console/src/main/groovy/groovy/console/ui/ConsoleTextEditor.java,groovy.console.ui.ConsoleTextEditor$LineNumbersPanel,innerclass,0,0,0,0,4,5,0,23,1,0.0,0.0,0.0,2,0,1,0,0,1,2,0,0,0,0,0,0,0,0,0,0,0,1,30,0,1,0,1,0,2,7,15,6,13,1,0,0,0,39,2,0
/Users/kaiohs/Downloads/codes/lab02-experimentacao-software/data/repos/apache__groovy/subprojects/groovy-macro/src/main/groovy/org/codehaus/groovy/macro/matcher/TreeContext.java,org.codehaus.groovy.macro.matcher.TreeContext$TreeContextKey,enum,0,0,0,0,0,1,0,0,0,0.0,-1.0,-1.0,0,0,0,0,0,0,0,0,0,0,0,0,0,0,0,0,0,0,0,1,0,0,0,0,0,0,0,0,0,0,0,0,0,0,6,2,0
/Users/kaiohs/Downloads/codes/lab02-experimentacao-software/data/repos/apache__groovy/src/test/groovy/org/codehaus/groovy/control/io/AbstractReaderSourceTest.java,org.codehaus.groovy.control.io.AbstractReaderSourceTest,class,5,5,0,5,3,2,0,3,0,0.4,0.0,0.0,3,0,3,0,0,0,3,0,0,0,5,3,0,5,0,0,3,0,0,38,0,0,0,0,0,9,6,11,0,11,0,0,1,0,47,1,0
/Users/kaiohs/Downloads/codes/lab02-experimentacao-software/data/repos/apache__groovy/subprojects/groovy-console/src/main/groovy/groovy/console/ui/text/TextEditor.java,groovy.console.ui.text.TextEditor$Anonymous1,anonymous,0,0,0,0,3,1,0,7,1,0.5,0.0,0.0,2,0,2,0,0,0,2,0,0,0,1,0,0,0,0,1,0,0,1,16,0,0,0,0,0,0,0,2,0,2,1,0,0,0,14,-1,0
/Users/kaiohs/Downloads/codes/lab02-experimentacao-software/data/repos/apache__groovy/src/main/java/org/codehaus/groovy/runtime/dgmimpl/NumberNumberPlus.java,org.codehaus.groovy.runtime.dgmimpl.NumberNumberPlus$Anonymous1,anonymous,1,1,0,1,2,1,0,1,1,0.0,0.0,0.0,2,0,2,0,0,0,2,0,0,0,0,0,0,0,0,0,0,0,0,8,2,0,0,0,0,0,1,0,0,0,0,0,0,0,5,-1,0
/Users/kaiohs/Downloads/codes/lab02-experimentacao-software/data/repos/apache__groovy/subprojects/groovy-templates/src/main/groovy/groovy/text/SimpleTemplateEngine.java,groovy.text.SimpleTemplateEngine$SimpleTemplate,innerclass,6,6,0,6,37,1,0,12,43,0.9,0.0,0.0,10,0,2,5,1,2,5,0,0,0,2,0,0,1,1,0,0,0,0,163,3,4,25,0,4,11,10,14,0,7,4,1,0,0,75,10,0
/Users/kaiohs/Downloads/codes/lab02-experimentacao-software/data/repos/apache__groovy/src/main/java/org/codehaus/groovy/transform/stc/StaticTypeCheckingSupport.java,org.codehaus.groovy.transform.stc.StaticTypeCheckingSupport$ByteArrayStaticTypesHelper,innerclass,1,1,0,1,4,1,0,2,3,0.0,0.0,0.0,3,3,3,0,0,0,3,0,0,0,0,0,0,0,0,0,0,0,0,11,2,0,1,0,0,1,0,0,0,0,0,0,0,0,13,9,0
/Users/kaiohs/Downloads/codes/lab02-experimentacao-software/data/repos/apache__groovy/subprojects/groovy-swing/src/main/java/org/apache/groovy/swing/binding/PropertyBinding.java,org.apache.groovy.swing.binding.PropertyBinding$Anonymous1,anonymous,0,0,0,0,2,1,0,0,1,0.0,0.0,0.0,2,0,2,0,0,0,2,0,0,0,0,0,0,0,0,0,0,0,0,8,2,0,0,0,0,0,0,0,0,0,0,0,0,0,10,-1,0
/Users/kaiohs/Downloads/codes/lab02-experimentacao-software/data/repos/apache__groovy/subprojects/groovy-swing/src/main/java/org/apache/groovy/swing/binding/PropertyBinding.java,org.apache.groovy.swing.binding.PropertyBinding$Anonymous2,anonymous,1,1,0,1,4,1,0,3,0,0.0,NaN,NaN,1,0,1,0,0,0,1,0,0,0,0,0,0,0,0,0,0,0,0,9,1,0,2,0,1,0,0,1,0,1,1,0,0,0,11,-1,0
/Users/kaiohs/Downloads/codes/lab02-experimentacao-software/data/repos/apache__groovy/src/main/java/org/apache/groovy/util/concurrent/ConcurrentReferenceHashMap.java,org.apache.groovy.util.concurrent.ConcurrentReferenceHashMap$ReferenceType,enum,0,0,0,0,0,1,0,0,0,0.0,-1.0,-1.0,0,0,0,0,0,0,0,0,0,0,0,0,0,0,0,0,0,0,0,4,0,0,0,0,0,0,0,0,0,0,0,0,0,0,28,9,0
/Users/kaiohs/Downloads/codes/lab02-experimentacao-software/data/repos/apache__groovy/src/main/java/org/codehaus/groovy/runtime/ProxyGeneratorAdapter.java,org.codehaus.groovy.runtime.ProxyGeneratorAdapter$ReturnValueWrappingClosure,innerclass,2,2,0,2,2,2,0,0,0,0.5,0.0,0.0,2,0,2,0,0,0,2,0,0,0,2,1,0,2,0,0,2,0,0,11,1,0,0,0,0,0,1,2,0,2,0,0,0,0,17,10,0
/Users/kaiohs/Downloads/codes/lab02-experimentacao-software/data/repos/apache__groovy/src/test/groovy/org/codehaus/groovy/runtime/methoddispatching/vm8/FooThree.java,org.codehaus.groovy.runtime.methoddispatching.vm8.FooThree,interface,0,1,1,0,3,1,0,1,3,0.0,0.0,0.0,3,3,0,0,0,3,3,0,0,0,0,0,0,0,0,0,0,0,2,11,3,0,0,0,0,3,0,0,0,0,0,0,0,0,24,0,0
/Users/kaiohs/Downloads/codes/lab02-experimentacao-software/data/repos/apache__groovy/subprojects/groovy-console/src/main/groovy/groovy/console/ui/text/StructuredSyntaxDocumentFilter.java,groovy.console.ui.text.StructuredSyntaxDocumentFilter$LexerNode,innerclass,3,3,0,3,28,1,0,38,39,0.75510204,0.0,0.0,14,0,11,2,0,1,12,0,0,0,7,0,0,7,0,0,0,0,5,110,4,5,5,0,1,4,4,28,5,18,3,0,0,0,58,17,0
/Users/kaiohs/Downloads/codes/lab02-experimentacao-software/data/repos/apache__groovy/subprojects/groovy-jsr223/src/spec/test/JSR223SpecTest.java,JSR223SpecTest,class,1,1,0,1,2,1,0,6,1,0.0,0.0,0.0,2,0,2,0,0,0,2,0,0,0,0,0,0,0,0,0,0,0,2,22,0,0,0,0,0,11,3,10,0,10,0,0,0,0,30,1,0
/Users/kaiohs/Downloads/codes/lab02-experimentacao-software/data/repos/apache__groovy/subprojects/groovy-json/src/test/java/org/apache/groovy/json/internal/ValueMapImplTest.java,org.apache.groovy.json.internal.ValueMapImplTest,class,8,9,1,8,27,1,0,24,0,0.08695652,0.0,0.0,23,1,0,2,0,21,21,0,0,0,1,0,0,1,0,0,0,0,2,192,2,2,0,0,0,65,14,22,2,20,2,1,0,1,63,0,0
/Users/kaiohs/Downloads/codes/lab02-experimentacao-software/data/repos/apache__groovy/subprojects/groovy-sql/src/main/java/groovy/sql/ResultSetMetaDataWrapper.java,groovy.sql.ResultSetMetaDataWrapper,class,4,7,3,4,9,2,0,9,1,0.6111111,0.0,0.0,6,0,4,2,0,0,4,0,0,0,3,1,0,3,0,0,3,0,0,33,4,1,1,0,0,1,8,9,3,7,1,0,0,0,83,1,0
/Users/kaiohs/Downloads/codes/lab02-experimentacao-software/data/repos/apache__groovy/src/main/java/org/codehaus/groovy/util/ArrayIterable.java,org.codehaus.groovy.util.ArrayIterable,class,2,4,2,2,2,1,0,0,0,0.0,0.0,0.0,2,0,2,0,0,0,2,0,0,0,1,0,0,1,0,0,1,0,0,9,1,0,0,0,0,0,0,1,0,1,0,0,0,0,11,1,0
/Users/kaiohs/Downloads/codes/lab02-experimentacao-software/data/repos/apache__groovy/src/main/java/org/codehaus/groovy/classgen/AsmClassGenerator.java,org.codehaus.groovy.classgen.AsmClassGenerator,class,125,158,33,125,459,3,0,465,1958,0.96438724,0.0,0.0,125,17,75,45,4,1,80,0,0,0,31,24,10,21,0,0,28,0,173,1798,57,43,60,3,58,157,104,399,41,311,5,6,0,3,464,1,0
/Users/kaiohs/Downloads/codes/lab02-experimentacao-software/data/repos/apache__groovy/src/test/groovy/org/codehaus/groovy/dummy/Groovy8144ABase.java,org.codehaus.groovy.dummy.Groovy8144ABase,class,0,1,1,0,1,1,1,0,0,0.0,NaN,NaN,1,0,1,0,0,0,1,0,0,0,0,0,0,0,0,0,0,0,0,5,1,0,0,0,0,0,1,0,0,0,0,0,0,0,4,1024,0
/Users/kaiohs/Downloads/codes/lab02-experimentacao-software/data/repos/apache__groovy/subprojects/groovy-contracts/src/main/java/org/apache/groovy/contracts/domain/Precondition.java,org.apache.groovy.contracts.domain.Precondition,class,4,9,5,4,2,2,0,0,1,0.0,0.0,0.0,2,0,2,0,0,0,2,0,0,0,0,0,0,0,0,0,0,0,0,7,0,0,0,0,0,0,0,0,0,0,0,0,0,0,10,1,0
/Users/kaiohs/Downloads/codes/lab02-experimentacao-software/data/repos/apache__groovy/subprojects/performance/src/jmh/groovy/org/apache/groovy/bench/AryBench.java,org.apache.groovy.bench.AryBench$JavaAry,innerclass,1,1,0,1,4,1,0,0,0,0.0,NaN,NaN,1,1,0,0,0,1,1,0,0,0,0,0,0,0,0,0,0,0,0,9,1,3,0,0,0,0,8,7,4,5,2,0,0,0,9,10,0
/Users/kaiohs/Downloads/codes/lab02-experimentacao-software/data/repos/apache__groovy/subprojects/groovy-groovydoc/src/main/java/org/apache/groovy/groovydoc/tools/GroovyDocUtil.java,org.apache.groovy.groovydoc.tools.GroovyDocUtil,class,0,2,2,0,5,1,0,5,1,0.0,0.0,0.0,2,2,2,0,0,0,2,0,0,0,0,0,0,0,0,0,0,0,1,12,2,0,2,0,1,1,2,2,0,1,1,0,0,0,9,1,0
/Users/kaiohs/Downloads/codes/lab02-experimentacao-software/data/repos/apache__groovy/src/main/java/org/codehaus/groovy/reflection/CachedConstructor.java,org.codehaus.groovy.reflection.CachedConstructor,class,8,12,4,8,27,2,0,20,0,0.6666667,0.0,0.0,16,2,12,3,1,0,13,0,0,0,3,0,0,3,0,0,2,0,8,83,13,1,0,1,0,7,0,7,2,5,2,0,0,0,63,1,0
/Users/kaiohs/Downloads/codes/lab02-experimentacao-software/data/repos/apache__groovy/src/main/java/org/codehaus/groovy/runtime/typehandling/LongMath.java,org.codehaus.groovy.runtime.typehandling.LongMath,class,3,5,2,3,20,2,0,7,190,0.95,0.0,0.0,20,0,19,1,0,0,19,0,0,0,1,1,1,0,0,0,1,0,4,64,19,0,0,0,0,0,0,3,8,3,0,0,0,0,41,17,0
/Users/kaiohs/Downloads/codes/lab02-experimentacao-software/data/repos/apache__groovy/src/main/java/groovy/beans/DefaultPropertyAccessor.java,groovy.beans.DefaultPropertyAccessor,class,4,5,1,4,2,1,0,2,0,0.0,0.0,0.0,2,0,2,0,0,0,2,0,0,0,1,1,1,0,0,0,1,0,0,9,1,0,0,0,0,0,0,1,0,1,0,0,0,0,16,1,0
/Users/kaiohs/Downloads/codes/lab02-experimentacao-software/data/repos/apache__groovy/src/main/java/org/codehaus/groovy/ast/stmt/TryCatchStatement.java,org.codehaus.groovy.ast.stmt.TryCatchStatement,class,9,14,5,9,22,3,0,14,90,0.796875,0.0,0.0,16,1,16,0,0,0,16,0,0,0,4,0,0,4,0,0,2,0,0,68,11,0,0,0,1,3,2,7,0,5,1,0,0,0,41,1,0
/Users/kaiohs/Downloads/codes/lab02-experimentacao-software/data/repos/apache__groovy/src/test/groovy/bugs/groovy5912/PluginPathAwareFileSystemResourceLoader.java,bugs.groovy5912.PluginPathAwareFileSystemResourceLoader,class,0,0,0,0,1,1,0,0,0,0.0,NaN,NaN,1,0,0,0,0,1,1,0,0,0,0,0,0,0,0,0,0,0,0,4,0,0,0,0,0,0,0,0,0,0,0,0,0,0,12,1,0
/Users/kaiohs/Downloads/codes/lab02-experimentacao-software/data/repos/apache__groovy/src/main/java/org/codehaus/groovy/runtime/metaclass/MetaMethodIndex.java,org.codehaus.groovy.runtime.metaclass.MetaMethodIndex,class,12,13,1,12,60,1,0,40,157,0.8947368,0.0,0.0,19,4,10,9,0,0,10,0,1,0,3,1,2,1,0,0,3,0,8,196,20,7,16,0,6,0,11,55,0,39,4,0,2,5,114,1,0
/Users/kaiohs/Downloads/codes/lab02-experimentacao-software/data/repos/apache__groovy/subprojects/groovy-contracts/src/main/java/org/apache/groovy/contracts/generation/CandidateChecks.java,org.apache.groovy.contracts.generation.CandidateChecks,class,5,16,11,5,41,1,0,25,45,0.0,0.0,0.0,10,10,9,1,0,0,9,0,0,0,0,0,0,0,0,0,0,0,6,50,23,2,6,0,2,4,0,1,0,1,3,0,0,0,84,1,0
/Users/kaiohs/Downloads/codes/lab02-experimentacao-software/data/repos/apache__groovy/src/main/java/org/codehaus/groovy/ast/CompileUnit.java,org.codehaus.groovy.ast.CompileUnit,class,9,22,13,9,31,1,0,25,154,0.8677249,0.0,0.0,21,0,21,0,0,0,21,0,0,0,9,0,0,9,0,0,8,0,1,110,13,2,6,0,0,11,0,23,4,18,3,0,0,0,136,1,0
/Users/kaiohs/Downloads/codes/lab02-experimentacao-software/data/repos/apache__groovy/src/main/java/org/codehaus/groovy/transform/ReadWriteLockASTTransformation.java,org.codehaus.groovy.transform.ReadWriteLockASTTransformation,class,17,18,1,17,19,2,0,25,1,0.6,NaN,NaN,3,1,1,2,0,0,1,0,0,0,5,5,2,3,0,0,5,0,6,76,9,0,6,0,1,27,2,24,6,21,2,0,0,0,117,1,0
/Users/kaiohs/Downloads/codes/lab02-experimentacao-software/data/repos/apache__groovy/src/main/java/groovy/namespace/QName.java,groovy.namespace.QName,class,1,2,1,1,47,1,0,9,0,0.56666666,0.0,0.0,12,1,12,0,0,0,12,0,0,0,5,2,0,5,0,0,2,0,0,109,26,0,13,0,6,12,16,14,10,13,2,0,0,0,165,1,0
/Users/kaiohs/Downloads/codes/lab02-experimentacao-software/data/repos/apache__groovy/src/main/java/org/codehaus/groovy/ast/ConstructorNode.java,org.codehaus.groovy.ast.ConstructorNode,class,7,18,11,7,6,3,1,3,6,0.0,0.0,0.0,4,0,3,0,1,0,4,0,0,0,0,0,0,0,0,0,0,0,0,17,3,0,0,0,3,1,0,2,0,2,1,0,0,0,18,1,0
/Users/kaiohs/Downloads/codes/lab02-experimentacao-software/data/repos/apache__groovy/benchmark/bench/hash2.java,hash2,class,1,1,0,1,5,1,0,12,0,0.0,NaN,NaN,1,1,1,0,0,0,1,0,0,0,0,0,0,0,0,0,0,0,2,19,0,3,0,0,6,9,6,10,2,9,3,0,0,0,13,1,0
/Users/kaiohs/Downloads/codes/lab02-experimentacao-software/data/repos/apache__groovy/src/main/java/org/codehaus/groovy/runtime/typehandling/NumberMath.java,org.codehaus.groovy.runtime.typehandling.NumberMath,class,6,23,17,6,86,1,5,37,1128,0.0,0.0,0.0,48,29,33,0,14,1,48,8,0,0,0,0,0,0,0,0,0,0,38,198,48,0,8,1,1,22,0,3,4,3,1,0,0,0,183,1025,0
/Users/kaiohs/Downloads/codes/lab02-experimentacao-software/data/repos/apache__groovy/src/test/groovy/org/codehaus/groovy/classgen/asm/sc/Groovy6955Support.java,org.codehaus.groovy.classgen.asm.sc.Groovy6955Support$Request,innerclass,0,0,0,0,1,1,0,1,0,0.0,NaN,NaN,1,0,1,0,0,0,1,0,0,0,0,0,0,0,0,0,0,0,1,5,1,0,0,0,0,2,0,0,0,0,0,0,0,0,4,9,0
/Users/kaiohs/Downloads/codes/lab02-experimentacao-software/data/repos/apache__groovy/src/main/java/org/codehaus/groovy/classgen/InnerClassCompletionVisitor.java,org.codehaus.groovy.classgen.InnerClassCompletionVisitor,class,18,20,2,18,43,3,0,60,14,0.6666667,0.0,0.0,8,1,3,4,1,0,4,0,0,0,3,0,0,3,0,0,1,0,11,116,6,5,7,0,3,12,20,39,6,26,3,0,0,0,106,1,0
/Users/kaiohs/Downloads/codes/lab02-experimentacao-software/data/repos/apache__groovy/subprojects/performance/src/jmh/groovy/org/apache/groovy/bench/dispatch/CallsiteBench.java,org.apache.groovy.bench.dispatch.CallsiteBench$JavaDispatch,innerclass,1,1,0,1,2,1,0,2,0,0.0,NaN,NaN,1,1,0,0,0,1,1,0,0,0,0,0,0,0,0,0,0,0,0,7,0,1,0,0,0,0,0,0,0,0,1,0,0,0,8,10,0
/Users/kaiohs/Downloads/codes/lab02-experimentacao-software/data/repos/apache__groovy/src/main/java/groovy/transform/stc/SimpleType.java,groovy.transform.stc.SimpleType,class,7,8,1,7,1,3,0,4,0,0.0,NaN,NaN,1,0,1,0,0,0,1,0,0,0,0,0,0,0,0,0,0,0,1,5,1,0,0,0,0,0,0,0,0,1,0,0,0,1,23,1,0
/Users/kaiohs/Downloads/codes/lab02-experimentacao-software/data/repos/apache__groovy/src/main/java/org/codehaus/groovy/reflection/ReflectionCache.java,org.codehaus.groovy.reflection.ReflectionCache,class,3,13,10,3,2,1,0,3,0,1.0,NaN,NaN,1,1,1,0,0,0,1,0,0,0,2,2,2,0,0,0,2,0,3,8,2,0,1,0,0,0,0,2,0,2,1,0,0,0,19,1,0
/Users/kaiohs/Downloads/codes/lab02-experimentacao-software/data/repos/apache__groovy/src/main/java/org/codehaus/groovy/ast/decompiled/ClassStub.java,org.codehaus.groovy.ast.decompiled.MemberStub,class,2,8,6,2,3,1,3,1,0,0.0,0.0,0.0,2,0,1,0,0,1,2,0,0,0,1,0,0,0,0,1,0,0,0,12,2,0,1,0,0,0,1,3,0,2,1,0,0,0,11,0,0
/Users/kaiohs/Downloads/codes/lab02-experimentacao-software/data/repos/apache__groovy/src/main/java/org/codehaus/groovy/classgen/asm/BytecodeVariable.java,org.codehaus.groovy.classgen.asm.BytecodeVariable,class,4,13,9,4,16,1,0,1,64,0.8375,0.0,0.0,16,0,15,1,0,0,15,0,0,0,10,2,2,8,0,0,4,0,2,67,9,0,0,0,0,4,2,16,1,10,0,0,0,0,61,1,0
/Users/kaiohs/Downloads/codes/lab02-experimentacao-software/data/repos/apache__groovy/subprojects/groovy-sql/src/main/java/groovy/sql/Sql.java,groovy.sql.Sql,class,33,40,7,33,399,6,1,208,21862,0.9847245,0.0,0.0,217,56,177,18,22,0,199,0,2,0,54,37,33,20,1,0,40,0,108,1924,161,20,55,51,14,249,68,344,54,254,7,35,7,0,962,1,3
/Users/kaiohs/Downloads/codes/lab02-experimentacao-software/data/repos/apache__groovy/src/main/java/org/codehaus/groovy/util/ManagedReference.java,org.codehaus.groovy.util.ManagedReference$Anonymous1,anonymous,0,0,0,0,0,1,0,0,0,0.0,-1.0,-1.0,0,0,0,0,0,0,0,0,0,0,0,0,0,0,0,0,0,0,0,2,0,0,0,0,0,0,0,0,0,0,0,0,0,0,0,-1,0
/Users/kaiohs/Downloads/codes/lab02-experimentacao-software/data/repos/apache__groovy/src/main/java/org/codehaus/groovy/classgen/asm/CompileStack.java,org.codehaus.groovy.classgen.asm.CompileStack$ExceptionTableEntry,innerclass,1,1,0,1,0,1,0,0,0,NaN,-1.0,-1.0,0,0,0,0,0,0,0,0,0,0,2,0,0,0,0,2,0,0,0,4,0,0,0,0,0,0,0,0,0,4,0,0,0,0,6,10,0
/Users/kaiohs/Downloads/codes/lab02-experimentacao-software/data/repos/apache__groovy/subprojects/stress/src/stressTest/java/org/apache/groovy/stress/util/ThreadUtils.java,org.apache.groovy.stress.util.ThreadUtils,class,0,5,5,0,5,1,0,4,3,0.0,0.0,0.0,3,2,2,1,0,0,2,0,0,0,0,0,0,0,0,0,0,0,1,21,0,0,0,2,0,0,0,0,0,0,1,0,0,0,14,1,0
/Users/kaiohs/Downloads/codes/lab02-experimentacao-software/data/repos/apache__groovy/src/main/java/org/codehaus/groovy/classgen/asm/sc/StaticCompilationMopWriter.java,org.codehaus.groovy.classgen.asm.sc.StaticCompilationMopWriter,class,5,5,0,5,3,2,0,3,1,1.0,0.0,0.0,2,0,2,0,0,0,2,0,0,0,1,1,1,0,0,0,1,0,0,13,0,0,1,0,0,0,0,3,0,3,1,0,0,0,42,1,0
/Users/kaiohs/Downloads/codes/lab02-experimentacao-software/data/repos/apache__groovy/src/main/java/org/codehaus/groovy/transform/ASTTransformationVisitor.java,org.codehaus.groovy.transform.ASTTransformationVisitor,class,28,31,3,28,64,2,0,83,18,0.72527474,0.0,0.0,13,6,7,4,2,0,9,0,0,0,7,2,0,7,0,0,4,0,8,248,4,14,11,7,1,28,6,41,9,39,9,0,1,6,240,17,0
/Users/kaiohs/Downloads/codes/lab02-experimentacao-software/data/repos/apache__groovy/src/main/java/org/codehaus/groovy/antlr/PrimitiveHelper.java,org.codehaus.groovy.antlr.PrimitiveHelper,class,3,4,1,3,10,1,0,8,1,0.0,NaN,NaN,2,1,1,1,0,0,1,0,0,0,0,0,0,0,0,0,0,0,0,31,9,0,0,0,0,0,7,0,0,0,1,0,0,0,21,1,0
/Users/kaiohs/Downloads/codes/lab02-experimentacao-software/data/repos/apache__groovy/src/main/java/org/codehaus/groovy/transform/sc/transformers/ConstructorCallTransformer.java,org.codehaus.groovy.transform.sc.transformers.ConstructorCallTransformer,class,11,12,1,11,13,3,0,12,0,0.0,0.0,0.0,2,0,1,0,0,1,2,0,0,0,1,0,0,1,0,0,1,0,1,90,4,1,7,0,1,0,6,7,2,7,6,0,1,0,35,1,0
/Users/kaiohs/Downloads/codes/lab02-experimentacao-software/data/repos/apache__groovy/src/main/java/org/apache/groovy/util/concurrent/ConcurrentReferenceHashMap.java,org.apache.groovy.util.concurrent.ConcurrentReferenceHashMap,class,10,22,12,10,102,21,0,38,601,0.9246795,0.0,0.0,39,1,34,4,1,0,35,0,1,0,16,9,0,16,0,0,12,0,10,1067,30,25,28,2,18,2,64,109,17,82,5,0,20,0,603,1,0
/Users/kaiohs/Downloads/codes/lab02-experimentacao-software/data/repos/apache__groovy/benchmark/bench/echo.java,EchoServer,class,1,2,1,1,5,2,0,10,0,0.44444445,0.0,0.0,3,0,3,0,0,0,3,0,1,0,3,1,0,3,0,0,3,0,0,31,1,1,1,1,1,2,4,10,1,9,2,0,0,0,35,0,0
/Users/kaiohs/Downloads/codes/lab02-experimentacao-software/data/repos/apache__groovy/subprojects/stress/src/stressTest/java/org/codehaus/groovy/reflection/ClassInfoDeadlockStressTest.java,org.codehaus.groovy.reflection.ClassInfoDeadlockStressTest$Anonymous1,anonymous,3,3,0,3,2,1,0,6,0,0.0,NaN,NaN,1,0,1,0,0,0,1,0,0,0,0,0,0,0,0,0,0,0,1,9,0,0,1,0,1,0,0,2,0,2,0,0,0,0,13,-1,0
/Users/kaiohs/Downloads/codes/lab02-experimentacao-software/data/repos/apache__groovy/subprojects/stress/src/stressTest/java/org/codehaus/groovy/reflection/ClassInfoDeadlockStressTest.java,org.codehaus.groovy.reflection.ClassInfoDeadlockStressTest$Anonymous2,anonymous,2,2,0,2,2,1,0,2,0,0.0,NaN,NaN,1,0,1,0,0,0,1,0,0,0,0,0,0,0,0,0,0,0,0,8,0,1,0,0,0,0,2,3,0,3,1,0,0,0,8,-1,0
/Users/kaiohs/Downloads/codes/lab02-experimentacao-software/data/repos/apache__groovy/subprojects/groovy-macro/src/main/groovy/org/codehaus/groovy/macro/matcher/ContextualClassCodeVisitor.java,org.codehaus.groovy.macro.matcher.ContextualClassCodeVisitor$MatchByClass,innerclass,2,2,0,2,3,1,0,1,0,0.0,0.0,0.0,2,0,1,0,0,1,2,0,0,0,1,0,0,1,0,0,1,0,0,9,1,0,1,0,0,0,0,1,0,1,0,0,0,0,11,10,0
/Users/kaiohs/Downloads/codes/lab02-experimentacao-software/data/repos/apache__groovy/subprojects/groovy-xml/src/main/java/org/apache/groovy/xml/tools/DomToGroovy.java,org.apache.groovy.xml.tools.DomToGroovy,class,13,14,1,13,90,1,0,74,410,0.8671875,0.0,0.0,32,6,7,2,23,0,30,0,0,0,4,0,0,0,4,0,0,0,9,328,14,6,12,2,1,49,20,63,9,45,3,0,0,0,119,1,0
/Users/kaiohs/Downloads/codes/lab02-experimentacao-software/data/repos/apache__groovy/src/test/groovy/groovy/lang/DummyGString.java,groovy.lang.DummyGString,class,2,3,1,2,5,3,0,1,4,0.4,0.0,0.0,5,0,5,0,0,0,5,0,0,0,1,0,0,1,0,0,0,0,0,18,2,0,0,0,0,2,0,1,0,1,0,0,0,0,18,1,0
/Users/kaiohs/Downloads/codes/lab02-experimentacao-software/data/repos/apache__groovy/benchmark/bench/nbody.java,nbody,class,1,1,0,1,2,1,0,5,0,0.0,NaN,NaN,1,1,1,0,0,0,1,0,0,0,1,1,0,1,0,0,1,0,1,12,0,1,0,0,0,1,3,4,0,4,1,0,0,0,13,17,0
/Users/kaiohs/Downloads/codes/lab02-experimentacao-software/data/repos/apache__groovy/src/main/java/org/codehaus/groovy/runtime/dgmimpl/NumberNumberPlus.java,org.codehaus.groovy.runtime.dgmimpl.NumberNumberPlus$LongFloat,innerclass,5,5,0,5,4,7,0,4,1,0.0,0.0,0.0,2,0,2,0,0,0,2,0,1,0,0,0,0,0,0,0,0,0,0,15,2,0,0,1,2,0,1,0,1,0,2,0,0,0,19,10,0
/Users/kaiohs/Downloads/codes/lab02-experimentacao-software/data/repos/apache__groovy/src/main/java/org/codehaus/groovy/runtime/metaclass/ThreadManagedMetaBeanProperty.java,org.codehaus.groovy.runtime.metaclass.ThreadManagedMetaBeanProperty,class,8,10,2,8,11,4,0,6,10,0.75,0.0,0.0,8,1,7,1,0,0,7,0,0,2,8,2,0,8,0,0,6,0,3,100,7,0,3,0,0,0,0,18,0,10,2,0,2,0,95,1,0
/Users/kaiohs/Downloads/codes/lab02-experimentacao-software/data/repos/apache__groovy/src/test/groovy/org/codehaus/groovy/runtime/TupleListTest.java,org.codehaus.groovy.runtime.TupleListTest,class,1,1,0,1,5,2,0,12,3,0.0,0.0,0.0,3,0,3,0,0,0,3,0,0,0,0,0,0,0,0,0,0,0,0,25,0,2,0,0,0,22,1,7,0,7,1,0,0,0,24,1,0
/Users/kaiohs/Downloads/codes/lab02-experimentacao-software/data/repos/apache__groovy/src/main/java/org/codehaus/groovy/util/ReferenceType.java,org.codehaus.groovy.util.ReferenceType$HardRef,innerclass,3,3,0,3,4,1,0,0,0,0.375,0.0,0.0,4,0,4,0,0,0,4,0,0,0,2,0,0,2,0,0,1,0,0,17,2,0,0,0,0,0,0,3,0,2,0,0,0,0,13,10,0
/Users/kaiohs/Downloads/codes/lab02-experimentacao-software/data/repos/apache__groovy/src/main/java/org/codehaus/groovy/classgen/asm/BinaryExpressionWriter.java,org.codehaus.groovy.classgen.asm.BinaryExpressionWriter,class,8,16,8,8,51,1,4,25,223,0.8055556,0.0,0.0,27,0,7,0,20,0,27,10,0,0,3,1,0,2,1,0,2,0,0,151,23,0,6,0,0,0,16,24,4,18,2,0,0,0,110,1025,0
/Users/kaiohs/Downloads/codes/lab02-experimentacao-software/data/repos/apache__groovy/src/main/java/org/codehaus/groovy/control/ParserPluginFactory.java,org.codehaus.groovy.control.ParserPluginFactory,class,3,8,5,3,3,1,1,0,3,0.0,0.0,0.0,3,2,3,0,0,0,3,1,0,0,0,0,0,0,0,0,0,0,0,9,1,0,0,0,0,1,0,0,0,0,0,0,0,0,24,1025,0
/Users/kaiohs/Downloads/codes/lab02-experimentacao-software/data/repos/apache__groovy/src/main/java/groovy/lang/MetaExpandoProperty.java,groovy.lang.MetaExpandoProperty,class,1,1,0,1,3,2,0,2,0,0.0,0.0,0.0,3,0,3,0,0,0,3,0,0,0,1,0,0,0,0,1,0,0,0,13,1,0,0,0,0,0,0,3,0,1,0,0,0,0,30,1,0
/Users/kaiohs/Downloads/codes/lab02-experimentacao-software/data/repos/apache__groovy/subprojects/groovy-swing/src/main/groovy/groovy/swing/impl/DefaultAction.java,groovy.swing.impl.DefaultAction,class,1,1,0,1,4,2,0,1,0,0.0,0.0,0.0,3,0,3,0,0,0,3,0,0,0,1,0,0,1,0,0,0,0,0,15,1,0,1,0,0,1,0,1,0,1,1,0,0,0,20,1,0
/Users/kaiohs/Downloads/codes/lab02-experimentacao-software/data/repos/apache__groovy/benchmark/bench/sieve.java,sieve,class,1,1,0,1,6,1,0,2,0,0.0,NaN,NaN,1,1,1,0,0,0,1,0,0,0,0,0,0,0,0,0,0,0,1,22,0,4,0,0,0,2,11,10,3,6,4,0,0,0,11,1,0
/Users/kaiohs/Downloads/codes/lab02-experimentacao-software/data/repos/apache__groovy/subprojects/groovy-ant/src/main/java/org/codehaus/groovy/ant/UberCompileTask.java,org.codehaus.groovy.ant.UberCompileTask$GroovycAdapter,innerclass,2,2,0,2,2,4,0,2,1,0.0,0.0,0.0,2,0,2,0,0,0,2,0,0,0,0,0,0,0,0,0,0,0,0,8,2,0,0,0,0,1,0,0,1,0,0,0,0,0,7,2,0
/Users/kaiohs/Downloads/codes/lab02-experimentacao-software/data/repos/apache__groovy/subprojects/groovy-json/src/test/java/org/apache/groovy/json/internal/SimpleCacheTest.java,org.apache.groovy.json.internal.SimpleCacheTest,class,3,3,0,3,20,1,0,23,171,0.0,0.0,0.0,19,0,0,0,0,19,19,0,0,0,0,0,0,0,0,0,0,0,2,119,0,1,0,0,0,48,51,20,1,20,1,0,0,2,43,0,0
/Users/kaiohs/Downloads/codes/lab02-experimentacao-software/data/repos/apache__groovy/src/main/java/org/codehaus/groovy/classgen/ReturnAdder.java,org.codehaus.groovy.classgen.ReturnAdder,class,20,25,5,20,41,1,0,39,0,0.5,0.0,0.0,6,1,4,2,0,0,4,0,0,0,3,1,0,3,0,0,3,0,1,134,13,2,4,0,3,0,9,34,2,31,4,0,1,2,107,1,0
/Users/kaiohs/Downloads/codes/lab02-experimentacao-software/data/repos/apache__groovy/src/main/java/org/codehaus/groovy/transform/stc/StaticTypeCheckingSupport.java,org.codehaus.groovy.transform.stc.StaticTypeCheckingSupport$FloatArrayStaticTypesHelper,innerclass,1,1,0,1,4,1,0,2,3,0.0,0.0,0.0,3,3,3,0,0,0,3,0,0,0,0,0,0,0,0,0,0,0,0,11,2,0,1,0,0,1,0,0,0,0,0,0,0,0,13,9,0
/Users/kaiohs/Downloads/codes/lab02-experimentacao-software/data/repos/apache__groovy/subprojects/groovy-ginq/src/main/groovy/org/apache/groovy/ginq/provider/collection/runtime/TooManyValuesException.java,org.apache.groovy.ginq.provider.collection.runtime.TooManyValuesException,class,1,1,0,1,1,2,0,0,0,1.0,NaN,NaN,1,0,1,0,0,0,1,0,0,0,1,1,0,1,0,0,1,0,0,6,0,0,0,0,0,0,1,1,0,1,0,0,0,0,27,1,0
/Users/kaiohs/Downloads/codes/lab02-experimentacao-software/data/repos/apache__groovy/subprojects/groovy-macro/src/main/groovy/org/codehaus/groovy/macro/transform/MacroMethodsCache.java,org.codehaus.groovy.macro.transform.MacroMethodsCache,class,5,6,1,5,5,2,0,4,10,0.9,0.0,0.0,5,0,0,1,4,0,4,0,0,0,2,2,1,1,0,0,2,0,0,17,3,0,0,0,0,1,0,2,0,4,0,0,0,2,35,16,0
/Users/kaiohs/Downloads/codes/lab02-experimentacao-software/data/repos/apache__groovy/subprojects/groovy-contracts/src/main/java/org/apache/groovy/contracts/generation/AssertStatementCreationUtility.java,org.apache.groovy.contracts.generation.AssertStatementCreationUtility,class,13,18,5,13,9,4,0,18,10,0.0,0.0,0.0,5,5,5,0,0,0,5,0,0,0,0,0,0,0,0,0,0,0,1,112,3,1,0,0,0,1,2,11,1,11,3,0,3,0,59,17,0
/Users/kaiohs/Downloads/codes/lab02-experimentacao-software/data/repos/apache__groovy/src/main/java/org/codehaus/groovy/control/BytecodeProcessor.java,org.codehaus.groovy.control.BytecodeProcessor,interface,1,4,3,1,1,1,0,0,0,0.0,NaN,NaN,1,0,0,0,0,1,1,0,0,0,0,0,0,0,0,0,0,0,0,3,0,0,0,0,0,0,0,0,0,0,0,0,0,0,4,1,0
/Users/kaiohs/Downloads/codes/lab02-experimentacao-software/data/repos/apache__groovy/benchmark/bench/prodcons.java,prodcons$CubbyHole,innerclass,0,0,0,0,6,1,0,2,0,0.0,0.0,0.0,2,0,2,0,0,0,2,0,0,2,2,0,0,2,0,0,0,0,0,28,1,2,2,2,0,0,0,4,0,2,2,0,0,0,16,2,0
/Users/kaiohs/Downloads/codes/lab02-experimentacao-software/data/repos/apache__groovy/src/main/java/org/codehaus/groovy/control/Janitor.java,org.codehaus.groovy.control.Janitor,class,1,13,12,1,4,1,0,3,0,0.0,0.0,0.0,2,0,2,0,0,0,2,0,0,0,1,0,0,1,0,0,1,0,0,16,0,1,0,1,0,0,0,1,0,1,2,0,0,0,24,1,0
/Users/kaiohs/Downloads/codes/lab02-experimentacao-software/data/repos/apache__groovy/src/main/java/org/codehaus/groovy/ast/decompiled/AsmDecompiler.java,org.codehaus.groovy.ast.decompiled.AsmDecompiler,class,10,18,8,10,6,3,0,7,3,0.6666667,0.0,0.0,3,3,1,1,0,1,2,0,0,0,1,1,0,1,0,0,1,0,1,136,3,0,2,2,1,0,0,7,0,6,2,1,2,0,101,1025,0
/Users/kaiohs/Downloads/codes/lab02-experimentacao-software/data/repos/apache__groovy/src/main/java/org/codehaus/groovy/control/customizers/SourceAwareCustomizer.java,org.codehaus.groovy.control.customizers.SourceAwareCustomizer,class,10,12,2,10,21,3,0,14,47,0.8181818,0.0,0.0,11,0,11,0,0,0,11,0,0,0,4,0,0,4,0,0,0,0,0,49,5,0,4,0,0,1,4,10,1,9,1,0,0,0,69,1,0
/Users/kaiohs/Downloads/codes/lab02-experimentacao-software/data/repos/apache__groovy/src/main/java/org/codehaus/groovy/runtime/memoize/LRUCache.java,org.codehaus.groovy.runtime.memoize.LRUCache,class,6,6,0,6,8,1,0,12,0,0.0,0.0,0.0,5,0,5,0,0,0,5,0,0,0,1,0,0,1,0,0,1,0,0,26,3,1,1,0,2,0,0,4,0,4,3,0,0,0,59,17,0
/Users/kaiohs/Downloads/codes/lab02-experimentacao-software/data/repos/apache__groovy/src/main/java/org/apache/groovy/ast/tools/ImmutablePropertyUtils.java,org.apache.groovy.ast.tools.ImmutablePropertyUtils,class,14,16,2,14,45,1,0,46,112,0.90625,0.0,0.0,16,15,10,6,0,0,10,0,0,0,6,6,1,5,0,0,6,0,15,136,28,4,6,0,3,85,4,22,4,21,3,1,0,0,143,1,0
/Users/kaiohs/Downloads/codes/lab02-experimentacao-software/data/repos/apache__groovy/src/main/java/org/codehaus/groovy/transform/sc/transformers/RangeExpressionTransformer.java,org.codehaus.groovy.transform.sc.transformers.RangeExpressionTransformer,class,9,10,1,9,8,1,0,18,0,0.33333334,0.0,0.0,2,0,2,0,0,0,3,0,0,0,3,2,0,3,0,0,3,0,3,31,2,1,1,0,0,0,3,10,0,9,2,0,0,0,44,1,0
/Users/kaiohs/Downloads/codes/lab02-experimentacao-software/data/repos/apache__groovy/src/main/java/org/codehaus/groovy/runtime/metaclass/ClosureStaticMetaMethod.java,org.codehaus.groovy.runtime.metaclass.ClosureStaticMetaMethod,class,4,5,1,4,8,2,0,5,12,0.625,0.0,0.0,8,0,8,0,0,0,8,0,0,0,3,0,0,3,0,0,3,0,0,34,6,0,0,0,0,0,0,4,0,4,0,0,0,0,53,1,0
/Users/kaiohs/Downloads/codes/lab02-experimentacao-software/data/repos/apache__groovy/src/test/groovy/bugs/groovy8531/Reducer.java,bugs.groovy8531.Reducer$ProtectedContext,innerclass,0,0,0,0,0,1,0,0,0,0.0,-1.0,-1.0,0,0,0,0,0,0,0,0,0,0,0,0,0,0,0,0,0,0,0,2,0,0,0,0,0,0,0,0,0,0,0,0,0,0,2,1028,0
/Users/kaiohs/Downloads/codes/lab02-experimentacao-software/data/repos/apache__groovy/src/main/java/org/codehaus/groovy/ast/decompiled/ClassStub.java,org.codehaus.groovy.ast.decompiled.FieldStub,class,1,5,4,1,2,2,0,0,0,0.1,0.0,0.0,2,0,2,0,0,0,2,0,0,0,5,0,0,0,0,5,5,0,0,17,0,0,0,0,0,0,0,5,0,5,0,0,0,0,11,0,0
/Users/kaiohs/Downloads/codes/lab02-experimentacao-software/data/repos/apache__groovy/src/main/java/org/apache/groovy/util/concurrent/concurrentlinkedhashmap/Weighers.java,org.apache.groovy.util.concurrent.concurrentlinkedhashmap.Weighers$SetWeigher,enum,1,1,0,1,1,1,0,1,0,0.0,NaN,NaN,1,0,1,0,0,0,1,0,0,0,0,0,0,0,0,0,0,0,0,4,1,0,0,0,0,0,0,0,0,0,0,0,0,0,13,0,0
/Users/kaiohs/Downloads/codes/lab02-experimentacao-software/data/repos/apache__groovy/subprojects/groovy-toml/src/main/java/groovy/toml/TomlRuntimeException.java,groovy.toml.TomlRuntimeException,class,2,3,1,2,3,2,0,0,3,1.0,0.0,0.0,3,0,3,0,0,0,3,0,0,0,1,1,0,1,0,0,1,0,0,12,0,0,0,0,0,0,1,1,0,1,0,0,0,0,25,1,0
/Users/kaiohs/Downloads/codes/lab02-experimentacao-software/data/repos/apache__groovy/src/test/groovy/groovy/transform/stc/Pojo11451.java,groovy.transform.stc.Pojo11451,class,0,0,0,0,2,1,0,2,1,0.0,0.0,0.0,2,0,2,0,0,0,2,0,0,0,0,0,0,0,0,0,0,0,0,8,0,0,0,0,0,0,0,0,0,0,0,0,0,0,8,1,0
/Users/kaiohs/Downloads/codes/lab02-experimentacao-software/data/repos/apache__groovy/src/main/java/org/codehaus/groovy/util/ManagedConcurrentValueMap.java,org.codehaus.groovy.util.ManagedConcurrentValueMap$Anonymous1,anonymous,0,0,0,0,1,1,0,2,0,0.0,NaN,NaN,1,0,1,0,0,0,1,0,0,0,0,0,0,0,0,0,0,0,0,6,0,0,0,0,0,0,0,0,0,0,0,0,0,0,2,-1,0
/Users/kaiohs/Downloads/codes/lab02-experimentacao-software/data/repos/apache__groovy/src/main/java/org/apache/groovy/util/concurrent/concurrentlinkedhashmap/ConcurrentLinkedHashMap.java,org.apache.groovy.util.concurrent.concurrentlinkedhashmap.ConcurrentLinkedHashMap$SerializationProxy,innerclass,6,6,0,6,2,1,0,7,0,0.083333336,0.0,0.0,2,0,0,0,0,2,2,0,0,0,6,1,0,1,0,5,6,0,0,20,1,0,0,0,0,0,1,7,0,7,0,0,0,0,55,24,0
/Users/kaiohs/Downloads/codes/lab02-experimentacao-software/data/repos/apache__groovy/subprojects/groovy-ginq/src/main/groovy/org/apache/groovy/ginq/dsl/expression/DataSourceExpression.java,org.apache.groovy.ginq.dsl.expression.DataSourceExpression,class,3,9,6,3,4,3,2,0,0,0.375,0.0,0.0,4,0,4,0,0,0,4,0,0,0,2,0,0,0,2,0,1,0,0,17,2,0,0,0,0,0,0,3,0,2,0,0,0,0,15,1025,0
/Users/kaiohs/Downloads/codes/lab02-experimentacao-software/data/repos/apache__groovy/src/main/java/groovy/util/logging/Log4j.java,groovy.util.logging.Log4j$Log4jLoggingStrategy,class,10,10,0,10,5,2,0,12,6,0.75,0.0,0.0,4,0,3,0,1,0,4,0,0,0,2,2,0,2,0,0,2,0,0,27,3,0,0,0,0,8,3,6,1,5,1,0,0,0,53,0,0
/Users/kaiohs/Downloads/codes/lab02-experimentacao-software/data/repos/apache__groovy/src/test-fixtures/extmodule/src/main/java/org/codehaus/groovy/runtime/m12n/TestStaticStringExtension2.java,org.codehaus.groovy.runtime.m12n.TestStaticStringExtension2,class,0,0,0,0,1,1,0,0,0,0.0,NaN,NaN,1,1,1,0,0,0,1,0,0,0,0,0,0,0,0,0,0,0,0,5,1,0,0,0,0,0,1,0,0,0,0,0,0,0,6,1,0
/Users/kaiohs/Downloads/codes/lab02-experimentacao-software/data/repos/apache__groovy/src/main/java/groovy/transform/RecordTypeMode.java,groovy.transform.RecordTypeMode,enum,0,0,0,0,0,1,0,0,0,0.0,-1.0,-1.0,0,0,0,0,0,0,0,0,0,0,0,0,0,0,0,0,0,0,0,4,0,0,0,0,0,0,0,0,0,0,0,0,0,0,33,1,0
/Users/kaiohs/Downloads/codes/lab02-experimentacao-software/data/repos/apache__groovy/src/main/java/org/codehaus/groovy/ast/stmt/EmptyStatement.java,org.codehaus.groovy.ast.stmt.EmptyStatement,class,3,6,3,3,3,3,0,1,3,0.6666667,0.0,0.0,3,0,3,0,0,0,3,0,0,0,1,1,1,0,0,0,1,0,0,41,1,0,0,0,0,0,0,1,0,1,0,1,0,0,31,1,0
/Users/kaiohs/Downloads/codes/lab02-experimentacao-software/data/repos/apache__groovy/subprojects/groovy-groovydoc/src/main/java/org/codehaus/groovy/tools/groovydoc/antlr4/GroovyDocParser.java,org.codehaus.groovy.tools.groovydoc.antlr4.GroovyDocParser,class,16,18,2,16,18,1,0,34,4,0.55,0.0,0.0,5,0,2,3,0,0,2,0,0,0,4,1,0,4,0,0,4,0,2,87,5,3,0,2,0,14,7,21,0,15,3,0,0,1,73,1,0
/Users/kaiohs/Downloads/codes/lab02-experimentacao-software/data/repos/apache__groovy/benchmark/bench/magicsquares.java,magicsquares,class,2,2,0,2,6,1,0,7,1,0.5,0.0,0.0,2,1,2,0,0,0,2,0,0,0,2,2,0,0,0,2,0,0,1,177,0,2,1,0,1,0,6,9,6,7,2,0,2,0,15,1,0
/Users/kaiohs/Downloads/codes/lab02-experimentacao-software/data/repos/apache__groovy/src/test/groovy/groovy/TestInterruptor.java,groovy.TestInterruptor,class,0,0,0,0,3,1,0,3,0,0.0,0.0,0.0,2,0,2,0,0,0,2,0,0,0,1,0,0,1,0,0,0,0,2,14,0,0,0,1,0,0,1,1,0,1,1,0,0,0,9,1,0
/Users/kaiohs/Downloads/codes/lab02-experimentacao-software/data/repos/apache__groovy/src/main/java/org/codehaus/groovy/reflection/MixinInMetaClass.java,org.codehaus.groovy.reflection.MixinInMetaClass,class,18,19,1,18,40,1,0,46,19,0.70000005,0.0,0.0,10,3,7,3,0,0,7,0,0,2,4,0,0,4,0,0,4,0,6,117,7,5,8,0,3,4,5,15,2,14,4,1,0,3,58,1,0
/Users/kaiohs/Downloads/codes/lab02-experimentacao-software/data/repos/apache__groovy/subprojects/groovy-console/src/main/groovy/groovy/console/ui/text/FindReplaceUtility.java,groovy.console.ui.text.FindReplaceUtility$ReplaceAction,innerclass,1,1,0,1,7,2,0,16,1,0.0,0.0,0.0,2,0,1,0,0,1,2,0,0,0,0,0,0,0,0,0,0,0,4,37,0,0,2,1,0,1,5,11,3,5,3,0,0,0,27,10,0
/Users/kaiohs/Downloads/codes/lab02-experimentacao-software/data/repos/apache__groovy/src/main/java/org/codehaus/groovy/ast/expr/ListExpression.java,org.codehaus.groovy.ast.expr.ListExpression,class,4,14,10,4,13,3,1,13,23,0.6363636,0.0,0.0,11,0,11,0,0,0,11,0,0,0,2,0,0,2,0,0,1,0,0,53,6,1,0,0,0,3,0,7,1,5,2,0,0,0,37,1,0
/Users/kaiohs/Downloads/codes/lab02-experimentacao-software/data/repos/apache__groovy/src/main/java/groovy/util/ObservableList.java,groovy.util.ObservableList$ObservableListIterator,innerclass,3,3,0,3,8,2,0,8,28,0.0,0.0,0.0,8,0,8,0,0,0,8,0,0,0,0,0,0,0,0,0,0,0,0,28,5,0,0,0,0,0,1,1,1,0,0,0,0,0,17,4,0
/Users/kaiohs/Downloads/codes/lab02-experimentacao-software/data/repos/apache__groovy/benchmark/bench/meteor.java,meteor$Piece,innerclass,1,1,0,1,12,1,0,2,0,0.0,-1.0,-1.0,2,0,0,2,0,0,0,0,0,0,1,0,0,1,0,0,0,0,0,15,1,7,2,0,2,2,16,10,0,8,5,0,0,0,15,10,0
/Users/kaiohs/Downloads/codes/lab02-experimentacao-software/data/repos/apache__groovy/src/main/java/org/codehaus/groovy/vmplugin/v8/IndyGuardsFiltersAndSignatures.java,org.codehaus.groovy.vmplugin.v8.IndyGuardsFiltersAndSignatures,class,18,20,2,18,21,1,0,22,28,1.0,0.0,0.0,8,8,8,0,0,0,9,0,0,0,3,3,0,1,2,0,3,0,28,86,10,2,7,1,2,24,1,38,0,38,2,0,0,0,137,1,0
/Users/kaiohs/Downloads/codes/lab02-experimentacao-software/data/repos/apache__groovy/subprojects/groovy-json/src/main/java/org/apache/groovy/json/internal/ReaderCharacterSource.java,org.apache.groovy.json.internal.ReaderCharacterSource,class,7,9,2,7,47,1,0,17,0,0.66310155,0.0,0.0,17,0,14,3,0,0,14,0,6,0,11,2,0,10,0,1,5,0,21,209,19,3,8,7,2,8,15,50,6,27,4,0,0,0,78,1,0
/Users/kaiohs/Downloads/codes/lab02-experimentacao-software/data/repos/apache__groovy/subprojects/groovy-groovydoc/src/main/java/org/codehaus/groovy/groovydoc/GroovyProgramElementDoc.java,org.codehaus.groovy.groovydoc.GroovyProgramElementDoc,interface,4,11,7,4,12,1,0,0,66,0.0,0.0,0.0,12,0,0,0,0,12,12,0,0,0,0,0,0,0,0,0,0,0,0,14,0,0,0,0,0,0,0,0,0,0,0,0,0,0,19,1,0
/Users/kaiohs/Downloads/codes/lab02-experimentacao-software/data/repos/apache__groovy/src/main/java/org/codehaus/groovy/util/BooleanArrayIterator.java,org.codehaus.groovy.util.BooleanArrayIterator,class,1,2,1,1,6,1,0,1,0,0.375,0.0,0.0,4,0,4,0,0,0,4,0,0,0,2,0,0,2,0,0,1,0,0,21,2,0,0,1,0,1,0,1,0,2,1,0,0,0,30,1,0
/Users/kaiohs/Downloads/codes/lab02-experimentacao-software/data/repos/apache__groovy/src/main/java/org/codehaus/groovy/tools/shell/util/Preferences.java,org.codehaus.groovy.tools.shell.util.Preferences$Anonymous1,anonymous,1,1,0,1,4,1,0,6,0,0.0,NaN,NaN,1,0,1,0,0,0,1,0,0,0,0,0,0,0,0,0,0,0,1,16,0,0,1,1,0,0,0,3,0,1,2,0,0,0,21,-1,0
/Users/kaiohs/Downloads/codes/lab02-experimentacao-software/data/repos/apache__groovy/src/main/java/org/codehaus/groovy/transform/stc/AbstractTypeCheckingExtension.java,org.codehaus.groovy.transform.stc.AbstractTypeCheckingExtension$Anonymous1,anonymous,1,1,0,1,2,1,0,2,0,0.0,NaN,NaN,1,0,1,0,0,0,1,0,0,0,0,0,0,0,0,0,0,0,0,10,2,0,0,1,0,0,0,0,0,0,1,0,0,0,7,-1,0
/Users/kaiohs/Downloads/codes/lab02-experimentacao-software/data/repos/apache__groovy/src/main/java/org/apache/groovy/util/concurrent/concurrentlinkedhashmap/ConcurrentLinkedHashMap.java,org.apache.groovy.util.concurrent.concurrentlinkedhashmap.ConcurrentLinkedHashMap$EntryIterator,innerclass,4,4,0,4,4,1,0,6,0,0.33333334,0.0,0.0,3,0,3,0,0,0,3,0,0,0,2,0,0,0,0,2,1,0,1,16,2,0,1,0,0,0,0,3,0,2,0,0,0,0,20,16,0
/Users/kaiohs/Downloads/codes/lab02-experimentacao-software/data/repos/apache__groovy/subprojects/groovy-sql/src/main/java/groovy/sql/DataSet.java,groovy.sql.DataSet$Anonymous1,anonymous,1,1,0,1,2,1,0,1,0,0.0,NaN,NaN,1,0,1,0,0,0,1,0,0,0,0,0,0,0,0,0,0,0,0,7,0,1,0,0,0,0,0,0,0,0,1,0,0,0,15,-1,0
/Users/kaiohs/Downloads/codes/lab02-experimentacao-software/data/repos/apache__groovy/src/main/java/groovy/transform/stc/FirstParam.java,groovy.transform.stc.FirstParam$FirstGenericType,innerclass,1,1,0,1,1,4,0,0,0,0.0,NaN,NaN,1,0,1,0,0,0,1,0,0,0,0,0,0,0,0,0,0,0,0,5,0,0,0,0,0,0,2,0,0,0,0,0,0,0,33,9,0
/Users/kaiohs/Downloads/codes/lab02-experimentacao-software/data/repos/apache__groovy/src/test/groovy/org/apache/groovy/util/ArraysTest.java,org.apache.groovy.util.ArraysTest,class,1,1,0,1,6,1,0,4,15,0.0,0.0,0.0,6,0,6,0,0,0,6,0,0,0,0,0,0,0,0,0,0,0,0,39,0,0,0,0,0,0,39,15,0,15,0,0,0,0,20,17,0
/Users/kaiohs/Downloads/codes/lab02-experimentacao-software/data/repos/apache__groovy/subprojects/groovy-console/src/main/groovy/groovy/console/ui/SystemOutputInterceptor.java,groovy.console.ui.SystemOutputInterceptor,class,2,2,0,2,14,3,0,9,0,0.5416667,0.0,0.0,8,0,8,0,0,0,8,0,0,0,3,1,0,3,0,0,1,0,5,53,0,0,1,0,0,0,0,5,0,5,1,1,0,0,92,1,0
/Users/kaiohs/Downloads/codes/lab02-experimentacao-software/data/repos/apache__groovy/subprojects/groovy-datetime/src/main/java/org/apache/groovy/datetime/extensions/DateTimeExtensions.java,org.apache.groovy.datetime.extensions.DateTimeExtensions,class,3,5,2,3,204,1,0,220,16822,0.9836956,0.0,0.0,184,183,175,8,0,1,177,0,0,0,2,2,0,2,0,0,2,0,164,663,183,3,3,0,5,16,48,29,30,28,2,0,0,1,373,17,0
/Users/kaiohs/Downloads/codes/lab02-experimentacao-software/data/repos/apache__groovy/src/main/java/org/codehaus/groovy/runtime/callsite/AbstractCallSite.java,org.codehaus.groovy.runtime.callsite.AbstractCallSite,class,26,44,18,26,101,1,12,62,707,0.66013074,0.0,0.0,51,2,42,5,2,2,46,0,9,0,3,0,0,0,3,0,3,0,26,308,81,2,35,2,4,1,3,47,0,33,3,0,0,0,70,1,0
/Users/kaiohs/Downloads/codes/lab02-experimentacao-software/data/repos/apache__groovy/subprojects/groovy-swing/src/main/java/groovy/swing/model/ClosureModel.java,groovy.swing.model.ClosureModel,class,3,4,1,3,12,1,0,2,0,0.5,0.0,0.0,8,0,8,0,0,0,8,0,0,0,4,0,0,4,0,0,4,0,0,42,5,0,4,0,0,0,0,6,0,6,2,0,0,0,32,1,0
/Users/kaiohs/Downloads/codes/lab02-experimentacao-software/data/repos/apache__groovy/src/main/java/org/codehaus/groovy/runtime/dgmimpl/arrays/ShortArrayPutAtMetaMethod.java,org.codehaus.groovy.runtime.dgmimpl.arrays.ShortArrayPutAtMetaMethod,class,12,13,1,12,9,10,0,6,3,0.6666667,0.0,0.0,3,0,3,0,0,0,3,0,1,0,1,1,0,1,0,0,1,0,4,51,4,0,0,0,4,0,5,8,0,5,2,0,1,0,40,1,0
/Users/kaiohs/Downloads/codes/lab02-experimentacao-software/data/repos/apache__groovy/subprojects/performance/src/jmh/groovy/org/apache/groovy/bench/dispatch/CallsiteBench.java,org.apache.groovy.bench.dispatch.CallsiteBench$MonomorphicState,innerclass,2,2,0,2,1,1,0,1,0,0.0,NaN,NaN,1,0,1,0,0,0,1,0,0,0,1,0,0,0,0,1,0,0,1,7,0,0,0,0,0,0,1,1,0,1,0,0,0,0,5,9,0
/Users/kaiohs/Downloads/codes/lab02-experimentacao-software/data/repos/apache__groovy/src/test/groovy/org/codehaus/groovy/classgen/DumpingClassLoader.java,org.codehaus.groovy.classgen.DumpingClassLoader,class,14,14,0,14,2,3,0,0,1,0.64285713,0.0,0.0,2,0,1,0,1,0,2,0,0,0,7,2,0,0,7,0,0,0,0,29,1,0,0,0,0,0,0,7,0,7,0,0,1,0,59,1,0
/Users/kaiohs/Downloads/codes/lab02-experimentacao-software/data/repos/apache__groovy/src/main/java/org/codehaus/groovy/runtime/DefaultGroovyMethods.java,org.codehaus.groovy.runtime.DefaultGroovyMethods$DropRightIterator,innerclass,2,2,0,2,10,1,0,7,0,0.40000004,0.0,0.0,5,0,3,2,0,0,3,0,0,0,4,0,0,4,0,0,2,0,0,33,2,1,0,0,0,0,0,5,0,5,2,0,0,0,18,26,0
/Users/kaiohs/Downloads/codes/lab02-experimentacao-software/data/repos/apache__groovy/src/main/java/org/codehaus/groovy/classgen/Verifier.java,org.codehaus.groovy.classgen.Verifier$DefaultArgsAction,interface,3,3,0,3,1,1,0,0,0,0.0,NaN,NaN,1,0,0,0,0,1,1,0,0,0,0,0,0,0,0,0,0,0,0,3,0,0,0,0,0,0,0,0,0,0,0,0,0,0,10,1,0
/Users/kaiohs/Downloads/codes/lab02-experimentacao-software/data/repos/apache__groovy/subprojects/groovy-xml/src/main/java/groovy/xml/dom/DOMCategory.java,groovy.xml.dom.DOMCategory,class,15,17,2,15,126,1,0,92,1481,0.96363634,0.0,0.0,55,55,39,16,0,0,39,0,0,4,2,2,0,2,0,0,0,0,50,433,65,13,17,2,3,26,19,67,7,55,3,0,2,0,166,1,0
/Users/kaiohs/Downloads/codes/lab02-experimentacao-software/data/repos/apache__groovy/subprojects/groovy-groovydoc/src/main/java/org/codehaus/groovy/tools/groovydoc/GroovyDocTemplateEngine.java,org.codehaus.groovy.tools.groovydoc.GroovyDocTemplateEngine,class,11,14,3,11,19,1,0,25,7,0.68999994,0.0,0.0,10,1,3,1,0,6,9,0,0,0,10,1,0,10,0,0,10,0,7,115,7,0,3,4,1,17,2,29,0,22,2,0,0,0,63,1,0
/Users/kaiohs/Downloads/codes/lab02-experimentacao-software/data/repos/apache__groovy/src/main/java/groovy/transform/DefaultsMode.java,groovy.transform.DefaultsMode,enum,0,0,0,0,0,1,0,0,0,0.0,-1.0,-1.0,0,0,0,0,0,0,0,0,0,0,0,0,0,0,0,0,0,0,0,4,0,0,0,0,0,0,0,0,0,0,0,0,0,0,63,1,0
/Users/kaiohs/Downloads/codes/lab02-experimentacao-software/data/repos/apache__groovy/src/main/java/org/codehaus/groovy/transform/stc/TraitTypeCheckingExtension.java,org.codehaus.groovy.transform.stc.TraitTypeCheckingExtension,class,14,15,1,14,25,3,0,38,3,0.0,0.0,0.0,3,0,3,0,0,0,3,0,0,0,0,0,0,0,0,0,0,0,15,71,6,3,8,0,0,3,12,24,4,21,6,0,0,1,66,1,0
/Users/kaiohs/Downloads/codes/lab02-experimentacao-software/data/repos/apache__groovy/src/main/java/org/codehaus/groovy/runtime/DefaultGroovyMethods.java,org.codehaus.groovy.runtime.DefaultGroovyMethods$CollectEntriesIterator,innerclass,5,5,0,5,4,1,0,4,0,0.375,0.0,0.0,4,0,3,1,0,0,3,0,0,0,2,0,0,2,0,0,2,0,1,17,2,0,0,0,0,1,0,2,0,2,0,0,0,0,14,26,0
/Users/kaiohs/Downloads/codes/lab02-experimentacao-software/data/repos/apache__groovy/src/main/java/org/codehaus/groovy/ast/expr/BinaryExpression.java,org.codehaus.groovy.ast.expr.BinaryExpression,class,8,15,7,8,18,3,1,10,17,0.5833334,0.0,0.0,15,2,15,0,0,0,15,0,0,0,4,0,0,4,0,0,1,0,1,67,10,0,2,0,1,10,0,13,3,9,1,0,0,0,57,1,0
/Users/kaiohs/Downloads/codes/lab02-experimentacao-software/data/repos/apache__groovy/subprojects/groovy-contracts/src/main/java/org/apache/groovy/contracts/common/impl/lc/PostconditionLifecycle.java,org.apache.groovy.contracts.common.impl.lc.PostconditionLifecycle,class,7,8,1,7,7,2,0,7,6,0.0,0.0,0.0,4,0,3,1,0,0,3,0,0,0,0,0,0,0,0,0,0,0,1,19,3,0,0,0,0,0,0,2,0,2,1,0,0,0,21,1,0
/Users/kaiohs/Downloads/codes/lab02-experimentacao-software/data/repos/apache__groovy/benchmark/bench/lists.java,lists,class,1,2,1,1,9,1,0,13,1,0.5,0.0,0.0,2,2,2,0,0,0,2,0,0,0,1,1,0,0,0,1,0,0,2,42,3,5,1,0,4,4,9,12,3,10,1,0,0,0,20,1,0
/Users/kaiohs/Downloads/codes/lab02-experimentacao-software/data/repos/apache__groovy/subprojects/groovy-contracts/src/main/java/org/apache/groovy/contracts/ast/GContractsASTTransformation.java,org.apache.groovy.contracts.ast.GContractsASTTransformation,class,14,14,0,14,3,2,0,11,0,0.0,NaN,NaN,1,0,1,0,0,0,1,0,0,0,0,0,0,0,0,0,0,0,0,16,0,1,0,0,0,0,0,4,0,4,2,0,0,0,60,1,0
/Users/kaiohs/Downloads/codes/lab02-experimentacao-software/data/repos/apache__groovy/subprojects/performance/src/jmh/groovy/org/apache/groovy/bench/AckermannBench.java,org.apache.groovy.bench.AckermannBench$JavaAckermann,innerclass,1,1,0,1,3,1,0,1,0,0.0,NaN,NaN,1,1,0,0,0,1,1,0,0,0,0,0,0,0,0,0,0,0,3,7,3,0,2,0,0,0,7,0,4,0,1,0,0,0,5,10,0
/Users/kaiohs/Downloads/codes/lab02-experimentacao-software/data/repos/apache__groovy/src/test/groovy/gls/ch06/s05/JName1Test.java,gls.ch06.s05.JName1Test$Anonymous20,anonymous,0,0,0,0,1,1,0,0,0,0.0,NaN,NaN,1,0,1,0,0,0,1,0,0,0,0,0,0,0,0,0,0,0,0,5,1,0,0,0,0,1,0,0,0,0,0,0,0,0,4,-1,0
/Users/kaiohs/Downloads/codes/lab02-experimentacao-software/data/repos/apache__groovy/src/main/java/org/codehaus/groovy/control/ConfigurationException.java,org.codehaus.groovy.control.ConfigurationException,class,1,2,1,1,5,4,0,1,8,0.8,0.0,0.0,5,0,5,0,0,0,5,0,0,0,2,1,0,1,1,0,1,0,0,19,2,0,0,0,0,0,1,2,0,2,0,0,0,0,37,1,0
/Users/kaiohs/Downloads/codes/lab02-experimentacao-software/data/repos/apache__groovy/subprojects/groovy-servlet/src/main/java/groovy/servlet/ServletBinding.java,groovy.servlet.ServletBinding$ServletOutput$Anonymous2,anonymous,3,3,0,3,10,1,0,11,45,0.0,0.0,0.0,10,0,10,0,0,0,10,0,0,0,0,0,0,0,0,0,0,0,0,34,3,0,0,0,0,0,0,0,0,0,0,0,0,0,16,-1,0
/Users/kaiohs/Downloads/codes/lab02-experimentacao-software/data/repos/apache__groovy/src/main/java/org/codehaus/groovy/runtime/dgmimpl/NumberNumberPlus.java,org.codehaus.groovy.runtime.dgmimpl.NumberNumberPlus$DoubleDouble,innerclass,5,5,0,5,4,7,0,2,1,0.0,0.0,0.0,2,0,2,0,0,0,2,0,1,0,0,0,0,0,0,0,0,0,0,15,2,0,0,1,0,0,1,0,1,0,2,0,0,0,18,10,0
/Users/kaiohs/Downloads/codes/lab02-experimentacao-software/data/repos/apache__groovy/subprojects/groovy-servlet/src/main/java/groovy/servlet/ServletBinding.java,groovy.servlet.ServletBinding$ServletOutput$Anonymous1,anonymous,3,3,0,3,9,1,0,6,21,0.0,0.0,0.0,7,0,7,0,0,0,7,0,0,0,0,0,0,0,0,0,0,0,0,33,1,0,0,2,0,0,0,0,0,0,1,0,0,0,18,-1,0
/Users/kaiohs/Downloads/codes/lab02-experimentacao-software/data/repos/apache__groovy/src/main/java/org/codehaus/groovy/tools/shell/IO.java,org.codehaus.groovy.tools.shell.IO$Verbosity,innerclass,1,1,0,1,8,1,0,1,0,0.53333336,0.0,0.0,3,1,2,1,0,0,2,0,0,0,5,4,5,0,0,0,5,0,0,29,5,0,1,0,0,5,0,5,1,5,1,0,0,0,27,25,0
/Users/kaiohs/Downloads/codes/lab02-experimentacao-software/data/repos/apache__groovy/src/main/java/org/codehaus/groovy/transform/LogASTTransformation.java,org.codehaus.groovy.transform.LogASTTransformation$LoggingStrategyV2,interface,3,3,0,3,1,1,0,0,0,0.0,NaN,NaN,1,0,0,0,0,1,1,0,0,0,0,0,0,0,0,0,0,0,0,3,0,0,0,0,0,0,0,0,0,0,0,0,0,0,59,1,0
/Users/kaiohs/Downloads/codes/lab02-experimentacao-software/data/repos/apache__groovy/src/main/java/org/codehaus/groovy/runtime/ReverseListIterator.java,org.codehaus.groovy.runtime.ReverseListIterator,class,1,2,1,1,4,1,0,5,0,0.0,0.0,0.0,4,0,4,0,0,0,4,0,0,0,1,0,0,1,0,0,1,0,0,15,2,0,0,0,0,0,0,1,0,1,0,0,0,0,41,1,0
/Users/kaiohs/Downloads/codes/lab02-experimentacao-software/data/repos/apache__groovy/src/test/groovy/org/codehaus/groovy/control/messages/SyntaxErrorMessageTest.java,org.codehaus.groovy.control.messages.SyntaxErrorMessageTest,class,5,6,1,5,2,2,0,7,1,0.0,NaN,NaN,2,0,1,1,0,0,1,0,0,0,0,0,0,0,0,0,0,0,3,13,1,0,0,0,0,2,2,3,1,3,0,0,0,0,25,1,0
/Users/kaiohs/Downloads/codes/lab02-experimentacao-software/data/repos/apache__groovy/src/main/java/org/codehaus/groovy/ast/stmt/Statement.java,org.codehaus.groovy.ast.stmt.Statement,class,3,36,33,3,13,2,17,14,16,0.625,0.0,0.0,8,0,8,0,0,0,8,0,0,0,2,1,0,2,0,0,1,0,5,38,4,0,5,0,0,3,1,5,0,5,1,0,0,1,65,1,0
/Users/kaiohs/Downloads/codes/lab02-experimentacao-software/data/repos/apache__groovy/src/main/java/groovy/ui/GroovySocketServer.java,groovy.ui.GroovySocketServer$GroovyClientConnection,innerclass,1,1,0,1,8,1,0,14,0,0.0,0.0,0.0,2,0,1,0,0,1,2,0,0,0,5,0,0,5,0,0,0,0,0,56,0,1,2,3,1,7,0,8,1,7,5,0,0,0,32,8,0
/Users/kaiohs/Downloads/codes/lab02-experimentacao-software/data/repos/apache__groovy/src/main/java/org/codehaus/groovy/classgen/asm/OptimizingStatementWriter.java,org.codehaus.groovy.classgen.asm.OptimizingStatementWriter$ClassNodeSkip,innerclass,0,0,0,0,0,1,0,0,0,0.0,-1.0,-1.0,0,0,0,0,0,0,0,0,0,0,0,0,0,0,0,0,0,0,0,2,0,0,0,0,0,0,0,0,0,0,0,0,0,0,3,9,0
/Users/kaiohs/Downloads/codes/lab02-experimentacao-software/data/repos/apache__groovy/src/main/java/org/apache/groovy/parser/antlr4/AstBuilder.java,org.apache.groovy.parser.antlr4.AstBuilder$DeclarationListStatement,innerclass,3,3,0,3,6,2,0,10,0,0.25,0.0,0.0,4,0,4,0,0,0,4,0,0,0,1,0,0,1,0,0,1,0,3,25,2,0,2,0,0,0,0,2,0,5,3,0,0,3,16,10,0
/Users/kaiohs/Downloads/codes/lab02-experimentacao-software/data/repos/apache__groovy/src/main/java/org/codehaus/groovy/runtime/dgmimpl/NumberNumberMultiply.java,org.codehaus.groovy.runtime.dgmimpl.NumberNumberMultiply$FloatDouble,innerclass,5,5,0,5,4,7,0,3,1,0.0,0.0,0.0,2,0,2,0,0,0,2,0,1,0,0,0,0,0,0,0,0,0,0,15,2,0,0,1,1,0,1,0,1,0,2,0,0,0,19,10,0
/Users/kaiohs/Downloads/codes/lab02-experimentacao-software/data/repos/apache__groovy/subprojects/groovy-groovydoc/src/main/java/org/codehaus/groovy/groovydoc/GroovyFieldDoc.java,org.codehaus.groovy.groovydoc.GroovyFieldDoc,interface,2,7,5,2,5,1,0,0,10,0.0,0.0,0.0,5,0,0,0,0,5,5,0,0,0,0,0,0,0,0,0,0,0,0,7,0,0,0,0,0,0,0,0,0,0,0,0,0,0,13,1,0
/Users/kaiohs/Downloads/codes/lab02-experimentacao-software/data/repos/apache__groovy/src/main/java/org/codehaus/groovy/runtime/dgmimpl/NumberNumberMinus.java,org.codehaus.groovy.runtime.dgmimpl.NumberNumberMinus$DoubleLong,innerclass,5,5,0,5,4,7,0,3,1,0.0,0.0,0.0,2,0,2,0,0,0,2,0,1,0,0,0,0,0,0,0,0,0,0,15,2,0,0,1,1,0,1,0,1,0,2,0,0,0,19,10,0
/Users/kaiohs/Downloads/codes/lab02-experimentacao-software/data/repos/apache__groovy/src/main/java/org/codehaus/groovy/runtime/dgmimpl/NumberNumberMinus.java,org.codehaus.groovy.runtime.dgmimpl.NumberNumberMinus$DoubleDouble,innerclass,5,5,0,5,4,7,0,2,1,0.0,0.0,0.0,2,0,2,0,0,0,2,0,1,0,0,0,0,0,0,0,0,0,0,15,2,0,0,1,0,0,1,0,1,0,2,0,0,0,18,10,0
/Users/kaiohs/Downloads/codes/lab02-experimentacao-software/data/repos/apache__groovy/src/main/java/org/apache/groovy/parser/antlr4/internal/atnmanager/AtnManager.java,org.apache.groovy.parser.antlr4.internal.atnmanager.AtnManager$AtnWrapperSoftReference,innerclass,2,2,0,2,2,3,0,0,0,0.0,0.0,0.0,2,0,2,0,0,0,2,0,0,0,1,0,0,1,0,0,1,0,0,10,1,0,0,0,0,0,0,1,0,1,0,0,0,0,8,10,0
/Users/kaiohs/Downloads/codes/lab02-experimentacao-software/data/repos/apache__groovy/subprojects/groovy-json/src/main/java/groovy/json/JsonToken.java,groovy.json.JsonToken,class,2,5,3,2,27,1,0,7,37,0.81428576,0.0,0.0,14,0,14,0,0,0,14,0,0,0,10,4,0,10,0,0,4,0,4,90,16,0,6,0,0,13,7,11,3,11,3,0,0,0,67,1,0
/Users/kaiohs/Downloads/codes/lab02-experimentacao-software/data/repos/apache__groovy/src/main/java/org/codehaus/groovy/reflection/GroovyClassValue.java,org.codehaus.groovy.reflection.GroovyClassValue$ComputeValue,interface,1,1,0,1,1,1,0,0,0,0.0,NaN,NaN,1,0,0,0,0,1,1,0,0,0,0,0,0,0,0,0,0,0,0,3,0,0,0,0,0,0,0,0,0,0,0,0,0,0,4,0,0
/Users/kaiohs/Downloads/codes/lab02-experimentacao-software/data/repos/apache__groovy/src/main/java/org/codehaus/groovy/transform/BuilderASTTransformation.java,org.codehaus.groovy.transform.BuilderASTTransformation$AbstractBuilderStrategy,innerclass,10,10,0,10,49,1,0,49,66,0.0,0.0,0.0,12,3,0,0,12,0,12,0,0,0,0,0,0,0,0,0,0,0,13,136,15,6,11,1,0,17,5,16,5,14,4,0,1,0,89,1033,0
/Users/kaiohs/Downloads/codes/lab02-experimentacao-software/data/repos/apache__groovy/subprojects/groovy-swing/src/main/groovy/groovy/swing/impl/TableLayoutRow.java,groovy.swing.impl.TableLayoutRow,class,2,3,1,2,6,1,0,5,0,0.5,0.0,0.0,4,0,4,0,0,0,4,0,0,0,3,0,0,3,0,0,2,0,0,27,1,2,0,0,0,0,1,8,0,5,1,0,0,0,32,1,0
/Users/kaiohs/Downloads/codes/lab02-experimentacao-software/data/repos/apache__groovy/src/main/java/groovy/util/ObjectGraphBuilder.java,groovy.util.ObjectGraphBuilder$ReferenceResolver,interface,0,0,0,0,1,1,0,0,0,0.0,NaN,NaN,1,0,0,0,0,1,1,0,0,0,0,0,0,0,0,0,0,0,0,3,0,0,0,0,0,0,0,0,0,0,0,0,0,0,19,1,0
/Users/kaiohs/Downloads/codes/lab02-experimentacao-software/data/repos/apache__groovy/src/main/java/org/codehaus/groovy/util/IntArrayIterable.java,org.codehaus.groovy.util.IntArrayIterable,class,2,3,1,2,2,1,0,0,0,0.0,0.0,0.0,2,0,2,0,0,0,2,0,0,0,1,0,0,1,0,0,1,0,0,9,1,0,0,0,0,0,0,1,0,1,0,0,0,0,13,1,0
/Users/kaiohs/Downloads/codes/lab02-experimentacao-software/data/repos/apache__groovy/src/main/java/org/codehaus/groovy/antlr/EnumHelper.java,org.codehaus.groovy.antlr.EnumHelper,class,6,6,0,6,5,1,0,6,1,0.0,0.0,0.0,2,2,2,0,0,0,2,0,0,0,0,0,0,0,0,0,0,0,0,26,2,0,2,0,1,1,0,7,1,5,1,0,0,0,21,1,0
/Users/kaiohs/Downloads/codes/lab02-experimentacao-software/data/repos/apache__groovy/src/main/java/org/codehaus/groovy/transform/ExternalizeVerifierASTTransformation.java,org.codehaus.groovy.transform.ExternalizeVerifierASTTransformation,class,12,13,1,12,21,2,0,23,4,0.75,NaN,NaN,4,2,1,3,0,0,1,0,0,0,5,5,0,2,0,3,5,0,9,49,4,1,3,0,2,12,4,12,5,12,2,0,0,0,95,1,0
/Users/kaiohs/Downloads/codes/lab02-experimentacao-software/data/repos/apache__groovy/subprojects/performance/src/jmh/groovy/org/apache/groovy/bench/GeneratedHashCodeBench.java,org.apache.groovy.bench.GeneratedHashCodeBench,class,7,7,0,7,1,1,0,1,0,0.0,NaN,NaN,1,0,1,0,0,0,1,0,0,0,0,0,0,0,0,0,0,0,0,5,1,0,0,0,0,0,5,0,0,0,0,0,0,0,12,1,0
/Users/kaiohs/Downloads/codes/lab02-experimentacao-software/data/repos/apache__groovy/src/main/java/org/codehaus/groovy/transform/trait/NAryOperationRewriter.java,org.codehaus.groovy.transform.trait.NAryOperationRewriter,class,14,16,2,14,18,2,0,24,7,0.5714286,0.0,0.0,7,0,2,4,1,0,3,0,0,0,2,0,0,2,0,0,2,0,3,69,14,0,1,0,4,3,4,9,0,9,2,0,0,0,59,0,0
/Users/kaiohs/Downloads/codes/lab02-experimentacao-software/data/repos/apache__groovy/src/main/java/org/codehaus/groovy/ast/stmt/ContinueStatement.java,org.codehaus.groovy.ast.stmt.ContinueStatement,class,2,5,3,2,4,3,0,1,4,0.5,0.0,0.0,4,0,4,0,0,0,4,0,0,0,1,0,0,1,0,0,0,0,0,15,1,0,0,0,0,0,0,1,0,1,0,0,0,0,16,1,0
/Users/kaiohs/Downloads/codes/lab02-experimentacao-software/data/repos/apache__groovy/src/main/java/org/apache/groovy/util/concurrent/ConcurrentReferenceHashMap.java,org.apache.groovy.util.concurrent.ConcurrentReferenceHashMap$HashEntry,innerclass,9,9,0,9,14,1,0,5,12,0.6875,0.0,0.0,8,1,0,0,0,8,8,0,7,0,4,0,0,0,0,4,3,0,0,51,12,0,4,0,2,3,0,5,0,4,1,0,0,0,71,26,0
/Users/kaiohs/Downloads/codes/lab02-experimentacao-software/data/repos/apache__groovy/subprojects/groovy-templates/src/main/groovy/groovy/text/markup/TemplateASTTransformer.java,groovy.text.markup.TemplateASTTransformer,class,17,19,2,17,6,2,0,16,0,0.5,0.0,0.0,4,0,1,2,0,1,2,0,0,0,2,1,0,2,0,0,2,0,0,34,0,1,0,0,0,5,0,10,0,10,1,0,0,0,82,0,0
/Users/kaiohs/Downloads/codes/lab02-experimentacao-software/data/repos/apache__groovy/src/main/java/groovy/beans/PropertyAccessor.java,groovy.beans.PropertyAccessor,interface,2,3,1,2,0,1,0,0,0,0.0,-1.0,-1.0,0,0,0,0,0,0,0,0,0,0,0,0,0,0,0,0,0,0,0,2,0,0,0,0,0,0,0,0,0,0,0,0,0,0,3,1,0
/Users/kaiohs/Downloads/codes/lab02-experimentacao-software/data/repos/apache__groovy/src/main/java/org/codehaus/groovy/transform/stc/StaticTypeCheckingSupport.java,org.codehaus.groovy.transform.stc.StaticTypeCheckingSupport$ObjectArrayStaticTypesHelper,innerclass,2,2,0,2,2,1,0,2,1,0.0,0.0,0.0,2,2,2,0,0,0,2,0,0,0,0,0,0,0,0,0,0,0,0,9,1,0,0,0,0,1,0,1,0,1,0,0,0,0,28,9,0
/Users/kaiohs/Downloads/codes/lab02-experimentacao-software/data/repos/apache__groovy/subprojects/groovy-ginq/src/main/groovy/org/apache/groovy/ginq/dsl/GinqAstBaseVisitor.java,org.apache.groovy.ginq.dsl.GinqAstBaseVisitor,class,17,19,2,17,18,2,0,19,66,0.0,0.0,0.0,12,0,12,0,0,0,12,0,0,0,0,0,0,0,0,0,0,0,0,74,13,1,5,0,2,0,0,4,0,4,1,0,0,0,43,1,0
/Users/kaiohs/Downloads/codes/lab02-experimentacao-software/data/repos/apache__groovy/src/main/java/org/codehaus/groovy/classgen/asm/sc/StaticTypesTypeChooser.java,org.codehaus.groovy.classgen.asm.sc.StaticTypesTypeChooser,class,7,13,6,7,12,2,0,8,1,0.0,NaN,NaN,2,1,1,1,0,0,1,0,0,0,0,0,0,0,0,0,0,0,2,32,4,1,4,0,2,1,0,7,0,4,2,0,0,0,54,1,0
/Users/kaiohs/Downloads/codes/lab02-experimentacao-software/data/repos/apache__groovy/src/main/java/groovy/util/ObservableMap.java,groovy.util.ObservableMap$PropertyUpdatedEvent,innerclass,1,1,0,1,1,3,0,0,0,1.0,NaN,NaN,1,0,1,0,0,0,1,0,0,0,1,1,0,1,0,0,1,0,0,6,0,0,0,0,0,0,1,1,0,1,0,0,0,0,13,9,0
/Users/kaiohs/Downloads/codes/lab02-experimentacao-software/data/repos/apache__groovy/subprojects/groovy-ginq/src/main/groovy/org/apache/groovy/ginq/provider/collection/runtime/QueryableCollection.java,org.apache.groovy.ginq.provider.collection.runtime.QueryableCollection,class,26,32,6,26,118,4,0,168,1485,0.9818182,0.0,0.0,55,9,40,11,2,2,44,0,1,0,14,6,0,14,0,0,12,0,67,500,90,1,31,7,14,9,39,92,6,134,5,0,4,50,201,0,0
/Users/kaiohs/Downloads/codes/lab02-experimentacao-software/data/repos/apache__groovy/subprojects/groovy-swing/src/main/java/org/apache/groovy/swing/binding/TriggerBinding.java,org.apache.groovy.swing.binding.TriggerBinding,interface,3,17,14,3,1,1,0,0,0,0.0,NaN,NaN,1,0,0,0,0,1,1,0,0,0,0,0,0,0,0,0,0,0,0,3,0,0,0,0,0,0,0,0,0,0,0,0,0,0,8,1,0
/Users/kaiohs/Downloads/codes/lab02-experimentacao-software/data/repos/apache__groovy/src/main/java/org/codehaus/groovy/classgen/FinalVariableAnalyzer.java,org.codehaus.groovy.classgen.FinalVariableAnalyzer$StateMap,innerclass,3,3,0,3,2,3,0,3,1,1.0,0.0,0.0,2,0,2,0,0,0,2,0,0,0,1,1,0,1,0,0,1,0,2,9,2,0,0,0,0,0,1,1,0,1,0,0,0,0,16,10,0
/Users/kaiohs/Downloads/codes/lab02-experimentacao-software/data/repos/apache__groovy/subprojects/groovy-templates/src/main/groovy/groovy/text/StreamingTemplateEngine.java,groovy.text.StreamingTemplateEngine,class,3,3,0,3,3,2,0,2,1,0.8333333,0.0,0.0,3,0,3,0,0,0,3,0,0,0,4,3,0,4,0,0,4,0,0,446,1,0,0,0,0,2,1,4,0,4,0,0,1,0,269,1,0
/Users/kaiohs/Downloads/codes/lab02-experimentacao-software/data/repos/apache__groovy/subprojects/groovy-xml/src/main/java/groovy/xml/FactorySupport.java,groovy.xml.FactorySupport,class,1,3,2,1,5,1,0,2,3,0.0,0.0,0.0,3,3,2,0,0,1,3,0,0,0,0,0,0,0,0,0,0,0,2,19,3,0,0,1,0,0,0,0,0,0,1,0,0,0,22,1,0
/Users/kaiohs/Downloads/codes/lab02-experimentacao-software/data/repos/apache__groovy/subprojects/groovy-contracts/src/main/java/org/apache/groovy/contracts/generation/ContractExecutionTracker.java,org.apache.groovy.contracts.generation.ContractExecutionTracker$ContractExecutionThreadLocal,innerclass,1,1,0,1,1,2,0,0,0,0.0,NaN,NaN,1,0,0,0,1,0,1,0,0,0,0,0,0,0,0,0,0,0,0,5,1,0,0,0,0,0,0,0,0,0,0,0,0,0,6,8,0
/Users/kaiohs/Downloads/codes/lab02-experimentacao-software/data/repos/apache__groovy/src/main/java/org/codehaus/groovy/runtime/typehandling/BigDecimalMath.java,org.codehaus.groovy.runtime.typehandling.BigDecimalMath,class,2,7,5,2,14,2,0,16,55,0.939394,0.0,0.0,11,0,10,1,0,0,10,0,0,0,3,3,3,0,0,0,3,0,20,51,11,0,0,1,0,2,3,12,1,11,2,0,0,0,51,17,0
/Users/kaiohs/Downloads/codes/lab02-experimentacao-software/data/repos/apache__groovy/src/main/java/org/codehaus/groovy/vmplugin/v17/Java17.java,org.codehaus.groovy.vmplugin.v17.Java17,class,1,1,0,1,1,5,0,0,0,0.0,NaN,NaN,1,0,1,0,0,0,1,0,0,0,0,0,0,0,0,0,0,0,0,5,1,0,0,0,0,1,1,0,0,0,0,0,0,0,33,1,0
/Users/kaiohs/Downloads/codes/lab02-experimentacao-software/data/repos/apache__groovy/subprojects/groovy-templates/src/main/groovy/groovy/text/markup/BaseTemplate.java,groovy.text.markup.BaseTemplate,class,10,14,4,10,60,1,1,55,31,0.8,0.0,0.0,30,0,22,8,0,0,22,1,0,0,8,1,0,8,0,0,6,0,1,293,24,2,10,2,9,20,2,36,0,31,3,1,1,0,301,1025,0
/Users/kaiohs/Downloads/codes/lab02-experimentacao-software/data/repos/apache__groovy/src/main/java/org/apache/groovy/util/concurrent/concurrentlinkedhashmap/Weighers.java,org.apache.groovy.util.concurrent.concurrentlinkedhashmap.Weighers$CollectionWeigher,enum,1,1,0,1,1,1,0,1,0,0.0,NaN,NaN,1,0,1,0,0,0,1,0,0,0,0,0,0,0,0,0,0,0,0,4,1,0,0,0,0,0,0,0,0,0,0,0,0,0,13,0,0
/Users/kaiohs/Downloads/codes/lab02-experimentacao-software/data/repos/apache__groovy/src/test/groovy/bugs/Groovy3560Helper.java,bugs.Groovy3560Helper,class,1,1,0,1,2,1,0,0,1,0.0,0.0,0.0,2,2,2,0,0,0,2,0,0,0,0,0,0,0,0,0,0,0,0,8,2,0,0,0,0,0,0,0,0,0,0,0,0,0,5,1,0
/Users/kaiohs/Downloads/codes/lab02-experimentacao-software/data/repos/apache__groovy/src/test/groovy/gls/ch06/s05/JName1Test.java,gls.ch06.s05.JName1Test$Anonymous8,anonymous,0,0,0,0,1,1,0,0,0,0.0,NaN,NaN,1,0,1,0,0,0,1,0,0,0,0,0,0,0,0,0,0,0,0,5,1,0,0,0,0,1,0,0,0,0,0,0,0,0,4,-1,0
/Users/kaiohs/Downloads/codes/lab02-experimentacao-software/data/repos/apache__groovy/subprojects/groovy-console/src/main/groovy/groovy/console/ui/ConsoleTextEditor.java,groovy.console.ui.ConsoleTextEditor$PrintAction,innerclass,0,0,0,0,4,2,0,5,1,0.0,0.0,0.0,2,0,1,0,0,1,2,0,0,0,0,0,0,0,0,0,0,0,0,16,0,0,0,1,0,0,0,0,0,0,2,0,0,0,14,2,0
/Users/kaiohs/Downloads/codes/lab02-experimentacao-software/data/repos/apache__groovy/src/test/groovy/gls/ch06/s05/JName1Test.java,gls.ch06.s05.JName1Test$Anonymous9,anonymous,0,0,0,0,1,1,0,0,0,0.0,NaN,NaN,1,0,1,0,0,0,1,0,0,0,0,0,0,0,0,0,0,0,0,5,1,0,0,0,0,1,0,0,0,0,0,0,0,0,4,-1,0
/Users/kaiohs/Downloads/codes/lab02-experimentacao-software/data/repos/apache__groovy/subprojects/groovy-contracts/src/main/java/org/apache/groovy/contracts/ast/visitor/LifecycleAfterTransformationVisitor.java,org.apache.groovy.contracts.ast.visitor.LifecycleAfterTransformationVisitor,class,9,10,1,9,5,3,0,10,0,0.0,0.0,0.0,2,0,2,0,0,0,2,0,0,0,1,0,0,1,0,0,1,0,2,22,0,3,0,0,0,0,0,3,0,3,2,0,0,0,36,1,0
/Users/kaiohs/Downloads/codes/lab02-experimentacao-software/data/repos/apache__groovy/subprojects/groovy-contracts/src/main/java/org/apache/groovy/contracts/domain/Assertion.java,org.apache.groovy.contracts.domain.Assertion,class,5,15,10,5,7,1,0,8,0,0.42857143,0.0,0.0,7,0,7,0,0,0,7,0,0,0,2,0,0,2,0,0,0,0,4,34,2,0,0,0,0,0,0,6,0,4,0,0,0,0,20,1025,0
/Users/kaiohs/Downloads/codes/lab02-experimentacao-software/data/repos/apache__groovy/src/test/groovy/org/codehaus/groovy/tools/FileSystemCompilerTest.java,org.codehaus.groovy.tools.FileSystemCompilerTest,class,4,5,1,4,6,2,0,14,4,0.625,0.0,0.0,4,0,2,0,2,0,4,0,0,0,2,0,0,0,0,2,1,0,0,44,0,1,0,1,0,16,1,11,2,10,1,0,0,0,54,1,0
/Users/kaiohs/Downloads/codes/lab02-experimentacao-software/data/repos/apache__groovy/src/test/groovy/gls/ch06/s05/JName1Test.java,gls.ch06.s05.JName1Test$Anonymous2,anonymous,0,0,0,0,1,1,0,0,0,0.0,NaN,NaN,1,0,1,0,0,0,1,0,0,0,0,0,0,0,0,0,0,0,0,5,1,0,0,0,0,1,0,0,0,0,0,0,0,0,4,-1,0
/Users/kaiohs/Downloads/codes/lab02-experimentacao-software/data/repos/apache__groovy/src/main/java/org/codehaus/groovy/transform/stc/StaticTypeCheckingSupport.java,org.codehaus.groovy.transform.stc.StaticTypeCheckingSupport$CharArrayStaticTypesHelper,innerclass,1,1,0,1,4,1,0,2,3,0.0,0.0,0.0,3,3,3,0,0,0,3,0,0,0,0,0,0,0,0,0,0,0,0,11,2,0,1,0,0,1,0,0,0,0,0,0,0,0,14,9,0
/Users/kaiohs/Downloads/codes/lab02-experimentacao-software/data/repos/apache__groovy/src/test/groovy/gls/ch06/s05/JName1Test.java,gls.ch06.s05.JName1Test$Anonymous3,anonymous,0,0,0,0,1,1,0,0,0,0.0,NaN,NaN,1,0,1,0,0,0,1,0,0,0,0,0,0,0,0,0,0,0,0,5,1,0,0,0,0,1,0,0,0,0,0,0,0,0,4,-1,0
/Users/kaiohs/Downloads/codes/lab02-experimentacao-software/data/repos/apache__groovy/src/main/java/org/codehaus/groovy/runtime/metaclass/DefaultMetaClassInfo.java,org.codehaus.groovy.runtime.metaclass.DefaultMetaClassInfo$ConstantMetaClassVersioning,innerclass,0,0,0,0,1,1,0,0,0,0.0,NaN,NaN,1,0,1,0,0,0,1,0,0,0,1,0,0,1,0,0,0,0,0,6,1,0,0,0,0,0,0,1,0,1,0,0,0,0,8,9,0
/Users/kaiohs/Downloads/codes/lab02-experimentacao-software/data/repos/apache__groovy/subprojects/groovy-contracts/src/main/java/org/apache/groovy/contracts/common/spi/ProcessingContextInformation.java,org.apache.groovy.contracts.common.spi.ProcessingContextInformation,class,9,24,15,9,12,1,0,8,50,0.84375,0.0,0.0,12,0,12,0,0,0,12,0,0,0,8,0,0,8,0,0,4,0,3,54,8,0,0,0,0,0,0,12,1,11,0,0,0,0,62,1,0
/Users/kaiohs/Downloads/codes/lab02-experimentacao-software/data/repos/apache__groovy/src/test/groovy/gls/ch06/s05/JName1Test.java,gls.ch06.s05.JName1Test$Anonymous1,anonymous,0,0,0,0,0,1,0,0,0,0.0,-1.0,-1.0,0,0,0,0,0,0,0,0,0,0,0,0,0,0,0,0,0,0,0,2,0,0,0,0,0,0,0,0,0,0,0,0,0,0,0,-1,0
/Users/kaiohs/Downloads/codes/lab02-experimentacao-software/data/repos/apache__groovy/subprojects/groovy-json/src/main/java/org/apache/groovy/json/internal/BaseJsonParser.java,org.apache.groovy.json.internal.BaseJsonParser,class,10,16,6,10,41,1,2,19,106,0.9663867,0.0,0.0,17,7,9,0,8,0,18,0,3,0,28,24,0,2,25,1,24,0,11,155,20,2,10,3,1,9,5,45,3,33,3,0,0,0,104,1025,0
/Users/kaiohs/Downloads/codes/lab02-experimentacao-software/data/repos/apache__groovy/src/test/groovy/gls/ch06/s05/JName1Test.java,gls.ch06.s05.JName1Test$Anonymous6,anonymous,0,0,0,0,0,1,0,0,0,0.0,-1.0,-1.0,0,0,0,0,0,0,0,0,0,0,0,0,0,0,0,0,0,0,0,2,0,0,0,0,0,0,0,0,0,0,0,0,0,0,0,-1,0
/Users/kaiohs/Downloads/codes/lab02-experimentacao-software/data/repos/apache__groovy/src/test/groovy/gls/ch06/s05/JName1Test.java,gls.ch06.s05.JName1Test$Anonymous7,anonymous,0,0,0,0,1,1,0,0,0,0.0,NaN,NaN,1,0,1,0,0,0,1,0,0,0,0,0,0,0,0,0,0,0,0,5,1,0,0,0,0,1,0,0,0,0,0,0,0,0,4,-1,0
/Users/kaiohs/Downloads/codes/lab02-experimentacao-software/data/repos/apache__groovy/src/main/java/groovy/lang/DelegatingMetaClass.java,groovy.lang.DelegatingMetaClass,class,13,15,2,13,58,1,0,46,0,0.0625,0.0,0.0,48,0,48,0,0,0,48,0,0,0,1,0,0,0,1,0,0,0,1,165,36,0,0,3,8,2,0,2,1,1,2,0,0,0,64,1,0
/Users/kaiohs/Downloads/codes/lab02-experimentacao-software/data/repos/apache__groovy/src/test/groovy/gls/ch06/s05/JName1Test.java,gls.ch06.s05.JName1Test$Anonymous4,anonymous,0,0,0,0,1,1,0,0,0,0.0,NaN,NaN,1,0,1,0,0,0,1,0,0,0,0,0,0,0,0,0,0,0,0,5,1,0,0,0,0,1,0,0,0,0,0,0,0,0,4,-1,0
/Users/kaiohs/Downloads/codes/lab02-experimentacao-software/data/repos/apache__groovy/src/test/groovy/gls/ch06/s05/JName1Test.java,gls.ch06.s05.JName1Test$Anonymous5,anonymous,0,0,0,0,1,1,0,0,0,0.0,NaN,NaN,1,0,1,0,0,0,1,0,0,0,0,0,0,0,0,0,0,0,0,5,1,0,0,0,0,1,0,0,0,0,0,0,0,0,4,-1,0
/Users/kaiohs/Downloads/codes/lab02-experimentacao-software/data/repos/apache__groovy/src/main/java/org/codehaus/groovy/runtime/dgmimpl/arrays/ArrayMetaMethod.java,org.codehaus.groovy.runtime.dgmimpl.arrays.ArrayMetaMethod,class,2,40,38,2,4,3,2,1,1,1.0,0.0,0.0,2,1,1,0,1,0,2,0,0,0,2,2,0,0,2,0,2,0,0,17,2,0,0,0,0,2,2,4,1,3,1,0,0,0,34,1025,0
/Users/kaiohs/Downloads/codes/lab02-experimentacao-software/data/repos/apache__groovy/src/main/java/groovy/inspect/Inspector.java,groovy.inspect.Inspector$MemberComparatorWithValue,innerclass,2,2,0,2,1,1,0,2,0,0.5,NaN,NaN,1,0,1,0,0,0,1,0,0,0,2,2,0,2,0,0,2,0,0,9,1,0,0,0,0,0,1,4,0,4,0,0,0,0,18,9,0
/Users/kaiohs/Downloads/codes/lab02-experimentacao-software/data/repos/apache__groovy/subprojects/groovy-sql/src/main/java/groovy/sql/Sql.java,groovy.sql.Sql$Anonymous32,anonymous,0,0,0,0,1,1,0,0,0,0.0,NaN,NaN,1,0,1,0,0,0,1,0,0,0,0,0,0,0,0,0,0,0,0,5,1,0,0,0,0,0,0,0,0,0,0,0,0,0,3,-1,0
/Users/kaiohs/Downloads/codes/lab02-experimentacao-software/data/repos/apache__groovy/src/main/java/org/codehaus/groovy/tools/javac/JavaStubCompilationUnit.java,org.codehaus.groovy.tools.javac.JavaStubCompilationUnit,class,8,9,1,8,13,2,0,23,22,0.75,0.0,0.0,8,0,7,1,0,0,7,0,0,0,2,0,0,2,0,0,1,0,0,63,6,0,2,1,0,1,3,10,1,8,2,0,0,2,60,1,0
/Users/kaiohs/Downloads/codes/lab02-experimentacao-software/data/repos/apache__groovy/subprojects/groovy-sql/src/main/java/groovy/sql/Sql.java,groovy.sql.Sql$Anonymous33,anonymous,1,1,0,1,2,1,0,2,1,0.0,0.0,0.0,2,0,2,0,0,0,2,0,0,0,0,0,0,0,0,0,0,0,0,8,2,0,0,0,0,0,0,0,0,0,0,0,0,0,4,-1,0
/Users/kaiohs/Downloads/codes/lab02-experimentacao-software/data/repos/apache__groovy/src/main/java/org/codehaus/groovy/syntax/TokenException.java,org.codehaus.groovy.syntax.TokenException,class,3,6,3,3,8,3,2,4,10,1.0,0.0,0.0,5,2,3,2,0,0,3,0,0,0,1,1,0,1,0,0,1,0,2,18,2,0,3,0,3,1,3,1,1,1,0,0,0,0,20,1,0
/Users/kaiohs/Downloads/codes/lab02-experimentacao-software/data/repos/apache__groovy/subprojects/groovy-sql/src/main/java/groovy/sql/Sql.java,groovy.sql.Sql$Anonymous30,anonymous,0,0,0,0,1,1,0,0,0,0.0,NaN,NaN,1,0,1,0,0,0,1,0,0,0,0,0,0,0,0,0,0,0,0,5,1,0,0,0,0,0,0,0,0,0,0,0,0,0,2,-1,0
/Users/kaiohs/Downloads/codes/lab02-experimentacao-software/data/repos/apache__groovy/src/test/groovy/groovy/lang/gcldeadlock/GroovyClassLoaderDeadlockTest.java,groovy.lang.gcldeadlock.GroovyClassLoaderDeadlockTest,class,3,3,0,3,3,3,0,4,0,0.0,NaN,NaN,1,0,1,0,0,0,1,0,0,0,1,1,0,1,0,0,1,0,0,40,0,2,0,0,0,5,4,4,0,4,1,0,1,0,43,1,0
/Users/kaiohs/Downloads/codes/lab02-experimentacao-software/data/repos/apache__groovy/src/main/java/org/codehaus/groovy/runtime/AbstractComparator.java,org.codehaus.groovy.runtime.AbstractComparator,class,1,1,0,1,2,1,0,0,0,0.0,NaN,NaN,1,0,1,0,0,0,1,0,0,0,0,0,0,0,0,0,0,0,0,5,1,0,1,0,0,0,0,0,0,0,0,0,0,0,3,1025,0
/Users/kaiohs/Downloads/codes/lab02-experimentacao-software/data/repos/apache__groovy/subprojects/groovy-sql/src/main/java/groovy/sql/Sql.java,groovy.sql.Sql$Anonymous31,anonymous,0,0,0,0,2,1,0,0,1,0.0,0.0,0.0,2,0,2,0,0,0,2,0,0,0,0,0,0,0,0,0,0,0,0,8,2,0,0,0,0,0,0,0,0,0,0,0,0,0,6,-1,0
/Users/kaiohs/Downloads/codes/lab02-experimentacao-software/data/repos/apache__groovy/src/main/java/org/codehaus/groovy/transform/MapConstructorASTTransformation.java,org.codehaus.groovy.transform.MapConstructorASTTransformation,class,30,31,1,30,36,2,0,50,17,0.8333333,0.0,0.0,7,4,3,4,0,0,3,0,0,0,6,5,0,3,0,3,5,0,15,148,12,2,11,0,2,22,2,43,3,42,2,2,0,1,140,1,0
/Users/kaiohs/Downloads/codes/lab02-experimentacao-software/data/repos/apache__groovy/subprojects/groovy-swing/src/main/groovy/groovy/swing/binding/JComponentProperties.java,groovy.swing.binding.JComponentProperties$Anonymous2,anonymous,1,1,0,1,1,1,0,1,0,0.0,NaN,NaN,1,0,1,0,0,0,1,0,0,0,0,0,0,0,0,0,0,0,0,5,0,0,0,0,0,0,0,0,0,0,0,0,0,0,6,-1,0
/Users/kaiohs/Downloads/codes/lab02-experimentacao-software/data/repos/apache__groovy/benchmark/bench/partialsums.java,partialsums,class,0,0,0,0,2,1,0,7,0,0.0,NaN,NaN,1,1,1,0,0,0,1,0,0,0,2,2,0,2,0,0,2,0,5,32,0,1,0,0,5,10,24,28,27,18,1,0,0,0,24,1,0
/Users/kaiohs/Downloads/codes/lab02-experimentacao-software/data/repos/apache__groovy/subprojects/groovy-swing/src/main/groovy/groovy/swing/binding/JComponentProperties.java,groovy.swing.binding.JComponentProperties$Anonymous3,anonymous,1,1,0,1,1,1,0,1,0,0.0,NaN,NaN,1,0,1,0,0,0,1,0,0,0,0,0,0,0,0,0,0,0,0,5,0,0,0,0,0,0,0,0,0,0,0,0,0,0,6,-1,0
/Users/kaiohs/Downloads/codes/lab02-experimentacao-software/data/repos/apache__groovy/subprojects/groovy-sql/src/main/java/groovy/sql/Sql.java,groovy.sql.Sql$Anonymous34,anonymous,0,0,0,0,1,1,0,0,0,0.0,NaN,NaN,1,0,1,0,0,0,1,0,0,0,0,0,0,0,0,0,0,0,0,5,1,0,0,0,0,0,0,0,0,0,0,0,0,0,3,-1,0
/Users/kaiohs/Downloads/codes/lab02-experimentacao-software/data/repos/apache__groovy/subprojects/groovy-json/src/main/java/groovy/json/JsonOutput.java,groovy.json.JsonOutput$JsonUnescaped,innerclass,0,0,0,0,3,1,0,1,0,0.0,0.0,0.0,3,0,3,0,0,0,3,0,0,0,1,0,0,1,0,0,1,0,0,12,2,0,0,0,0,0,0,1,0,1,0,0,0,0,15,9,0
/Users/kaiohs/Downloads/codes/lab02-experimentacao-software/data/repos/apache__groovy/subprojects/groovy-sql/src/main/java/groovy/sql/Sql.java,groovy.sql.Sql$Anonymous35,anonymous,0,0,0,0,1,1,0,0,0,0.0,NaN,NaN,1,0,1,0,0,0,1,0,0,0,0,0,0,0,0,0,0,0,0,5,1,0,0,0,0,0,0,0,0,0,0,0,0,0,3,-1,0
/Users/kaiohs/Downloads/codes/lab02-experimentacao-software/data/repos/apache__groovy/subprojects/groovy-swing/src/main/groovy/groovy/swing/binding/JComponentProperties.java,groovy.swing.binding.JComponentProperties$Anonymous1,anonymous,1,1,0,1,1,1,0,1,0,0.0,NaN,NaN,1,0,1,0,0,0,1,0,0,0,0,0,0,0,0,0,0,0,0,5,0,0,0,0,0,0,0,0,0,0,0,0,0,0,6,-1,0
/Users/kaiohs/Downloads/codes/lab02-experimentacao-software/data/repos/apache__groovy/subprojects/groovy-swing/src/main/groovy/groovy/swing/binding/JComponentProperties.java,groovy.swing.binding.JComponentProperties$Anonymous6,anonymous,1,1,0,1,1,1,0,1,0,0.0,NaN,NaN,1,0,1,0,0,0,1,0,0,0,0,0,0,0,0,0,0,0,0,5,0,0,0,0,0,0,0,0,0,0,0,0,0,0,6,-1,0
/Users/kaiohs/Downloads/codes/lab02-experimentacao-software/data/repos/apache__groovy/subprojects/groovy-swing/src/main/groovy/groovy/swing/binding/JComponentProperties.java,groovy.swing.binding.JComponentProperties$Anonymous7,anonymous,1,1,0,1,2,1,0,1,1,0.0,0.0,0.0,2,0,2,0,0,0,2,0,0,0,0,0,0,0,0,0,0,0,0,8,0,0,0,0,0,0,0,0,0,0,0,0,0,0,7,-1,0
/Users/kaiohs/Downloads/codes/lab02-experimentacao-software/data/repos/apache__groovy/src/test/groovy/bugs/groovy9204/One.java,bugs.groovy9204.One,class,1,2,1,1,0,1,0,0,0,NaN,-1.0,-1.0,0,0,0,0,0,0,0,0,0,0,1,0,0,0,1,0,0,0,0,3,0,0,0,0,0,0,0,0,0,1,0,0,0,0,3,1,0
/Users/kaiohs/Downloads/codes/lab02-experimentacao-software/data/repos/apache__groovy/subprojects/groovy-swing/src/main/groovy/groovy/swing/binding/JComponentProperties.java,groovy.swing.binding.JComponentProperties$Anonymous4,anonymous,1,1,0,1,2,1,0,1,1,0.0,0.0,0.0,2,0,2,0,0,0,2,0,0,0,0,0,0,0,0,0,0,0,0,8,0,0,0,0,0,0,0,0,0,0,0,0,0,0,7,-1,0
/Users/kaiohs/Downloads/codes/lab02-experimentacao-software/data/repos/apache__groovy/subprojects/groovy-swing/src/main/groovy/groovy/swing/binding/JComponentProperties.java,groovy.swing.binding.JComponentProperties$Anonymous5,anonymous,1,1,0,1,1,1,0,1,0,0.0,NaN,NaN,1,0,1,0,0,0,1,0,0,0,0,0,0,0,0,0,0,0,0,5,0,0,0,0,0,0,0,0,0,0,0,0,0,0,6,-1,0
/Users/kaiohs/Downloads/codes/lab02-experimentacao-software/data/repos/apache__groovy/subprojects/groovy-templates/src/main/groovy/groovy/text/markup/BaseTemplate.java,groovy.text.markup.BaseTemplate$Anonymous1,anonymous,0,0,0,0,3,1,0,1,3,1.0,0.0,0.0,3,0,3,0,0,0,3,0,0,0,1,1,0,1,0,0,1,0,0,15,3,0,0,0,0,3,1,1,0,1,0,0,0,0,11,-1,0
/Users/kaiohs/Downloads/codes/lab02-experimentacao-software/data/repos/apache__groovy/src/main/java/org/codehaus/groovy/classgen/asm/BinaryBooleanExpressionHelper.java,org.codehaus.groovy.classgen.asm.BinaryBooleanExpressionHelper,class,7,8,1,7,19,3,0,1,78,0.9230769,0.0,0.0,13,0,2,0,11,0,13,0,0,0,1,1,0,1,0,0,1,0,2,47,9,0,1,0,0,9,5,3,1,2,1,0,0,0,56,1,0
/Users/kaiohs/Downloads/codes/lab02-experimentacao-software/data/repos/apache__groovy/subprojects/groovy-sql/src/main/java/groovy/sql/GroovyResultSetExtension.java,groovy.sql.GroovyResultSetExtension,class,6,9,3,6,26,2,1,23,60,0.7307693,0.0,0.0,13,0,11,0,2,0,13,0,0,0,2,0,0,2,0,0,1,0,0,107,9,4,1,4,0,5,4,15,1,9,3,0,0,0,197,1,0
/Users/kaiohs/Downloads/codes/lab02-experimentacao-software/data/repos/apache__groovy/src/main/java/org/codehaus/groovy/runtime/dgmimpl/arrays/CharacterArrayGetAtMetaMethod.java,org.codehaus.groovy.runtime.dgmimpl.arrays.CharacterArrayGetAtMetaMethod$MyPojoMetaMethodSite,innerclass,6,6,0,6,5,6,0,3,1,0.0,0.0,0.0,2,0,2,0,0,0,2,0,0,0,0,0,0,0,0,0,0,0,1,11,2,0,0,0,1,0,0,0,0,0,1,0,0,0,16,10,0
/Users/kaiohs/Downloads/codes/lab02-experimentacao-software/data/repos/apache__groovy/subprojects/groovy-xml/src/test/groovy/groovy/xml/FactorySupportTest.java,groovy.xml.FactorySupportTest,class,2,2,0,2,6,2,0,7,3,0.6666667,0.0,0.0,3,0,3,0,0,0,3,0,0,0,2,2,0,2,0,0,2,0,4,39,0,0,0,2,0,3,0,2,0,2,1,2,0,0,50,1,0
/Users/kaiohs/Downloads/codes/lab02-experimentacao-software/data/repos/apache__groovy/src/main/java/org/codehaus/groovy/transform/tailrec/TailRecursiveASTTransformation.java,org.codehaus.groovy.transform.tailrec.TailRecursiveASTTransformation,class,36,39,3,36,38,2,0,59,253,0.9565218,0.0,0.0,23,2,4,19,0,0,4,0,0,0,5,3,0,5,0,0,5,0,9,193,16,3,1,0,4,22,6,37,5,39,3,6,0,2,155,1,0
/Users/kaiohs/Downloads/codes/lab02-experimentacao-software/data/repos/apache__groovy/subprojects/performance/src/jmh/groovy/org/apache/groovy/bench/FiboBench.java,org.apache.groovy.bench.FiboBench$JavaFibo,innerclass,1,1,0,1,2,1,0,1,0,0.0,NaN,NaN,1,1,0,0,0,1,1,0,0,0,0,0,0,0,0,0,0,0,2,6,2,0,0,0,0,0,4,0,3,0,1,0,0,0,4,10,0
/Users/kaiohs/Downloads/codes/lab02-experimentacao-software/data/repos/apache__groovy/src/test/groovy/org/codehaus/groovy/tools/rootloadersync/OtherConcreteJavaSubclass.java,org.codehaus.groovy.tools.rootloadersync.OtherConcreteJavaSubclass,class,1,2,1,1,1,2,0,0,0,0.0,NaN,NaN,1,0,1,0,0,0,1,0,0,0,0,0,0,0,0,0,0,0,0,5,1,0,0,0,0,1,0,0,0,0,0,0,0,0,11,1,0
/Users/kaiohs/Downloads/codes/lab02-experimentacao-software/data/repos/apache__groovy/subprojects/groovy-jsr223/src/test/java/org/codehaus/groovy/jsr223/JSR223SecurityTest.java,org.codehaus.groovy.jsr223.CustomPrimaryClassNodeOperation,class,6,7,1,6,2,1,0,4,0,0.0,NaN,NaN,1,0,1,0,0,0,1,0,0,0,0,0,0,0,0,0,0,0,0,7,0,1,0,0,1,0,0,0,0,0,1,0,0,0,18,0,0
/Users/kaiohs/Downloads/codes/lab02-experimentacao-software/data/repos/apache__groovy/src/main/java/org/codehaus/groovy/classgen/GeneratorContext.java,org.codehaus.groovy.classgen.GeneratorContext,class,8,25,17,8,24,1,0,11,33,0.81428576,0.0,0.0,10,1,8,1,0,1,10,0,0,0,6,2,0,6,0,0,3,0,2,75,10,2,5,0,1,14,15,21,13,14,4,0,0,0,71,1,0
/Users/kaiohs/Downloads/codes/lab02-experimentacao-software/data/repos/apache__groovy/src/main/java/groovy/util/MapEntry.java,groovy.util.MapEntry,class,1,2,1,1,12,1,0,4,0,0.4,0.0,0.0,10,0,9,0,1,0,10,0,0,0,2,0,0,2,0,0,0,0,0,39,9,0,1,0,1,1,1,4,1,2,1,0,0,0,26,1,0
/Users/kaiohs/Downloads/codes/lab02-experimentacao-software/data/repos/apache__groovy/src/main/java/org/codehaus/groovy/vmplugin/v8/PluginDefaultGroovyMethods.java,org.codehaus.groovy.vmplugin.v8.PluginDefaultGroovyMethods$TransformedFuture,innerclass,2,2,0,2,6,1,0,6,0,0.25,0.0,0.0,6,0,5,1,0,0,5,0,0,0,2,0,0,2,0,0,2,0,0,23,5,0,0,0,0,0,0,2,0,2,0,0,0,0,20,10,0
/Users/kaiohs/Downloads/codes/lab02-experimentacao-software/data/repos/apache__groovy/subprojects/groovy-sql/src/main/java/groovy/sql/Sql.java,groovy.sql.Sql$Anonymous21,anonymous,0,0,0,0,1,1,0,0,0,0.0,NaN,NaN,1,0,1,0,0,0,1,0,0,0,0,0,0,0,0,0,0,0,0,5,1,0,0,0,0,0,0,0,0,0,0,0,0,0,2,-1,0
/Users/kaiohs/Downloads/codes/lab02-experimentacao-software/data/repos/apache__groovy/subprojects/groovy-sql/src/main/java/groovy/sql/Sql.java,groovy.sql.Sql$Anonymous22,anonymous,0,0,0,0,1,1,0,0,0,0.0,NaN,NaN,1,0,1,0,0,0,1,0,0,0,0,0,0,0,0,0,0,0,0,5,1,0,0,0,0,0,0,0,0,0,0,0,0,0,2,-1,0
/Users/kaiohs/Downloads/codes/lab02-experimentacao-software/data/repos/apache__groovy/subprojects/groovy-sql/src/main/java/groovy/sql/Sql.java,groovy.sql.Sql$Anonymous20,anonymous,0,0,0,0,1,1,0,0,0,0.0,NaN,NaN,1,0,1,0,0,0,1,0,0,0,0,0,0,0,0,0,0,0,0,5,1,0,0,0,0,0,0,0,0,0,0,0,0,0,2,-1,0
/Users/kaiohs/Downloads/codes/lab02-experimentacao-software/data/repos/apache__groovy/subprojects/groovy-sql/src/main/java/groovy/sql/Sql.java,groovy.sql.Sql$Anonymous25,anonymous,0,0,0,0,1,1,0,0,0,0.0,NaN,NaN,1,0,1,0,0,0,1,0,0,0,0,0,0,0,0,0,0,0,0,5,1,0,0,0,0,0,0,0,0,0,0,0,0,0,2,-1,0
/Users/kaiohs/Downloads/codes/lab02-experimentacao-software/data/repos/apache__groovy/subprojects/groovy-sql/src/main/java/groovy/sql/Sql.java,groovy.sql.Sql$Anonymous26,anonymous,0,0,0,0,1,1,0,0,0,0.0,NaN,NaN,1,0,1,0,0,0,1,0,0,0,0,0,0,0,0,0,0,0,0,5,1,0,0,0,0,0,0,0,0,0,0,0,0,0,2,-1,0
/Users/kaiohs/Downloads/codes/lab02-experimentacao-software/data/repos/apache__groovy/src/main/java/org/codehaus/groovy/classgen/asm/util/TypeUtil.java,org.codehaus.groovy.classgen.asm.util.TypeUtil,class,5,11,6,5,21,1,0,23,55,0.90909094,0.0,0.0,11,11,9,2,0,0,9,0,0,0,7,7,0,7,0,0,7,0,11,77,16,2,7,0,1,31,3,20,2,19,2,0,0,0,62,1025,0
/Users/kaiohs/Downloads/codes/lab02-experimentacao-software/data/repos/apache__groovy/subprojects/groovy-sql/src/main/java/groovy/sql/Sql.java,groovy.sql.Sql$Anonymous23,anonymous,0,0,0,0,1,1,0,0,0,0.0,NaN,NaN,1,0,1,0,0,0,1,0,0,0,0,0,0,0,0,0,0,0,0,5,1,0,0,0,0,0,0,0,0,0,0,0,0,0,2,-1,0
/Users/kaiohs/Downloads/codes/lab02-experimentacao-software/data/repos/apache__groovy/subprojects/groovy-templates/src/main/groovy/groovy/text/StreamingTemplateEngine.java,groovy.text.StreamingTemplateEngine$StreamingTemplate,innerclass,19,19,0,19,89,3,0,72,307,0.9384615,0.0,0.0,26,1,3,22,0,1,5,0,0,0,10,4,1,6,0,3,5,0,11,431,16,10,35,5,6,38,41,99,18,62,5,0,3,0,282,10,0
/Users/kaiohs/Downloads/codes/lab02-experimentacao-software/data/repos/apache__groovy/subprojects/groovy-sql/src/main/java/groovy/sql/Sql.java,groovy.sql.Sql$Anonymous24,anonymous,0,0,0,0,1,1,0,0,0,0.0,NaN,NaN,1,0,1,0,0,0,1,0,0,0,0,0,0,0,0,0,0,0,0,5,1,0,0,0,0,0,0,0,0,0,0,0,0,0,2,-1,0
/Users/kaiohs/Downloads/codes/lab02-experimentacao-software/data/repos/apache__groovy/subprojects/groovy-macro/src/main/groovy/org/codehaus/groovy/macro/transform/MacroTransformation.java,org.codehaus.groovy.macro.transform.MacroTransformation,class,8,10,2,8,2,2,0,0,0,0.0,0.0,0.0,2,0,1,0,1,0,2,0,0,0,1,0,0,0,1,0,0,0,0,9,1,0,0,0,0,0,0,1,0,1,0,0,0,0,18,1,0
/Users/kaiohs/Downloads/codes/lab02-experimentacao-software/data/repos/apache__groovy/subprojects/groovy-sql/src/main/java/groovy/sql/Sql.java,groovy.sql.Sql$AbstractStatementCommand,innerclass,0,0,0,0,1,1,0,0,0,0.0,NaN,NaN,1,0,0,0,1,0,1,1,0,0,0,0,0,0,0,0,0,0,0,3,0,0,0,0,0,0,0,0,0,0,0,0,0,0,36,1034,0
/Users/kaiohs/Downloads/codes/lab02-experimentacao-software/data/repos/apache__groovy/subprojects/groovy-sql/src/main/java/groovy/sql/Sql.java,groovy.sql.Sql$Anonymous29,anonymous,0,0,0,0,1,1,0,0,0,0.0,NaN,NaN,1,0,1,0,0,0,1,0,0,0,0,0,0,0,0,0,0,0,0,5,1,0,0,0,0,0,0,0,0,0,0,0,0,0,2,-1,0
/Users/kaiohs/Downloads/codes/lab02-experimentacao-software/data/repos/apache__groovy/src/main/java/org/codehaus/groovy/runtime/CurriedClosure.java,org.codehaus.groovy.runtime.CurriedClosure,class,4,5,1,4,38,2,0,17,42,0.74999994,0.0,0.0,12,0,10,2,0,0,10,0,0,0,5,1,0,5,0,0,3,0,15,122,11,3,1,0,3,17,35,41,37,28,3,0,0,0,127,17,0
/Users/kaiohs/Downloads/codes/lab02-experimentacao-software/data/repos/apache__groovy/subprojects/groovy-sql/src/main/java/groovy/sql/Sql.java,groovy.sql.Sql$Anonymous27,anonymous,0,0,0,0,1,1,0,0,0,0.0,NaN,NaN,1,0,1,0,0,0,1,0,0,0,0,0,0,0,0,0,0,0,0,5,1,0,0,0,0,0,0,0,0,0,0,0,0,0,2,-1,0
/Users/kaiohs/Downloads/codes/lab02-experimentacao-software/data/repos/apache__groovy/subprojects/groovy-sql/src/main/java/groovy/sql/Sql.java,groovy.sql.Sql$Anonymous28,anonymous,0,0,0,0,1,1,0,0,0,0.0,NaN,NaN,1,0,1,0,0,0,1,0,0,0,0,0,0,0,0,0,0,0,0,5,1,0,0,0,0,0,0,0,0,0,0,0,0,0,2,-1,0
/Users/kaiohs/Downloads/codes/lab02-experimentacao-software/data/repos/apache__groovy/src/main/java/org/codehaus/groovy/transform/FinalASTTransformation.java,org.codehaus.groovy.transform.FinalASTTransformation,class,13,14,1,13,15,2,0,15,1,0.33333334,NaN,NaN,3,0,1,2,0,0,1,0,0,0,1,1,0,1,0,0,1,0,1,33,2,0,2,0,4,9,3,3,5,3,1,0,0,0,58,1,0
/Users/kaiohs/Downloads/codes/lab02-experimentacao-software/data/repos/apache__groovy/benchmark/bench/knucleotide.java,knucleotide,class,2,5,3,2,20,1,0,32,0,0.42857143,0.0,0.0,7,6,1,0,0,6,7,0,0,0,2,0,0,0,0,2,0,0,13,93,5,9,5,0,3,8,16,28,6,23,2,2,0,0,50,1,0
/Users/kaiohs/Downloads/codes/lab02-experimentacao-software/data/repos/apache__groovy/benchmark/bench/except.java,except,class,3,4,1,3,10,1,0,6,6,0.6,0.0,0.0,5,5,5,0,0,0,5,0,0,0,2,2,0,0,0,2,0,0,5,43,0,1,1,3,1,3,6,4,3,4,1,0,0,0,19,1,0
/Users/kaiohs/Downloads/codes/lab02-experimentacao-software/data/repos/apache__groovy/src/main/java/org/codehaus/groovy/control/customizers/builder/InlinedASTCustomizerFactory.java,org.codehaus.groovy.control.customizers.builder.InlinedASTCustomizerFactory,class,7,7,0,7,11,2,0,12,6,0.0,0.0,0.0,4,0,4,0,0,0,4,0,0,0,0,0,0,0,0,0,0,0,1,30,5,0,0,0,2,9,1,4,1,3,2,0,0,0,72,1,0
/Users/kaiohs/Downloads/codes/lab02-experimentacao-software/data/repos/apache__groovy/src/main/java/org/codehaus/groovy/tools/javac/JavaStubGenerator.java,org.codehaus.groovy.tools.javac.JavaStubGenerator,class,45,49,4,45,286,1,0,242,946,0.9388889,0.0,0.0,45,15,5,40,0,0,5,0,0,0,8,1,0,8,0,0,7,0,42,917,51,30,53,3,34,123,49,145,21,114,6,2,0,3,244,1,0
/Users/kaiohs/Downloads/codes/lab02-experimentacao-software/data/repos/apache__groovy/src/main/java/org/codehaus/groovy/runtime/dgmimpl/NumberNumberMultiply.java,org.codehaus.groovy.runtime.dgmimpl.NumberNumberMultiply$FloatInteger,innerclass,5,5,0,5,4,7,0,4,1,0.0,0.0,0.0,2,0,2,0,0,0,2,0,1,0,0,0,0,0,0,0,0,0,0,15,2,0,0,1,2,0,1,0,1,0,2,0,0,0,19,10,0
/Users/kaiohs/Downloads/codes/lab02-experimentacao-software/data/repos/apache__groovy/subprojects/groovy-sql/src/main/java/groovy/sql/Sql.java,groovy.sql.Sql$Anonymous10,anonymous,0,0,0,0,1,1,0,0,0,0.0,NaN,NaN,1,0,1,0,0,0,1,0,0,0,0,0,0,0,0,0,0,0,0,5,1,0,0,0,0,0,0,0,0,0,0,0,0,0,2,-1,0
/Users/kaiohs/Downloads/codes/lab02-experimentacao-software/data/repos/apache__groovy/src/main/java/org/codehaus/groovy/vmplugin/v9/ClassFinder.java,org.codehaus.groovy.vmplugin.v9.ClassFinder,class,3,5,2,3,20,1,0,29,21,0.85714287,0.0,0.0,7,6,3,3,0,1,4,0,0,0,2,2,0,2,0,0,2,0,19,99,6,0,1,3,0,14,2,17,5,11,2,1,0,0,100,1,0
/Users/kaiohs/Downloads/codes/lab02-experimentacao-software/data/repos/apache__groovy/subprojects/groovy-sql/src/main/java/groovy/sql/Sql.java,groovy.sql.Sql$Anonymous11,anonymous,0,0,0,0,1,1,0,0,0,0.0,NaN,NaN,1,0,1,0,0,0,1,0,0,0,0,0,0,0,0,0,0,0,0,5,1,0,0,0,0,0,0,0,0,0,0,0,0,0,2,-1,0
/Users/kaiohs/Downloads/codes/lab02-experimentacao-software/data/repos/apache__groovy/src/main/java/org/codehaus/groovy/classgen/asm/sc/StaticTypesWriterController.java,org.codehaus.groovy.classgen.asm.sc.StaticTypesWriterController,class,33,38,5,33,29,3,0,20,0,0.82352936,0.0,0.0,17,0,17,0,0,0,17,0,0,0,10,0,0,9,1,0,0,0,2,114,24,0,1,0,0,0,0,12,0,11,1,0,0,0,96,1,0
/Users/kaiohs/Downloads/codes/lab02-experimentacao-software/data/repos/apache__groovy/subprojects/groovy-sql/src/main/java/groovy/sql/Sql.java,groovy.sql.Sql$Anonymous14,anonymous,0,0,0,0,1,1,0,0,0,0.0,NaN,NaN,1,0,1,0,0,0,1,0,0,0,0,0,0,0,0,0,0,0,0,5,1,0,0,0,0,0,0,0,0,0,0,0,0,0,2,-1,0
/Users/kaiohs/Downloads/codes/lab02-experimentacao-software/data/repos/apache__groovy/subprojects/groovy-sql/src/main/java/groovy/sql/Sql.java,groovy.sql.Sql$Anonymous15,anonymous,0,0,0,0,1,1,0,0,0,0.0,NaN,NaN,1,0,1,0,0,0,1,0,0,0,0,0,0,0,0,0,0,0,0,5,1,0,0,0,0,0,0,0,0,0,0,0,0,0,2,-1,0
/Users/kaiohs/Downloads/codes/lab02-experimentacao-software/data/repos/apache__groovy/subprojects/groovy-sql/src/main/java/groovy/sql/Sql.java,groovy.sql.Sql$Anonymous12,anonymous,0,0,0,0,1,1,0,0,0,0.0,NaN,NaN,1,0,1,0,0,0,1,0,0,0,0,0,0,0,0,0,0,0,0,5,1,0,0,0,0,0,0,0,0,0,0,0,0,0,2,-1,0
/Users/kaiohs/Downloads/codes/lab02-experimentacao-software/data/repos/apache__groovy/src/main/java/org/codehaus/groovy/transform/stc/StaticTypeCheckingSupport.java,org.codehaus.groovy.transform.stc.StaticTypeCheckingSupport$LongArrayStaticTypesHelper,innerclass,1,1,0,1,4,1,0,2,3,0.0,0.0,0.0,3,3,3,0,0,0,3,0,0,0,0,0,0,0,0,0,0,0,0,11,2,0,1,0,0,1,0,0,0,0,0,0,0,0,13,9,0
/Users/kaiohs/Downloads/codes/lab02-experimentacao-software/data/repos/apache__groovy/subprojects/groovy-sql/src/main/java/groovy/sql/Sql.java,groovy.sql.Sql$Anonymous13,anonymous,0,0,0,0,1,1,0,0,0,0.0,NaN,NaN,1,0,1,0,0,0,1,0,0,0,0,0,0,0,0,0,0,0,0,5,1,0,0,0,0,0,0,0,0,0,0,0,0,0,2,-1,0
/Users/kaiohs/Downloads/codes/lab02-experimentacao-software/data/repos/apache__groovy/subprojects/groovy-sql/src/main/java/groovy/sql/Sql.java,groovy.sql.Sql$Anonymous18,anonymous,0,0,0,0,1,1,0,0,0,0.0,NaN,NaN,1,0,1,0,0,0,1,0,0,0,0,0,0,0,0,0,0,0,0,5,1,0,0,0,0,0,0,0,0,0,0,0,0,0,2,-1,0
/Users/kaiohs/Downloads/codes/lab02-experimentacao-software/data/repos/apache__groovy/subprojects/groovy-sql/src/main/java/groovy/sql/Sql.java,groovy.sql.Sql$Anonymous19,anonymous,0,0,0,0,1,1,0,0,0,0.0,NaN,NaN,1,0,1,0,0,0,1,0,0,0,0,0,0,0,0,0,0,0,0,5,1,0,0,0,0,0,0,0,0,0,0,0,0,0,2,-1,0
/Users/kaiohs/Downloads/codes/lab02-experimentacao-software/data/repos/apache__groovy/benchmark/bench/fasta.java,fasta,class,3,4,1,3,21,1,0,10,5,0.6805555,0.0,0.0,6,6,4,0,0,2,6,0,4,0,12,12,9,0,0,3,6,0,8,94,3,6,3,0,1,17,55,46,14,27,3,0,1,0,54,0,0
/Users/kaiohs/Downloads/codes/lab02-experimentacao-software/data/repos/apache__groovy/subprojects/groovy-sql/src/main/java/groovy/sql/Sql.java,groovy.sql.Sql$Anonymous16,anonymous,0,0,0,0,1,1,0,0,0,0.0,NaN,NaN,1,0,1,0,0,0,1,0,0,0,0,0,0,0,0,0,0,0,0,5,1,0,0,0,0,0,0,0,0,0,0,0,0,0,2,-1,0
/Users/kaiohs/Downloads/codes/lab02-experimentacao-software/data/repos/apache__groovy/subprojects/groovy-sql/src/main/java/groovy/sql/Sql.java,groovy.sql.Sql$Anonymous17,anonymous,0,0,0,0,1,1,0,0,0,0.0,NaN,NaN,1,0,1,0,0,0,1,0,0,0,0,0,0,0,0,0,0,0,0,5,1,0,0,0,0,0,0,0,0,0,0,0,0,0,2,-1,0
/Users/kaiohs/Downloads/codes/lab02-experimentacao-software/data/repos/apache__groovy/subprojects/groovy-swing/src/main/groovy/groovy/swing/binding/JSliderProperties.java,groovy.swing.binding.JSliderValueBinding,class,4,5,1,4,5,3,0,9,8,0.6,0.0,0.0,5,0,4,0,0,1,5,0,0,2,1,0,0,0,0,1,0,0,0,24,0,0,0,0,3,3,0,2,0,1,0,0,0,0,27,0,0
/Users/kaiohs/Downloads/codes/lab02-experimentacao-software/data/repos/apache__groovy/src/main/java/org/codehaus/groovy/runtime/StreamGroovyMethods.java,org.codehaus.groovy.runtime.StreamGroovyMethods$Anonymous1,anonymous,0,0,0,0,4,1,0,3,1,0.0,0.0,0.0,2,0,2,0,0,0,2,0,0,0,0,0,0,0,0,0,0,0,0,14,2,1,0,0,0,0,0,0,0,0,1,0,0,0,9,-1,0
/Users/kaiohs/Downloads/codes/lab02-experimentacao-software/data/repos/apache__groovy/src/main/java/org/codehaus/groovy/ast/expr/PrefixExpression.java,org.codehaus.groovy.ast.expr.PrefixExpression,class,6,9,3,6,9,3,0,10,28,0.7222222,0.0,0.0,9,0,9,0,0,0,9,0,0,0,2,0,0,2,0,0,1,0,0,35,6,0,0,0,0,4,0,3,2,3,0,0,0,0,30,1,0
/Users/kaiohs/Downloads/codes/lab02-experimentacao-software/data/repos/apache__groovy/src/main/java/groovy/util/ObjectGraphBuilder.java,groovy.util.ObjectGraphBuilder$DefaultClassNameResolver,innerclass,1,1,0,1,2,1,0,4,0,0.0,NaN,NaN,1,0,1,0,0,0,1,0,0,0,0,0,0,0,0,0,0,0,0,8,2,0,1,0,0,0,4,0,1,0,1,0,0,0,11,9,0
/Users/kaiohs/Downloads/codes/lab02-experimentacao-software/data/repos/apache__groovy/src/main/java/org/apache/groovy/util/SystemUtil.java,org.apache.groovy.util.SystemUtil,class,1,9,8,1,14,1,0,12,21,0.0,0.0,0.0,7,7,7,0,0,0,7,0,0,0,0,0,0,0,0,0,0,0,7,61,12,0,2,5,0,1,3,6,1,3,1,0,0,0,53,1,0
/Users/kaiohs/Downloads/codes/lab02-experimentacao-software/data/repos/apache__groovy/src/main/java/org/apache/groovy/plugin/GroovyRunner.java,org.apache.groovy.plugin.GroovyRunner,interface,1,6,5,1,2,1,0,0,1,0.0,0.0,0.0,2,0,0,0,0,2,2,0,0,0,0,0,0,0,0,0,0,0,0,4,0,0,0,0,0,0,0,0,0,0,0,0,0,0,35,1,0
/Users/kaiohs/Downloads/codes/lab02-experimentacao-software/data/repos/apache__groovy/subprojects/groovy-sql/src/main/java/groovy/sql/ExpandedVariable.java,groovy.sql.ExpandedVariable,interface,0,1,1,0,1,1,0,0,0,0.0,NaN,NaN,1,0,0,0,0,1,1,0,0,0,0,0,0,0,0,0,0,0,0,3,0,0,0,0,0,0,0,0,0,0,0,0,0,0,17,1,0
/Users/kaiohs/Downloads/codes/lab02-experimentacao-software/data/repos/apache__groovy/src/main/java/org/codehaus/groovy/runtime/dgmimpl/arrays/LongArrayGetAtMetaMethod.java,org.codehaus.groovy.runtime.dgmimpl.arrays.LongArrayGetAtMetaMethod,class,9,10,1,9,5,10,0,3,6,0.75,0.0,0.0,4,0,4,0,0,0,4,0,1,0,1,1,0,1,0,0,1,0,2,28,5,0,0,0,1,0,2,2,0,2,1,0,1,0,31,1,0
/Users/kaiohs/Downloads/codes/lab02-experimentacao-software/data/repos/apache__groovy/src/test/groovy/groovy/JavaClass.java,groovy.JavaClass,class,1,1,0,1,0,1,0,0,0,NaN,-1.0,-1.0,0,0,0,0,0,0,0,0,0,0,1,1,0,0,0,1,1,0,0,15,0,0,0,0,0,0,0,1,0,1,0,0,2,0,9,1,0
/Users/kaiohs/Downloads/codes/lab02-experimentacao-software/data/repos/apache__groovy/src/test/groovy/org/codehaus/groovy/runtime/PropertyTest.java,org.codehaus.groovy.runtime.PropertyTest,class,4,5,1,4,19,2,0,27,105,0.0,0.0,0.0,15,0,13,0,2,0,15,0,0,0,0,0,0,0,0,0,0,0,10,119,3,0,1,1,0,58,15,36,4,34,1,0,0,0,80,1,0
/Users/kaiohs/Downloads/codes/lab02-experimentacao-software/data/repos/apache__groovy/subprojects/groovy-groovydoc/src/main/java/org/codehaus/groovy/tools/groovydoc/LinkArgument.java,org.codehaus.groovy.tools.groovydoc.LinkArgument,class,0,8,8,0,4,1,0,0,2,0.5,0.0,0.0,4,0,4,0,0,0,4,0,0,0,2,0,0,2,0,0,0,0,0,16,2,0,0,0,0,2,0,4,0,2,0,0,0,0,30,1,0
/Users/kaiohs/Downloads/codes/lab02-experimentacao-software/data/repos/apache__groovy/src/main/java/org/codehaus/groovy/transform/IndexedPropertyASTTransformation.java,org.codehaus.groovy.transform.IndexedPropertyASTTransformation,class,15,16,1,15,20,2,0,38,45,0.92499995,NaN,NaN,10,9,1,9,0,0,1,0,0,0,4,4,0,4,0,0,4,0,18,75,6,0,2,0,0,11,9,18,4,16,3,0,0,0,89,1,0
/Users/kaiohs/Downloads/codes/lab02-experimentacao-software/data/repos/apache__groovy/src/main/java/org/codehaus/groovy/ast/expr/EmptyExpression.java,org.codehaus.groovy.ast.expr.EmptyExpression$Anonymous1,anonymous,4,4,0,4,12,1,0,1,66,0.0,0.0,0.0,12,0,11,1,0,0,11,0,0,0,0,0,0,0,0,0,0,0,0,38,0,0,0,0,0,1,0,0,0,0,0,0,0,0,32,-1,0
/Users/kaiohs/Downloads/codes/lab02-experimentacao-software/data/repos/apache__groovy/src/main/java/org/codehaus/groovy/control/SourceUnit.java,org.codehaus.groovy.control.SourceUnit,class,23,147,124,23,39,2,0,35,101,0.7727273,0.0,0.0,22,2,21,1,0,0,21,0,0,0,5,0,0,1,4,0,0,0,3,136,12,0,6,2,1,11,10,20,8,15,4,0,0,0,207,1,0
/Users/kaiohs/Downloads/codes/lab02-experimentacao-software/data/repos/apache__groovy/subprojects/groovy-swing/src/test/groovy/groovy/swing/StrangeEventListener.java,groovy.swing.StrangeEventListener,interface,0,2,2,0,2,1,0,0,1,0.0,0.0,0.0,2,0,0,0,0,2,2,0,0,0,0,0,0,0,0,0,0,0,0,4,0,0,0,0,0,0,0,0,0,0,0,0,0,0,10,1,0
/Users/kaiohs/Downloads/codes/lab02-experimentacao-software/data/repos/apache__groovy/src/main/java/org/codehaus/groovy/runtime/dgmimpl/arrays/ObjectArrayGetAtMetaMethod.java,org.codehaus.groovy.runtime.dgmimpl.arrays.ObjectArrayGetAtMetaMethod$MyPojoMetaMethodSite,innerclass,5,5,0,5,6,6,0,3,1,0.0,0.0,0.0,2,0,2,0,0,0,2,0,0,0,0,0,0,0,0,0,0,0,1,17,2,0,0,1,2,0,0,1,0,1,3,0,0,0,20,10,0
/Users/kaiohs/Downloads/codes/lab02-experimentacao-software/data/repos/apache__groovy/src/main/java/org/codehaus/groovy/ast/ClassNode.java,org.codehaus.groovy.ast.ClassNode,class,36,290,254,36,395,3,9,214,7366,0.9617181,0.0,0.0,153,4,138,12,2,1,141,0,0,0,35,3,3,29,3,0,5,0,43,1056,164,42,107,0,34,21,48,170,13,125,7,0,1,4,508,1,0
/Users/kaiohs/Downloads/codes/lab02-experimentacao-software/data/repos/apache__groovy/src/test/groovy/org/codehaus/groovy/tools/GrapeUtilTest.java,org.codehaus.groovy.tools.GrapeUtilTest,class,1,1,0,1,8,2,0,2,6,0.0,0.0,0.0,4,0,4,0,0,0,4,0,0,0,0,0,0,0,0,0,0,0,0,22,0,0,4,0,0,4,4,8,0,8,0,0,0,0,16,1,0
/Users/kaiohs/Downloads/codes/lab02-experimentacao-software/data/repos/apache__groovy/subprojects/groovy-console/src/main/groovy/groovy/console/ui/text/TextEditor.java,groovy.console.ui.text.TextEditor$ShiftTabAction,innerclass,1,1,0,1,5,2,0,16,0,0.0,NaN,NaN,1,0,1,0,0,0,1,0,0,0,0,0,0,0,0,0,0,0,2,21,0,0,1,1,0,3,0,5,1,5,2,0,0,0,28,2,0
/Users/kaiohs/Downloads/codes/lab02-experimentacao-software/data/repos/apache__groovy/src/main/java/org/apache/groovy/util/ReversedList.java,org.apache.groovy.util.ReversedList,class,1,1,0,1,3,3,0,2,0,0.5,0.0,0.0,3,0,3,0,0,0,3,0,0,0,2,1,0,2,0,0,2,0,0,13,2,0,0,0,0,0,2,2,1,2,0,0,0,0,20,1,0
/Users/kaiohs/Downloads/codes/lab02-experimentacao-software/data/repos/apache__groovy/src/main/java/org/codehaus/groovy/transform/trait/TraitASTTransformation.java,org.codehaus.groovy.transform.trait.TraitASTTransformation$Anonymous1,anonymous,2,2,0,2,1,1,0,2,0,0.0,NaN,NaN,1,0,1,0,0,0,1,0,0,0,0,0,0,0,0,0,0,0,0,6,0,0,0,0,0,0,0,0,0,0,0,0,0,0,8,-1,0
/Users/kaiohs/Downloads/codes/lab02-experimentacao-software/data/repos/apache__groovy/subprojects/groovy-test-junit5/src/main/java/groovy/junit5/plugin/JUnit5Runner.java,groovy.junit5.plugin.JUnit5Runner,class,4,5,1,4,24,1,0,17,10,0.8,0.0,0.0,5,0,2,3,0,0,2,0,0,0,1,1,0,1,0,0,1,0,1,76,14,3,1,3,0,9,0,6,0,6,3,0,0,0,81,1,0
/Users/kaiohs/Downloads/codes/lab02-experimentacao-software/data/repos/apache__groovy/src/main/java/org/codehaus/groovy/runtime/DefaultGroovyMethods.java,org.codehaus.groovy.runtime.DefaultGroovyMethods$CollectManyIterator,innerclass,4,4,0,4,9,1,0,8,2,0.55,0.0,0.0,5,0,3,2,0,0,3,0,0,0,4,0,0,4,0,0,3,0,0,35,2,1,1,0,0,1,0,8,0,6,2,0,0,0,28,26,0
/Users/kaiohs/Downloads/codes/lab02-experimentacao-software/data/repos/apache__groovy/src/main/java/groovy/time/BaseDuration.java,groovy.time.BaseDuration,class,2,12,10,2,25,1,2,14,41,0.6857143,0.0,0.0,15,0,13,0,2,0,15,3,0,0,7,0,0,0,7,0,7,0,3,86,11,0,8,0,2,13,14,12,11,12,1,0,1,0,39,1025,0
/Users/kaiohs/Downloads/codes/lab02-experimentacao-software/data/repos/apache__groovy/src/main/java/groovy/util/Proxy.java,groovy.util.Proxy,class,2,3,1,2,6,2,0,3,0,0.0,0.0,0.0,5,0,5,0,0,0,5,0,0,0,1,0,0,1,0,0,0,0,0,24,5,0,0,1,0,0,0,2,0,1,1,0,0,0,46,1,0
/Users/kaiohs/Downloads/codes/lab02-experimentacao-software/data/repos/apache__groovy/src/main/java/groovy/util/ObjectGraphBuilder.java,groovy.util.ObjectGraphBuilder,class,23,29,6,23,52,7,0,26,169,0.92355365,0.0,0.0,22,1,17,2,3,0,20,0,0,0,22,8,7,15,0,0,13,0,2,532,17,1,11,1,0,18,3,59,5,48,3,1,17,8,132,1,0
/Users/kaiohs/Downloads/codes/lab02-experimentacao-software/data/repos/apache__groovy/src/main/java/org/codehaus/groovy/classgen/InnerClassVisitorHelper.java,org.codehaus.groovy.classgen.InnerClassVisitorHelper,class,10,12,2,10,13,2,2,28,28,0.875,0.0,0.0,8,8,0,0,8,0,8,0,0,0,1,1,0,1,0,0,1,0,1,35,4,1,3,0,2,3,16,5,0,4,1,0,0,1,66,1025,0
/Users/kaiohs/Downloads/codes/lab02-experimentacao-software/data/repos/apache__groovy/src/main/java/groovy/lang/ExpandoMetaClass.java,groovy.lang.ExpandoMetaClass$ExpandoMetaProperty,innerclass,6,6,0,6,25,2,0,18,3,0.5,0.0,0.0,11,0,5,4,2,0,7,0,0,0,2,0,0,0,2,0,0,0,1,72,6,2,3,0,0,6,0,11,2,7,3,0,0,0,68,4,0
/Users/kaiohs/Downloads/codes/lab02-experimentacao-software/data/repos/apache__groovy/subprojects/groovy-swing/src/main/java/org/apache/groovy/swing/binding/ClosureTriggerBinding.java,org.apache.groovy.swing.binding.ClosureTriggerBinding,class,13,14,1,13,16,1,0,26,0,0.5555556,0.0,0.0,6,0,5,1,0,0,5,0,0,0,3,1,0,1,0,2,1,0,0,82,4,4,2,3,1,4,4,21,1,15,4,0,0,0,71,1,0
/Users/kaiohs/Downloads/codes/lab02-experimentacao-software/data/repos/apache__groovy/subprojects/groovy-swing/src/main/java/groovy/swing/model/PropertyModel.java,groovy.swing.model.PropertyModel,class,2,3,1,2,11,1,0,3,0,0.5277778,0.0,0.0,9,0,9,0,0,0,9,0,0,0,4,0,0,3,0,1,0,0,0,43,6,0,2,0,0,0,0,6,0,6,1,0,0,0,22,1,0
/Users/kaiohs/Downloads/codes/lab02-experimentacao-software/data/repos/apache__groovy/src/test/groovy/org/codehaus/groovy/ast/decompiled/AsmDecompilerTestData.java,org.codehaus.groovy.ast.decompiled.WithTypeAnnotations,class,2,2,0,2,3,1,0,0,3,0.6666667,0.0,0.0,3,0,0,0,0,3,3,0,0,0,1,0,0,0,0,1,0,0,0,11,2,0,0,0,0,1,0,0,0,1,0,0,0,0,12,1024,0
/Users/kaiohs/Downloads/codes/lab02-experimentacao-software/data/repos/apache__groovy/src/test/groovy/org/codehaus/groovy/ast/Groovy7826.java,org.codehaus.groovy.ast.Groovy7826$C2,innerclass,4,4,0,4,0,1,0,0,0,0.0,-1.0,-1.0,0,0,0,0,0,0,0,0,0,0,0,0,0,0,0,0,0,0,0,2,0,0,0,0,0,0,0,0,0,0,0,0,0,0,0,9,0
/Users/kaiohs/Downloads/codes/lab02-experimentacao-software/data/repos/apache__groovy/src/main/java/org/codehaus/groovy/runtime/dgmimpl/NumberNumberMultiply.java,org.codehaus.groovy.runtime.dgmimpl.NumberNumberMultiply$NumberNumber,innerclass,5,5,0,5,3,7,0,1,3,0.0,0.0,0.0,3,0,3,0,0,0,3,0,2,0,0,0,0,0,0,0,0,0,0,11,2,0,0,0,0,0,2,0,0,0,0,0,0,0,11,10,0
/Users/kaiohs/Downloads/codes/lab02-experimentacao-software/data/repos/apache__groovy/src/main/java/groovy/util/NodeList.java,groovy.util.NodeList,class,7,10,3,7,28,4,0,16,45,1.0,0.0,0.0,10,1,9,0,1,0,11,0,0,0,1,1,0,1,0,0,1,0,1,132,7,5,6,0,3,3,4,15,1,11,4,1,0,0,95,1,0
/Users/kaiohs/Downloads/codes/lab02-experimentacao-software/data/repos/apache__groovy/src/test/groovy/bugs/groovy6742/Function.java,bugs.groovy6742.Function,interface,2,2,0,2,1,1,0,0,0,0.0,NaN,NaN,1,0,0,0,0,1,1,0,0,0,0,0,0,0,0,0,0,0,0,3,0,0,0,0,0,0,0,0,0,0,0,0,0,0,4,1,0
/Users/kaiohs/Downloads/codes/lab02-experimentacao-software/data/repos/apache__groovy/subprojects/groovy-contracts/src/main/java/org/apache/groovy/contracts/generation/AssertStatementCreationUtility.java,org.apache.groovy.contracts.generation.AssertStatementCreationUtility$AddResultReturnStatementVisitor,innerclass,7,7,0,7,5,2,0,7,0,0.0,0.0,0.0,3,0,2,0,1,0,3,0,0,0,3,0,0,3,0,0,3,0,0,26,2,1,1,0,0,1,0,5,0,5,2,0,0,0,40,9,0
/Users/kaiohs/Downloads/codes/lab02-experimentacao-software/data/repos/apache__groovy/src/test/groovy/org/codehaus/groovy/ast/Groovy7826.java,org.codehaus.groovy.ast.Groovy7826$C1,innerclass,4,4,0,4,0,1,0,0,0,0.0,-1.0,-1.0,0,0,0,0,0,0,0,0,0,0,0,0,0,0,0,0,0,0,0,2,0,0,0,0,0,0,0,0,0,0,0,0,0,0,0,9,0
/Users/kaiohs/Downloads/codes/lab02-experimentacao-software/data/repos/apache__groovy/src/main/java/org/codehaus/groovy/ast/tools/PropertyNodeUtils.java,org.codehaus.groovy.ast.tools.PropertyNodeUtils,class,1,1,0,1,3,1,0,3,0,0.0,NaN,NaN,1,1,1,0,0,0,1,0,0,0,0,0,0,0,0,0,0,0,0,9,1,0,1,0,1,0,0,2,0,1,1,0,0,0,65,1,0
/Users/kaiohs/Downloads/codes/lab02-experimentacao-software/data/repos/apache__groovy/src/main/java/org/codehaus/groovy/reflection/MixinInMetaClass.java,org.codehaus.groovy.reflection.MixinInMetaClass$Anonymous1,anonymous,2,2,0,2,1,1,0,1,0,0.0,NaN,NaN,1,0,1,0,0,0,1,0,0,0,0,0,0,0,0,0,0,0,1,5,1,0,0,0,0,0,0,0,0,0,0,0,0,0,5,-1,0
/Users/kaiohs/Downloads/codes/lab02-experimentacao-software/data/repos/apache__groovy/src/test/groovy/org/codehaus/groovy/runtime/methoddispatching/vm8/FooTwo.java,org.codehaus.groovy.runtime.methoddispatching.vm8.BarTwo,class,1,1,0,1,2,1,0,1,1,0.0,0.0,0.0,2,2,0,0,0,2,2,0,0,0,0,0,0,0,0,0,0,0,1,8,2,0,0,0,0,2,0,0,0,0,0,0,0,0,5,0,0
/Users/kaiohs/Downloads/codes/lab02-experimentacao-software/data/repos/apache__groovy/src/main/java/org/codehaus/groovy/control/ResolveVisitor.java,org.codehaus.groovy.control.ResolveVisitor$Interrupt,innerclass,2,2,0,2,1,3,0,0,0,0.0,-1.0,-1.0,1,0,0,1,0,0,0,0,0,0,0,0,0,0,0,0,0,0,0,5,0,0,0,0,0,1,0,0,0,0,0,0,0,0,7,8,0
/Users/kaiohs/Downloads/codes/lab02-experimentacao-software/data/repos/apache__groovy/src/test/groovy/gls/generics/GenericsTestBase.java,gls.generics.GenericsTestBase$GenericsTester,innerclass,3,3,0,3,7,2,0,3,6,0.0,0.0,0.0,4,0,3,0,0,1,4,0,0,0,0,0,0,0,0,0,0,0,0,16,2,0,3,0,0,1,0,0,1,0,1,0,0,0,15,2,0
/Users/kaiohs/Downloads/codes/lab02-experimentacao-software/data/repos/apache__groovy/subprojects/groovy-macro/src/main/groovy/org/codehaus/groovy/macro/matcher/TreeContext.java,org.codehaus.groovy.macro.matcher.TreeContext$Anonymous1,anonymous,0,0,0,0,1,1,0,0,0,1.0,NaN,NaN,1,0,1,0,0,0,1,0,0,0,1,1,0,1,0,0,1,0,0,6,1,0,0,0,0,0,1,1,0,1,0,0,0,0,11,-1,0
/Users/kaiohs/Downloads/codes/lab02-experimentacao-software/data/repos/apache__groovy/src/test/groovy/bugs/groovy8531/Reducer.java,bugs.groovy8531.BaseReducer$PublicBaseContext,innerclass,0,0,0,0,0,1,0,0,0,0.0,-1.0,-1.0,0,0,0,0,0,0,0,0,0,0,0,0,0,0,0,0,0,0,0,2,0,0,0,0,0,0,0,0,0,0,0,0,0,0,3,1025,0
/Users/kaiohs/Downloads/codes/lab02-experimentacao-software/data/repos/apache__groovy/src/main/java/groovy/lang/GroovyClassLoader.java,groovy.lang.GroovyClassLoader$ClassCollector,innerclass,12,12,0,12,12,1,0,16,9,0.7,0.0,0.0,6,0,3,0,3,0,6,0,0,0,5,0,0,5,0,0,4,0,0,43,4,0,6,0,0,0,2,15,0,12,2,0,0,0,37,9,0
/Users/kaiohs/Downloads/codes/lab02-experimentacao-software/data/repos/apache__groovy/subprojects/groovy-groovysh/src/main/groovy/org/apache/groovy/groovysh/jline/SystemRegistryImpl.java,org.apache.groovy.groovysh.jline.SystemRegistryImpl,class,38,40,2,38,339,3,0,230,1670,0.91584957,0.0,0.0,68,0,33,35,0,0,33,0,0,0,18,1,0,15,3,0,11,0,11,1809,55,30,70,11,16,126,114,266,71,153,7,0,8,1,353,1,5
/Users/kaiohs/Downloads/codes/lab02-experimentacao-software/data/repos/apache__groovy/src/main/java/org/codehaus/groovy/runtime/dgmimpl/NumberNumberMultiply.java,org.codehaus.groovy.runtime.dgmimpl.NumberNumberMultiply$DoubleFloat,innerclass,5,5,0,5,4,7,0,3,1,0.0,0.0,0.0,2,0,2,0,0,0,2,0,1,0,0,0,0,0,0,0,0,0,0,15,2,0,0,1,1,0,1,0,1,0,2,0,0,0,19,10,0
/Users/kaiohs/Downloads/codes/lab02-experimentacao-software/data/repos/apache__groovy/src/main/java/org/codehaus/groovy/runtime/metaclass/MethodMetaProperty.java,org.codehaus.groovy.runtime.metaclass.MethodMetaProperty$GetBeanMethodMetaProperty,innerclass,2,2,0,2,2,3,0,2,1,0.0,0.0,0.0,2,0,2,0,0,0,2,0,0,0,0,0,0,0,0,0,0,0,0,8,1,0,0,0,0,0,0,0,0,0,0,0,0,0,23,9,0
/Users/kaiohs/Downloads/codes/lab02-experimentacao-software/data/repos/apache__groovy/src/main/java/org/codehaus/groovy/ast/EnumConstantClassNode.java,org.codehaus.groovy.ast.EnumConstantClassNode,class,2,5,3,2,2,5,0,0,1,0.0,0.0,0.0,2,0,2,0,0,0,2,0,0,0,0,0,0,0,0,0,0,0,0,8,0,0,0,0,0,1,0,0,0,0,0,0,0,0,31,1,0
/Users/kaiohs/Downloads/codes/lab02-experimentacao-software/data/repos/apache__groovy/subprojects/groovy-swing/src/main/groovy/groovy/swing/binding/JTableProperties.java,groovy.swing.binding.JTableElementsBinding,class,4,5,1,4,5,3,0,9,8,0.6,0.0,0.0,5,0,2,0,2,1,5,0,0,0,1,0,0,0,0,1,0,0,0,23,0,0,0,0,3,3,0,1,0,1,0,0,0,0,24,0,0
/Users/kaiohs/Downloads/codes/lab02-experimentacao-software/data/repos/apache__groovy/src/main/java/org/codehaus/groovy/util/LazyReference.java,org.codehaus.groovy.util.LazyReference$Anonymous1,anonymous,0,0,0,0,0,1,0,0,0,0.0,-1.0,-1.0,0,0,0,0,0,0,0,0,0,0,0,0,0,0,0,0,0,0,0,2,0,0,0,0,0,0,0,0,0,0,0,0,0,0,0,-1,0
/Users/kaiohs/Downloads/codes/lab02-experimentacao-software/data/repos/apache__groovy/benchmark/bench/raytracer.java,raytracer$Sphere,innerclass,6,6,0,6,7,2,0,7,0,0.16666667,0.0,0.0,3,0,3,0,0,0,3,0,0,0,2,0,2,0,0,0,0,0,1,23,5,0,0,0,1,0,3,10,6,10,1,0,0,0,26,0,0
/Users/kaiohs/Downloads/codes/lab02-experimentacao-software/data/repos/apache__groovy/src/main/java/org/codehaus/groovy/util/LazyReference.java,org.codehaus.groovy.util.LazyReference$Anonymous2,anonymous,0,0,0,0,0,1,0,0,0,0.0,-1.0,-1.0,0,0,0,0,0,0,0,0,0,0,0,0,0,0,0,0,0,0,0,2,0,0,0,0,0,0,0,0,0,0,0,0,0,0,0,-1,0
/Users/kaiohs/Downloads/codes/lab02-experimentacao-software/data/repos/apache__groovy/subprojects/groovy-test/src/main/java/org/apache/groovy/test/ScriptTestAdapter.java,org.apache.groovy.test.ScriptTestAdapter,class,2,4,2,2,5,1,0,5,0,0.375,0.0,0.0,4,0,4,0,0,0,4,0,0,0,2,0,0,2,0,0,0,0,0,24,2,0,0,1,0,1,1,2,1,2,1,0,0,0,26,1,0
/Users/kaiohs/Downloads/codes/lab02-experimentacao-software/data/repos/apache__groovy/src/main/java/org/codehaus/groovy/syntax/Types.java,org.codehaus.groovy.syntax.Types,class,3,13,10,3,357,1,0,21,42,0.874442,0.0,0.0,16,16,13,3,0,0,15,0,0,0,224,224,220,4,0,0,224,0,193,929,99,1,31,0,8,194,235,229,3,226,2,0,0,0,136,1,0
/Users/kaiohs/Downloads/codes/lab02-experimentacao-software/data/repos/apache__groovy/src/main/java/groovy/transform/options/ImmutablePropertyHandler.java,groovy.transform.options.ImmutablePropertyHandler,class,21,23,2,21,74,2,1,74,231,0.95454544,0.0,0.0,22,9,5,13,4,0,9,0,0,0,6,6,0,6,0,0,6,0,18,219,25,0,13,0,10,13,0,82,0,59,2,0,0,0,131,1,0
/Users/kaiohs/Downloads/codes/lab02-experimentacao-software/data/repos/apache__groovy/src/main/java/org/codehaus/groovy/util/ReferenceType.java,org.codehaus.groovy.util.ReferenceType$SoftRef,innerclass,3,3,0,3,2,3,0,0,0,0.0,0.0,0.0,2,0,2,0,0,0,2,0,0,0,1,0,0,1,0,0,1,0,0,10,1,0,0,0,0,0,0,1,0,1,0,0,0,0,9,10,0
/Users/kaiohs/Downloads/codes/lab02-experimentacao-software/data/repos/apache__groovy/src/main/java/org/codehaus/groovy/transform/ASTTransformationCollectorCodeVisitor.java,org.codehaus.groovy.transform.ASTTransformationCollectorCodeVisitor,class,25,28,3,25,64,2,0,77,59,0.7380952,0.0,0.0,14,5,3,9,2,0,5,0,0,0,3,0,0,3,0,0,2,0,15,211,11,14,13,3,0,18,8,44,6,41,5,0,0,4,162,1,0
/Users/kaiohs/Downloads/codes/lab02-experimentacao-software/data/repos/apache__groovy/subprojects/groovy-ginq/src/main/groovy/org/apache/groovy/ginq/dsl/expression/AbstractGinqExpression.java,org.apache.groovy.ginq.dsl.expression.AbstractGinqExpression,class,7,15,8,7,3,2,4,0,3,0.0,0.0,0.0,3,0,3,0,0,0,3,1,0,0,0,0,0,0,0,0,0,0,0,8,1,0,0,0,0,0,0,0,0,0,0,0,0,0,27,1025,0
/Users/kaiohs/Downloads/codes/lab02-experimentacao-software/data/repos/apache__groovy/subprojects/groovy-test-junit6/src/main/java/groovy/junit6/plugin/JUnit6Runner.java,groovy.junit6.plugin.JUnit6Runner,class,4,5,1,4,24,1,0,17,10,0.8,0.0,0.0,5,0,2,3,0,0,2,0,0,0,1,1,0,1,0,0,1,0,1,76,14,3,1,3,0,9,0,6,0,6,3,0,0,0,82,1,0
/Users/kaiohs/Downloads/codes/lab02-experimentacao-software/data/repos/apache__groovy/src/main/java/org/codehaus/groovy/runtime/wrappers/ByteWrapper.java,org.codehaus.groovy.runtime.wrappers.ByteWrapper,class,1,1,0,1,1,3,0,0,0,0.0,NaN,NaN,1,0,1,0,0,0,1,0,0,0,0,0,0,0,0,0,0,0,0,5,0,0,0,0,0,0,0,0,0,0,0,0,0,0,4,1,0
/Users/kaiohs/Downloads/codes/lab02-experimentacao-software/data/repos/apache__groovy/src/main/java/org/codehaus/groovy/control/XStreamUtils.java,org.codehaus.groovy.control.XStreamUtils,class,3,5,2,3,8,1,0,10,1,0.5,NaN,NaN,2,2,1,1,0,0,1,0,0,0,1,1,0,1,0,0,1,0,3,33,4,0,2,2,0,6,0,6,2,5,2,0,0,0,59,1025,0
/Users/kaiohs/Downloads/codes/lab02-experimentacao-software/data/repos/apache__groovy/src/main/java/org/codehaus/groovy/reflection/stdclasses/CachedSAMClass.java,org.codehaus.groovy.reflection.stdclasses.CachedSAMClass,class,9,11,2,9,50,2,0,54,37,0.78181815,0.0,0.0,11,8,6,5,0,0,6,0,0,0,5,4,0,5,0,0,5,0,27,132,28,5,15,3,1,1,7,21,0,20,5,0,0,1,90,1,0
/Users/kaiohs/Downloads/codes/lab02-experimentacao-software/data/repos/apache__groovy/src/main/java/groovy/transform/stc/FromAbstractTypeMethods.java,groovy.transform.stc.FromAbstractTypeMethods,class,6,6,0,6,5,2,0,11,0,0.0,NaN,NaN,1,0,1,0,0,0,1,0,0,0,0,0,0,0,0,0,0,0,1,13,1,1,0,0,0,0,1,3,0,3,2,0,0,0,48,1,0
/Users/kaiohs/Downloads/codes/lab02-experimentacao-software/data/repos/apache__groovy/src/test/groovy/bugs/groovy8531/Reducer.java,bugs.groovy8531.BaseReducer$ProtectedStaticBaseContext,innerclass,0,0,0,0,0,1,0,0,0,0.0,-1.0,-1.0,0,0,0,0,0,0,0,0,0,0,0,0,0,0,0,0,0,0,0,2,0,0,0,0,0,0,0,0,0,0,0,0,0,0,4,1036,0
/Users/kaiohs/Downloads/codes/lab02-experimentacao-software/data/repos/apache__groovy/src/main/java/org/apache/groovy/util/concurrent/ConcurrentReferenceHashMap.java,org.apache.groovy.util.concurrent.ConcurrentReferenceHashMap$Segment,innerclass,7,7,0,7,87,2,0,27,190,0.84800005,0.0,0.0,25,1,0,5,0,20,20,0,2,0,10,1,0,1,0,9,5,0,2,359,31,14,44,9,12,5,19,98,9,68,5,0,0,0,225,26,0
/Users/kaiohs/Downloads/codes/lab02-experimentacao-software/data/repos/apache__groovy/src/main/java/groovy/cli/TypedOption.java,groovy.cli.TypedOption,class,1,1,0,1,1,3,0,1,0,1.0,NaN,NaN,1,0,1,0,0,0,1,0,0,0,1,1,0,1,0,0,1,0,0,6,1,0,0,0,0,1,1,1,0,1,0,0,0,0,10,1,0
/Users/kaiohs/Downloads/codes/lab02-experimentacao-software/data/repos/apache__groovy/src/main/java/org/codehaus/groovy/runtime/memoize/Memoize.java,org.codehaus.groovy.runtime.memoize.Memoize$SoftReferenceMemoizeFunction,innerclass,7,7,0,7,7,3,0,8,0,0.44444445,0.0,0.0,3,1,1,1,0,1,2,0,0,0,3,1,0,1,0,2,3,0,2,27,2,1,4,0,0,0,1,7,0,8,1,0,0,1,59,10,0
/Users/kaiohs/Downloads/codes/lab02-experimentacao-software/data/repos/apache__groovy/src/main/java/org/codehaus/groovy/runtime/dgmimpl/arrays/ShortArrayGetAtMetaMethod.java,org.codehaus.groovy.runtime.dgmimpl.arrays.ShortArrayGetAtMetaMethod,class,9,10,1,9,5,10,0,3,6,0.75,0.0,0.0,4,0,4,0,0,0,4,0,1,0,1,1,0,1,0,0,1,0,2,28,5,0,0,0,1,0,2,2,0,2,1,0,1,0,31,1,0
/Users/kaiohs/Downloads/codes/lab02-experimentacao-software/data/repos/apache__groovy/src/main/java/org/apache/groovy/parser/antlr4/internal/atnmanager/AtnManager.java,org.apache.groovy.parser.antlr4.internal.atnmanager.AtnManager$AtnWrapper,innerclass,3,3,0,3,6,1,0,7,0,0.33333334,0.0,0.0,3,0,3,0,0,0,3,0,0,0,2,0,0,2,0,0,2,0,1,26,3,0,1,1,0,0,2,2,1,2,1,0,0,0,30,4,0
/Users/kaiohs/Downloads/codes/lab02-experimentacao-software/data/repos/apache__groovy/subprojects/groovy-xml/src/main/java/groovy/xml/Namespace.java,groovy.xml.Namespace,class,1,1,0,1,9,1,0,2,0,0.4166667,0.0,0.0,6,0,6,0,0,0,6,0,0,0,2,0,0,2,0,0,0,0,0,32,5,0,2,0,0,0,0,3,0,2,2,0,0,0,33,1,0
/Users/kaiohs/Downloads/codes/lab02-experimentacao-software/data/repos/apache__groovy/src/main/java/groovy/util/ObservableMap.java,groovy.util.ObservableMap$MultiPropertyEvent,innerclass,1,1,0,1,4,3,0,1,0,0.5,0.0,0.0,2,0,2,0,0,0,2,0,0,0,4,3,1,3,0,0,4,0,2,21,1,0,1,0,0,1,7,6,0,5,1,0,0,0,27,9,0
/Users/kaiohs/Downloads/codes/lab02-experimentacao-software/data/repos/apache__groovy/src/main/java/groovy/lang/Tuple8.java,groovy.lang.Tuple8,class,10,12,2,10,19,4,0,0,89,0.8128655,0.0,0.0,19,0,19,0,0,0,19,0,0,0,9,1,0,9,0,0,9,0,0,76,17,0,0,0,0,0,1,9,0,9,0,0,0,0,49,17,0
/Users/kaiohs/Downloads/codes/lab02-experimentacao-software/data/repos/apache__groovy/src/main/java/org/codehaus/groovy/transform/tailrec/ReturnAdderForClosures.java,org.codehaus.groovy.transform.tailrec.ReturnAdderForClosures,class,4,5,1,4,2,2,0,4,1,0.0,0.0,0.0,2,0,2,0,0,0,2,0,0,1,0,0,0,0,0,0,0,0,0,10,0,0,0,0,0,1,1,1,0,1,0,0,0,0,36,1,0
/Users/kaiohs/Downloads/codes/lab02-experimentacao-software/data/repos/apache__groovy/src/main/java/groovy/lang/Tuple9.java,groovy.lang.Tuple9,class,11,13,2,11,21,4,0,0,118,0.8285713,0.0,0.0,21,0,21,0,0,0,21,0,0,0,10,1,0,10,0,0,10,0,0,84,19,0,0,0,0,0,1,10,0,10,0,0,0,0,53,17,0
/Users/kaiohs/Downloads/codes/lab02-experimentacao-software/data/repos/apache__groovy/src/main/java/org/codehaus/groovy/runtime/dgmimpl/arrays/ObjectArrayPutAtMetaMethod.java,org.codehaus.groovy.runtime.dgmimpl.arrays.ObjectArrayPutAtMetaMethod,class,12,15,3,12,15,5,0,11,6,0.0,0.0,0.0,4,1,3,1,0,0,3,0,1,0,0,0,0,0,0,0,0,0,9,61,5,0,0,0,1,0,3,11,0,5,2,1,0,0,50,1,0
/Users/kaiohs/Downloads/codes/lab02-experimentacao-software/data/repos/apache__groovy/src/main/java/org/codehaus/groovy/transform/ParallelASTTransformation.java,org.codehaus.groovy.transform.ParallelASTTransformation,class,23,24,1,23,9,1,0,25,1,0.0,NaN,NaN,2,1,1,1,0,0,1,0,0,0,0,0,0,0,0,0,0,0,3,39,5,0,3,0,2,4,3,10,0,10,1,0,0,0,65,1,0
/Users/kaiohs/Downloads/codes/lab02-experimentacao-software/data/repos/apache__groovy/subprojects/groovy-swing/src/main/groovy/groovy/swing/binding/JComponentProperties.java,groovy.swing.binding.AbstractJComponentBinding,class,4,5,1,4,8,3,0,9,22,0.6875,0.0,0.0,8,0,7,0,0,1,8,0,0,2,2,0,0,0,0,2,0,0,0,31,0,0,0,0,3,0,0,2,0,2,0,0,0,0,26,1024,0
/Users/kaiohs/Downloads/codes/lab02-experimentacao-software/data/repos/apache__groovy/src/main/java/org/codehaus/groovy/syntax/CSTNode.java,org.codehaus.groovy.syntax.CSTNode,class,7,14,7,7,56,1,2,33,561,0.0,0.0,0.0,34,0,28,0,1,5,34,4,0,0,0,0,0,0,0,0,0,0,7,177,28,5,3,0,0,19,18,20,6,17,3,0,0,0,158,1025,0
/Users/kaiohs/Downloads/codes/lab02-experimentacao-software/data/repos/apache__groovy/src/main/java/groovy/lang/Tuple0.java,groovy.lang.Tuple0,class,2,4,2,2,2,4,0,0,1,0.75,NaN,NaN,2,0,1,1,0,0,1,0,0,0,2,2,1,1,0,0,2,0,0,9,1,0,0,0,0,0,1,2,0,2,0,0,0,0,21,17,0
/Users/kaiohs/Downloads/codes/lab02-experimentacao-software/data/repos/apache__groovy/src/main/java/groovy/util/ObjectGraphBuilder.java,groovy.util.ObjectGraphBuilder$NewInstanceResolver,interface,0,0,0,0,1,1,0,0,0,0.0,NaN,NaN,1,0,0,0,0,1,1,0,0,0,0,0,0,0,0,0,0,0,0,3,0,0,0,0,0,0,0,0,0,0,0,0,0,0,31,1,0
/Users/kaiohs/Downloads/codes/lab02-experimentacao-software/data/repos/apache__groovy/src/main/java/groovy/lang/Tuple1.java,groovy.lang.Tuple1,class,3,5,2,3,5,4,0,0,0,0.6,0.0,0.0,5,0,5,0,0,0,5,0,0,0,2,1,0,2,0,0,2,0,0,20,3,0,0,0,0,0,1,2,0,2,0,0,0,0,22,17,0
/Users/kaiohs/Downloads/codes/lab02-experimentacao-software/data/repos/apache__groovy/src/main/java/groovy/util/ObservableSet.java,groovy.util.ObservableSet,class,10,12,2,10,63,12,0,36,185,0.80588233,0.0,0.0,34,0,25,0,9,0,34,0,0,0,5,2,2,3,0,0,5,0,1,292,20,4,6,0,1,2,0,24,0,23,4,0,8,0,152,1,0
/Users/kaiohs/Downloads/codes/lab02-experimentacao-software/data/repos/apache__groovy/src/main/java/groovy/lang/Tuple2.java,groovy.lang.Tuple2,class,4,8,4,4,7,4,0,0,0,0.61904764,0.0,0.0,7,0,7,0,0,0,7,0,0,0,3,1,0,3,0,0,3,0,0,28,5,0,0,0,0,0,1,3,0,3,0,0,0,0,25,17,0
/Users/kaiohs/Downloads/codes/lab02-experimentacao-software/data/repos/apache__groovy/subprojects/groovy-macro/src/main/groovy/org/codehaus/groovy/macro/runtime/MacroBuilder.java,org.codehaus.groovy.macro.runtime.MacroBuilder,enum,12,15,3,12,17,1,0,15,13,0.6666667,0.0,0.0,6,2,5,1,0,0,5,0,0,0,1,1,0,1,0,0,1,0,3,71,9,1,2,0,3,5,3,11,2,10,3,1,0,0,51,1,0
/Users/kaiohs/Downloads/codes/lab02-experimentacao-software/data/repos/apache__groovy/src/main/java/groovy/lang/Tuple3.java,groovy.lang.Tuple3,class,5,7,2,5,9,4,0,0,4,0.6666667,0.0,0.0,9,0,9,0,0,0,9,0,0,0,4,1,0,4,0,0,4,0,0,36,7,0,0,0,0,0,1,4,0,4,0,0,0,0,29,17,0
/Users/kaiohs/Downloads/codes/lab02-experimentacao-software/data/repos/apache__groovy/src/main/java/org/codehaus/groovy/runtime/StringBufferWriter.java,org.codehaus.groovy.runtime.StringBufferWriter,class,1,1,0,1,14,2,0,5,0,0.25,0.0,0.0,8,0,8,0,0,0,8,0,0,0,1,0,0,1,0,0,1,0,0,31,2,0,1,0,7,0,4,1,3,1,1,0,0,0,79,1,0
/Users/kaiohs/Downloads/codes/lab02-experimentacao-software/data/repos/apache__groovy/src/main/java/groovy/lang/Tuple4.java,groovy.lang.Tuple4,class,6,8,2,6,11,4,0,0,13,0.7090909,0.0,0.0,11,0,11,0,0,0,11,0,0,0,5,1,0,5,0,0,5,0,0,44,9,0,0,0,0,0,1,5,0,5,0,0,0,0,33,17,0
/Users/kaiohs/Downloads/codes/lab02-experimentacao-software/data/repos/apache__groovy/src/main/java/groovy/lang/Tuple5.java,groovy.lang.Tuple5,class,7,9,2,7,13,4,0,0,26,0.7435897,0.0,0.0,13,0,13,0,0,0,13,0,0,0,6,1,0,6,0,0,6,0,0,52,11,0,0,0,0,0,1,6,0,6,0,0,0,0,37,17,0
/Users/kaiohs/Downloads/codes/lab02-experimentacao-software/data/repos/apache__groovy/src/main/java/org/codehaus/groovy/ast/stmt/ThrowStatement.java,org.codehaus.groovy.ast.stmt.ThrowStatement,class,3,8,5,3,5,3,0,2,0,0.2,0.0,0.0,5,0,5,0,0,0,5,0,0,0,1,0,0,1,0,0,0,0,0,18,2,0,0,0,0,1,0,2,1,1,0,0,0,0,14,1,0
/Users/kaiohs/Downloads/codes/lab02-experimentacao-software/data/repos/apache__groovy/src/main/java/groovy/lang/Tuple6.java,groovy.lang.Tuple6,class,8,10,2,8,15,4,0,0,43,0.77142864,0.0,0.0,15,0,15,0,0,0,15,0,0,0,7,1,0,7,0,0,7,0,0,60,13,0,0,0,0,0,1,7,0,7,0,0,0,0,41,17,0
/Users/kaiohs/Downloads/codes/lab02-experimentacao-software/data/repos/apache__groovy/src/main/java/groovy/lang/Tuple7.java,groovy.lang.Tuple7,class,9,11,2,9,17,4,0,0,64,0.79411757,0.0,0.0,17,0,17,0,0,0,17,0,0,0,8,1,0,8,0,0,8,0,0,68,15,0,0,0,0,0,1,8,0,8,0,0,0,0,45,17,0
/Users/kaiohs/Downloads/codes/lab02-experimentacao-software/data/repos/apache__groovy/src/main/java/org/codehaus/groovy/ast/ClassCodeVisitorSupport.java,org.codehaus.groovy.ast.ClassCodeVisitorSupport,class,37,41,4,37,51,2,2,55,595,0.0,0.0,0.0,35,0,27,0,8,0,35,1,1,0,0,0,0,0,0,0,0,0,0,172,0,9,6,0,0,0,0,2,1,2,2,0,0,0,85,1025,0
/Users/kaiohs/Downloads/codes/lab02-experimentacao-software/data/repos/apache__groovy/src/main/java/org/codehaus/groovy/ast/expr/EmptyExpression.java,org.codehaus.groovy.ast.expr.EmptyExpression,class,4,8,4,4,3,3,0,1,3,0.6666667,0.0,0.0,3,0,3,0,0,0,3,0,0,0,1,1,1,0,0,0,1,0,0,50,1,0,0,0,0,0,0,1,0,1,0,1,0,0,52,1,0
/Users/kaiohs/Downloads/codes/lab02-experimentacao-software/data/repos/apache__groovy/src/main/java/org/apache/groovy/plugin/GroovyRunnerRegistry.java,org.apache.groovy.plugin.GroovyRunnerRegistry,class,3,4,1,3,43,1,0,43,115,0.83116883,0.0,0.0,22,1,16,5,0,1,17,0,0,0,7,2,0,7,0,0,5,0,11,244,22,2,15,15,2,2,0,36,1,24,3,0,0,0,194,1,0
/Users/kaiohs/Downloads/codes/lab02-experimentacao-software/data/repos/apache__groovy/src/main/java/org/codehaus/groovy/transform/tailrec/VariableExpressionReplacer.java,org.codehaus.groovy.transform.tailrec.VariableExpressionReplacer,class,22,24,2,22,27,2,0,29,253,0.95652175,0.0,0.0,23,0,18,5,0,0,18,0,0,1,3,0,0,3,0,0,0,0,2,117,4,0,0,2,0,8,0,12,0,10,2,0,0,0,104,1,0
/Users/kaiohs/Downloads/codes/lab02-experimentacao-software/data/repos/apache__groovy/subprojects/groovy-console/src/main/groovy/groovy/console/ui/ConsoleTextEditor.java,groovy.console.ui.ConsoleTextEditor,class,11,12,1,11,21,15,0,41,23,0.84821415,0.0,0.0,14,0,11,2,1,0,12,0,0,0,16,6,0,16,0,0,6,0,7,237,6,1,0,2,0,2,4,33,1,29,3,2,5,1,120,1,0
/Users/kaiohs/Downloads/codes/lab02-experimentacao-software/data/repos/apache__groovy/src/main/java/org/codehaus/groovy/control/ResolveVisitor.java,org.codehaus.groovy.control.ResolveVisitor$LowerCaseClass,innerclass,2,2,0,2,7,4,0,4,4,0.5,0.0,0.0,4,0,4,0,0,0,4,0,0,0,1,0,0,0,0,1,1,0,0,24,5,0,3,0,0,1,0,2,0,1,1,0,0,0,65,10,0
/Users/kaiohs/Downloads/codes/lab02-experimentacao-software/data/repos/apache__groovy/subprojects/groovy-swing/src/main/groovy/groovy/swing/binding/JScrollBarProperties.java,groovy.swing.binding.JScrollBarProperties,class,3,3,0,3,1,1,0,2,0,0.0,NaN,NaN,1,1,1,0,0,0,1,0,0,0,0,0,0,0,0,0,0,0,0,7,1,0,0,0,0,1,0,1,1,3,0,0,0,1,11,1,0
/Users/kaiohs/Downloads/codes/lab02-experimentacao-software/data/repos/apache__groovy/src/main/java/org/codehaus/groovy/control/messages/Message.java,org.codehaus.groovy.control.messages.Message,class,7,14,7,7,5,1,3,1,10,0.0,0.0,0.0,5,3,5,0,0,0,5,1,1,0,0,0,0,0,0,0,0,0,0,15,3,0,0,0,0,0,0,0,0,0,0,0,0,0,30,1025,0
/Users/kaiohs/Downloads/codes/lab02-experimentacao-software/data/repos/apache__groovy/src/main/java/org/codehaus/groovy/runtime/SocketGroovyMethods.java,org.codehaus.groovy.runtime.SocketGroovyMethods,class,8,10,2,8,10,2,0,16,21,0.85714287,0.0,0.0,7,7,6,1,0,0,6,0,0,0,1,1,0,1,0,0,1,0,12,83,6,0,1,4,0,7,0,22,1,14,3,0,0,1,138,1,0
/Users/kaiohs/Downloads/codes/lab02-experimentacao-software/data/repos/apache__groovy/src/main/java/org/apache/groovy/util/concurrent/concurrentlinkedhashmap/Weighers.java,org.apache.groovy.util.concurrent.concurrentlinkedhashmap.Weighers$IterableWeigher,enum,1,1,0,1,3,1,0,1,0,0.0,NaN,NaN,1,0,1,0,0,0,1,0,0,0,0,0,0,0,0,0,0,0,0,11,2,1,0,0,1,0,1,1,0,1,1,0,0,0,16,0,0
/Users/kaiohs/Downloads/codes/lab02-experimentacao-software/data/repos/apache__groovy/subprojects/groovy-ginq/src/main/groovy/org/apache/groovy/ginq/provider/collection/runtime/WindowImpl.java,org.apache.groovy.ginq.provider.collection.runtime.WindowImpl,class,14,16,2,14,72,2,0,51,153,0.94444454,0.0,0.0,18,6,11,3,0,4,15,0,0,0,9,3,0,9,0,0,9,0,14,204,28,4,23,0,6,1,49,55,28,46,4,0,0,5,107,0,0
/Users/kaiohs/Downloads/codes/lab02-experimentacao-software/data/repos/apache__groovy/subprojects/groovy-json/src/main/java/org/apache/groovy/json/internal/Dates.java,org.apache.groovy.json.internal.Dates,class,3,6,3,3,37,1,0,20,26,0.72222227,0.0,0.0,9,9,8,1,0,0,8,0,0,0,4,4,1,1,0,2,3,0,27,120,17,0,24,3,16,7,47,36,48,28,3,0,0,0,52,1,0
/Users/kaiohs/Downloads/codes/lab02-experimentacao-software/data/repos/apache__groovy/src/test/groovy/groovy/lang/BigDecimalObjectRangeTest.java,groovy.lang.BigDecimalObjectRangeTest,class,3,3,0,3,2,3,0,0,1,0.0,0.0,0.0,2,0,0,0,2,0,2,0,0,0,0,0,0,0,0,0,0,0,0,8,2,0,0,0,0,0,0,0,0,0,0,0,0,0,16,1,0
/Users/kaiohs/Downloads/codes/lab02-experimentacao-software/data/repos/apache__groovy/subprojects/groovy-json/src/test/java/org/apache/groovy/json/internal/CharBufTest.java,org.apache.groovy.json.internal.CharBufTest,class,4,4,0,4,48,1,0,46,1035,0.0,0.0,0.0,46,0,0,0,0,46,46,0,0,0,0,0,0,0,0,0,0,0,47,265,0,1,0,0,0,73,86,60,0,60,1,0,0,0,87,0,0
/Users/kaiohs/Downloads/codes/lab02-experimentacao-software/data/repos/apache__groovy/src/test/groovy/groovy/annotations/MyIntegerAnnoTraceASTTransformation.java,groovy.annotations.MyIntegerAnnoTraceASTTransformation,class,6,6,0,6,5,1,0,9,0,1.0,NaN,NaN,1,0,1,0,0,0,1,0,0,0,1,1,1,0,0,0,0,0,1,16,0,0,1,1,2,5,5,3,2,3,1,0,0,0,30,1,0
/Users/kaiohs/Downloads/codes/lab02-experimentacao-software/data/repos/apache__groovy/src/test/groovy/org/codehaus/groovy/classgen/asm/sc/bugs/support/Groovy7538Support.java,org.codehaus.groovy.classgen.asm.sc.bugs.support.Groovy7538Support,class,4,5,1,4,2,4,0,3,1,0.0,0.0,0.0,2,1,2,0,0,0,2,0,0,0,0,0,0,0,0,0,0,0,2,60,1,0,0,0,0,4,0,0,0,0,0,0,3,0,7,1,0
/Users/kaiohs/Downloads/codes/lab02-experimentacao-software/data/repos/apache__groovy/src/test/groovy/groovy/lang/LongNumberRangeTest.java,groovy.lang.LongNumberRangeTest,class,3,3,0,3,4,3,0,7,6,0.0,0.0,0.0,4,0,1,0,3,0,4,0,0,0,0,0,0,0,0,0,0,0,6,15,2,0,0,0,0,2,2,0,1,0,0,0,0,0,26,1,0
/Users/kaiohs/Downloads/codes/lab02-experimentacao-software/data/repos/apache__groovy/src/main/java/org/codehaus/groovy/runtime/NullObject.java,org.codehaus.groovy.runtime.NullObject,class,6,22,16,6,22,2,0,9,114,0.8125,0.0,0.0,16,1,15,1,0,0,15,0,0,0,1,1,0,1,0,0,1,0,3,56,11,0,3,0,0,16,1,1,6,1,1,0,0,0,101,1,0
/Users/kaiohs/Downloads/codes/lab02-experimentacao-software/data/repos/apache__groovy/src/main/java/groovy/lang/ClosureException.java,groovy.lang.ClosureException,class,1,1,0,1,2,4,0,0,0,0.5,0.0,0.0,2,0,2,0,0,0,2,0,0,0,2,1,0,2,0,0,2,0,0,11,1,0,0,0,0,2,1,2,1,2,0,0,0,0,22,1,0
/Users/kaiohs/Downloads/codes/lab02-experimentacao-software/data/repos/apache__groovy/src/main/java/org/codehaus/groovy/tools/LoaderConfiguration.java,org.codehaus.groovy.tools.LoaderConfiguration,class,1,4,3,1,63,1,0,47,85,0.90000004,0.0,0.0,15,3,10,5,0,0,10,0,0,0,10,5,0,10,0,0,8,0,16,199,9,5,20,2,0,28,20,63,12,44,5,0,0,0,238,1,0
/Users/kaiohs/Downloads/codes/lab02-experimentacao-software/data/repos/apache__groovy/src/main/java/org/codehaus/groovy/control/SourceExtensionHandler.java,org.codehaus.groovy.control.SourceExtensionHandler,class,1,2,1,1,8,1,0,11,0,0.0,NaN,NaN,1,1,1,0,0,0,1,0,0,0,0,0,0,0,0,0,0,0,0,31,1,2,1,2,0,7,0,7,2,4,5,0,0,0,47,1,0
/Users/kaiohs/Downloads/codes/lab02-experimentacao-software/data/repos/apache__groovy/subprojects/groovy-groovydoc/src/main/java/org/codehaus/groovy/tools/groovydoc/SimpleGroovyExecutableMemberDoc.java,org.codehaus.groovy.tools.groovydoc.SimpleGroovyExecutableMemberDoc,class,5,9,4,5,10,5,2,2,39,0.79999995,0.0,0.0,10,0,10,0,0,0,10,0,0,0,2,1,0,1,0,1,1,0,0,35,8,0,0,0,0,0,1,2,0,2,0,0,0,0,37,1,0
/Users/kaiohs/Downloads/codes/lab02-experimentacao-software/data/repos/apache__groovy/src/main/java/org/codehaus/groovy/classgen/asm/indy/sc/IndyStaticTypesMultiTypeDispatcher.java,org.codehaus.groovy.classgen.asm.indy.sc.IndyStaticTypesMultiTypeDispatcher,class,7,8,1,7,2,5,0,6,1,0.5,0.0,0.0,2,0,1,0,1,0,2,0,0,0,3,3,0,3,0,0,3,0,1,30,1,0,0,0,0,33,8,4,0,4,0,0,1,0,45,1,0
/Users/kaiohs/Downloads/codes/lab02-experimentacao-software/data/repos/apache__groovy/subprojects/groovy-swing/src/main/groovy/groovy/swing/binding/JComboBoxProperties.java,groovy.swing.binding.JComboBoxElementsBinding,class,4,5,1,4,7,3,0,9,19,0.71428573,0.0,0.0,7,0,4,0,2,1,7,0,0,0,1,0,0,0,0,1,0,0,0,29,0,0,0,0,3,5,0,1,0,1,0,0,0,0,30,0,0
/Users/kaiohs/Downloads/codes/lab02-experimentacao-software/data/repos/apache__groovy/src/test/groovy/org/codehaus/groovy/runtime/MethodFailureTest.java,org.codehaus.groovy.runtime.MethodFailureTest,class,3,3,0,3,6,2,0,2,3,0.0,0.0,0.0,3,0,3,0,0,0,3,0,0,0,0,0,0,0,0,0,0,0,0,34,0,0,0,3,0,7,0,3,0,3,1,1,0,0,31,1,0
/Users/kaiohs/Downloads/codes/lab02-experimentacao-software/data/repos/apache__groovy/src/main/java/org/apache/groovy/util/concurrent/concurrentlinkedhashmap/Weighers.java,org.apache.groovy.util.concurrent.concurrentlinkedhashmap.Weighers$ListWeigher,enum,1,1,0,1,1,1,0,1,0,0.0,NaN,NaN,1,0,1,0,0,0,1,0,0,0,0,0,0,0,0,0,0,0,0,4,1,0,0,0,0,0,0,0,0,0,0,0,0,0,13,0,0
/Users/kaiohs/Downloads/codes/lab02-experimentacao-software/data/repos/apache__groovy/src/main/java/org/codehaus/groovy/classgen/asm/ClosureWriter.java,org.codehaus.groovy.classgen.asm.ClosureWriter$UseExistingReference,interface,0,0,0,0,0,1,0,0,0,0.0,-1.0,-1.0,0,0,0,0,0,0,0,0,0,0,0,0,0,0,0,0,0,0,0,2,0,0,0,0,0,0,0,0,0,0,0,0,0,0,3,4,0
/Users/kaiohs/Downloads/codes/lab02-experimentacao-software/data/repos/apache__groovy/src/main/java/org/codehaus/groovy/runtime/memoize/LRUProtectionStorage.java,org.codehaus.groovy.runtime.memoize.LRUProtectionStorage,class,1,2,1,1,7,4,0,4,8,0.8,0.0,0.0,5,0,4,0,1,0,5,0,0,3,2,1,0,2,0,0,2,0,0,22,3,0,1,0,0,0,1,3,0,3,1,0,0,0,88,16,0
/Users/kaiohs/Downloads/codes/lab02-experimentacao-software/data/repos/apache__groovy/src/test/groovy/org/apache/groovy/util/concurrent/concurrentlinkedhashmap/ConcurrentLinkedHashMapTest.java,org.apache.groovy.util.concurrent.concurrentlinkedhashmap.ConcurrentLinkedHashMapTest,class,2,2,0,2,4,1,0,15,1,0.0,0.0,0.0,2,0,2,0,0,0,2,0,0,0,0,0,0,0,0,0,0,0,0,44,0,1,0,1,0,10,41,7,4,15,3,0,0,9,30,1,0
/Users/kaiohs/Downloads/codes/lab02-experimentacao-software/data/repos/apache__groovy/src/main/java/groovy/util/ObservableSet.java,groovy.util.ObservableSet$ElementRemovedEvent,innerclass,1,1,0,1,1,3,0,0,0,1.0,NaN,NaN,1,0,1,0,0,0,1,0,0,0,1,1,0,1,0,0,1,0,0,6,0,0,0,0,0,0,1,1,0,1,0,0,0,0,12,9,0
/Users/kaiohs/Downloads/codes/lab02-experimentacao-software/data/repos/apache__groovy/subprojects/groovy-xml/src/main/java/groovy/xml/slurpersupport/NoChildren.java,groovy.xml.slurpersupport.NoChildren,class,6,11,5,6,15,3,0,1,105,0.0,0.0,0.0,15,0,12,0,3,0,15,0,0,0,0,0,0,0,0,0,0,0,0,54,9,0,0,0,0,3,1,0,0,0,0,1,0,0,90,1,0
/Users/kaiohs/Downloads/codes/lab02-experimentacao-software/data/repos/apache__groovy/src/main/java/groovy/util/ObjectGraphBuilder.java,groovy.util.ObjectGraphBuilder$DefaultRelationNameResolver,innerclass,2,2,0,2,4,1,0,6,1,0.0,0.0,0.0,2,0,2,0,0,0,2,0,0,0,0,0,0,0,0,0,0,0,0,11,2,0,1,0,0,2,2,3,3,3,0,0,0,0,59,9,0
/Users/kaiohs/Downloads/codes/lab02-experimentacao-software/data/repos/apache__groovy/src/test/groovy/org/codehaus/groovy/classgen/asm/sc/bugs/support/Groovy7538Support.java,org.codehaus.groovy.classgen.asm.sc.bugs.support.Groovy7538Support$AbstractCharSequenceAssert,innerclass,4,4,0,4,8,2,0,4,10,0.0,0.0,0.0,5,1,2,2,1,0,3,0,0,0,0,0,0,0,0,0,0,0,1,25,4,0,1,0,0,2,1,0,0,0,1,0,0,0,25,1033,0
/Users/kaiohs/Downloads/codes/lab02-experimentacao-software/data/repos/apache__groovy/src/main/java/org/codehaus/groovy/runtime/dgmimpl/NumberNumberMultiply.java,org.codehaus.groovy.runtime.dgmimpl.NumberNumberMultiply,class,23,24,1,23,20,106,0,1,190,0.0,0.0,0.0,20,1,20,0,0,0,20,0,0,0,0,0,0,0,0,0,0,0,2,313,20,0,0,0,0,1,1,0,0,0,0,0,17,0,29,17,0
/Users/kaiohs/Downloads/codes/lab02-experimentacao-software/data/repos/apache__groovy/subprojects/groovy-groovydoc/src/test/groovy/org/codehaus/groovy/tools/groovydoc/GroovyRootDocBuilderTest.java,org.codehaus.groovy.tools.groovydoc.GroovyRootDocBuilderTest,class,4,4,0,4,1,2,0,4,0,0.0,NaN,NaN,1,0,1,0,0,0,1,0,0,0,1,0,0,1,0,0,0,0,0,9,0,0,0,0,0,27,0,3,2,3,0,0,0,0,49,1,0
/Users/kaiohs/Downloads/codes/lab02-experimentacao-software/data/repos/apache__groovy/src/main/java/org/codehaus/groovy/runtime/GroovyCategorySupport.java,org.codehaus.groovy.runtime.GroovyCategorySupport$CategoryMethodList,innerclass,3,3,0,3,3,4,0,4,0,0.5,0.0,0.0,2,0,2,0,0,0,2,0,0,0,4,1,1,1,0,2,4,0,1,21,1,0,1,0,0,0,1,5,0,4,1,0,0,0,23,9,0
/Users/kaiohs/Downloads/codes/lab02-experimentacao-software/data/repos/apache__groovy/src/test/java/groovy/NamedParameterHelper.java,groovy.NamedParameterHelper,class,2,2,0,2,3,1,0,1,3,0.0,0.0,0.0,3,2,2,1,0,0,2,0,0,0,0,0,0,0,0,0,0,0,0,10,2,0,0,0,0,13,0,0,2,0,0,0,0,0,11,17,0
/Users/kaiohs/Downloads/codes/lab02-experimentacao-software/data/repos/apache__groovy/src/main/java/org/codehaus/groovy/runtime/InvokerInvocationException.java,org.codehaus.groovy.runtime.InvokerInvocationException,class,1,4,3,1,4,2,0,3,3,1.0,0.0,0.0,3,0,3,0,0,0,3,0,0,0,1,1,0,1,0,0,1,0,0,13,1,0,1,0,1,1,1,2,0,2,0,0,0,0,30,1,0
/Users/kaiohs/Downloads/codes/lab02-experimentacao-software/data/repos/apache__groovy/src/main/java/org/codehaus/groovy/ast/decompiled/LazyMethodNode.java,org.codehaus.groovy.ast.decompiled.LazyMethodNode,class,15,16,1,15,75,3,0,67,0,0.7466216,0.0,0.0,74,0,74,0,0,0,74,0,0,0,4,0,0,4,0,0,2,0,0,299,46,0,1,0,0,0,0,5,0,5,1,0,0,0,114,0,0
/Users/kaiohs/Downloads/codes/lab02-experimentacao-software/data/repos/apache__groovy/src/test/groovy/bugs/Groovy3560Helper.java,bugs.IGroovy3560,interface,0,3,3,0,0,1,0,0,0,0.0,-1.0,-1.0,0,0,0,0,0,0,0,0,0,0,0,0,0,0,0,0,0,0,0,2,0,0,0,0,0,0,0,0,0,0,0,0,0,0,2,0,0
/Users/kaiohs/Downloads/codes/lab02-experimentacao-software/data/repos/apache__groovy/src/test/groovy/groovy/lang/gcldeadlock/GroovyClassLoaderDeadlockTest.java,groovy.lang.gcldeadlock.GroovyClassLoaderDeadlockTest$Runner,innerclass,2,2,0,2,4,2,0,2,0,0.33333334,0.0,0.0,3,0,3,0,0,0,3,0,0,0,4,0,0,4,0,0,0,0,0,24,1,0,0,1,0,3,0,6,0,5,1,0,0,0,19,10,0
/Users/kaiohs/Downloads/codes/lab02-experimentacao-software/data/repos/apache__groovy/src/main/java/org/codehaus/groovy/control/messages/SimpleMessage.java,org.codehaus.groovy.control.messages.SimpleMessage,class,4,10,6,4,5,2,1,2,0,0.33333334,0.0,0.0,4,0,4,0,0,0,4,0,0,0,3,0,0,0,3,0,0,0,0,24,1,0,0,0,1,1,0,3,1,3,1,0,0,0,25,1,0
/Users/kaiohs/Downloads/codes/lab02-experimentacao-software/data/repos/apache__groovy/src/main/java/org/apache/groovy/util/concurrent/concurrentlinkedhashmap/ConcurrentLinkedHashMap.java,org.apache.groovy.util.concurrent.concurrentlinkedhashmap.ConcurrentLinkedHashMap$DiscardingListener,enum,1,1,0,1,1,1,0,0,0,0.0,NaN,NaN,1,0,1,0,0,0,1,0,0,0,0,0,0,0,0,0,0,0,0,3,0,0,0,0,0,0,0,0,0,0,0,0,0,0,18,0,0
/Users/kaiohs/Downloads/codes/lab02-experimentacao-software/data/repos/apache__groovy/src/main/java/org/apache/groovy/util/ScriptRunner.java,org.apache.groovy.util.ScriptRunner,class,2,3,1,2,5,1,0,5,3,0.0,0.0,0.0,3,2,2,1,0,0,2,0,0,0,0,0,0,0,0,0,0,0,1,20,0,0,0,2,0,4,0,0,2,0,1,0,0,0,31,1,0
/Users/kaiohs/Downloads/codes/lab02-experimentacao-software/data/repos/apache__groovy/subprojects/groovy-json/src/main/java/groovy/json/JsonParser.java,groovy.json.JsonParser,interface,2,4,2,2,9,1,0,0,36,0.0,0.0,0.0,9,0,0,0,0,9,9,0,0,0,0,0,0,0,0,0,0,0,0,11,0,0,0,0,0,0,0,0,0,0,0,0,0,0,33,1,0
/Users/kaiohs/Downloads/codes/lab02-experimentacao-software/data/repos/apache__groovy/subprojects/groovy-json/src/main/java/org/apache/groovy/json/internal/ValueList.java,org.apache.groovy.json.internal.ValueList,class,3,7,4,3,24,3,0,16,0,0.6388889,0.0,0.0,12,2,8,3,0,1,9,0,0,0,3,0,0,1,0,2,1,0,2,76,6,2,1,0,0,0,2,8,0,6,3,0,0,0,27,1,0
/Users/kaiohs/Downloads/codes/lab02-experimentacao-software/data/repos/apache__groovy/subprojects/groovy-json/src/main/java/groovy/json/StringEscapeUtils.java,groovy.json.StringEscapeUtils,class,2,4,2,2,53,1,0,17,66,0.0,0.0,0.0,12,11,9,3,0,0,9,0,0,0,0,0,0,0,0,0,0,0,15,210,10,2,8,3,0,8,12,17,7,12,4,0,0,0,170,1,0
/Users/kaiohs/Downloads/codes/lab02-experimentacao-software/data/repos/apache__groovy/src/main/java/org/codehaus/groovy/runtime/dgmimpl/NumberNumberPlus.java,org.codehaus.groovy.runtime.dgmimpl.NumberNumberPlus$FloatLong,innerclass,5,5,0,5,4,7,0,4,1,0.0,0.0,0.0,2,0,2,0,0,0,2,0,1,0,0,0,0,0,0,0,0,0,0,15,2,0,0,1,2,0,1,0,1,0,2,0,0,0,19,10,0
/Users/kaiohs/Downloads/codes/lab02-experimentacao-software/data/repos/apache__groovy/src/main/java/org/codehaus/groovy/runtime/dgmimpl/arrays/LongArrayPutAtMetaMethod.java,org.codehaus.groovy.runtime.dgmimpl.arrays.LongArrayPutAtMetaMethod$MyPojoMetaMethodSite,innerclass,6,6,0,6,11,6,0,4,3,0.0,0.0,0.0,3,0,3,0,0,0,3,0,0,0,0,0,0,0,0,0,0,0,2,25,4,0,0,1,3,0,4,3,0,1,3,0,0,0,24,10,0
/Users/kaiohs/Downloads/codes/lab02-experimentacao-software/data/repos/apache__groovy/src/main/java/org/codehaus/groovy/runtime/typehandling/DefaultTypeTransformation.java,org.codehaus.groovy.runtime.typehandling.DefaultTypeTransformation$ArrayToUnmodifiableListAdapter,innerclass,3,3,0,3,41,1,0,12,294,0.88,0.0,0.0,25,0,25,0,0,0,25,0,0,0,1,0,0,1,0,0,0,0,4,110,10,4,2,0,0,0,6,9,1,6,2,0,1,0,48,8,0
/Users/kaiohs/Downloads/codes/lab02-experimentacao-software/data/repos/apache__groovy/src/main/java/groovy/lang/MetaMethod.java,groovy.lang.MetaMethod,class,5,21,16,5,42,2,4,30,253,0.9710145,0.0,0.0,23,3,20,1,2,0,22,5,2,1,3,1,1,2,0,0,1,0,3,116,20,3,9,2,6,13,7,13,5,12,3,0,0,0,161,1025,0
/Users/kaiohs/Downloads/codes/lab02-experimentacao-software/data/repos/apache__groovy/src/main/java/groovy/beans/DefaultPropertyReader.java,groovy.beans.DefaultPropertyReader,class,2,3,1,2,1,1,0,1,0,1.0,NaN,NaN,1,0,1,0,0,0,1,0,0,0,1,1,1,0,0,0,1,0,0,6,1,0,0,0,0,0,0,1,0,1,0,0,0,0,14,1,0
/Users/kaiohs/Downloads/codes/lab02-experimentacao-software/data/repos/apache__groovy/src/main/java/org/codehaus/groovy/runtime/metaclass/ReflectionMetaMethod.java,org.codehaus.groovy.runtime.metaclass.ReflectionMetaMethod,class,4,7,3,4,12,2,1,10,0,0.0,0.0,0.0,9,0,8,0,1,0,9,0,0,0,1,0,0,0,1,0,1,0,0,39,8,0,0,1,0,0,0,1,0,1,1,0,0,0,31,1,0
/Users/kaiohs/Downloads/codes/lab02-experimentacao-software/data/repos/apache__groovy/src/main/java/org/codehaus/groovy/runtime/dgmimpl/NumberNumberMinus.java,org.codehaus.groovy.runtime.dgmimpl.NumberNumberMinus$IntegerDouble,innerclass,5,5,0,5,4,7,0,3,1,0.0,0.0,0.0,2,0,2,0,0,0,2,0,1,0,0,0,0,0,0,0,0,0,0,15,2,0,0,1,1,0,1,0,1,0,2,0,0,0,19,10,0
/Users/kaiohs/Downloads/codes/lab02-experimentacao-software/data/repos/apache__groovy/src/main/java/org/codehaus/groovy/runtime/wrappers/BooleanWrapper.java,org.codehaus.groovy.runtime.wrappers.BooleanWrapper,class,1,1,0,1,2,3,0,0,0,0.0,NaN,NaN,1,0,1,0,0,0,1,0,0,0,0,0,0,0,0,0,0,0,0,5,0,0,0,0,0,0,0,0,0,0,0,0,0,0,4,1,0
/Users/kaiohs/Downloads/codes/lab02-experimentacao-software/data/repos/apache__groovy/subprojects/groovy-nio/src/main/java/org/apache/groovy/nio/extensions/NioExtensions.java,org.apache.groovy.nio.extensions.NioExtensions$Anonymous1,anonymous,2,2,0,2,6,1,0,8,1,0.0,0.0,0.0,2,0,2,0,0,0,2,0,0,0,0,0,0,0,0,0,0,0,1,28,1,0,1,2,0,0,1,1,1,1,2,0,0,0,16,-1,0
/Users/kaiohs/Downloads/codes/lab02-experimentacao-software/data/repos/apache__groovy/src/test/groovy/bugs/groovy8468/FaceImpl.java,bugs.groovy8468.FaceImpl,class,1,1,0,1,0,1,0,0,0,0.0,-1.0,-1.0,0,0,0,0,0,0,0,0,0,0,0,0,0,0,0,0,0,0,0,2,0,0,0,0,0,0,0,0,0,0,0,0,0,0,2,1,0
/Users/kaiohs/Downloads/codes/lab02-experimentacao-software/data/repos/apache__groovy/src/main/java/org/codehaus/groovy/control/CompilationFailedException.java,org.codehaus.groovy.control.CompilationFailedException,class,3,8,5,3,3,2,3,1,0,0.44444445,0.0,0.0,3,0,3,0,0,0,3,0,0,0,3,1,0,1,2,0,1,0,2,18,1,0,0,0,0,2,1,5,2,3,0,0,0,0,30,1,0
/Users/kaiohs/Downloads/codes/lab02-experimentacao-software/data/repos/apache__groovy/src/main/java/groovy/lang/NamedValue.java,groovy.lang.NamedValue,class,3,4,1,3,10,1,0,5,0,0.42857146,0.0,0.0,7,0,7,0,0,0,7,0,0,0,3,1,0,3,0,0,3,0,3,30,8,0,3,0,0,2,2,4,2,4,1,0,0,0,35,1,0
/Users/kaiohs/Downloads/codes/lab02-experimentacao-software/data/repos/apache__groovy/subprojects/groovy-nio/src/main/java/org/apache/groovy/nio/extensions/NioExtensions.java,org.apache.groovy.nio.extensions.NioExtensions$Anonymous2,anonymous,1,1,0,1,7,1,0,5,1,0.0,0.0,0.0,2,0,2,0,0,0,2,0,0,0,0,0,0,0,0,0,0,0,1,34,2,0,0,3,0,1,1,0,1,0,3,0,0,0,19,-1,0
/Users/kaiohs/Downloads/codes/lab02-experimentacao-software/data/repos/apache__groovy/src/main/java/org/codehaus/groovy/classgen/asm/BinaryExpressionMultiTypeDispatcher.java,org.codehaus.groovy.classgen.asm.BinaryExpressionMultiTypeDispatcher$BinaryCharExpressionHelper,innerclass,5,5,0,5,2,3,0,1,1,0.5,NaN,NaN,2,0,0,1,1,0,1,0,0,0,1,1,0,1,0,0,1,0,2,9,1,0,0,0,0,2,0,2,0,2,0,0,0,0,24,10,0
/Users/kaiohs/Downloads/codes/lab02-experimentacao-software/data/repos/apache__groovy/src/main/java/groovy/transform/stc/SingleSignatureClosureHint.java,groovy.transform.stc.SingleSignatureClosureHint,class,7,10,3,7,2,2,2,2,1,0.0,0.0,0.0,2,0,2,0,0,0,2,1,0,0,0,0,0,0,0,0,0,0,1,6,1,0,0,0,0,0,0,0,0,0,0,0,0,0,32,1025,0
/Users/kaiohs/Downloads/codes/lab02-experimentacao-software/data/repos/apache__groovy/src/main/java/org/codehaus/groovy/util/ReferenceManager.java,org.codehaus.groovy.util.ReferenceManager$ThreadedReferenceManager,innerclass,4,4,0,4,8,2,0,12,0,0.16666667,0.0,0.0,3,0,3,0,0,0,3,0,0,0,2,0,0,2,0,0,1,0,1,39,1,1,2,1,0,2,1,8,1,5,4,0,0,1,23,10,0
/Users/kaiohs/Downloads/codes/lab02-experimentacao-software/data/repos/apache__groovy/src/main/java/groovy/util/ObjectGraphBuilder.java,groovy.util.ObjectGraphBuilder$ReflectionClassNameResolver,innerclass,2,2,0,2,8,1,0,11,0,0.0,0.0,0.0,2,0,2,0,0,0,2,0,0,0,1,0,0,1,0,0,1,0,1,40,2,0,2,1,0,8,3,7,4,6,5,0,0,0,62,1,0
/Users/kaiohs/Downloads/codes/lab02-experimentacao-software/data/repos/apache__groovy/subprojects/groovy-test/src/main/java/groovy/test/GroovyAssert.java,groovy.test.GroovyAssert,class,4,6,2,4,57,1,0,45,134,0.92647064,0.0,0.0,17,17,12,4,1,0,13,0,0,0,4,4,1,3,0,0,4,0,23,210,16,4,14,8,2,38,11,40,14,26,4,0,0,0,247,1,2
/Users/kaiohs/Downloads/codes/lab02-experimentacao-software/data/repos/apache__groovy/subprojects/groovy-swing/src/main/groovy/groovy/swing/impl/TableLayoutCell.java,groovy.swing.impl.TableLayoutCell,class,2,5,3,2,31,1,0,9,90,0.8625,0.0,0.0,16,0,14,0,2,0,16,0,0,0,10,1,0,9,1,0,1,0,1,119,16,0,2,0,0,5,8,24,1,13,2,0,0,0,82,1,0
/Users/kaiohs/Downloads/codes/lab02-experimentacao-software/data/repos/apache__groovy/subprojects/groovy-json/src/main/java/groovy/json/JsonGenerator.java,groovy.json.JsonGenerator,interface,0,6,6,0,3,1,0,0,3,0.0,0.0,0.0,3,0,0,0,0,3,3,0,0,0,0,0,0,0,0,0,0,0,0,81,0,0,0,0,0,0,0,0,0,0,0,0,2,0,50,1,0
/Users/kaiohs/Downloads/codes/lab02-experimentacao-software/data/repos/apache__groovy/src/main/java/org/codehaus/groovy/runtime/DefaultGroovyMethods.java,org.codehaus.groovy.runtime.DefaultGroovyMethods$ChopIterator,innerclass,2,2,0,2,7,1,0,6,0,0.33333334,0.0,0.0,4,0,3,1,0,0,3,0,0,0,3,0,0,3,0,0,3,0,0,25,2,1,1,0,1,0,1,5,0,5,1,0,0,0,18,26,0
/Users/kaiohs/Downloads/codes/lab02-experimentacao-software/data/repos/apache__groovy/src/test/groovy/org/codehaus/groovy/ast/ASTTest.java,org.codehaus.groovy.ast.ASTTest,class,5,7,2,5,2,2,1,5,1,0.0,0.0,0.0,2,0,2,0,0,0,2,0,0,0,0,0,0,0,0,0,0,0,0,12,2,0,0,0,0,1,0,2,0,2,0,0,0,0,21,1025,0
/Users/kaiohs/Downloads/codes/lab02-experimentacao-software/data/repos/apache__groovy/src/test/groovy/groovy/JavaClass.java,groovy.JavaClass$StaticInner,innerclass,0,0,0,0,2,1,0,0,1,0.0,0.0,0.0,2,1,0,0,0,2,2,0,0,0,0,0,0,0,0,0,0,0,0,10,2,0,0,0,0,0,2,0,0,0,0,0,1,0,5,9,0
/Users/kaiohs/Downloads/codes/lab02-experimentacao-software/data/repos/apache__groovy/src/main/java/groovy/util/ObservableList.java,groovy.util.ObservableList$ElementRemovedEvent,innerclass,1,1,0,1,1,3,0,0,0,1.0,NaN,NaN,1,0,1,0,0,0,1,0,0,0,1,1,0,1,0,0,1,0,0,6,0,0,0,0,0,0,1,1,0,1,0,0,0,0,12,9,0
/Users/kaiohs/Downloads/codes/lab02-experimentacao-software/data/repos/apache__groovy/src/main/java/groovy/util/FactoryBuilderSupport.java,groovy.util.FactoryInterceptorMetaClass,class,4,5,1,4,11,2,0,7,0,0.0,0.0,0.0,3,0,2,0,0,1,3,0,0,0,1,0,0,0,0,1,0,0,0,53,6,2,2,4,0,0,0,5,0,3,3,0,0,0,20,0,0
/Users/kaiohs/Downloads/codes/lab02-experimentacao-software/data/repos/apache__groovy/src/main/java/org/codehaus/groovy/runtime/dgmimpl/arrays/DoubleArrayGetAtMetaMethod.java,org.codehaus.groovy.runtime.dgmimpl.arrays.DoubleArrayGetAtMetaMethod$MyPojoMetaMethodSite,innerclass,6,6,0,6,5,6,0,3,1,0.0,0.0,0.0,2,0,2,0,0,0,2,0,0,0,0,0,0,0,0,0,0,0,1,11,2,0,0,0,1,0,0,0,0,0,1,0,0,0,16,10,0
/Users/kaiohs/Downloads/codes/lab02-experimentacao-software/data/repos/apache__groovy/src/main/java/org/codehaus/groovy/classgen/asm/BinaryFloatExpressionHelper.java,org.codehaus.groovy.classgen.asm.BinaryFloatExpressionHelper,class,8,9,1,8,15,2,0,2,76,0.8974359,0.0,0.0,13,0,1,0,12,0,13,0,0,0,2,2,0,2,0,0,2,0,2,47,8,0,0,0,0,4,3,3,0,3,1,0,0,0,62,1,0
/Users/kaiohs/Downloads/codes/lab02-experimentacao-software/data/repos/apache__groovy/subprojects/groovy-groovydoc/src/main/java/org/codehaus/groovy/groovydoc/GroovyDocErrorReporter.java,org.codehaus.groovy.groovydoc.GroovyDocErrorReporter,interface,0,1,1,0,3,1,0,0,3,0.0,0.0,0.0,3,0,0,0,0,3,3,0,0,0,0,0,0,0,0,0,0,0,0,5,0,0,0,0,0,0,0,0,0,0,0,0,0,0,8,1,0
/Users/kaiohs/Downloads/codes/lab02-experimentacao-software/data/repos/apache__groovy/src/main/java/org/codehaus/groovy/runtime/callsite/PlainObjectMetaMethodSite.java,org.codehaus.groovy.runtime.callsite.PlainObjectMetaMethodSite,class,6,14,8,6,4,4,2,3,1,0.0,0.0,0.0,2,1,1,0,1,0,2,0,0,0,0,0,0,0,0,0,0,0,1,19,1,0,0,1,0,0,0,1,0,1,2,0,0,0,26,1025,0
/Users/kaiohs/Downloads/codes/lab02-experimentacao-software/data/repos/apache__groovy/src/main/java/org/codehaus/groovy/util/FastArray.java,org.codehaus.groovy.util.FastArray,class,2,11,9,2,29,1,0,10,0,0.67105263,0.0,0.0,19,0,19,0,0,0,19,0,0,0,4,2,2,2,0,0,2,0,7,106,12,0,7,1,0,1,23,22,4,11,1,1,0,0,56,1,0
/Users/kaiohs/Downloads/codes/lab02-experimentacao-software/data/repos/apache__groovy/src/main/java/groovy/util/PermutationGenerator.java,groovy.util.PermutationGenerator,class,3,4,1,3,17,1,0,12,8,0.59375,0.0,0.0,8,1,7,1,0,0,7,0,0,0,4,0,0,4,0,0,3,0,2,74,5,6,0,0,0,2,9,23,5,14,1,0,0,0,97,1,0
/Users/kaiohs/Downloads/codes/lab02-experimentacao-software/data/repos/apache__groovy/src/main/java/org/codehaus/groovy/runtime/ConvertedMap.java,org.codehaus.groovy.runtime.ConvertedMap,class,4,6,2,4,8,2,0,9,10,1.0,0.0,0.0,5,1,3,0,2,0,5,0,0,0,1,1,0,1,0,0,1,0,3,26,5,0,2,0,0,2,1,3,0,3,1,0,0,0,73,1,0
/Users/kaiohs/Downloads/codes/lab02-experimentacao-software/data/repos/apache__groovy/src/main/java/org/codehaus/groovy/transform/stc/AbstractExtensionMethodCache.java,org.codehaus.groovy.transform.stc.AbstractExtensionMethodCache,class,13,16,3,13,25,1,1,38,45,0.92499995,0.0,0.0,10,0,1,5,4,0,5,4,0,0,4,0,0,3,0,1,4,0,5,73,5,4,2,0,2,1,5,21,1,24,3,0,0,3,83,1025,0
/Users/kaiohs/Downloads/codes/lab02-experimentacao-software/data/repos/apache__groovy/subprojects/groovy-astbuilder/src/main/java/org/apache/groovy/ast/builder/AstBuilderTransformation.java,org.apache.groovy.ast.builder.AstBuilderTransformation,class,7,7,0,7,1,3,0,4,0,0.0,NaN,NaN,1,0,0,0,1,0,1,0,0,0,0,0,0,0,0,0,0,0,0,80,1,0,0,0,0,0,0,0,0,0,0,0,1,0,59,1,0
/Users/kaiohs/Downloads/codes/lab02-experimentacao-software/data/repos/apache__groovy/subprojects/groovy-json/src/main/java/org/apache/groovy/json/internal/JsonStringDecoder.java,org.apache.groovy.json.internal.JsonStringDecoder,class,4,6,2,4,3,1,0,5,1,0.0,0.0,0.0,2,2,2,0,0,0,2,0,0,0,0,0,0,0,0,0,0,0,3,13,3,0,0,0,0,0,0,1,3,1,1,0,0,0,11,1,0
/Users/kaiohs/Downloads/codes/lab02-experimentacao-software/data/repos/apache__groovy/src/main/java/org/codehaus/groovy/runtime/dgmimpl/NumberNumberDiv.java,org.codehaus.groovy.runtime.dgmimpl.NumberNumberDiv$DoubleInteger,innerclass,5,5,0,5,6,7,0,3,6,0.0,0.0,0.0,4,0,4,0,0,0,4,0,3,0,0,0,0,0,0,0,0,0,0,21,4,0,0,1,3,0,2,0,3,0,2,0,0,0,20,10,0
/Users/kaiohs/Downloads/codes/lab02-experimentacao-software/data/repos/apache__groovy/subprojects/groovy-jsr223/src/test/java/org/codehaus/groovy/jsr223/JSR223SecurityTest.java,org.codehaus.groovy.jsr223.ClassLoaderDefinitionType,enum,0,2,2,0,0,1,0,0,0,0.0,-1.0,-1.0,0,0,0,0,0,0,0,0,0,0,0,0,0,0,0,0,0,0,0,1,0,0,0,0,0,0,0,0,0,0,0,0,0,0,14,0,0
/Users/kaiohs/Downloads/codes/lab02-experimentacao-software/data/repos/apache__groovy/src/main/java/org/apache/groovy/parser/antlr4/AbstractParser.java,org.apache.groovy.parser.antlr4.AbstractParser,class,3,3,0,3,1,2,0,0,0,0.0,NaN,NaN,1,0,1,0,0,0,1,0,0,0,0,0,0,0,0,0,0,0,0,5,0,0,0,0,0,0,0,0,0,0,0,0,0,0,26,1025,0
/Users/kaiohs/Downloads/codes/lab02-experimentacao-software/data/repos/apache__groovy/src/main/java/groovy/lang/MetaClassImpl.java,groovy.lang.MetaClassImpl$InvokeMethodResult,enum,0,0,0,0,0,1,0,0,0,0.0,-1.0,-1.0,0,0,0,0,0,0,0,0,0,0,0,0,0,0,0,0,0,0,0,1,0,0,0,0,0,0,0,0,0,0,0,0,0,0,7,2,0
/Users/kaiohs/Downloads/codes/lab02-experimentacao-software/data/repos/apache__groovy/subprojects/groovy-xml/src/main/java/groovy/xml/streamingmarkupsupport/StreamingMarkupWriter.java,groovy.xml.streamingmarkupsupport.StreamingMarkupWriter,class,7,9,2,7,28,2,0,21,40,0.8531469,0.0,0.0,13,1,12,1,0,0,12,0,0,0,11,0,0,4,7,0,7,0,6,145,9,1,1,0,5,4,13,23,2,12,3,1,0,0,66,1,0
/Users/kaiohs/Downloads/codes/lab02-experimentacao-software/data/repos/apache__groovy/src/main/java/org/codehaus/groovy/ast/expr/MethodCallExpression.java,org.codehaus.groovy.ast.expr.MethodCallExpression$Anonymous1,anonymous,2,2,0,2,2,1,0,2,1,0.0,0.0,0.0,2,0,2,0,0,0,2,0,0,0,0,0,0,0,0,0,0,0,1,8,1,0,0,0,0,0,0,0,0,0,0,0,0,0,9,-1,0
/Users/kaiohs/Downloads/codes/lab02-experimentacao-software/data/repos/apache__groovy/subprojects/groovy-swing/src/main/java/org/apache/groovy/swing/binding/SwingTimerTriggerBinding.java,org.apache.groovy.swing.binding.SwingTimerFullBinding,class,5,7,2,5,31,2,0,14,151,0.8454106,0.0,0.0,23,0,20,0,0,3,23,0,0,0,9,0,0,0,0,9,0,0,2,115,8,0,0,0,4,0,3,15,3,11,2,0,0,0,49,0,0
/Users/kaiohs/Downloads/codes/lab02-experimentacao-software/data/repos/apache__groovy/subprojects/groovy-xml/src/main/java/groovy/xml/MarkupBuilderHelper.java,groovy.xml.MarkupBuilderHelper,class,2,4,2,2,8,1,0,7,16,0.5,0.0,0.0,8,0,8,0,0,0,8,0,0,0,1,0,0,1,0,0,1,0,0,29,0,0,0,0,0,3,0,2,1,2,0,0,0,0,78,1,0
/Users/kaiohs/Downloads/codes/lab02-experimentacao-software/data/repos/apache__groovy/subprojects/groovy-json/src/main/java/groovy/json/DefaultJsonGenerator.java,groovy.json.DefaultJsonGenerator$ClosureConverter,innerclass,3,3,0,3,16,1,0,8,0,0.5,0.0,0.0,6,0,5,0,1,0,6,0,0,0,3,0,0,0,3,0,3,0,0,51,7,0,5,0,3,7,5,6,3,6,2,0,0,0,86,12,0
/Users/kaiohs/Downloads/codes/lab02-experimentacao-software/data/repos/apache__groovy/src/main/java/org/codehaus/groovy/util/IntIntArrayColumnIterator.java,org.codehaus.groovy.util.IntIntArrayColumnIterator,class,2,4,2,2,10,1,0,2,0,0.5,0.0,0.0,4,0,4,0,0,0,4,0,0,0,3,0,0,3,0,0,1,0,1,31,2,2,1,0,0,1,3,8,0,5,2,0,0,0,42,1,0
/Users/kaiohs/Downloads/codes/lab02-experimentacao-software/data/repos/apache__groovy/src/main/java/org/apache/groovy/util/concurrent/ConcurrentReferenceHashMap.java,org.apache.groovy.util.concurrent.ConcurrentReferenceHashMap$SoftKeyReference,innerclass,3,3,0,3,3,3,0,0,1,0.33333334,0.0,0.0,3,0,2,0,0,1,3,0,2,0,1,0,0,0,0,1,1,0,0,13,2,0,0,0,0,0,0,1,0,1,0,0,0,0,18,26,0
/Users/kaiohs/Downloads/codes/lab02-experimentacao-software/data/repos/apache__groovy/src/main/java/org/codehaus/groovy/transform/sc/transformers/ListExpressionTransformer.java,org.codehaus.groovy.transform.sc.transformers.ListExpressionTransformer$NewListExpression,innerclass,11,11,0,11,5,2,0,14,3,0.0,0.0,0.0,3,0,2,0,0,1,3,0,0,0,0,0,0,0,0,0,0,0,0,30,1,1,0,0,1,3,0,4,0,4,2,0,0,0,32,10,0
/Users/kaiohs/Downloads/codes/lab02-experimentacao-software/data/repos/apache__groovy/src/main/java/org/apache/groovy/antlr/LexerFrame.java,org.apache.groovy.antlr.LexerFrame$HScrollableTextPane,innerclass,0,0,0,0,4,7,0,3,1,1.0,0.0,0.0,2,0,2,0,0,0,2,0,0,0,1,1,0,1,0,0,1,0,0,12,1,0,0,0,1,0,1,2,0,1,1,0,0,0,21,10,0
/Users/kaiohs/Downloads/codes/lab02-experimentacao-software/data/repos/apache__groovy/src/main/java/org/codehaus/groovy/classgen/asm/ClosureWriter.java,org.codehaus.groovy.classgen.asm.ClosureWriter$CorrectAccessedVariableVisitor,innerclass,6,6,0,6,5,2,0,4,0,0.0,0.0,0.0,2,0,2,0,0,0,2,0,0,0,1,0,0,1,0,0,0,0,0,16,2,0,2,0,1,0,0,4,0,4,1,0,0,0,18,12,0
/Users/kaiohs/Downloads/codes/lab02-experimentacao-software/data/repos/apache__groovy/subprojects/groovy-contracts/src/main/java/org/apache/groovy/contracts/ViolationTracker.java,org.apache.groovy.contracts.ViolationTracker,class,3,6,3,3,9,1,0,13,0,0.44444445,0.0,0.0,9,5,9,0,0,0,9,0,0,0,2,1,1,1,0,0,2,0,2,32,4,0,0,0,0,0,0,2,0,2,0,0,0,0,49,1,0
/Users/kaiohs/Downloads/codes/lab02-experimentacao-software/data/repos/apache__groovy/src/main/java/org/codehaus/groovy/runtime/callsite/PogoMetaMethodSite.java,org.codehaus.groovy.runtime.callsite.PogoMetaMethodSite$PogoMetaMethodSiteNoUnwrapNoCoerce,innerclass,5,5,0,5,3,6,0,2,1,0.0,0.0,0.0,2,0,2,0,0,0,2,0,1,0,0,0,0,0,0,0,0,0,1,13,1,0,0,1,0,0,0,0,0,0,1,0,0,0,32,9,0
/Users/kaiohs/Downloads/codes/lab02-experimentacao-software/data/repos/apache__groovy/src/main/java/org/codehaus/groovy/runtime/metaclass/MixinInstanceMetaProperty.java,org.codehaus.groovy.runtime.metaclass.MixinInstanceMetaProperty$Anonymous1,anonymous,1,1,0,1,6,1,0,8,10,0.8,0.0,0.0,5,0,5,0,0,0,6,0,0,0,1,0,0,0,0,1,1,0,0,22,5,0,0,0,0,0,1,1,0,1,0,0,0,0,18,-1,0
/Users/kaiohs/Downloads/codes/lab02-experimentacao-software/data/repos/apache__groovy/src/main/java/org/codehaus/groovy/runtime/metaclass/MixinInstanceMetaProperty.java,org.codehaus.groovy.runtime.metaclass.MixinInstanceMetaProperty$Anonymous2,anonymous,1,1,0,1,6,1,0,7,10,0.8,0.0,0.0,5,0,5,0,0,0,6,0,0,0,1,0,0,0,0,1,1,0,0,21,5,0,0,0,0,0,0,1,0,1,0,0,0,0,17,-1,0
/Users/kaiohs/Downloads/codes/lab02-experimentacao-software/data/repos/apache__groovy/src/main/java/org/codehaus/groovy/runtime/MethodRankHelper.java,org.codehaus.groovy.runtime.MethodRankHelper$RankableField,innerclass,3,3,0,3,3,1,0,3,0,0.33333334,0.0,0.0,3,0,3,0,0,0,3,0,0,0,2,0,0,0,0,2,2,0,1,14,2,0,0,0,0,0,0,2,0,2,0,0,0,0,30,26,0
/Users/kaiohs/Downloads/codes/lab02-experimentacao-software/data/repos/apache__groovy/src/main/java/org/codehaus/groovy/util/ManagedConcurrentLinkedQueue.java,org.codehaus.groovy.util.ManagedConcurrentLinkedQueue$Element,innerclass,2,2,0,2,2,2,0,2,1,0.0,0.0,0.0,2,0,1,0,0,1,2,0,0,0,0,0,0,0,0,0,0,0,0,9,0,0,0,0,0,0,0,0,0,0,0,0,0,0,5,2,0
/Users/kaiohs/Downloads/codes/lab02-experimentacao-software/data/repos/apache__groovy/src/main/java/groovy/util/GroovyCollections.java,groovy.util.GroovyCollections,class,8,9,1,8,40,1,0,29,171,0.0,0.0,0.0,19,19,19,0,0,0,19,0,0,0,0,0,0,0,0,0,0,0,12,135,21,14,2,0,0,4,7,29,0,26,4,0,0,0,100,1,0
/Users/kaiohs/Downloads/codes/lab02-experimentacao-software/data/repos/apache__groovy/src/main/java/org/codehaus/groovy/transform/TupleConstructorASTTransformation.java,org.codehaus.groovy.transform.TupleConstructorASTTransformation,class,41,43,2,41,93,2,0,120,29,0.8285715,0.0,0.0,10,6,5,5,0,0,5,0,0,0,7,6,0,4,0,3,6,0,38,267,20,5,27,0,5,42,14,82,8,78,4,0,0,3,214,1,0
/Users/kaiohs/Downloads/codes/lab02-experimentacao-software/data/repos/apache__groovy/src/main/java/org/codehaus/groovy/runtime/dgmimpl/NumberNumberMultiply.java,org.codehaus.groovy.runtime.dgmimpl.NumberNumberMultiply$FloatLong,innerclass,5,5,0,5,4,7,0,4,1,0.0,0.0,0.0,2,0,2,0,0,0,2,0,1,0,0,0,0,0,0,0,0,0,0,15,2,0,0,1,2,0,1,0,1,0,2,0,0,0,19,10,0
/Users/kaiohs/Downloads/codes/lab02-experimentacao-software/data/repos/apache__groovy/src/test/groovy/org/codehaus/groovy/reflection/utils/PojoCallerTestClass.java,org.codehaus.groovy.reflection.utils.PojoCallerTestClass,class,0,0,0,0,2,1,0,1,1,0.0,0.0,0.0,2,1,2,0,0,0,2,0,0,0,0,0,0,0,0,0,0,0,0,8,2,0,0,0,0,0,0,0,0,0,0,0,0,0,6,0,0
/Users/kaiohs/Downloads/codes/lab02-experimentacao-software/data/repos/apache__groovy/subprojects/groovy-groovydoc/src/test/groovy/org/codehaus/groovy/tools/groovydoc/testfiles/generics/Java.java,org.codehaus.groovy.tools.groovydoc.testfiles.generics.Java,class,4,4,0,4,2,1,0,0,1,0.0,0.0,0.0,2,1,2,0,0,0,2,0,0,0,0,0,0,0,0,0,0,0,0,8,2,0,0,0,0,0,2,0,0,0,0,0,0,0,14,1025,0
/Users/kaiohs/Downloads/codes/lab02-experimentacao-software/data/repos/apache__groovy/src/main/java/org/codehaus/groovy/runtime/memoize/CommonCache.java,org.codehaus.groovy.runtime.memoize.CommonCache,class,9,12,3,9,38,1,0,27,66,0.8229166,0.0,0.0,24,1,23,1,0,0,23,0,0,0,4,3,2,2,0,0,4,0,1,108,19,2,8,0,4,0,4,11,0,10,2,1,0,0,97,1,0
/Users/kaiohs/Downloads/codes/lab02-experimentacao-software/data/repos/apache__groovy/subprojects/groovy-macro/src/main/groovy/org/codehaus/groovy/macro/matcher/ASTNodePredicate.java,org.codehaus.groovy.macro.matcher.ASTNodePredicate,interface,1,4,3,1,1,1,0,0,0,0.0,NaN,NaN,1,0,0,0,0,1,1,0,0,0,0,0,0,0,0,0,0,0,0,3,0,0,0,0,0,0,0,0,0,0,0,0,0,0,7,1,0
/Users/kaiohs/Downloads/codes/lab02-experimentacao-software/data/repos/apache__groovy/subprojects/groovy-contracts/src/main/java/org/apache/groovy/contracts/common/impl/EnsuresAnnotationProcessor.java,org.apache.groovy.contracts.common.impl.EnsuresAnnotationProcessor,class,9,9,0,9,3,2,0,5,0,0.0,NaN,NaN,1,0,1,0,0,0,1,0,0,0,0,0,0,0,0,0,0,0,0,8,2,0,1,0,0,0,0,1,0,1,1,0,0,0,24,1,0
/Users/kaiohs/Downloads/codes/lab02-experimentacao-software/data/repos/apache__groovy/subprojects/groovy-groovysh/src/main/groovy/org/apache/groovy/groovysh/jline/JrtJavaBasePackages.java,org.apache.groovy.groovysh.jline.JrtJavaBasePackages,class,1,2,1,1,6,2,0,16,0,0.0,NaN,NaN,1,1,1,0,0,0,1,0,0,0,0,0,0,0,0,0,0,0,5,68,1,0,0,1,0,6,6,11,2,6,2,0,1,0,31,1,0
/Users/kaiohs/Downloads/codes/lab02-experimentacao-software/data/repos/apache__groovy/src/main/java/org/codehaus/groovy/classgen/asm/MopWriter.java,org.codehaus.groovy.classgen.asm.MopWriter$Factory,interface,2,2,0,2,1,1,0,0,0,0.0,NaN,NaN,1,0,0,0,0,1,1,0,0,0,0,0,0,0,0,0,0,0,0,3,0,0,0,0,0,0,0,0,0,0,0,0,0,0,6,1,0
/Users/kaiohs/Downloads/codes/lab02-experimentacao-software/data/repos/apache__groovy/src/main/java/org/codehaus/groovy/reflection/CachedClass.java,org.codehaus.groovy.reflection.CachedClass$Anonymous6,anonymous,2,2,0,2,2,1,0,4,0,1.0,NaN,NaN,1,0,1,0,0,0,1,0,0,0,1,1,0,1,0,0,1,0,1,11,1,1,0,0,0,0,1,3,0,3,1,0,0,0,15,-1,0
/Users/kaiohs/Downloads/codes/lab02-experimentacao-software/data/repos/apache__groovy/src/main/java/org/codehaus/groovy/transform/NewifyASTTransformation.java,org.codehaus.groovy.transform.NewifyASTTransformation$NewifyClassData,innerclass,1,1,0,1,3,1,0,1,0,0.33333334,0.0,0.0,2,0,2,0,0,0,2,0,0,0,3,0,0,0,0,3,2,0,0,16,0,0,1,0,0,0,0,3,0,3,1,0,0,0,12,10,0
/Users/kaiohs/Downloads/codes/lab02-experimentacao-software/data/repos/apache__groovy/src/main/java/org/codehaus/groovy/reflection/CachedClass.java,org.codehaus.groovy.reflection.CachedClass$Anonymous7,anonymous,2,2,0,2,5,1,0,9,0,1.0,NaN,NaN,1,0,1,0,0,0,1,0,0,0,1,1,0,1,0,0,1,0,1,20,1,1,1,0,0,0,2,6,1,6,2,0,0,0,21,-1,0
/Users/kaiohs/Downloads/codes/lab02-experimentacao-software/data/repos/apache__groovy/src/main/java/org/codehaus/groovy/reflection/CachedClass.java,org.codehaus.groovy.reflection.CachedClass$Anonymous4,anonymous,1,1,0,1,1,1,0,0,0,1.0,NaN,NaN,1,0,1,0,0,0,1,0,0,0,1,1,0,1,0,0,1,0,0,6,1,0,0,0,0,0,1,1,0,1,0,0,0,0,13,-1,0
/Users/kaiohs/Downloads/codes/lab02-experimentacao-software/data/repos/apache__groovy/src/test/groovy/gls/ch06/s05/testClasses/Tt1cgo.java,gls.ch06.s05.testClasses.Tt1cgo$Anonymous1,anonymous,0,0,0,0,1,1,0,0,0,0.0,NaN,NaN,1,0,1,0,0,0,1,0,0,0,0,0,0,0,0,0,0,0,0,5,1,0,0,0,0,1,0,0,0,0,0,0,0,0,4,-1,0
/Users/kaiohs/Downloads/codes/lab02-experimentacao-software/data/repos/apache__groovy/src/main/java/org/codehaus/groovy/util/DoubleArrayIterable.java,org.codehaus.groovy.util.DoubleArrayIterable,class,2,3,1,2,2,1,0,0,0,0.0,0.0,0.0,2,0,2,0,0,0,2,0,0,0,1,0,0,1,0,0,1,0,0,9,1,0,0,0,0,0,0,1,0,1,0,0,0,0,14,1,0
/Users/kaiohs/Downloads/codes/lab02-experimentacao-software/data/repos/apache__groovy/src/main/java/org/codehaus/groovy/reflection/CachedClass.java,org.codehaus.groovy.reflection.CachedClass$Anonymous5,anonymous,2,2,0,2,4,1,0,5,0,1.0,NaN,NaN,1,0,1,0,0,0,1,0,0,0,1,1,0,1,0,0,1,0,0,18,1,1,1,0,0,0,1,3,0,3,1,0,0,0,23,-1,0
/Users/kaiohs/Downloads/codes/lab02-experimentacao-software/data/repos/apache__groovy/subprojects/groovy-groovydoc/src/main/java/org/codehaus/groovy/tools/groovydoc/ArrayClassDocWrapper.java,org.codehaus.groovy.tools.groovydoc.ArrayClassDocWrapper,class,10,12,2,10,69,1,0,65,0,0.014705882,0.0,0.0,68,0,68,0,0,0,68,0,0,0,1,0,0,1,0,0,1,0,0,208,66,0,0,0,1,1,1,1,0,1,0,0,0,0,94,1,0
/Users/kaiohs/Downloads/codes/lab02-experimentacao-software/data/repos/apache__groovy/src/test/groovy/gls/ch06/s05/testClasses/Tt1cgo.java,gls.ch06.s05.testClasses.Tt1cgo$Anonymous2,anonymous,0,0,0,0,1,1,0,0,0,0.0,NaN,NaN,1,0,1,0,0,0,1,0,0,0,0,0,0,0,0,0,0,0,0,5,1,0,0,0,0,1,0,0,0,0,0,0,0,0,4,-1,0
/Users/kaiohs/Downloads/codes/lab02-experimentacao-software/data/repos/apache__groovy/src/main/java/groovy/transform/stc/ThirdParam.java,groovy.transform.stc.ThirdParam$ThirdGenericType,innerclass,1,1,0,1,1,4,0,0,0,0.0,NaN,NaN,1,0,1,0,0,0,1,0,0,0,0,0,0,0,0,0,0,0,0,5,0,0,0,0,0,0,2,0,0,0,0,0,0,0,33,9,0
/Users/kaiohs/Downloads/codes/lab02-experimentacao-software/data/repos/apache__groovy/src/main/java/org/codehaus/groovy/reflection/CachedClass.java,org.codehaus.groovy.reflection.CachedClass$Anonymous8,anonymous,2,2,0,2,4,1,0,5,0,1.0,NaN,NaN,1,0,1,0,0,0,1,0,0,0,1,1,0,1,0,0,1,0,1,14,3,0,1,0,0,0,1,1,0,1,1,0,0,0,15,-1,0
/Users/kaiohs/Downloads/codes/lab02-experimentacao-software/data/repos/apache__groovy/subprojects/groovy-ginq/src/main/groovy/org/apache/groovy/ginq/dsl/GinqAstBuilder.java,org.apache.groovy.ginq.dsl.GinqAstBuilder$Anonymous1,anonymous,1,1,0,1,1,1,0,2,0,0.0,NaN,NaN,1,0,1,0,0,0,1,0,0,0,0,0,0,0,0,0,0,0,0,6,0,0,0,0,0,0,0,0,0,0,0,0,0,0,5,-1,0
/Users/kaiohs/Downloads/codes/lab02-experimentacao-software/data/repos/apache__groovy/subprojects/groovy-templates/src/main/groovy/groovy/text/XmlTemplateEngine.java,groovy.text.XmlTemplateEngine$XmlTemplate,innerclass,6,6,0,6,4,1,0,1,1,0.33333334,0.0,0.0,3,0,2,0,0,1,3,0,0,0,1,0,0,1,0,0,1,0,0,15,2,0,1,0,0,1,0,1,0,1,1,0,0,0,17,10,0
/Users/kaiohs/Downloads/codes/lab02-experimentacao-software/data/repos/apache__groovy/src/main/java/org/codehaus/groovy/runtime/ScriptReference.java,org.codehaus.groovy.runtime.ScriptReference,class,2,2,0,2,3,2,0,3,0,0.33333334,0.0,0.0,3,0,3,0,0,0,3,0,0,0,3,1,0,3,0,0,1,0,0,15,1,0,0,0,0,0,1,3,0,3,0,0,0,0,20,1,0
/Users/kaiohs/Downloads/codes/lab02-experimentacao-software/data/repos/apache__groovy/src/main/java/org/codehaus/groovy/ast/decompiled/MemberSignatureParser.java,org.codehaus.groovy.ast.decompiled.MemberSignatureParser$Anonymous1,anonymous,2,2,0,2,1,1,0,1,0,0.0,NaN,NaN,1,0,0,0,0,1,1,0,0,0,0,0,0,0,0,0,0,0,1,5,0,0,0,0,0,0,2,1,0,0,0,0,0,0,6,-1,0
/Users/kaiohs/Downloads/codes/lab02-experimentacao-software/data/repos/apache__groovy/src/main/java/org/codehaus/groovy/ast/decompiled/MemberSignatureParser.java,org.codehaus.groovy.ast.decompiled.MemberSignatureParser$Anonymous2,anonymous,3,3,0,3,3,1,0,0,3,1.0,0.0,0.0,3,0,3,0,0,0,3,0,0,0,1,0,0,1,0,0,0,0,0,29,3,0,0,0,0,0,0,0,0,2,0,3,0,0,11,-1,0
/Users/kaiohs/Downloads/codes/lab02-experimentacao-software/data/repos/apache__groovy/src/main/java/org/codehaus/groovy/control/StaticImportVisitor.java,org.codehaus.groovy.control.StaticImportVisitor,class,33,35,2,33,158,2,0,127,191,0.8615385,0.0,0.0,26,4,4,14,8,0,12,0,0,0,10,0,0,10,0,0,0,0,40,453,64,4,49,0,7,9,5,125,4,90,4,0,0,3,148,1,0
/Users/kaiohs/Downloads/codes/lab02-experimentacao-software/data/repos/apache__groovy/src/main/java/org/codehaus/groovy/reflection/CachedClass.java,org.codehaus.groovy.reflection.CachedClass$Anonymous2,anonymous,2,2,0,2,1,1,0,7,0,1.0,NaN,NaN,1,0,1,0,0,0,1,0,0,0,1,1,0,1,0,0,1,0,1,6,1,0,0,0,0,0,1,1,0,3,0,0,0,2,15,-1,0
/Users/kaiohs/Downloads/codes/lab02-experimentacao-software/data/repos/apache__groovy/subprojects/groovy-contracts/src/main/java/org/apache/groovy/contracts/util/FieldValues.java,org.apache.groovy.contracts.util.FieldValues,class,3,5,2,3,8,1,0,10,1,0.0,NaN,NaN,2,2,1,1,0,0,1,0,0,0,0,0,0,0,0,0,0,0,4,27,3,2,3,0,1,5,0,6,1,4,3,0,0,0,38,1,0
/Users/kaiohs/Downloads/codes/lab02-experimentacao-software/data/repos/apache__groovy/src/main/java/org/codehaus/groovy/reflection/CachedClass.java,org.codehaus.groovy.reflection.CachedClass$Anonymous3,anonymous,2,2,0,2,7,1,0,16,0,1.0,NaN,NaN,1,0,1,0,0,0,1,0,0,0,1,1,0,1,0,0,1,0,3,32,1,1,1,1,0,2,2,8,0,7,2,0,0,1,27,-1,0
/Users/kaiohs/Downloads/codes/lab02-experimentacao-software/data/repos/apache__groovy/src/main/java/org/codehaus/groovy/reflection/CachedClass.java,org.codehaus.groovy.reflection.CachedClass$Anonymous1,anonymous,2,2,0,2,1,1,0,6,0,1.0,NaN,NaN,1,0,1,0,0,0,1,0,0,0,1,1,0,1,0,0,1,0,1,6,1,0,0,0,0,0,1,1,0,1,0,0,0,0,12,-1,0
/Users/kaiohs/Downloads/codes/lab02-experimentacao-software/data/repos/apache__groovy/src/main/java/org/codehaus/groovy/util/ReleaseInfo.java,org.codehaus.groovy.util.ReleaseInfo,class,3,4,1,3,10,1,0,9,1,0.6666667,0.0,0.0,3,3,2,1,0,0,3,0,0,0,3,3,0,3,0,0,3,0,4,40,3,0,4,1,2,3,0,11,0,7,3,0,0,0,44,1,0
/Users/kaiohs/Downloads/codes/lab02-experimentacao-software/data/repos/apache__groovy/src/main/java/groovy/lang/ReadOnlyPropertyException.java,groovy.lang.ReadOnlyPropertyException,class,1,5,4,1,2,6,0,1,1,1.0,0.0,0.0,2,0,2,0,0,0,2,0,0,0,1,1,0,1,0,0,1,0,0,9,0,0,0,0,0,4,1,1,2,1,0,0,0,0,28,1,0
/Users/kaiohs/Downloads/codes/lab02-experimentacao-software/data/repos/apache__groovy/src/main/java/org/codehaus/groovy/control/customizers/ImportCustomizer.java,org.codehaus.groovy.control.customizers.ImportCustomizer,class,8,13,5,8,21,2,0,15,13,0.36363637,0.0,0.0,11,0,8,3,0,0,8,0,0,0,1,0,0,1,0,0,1,0,5,95,7,4,0,0,0,2,0,3,1,3,2,0,2,0,50,1,0
/Users/kaiohs/Downloads/codes/lab02-experimentacao-software/data/repos/apache__groovy/src/main/java/groovy/io/EncodingAwareBufferedWriter.java,groovy.io.EncodingAwareBufferedWriter,class,1,2,1,1,3,3,0,4,1,0.33333334,0.0,0.0,3,0,3,0,0,0,3,0,0,0,1,0,0,1,0,0,1,0,1,13,2,0,0,0,0,0,0,1,0,1,0,0,0,0,29,1,0
/Users/kaiohs/Downloads/codes/lab02-experimentacao-software/data/repos/apache__groovy/subprojects/groovy-swing/src/main/groovy/groovy/swing/binding/JScrollBarProperties.java,groovy.swing.binding.JScrollBarValueBinding,class,4,5,1,4,6,3,0,10,13,0.6666667,0.0,0.0,6,0,5,0,0,1,6,0,0,2,1,0,0,0,0,1,0,0,0,27,0,0,0,0,3,3,0,2,0,1,0,0,0,0,29,0,0
/Users/kaiohs/Downloads/codes/lab02-experimentacao-software/data/repos/apache__groovy/src/test/groovy/org/codehaus/groovy/runtime/MethodFailureTest.java,org.codehaus.groovy.runtime.MethodFailureTest$Anonymous1,anonymous,1,1,0,1,1,1,0,1,0,0.0,NaN,NaN,1,0,0,0,1,0,1,0,0,0,0,0,0,0,0,0,0,0,0,5,1,0,0,0,0,2,0,0,0,0,0,0,0,0,5,-1,0
/Users/kaiohs/Downloads/codes/lab02-experimentacao-software/data/repos/apache__groovy/src/main/java/org/codehaus/groovy/runtime/DefaultGroovyMethods.java,org.codehaus.groovy.runtime.DefaultGroovyMethods$IteratorIterableAdapter,innerclass,1,1,0,1,2,1,0,0,0,0.0,NaN,NaN,2,0,1,1,0,0,1,0,0,0,1,0,0,1,0,0,1,0,0,9,1,0,0,0,0,0,0,1,0,1,0,0,0,0,5,26,0
/Users/kaiohs/Downloads/codes/lab02-experimentacao-software/data/repos/apache__groovy/subprojects/groovy-swing/src/main/java/org/apache/groovy/swing/binding/PropertyBinding.java,org.apache.groovy.swing.binding.PropertyBinding,class,13,39,26,13,51,2,2,45,42,0.7904762,0.0,0.0,21,4,13,8,0,0,14,0,0,0,10,4,0,6,0,4,5,0,17,296,19,3,6,6,1,9,5,19,2,16,3,2,2,0,125,1,0
/Users/kaiohs/Downloads/codes/lab02-experimentacao-software/data/repos/apache__groovy/subprojects/groovy-groovydoc/src/test/groovy/org/codehaus/groovy/tools/groovydoc/testfiles/ExampleVisibilityJ.java,org.codehaus.groovy.tools.groovydoc.testfiles.ExampleVisibilityJ$A1,innerclass,0,0,0,0,0,1,0,0,0,0.0,-1.0,-1.0,0,0,0,0,0,0,0,0,0,0,0,0,0,0,0,0,0,0,0,2,0,0,0,0,0,0,0,0,0,0,0,0,0,0,1,1,0
/Users/kaiohs/Downloads/codes/lab02-experimentacao-software/data/repos/apache__groovy/subprojects/groovy-groovydoc/src/test/groovy/org/codehaus/groovy/tools/groovydoc/testfiles/ExampleVisibilityJ.java,org.codehaus.groovy.tools.groovydoc.testfiles.ExampleVisibilityJ$A2,innerclass,0,0,0,0,0,1,0,0,0,0.0,-1.0,-1.0,0,0,0,0,0,0,0,0,0,0,0,0,0,0,0,0,0,0,0,2,0,0,0,0,0,0,0,0,0,0,0,0,0,0,1,1,0
/Users/kaiohs/Downloads/codes/lab02-experimentacao-software/data/repos/apache__groovy/subprojects/groovy-servlet/src/main/java/groovy/servlet/ServletBinding.java,groovy.servlet.ServletBinding$ServletOutput,innerclass,4,4,0,4,10,1,0,2,4,0.53333336,0.0,0.0,5,0,2,2,0,1,3,0,0,0,3,0,0,3,0,0,1,0,0,99,4,0,4,1,0,3,0,4,0,3,2,2,0,0,52,10,0
/Users/kaiohs/Downloads/codes/lab02-experimentacao-software/data/repos/apache__groovy/src/main/java/org/codehaus/groovy/runtime/m12n/ExtensionModuleRegistry.java,org.codehaus.groovy.runtime.m12n.ExtensionModuleRegistry,class,2,5,3,2,9,1,0,5,3,0.33333334,0.0,0.0,6,0,6,0,0,0,6,0,0,0,1,0,0,1,0,0,1,0,0,23,4,1,1,0,0,0,0,1,0,1,2,0,0,0,44,1,0
/Users/kaiohs/Downloads/codes/lab02-experimentacao-software/data/repos/apache__groovy/src/main/java/groovy/util/FactoryBuilderSupport.java,groovy.util.FactoryBuilderSupport,class,14,29,15,14,188,2,1,150,4579,0.96843433,0.0,0.0,99,3,68,8,23,0,91,0,0,0,32,14,12,8,12,0,18,0,20,741,86,9,40,12,9,51,16,97,18,78,4,1,0,2,434,1025,0
/Users/kaiohs/Downloads/codes/lab02-experimentacao-software/data/repos/apache__groovy/src/main/java/org/apache/groovy/parser/antlr4/util/PositionConfigureUtils.java,org.apache.groovy.parser.antlr4.util.PositionConfigureUtils,class,8,10,2,8,12,1,0,25,28,0.0,0.0,0.0,8,8,8,0,0,0,8,0,0,0,0,0,0,0,0,0,0,0,5,74,8,0,2,0,0,0,8,10,7,8,1,0,0,0,60,1,0
/Users/kaiohs/Downloads/codes/lab02-experimentacao-software/data/repos/apache__groovy/subprojects/groovy-swing/src/main/groovy/groovy/swing/binding/JComboBoxProperties.java,groovy.swing.binding.JComboBoxProperties,class,5,5,0,5,1,1,0,2,0,0.0,NaN,NaN,1,1,1,0,0,0,1,0,0,0,0,0,0,0,0,0,0,0,0,10,1,0,0,0,0,6,0,1,4,9,0,0,0,4,14,1,0
/Users/kaiohs/Downloads/codes/lab02-experimentacao-software/data/repos/apache__groovy/src/main/java/groovy/ui/GroovyMain.java,groovy.ui.GroovyMain$VersionProvider,innerclass,1,1,0,1,1,1,0,2,0,0.0,NaN,NaN,1,0,1,0,0,0,1,0,0,0,0,0,0,0,0,0,0,0,3,5,1,0,0,0,0,7,0,0,1,0,0,0,0,0,4,9,0
/Users/kaiohs/Downloads/codes/lab02-experimentacao-software/data/repos/apache__groovy/src/spec/test/typing/PrecompiledJavaExtension.java,typing.PrecompiledJavaExtension,class,4,4,0,4,3,2,0,5,1,0.0,0.0,0.0,2,0,2,0,0,0,2,0,0,0,0,0,0,0,0,0,0,0,0,13,2,0,0,0,0,1,0,0,0,0,1,0,0,0,19,1,0
/Users/kaiohs/Downloads/codes/lab02-experimentacao-software/data/repos/apache__groovy/src/main/java/groovy/util/BuilderSupport.java,groovy.util.BuilderSupport,class,7,10,3,7,35,2,1,21,116,0.8235294,0.0,0.0,17,0,5,0,12,0,17,5,0,0,3,0,0,3,0,0,1,0,0,136,7,0,3,1,0,1,10,31,0,14,3,0,0,0,127,1025,0
/Users/kaiohs/Downloads/codes/lab02-experimentacao-software/data/repos/apache__groovy/src/main/java/org/codehaus/groovy/vmplugin/v8/CacheableCallSite.java,org.codehaus.groovy.vmplugin.v8.CacheableCallSite$Anonymous1,anonymous,0,0,0,0,2,1,0,1,0,1.0,NaN,NaN,1,0,0,0,1,0,1,0,0,0,1,1,0,1,0,0,1,0,0,6,1,0,0,0,0,0,1,1,0,1,0,0,0,0,19,-1,0
/Users/kaiohs/Downloads/codes/lab02-experimentacao-software/data/repos/apache__groovy/subprojects/groovy-groovydoc/src/test/groovy/org/codehaus/groovy/tools/groovydoc/GroovyDocTest.java,org.codehaus.groovy.tools.groovydoc.GroovyDocTest,class,5,5,0,5,13,1,0,16,0,0.375,0.0,0.0,8,0,8,0,0,0,9,0,0,0,3,1,0,3,0,0,2,0,0,83,0,0,1,1,0,37,8,25,11,33,1,0,0,5,82,1,0
/Users/kaiohs/Downloads/codes/lab02-experimentacao-software/data/repos/apache__groovy/src/test/groovy/bugs/groovy8468/Factory.java,bugs.groovy8468.Factory,interface,1,2,1,1,1,1,0,0,0,0.0,NaN,NaN,1,0,1,0,0,0,1,0,0,0,0,0,0,0,0,0,0,0,0,3,0,0,0,0,0,0,0,0,0,0,0,0,0,0,5,1,0
/Users/kaiohs/Downloads/codes/lab02-experimentacao-software/data/repos/apache__groovy/src/main/java/org/codehaus/groovy/runtime/callsite/PogoMetaClassSite.java,org.codehaus.groovy.runtime.callsite.PogoMetaClassSite,class,9,12,3,9,19,3,0,12,6,0.0,0.0,0.0,4,0,3,0,1,0,4,0,3,0,0,0,0,0,0,0,0,0,4,66,8,0,3,5,3,0,0,0,0,0,6,0,0,0,24,1,0
/Users/kaiohs/Downloads/codes/lab02-experimentacao-software/data/repos/apache__groovy/subprojects/groovy-contracts/src/main/java/org/apache/groovy/contracts/AssertionViolation.java,org.apache.groovy.contracts.AssertionViolation,class,1,7,6,1,15,4,5,2,28,0.0,0.0,0.0,8,0,0,0,8,0,8,0,0,0,0,0,0,0,0,0,0,0,0,33,0,0,7,0,0,0,0,0,0,0,1,0,0,0,16,1025,0
/Users/kaiohs/Downloads/codes/lab02-experimentacao-software/data/repos/apache__groovy/src/main/java/org/codehaus/groovy/ast/stmt/BlockStatement.java,org.codehaus.groovy.ast.stmt.BlockStatement,class,4,13,9,4,13,3,0,9,0,0.5,0.0,0.0,12,0,12,0,0,0,12,0,0,0,2,0,0,2,0,0,0,0,1,45,5,1,0,0,0,3,0,4,1,3,1,0,0,0,64,1,0
/Users/kaiohs/Downloads/codes/lab02-experimentacao-software/data/repos/apache__groovy/subprojects/groovy-contracts/src/main/java/org/apache/groovy/contracts/PreconditionViolation.java,org.apache.groovy.contracts.PreconditionViolation,class,1,2,1,1,8,5,0,0,28,0.0,0.0,0.0,8,0,8,0,0,0,8,0,0,0,0,0,0,0,0,0,0,0,0,25,0,0,0,0,0,0,0,0,0,0,0,0,0,0,16,1,0
/Users/kaiohs/Downloads/codes/lab02-experimentacao-software/data/repos/apache__groovy/subprojects/groovy-xml/src/main/java/groovy/xml/DOMBuilder.java,groovy.xml.DOMBuilder,class,8,10,2,8,31,2,0,32,102,0.78125,0.0,0.0,16,6,8,1,7,0,15,0,0,0,2,0,0,0,0,2,0,0,9,120,12,2,4,0,1,15,1,18,3,17,3,0,0,0,137,1,0
/Users/kaiohs/Downloads/codes/lab02-experimentacao-software/data/repos/apache__groovy/src/main/java/org/codehaus/groovy/runtime/callsite/GetEffectivePojoFieldSite.java,org.codehaus.groovy.runtime.callsite.GetEffectivePojoFieldSite,class,6,8,2,6,6,2,0,6,0,0.33333334,0.0,0.0,3,0,3,0,0,0,3,0,2,0,3,0,0,3,0,0,3,0,1,20,3,0,2,0,0,0,0,3,0,3,1,0,0,0,21,0,0
/Users/kaiohs/Downloads/codes/lab02-experimentacao-software/data/repos/apache__groovy/src/main/java/groovy/lang/ObjectRange.java,groovy.lang.ObjectRange$StepIterator,innerclass,3,3,0,3,19,1,0,9,0,0.48000002,0.0,0.0,5,0,3,2,0,0,3,0,0,0,5,0,0,5,0,0,2,0,0,67,7,2,3,0,0,1,11,17,0,10,3,0,0,0,47,26,0
/Users/kaiohs/Downloads/codes/lab02-experimentacao-software/data/repos/apache__groovy/src/main/java/groovy/lang/MetaClassImpl.java,groovy.lang.MetaClassImpl$MethodIndexAction,innerclass,2,2,0,2,6,1,0,6,3,0.0,0.0,0.0,3,0,3,0,0,0,3,1,0,0,0,0,0,0,0,0,0,0,0,16,1,2,0,0,0,0,0,2,0,2,2,0,0,0,16,1026,0
/Users/kaiohs/Downloads/codes/lab02-experimentacao-software/data/repos/apache__groovy/src/main/java/groovy/transform/builder/DefaultStrategy.java,groovy.transform.builder.DefaultStrategy,class,15,16,1,15,28,2,0,55,103,0.9,0.0,0.0,15,11,3,12,0,0,3,0,0,0,2,2,0,2,0,0,2,0,15,114,14,3,3,0,0,22,2,29,4,27,1,0,0,0,228,1,0
/Users/kaiohs/Downloads/codes/lab02-experimentacao-software/data/repos/apache__groovy/subprojects/groovy-sql/src/main/java/groovy/sql/BatchingStatementWrapper.java,groovy.sql.BatchingStatementWrapper,class,3,6,3,3,20,2,1,16,0,0.58000004,0.0,0.0,10,0,6,1,3,0,9,0,0,0,5,0,0,1,4,0,1,0,0,79,5,2,4,0,0,6,5,13,3,10,2,0,0,0,89,1,0
/Users/kaiohs/Downloads/codes/lab02-experimentacao-software/data/repos/apache__groovy/src/main/java/org/apache/groovy/util/concurrent/ConcurrentReferenceHashMap.java,org.apache.groovy.util.concurrent.ConcurrentReferenceHashMap$KeyIterator,innerclass,3,3,0,3,2,2,0,2,1,0.0,0.0,0.0,2,0,2,0,0,0,2,0,0,0,0,0,0,0,0,0,0,0,0,8,2,0,0,0,0,0,0,0,0,0,0,0,0,0,6,18,0
/Users/kaiohs/Downloads/codes/lab02-experimentacao-software/data/repos/apache__groovy/src/tck/src/org/codehaus/groovy/tck/ClassicGroovyTestGeneratorHelper.java,org.codehaus.groovy.tck.ClassicGroovyTestGeneratorHelper,class,6,7,1,6,10,1,0,18,6,0.75,0.0,0.0,4,0,2,2,0,0,2,0,0,0,1,0,0,0,1,0,0,0,1,62,3,2,3,2,1,10,2,12,1,10,5,0,0,0,68,1,0
/Users/kaiohs/Downloads/codes/lab02-experimentacao-software/data/repos/apache__groovy/src/main/java/org/codehaus/groovy/ast/CodeVisitorSupport.java,org.codehaus.groovy.ast.CodeVisitorSupport,class,56,75,19,56,63,1,11,46,1540,0.0,0.0,0.0,56,0,54,0,2,0,56,0,0,0,0,0,0,0,0,0,0,0,0,200,0,5,0,0,0,0,0,0,0,0,3,0,0,0,94,1025,0
/Users/kaiohs/Downloads/codes/lab02-experimentacao-software/data/repos/apache__groovy/src/main/java/org/codehaus/groovy/transform/TransformWithPriority.java,org.codehaus.groovy.transform.TransformWithPriority,interface,0,4,4,0,1,1,0,0,0,0.0,NaN,NaN,1,0,0,0,0,1,1,0,0,0,0,0,0,0,0,0,0,0,0,3,0,0,0,0,0,0,0,0,0,0,0,0,0,0,29,1,0
/Users/kaiohs/Downloads/codes/lab02-experimentacao-software/data/repos/apache__groovy/src/main/java/org/codehaus/groovy/transform/DelegateASTTransformation.java,org.codehaus.groovy.transform.DelegateASTTransformation,class,22,23,1,22,109,2,0,134,64,0.923077,NaN,NaN,12,9,1,11,0,0,1,0,0,0,13,13,0,13,0,0,13,0,35,296,23,15,25,0,15,37,20,107,8,78,6,0,1,5,206,1,0
/Users/kaiohs/Downloads/codes/lab02-experimentacao-software/data/repos/apache__groovy/src/main/java/groovy/lang/ExpandoMetaClass.java,groovy.lang.ExpandoMetaClass$MixedInAccessor$Anonymous4$Anonymous5,anonymous,2,2,0,2,2,1,0,1,1,0.0,0.0,0.0,2,0,0,0,2,0,2,0,0,0,0,0,0,0,0,0,0,0,0,8,2,0,0,0,1,0,0,0,0,0,0,0,0,0,11,-1,0
/Users/kaiohs/Downloads/codes/lab02-experimentacao-software/data/repos/apache__groovy/src/main/java/groovy/lang/ProxyMetaClass.java,groovy.lang.ProxyMetaClass,class,11,12,1,11,24,2,0,22,4,0.46875,0.0,0.0,16,1,15,1,0,0,15,0,0,1,2,0,0,0,2,0,0,0,2,99,14,0,3,2,0,2,0,12,0,8,2,0,0,4,142,1,0
/Users/kaiohs/Downloads/codes/lab02-experimentacao-software/data/repos/apache__groovy/src/main/java/org/apache/groovy/util/concurrent/ConcurrentReferenceHashMap.java,org.apache.groovy.util.concurrent.ConcurrentReferenceHashMap$CachedEntryIterator,innerclass,5,5,0,5,1,2,0,4,0,0.0,NaN,NaN,1,0,1,0,0,0,1,0,0,0,1,0,0,1,0,0,0,0,0,7,1,0,0,0,0,0,0,2,0,2,0,0,0,0,8,18,0
/Users/kaiohs/Downloads/codes/lab02-experimentacao-software/data/repos/apache__groovy/subprojects/groovy-contracts/src/main/java/org/apache/groovy/contracts/ast/visitor/AnnotationClosureVisitor.java,org.apache.groovy.contracts.ast.visitor.AnnotationClosureVisitor$OldPropertyExpressionTransformer,innerclass,8,8,0,8,13,2,0,15,1,0.5,0.0,0.0,3,0,1,0,1,1,3,0,0,0,2,0,0,2,0,0,1,0,0,42,4,0,6,0,1,2,0,12,0,10,4,0,0,0,41,10,0
/Users/kaiohs/Downloads/codes/lab02-experimentacao-software/data/repos/apache__groovy/src/main/java/org/codehaus/groovy/runtime/callsite/PogoMetaMethodSite.java,org.codehaus.groovy.runtime.callsite.PogoMetaMethodSite$PogoCachedMethodSiteNoUnwrap,innerclass,5,5,0,5,2,7,0,2,1,0.0,0.0,0.0,2,0,2,0,0,0,2,0,1,0,0,0,0,0,0,0,0,0,1,9,1,0,0,0,0,0,0,1,0,0,0,0,0,0,17,9,0
/Users/kaiohs/Downloads/codes/lab02-experimentacao-software/data/repos/apache__groovy/src/main/java/org/codehaus/groovy/control/customizers/builder/PostCompletionFactory.java,org.codehaus.groovy.control.customizers.builder.PostCompletionFactory,interface,1,4,3,1,1,1,0,0,0,0.0,NaN,NaN,1,0,0,0,0,1,1,0,0,0,0,0,0,0,0,0,0,0,0,3,0,0,0,0,0,0,0,0,0,0,0,0,0,0,18,1,0
/Users/kaiohs/Downloads/codes/lab02-experimentacao-software/data/repos/apache__groovy/benchmark/bench/moments.java,moments,class,0,0,0,0,6,1,0,17,0,0.0,NaN,NaN,1,1,1,0,0,0,1,0,0,0,0,0,0,0,0,0,0,0,8,60,1,2,3,1,11,8,25,31,20,17,2,0,0,0,34,1,0
/Users/kaiohs/Downloads/codes/lab02-experimentacao-software/data/repos/apache__groovy/subprojects/groovy-macro/src/main/groovy/org/codehaus/groovy/macro/runtime/MacroContext.java,org.codehaus.groovy.macro.runtime.MacroContext,class,4,8,4,4,4,1,0,0,0,0.5,0.0,0.0,4,0,4,0,0,0,4,0,0,0,3,0,0,3,0,0,3,0,0,19,3,0,0,0,0,0,0,3,0,3,0,0,0,0,24,1,0
/Users/kaiohs/Downloads/codes/lab02-experimentacao-software/data/repos/apache__groovy/src/main/java/org/codehaus/groovy/transform/tailrec/TernaryToIfStatementConverter.java,org.codehaus.groovy.transform.tailrec.TernaryToIfStatementConverter,class,3,5,2,3,2,1,0,6,0,0.0,NaN,NaN,1,0,1,0,0,0,1,0,0,0,0,0,0,0,0,0,0,0,0,6,2,0,0,0,1,1,0,0,0,0,1,0,0,0,37,1,0
/Users/kaiohs/Downloads/codes/lab02-experimentacao-software/data/repos/apache__groovy/src/main/java/groovy/util/ObjectGraphBuilder.java,groovy.util.ObjectGraphBuilder$ObjectBeanFactory,innerclass,4,4,0,4,6,3,0,11,0,0.0,NaN,NaN,1,0,1,0,0,0,1,0,0,0,0,0,0,0,0,0,0,0,0,29,2,0,1,0,1,2,4,10,2,4,1,0,0,0,30,10,0
/Users/kaiohs/Downloads/codes/lab02-experimentacao-software/data/repos/apache__groovy/subprojects/groovy-contracts/src/main/java/org/apache/groovy/contracts/ast/visitor/DynamicSetterInjectionVisitor.java,org.apache.groovy.contracts.ast.visitor.DynamicSetterInjectionVisitor,class,15,17,2,15,11,3,0,24,4,0.625,0.0,0.0,4,0,3,0,1,0,4,0,0,0,2,1,0,2,0,0,1,0,3,32,2,0,4,0,1,3,0,10,1,10,1,0,0,0,61,1,0
/Users/kaiohs/Downloads/codes/lab02-experimentacao-software/data/repos/apache__groovy/src/main/java/org/codehaus/groovy/reflection/stdclasses/ShortCachedClass.java,org.codehaus.groovy.reflection.stdclasses.ShortCachedClass,class,2,3,1,2,12,3,0,1,0,0.25,0.0,0.0,4,0,4,0,0,0,4,0,0,0,1,0,0,1,0,0,1,0,0,22,5,0,6,0,3,0,0,1,0,1,1,0,0,0,19,1,0
/Users/kaiohs/Downloads/codes/lab02-experimentacao-software/data/repos/apache__groovy/src/main/java/org/codehaus/groovy/runtime/GroovyCategorySupport.java,org.codehaus.groovy.runtime.GroovyCategorySupport,class,6,18,12,6,15,11,0,8,0,0.4375,0.0,0.0,8,8,8,0,0,0,8,0,0,0,2,2,0,2,0,0,1,0,0,239,9,0,7,0,0,0,4,6,0,6,1,0,4,0,84,1,0
/Users/kaiohs/Downloads/codes/lab02-experimentacao-software/data/repos/apache__groovy/src/main/java/org/apache/groovy/util/concurrent/ConcurrentReferenceHashMap.java,org.apache.groovy.util.concurrent.ConcurrentReferenceHashMap$KeyReference,interface,0,0,0,0,2,1,0,0,1,0.0,0.0,0.0,2,0,0,0,0,2,2,0,0,0,0,0,0,0,0,0,0,0,0,4,0,0,0,0,0,0,0,0,0,0,0,0,0,0,6,2,0
/Users/kaiohs/Downloads/codes/lab02-experimentacao-software/data/repos/apache__groovy/src/main/java/org/apache/groovy/ast/tools/ConstructorNodeUtils.java,org.apache.groovy.ast.tools.ConstructorNodeUtils,class,15,20,5,15,11,1,0,30,1,0.33333334,0.0,0.0,3,2,2,1,0,0,2,0,0,0,4,4,0,4,0,0,4,0,9,36,9,0,1,0,3,9,1,13,0,14,2,0,0,1,86,1,0
/Users/kaiohs/Downloads/codes/lab02-experimentacao-software/data/repos/apache__groovy/src/main/java/groovy/beans/PropertyWriter.java,groovy.beans.PropertyWriter,interface,0,3,3,0,1,1,0,0,0,0.0,NaN,NaN,1,0,0,0,0,1,1,0,0,0,0,0,0,0,0,0,0,0,0,3,0,0,0,0,0,0,0,0,0,0,0,0,0,0,5,1,0
/Users/kaiohs/Downloads/codes/lab02-experimentacao-software/data/repos/apache__groovy/src/main/java/org/codehaus/groovy/transform/trait/Traits.java,org.codehaus.groovy.transform.trait.Traits$Anonymous1,anonymous,1,1,0,1,1,1,0,1,0,0.0,NaN,NaN,0,0,0,0,0,0,1,0,0,0,0,0,0,0,0,0,0,0,0,6,0,0,0,0,0,0,0,1,0,0,0,0,0,0,9,-1,0
/Users/kaiohs/Downloads/codes/lab02-experimentacao-software/data/repos/apache__groovy/src/main/java/org/codehaus/groovy/control/ErrorCollector.java,org.codehaus.groovy.control.ErrorCollector,class,13,36,23,13,58,1,0,37,238,0.79310346,0.0,0.0,29,0,27,1,1,0,28,0,0,0,4,1,0,1,3,0,2,0,5,167,15,1,11,0,9,4,4,13,1,8,2,0,0,0,129,1,0
/Users/kaiohs/Downloads/codes/lab02-experimentacao-software/data/repos/apache__groovy/subprojects/groovy-jsr223/src/test/java/org/codehaus/groovy/jsr223/JSR223SecurityTest.java,org.codehaus.groovy.jsr223.JSR223SecurityTest,class,8,9,1,8,7,1,0,8,13,0.6666667,0.0,0.0,6,0,4,2,0,0,4,0,0,0,1,0,0,0,0,1,0,0,1,29,1,0,1,0,1,1,0,3,0,3,0,0,1,3,46,1,0
/Users/kaiohs/Downloads/codes/lab02-experimentacao-software/data/repos/apache__groovy/subprojects/groovy-contracts/src/main/java/org/apache/groovy/contracts/common/impl/ClassInvariantAnnotationProcessor.java,org.apache.groovy.contracts.common.impl.ClassInvariantAnnotationProcessor,class,11,11,0,11,5,2,0,7,0,0.0,NaN,NaN,1,0,1,0,0,0,1,0,0,0,0,0,0,0,0,0,0,0,0,11,2,0,1,0,0,0,0,2,0,1,1,0,0,0,25,1,0
/Users/kaiohs/Downloads/codes/lab02-experimentacao-software/data/repos/apache__groovy/src/main/java/groovy/util/logging/Slf4j.java,groovy.util.logging.Slf4j$Slf4jLoggingStrategy,class,8,8,0,8,4,2,0,10,6,0.75,0.0,0.0,4,0,3,0,1,0,4,0,0,0,2,2,0,2,0,0,2,0,0,18,3,0,0,0,0,6,3,3,1,3,0,0,0,0,46,0,0
/Users/kaiohs/Downloads/codes/lab02-experimentacao-software/data/repos/apache__groovy/src/main/java/groovy/lang/IntRange.java,groovy.lang.IntRange,class,10,13,3,10,83,3,0,20,239,0.68817204,0.0,0.0,31,2,27,1,1,2,30,0,0,0,6,1,0,6,0,0,6,0,7,238,34,2,17,0,16,22,23,33,35,15,3,0,1,0,246,1,0
/Users/kaiohs/Downloads/codes/lab02-experimentacao-software/data/repos/apache__groovy/src/main/java/groovy/transform/stc/ClosureSignatureConflictResolver.java,groovy.transform.stc.ClosureSignatureConflictResolver,class,6,7,1,6,1,1,1,0,0,0.0,NaN,NaN,1,0,1,0,0,0,1,0,0,0,0,0,0,0,0,0,0,0,0,5,1,0,0,0,0,0,0,0,0,0,0,0,0,0,85,1,0
/Users/kaiohs/Downloads/codes/lab02-experimentacao-software/data/repos/apache__groovy/src/main/java/groovy/lang/SpreadMap.java,groovy.lang.SpreadMap,class,1,2,1,1,22,3,0,18,45,0.95,0.0,0.0,10,0,10,0,0,0,10,0,0,0,2,1,0,2,0,0,1,0,0,68,9,4,4,0,1,15,4,9,3,9,3,0,0,0,67,1,0
/Users/kaiohs/Downloads/codes/lab02-experimentacao-software/data/repos/apache__groovy/subprojects/groovy-groovydoc/src/main/java/org/codehaus/groovy/tools/groovydoc/FileOutputTool.java,org.codehaus.groovy.tools.groovydoc.FileOutputTool,class,2,3,1,2,6,1,0,10,0,0.0,0.0,0.0,2,0,2,0,0,0,2,0,0,0,1,1,0,1,0,0,1,0,6,28,1,0,0,2,0,2,0,4,0,4,2,0,0,0,27,1,0
/Users/kaiohs/Downloads/codes/lab02-experimentacao-software/data/repos/apache__groovy/src/main/java/org/codehaus/groovy/runtime/DefaultGroovyMethods.java,org.codehaus.groovy.runtime.DefaultGroovyMethods$TapIterator,innerclass,5,5,0,5,7,1,0,5,0,0.4375,0.0,0.0,4,0,3,1,0,0,3,0,0,0,4,0,0,4,0,0,3,0,1,26,2,0,2,0,0,1,3,5,1,5,1,0,0,0,24,26,0
/Users/kaiohs/Downloads/codes/lab02-experimentacao-software/data/repos/apache__groovy/src/test/groovy/groovy/lang/NumberRangeTestCase.java,groovy.lang.NumberRangeTestCase,class,6,21,15,6,78,3,14,37,990,0.0,0.0,0.0,45,0,41,1,3,0,44,2,1,0,0,0,0,0,0,0,0,0,1,443,0,13,9,11,3,146,219,116,26,101,1,0,1,0,192,1025,0
/Users/kaiohs/Downloads/codes/lab02-experimentacao-software/data/repos/apache__groovy/src/main/java/org/codehaus/groovy/runtime/memoize/ConcurrentSoftCache.java,org.codehaus.groovy.runtime.memoize.ConcurrentSoftCache,class,4,5,1,4,7,2,0,1,15,1.0,0.0,0.0,6,0,6,0,0,0,6,0,0,0,1,1,0,1,0,0,1,0,0,24,2,0,1,0,0,0,1,1,0,1,1,0,0,0,56,1,0
/Users/kaiohs/Downloads/codes/lab02-experimentacao-software/data/repos/apache__groovy/src/main/java/groovy/util/ResourceException.java,groovy.util.ResourceException,class,0,1,1,0,4,3,0,0,6,1.0,0.0,0.0,4,0,4,0,0,0,4,0,0,0,1,1,0,1,0,0,1,0,0,15,0,0,0,0,0,0,1,1,0,1,0,0,0,0,12,1,0
/Users/kaiohs/Downloads/codes/lab02-experimentacao-software/data/repos/apache__groovy/src/main/java/org/codehaus/groovy/runtime/memoize/CommonCache.java,org.codehaus.groovy.runtime.memoize.CommonCache$Anonymous1,anonymous,2,2,0,2,2,1,0,1,0,1.0,NaN,NaN,1,0,0,0,1,0,1,0,0,0,1,1,0,1,0,0,1,0,0,6,1,0,0,0,0,0,1,1,0,1,0,0,0,0,14,-1,0
/Users/kaiohs/Downloads/codes/lab02-experimentacao-software/data/repos/apache__groovy/src/main/java/org/codehaus/groovy/classgen/asm/BinaryDoubleExpressionHelper.java,org.codehaus.groovy.classgen.asm.BinaryDoubleExpressionHelper,class,8,9,1,8,14,3,0,2,64,0.8888889,0.0,0.0,12,0,1,0,11,0,12,0,0,0,2,2,0,2,0,0,2,0,2,44,9,0,0,0,0,4,2,3,0,3,1,0,0,0,61,1,0
/Users/kaiohs/Downloads/codes/lab02-experimentacao-software/data/repos/apache__groovy/src/main/java/org/codehaus/groovy/runtime/m12n/ExtensionModuleScanner.java,org.codehaus.groovy.runtime.m12n.ExtensionModuleScanner$ExtensionModuleListener,interface,1,1,0,1,1,1,0,0,0,0.0,NaN,NaN,1,0,0,0,0,1,1,0,0,0,0,0,0,0,0,0,0,0,0,3,0,0,0,0,0,0,0,0,0,0,0,0,0,0,5,1,0
/Users/kaiohs/Downloads/codes/lab02-experimentacao-software/data/repos/apache__groovy/subprojects/groovy-nio/src/main/java/org/apache/groovy/nio/extensions/NioExtensions.java,org.apache.groovy.nio.extensions.NioExtensions,class,16,19,3,16,213,2,0,125,6670,0.0,0.0,0.0,116,116,110,6,0,0,110,0,0,0,0,0,0,0,0,0,0,0,164,719,95,6,56,17,4,109,12,100,4,79,6,2,0,1,524,1,0
/Users/kaiohs/Downloads/codes/lab02-experimentacao-software/data/repos/apache__groovy/src/main/java/org/codehaus/groovy/syntax/RuntimeParserException.java,org.codehaus.groovy.syntax.RuntimeParserException,class,3,11,8,3,2,2,0,6,1,1.0,0.0,0.0,2,0,2,0,0,0,2,0,0,0,1,1,0,1,0,0,1,0,0,10,0,0,0,0,0,1,1,2,1,2,0,0,0,0,36,1,0
/Users/kaiohs/Downloads/codes/lab02-experimentacao-software/data/repos/apache__groovy/src/main/java/org/codehaus/groovy/control/ResolveVisitor.java,org.codehaus.groovy.control.ResolveVisitor$ConstructedNestedClass,innerclass,2,2,0,2,6,4,0,7,0,0.25,0.0,0.0,4,0,4,0,0,0,4,0,0,0,1,0,0,0,0,1,1,0,0,23,4,0,2,0,0,2,0,2,1,1,1,0,0,0,52,10,0
/Users/kaiohs/Downloads/codes/lab02-experimentacao-software/data/repos/apache__groovy/src/main/java/org/codehaus/groovy/ast/tools/WideningCategories.java,org.codehaus.groovy.ast.tools.WideningCategories,class,7,10,3,7,148,2,0,80,231,0.95454544,0.0,0.0,22,22,13,9,0,0,13,0,0,0,1,1,0,1,0,0,1,0,52,388,69,9,43,1,2,3,35,72,2,53,4,0,1,2,252,1,0
/Users/kaiohs/Downloads/codes/lab02-experimentacao-software/data/repos/apache__groovy/src/main/java/org/apache/groovy/ast/tools/MethodCallUtils.java,org.apache.groovy.ast.tools.MethodCallUtils,class,4,7,3,4,4,1,0,7,6,0.0,0.0,0.0,4,3,3,1,0,0,3,0,0,0,0,0,0,0,0,0,0,0,1,17,3,0,0,0,0,3,0,2,0,2,0,0,0,0,24,1,0
/Users/kaiohs/Downloads/codes/lab02-experimentacao-software/data/repos/apache__groovy/subprojects/groovy-contracts/src/main/java/org/apache/groovy/contracts/domain/AssertionMap.java,org.apache.groovy.contracts.domain.AssertionMap,class,5,10,5,5,10,1,0,10,0,0.125,0.0,0.0,8,0,8,0,0,0,8,0,0,0,1,0,0,1,0,0,1,0,4,41,4,0,0,0,0,0,0,1,0,1,1,0,0,0,15,1,0
/Users/kaiohs/Downloads/codes/lab02-experimentacao-software/data/repos/apache__groovy/src/test/groovy/org/codehaus/groovy/runtime/MockGroovyObject.java,org.codehaus.groovy.runtime.MockGroovyObject,class,2,3,1,2,2,2,0,2,1,0.0,0.0,0.0,2,0,2,0,0,0,2,0,0,0,0,0,0,0,0,0,0,0,0,8,2,0,0,0,0,2,0,0,0,0,0,0,0,0,21,1,0
/Users/kaiohs/Downloads/codes/lab02-experimentacao-software/data/repos/apache__groovy/src/main/java/org/codehaus/groovy/util/ReferenceManager.java,org.codehaus.groovy.util.ReferenceManager,class,6,12,6,6,13,3,4,2,60,0.75,0.0,0.0,12,6,11,0,1,0,12,0,0,0,1,0,0,1,0,0,0,0,2,135,8,0,0,0,0,2,1,1,0,1,1,1,2,0,35,1,0
/Users/kaiohs/Downloads/codes/lab02-experimentacao-software/data/repos/apache__groovy/src/main/java/org/codehaus/groovy/classgen/EnumVisitor.java,org.codehaus.groovy.classgen.EnumVisitor,class,27,30,3,27,57,2,0,86,43,0.8,0.0,0.0,10,4,2,6,1,1,4,0,0,0,1,0,0,1,0,0,1,0,11,181,4,7,10,0,8,41,9,48,7,39,6,0,0,1,143,1,0
/Users/kaiohs/Downloads/codes/lab02-experimentacao-software/data/repos/apache__groovy/subprojects/groovy-groovydoc/src/main/java/org/codehaus/groovy/groovydoc/GroovyType.java,org.codehaus.groovy.groovydoc.GroovyType,interface,0,14,14,0,5,1,0,0,10,0.0,0.0,0.0,5,0,0,0,0,5,5,0,0,0,0,0,0,0,0,0,0,0,0,7,0,0,0,0,0,0,0,0,0,0,0,0,0,0,34,1,0
/Users/kaiohs/Downloads/codes/lab02-experimentacao-software/data/repos/apache__groovy/subprojects/groovy-jmx/src/test/java/groovy/jmx/DummyMBean.java,groovy.jmx.DummyMBean,interface,0,1,1,0,8,1,0,0,28,0.0,0.0,0.0,8,0,0,0,0,8,8,0,0,0,0,0,0,0,0,0,0,0,0,10,0,0,0,0,0,0,0,0,0,0,0,0,0,0,13,1,0
/Users/kaiohs/Downloads/codes/lab02-experimentacao-software/data/repos/apache__groovy/src/main/java/org/codehaus/groovy/transform/tailrec/VariableAccessReplacer.java,org.codehaus.groovy.transform.tailrec.VariableAccessReplacer,class,4,7,3,4,6,1,0,1,15,0.8333333,0.0,0.0,6,0,6,0,0,0,6,0,0,0,2,0,0,2,0,0,0,0,0,37,1,0,0,0,0,0,0,8,0,4,0,2,0,0,55,1,0
/Users/kaiohs/Downloads/codes/lab02-experimentacao-software/data/repos/apache__groovy/src/main/java/groovy/util/ObservableMap.java,groovy.util.ObservableMap$PropertyAddedEvent,innerclass,1,1,0,1,1,3,0,0,0,1.0,NaN,NaN,1,0,1,0,0,0,1,0,0,0,1,1,0,1,0,0,1,0,0,6,0,0,0,0,0,0,1,1,0,1,0,0,0,0,13,9,0
/Users/kaiohs/Downloads/codes/lab02-experimentacao-software/data/repos/apache__groovy/subprojects/groovy-groovydoc/src/test/groovy/org/codehaus/groovy/tools/groovydoc/testfiles/ExampleVisibilityJ.java,org.codehaus.groovy.tools.groovydoc.testfiles.ExampleVisibilityJ$C,innerclass,0,0,0,0,0,1,0,0,0,0.0,-1.0,-1.0,0,0,0,0,0,0,0,0,0,0,0,0,0,0,0,0,0,0,0,2,0,0,0,0,0,0,0,0,0,0,0,0,0,0,1,0,0
/Users/kaiohs/Downloads/codes/lab02-experimentacao-software/data/repos/apache__groovy/src/test/groovy/org/codehaus/groovy/transform/ClassImplementingANonPublicInterface.java,org.codehaus.groovy.transform.ClassImplementingANonPublicInterface,class,1,1,0,1,1,1,0,0,0,0.0,NaN,NaN,1,0,1,0,0,0,1,0,0,0,0,0,0,0,0,0,0,0,0,5,1,0,0,0,0,0,0,0,0,0,0,0,0,0,22,1,0
/Users/kaiohs/Downloads/codes/lab02-experimentacao-software/data/repos/apache__groovy/subprojects/groovy-groovydoc/src/test/groovy/org/codehaus/groovy/tools/groovydoc/testfiles/ExampleVisibilityJ.java,org.codehaus.groovy.tools.groovydoc.testfiles.ExampleVisibilityJ$B,innerclass,0,0,0,0,0,1,0,0,0,0.0,-1.0,-1.0,0,0,0,0,0,0,0,0,0,0,0,0,0,0,0,0,0,0,0,2,0,0,0,0,0,0,0,0,0,0,0,0,0,0,1,4,0
/Users/kaiohs/Downloads/codes/lab02-experimentacao-software/data/repos/apache__groovy/src/main/java/org/codehaus/groovy/runtime/powerassert/PowerAssertionError.java,org.codehaus.groovy.runtime.powerassert.PowerAssertionError,class,0,1,1,0,2,4,0,2,1,1.0,0.0,0.0,2,0,2,0,0,0,2,0,0,0,1,1,0,1,0,0,1,0,1,9,1,0,0,0,0,1,1,1,0,1,0,0,0,0,19,1,0
/Users/kaiohs/Downloads/codes/lab02-experimentacao-software/data/repos/apache__groovy/src/main/java/org/codehaus/groovy/runtime/NumberAwareComparator.java,org.codehaus.groovy.runtime.NumberAwareComparator,class,2,5,3,2,16,1,0,3,1,0.6666667,0.0,0.0,3,0,3,0,0,0,3,0,0,0,2,1,0,2,0,0,1,0,1,30,6,0,5,1,0,0,10,4,0,4,3,0,0,0,50,1,0
/Users/kaiohs/Downloads/codes/lab02-experimentacao-software/data/repos/apache__groovy/src/test/groovy/org/codehaus/groovy/classgen/asm/sc/support/Groovy6235SupportSub.java,org.codehaus.groovy.classgen.asm.sc.support.Groovy6235SupportSub,class,1,1,0,1,0,2,0,0,0,0.0,-1.0,-1.0,0,0,0,0,0,0,0,0,0,0,0,0,0,0,0,0,0,0,0,2,0,0,0,0,0,0,0,0,0,0,0,0,0,0,3,1,0
/Users/kaiohs/Downloads/codes/lab02-experimentacao-software/data/repos/apache__groovy/subprojects/groovy-groovydoc/src/test/groovy/org/codehaus/groovy/tools/groovydoc/testfiles/ExampleVisibilityJ.java,org.codehaus.groovy.tools.groovydoc.testfiles.ExampleVisibilityJ$D,innerclass,0,0,0,0,0,1,0,0,0,0.0,-1.0,-1.0,0,0,0,0,0,0,0,0,0,0,0,0,0,0,0,0,0,0,0,2,0,0,0,0,0,0,0,0,0,0,0,0,0,0,1,2,0
/Users/kaiohs/Downloads/codes/lab02-experimentacao-software/data/repos/apache__groovy/subprojects/groovy-xml/src/main/java/groovy/xml/slurpersupport/ReplacementNode.java,groovy.xml.slurpersupport.ReplacementNode,class,4,6,2,4,3,1,0,1,3,0.0,0.0,0.0,3,0,3,0,0,0,3,1,0,0,0,0,0,0,0,0,0,0,0,9,1,0,0,0,0,0,0,0,0,0,0,0,0,0,28,1025,0
/Users/kaiohs/Downloads/codes/lab02-experimentacao-software/data/repos/apache__groovy/subprojects/groovy-test/src/main/java/groovy/mock/interceptor/MockProxyMetaClass.java,groovy.mock.interceptor.MockProxyMetaClass,class,9,10,1,9,35,3,0,14,19,0.56666666,0.0,0.0,10,2,10,0,0,0,10,0,0,0,3,1,1,1,0,1,2,0,1,130,8,0,16,0,2,11,2,50,5,22,1,0,1,0,89,1,0
/Users/kaiohs/Downloads/codes/lab02-experimentacao-software/data/repos/apache__groovy/src/main/java/org/codehaus/groovy/ast/ClassCodeExpressionTransformer.java,org.codehaus.groovy.ast.ClassCodeExpressionTransformer,class,25,27,2,25,29,3,0,58,153,0.0,0.0,0.0,18,1,15,0,3,0,18,0,0,0,0,0,0,0,0,0,0,0,0,94,2,4,4,0,2,0,0,3,0,3,3,0,0,0,86,1025,0
/Users/kaiohs/Downloads/codes/lab02-experimentacao-software/data/repos/apache__groovy/subprojects/groovy-swing/src/main/groovy/groovy/swing/binding/JTableProperties.java,groovy.swing.binding.JTableProperties,class,4,4,0,4,1,1,0,2,0,0.0,NaN,NaN,1,1,1,0,0,0,1,0,0,0,0,0,0,0,0,0,0,0,0,9,1,0,0,0,0,5,0,1,3,7,0,0,0,3,11,1,0
/Users/kaiohs/Downloads/codes/lab02-experimentacao-software/data/repos/apache__groovy/src/main/java/org/codehaus/groovy/classgen/asm/InvocationWriter.java,org.codehaus.groovy.classgen.asm.InvocationWriter,class,46,61,15,46,198,1,2,173,154,0.91891885,0.0,0.0,37,5,12,13,12,0,24,0,1,0,15,13,6,7,2,0,14,0,64,633,51,10,42,0,13,30,43,177,8,137,4,1,0,2,251,1,0
/Users/kaiohs/Downloads/codes/lab02-experimentacao-software/data/repos/apache__groovy/src/main/java/org/codehaus/groovy/control/CompilationUnit.java,org.codehaus.groovy.control.CompilationUnit$SourceUnitOperation,innerclass,1,1,0,1,0,1,0,0,0,0.0,-1.0,-1.0,0,0,0,0,0,0,0,0,0,0,0,0,0,0,0,0,0,0,0,2,0,0,0,0,0,0,0,0,0,0,0,0,0,0,4,1033,0
/Users/kaiohs/Downloads/codes/lab02-experimentacao-software/data/repos/apache__groovy/subprojects/groovy-groovydoc/src/test/groovy/org/codehaus/groovy/tools/groovydoc/testfiles/groovy_10593/a/StaticList.java,org.codehaus.groovy.tools.groovydoc.testfiles.groovy_10593.a.StaticList$ListAlias,interface,0,0,0,0,0,1,0,0,0,0.0,-1.0,-1.0,0,0,0,0,0,0,0,0,0,0,0,0,0,0,0,0,0,0,0,2,0,0,0,0,0,0,0,0,0,0,0,0,0,0,2,9,0
/Users/kaiohs/Downloads/codes/lab02-experimentacao-software/data/repos/apache__groovy/src/main/java/org/codehaus/groovy/runtime/dgmimpl/NumberNumberMultiply.java,org.codehaus.groovy.runtime.dgmimpl.NumberNumberMultiply$IntegerLong,innerclass,5,5,0,5,4,7,0,3,1,0.0,0.0,0.0,2,0,2,0,0,0,2,0,1,0,0,0,0,0,0,0,0,0,0,15,2,0,0,1,1,0,1,0,1,0,2,0,0,0,19,10,0
/Users/kaiohs/Downloads/codes/lab02-experimentacao-software/data/repos/apache__groovy/src/main/java/org/codehaus/groovy/runtime/DefaultGroovyStaticMethods.java,org.codehaus.groovy.runtime.DefaultGroovyStaticMethods,class,4,7,3,4,29,1,0,35,153,0.0,0.0,0.0,18,18,15,3,0,0,15,0,0,0,0,0,0,0,0,0,0,0,27,96,16,3,6,2,1,3,4,18,5,12,5,0,0,0,156,1,0
/Users/kaiohs/Downloads/codes/lab02-experimentacao-software/data/repos/apache__groovy/src/main/java/org/codehaus/groovy/control/customizers/ImportCustomizer.java,org.codehaus.groovy.control.customizers.ImportCustomizer$ImportType,enum,0,0,0,0,0,1,0,0,0,0.0,-1.0,-1.0,0,0,0,0,0,0,0,0,0,0,0,0,0,0,0,0,0,0,0,1,0,0,0,0,0,0,0,0,0,0,0,0,0,0,4,2,0
/Users/kaiohs/Downloads/codes/lab02-experimentacao-software/data/repos/apache__groovy/src/main/java/org/apache/groovy/util/concurrent/concurrentlinkedhashmap/ConcurrentLinkedHashMap.java,org.apache.groovy.util.concurrent.concurrentlinkedhashmap.ConcurrentLinkedHashMap$UpdateTask,innerclass,5,5,0,5,2,1,0,4,0,0.0,0.0,0.0,2,0,2,0,0,0,2,0,0,0,2,0,0,0,0,2,2,0,0,13,0,0,0,0,0,1,0,2,1,2,0,0,0,0,19,16,0
/Users/kaiohs/Downloads/codes/lab02-experimentacao-software/data/repos/apache__groovy/src/main/java/org/codehaus/groovy/util/DoubleDoubleArrayColumnIterator.java,org.codehaus.groovy.util.DoubleDoubleArrayColumnIterator,class,2,4,2,2,10,1,0,2,0,0.5,0.0,0.0,4,0,4,0,0,0,4,0,0,0,3,0,0,3,0,0,1,0,1,31,2,2,1,0,0,1,3,8,0,5,2,0,0,0,43,1,0
/Users/kaiohs/Downloads/codes/lab02-experimentacao-software/data/repos/apache__groovy/src/main/java/org/codehaus/groovy/ast/expr/UnaryMinusExpression.java,org.codehaus.groovy.ast.expr.UnaryMinusExpression,class,5,8,3,5,7,3,0,7,19,0.71428573,0.0,0.0,7,0,7,0,0,0,7,0,0,0,1,0,0,1,0,0,1,0,0,27,5,0,0,0,0,2,0,2,1,2,0,0,0,0,21,1,0
/Users/kaiohs/Downloads/codes/lab02-experimentacao-software/data/repos/apache__groovy/src/test/groovy/org/codehaus/groovy/tools/gse/DependencyTest.java,org.codehaus.groovy.tools.gse.DependencyTest,class,4,4,0,4,3,2,0,12,0,0.0,0.0,0.0,3,0,2,0,1,0,3,0,0,0,2,0,0,1,0,1,0,0,0,46,0,0,0,0,0,29,9,9,2,5,1,0,0,1,40,1,0
/Users/kaiohs/Downloads/codes/lab02-experimentacao-software/data/repos/apache__groovy/src/main/java/org/codehaus/groovy/vmplugin/v7/IndyInterface.java,org.codehaus.groovy.vmplugin.v7.IndyInterface,class,2,2,0,2,4,1,0,4,6,0.9285714,0.0,0.0,4,4,4,0,0,0,4,0,0,0,2,2,2,0,0,0,2,0,4,33,4,0,0,0,0,0,6,7,0,7,0,0,1,0,120,1,0
/Users/kaiohs/Downloads/codes/lab02-experimentacao-software/data/repos/apache__groovy/src/test/groovy/groovy/lang/FloatNumberRangeTest.java,groovy.lang.FloatNumberRangeTest,class,3,3,0,3,2,3,0,0,1,0.0,0.0,0.0,2,0,0,0,2,0,2,0,0,0,0,0,0,0,0,0,0,0,0,8,2,0,0,0,0,0,0,0,0,0,0,0,0,0,13,1,0
/Users/kaiohs/Downloads/codes/lab02-experimentacao-software/data/repos/apache__groovy/src/test/groovy/org/codehaus/groovy/classgen/SimpleBean.java,org.codehaus.groovy.classgen.SimpleBean,class,0,0,0,0,4,1,0,2,2,0.5,0.0,0.0,4,0,4,0,0,0,4,0,0,0,2,0,0,2,0,0,0,0,2,16,1,0,0,0,0,0,2,3,0,2,0,0,0,0,14,1,0
/Users/kaiohs/Downloads/codes/lab02-experimentacao-software/data/repos/apache__groovy/src/main/java/org/codehaus/groovy/control/customizers/builder/SecureASTCustomizerFactory.java,org.codehaus.groovy.control.customizers.builder.SecureASTCustomizerFactory,class,4,4,0,4,4,2,0,4,3,0.0,0.0,0.0,3,0,3,0,0,0,3,0,0,0,0,0,0,0,0,0,0,0,0,17,3,0,0,0,0,0,0,1,0,1,1,0,0,0,41,1,0
/Users/kaiohs/Downloads/codes/lab02-experimentacao-software/data/repos/apache__groovy/src/main/java/groovy/transform/builder/ExternalStrategy.java,groovy.transform.builder.ExternalStrategy,class,12,13,1,12,20,2,0,42,10,0.8,NaN,NaN,5,3,1,4,0,0,1,0,0,0,1,1,0,1,0,0,1,0,4,60,10,3,3,0,1,24,2,16,3,15,2,0,0,0,163,1,0
/Users/kaiohs/Downloads/codes/lab02-experimentacao-software/data/repos/apache__groovy/subprojects/groovy-console/src/main/groovy/groovy/console/ui/text/TextUndoManager.java,groovy.console.ui.text.TextUndoManager,class,2,6,4,2,24,6,0,22,54,0.7307693,0.0,0.0,13,0,10,0,3,0,13,0,0,0,4,0,0,4,0,0,0,0,1,117,1,0,9,0,4,0,7,30,1,23,1,0,1,0,68,1,0
/Users/kaiohs/Downloads/codes/lab02-experimentacao-software/data/repos/apache__groovy/subprojects/groovy-swing/src/main/java/groovy/swing/model/FormModel.java,groovy.swing.model.FormModel,class,0,0,0,0,4,1,0,2,0,0.25,0.0,0.0,4,0,4,0,0,0,4,0,0,0,1,0,0,1,0,0,0,0,0,15,1,0,0,0,0,0,0,1,0,1,0,0,0,0,21,1,0
/Users/kaiohs/Downloads/codes/lab02-experimentacao-software/data/repos/apache__groovy/src/main/java/groovy/util/ObjectGraphBuilder.java,groovy.util.ObjectGraphBuilder$DefaultReferenceResolver,innerclass,1,1,0,1,1,1,0,0,0,0.0,NaN,NaN,1,0,1,0,0,0,1,0,0,0,0,0,0,0,0,0,0,0,0,5,1,0,0,0,0,1,0,0,0,0,0,0,0,0,9,9,0
/Users/kaiohs/Downloads/codes/lab02-experimentacao-software/data/repos/apache__groovy/subprojects/groovy-sql/src/main/java/groovy/sql/InOutParameter.java,groovy.sql.InOutParameter,interface,2,3,1,2,0,1,0,0,0,0.0,-1.0,-1.0,0,0,0,0,0,0,0,0,0,0,0,0,0,0,0,0,0,0,0,2,0,0,0,0,0,0,0,0,0,0,0,0,0,0,11,1,0
/Users/kaiohs/Downloads/codes/lab02-experimentacao-software/data/repos/apache__groovy/subprojects/groovy-swing/src/main/java/groovy/swing/table/TableSorter.java,groovy.swing.table.TableSorter$Anonymous1,anonymous,1,1,0,1,4,1,0,6,0,0.0,NaN,NaN,1,0,1,0,0,0,1,0,0,0,0,0,0,0,0,0,0,0,0,12,0,0,3,0,0,0,2,5,0,3,2,0,0,0,13,-1,0
/Users/kaiohs/Downloads/codes/lab02-experimentacao-software/data/repos/apache__groovy/src/main/java/org/codehaus/groovy/ast/decompiled/AsmReferenceResolver.java,org.codehaus.groovy.ast.decompiled.AsmReferenceResolver,class,6,13,7,6,13,1,0,15,9,0.5833334,0.0,0.0,6,0,5,1,0,0,5,0,0,0,2,0,0,2,0,0,2,0,0,48,8,1,5,1,0,1,2,10,1,8,2,0,0,0,49,1,0
/Users/kaiohs/Downloads/codes/lab02-experimentacao-software/data/repos/apache__groovy/src/main/java/org/codehaus/groovy/ast/expr/MethodReferenceExpression.java,org.codehaus.groovy.ast.expr.MethodReferenceExpression,class,5,8,3,5,6,4,0,7,6,0.0,0.0,0.0,4,0,4,0,0,0,4,0,0,0,0,0,0,0,0,0,0,0,0,31,3,0,2,0,0,2,0,5,2,4,1,0,0,0,27,1,0
/Users/kaiohs/Downloads/codes/lab02-experimentacao-software/data/repos/apache__groovy/subprojects/groovy-groovydoc/src/test/groovy/org/codehaus/groovy/tools/groovydoc/testfiles/ClassWithAnonymousInnerClass.java,org.codehaus.groovy.tools.groovydoc.testfiles.AnonymusInnerClass,class,0,0,0,0,1,1,0,0,0,0.0,NaN,NaN,1,0,1,0,0,0,1,0,0,0,0,0,0,0,0,0,0,0,0,4,0,0,0,0,0,0,0,0,0,0,0,0,0,0,5,0,0
/Users/kaiohs/Downloads/codes/lab02-experimentacao-software/data/repos/apache__groovy/src/main/java/org/codehaus/groovy/ast/expr/TernaryExpression.java,org.codehaus.groovy.ast.expr.TernaryExpression,class,7,12,5,7,9,3,1,12,30,0.77777785,0.0,0.0,9,0,9,0,0,0,9,0,0,0,3,0,0,3,0,0,3,0,1,37,7,0,0,0,0,7,0,4,2,4,0,0,0,0,28,1,0
/Users/kaiohs/Downloads/codes/lab02-experimentacao-software/data/repos/apache__groovy/src/main/java/org/codehaus/groovy/tools/javac/JavaAwareResolveVisitor.java,org.codehaus.groovy.tools.javac.JavaAwareResolveVisitor,class,7,7,0,7,6,2,0,8,6,0.0,0.0,0.0,4,0,3,0,1,0,4,0,0,0,0,0,0,0,0,0,0,0,0,16,0,0,1,0,0,2,0,2,0,2,1,0,0,0,32,1,0
/Users/kaiohs/Downloads/codes/lab02-experimentacao-software/data/repos/apache__groovy/subprojects/groovy-sql/src/main/java/org/apache/groovy/sql/extensions/SqlExtensions.java,org.apache.groovy.sql.extensions.SqlExtensions,class,4,5,1,4,5,1,0,6,6,0.0,0.0,0.0,4,4,4,0,0,0,4,0,0,0,0,0,0,0,0,0,0,0,0,40,4,1,0,0,0,0,2,3,0,3,1,0,1,0,80,17,0
/Users/kaiohs/Downloads/codes/lab02-experimentacao-software/data/repos/apache__groovy/subprojects/performance/src/jmh/groovy/org/apache/groovy/bench/dispatch/CallsiteBench.java,org.apache.groovy.bench.dispatch.CallsiteBench,class,19,19,0,19,9,1,0,3,36,0.8888889,0.0,0.0,9,0,9,0,0,0,9,0,0,0,2,2,0,2,0,0,2,0,3,105,0,0,0,0,0,0,6,2,0,2,0,0,12,0,37,1,0
/Users/kaiohs/Downloads/codes/lab02-experimentacao-software/data/repos/apache__groovy/src/main/java/org/codehaus/groovy/runtime/wrappers/ShortWrapper.java,org.codehaus.groovy.runtime.wrappers.ShortWrapper,class,1,1,0,1,1,3,0,0,0,0.0,NaN,NaN,1,0,1,0,0,0,1,0,0,0,0,0,0,0,0,0,0,0,0,5,0,0,0,0,0,0,0,0,0,0,0,0,0,0,4,1,0
/Users/kaiohs/Downloads/codes/lab02-experimentacao-software/data/repos/apache__groovy/src/main/java/org/codehaus/groovy/transform/stc/EnumTypeCheckingExtension.java,org.codehaus.groovy.transform.stc.EnumTypeCheckingExtension,class,7,8,1,7,7,2,0,9,1,0.0,0.0,0.0,2,0,2,0,0,0,2,0,0,0,0,0,0,0,0,0,0,0,0,19,2,0,3,0,0,0,0,3,0,3,3,0,0,0,44,1,0
/Users/kaiohs/Downloads/codes/lab02-experimentacao-software/data/repos/apache__groovy/src/main/java/org/apache/groovy/parser/antlr4/GroovyLangParser.java,org.apache.groovy.parser.antlr4.GroovyLangParser,class,7,8,1,7,3,3,0,4,1,0.5,0.0,0.0,2,0,1,0,1,0,2,0,0,0,1,1,0,1,0,0,1,0,1,21,1,0,0,0,0,1,0,1,0,1,1,0,1,0,43,1,0
/Users/kaiohs/Downloads/codes/lab02-experimentacao-software/data/repos/apache__groovy/src/main/java/org/codehaus/groovy/tools/GroovyStarter.java,org.codehaus.groovy.tools.GroovyStarter$LogHolder,innerclass,1,1,0,1,0,1,0,2,0,NaN,-1.0,-1.0,0,0,0,0,0,0,0,0,0,0,1,1,0,0,0,1,1,0,1,3,0,0,0,0,0,0,0,1,0,1,0,0,0,0,7,10,0
/Users/kaiohs/Downloads/codes/lab02-experimentacao-software/data/repos/apache__groovy/subprojects/groovy-xml/src/main/java/groovy/xml/XmlUtil.java,groovy.xml.XmlUtil$Anonymous1,anonymous,0,0,0,0,1,1,0,0,0,0.0,NaN,NaN,1,0,1,0,0,0,1,0,0,0,0,0,0,0,0,0,0,0,0,5,1,0,0,0,0,0,0,0,0,0,0,0,0,0,5,-1,0
/Users/kaiohs/Downloads/codes/lab02-experimentacao-software/data/repos/apache__groovy/src/main/java/org/codehaus/groovy/runtime/callsite/CallSiteArray.java,org.codehaus.groovy.runtime.callsite.CallSiteArray,class,17,38,21,17,28,1,0,35,62,0.88888884,0.0,0.0,12,11,5,7,0,0,5,0,0,0,3,1,3,0,0,0,3,0,17,109,16,0,2,1,5,0,2,22,0,17,2,0,0,1,46,17,0
/Users/kaiohs/Downloads/codes/lab02-experimentacao-software/data/repos/apache__groovy/subprojects/groovy-jmx/src/main/java/groovy/jmx/builder/JmxEventEmitter.java,groovy.jmx.builder.JmxEventEmitter,class,3,4,1,3,5,2,0,5,6,0.6,0.0,0.0,5,0,5,0,0,0,5,0,0,0,2,0,0,2,0,0,0,0,2,29,3,0,0,0,0,1,0,4,1,4,0,0,1,0,64,1,0
/Users/kaiohs/Downloads/codes/lab02-experimentacao-software/data/repos/apache__groovy/subprojects/groovy-xml/src/main/java/groovy/xml/XmlUtil.java,groovy.xml.XmlUtil$Anonymous2,anonymous,0,0,0,0,2,1,0,0,0,0.0,NaN,NaN,1,0,1,0,0,0,1,0,0,0,0,0,0,0,0,0,0,0,0,8,2,0,0,0,0,2,1,0,1,0,1,0,0,0,6,-1,0
/Users/kaiohs/Downloads/codes/lab02-experimentacao-software/data/repos/apache__groovy/src/main/java/org/codehaus/groovy/control/customizers/builder/SourceAwareCustomizerFactory.java,org.codehaus.groovy.control.customizers.builder.SourceAwareCustomizerFactory$SourceOptions,innerclass,2,2,0,2,0,1,0,0,0,NaN,-1.0,-1.0,0,0,0,0,0,0,0,0,0,0,9,0,9,0,0,0,0,0,0,11,0,0,0,0,0,0,0,0,0,9,0,0,0,0,12,9,0
/Users/kaiohs/Downloads/codes/lab02-experimentacao-software/data/repos/apache__groovy/src/spec/test/typing/TypeCheckingJavaTest.java,typing.TypeCheckingJavaTest,class,2,3,1,2,3,1,0,4,3,0.0,0.0,0.0,3,0,3,0,0,0,3,0,0,0,0,0,0,0,0,0,0,0,0,14,2,0,0,0,0,3,0,2,0,2,0,0,0,0,16,16,0
/Users/kaiohs/Downloads/codes/lab02-experimentacao-software/data/repos/apache__groovy/src/main/java/org/codehaus/groovy/util/ManagedConcurrentLinkedQueue.java,org.codehaus.groovy.util.ManagedConcurrentLinkedQueue$Itr,innerclass,3,3,0,3,13,1,0,6,0,0.45000002,0.0,0.0,5,0,3,1,0,1,4,0,0,0,4,0,0,0,0,4,1,0,0,45,3,1,5,0,0,1,0,11,0,7,2,0,0,0,24,2,0
/Users/kaiohs/Downloads/codes/lab02-experimentacao-software/data/repos/apache__groovy/src/main/java/org/codehaus/groovy/classgen/asm/sc/StaticTypesWriterControllerFactoryImpl.java,org.codehaus.groovy.classgen.asm.sc.StaticTypesWriterControllerFactoryImpl,class,3,4,1,3,1,1,0,0,0,0.0,NaN,NaN,1,0,1,0,0,0,1,0,0,0,0,0,0,0,0,0,0,0,0,5,1,0,0,0,0,0,0,0,0,0,0,0,0,0,8,1,0
/Users/kaiohs/Downloads/codes/lab02-experimentacao-software/data/repos/apache__groovy/src/main/java/org/codehaus/groovy/runtime/metaclass/MixedInMetaClass.java,org.codehaus.groovy.runtime.metaclass.MixedInMetaClass,class,5,5,0,5,5,3,0,8,0,0.25,0.0,0.0,4,0,2,0,2,0,4,0,0,0,1,0,0,1,0,0,1,0,2,20,4,0,0,0,0,0,0,1,0,1,1,0,0,0,19,1,0
/Users/kaiohs/Downloads/codes/lab02-experimentacao-software/data/repos/apache__groovy/src/test/groovy/org/codehaus/groovy/classgen/IfElseTest.java,org.codehaus.groovy.classgen.IfElseTest,class,14,14,0,14,3,2,0,13,0,0.0,NaN,NaN,1,0,0,0,0,1,1,0,0,0,0,0,0,0,0,0,0,0,0,23,0,0,2,0,0,20,4,8,0,8,0,0,0,0,39,16,0
/Users/kaiohs/Downloads/codes/lab02-experimentacao-software/data/repos/apache__groovy/src/main/java/org/apache/groovy/parser/antlr4/GroovyLangLexer.java,org.apache.groovy.parser.antlr4.GroovyLangLexer,class,6,8,2,6,4,3,0,6,6,0.0,0.0,0.0,4,0,3,0,1,0,4,0,0,0,0,0,0,0,0,0,0,0,0,26,0,0,0,0,1,0,2,0,2,0,0,0,1,0,38,1,0
/Users/kaiohs/Downloads/codes/lab02-experimentacao-software/data/repos/apache__groovy/benchmark/bench/matrix.java,matrix,class,2,3,1,2,9,1,0,6,3,0.6666667,0.0,0.0,3,3,3,0,0,0,3,0,0,0,1,1,0,0,0,1,0,0,4,40,1,6,0,0,1,3,18,17,1,14,3,0,0,0,18,1,0
/Users/kaiohs/Downloads/codes/lab02-experimentacao-software/data/repos/apache__groovy/subprojects/performance/src/jmh/groovy/org/apache/groovy/bench/dispatch/CallsiteBench.java,org.apache.groovy.bench.dispatch.CallsiteBench$PolymorphicState,innerclass,2,2,0,2,2,1,0,1,0,0.0,NaN,NaN,1,0,1,0,0,0,1,0,0,0,2,0,0,0,0,2,1,0,0,10,0,1,0,0,0,0,2,4,0,3,1,0,0,0,18,9,0
/Users/kaiohs/Downloads/codes/lab02-experimentacao-software/data/repos/apache__groovy/src/main/java/org/codehaus/groovy/ast/InterfaceHelperClassNode.java,org.codehaus.groovy.ast.InterfaceHelperClassNode,class,3,4,1,3,4,2,0,1,0,0.0,0.0,0.0,3,0,3,0,0,0,3,0,0,0,1,0,0,1,0,0,0,0,0,13,1,0,1,0,1,0,0,1,0,1,0,0,0,0,33,1,0
/Users/kaiohs/Downloads/codes/lab02-experimentacao-software/data/repos/apache__groovy/src/main/java/groovy/util/ObservableSet.java,groovy.util.ObservableSet$MultiElementRemovedEvent,innerclass,1,1,0,1,3,3,0,2,0,0.5,0.0,0.0,2,0,2,0,0,0,2,0,0,0,2,1,0,2,0,0,1,0,1,13,1,0,1,0,0,0,1,2,0,2,1,0,0,0,18,9,0
/Users/kaiohs/Downloads/codes/lab02-experimentacao-software/data/repos/apache__groovy/src/test/groovy/org/codehaus/groovy/classgen/asm/sc/support/Groovy6235Support.java,org.codehaus.groovy.classgen.asm.sc.support.Groovy6235Support,class,1,3,2,1,2,1,1,1,1,0.0,0.0,0.0,2,0,2,0,0,0,2,0,0,0,0,0,0,0,0,0,0,0,0,8,2,0,0,0,0,1,0,0,0,0,0,0,0,0,4,1,0
/Users/kaiohs/Downloads/codes/lab02-experimentacao-software/data/repos/apache__groovy/src/test/groovy/org/codehaus/groovy/runtime/methoddispatching/vm8/FooTwo.java,org.codehaus.groovy.runtime.methoddispatching.vm8.FooTwo,interface,0,1,1,0,2,1,0,1,1,0.0,0.0,0.0,2,2,0,0,0,2,2,0,0,0,0,0,0,0,0,0,0,0,1,8,2,0,0,0,0,2,0,0,0,0,0,0,0,0,19,0,0
/Users/kaiohs/Downloads/codes/lab02-experimentacao-software/data/repos/apache__groovy/src/main/java/org/codehaus/groovy/classgen/asm/BinaryLongExpressionHelper.java,org.codehaus.groovy.classgen.asm.BinaryLongExpressionHelper,class,7,9,2,7,13,2,1,2,72,0.8769231,0.0,0.0,13,0,2,0,11,0,13,0,0,0,4,4,0,4,0,0,4,0,2,53,7,0,0,0,0,2,0,5,0,5,0,0,0,0,62,1,0
/Users/kaiohs/Downloads/codes/lab02-experimentacao-software/data/repos/apache__groovy/src/test/groovy/groovy/transform/Groovy10570emu.java,groovy.transform.Groovy10570emu$Data,class,1,1,0,1,1,1,0,1,0,0.0,NaN,NaN,1,1,1,0,0,0,1,0,0,0,0,0,0,0,0,0,0,0,1,5,1,0,0,0,0,1,0,0,0,0,0,0,0,0,2,0,0
/Users/kaiohs/Downloads/codes/lab02-experimentacao-software/data/repos/apache__groovy/src/main/java/org/codehaus/groovy/runtime/metaclass/ConcurrentReaderHashMap.java,org.codehaus.groovy.runtime.metaclass.ConcurrentReaderHashMap$EntrySet,innerclass,2,2,0,2,10,3,0,9,21,0.0,0.0,0.0,7,0,7,0,0,0,7,0,0,0,0,0,0,0,0,0,0,0,0,28,8,0,1,0,2,0,0,3,0,3,1,0,0,0,21,2,0
/Users/kaiohs/Downloads/codes/lab02-experimentacao-software/data/repos/apache__groovy/subprojects/groovy-groovysh/src/main/groovy/org/apache/groovy/groovysh/jline/PackageHelper.java,org.apache.groovy.groovysh.jline.PackageHelper,class,6,9,3,6,46,1,0,41,45,0.0,0.0,0.0,10,10,3,7,0,0,3,0,0,0,0,0,0,0,0,0,0,0,17,187,8,3,14,5,10,16,7,22,10,20,6,1,3,0,137,1,0
/Users/kaiohs/Downloads/codes/lab02-experimentacao-software/data/repos/apache__groovy/src/main/java/org/codehaus/groovy/runtime/memoize/Memoize.java,org.codehaus.groovy.runtime.memoize.Memoize$MemoizeNullValue,innerclass,1,1,0,1,2,1,0,1,1,0.0,0.0,0.0,2,0,2,0,0,0,2,0,0,0,0,0,0,0,0,0,0,0,0,8,2,0,0,0,0,1,0,0,0,0,0,0,0,0,14,10,0
/Users/kaiohs/Downloads/codes/lab02-experimentacao-software/data/repos/apache__groovy/src/main/java/org/codehaus/groovy/runtime/DefaultCachedMethodKey.java,org.codehaus.groovy.runtime.DefaultCachedMethodKey,class,2,2,0,2,4,2,0,1,0,0.0,0.0,0.0,3,0,3,0,0,0,3,0,0,0,1,0,0,1,0,0,1,0,0,15,3,0,1,0,0,0,0,2,0,2,1,0,0,0,21,1,0
/Users/kaiohs/Downloads/codes/lab02-experimentacao-software/data/repos/apache__groovy/subprojects/groovy-swing/src/main/java/org/apache/groovy/swing/binding/EventTriggerBinding.java,org.apache.groovy.swing.binding.EventTriggerBinding,class,6,6,0,6,6,2,0,0,3,0.5,0.0,0.0,6,0,6,0,0,0,6,0,0,0,2,0,0,0,0,2,0,0,0,49,3,0,0,0,0,0,0,4,0,2,0,0,1,0,16,1,0
/Users/kaiohs/Downloads/codes/lab02-experimentacao-software/data/repos/apache__groovy/subprojects/groovy-console/src/main/groovy/groovy/console/ui/ConsoleTextEditor.java,groovy.console.ui.ConsoleTextEditor$UpdateCaretListener,innerclass,0,0,0,0,4,2,0,3,0,0.25,0.0,0.0,4,0,4,0,0,0,4,0,0,0,1,0,0,0,1,0,0,0,0,14,0,0,0,0,0,0,0,2,1,1,0,0,0,0,15,1026,0
/Users/kaiohs/Downloads/codes/lab02-experimentacao-software/data/repos/apache__groovy/subprojects/groovy-ginq/src/main/groovy/org/apache/groovy/ginq/transform/GinqASTTransformation.java,org.apache.groovy.ginq.transform.GinqASTTransformation,class,18,19,1,18,11,2,0,42,3,0.6666667,NaN,NaN,3,1,1,2,0,0,1,0,0,0,4,4,0,4,0,0,4,0,4,59,4,0,0,1,0,7,2,20,2,20,3,0,0,3,95,1,0
/Users/kaiohs/Downloads/codes/lab02-experimentacao-software/data/repos/apache__groovy/src/main/java/org/apache/groovy/util/concurrent/concurrentlinkedhashmap/ConcurrentLinkedHashMap.java,org.apache.groovy.util.concurrent.concurrentlinkedhashmap.ConcurrentLinkedHashMap$WeightedValue,innerclass,2,2,0,2,9,1,0,1,0,0.4,0.0,0.0,5,0,0,0,0,5,5,0,0,0,2,0,0,0,0,2,2,0,0,20,4,0,2,0,1,0,3,2,0,2,0,0,0,0,29,24,0
/Users/kaiohs/Downloads/codes/lab02-experimentacao-software/data/repos/apache__groovy/src/main/java/org/codehaus/groovy/transform/LogASTTransformation.java,org.codehaus.groovy.transform.LogASTTransformation,class,21,23,2,21,21,3,0,22,15,0.8095238,0.0,0.0,7,4,3,4,0,0,3,0,0,0,3,2,2,1,0,0,2,0,6,220,12,0,5,5,1,13,3,19,5,19,2,1,4,0,115,1,0
/Users/kaiohs/Downloads/codes/lab02-experimentacao-software/data/repos/apache__groovy/subprojects/groovy-swing/src/main/java/org/apache/groovy/swing/binding/ClosureSourceBinding.java,org.apache.groovy.swing.binding.ClosureSourceBinding,class,2,6,4,2,7,1,0,1,0,0.5238095,0.0,0.0,7,0,7,0,0,0,7,0,0,0,3,1,0,1,0,2,1,0,0,27,2,0,0,0,0,0,1,6,0,3,0,0,0,0,25,1,0
/Users/kaiohs/Downloads/codes/lab02-experimentacao-software/data/repos/apache__groovy/src/main/java/groovy/lang/ListWithDefault.java,groovy.lang.ListWithDefault,class,4,5,1,4,44,1,0,31,0,0.6262626,0.0,0.0,33,2,30,3,0,0,30,0,0,0,3,0,0,3,0,0,3,0,2,132,30,1,5,0,0,5,3,13,2,10,3,0,0,0,167,17,0
/Users/kaiohs/Downloads/codes/lab02-experimentacao-software/data/repos/apache__groovy/src/test/groovy/org/codehaus/groovy/runtime/m12n/TestStaticStringExtension.java,org.codehaus.groovy.runtime.m12n.TestStaticStringExtension,class,0,0,0,0,1,1,0,0,0,0.0,NaN,NaN,1,1,1,0,0,0,1,0,0,0,0,0,0,0,0,0,0,0,0,5,1,0,0,0,0,0,1,0,0,0,0,0,0,0,6,1,0
/Users/kaiohs/Downloads/codes/lab02-experimentacao-software/data/repos/apache__groovy/src/main/java/org/codehaus/groovy/classgen/BytecodeExpression.java,org.codehaus.groovy.classgen.BytecodeExpression$Anonymous1,anonymous,1,1,0,1,1,1,0,0,0,0.0,NaN,NaN,1,0,1,0,0,0,1,0,0,0,0,0,0,0,0,0,0,0,0,4,0,0,0,0,0,0,0,0,0,0,0,0,0,0,4,-1,0
/Users/kaiohs/Downloads/codes/lab02-experimentacao-software/data/repos/apache__groovy/src/test/groovy/gls/annotations/AnnotationsTestBase.java,gls.annotations.AnnotationsTestBase$MyLoader,innerclass,6,6,0,6,2,2,0,0,1,0.0,0.0,0.0,2,0,0,0,1,1,2,0,0,0,0,0,0,0,0,0,0,0,0,8,1,0,0,0,0,0,0,0,0,0,0,0,0,0,12,2,0
/Users/kaiohs/Downloads/codes/lab02-experimentacao-software/data/repos/apache__groovy/subprojects/groovy-json/src/main/java/groovy/json/StreamingJsonBuilder.java,groovy.json.StreamingJsonBuilder$StreamingJsonDelegate$State,enum,0,0,0,0,0,1,0,0,0,0.0,-1.0,-1.0,0,0,0,0,0,0,0,0,0,0,0,0,0,0,0,0,0,0,0,1,0,0,0,0,0,0,0,0,0,0,0,0,0,0,7,2,0
/Users/kaiohs/Downloads/codes/lab02-experimentacao-software/data/repos/apache__groovy/src/main/java/org/codehaus/groovy/ast/expr/AnnotationConstantExpression.java,org.codehaus.groovy.ast.expr.AnnotationConstantExpression,class,5,8,3,5,5,4,0,10,6,0.0,0.0,0.0,4,0,4,0,0,0,4,0,0,0,0,0,0,0,0,0,0,0,0,20,2,1,0,0,1,2,0,2,1,2,1,0,0,0,32,1,0
/Users/kaiohs/Downloads/codes/lab02-experimentacao-software/data/repos/apache__groovy/src/main/java/org/codehaus/groovy/classgen/asm/BytecodeHelper.java,org.codehaus.groovy.classgen.asm.BytecodeHelper$LoadVarHandler,innerclass,3,3,0,3,7,2,0,1,0,0.14285715,0.0,0.0,7,0,0,0,6,1,7,0,0,0,2,0,0,2,0,0,0,0,0,26,0,0,0,0,0,0,0,2,0,2,0,0,0,0,19,10,0
/Users/kaiohs/Downloads/codes/lab02-experimentacao-software/data/repos/apache__groovy/src/main/java/org/codehaus/groovy/control/CompilationUnit.java,org.codehaus.groovy.control.CompilationUnit$Anonymous2$Anonymous3,anonymous,1,1,0,1,1,1,0,0,0,0.0,NaN,NaN,1,0,0,0,1,0,1,0,0,0,0,0,0,0,0,0,0,0,0,5,1,0,0,0,0,0,0,0,0,0,0,0,0,0,4,-1,0
/Users/kaiohs/Downloads/codes/lab02-experimentacao-software/data/repos/apache__groovy/src/main/java/groovy/lang/NumberRange.java,groovy.lang.NumberRange,class,11,21,10,11,105,3,0,45,55,0.748366,0.0,0.0,34,3,25,6,0,3,28,0,0,0,9,1,0,9,0,0,7,0,13,328,31,6,17,1,10,30,26,62,13,40,3,0,1,0,252,1,0
/Users/kaiohs/Downloads/codes/lab02-experimentacao-software/data/repos/apache__groovy/src/main/java/groovy/lang/BenchmarkInterceptor.java,groovy.lang.BenchmarkInterceptor,class,1,1,0,1,9,1,0,10,0,0.16666667,0.0,0.0,6,0,6,0,0,0,6,0,0,0,1,0,0,0,1,0,0,0,2,39,5,2,0,0,2,0,7,13,2,8,2,0,0,0,95,1,0
/Users/kaiohs/Downloads/codes/lab02-experimentacao-software/data/repos/apache__groovy/subprojects/groovy-ant/src/main/java/org/codehaus/groovy/ant/CompileTaskSupport.java,org.codehaus.groovy.ant.CompileTaskSupport,class,10,14,4,10,32,2,2,17,92,0.84375,0.0,0.0,16,0,12,0,4,0,16,1,0,0,6,0,0,0,6,0,1,0,1,105,7,1,12,1,0,3,0,14,1,11,2,0,0,0,66,1025,1
/Users/kaiohs/Downloads/codes/lab02-experimentacao-software/data/repos/apache__groovy/src/test/groovy/org/codehaus/groovy/ast/ClassNodeTest.java,org.codehaus.groovy.ast.ClassNodeTest,class,6,6,0,6,11,1,0,39,0,0.45000002,0.0,0.0,10,0,10,0,0,0,10,0,0,0,2,0,0,2,0,0,2,0,2,75,0,0,0,0,0,12,3,14,0,13,0,0,0,1,45,17,0
/Users/kaiohs/Downloads/codes/lab02-experimentacao-software/data/repos/apache__groovy/src/main/java/org/codehaus/groovy/ast/ClassHelper.java,org.codehaus.groovy.ast.ClassHelper$ClassHelperCache,innerclass,2,2,0,2,0,1,0,0,0,NaN,-1.0,-1.0,0,0,0,0,0,0,0,0,0,0,1,1,0,0,0,1,0,0,0,3,0,0,0,0,0,0,1,1,0,1,0,0,0,0,4,8,0
/Users/kaiohs/Downloads/codes/lab02-experimentacao-software/data/repos/apache__groovy/benchmark/bench/raytracer.java,raytracer,class,7,9,2,7,19,3,0,13,36,0.8888889,0.0,0.0,9,1,1,0,0,8,9,0,0,0,1,0,0,0,0,1,0,0,4,123,10,6,3,0,4,3,50,24,41,21,4,0,6,0,43,17,0
/Users/kaiohs/Downloads/codes/lab02-experimentacao-software/data/repos/apache__groovy/subprojects/groovy-groovydoc/src/main/java/org/codehaus/groovy/tools/groovydoc/SimpleGroovyAbstractableElementDoc.java,org.codehaus.groovy.tools.groovydoc.SimpleGroovyAbstractableElementDoc,class,1,5,4,1,3,3,2,0,1,0.33333334,0.0,0.0,3,0,3,0,0,0,3,0,0,0,1,0,0,1,0,0,0,0,0,12,1,0,0,0,0,0,0,1,0,1,0,0,0,0,12,1,0
/Users/kaiohs/Downloads/codes/lab02-experimentacao-software/data/repos/apache__groovy/src/test/groovy/org/codehaus/groovy/classgen/RunBugsTest.java,org.codehaus.groovy.classgen.RunBugsTest,class,3,3,0,3,1,2,0,2,0,0.0,NaN,NaN,1,0,0,0,0,1,1,0,0,0,0,0,0,0,0,0,0,0,0,6,0,0,0,0,0,2,0,1,0,1,0,0,0,0,35,16,0
/Users/kaiohs/Downloads/codes/lab02-experimentacao-software/data/repos/apache__groovy/subprojects/groovy-templates/src/main/groovy/groovy/text/markup/MarkupTemplateEngine.java,groovy.text.markup.MarkupTemplateEngine$TemplateResource,innerclass,1,1,0,1,8,1,0,4,0,0.33333334,0.0,0.0,5,1,4,1,0,0,4,0,0,0,3,0,0,3,0,0,3,0,0,26,4,0,2,0,1,4,3,4,3,4,1,0,0,0,21,9,0
/Users/kaiohs/Downloads/codes/lab02-experimentacao-software/data/repos/apache__groovy/subprojects/groovy-contracts/src/main/java/org/apache/groovy/contracts/ast/visitor/AnnotationContractParameterVisitor.java,org.apache.groovy.contracts.ast.visitor.AnnotationContractParameterVisitor,class,8,8,0,8,8,3,0,5,4,0.5,0.0,0.0,4,0,4,0,0,0,4,0,0,0,1,0,0,1,0,0,0,0,1,22,2,1,2,0,1,1,0,2,0,1,1,0,0,0,30,1,0
/Users/kaiohs/Downloads/codes/lab02-experimentacao-software/data/repos/apache__groovy/src/main/java/org/codehaus/groovy/runtime/dgmimpl/NumberNumberDiv.java,org.codehaus.groovy.runtime.dgmimpl.NumberNumberDiv$IntegerFloat,innerclass,5,5,0,5,4,7,0,4,1,0.0,0.0,0.0,2,0,2,0,0,0,2,0,1,0,0,0,0,0,0,0,0,0,0,15,2,0,0,1,2,0,1,0,1,0,2,0,0,0,19,10,0
/Users/kaiohs/Downloads/codes/lab02-experimentacao-software/data/repos/apache__groovy/src/main/java/org/codehaus/groovy/util/HashCodeHelper.java,org.codehaus.groovy.util.HashCodeHelper,class,9,10,1,9,38,1,0,21,231,0.95454544,0.0,0.0,22,22,21,1,0,0,21,0,0,0,2,2,0,2,0,0,2,0,41,80,32,0,14,0,3,0,19,2,15,2,1,0,0,0,41,1,0
/Users/kaiohs/Downloads/codes/lab02-experimentacao-software/data/repos/apache__groovy/src/main/java/org/apache/groovy/metaclass/MetaClass.java,org.apache.groovy.metaclass.MetaClass,class,6,7,1,6,2,1,0,2,0,0.0,0.0,0.0,2,0,1,0,0,1,2,0,0,0,1,0,0,1,0,0,1,0,0,9,1,0,0,0,0,0,0,1,0,1,0,0,0,0,18,17,0
/Users/kaiohs/Downloads/codes/lab02-experimentacao-software/data/repos/apache__groovy/src/test/groovy/org/codehaus/groovy/dummy/Groovy8144C.java,org.codehaus.groovy.dummy.Groovy8144C,class,1,1,0,1,0,2,0,0,0,0.0,-1.0,-1.0,0,0,0,0,0,0,0,0,0,0,0,0,0,0,0,0,0,0,0,2,0,0,0,0,0,0,0,0,0,0,0,0,0,0,29,1,0
/Users/kaiohs/Downloads/codes/lab02-experimentacao-software/data/repos/apache__groovy/src/main/java/org/codehaus/groovy/util/ReferenceManager.java,org.codehaus.groovy.util.ReferenceManager$CallBackedManager,innerclass,4,4,0,4,10,2,0,9,10,0.8,0.0,0.0,5,1,4,1,0,0,4,0,0,0,1,1,0,1,0,0,1,0,1,35,1,1,3,1,0,1,3,5,0,4,3,0,0,0,23,10,0
/Users/kaiohs/Downloads/codes/lab02-experimentacao-software/data/repos/apache__groovy/src/main/java/org/codehaus/groovy/ast/tools/BeanUtils.java,org.codehaus.groovy.ast.tools.BeanUtils,class,7,9,2,7,50,1,0,38,26,0.75,0.0,0.0,8,7,4,4,0,0,4,0,0,0,4,4,0,1,0,3,4,0,8,99,6,3,10,0,1,6,7,19,0,12,3,0,0,0,87,1,0
/Users/kaiohs/Downloads/codes/lab02-experimentacao-software/data/repos/apache__groovy/src/test/groovy/org/codehaus/groovy/dummy/Groovy8144A.java,org.codehaus.groovy.dummy.Groovy8144A,class,1,1,0,1,0,2,0,0,0,0.0,-1.0,-1.0,0,0,0,0,0,0,0,0,0,0,0,0,0,0,0,0,0,0,0,2,0,0,0,0,0,0,0,0,0,0,0,0,0,0,28,1,0
/Users/kaiohs/Downloads/codes/lab02-experimentacao-software/data/repos/apache__groovy/src/test/groovy/org/codehaus/groovy/dummy/Groovy8144B.java,org.codehaus.groovy.dummy.Groovy8144B,class,1,1,0,1,0,2,0,0,0,0.0,-1.0,-1.0,0,0,0,0,0,0,0,0,0,0,0,0,0,0,0,0,0,0,0,2,0,0,0,0,0,0,0,0,0,0,0,0,0,0,29,1,0
/Users/kaiohs/Downloads/codes/lab02-experimentacao-software/data/repos/apache__groovy/src/main/java/org/codehaus/groovy/tools/gse/StringSetMap.java,org.codehaus.groovy.tools.gse.StringSetMap,class,1,4,3,1,12,4,0,7,6,1.0,0.0,0.0,4,0,4,0,0,0,4,0,0,0,1,1,0,1,0,0,1,0,0,35,1,5,1,0,0,0,1,7,0,6,4,0,0,0,26,1,0
/Users/kaiohs/Downloads/codes/lab02-experimentacao-software/data/repos/apache__groovy/subprojects/groovy-datetime/src/main/java/org/apache/groovy/datetime/extensions/DateTimeStaticExtensions.java,org.apache.groovy.datetime.extensions.DateTimeStaticExtensions,class,1,1,0,1,13,1,0,18,78,0.0,0.0,0.0,13,12,12,1,0,0,12,0,0,0,0,0,0,0,0,0,0,0,27,42,12,0,0,0,0,0,5,2,0,2,0,0,0,0,98,17,0
/Users/kaiohs/Downloads/codes/lab02-experimentacao-software/data/repos/apache__groovy/subprojects/groovy-sql/src/main/java/groovy/sql/Sql.java,groovy.sql.Sql$PreparedQueryCommand,innerclass,2,2,0,2,3,2,0,4,0,0.0,NaN,NaN,2,0,0,1,1,0,1,0,0,0,1,0,0,1,0,0,0,0,0,13,1,0,1,0,0,0,1,3,0,2,1,0,0,0,23,18,0
/Users/kaiohs/Downloads/codes/lab02-experimentacao-software/data/repos/apache__groovy/src/main/java/groovy/lang/GroovyClassLoader.java,groovy.lang.GroovyClassLoader$Anonymous1,anonymous,1,1,0,1,4,1,0,2,0,0.0,NaN,NaN,1,0,1,0,0,0,1,0,0,0,0,0,0,0,0,0,0,0,0,13,2,1,1,1,0,0,0,1,0,1,3,0,0,0,14,-1,0
/Users/kaiohs/Downloads/codes/lab02-experimentacao-software/data/repos/apache__groovy/subprojects/groovy-xml/src/main/java/groovy/xml/slurpersupport/NodeChildren.java,groovy.xml.slurpersupport.NodeChildren,class,12,19,7,12,28,3,3,17,120,0.9375,0.0,0.0,16,0,13,0,3,0,16,0,0,1,1,0,0,1,0,0,0,0,0,154,10,8,1,0,4,4,3,11,0,10,2,3,0,0,77,1,0
/Users/kaiohs/Downloads/codes/lab02-experimentacao-software/data/repos/apache__groovy/src/test/groovy/org/codehaus/groovy/ast/VariableExpressionTest.java,org.codehaus.groovy.ast.VariableExpressionTest,class,5,5,0,5,8,2,0,7,28,0.0,0.0,0.0,8,0,8,0,0,0,8,0,0,0,0,0,0,0,0,0,0,0,0,46,0,0,0,0,0,21,0,16,0,16,0,0,0,0,42,1,0
/Users/kaiohs/Downloads/codes/lab02-experimentacao-software/data/repos/apache__groovy/src/main/java/org/codehaus/groovy/tools/Utilities.java,org.codehaus.groovy.tools.Utilities,class,2,4,2,2,8,1,0,9,3,0.6666667,0.0,0.0,3,3,3,0,0,0,3,0,0,0,2,2,0,2,0,0,1,0,5,19,6,1,0,0,1,5,2,4,1,4,2,0,0,0,50,1025,0
/Users/kaiohs/Downloads/codes/lab02-experimentacao-software/data/repos/apache__groovy/src/main/java/groovy/lang/MetaClassRegistry.java,groovy.lang.MetaClassRegistry$MetaClassCreationHandle,innerclass,8,8,0,8,10,1,0,8,4,0.4,0.0,0.0,5,0,3,1,1,0,4,0,1,0,1,0,0,1,0,0,0,0,1,41,8,0,0,1,0,4,0,5,2,5,2,0,0,0,94,0,0
/Users/kaiohs/Downloads/codes/lab02-experimentacao-software/data/repos/apache__groovy/subprojects/groovy-groovysh/src/main/groovy/org/apache/groovy/groovysh/jline/GroovyEngine.java,org.apache.groovy.groovysh.jline.GroovyEngine$Format,enum,0,0,0,0,0,1,0,0,0,0.0,-1.0,-1.0,0,0,0,0,0,0,0,0,0,0,0,0,0,0,0,0,0,0,0,1,0,0,0,0,0,0,0,0,0,0,0,0,0,0,6,1,0
/Users/kaiohs/Downloads/codes/lab02-experimentacao-software/data/repos/apache__groovy/src/main/java/org/apache/groovy/plugin/DefaultRunners.java,org.apache.groovy.plugin.DefaultRunners$Junit3TestRunner,innerclass,3,3,0,3,4,1,0,4,1,0.0,0.0,0.0,2,0,2,0,0,0,2,0,0,0,0,0,0,0,0,0,0,0,0,20,3,0,0,2,0,5,0,2,0,2,1,0,0,0,67,10,0
/Users/kaiohs/Downloads/codes/lab02-experimentacao-software/data/repos/apache__groovy/src/main/java/org/codehaus/groovy/classgen/asm/BinaryExpressionHelper.java,org.codehaus.groovy.classgen.asm.BinaryExpressionHelper,class,40,48,8,40,134,1,2,118,0,0.9061729,0.0,0.0,27,0,9,12,6,0,15,0,0,0,15,13,0,14,1,0,15,0,24,663,10,2,8,0,5,67,8,152,4,147,4,1,0,0,189,1,0
/Users/kaiohs/Downloads/codes/lab02-experimentacao-software/data/repos/apache__groovy/src/main/java/org/apache/groovy/parser/antlr4/GroovyLangLexer.java,org.apache.groovy.parser.antlr4.GroovyLangLexer$PositionAdjustingLexerATNSimulator,innerclass,4,4,0,4,2,2,0,2,1,0.0,0.0,0.0,2,0,1,0,1,0,2,0,0,0,0,0,0,0,0,0,0,0,0,11,0,0,0,0,0,0,0,2,0,0,0,0,0,0,18,10,0
/Users/kaiohs/Downloads/codes/lab02-experimentacao-software/data/repos/apache__groovy/src/main/java/org/codehaus/groovy/ast/AstToTextHelper.java,org.codehaus.groovy.ast.AstToTextHelper,class,3,7,4,3,26,1,0,21,10,0.0,0.0,0.0,5,5,5,0,0,0,5,0,0,0,0,0,0,0,0,0,0,0,14,70,9,2,7,0,0,22,2,8,3,6,1,0,0,0,31,1,0
/Users/kaiohs/Downloads/codes/lab02-experimentacao-software/data/repos/apache__groovy/subprojects/groovy-groovysh/src/main/groovy/org/apache/groovy/groovysh/jline/GroovyEngine.java,org.apache.groovy.groovysh.jline.GroovyEngine$AsCompleter,innerclass,5,5,0,5,2,1,0,6,0,0.0,NaN,NaN,1,0,1,0,0,0,1,0,0,0,1,0,0,1,0,0,1,0,0,8,1,0,0,0,0,2,1,2,0,2,1,0,0,0,10,10,0
/Users/kaiohs/Downloads/codes/lab02-experimentacao-software/data/repos/apache__groovy/src/main/java/org/apache/groovy/plugin/DefaultRunners.java,org.apache.groovy.plugin.DefaultRunners$Junit3SuiteRunner,innerclass,3,3,0,3,4,1,0,3,1,0.0,0.0,0.0,2,0,2,0,0,0,2,0,0,0,0,0,0,0,0,0,0,0,0,20,3,0,0,2,0,5,0,2,0,2,1,0,0,0,66,10,0
/Users/kaiohs/Downloads/codes/lab02-experimentacao-software/data/repos/apache__groovy/src/main/java/org/apache/groovy/util/concurrent/concurrentlinkedhashmap/Weighers.java,org.apache.groovy.util.concurrent.concurrentlinkedhashmap.Weighers$SingletonEntryWeigher,enum,1,1,0,1,1,1,0,0,0,0.0,NaN,NaN,1,0,1,0,0,0,1,0,0,0,0,0,0,0,0,0,0,0,0,4,1,0,0,0,0,0,1,0,0,0,0,0,0,0,15,0,0
/Users/kaiohs/Downloads/codes/lab02-experimentacao-software/data/repos/apache__groovy/src/test/groovy/bugs/groovy8531/Reducer.java,bugs.groovy8531.Reducer$PublicContext,innerclass,0,0,0,0,0,1,0,0,0,0.0,-1.0,-1.0,0,0,0,0,0,0,0,0,0,0,0,0,0,0,0,0,0,0,0,2,0,0,0,0,0,0,0,0,0,0,0,0,0,0,2,1025,0
/Users/kaiohs/Downloads/codes/lab02-experimentacao-software/data/repos/apache__groovy/src/main/java/org/codehaus/groovy/runtime/metaclass/ClosureMetaMethod.java,org.codehaus.groovy.runtime.metaclass.ClosureMetaMethod$MethodClosureMetaMethod,innerclass,3,3,0,3,2,3,0,4,1,0.0,0.0,0.0,2,0,2,0,0,0,2,0,0,0,0,0,0,0,0,0,0,0,0,8,1,0,0,0,0,0,0,0,0,0,0,0,0,0,12,10,0
/Users/kaiohs/Downloads/codes/lab02-experimentacao-software/data/repos/apache__groovy/src/main/java/org/apache/groovy/parser/antlr4/AstBuilder.java,org.apache.groovy.parser.antlr4.AstBuilder$Anonymous3,anonymous,4,4,0,4,1,1,0,1,0,0.0,NaN,NaN,1,0,1,0,0,0,1,0,0,0,0,0,0,0,0,0,0,0,0,5,0,0,0,0,0,0,1,0,1,0,0,0,0,0,9,-1,0
/Users/kaiohs/Downloads/codes/lab02-experimentacao-software/data/repos/apache__groovy/src/main/java/org/codehaus/groovy/tools/GroovyStarter.java,org.codehaus.groovy.tools.GroovyStarter,class,3,5,2,3,30,1,0,23,15,0.0,0.0,0.0,6,6,2,3,0,1,3,0,0,0,0,0,0,0,0,0,0,0,19,108,1,1,8,5,1,16,14,21,7,12,3,0,1,0,62,1,0
/Users/kaiohs/Downloads/codes/lab02-experimentacao-software/data/repos/apache__groovy/src/main/java/org/apache/groovy/parser/antlr4/AstBuilder.java,org.apache.groovy.parser.antlr4.AstBuilder$Anonymous2,anonymous,2,2,0,2,3,1,0,11,0,0.0,NaN,NaN,1,0,1,0,0,0,1,0,0,0,0,0,0,0,0,0,0,0,1,10,0,0,0,0,0,2,0,2,1,3,1,0,0,1,19,-1,0
/Users/kaiohs/Downloads/codes/lab02-experimentacao-software/data/repos/apache__groovy/src/main/java/org/apache/groovy/parser/antlr4/AstBuilder.java,org.apache.groovy.parser.antlr4.AstBuilder$Anonymous1,anonymous,1,1,0,1,3,1,0,2,1,0.0,0.0,0.0,2,0,2,0,0,0,2,0,0,0,0,0,0,0,0,0,0,0,0,12,1,0,0,0,0,0,2,2,0,0,1,0,0,0,8,-1,0
/Users/kaiohs/Downloads/codes/lab02-experimentacao-software/data/repos/apache__groovy/src/main/java/org/codehaus/groovy/runtime/BooleanClosureForMapPredicate.java,org.codehaus.groovy.runtime.BooleanClosureForMapPredicate,class,4,5,1,4,3,1,0,4,0,0.0,0.0,0.0,2,0,2,0,0,0,2,0,0,0,2,0,0,2,0,0,2,0,0,16,2,0,1,0,0,0,1,2,0,2,1,0,0,0,30,1,0
/Users/kaiohs/Downloads/codes/lab02-experimentacao-software/data/repos/apache__groovy/src/main/java/org/codehaus/groovy/transform/MapConstructorASTTransformation.java,org.codehaus.groovy.transform.MapConstructorASTTransformation$Anonymous1,anonymous,3,3,0,3,3,1,0,6,1,0.0,0.0,0.0,2,0,1,0,1,0,2,0,0,0,0,0,0,0,0,0,0,0,0,11,1,0,0,0,0,1,0,0,0,0,1,0,0,0,8,-1,0
/Users/kaiohs/Downloads/codes/lab02-experimentacao-software/data/repos/apache__groovy/src/main/java/org/codehaus/groovy/util/ReferenceType.java,org.codehaus.groovy.util.ReferenceType$PhantomRef,innerclass,3,3,0,3,2,3,0,0,0,0.0,0.0,0.0,2,0,2,0,0,0,2,0,0,0,1,0,0,1,0,0,1,0,0,10,1,0,0,0,0,0,0,1,0,1,0,0,0,0,9,10,0
/Users/kaiohs/Downloads/codes/lab02-experimentacao-software/data/repos/apache__groovy/src/main/java/org/codehaus/groovy/transform/MapConstructorASTTransformation.java,org.codehaus.groovy.transform.MapConstructorASTTransformation$Anonymous2,anonymous,6,6,0,6,6,1,0,8,1,0.0,0.0,0.0,2,0,1,0,1,0,2,0,0,0,0,0,0,0,0,0,0,0,0,18,3,0,0,0,0,2,0,1,0,1,2,0,0,0,16,-1,0
/Users/kaiohs/Downloads/codes/lab02-experimentacao-software/data/repos/apache__groovy/src/main/java/groovy/util/ObservableMap.java,groovy.util.ObservableMap$PropertyRemovedEvent,innerclass,1,1,0,1,1,3,0,0,0,1.0,NaN,NaN,1,0,1,0,0,0,1,0,0,0,1,1,0,1,0,0,1,0,0,6,0,0,0,0,0,0,1,1,0,1,0,0,0,0,13,9,0
/Users/kaiohs/Downloads/codes/lab02-experimentacao-software/data/repos/apache__groovy/src/main/java/org/codehaus/groovy/tools/RootLoader.java,org.codehaus.groovy.tools.RootLoader,class,3,6,3,3,17,4,0,22,19,0.78571427,0.0,0.0,7,0,5,0,2,0,7,0,0,1,2,1,0,2,0,0,2,0,4,60,4,2,4,3,0,10,1,14,1,10,2,0,0,0,147,1,0
/Users/kaiohs/Downloads/codes/lab02-experimentacao-software/data/repos/apache__groovy/benchmark/bench/binarytrees.java,binarytrees$TreeNode,innerclass,1,1,0,1,6,1,0,2,0,0.33333334,0.0,0.0,4,1,0,2,0,2,2,0,0,0,2,0,0,2,0,0,0,0,2,24,4,0,1,0,0,0,6,4,7,3,1,0,0,0,10,10,0
/Users/kaiohs/Downloads/codes/lab02-experimentacao-software/data/repos/apache__groovy/subprojects/performance/src/jmh/groovy/org/apache/groovy/perf/RunnerRegistryBench.java,org.apache.groovy.perf.RunnerRegistryBench,class,10,11,1,10,5,1,0,5,1,0.5,0.0,0.0,2,0,2,0,0,0,3,0,0,0,2,2,0,0,0,2,0,0,0,20,0,2,0,0,0,0,5,2,0,2,1,0,0,0,14,1,0
/Users/kaiohs/Downloads/codes/lab02-experimentacao-software/data/repos/apache__groovy/src/main/java/org/codehaus/groovy/runtime/callsite/GetEffectivePogoPropertySite.java,org.codehaus.groovy.runtime.callsite.GetEffectivePogoPropertySite,class,8,10,2,8,21,2,0,7,0,0.25,0.0,0.0,6,0,6,0,0,0,6,0,5,0,2,0,0,2,0,0,2,0,7,59,9,0,4,3,8,0,0,2,0,2,2,0,0,0,27,0,0
/Users/kaiohs/Downloads/codes/lab02-experimentacao-software/data/repos/apache__groovy/subprojects/groovy-groovydoc/src/main/java/org/codehaus/groovy/tools/groovydoc/FileSystemResourceManager.java,org.codehaus.groovy.tools.groovydoc.FileSystemResourceManager,class,1,2,1,1,3,1,0,1,0,0.33333334,0.0,0.0,3,0,3,0,0,0,3,0,0,0,2,1,0,2,0,0,2,0,0,13,1,0,0,0,0,2,0,3,2,2,0,0,0,0,14,1,0
/Users/kaiohs/Downloads/codes/lab02-experimentacao-software/data/repos/apache__groovy/src/test/groovy/gls/ch06/s05/testClasses/Tt1c.java,gls.ch06.s05.testClasses.Tt1c,class,1,3,2,1,3,1,1,0,3,0.6666667,0.0,0.0,3,0,3,0,0,0,3,0,0,0,2,0,1,1,0,0,0,0,0,23,2,0,0,0,0,1,0,3,0,2,0,2,0,0,9,1,0
/Users/kaiohs/Downloads/codes/lab02-experimentacao-software/data/repos/apache__groovy/src/main/java/org/codehaus/groovy/vmplugin/v8/IndyInterface.java,org.codehaus.groovy.vmplugin.v8.IndyInterface$CallType,enum,1,1,0,1,4,1,0,7,4,0.625,0.0,0.0,4,1,3,0,0,1,4,0,0,0,2,1,0,2,0,0,2,0,4,21,3,0,0,0,0,6,0,2,0,2,0,0,0,0,49,1,0
/Users/kaiohs/Downloads/codes/lab02-experimentacao-software/data/repos/apache__groovy/src/test/groovy/groovy/inspect/InspectorTest.java,groovy.inspect.InspectorTest$Anonymous1,anonymous,1,1,0,1,2,1,0,1,1,0.0,0.0,0.0,2,0,2,0,0,0,2,0,0,0,0,0,0,0,0,0,0,0,0,8,2,0,0,0,0,0,0,0,0,0,0,0,0,0,6,-1,0
/Users/kaiohs/Downloads/codes/lab02-experimentacao-software/data/repos/apache__groovy/src/test/groovy/groovy/inspect/InspectorTest.java,groovy.inspect.InspectorTest$Anonymous2,anonymous,0,0,0,0,3,1,0,0,3,0.0,0.0,0.0,3,0,3,0,0,0,3,0,0,0,0,0,0,0,0,0,0,0,0,14,2,0,0,0,0,1,6,3,0,0,0,0,0,0,7,-1,0
/Users/kaiohs/Downloads/codes/lab02-experimentacao-software/data/repos/apache__groovy/src/main/java/org/codehaus/groovy/ast/tools/GenericsUtils.java,org.codehaus.groovy.ast.tools.GenericsUtils$ParameterizedTypeCacheKey,innerclass,2,2,0,2,12,1,0,2,0,0.2857143,0.0,0.0,7,0,7,0,0,0,7,0,0,0,2,0,0,2,0,0,0,0,1,29,6,0,5,0,0,2,0,5,0,3,1,0,0,0,21,10,0
/Users/kaiohs/Downloads/codes/lab02-experimentacao-software/data/repos/apache__groovy/src/main/java/org/codehaus/groovy/runtime/DefaultGroovyMethods.java,org.codehaus.groovy.runtime.DefaultGroovyMethods,class,141,164,23,141,1799,2,0,968,615493,0.9992278,0.0,0.0,1110,1110,1078,19,8,5,1091,0,0,0,7,7,2,5,0,0,7,0,1218,6461,1191,196,153,19,60,596,310,697,98,576,5,2,26,7,1691,1,0
/Users/kaiohs/Downloads/codes/lab02-experimentacao-software/data/repos/apache__groovy/subprojects/groovy-jmx/src/test/java/groovy/jmx/builder/MockJmxListener.java,groovy.jmx.builder.MockJmxListenerMBean,interface,0,1,1,0,2,1,0,0,1,0.0,0.0,0.0,2,0,0,0,0,2,2,0,0,0,0,0,0,0,0,0,0,0,0,4,0,0,0,0,0,0,0,0,0,0,0,0,0,0,9,0,0
/Users/kaiohs/Downloads/codes/lab02-experimentacao-software/data/repos/apache__groovy/src/test/groovy/gls/annotations/AnnotationsTestBase.java,gls.annotations.AnnotationsTestBase,class,7,7,0,7,5,7,0,3,0,0.5833333,0.0,0.0,4,0,3,0,1,0,4,0,0,0,3,0,0,0,0,3,0,0,0,83,2,0,0,1,0,3,0,3,1,3,1,0,5,0,30,1025,0
/Users/kaiohs/Downloads/codes/lab02-experimentacao-software/data/repos/apache__groovy/src/main/java/org/codehaus/groovy/classgen/asm/BinaryExpressionHelper.java,org.codehaus.groovy.classgen.asm.BinaryExpressionHelper$Anonymous1,anonymous,3,3,0,3,1,1,0,6,0,0.0,NaN,NaN,1,0,1,0,0,0,1,0,0,0,0,0,0,0,0,0,0,0,0,9,0,0,0,0,0,0,1,1,0,1,0,0,0,0,9,-1,0
/Users/kaiohs/Downloads/codes/lab02-experimentacao-software/data/repos/apache__groovy/src/main/java/org/codehaus/groovy/transform/RecordTypeASTTransformation.java,org.codehaus.groovy.transform.RecordTypeASTTransformation,class,42,44,2,42,100,2,0,158,234,0.9366668,0.0,0.0,24,6,4,19,1,0,5,0,0,0,25,24,1,24,0,0,24,0,46,348,16,9,20,0,12,72,31,90,7,91,4,0,0,4,235,1,0
/Users/kaiohs/Downloads/codes/lab02-experimentacao-software/data/repos/apache__groovy/src/testFixtures/groovy/org/codehaus/groovy/classgen/TestSupport.java,org.codehaus.groovy.classgen.TestSupport,class,18,31,13,18,15,1,12,36,54,0.6666667,0.0,0.0,12,0,0,2,8,2,10,0,8,0,1,0,0,1,0,0,0,0,5,83,7,1,0,1,0,15,10,25,4,24,2,0,0,0,95,1025,0
/Users/kaiohs/Downloads/codes/lab02-experimentacao-software/data/repos/apache__groovy/src/test/groovy/org/codehaus/groovy/runtime/InvokeMethodTest.java,org.codehaus.groovy.runtime.InvokeMethodTest$Anonymous1,anonymous,0,0,0,0,1,1,0,0,0,0.0,NaN,NaN,1,0,1,0,0,0,1,0,0,0,0,0,0,0,0,0,0,0,0,5,1,0,0,0,0,1,0,0,0,0,0,0,0,0,2,-1,0
/Users/kaiohs/Downloads/codes/lab02-experimentacao-software/data/repos/apache__groovy/src/main/java/org/codehaus/groovy/control/CompilationUnit.java,org.codehaus.groovy.control.CompilationUnit$Anonymous4,anonymous,12,12,0,12,6,1,0,17,1,0.0,0.0,0.0,2,0,2,0,0,0,2,0,0,0,0,0,0,0,0,0,0,0,1,25,1,1,3,0,2,0,1,7,1,6,1,0,0,0,30,-1,0
/Users/kaiohs/Downloads/codes/lab02-experimentacao-software/data/repos/apache__groovy/src/test/groovy/gls/generics/GenericsTestData.java,gls.generics.GenericsTestData$TestInterface,interface,0,0,0,0,1,1,0,0,0,0.0,NaN,NaN,1,0,0,0,0,1,1,0,0,0,0,0,0,0,0,0,0,0,0,3,0,0,0,0,0,0,0,0,0,0,0,0,0,0,5,1,0
/Users/kaiohs/Downloads/codes/lab02-experimentacao-software/data/repos/apache__groovy/src/main/java/org/codehaus/groovy/control/CompilationUnit.java,org.codehaus.groovy.control.CompilationUnit$Anonymous5,anonymous,6,6,0,6,13,1,0,13,3,0.0,NaN,NaN,3,0,0,2,1,0,1,0,0,0,0,0,0,0,0,0,0,0,0,27,9,1,5,0,0,0,0,7,0,5,1,0,0,0,22,-1,0
/Users/kaiohs/Downloads/codes/lab02-experimentacao-software/data/repos/apache__groovy/src/main/java/org/apache/groovy/ast/tools/ExpressionUtils.java,org.apache.groovy.ast.tools.ExpressionUtils,class,14,36,22,14,111,1,0,67,91,0.0,0.0,0.0,14,13,10,4,0,0,10,0,0,0,0,0,0,0,0,0,0,0,59,225,41,2,27,1,19,1,2,41,2,35,5,0,0,0,181,17,0
/Users/kaiohs/Downloads/codes/lab02-experimentacao-software/data/repos/apache__groovy/src/main/java/org/codehaus/groovy/control/CompilationUnit.java,org.codehaus.groovy.control.CompilationUnit$Anonymous6,anonymous,4,4,0,4,2,1,0,2,1,0.0,0.0,0.0,2,0,2,0,0,0,2,0,0,0,0,0,0,0,0,0,0,0,0,8,1,0,0,0,0,0,0,0,0,0,0,0,0,0,8,-1,0
/Users/kaiohs/Downloads/codes/lab02-experimentacao-software/data/repos/apache__groovy/src/test/groovy/org/codehaus/groovy/runtime/InvokeMethodTest.java,org.codehaus.groovy.runtime.InvokeMethodTest$Anonymous2,anonymous,0,0,0,0,1,1,0,0,0,0.0,NaN,NaN,1,0,1,0,0,0,1,0,0,0,0,0,0,0,0,0,0,0,0,5,1,0,0,0,0,1,0,0,0,0,0,0,0,0,2,-1,0
/Users/kaiohs/Downloads/codes/lab02-experimentacao-software/data/repos/apache__groovy/src/main/java/org/codehaus/groovy/control/CompilationUnit.java,org.codehaus.groovy.control.CompilationUnit$Anonymous1,anonymous,1,1,0,1,3,1,0,5,1,0.33333334,0.0,0.0,3,0,3,0,0,0,3,0,0,0,1,0,0,1,0,0,0,0,0,13,2,0,0,0,0,0,0,2,0,2,0,0,0,0,11,-1,0
/Users/kaiohs/Downloads/codes/lab02-experimentacao-software/data/repos/apache__groovy/src/main/java/org/codehaus/groovy/control/CompilationUnit.java,org.codehaus.groovy.control.CompilationUnit$Anonymous2,anonymous,13,13,0,13,3,1,0,7,1,0.0,0.0,0.0,2,0,2,0,0,0,2,0,0,0,0,0,0,0,0,0,0,0,0,29,1,0,0,1,0,0,0,5,0,1,1,1,0,0,33,-1,0
/Users/kaiohs/Downloads/codes/lab02-experimentacao-software/data/repos/apache__groovy/src/main/java/groovy/lang/MetaClassImpl.java,groovy.lang.MetaClassImpl$Anonymous1,anonymous,5,5,0,5,13,1,0,7,3,0.0,0.0,0.0,3,0,2,1,0,0,2,0,0,0,0,0,0,0,0,0,0,0,0,34,4,1,4,0,1,0,1,7,0,5,3,0,0,0,24,-1,0
/Users/kaiohs/Downloads/codes/lab02-experimentacao-software/data/repos/apache__groovy/src/main/java/org/codehaus/groovy/util/LongArrayIterator.java,org.codehaus.groovy.util.LongArrayIterator,class,1,3,2,1,6,1,0,1,0,0.375,0.0,0.0,4,0,4,0,0,0,4,0,0,0,2,0,0,2,0,0,1,0,0,21,2,0,0,1,0,1,0,1,0,2,1,0,0,0,30,1,0
/Users/kaiohs/Downloads/codes/lab02-experimentacao-software/data/repos/apache__groovy/src/main/java/groovy/lang/MetaClassImpl.java,groovy.lang.MetaClassImpl$Anonymous3,anonymous,3,3,0,3,1,1,0,3,0,0.0,NaN,NaN,1,0,1,0,0,0,1,0,0,0,0,0,0,0,0,0,0,0,0,6,1,0,0,0,0,0,0,1,0,1,0,0,0,0,7,-1,0
/Users/kaiohs/Downloads/codes/lab02-experimentacao-software/data/repos/apache__groovy/src/main/java/org/codehaus/groovy/runtime/ArrayUtil.java,org.codehaus.groovy.runtime.ArrayUtil,class,9,10,1,9,260,1,0,1,33670,0.99615383,0.0,0.0,260,260,260,0,0,0,260,0,0,0,1,1,0,1,0,0,1,0,0,783,260,0,0,0,0,0,1,1,0,1,0,0,0,0,358,1,0
/Users/kaiohs/Downloads/codes/lab02-experimentacao-software/data/repos/apache__groovy/src/main/java/groovy/lang/MetaClassImpl.java,groovy.lang.MetaClassImpl$Anonymous2,anonymous,0,0,0,0,1,1,0,2,0,0.0,NaN,NaN,1,0,1,0,0,0,1,0,0,0,0,0,0,0,0,0,0,0,0,8,1,0,0,0,0,0,1,3,0,2,0,0,0,0,7,-1,0
/Users/kaiohs/Downloads/codes/lab02-experimentacao-software/data/repos/apache__groovy/src/main/java/org/codehaus/groovy/ast/AnnotationNode.java,org.codehaus.groovy.ast.AnnotationNode,class,10,93,83,10,56,2,0,32,203,0.96811587,0.0,0.0,23,4,18,5,0,0,18,0,0,0,15,13,13,2,0,0,14,0,6,179,27,7,9,1,4,25,34,33,16,29,5,0,0,3,130,1,0
/Users/kaiohs/Downloads/codes/lab02-experimentacao-software/data/repos/apache__groovy/src/main/java/org/apache/groovy/util/concurrent/concurrentlinkedhashmap/EvictionListener.java,org.apache.groovy.util.concurrent.concurrentlinkedhashmap.EvictionListener,interface,3,7,4,3,1,1,0,0,0,0.0,NaN,NaN,1,0,0,0,0,1,1,0,0,0,0,0,0,0,0,0,0,0,0,3,0,0,0,0,0,0,0,0,0,0,0,0,0,0,79,1,0
/Users/kaiohs/Downloads/codes/lab02-experimentacao-software/data/repos/apache__groovy/subprojects/groovy-groovysh/src/main/groovy/org/apache/groovy/groovysh/jline/GroovyEngine.java,org.apache.groovy.groovysh.jline.GroovyEngine$PackageCompleter,innerclass,8,8,0,8,5,1,0,8,0,0.0,0.0,0.0,2,0,2,0,0,0,2,0,0,0,2,0,0,2,0,0,2,0,2,19,0,0,2,0,0,1,4,6,1,5,1,0,0,0,23,10,0
/Users/kaiohs/Downloads/codes/lab02-experimentacao-software/data/repos/apache__groovy/subprojects/groovy-json/src/main/java/org/apache/groovy/json/internal/Value.java,org.apache.groovy.json.internal.Value,interface,1,12,11,1,17,1,0,0,136,0.0,0.0,0.0,17,0,0,0,0,17,17,0,0,0,0,0,0,0,0,0,0,0,0,19,0,0,0,0,0,0,0,0,0,0,0,0,0,0,25,1,0
/Users/kaiohs/Downloads/codes/lab02-experimentacao-software/data/repos/apache__groovy/src/main/java/org/codehaus/groovy/control/CompilationUnit.java,org.codehaus.groovy.control.CompilationUnit$PrimaryClassNodeOperation,innerclass,1,1,0,1,0,1,0,0,0,0.0,-1.0,-1.0,0,0,0,0,0,0,0,0,0,0,0,0,0,0,0,0,0,0,0,2,0,0,0,0,0,0,0,0,0,0,0,0,0,0,5,1033,0
/Users/kaiohs/Downloads/codes/lab02-experimentacao-software/data/repos/apache__groovy/src/main/java/groovy/io/GroovyPrintStream.java,groovy.io.GroovyPrintStream,class,1,2,1,1,9,4,0,3,36,0.0,0.0,0.0,9,0,9,0,0,0,9,0,0,0,0,0,0,0,0,0,0,0,0,29,0,0,0,0,0,0,0,0,0,0,0,0,0,0,59,1,0
/Users/kaiohs/Downloads/codes/lab02-experimentacao-software/data/repos/apache__groovy/src/main/java/groovy/lang/MetaClassImpl.java,groovy.lang.MetaClassImpl$Anonymous9,anonymous,0,0,0,0,1,1,0,0,0,0.0,NaN,NaN,1,0,1,0,0,0,1,0,0,0,0,0,0,0,0,0,0,0,0,5,1,0,0,0,0,0,0,0,0,0,0,0,0,0,5,-1,0
/Users/kaiohs/Downloads/codes/lab02-experimentacao-software/data/repos/apache__groovy/src/main/java/org/codehaus/groovy/reflection/ClassInfo.java,org.codehaus.groovy.reflection.ClassInfo$LazyCachedClassRef,innerclass,4,4,0,4,2,2,0,2,0,0.5,0.0,0.0,2,0,1,0,0,1,2,0,0,0,2,1,0,2,0,0,2,0,1,11,1,0,0,0,0,0,1,2,0,2,0,0,0,0,19,10,0
/Users/kaiohs/Downloads/codes/lab02-experimentacao-software/data/repos/apache__groovy/src/main/java/groovy/lang/MetaClassImpl.java,groovy.lang.MetaClassImpl$Anonymous8,anonymous,1,1,0,1,1,1,0,3,0,0.0,NaN,NaN,1,0,1,0,0,0,1,0,0,0,0,0,0,0,0,0,0,0,1,5,1,0,0,0,0,0,0,0,0,0,0,0,0,0,4,-1,0
/Users/kaiohs/Downloads/codes/lab02-experimentacao-software/data/repos/apache__groovy/subprojects/groovy-contracts/src/main/java/org/apache/groovy/contracts/PostconditionViolation.java,org.apache.groovy.contracts.PostconditionViolation,class,1,2,1,1,8,5,0,0,28,0.0,0.0,0.0,8,0,8,0,0,0,8,0,0,0,0,0,0,0,0,0,0,0,0,25,0,0,0,0,0,0,0,0,0,0,0,0,0,0,16,1,0
/Users/kaiohs/Downloads/codes/lab02-experimentacao-software/data/repos/apache__groovy/src/main/java/org/codehaus/groovy/runtime/dgmimpl/arrays/BooleanArrayPutAtMetaMethod.java,org.codehaus.groovy.runtime.dgmimpl.arrays.BooleanArrayPutAtMetaMethod$MyPojoMetaMethodSite,innerclass,6,6,0,6,11,6,0,4,3,0.0,0.0,0.0,3,0,3,0,0,0,3,0,0,0,0,0,0,0,0,0,0,0,2,25,4,0,0,1,3,0,4,3,0,1,3,0,0,0,24,10,0
/Users/kaiohs/Downloads/codes/lab02-experimentacao-software/data/repos/apache__groovy/subprojects/groovy-xml/src/main/java/groovy/xml/MarkupBuilder.java,groovy.xml.MarkupBuilder$CharFilter,enum,0,0,0,0,0,1,0,0,0,0.0,-1.0,-1.0,0,0,0,0,0,0,0,0,0,0,0,0,0,0,0,0,0,0,0,1,0,0,0,0,0,0,0,0,0,0,0,0,0,0,6,1,0
/Users/kaiohs/Downloads/codes/lab02-experimentacao-software/data/repos/apache__groovy/src/test/groovy/bugs/groovy6742/FutureCallback.java,bugs.groovy6742.FutureCallback,interface,1,1,0,1,1,1,0,0,0,0.0,NaN,NaN,1,0,0,0,0,1,1,0,0,0,0,0,0,0,0,0,0,0,0,3,0,0,0,0,0,0,0,0,0,0,0,0,0,0,4,1,0
/Users/kaiohs/Downloads/codes/lab02-experimentacao-software/data/repos/apache__groovy/src/main/java/org/codehaus/groovy/transform/stc/SignatureCodec.java,org.codehaus.groovy.transform.stc.SignatureCodec,interface,1,4,3,1,2,1,0,0,1,0.0,0.0,0.0,2,0,0,0,0,2,2,0,0,0,0,0,0,0,0,0,0,0,0,4,0,0,0,0,0,0,0,0,0,0,0,0,0,0,37,1,0
/Users/kaiohs/Downloads/codes/lab02-experimentacao-software/data/repos/apache__groovy/src/main/java/groovy/lang/MetaClassImpl.java,groovy.lang.MetaClassImpl$Anonymous5,anonymous,2,2,0,2,1,1,0,2,0,0.0,NaN,NaN,1,0,1,0,0,0,1,0,0,0,0,0,0,0,0,0,0,0,0,5,1,0,0,0,1,0,0,0,0,0,0,0,0,0,5,-1,0
/Users/kaiohs/Downloads/codes/lab02-experimentacao-software/data/repos/apache__groovy/src/main/java/org/codehaus/groovy/transform/sc/StaticCompilationVisitor.java,org.codehaus.groovy.transform.sc.StaticCompilationVisitor$Anonymous1,anonymous,7,7,0,7,17,1,0,12,6,0.0,0.0,0.0,4,0,3,0,1,0,4,0,0,0,0,0,0,0,0,0,0,0,3,52,1,2,9,0,0,0,0,10,0,8,4,0,0,0,19,-1,0
/Users/kaiohs/Downloads/codes/lab02-experimentacao-software/data/repos/apache__groovy/src/main/java/groovy/lang/MetaClassImpl.java,groovy.lang.MetaClassImpl$Anonymous4,anonymous,2,2,0,2,1,1,0,2,0,0.0,NaN,NaN,1,0,1,0,0,0,1,0,0,0,0,0,0,0,0,0,0,0,0,5,1,0,0,0,1,0,0,0,0,0,0,0,0,0,5,-1,0
/Users/kaiohs/Downloads/codes/lab02-experimentacao-software/data/repos/apache__groovy/src/main/java/org/apache/groovy/parser/antlr4/PositionInfo.java,org.apache.groovy.parser.antlr4.PositionInfo,class,1,3,2,1,15,1,0,2,0,0.25,0.0,0.0,8,0,8,0,0,0,8,0,0,0,2,0,0,2,0,0,0,0,1,35,8,0,7,0,0,3,2,5,1,3,1,0,0,0,20,1,0
/Users/kaiohs/Downloads/codes/lab02-experimentacao-software/data/repos/apache__groovy/src/main/java/groovy/lang/MetaClassImpl.java,groovy.lang.MetaClassImpl$Anonymous7,anonymous,1,1,0,1,1,1,0,2,0,0.0,NaN,NaN,1,0,1,0,0,0,1,0,0,0,0,0,0,0,0,0,0,0,0,5,1,0,0,0,0,0,0,0,0,0,0,0,0,0,4,-1,0
/Users/kaiohs/Downloads/codes/lab02-experimentacao-software/data/repos/apache__groovy/src/main/java/groovy/lang/MetaClassImpl.java,groovy.lang.MetaClassImpl$Anonymous6,anonymous,2,2,0,2,1,1,0,2,0,0.0,NaN,NaN,1,0,1,0,0,0,1,0,0,0,0,0,0,0,0,0,0,0,0,5,1,0,0,0,0,0,0,0,0,0,0,0,0,0,5,-1,0
/Users/kaiohs/Downloads/codes/lab02-experimentacao-software/data/repos/apache__groovy/src/main/java/groovy/transform/Undefined.java,groovy.transform.Undefined$EXCEPTION,innerclass,0,0,0,0,0,4,0,0,0,NaN,-1.0,-1.0,0,0,0,0,0,0,0,0,0,0,1,1,0,1,0,0,1,0,0,3,0,0,0,0,0,0,1,1,0,1,0,0,0,0,16,25,0
/Users/kaiohs/Downloads/codes/lab02-experimentacao-software/data/repos/apache__groovy/subprojects/groovy-ant/src/main/java/org/codehaus/groovy/ant/GenerateStubsTask.java,org.codehaus.groovy.ant.GenerateStubsTask,class,7,10,3,7,9,3,2,16,1,0.0,NaN,NaN,2,0,0,1,1,0,1,0,0,0,0,0,0,0,0,0,0,0,0,36,1,2,0,0,1,12,3,6,5,6,3,0,0,0,46,1,5
/Users/kaiohs/Downloads/codes/lab02-experimentacao-software/data/repos/apache__groovy/src/main/java/groovy/lang/MetaArrayLengthProperty.java,groovy.lang.MetaArrayLengthProperty,class,2,3,1,2,4,2,0,2,6,0.0,0.0,0.0,4,0,4,0,0,0,4,0,0,0,0,0,0,0,0,0,0,0,1,14,2,0,0,0,0,2,0,0,0,0,0,0,0,0,20,1,0
/Users/kaiohs/Downloads/codes/lab02-experimentacao-software/data/repos/apache__groovy/src/main/java/org/codehaus/groovy/vmplugin/v8/IndyInterface.java,org.codehaus.groovy.vmplugin.v8.IndyInterface$FallbackSupplier,innerclass,3,3,0,3,3,1,0,1,0,0.05,0.0,0.0,2,0,0,0,0,2,2,0,0,0,10,0,0,10,0,0,9,0,1,29,1,0,1,0,0,0,0,10,0,10,1,0,0,0,27,10,0
/Users/kaiohs/Downloads/codes/lab02-experimentacao-software/data/repos/apache__groovy/src/main/java/org/apache/groovy/util/concurrent/concurrentlinkedhashmap/ConcurrentLinkedHashMap.java,org.apache.groovy.util.concurrent.concurrentlinkedhashmap.ConcurrentLinkedHashMap$BoundedEntryWeigher,innerclass,4,4,0,4,4,1,0,3,0,0.5,0.0,0.0,3,0,1,0,0,2,3,0,0,0,2,1,0,1,0,1,2,0,2,16,2,0,0,0,0,0,2,3,0,3,0,0,0,0,30,24,0
/Users/kaiohs/Downloads/codes/lab02-experimentacao-software/data/repos/apache__groovy/src/main/java/org/codehaus/groovy/vmplugin/v8/IndyInterface.java,org.codehaus.groovy.vmplugin.v8.IndyInterface,class,9,13,4,9,42,1,0,59,49,0.90909094,0.0,0.0,11,11,4,5,2,0,9,0,0,0,12,12,2,7,3,0,11,0,22,205,14,1,13,2,7,12,18,51,1,47,3,0,2,2,200,1,3
/Users/kaiohs/Downloads/codes/lab02-experimentacao-software/data/repos/apache__groovy/src/main/java/groovy/util/ObjectGraphBuilder.java,groovy.util.ObjectGraphBuilder$RelationNameResolver,interface,0,0,0,0,2,1,0,0,1,0.0,0.0,0.0,2,0,0,0,0,2,2,0,0,0,0,0,0,0,0,0,0,0,0,4,0,0,0,0,0,0,0,0,0,0,0,0,0,0,21,1,0
/Users/kaiohs/Downloads/codes/lab02-experimentacao-software/data/repos/apache__groovy/subprojects/groovy-contracts/src/main/java/org/apache/groovy/contracts/util/LifecycleImplementationLoader.java,org.apache.groovy.contracts.util.LifecycleImplementationLoader$Anonymous1,anonymous,2,2,0,2,5,1,0,7,1,0.33333334,0.0,0.0,3,0,3,0,0,0,3,0,0,0,1,0,0,0,0,1,1,0,0,14,4,0,0,0,0,0,0,1,0,1,1,0,0,0,11,-1,0
/Users/kaiohs/Downloads/codes/lab02-experimentacao-software/data/repos/apache__groovy/src/test/groovy/groovy/JavaClass.java,groovy.JavaClass$NonStaticInner,innerclass,0,0,0,0,0,1,0,0,0,0.0,-1.0,-1.0,0,0,0,0,0,0,0,0,0,0,0,0,0,0,0,0,0,0,0,2,0,0,0,0,0,0,0,0,0,0,0,0,0,0,3,0,0
/Users/kaiohs/Downloads/codes/lab02-experimentacao-software/data/repos/apache__groovy/src/test/groovy/org/codehaus/groovy/runtime/InterfaceConversionMapTest.java,org.codehaus.groovy.runtime.InterfaceConversionMapTest$SomeInterface,interface,0,0,0,0,2,1,0,0,1,0.0,0.0,0.0,2,0,0,0,0,2,2,0,0,0,0,0,0,0,0,0,0,0,0,6,1,0,0,0,0,0,1,0,0,0,0,0,0,0,4,1,0
/Users/kaiohs/Downloads/codes/lab02-experimentacao-software/data/repos/apache__groovy/src/main/java/org/codehaus/groovy/runtime/memoize/Memoize.java,org.codehaus.groovy.runtime.memoize.Memoize$MemoizeFunction,innerclass,5,5,0,5,6,2,0,8,0,0.5833333,0.0,0.0,4,1,2,1,0,1,3,0,0,0,3,1,0,1,0,2,3,0,2,27,4,0,2,0,0,0,1,8,0,7,1,0,0,1,37,10,0
/Users/kaiohs/Downloads/codes/lab02-experimentacao-software/data/repos/apache__groovy/src/main/java/org/codehaus/groovy/ast/decompiled/ClassStub.java,org.codehaus.groovy.ast.decompiled.TypeAnnotationStub,class,1,4,3,1,1,2,0,0,0,0.0,NaN,NaN,1,0,1,0,0,0,1,0,0,0,0,0,0,0,0,0,0,0,0,5,0,0,0,0,0,0,0,0,0,0,0,0,0,0,5,0,0
/Users/kaiohs/Downloads/codes/lab02-experimentacao-software/data/repos/apache__groovy/subprojects/groovy-groovydoc/src/main/java/org/codehaus/groovy/tools/groovydoc/gstringTemplates/GroovyDocTemplateInfo.java,org.codehaus.groovy.tools.groovydoc.gstringTemplates.GroovyDocTemplateInfo,class,0,0,0,0,0,1,0,0,0,NaN,-1.0,-1.0,0,0,0,0,0,0,0,0,0,0,5,5,3,2,0,0,5,0,0,7,0,0,0,0,0,15,0,5,13,5,0,0,0,0,36,1,0
/Users/kaiohs/Downloads/codes/lab02-experimentacao-software/data/repos/apache__groovy/src/test/groovy/org/codehaus/groovy/classgen/DummyReflector.java,org.codehaus.groovy.classgen.DummyReflector,class,3,3,0,3,5,2,0,1,10,0.0,0.0,0.0,5,0,4,0,0,1,5,0,0,0,0,0,0,0,0,0,0,0,0,16,4,0,0,0,0,1,0,0,0,0,0,0,0,0,32,1,0
/Users/kaiohs/Downloads/codes/lab02-experimentacao-software/data/repos/apache__groovy/src/main/java/org/codehaus/groovy/util/ArrayIterator.java,org.codehaus.groovy.util.ArrayIterator,class,1,3,2,1,6,1,0,1,0,0.375,0.0,0.0,4,0,4,0,0,0,4,0,0,0,2,0,0,2,0,0,1,0,0,21,2,0,0,1,0,1,0,1,0,2,1,0,0,0,38,1,0
/Users/kaiohs/Downloads/codes/lab02-experimentacao-software/data/repos/apache__groovy/subprojects/groovy-swing/src/main/java/org/apache/groovy/swing/extensions/SwingExtensions.java,org.apache.groovy.swing.extensions.SwingExtensions,class,3,4,1,3,81,1,0,68,2556,0.0,0.0,0.0,72,72,71,1,0,0,71,0,0,0,0,0,0,0,0,0,0,0,3,362,65,3,3,0,0,3,4,14,0,12,2,7,0,0,167,1,0
/Users/kaiohs/Downloads/codes/lab02-experimentacao-software/data/repos/apache__groovy/src/main/java/org/codehaus/groovy/transform/stc/StaticTypeCheckingVisitor.java,org.codehaus.groovy.transform.stc.StaticTypeCheckingVisitor$PropertyLookup,innerclass,13,13,0,13,11,2,0,13,13,0.6666667,0.0,0.0,6,0,3,1,1,1,5,0,0,0,2,0,0,2,0,0,2,0,2,27,1,0,1,0,0,0,0,4,0,3,1,0,0,0,28,2,0
/Users/kaiohs/Downloads/codes/lab02-experimentacao-software/data/repos/apache__groovy/src/test/groovy/groovy/lang/DoubleNumberRangeTest.java,groovy.lang.DoubleNumberRangeTest,class,3,3,0,3,2,3,0,0,1,0.0,0.0,0.0,2,0,0,0,2,0,2,0,0,0,0,0,0,0,0,0,0,0,0,8,2,0,0,0,0,0,0,0,0,0,0,0,0,0,13,1,0
/Users/kaiohs/Downloads/codes/lab02-experimentacao-software/data/repos/apache__groovy/subprojects/groovy-json/src/main/java/org/apache/groovy/json/internal/FastStringUtils.java,org.apache.groovy.json.internal.FastStringUtils,class,3,8,5,3,5,1,0,5,6,0.0,0.0,0.0,4,4,3,1,0,0,3,0,0,0,0,0,0,0,0,0,0,0,3,34,4,0,1,0,0,1,0,0,0,0,1,0,1,0,40,1,0
/Users/kaiohs/Downloads/codes/lab02-experimentacao-software/data/repos/apache__groovy/src/main/java/groovy/lang/MetaClassRegistryChangeEventListener.java,groovy.lang.MetaClassRegistryChangeEventListener,interface,1,2,1,1,1,1,0,0,0,0.0,NaN,NaN,1,0,0,0,0,1,1,0,0,0,0,0,0,0,0,0,0,0,0,3,0,0,0,0,0,0,0,0,0,0,0,0,0,0,41,1,0
/Users/kaiohs/Downloads/codes/lab02-experimentacao-software/data/repos/apache__groovy/benchmark/bench/message.java,message,class,2,2,0,2,3,1,0,3,0,0.0,NaN,NaN,1,1,1,0,0,0,1,0,0,0,2,2,2,0,0,0,1,0,1,15,0,2,0,0,0,0,5,6,0,5,1,0,0,0,15,1,0
/Users/kaiohs/Downloads/codes/lab02-experimentacao-software/data/repos/apache__groovy/src/main/java/org/codehaus/groovy/ast/stmt/SynchronizedStatement.java,org.codehaus.groovy.ast.stmt.SynchronizedStatement,class,3,8,5,3,6,3,0,1,3,0.5,0.0,0.0,6,0,6,0,0,0,6,0,0,0,2,0,0,2,0,0,0,0,0,23,2,0,0,0,0,0,0,4,0,2,0,0,0,0,15,1,0
/Users/kaiohs/Downloads/codes/lab02-experimentacao-software/data/repos/apache__groovy/src/main/java/org/codehaus/groovy/runtime/dgmimpl/arrays/IntegerArrayPutAtMetaMethod.java,org.codehaus.groovy.runtime.dgmimpl.arrays.IntegerArrayPutAtMetaMethod$MyPojoMetaMethodSite,innerclass,6,6,0,6,11,6,0,4,3,0.0,0.0,0.0,3,0,3,0,0,0,3,0,0,0,0,0,0,0,0,0,0,0,2,25,4,0,0,1,3,0,4,3,0,1,3,0,0,0,23,10,0
/Users/kaiohs/Downloads/codes/lab02-experimentacao-software/data/repos/apache__groovy/src/main/java/groovy/lang/GroovyShell.java,groovy.lang.GroovyShell,class,15,17,2,15,89,2,0,72,1138,0.89308184,0.0,0.0,53,3,49,3,1,0,50,0,0,0,6,2,1,5,0,0,6,0,7,340,48,2,9,12,2,20,3,44,2,34,3,0,0,0,221,1,0
/Users/kaiohs/Downloads/codes/lab02-experimentacao-software/data/repos/apache__groovy/src/main/java/org/codehaus/groovy/runtime/StreamGroovyMethods.java,org.codehaus.groovy.runtime.StreamGroovyMethods,class,13,17,4,13,46,1,0,55,780,0.0,0.0,0.0,40,39,39,1,0,0,39,0,0,0,0,0,0,0,0,0,0,0,38,147,42,0,1,0,0,3,5,0,0,6,1,1,0,6,147,1,0
/Users/kaiohs/Downloads/codes/lab02-experimentacao-software/data/repos/apache__groovy/src/main/java/org/codehaus/groovy/classgen/asm/BinaryIntExpressionHelper.java,org.codehaus.groovy.classgen.asm.BinaryIntExpressionHelper,class,9,14,5,9,20,2,7,8,105,0.93333334,0.0,0.0,15,0,2,0,13,0,15,0,0,0,6,6,0,6,0,0,6,0,2,90,11,0,1,0,0,2,5,16,1,15,1,0,0,0,95,1,0
/Users/kaiohs/Downloads/codes/lab02-experimentacao-software/data/repos/apache__groovy/src/main/java/groovy/security/GroovyCodeSourcePermission.java,groovy.security.GroovyCodeSourcePermission,class,0,2,2,0,2,3,0,0,1,1.0,0.0,0.0,2,0,2,0,0,0,2,0,0,0,1,1,0,1,0,0,1,0,0,9,0,0,0,0,0,0,1,1,0,1,0,0,0,0,40,17,0
/Users/kaiohs/Downloads/codes/lab02-experimentacao-software/data/repos/apache__groovy/src/main/java/org/codehaus/groovy/ast/expr/MapEntryExpression.java,org.codehaus.groovy.ast.expr.MapEntryExpression,class,4,10,6,4,8,3,0,5,0,0.375,0.0,0.0,8,0,8,0,0,0,8,0,0,0,2,0,0,2,0,0,0,0,0,32,4,0,0,0,0,3,0,5,1,3,0,0,0,0,30,1,0
/Users/kaiohs/Downloads/codes/lab02-experimentacao-software/data/repos/apache__groovy/subprojects/groovy-swing/src/main/java/org/apache/groovy/swing/binding/ClosureTriggerBinding.java,org.apache.groovy.swing.binding.BindPathSnooper,class,3,5,2,3,3,2,0,3,1,0.5,0.0,0.0,2,0,2,0,0,0,2,0,0,0,2,1,0,0,0,2,1,0,0,17,3,0,0,0,0,0,0,3,0,3,1,0,0,0,21,0,0
/Users/kaiohs/Downloads/codes/lab02-experimentacao-software/data/repos/apache__groovy/subprojects/groovy-ginq/src/main/groovy/org/apache/groovy/ginq/provider/collection/runtime/QueryableCollection.java,org.apache.groovy.ginq.provider.collection.runtime.QueryableCollection$Candidate,innerclass,1,1,0,1,1,1,0,0,0,0.0,-1.0,-1.0,1,0,0,1,0,0,0,0,0,0,2,0,0,2,0,0,2,0,0,8,0,0,0,0,0,0,0,2,0,2,0,0,0,0,5,26,0
/Users/kaiohs/Downloads/codes/lab02-experimentacao-software/data/repos/apache__groovy/src/test/groovy/org/codehaus/groovy/runtime/InheritedInterfaceMethodTest.java,org.codehaus.groovy.runtime.InheritedInterfaceMethodTest,class,1,1,0,1,1,2,0,3,0,0.0,NaN,NaN,1,0,1,0,0,0,1,0,0,0,0,0,0,0,0,0,0,0,0,8,0,0,0,0,0,2,1,3,0,3,0,0,0,0,18,1,0
/Users/kaiohs/Downloads/codes/lab02-experimentacao-software/data/repos/apache__groovy/subprojects/stress/src/stressTest/java/org/codehaus/groovy/util/ManagedConcurrentValueMapStressTest.java,org.codehaus.groovy.util.ManagedConcurrentValueMapStressTest,class,6,7,1,6,8,1,0,19,6,0.6,0.0,0.0,5,1,2,3,0,0,2,0,0,0,2,2,0,0,0,2,2,0,4,69,2,3,0,0,0,8,11,23,3,21,1,1,0,0,89,1,0
/Users/kaiohs/Downloads/codes/lab02-experimentacao-software/data/repos/apache__groovy/subprojects/groovy-groovydoc/src/main/java/org/codehaus/groovy/tools/groovydoc/ExternalGroovyClassDoc.java,org.codehaus.groovy.tools.groovydoc.ExternalGroovyClassDoc,class,9,11,2,9,73,1,0,9,2194,0.9575164,0.0,0.0,68,0,68,0,0,0,68,0,0,0,9,7,0,9,0,0,9,0,0,220,70,0,3,0,2,2,9,10,0,10,1,0,0,0,122,1,0
/Users/kaiohs/Downloads/codes/lab02-experimentacao-software/data/repos/apache__groovy/subprojects/groovy-swing/src/main/groovy/groovy/swing/binding/JTextComponentProperties.java,groovy.swing.binding.JTextComponentTextBinding,class,4,5,1,4,7,3,0,10,19,0.71428573,0.0,0.0,7,0,6,0,0,1,7,0,0,2,1,0,0,0,0,1,0,0,0,31,0,0,0,0,3,3,0,2,0,1,0,0,0,0,27,0,0
/Users/kaiohs/Downloads/codes/lab02-experimentacao-software/data/repos/apache__groovy/src/main/java/groovy/util/Node.java,groovy.util.Node$Anonymous1,anonymous,2,2,0,2,12,1,0,9,28,0.0,0.0,0.0,8,0,8,0,0,0,8,0,0,0,0,0,0,0,0,0,0,0,0,42,6,0,0,0,4,3,2,0,1,0,1,0,0,0,15,-1,0
/Users/kaiohs/Downloads/codes/lab02-experimentacao-software/data/repos/apache__groovy/src/main/java/org/codehaus/groovy/control/CompilationUnit.java,org.codehaus.groovy.control.CompilationUnit$GroovyClassOperation,innerclass,1,1,0,1,0,1,0,0,0,0.0,-1.0,-1.0,0,0,0,0,0,0,0,0,0,0,0,0,0,0,0,0,0,0,0,2,0,0,0,0,0,0,0,0,0,0,0,0,0,0,4,1033,0
/Users/kaiohs/Downloads/codes/lab02-experimentacao-software/data/repos/apache__groovy/subprojects/groovy-ant/src/main/java/org/codehaus/groovy/ant/Groovy.java,org.codehaus.groovy.ant.Groovy,class,26,27,1,26,109,2,0,115,530,0.92406684,0.0,0.0,37,1,26,7,4,0,30,0,1,0,21,3,0,21,0,0,8,0,9,440,8,8,31,11,3,60,10,102,12,70,5,0,0,1,370,1,10
/Users/kaiohs/Downloads/codes/lab02-experimentacao-software/data/repos/apache__groovy/benchmark/bench/wordfreq.java,wordfreq$Counter,innerclass,0,0,0,0,0,1,0,0,0,NaN,-1.0,-1.0,0,0,0,0,0,0,0,0,0,0,1,0,0,0,0,1,0,0,0,3,0,0,0,0,0,0,1,1,0,1,0,0,0,0,2,8,0
/Users/kaiohs/Downloads/codes/lab02-experimentacao-software/data/repos/apache__groovy/src/main/java/org/codehaus/groovy/transform/sc/transformers/CompareIdentityExpression.java,org.codehaus.groovy.transform.sc.transformers.CompareIdentityExpression,class,12,15,3,12,10,2,0,20,15,0.0,0.0,0.0,6,0,6,0,0,0,6,0,0,0,0,0,0,0,0,0,0,0,1,41,3,0,1,0,2,2,4,5,0,5,1,0,0,0,81,1,0
/Users/kaiohs/Downloads/codes/lab02-experimentacao-software/data/repos/apache__groovy/subprojects/groovy-swing/src/main/groovy/groovy/swing/binding/AbstractButtonProperties.java,groovy.swing.binding.AbstractButtonProperties,class,3,3,0,3,1,1,0,2,0,0.0,NaN,NaN,1,1,1,0,0,0,1,0,0,0,0,0,0,0,0,0,0,0,0,7,1,0,0,0,0,1,0,1,1,3,0,0,0,1,10,1,0
/Users/kaiohs/Downloads/codes/lab02-experimentacao-software/data/repos/apache__groovy/subprojects/groovy-ant/src/main/java/org/codehaus/groovy/ant/UberCompileTask.java,org.codehaus.groovy.ant.UberCompileTask$GenStubsAdapter,innerclass,2,2,0,2,2,4,0,2,1,0.0,0.0,0.0,2,0,2,0,0,0,2,0,0,0,0,0,0,0,0,0,0,0,0,8,2,0,0,0,0,1,0,0,1,0,0,0,0,0,9,2,0
/Users/kaiohs/Downloads/codes/lab02-experimentacao-software/data/repos/apache__groovy/subprojects/groovy-jmx/src/main/java/groovy/jmx/builder/JmxBuilderException.java,groovy.jmx.builder.JmxBuilderException,class,0,1,1,0,4,4,0,0,6,0.0,0.0,0.0,4,0,4,0,0,0,4,0,0,0,0,0,0,0,0,0,0,0,0,14,0,0,0,0,0,0,0,0,0,0,0,0,0,0,13,1,0
/Users/kaiohs/Downloads/codes/lab02-experimentacao-software/data/repos/apache__groovy/subprojects/groovy-groovydoc/src/test/groovy/org/codehaus/groovy/tools/groovydoc/testfiles/StaticModifier.java,org.codehaus.groovy.tools.groovydoc.testfiles.StaticModifier,class,0,0,0,0,1,1,0,0,0,0.0,NaN,NaN,1,1,1,0,0,0,1,0,0,0,0,0,0,0,0,0,0,0,0,6,1,0,0,0,0,0,0,1,0,1,0,0,0,0,6,1,0
/Users/kaiohs/Downloads/codes/lab02-experimentacao-software/data/repos/apache__groovy/src/main/java/org/codehaus/groovy/transform/trait/Traits.java,org.codehaus.groovy.transform.trait.Traits,class,19,42,23,19,70,1,0,68,292,0.9773913,0.0,0.0,25,25,16,1,0,8,24,0,0,0,23,23,8,0,0,15,23,0,33,236,30,7,14,2,2,23,23,62,10,51,6,1,0,0,215,1025,0
/Users/kaiohs/Downloads/codes/lab02-experimentacao-software/data/repos/apache__groovy/src/main/java/org/codehaus/groovy/runtime/metaclass/MetaMethodIndex.java,org.codehaus.groovy.runtime.metaclass.MetaMethodIndex$Cache,innerclass,1,1,0,1,2,1,0,0,0,0.85714287,0.0,0.0,2,0,2,0,0,0,2,0,0,0,7,0,7,0,0,0,1,0,0,15,1,0,0,0,0,2,0,1,1,7,0,0,0,0,14,9,0
/Users/kaiohs/Downloads/codes/lab02-experimentacao-software/data/repos/apache__groovy/src/main/java/org/apache/groovy/util/concurrent/ConcurrentReferenceHashMap.java,org.apache.groovy.util.concurrent.ConcurrentReferenceHashMap$ValueIterator,innerclass,3,3,0,3,2,2,0,2,1,0.0,0.0,0.0,2,0,2,0,0,0,2,0,0,0,0,0,0,0,0,0,0,0,0,8,2,0,0,0,0,0,0,0,0,0,0,0,0,0,6,18,0
/Users/kaiohs/Downloads/codes/lab02-experimentacao-software/data/repos/apache__groovy/src/main/java/groovy/util/ObjectGraphBuilder.java,groovy.util.ObjectGraphBuilder$Anonymous1,anonymous,1,1,0,1,2,1,0,2,0,1.0,NaN,NaN,1,0,1,0,0,0,1,0,0,0,1,1,0,1,0,0,1,0,0,9,0,0,1,0,0,0,1,1,0,1,1,0,0,0,15,-1,0
/Users/kaiohs/Downloads/codes/lab02-experimentacao-software/data/repos/apache__groovy/subprojects/groovy-groovysh/src/main/groovy/org/apache/groovy/groovysh/jline/GroovyEngine.java,org.apache.groovy.groovysh.jline.GroovyEngine,class,31,38,7,31,177,2,0,140,1171,0.96439296,0.0,0.0,58,10,36,18,4,0,40,0,0,0,46,32,13,31,2,0,42,0,51,2185,47,14,31,14,4,131,43,150,32,119,6,0,13,5,353,1,0
/Users/kaiohs/Downloads/codes/lab02-experimentacao-software/data/repos/apache__groovy/subprojects/groovy-console/src/main/groovy/groovy/console/ui/text/StructuredSyntaxDocumentFilter.java,groovy.console.ui.text.StructuredSyntaxDocumentFilter,class,4,8,4,4,27,2,1,31,44,0.8452381,0.0,0.0,12,1,6,5,1,0,7,0,0,0,7,2,1,3,3,0,2,0,1,273,6,0,8,0,0,12,15,35,8,17,2,0,3,0,131,1,0
/Users/kaiohs/Downloads/codes/lab02-experimentacao-software/data/repos/apache__groovy/src/main/java/org/codehaus/groovy/runtime/Reflector.java,org.codehaus.groovy.runtime.Reflector,class,3,5,2,3,2,1,0,4,1,0.0,0.0,0.0,2,0,1,0,1,0,2,0,0,0,0,0,0,0,0,0,0,0,0,8,1,0,0,0,0,0,0,0,0,0,0,0,0,0,17,1,0
/Users/kaiohs/Downloads/codes/lab02-experimentacao-software/data/repos/apache__groovy/src/main/java/org/codehaus/groovy/control/customizers/builder/SourceAwareCustomizerFactory.java,org.codehaus.groovy.control.customizers.builder.SourceAwareCustomizerFactory,class,8,9,1,8,24,2,0,8,10,0.0,0.0,0.0,5,2,3,2,0,0,3,0,0,0,0,0,0,0,0,0,0,0,2,77,2,0,14,0,3,2,0,12,0,7,1,3,1,0,84,1,0
/Users/kaiohs/Downloads/codes/lab02-experimentacao-software/data/repos/apache__groovy/src/main/java/org/codehaus/groovy/reflection/stdclasses/IntegerCachedClass.java,org.codehaus.groovy.reflection.stdclasses.IntegerCachedClass,class,2,3,1,2,15,3,0,1,0,0.25,0.0,0.0,4,0,4,0,0,0,4,0,0,0,1,0,0,1,0,0,1,0,0,22,5,0,9,0,3,0,0,1,0,1,1,0,0,0,19,1,0
/Users/kaiohs/Downloads/codes/lab02-experimentacao-software/data/repos/apache__groovy/src/main/java/org/apache/groovy/ast/tools/AnnotatedNodeUtils.java,org.apache.groovy.ast.tools.AnnotatedNodeUtils,class,7,20,13,7,10,1,0,9,8,0.6,0.0,0.0,5,4,4,1,0,0,4,0,0,0,1,1,0,1,0,0,1,0,4,22,4,0,3,0,2,0,0,3,0,3,1,0,0,0,34,1,0
/Users/kaiohs/Downloads/codes/lab02-experimentacao-software/data/repos/apache__groovy/src/main/java/org/codehaus/groovy/runtime/callsite/PojoMetaMethodSite.java,org.codehaus.groovy.runtime.callsite.PojoMetaMethodSite$PojoCachedMethodSite,innerclass,8,8,0,8,2,6,0,5,0,0.0,0.0,0.0,2,0,2,0,0,0,2,0,0,0,1,0,0,0,0,1,1,0,2,12,1,0,0,0,1,0,0,2,0,1,0,0,0,0,16,9,0
/Users/kaiohs/Downloads/codes/lab02-experimentacao-software/data/repos/apache__groovy/src/main/java/org/codehaus/groovy/reflection/stdclasses/CharacterCachedClass.java,org.codehaus.groovy.reflection.stdclasses.CharacterCachedClass,class,2,3,1,2,7,2,0,0,0,0.0,0.0,0.0,3,0,3,0,0,0,3,0,0,0,1,0,0,1,0,0,1,0,0,13,2,0,4,0,2,0,0,1,0,1,0,0,0,0,16,1,0
/Users/kaiohs/Downloads/codes/lab02-experimentacao-software/data/repos/apache__groovy/src/main/java/org/codehaus/groovy/syntax/Token.java,org.codehaus.groovy.syntax.Token,class,5,25,20,5,31,2,0,8,110,0.74285716,0.0,0.0,25,8,25,0,0,0,25,0,0,0,7,2,2,5,0,0,5,0,3,106,24,0,5,0,0,4,8,15,0,13,1,0,0,0,128,1,0
/Users/kaiohs/Downloads/codes/lab02-experimentacao-software/data/repos/apache__groovy/subprojects/groovy-jmx/src/test/groovy/groovy/jmx/Dummy.java,groovy.jmx.Dummy,class,1,1,0,1,10,1,0,1,31,0.73333335,0.0,0.0,10,0,10,0,0,0,10,0,0,0,3,0,0,3,0,0,0,0,0,35,3,0,0,0,0,4,1,8,0,3,0,0,0,0,11,1,0
/Users/kaiohs/Downloads/codes/lab02-experimentacao-software/data/repos/apache__groovy/src/main/java/org/codehaus/groovy/classgen/asm/OptimizingStatementWriter.java,org.codehaus.groovy.classgen.asm.OptimizingStatementWriter$StatementMeta,innerclass,5,5,0,5,6,1,0,5,0,0.5,0.0,0.0,2,0,2,0,0,0,2,0,0,0,5,0,0,1,4,0,0,0,0,27,1,2,0,0,0,4,4,9,0,10,2,0,0,0,26,9,0
/Users/kaiohs/Downloads/codes/lab02-experimentacao-software/data/repos/apache__groovy/subprojects/groovy-groovydoc/src/main/java/org/codehaus/groovy/tools/groovydoc/SimpleGroovyDoc.java,org.codehaus.groovy.tools.groovydoc.SimpleGroovyDoc,class,4,14,10,4,64,1,3,32,504,0.93859655,0.0,0.0,36,1,33,1,2,0,35,0,0,0,19,11,6,13,0,0,12,0,7,178,40,1,8,0,1,34,15,40,1,30,3,0,0,0,97,1,0
/Users/kaiohs/Downloads/codes/lab02-experimentacao-software/data/repos/apache__groovy/src/main/java/org/codehaus/groovy/runtime/m12n/SimpleExtensionModule.java,org.codehaus.groovy.runtime.m12n.SimpleExtensionModule,class,7,10,3,7,14,2,1,14,10,0.8,0.0,0.0,5,1,4,1,0,0,4,2,0,0,1,1,0,1,0,0,1,0,3,39,1,3,0,2,0,8,1,6,2,5,2,0,0,0,111,1025,0
/Users/kaiohs/Downloads/codes/lab02-experimentacao-software/data/repos/apache__groovy/benchmark/bench/spellcheck.java,spellcheck,class,0,0,0,0,6,1,0,7,0,0.0,NaN,NaN,1,1,1,0,0,0,1,0,0,0,0,0,0,0,0,0,0,0,1,30,2,2,2,2,2,1,2,6,0,5,3,0,0,0,19,1,0
/Users/kaiohs/Downloads/codes/lab02-experimentacao-software/data/repos/apache__groovy/benchmark/bench/wordfreq.java,wordfreq,class,1,1,0,1,6,1,0,18,0,0.0,NaN,NaN,1,1,1,0,0,0,1,0,0,0,0,0,0,0,0,0,0,0,3,41,0,3,2,0,2,11,2,14,3,14,3,1,1,0,38,1,0
/Users/kaiohs/Downloads/codes/lab02-experimentacao-software/data/repos/apache__groovy/src/main/java/org/codehaus/groovy/ast/expr/CastExpression.java,org.codehaus.groovy.ast.expr.CastExpression,class,5,10,5,5,16,3,0,16,57,0.7833334,0.0,0.0,15,1,15,0,0,0,15,0,0,0,4,0,0,4,0,0,1,0,1,63,9,0,0,0,0,5,0,7,3,6,1,0,0,0,61,1,0
/Users/kaiohs/Downloads/codes/lab02-experimentacao-software/data/repos/apache__groovy/src/main/java/org/codehaus/groovy/transform/sc/transformers/PropertyExpressionTransformer.java,org.codehaus.groovy.transform.sc.transformers.PropertyExpressionTransformer,class,8,9,1,8,8,1,0,22,0,0.0,0.0,0.0,2,0,0,0,0,2,2,0,0,0,1,0,0,1,0,0,1,0,1,42,3,0,4,0,0,1,1,8,0,5,2,0,0,0,23,0,0
/Users/kaiohs/Downloads/codes/lab02-experimentacao-software/data/repos/apache__groovy/src/test/groovy/org/codehaus/groovy/runtime/MetaClassHelperTest.java,org.codehaus.groovy.runtime.MetaClassHelperTest,class,1,1,0,1,1,1,0,2,0,0.0,NaN,NaN,1,0,1,0,0,0,1,0,0,0,0,0,0,0,0,0,0,0,0,5,0,0,0,0,0,0,0,0,0,0,0,0,0,0,10,17,0
/Users/kaiohs/Downloads/codes/lab02-experimentacao-software/data/repos/apache__groovy/src/main/java/groovy/lang/annotation/ExtendedElementType.java,groovy.lang.annotation.ExtendedElementType,enum,0,0,0,0,0,1,0,0,0,0.0,-1.0,-1.0,0,0,0,0,0,0,0,0,0,0,0,0,0,0,0,0,0,0,0,3,0,0,0,0,0,0,0,0,0,0,0,0,0,0,25,1,0
/Users/kaiohs/Downloads/codes/lab02-experimentacao-software/data/repos/apache__groovy/subprojects/groovy-groovydoc/src/main/java/org/codehaus/groovy/groovydoc/GroovyPackageDoc.java,org.codehaus.groovy.groovydoc.GroovyPackageDoc,interface,2,13,11,2,12,1,0,0,66,0.0,0.0,0.0,12,0,0,0,0,12,12,0,0,0,0,0,0,0,0,0,0,0,0,14,0,0,0,0,0,0,0,0,0,0,0,0,0,0,67,1,0
/Users/kaiohs/Downloads/codes/lab02-experimentacao-software/data/repos/apache__groovy/subprojects/stress/src/stressTest/java/org/apache/groovy/stress/util/GCUtils.java,org.apache.groovy.stress.util.GCUtils,class,0,4,4,0,5,1,0,2,1,0.0,NaN,NaN,2,1,1,1,0,0,1,0,0,0,0,0,0,0,0,0,0,0,2,15,0,1,2,0,0,1,2,2,0,2,1,0,0,0,10,1,0
/Users/kaiohs/Downloads/codes/lab02-experimentacao-software/data/repos/apache__groovy/src/test/groovy/bugs/Groovy2553.java,bugs.Groovy2553$Autobox$Util,innerclass,0,0,0,0,1,1,0,1,0,0.0,NaN,NaN,1,1,1,0,0,0,1,0,0,0,0,0,0,0,0,0,0,0,0,5,0,0,0,0,0,1,0,0,1,0,0,0,0,0,6,9,0
/Users/kaiohs/Downloads/codes/lab02-experimentacao-software/data/repos/apache__groovy/subprojects/groovy-macro/src/main/groovy/org/codehaus/groovy/macro/methods/MacroGroovyMethods.java,org.codehaus.groovy.macro.methods.MacroGroovyMethods$MacroValuePlaceholder,innerclass,1,1,0,1,1,1,0,0,0,0.0,NaN,NaN,1,1,1,0,0,0,1,0,0,0,0,0,0,0,0,0,0,0,0,5,1,0,0,0,0,0,0,0,0,0,0,0,0,0,7,9,0
/Users/kaiohs/Downloads/codes/lab02-experimentacao-software/data/repos/apache__groovy/subprojects/groovy-swing/src/main/groovy/groovy/swing/binding/JComboBoxProperties.java,groovy.swing.binding.JComboBoxSelectedElementBinding,class,4,5,1,4,6,3,0,7,13,0.6666667,0.0,0.0,6,0,5,0,0,1,6,0,0,2,1,0,0,0,0,1,0,0,0,25,0,0,0,0,1,3,0,2,0,1,0,0,0,0,30,0,0
/Users/kaiohs/Downloads/codes/lab02-experimentacao-software/data/repos/apache__groovy/src/main/java/org/codehaus/groovy/classgen/Verifier.java,org.codehaus.groovy.classgen.Verifier$Anonymous1,anonymous,5,5,0,5,8,1,0,6,1,0.0,0.0,0.0,2,0,2,0,0,0,2,0,0,0,0,0,0,0,0,0,0,0,3,16,0,0,0,0,1,6,0,1,3,0,1,0,0,0,19,-1,0
/Users/kaiohs/Downloads/codes/lab02-experimentacao-software/data/repos/apache__groovy/src/main/java/org/codehaus/groovy/classgen/Verifier.java,org.codehaus.groovy.classgen.Verifier$Anonymous2,anonymous,3,3,0,3,3,1,0,10,0,0.0,NaN,NaN,1,0,1,0,0,0,1,0,0,0,0,0,0,0,0,0,0,0,3,33,0,0,0,0,0,19,7,2,1,2,1,0,0,0,28,-1,0
/Users/kaiohs/Downloads/codes/lab02-experimentacao-software/data/repos/apache__groovy/src/main/java/org/codehaus/groovy/transform/stc/SecondPassExpression.java,org.codehaus.groovy.transform.stc.SecondPassExpression,class,3,6,3,3,12,1,0,5,0,0.16666667,0.0,0.0,6,0,4,0,0,2,6,0,0,0,2,0,0,2,0,0,2,0,1,31,8,0,4,0,1,0,2,7,2,4,1,0,0,0,48,0,0
/Users/kaiohs/Downloads/codes/lab02-experimentacao-software/data/repos/apache__groovy/src/main/java/org/apache/groovy/util/concurrent/LazyInitializable.java,org.apache.groovy.util.concurrent.LazyInitializable,interface,1,2,1,1,6,1,0,3,6,0.0,0.0,0.0,4,0,0,0,0,4,4,0,0,0,0,0,0,0,0,0,0,0,0,13,2,0,0,0,0,0,0,0,0,0,2,0,0,0,35,1,0
/Users/kaiohs/Downloads/codes/lab02-experimentacao-software/data/repos/apache__groovy/src/test/groovy/groovy/SomeClass.java,groovy.SomeClass,class,0,0,0,0,2,1,0,0,1,0.0,0.0,0.0,2,0,2,0,0,0,2,0,0,0,0,0,0,0,0,0,0,0,0,8,2,0,0,0,0,2,0,0,0,0,0,0,0,0,17,1,0
/Users/kaiohs/Downloads/codes/lab02-experimentacao-software/data/repos/apache__groovy/src/main/java/org/codehaus/groovy/classgen/Verifier.java,org.codehaus.groovy.classgen.Verifier$Anonymous3,anonymous,2,2,0,2,1,1,0,6,0,0.0,NaN,NaN,1,0,1,0,0,0,1,0,0,0,0,0,0,0,0,0,0,0,0,19,0,0,0,0,0,8,3,1,0,1,0,0,0,0,19,-1,0
/Users/kaiohs/Downloads/codes/lab02-experimentacao-software/data/repos/apache__groovy/src/main/java/org/codehaus/groovy/classgen/Verifier.java,org.codehaus.groovy.classgen.Verifier$Anonymous4,anonymous,1,1,0,1,1,1,0,3,0,0.0,NaN,NaN,1,0,1,0,0,0,1,0,0,0,0,0,0,0,0,0,0,0,0,8,0,0,0,0,0,2,2,0,0,0,0,0,0,0,12,-1,0
/Users/kaiohs/Downloads/codes/lab02-experimentacao-software/data/repos/apache__groovy/src/main/java/org/codehaus/groovy/classgen/asm/BinaryExpressionMultiTypeDispatcher.java,org.codehaus.groovy.classgen.asm.BinaryExpressionMultiTypeDispatcher,class,27,32,5,27,54,8,1,59,83,0.82222223,0.0,0.0,15,3,1,5,9,0,10,0,0,0,3,2,2,0,1,0,2,0,7,247,23,0,7,0,2,11,18,61,0,59,3,0,3,0,134,1,0
/Users/kaiohs/Downloads/codes/lab02-experimentacao-software/data/repos/apache__groovy/src/main/java/org/apache/groovy/util/concurrent/ManagedIdentityConcurrentMap.java,org.apache.groovy.util.concurrent.ManagedIdentityConcurrentMap,class,4,7,3,4,5,3,0,2,10,1.0,0.0,0.0,5,0,5,0,0,0,5,0,0,0,1,1,0,1,0,0,1,0,2,18,1,0,0,0,0,0,1,1,0,2,0,0,0,1,62,1,0
/Users/kaiohs/Downloads/codes/lab02-experimentacao-software/data/repos/apache__groovy/src/main/java/org/codehaus/groovy/classgen/asm/sc/StaticTypesCallSiteWriter.java,org.codehaus.groovy.classgen.asm.sc.StaticTypesCallSiteWriter,class,39,42,3,39,171,2,0,148,0,0.85142857,0.0,0.0,25,0,10,14,0,1,11,0,0,0,7,6,0,7,0,0,7,0,64,564,42,2,31,0,17,115,25,124,10,112,4,0,0,7,247,1,0
/Users/kaiohs/Downloads/codes/lab02-experimentacao-software/data/repos/apache__groovy/subprojects/groovy-xml/src/main/java/groovy/xml/slurpersupport/FilteredAttributes.java,groovy.xml.slurpersupport.FilteredAttributes$Anonymous1,anonymous,0,0,0,0,3,1,0,4,0,0.0,NaN,NaN,1,0,0,0,1,0,1,0,0,0,0,0,0,0,0,0,0,0,0,11,2,1,0,0,0,0,0,1,0,1,2,0,0,0,8,-1,0
/Users/kaiohs/Downloads/codes/lab02-experimentacao-software/data/repos/apache__groovy/src/main/java/org/codehaus/groovy/control/LabelVerifier.java,org.codehaus.groovy.control.PrePostStatementVisitor,class,20,22,2,20,19,2,1,19,171,0.0,0.0,0.0,19,0,17,0,2,0,19,2,0,0,0,0,0,0,0,0,0,0,0,73,0,0,0,0,0,0,0,0,0,0,0,0,0,0,31,1024,0
/Users/kaiohs/Downloads/codes/lab02-experimentacao-software/data/repos/apache__groovy/src/test/groovy/gls/generics/GenericsTestBase.java,gls.generics.GenericsTestBase,class,5,5,0,5,5,5,0,3,0,0.375,0.0,0.0,4,0,3,0,1,0,4,0,0,0,2,0,0,0,0,2,0,0,0,58,2,0,0,1,0,2,0,2,1,2,1,0,3,0,30,1025,0
/Users/kaiohs/Downloads/codes/lab02-experimentacao-software/data/repos/apache__groovy/src/main/java/org/codehaus/groovy/transform/stc/GroovyTypeCheckingExtensionSupport.java,org.codehaus.groovy.transform.stc.GroovyTypeCheckingExtensionSupport$TypeCheckingDSL,innerclass,4,4,0,4,15,2,0,12,0,0.0,0.0,0.0,3,0,3,0,0,0,3,0,0,0,1,0,0,1,0,0,0,0,1,44,8,0,4,3,0,3,5,4,1,6,2,0,0,1,137,1033,0
/Users/kaiohs/Downloads/codes/lab02-experimentacao-software/data/repos/apache__groovy/src/main/java/org/codehaus/groovy/runtime/FlushingStreamWriter.java,org.codehaus.groovy.runtime.FlushingStreamWriter,class,1,2,1,1,4,3,0,4,6,0.0,0.0,0.0,4,0,4,0,0,0,4,0,0,0,0,0,0,0,0,0,0,0,0,17,0,0,0,0,0,0,0,0,0,0,0,0,0,0,17,1,0
/Users/kaiohs/Downloads/codes/lab02-experimentacao-software/data/repos/apache__groovy/subprojects/groovy-templates/src/main/groovy/groovy/text/Template.java,groovy.text.Template,interface,1,17,16,1,2,1,0,0,1,0.0,0.0,0.0,2,0,0,0,0,2,2,0,0,0,0,0,0,0,0,0,0,0,0,4,0,0,0,0,0,0,0,0,0,0,0,0,0,0,23,1,0
/Users/kaiohs/Downloads/codes/lab02-experimentacao-software/data/repos/apache__groovy/src/main/java/org/codehaus/groovy/transform/RecordCompletionASTTransformation.java,org.codehaus.groovy.transform.RecordCompletionASTTransformation,class,18,19,1,18,10,2,0,19,3,0.77777785,0.0,0.0,3,0,2,1,0,0,2,0,0,0,3,3,1,2,0,0,3,0,1,38,2,1,2,0,0,3,3,13,1,13,3,0,0,0,59,1,0
/Users/kaiohs/Downloads/codes/lab02-experimentacao-software/data/repos/apache__groovy/src/test/groovy/org/codehaus/groovy/transform/SingletonASTTransformationTest.java,org.codehaus.groovy.transform.SingletonASTTransformationTest,class,4,4,0,4,2,1,0,5,0,0.0,NaN,NaN,1,0,1,0,0,0,1,0,0,0,0,0,0,0,0,0,0,0,0,14,0,0,0,1,0,8,0,1,3,1,1,0,0,0,21,1,0
/Users/kaiohs/Downloads/codes/lab02-experimentacao-software/data/repos/apache__groovy/src/main/java/org/codehaus/groovy/runtime/callsite/PojoMetaMethodSite.java,org.codehaus.groovy.runtime.callsite.PojoMetaMethodSite$PojoCachedMethodSiteNoUnwrap,innerclass,5,5,0,5,2,7,0,2,1,0.0,0.0,0.0,2,0,2,0,0,0,2,0,1,0,0,0,0,0,0,0,0,0,1,9,1,0,0,0,0,0,0,1,0,0,0,0,0,0,17,9,0
/Users/kaiohs/Downloads/codes/lab02-experimentacao-software/data/repos/apache__groovy/src/main/java/groovy/lang/MissingFieldException.java,groovy.lang.MissingFieldException,class,1,2,1,1,5,5,0,1,0,0.4666667,0.0,0.0,5,0,5,0,0,0,5,0,0,0,3,1,0,3,0,0,3,0,0,26,2,0,0,0,0,5,1,7,2,3,0,0,0,0,58,1,0
/Users/kaiohs/Downloads/codes/lab02-experimentacao-software/data/repos/apache__groovy/subprojects/groovy-jmx/src/main/java/groovy/jmx/builder/JmxEventEmitter.java,groovy.jmx.builder.JmxEventEmitter$NumberSequencer,innerclass,0,0,0,0,1,1,0,1,0,0.0,NaN,NaN,1,1,1,0,0,0,1,0,0,0,1,1,0,1,0,0,1,0,0,6,1,0,0,0,0,0,1,1,0,1,0,0,0,0,10,26,0
/Users/kaiohs/Downloads/codes/lab02-experimentacao-software/data/repos/apache__groovy/src/main/java/groovy/util/ObjectGraphBuilder.java,groovy.util.ObjectGraphBuilder$ClassNameResolver,interface,0,0,0,0,1,1,0,0,0,0.0,NaN,NaN,1,0,0,0,0,1,1,0,0,0,0,0,0,0,0,0,0,0,0,3,0,0,0,0,0,0,0,0,0,0,0,0,0,0,17,1,0
/Users/kaiohs/Downloads/codes/lab02-experimentacao-software/data/repos/apache__groovy/benchmark/bench/fannkuch.java,fannkuch,class,2,3,1,2,33,1,0,14,11,0.6666667,0.0,0.0,7,3,3,4,0,0,3,0,4,0,3,0,0,3,0,0,3,0,6,109,3,17,5,1,10,1,46,51,17,32,5,0,0,0,45,17,0
/Users/kaiohs/Downloads/codes/lab02-experimentacao-software/data/repos/apache__groovy/src/main/java/org/codehaus/groovy/tools/javac/JavacJavaCompiler.java,org.codehaus.groovy.tools.javac.JavacJavaCompiler,class,9,11,2,9,36,1,0,47,22,0.75,0.0,0.0,8,4,2,6,0,0,2,0,0,0,2,1,0,2,0,0,2,0,10,133,5,4,7,4,0,25,9,36,5,25,5,0,0,0,102,1,0
/Users/kaiohs/Downloads/codes/lab02-experimentacao-software/data/repos/apache__groovy/src/main/java/org/codehaus/groovy/runtime/callsite/PojoMetaClassGetPropertySite.java,org.codehaus.groovy.runtime.callsite.PojoMetaClassGetPropertySite,class,5,7,2,5,6,2,0,2,6,0.0,0.0,0.0,4,0,4,0,0,0,4,0,2,0,0,0,0,0,0,0,0,0,4,24,3,0,0,2,0,0,0,0,0,0,1,0,0,0,19,1,0
/Users/kaiohs/Downloads/codes/lab02-experimentacao-software/data/repos/apache__groovy/subprojects/groovy-jmx/src/test/java/groovy/jmx/builder/MockManagedObject.java,groovy.jmx.builder.MockManagedObject,class,1,2,1,1,15,1,0,3,81,0.8166667,0.0,0.0,15,0,15,0,0,0,15,0,0,0,4,1,0,4,0,0,0,0,1,49,5,0,0,0,0,5,0,4,4,4,0,0,0,0,31,1,0
/Users/kaiohs/Downloads/codes/lab02-experimentacao-software/data/repos/apache__groovy/src/main/java/org/codehaus/groovy/runtime/metaclass/ClosureMetaClass.java,org.codehaus.groovy.runtime.metaclass.ClosureMetaClass$NormalMethodChooser,innerclass,4,4,0,4,7,1,0,9,0,0.0,0.0,0.0,2,0,1,0,0,1,2,0,0,0,2,0,0,2,0,0,2,0,1,31,4,1,3,0,1,0,6,8,0,7,3,0,0,0,26,10,0
/Users/kaiohs/Downloads/codes/lab02-experimentacao-software/data/repos/apache__groovy/src/main/java/org/codehaus/groovy/runtime/callsite/CallSiteGenerator.java,org.codehaus.groovy.runtime.callsite.CallSiteGenerator,class,8,9,1,8,28,1,0,55,120,0.0,0.0,0.0,16,15,9,7,0,0,9,0,0,0,0,0,0,0,0,0,0,0,28,169,13,4,1,0,1,72,19,41,12,39,2,0,0,0,88,1,0
/Users/kaiohs/Downloads/codes/lab02-experimentacao-software/data/repos/apache__groovy/src/test/groovy/org/codehaus/groovy/classgen/VerifierCodeVisitorTest.java,org.codehaus.groovy.classgen.VerifierCodeVisitorTest,class,3,4,1,3,5,2,0,5,6,0.0,0.0,0.0,4,0,2,0,2,0,4,0,0,0,0,0,0,0,0,0,0,0,0,28,0,0,0,1,0,14,0,0,2,0,1,0,0,0,27,1,0
/Users/kaiohs/Downloads/codes/lab02-experimentacao-software/data/repos/apache__groovy/subprojects/groovy-templates/src/main/groovy/groovy/text/SimpleTemplateEngine.java,groovy.text.SimpleTemplateEngine$SimpleTemplate$Anonymous1,anonymous,4,4,0,4,3,1,0,7,1,0.0,0.0,0.0,2,0,2,0,0,0,2,0,0,0,0,0,0,0,0,0,0,0,0,18,2,0,1,0,0,1,0,5,0,4,1,0,0,0,29,-1,0
/Users/kaiohs/Downloads/codes/lab02-experimentacao-software/data/repos/apache__groovy/subprojects/groovy-groovydoc/src/test/groovy/org/codehaus/groovy/tools/groovydoc/testfiles/groovy_10593/a/StaticList.java,org.codehaus.groovy.tools.groovydoc.testfiles.groovy_10593.a.StaticList$List,interface,0,0,0,0,0,1,0,0,0,0.0,-1.0,-1.0,0,0,0,0,0,0,0,0,0,0,0,0,0,0,0,0,0,0,0,2,0,0,0,0,0,0,0,0,0,0,0,0,0,0,1,9,0
/Users/kaiohs/Downloads/codes/lab02-experimentacao-software/data/repos/apache__groovy/subprojects/groovy-ginq/src/main/groovy/org/apache/groovy/ginq/provider/collection/runtime/RowBound.java,org.apache.groovy.ginq.provider.collection.runtime.RowBound,class,2,7,5,2,1,2,0,0,0,1.0,NaN,NaN,1,0,1,0,0,0,1,0,0,0,2,2,1,1,0,0,2,0,0,7,0,0,0,0,0,0,1,2,0,2,0,0,0,0,29,1,0
/Users/kaiohs/Downloads/codes/lab02-experimentacao-software/data/repos/apache__groovy/src/main/java/org/codehaus/groovy/GroovyException.java,org.codehaus.groovy.GroovyException,class,1,1,0,1,7,3,0,0,9,0.71428573,0.0,0.0,7,0,7,0,0,0,7,0,0,0,2,1,0,2,0,0,1,0,0,26,1,0,0,0,0,0,1,5,0,2,0,0,0,0,18,1,0
/Users/kaiohs/Downloads/codes/lab02-experimentacao-software/data/repos/apache__groovy/src/main/java/org/codehaus/groovy/classgen/asm/UnaryExpressionHelper.java,org.codehaus.groovy.classgen.asm.UnaryExpressionHelper,class,11,17,6,11,5,1,1,14,0,0.6,0.0,0.0,5,0,5,0,0,0,5,0,0,0,4,3,0,0,1,3,4,0,4,41,0,0,0,0,0,3,0,9,0,9,0,0,0,0,47,1,0
/Users/kaiohs/Downloads/codes/lab02-experimentacao-software/data/repos/apache__groovy/subprojects/groovy-xml/src/main/java/groovy/xml/slurpersupport/NamespaceAwareHashMap.java,groovy.xml.slurpersupport.NamespaceAwareHashMap,class,2,5,3,2,14,3,0,17,22,0.625,0.0,0.0,8,0,7,1,0,0,7,0,0,0,1,0,0,1,0,0,0,0,0,39,7,1,1,0,0,2,2,9,1,4,2,0,0,0,29,1,0
/Users/kaiohs/Downloads/codes/lab02-experimentacao-software/data/repos/apache__groovy/src/main/java/org/codehaus/groovy/control/customizers/builder/CustomizersFactory.java,org.codehaus.groovy.control.customizers.builder.CustomizersFactory,class,4,4,0,4,6,2,0,2,3,0.0,0.0,0.0,3,0,3,0,0,0,3,0,0,0,0,0,0,0,0,0,0,0,0,16,3,0,0,0,2,2,1,0,0,0,1,0,0,0,35,1,0
/Users/kaiohs/Downloads/codes/lab02-experimentacao-software/data/repos/apache__groovy/src/main/java/org/codehaus/groovy/runtime/dgmimpl/arrays/FloatArrayGetAtMetaMethod.java,org.codehaus.groovy.runtime.dgmimpl.arrays.FloatArrayGetAtMetaMethod,class,9,10,1,9,5,10,0,3,6,0.75,0.0,0.0,4,0,4,0,0,0,4,0,1,0,1,1,0,1,0,0,1,0,2,28,5,0,0,0,1,0,2,2,0,2,1,0,1,0,31,1,0
/Users/kaiohs/Downloads/codes/lab02-experimentacao-software/data/repos/apache__groovy/src/main/java/groovy/lang/Closure.java,groovy.lang.Closure$WritableClosure,innerclass,5,5,0,5,26,3,0,27,231,1.0,0.0,0.0,22,0,21,1,0,0,21,0,0,0,1,1,0,1,0,0,1,0,0,86,21,0,0,1,5,4,1,2,0,2,1,0,0,0,56,2,0
/Users/kaiohs/Downloads/codes/lab02-experimentacao-software/data/repos/apache__groovy/subprojects/groovy-groovydoc/src/test/groovy/org/codehaus/groovy/tools/groovydoc/testfiles/groovy_10593/b/TestStaticStar.java,org.codehaus.groovy.tools.groovydoc.testfiles.groovy_10593.b.TestStaticStar,interface,1,1,0,1,0,1,0,0,0,0.0,-1.0,-1.0,0,0,0,0,0,0,0,0,0,0,0,0,0,0,0,0,0,0,0,2,0,0,0,0,0,0,0,0,0,0,0,0,0,0,4,1,0
/Users/kaiohs/Downloads/codes/lab02-experimentacao-software/data/repos/apache__groovy/src/main/java/org/codehaus/groovy/classgen/Verifier.java,org.codehaus.groovy.classgen.Verifier$Anonymous5,anonymous,3,3,0,3,2,1,0,0,1,0.0,0.0,0.0,2,0,2,0,0,0,2,0,0,0,0,0,0,0,0,0,0,0,0,7,0,0,0,0,0,1,0,0,0,0,0,0,0,0,15,-1,0
/Users/kaiohs/Downloads/codes/lab02-experimentacao-software/data/repos/apache__groovy/src/main/java/org/codehaus/groovy/ast/decompiled/ClassStub.java,org.codehaus.groovy.ast.decompiled.MethodStub,class,2,6,4,2,1,2,0,0,0,0.375,NaN,NaN,1,0,1,0,0,0,1,0,0,0,8,0,0,0,0,8,5,0,0,17,0,0,0,0,0,0,0,5,0,8,0,0,0,0,16,0,0
/Users/kaiohs/Downloads/codes/lab02-experimentacao-software/data/repos/apache__groovy/src/main/java/org/codehaus/groovy/classgen/Verifier.java,org.codehaus.groovy.classgen.Verifier$Anonymous6,anonymous,13,13,0,13,21,1,0,32,19,0.78571427,0.0,0.0,7,0,4,3,0,0,4,0,0,0,1,0,0,1,0,0,0,0,1,64,5,0,2,0,3,4,1,11,1,8,3,0,0,1,64,-1,0
/Users/kaiohs/Downloads/codes/lab02-experimentacao-software/data/repos/apache__groovy/src/main/java/org/codehaus/groovy/classgen/Verifier.java,org.codehaus.groovy.classgen.Verifier$Anonymous7,anonymous,4,4,0,4,7,1,0,20,0,0.0,0.0,0.0,2,0,2,0,0,0,2,0,0,0,1,0,0,1,0,0,0,0,0,27,0,0,1,0,0,0,0,6,0,4,3,0,0,0,19,-1,0
/Users/kaiohs/Downloads/codes/lab02-experimentacao-software/data/repos/apache__groovy/src/test/groovy/bugs/groovy8468/Face.java,bugs.groovy8468.Face,interface,0,1,1,0,0,1,0,0,0,0.0,-1.0,-1.0,0,0,0,0,0,0,0,0,0,0,0,0,0,0,0,0,0,0,0,2,0,0,0,0,0,0,0,0,0,0,0,0,0,0,1,1,0
/Users/kaiohs/Downloads/codes/lab02-experimentacao-software/data/repos/apache__groovy/src/main/java/org/codehaus/groovy/runtime/metaclass/MetaClassRegistryImpl.java,org.codehaus.groovy.runtime.metaclass.MetaClassRegistryImpl,class,32,38,6,32,71,1,0,70,395,0.945614,0.0,0.0,30,2,22,7,1,0,23,0,1,1,19,8,4,15,0,0,16,0,9,408,15,9,13,6,2,5,14,59,3,60,5,1,2,4,265,1,0
/Users/kaiohs/Downloads/codes/lab02-experimentacao-software/data/repos/apache__groovy/src/main/java/org/codehaus/groovy/classgen/Verifier.java,org.codehaus.groovy.classgen.Verifier$Anonymous8,anonymous,1,1,0,1,2,1,0,4,0,0.0,NaN,NaN,1,0,1,0,0,0,1,0,0,0,0,0,0,0,0,0,0,0,0,8,0,0,0,0,0,0,0,0,0,0,1,0,0,0,7,-1,0
/Users/kaiohs/Downloads/codes/lab02-experimentacao-software/data/repos/apache__groovy/src/main/java/org/codehaus/groovy/classgen/Verifier.java,org.codehaus.groovy.classgen.Verifier$Anonymous9,anonymous,4,4,0,4,4,1,0,12,0,0.0,NaN,NaN,1,0,1,0,0,0,1,0,0,0,0,0,0,0,0,0,0,0,0,10,0,0,0,0,0,2,0,1,0,1,2,0,0,0,24,-1,0
/Users/kaiohs/Downloads/codes/lab02-experimentacao-software/data/repos/apache__groovy/src/main/java/groovy/util/logging/Log4j2.java,groovy.util.logging.Log4j2$Log4j2LoggingStrategy,class,6,6,0,6,4,2,0,12,6,0.0,0.0,0.0,4,0,3,0,1,0,4,0,0,0,0,0,0,0,0,0,0,0,0,19,3,0,0,0,0,6,3,3,1,3,0,0,0,0,35,0,0
/Users/kaiohs/Downloads/codes/lab02-experimentacao-software/data/repos/apache__groovy/src/test/groovy/groovy/transform/stc/Groovy10380.java,groovy.transform.stc.Groovy10380,class,1,1,0,1,0,1,0,0,0,0.0,-1.0,-1.0,0,0,0,0,0,0,0,0,0,0,0,0,0,0,0,0,0,0,0,2,0,0,0,0,0,0,0,0,0,0,0,0,0,0,2,1025,0
/Users/kaiohs/Downloads/codes/lab02-experimentacao-software/data/repos/apache__groovy/subprojects/groovy-test/src/main/java/groovy/test/AllTestSuite.java,groovy.test.AllTestSuite,class,8,9,1,8,13,2,0,20,10,0.82500005,0.0,0.0,5,3,3,0,2,0,6,0,0,0,8,8,3,5,0,0,7,0,7,60,4,1,0,2,0,15,0,15,4,14,2,0,0,0,135,1,0
/Users/kaiohs/Downloads/codes/lab02-experimentacao-software/data/repos/apache__groovy/src/main/java/org/codehaus/groovy/transform/DelegateASTTransformation.java,org.codehaus.groovy.transform.DelegateASTTransformation$DelegateDescription,innerclass,4,4,0,4,0,1,0,0,0,NaN,-1.0,-1.0,0,0,0,0,0,0,0,0,0,0,11,0,0,0,0,11,0,0,0,13,0,0,0,0,0,0,0,0,0,11,0,0,0,0,20,8,0
/Users/kaiohs/Downloads/codes/lab02-experimentacao-software/data/repos/apache__groovy/src/main/java/org/codehaus/groovy/tools/javac/RawJavaFileObject.java,org.codehaus.groovy.tools.javac.RawJavaFileObject,class,1,3,2,1,9,1,0,7,13,0.77777773,0.0,0.0,6,0,6,0,0,0,6,0,0,0,3,1,0,3,0,0,2,0,5,26,7,0,2,0,2,2,0,3,2,3,1,0,0,0,59,1,0
/Users/kaiohs/Downloads/codes/lab02-experimentacao-software/data/repos/apache__groovy/src/main/java/groovy/util/NodeList.java,groovy.util.NodeList$Anonymous1,anonymous,3,3,0,3,10,1,0,9,15,0.0,0.0,0.0,6,0,6,0,0,0,6,0,0,0,0,0,0,0,0,0,0,0,0,34,6,2,0,0,4,0,0,3,0,3,1,0,0,0,21,-1,0
/Users/kaiohs/Downloads/codes/lab02-experimentacao-software/data/repos/apache__groovy/src/main/java/groovy/lang/SpreadListEvaluatingException.java,groovy.lang.SpreadListEvaluatingException,class,1,1,0,1,1,5,0,0,0,1.0,NaN,NaN,1,0,1,0,0,0,1,0,0,0,1,1,0,1,0,0,1,0,0,6,0,0,0,0,0,0,1,1,0,1,0,0,0,0,14,1,0
/Users/kaiohs/Downloads/codes/lab02-experimentacao-software/data/repos/apache__groovy/subprojects/groovy-groovydoc/src/test/groovy/org/codehaus/groovy/tools/groovydoc/testfiles/JavaInterfaceWithMultipleInterfaces.java,org.codehaus.groovy.tools.groovydoc.testfiles.JavaInterfaceWithMultipleInterfaces,interface,2,2,0,2,0,1,0,0,0,0.0,-1.0,-1.0,0,0,0,0,0,0,0,0,0,0,0,0,0,0,0,0,0,0,0,2,0,0,0,0,0,0,0,0,0,0,0,0,0,0,6,1,0
/Users/kaiohs/Downloads/codes/lab02-experimentacao-software/data/repos/apache__groovy/src/main/java/org/codehaus/groovy/runtime/dgmimpl/NumberNumberMultiply.java,org.codehaus.groovy.runtime.dgmimpl.NumberNumberMultiply$LongFloat,innerclass,5,5,0,5,4,7,0,4,1,0.0,0.0,0.0,2,0,2,0,0,0,2,0,1,0,0,0,0,0,0,0,0,0,0,15,2,0,0,1,2,0,1,0,1,0,2,0,0,0,19,10,0
/Users/kaiohs/Downloads/codes/lab02-experimentacao-software/data/repos/apache__groovy/src/main/java/org/codehaus/groovy/runtime/powerassert/Value.java,org.codehaus.groovy.runtime.powerassert.Value,class,0,2,2,0,3,1,0,0,0,0.33333334,0.0,0.0,3,0,3,0,0,0,3,0,0,0,2,0,0,2,0,0,2,0,0,14,2,0,0,0,0,0,0,2,0,2,0,0,0,0,21,1,0
/Users/kaiohs/Downloads/codes/lab02-experimentacao-software/data/repos/apache__groovy/src/main/java/org/codehaus/groovy/classgen/ClassGeneratorException.java,org.codehaus.groovy.classgen.ClassGeneratorException,class,0,2,2,0,2,4,0,0,1,1.0,0.0,0.0,2,0,2,0,0,0,2,0,0,0,1,1,0,1,0,0,1,0,0,9,0,0,0,0,0,0,1,1,0,1,0,0,0,0,20,1,0
/Users/kaiohs/Downloads/codes/lab02-experimentacao-software/data/repos/apache__groovy/subprojects/groovy-jmx/src/test/java/groovy/jmx/builder/MockJmxListener.java,groovy.jmx.builder.MockJmxListener,class,1,1,0,1,3,1,0,2,3,0.0,0.0,0.0,3,0,3,0,0,0,3,0,0,0,0,0,0,0,0,0,0,0,0,10,1,0,0,0,0,2,0,0,1,0,0,0,0,0,11,1,0
/Users/kaiohs/Downloads/codes/lab02-experimentacao-software/data/repos/apache__groovy/src/main/java/org/codehaus/groovy/runtime/callsite/StaticMetaMethodSite.java,org.codehaus.groovy.runtime.callsite.StaticMetaMethodSite,class,12,15,3,12,31,12,4,20,13,0.36363637,0.0,0.0,11,1,5,0,6,0,11,0,6,0,1,0,0,1,0,0,1,0,13,87,15,0,14,2,7,0,0,1,0,1,4,0,2,0,39,1,0
/Users/kaiohs/Downloads/codes/lab02-experimentacao-software/data/repos/apache__groovy/src/test/groovy/groovy/lang/GroovyShellTest.java,groovy.lang.GroovyShellTest$1PropertyHolder,innerclass,0,0,0,0,2,1,0,2,0,0.0,0.0,0.0,2,0,2,0,0,0,2,0,0,0,1,0,0,1,0,0,0,0,0,9,1,0,0,0,0,2,0,1,0,1,0,0,0,0,8,0,0
/Users/kaiohs/Downloads/codes/lab02-experimentacao-software/data/repos/apache__groovy/src/test/groovy/org/codehaus/groovy/runtime/m12n/Groovy6496Extension.java,org.codehaus.groovy.runtime.m12n.Groovy6496Extension,class,1,1,0,1,1,1,0,0,0,0.0,NaN,NaN,1,1,1,0,0,0,1,0,0,0,0,0,0,0,0,0,0,0,0,5,1,0,0,0,0,0,0,0,0,0,0,0,0,0,6,1,0
/Users/kaiohs/Downloads/codes/lab02-experimentacao-software/data/repos/apache__groovy/subprojects/performance/src/jmh/groovy/org/apache/groovy/bench/FiboBench.java,org.apache.groovy.bench.FiboBench,class,9,9,0,9,2,1,0,2,0,0.0,0.0,0.0,2,0,2,0,0,0,2,0,0,0,1,0,0,1,0,0,0,0,1,15,2,0,0,0,0,5,5,0,0,1,0,0,1,0,6,1,0
/Users/kaiohs/Downloads/codes/lab02-experimentacao-software/data/repos/apache__groovy/src/main/java/org/codehaus/groovy/runtime/dgmimpl/arrays/FloatArrayPutAtMetaMethod.java,org.codehaus.groovy.runtime.dgmimpl.arrays.FloatArrayPutAtMetaMethod,class,12,13,1,12,9,10,0,6,3,0.6666667,0.0,0.0,3,0,3,0,0,0,3,0,1,0,1,1,0,1,0,0,1,0,4,51,4,0,0,0,4,0,5,8,0,5,2,0,1,0,40,1,0
/Users/kaiohs/Downloads/codes/lab02-experimentacao-software/data/repos/apache__groovy/src/main/java/org/codehaus/groovy/classgen/Verifier.java,org.codehaus.groovy.classgen.Verifier$SwapInitStatement,innerclass,6,6,0,6,3,4,0,4,1,0.5,0.0,0.0,2,0,1,0,0,1,2,0,0,0,1,0,0,1,0,0,0,0,0,19,0,0,0,0,2,0,1,2,0,1,1,0,1,0,19,10,0
/Users/kaiohs/Downloads/codes/lab02-experimentacao-software/data/repos/apache__groovy/benchmark/bench/pidigits.java,pidigits,class,1,1,0,1,6,1,0,5,0,0.0,NaN,NaN,1,1,1,0,0,0,1,0,0,0,1,1,0,0,0,1,1,0,1,22,0,4,0,0,0,2,6,10,0,7,3,0,0,0,10,1,0
/Users/kaiohs/Downloads/codes/lab02-experimentacao-software/data/repos/apache__groovy/src/main/java/org/codehaus/groovy/control/PlaceholderVisitor.java,org.codehaus.groovy.control.PlaceholderVisitor,class,8,11,3,8,14,2,0,22,11,0.6666667,0.0,0.0,6,2,4,1,1,0,5,0,0,0,2,1,0,2,0,0,1,0,3,43,2,1,1,0,2,5,3,4,0,8,4,0,0,4,55,1,0
/Users/kaiohs/Downloads/codes/lab02-experimentacao-software/data/repos/apache__groovy/src/main/java/groovy/util/Iterators.java,groovy.util.Iterators$IterateIterator,innerclass,1,1,0,1,5,1,0,1,4,0.5,0.0,0.0,4,0,3,1,0,0,3,0,0,0,3,0,0,3,0,0,1,0,0,25,2,0,0,0,0,0,0,5,0,3,1,0,0,0,15,26,0
/Users/kaiohs/Downloads/codes/lab02-experimentacao-software/data/repos/apache__groovy/src/main/java/org/codehaus/groovy/transform/NewifyASTTransformation.java,org.codehaus.groovy.transform.NewifyASTTransformation,class,26,27,1,26,92,2,0,93,151,0.87121207,0.0,0.0,22,4,3,18,1,0,5,0,0,0,12,6,0,12,0,0,5,0,11,350,32,8,23,1,16,42,11,88,15,69,4,0,1,0,198,1,0
/Users/kaiohs/Downloads/codes/lab02-experimentacao-software/data/repos/apache__groovy/src/main/java/org/codehaus/groovy/transform/SortableASTTransformation.java,org.codehaus.groovy.transform.SortableASTTransformation,class,20,21,1,20,29,2,0,63,28,0.8333333,NaN,NaN,9,5,1,8,0,0,1,0,0,0,10,10,0,10,0,0,10,0,16,109,8,4,3,0,2,31,9,34,6,35,2,0,0,1,154,1,0
/Users/kaiohs/Downloads/codes/lab02-experimentacao-software/data/repos/apache__groovy/src/test-resources/stubgenerator/circularLanguageReference/Shape.java,stubgenerator.circularLanguageReference.Shape,interface,0,0,0,0,1,1,0,0,0,0.0,NaN,NaN,1,0,0,0,0,1,1,0,0,0,0,0,0,0,0,0,0,0,0,3,0,0,0,0,0,0,0,0,0,0,0,0,0,0,2,1,0
/Users/kaiohs/Downloads/codes/lab02-experimentacao-software/data/repos/apache__groovy/src/main/java/org/codehaus/groovy/runtime/ScriptBytecodeAdapter.java,org.codehaus.groovy.runtime.ScriptBytecodeAdapter,class,28,63,35,28,275,1,0,96,4154,0.94623655,0.0,0.0,93,93,92,1,0,0,92,0,0,0,4,4,1,3,0,0,4,0,133,759,143,19,96,23,22,16,23,66,1,56,3,0,0,0,192,1,0
/Users/kaiohs/Downloads/codes/lab02-experimentacao-software/data/repos/apache__groovy/subprojects/groovy-ginq/src/main/groovy/org/apache/groovy/ginq/dsl/expression/FilterExpression.java,org.apache.groovy.ginq.dsl.expression.FilterExpression,class,2,7,5,2,3,4,3,0,0,0.0,0.0,0.0,3,0,3,0,0,0,3,0,0,0,1,0,0,0,1,0,0,0,0,12,1,0,0,0,0,0,0,2,0,1,0,0,0,0,9,1025,0
/Users/kaiohs/Downloads/codes/lab02-experimentacao-software/data/repos/apache__groovy/subprojects/groovy-macro/src/main/groovy/org/codehaus/groovy/macro/matcher/TreeContextAction.java,org.codehaus.groovy.macro.matcher.TreeContextAction,interface,1,3,2,1,1,1,0,0,0,0.0,NaN,NaN,1,0,0,0,0,1,1,0,0,0,0,0,0,0,0,0,0,0,0,3,0,0,0,0,0,0,0,0,0,0,0,0,0,0,5,1,0
/Users/kaiohs/Downloads/codes/lab02-experimentacao-software/data/repos/apache__groovy/src/main/java/org/codehaus/groovy/reflection/stdclasses/ObjectCachedClass.java,org.codehaus.groovy.reflection.stdclasses.ObjectCachedClass,class,2,3,1,2,3,2,0,0,3,0.0,0.0,0.0,3,0,3,0,0,0,3,0,0,1,0,0,0,0,0,0,0,0,0,11,2,0,0,0,0,0,0,0,0,0,0,0,0,0,13,1,0
/Users/kaiohs/Downloads/codes/lab02-experimentacao-software/data/repos/apache__groovy/src/test/groovy/groovy/Language.java,groovy.Language,enum,0,0,0,0,0,1,0,0,0,0.0,-1.0,-1.0,0,0,0,0,0,0,0,0,0,0,0,0,0,0,0,0,0,0,0,1,0,0,0,0,0,0,0,0,0,0,0,0,0,0,7,1,0
/Users/kaiohs/Downloads/codes/lab02-experimentacao-software/data/repos/apache__groovy/subprojects/groovy-swing/src/main/java/groovy/swing/model/DefaultTableColumn.java,groovy.swing.model.DefaultTableColumn,class,2,4,2,2,10,2,0,8,0,0.125,0.0,0.0,8,0,8,0,0,0,8,0,0,0,1,0,0,1,0,0,0,0,0,35,4,0,0,0,0,3,0,1,1,1,1,0,0,0,32,1,0
/Users/kaiohs/Downloads/codes/lab02-experimentacao-software/data/repos/apache__groovy/subprojects/groovy-ginq/src/main/groovy/org/apache/groovy/ginq/provider/collection/runtime/Queryable.java,org.apache.groovy.ginq.provider.collection.runtime.Queryable$Order,innerclass,1,1,0,1,10,1,0,2,0,0.5714286,0.0,0.0,7,0,7,0,0,0,7,0,0,0,4,1,1,3,0,0,4,0,1,31,7,0,2,0,1,1,1,4,0,4,1,0,0,0,41,0,0
/Users/kaiohs/Downloads/codes/lab02-experimentacao-software/data/repos/apache__groovy/src/main/java/org/codehaus/groovy/control/messages/SyntaxErrorMessage.java,org.codehaus.groovy.control.messages.SyntaxErrorMessage,class,5,12,7,5,4,2,0,9,0,0.33333334,0.0,0.0,3,0,3,0,0,0,3,0,0,0,2,0,0,0,2,0,0,0,0,24,1,0,1,0,0,2,0,6,1,6,1,0,0,0,37,1,0
/Users/kaiohs/Downloads/codes/lab02-experimentacao-software/data/repos/apache__groovy/src/main/java/org/codehaus/groovy/control/customizers/ImportCustomizer.java,org.codehaus.groovy.control.customizers.ImportCustomizer$Import,innerclass,2,2,0,2,3,1,0,0,0,0.0,-1.0,-1.0,3,0,0,3,0,0,0,0,0,0,5,0,0,0,0,5,5,0,0,28,0,0,0,0,0,0,0,15,0,5,0,0,0,0,15,26,0
/Users/kaiohs/Downloads/codes/lab02-experimentacao-software/data/repos/apache__groovy/benchmark/bench/chameneos.java,chameneos$Colour,enum,0,0,0,0,0,1,0,0,0,0.0,-1.0,-1.0,0,0,0,0,0,0,0,0,0,0,0,0,0,0,0,0,0,0,0,1,0,0,0,0,0,0,0,0,0,0,0,0,0,0,6,1,0
/Users/kaiohs/Downloads/codes/lab02-experimentacao-software/data/repos/apache__groovy/subprojects/groovy-groovydoc/src/main/java/org/codehaus/groovy/groovydoc/GroovyDoc.java,org.codehaus.groovy.groovydoc.GroovyDoc,interface,1,15,14,1,20,1,0,0,190,0.0,0.0,0.0,20,0,0,0,0,20,20,0,0,0,0,0,0,0,0,0,0,0,0,22,0,0,0,0,0,0,0,0,0,0,0,0,0,0,29,1,0
/Users/kaiohs/Downloads/codes/lab02-experimentacao-software/data/repos/apache__groovy/src/main/java/org/codehaus/groovy/util/FloatArrayIterable.java,org.codehaus.groovy.util.FloatArrayIterable,class,2,3,1,2,2,1,0,0,0,0.0,0.0,0.0,2,0,2,0,0,0,2,0,0,0,1,0,0,1,0,0,1,0,0,9,1,0,0,0,0,0,0,1,0,1,0,0,0,0,15,1,0
/Users/kaiohs/Downloads/codes/lab02-experimentacao-software/data/repos/apache__groovy/src/main/java/org/codehaus/groovy/runtime/DefaultGroovyMethods.java,org.codehaus.groovy.runtime.DefaultGroovyMethods$ZipPostIterator,innerclass,3,3,0,3,5,1,0,4,0,0.25,0.0,0.0,4,0,3,1,0,0,3,0,0,0,2,0,0,2,0,0,1,0,0,18,2,0,0,0,0,0,0,2,0,2,1,0,0,0,14,26,0
/Users/kaiohs/Downloads/codes/lab02-experimentacao-software/data/repos/apache__groovy/src/test/groovy/org/codehaus/groovy/classgen/asm/sc/bugs/support/Groovy7363Support.java,org.codehaus.groovy.classgen.asm.sc.bugs.support.Groovy7363Support$B,interface,1,1,0,1,1,1,0,0,0,0.0,NaN,NaN,1,0,0,0,0,1,1,0,0,0,0,0,0,0,0,0,0,0,0,3,0,0,0,0,0,0,0,0,0,0,0,0,0,0,3,1,0
/Users/kaiohs/Downloads/codes/lab02-experimentacao-software/data/repos/apache__groovy/src/main/java/org/codehaus/groovy/GroovyBugError.java,org.codehaus.groovy.GroovyBugError,class,1,20,19,1,10,4,0,2,0,0.5833333,0.0,0.0,8,0,8,0,0,0,8,0,0,0,3,1,0,3,0,0,2,0,0,40,6,0,2,0,0,2,1,4,2,3,1,0,0,0,82,1,0
/Users/kaiohs/Downloads/codes/lab02-experimentacao-software/data/repos/apache__groovy/subprojects/groovy-console/src/main/groovy/groovy/console/ui/text/FindReplaceUtility.java,groovy.console.ui.text.FindReplaceUtility,class,5,12,7,5,64,5,0,63,57,0.9285716,0.0,0.0,14,13,10,4,0,0,11,0,0,0,32,32,5,27,0,0,28,0,9,364,4,6,11,1,4,15,31,81,4,61,5,2,4,0,141,17,0
/Users/kaiohs/Downloads/codes/lab02-experimentacao-software/data/repos/apache__groovy/src/test/groovy/org/codehaus/groovy/classgen/asm/sc/bugs/support/Groovy7363Support.java,org.codehaus.groovy.classgen.asm.sc.bugs.support.Groovy7363Support$A,interface,3,3,0,3,1,1,0,0,0,0.0,NaN,NaN,1,0,0,0,0,1,1,0,0,0,0,0,0,0,0,0,0,0,0,3,0,0,0,0,0,0,0,0,0,0,0,0,0,0,3,1,0
/Users/kaiohs/Downloads/codes/lab02-experimentacao-software/data/repos/apache__groovy/subprojects/groovy-templates/src/main/groovy/groovy/text/markup/MarkupTemplateEngine.java,groovy.text.markup.MarkupTemplateEngine$Anonymous1,anonymous,4,4,0,4,1,1,0,1,0,0.0,NaN,NaN,1,0,1,0,0,0,1,0,0,0,0,0,0,0,0,0,0,0,0,5,0,0,0,0,0,0,0,0,0,0,0,0,0,0,13,-1,0
/Users/kaiohs/Downloads/codes/lab02-experimentacao-software/data/repos/apache__groovy/src/main/java/groovy/lang/ExpandoMetaClass.java,groovy.lang.ExpandoMetaClass$SubClassDefiningClosure,innerclass,4,4,0,4,5,2,0,2,0,0.0,NaN,NaN,2,0,1,1,0,0,1,0,0,0,1,0,0,1,0,0,1,0,0,15,1,0,1,0,0,0,2,1,0,1,2,0,0,0,17,2,0
/Users/kaiohs/Downloads/codes/lab02-experimentacao-software/data/repos/apache__groovy/src/test/groovy/org/codehaus/groovy/classgen/asm/sc/bugs/support/Groovy7363Support.java,org.codehaus.groovy.classgen.asm.sc.bugs.support.Groovy7363Support$C,innerclass,0,0,0,0,1,1,0,0,0,0.0,NaN,NaN,1,0,1,0,0,0,1,0,0,0,0,0,0,0,0,0,0,0,0,5,1,0,0,0,0,0,1,0,0,0,0,0,0,0,3,9,0
/Users/kaiohs/Downloads/codes/lab02-experimentacao-software/data/repos/apache__groovy/subprojects/stress/src/stressTest/java/org/codehaus/groovy/util/ManagedConcurrentLinkedQueueStressTest.java,org.codehaus.groovy.util.ManagedConcurrentLinkedQueueStressTest$Anonymous1,anonymous,1,1,0,1,1,1,0,5,0,0.0,NaN,NaN,1,0,1,0,0,0,1,0,0,0,0,0,0,0,0,0,0,0,2,10,0,0,0,0,0,0,0,2,0,2,0,0,0,0,7,-1,0
/Users/kaiohs/Downloads/codes/lab02-experimentacao-software/data/repos/apache__groovy/subprojects/groovy-contracts/src/main/java/org/apache/groovy/contracts/CircularAssertionCallException.java,org.apache.groovy.contracts.CircularAssertionCallException,class,0,0,0,0,4,4,0,0,6,0.0,0.0,0.0,4,0,4,0,0,0,4,0,0,0,0,0,0,0,0,0,0,0,0,13,0,0,0,0,0,0,0,0,0,0,0,0,0,0,21,1,0
/Users/kaiohs/Downloads/codes/lab02-experimentacao-software/data/repos/apache__groovy/subprojects/groovy-contracts/src/main/java/org/apache/groovy/contracts/ast/visitor/ContractElementVisitor.java,org.apache.groovy.contracts.ast.visitor.ContractElementVisitor,class,10,12,2,10,17,3,0,11,0,0.375,0.0,0.0,4,0,3,0,1,0,4,0,0,0,2,0,0,2,0,0,0,0,5,35,5,1,3,0,1,0,0,5,0,2,3,0,0,0,43,1,0
/Users/kaiohs/Downloads/codes/lab02-experimentacao-software/data/repos/apache__groovy/subprojects/stress/src/stressTest/java/org/codehaus/groovy/util/ManagedConcurrentLinkedQueueStressTest.java,org.codehaus.groovy.util.ManagedConcurrentLinkedQueueStressTest$Anonymous2,anonymous,1,1,0,1,4,1,0,6,0,0.0,NaN,NaN,1,0,1,0,0,0,1,0,0,0,0,0,0,0,0,0,0,0,2,15,0,1,1,0,1,0,1,2,1,2,2,0,0,0,10,-1,0
/Users/kaiohs/Downloads/codes/lab02-experimentacao-software/data/repos/apache__groovy/src/main/java/org/codehaus/groovy/runtime/metaclass/ThreadManagedMetaBeanProperty.java,org.codehaus.groovy.runtime.metaclass.ThreadManagedMetaBeanProperty$ThreadBoundGetter,innerclass,3,3,0,3,6,2,0,5,13,0.6666667,0.0,0.0,6,0,6,0,0,0,6,0,0,0,1,0,0,1,0,0,1,0,0,22,5,0,0,0,0,0,0,1,0,1,0,0,0,0,30,0,0
/Users/kaiohs/Downloads/codes/lab02-experimentacao-software/data/repos/apache__groovy/src/main/java/groovy/lang/GroovyResourceLoader.java,groovy.lang.GroovyResourceLoader,interface,0,3,3,0,1,1,0,0,0,0.0,NaN,NaN,1,0,0,0,0,1,1,0,0,0,0,0,0,0,0,0,0,0,0,3,0,0,0,0,0,0,0,0,0,0,0,0,0,0,32,1,0
/Users/kaiohs/Downloads/codes/lab02-experimentacao-software/data/repos/apache__groovy/src/main/java/org/codehaus/groovy/ast/MixinASTTransformation.java,org.codehaus.groovy.ast.MixinASTTransformation,class,12,12,0,12,10,2,0,12,0,0.0,NaN,NaN,1,0,1,0,0,0,1,0,0,0,0,0,0,0,0,0,0,0,0,32,4,1,3,0,2,6,2,8,0,5,3,0,0,0,41,1,0
/Users/kaiohs/Downloads/codes/lab02-experimentacao-software/data/repos/apache__groovy/src/main/java/org/codehaus/groovy/runtime/callsite/PogoMetaMethodSite.java,org.codehaus.groovy.runtime.callsite.PogoMetaMethodSite,class,18,22,4,18,33,32,6,25,89,0.90476197,0.0,0.0,14,3,6,2,6,0,12,0,0,0,3,1,0,3,0,0,3,0,20,157,22,0,7,4,4,0,0,3,0,3,4,0,5,0,62,1,0
/Users/kaiohs/Downloads/codes/lab02-experimentacao-software/data/repos/apache__groovy/src/main/java/org/codehaus/groovy/transform/tailrec/CollectRecursiveCalls.java,org.codehaus.groovy.transform.tailrec.CollectRecursiveCalls,class,8,10,2,8,6,2,0,9,0,0.375,0.0,0.0,4,0,3,1,0,0,3,0,0,1,2,0,0,2,0,0,1,0,1,25,2,0,0,0,0,2,0,2,0,2,1,0,0,0,22,1,0
/Users/kaiohs/Downloads/codes/lab02-experimentacao-software/data/repos/apache__groovy/src/main/java/groovy/lang/groovydoc/Groovydoc.java,groovy.lang.groovydoc.Groovydoc$Anonymous2,anonymous,1,1,0,1,2,1,0,0,1,0.0,0.0,0.0,2,0,2,0,0,0,2,0,0,0,0,0,0,0,0,0,0,0,0,8,2,0,0,0,0,0,0,0,0,0,0,0,0,0,6,-1,0
/Users/kaiohs/Downloads/codes/lab02-experimentacao-software/data/repos/apache__groovy/src/main/java/groovy/util/Iterators.java,groovy.util.Iterators,class,7,8,1,7,5,1,0,3,6,0.0,0.0,0.0,4,4,4,0,0,0,4,0,0,0,0,0,0,0,0,0,0,0,3,229,5,0,0,0,0,0,0,0,0,0,1,0,5,0,94,1,0
/Users/kaiohs/Downloads/codes/lab02-experimentacao-software/data/repos/apache__groovy/src/main/java/groovy/lang/groovydoc/Groovydoc.java,groovy.lang.groovydoc.Groovydoc$Anonymous1,anonymous,1,1,0,1,1,1,0,1,0,0.0,NaN,NaN,1,0,1,0,0,0,1,0,0,0,0,0,0,0,0,0,0,0,1,5,1,0,0,0,0,0,0,0,0,0,0,0,0,0,3,-1,0
/Users/kaiohs/Downloads/codes/lab02-experimentacao-software/data/repos/apache__groovy/subprojects/performance/src/jmh/groovy/org/apache/groovy/bench/dispatch/CallsiteBench.java,org.apache.groovy.bench.dispatch.CallsiteBench$MegamorphicState,innerclass,2,2,0,2,2,1,0,1,0,0.0,NaN,NaN,1,0,1,0,0,0,1,0,0,0,2,0,0,0,0,2,1,0,0,10,0,1,0,0,0,0,2,4,0,3,1,0,0,0,18,9,0
/Users/kaiohs/Downloads/codes/lab02-experimentacao-software/data/repos/apache__groovy/subprojects/groovy-servlet/src/main/java/groovy/servlet/ServletBinding.java,groovy.servlet.ServletBinding,class,9,13,4,9,21,3,0,33,66,0.9166667,0.0,0.0,12,2,7,5,0,0,7,0,0,0,1,0,0,1,0,0,0,0,9,217,5,2,2,1,0,39,2,25,3,23,3,0,2,0,188,1,0
/Users/kaiohs/Downloads/codes/lab02-experimentacao-software/data/repos/apache__groovy/src/test/groovy/org/codehaus/groovy/runtime/InvokeMethodTest.java,org.codehaus.groovy.runtime.InvokeMethodTest,class,5,6,1,5,70,2,0,35,1711,0.0,0.0,0.0,59,0,54,1,4,0,58,0,0,0,0,0,0,0,0,0,0,0,25,321,19,0,0,9,0,165,35,56,11,48,1,2,0,0,170,1,0
/Users/kaiohs/Downloads/codes/lab02-experimentacao-software/data/repos/apache__groovy/src/main/java/org/codehaus/groovy/runtime/dgmimpl/NumberNumberMinus.java,org.codehaus.groovy.runtime.dgmimpl.NumberNumberMinus$DoubleInteger,innerclass,5,5,0,5,4,7,0,2,1,0.0,0.0,0.0,2,0,2,0,0,0,2,0,1,0,0,0,0,0,0,0,0,0,0,15,2,0,0,1,0,0,1,0,1,0,2,0,0,0,19,10,0
/Users/kaiohs/Downloads/codes/lab02-experimentacao-software/data/repos/apache__groovy/subprojects/groovy-macro/src/main/groovy/org/codehaus/groovy/macro/transform/MacroClassTransformation.java,org.codehaus.groovy.macro.transform.MacroClassTransformation,class,12,13,1,12,1,4,0,3,0,1.0,NaN,NaN,1,0,0,0,1,0,1,0,0,0,3,3,0,3,0,0,3,0,1,61,1,0,0,0,0,1,0,4,0,4,0,0,2,0,38,1,0
/Users/kaiohs/Downloads/codes/lab02-experimentacao-software/data/repos/apache__groovy/src/main/java/org/codehaus/groovy/runtime/metaclass/ThreadManagedMetaBeanProperty.java,org.codehaus.groovy.runtime.metaclass.ThreadManagedMetaBeanProperty$ThreadBoundSetter,innerclass,2,2,0,2,6,2,0,4,13,0.6666667,0.0,0.0,6,0,6,0,0,0,6,0,0,0,1,0,0,1,0,0,1,0,0,23,5,0,0,0,0,0,1,1,0,1,0,0,0,0,31,2,0
/Users/kaiohs/Downloads/codes/lab02-experimentacao-software/data/repos/apache__groovy/src/main/java/groovy/lang/Script.java,groovy.lang.Script,class,8,17,9,8,35,2,7,29,80,0.5294118,0.0,0.0,17,0,14,1,2,0,16,1,0,0,1,0,0,1,0,0,0,0,0,140,14,2,1,8,1,12,1,14,0,12,4,0,0,0,112,1025,0
/Users/kaiohs/Downloads/codes/lab02-experimentacao-software/data/repos/apache__groovy/subprojects/groovy-ant/src/main/java/org/codehaus/groovy/ant/VerifyClass.java,org.codehaus.groovy.ant.VerifyClass$Anonymous1,anonymous,0,0,0,0,1,1,0,0,0,0.0,NaN,NaN,1,0,1,0,0,0,1,0,0,0,0,0,0,0,0,0,0,0,0,4,0,0,0,0,0,0,0,0,0,0,0,0,0,0,2,-1,0
/Users/kaiohs/Downloads/codes/lab02-experimentacao-software/data/repos/apache__groovy/src/main/java/groovy/util/IFileNameFinder.java,groovy.util.IFileNameFinder,interface,0,0,0,0,2,1,0,0,1,0.0,0.0,0.0,2,0,0,0,0,2,2,0,0,0,0,0,0,0,0,0,0,0,0,4,0,0,0,0,0,0,0,0,0,0,0,0,0,0,9,1,0
/Users/kaiohs/Downloads/codes/lab02-experimentacao-software/data/repos/apache__groovy/subprojects/groovy-xml/src/main/java/groovy/xml/streamingmarkupsupport/BaseMarkupBuilder.java,groovy.xml.streamingmarkupsupport.BaseMarkupBuilder,class,5,5,0,5,2,3,0,0,1,0.0,0.0,0.0,2,0,2,0,0,0,2,0,0,0,0,0,0,0,0,0,0,0,0,126,1,0,0,0,0,0,0,0,0,0,0,0,1,0,11,1,0
/Users/kaiohs/Downloads/codes/lab02-experimentacao-software/data/repos/apache__groovy/src/main/java/org/codehaus/groovy/util/CharArrayIterator.java,org.codehaus.groovy.util.CharArrayIterator,class,1,2,1,1,6,1,0,1,0,0.375,0.0,0.0,4,0,4,0,0,0,4,0,0,0,2,0,0,2,0,0,1,0,0,21,2,0,0,1,0,1,0,1,0,2,1,0,0,0,31,1,0
/Users/kaiohs/Downloads/codes/lab02-experimentacao-software/data/repos/apache__groovy/subprojects/groovy-groovydoc/src/main/java/org/codehaus/groovy/tools/groovydoc/SimpleGroovyProgramElementDoc.java,org.codehaus.groovy.tools.groovydoc.SimpleGroovyProgramElementDoc,class,5,10,5,5,21,2,1,2,190,0.90476185,0.0,0.0,21,0,21,0,0,0,21,0,0,0,9,1,0,9,0,0,2,0,0,75,12,0,0,0,0,0,2,9,0,9,0,0,0,0,52,1,0
/Users/kaiohs/Downloads/codes/lab02-experimentacao-software/data/repos/apache__groovy/subprojects/groovy-groovydoc/src/main/java/org/codehaus/groovy/groovydoc/GroovyAnnotationRef.java,org.codehaus.groovy.groovydoc.GroovyAnnotationRef,interface,1,9,8,1,3,1,0,0,3,0.0,0.0,0.0,3,0,0,0,0,3,3,0,0,0,0,0,0,0,0,0,0,0,0,5,0,0,0,0,0,0,0,0,0,0,0,0,0,0,40,1,0
/Users/kaiohs/Downloads/codes/lab02-experimentacao-software/data/repos/apache__groovy/src/main/java/org/codehaus/groovy/runtime/dgmimpl/NumberNumberPlus.java,org.codehaus.groovy.runtime.dgmimpl.NumberNumberPlus$LongLong,innerclass,5,5,0,5,4,7,0,2,1,0.0,0.0,0.0,2,0,2,0,0,0,2,0,1,0,0,0,0,0,0,0,0,0,0,15,2,0,0,1,0,0,1,0,1,0,2,0,0,0,18,10,0
/Users/kaiohs/Downloads/codes/lab02-experimentacao-software/data/repos/apache__groovy/src/main/java/org/codehaus/groovy/runtime/dgmimpl/arrays/ShortArrayPutAtMetaMethod.java,org.codehaus.groovy.runtime.dgmimpl.arrays.ShortArrayPutAtMetaMethod$MyPojoMetaMethodSite,innerclass,6,6,0,6,11,6,0,4,3,0.0,0.0,0.0,3,0,3,0,0,0,3,0,0,0,0,0,0,0,0,0,0,0,2,25,4,0,0,1,3,0,4,3,0,1,3,0,0,0,24,10,0
/Users/kaiohs/Downloads/codes/lab02-experimentacao-software/data/repos/apache__groovy/src/main/java/org/codehaus/groovy/runtime/MethodRankHelper.java,org.codehaus.groovy.runtime.MethodRankHelper$Pair,innerclass,2,2,0,2,1,1,0,0,0,0.0,NaN,NaN,1,0,1,0,0,0,1,0,0,0,2,0,0,2,0,0,2,0,0,8,0,0,0,0,0,0,0,2,0,2,0,0,0,0,5,26,0
/Users/kaiohs/Downloads/codes/lab02-experimentacao-software/data/repos/apache__groovy/src/main/java/groovy/transform/PackageScopeTarget.java,groovy.transform.PackageScopeTarget,enum,0,1,1,0,0,1,0,0,0,0.0,-1.0,-1.0,0,0,0,0,0,0,0,0,0,0,0,0,0,0,0,0,0,0,0,5,0,0,0,0,0,0,0,0,0,0,0,0,0,0,24,1,0
/Users/kaiohs/Downloads/codes/lab02-experimentacao-software/data/repos/apache__groovy/subprojects/groovy-contracts/src/main/java/org/apache/groovy/contracts/domain/Contract.java,org.apache.groovy.contracts.domain.Contract,class,6,14,8,6,8,1,0,1,9,0.6785714,0.0,0.0,7,0,7,0,0,0,7,0,0,0,4,0,0,4,0,0,3,0,2,31,5,0,1,0,0,0,0,5,0,4,0,0,0,0,19,1,0
/Users/kaiohs/Downloads/codes/lab02-experimentacao-software/data/repos/apache__groovy/src/main/java/org/codehaus/groovy/util/IteratorBufferedIterator.java,org.codehaus.groovy.util.IteratorBufferedIterator,class,2,3,1,2,8,1,0,3,0,0.2,0.0,0.0,5,0,5,0,0,0,5,0,0,0,3,0,0,3,0,0,1,0,0,38,4,0,0,0,0,2,0,7,1,4,1,0,0,0,33,1,0
/Users/kaiohs/Downloads/codes/lab02-experimentacao-software/data/repos/apache__groovy/subprojects/groovy-console/src/main/groovy/groovy/console/ui/text/StructuredSyntaxHandler.java,groovy.console.ui.text.StructuredSyntaxHandler,class,7,7,0,7,7,2,0,6,19,0.98809516,0.0,0.0,7,0,7,0,0,0,7,0,0,0,36,34,34,2,0,0,35,0,0,58,0,0,0,0,0,36,0,36,1,36,0,0,0,0,54,1,0
/Users/kaiohs/Downloads/codes/lab02-experimentacao-software/data/repos/apache__groovy/src/main/java/org/codehaus/groovy/util/IntArrayIterator.java,org.codehaus.groovy.util.IntArrayIterator,class,1,4,3,1,6,1,0,1,0,0.375,0.0,0.0,4,0,4,0,0,0,4,0,0,0,2,0,0,2,0,0,1,0,0,21,2,0,0,1,0,1,0,1,0,2,1,0,0,0,30,1,0
/Users/kaiohs/Downloads/codes/lab02-experimentacao-software/data/repos/apache__groovy/subprojects/groovy-ginq/src/main/groovy/org/apache/groovy/ginq/provider/collection/runtime/Queryable.java,org.apache.groovy.ginq.provider.collection.runtime.Queryable,interface,9,14,5,9,46,1,0,11,990,0.98888886,0.0,0.0,45,5,0,0,0,45,45,0,0,0,2,0,0,0,0,2,0,0,2,102,11,0,0,0,0,5,3,2,0,2,0,0,1,0,195,1,0
/Users/kaiohs/Downloads/codes/lab02-experimentacao-software/data/repos/apache__groovy/src/main/java/org/codehaus/groovy/ast/decompiled/MemberSignatureParser.java,org.codehaus.groovy.ast.decompiled.MemberSignatureParser$Anonymous2$Anonymous4,anonymous,2,2,0,2,1,1,0,1,0,0.0,NaN,NaN,1,0,0,0,0,1,1,0,0,0,0,0,0,0,0,0,0,0,1,6,0,0,0,0,0,0,1,2,0,0,0,0,0,0,8,-1,0
/Users/kaiohs/Downloads/codes/lab02-experimentacao-software/data/repos/apache__groovy/src/main/java/org/codehaus/groovy/ast/decompiled/MemberSignatureParser.java,org.codehaus.groovy.ast.decompiled.MemberSignatureParser$Anonymous2$Anonymous3,anonymous,2,2,0,2,1,1,0,1,0,0.0,NaN,NaN,1,0,0,0,0,1,1,0,0,0,0,0,0,0,0,0,0,0,1,5,0,0,0,0,0,0,2,1,0,0,0,0,0,0,6,-1,0
/Users/kaiohs/Downloads/codes/lab02-experimentacao-software/data/repos/apache__groovy/src/main/java/groovy/util/ObservableList.java,groovy.util.ObservableList$ElementAddedEvent,innerclass,1,1,0,1,1,3,0,0,0,1.0,NaN,NaN,1,0,1,0,0,0,1,0,0,0,1,1,0,1,0,0,1,0,0,6,0,0,0,0,0,0,1,1,0,1,0,0,0,0,12,9,0
/Users/kaiohs/Downloads/codes/lab02-experimentacao-software/data/repos/apache__groovy/subprojects/groovy-json/src/main/java/org/apache/groovy/json/internal/Cache.java,org.apache.groovy.json.internal.Cache,interface,2,4,2,2,5,1,0,0,10,0.0,0.0,0.0,5,0,0,0,0,5,5,0,0,0,0,0,0,0,0,0,0,0,0,7,0,0,0,0,0,0,0,0,0,0,0,0,0,0,15,1,0
/Users/kaiohs/Downloads/codes/lab02-experimentacao-software/data/repos/apache__groovy/src/test/groovy/org/codehaus/groovy/ast/decompiled/AsmDecompilerTestData.java,org.codehaus.groovy.ast.decompiled.Intf,interface,0,1,1,0,0,1,0,0,0,0.0,-1.0,-1.0,0,0,0,0,0,0,0,0,0,0,0,0,0,0,0,0,0,0,0,2,0,0,0,0,0,0,0,0,0,0,0,0,0,0,0,0,0
/Users/kaiohs/Downloads/codes/lab02-experimentacao-software/data/repos/apache__groovy/src/main/java/org/codehaus/groovy/control/StaticVerifier.java,org.codehaus.groovy.control.StaticVerifier,class,12,14,2,12,24,2,0,23,11,0.67857146,0.0,0.0,7,1,5,1,1,0,6,0,0,0,3,0,0,3,0,0,0,0,4,72,3,3,4,0,1,7,0,20,1,13,5,0,0,0,82,1,0
/Users/kaiohs/Downloads/codes/lab02-experimentacao-software/data/repos/apache__groovy/subprojects/groovy-swing/src/main/groovy/groovy/swing/binding/JComboBoxProperties.java,groovy.swing.binding.JComboBoxSelectedIndexBinding,class,4,5,1,4,6,3,0,7,13,0.6666667,0.0,0.0,6,0,5,0,0,1,6,0,0,2,1,0,0,0,0,1,0,0,0,25,0,0,0,0,1,4,0,2,0,1,0,0,0,0,29,0,0
/Users/kaiohs/Downloads/codes/lab02-experimentacao-software/data/repos/apache__groovy/src/main/java/org/codehaus/groovy/runtime/metaclass/MixinInstanceMetaMethod.java,org.codehaus.groovy.runtime.metaclass.MixinInstanceMetaMethod,class,3,4,1,3,7,2,0,9,0,0.35714287,0.0,0.0,7,0,6,0,1,0,7,0,0,0,2,0,0,2,0,0,2,0,0,27,6,0,0,0,0,0,0,2,0,2,0,0,0,0,24,1,0
/Users/kaiohs/Downloads/codes/lab02-experimentacao-software/data/repos/apache__groovy/src/main/java/org/codehaus/groovy/runtime/metaclass/MethodSelectionException.java,org.codehaus.groovy.runtime.metaclass.MethodSelectionException,class,5,6,1,5,9,2,0,13,2,0.625,0.0,0.0,4,1,2,2,0,0,2,0,0,0,4,1,0,4,0,0,4,0,5,53,1,2,1,0,0,12,4,11,0,11,2,0,0,0,66,1,0
/Users/kaiohs/Downloads/codes/lab02-experimentacao-software/data/repos/apache__groovy/subprojects/groovy-contracts/src/main/java/org/apache/groovy/contracts/ast/visitor/AnnotationClosureVisitor.java,org.apache.groovy.contracts.ast.visitor.AnnotationClosureVisitor,class,34,36,2,34,36,5,0,66,22,0.8035714,0.0,0.0,8,0,3,5,0,0,3,0,0,0,7,5,3,4,0,0,6,0,25,297,7,5,13,0,2,17,1,35,4,35,3,0,2,0,123,1,0
/Users/kaiohs/Downloads/codes/lab02-experimentacao-software/data/repos/apache__groovy/src/main/java/groovy/util/logging/PlatformLog.java,groovy.util.logging.PlatformLog$JavaUtilLoggingStrategy,class,5,5,0,5,4,2,0,7,6,0.75,0.0,0.0,4,0,3,0,1,0,4,0,0,0,2,2,0,2,0,0,2,0,0,19,3,0,0,0,0,3,0,5,0,5,0,0,0,0,60,0,0
/Users/kaiohs/Downloads/codes/lab02-experimentacao-software/data/repos/apache__groovy/subprojects/groovy-groovydoc/src/main/java/org/codehaus/groovy/groovydoc/GroovyMemberDoc.java,org.codehaus.groovy.groovydoc.GroovyMemberDoc,interface,1,4,3,1,1,1,0,0,0,0.0,NaN,NaN,1,0,0,0,0,1,1,0,0,0,0,0,0,0,0,0,0,0,0,3,0,0,0,0,0,0,0,0,0,0,0,0,0,0,7,1,0
/Users/kaiohs/Downloads/codes/lab02-experimentacao-software/data/repos/apache__groovy/src/test/groovy/bugs/groovy8531/Reducer.java,bugs.groovy8531.Reducable$InterfaceContext,innerclass,0,0,0,0,0,1,0,0,0,0.0,-1.0,-1.0,0,0,0,0,0,0,0,0,0,0,0,0,0,0,0,0,0,0,0,2,0,0,0,0,0,0,0,0,0,0,0,0,0,0,2,0,0
/Users/kaiohs/Downloads/codes/lab02-experimentacao-software/data/repos/apache__groovy/src/main/java/org/codehaus/groovy/runtime/ProxyGeneratorAdapter.java,org.codehaus.groovy.runtime.ProxyGeneratorAdapter$InnerLoader,innerclass,2,2,0,2,18,2,0,8,1,0.33333334,0.0,0.0,3,0,2,0,1,0,3,0,0,0,1,0,0,0,0,1,0,0,0,49,5,2,9,3,0,0,1,8,0,3,4,0,0,0,24,10,0
/Users/kaiohs/Downloads/codes/lab02-experimentacao-software/data/repos/apache__groovy/src/main/java/groovy/util/Node.java,groovy.util.Node,class,12,18,6,12,143,1,0,79,950,0.8,0.0,0.0,56,4,42,12,2,0,45,0,0,0,5,1,0,5,0,0,3,0,18,471,57,14,17,0,10,16,22,63,5,53,5,1,0,0,265,1,0
/Users/kaiohs/Downloads/codes/lab02-experimentacao-software/data/repos/apache__groovy/src/test/groovy/groovy/lang/ScriptTest.java,groovy.lang.ScriptTest,class,8,8,0,8,3,1,0,10,3,0.0,0.0,0.0,3,0,0,0,0,3,3,0,0,0,0,0,0,0,0,0,0,0,1,29,0,0,0,1,1,17,0,10,1,10,1,0,1,0,74,16,0
/Users/kaiohs/Downloads/codes/lab02-experimentacao-software/data/repos/apache__groovy/subprojects/groovy-sql/src/main/java/groovy/sql/GroovyResultSet.java,groovy.sql.GroovyResultSet,interface,2,7,5,2,6,1,0,0,15,0.0,0.0,0.0,6,0,0,0,0,6,6,0,0,0,0,0,0,0,0,0,0,0,0,8,0,0,0,0,0,0,0,0,0,0,0,0,0,0,79,1,0
/Users/kaiohs/Downloads/codes/lab02-experimentacao-software/data/repos/apache__groovy/subprojects/groovy-contracts/src/main/java/org/apache/groovy/contracts/ast/visitor/AnnotationClosureVisitor.java,org.apache.groovy.contracts.ast.visitor.AnnotationClosureVisitor$ClosureExpressionValidator,innerclass,22,22,0,22,48,2,0,41,39,0.77551025,0.0,0.0,14,0,10,2,1,1,12,0,0,0,7,0,0,7,0,0,5,0,1,132,6,2,3,0,2,12,0,15,0,10,3,0,0,0,80,8,0
/Users/kaiohs/Downloads/codes/lab02-experimentacao-software/data/repos/apache__groovy/subprojects/groovy-ant/src/test-resources/org/codehaus/groovy/ant/IncorrectGenericsUsage.java,org.codehaus.groovy.ant.IncorrectGenericsUsage,class,0,0,0,0,1,1,0,0,0,0.0,NaN,NaN,1,0,1,0,0,0,1,0,0,0,1,0,0,1,0,0,0,0,0,6,0,0,0,0,0,0,0,2,0,1,0,0,0,0,9,1,0
/Users/kaiohs/Downloads/codes/lab02-experimentacao-software/data/repos/apache__groovy/benchmark/bench/pidigits.java,PiDigitSpigot,class,2,4,2,2,8,1,0,9,0,0.44444445,0.0,0.0,6,0,6,0,0,0,6,0,0,0,1,0,0,0,0,1,0,0,0,31,6,0,1,0,1,0,18,6,1,4,1,0,0,0,16,0,0
/Users/kaiohs/Downloads/codes/lab02-experimentacao-software/data/repos/apache__groovy/subprojects/groovy-contracts/src/main/java/org/apache/groovy/contracts/util/ExpressionUtils.java,org.apache.groovy.contracts.util.ExpressionUtils$AssertStatementCollector,innerclass,3,3,0,3,2,2,0,1,1,0.5,0.0,0.0,2,0,1,0,1,0,2,0,0,0,1,0,1,0,0,0,0,0,0,9,1,0,0,0,0,0,0,1,0,1,0,0,0,0,15,8,0
/Users/kaiohs/Downloads/codes/lab02-experimentacao-software/data/repos/apache__groovy/src/main/java/org/codehaus/groovy/runtime/callsite/StaticMetaMethodSite.java,org.codehaus.groovy.runtime.callsite.StaticMetaMethodSite$StaticMetaMethodSiteNoUnwrapNoCoerce,innerclass,5,5,0,5,3,5,0,2,1,0.0,0.0,0.0,2,0,2,0,0,0,2,0,1,0,0,0,0,0,0,0,0,0,1,13,1,0,0,1,0,0,0,0,0,0,1,0,0,0,32,9,0
/Users/kaiohs/Downloads/codes/lab02-experimentacao-software/data/repos/apache__groovy/subprojects/groovy-xml/src/main/java/groovy/xml/markupsupport/DoubleQuoteFilter.java,groovy.xml.markupsupport.DoubleQuoteFilter,class,0,1,1,0,2,1,0,2,0,0.0,NaN,NaN,1,0,1,0,0,0,1,0,0,0,0,0,0,0,0,0,0,0,2,6,2,0,1,0,0,1,0,0,0,0,1,0,0,0,7,1,0
/Users/kaiohs/Downloads/codes/lab02-experimentacao-software/data/repos/apache__groovy/subprojects/groovy-json/src/main/java/org/apache/groovy/json/internal/ArrayUtils.java,org.apache.groovy.json.internal.ArrayUtils,class,1,6,5,1,1,1,0,2,0,0.0,NaN,NaN,1,1,1,0,0,0,1,0,0,0,0,0,0,0,0,0,0,0,2,8,1,0,0,0,0,0,1,2,2,2,0,0,0,0,8,1,0
/Users/kaiohs/Downloads/codes/lab02-experimentacao-software/data/repos/apache__groovy/src/main/java/org/codehaus/groovy/control/customizers/CompilationCustomizer.java,org.codehaus.groovy.control.customizers.CompilationCustomizer,class,2,13,11,2,2,1,3,0,0,0.0,0.0,0.0,2,0,2,0,0,0,2,0,0,0,1,0,0,1,0,0,1,0,0,9,1,0,0,0,0,0,0,1,0,1,0,0,0,0,30,1025,0
/Users/kaiohs/Downloads/codes/lab02-experimentacao-software/data/repos/apache__groovy/src/main/java/org/codehaus/groovy/transform/tailrec/UsedVariableTracker.java,org.codehaus.groovy.transform.tailrec.UsedVariableTracker,class,2,3,1,2,2,1,0,2,1,0.5,0.0,0.0,2,0,2,0,0,0,2,0,0,0,1,0,0,1,0,0,1,0,0,9,1,0,0,0,0,0,0,1,0,1,0,0,0,0,12,1,0
/Users/kaiohs/Downloads/codes/lab02-experimentacao-software/data/repos/apache__groovy/subprojects/groovy-swing/src/main/java/org/apache/groovy/swing/binding/ClosureTriggerBinding.java,org.apache.groovy.swing.binding.DeadEndObject,class,2,4,2,2,2,1,0,0,1,0.0,0.0,0.0,2,0,2,0,0,0,2,0,0,0,0,0,0,0,0,0,0,0,0,8,1,0,0,0,0,1,0,0,0,0,0,0,0,0,18,0,0
/Users/kaiohs/Downloads/codes/lab02-experimentacao-software/data/repos/apache__groovy/src/main/java/groovy/time/TimeDuration.java,groovy.time.TimeDuration$Anonymous1,anonymous,1,1,0,1,1,1,0,8,0,0.0,NaN,NaN,1,0,1,0,0,0,1,0,0,0,0,0,0,0,0,0,0,0,1,11,1,0,0,0,0,0,0,1,0,1,0,0,0,0,5,-1,0
/Users/kaiohs/Downloads/codes/lab02-experimentacao-software/data/repos/apache__groovy/src/main/java/org/codehaus/groovy/ast/decompiled/MemberSignatureParser.java,org.codehaus.groovy.ast.decompiled.MemberSignatureParser$Anonymous2$Anonymous5,anonymous,2,2,0,2,1,1,0,1,0,0.0,NaN,NaN,1,0,0,0,0,1,1,0,0,0,0,0,0,0,0,0,0,0,1,6,0,0,0,0,0,0,1,2,0,0,0,0,0,0,8,-1,0
/Users/kaiohs/Downloads/codes/lab02-experimentacao-software/data/repos/apache__groovy/subprojects/groovy-ginq/src/main/groovy/org/apache/groovy/ginq/dsl/SyntaxErrorReportable.java,org.apache.groovy.ginq.dsl.SyntaxErrorReportable,interface,5,7,2,5,2,1,0,6,1,0.0,0.0,0.0,2,0,0,0,0,2,2,0,0,0,0,0,0,0,0,0,0,0,0,8,0,0,0,0,0,0,0,2,0,2,0,0,0,0,23,1,0
/Users/kaiohs/Downloads/codes/lab02-experimentacao-software/data/repos/apache__groovy/src/test/groovy/org/codehaus/groovy/classgen/asm/sc/bugs/support/Groovy7363Support.java,org.codehaus.groovy.classgen.asm.sc.bugs.support.Groovy7363Support$ABC,innerclass,3,3,0,3,2,1,0,0,1,0.0,0.0,0.0,2,0,2,0,0,0,2,0,0,0,0,0,0,0,0,0,0,0,0,7,1,0,0,0,0,0,0,0,0,0,0,0,0,0,6,9,0
/Users/kaiohs/Downloads/codes/lab02-experimentacao-software/data/repos/apache__groovy/src/main/java/org/codehaus/groovy/ast/TransformingCodeVisitor.java,org.codehaus.groovy.ast.TransformingCodeVisitor,class,51,51,0,51,50,2,0,98,0,0.0,0.0,0.0,50,0,50,0,0,0,50,0,0,0,1,0,0,1,0,0,1,0,0,202,0,0,0,0,0,0,0,1,0,1,0,0,0,0,75,1,0
/Users/kaiohs/Downloads/codes/lab02-experimentacao-software/data/repos/apache__groovy/src/main/java/groovy/lang/GroovyClassLoader.java,groovy.lang.GroovyClassLoader$InnerLoader,innerclass,5,5,0,5,34,5,0,33,0,0.4848485,0.0,0.0,33,0,33,0,0,0,33,0,0,0,2,0,0,2,0,0,2,0,1,112,22,0,1,1,0,0,0,4,0,3,1,0,0,0,72,9,0
/Users/kaiohs/Downloads/codes/lab02-experimentacao-software/data/repos/apache__groovy/src/main/java/org/codehaus/groovy/classgen/asm/OptimizingStatementWriter.java,org.codehaus.groovy.classgen.asm.OptimizingStatementWriter$OptVisitor,innerclass,34,34,0,34,116,2,0,76,153,0.78205127,0.0,0.0,26,2,19,5,1,1,21,0,0,0,6,1,0,6,0,0,3,0,26,323,24,3,14,0,4,2,3,64,0,30,3,0,0,0,137,10,0
/Users/kaiohs/Downloads/codes/lab02-experimentacao-software/data/repos/apache__groovy/benchmark/bench/echo.java,echo,class,2,2,0,2,2,1,0,3,0,0.0,NaN,NaN,1,1,1,0,0,0,1,0,0,0,0,0,0,0,0,0,0,0,2,12,0,0,0,1,0,0,3,3,0,2,1,0,0,0,11,1,0
/Users/kaiohs/Downloads/codes/lab02-experimentacao-software/data/repos/apache__groovy/subprojects/groovy-json/src/main/java/groovy/json/JsonTokenType.java,groovy.json.JsonTokenType$Anonymous1,anonymous,0,0,0,0,1,1,0,4,0,0.0,NaN,NaN,1,0,1,0,0,0,1,0,0,0,2,0,0,2,0,0,0,0,2,7,1,0,0,0,0,3,0,2,0,2,0,0,0,0,9,-1,0
/Users/kaiohs/Downloads/codes/lab02-experimentacao-software/data/repos/apache__groovy/src/main/java/groovy/lang/PropertyValue.java,groovy.lang.PropertyValue,class,1,1,0,1,5,1,0,4,0,0.2,0.0,0.0,5,0,5,0,0,0,5,0,0,0,2,0,0,2,0,0,2,0,0,20,3,0,0,0,0,0,0,2,0,2,0,0,0,0,12,1,0
/Users/kaiohs/Downloads/codes/lab02-experimentacao-software/data/repos/apache__groovy/src/main/java/groovy/util/ObservableList.java,groovy.util.ObservableList$ObservableIterator,innerclass,1,1,0,1,5,1,0,7,0,0.3,0.0,0.0,5,0,5,0,0,0,5,0,0,0,2,0,0,1,1,0,1,0,0,25,3,0,0,0,0,0,1,4,0,4,0,0,0,0,19,4,0
/Users/kaiohs/Downloads/codes/lab02-experimentacao-software/data/repos/apache__groovy/src/main/java/org/codehaus/groovy/runtime/callsite/StaticMetaMethodSite.java,org.codehaus.groovy.runtime.callsite.StaticMetaMethodSite$StaticMetaMethodSiteNoUnwrap,innerclass,5,5,0,5,3,5,0,2,1,0.0,0.0,0.0,2,0,2,0,0,0,2,0,1,0,0,0,0,0,0,0,0,0,1,13,1,0,0,1,0,0,0,0,0,0,1,0,0,0,29,9,0
/Users/kaiohs/Downloads/codes/lab02-experimentacao-software/data/repos/apache__groovy/subprojects/performance/src/jmh/groovy/org/apache/groovy/bench/dispatch/CallsiteBench.java,org.apache.groovy.bench.dispatch.CallsiteBench$Receiver1,innerclass,0,0,0,0,1,1,0,0,0,0.0,NaN,NaN,1,0,1,0,0,0,1,0,0,0,0,0,0,0,0,0,0,0,0,5,1,0,0,0,0,1,0,0,0,0,0,0,0,0,3,10,0
/Users/kaiohs/Downloads/codes/lab02-experimentacao-software/data/repos/apache__groovy/src/main/java/org/codehaus/groovy/transform/FieldASTTransformation.java,org.codehaus.groovy.transform.FieldASTTransformation,class,30,31,1,30,46,2,0,73,21,0.7900001,0.0,0.0,10,2,3,6,1,0,4,0,0,0,10,4,0,10,0,0,4,0,9,149,13,5,8,0,5,9,13,34,7,30,4,0,0,0,124,1,0
/Users/kaiohs/Downloads/codes/lab02-experimentacao-software/data/repos/apache__groovy/subprojects/performance/src/jmh/groovy/org/apache/groovy/bench/dispatch/CallsiteBench.java,org.apache.groovy.bench.dispatch.CallsiteBench$Receiver2,innerclass,0,0,0,0,1,1,0,0,0,0.0,NaN,NaN,1,0,1,0,0,0,1,0,0,0,0,0,0,0,0,0,0,0,0,5,1,0,0,0,0,1,0,0,0,0,0,0,0,0,3,10,0
/Users/kaiohs/Downloads/codes/lab02-experimentacao-software/data/repos/apache__groovy/subprojects/performance/src/jmh/groovy/org/apache/groovy/bench/dispatch/CallsiteBench.java,org.apache.groovy.bench.dispatch.CallsiteBench$Receiver3,innerclass,0,0,0,0,1,1,0,0,0,0.0,NaN,NaN,1,0,1,0,0,0,1,0,0,0,0,0,0,0,0,0,0,0,0,5,1,0,0,0,0,1,0,0,0,0,0,0,0,0,3,10,0
/Users/kaiohs/Downloads/codes/lab02-experimentacao-software/data/repos/apache__groovy/src/main/java/org/codehaus/groovy/util/ReferenceManager.java,org.codehaus.groovy.util.ReferenceManager$Anonymous1,anonymous,2,2,0,2,7,1,0,6,0,0.25,0.0,0.0,4,0,4,0,0,0,4,0,0,0,2,0,0,2,0,0,0,0,1,24,2,0,1,0,0,4,1,4,1,3,1,0,0,0,24,-1,0
/Users/kaiohs/Downloads/codes/lab02-experimentacao-software/data/repos/apache__groovy/subprojects/performance/src/jmh/groovy/org/apache/groovy/bench/dispatch/CallsiteBench.java,org.apache.groovy.bench.dispatch.CallsiteBench$Receiver8,innerclass,0,0,0,0,1,1,0,0,0,0.0,NaN,NaN,1,0,1,0,0,0,1,0,0,0,0,0,0,0,0,0,0,0,0,5,1,0,0,0,0,1,0,0,0,0,0,0,0,0,3,10,0
/Users/kaiohs/Downloads/codes/lab02-experimentacao-software/data/repos/apache__groovy/src/main/java/groovy/lang/TracingInterceptor.java,groovy.lang.TracingInterceptor,class,2,3,1,2,11,1,0,15,4,0.5,0.0,0.0,8,0,5,1,2,0,7,0,0,0,2,0,0,1,1,0,0,0,3,45,5,0,1,1,0,7,2,6,1,6,1,0,0,1,36,1,0
/Users/kaiohs/Downloads/codes/lab02-experimentacao-software/data/repos/apache__groovy/src/main/java/org/codehaus/groovy/classgen/asm/BinaryObjectExpressionHelper.java,org.codehaus.groovy.classgen.asm.BinaryObjectExpressionHelper,class,7,8,1,7,18,2,0,2,105,0.93333334,0.0,0.0,15,0,3,0,12,0,15,0,0,0,2,2,0,2,0,0,2,0,2,48,10,0,0,0,0,5,4,2,0,2,1,0,0,0,50,1,0
/Users/kaiohs/Downloads/codes/lab02-experimentacao-software/data/repos/apache__groovy/src/main/java/org/codehaus/groovy/transform/NullCheckASTTransformation.java,org.codehaus.groovy.transform.NullCheckASTTransformation,class,21,23,2,21,26,2,0,44,24,0.825,0.0,0.0,8,5,4,4,0,0,4,0,0,0,5,5,1,4,0,0,5,0,9,75,13,3,3,0,1,6,6,17,2,16,3,0,0,0,106,1,0
/Users/kaiohs/Downloads/codes/lab02-experimentacao-software/data/repos/apache__groovy/src/main/java/org/codehaus/groovy/ast/expr/ClosureListExpression.java,org.codehaus.groovy.ast.expr.ClosureListExpression,class,6,11,5,6,9,4,0,9,15,0.5714286,0.0,0.0,7,0,7,0,0,0,7,0,0,0,1,0,0,1,0,0,0,0,0,40,3,1,0,0,0,3,1,6,0,4,2,0,0,0,56,1,0
/Users/kaiohs/Downloads/codes/lab02-experimentacao-software/data/repos/apache__groovy/subprojects/performance/src/jmh/groovy/org/apache/groovy/bench/dispatch/CallsiteBench.java,org.apache.groovy.bench.dispatch.CallsiteBench$Receiver4,innerclass,0,0,0,0,1,1,0,0,0,0.0,NaN,NaN,1,0,1,0,0,0,1,0,0,0,0,0,0,0,0,0,0,0,0,5,1,0,0,0,0,1,0,0,0,0,0,0,0,0,3,10,0
/Users/kaiohs/Downloads/codes/lab02-experimentacao-software/data/repos/apache__groovy/src/main/java/org/codehaus/groovy/runtime/DefaultGroovyMethods.java,org.codehaus.groovy.runtime.DefaultGroovyMethods$DropWhileIterator,innerclass,4,4,0,4,9,1,0,5,0,0.3,0.0,0.0,5,0,3,2,0,0,3,0,0,0,4,0,0,4,0,0,2,0,0,45,3,1,0,0,0,0,0,13,0,7,2,0,0,0,21,26,0
/Users/kaiohs/Downloads/codes/lab02-experimentacao-software/data/repos/apache__groovy/subprojects/groovy-contracts/src/main/java/org/apache/groovy/contracts/generation/ClassInvariantGenerator.java,org.apache.groovy.contracts.generation.ClassInvariantGenerator,class,17,20,3,17,12,2,0,27,6,0.75,0.0,0.0,4,0,3,1,0,0,3,0,0,0,1,1,0,1,0,0,1,0,6,41,2,2,1,0,1,1,0,12,0,11,2,0,0,0,92,1,0
/Users/kaiohs/Downloads/codes/lab02-experimentacao-software/data/repos/apache__groovy/subprojects/performance/src/jmh/groovy/org/apache/groovy/bench/dispatch/CallsiteBench.java,org.apache.groovy.bench.dispatch.CallsiteBench$Receiver5,innerclass,0,0,0,0,1,1,0,0,0,0.0,NaN,NaN,1,0,1,0,0,0,1,0,0,0,0,0,0,0,0,0,0,0,0,5,1,0,0,0,0,1,0,0,0,0,0,0,0,0,3,10,0
/Users/kaiohs/Downloads/codes/lab02-experimentacao-software/data/repos/apache__groovy/src/main/java/org/codehaus/groovy/reflection/ClassInfo.java,org.codehaus.groovy.reflection.ClassInfo$ClassInfoAction,interface,1,1,0,1,1,1,0,0,0,0.0,NaN,NaN,1,0,0,0,0,1,1,0,0,0,0,0,0,0,0,0,0,0,0,3,0,0,0,0,0,0,0,0,0,0,0,0,0,0,5,1,0
/Users/kaiohs/Downloads/codes/lab02-experimentacao-software/data/repos/apache__groovy/subprojects/performance/src/jmh/groovy/org/apache/groovy/bench/dispatch/CallsiteBench.java,org.apache.groovy.bench.dispatch.CallsiteBench$Receiver6,innerclass,0,0,0,0,1,1,0,0,0,0.0,NaN,NaN,1,0,1,0,0,0,1,0,0,0,0,0,0,0,0,0,0,0,0,5,1,0,0,0,0,1,0,0,0,0,0,0,0,0,3,10,0
/Users/kaiohs/Downloads/codes/lab02-experimentacao-software/data/repos/apache__groovy/src/main/java/org/codehaus/groovy/control/io/StringReaderSource.java,org.codehaus.groovy.control.io.StringReaderSource,class,2,4,2,2,4,2,0,0,0,0.0,0.0,0.0,3,0,3,0,0,0,3,0,0,0,1,0,0,1,0,0,1,0,0,18,3,0,0,1,0,2,0,1,1,1,1,0,0,0,36,1,0
/Users/kaiohs/Downloads/codes/lab02-experimentacao-software/data/repos/apache__groovy/benchmark/bench/message.java,MutableInteger,class,1,4,3,1,4,1,0,0,0,0.25,0.0,0.0,4,0,4,0,0,0,4,0,0,0,1,0,0,0,0,1,0,0,0,16,2,0,0,0,0,0,1,1,0,1,0,0,0,0,6,0,0
/Users/kaiohs/Downloads/codes/lab02-experimentacao-software/data/repos/apache__groovy/subprojects/performance/src/jmh/groovy/org/apache/groovy/bench/dispatch/CallsiteBench.java,org.apache.groovy.bench.dispatch.CallsiteBench$Receiver7,innerclass,0,0,0,0,1,1,0,0,0,0.0,NaN,NaN,1,0,1,0,0,0,1,0,0,0,0,0,0,0,0,0,0,0,0,5,1,0,0,0,0,1,0,0,0,0,0,0,0,0,3,10,0
/Users/kaiohs/Downloads/codes/lab02-experimentacao-software/data/repos/apache__groovy/subprojects/groovy-jsr223/src/main/java/org/codehaus/groovy/jsr223/ScriptStaticExtensions.java,org.codehaus.groovy.jsr223.ScriptStaticExtensions,class,0,0,0,0,1,1,0,1,0,0.0,NaN,NaN,1,1,1,0,0,0,1,0,0,0,0,0,0,0,0,0,0,0,0,6,1,0,0,0,0,0,0,1,0,1,0,0,0,0,57,1,0
/Users/kaiohs/Downloads/codes/lab02-experimentacao-software/data/repos/apache__groovy/src/main/java/org/codehaus/groovy/ast/builder/AstStringCompiler.java,org.codehaus.groovy.ast.builder.AstStringCompiler,class,8,10,2,8,8,1,0,17,3,0.0,0.0,0.0,3,1,2,1,0,0,2,0,0,0,0,0,0,0,0,0,0,0,2,33,3,2,1,1,1,3,0,5,2,5,3,0,0,0,61,1,0
/Users/kaiohs/Downloads/codes/lab02-experimentacao-software/data/repos/apache__groovy/subprojects/groovy-contracts/src/main/java/org/apache/groovy/contracts/generation/OldVariableGenerationUtility.java,org.apache.groovy.contracts.generation.OldVariableGenerationUtility,class,7,8,1,7,21,1,0,31,0,0.0,NaN,NaN,1,1,1,0,0,0,1,0,0,0,1,1,1,0,0,0,1,0,0,39,1,1,5,0,0,21,0,14,2,13,3,0,0,0,83,1,0
/Users/kaiohs/Downloads/codes/lab02-experimentacao-software/data/repos/apache__groovy/benchmark/bench/nsieve.java,nsieve,class,2,3,1,2,10,1,0,7,3,0.0,0.0,0.0,3,3,2,0,0,1,3,0,0,0,0,0,0,0,0,0,0,0,10,33,2,4,0,0,3,8,24,18,15,11,3,0,0,0,26,1,0
/Users/kaiohs/Downloads/codes/lab02-experimentacao-software/data/repos/apache__groovy/src/test/groovy/groovy/tree/NodePrinterTest.java,groovy.tree.NodePrinterTest,class,3,3,0,3,7,2,0,6,21,0.0,0.0,0.0,7,0,0,0,0,7,7,0,0,0,0,0,0,0,0,0,0,0,1,30,0,0,0,0,0,13,0,7,0,7,0,0,0,0,29,16,1
/Users/kaiohs/Downloads/codes/lab02-experimentacao-software/data/repos/apache__groovy/src/test/groovy/org/codehaus/groovy/runtime/InvokeGroovyMethodTest.java,org.codehaus.groovy.runtime.InvokeGroovyMethodTest$Anonymous1,anonymous,0,0,0,0,1,1,0,2,0,0.0,NaN,NaN,1,0,0,0,1,0,1,0,0,0,0,0,0,0,0,0,0,0,0,6,1,0,0,0,0,0,0,0,0,0,0,0,0,0,5,-1,0
/Users/kaiohs/Downloads/codes/lab02-experimentacao-software/data/repos/apache__groovy/subprojects/groovy-dateutil/src/main/java/org/apache/groovy/dateutil/extensions/DateUtilExtensions.java,org.apache.groovy.dateutil.extensions.DateUtilExtensions,class,3,4,1,3,59,1,0,48,861,0.97619045,0.0,0.0,42,41,40,2,0,0,41,0,0,0,1,1,0,1,0,0,1,0,42,242,32,7,0,0,1,19,17,44,7,33,2,0,0,0,263,17,0
/Users/kaiohs/Downloads/codes/lab02-experimentacao-software/data/repos/apache__groovy/subprojects/stress/src/stressTest/java/org/codehaus/groovy/reflection/ClassInfoLeakStressTest.java,org.codehaus.groovy.reflection.ClassInfoLeakStressTest,class,8,9,1,8,6,1,0,12,3,0.6666667,0.0,0.0,3,0,2,1,0,0,2,0,0,0,6,2,0,6,0,0,1,0,3,47,1,3,1,0,0,8,6,23,3,20,1,0,0,0,49,1,0
/Users/kaiohs/Downloads/codes/lab02-experimentacao-software/data/repos/apache__groovy/src/main/java/groovy/lang/groovydoc/Groovydoc.java,groovy.lang.groovydoc.Groovydoc,class,3,8,5,3,14,1,0,4,0,0.675,0.0,0.0,10,0,9,1,0,0,9,0,0,0,4,1,1,3,0,0,2,0,4,54,8,0,4,0,0,2,0,6,0,5,1,2,0,0,55,1,0
/Users/kaiohs/Downloads/codes/lab02-experimentacao-software/data/repos/apache__groovy/src/main/java/groovy/util/Iterators.java,groovy.util.Iterators$CrossByIndexIterator,innerclass,5,5,0,5,20,1,0,21,0,0.5555555,0.0,0.0,6,0,2,4,0,0,2,0,0,0,6,0,0,6,0,0,4,0,0,72,6,5,5,0,0,1,5,20,1,16,4,0,0,0,47,10,0
/Users/kaiohs/Downloads/codes/lab02-experimentacao-software/data/repos/apache__groovy/src/main/java/org/codehaus/groovy/transform/AutoFinalASTTransformation.java,org.codehaus.groovy.transform.AutoFinalASTTransformation$Anonymous1,anonymous,6,6,0,6,13,1,0,9,10,0.0,0.0,0.0,5,0,3,0,2,0,5,0,0,0,0,0,0,0,0,0,0,0,3,28,1,1,3,0,0,0,0,0,0,0,2,0,0,0,27,-1,0
/Users/kaiohs/Downloads/codes/lab02-experimentacao-software/data/repos/apache__groovy/subprojects/groovy-groovydoc/src/test/groovy/org/codehaus/groovy/tools/groovydoc/GroovyDocToolTest.java,org.codehaus.groovy.tools.groovydoc.GroovyDocToolTest,class,10,11,1,10,134,2,0,51,123,0.7581301,0.0,0.0,82,0,74,8,0,0,74,0,0,0,6,2,0,2,0,4,2,0,103,894,6,3,2,0,15,822,67,301,249,287,3,0,0,0,371,1,0
/Users/kaiohs/Downloads/codes/lab02-experimentacao-software/data/repos/apache__groovy/src/main/java/org/codehaus/groovy/control/ClassNodeResolver.java,org.codehaus.groovy.control.ClassNodeResolver$LookupResult,innerclass,2,2,0,2,11,1,0,0,0,0.4,0.0,0.0,5,0,5,0,0,0,5,0,0,0,2,0,0,2,0,0,2,0,0,22,4,0,6,0,0,2,0,2,0,2,1,0,0,0,37,9,0
/Users/kaiohs/Downloads/codes/lab02-experimentacao-software/data/repos/apache__groovy/src/main/java/org/codehaus/groovy/classgen/asm/sc/StaticPropertyAccessHelper.java,org.codehaus.groovy.classgen.asm.sc.StaticPropertyAccessHelper$PoppingMethodCallExpression,innerclass,10,10,0,10,4,2,0,21,1,0.33333334,0.0,0.0,3,0,3,0,0,0,3,0,0,0,1,0,0,1,0,0,1,0,0,29,1,0,0,0,1,0,0,4,0,4,1,0,0,0,35,10,0
/Users/kaiohs/Downloads/codes/lab02-experimentacao-software/data/repos/apache__groovy/subprojects/groovy-json/src/main/java/org/apache/groovy/json/internal/MapItemValue.java,org.apache.groovy.json.internal.MapItemValue,class,2,8,6,2,9,1,0,7,0,0.6,0.0,0.0,4,0,4,0,0,0,5,0,0,0,5,2,0,2,1,2,4,0,3,45,3,0,2,0,0,3,0,11,0,6,3,0,0,0,25,1,0
/Users/kaiohs/Downloads/codes/lab02-experimentacao-software/data/repos/apache__groovy/subprojects/groovy-json/src/main/java/org/apache/groovy/json/internal/Exceptions.java,org.apache.groovy.json.internal.Exceptions,class,5,18,13,5,16,5,0,17,45,1.0,0.0,0.0,10,10,10,0,0,0,10,0,0,0,1,1,0,1,0,0,1,0,6,121,3,2,2,0,0,5,4,5,0,5,2,0,1,0,32,1,0
/Users/kaiohs/Downloads/codes/lab02-experimentacao-software/data/repos/apache__groovy/src/main/java/groovy/transform/AutoCloneStyle.java,groovy.transform.AutoCloneStyle,enum,0,0,0,0,0,1,0,0,0,0.0,-1.0,-1.0,0,0,0,0,0,0,0,0,0,0,0,0,0,0,0,0,0,0,0,5,0,0,0,0,0,0,0,0,0,0,0,0,0,0,34,1,0
/Users/kaiohs/Downloads/codes/lab02-experimentacao-software/data/repos/apache__groovy/src/main/java/org/codehaus/groovy/transform/sc/transformers/ClosureExpressionTransformer.java,org.codehaus.groovy.transform.sc.transformers.ClosureExpressionTransformer,class,4,5,1,4,4,1,0,8,0,0.0,0.0,0.0,2,0,1,0,0,1,2,0,0,0,1,0,0,1,0,0,1,0,0,16,1,1,0,0,0,0,0,2,0,2,2,0,0,0,16,1,0
/Users/kaiohs/Downloads/codes/lab02-experimentacao-software/data/repos/apache__groovy/src/main/java/org/codehaus/groovy/classgen/asm/ClosureWriter.java,org.codehaus.groovy.classgen.asm.ClosureWriter,class,35,44,9,35,52,2,2,129,78,0.8088236,0.0,0.0,17,6,5,4,8,0,13,0,0,0,4,2,2,1,1,0,4,0,22,281,12,5,10,1,4,20,31,90,5,75,4,1,2,1,163,1,0
/Users/kaiohs/Downloads/codes/lab02-experimentacao-software/data/repos/apache__groovy/subprojects/groovy-contracts/src/main/java/org/apache/groovy/contracts/util/ExpressionUtils.java,org.apache.groovy.contracts.util.ExpressionUtils,class,10,14,4,10,19,2,0,17,15,0.0,0.0,0.0,6,5,3,3,0,0,3,0,0,0,0,0,0,0,0,0,0,0,4,65,7,3,4,0,3,1,1,14,0,10,2,0,1,0,45,17,0
/Users/kaiohs/Downloads/codes/lab02-experimentacao-software/data/repos/apache__groovy/src/main/java/org/codehaus/groovy/runtime/BooleanClosureWrapper.java,org.codehaus.groovy.runtime.BooleanClosureWrapper,class,5,16,11,5,6,1,0,6,0,0.33333334,0.0,0.0,3,0,3,0,0,0,3,0,0,0,2,0,0,2,0,0,2,0,1,22,5,0,2,0,0,0,1,3,0,3,1,0,0,0,53,1,0
/Users/kaiohs/Downloads/codes/lab02-experimentacao-software/data/repos/apache__groovy/benchmark/bench/threadring.java,threadring,class,3,3,0,3,4,3,0,4,0,0.5,NaN,NaN,1,1,1,0,0,0,1,0,0,0,2,2,2,0,0,0,1,0,1,68,0,2,2,0,0,0,3,11,0,8,2,0,3,0,27,1,0
/Users/kaiohs/Downloads/codes/lab02-experimentacao-software/data/repos/apache__groovy/src/main/java/org/apache/groovy/parser/antlr4/util/StringUtils.java,org.apache.groovy.parser.antlr4.util.StringUtils,class,2,7,5,2,42,1,0,35,91,0.9285714,0.0,0.0,14,14,10,4,0,0,10,0,0,0,10,10,3,7,0,0,10,0,33,125,29,2,15,0,2,19,27,44,13,37,2,0,0,5,131,1,0
/Users/kaiohs/Downloads/codes/lab02-experimentacao-software/data/repos/apache__groovy/subprojects/groovy-swing/src/main/groovy/groovy/swing/impl/TableLayout.java,groovy.swing.impl.TableLayout,class,1,2,1,1,5,5,0,4,4,0.6,0.0,0.0,5,0,5,0,0,0,5,0,0,0,2,0,0,2,0,0,0,0,0,21,2,0,0,0,0,0,0,3,0,3,0,0,0,0,43,1,0
/Users/kaiohs/Downloads/codes/lab02-experimentacao-software/data/repos/apache__groovy/src/main/java/org/codehaus/groovy/runtime/metaclass/ConcurrentReaderHashMap.java,org.codehaus.groovy.runtime.metaclass.ConcurrentReaderHashMap$ValueIterator,innerclass,1,1,0,1,1,2,0,0,0,0.0,NaN,NaN,1,0,0,0,1,0,1,0,0,0,0,0,0,0,0,0,0,0,0,5,1,0,0,0,0,0,0,0,0,0,0,0,0,0,8,4,0
/Users/kaiohs/Downloads/codes/lab02-experimentacao-software/data/repos/apache__groovy/src/test/groovy/org/codehaus/groovy/tools/CompilerTest.java,org.codehaus.groovy.tools.CompilerTest,class,3,4,1,3,3,2,0,7,1,0.5,0.0,0.0,3,0,1,0,2,0,3,0,0,0,2,0,0,0,0,2,0,0,0,20,0,0,0,0,0,4,0,6,2,5,0,0,0,0,37,1,0
/Users/kaiohs/Downloads/codes/lab02-experimentacao-software/data/repos/apache__groovy/src/test/groovy/org/codehaus/groovy/ast/decompiled/AsmDecompilerTestData.java,org.codehaus.groovy.ast.decompiled.AsmDecompilerTestData$Inner,innerclass,0,0,0,0,0,1,0,0,0,0.0,-1.0,-1.0,0,0,0,0,0,0,0,0,0,0,0,0,0,0,0,0,0,0,0,2,0,0,0,0,0,0,0,0,0,0,0,0,0,0,0,0,0
/Users/kaiohs/Downloads/codes/lab02-experimentacao-software/data/repos/apache__groovy/src/main/java/org/codehaus/groovy/runtime/dgmimpl/arrays/ArrayPutAtMetaMethod.java,org.codehaus.groovy.runtime.dgmimpl.arrays.ArrayPutAtMetaMethod,class,2,11,9,2,3,4,9,1,3,0.6666667,0.0,0.0,3,0,2,0,1,0,3,0,0,0,1,1,0,1,0,0,1,0,0,12,2,0,0,0,0,1,0,1,0,1,0,0,0,0,22,1025,0
/Users/kaiohs/Downloads/codes/lab02-experimentacao-software/data/repos/apache__groovy/src/main/java/groovy/util/NodePrinter.java,groovy.util.NodePrinter,class,3,5,2,3,20,1,0,20,0,0.0,0.0,0.0,7,0,4,0,3,0,7,0,0,0,1,0,0,0,1,0,1,0,0,94,0,2,3,0,0,15,0,8,1,7,3,0,0,0,39,1,0
/Users/kaiohs/Downloads/codes/lab02-experimentacao-software/data/repos/apache__groovy/subprojects/groovy-groovydoc/src/main/java/org/codehaus/groovy/tools/groovydoc/SimpleGroovyAnnotationRef.java,org.codehaus.groovy.tools.groovydoc.SimpleGroovyAnnotationRef,class,2,5,3,2,9,1,0,2,7,0.61904764,0.0,0.0,7,0,7,0,0,0,7,0,0,0,3,0,0,3,0,0,1,0,0,28,4,0,1,0,0,3,0,5,1,4,0,0,0,0,17,1,0
/Users/kaiohs/Downloads/codes/lab02-experimentacao-software/data/repos/apache__groovy/benchmark/bench/fasta.java,fasta$frequency,innerclass,0,0,0,0,1,1,0,0,0,0.0,NaN,NaN,1,0,1,0,0,0,1,0,0,0,2,0,2,0,0,0,0,0,0,8,0,0,0,0,0,0,0,2,0,2,0,0,0,0,3,9,0
/Users/kaiohs/Downloads/codes/lab02-experimentacao-software/data/repos/apache__groovy/src/main/java/org/codehaus/groovy/util/ReferenceType.java,org.codehaus.groovy.util.ReferenceType$WeakRef,innerclass,3,3,0,3,2,3,0,0,0,0.0,0.0,0.0,2,0,2,0,0,0,2,0,0,0,1,0,0,1,0,0,1,0,0,10,1,0,0,0,0,0,0,1,0,1,0,0,0,0,9,10,0
/Users/kaiohs/Downloads/codes/lab02-experimentacao-software/data/repos/apache__groovy/src/main/java/groovy/util/DelegatingScript.java,groovy.util.DelegatingScript,class,5,5,0,5,11,3,0,9,1,0.35714287,0.0,0.0,7,0,5,0,2,0,7,0,0,0,2,0,0,2,0,0,0,0,0,44,6,0,0,3,1,0,0,2,0,2,2,0,0,0,87,1025,0
/Users/kaiohs/Downloads/codes/lab02-experimentacao-software/data/repos/apache__groovy/benchmark/bench/meteor.java,meteor,class,7,8,1,7,24,1,0,16,0,0.7941175,0.0,0.0,6,2,2,4,0,0,2,0,0,0,17,13,0,17,0,0,13,0,3,154,2,7,4,0,6,18,1932,44,63,35,5,0,3,0,129,1,0
/Users/kaiohs/Downloads/codes/lab02-experimentacao-software/data/repos/apache__groovy/benchmark/bench/ary.java,ary,class,1,1,0,1,4,1,0,2,0,0.0,NaN,NaN,1,1,1,0,0,0,1,0,0,0,0,0,0,0,0,0,0,0,1,10,0,3,0,0,0,1,9,8,4,6,2,0,0,0,6,1,0
/Users/kaiohs/Downloads/codes/lab02-experimentacao-software/data/repos/apache__groovy/src/main/java/org/codehaus/groovy/runtime/callsite/ConstructorSite.java,org.codehaus.groovy.runtime.callsite.ConstructorSite$ConstructorSiteNoUnwrapNoCoerce,innerclass,6,6,0,6,4,4,0,4,1,0.0,0.0,0.0,2,0,2,0,0,0,2,0,0,0,0,0,0,0,0,0,0,0,2,16,2,0,0,1,0,0,0,0,0,0,2,0,0,0,33,9,0
/Users/kaiohs/Downloads/codes/lab02-experimentacao-software/data/repos/apache__groovy/benchmark/bench/chameneos.java,chameneos$Creature,innerclass,3,3,0,3,16,2,0,2,0,0.5416667,0.0,0.0,6,0,5,1,0,0,5,0,0,0,4,0,0,4,0,0,0,0,0,46,7,1,6,1,0,0,1,6,0,4,4,0,0,0,20,1,0
/Users/kaiohs/Downloads/codes/lab02-experimentacao-software/data/repos/apache__groovy/src/main/java/org/codehaus/groovy/runtime/ConvertedClosure.java,org.codehaus.groovy.runtime.ConvertedClosure,class,3,4,1,3,6,2,0,6,1,0.6666667,0.0,0.0,3,0,3,0,0,0,3,0,0,0,2,1,0,2,0,0,2,0,1,18,3,0,2,0,1,0,1,4,0,3,1,0,0,0,40,1,0
/Users/kaiohs/Downloads/codes/lab02-experimentacao-software/data/repos/apache__groovy/src/main/java/org/codehaus/groovy/transform/AutoImplementASTTransformation.java,org.codehaus.groovy.transform.AutoImplementASTTransformation,class,19,20,1,19,50,2,0,72,21,0.90476197,NaN,NaN,7,5,1,6,0,0,1,0,0,0,3,3,0,3,0,0,3,0,22,164,12,8,13,0,2,9,7,42,2,38,6,0,0,0,128,1,0
/Users/kaiohs/Downloads/codes/lab02-experimentacao-software/data/repos/apache__groovy/src/main/java/org/codehaus/groovy/runtime/dgmimpl/NumberNumberMinus.java,org.codehaus.groovy.runtime.dgmimpl.NumberNumberMinus$FloatLong,innerclass,5,5,0,5,4,7,0,4,1,0.0,0.0,0.0,2,0,2,0,0,0,2,0,1,0,0,0,0,0,0,0,0,0,0,15,2,0,0,1,2,0,1,0,1,0,2,0,0,0,19,10,0
/Users/kaiohs/Downloads/codes/lab02-experimentacao-software/data/repos/apache__groovy/subprojects/groovy-swing/src/main/java/groovy/swing/table/TableMap.java,groovy.swing.table.TableMap,class,0,1,1,0,12,2,1,9,0,0.1,0.0,0.0,10,0,10,0,0,0,10,0,0,0,1,0,0,0,1,0,0,0,0,34,7,0,2,0,2,1,2,1,0,1,0,0,0,0,63,1,0
/Users/kaiohs/Downloads/codes/lab02-experimentacao-software/data/repos/apache__groovy/src/test/groovy/DefaultPackageClassSupport.java,DefaultPackageClassSupport,class,1,1,0,1,0,2,0,0,0,0.0,-1.0,-1.0,0,0,0,0,0,0,0,0,0,0,0,0,0,0,0,0,0,0,0,2,0,0,0,0,0,0,0,0,0,0,0,0,0,0,7,1025,0
/Users/kaiohs/Downloads/codes/lab02-experimentacao-software/data/repos/apache__groovy/src/main/java/groovy/io/FileVisitResult.java,groovy.io.FileVisitResult,enum,0,0,0,0,0,1,0,0,0,0.0,-1.0,-1.0,0,0,0,0,0,0,0,0,0,0,0,0,0,0,0,0,0,0,0,5,0,0,0,0,0,0,0,0,0,0,0,0,0,0,44,1,0
/Users/kaiohs/Downloads/codes/lab02-experimentacao-software/data/repos/apache__groovy/src/main/java/groovy/io/PlatformLineWriter.java,groovy.io.PlatformLineWriter,class,1,1,0,1,8,2,0,4,0,0.0,0.0,0.0,5,0,5,0,0,0,5,0,0,0,1,0,0,1,0,0,1,0,0,26,0,1,2,0,0,0,1,3,0,2,2,0,0,0,54,1,0
/Users/kaiohs/Downloads/codes/lab02-experimentacao-software/data/repos/apache__groovy/benchmark/bench/takfp.java,takfp,class,1,2,1,1,3,1,0,3,1,0.0,0.0,0.0,2,2,2,0,0,0,2,0,0,0,0,0,0,0,0,0,0,0,6,10,2,0,0,0,0,0,7,1,6,1,1,0,0,0,7,1,0
/Users/kaiohs/Downloads/codes/lab02-experimentacao-software/data/repos/apache__groovy/src/test/groovy/bugs/groovy8531/Reducer.java,bugs.groovy8531.BaseReducer$PackagePrivateStaticBaseContext,innerclass,0,0,0,0,0,1,0,0,0,0.0,-1.0,-1.0,0,0,0,0,0,0,0,0,0,0,0,0,0,0,0,0,0,0,0,2,0,0,0,0,0,0,0,0,0,0,0,0,0,0,5,1032,0
/Users/kaiohs/Downloads/codes/lab02-experimentacao-software/data/repos/apache__groovy/src/test/groovy/org/codehaus/groovy/classgen/PropertyTest.java,org.codehaus.groovy.classgen.PropertyTest,class,5,5,0,5,8,2,0,10,3,0.0,0.0,0.0,3,0,0,0,0,3,3,0,0,0,0,0,0,0,0,0,0,0,0,37,0,0,5,0,0,28,2,8,2,8,0,0,0,0,23,16,0
/Users/kaiohs/Downloads/codes/lab02-experimentacao-software/data/repos/apache__groovy/benchmark/bench/except.java,Lo_Exception,class,0,1,1,0,2,3,0,0,0,0.0,0.0,0.0,2,0,2,0,0,0,2,0,0,0,1,0,0,0,0,1,0,0,0,9,1,0,0,0,0,1,1,2,1,1,0,0,0,0,6,0,0
/Users/kaiohs/Downloads/codes/lab02-experimentacao-software/data/repos/apache__groovy/src/main/java/org/codehaus/groovy/transform/sc/transformers/StaticMethodCallExpressionTransformer.java,org.codehaus.groovy.transform.sc.transformers.StaticMethodCallExpressionTransformer,class,6,7,1,6,3,1,0,16,0,0.0,0.0,0.0,2,0,0,0,0,2,2,0,0,0,1,0,0,1,0,0,1,0,0,22,2,0,0,0,0,0,0,4,0,4,1,0,0,0,28,0,0
/Users/kaiohs/Downloads/codes/lab02-experimentacao-software/data/repos/apache__groovy/subprojects/groovy-ant/src/main/java/groovy/ant/AntBuilder.java,groovy.ant.AntBuilderLocator,class,1,2,1,1,4,1,0,0,6,0.0,0.0,0.0,4,0,4,0,0,0,4,0,0,0,0,0,0,0,0,0,0,0,0,14,4,0,0,0,0,2,2,0,0,0,0,0,0,0,23,0,0
/Users/kaiohs/Downloads/codes/lab02-experimentacao-software/data/repos/apache__groovy/src/test/groovy/org/codehaus/groovy/classgen/DumpingClassLoader.java,org.codehaus.groovy.classgen.DumpingClassLoader$DebugCollector,innerclass,6,6,0,6,4,2,0,2,1,0.0,0.0,0.0,2,0,1,0,0,1,2,0,0,0,0,0,0,0,0,0,0,0,0,14,0,0,0,0,0,0,0,0,0,0,1,0,0,0,26,4,0
/Users/kaiohs/Downloads/codes/lab02-experimentacao-software/data/repos/apache__groovy/src/main/java/org/codehaus/groovy/ast/expr/MapExpression.java,org.codehaus.groovy.ast.expr.MapExpression,class,5,10,5,5,14,3,1,19,25,0.5,0.0,0.0,10,0,10,0,0,0,10,0,0,0,1,0,0,1,0,0,1,0,0,57,5,1,0,0,0,7,6,8,2,6,3,0,0,0,37,1,0
/Users/kaiohs/Downloads/codes/lab02-experimentacao-software/data/repos/apache__groovy/src/main/java/org/codehaus/groovy/reflection/GeneratedMetaMethod.java,org.codehaus.groovy.reflection.GeneratedMetaMethod$DgmMethodRecord,innerclass,9,9,0,9,20,1,0,24,0,0.16666667,0.0,0.0,2,2,2,0,0,0,2,0,0,0,6,2,4,2,0,0,2,0,0,102,1,10,5,3,0,2,9,40,0,34,4,0,0,1,76,9,0
/Users/kaiohs/Downloads/codes/lab02-experimentacao-software/data/repos/apache__groovy/subprojects/groovy-json/src/main/java/org/apache/groovy/json/internal/ValueMap.java,org.apache.groovy.json.internal.ValueMap,interface,4,8,4,4,4,1,0,0,6,0.0,0.0,0.0,4,0,0,0,0,4,4,0,0,0,0,0,0,0,0,0,0,0,0,6,0,0,0,0,0,0,0,0,0,0,0,0,0,0,32,1,0
/Users/kaiohs/Downloads/codes/lab02-experimentacao-software/data/repos/apache__groovy/src/main/java/groovy/util/ObservableList.java,groovy.util.ObservableList$ElementUpdatedEvent,innerclass,1,1,0,1,1,3,0,0,0,1.0,NaN,NaN,1,0,1,0,0,0,1,0,0,0,1,1,0,1,0,0,1,0,0,6,0,0,0,0,0,0,1,1,0,1,0,0,0,0,12,9,0
/Users/kaiohs/Downloads/codes/lab02-experimentacao-software/data/repos/apache__groovy/src/main/java/org/codehaus/groovy/runtime/metaclass/ConcurrentReaderHashMap.java,org.codehaus.groovy.runtime.metaclass.ConcurrentReaderHashMap$HashIterator,innerclass,3,3,0,3,16,1,0,5,11,0.69047624,0.0,0.0,7,0,5,0,2,0,7,0,0,0,6,0,0,0,6,0,1,0,0,52,6,2,6,0,0,0,2,17,1,8,3,0,0,0,32,4,0
/Users/kaiohs/Downloads/codes/lab02-experimentacao-software/data/repos/apache__groovy/subprojects/groovy-contracts/src/main/java/org/apache/groovy/contracts/domain/ClassInvariant.java,org.apache.groovy.contracts.domain.ClassInvariant,class,4,9,5,4,2,2,0,3,1,1.0,0.0,0.0,2,0,2,0,0,0,2,0,0,0,1,1,1,0,0,0,1,0,0,8,0,0,0,0,0,0,0,1,0,1,0,0,0,0,20,1,0
/Users/kaiohs/Downloads/codes/lab02-experimentacao-software/data/repos/apache__groovy/src/main/java/org/codehaus/groovy/ast/tools/ClosureUtils.java,org.codehaus.groovy.ast.tools.ClosureUtils,class,5,9,4,5,12,1,0,7,15,0.0,0.0,0.0,6,6,6,0,0,0,6,0,0,0,0,0,0,0,0,0,0,0,1,28,8,0,5,0,0,5,5,3,1,3,1,0,0,0,75,1,0
/Users/kaiohs/Downloads/codes/lab02-experimentacao-software/data/repos/apache__groovy/src/main/java/groovy/lang/ExpandoMetaClass.java,groovy.lang.ExpandoMetaClass$ExpandoMetaConstructor,innerclass,7,7,0,7,4,2,0,5,0,0.0,NaN,NaN,1,0,1,0,0,0,1,0,0,0,0,0,0,0,0,0,0,0,0,14,1,1,2,0,0,2,0,3,1,3,3,0,0,0,37,4,0
/Users/kaiohs/Downloads/codes/lab02-experimentacao-software/data/repos/apache__groovy/src/test/groovy/groovy/lang/CharacterRangeTest.java,groovy.lang.CharacterRangeTest,class,2,2,0,2,5,2,0,8,0,0.16666667,0.0,0.0,4,0,3,0,1,0,4,0,0,0,3,0,0,3,0,0,2,0,2,22,0,1,0,0,2,2,1,6,1,5,1,0,0,0,45,1,0
/Users/kaiohs/Downloads/codes/lab02-experimentacao-software/data/repos/apache__groovy/src/test/groovy/gls/generics/GenericsTestData.java,gls.generics.GenericsTestData$Abstract,innerclass,2,2,0,2,1,1,0,0,0,0.0,NaN,NaN,1,0,1,0,0,0,1,0,0,0,0,0,0,0,0,0,0,0,0,5,1,0,0,0,0,0,0,0,0,0,0,0,0,0,7,1033,0
/Users/kaiohs/Downloads/codes/lab02-experimentacao-software/data/repos/apache__groovy/src/main/java/org/codehaus/groovy/classgen/asm/CompileStack.java,org.codehaus.groovy.classgen.asm.CompileStack$LabelRange,innerclass,1,1,0,1,0,1,0,0,0,NaN,-1.0,-1.0,0,0,0,0,0,0,0,0,0,0,2,0,2,0,0,0,0,0,0,4,0,0,0,0,0,0,0,0,0,2,0,0,0,0,4,12,0
/Users/kaiohs/Downloads/codes/lab02-experimentacao-software/data/repos/apache__groovy/src/main/java/org/apache/groovy/util/concurrent/ConcurrentReferenceHashMap.java,org.apache.groovy.util.concurrent.ConcurrentReferenceHashMap$HashIterator,innerclass,5,5,0,5,19,1,0,4,5,0.6666667,0.0,0.0,6,0,3,0,0,3,6,0,1,0,6,0,0,0,0,6,0,0,0,66,7,5,10,0,3,0,8,12,3,8,4,0,0,0,29,1028,0
/Users/kaiohs/Downloads/codes/lab02-experimentacao-software/data/repos/apache__groovy/src/test/groovy/groovy/ClosureJavaIntegrationTest.java,groovy.ClosureJavaIntegrationTest$Anonymous15,anonymous,0,0,0,0,1,1,0,2,0,0.0,NaN,NaN,1,0,0,0,0,1,1,0,0,0,0,0,0,0,0,0,0,0,0,5,1,0,0,0,0,0,0,0,0,0,0,0,0,0,6,-1,0
/Users/kaiohs/Downloads/codes/lab02-experimentacao-software/data/repos/apache__groovy/src/test/groovy/groovy/ClosureJavaIntegrationTest.java,groovy.ClosureJavaIntegrationTest$Anonymous14,anonymous,0,0,0,0,1,1,0,2,0,0.0,NaN,NaN,1,0,1,0,0,0,1,0,0,0,0,0,0,0,0,0,0,0,0,5,1,0,0,0,0,0,0,0,0,0,0,0,0,0,5,-1,0
/Users/kaiohs/Downloads/codes/lab02-experimentacao-software/data/repos/apache__groovy/src/main/java/org/codehaus/groovy/control/LabelVerifier.java,org.codehaus.groovy.control.LabelVerifier,class,11,13,2,11,26,3,0,25,18,0.7051282,0.0,0.0,13,0,8,0,5,0,13,0,0,0,4,0,0,3,0,1,1,0,1,113,1,1,4,0,1,6,0,26,0,16,2,0,0,0,71,1,0
/Users/kaiohs/Downloads/codes/lab02-experimentacao-software/data/repos/apache__groovy/src/test/groovy/groovy/ClosureJavaIntegrationTest.java,groovy.ClosureJavaIntegrationTest$Anonymous13,anonymous,0,0,0,0,2,1,0,4,0,0.0,NaN,NaN,1,0,1,0,0,0,1,0,0,0,0,0,0,0,0,0,0,0,1,5,1,0,0,0,0,0,2,0,1,0,0,0,0,0,7,-1,0
/Users/kaiohs/Downloads/codes/lab02-experimentacao-software/data/repos/apache__groovy/src/test/groovy/groovy/ClosureJavaIntegrationTest.java,groovy.ClosureJavaIntegrationTest$Anonymous12,anonymous,0,0,0,0,1,1,0,1,0,0.0,NaN,NaN,1,0,1,0,0,0,1,0,0,0,0,0,0,0,0,0,0,0,0,5,1,0,0,0,0,1,0,0,0,0,0,0,0,0,4,-1,0
/Users/kaiohs/Downloads/codes/lab02-experimentacao-software/data/repos/apache__groovy/src/test/groovy/groovy/ClosureJavaIntegrationTest.java,groovy.ClosureJavaIntegrationTest$Anonymous11,anonymous,0,0,0,0,1,1,0,1,0,0.0,NaN,NaN,1,0,1,0,0,0,1,0,0,0,0,0,0,0,0,0,0,0,0,5,1,0,0,0,0,0,0,0,0,0,0,0,0,0,3,-1,0
/Users/kaiohs/Downloads/codes/lab02-experimentacao-software/data/repos/apache__groovy/src/test/groovy/groovy/ClosureJavaIntegrationTest.java,groovy.ClosureJavaIntegrationTest$Anonymous10,anonymous,0,0,0,0,1,1,0,0,0,0.0,NaN,NaN,1,0,1,0,0,0,1,0,0,0,0,0,0,0,0,0,0,0,0,5,1,0,0,0,0,0,0,0,2,0,0,0,0,0,6,-1,0
/Users/kaiohs/Downloads/codes/lab02-experimentacao-software/data/repos/apache__groovy/subprojects/groovy-macro/src/main/groovy/org/codehaus/groovy/macro/transform/MacroClassTransformation.java,org.codehaus.groovy.macro.transform.MacroClassTransformation$MacroClassTransformingCodeVisitor,innerclass,11,11,0,11,7,2,0,30,0,0.0,0.0,0.0,3,0,1,1,0,1,2,0,0,0,1,0,0,1,0,0,1,0,1,34,2,0,2,1,1,1,2,7,2,7,3,0,0,1,31,10,0
/Users/kaiohs/Downloads/codes/lab02-experimentacao-software/data/repos/apache__groovy/src/main/java/groovy/lang/MissingMethodException.java,groovy.lang.MissingMethodException,class,2,12,10,2,11,5,0,8,0,0.6285714,0.0,0.0,7,0,7,0,0,0,7,0,0,0,5,1,0,5,0,0,5,0,0,34,5,0,3,0,3,9,4,7,1,7,0,0,0,0,67,1,0
/Users/kaiohs/Downloads/codes/lab02-experimentacao-software/data/repos/apache__groovy/src/main/java/groovy/lang/ExpandoMetaClassCreationHandle.java,groovy.lang.ExpandoMetaClassCreationHandle,class,7,9,2,7,9,2,0,9,8,0.6,0.0,0.0,5,2,4,0,1,0,5,0,0,0,1,1,1,0,0,0,1,0,3,36,3,0,4,0,0,0,0,4,0,4,2,0,0,0,54,1,0
/Users/kaiohs/Downloads/codes/lab02-experimentacao-software/data/repos/apache__groovy/subprojects/groovy-json/src/main/java/org/apache/groovy/json/internal/JsonParserCharArray.java,org.apache.groovy.json.internal.JsonParserCharArray,class,9,12,3,9,70,2,2,27,0,0.7473684,0.0,0.0,19,1,1,4,14,0,15,0,11,0,10,3,0,3,6,1,2,0,10,252,21,3,28,2,1,16,12,49,9,32,4,0,0,0,116,1,0
/Users/kaiohs/Downloads/codes/lab02-experimentacao-software/data/repos/apache__groovy/src/main/java/org/codehaus/groovy/ast/expr/FieldExpression.java,org.codehaus.groovy.ast.expr.FieldExpression,class,7,12,5,7,12,3,0,9,34,0.6666666,0.0,0.0,12,0,12,0,0,0,12,0,0,0,2,0,0,2,0,0,1,0,1,40,8,0,0,0,0,4,0,2,2,2,0,0,0,0,40,1,0
/Users/kaiohs/Downloads/codes/lab02-experimentacao-software/data/repos/apache__groovy/subprojects/groovy-json/src/test/java/org/apache/groovy/json/internal/ValueMapImplTest.java,org.apache.groovy.json.internal.ValueMapImplTest$Anonymous1,anonymous,1,1,0,1,20,1,0,2,153,0.0,0.0,0.0,18,0,18,0,0,0,18,0,0,0,0,0,0,0,0,0,0,0,0,55,17,0,1,0,0,0,9,0,0,0,0,0,0,0,29,-1,0
/Users/kaiohs/Downloads/codes/lab02-experimentacao-software/data/repos/apache__groovy/subprojects/groovy-ginq/src/main/groovy/org/apache/groovy/ginq/provider/collection/runtime/Window.java,org.apache.groovy.ginq.provider.collection.runtime.Window,interface,14,18,4,14,23,1,0,25,120,0.0,0.0,0.0,16,1,0,0,0,16,16,0,0,0,0,0,0,0,0,0,0,0,9,42,5,0,5,0,0,0,7,9,3,8,1,0,0,0,92,1,0
/Users/kaiohs/Downloads/codes/lab02-experimentacao-software/data/repos/apache__groovy/src/main/java/org/codehaus/groovy/runtime/HandleMetaClass.java,org.codehaus.groovy.runtime.HandleMetaClass,class,10,13,3,10,24,2,0,19,64,0.8333333,0.0,0.0,12,0,12,0,0,0,12,0,0,0,2,1,0,2,0,0,1,0,3,72,5,1,5,0,5,0,0,7,0,3,4,0,1,0,39,1,0
/Users/kaiohs/Downloads/codes/lab02-experimentacao-software/data/repos/apache__groovy/src/test/groovy/gls/annotations/AnnotationsTestBase.java,gls.annotations.AnnotationsTestBase$AnnotationsTester,innerclass,6,6,0,6,5,2,0,2,10,0.0,0.0,0.0,5,0,4,0,0,1,5,0,0,0,0,0,0,0,0,0,0,0,0,18,3,0,0,0,0,5,0,1,3,0,0,0,0,0,19,2,0
/Users/kaiohs/Downloads/codes/lab02-experimentacao-software/data/repos/apache__groovy/src/main/java/org/codehaus/groovy/runtime/memoize/ValueConvertable.java,org.codehaus.groovy.runtime.memoize.ValueConvertable,interface,2,5,3,2,1,1,0,0,0,0.0,NaN,NaN,1,0,0,0,0,1,1,0,0,0,0,0,0,0,0,0,0,0,0,3,0,0,0,0,0,0,0,0,0,0,0,0,0,0,23,1,0
/Users/kaiohs/Downloads/codes/lab02-experimentacao-software/data/repos/apache__groovy/subprojects/groovy-contracts/src/main/java/org/apache/groovy/contracts/generation/ContractExecutionTracker.java,org.apache.groovy.contracts.generation.ContractExecutionTracker,class,2,3,1,2,3,2,0,4,0,0.0,0.0,0.0,2,2,2,0,0,0,2,0,0,0,1,1,0,1,0,0,1,0,0,50,2,0,0,0,0,0,0,4,0,4,1,0,2,0,20,1,0
/Users/kaiohs/Downloads/codes/lab02-experimentacao-software/data/repos/apache__groovy/subprojects/groovy-yaml/src/main/java/groovy/yaml/YamlRuntimeException.java,groovy.yaml.YamlRuntimeException,class,1,2,1,1,3,2,0,0,3,1.0,0.0,0.0,3,0,3,0,0,0,3,0,0,0,1,1,0,1,0,0,1,0,0,12,0,0,0,0,0,0,1,1,0,1,0,0,0,0,25,1,0
/Users/kaiohs/Downloads/codes/lab02-experimentacao-software/data/repos/apache__groovy/src/main/java/org/codehaus/groovy/syntax/ASTHelper.java,org.codehaus.groovy.syntax.ASTHelper,class,6,7,1,6,26,1,0,15,136,0.83000004,0.0,0.0,20,1,10,0,10,0,20,0,0,0,5,1,0,3,2,0,1,0,1,81,7,0,4,0,0,2,0,11,1,6,1,0,0,0,77,1,0
/Users/kaiohs/Downloads/codes/lab02-experimentacao-software/data/repos/apache__groovy/src/main/java/groovy/lang/MapWithDefault.java,groovy.lang.MapWithDefault,class,6,7,1,6,24,1,0,19,0,0.6388889,0.0,0.0,18,2,16,2,0,0,16,0,0,0,3,0,0,3,0,0,3,0,2,73,16,0,1,0,0,0,0,6,0,5,2,0,0,0,133,17,0
/Users/kaiohs/Downloads/codes/lab02-experimentacao-software/data/repos/apache__groovy/src/main/java/org/codehaus/groovy/runtime/callsite/ConstructorSite.java,org.codehaus.groovy.runtime.callsite.ConstructorSite$ConstructorSiteNoUnwrap,innerclass,6,6,0,6,4,4,0,4,1,0.0,0.0,0.0,2,0,2,0,0,0,2,0,1,0,0,0,0,0,0,0,0,0,2,16,2,0,0,1,0,0,0,0,0,0,2,0,0,0,30,9,0
/Users/kaiohs/Downloads/codes/lab02-experimentacao-software/data/repos/apache__groovy/subprojects/groovy-ginq/src/main/groovy/org/apache/groovy/ginq/provider/collection/runtime/QueryableCollection.java,org.apache.groovy.ginq.provider.collection.runtime.QueryableCollection$PartitionCacheKey,innerclass,1,1,0,1,5,1,0,3,0,0.0,0.0,0.0,3,0,2,0,0,1,3,0,0,0,2,0,0,2,0,0,2,0,1,16,4,0,1,0,1,0,0,2,0,2,1,0,0,0,12,10,0
/Users/kaiohs/Downloads/codes/lab02-experimentacao-software/data/repos/apache__groovy/src/main/java/org/codehaus/groovy/classgen/asm/StatementMetaTypeChooser.java,org.codehaus.groovy.classgen.asm.StatementMetaTypeChooser,class,9,11,2,9,8,1,1,10,0,0.0,NaN,NaN,1,0,1,0,0,0,1,0,0,0,0,0,0,0,0,0,0,0,1,26,5,0,3,0,0,1,0,9,0,4,2,0,0,0,24,1,0
/Users/kaiohs/Downloads/codes/lab02-experimentacao-software/data/repos/apache__groovy/src/main/java/groovy/util/function/LongComparator.java,groovy.util.function.LongComparator,interface,0,0,0,0,1,1,0,0,0,0.0,NaN,NaN,1,0,0,0,0,1,1,0,0,0,0,0,0,0,0,0,0,0,0,3,0,0,0,0,0,0,0,0,0,0,0,0,0,0,22,1,0
/Users/kaiohs/Downloads/codes/lab02-experimentacao-software/data/repos/apache__groovy/src/main/java/org/codehaus/groovy/control/CompilationUnit.java,org.codehaus.groovy.control.CompilationUnit$PhaseOperation,interface,1,1,0,1,1,1,0,0,0,0.0,NaN,NaN,1,0,0,0,0,1,1,0,0,0,0,0,0,0,0,0,0,0,0,3,0,0,0,0,0,0,0,0,0,0,0,0,0,0,6,2,0
/Users/kaiohs/Downloads/codes/lab02-experimentacao-software/data/repos/apache__groovy/src/main/java/org/codehaus/groovy/ast/tools/GeneralUtils.java,org.codehaus.groovy.ast.tools.GeneralUtils$Anonymous1,anonymous,1,1,0,1,1,1,0,1,0,0.0,NaN,NaN,1,0,1,0,0,0,1,0,0,0,0,0,0,0,0,0,0,0,0,5,0,0,0,0,0,0,0,0,0,0,0,0,0,0,4,-1,0
/Users/kaiohs/Downloads/codes/lab02-experimentacao-software/data/repos/apache__groovy/subprojects/groovy-templates/src/main/groovy/groovy/text/markup/MarkupTemplateEngine.java,groovy.text.markup.MarkupTemplateEngine$DefaultTemplateResolver,innerclass,3,3,0,3,7,1,0,8,1,0.33333334,0.0,0.0,3,0,3,0,0,0,3,0,0,0,2,0,0,2,0,0,0,0,1,25,1,0,3,0,0,3,0,7,1,5,1,0,0,0,23,9,0
/Users/kaiohs/Downloads/codes/lab02-experimentacao-software/data/repos/apache__groovy/src/test/groovy/bugs/Groovy2553.java,bugs.Groovy2553$Autobox,innerclass,0,0,0,0,0,1,0,0,0,0.0,-1.0,-1.0,0,0,0,0,0,0,0,0,0,0,0,0,0,0,0,0,0,0,0,7,0,0,0,0,0,0,0,0,0,0,0,0,1,0,1,9,0
/Users/kaiohs/Downloads/codes/lab02-experimentacao-software/data/repos/apache__groovy/src/main/java/org/apache/groovy/parser/antlr4/GroovydocManager.java,org.apache.groovy.parser.antlr4.GroovydocManager,class,15,17,2,15,30,1,0,17,0,0.6857143,0.0,0.0,5,0,2,3,0,0,2,0,0,0,6,5,1,5,0,0,6,0,3,98,13,2,4,0,6,5,3,20,3,16,3,0,0,0,88,1,0
/Users/kaiohs/Downloads/codes/lab02-experimentacao-software/data/repos/apache__groovy/subprojects/groovy-console/src/main/groovy/groovy/console/ui/text/GroovyFilter.java,groovy.console.ui.text.GroovyFilter$AutoTabAction,innerclass,1,1,0,1,18,2,0,23,0,0.16666667,0.0,0.0,2,0,2,0,0,0,2,0,0,0,3,0,0,3,0,0,2,0,2,54,1,3,4,2,0,1,13,14,1,11,2,0,0,0,36,10,0
/Users/kaiohs/Downloads/codes/lab02-experimentacao-software/data/repos/apache__groovy/subprojects/groovy-console/src/main/groovy/groovy/console/ui/ConsoleTextEditor.java,groovy.console.ui.ConsoleTextEditor$RedoAction,innerclass,2,2,0,2,3,3,0,5,3,0.0,0.0,0.0,3,0,2,0,0,1,3,0,0,0,0,0,0,0,0,0,0,0,0,14,0,0,0,0,0,0,0,0,0,0,0,0,0,0,16,2,0
/Users/kaiohs/Downloads/codes/lab02-experimentacao-software/data/repos/apache__groovy/subprojects/groovy-groovydoc/src/main/java/org/codehaus/groovy/tools/groovydoc/SimpleGroovyRootDoc.java,org.codehaus.groovy.tools.groovydoc.SimpleGroovyRootDoc$ClassNamedCache$Entry,innerclass,2,2,0,2,9,1,0,6,0,0.25,0.0,0.0,4,0,2,2,0,0,2,0,0,0,3,0,0,3,0,0,3,0,1,25,6,0,4,0,0,0,2,6,2,5,1,0,0,0,19,26,0
/Users/kaiohs/Downloads/codes/lab02-experimentacao-software/data/repos/apache__groovy/src/main/java/org/codehaus/groovy/runtime/StringGroovyMethods.java,org.codehaus.groovy.runtime.StringGroovyMethods$GroupList,innerclass,1,1,0,1,27,1,0,18,109,0.7435897,0.0,0.0,26,0,26,0,0,0,26,0,0,0,3,0,0,3,0,0,3,0,1,89,16,1,0,0,0,9,1,4,0,4,1,0,0,0,42,8,0
/Users/kaiohs/Downloads/codes/lab02-experimentacao-software/data/repos/apache__groovy/src/main/java/groovy/lang/MetaBeanProperty.java,groovy.lang.MetaBeanProperty,class,5,11,6,5,21,2,0,12,0,0.53333336,0.0,0.0,10,0,8,0,0,2,10,0,0,0,3,0,0,3,0,0,0,0,2,71,7,0,7,0,3,2,1,19,2,11,2,0,0,0,67,1,0
/Users/kaiohs/Downloads/codes/lab02-experimentacao-software/data/repos/apache__groovy/src/main/java/org/codehaus/groovy/runtime/memoize/NullProtectionStorage.java,org.codehaus.groovy.runtime.memoize.NullProtectionStorage,class,1,2,1,1,1,1,0,0,0,0.0,NaN,NaN,1,0,1,0,0,0,1,0,0,0,0,0,0,0,0,0,0,0,0,4,0,0,0,0,0,0,0,0,0,0,0,0,0,0,34,17,0
/Users/kaiohs/Downloads/codes/lab02-experimentacao-software/data/repos/apache__groovy/src/main/java/org/codehaus/groovy/classgen/asm/sc/StaticInvocationWriter.java,org.codehaus.groovy.classgen.asm.sc.StaticInvocationWriter,class,47,50,3,47,150,3,0,169,171,0.94736844,0.0,0.0,19,3,4,8,6,1,11,0,0,0,1,0,0,1,0,0,1,0,40,528,37,12,44,0,25,28,31,143,16,106,4,0,1,3,209,1,0
/Users/kaiohs/Downloads/codes/lab02-experimentacao-software/data/repos/apache__groovy/src/main/java/org/codehaus/groovy/runtime/GroovyCategorySupport.java,org.codehaus.groovy.runtime.GroovyCategorySupport$MyThreadLocal,innerclass,1,1,0,1,8,2,0,5,3,0.6666667,0.0,0.0,3,0,3,0,0,0,3,0,0,0,1,0,0,0,0,1,1,0,0,32,4,0,5,0,0,0,0,9,0,7,2,0,0,0,21,10,0
/Users/kaiohs/Downloads/codes/lab02-experimentacao-software/data/repos/apache__groovy/src/main/java/org/apache/groovy/util/concurrent/concurrentlinkedhashmap/ConcurrentLinkedHashMap.java,org.apache.groovy.util.concurrent.concurrentlinkedhashmap.ConcurrentLinkedHashMap$AddTask,innerclass,7,7,0,7,3,1,0,6,0,0.0,0.0,0.0,2,0,1,0,0,1,2,0,0,0,2,0,0,0,0,2,2,0,0,15,0,0,0,0,0,1,0,2,1,2,1,0,0,0,12,16,0
/Users/kaiohs/Downloads/codes/lab02-experimentacao-software/data/repos/apache__groovy/subprojects/groovy-swing/src/main/java/groovy/swing/model/DefaultTableModel.java,groovy.swing.model.DefaultTableModel,class,8,9,1,8,38,3,0,23,107,0.6969697,0.0,0.0,22,0,20,0,2,0,22,0,0,0,3,0,0,3,0,0,0,0,0,133,26,0,6,0,0,5,5,15,0,15,1,0,1,0,52,1,0
/Users/kaiohs/Downloads/codes/lab02-experimentacao-software/data/repos/apache__groovy/src/main/java/groovy/util/ObservableList.java,groovy.util.ObservableList$ChangeType,enum,1,1,0,1,1,1,0,0,0,1.0,NaN,NaN,1,1,1,0,0,0,1,0,0,0,2,2,2,0,0,0,2,0,0,6,1,0,0,0,0,0,2,2,0,2,0,0,0,0,13,1,0
/Users/kaiohs/Downloads/codes/lab02-experimentacao-software/data/repos/apache__groovy/src/test/groovy/bugs/Groovy3560Helper.java,bugs.Groovy3560A,class,1,1,0,1,0,1,0,0,0,0.0,-1.0,-1.0,0,0,0,0,0,0,0,0,0,0,0,0,0,0,0,0,0,0,0,2,0,0,0,0,0,0,0,0,0,0,0,0,0,0,3,0,0
/Users/kaiohs/Downloads/codes/lab02-experimentacao-software/data/repos/apache__groovy/src/test/groovy/bugs/Groovy3560Helper.java,bugs.Groovy3560B,class,1,1,0,1,0,1,0,0,0,0.0,-1.0,-1.0,0,0,0,0,0,0,0,0,0,0,0,0,0,0,0,0,0,0,0,2,0,0,0,0,0,0,0,0,0,0,0,0,0,0,3,0,0
/Users/kaiohs/Downloads/codes/lab02-experimentacao-software/data/repos/apache__groovy/subprojects/groovy-console/src/main/groovy/groovy/console/ui/text/TextEditor.java,groovy.console.ui.text.TextEditor,class,9,13,4,9,39,15,0,79,183,0.9254659,0.0,0.0,23,1,21,1,1,0,23,0,0,0,21,14,6,15,0,0,13,0,27,318,10,2,9,0,14,15,23,69,24,46,2,1,5,0,177,1,0
/Users/kaiohs/Downloads/codes/lab02-experimentacao-software/data/repos/apache__groovy/src/main/java/org/codehaus/groovy/runtime/dgmimpl/NumberNumberMinus.java,org.codehaus.groovy.runtime.dgmimpl.NumberNumberMinus$FloatFloat,innerclass,5,5,0,5,4,7,0,3,1,0.0,0.0,0.0,2,0,2,0,0,0,2,0,1,0,0,0,0,0,0,0,0,0,0,15,2,0,0,1,2,0,1,0,1,0,2,0,0,0,18,10,0
/Users/kaiohs/Downloads/codes/lab02-experimentacao-software/data/repos/apache__groovy/src/main/java/org/apache/groovy/metaclass/Realm.java,org.apache.groovy.metaclass.Realm$Anonymous1,anonymous,1,1,0,1,1,1,0,0,0,0.0,NaN,NaN,1,0,0,0,1,0,1,0,0,0,0,0,0,0,0,0,0,0,0,5,1,0,0,0,0,1,0,0,0,0,0,0,0,0,6,-1,0
/Users/kaiohs/Downloads/codes/lab02-experimentacao-software/data/repos/apache__groovy/src/main/java/groovy/lang/StringWriterIOException.java,groovy.lang.StringWriterIOException,class,0,1,1,0,2,4,0,1,1,1.0,0.0,0.0,2,0,2,0,0,0,2,0,0,0,1,1,0,1,0,0,1,0,0,9,1,0,0,0,0,0,1,1,0,1,0,0,0,0,25,1,0
/Users/kaiohs/Downloads/codes/lab02-experimentacao-software/data/repos/apache__groovy/src/main/java/groovy/lang/ClosureInvokingMethod.java,groovy.lang.ClosureInvokingMethod,interface,2,2,0,2,1,1,0,0,0,0.0,NaN,NaN,1,0,0,0,0,1,1,0,0,0,0,0,0,0,0,0,0,0,0,3,0,0,0,0,0,0,0,0,0,0,0,0,0,0,23,1,0
/Users/kaiohs/Downloads/codes/lab02-experimentacao-software/data/repos/apache__groovy/src/test/groovy/org/codehaus/groovy/runtime/m12n/TestLocalDateTimeExtension.java,org.codehaus.groovy.runtime.m12n.TestLocalDateTimeExtension,class,0,0,0,0,1,1,0,2,0,0.0,NaN,NaN,1,1,1,0,0,0,1,0,0,0,0,0,0,0,0,0,0,0,0,5,1,0,0,0,0,1,0,0,0,0,0,0,0,0,8,1,0
/Users/kaiohs/Downloads/codes/lab02-experimentacao-software/data/repos/apache__groovy/src/test/groovy/bugs/Groovy4104A.java,bugs.Groovy4104A,class,1,2,1,1,2,1,1,0,1,0.0,0.0,0.0,2,0,1,0,1,0,2,0,0,0,0,0,0,0,0,0,0,0,0,8,2,0,0,0,0,1,1,0,1,0,0,0,0,0,7,1,0
/Users/kaiohs/Downloads/codes/lab02-experimentacao-software/data/repos/apache__groovy/src/test/groovy/bugs/Groovy4104B.java,bugs.Groovy4104B,class,1,1,0,1,0,2,0,0,0,0.0,-1.0,-1.0,0,0,0,0,0,0,0,0,0,0,0,0,0,0,0,0,0,0,0,2,0,0,0,0,0,0,0,0,0,0,0,0,0,0,3,1,0
/Users/kaiohs/Downloads/codes/lab02-experimentacao-software/data/repos/apache__groovy/src/main/java/org/codehaus/groovy/classgen/asm/OperandStack.java,org.codehaus.groovy.classgen.asm.OperandStack,class,20,57,37,20,141,1,0,98,92,0.6666667,0.0,0.0,37,3,25,12,0,0,25,0,0,0,3,1,0,3,0,0,3,0,75,501,38,2,15,2,1,37,30,75,19,62,3,0,0,0,220,1,0
/Users/kaiohs/Downloads/codes/lab02-experimentacao-software/data/repos/apache__groovy/src/main/java/org/codehaus/groovy/ast/ClassHelper.java,org.codehaus.groovy.ast.ClassHelper,class,39,160,121,39,123,1,0,82,1066,0.9820603,0.0,0.0,48,48,47,1,0,0,48,0,0,0,16,16,4,11,1,0,16,0,106,279,72,7,48,0,2,12,5,106,0,97,4,0,1,1,226,1,0
/Users/kaiohs/Downloads/codes/lab02-experimentacao-software/data/repos/apache__groovy/src/main/java/org/codehaus/groovy/runtime/BooleanClosurePredicate.java,org.codehaus.groovy.runtime.BooleanClosurePredicate,class,3,4,1,3,2,1,0,1,0,0.0,0.0,0.0,2,0,2,0,0,0,2,0,0,0,1,0,0,1,0,0,1,0,0,9,1,0,0,0,0,0,0,1,0,1,0,0,0,0,18,1,0
/Users/kaiohs/Downloads/codes/lab02-experimentacao-software/data/repos/apache__groovy/src/main/java/org/codehaus/groovy/reflection/CachedClass.java,org.codehaus.groovy.reflection.CachedClass$CachedMethodComparatorWithString,innerclass,2,2,0,2,2,1,0,2,0,1.0,NaN,NaN,1,0,1,0,0,0,1,0,0,0,1,1,1,0,0,0,1,0,0,7,2,0,0,0,3,0,0,1,0,1,1,0,0,0,16,9,0
/Users/kaiohs/Downloads/codes/lab02-experimentacao-software/data/repos/apache__groovy/src/main/java/org/apache/groovy/ast/tools/MethodNodeUtils.java,org.apache.groovy.ast.tools.MethodNodeUtils,class,10,22,12,10,49,1,0,42,36,0.0,0.0,0.0,9,8,7,2,0,0,7,0,0,0,0,0,0,0,0,0,0,0,11,135,10,6,12,0,6,1,27,27,5,19,4,0,0,0,113,1,0
/Users/kaiohs/Downloads/codes/lab02-experimentacao-software/data/repos/apache__groovy/src/main/java/org/apache/groovy/parser/antlr4/internal/DescriptiveErrorStrategy.java,org.apache.groovy.parser.antlr4.internal.DescriptiveErrorStrategy,class,11,13,2,11,16,2,0,24,34,0.7777778,0.0,0.0,9,0,3,0,6,0,9,0,0,0,1,0,0,1,0,0,0,0,0,58,4,1,3,0,0,4,0,8,2,4,2,0,0,0,50,1,0
/Users/kaiohs/Downloads/codes/lab02-experimentacao-software/data/repos/apache__groovy/subprojects/groovy-xml/src/main/java/groovy/xml/streamingmarkupsupport/BaseMarkupBuilder.java,groovy.xml.streamingmarkupsupport.BaseMarkupBuilder$Document$Anonymous5,anonymous,1,1,0,1,1,1,0,1,0,0.0,NaN,NaN,1,0,1,0,0,0,1,0,0,0,0,0,0,0,0,0,0,0,0,5,1,0,0,0,0,1,0,0,0,0,0,0,0,0,4,-1,0
/Users/kaiohs/Downloads/codes/lab02-experimentacao-software/data/repos/apache__groovy/src/main/java/org/codehaus/groovy/runtime/wrappers/GroovyObjectWrapper.java,org.codehaus.groovy.runtime.wrappers.GroovyObjectWrapper,class,3,4,1,3,8,2,0,5,0,0.0,0.0,0.0,8,0,6,0,2,0,8,0,0,0,1,0,0,0,1,0,1,0,0,28,5,0,0,0,0,0,0,1,0,1,0,0,0,0,21,1,0
/Users/kaiohs/Downloads/codes/lab02-experimentacao-software/data/repos/apache__groovy/subprojects/groovy-xml/src/main/java/groovy/xml/streamingmarkupsupport/BaseMarkupBuilder.java,groovy.xml.streamingmarkupsupport.BaseMarkupBuilder$Document$Anonymous4,anonymous,1,1,0,1,1,1,0,1,0,0.0,NaN,NaN,1,0,1,0,0,0,1,0,0,0,0,0,0,0,0,0,0,0,0,5,1,0,0,0,0,1,0,0,0,0,0,0,0,0,4,-1,0
/Users/kaiohs/Downloads/codes/lab02-experimentacao-software/data/repos/apache__groovy/src/main/java/org/codehaus/groovy/runtime/typehandling/ShortTypeHandling.java,org.codehaus.groovy.runtime.typehandling.ShortTypeHandling,class,10,18,8,10,25,1,0,17,6,0.0,0.0,0.0,4,4,4,0,0,0,4,0,0,0,0,0,0,0,0,0,0,0,10,51,21,0,5,1,0,0,2,1,0,1,2,0,0,0,53,1,0
/Users/kaiohs/Downloads/codes/lab02-experimentacao-software/data/repos/apache__groovy/subprojects/groovy-xml/src/main/java/groovy/xml/streamingmarkupsupport/BaseMarkupBuilder.java,groovy.xml.streamingmarkupsupport.BaseMarkupBuilder$Document$Anonymous1,anonymous,1,1,0,1,1,1,0,1,0,0.0,NaN,NaN,1,0,1,0,0,0,1,0,0,0,0,0,0,0,0,0,0,0,0,5,1,0,0,0,0,1,0,0,0,0,0,0,0,0,4,-1,0
/Users/kaiohs/Downloads/codes/lab02-experimentacao-software/data/repos/apache__groovy/subprojects/groovy-xml/src/main/java/groovy/xml/streamingmarkupsupport/BaseMarkupBuilder.java,groovy.xml.streamingmarkupsupport.BaseMarkupBuilder$Document$Anonymous3,anonymous,1,1,0,1,1,1,0,1,0,0.0,NaN,NaN,1,0,1,0,0,0,1,0,0,0,0,0,0,0,0,0,0,0,0,5,1,0,0,0,0,1,0,0,0,0,0,0,0,0,4,-1,0
/Users/kaiohs/Downloads/codes/lab02-experimentacao-software/data/repos/apache__groovy/benchmark/bench/meteor.java,meteor$Shape,innerclass,2,2,0,2,2,1,0,0,0,0.0,-1.0,-1.0,2,0,0,2,0,0,0,0,0,0,8,0,0,8,0,0,0,0,0,29,0,0,0,0,4,0,2,15,6,8,0,0,0,0,19,10,0
/Users/kaiohs/Downloads/codes/lab02-experimentacao-software/data/repos/apache__groovy/subprojects/groovy-xml/src/main/java/groovy/xml/streamingmarkupsupport/BaseMarkupBuilder.java,groovy.xml.streamingmarkupsupport.BaseMarkupBuilder$Document$Anonymous2,anonymous,1,1,0,1,1,1,0,1,0,0.0,NaN,NaN,1,0,1,0,0,0,1,0,0,0,0,0,0,0,0,0,0,0,0,5,1,0,0,0,0,1,0,0,0,0,0,0,0,0,4,-1,0
/Users/kaiohs/Downloads/codes/lab02-experimentacao-software/data/repos/apache__groovy/src/main/java/groovy/util/ProxyGenerator.java,groovy.util.ProxyGenerator$CacheKey$ClassReference,innerclass,1,1,0,1,8,3,0,4,3,0.0,0.0,0.0,3,0,3,0,0,0,3,0,0,0,0,0,0,0,0,0,0,0,0,18,6,0,5,0,0,0,1,3,0,3,1,0,0,0,23,10,0
/Users/kaiohs/Downloads/codes/lab02-experimentacao-software/data/repos/apache__groovy/src/main/java/org/codehaus/groovy/runtime/dgmimpl/NumberNumberMinus.java,org.codehaus.groovy.runtime.dgmimpl.NumberNumberMinus$IntegerLong,innerclass,5,5,0,5,4,7,0,3,1,0.0,0.0,0.0,2,0,2,0,0,0,2,0,1,0,0,0,0,0,0,0,0,0,0,15,2,0,0,1,1,0,1,0,1,0,2,0,0,0,19,10,0
/Users/kaiohs/Downloads/codes/lab02-experimentacao-software/data/repos/apache__groovy/src/main/java/org/codehaus/groovy/runtime/m12n/StandardPropertiesModuleFactory.java,org.codehaus.groovy.runtime.m12n.StandardPropertiesModuleFactory,class,4,5,1,4,4,2,0,6,0,0.0,NaN,NaN,1,0,1,0,0,0,1,0,0,0,1,1,1,0,0,0,1,0,1,20,2,0,1,1,0,6,0,4,2,4,2,0,0,0,69,1,0
/Users/kaiohs/Downloads/codes/lab02-experimentacao-software/data/repos/apache__groovy/src/main/java/groovy/lang/GroovyInterceptable.java,groovy.lang.GroovyInterceptable,interface,1,1,0,1,0,1,0,0,0,0.0,-1.0,-1.0,0,0,0,0,0,0,0,0,0,0,0,0,0,0,0,0,0,0,0,2,0,0,0,0,0,0,0,0,0,0,0,0,0,0,18,1,0
/Users/kaiohs/Downloads/codes/lab02-experimentacao-software/data/repos/apache__groovy/src/main/java/org/apache/groovy/ast/tools/ClassNodeUtils.java,org.apache.groovy.ast.tools.ClassNodeUtils,class,20,63,43,20,125,1,0,116,435,0.0,0.0,0.0,30,29,28,2,0,0,28,0,0,0,0,0,0,0,0,0,0,0,37,285,45,19,21,1,9,15,16,51,6,40,5,0,0,4,226,1,0
/Users/kaiohs/Downloads/codes/lab02-experimentacao-software/data/repos/apache__groovy/src/main/java/org/codehaus/groovy/runtime/callsite/ConstructorMetaMethodSite.java,org.codehaus.groovy.runtime.callsite.ConstructorMetaMethodSite,class,7,7,0,7,8,4,0,7,1,0.33333334,0.0,0.0,3,0,3,0,0,0,3,0,2,0,1,0,0,1,0,0,1,0,6,30,3,0,2,2,1,0,0,1,0,1,2,0,0,0,27,1,0
/Users/kaiohs/Downloads/codes/lab02-experimentacao-software/data/repos/apache__groovy/src/test/groovy/bugs/groovy8531/Reducer.java,bugs.groovy8531.Reducer$PackagePrivateContext,innerclass,0,0,0,0,0,1,0,0,0,0.0,-1.0,-1.0,0,0,0,0,0,0,0,0,0,0,0,0,0,0,0,0,0,0,0,2,0,0,0,0,0,0,0,0,0,0,0,0,0,0,3,1024,0
/Users/kaiohs/Downloads/codes/lab02-experimentacao-software/data/repos/apache__groovy/src/main/java/org/codehaus/groovy/transform/ErrorCollecting.java,org.codehaus.groovy.transform.ErrorCollecting,interface,1,4,3,1,1,1,0,0,0,0.0,NaN,NaN,1,0,0,0,0,1,1,0,0,0,0,0,0,0,0,0,0,0,0,3,0,0,0,0,0,0,0,0,0,0,0,0,0,0,16,1,0
/Users/kaiohs/Downloads/codes/lab02-experimentacao-software/data/repos/apache__groovy/subprojects/groovy-sql/src/main/java/groovy/sql/Sql.java,groovy.sql.Sql$AbstractQueryCommand,innerclass,2,2,0,2,9,1,0,8,5,0.6071429,0.0,0.0,7,0,0,0,7,0,7,1,3,0,4,0,0,2,2,0,1,0,0,39,2,0,1,1,1,2,1,8,1,5,1,0,0,0,87,1028,0
/Users/kaiohs/Downloads/codes/lab02-experimentacao-software/data/repos/apache__groovy/src/main/java/org/codehaus/groovy/runtime/callsite/PojoMetaMethodSite.java,org.codehaus.groovy.runtime.callsite.PojoMetaMethodSite$PojoCachedMethodSiteNoUnwrapNoCoerce,innerclass,5,5,0,5,2,7,0,1,1,0.0,0.0,0.0,2,0,2,0,0,0,2,0,1,0,0,0,0,0,0,0,0,0,1,8,1,0,0,0,0,0,0,0,0,0,0,0,0,0,18,9,0
/Users/kaiohs/Downloads/codes/lab02-experimentacao-software/data/repos/apache__groovy/benchmark/bench/message.java,MessageThread,class,2,4,2,2,10,1,0,11,2,0.5,0.0,0.0,4,0,3,0,0,1,4,0,0,0,2,0,0,0,0,2,0,0,1,43,1,3,3,1,0,0,5,5,1,4,3,0,0,0,19,0,0
/Users/kaiohs/Downloads/codes/lab02-experimentacao-software/data/repos/apache__groovy/src/test/groovy/org/codehaus/groovy/runtime/memoize/UnlimitedConcurrentCacheTest.java,org.codehaus.groovy.runtime.memoize.UnlimitedConcurrentCacheTest,class,3,3,0,3,10,1,0,15,45,0.0,0.0,0.0,10,0,10,0,0,0,10,0,0,0,0,0,0,0,0,0,0,0,4,52,0,0,0,0,0,83,1,11,0,12,0,0,0,1,28,1,0
/Users/kaiohs/Downloads/codes/lab02-experimentacao-software/data/repos/apache__groovy/src/test/groovy/org/codehaus/groovy/runtime/typehandling/EqualityTestInterface.java,org.codehaus.groovy.runtime.typehandling.EqualityTestInterface,interface,1,3,2,1,2,1,0,0,1,0.0,0.0,0.0,2,0,0,0,0,2,2,0,0,0,0,0,0,0,0,0,0,0,0,4,0,0,0,0,0,0,0,0,0,0,0,0,0,0,6,1,0
/Users/kaiohs/Downloads/codes/lab02-experimentacao-software/data/repos/apache__groovy/src/test/groovy/bugs/Groovy8164.java,bugs.Groovy8164,class,4,4,0,4,2,1,0,4,1,0.0,0.0,0.0,2,0,2,0,0,0,2,0,0,0,0,0,0,0,0,0,0,0,0,18,0,0,0,0,0,14,0,0,2,0,0,0,2,0,13,17,0
/Users/kaiohs/Downloads/codes/lab02-experimentacao-software/data/repos/apache__groovy/subprojects/groovy-groovysh/src/main/groovy/org/apache/groovy/groovysh/jline/SystemRegistryImpl.java,org.apache.groovy.groovysh.jline.SystemRegistryImpl$ScriptStore,innerclass,1,1,0,1,7,1,0,4,1,0.5,0.0,0.0,6,0,6,0,0,0,6,0,0,0,2,0,0,0,0,2,0,0,0,23,3,0,1,0,0,0,0,3,0,2,1,0,0,0,13,10,0
/Users/kaiohs/Downloads/codes/lab02-experimentacao-software/data/repos/apache__groovy/src/main/java/groovy/util/ObservableMap.java,groovy.util.ObservableMap$PropertyEvent,innerclass,1,1,0,1,4,2,0,3,0,0.5,0.0,0.0,4,0,4,0,0,0,4,0,0,0,2,1,0,2,0,0,1,0,0,17,3,0,0,0,0,0,1,2,0,2,0,0,0,0,16,1033,0
/Users/kaiohs/Downloads/codes/lab02-experimentacao-software/data/repos/apache__groovy/subprojects/groovy-sql/src/main/java/groovy/sql/GroovyResultSetProxy.java,groovy.sql.GroovyResultSetProxy,class,6,10,4,6,10,1,0,11,3,0.5,0.0,0.0,6,0,4,2,0,0,4,0,0,0,2,0,0,2,0,0,1,0,1,37,6,0,2,0,0,2,1,5,0,3,2,0,1,0,93,17,0
/Users/kaiohs/Downloads/codes/lab02-experimentacao-software/data/repos/apache__groovy/src/main/java/org/codehaus/groovy/util/LongLongArrayColumnIterator.java,org.codehaus.groovy.util.LongLongArrayColumnIterator,class,2,4,2,2,10,1,0,2,0,0.5,0.0,0.0,4,0,4,0,0,0,4,0,0,0,3,0,0,3,0,0,1,0,1,31,2,2,1,0,0,1,3,8,0,5,2,0,0,0,43,1,0
/Users/kaiohs/Downloads/codes/lab02-experimentacao-software/data/repos/apache__groovy/subprojects/groovy-json/src/main/java/org/apache/groovy/json/internal/JsonFastParser.java,org.apache.groovy.json.internal.JsonFastParser,class,14,15,1,14,61,3,0,18,22,0.6458333,0.0,0.0,12,0,5,4,3,0,8,0,2,0,4,0,0,4,0,0,4,0,6,213,8,3,12,0,1,15,6,47,13,34,3,0,0,0,118,1,0
/Users/kaiohs/Downloads/codes/lab02-experimentacao-software/data/repos/apache__groovy/subprojects/groovy-json/src/main/java/org/apache/groovy/json/internal/LazyMap.java,org.apache.groovy.json.internal.LazyMap,class,3,8,5,3,39,2,0,28,0,0.6571428,0.0,0.0,21,1,19,1,1,0,20,0,0,0,5,1,0,4,0,1,1,0,7,148,22,3,12,0,4,5,12,24,1,12,3,0,0,0,86,1,0
/Users/kaiohs/Downloads/codes/lab02-experimentacao-software/data/repos/apache__groovy/src/main/java/org/codehaus/groovy/runtime/dgmimpl/arrays/BooleanArrayGetAtMetaMethod.java,org.codehaus.groovy.runtime.dgmimpl.arrays.BooleanArrayGetAtMetaMethod$MyPojoMetaMethodSite,innerclass,6,6,0,6,5,6,0,3,1,0.0,0.0,0.0,2,0,2,0,0,0,2,0,0,0,0,0,0,0,0,0,0,0,1,11,2,0,0,0,1,0,0,0,0,0,1,0,0,0,16,10,0
/Users/kaiohs/Downloads/codes/lab02-experimentacao-software/data/repos/apache__groovy/src/main/java/org/codehaus/groovy/transform/ASTTransformation.java,org.codehaus.groovy.transform.ASTTransformation,interface,2,12,10,2,1,1,0,0,0,0.0,NaN,NaN,1,0,0,0,0,1,1,0,0,0,0,0,0,0,0,0,0,0,0,3,0,0,0,0,0,0,0,0,0,0,0,0,0,0,74,1,0
/Users/kaiohs/Downloads/codes/lab02-experimentacao-software/data/repos/apache__groovy/src/main/java/org/apache/groovy/io/StringBuilderWriter.java,org.apache.groovy.io.StringBuilderWriter,class,2,9,7,2,15,2,0,6,0,0.5833333,0.0,0.0,12,0,12,0,0,0,12,0,0,0,2,1,0,2,0,0,2,0,0,45,5,0,3,0,0,0,1,4,0,2,1,0,0,0,98,1,0
/Users/kaiohs/Downloads/codes/lab02-experimentacao-software/data/repos/apache__groovy/src/main/java/groovy/util/GroovyScriptEngine.java,groovy.util.GroovyScriptEngine$ScriptCacheEntry,innerclass,1,1,0,1,2,1,0,0,0,0.0,0.0,0.0,2,0,2,0,0,0,2,0,0,0,4,0,0,4,0,0,4,0,0,16,0,0,0,0,0,0,0,5,0,5,0,0,0,0,13,10,0
/Users/kaiohs/Downloads/codes/lab02-experimentacao-software/data/repos/apache__groovy/subprojects/groovy-sql/src/main/java/org/apache/groovy/sql/extensions/SqlExtensions.java,org.apache.groovy.sql.extensions.SqlExtensions$ResultSetMetaDataIterator,innerclass,2,2,0,2,6,1,0,1,0,0.375,0.0,0.0,4,0,3,0,0,1,4,0,0,0,2,0,0,2,0,0,1,0,0,21,2,0,0,1,0,2,1,2,0,2,1,0,0,0,26,10,0
/Users/kaiohs/Downloads/codes/lab02-experimentacao-software/data/repos/apache__groovy/src/main/java/org/codehaus/groovy/ast/GenericsType.java,org.codehaus.groovy.ast.GenericsType$GenericsTypeName,innerclass,1,1,0,1,7,1,0,4,8,0.6,0.0,0.0,5,0,5,0,0,0,5,0,0,0,1,0,0,1,0,0,1,0,1,20,6,0,1,0,2,0,0,1,0,1,1,0,0,0,66,9,0
/Users/kaiohs/Downloads/codes/lab02-experimentacao-software/data/repos/apache__groovy/subprojects/groovy-jmx/src/main/java/groovy/jmx/builder/JmxBuilderModelMBean.java,groovy.jmx.builder.JmxBuilderModelMBean$NumberSequencer,innerclass,0,0,0,0,1,1,0,1,0,0.0,NaN,NaN,1,1,1,0,0,0,1,0,0,0,1,1,0,1,0,0,1,0,0,6,1,0,0,0,0,0,1,1,0,1,0,0,0,0,10,26,0
/Users/kaiohs/Downloads/codes/lab02-experimentacao-software/data/repos/apache__groovy/src/main/java/groovy/lang/GString.java,groovy.lang.GString$Anonymous1,anonymous,0,0,0,0,2,1,0,0,0,0.5,0.0,0.0,2,0,2,0,0,0,2,0,0,0,2,2,0,2,0,0,2,0,0,10,2,0,0,0,0,1,1,2,0,2,0,0,0,0,21,-1,0
/Users/kaiohs/Downloads/codes/lab02-experimentacao-software/data/repos/apache__groovy/src/main/java/groovy/lang/GroovyRuntimeException.java,groovy.lang.GroovyRuntimeException,class,3,24,21,3,16,4,7,9,43,0.8181818,0.0,0.0,11,0,10,0,1,0,11,0,0,0,3,1,0,3,0,0,1,0,0,54,7,0,3,0,0,6,1,8,2,6,1,0,0,0,38,1,0
/Users/kaiohs/Downloads/codes/lab02-experimentacao-software/data/repos/apache__groovy/src/main/java/groovy/util/ObjectGraphBuilder.java,groovy.util.ObjectGraphBuilder$DefaultNewInstanceResolver,innerclass,2,2,0,2,2,1,0,2,0,0.0,NaN,NaN,1,0,1,0,0,0,1,0,0,0,0,0,0,0,0,0,0,0,0,10,1,0,0,1,0,1,0,0,0,0,1,0,0,0,26,9,0
/Users/kaiohs/Downloads/codes/lab02-experimentacao-software/data/repos/apache__groovy/src/main/java/org/codehaus/groovy/ast/PackageNode.java,org.codehaus.groovy.ast.PackageNode,class,2,6,4,2,4,2,0,0,0,0.25,0.0,0.0,4,0,4,0,0,0,4,0,0,0,1,0,0,1,0,0,1,0,0,14,2,0,0,0,0,1,0,1,1,1,0,0,0,0,20,1,0
/Users/kaiohs/Downloads/codes/lab02-experimentacao-software/data/repos/apache__groovy/src/main/java/org/codehaus/groovy/runtime/powerassert/ValueRecorder.java,org.codehaus.groovy.runtime.powerassert.ValueRecorder,class,1,2,1,1,3,1,0,2,0,0.0,0.0,0.0,3,0,3,0,0,0,3,0,0,0,1,0,0,1,0,0,1,0,0,13,2,0,0,0,0,0,0,1,0,1,0,0,0,0,18,1,0
/Users/kaiohs/Downloads/codes/lab02-experimentacao-software/data/repos/apache__groovy/benchmark/bench/prodcons.java,prodcons,class,4,5,1,4,6,3,0,5,3,0.6666667,0.0,0.0,3,1,3,0,0,0,3,0,0,0,4,0,0,4,0,0,0,0,1,92,0,0,0,3,0,1,4,7,1,6,1,0,3,0,18,1,0
/Users/kaiohs/Downloads/codes/lab02-experimentacao-software/data/repos/apache__groovy/src/main/java/org/codehaus/groovy/runtime/metaclass/MixinInstanceMetaProperty.java,org.codehaus.groovy.runtime.metaclass.MixinInstanceMetaProperty,class,6,7,1,6,3,2,0,4,3,0.0,NaN,NaN,3,2,1,2,0,0,1,0,0,0,0,0,0,0,0,0,0,0,2,54,2,0,0,0,0,0,0,0,0,0,0,2,0,0,15,1,0
/Users/kaiohs/Downloads/codes/lab02-experimentacao-software/data/repos/apache__groovy/src/main/java/org/codehaus/groovy/runtime/wrappers/DoubleWrapper.java,org.codehaus.groovy.runtime.wrappers.DoubleWrapper,class,1,1,0,1,1,3,0,0,0,0.0,NaN,NaN,1,0,1,0,0,0,1,0,0,0,0,0,0,0,0,0,0,0,0,5,0,0,0,0,0,0,0,0,0,0,0,0,0,0,4,1,0
/Users/kaiohs/Downloads/codes/lab02-experimentacao-software/data/repos/apache__groovy/src/testFixtures/groovy/groovy/bugs/TestSupport.java,groovy.bugs.TestSupport,class,2,3,1,2,5,1,0,3,10,0.0,0.0,0.0,5,3,5,0,0,0,5,0,0,0,0,0,0,0,0,0,0,0,1,17,5,0,0,0,0,5,5,0,0,0,0,0,0,0,14,1025,0
/Users/kaiohs/Downloads/codes/lab02-experimentacao-software/data/repos/apache__groovy/src/main/java/org/codehaus/groovy/vmplugin/v8/PluginDefaultGroovyMethods.java,org.codehaus.groovy.vmplugin.v8.PluginDefaultGroovyMethods,class,22,23,1,22,79,2,0,88,1653,0.0,0.0,0.0,58,57,57,1,0,0,57,0,0,0,0,0,0,0,0,0,0,0,51,253,67,2,3,0,0,6,10,8,5,11,2,0,1,3,208,1,0
/Users/kaiohs/Downloads/codes/lab02-experimentacao-software/data/repos/apache__groovy/src/main/java/org/codehaus/groovy/runtime/dgmimpl/arrays/ByteArrayGetAtMetaMethod.java,org.codehaus.groovy.runtime.dgmimpl.arrays.ByteArrayGetAtMetaMethod$MyPojoMetaMethodSite,innerclass,6,6,0,6,5,6,0,3,1,0.0,0.0,0.0,2,0,2,0,0,0,2,0,0,0,0,0,0,0,0,0,0,0,1,11,2,0,0,0,1,0,0,0,0,0,1,0,0,0,16,10,0
/Users/kaiohs/Downloads/codes/lab02-experimentacao-software/data/repos/apache__groovy/src/main/java/org/codehaus/groovy/runtime/wrappers/IntWrapper.java,org.codehaus.groovy.runtime.wrappers.IntWrapper,class,1,1,0,1,1,3,0,0,0,0.0,NaN,NaN,1,0,1,0,0,0,1,0,0,0,0,0,0,0,0,0,0,0,0,5,0,0,0,0,0,0,0,0,0,0,0,0,0,0,4,1,0
/Users/kaiohs/Downloads/codes/lab02-experimentacao-software/data/repos/apache__groovy/src/main/java/org/codehaus/groovy/classgen/asm/sc/StaticTypesLambdaWriter.java,org.codehaus.groovy.classgen.asm.sc.StaticTypesLambdaWriter,class,32,34,2,32,35,3,0,99,108,0.875,0.0,0.0,16,3,2,12,2,0,4,0,0,0,5,3,0,5,0,0,5,0,12,191,13,2,2,0,1,17,8,45,3,47,2,2,0,3,154,1,0
/Users/kaiohs/Downloads/codes/lab02-experimentacao-software/data/repos/apache__groovy/subprojects/groovy-macro/src/main/groovy/org/codehaus/groovy/macro/runtime/MacroBuilder.java,org.codehaus.groovy.macro.runtime.MacroBuilder$Anonymous1,anonymous,3,3,0,3,4,1,0,5,1,0.0,0.0,0.0,2,0,1,0,1,0,2,0,0,0,0,0,0,0,0,0,0,0,0,14,4,0,0,0,1,0,0,0,0,0,1,0,0,0,9,-1,0
/Users/kaiohs/Downloads/codes/lab02-experimentacao-software/data/repos/apache__groovy/src/test/groovy/groovy/transform/stc/Groovy10380.java,groovy.transform.stc.I10380,interface,0,1,1,0,1,1,0,0,0,0.0,NaN,NaN,1,0,0,0,0,1,1,0,0,0,0,0,0,0,0,0,0,0,0,5,1,0,0,0,0,1,0,0,0,0,0,0,0,0,2,0,0
/Users/kaiohs/Downloads/codes/lab02-experimentacao-software/data/repos/apache__groovy/src/main/java/org/codehaus/groovy/runtime/dgmimpl/NumberNumberDiv.java,org.codehaus.groovy.runtime.dgmimpl.NumberNumberDiv$NumberNumber,innerclass,5,5,0,5,3,7,0,1,3,0.0,0.0,0.0,3,0,3,0,0,0,3,0,2,0,0,0,0,0,0,0,0,0,0,11,2,0,0,0,0,0,2,0,0,0,0,0,0,0,11,10,0
/Users/kaiohs/Downloads/codes/lab02-experimentacao-software/data/repos/apache__groovy/src/main/java/org/codehaus/groovy/ast/GroovyCodeVisitorAdapter.java,org.codehaus.groovy.ast.GroovyCodeVisitorAdapter,class,57,59,2,57,55,1,0,8,1485,0.0,0.0,0.0,55,0,55,0,0,0,55,0,0,0,0,0,0,0,0,0,0,0,0,120,0,0,0,0,0,0,0,0,0,0,0,0,0,0,70,1,0
/Users/kaiohs/Downloads/codes/lab02-experimentacao-software/data/repos/apache__groovy/src/test/groovy/org/codehaus/groovy/benchmarks/vm5/b2394/ScriptLauncher.java,org.codehaus.groovy.benchmarks.vm5.b2394.ScriptLauncher,class,3,4,1,3,3,2,0,4,0,0.0,0.0,0.0,2,0,1,0,0,1,2,0,0,0,4,0,0,4,0,0,3,0,0,20,0,1,0,0,0,1,2,7,0,6,1,0,0,0,15,0,0
/Users/kaiohs/Downloads/codes/lab02-experimentacao-software/data/repos/apache__groovy/src/main/java/org/codehaus/groovy/control/messages/ExceptionMessage.java,org.codehaus.groovy.control.messages.ExceptionMessage,class,3,6,3,3,3,2,0,7,0,0.33333334,0.0,0.0,3,0,3,0,0,0,3,0,0,0,3,0,0,1,2,0,3,0,2,20,1,0,0,0,0,2,0,5,2,5,0,0,0,0,34,1,0
/Users/kaiohs/Downloads/codes/lab02-experimentacao-software/data/repos/apache__groovy/subprojects/groovy-contracts/src/main/java/org/apache/groovy/contracts/ast/visitor/ConfigurationSetup.java,org.apache.groovy.contracts.ast.visitor.ConfigurationSetup,class,5,6,1,5,1,1,0,8,0,0.0,NaN,NaN,1,0,1,0,0,0,1,0,0,0,0,0,0,0,0,0,0,0,1,8,0,0,0,0,0,1,0,2,0,2,0,0,0,0,49,1,0
/Users/kaiohs/Downloads/codes/lab02-experimentacao-software/data/repos/apache__groovy/src/test/groovy/groovy/transform/stc/Groovy9909.java,groovy.transform.stc.Groovy9909,interface,0,0,0,0,1,1,0,0,0,0.0,NaN,NaN,1,0,0,0,0,1,1,0,0,0,0,0,0,0,0,0,0,0,0,5,1,0,0,0,0,1,0,0,0,0,0,0,0,0,2,1,0
/Users/kaiohs/Downloads/codes/lab02-experimentacao-software/data/repos/apache__groovy/subprojects/groovy-swing/src/main/java/org/apache/groovy/swing/binding/AggregateBinding.java,org.apache.groovy.swing.binding.AggregateBinding,class,2,3,1,2,17,1,0,9,0,0.2857143,0.0,0.0,7,0,7,0,0,0,7,0,0,0,2,0,0,0,2,0,0,0,0,44,1,4,1,0,0,0,0,3,0,2,2,0,0,0,22,1,0
/Users/kaiohs/Downloads/codes/lab02-experimentacao-software/data/repos/apache__groovy/src/main/java/org/codehaus/groovy/tools/javac/JavaCompiler.java,org.codehaus.groovy.tools.javac.JavaCompiler,interface,1,5,4,1,1,1,0,0,0,0.0,NaN,NaN,1,0,0,0,0,1,1,0,0,0,0,0,0,0,0,0,0,0,0,3,0,0,0,0,0,0,0,0,0,0,0,0,0,0,6,1,0
/Users/kaiohs/Downloads/codes/lab02-experimentacao-software/data/repos/apache__groovy/subprojects/groovy-groovydoc/src/main/java/org/codehaus/groovy/tools/groovydoc/SimpleGroovyMethodDoc.java,org.codehaus.groovy.tools.groovydoc.SimpleGroovyMethodDoc,class,4,7,3,4,9,6,0,0,32,0.7777778,0.0,0.0,9,0,9,0,0,0,9,0,0,0,2,0,0,2,0,0,0,0,0,31,6,0,0,0,0,0,0,2,0,2,0,0,0,0,20,1,0
/Users/kaiohs/Downloads/codes/lab02-experimentacao-software/data/repos/apache__groovy/src/main/java/org/codehaus/groovy/transform/stc/StaticTypeCheckingVisitor.java,org.codehaus.groovy.transform.stc.StaticTypeCheckingVisitor$ExtensionMethodDeclaringClass,innerclass,0,0,0,0,0,1,0,0,0,0.0,-1.0,-1.0,0,0,0,0,0,0,0,0,0,0,0,0,0,0,0,0,0,0,0,2,0,0,0,0,0,0,0,0,0,0,0,0,0,0,4,10,0
/Users/kaiohs/Downloads/codes/lab02-experimentacao-software/data/repos/apache__groovy/src/main/java/groovy/transform/builder/InitializerStrategy.java,groovy.transform.builder.InitializerStrategy,class,18,19,1,18,56,2,0,87,251,0.9347826,NaN,NaN,23,18,1,22,0,0,1,0,0,0,2,2,0,2,0,0,2,0,27,232,17,12,6,0,0,38,12,73,11,66,2,0,2,0,258,1,0
/Users/kaiohs/Downloads/codes/lab02-experimentacao-software/data/repos/apache__groovy/subprojects/groovy-console/src/main/groovy/groovy/console/ui/text/SmartDocumentFilter.java,groovy.console.ui.text.SmartDocumentFilter,class,7,11,4,7,49,2,0,55,110,0.8602941,0.0,0.0,17,0,8,9,0,0,8,0,0,0,8,2,1,7,0,0,5,0,22,201,20,7,17,4,7,4,18,60,11,50,2,0,0,2,122,1,0
/Users/kaiohs/Downloads/codes/lab02-experimentacao-software/data/repos/apache__groovy/src/main/java/org/codehaus/groovy/runtime/metaclass/MultipleSetterProperty.java,org.codehaus.groovy.runtime.metaclass.MultipleSetterProperty,class,6,7,1,6,16,2,0,9,4,0.5833333,0.0,0.0,8,0,8,0,0,0,8,0,0,0,3,0,0,3,0,0,1,0,1,48,8,0,4,0,0,1,0,8,1,8,2,0,0,0,52,1,0
/Users/kaiohs/Downloads/codes/lab02-experimentacao-software/data/repos/apache__groovy/subprojects/groovy-console/src/main/groovy/groovy/console/ui/text/StructuredSyntaxResources.java,groovy.console.ui.text.StructuredSyntaxResources,class,1,2,1,1,6,1,0,7,3,0.6969696,-1.0,-1.0,3,2,0,3,0,0,0,0,0,0,11,11,11,0,0,0,11,0,8,34,3,0,2,1,0,13,0,14,0,13,2,0,0,0,49,17,0
/Users/kaiohs/Downloads/codes/lab02-experimentacao-software/data/repos/apache__groovy/src/main/java/org/codehaus/groovy/util/ManagedReference.java,org.codehaus.groovy.util.ManagedReference,class,7,13,6,7,6,1,0,8,0,0.53333336,0.0,0.0,5,0,5,0,0,0,5,0,2,0,3,1,0,3,0,0,3,0,0,26,1,0,1,0,0,0,0,4,0,3,1,1,0,0,24,1,0
/Users/kaiohs/Downloads/codes/lab02-experimentacao-software/data/repos/apache__groovy/src/main/java/org/apache/groovy/parser/antlr4/GroovySyntaxError.java,org.apache.groovy.parser.antlr4.GroovySyntaxError,class,0,2,2,0,6,4,0,0,0,0.6,0.0,0.0,4,0,4,0,0,0,4,0,0,0,5,2,2,3,0,0,5,0,0,25,3,0,2,0,0,1,2,5,1,5,1,0,0,0,28,1,0
/Users/kaiohs/Downloads/codes/lab02-experimentacao-software/data/repos/apache__groovy/src/test/groovy/groovy/transform/stc/MyBean.java,groovy.transform.stc.MyBean,class,1,1,0,1,2,1,0,0,0,0.0,0.0,0.0,2,0,2,0,0,0,2,0,0,0,1,0,0,1,0,0,0,0,0,9,1,0,0,0,0,0,0,1,0,1,0,0,0,0,17,1,0
/Users/kaiohs/Downloads/codes/lab02-experimentacao-software/data/repos/apache__groovy/src/main/java/org/codehaus/groovy/runtime/callsite/CallSiteAwareMetaMethod.java,org.codehaus.groovy.runtime.callsite.CallSiteAwareMetaMethod,class,3,6,3,3,1,2,2,0,0,0.0,NaN,NaN,1,0,1,0,0,0,1,1,0,0,0,0,0,0,0,0,0,0,0,3,0,0,0,0,0,0,0,0,0,0,0,0,0,0,11,1025,0
/Users/kaiohs/Downloads/codes/lab02-experimentacao-software/data/repos/apache__groovy/src/main/java/org/codehaus/groovy/transform/CompileDynamicProcessor.java,org.codehaus.groovy.transform.CompileDynamicProcessor,class,10,10,0,10,1,2,0,3,0,0.0,NaN,NaN,1,0,1,0,0,0,1,0,0,0,2,2,0,2,0,0,2,0,3,9,1,0,0,0,0,2,0,3,0,3,0,0,0,0,33,1,0
/Users/kaiohs/Downloads/codes/lab02-experimentacao-software/data/repos/apache__groovy/src/main/java/org/codehaus/groovy/vmplugin/v8/Selector.java,org.codehaus.groovy.vmplugin.v8.Selector$CastSelector,innerclass,4,4,0,4,28,3,0,30,0,0.3888889,0.0,0.0,9,1,1,7,0,1,2,0,0,0,1,0,0,1,0,0,1,0,15,78,3,0,10,0,2,1,10,18,0,7,2,0,0,0,66,10,0
/Users/kaiohs/Downloads/codes/lab02-experimentacao-software/data/repos/apache__groovy/src/main/java/org/codehaus/groovy/runtime/callsite/PogoMetaMethodSite.java,org.codehaus.groovy.runtime.callsite.PogoMetaMethodSite$PogoCachedMethodSiteNoUnwrapNoCoerce,innerclass,5,5,0,5,2,7,0,1,1,0.0,0.0,0.0,2,0,2,0,0,0,2,0,1,0,0,0,0,0,0,0,0,0,1,8,1,0,0,0,0,0,0,0,0,0,0,0,0,0,18,9,0
/Users/kaiohs/Downloads/codes/lab02-experimentacao-software/data/repos/apache__groovy/src/test/groovy/org/codehaus/groovy/tools/rootloadersync/ConcreteGenericJavaSubclass.java,org.codehaus.groovy.tools.rootloadersync.ConcreteGenericJavaSubclass,class,1,2,1,1,2,2,0,0,1,0.0,0.0,0.0,2,0,1,0,1,0,2,0,0,0,0,0,0,0,0,0,0,0,0,7,0,0,0,0,0,0,0,0,0,0,0,0,0,0,8,1,0
/Users/kaiohs/Downloads/codes/lab02-experimentacao-software/data/repos/apache__groovy/benchmark/bench/ackermann.java,ackermann,class,1,2,1,1,4,1,0,3,1,0.0,0.0,0.0,2,2,2,0,0,0,2,0,0,0,0,0,0,0,0,0,0,0,5,9,1,0,2,0,4,2,9,1,5,1,0,0,0,0,7,1,0
/Users/kaiohs/Downloads/codes/lab02-experimentacao-software/data/repos/apache__groovy/src/main/java/org/codehaus/groovy/util/LockableObject.java,org.codehaus.groovy.util.LockableObject,class,0,1,1,0,13,3,1,6,0,0.6,0.0,0.0,5,0,2,0,3,0,5,0,5,0,2,1,0,1,0,1,1,0,4,40,5,0,6,0,0,0,9,9,2,6,2,0,0,0,48,1,0
/Users/kaiohs/Downloads/codes/lab02-experimentacao-software/data/repos/apache__groovy/src/main/java/org/codehaus/groovy/runtime/StringGroovyMethods.java,org.codehaus.groovy.runtime.StringGroovyMethods$ReplaceState,innerclass,2,2,0,2,4,1,0,7,0,0.625,0.0,0.0,4,0,1,0,0,3,4,0,0,0,6,0,0,1,0,5,2,0,1,21,3,0,0,0,0,0,4,6,0,6,0,0,0,0,22,10,0
/Users/kaiohs/Downloads/codes/lab02-experimentacao-software/data/repos/apache__groovy/subprojects/groovy-swing/src/main/groovy/groovy/swing/binding/JComponentProperties.java,groovy.swing.binding.JComponentProperties,class,3,3,0,3,1,1,0,2,0,0.0,NaN,NaN,1,1,1,0,0,0,1,0,0,0,0,0,0,0,0,0,0,0,0,54,1,0,0,0,0,14,0,1,7,15,0,7,0,7,10,1,0
/Users/kaiohs/Downloads/codes/lab02-experimentacao-software/data/repos/apache__groovy/src/main/java/org/codehaus/groovy/transform/stc/StaticTypeCheckingSupport.java,org.codehaus.groovy.transform.stc.StaticTypeCheckingSupport$BooleanArrayStaticTypesHelper,innerclass,1,1,0,1,4,1,0,2,3,0.0,0.0,0.0,3,3,3,0,0,0,3,0,0,0,0,0,0,0,0,0,0,0,0,11,2,0,1,0,0,1,0,0,0,0,0,0,0,0,13,9,0
/Users/kaiohs/Downloads/codes/lab02-experimentacao-software/data/repos/apache__groovy/subprojects/groovy-jmx/src/main/java/groovy/jmx/builder/JmxBuilderModelMBean.java,groovy.jmx.builder.JmxBuilderModelMBean,class,5,6,1,5,20,2,0,23,32,0.7777778,0.0,0.0,9,0,8,1,0,0,8,0,0,1,2,0,0,2,0,0,1,0,6,120,3,2,2,3,0,14,1,12,2,12,4,0,2,0,108,1,0
/Users/kaiohs/Downloads/codes/lab02-experimentacao-software/data/repos/apache__groovy/src/main/java/org/codehaus/groovy/transform/ToStringASTTransformation.java,org.codehaus.groovy.transform.ToStringASTTransformation$ToStringElement,innerclass,1,1,0,1,1,1,0,0,0,0.0,NaN,NaN,1,0,0,0,0,1,1,0,0,0,3,0,0,0,0,3,0,0,0,10,0,0,0,0,0,0,0,3,0,3,0,0,0,0,9,10,0
/Users/kaiohs/Downloads/codes/lab02-experimentacao-software/data/repos/apache__groovy/src/main/java/org/codehaus/groovy/classgen/asm/sc/StaticTypesBinaryExpressionMultiTypeDispatcher.java,org.codehaus.groovy.classgen.asm.sc.StaticTypesBinaryExpressionMultiTypeDispatcher,class,30,33,3,30,43,3,1,86,28,0.875,0.0,0.0,8,1,2,3,3,0,5,0,0,0,1,0,0,1,0,0,1,0,16,149,7,0,5,0,5,8,3,39,4,37,3,0,0,1,158,1,0
/Users/kaiohs/Downloads/codes/lab02-experimentacao-software/data/repos/apache__groovy/src/main/java/groovy/util/Iterators.java,groovy.util.Iterators$CrossProductIterator,innerclass,3,3,0,3,15,1,0,20,0,0.4571429,0.0,0.0,5,0,2,3,0,0,2,0,0,0,7,0,0,7,0,0,4,0,0,74,3,3,1,0,0,1,3,17,1,14,4,0,0,0,35,10,0
/Users/kaiohs/Downloads/codes/lab02-experimentacao-software/data/repos/apache__groovy/subprojects/groovy-json/src/main/java/groovy/json/JsonOutput.java,groovy.json.JsonOutput,class,12,14,2,12,28,1,0,21,0,0.89903843,0.0,0.0,16,16,15,1,0,0,15,0,0,0,13,13,0,0,0,13,13,0,14,132,16,1,1,0,1,0,10,26,2,21,3,0,1,0,151,1,0
/Users/kaiohs/Downloads/codes/lab02-experimentacao-software/data/repos/apache__groovy/src/main/java/org/codehaus/groovy/runtime/memoize/FlexibleCache.java,org.codehaus.groovy.runtime.memoize.FlexibleCache,interface,4,7,3,4,1,1,0,0,0,0.0,NaN,NaN,1,0,0,0,0,1,1,0,0,0,0,0,0,0,0,0,0,0,0,3,0,0,0,0,0,0,0,0,0,0,0,0,0,0,16,1,0
/Users/kaiohs/Downloads/codes/lab02-experimentacao-software/data/repos/apache__groovy/src/main/java/org/codehaus/groovy/runtime/InvokerHelper.java,org.codehaus.groovy.runtime.InvokerHelper,class,27,58,31,27,157,2,0,99,1971,0.9393939,0.0,0.0,66,66,62,1,1,2,65,0,0,0,5,5,3,0,2,0,5,0,78,550,95,9,18,6,21,21,11,64,10,51,5,2,1,1,253,1,0
/Users/kaiohs/Downloads/codes/lab02-experimentacao-software/data/repos/apache__groovy/subprojects/groovy-macro/src/main/groovy/org/codehaus/groovy/macro/matcher/TreeContext.java,org.codehaus.groovy.macro.matcher.TreeContext,class,8,13,5,8,26,1,0,24,87,0.7888888,0.0,0.0,18,0,16,1,0,1,17,0,0,0,5,0,0,0,0,5,5,0,5,95,16,1,6,0,1,6,2,10,0,9,1,1,1,0,49,1,0
/Users/kaiohs/Downloads/codes/lab02-experimentacao-software/data/repos/apache__groovy/src/main/java/org/apache/groovy/util/concurrent/ConcurrentReferenceHashMap.java,org.apache.groovy.util.concurrent.ConcurrentReferenceHashMap$KeySet,innerclass,2,2,0,2,7,3,0,5,15,0.0,0.0,0.0,6,0,6,0,0,0,6,0,0,0,0,0,0,0,0,0,0,0,0,20,5,0,1,0,0,0,0,0,0,0,0,0,0,0,13,18,0
/Users/kaiohs/Downloads/codes/lab02-experimentacao-software/data/repos/apache__groovy/subprojects/groovy-swing/src/main/groovy/groovy/swing/impl/ClosureRenderer.java,groovy.swing.impl.ClosureRenderer,class,2,3,1,2,31,1,0,17,123,0.80519474,0.0,0.0,22,0,21,1,0,0,21,0,0,0,14,0,0,1,0,13,0,0,1,148,19,0,5,0,0,3,3,40,0,18,3,0,0,0,50,1,0
/Users/kaiohs/Downloads/codes/lab02-experimentacao-software/data/repos/apache__groovy/src/test/groovy/groovy/lang/DoubleObjectRangeTest.java,groovy.lang.DoubleObjectRangeTest,class,3,3,0,3,2,3,0,0,1,0.0,0.0,0.0,2,0,0,0,2,0,2,0,0,0,0,0,0,0,0,0,0,0,0,8,2,0,0,0,0,0,0,0,0,0,0,0,0,0,14,1,0
/Users/kaiohs/Downloads/codes/lab02-experimentacao-software/data/repos/apache__groovy/src/test/groovy/groovy/namespace/QNameTest.java,groovy.namespace.QNameTest,class,2,2,0,2,1,2,0,2,0,0.0,NaN,NaN,1,0,1,0,0,0,1,0,0,0,0,0,0,0,0,0,0,0,0,15,0,0,0,0,0,13,0,1,0,1,0,0,0,0,10,1,0
/Users/kaiohs/Downloads/codes/lab02-experimentacao-software/data/repos/apache__groovy/src/main/java/org/codehaus/groovy/control/CompilerConfiguration.java,org.codehaus.groovy.control.CompilerConfiguration,class,9,42,33,9,118,1,0,96,2429,0.97494256,0.0,0.0,75,14,71,4,0,0,71,0,1,0,58,34,34,24,0,0,35,0,35,558,45,1,24,4,0,86,14,118,4,68,2,1,0,1,458,1,0
/Users/kaiohs/Downloads/codes/lab02-experimentacao-software/data/repos/apache__groovy/subprojects/groovy-console/src/main/groovy/groovy/console/ui/text/TextUndoManager.java,groovy.console.ui.text.TextUndoManager$StructuredEdit,innerclass,0,0,0,0,6,3,0,3,4,0.5,0.0,0.0,4,0,3,0,1,0,4,0,0,0,1,0,0,1,0,0,0,0,1,19,4,0,1,0,0,0,1,2,0,2,1,0,0,0,15,10,0
/Users/kaiohs/Downloads/codes/lab02-experimentacao-software/data/repos/apache__groovy/src/main/java/groovy/util/ObservableSet.java,groovy.util.ObservableSet$ObservableIterator,innerclass,2,2,0,2,5,1,0,9,0,0.3,0.0,0.0,5,0,5,0,0,0,5,0,0,0,2,0,0,2,0,0,2,0,0,23,3,0,0,0,0,0,0,3,0,3,0,0,0,0,18,4,0
/Users/kaiohs/Downloads/codes/lab02-experimentacao-software/data/repos/apache__groovy/src/main/java/org/codehaus/groovy/runtime/metaclass/ConcurrentReaderHashMap.java,org.codehaus.groovy.runtime.metaclass.ConcurrentReaderHashMap$BarrierLock,innerclass,0,0,0,0,0,1,0,0,0,NaN,-1.0,-1.0,0,0,0,0,0,0,0,0,0,0,1,1,0,1,0,0,1,0,0,3,0,0,0,0,0,0,1,1,0,1,0,0,0,0,13,12,0
/Users/kaiohs/Downloads/codes/lab02-experimentacao-software/data/repos/apache__groovy/subprojects/groovy-ginq/src/main/groovy/org/apache/groovy/ginq/dsl/expression/GroupExpression.java,org.apache.groovy.ginq.dsl.expression.GroupExpression,class,6,11,5,6,8,4,0,4,9,0.5714286,0.0,0.0,7,0,7,0,0,0,7,0,0,0,2,0,0,2,0,0,1,0,0,25,5,0,1,0,1,3,0,2,2,2,0,0,0,0,21,1,0
/Users/kaiohs/Downloads/codes/lab02-experimentacao-software/data/repos/apache__groovy/src/main/java/org/codehaus/groovy/runtime/callsite/NullCallSite.java,org.codehaus.groovy.runtime.callsite.NullCallSite,class,6,8,2,6,7,2,0,6,3,0.0,0.0,0.0,3,0,3,0,0,0,3,0,0,0,0,0,0,0,0,0,0,0,7,31,4,0,2,2,0,0,0,0,0,0,2,0,0,0,18,17,0
/Users/kaiohs/Downloads/codes/lab02-experimentacao-software/data/repos/apache__groovy/src/main/java/org/codehaus/groovy/runtime/metaclass/MissingMethodExceptionNoStack.java,org.codehaus.groovy.runtime.metaclass.MissingMethodExceptionNoStack,class,2,5,3,2,3,2,1,0,3,1.0,0.0,0.0,3,0,3,0,0,0,3,0,0,0,1,1,0,1,0,0,1,0,0,12,1,0,0,0,0,0,1,1,0,1,0,0,0,0,20,1,0
/Users/kaiohs/Downloads/codes/lab02-experimentacao-software/data/repos/apache__groovy/src/main/java/groovy/transform/options/DefaultPropertyHandler.java,groovy.transform.options.DefaultPropertyHandler,class,16,18,2,16,12,2,0,25,15,0.8333333,0.0,0.0,6,3,3,3,0,0,3,0,0,0,1,1,0,1,0,0,1,0,5,47,8,0,2,0,0,5,0,11,0,11,2,0,0,0,74,1,0
/Users/kaiohs/Downloads/codes/lab02-experimentacao-software/data/repos/apache__groovy/src/test/groovy/bugs/Groovy1567.java,bugs.Groovy1567,class,4,4,0,4,1,1,0,2,0,0.0,NaN,NaN,1,0,0,0,0,1,1,0,0,0,0,0,0,0,0,0,0,0,0,14,0,0,0,0,0,2,0,8,0,7,0,0,0,0,19,16,0
/Users/kaiohs/Downloads/codes/lab02-experimentacao-software/data/repos/apache__groovy/src/main/java/org/codehaus/groovy/util/DoubleArrayIterator.java,org.codehaus.groovy.util.DoubleArrayIterator,class,1,3,2,1,6,1,0,1,0,0.375,0.0,0.0,4,0,4,0,0,0,4,0,0,0,2,0,0,2,0,0,1,0,0,21,2,0,0,1,0,1,0,1,0,2,1,0,0,0,30,1,0
/Users/kaiohs/Downloads/codes/lab02-experimentacao-software/data/repos/apache__groovy/src/main/java/org/codehaus/groovy/runtime/dgmimpl/arrays/IntegerArrayPutAtMetaMethod.java,org.codehaus.groovy.runtime.dgmimpl.arrays.IntegerArrayPutAtMetaMethod,class,12,13,1,12,9,10,0,6,3,0.6666667,0.0,0.0,3,0,3,0,0,0,3,0,1,0,1,1,0,1,0,0,1,0,4,51,4,0,0,0,4,0,5,8,0,5,2,0,1,0,39,1,0
/Users/kaiohs/Downloads/codes/lab02-experimentacao-software/data/repos/apache__groovy/subprojects/groovy-console/src/main/groovy/groovy/console/ui/text/FindReplaceUtility.java,groovy.console.ui.text.FindReplaceUtility$CloseAction,innerclass,0,0,0,0,2,2,0,3,1,0.0,0.0,0.0,2,0,1,0,0,1,2,0,0,0,0,0,0,0,0,0,0,0,1,11,0,0,0,0,0,1,0,0,0,0,0,0,0,0,9,10,0
/Users/kaiohs/Downloads/codes/lab02-experimentacao-software/data/repos/apache__groovy/src/test/groovy/bugs/Groovy3799Helper.java,bugs.AbstractFoo3799,class,1,2,1,1,0,1,1,0,0,0.0,-1.0,-1.0,0,0,0,0,0,0,0,0,0,0,0,0,0,0,0,0,0,0,0,2,0,0,0,0,0,0,0,0,0,0,0,0,0,0,2,0,0
/Users/kaiohs/Downloads/codes/lab02-experimentacao-software/data/repos/apache__groovy/src/main/java/groovy/util/ObjectGraphBuilder.java,groovy.util.ObjectGraphBuilder$ObjectFactory,innerclass,9,9,0,9,24,2,0,24,15,0.0,0.0,0.0,6,0,3,0,3,0,6,0,0,0,0,0,0,0,0,0,0,0,2,86,9,0,15,2,0,0,0,25,0,19,3,0,0,0,48,10,0
/Users/kaiohs/Downloads/codes/lab02-experimentacao-software/data/repos/apache__groovy/src/test-resources/stubgenerator/traitStaticPropertiesStub/JavaXImpl.java,stubgenerator.traitStaticPropertiesStub.JavaXImpl,class,2,3,1,2,1,2,0,0,0,0.0,NaN,NaN,1,1,1,0,0,0,1,0,0,0,0,0,0,0,0,0,0,0,0,5,0,0,0,0,0,0,0,0,0,0,0,0,0,0,6,1,0
/Users/kaiohs/Downloads/codes/lab02-experimentacao-software/data/repos/apache__groovy/subprojects/groovy-xml/src/main/java/groovy/xml/slurpersupport/NodeParents.java,groovy.xml.slurpersupport.NodeParents$Anonymous1,anonymous,1,1,0,1,4,1,0,3,0,0.0,NaN,NaN,1,0,0,0,1,0,1,0,0,0,1,0,0,1,0,0,0,0,0,13,2,1,2,0,1,0,0,3,0,2,2,0,0,0,9,-1,0
/Users/kaiohs/Downloads/codes/lab02-experimentacao-software/data/repos/apache__groovy/src/main/java/org/codehaus/groovy/runtime/ProcessGroovyMethods.java,org.codehaus.groovy.runtime.ProcessGroovyMethods,class,12,14,2,12,96,2,0,79,990,0.0,0.0,0.0,45,45,41,4,0,0,41,0,0,0,0,0,0,0,0,0,0,0,72,478,39,5,12,23,4,41,7,57,2,46,3,0,3,4,382,1,0
/Users/kaiohs/Downloads/codes/lab02-experimentacao-software/data/repos/apache__groovy/src/main/java/org/codehaus/groovy/classgen/asm/StatementWriter.java,org.codehaus.groovy.classgen.asm.StatementWriter,class,43,50,7,43,65,1,2,125,0,0.7037037,0.0,0.0,27,2,15,6,6,0,21,0,0,0,3,2,0,2,1,0,3,0,16,454,7,8,6,0,7,31,15,114,6,104,2,0,0,4,163,1,0
/Users/kaiohs/Downloads/codes/lab02-experimentacao-software/data/repos/apache__groovy/src/main/java/org/apache/groovy/antlr/LexerFrame.java,org.apache.groovy.antlr.LexerFrame$Anonymous2,anonymous,1,1,0,1,2,1,0,3,0,1.0,NaN,NaN,1,0,1,0,0,0,1,0,0,0,1,1,0,1,0,0,1,0,0,11,1,0,1,0,0,0,1,3,0,3,1,0,0,0,20,-1,0
/Users/kaiohs/Downloads/codes/lab02-experimentacao-software/data/repos/apache__groovy/src/test/groovy/gls/generics/GenericsTestBase.java,gls.generics.GenericsTestBase$MyLoader,innerclass,6,6,0,6,2,2,0,0,1,0.0,0.0,0.0,2,0,0,0,1,1,2,0,0,0,0,0,0,0,0,0,0,0,0,8,1,0,0,0,0,0,0,0,0,0,0,0,0,0,12,2,0
/Users/kaiohs/Downloads/codes/lab02-experimentacao-software/data/repos/apache__groovy/src/main/java/org/apache/groovy/antlr/LexerFrame.java,org.apache.groovy.antlr.LexerFrame$Anonymous1,anonymous,0,0,0,0,1,1,0,3,0,0.0,NaN,NaN,1,0,1,0,0,0,1,0,0,0,0,0,0,0,0,0,0,0,0,5,0,0,0,0,0,0,0,0,0,0,0,0,0,0,5,-1,0
/Users/kaiohs/Downloads/codes/lab02-experimentacao-software/data/repos/apache__groovy/src/main/java/org/codehaus/groovy/ast/Variable.java,org.codehaus.groovy.ast.Variable,interface,3,42,39,3,22,1,0,1,120,0.0,0.0,0.0,16,0,0,0,0,16,16,0,0,0,0,0,0,0,0,0,0,0,0,33,7,0,6,0,6,0,6,0,0,0,0,0,0,0,80,1,0
/Users/kaiohs/Downloads/codes/lab02-experimentacao-software/data/repos/apache__groovy/src/main/java/org/apache/groovy/internal/util/Function.java,org.apache.groovy.internal.util.Function,interface,3,5,2,3,1,1,0,0,0,0.0,NaN,NaN,1,0,0,0,0,1,1,0,0,0,0,0,0,0,0,0,0,0,0,3,0,0,0,0,0,0,0,0,0,0,0,0,0,0,14,1,0
/Users/kaiohs/Downloads/codes/lab02-experimentacao-software/data/repos/apache__groovy/src/test/groovy/bugs/Groovy3799Helper.java,bugs.UnrelatedFoo3799,class,1,1,0,1,0,1,0,0,0,0.0,-1.0,-1.0,0,0,0,0,0,0,0,0,0,0,0,0,0,0,0,0,0,0,0,2,0,0,0,0,0,0,0,0,0,0,0,0,0,0,2,0,0
/Users/kaiohs/Downloads/codes/lab02-experimentacao-software/data/repos/apache__groovy/subprojects/groovy-ginq/src/main/groovy/org/apache/groovy/ginq/dsl/expression/GinqExpression.java,org.apache.groovy.ginq.dsl.expression.GinqExpression,class,12,18,6,12,23,3,0,16,111,0.8333334,0.0,0.0,18,0,18,0,0,0,18,0,0,0,7,0,0,7,0,0,1,0,1,63,10,0,4,0,6,12,1,7,6,8,0,0,0,1,54,1,0
/Users/kaiohs/Downloads/codes/lab02-experimentacao-software/data/repos/apache__groovy/src/main/java/org/codehaus/groovy/runtime/dgmimpl/NumberNumberPlus.java,org.codehaus.groovy.runtime.dgmimpl.NumberNumberPlus$IntegerLong,innerclass,5,5,0,5,4,7,0,3,1,0.0,0.0,0.0,2,0,2,0,0,0,2,0,1,0,0,0,0,0,0,0,0,0,0,15,2,0,0,1,1,0,1,0,1,0,2,0,0,0,19,10,0
/Users/kaiohs/Downloads/codes/lab02-experimentacao-software/data/repos/apache__groovy/subprojects/groovy-sql/src/main/java/groovy/sql/ExtractIndexAndSql.java,groovy.sql.ExtractIndexAndSql,class,2,4,2,2,45,1,0,23,0,0.625,0.0,0.0,12,3,0,8,0,4,4,0,0,0,6,2,0,6,0,0,3,0,6,140,8,6,19,0,9,4,19,29,11,21,3,0,0,0,112,0,0
/Users/kaiohs/Downloads/codes/lab02-experimentacao-software/data/repos/apache__groovy/src/main/java/org/codehaus/groovy/control/customizers/builder/ImportCustomizerFactory.java,org.codehaus.groovy.control.customizers.builder.ImportCustomizerFactory,class,7,8,1,7,11,2,0,8,6,0.0,0.0,0.0,4,0,3,1,0,0,3,0,0,0,0,0,0,0,0,0,0,0,0,76,4,1,1,0,1,2,0,2,1,2,2,0,1,0,59,1,0
/Users/kaiohs/Downloads/codes/lab02-experimentacao-software/data/repos/apache__groovy/src/main/java/org/codehaus/groovy/transform/stc/StaticTypeCheckingVisitor.java,org.codehaus.groovy.transform.stc.StaticTypeCheckingVisitor,class,132,154,22,132,1873,5,1,867,20553,0.98109275,0.0,0.0,234,55,44,115,75,0,119,0,0,0,33,27,4,3,26,0,29,0,714,5033,365,123,437,18,186,330,320,1196,102,932,10,3,6,71,1005,1,0
/Users/kaiohs/Downloads/codes/lab02-experimentacao-software/data/repos/apache__groovy/src/main/java/org/codehaus/groovy/transform/sc/ListOfExpressionsExpression.java,org.codehaus.groovy.transform.sc.ListOfExpressionsExpression,class,4,8,4,4,6,2,2,3,0,0.0,0.0,0.0,5,0,5,0,0,0,5,0,0,0,1,0,0,1,0,0,1,0,0,20,1,1,0,0,0,0,0,2,0,1,1,0,0,0,30,1,0
/Users/kaiohs/Downloads/codes/lab02-experimentacao-software/data/repos/apache__groovy/subprojects/groovy-xml/src/main/java/groovy/xml/dom/DOMCategory.java,groovy.xml.dom.DOMCategory$NodesHolder,innerclass,3,3,0,3,5,1,0,3,0,0.0,0.0,0.0,3,0,2,1,0,0,2,0,0,0,1,0,0,1,0,0,1,0,0,15,3,0,0,0,0,0,1,1,0,1,1,0,0,0,10,26,0
/Users/kaiohs/Downloads/codes/lab02-experimentacao-software/data/repos/apache__groovy/src/main/java/groovy/util/IndentPrinter.java,groovy.util.IndentPrinter,class,2,4,2,2,27,1,0,5,0,0.68235296,0.0,0.0,17,0,17,0,0,0,17,0,0,0,5,0,0,5,0,0,3,0,0,100,2,1,1,6,0,4,1,7,0,6,2,0,0,0,132,1,0
/Users/kaiohs/Downloads/codes/lab02-experimentacao-software/data/repos/apache__groovy/subprojects/groovy-ginq/src/main/groovy/org/apache/groovy/ginq/provider/collection/runtime/WindowDefinitionImpl.java,org.apache.groovy.ginq.provider.collection.runtime.WindowDefinitionImpl,class,7,9,2,7,19,1,0,3,50,0.7294118,0.0,0.0,17,0,8,0,0,9,17,0,0,0,5,0,0,5,0,0,4,0,4,64,10,0,1,0,1,0,0,5,0,5,1,0,0,4,34,0,0
/Users/kaiohs/Downloads/codes/lab02-experimentacao-software/data/repos/apache__groovy/src/test/groovy/gls/annotations/closures/AnnotationClosureJavaCompatibilityTest.java,gls.annotations.closures.AnnotationClosureJavaCompatibilityTest,class,4,5,1,4,4,2,1,4,3,0.0,0.0,0.0,3,0,3,0,0,0,3,0,0,0,0,0,0,0,0,0,0,0,0,18,2,0,0,1,0,0,1,2,0,2,1,0,0,0,19,1,0
/Users/kaiohs/Downloads/codes/lab02-experimentacao-software/data/repos/apache__groovy/src/main/java/groovy/grape/GrabAnnotationTransformation.java,groovy.grape.GrabAnnotationTransformation,class,27,28,1,27,175,2,0,111,64,0.84375,0.0,0.0,16,4,4,12,0,0,4,0,0,0,50,28,0,28,0,22,28,0,24,459,16,23,38,2,59,92,17,124,8,112,6,0,0,0,193,1,0
/Users/kaiohs/Downloads/codes/lab02-experimentacao-software/data/repos/apache__groovy/subprojects/groovy-xml/src/main/java/groovy/xml/slurpersupport/GPathResult.java,groovy.xml.slurpersupport.GPathResult,class,16,34,18,16,80,2,4,51,953,0.9043478,0.0,0.0,46,0,41,1,4,0,45,11,0,0,5,0,0,0,5,0,5,0,0,386,47,4,6,0,1,11,9,20,5,19,3,6,0,0,237,1025,0
/Users/kaiohs/Downloads/codes/lab02-experimentacao-software/data/repos/apache__groovy/src/main/java/org/codehaus/groovy/runtime/callsite/BooleanClosureForMapPredicate.java,org.codehaus.groovy.runtime.callsite.BooleanClosureForMapPredicate,class,4,4,0,4,3,1,0,4,0,0.0,0.0,0.0,2,0,2,0,0,0,2,0,0,0,3,0,0,3,0,0,3,0,0,18,2,0,1,0,0,3,1,3,0,3,1,0,0,0,18,1,0
/Users/kaiohs/Downloads/codes/lab02-experimentacao-software/data/repos/apache__groovy/src/main/java/org/codehaus/groovy/ast/GroovyCodeVisitor.java,org.codehaus.groovy.ast.GroovyCodeVisitor,interface,58,123,65,58,62,1,0,2,1653,0.0,0.0,0.0,58,0,0,0,0,58,58,0,0,0,0,0,0,0,0,0,0,0,0,76,0,1,3,0,0,0,0,0,0,0,2,0,0,0,82,1,0
/Users/kaiohs/Downloads/codes/lab02-experimentacao-software/data/repos/apache__groovy/subprojects/groovy-groovysh/src/main/groovy/org/apache/groovy/groovysh/jline/SystemRegistryImpl.java,org.apache.groovy.groovysh.jline.SystemRegistryImpl$NamesAndValues,innerclass,5,5,0,5,71,1,0,59,171,0.8409091,0.0,0.0,22,0,13,9,0,0,13,0,0,0,4,0,0,4,0,0,2,0,2,198,15,8,10,1,5,64,25,30,4,24,6,0,0,0,73,2,0
/Users/kaiohs/Downloads/codes/lab02-experimentacao-software/data/repos/apache__groovy/subprojects/groovy-ginq/src/main/groovy/org/apache/groovy/ginq/provider/collection/runtime/ConcurrentObjectHolder.java,org.apache.groovy.ginq.provider.collection.runtime.ConcurrentObjectHolder,class,2,3,1,2,4,1,0,1,0,0.25,0.0,0.0,2,0,1,0,0,1,2,0,0,0,2,0,0,2,0,0,1,0,0,16,2,0,2,0,0,0,0,2,0,2,2,0,0,0,15,0,0
/Users/kaiohs/Downloads/codes/lab02-experimentacao-software/data/repos/apache__groovy/src/main/java/groovy/util/Expando.java,groovy.util.Expando,class,5,6,1,5,20,2,0,16,49,0.72727275,0.0,0.0,11,0,10,0,1,0,11,0,0,0,1,0,0,1,0,0,0,0,0,86,14,1,2,2,0,3,0,12,0,10,2,0,0,0,66,1,0
/Users/kaiohs/Downloads/codes/lab02-experimentacao-software/data/repos/apache__groovy/src/main/java/org/codehaus/groovy/runtime/dgmimpl/arrays/IntegerArrayGetAtMetaMethod.java,org.codehaus.groovy.runtime.dgmimpl.arrays.IntegerArrayGetAtMetaMethod$MyPojoMetaMethodSite,innerclass,6,6,0,6,5,6,0,3,1,0.0,0.0,0.0,2,0,2,0,0,0,2,0,0,0,0,0,0,0,0,0,0,0,1,11,2,0,0,0,1,0,0,0,0,0,1,0,0,0,16,10,0
/Users/kaiohs/Downloads/codes/lab02-experimentacao-software/data/repos/apache__groovy/src/main/java/org/apache/groovy/util/concurrent/ThreadHelper.java,org.apache.groovy.util.concurrent.ThreadHelper,class,0,1,1,0,6,1,0,10,1,0.5,0.0,0.0,2,1,1,1,0,0,2,0,0,0,1,1,0,1,0,0,1,0,7,32,2,0,1,2,0,4,1,10,0,8,2,0,0,0,59,17,0
/Users/kaiohs/Downloads/codes/lab02-experimentacao-software/data/repos/apache__groovy/src/main/java/groovy/util/ObjectGraphBuilder.java,groovy.util.ObjectGraphBuilder$DefaultIdentifierResolver,innerclass,1,1,0,1,1,1,0,0,0,0.0,NaN,NaN,1,0,1,0,0,0,1,0,0,0,0,0,0,0,0,0,0,0,0,5,1,0,0,0,0,1,0,0,0,0,0,0,0,0,9,9,0
/Users/kaiohs/Downloads/codes/lab02-experimentacao-software/data/repos/apache__groovy/src/main/java/org/codehaus/groovy/runtime/callsite/PojoMetaClassSite.java,org.codehaus.groovy.runtime.callsite.PojoMetaClassSite,class,7,9,2,7,8,3,0,8,1,0.33333334,0.0,0.0,3,0,2,0,1,0,3,0,1,0,2,0,0,2,0,0,2,0,2,25,3,0,3,1,0,0,0,2,0,2,2,0,0,0,28,1,0
/Users/kaiohs/Downloads/codes/lab02-experimentacao-software/data/repos/apache__groovy/src/test/groovy/org/codehaus/groovy/ast/decompiled/support/Groovy8632.java,org.codehaus.groovy.ast.decompiled.support.Groovy8632$InnerBuilder,innerclass,1,1,0,1,0,2,0,0,0,0.0,-1.0,-1.0,0,0,0,0,0,0,0,0,0,0,0,0,0,0,0,0,0,0,0,2,0,0,0,0,0,0,0,0,0,0,0,0,0,0,2,1,0
/Users/kaiohs/Downloads/codes/lab02-experimentacao-software/data/repos/apache__groovy/subprojects/groovy-json/src/main/java/org/apache/groovy/json/DefaultFastStringServiceFactory.java,org.apache.groovy.json.DefaultFastStringServiceFactory,class,3,3,0,3,1,1,0,0,0,0.0,NaN,NaN,1,0,1,0,0,0,1,0,0,0,0,0,0,0,0,0,0,0,0,5,1,0,0,0,0,0,0,0,0,0,0,0,0,0,6,1,0
/Users/kaiohs/Downloads/codes/lab02-experimentacao-software/data/repos/apache__groovy/src/test/groovy/org/codehaus/groovy/runtime/InvokeGroovyMethodTest.java,org.codehaus.groovy.runtime.InvokeGroovyMethodTest,class,3,4,1,3,5,2,0,8,10,0.8,0.0,0.0,5,0,4,0,1,0,5,0,0,0,1,0,0,1,0,0,0,0,15,33,0,0,0,0,2,8,13,2,1,2,0,1,0,0,29,1,0
/Users/kaiohs/Downloads/codes/lab02-experimentacao-software/data/repos/apache__groovy/src/test/groovy/org/codehaus/groovy/tools/TestDgmConverter.java,org.codehaus.groovy.tools.TestDgmConverter,class,5,6,1,5,7,2,0,19,1,0.5,0.0,0.0,2,0,2,0,0,0,2,0,0,0,1,1,0,1,0,0,1,0,2,33,0,1,0,1,0,6,5,13,4,15,3,0,0,1,59,1,0
/Users/kaiohs/Downloads/codes/lab02-experimentacao-software/data/repos/apache__groovy/src/test/groovy/org/codehaus/groovy/runtime/InterfaceConversionMapTest.java,org.codehaus.groovy.runtime.InterfaceConversionMapTest,class,3,3,0,3,1,1,0,5,0,0.0,NaN,NaN,1,0,1,0,0,0,1,0,0,0,0,0,0,0,0,0,0,0,0,14,0,0,0,0,0,1,2,2,0,2,0,0,1,0,14,17,0
/Users/kaiohs/Downloads/codes/lab02-experimentacao-software/data/repos/apache__groovy/src/main/java/groovy/lang/SpreadMapEvaluatingException.java,groovy.lang.SpreadMapEvaluatingException,class,1,1,0,1,1,5,0,0,0,1.0,NaN,NaN,1,0,1,0,0,0,1,0,0,0,1,1,0,1,0,0,1,0,0,6,0,0,0,0,0,0,1,1,0,1,0,0,0,0,14,1,0
/Users/kaiohs/Downloads/codes/lab02-experimentacao-software/data/repos/apache__groovy/benchmark/bench/binarytrees.java,binarytrees,class,1,1,0,1,5,1,0,4,0,0.0,NaN,NaN,1,1,1,0,0,0,1,0,0,0,1,1,0,1,0,0,1,0,5,46,0,2,0,0,6,6,14,14,10,9,2,0,1,0,20,1,0
/Users/kaiohs/Downloads/codes/lab02-experimentacao-software/data/repos/apache__groovy/subprojects/groovy-groovysh/src/main/groovy/org/apache/groovy/groovysh/jline/GroovyPosixCommands.java,org.apache.groovy.groovysh.jline.GroovyPosixCommands$NamedInputStream,innerclass,0,0,0,0,9,1,0,4,0,0.375,0.0,0.0,6,0,6,0,0,0,6,0,0,0,4,0,0,4,0,0,3,0,0,35,2,0,2,0,0,0,0,9,0,4,1,0,0,0,16,10,0
/Users/kaiohs/Downloads/codes/lab02-experimentacao-software/data/repos/apache__groovy/src/test/groovy/groovy/lang/ShortObjectRangeTest.java,groovy.lang.ShortObjectRangeTest,class,3,3,0,3,2,3,0,2,1,0.0,0.0,0.0,2,0,0,0,2,0,2,0,0,0,0,0,0,0,0,0,0,0,3,8,2,0,0,0,0,0,0,0,0,0,0,0,0,0,15,1,0
/Users/kaiohs/Downloads/codes/lab02-experimentacao-software/data/repos/apache__groovy/src/main/java/org/codehaus/groovy/runtime/ArrayTypeUtils.java,org.codehaus.groovy.runtime.ArrayTypeUtils,class,2,5,3,2,18,1,0,8,21,0.0,0.0,0.0,7,7,5,2,0,0,5,0,0,0,0,0,0,0,0,0,0,0,6,60,5,5,2,0,0,5,3,7,3,2,1,0,0,0,39,1,0
/Users/kaiohs/Downloads/codes/lab02-experimentacao-software/data/repos/apache__groovy/src/main/java/org/codehaus/groovy/runtime/metaclass/ClosureMetaClass.java,org.codehaus.groovy.runtime.metaclass.ClosureMetaClass,class,29,31,2,29,148,2,0,74,604,0.91499996,0.0,0.0,40,5,29,10,1,0,31,0,0,4,10,6,0,10,0,0,6,0,16,511,47,7,62,4,15,11,22,95,5,62,7,1,3,5,222,17,0
/Users/kaiohs/Downloads/codes/lab02-experimentacao-software/data/repos/apache__groovy/src/main/java/org/codehaus/groovy/syntax/TokenUtil.java,org.codehaus.groovy.syntax.TokenUtil,class,1,6,5,1,3,1,0,0,3,0.0,0.0,0.0,3,2,2,1,0,0,2,0,0,0,0,0,0,0,0,0,0,0,0,10,2,0,0,0,0,0,0,0,0,0,0,0,0,0,32,1,0
/Users/kaiohs/Downloads/codes/lab02-experimentacao-software/data/repos/apache__groovy/src/main/java/groovy/util/GroovyScriptEngine.java,groovy.util.GroovyScriptEngine$LocalData,innerclass,2,2,0,2,0,1,0,0,0,NaN,-1.0,-1.0,0,0,0,0,0,0,0,0,0,0,3,0,0,0,0,3,2,0,0,5,0,0,0,0,0,0,0,2,0,3,0,0,0,0,12,10,0
/Users/kaiohs/Downloads/codes/lab02-experimentacao-software/data/repos/apache__groovy/src/test/groovy/org/codehaus/groovy/ast/decompiled/AsmDecompilerTestData.java,org.codehaus.groovy.ast.decompiled.AsmDecompilerTestData$InnerStatic,innerclass,0,0,0,0,0,1,0,0,0,0.0,-1.0,-1.0,0,0,0,0,0,0,0,0,0,0,0,0,0,0,0,0,0,0,0,2,0,0,0,0,0,0,0,0,0,0,0,0,0,0,2,8,0
/Users/kaiohs/Downloads/codes/lab02-experimentacao-software/data/repos/apache__groovy/src/test/groovy/groovy/transform/stc/TreeNode.java,groovy.transform.stc.TreeNode,class,2,3,1,2,0,1,0,0,0,0.0,-1.0,-1.0,0,0,0,0,0,0,0,0,0,0,0,0,0,0,0,0,0,0,0,2,0,0,0,0,0,0,0,0,0,0,0,0,0,0,0,1025,0
/Users/kaiohs/Downloads/codes/lab02-experimentacao-software/data/repos/apache__groovy/src/main/java/org/codehaus/groovy/transform/LogASTTransformation.java,org.codehaus.groovy.transform.LogASTTransformation$LoggingStrategy,interface,3,3,0,3,5,1,0,2,6,0.0,0.0,0.0,4,0,0,0,0,4,4,0,0,0,0,0,0,0,0,0,0,0,0,8,1,0,0,0,0,0,0,0,0,0,0,0,0,0,78,1,0
/Users/kaiohs/Downloads/codes/lab02-experimentacao-software/data/repos/apache__groovy/subprojects/groovy-json/src/main/java/org/apache/groovy/json/internal/LazyValueMap.java,org.apache.groovy.json.internal.LazyValueMap,class,8,12,4,8,43,2,0,22,10,0.7125,0.0,0.0,16,1,13,3,0,0,13,0,3,0,5,0,0,4,0,1,1,0,6,135,10,3,10,0,1,3,4,21,0,11,4,0,0,0,153,1,0
/Users/kaiohs/Downloads/codes/lab02-experimentacao-software/data/repos/apache__groovy/subprojects/groovy-swing/src/main/groovy/groovy/swing/binding/JSpinnerProperties.java,groovy.swing.binding.JSpinnerValueBinding,class,4,5,1,4,5,3,0,9,8,0.6,0.0,0.0,5,0,4,0,0,1,5,0,0,2,1,0,0,0,0,1,0,0,0,24,0,0,0,0,3,3,0,2,0,1,0,0,0,0,26,0,0
/Users/kaiohs/Downloads/codes/lab02-experimentacao-software/data/repos/apache__groovy/src/main/java/org/codehaus/groovy/vmplugin/v9/ClassFinder.java,org.codehaus.groovy.vmplugin.v9.ClassFinder$Anonymous1,anonymous,0,0,0,0,12,1,0,12,1,0.0,0.0,0.0,2,0,2,0,0,0,2,0,0,0,0,0,0,0,0,0,0,0,2,22,4,0,0,0,2,5,7,5,3,6,1,0,0,1,26,-1,0
/Users/kaiohs/Downloads/codes/lab02-experimentacao-software/data/repos/apache__groovy/src/main/java/org/codehaus/groovy/classgen/asm/util/LoggableTextifier.java,org.codehaus.groovy.classgen.asm.util.LoggableTextifier,class,9,11,2,9,82,2,0,95,2844,0.9780702,0.0,0.0,76,0,73,1,2,0,75,0,0,0,3,1,0,3,0,0,2,0,4,344,24,2,0,0,2,5,2,32,0,33,2,0,0,2,136,1,0
/Users/kaiohs/Downloads/codes/lab02-experimentacao-software/data/repos/apache__groovy/subprojects/groovy-json/src/main/java/org/apache/groovy/json/internal/Sys.java,org.apache.groovy.json.internal.Sys,class,1,5,4,1,15,1,0,13,6,0.8125,0.0,0.0,4,4,4,0,0,0,5,0,0,0,4,4,0,4,0,0,4,0,3,53,4,0,2,1,0,17,5,15,0,10,3,0,0,0,29,0,0
/Users/kaiohs/Downloads/codes/lab02-experimentacao-software/data/repos/apache__groovy/src/main/java/org/codehaus/groovy/runtime/dgmimpl/NumberNumberPlus.java,org.codehaus.groovy.runtime.dgmimpl.NumberNumberPlus$LongInteger,innerclass,5,5,0,5,4,7,0,3,1,0.0,0.0,0.0,2,0,2,0,0,0,2,0,1,0,0,0,0,0,0,0,0,0,0,15,2,0,0,1,1,0,1,0,1,0,2,0,0,0,19,10,0
/Users/kaiohs/Downloads/codes/lab02-experimentacao-software/data/repos/apache__groovy/src/main/java/org/codehaus/groovy/runtime/wrappers/FloatWrapper.java,org.codehaus.groovy.runtime.wrappers.FloatWrapper,class,1,1,0,1,1,3,0,0,0,0.0,NaN,NaN,1,0,1,0,0,0,1,0,0,0,0,0,0,0,0,0,0,0,0,5,0,0,0,0,0,0,0,0,0,0,0,0,0,0,4,1,0
/Users/kaiohs/Downloads/codes/lab02-experimentacao-software/data/repos/apache__groovy/src/main/java/org/codehaus/groovy/reflection/android/AndroidSupport.java,org.codehaus.groovy.reflection.android.AndroidSupport,class,1,2,1,1,3,1,0,2,0,0.0,0.0,0.0,1,1,1,0,0,0,2,0,0,0,1,1,0,1,0,0,1,0,1,16,1,0,0,1,0,1,0,3,0,2,1,0,0,0,19,1025,0
/Users/kaiohs/Downloads/codes/lab02-experimentacao-software/data/repos/apache__groovy/src/main/java/groovy/ui/GroovyMain.java,groovy.ui.GroovyMain$GroovyCommand,innerclass,9,9,0,9,23,1,0,26,1,0.575,NaN,NaN,2,0,0,1,0,1,1,0,0,0,20,0,0,19,0,1,0,0,6,91,2,2,8,0,0,75,1,21,1,25,2,0,0,0,134,26,0
/Users/kaiohs/Downloads/codes/lab02-experimentacao-software/data/repos/apache__groovy/src/main/java/org/codehaus/groovy/runtime/dgmimpl/arrays/ObjectArrayGetAtMetaMethod.java,org.codehaus.groovy.runtime.dgmimpl.arrays.ObjectArrayGetAtMetaMethod,class,8,9,1,8,5,10,0,2,6,0.0,0.0,0.0,4,0,4,0,0,0,4,0,1,0,0,0,0,0,0,0,0,0,2,33,5,0,0,0,1,0,2,1,0,1,1,0,1,0,36,1,0
/Users/kaiohs/Downloads/codes/lab02-experimentacao-software/data/repos/apache__groovy/src/main/java/groovy/util/ObservableMap.java,groovy.util.ObservableMap$PropertyClearedEvent,innerclass,1,1,0,1,3,3,0,2,0,0.5,0.0,0.0,2,0,2,0,0,0,2,0,0,0,2,1,0,2,0,0,1,0,1,13,1,0,1,0,0,0,1,2,0,2,1,0,0,0,17,9,0
/Users/kaiohs/Downloads/codes/lab02-experimentacao-software/data/repos/apache__groovy/src/main/java/org/codehaus/groovy/transform/tailrec/VariableAccessReplacer.java,org.codehaus.groovy.transform.tailrec.VariableAccessReplacer$Anonymous2,anonymous,4,4,0,4,1,1,0,5,0,0.0,NaN,NaN,1,0,1,0,0,0,1,0,0,0,0,0,0,0,0,0,0,0,1,7,1,0,0,0,0,0,0,1,0,1,0,0,0,0,9,-1,0
/Users/kaiohs/Downloads/codes/lab02-experimentacao-software/data/repos/apache__groovy/src/main/java/org/codehaus/groovy/runtime/DefaultGroovyMethods.java,org.codehaus.groovy.runtime.DefaultGroovyMethods$FlattenIterator,innerclass,6,6,0,6,30,1,0,24,5,0.6666667,0.0,0.0,7,0,3,3,0,1,4,0,0,0,6,0,0,6,0,0,4,0,3,104,4,2,5,0,2,0,0,18,0,13,6,0,0,0,39,26,0
/Users/kaiohs/Downloads/codes/lab02-experimentacao-software/data/repos/apache__groovy/src/main/java/org/codehaus/groovy/transform/tailrec/VariableAccessReplacer.java,org.codehaus.groovy.transform.tailrec.VariableAccessReplacer$Anonymous1,anonymous,1,1,0,1,1,1,0,2,0,0.0,NaN,NaN,1,0,1,0,0,0,1,0,0,0,0,0,0,0,0,0,0,0,0,5,1,0,0,0,0,0,0,0,0,0,0,0,0,0,6,-1,0
/Users/kaiohs/Downloads/codes/lab02-experimentacao-software/data/repos/apache__groovy/src/test/groovy/bugs/groovy8531/Reducer.java,bugs.groovy8531.BaseReducer$ProtectedBaseContext,innerclass,0,0,0,0,0,1,0,0,0,0.0,-1.0,-1.0,0,0,0,0,0,0,0,0,0,0,0,0,0,0,0,0,0,0,0,2,0,0,0,0,0,0,0,0,0,0,0,0,0,0,3,1028,0
/Users/kaiohs/Downloads/codes/lab02-experimentacao-software/data/repos/apache__groovy/src/test/groovy/org/codehaus/groovy/transform/NonPublicInterface.java,org.codehaus.groovy.transform.NonPublicInterface,interface,0,1,1,0,0,1,0,0,0,NaN,-1.0,-1.0,0,0,0,0,0,0,0,0,0,0,1,0,0,0,0,1,0,0,0,3,0,0,0,0,0,1,0,1,0,1,0,0,0,0,17,0,0
/Users/kaiohs/Downloads/codes/lab02-experimentacao-software/data/repos/apache__groovy/src/test/groovy/org/codehaus/groovy/ast/MethodCallExpressionTest.java,org.codehaus.groovy.ast.MethodCallExpressionTest,class,3,3,0,3,5,3,0,7,0,0.45,0.0,0.0,5,0,4,0,1,0,5,0,0,0,4,0,0,4,0,0,0,0,0,42,0,0,0,0,0,5,3,6,0,7,0,1,0,0,38,1,0
/Users/kaiohs/Downloads/codes/lab02-experimentacao-software/data/repos/apache__groovy/src/test/groovy/gls/ch06/s05/testClasses/Tt1go.java,gls.ch06.s05.testClasses.Tt1go,class,1,2,1,1,3,2,0,0,1,0.5,0.0,0.0,3,0,3,0,0,0,3,0,0,0,2,0,2,0,0,0,0,0,0,13,2,0,0,0,0,3,0,3,0,2,0,0,0,0,9,1,0
/Users/kaiohs/Downloads/codes/lab02-experimentacao-software/data/repos/apache__groovy/subprojects/groovy-toml/src/main/java/groovy/toml/TomlBuilder.java,groovy.toml.TomlBuilder,class,7,8,1,7,11,2,0,7,0,0.09090909,0.0,0.0,11,0,11,0,0,0,11,0,0,0,1,0,0,1,0,0,1,0,1,36,10,0,0,0,0,0,0,1,0,1,0,0,0,0,145,1,0
/Users/kaiohs/Downloads/codes/lab02-experimentacao-software/data/repos/apache__groovy/src/main/java/org/codehaus/groovy/transform/stc/StaticTypesMarker.java,org.codehaus.groovy.transform.stc.StaticTypesMarker,enum,0,1,1,0,0,1,0,0,0,0.0,-1.0,-1.0,0,0,0,0,0,0,0,0,0,0,0,0,0,0,0,0,0,0,0,18,0,0,0,0,0,0,0,0,0,0,0,0,0,0,100,1,0
/Users/kaiohs/Downloads/codes/lab02-experimentacao-software/data/repos/apache__groovy/subprojects/groovy-xml/src/main/java/groovy/xml/slurpersupport/Attribute.java,groovy.xml.slurpersupport.Attribute,class,6,8,2,6,20,3,0,11,108,0.75,0.0,0.0,16,0,13,0,3,0,16,0,0,0,1,0,0,1,0,0,1,0,0,58,11,0,2,0,0,7,2,2,1,2,1,0,0,0,84,1,0
/Users/kaiohs/Downloads/codes/lab02-experimentacao-software/data/repos/apache__groovy/src/test/groovy/gls/ch06/s05/testClasses/Tt1gi.java,gls.ch06.s05.testClasses.Tt1gi,class,4,5,1,4,7,2,0,6,0,0.0,0.0,0.0,5,0,5,0,0,0,5,0,0,0,1,0,0,1,0,0,0,0,0,28,5,0,0,0,0,4,0,2,0,1,1,0,0,0,18,1,0
/Users/kaiohs/Downloads/codes/lab02-experimentacao-software/data/repos/apache__groovy/src/test/groovy/bugs/Groovy662_JavaClass.java,bugs.Groovy662_JavaClass,class,0,0,0,0,1,3,0,0,0,0.0,NaN,NaN,1,0,1,0,0,0,1,0,0,0,1,0,0,0,0,1,0,0,0,6,1,0,0,0,0,1,0,1,0,1,0,0,0,0,40,1,0
/Users/kaiohs/Downloads/codes/lab02-experimentacao-software/data/repos/apache__groovy/subprojects/groovy-sql/src/main/java/groovy/sql/InParameter.java,groovy.sql.InParameter,interface,0,3,3,0,2,1,0,0,1,0.0,0.0,0.0,2,0,0,0,0,2,2,0,0,0,0,0,0,0,0,0,0,0,0,4,0,0,0,0,0,0,0,0,0,0,0,0,0,0,24,1,0
/Users/kaiohs/Downloads/codes/lab02-experimentacao-software/data/repos/apache__groovy/src/main/java/org/codehaus/groovy/ast/stmt/SwitchStatement.java,org.codehaus.groovy.ast.stmt.SwitchStatement,class,4,9,5,4,13,3,0,4,13,0.6060606,0.0,0.0,11,0,11,0,0,0,11,0,0,0,3,0,0,3,0,0,0,0,0,44,5,0,0,0,0,0,1,8,0,3,1,0,0,0,30,1,0
/Users/kaiohs/Downloads/codes/lab02-experimentacao-software/data/repos/apache__groovy/src/main/java/org/codehaus/groovy/control/ProcessingUnit.java,org.codehaus.groovy.control.ProcessingUnit,class,5,47,42,5,19,1,2,13,49,0.75714284,0.0,0.0,14,0,13,1,0,0,13,0,1,0,5,0,0,0,5,0,0,0,3,59,7,0,4,0,0,0,1,9,1,6,1,0,0,0,89,1025,0
/Users/kaiohs/Downloads/codes/lab02-experimentacao-software/data/repos/apache__groovy/subprojects/groovy-xml/src/main/java/groovy/xml/slurpersupport/Node.java,groovy.xml.slurpersupport.Node$Anonymous1,anonymous,2,2,0,2,1,1,0,5,0,0.0,NaN,NaN,1,0,1,0,0,0,1,0,0,0,0,0,0,0,0,0,0,0,0,9,0,0,0,0,0,0,0,1,0,1,0,0,0,0,11,-1,0
/Users/kaiohs/Downloads/codes/lab02-experimentacao-software/data/repos/apache__groovy/subprojects/groovy-xml/src/main/java/groovy/xml/slurpersupport/Node.java,groovy.xml.slurpersupport.Node$Anonymous2,anonymous,2,2,0,2,1,1,0,3,0,0.0,NaN,NaN,1,0,1,0,0,0,1,0,0,0,0,0,0,0,0,0,0,0,0,7,0,0,0,0,1,0,0,1,0,1,0,0,0,0,13,-1,0
/Users/kaiohs/Downloads/codes/lab02-experimentacao-software/data/repos/apache__groovy/subprojects/groovy-json/src/main/java/groovy/json/JsonException.java,groovy.json.JsonException,class,0,17,17,0,4,4,2,0,6,0.0,0.0,0.0,4,0,4,0,0,0,4,0,0,0,0,0,0,0,0,0,0,0,0,14,0,0,0,0,0,0,0,0,0,0,0,0,0,0,28,1,0
/Users/kaiohs/Downloads/codes/lab02-experimentacao-software/data/repos/apache__groovy/src/main/java/org/codehaus/groovy/classgen/asm/VariableSlotLoader.java,org.codehaus.groovy.classgen.asm.VariableSlotLoader,class,4,7,3,4,4,3,0,3,0,0.125,0.0,0.0,4,0,4,0,0,0,4,0,0,0,2,0,0,2,0,0,2,0,0,20,1,0,0,0,0,0,1,4,0,2,0,0,0,0,20,1,0
/Users/kaiohs/Downloads/codes/lab02-experimentacao-software/data/repos/apache__groovy/subprojects/groovy-jmx/src/test/java/groovy/jmx/MBeanTest.java,groovy.jmx.MBeanTest,class,2,2,0,2,1,3,0,16,0,0.0,NaN,NaN,1,0,1,0,0,0,1,0,0,0,0,0,0,0,0,0,0,0,10,18,0,0,0,0,0,25,0,4,0,4,0,0,0,0,41,1,0
/Users/kaiohs/Downloads/codes/lab02-experimentacao-software/data/repos/apache__groovy/subprojects/groovy-xml/src/main/java/groovy/xml/slurpersupport/Node.java,groovy.xml.slurpersupport.Node$Anonymous3,anonymous,2,2,0,2,7,1,0,4,4,0.625,0.0,0.0,4,0,3,1,0,0,3,0,0,0,2,0,0,2,0,0,1,0,0,27,4,1,1,1,0,0,0,4,0,3,2,0,0,0,16,-1,0
/Users/kaiohs/Downloads/codes/lab02-experimentacao-software/data/repos/apache__groovy/subprojects/groovy-xml/src/main/java/groovy/xml/slurpersupport/Node.java,groovy.xml.slurpersupport.Node$Anonymous4,anonymous,1,1,0,1,1,1,0,1,0,0.0,NaN,NaN,1,0,1,0,0,0,1,0,0,0,0,0,0,0,0,0,0,0,0,6,1,0,0,0,0,0,0,0,0,0,0,0,0,0,7,-1,0
/Users/kaiohs/Downloads/codes/lab02-experimentacao-software/data/repos/apache__groovy/subprojects/groovy-xml/src/main/java/groovy/xml/XmlParser.java,groovy.xml.XmlParser,class,13,15,2,13,62,1,1,49,608,0.875,0.0,0.0,44,0,40,0,4,0,44,0,0,0,8,0,0,8,0,0,2,0,4,201,21,1,4,0,2,4,6,34,4,24,2,0,0,0,246,1,0
/Users/kaiohs/Downloads/codes/lab02-experimentacao-software/data/repos/apache__groovy/src/main/java/org/codehaus/groovy/runtime/DefaultGroovyMethods.java,org.codehaus.groovy.runtime.DefaultGroovyMethods$Anonymous2,anonymous,0,0,0,0,1,1,0,1,0,0.0,NaN,NaN,1,0,1,0,0,0,1,0,0,0,0,0,0,0,0,0,0,0,0,5,0,0,0,0,0,0,0,0,0,0,0,0,0,0,1,-1,0
/Users/kaiohs/Downloads/codes/lab02-experimentacao-software/data/repos/apache__groovy/subprojects/groovy-json/src/main/java/org/apache/groovy/json/internal/JsonParserLax.java,org.apache.groovy.json.internal.JsonParserLax,class,14,15,1,14,170,3,0,31,118,0.7375,0.0,0.0,20,0,5,12,3,0,8,0,3,0,4,0,0,4,0,0,4,0,5,500,33,13,37,0,1,9,26,94,26,48,6,0,0,0,131,1,0
/Users/kaiohs/Downloads/codes/lab02-experimentacao-software/data/repos/apache__groovy/src/main/java/org/codehaus/groovy/control/customizers/SecureASTCustomizer.java,org.codehaus.groovy.control.customizers.SecureASTCustomizer,class,12,15,3,12,198,2,0,91,4377,0.9482324,0.0,0.0,99,2,91,2,6,0,97,0,0,0,24,0,0,24,0,0,2,0,13,886,47,13,57,0,3,59,2,50,17,48,4,0,3,6,325,1,0
/Users/kaiohs/Downloads/codes/lab02-experimentacao-software/data/repos/apache__groovy/subprojects/groovy-contracts/src/main/java/org/apache/groovy/contracts/ast/BaseASTTransformation.java,org.apache.groovy.contracts.ast.BaseASTTransformation,class,3,5,2,3,3,1,2,5,0,0.0,NaN,NaN,1,0,0,0,1,0,1,0,0,0,0,0,0,0,0,0,0,0,0,16,2,1,1,1,0,1,0,3,0,2,2,0,0,0,36,1025,0
/Users/kaiohs/Downloads/codes/lab02-experimentacao-software/data/repos/apache__groovy/src/main/java/org/codehaus/groovy/runtime/MethodRankHelper.java,org.codehaus.groovy.runtime.MethodRankHelper$NullObject,innerclass,0,0,0,0,0,1,0,0,0,0.0,-1.0,-1.0,0,0,0,0,0,0,0,0,0,0,0,0,0,0,0,0,0,0,0,2,0,0,0,0,0,0,0,0,0,0,0,0,0,0,3,10,0
/Users/kaiohs/Downloads/codes/lab02-experimentacao-software/data/repos/apache__groovy/subprojects/groovy-groovydoc/src/test/groovy/org/codehaus/groovy/tools/groovydoc/testfiles/anno/Java.java,org.codehaus.groovy.tools.groovydoc.testfiles.anno.Java,class,1,1,0,1,2,1,0,0,1,1.0,0.0,0.0,2,0,2,0,0,0,2,0,0,0,1,0,1,0,0,0,0,0,0,7,0,0,0,0,0,1,0,0,0,1,0,0,0,0,8,1,0
/Users/kaiohs/Downloads/codes/lab02-experimentacao-software/data/repos/apache__groovy/subprojects/groovy-sql/src/main/java/groovy/sql/BatchingPreparedStatementWrapper.java,groovy.sql.BatchingPreparedStatementWrapper,class,4,7,3,4,4,3,0,6,1,0.33333334,0.0,0.0,3,0,3,0,0,0,3,0,0,0,3,0,0,3,0,0,3,0,1,24,0,0,1,0,0,0,0,3,0,3,1,0,0,0,44,1,0
/Users/kaiohs/Downloads/codes/lab02-experimentacao-software/data/repos/apache__groovy/subprojects/groovy-groovydoc/src/main/java/org/codehaus/groovy/groovydoc/GroovyRootDoc.java,org.codehaus.groovy.groovydoc.GroovyRootDoc,interface,4,11,7,4,8,1,0,0,28,0.0,0.0,0.0,8,0,0,0,0,8,8,0,0,0,0,0,0,0,0,0,0,0,0,10,0,0,0,0,0,0,0,0,0,0,0,0,0,0,23,1,0
/Users/kaiohs/Downloads/codes/lab02-experimentacao-software/data/repos/apache__groovy/src/main/java/org/codehaus/groovy/transform/stc/StaticTypeCheckingVisitor.java,org.codehaus.groovy.transform.stc.StaticTypeCheckingVisitor$Anonymous1,anonymous,2,2,0,2,2,1,0,2,0,0.0,NaN,NaN,1,0,1,0,0,0,1,0,0,0,0,0,0,0,0,0,0,0,0,8,2,0,0,0,1,0,0,0,0,0,1,0,0,0,4,-1,0
/Users/kaiohs/Downloads/codes/lab02-experimentacao-software/data/repos/apache__groovy/src/main/java/org/codehaus/groovy/transform/stc/StaticTypeCheckingVisitor.java,org.codehaus.groovy.transform.stc.StaticTypeCheckingVisitor$Anonymous2,anonymous,1,1,0,1,1,1,0,2,0,0.0,NaN,NaN,1,0,1,0,0,0,1,0,0,0,0,0,0,0,0,0,0,0,0,6,0,0,0,0,0,0,0,0,0,0,0,0,0,0,6,-1,0
/Users/kaiohs/Downloads/codes/lab02-experimentacao-software/data/repos/apache__groovy/src/main/java/groovy/transform/stc/FirstParam.java,groovy.transform.stc.FirstParam$SecondGenericType,innerclass,1,1,0,1,1,4,0,0,0,0.0,NaN,NaN,1,0,1,0,0,0,1,0,0,0,0,0,0,0,0,0,0,0,0,5,0,0,0,0,0,0,2,0,0,0,0,0,0,0,33,9,0
/Users/kaiohs/Downloads/codes/lab02-experimentacao-software/data/repos/apache__groovy/src/main/java/org/codehaus/groovy/transform/stc/StaticTypeCheckingVisitor.java,org.codehaus.groovy.transform.stc.StaticTypeCheckingVisitor$Anonymous3,anonymous,3,3,0,3,3,1,0,2,1,0.0,0.0,0.0,2,0,2,0,0,0,2,0,0,0,0,0,0,0,0,0,0,0,1,9,0,0,0,0,0,0,1,1,0,0,1,0,0,0,11,-1,0
/Users/kaiohs/Downloads/codes/lab02-experimentacao-software/data/repos/apache__groovy/subprojects/groovy-ant/src/test/groovy/org/codehaus/groovy/ant/GroovycTest.java,org.codehaus.groovy.ant.GroovycTest,class,7,8,1,7,57,1,0,57,594,0.8918919,0.0,0.0,37,0,0,8,0,29,29,0,0,0,3,1,0,3,0,0,1,0,6,251,2,0,2,7,4,92,4,28,15,20,3,1,0,1,188,16,0
/Users/kaiohs/Downloads/codes/lab02-experimentacao-software/data/repos/apache__groovy/src/main/java/org/codehaus/groovy/syntax/TokenMismatchException.java,org.codehaus.groovy.syntax.TokenMismatchException,class,2,2,0,2,3,4,0,0,0,0.5555556,0.0,0.0,3,0,3,0,0,0,3,0,0,0,3,1,0,3,0,0,3,0,0,16,2,0,0,0,0,2,1,3,1,3,0,0,0,0,18,1,0
/Users/kaiohs/Downloads/codes/lab02-experimentacao-software/data/repos/apache__groovy/src/main/java/groovy/util/GroovyScriptEngine.java,groovy.util.GroovyScriptEngine$Anonymous1,anonymous,0,0,0,0,0,1,0,0,0,0.0,-1.0,-1.0,0,0,0,0,0,0,0,0,0,0,0,0,0,0,0,0,0,0,0,2,0,0,0,0,0,0,0,0,0,0,0,0,0,0,0,-1,0
/Users/kaiohs/Downloads/codes/lab02-experimentacao-software/data/repos/apache__groovy/src/main/java/org/codehaus/groovy/transform/InheritConstructorsASTTransformation.java,org.codehaus.groovy.transform.InheritConstructorsASTTransformation,class,14,15,1,14,16,2,0,42,2,0.5,NaN,NaN,5,1,1,4,0,0,1,0,0,0,2,2,0,2,0,0,2,0,3,58,4,2,1,0,0,6,5,21,2,19,2,0,0,1,84,1,0
/Users/kaiohs/Downloads/codes/lab02-experimentacao-software/data/repos/apache__groovy/src/main/java/org/codehaus/groovy/runtime/DefaultGroovyMethods.java,org.codehaus.groovy.runtime.DefaultGroovyMethods$Anonymous1,anonymous,1,1,0,1,3,1,0,2,3,0.0,0.0,0.0,3,0,3,0,0,0,3,0,0,0,0,0,0,0,0,0,0,0,0,11,2,0,0,0,0,1,0,0,0,0,0,0,0,0,10,-1,0
/Users/kaiohs/Downloads/codes/lab02-experimentacao-software/data/repos/apache__groovy/src/main/java/org/codehaus/groovy/transform/stc/GroovyTypeCheckingExtensionSupport.java,org.codehaus.groovy.transform.stc.GroovyTypeCheckingExtensionSupport,class,29,33,4,29,99,4,0,60,14,0.81547624,0.0,0.0,24,2,21,3,0,0,21,0,0,0,7,1,0,7,0,0,6,0,13,362,27,17,29,6,4,74,11,56,9,44,4,0,1,0,222,1,0
/Users/kaiohs/Downloads/codes/lab02-experimentacao-software/data/repos/apache__groovy/src/main/java/org/codehaus/groovy/ast/decompiled/ClassStub.java,org.codehaus.groovy.ast.decompiled.AnnotationStub,class,0,11,11,0,1,1,1,0,0,0.5,NaN,NaN,1,0,1,0,0,0,1,0,0,0,2,0,0,0,0,2,2,0,0,7,0,0,0,0,0,0,0,2,0,2,0,0,0,0,5,0,0
/Users/kaiohs/Downloads/codes/lab02-experimentacao-software/data/repos/apache__groovy/src/test/groovy/gls/ch06/s05/testClasses/Tt1cgo.java,gls.ch06.s05.testClasses.Tt1cgo,class,2,3,1,2,3,2,0,0,1,0.5,0.0,0.0,3,0,3,0,0,0,3,0,0,0,2,0,1,1,0,0,0,0,0,23,2,0,0,0,0,1,0,3,0,2,0,2,0,0,11,1,0
/Users/kaiohs/Downloads/codes/lab02-experimentacao-software/data/repos/apache__groovy/src/main/java/org/apache/groovy/util/JavaShell.java,org.apache.groovy.util.JavaShell$BytesJavaFileManager,innerclass,2,2,0,2,5,2,0,6,0,0.5,0.0,0.0,4,0,4,0,0,0,4,0,0,0,2,0,0,2,0,0,1,0,1,21,4,0,1,0,0,0,0,3,0,5,1,0,0,1,19,26,0
/Users/kaiohs/Downloads/codes/lab02-experimentacao-software/data/repos/apache__groovy/src/main/java/org/codehaus/groovy/transform/LogASTTransformation.java,org.codehaus.groovy.transform.LogASTTransformation$AbstractLoggingStrategy,innerclass,5,5,0,5,5,1,0,4,1,0.33333334,0.0,0.0,3,0,0,0,3,0,3,0,0,0,1,0,0,0,1,0,1,0,2,19,1,0,1,1,0,1,0,3,1,3,1,0,0,0,21,1033,0
/Users/kaiohs/Downloads/codes/lab02-experimentacao-software/data/repos/apache__groovy/src/main/java/groovy/beans/PropertyReader.java,groovy.beans.PropertyReader,interface,0,3,3,0,1,1,0,0,0,0.0,NaN,NaN,1,0,0,0,0,1,1,0,0,0,0,0,0,0,0,0,0,0,0,3,0,0,0,0,0,0,0,0,0,0,0,0,0,0,6,1,0
/Users/kaiohs/Downloads/codes/lab02-experimentacao-software/data/repos/apache__groovy/subprojects/groovy-templates/src/main/groovy/groovy/text/markup/DelegatingIndentWriter.java,groovy.text.markup.DelegatingIndentWriter,class,1,2,1,1,16,2,0,10,0,0.7466666,0.0,0.0,15,0,15,0,0,0,15,0,0,0,5,2,2,3,0,0,4,0,0,55,5,1,0,0,0,2,1,5,0,6,1,0,0,0,42,1,0
/Users/kaiohs/Downloads/codes/lab02-experimentacao-software/data/repos/apache__groovy/src/test/groovy/org/codehaus/groovy/runtime/memoize/StampedCommonCacheTest.java,org.codehaus.groovy.runtime.memoize.StampedCommonCacheTest,class,3,3,0,3,15,1,0,22,78,0.0,0.0,0.0,13,0,13,0,0,0,13,0,0,0,0,0,0,0,0,0,0,0,0,103,0,1,0,1,0,121,16,19,0,21,3,0,0,3,47,1,0
/Users/kaiohs/Downloads/codes/lab02-experimentacao-software/data/repos/apache__groovy/subprojects/groovy-groovydoc/src/test/groovy/org/codehaus/groovy/tools/groovydoc/testfiles/staticInit/JavaWithFailingStaticInit.java,org.codehaus.groovy.tools.groovydoc.testfiles.staticInit.JavaWithFailingStaticInit,class,1,2,1,1,2,1,0,1,0,0.0,NaN,NaN,1,1,0,1,0,0,1,0,0,0,0,0,0,0,0,0,0,0,1,8,0,0,0,0,0,1,0,0,0,0,0,0,0,0,9,1,0
/Users/kaiohs/Downloads/codes/lab02-experimentacao-software/data/repos/apache__groovy/src/main/java/org/codehaus/groovy/ast/decompiled/DecompiledClassNode.java,org.codehaus.groovy.ast.decompiled.DecompiledClassNode,class,19,24,5,19,55,2,0,36,332,0.85344833,0.0,0.0,29,1,23,6,0,0,23,0,0,0,4,0,0,4,0,0,2,0,10,171,30,4,11,1,5,2,5,10,0,9,5,0,0,3,107,1,0
/Users/kaiohs/Downloads/codes/lab02-experimentacao-software/data/repos/apache__groovy/src/main/java/org/codehaus/groovy/runtime/dgmimpl/NumberNumberDiv.java,org.codehaus.groovy.runtime.dgmimpl.NumberNumberDiv$FloatDouble,innerclass,5,5,0,5,4,7,0,3,1,0.0,0.0,0.0,2,0,2,0,0,0,2,0,1,0,0,0,0,0,0,0,0,0,0,15,2,0,0,1,1,0,1,0,1,0,2,0,0,0,19,10,0
/Users/kaiohs/Downloads/codes/lab02-experimentacao-software/data/repos/apache__groovy/src/test/groovy/gls/ch06/s05/testClasses/Tt1cgi.java,gls.ch06.s05.testClasses.Tt1cgi,class,3,4,1,3,5,2,0,5,0,0.0,0.0,0.0,5,0,5,0,0,0,5,0,0,0,1,0,0,1,0,0,0,0,0,18,3,0,0,0,0,0,0,2,0,1,0,0,0,0,16,1,0
/Users/kaiohs/Downloads/codes/lab02-experimentacao-software/data/repos/apache__groovy/src/main/java/groovy/lang/EmptyRange.java,groovy.lang.EmptyRange,class,3,6,3,3,20,3,0,1,151,0.7368421,0.0,0.0,19,0,19,0,0,0,19,0,0,0,1,0,0,0,1,0,0,0,0,59,8,0,1,0,1,12,1,1,2,1,0,0,0,0,67,1,0
/Users/kaiohs/Downloads/codes/lab02-experimentacao-software/data/repos/apache__groovy/subprojects/groovy-templates/src/main/groovy/groovy/text/StreamingTemplateEngine.java,groovy.text.StreamingTemplateEngine$StreamingTemplate$StringSection,innerclass,1,1,0,1,2,1,0,1,0,0.625,NaN,NaN,2,0,1,1,0,0,1,0,0,0,4,0,0,0,0,4,0,0,0,13,1,0,0,0,0,0,0,2,0,4,0,0,0,0,42,26,0
/Users/kaiohs/Downloads/codes/lab02-experimentacao-software/data/repos/apache__groovy/src/main/java/org/codehaus/groovy/runtime/metaclass/ConcurrentReaderHashMap.java,org.codehaus.groovy.runtime.metaclass.ConcurrentReaderHashMap$KeyIterator,innerclass,1,1,0,1,1,2,0,0,0,0.0,NaN,NaN,1,0,0,0,1,0,1,0,0,0,0,0,0,0,0,0,0,0,0,5,1,0,0,0,0,0,0,0,0,0,0,0,0,0,9,4,0
/Users/kaiohs/Downloads/codes/lab02-experimentacao-software/data/repos/apache__groovy/subprojects/groovy-contracts/src/main/java/org/apache/groovy/contracts/util/Validate.java,org.apache.groovy.contracts.util.Validate,class,0,12,12,0,4,1,0,0,1,0.0,0.0,0.0,2,2,2,0,0,0,2,0,0,0,0,0,0,0,0,0,0,0,0,8,0,0,1,0,0,2,0,0,0,0,1,0,0,0,19,1,0
/Users/kaiohs/Downloads/codes/lab02-experimentacao-software/data/repos/apache__groovy/src/main/java/org/codehaus/groovy/classgen/asm/CompileStack.java,org.codehaus.groovy.classgen.asm.CompileStack,class,21,44,23,21,139,1,0,123,1109,0.92402583,0.0,0.0,55,1,45,8,0,2,48,0,0,0,27,0,0,27,0,0,11,0,16,571,28,16,34,0,6,44,21,126,11,77,5,0,4,1,356,1,0
/Users/kaiohs/Downloads/codes/lab02-experimentacao-software/data/repos/apache__groovy/src/test/groovy/bugs/groovy9742/CustomGroovyClassLoader.java,bugs.groovy9742.CustomGroovyClassLoader,class,4,5,1,4,2,2,0,3,1,0.0,0.0,0.0,2,0,2,0,0,0,2,0,0,0,0,0,0,0,0,0,0,0,1,10,1,0,0,0,0,0,0,2,0,2,0,0,0,0,23,1,0
/Users/kaiohs/Downloads/codes/lab02-experimentacao-software/data/repos/apache__groovy/subprojects/groovy-json/src/main/java/org/apache/groovy/json/internal/ValueMapImpl.java,org.apache.groovy.json.internal.ValueMapImpl,class,6,10,4,6,20,2,0,12,3,0.6,0.0,0.0,10,0,9,1,0,0,9,0,0,0,3,0,0,3,0,0,0,0,2,63,10,2,5,0,0,2,3,7,0,4,3,0,0,0,70,1,0
/Users/kaiohs/Downloads/codes/lab02-experimentacao-software/data/repos/apache__groovy/benchmark/bench/process.java,EndLink,class,1,2,1,1,3,3,0,1,0,0.25,0.0,0.0,2,0,1,0,0,1,2,0,0,0,2,0,1,1,0,0,0,0,0,12,0,1,0,0,0,0,1,3,0,2,1,0,0,0,7,0,0
/Users/kaiohs/Downloads/codes/lab02-experimentacao-software/data/repos/apache__groovy/subprojects/groovy-json/src/main/java/org/apache/groovy/json/internal/Type.java,org.apache.groovy.json.internal.Type,enum,0,5,5,0,0,1,0,0,0,0.0,-1.0,-1.0,0,0,0,0,0,0,0,0,0,0,0,0,0,0,0,0,0,0,0,1,0,0,0,0,0,0,0,0,0,0,0,0,0,0,6,1,0
/Users/kaiohs/Downloads/codes/lab02-experimentacao-software/data/repos/apache__groovy/src/main/java/org/codehaus/groovy/runtime/ProcessGroovyMethods.java,org.codehaus.groovy.runtime.ProcessGroovyMethods$TextDumper,innerclass,1,1,0,1,5,1,0,2,0,0.0,0.0,0.0,2,0,2,0,0,0,2,0,0,0,2,0,0,0,0,2,2,0,0,24,0,1,2,1,1,2,0,5,0,5,3,0,0,0,23,10,0
/Users/kaiohs/Downloads/codes/lab02-experimentacao-software/data/repos/apache__groovy/src/main/java/groovy/lang/GroovyClassLoader.java,groovy.lang.GroovyClassLoader,class,19,33,14,19,132,8,4,138,1196,0.92872113,0.0,0.0,53,6,29,12,12,0,42,0,0,0,9,3,0,7,2,0,7,0,16,656,51,9,35,14,3,24,17,96,10,76,4,1,3,5,439,1,0
/Users/kaiohs/Downloads/codes/lab02-experimentacao-software/data/repos/apache__groovy/src/main/java/groovy/ui/GroovyMain.java,groovy.ui.GroovyMain,class,15,18,3,15,52,1,0,68,81,0.8703705,0.0,0.0,18,9,7,8,1,2,10,0,0,0,15,2,0,15,0,0,2,0,15,330,15,5,3,8,2,26,2,40,4,46,2,0,3,0,197,1,0
/Users/kaiohs/Downloads/codes/lab02-experimentacao-software/data/repos/apache__groovy/benchmark/bench/threadring.java,threadring$Scheduler,innerclass,1,1,0,1,4,2,0,5,0,0.25,0.0,0.0,2,0,2,0,0,0,2,0,0,0,2,0,0,2,0,0,1,0,1,18,0,1,0,0,0,0,2,4,0,3,3,0,0,0,10,8,0
/Users/kaiohs/Downloads/codes/lab02-experimentacao-software/data/repos/apache__groovy/src/main/java/groovy/util/ScriptException.java,groovy.util.ScriptException,class,0,0,0,0,4,3,0,0,6,1.0,0.0,0.0,4,0,4,0,0,0,4,0,0,0,1,1,0,1,0,0,1,0,0,15,0,0,0,0,0,0,1,1,0,1,0,0,0,0,12,1,0
/Users/kaiohs/Downloads/codes/lab02-experimentacao-software/data/repos/apache__groovy/src/main/java/org/codehaus/groovy/util/ManagedConcurrentLinkedQueue.java,org.codehaus.groovy.util.ManagedConcurrentLinkedQueue,class,4,8,4,4,7,2,0,6,3,0.5833333,0.0,0.0,6,0,6,0,0,0,6,0,0,0,2,0,0,2,0,0,2,0,0,82,4,1,0,0,0,0,0,4,0,4,1,0,2,0,95,1,0
/Users/kaiohs/Downloads/codes/lab02-experimentacao-software/data/repos/apache__groovy/src/main/java/org/codehaus/groovy/ast/VariableScope.java,org.codehaus.groovy.ast.VariableScope,class,3,13,10,3,36,1,0,13,198,0.82,0.0,0.0,25,0,25,0,0,0,25,0,0,0,6,0,0,6,0,0,0,0,5,113,21,0,7,0,2,0,0,15,0,7,1,0,0,0,69,1,0
/Users/kaiohs/Downloads/codes/lab02-experimentacao-software/data/repos/apache__groovy/src/main/java/org/codehaus/groovy/runtime/dgmimpl/NumberNumberDiv.java,org.codehaus.groovy.runtime.dgmimpl.NumberNumberDiv$DoubleFloat,innerclass,5,5,0,5,4,7,0,3,1,0.0,0.0,0.0,2,0,2,0,0,0,2,0,1,0,0,0,0,0,0,0,0,0,0,15,2,0,0,1,1,0,1,0,1,0,2,0,0,0,19,10,0
/Users/kaiohs/Downloads/codes/lab02-experimentacao-software/data/repos/apache__groovy/src/test-fixtures/extmodule/src/main/java/org/codehaus/groovy/runtime/m12n/TestMapExtension.java,org.codehaus.groovy.runtime.m12n.TestMapExtension,class,0,0,0,0,1,1,0,1,0,0.0,NaN,NaN,1,1,1,0,0,0,1,0,0,0,0,0,0,0,0,0,0,0,0,5,1,0,0,0,0,0,0,0,0,0,0,0,0,0,5,1,0
/Users/kaiohs/Downloads/codes/lab02-experimentacao-software/data/repos/apache__groovy/src/main/java/org/apache/groovy/parser/antlr4/AstBuilder.java,org.apache.groovy.parser.antlr4.AstBuilder$PropertyExpander,innerclass,5,5,0,5,3,2,0,5,3,0.0,0.0,0.0,3,0,0,1,2,0,2,0,0,0,0,0,0,0,0,0,0,0,0,11,2,0,0,0,0,0,0,0,0,0,0,0,0,0,18,10,0
/Users/kaiohs/Downloads/codes/lab02-experimentacao-software/data/repos/apache__groovy/subprojects/groovy-ant/src/test/groovy/org/codehaus/groovy/ant/GroovyTest.java,org.codehaus.groovy.ant.GroovyTest,class,8,9,1,8,23,3,0,24,0,0.625,0.0,0.0,20,1,17,1,2,0,19,0,0,0,4,2,2,2,0,0,2,0,15,136,1,0,0,3,0,51,0,10,1,9,1,0,0,0,123,1,0
/Users/kaiohs/Downloads/codes/lab02-experimentacao-software/data/repos/apache__groovy/src/main/java/org/codehaus/groovy/runtime/callsite/ConstructorSite.java,org.codehaus.groovy.runtime.callsite.ConstructorSite,class,11,16,5,11,11,17,4,11,0,0.33333334,0.0,0.0,4,1,3,0,1,0,4,0,1,0,3,0,0,1,0,2,3,0,6,105,6,0,3,1,1,0,0,3,0,3,3,0,4,0,27,1,0
/Users/kaiohs/Downloads/codes/lab02-experimentacao-software/data/repos/apache__groovy/subprojects/groovy-json/src/main/java/groovy/json/JsonLexer.java,groovy.json.JsonLexer,class,7,10,3,7,39,1,0,30,9,0.83000004,0.0,0.0,10,1,8,2,0,0,8,0,0,0,10,8,0,10,0,0,9,0,4,145,14,3,15,3,2,16,10,34,6,29,5,0,0,0,152,1,0
/Users/kaiohs/Downloads/codes/lab02-experimentacao-software/data/repos/apache__groovy/subprojects/groovy-groovysh/src/main/groovy/org/apache/groovy/groovysh/jline/GroovyPosixCommands.java,PathEntry,innerclass,2,2,0,2,48,1,0,37,25,0.6666667,0.0,0.0,11,0,2,3,2,4,8,0,0,0,3,0,0,0,0,3,3,0,19,140,17,2,7,3,9,64,21,43,8,34,2,0,0,2,90,0,0
/Users/kaiohs/Downloads/codes/lab02-experimentacao-software/data/repos/apache__groovy/subprojects/groovy-console/src/main/groovy/groovy/console/ui/text/FindReplaceUtility.java,groovy.console.ui.text.FindReplaceUtility$ReplaceAllAction,innerclass,1,1,0,1,7,2,0,16,1,0.0,0.0,0.0,2,0,1,0,0,1,2,0,0,0,0,0,0,0,0,0,0,0,4,37,0,1,2,1,0,1,4,10,3,5,2,0,0,0,28,10,0
/Users/kaiohs/Downloads/codes/lab02-experimentacao-software/data/repos/apache__groovy/subprojects/groovy-groovydoc/src/main/java/org/apache/groovy/antlr/GroovydocVisitor.java,org.apache.groovy.antlr.GroovydocVisitor,class,33,35,2,33,99,2,0,126,124,0.83750004,0.0,0.0,20,0,9,10,1,0,10,0,0,0,8,2,0,8,0,0,5,0,7,309,19,11,12,0,4,41,18,60,12,47,3,0,0,0,127,1,0
/Users/kaiohs/Downloads/codes/lab02-experimentacao-software/data/repos/apache__groovy/src/main/java/org/codehaus/groovy/ast/stmt/ExpressionStatement.java,org.codehaus.groovy.ast.stmt.ExpressionStatement,class,3,15,12,3,7,3,0,3,0,0.16666667,0.0,0.0,6,0,6,0,0,0,6,0,0,0,1,0,0,1,0,0,0,0,0,24,3,0,1,0,0,3,0,2,1,1,1,0,0,0,32,1,0
/Users/kaiohs/Downloads/codes/lab02-experimentacao-software/data/repos/apache__groovy/subprojects/groovy-servlet/src/main/java/groovy/servlet/GroovyServlet.java,groovy.servlet.GroovyServlet$Anonymous1,anonymous,4,4,0,4,2,1,0,2,0,0.0,NaN,NaN,1,0,1,0,0,0,1,0,0,0,0,0,0,0,0,0,0,0,0,10,1,0,0,1,1,0,0,0,0,0,1,0,0,0,11,-1,0
/Users/kaiohs/Downloads/codes/lab02-experimentacao-software/data/repos/apache__groovy/benchmark/bench/except.java,Hi_Exception,class,0,1,1,0,2,3,0,0,0,0.0,0.0,0.0,2,0,2,0,0,0,2,0,0,0,1,0,0,0,0,1,0,0,0,9,1,0,0,0,0,1,1,2,1,1,0,0,0,0,6,0,0
/Users/kaiohs/Downloads/codes/lab02-experimentacao-software/data/repos/apache__groovy/src/main/java/org/codehaus/groovy/ast/decompiled/AsmDecompiler.java,org.codehaus.groovy.ast.decompiled.AsmDecompiler$DecompilingVisitor$Anonymous4,anonymous,5,5,0,5,2,1,0,3,1,0.0,0.0,0.0,2,0,2,0,0,0,2,0,0,0,0,0,0,0,0,0,0,0,2,8,2,0,0,0,0,0,0,0,0,0,0,0,0,0,9,-1,0
/Users/kaiohs/Downloads/codes/lab02-experimentacao-software/data/repos/apache__groovy/src/main/java/org/codehaus/groovy/ast/decompiled/AsmDecompiler.java,org.codehaus.groovy.ast.decompiled.AsmDecompiler$DecompilingVisitor$Anonymous2,anonymous,6,6,0,6,6,1,0,5,6,0.0,0.0,0.0,4,0,4,0,0,0,4,0,0,0,0,0,0,0,0,0,0,0,2,24,3,0,2,0,0,0,1,4,0,3,1,1,0,1,16,-1,0
/Users/kaiohs/Downloads/codes/lab02-experimentacao-software/data/repos/apache__groovy/subprojects/groovy-macro/src/main/groovy/org/codehaus/groovy/macro/transform/MacroClassTransformation.java,org.codehaus.groovy.macro.transform.MacroClassTransformation$MacroClassTransformer,innerclass,6,6,0,6,5,2,0,2,1,0.33333334,0.0,0.0,3,0,1,0,1,1,3,0,0,0,1,0,0,1,0,0,1,0,0,18,3,0,1,0,0,0,0,2,0,2,2,0,0,0,16,10,0
/Users/kaiohs/Downloads/codes/lab02-experimentacao-software/data/repos/apache__groovy/src/main/java/org/codehaus/groovy/runtime/dgmimpl/NumberNumberMinus.java,org.codehaus.groovy.runtime.dgmimpl.NumberNumberMinus$FloatDouble,innerclass,5,5,0,5,4,7,0,3,1,0.0,0.0,0.0,2,0,2,0,0,0,2,0,1,0,0,0,0,0,0,0,0,0,0,15,2,0,0,1,1,0,1,0,1,0,2,0,0,0,19,10,0
/Users/kaiohs/Downloads/codes/lab02-experimentacao-software/data/repos/apache__groovy/src/main/java/org/codehaus/groovy/classgen/asm/util/LoggableClassVisitor.java,org.codehaus.groovy.classgen.asm.util.LoggableClassVisitor,class,4,5,1,4,2,2,0,0,1,0.0,0.0,0.0,2,0,2,0,0,0,2,0,0,0,0,0,0,0,0,0,0,0,0,8,0,0,0,0,0,0,0,0,0,0,0,0,0,0,15,1,0
/Users/kaiohs/Downloads/codes/lab02-experimentacao-software/data/repos/apache__groovy/src/main/java/org/codehaus/groovy/transform/sc/transformers/StaticCompilationTransformer.java,org.codehaus.groovy.transform.sc.transformers.StaticCompilationTransformer,class,38,51,13,38,27,2,0,34,37,0.89411753,0.0,0.0,10,0,7,0,2,1,10,0,1,0,17,2,0,15,2,0,17,0,4,93,18,0,0,0,0,7,7,17,0,17,1,0,0,0,96,1,0
/Users/kaiohs/Downloads/codes/lab02-experimentacao-software/data/repos/apache__groovy/src/main/java/org/codehaus/groovy/transform/stc/DelegationMetadata.java,org.codehaus.groovy.transform.stc.DelegationMetadata,class,3,7,4,3,5,1,0,1,0,0.46666667,0.0,0.0,5,0,5,0,0,0,5,0,0,0,3,0,0,3,0,0,3,0,1,22,3,0,0,0,0,0,0,3,0,3,0,0,0,0,25,0,0
/Users/kaiohs/Downloads/codes/lab02-experimentacao-software/data/repos/apache__groovy/src/main/java/org/codehaus/groovy/runtime/dgmimpl/arrays/IntegerArrayGetAtMetaMethod.java,org.codehaus.groovy.runtime.dgmimpl.arrays.IntegerArrayGetAtMetaMethod,class,9,10,1,9,5,10,0,3,6,0.75,0.0,0.0,4,0,4,0,0,0,4,0,1,0,1,1,0,1,0,0,1,0,2,28,5,0,0,0,1,0,2,2,0,2,1,0,1,0,30,1,0
/Users/kaiohs/Downloads/codes/lab02-experimentacao-software/data/repos/apache__groovy/src/main/java/org/codehaus/groovy/transform/stc/TypeCheckingContext.java,org.codehaus.groovy.transform.stc.TypeCheckingContext,class,20,28,8,20,47,1,0,43,506,0.92921484,0.0,0.0,37,0,36,0,0,1,37,0,0,0,21,0,0,0,21,0,11,0,10,170,33,0,1,0,0,1,0,18,0,25,1,0,1,3,189,1,0
/Users/kaiohs/Downloads/codes/lab02-experimentacao-software/data/repos/apache__groovy/src/main/java/org/codehaus/groovy/tools/javac/JavaAwareCompilationUnit.java,org.codehaus.groovy.tools.javac.JavaAwareCompilationUnit$Anonymous1,anonymous,3,3,0,3,3,1,0,5,0,0.0,NaN,NaN,1,0,1,0,0,0,1,0,0,0,0,0,0,0,0,0,0,0,0,12,1,0,1,0,0,1,0,3,1,3,2,0,0,1,11,-1,0
/Users/kaiohs/Downloads/codes/lab02-experimentacao-software/data/repos/apache__groovy/src/main/java/org/codehaus/groovy/ast/decompiled/AsmDecompiler.java,org.codehaus.groovy.ast.decompiled.AsmDecompiler$DecompilingVisitor$Anonymous5,anonymous,4,4,0,4,1,1,0,2,0,0.0,NaN,NaN,1,0,1,0,0,0,1,0,0,0,0,0,0,0,0,0,0,0,1,5,1,0,0,0,0,0,0,0,0,0,0,0,0,0,7,-1,0
/Users/kaiohs/Downloads/codes/lab02-experimentacao-software/data/repos/apache__groovy/src/main/java/org/codehaus/groovy/control/io/FileReaderSource.java,org.codehaus.groovy.control.io.FileReaderSource,class,2,4,2,2,7,2,0,8,0,0.375,0.0,0.0,4,0,4,0,0,0,4,0,0,0,2,0,0,2,0,0,2,0,1,35,3,0,3,1,0,0,4,12,0,6,2,0,0,0,44,1,0
/Users/kaiohs/Downloads/codes/lab02-experimentacao-software/data/repos/apache__groovy/subprojects/groovy-macro-library/src/main/groovy/org/apache/groovy/macrolib/MacroLibGroovyMethods.java,org.apache.groovy.macrolib.MacroLibGroovyMethods,class,10,11,1,10,14,1,0,17,76,0.84615386,0.0,0.0,13,12,10,3,0,0,10,0,0,0,1,1,0,1,0,0,1,0,13,43,7,0,0,0,1,14,2,3,1,7,0,0,0,4,53,17,0
/Users/kaiohs/Downloads/codes/lab02-experimentacao-software/data/repos/apache__groovy/subprojects/groovy-astbuilder/src/main/java/org/apache/groovy/ast/builder/AstBuilderTransformation.java,org.apache.groovy.ast.builder.AstBuilderTransformation$AstBuilderInvocationTrap,innerclass,12,12,0,12,30,2,0,22,8,0.6,0.0,0.0,5,2,0,2,2,1,3,0,0,0,1,0,0,1,0,0,1,0,2,75,6,5,8,0,6,7,0,6,0,6,7,0,0,0,98,10,0
/Users/kaiohs/Downloads/codes/lab02-experimentacao-software/data/repos/apache__groovy/src/main/java/org/codehaus/groovy/runtime/ArrayGroovyMethods.java,org.codehaus.groovy.runtime.ArrayGroovyMethods,class,63,68,5,63,858,2,0,315,142305,0.994382,0.0,0.0,534,533,527,7,0,0,527,0,0,0,1,1,0,1,0,0,0,0,704,2891,556,169,32,0,8,174,438,568,130,395,2,0,0,0,768,1,0
/Users/kaiohs/Downloads/codes/lab02-experimentacao-software/data/repos/apache__groovy/src/main/java/groovy/lang/MissingClassException.java,groovy.lang.MissingClassException,class,3,3,0,3,3,5,0,1,0,0.5,0.0,0.0,3,0,3,0,0,0,3,0,0,0,2,1,0,2,0,0,2,0,0,15,1,0,0,0,0,4,1,3,2,2,0,0,0,0,53,1,0
/Users/kaiohs/Downloads/codes/lab02-experimentacao-software/data/repos/apache__groovy/src/test/java/org/apache/groovy/util/concurrent/concurrentlinkedhashmap/LinkedDequeTest.java,org.apache.groovy.util.concurrent.concurrentlinkedhashmap.LinkedDequeTest,class,4,4,0,4,65,1,0,43,0,0.0,0.0,0.0,62,0,0,0,0,62,62,0,0,0,1,0,0,1,0,0,0,0,4,396,0,2,1,0,0,74,16,71,0,71,1,0,1,9,69,16,0
/Users/kaiohs/Downloads/codes/lab02-experimentacao-software/data/repos/apache__groovy/src/main/java/org/codehaus/groovy/runtime/callsite/ConstructorMetaClassSite.java,org.codehaus.groovy.runtime.callsite.ConstructorMetaClassSite,class,5,5,0,5,4,3,0,4,1,0.0,0.0,0.0,2,0,2,0,0,0,2,0,0,0,0,0,0,0,0,0,0,0,2,18,2,0,1,1,0,0,0,0,0,0,2,0,0,0,15,1,0
/Users/kaiohs/Downloads/codes/lab02-experimentacao-software/data/repos/apache__groovy/subprojects/groovy-groovydoc/src/test/groovy/org/codehaus/groovy/tools/groovydoc/testfiles/JavaClassWithDiamond.java,org.codehaus.groovy.tools.groovydoc.testfiles.JavaClassWithDiamond,class,0,0,0,0,1,1,0,0,0,1.0,NaN,NaN,1,0,1,0,0,0,1,1,0,0,1,0,1,0,0,0,0,0,0,4,0,0,0,0,0,0,0,1,0,1,0,0,0,0,9,1025,0
/Users/kaiohs/Downloads/codes/lab02-experimentacao-software/data/repos/apache__groovy/benchmark/bench/chameneos.java,chameneos$MeetingPlace,innerclass,1,1,0,1,4,1,0,4,0,0.0,0.0,0.0,2,0,2,0,0,0,2,0,0,0,2,0,0,0,0,2,0,0,0,27,0,0,1,0,0,0,1,4,0,2,3,0,0,0,10,1,0
/Users/kaiohs/Downloads/codes/lab02-experimentacao-software/data/repos/apache__groovy/src/test/groovy/org/codehaus/groovy/ast/decompiled/AsmDecompilerTestData.java,org.codehaus.groovy.ast.decompiled.NonTrivialErasure,class,1,1,0,1,1,1,0,0,0,0.0,NaN,NaN,1,0,0,0,0,1,1,1,0,0,1,0,0,0,0,1,0,0,0,4,0,0,0,0,0,1,0,0,0,1,0,0,0,0,6,1024,0
/Users/kaiohs/Downloads/codes/lab02-experimentacao-software/data/repos/apache__groovy/src/main/java/org/codehaus/groovy/syntax/ReadException.java,org.codehaus.groovy.syntax.ReadException,class,2,3,1,2,7,2,0,5,0,0.6,0.0,0.0,5,0,5,0,0,0,5,0,0,0,2,1,0,2,0,0,2,0,0,25,3,0,1,0,0,0,1,5,0,3,1,0,0,0,24,1,0
/Users/kaiohs/Downloads/codes/lab02-experimentacao-software/data/repos/apache__groovy/subprojects/groovy-templates/src/main/groovy/groovy/text/markup/MarkupTemplateEngine.java,groovy.text.markup.MarkupTemplateEngine$CachingTemplateResolver,innerclass,2,2,0,2,7,2,0,5,2,0.5,0.0,0.0,4,0,4,0,0,0,4,0,0,0,2,0,0,0,2,0,1,0,0,27,2,0,1,0,0,0,0,5,0,4,2,0,0,0,67,9,0
/Users/kaiohs/Downloads/codes/lab02-experimentacao-software/data/repos/apache__groovy/src/main/java/org/codehaus/groovy/transform/AnnotationCollectorTransform.java,org.codehaus.groovy.transform.AnnotationCollectorTransform,class,17,21,4,17,48,1,1,62,89,0.89285713,0.0,0.0,14,10,1,11,2,0,3,0,0,0,2,2,0,2,0,0,2,0,24,266,22,10,5,1,1,13,7,41,5,39,3,0,1,0,151,1,0
/Users/kaiohs/Downloads/codes/lab02-experimentacao-software/data/repos/apache__groovy/src/main/java/org/codehaus/groovy/runtime/metaclass/MethodMetaProperty.java,org.codehaus.groovy.runtime.metaclass.MethodMetaProperty,class,3,7,4,3,4,6,4,0,4,0.5,0.0,0.0,4,0,4,0,0,0,4,0,0,0,1,0,0,1,0,0,1,0,0,32,1,0,0,0,0,0,0,1,0,1,0,0,2,0,26,1,0
/Users/kaiohs/Downloads/codes/lab02-experimentacao-software/data/repos/apache__groovy/src/main/java/org/apache/groovy/util/concurrent/concurrentlinkedhashmap/Weighers.java,org.apache.groovy.util.concurrent.concurrentlinkedhashmap.Weighers$EntryWeigherView,innerclass,5,5,0,5,2,1,0,2,0,0.5,0.0,0.0,2,0,1,0,0,1,2,0,0,0,2,1,0,1,0,1,2,0,1,11,1,0,0,0,0,0,1,2,0,2,0,0,0,0,15,24,0
/Users/kaiohs/Downloads/codes/lab02-experimentacao-software/data/repos/apache__groovy/src/main/java/org/codehaus/groovy/ast/decompiled/MemberSignatureParser.java,org.codehaus.groovy.ast.decompiled.MemberSignatureParser,class,23,25,2,23,23,1,0,21,6,0.0,0.0,0.0,4,4,0,2,0,2,2,0,0,0,0,0,0,0,0,0,0,0,9,121,4,6,9,0,1,2,15,37,1,23,4,2,0,0,56,0,0
/Users/kaiohs/Downloads/codes/lab02-experimentacao-software/data/repos/apache__groovy/subprojects/groovy-macro/src/main/groovy/org/codehaus/groovy/macro/matcher/ContextualClassCodeVisitor.java,org.codehaus.groovy.macro.matcher.ContextualClassCodeVisitor$Anonymous1,anonymous,3,3,0,3,4,1,0,2,1,0.0,0.0,0.0,2,0,1,0,1,0,2,0,0,0,0,0,0,0,0,0,0,0,0,14,3,0,2,0,0,0,0,1,0,1,2,0,0,0,8,-1,0
/Users/kaiohs/Downloads/codes/lab02-experimentacao-software/data/repos/apache__groovy/benchmark/bench/echo.java,EchoClient,class,1,2,1,1,6,2,0,11,0,0.125,0.0,0.0,2,0,2,0,0,0,2,0,0,0,4,1,0,4,0,0,4,0,0,36,0,1,0,2,0,4,1,12,1,11,3,0,0,0,39,0,0
/Users/kaiohs/Downloads/codes/lab02-experimentacao-software/data/repos/apache__groovy/subprojects/groovy-xml/src/test/groovy/groovy/xml/TestXmlSupport.java,groovy.xml.TestXmlSupport,class,6,6,0,6,2,3,0,1,1,0.0,0.0,0.0,2,0,0,0,2,0,2,0,2,0,0,0,0,0,0,0,0,0,0,19,1,0,0,0,0,0,0,0,0,0,0,0,1,0,15,1025,0
/Users/kaiohs/Downloads/codes/lab02-experimentacao-software/data/repos/apache__groovy/src/test/groovy/groovy/inspect/InspectorTest.java,groovy.inspect.InspectorTest,class,8,9,1,8,29,1,0,40,190,1.0,0.0,0.0,20,6,15,5,0,0,15,0,0,0,2,1,2,0,0,0,1,0,23,196,4,4,1,1,1,187,20,67,4,67,3,2,1,1,121,1,0
/Users/kaiohs/Downloads/codes/lab02-experimentacao-software/data/repos/apache__groovy/src/test/groovy/org/codehaus/groovy/dummy/Groovy8144BBase.java,org.codehaus.groovy.dummy.Groovy8144BBase,class,0,1,1,0,1,1,1,0,0,0.0,NaN,NaN,1,0,1,0,0,0,1,0,0,0,0,0,0,0,0,0,0,0,0,5,1,0,0,0,0,0,1,0,0,0,0,0,0,0,4,1025,0
/Users/kaiohs/Downloads/codes/lab02-experimentacao-software/data/repos/apache__groovy/subprojects/groovy-ginq/src/main/groovy/org/apache/groovy/ginq/dsl/expression/FromExpression.java,org.apache.groovy.ginq.dsl.expression.FromExpression,class,6,11,5,6,7,4,0,4,15,0.0,0.0,0.0,6,0,6,0,0,0,6,0,0,0,0,0,0,0,0,0,0,0,0,20,4,0,0,0,1,5,0,0,3,0,0,0,0,0,27,1,0
/Users/kaiohs/Downloads/codes/lab02-experimentacao-software/data/repos/apache__groovy/subprojects/groovy-json/src/main/java/org/apache/groovy/json/internal/NumberValue.java,org.apache.groovy.json.internal.NumberValue,class,11,14,3,11,49,2,0,26,140,0.68666667,0.0,0.0,25,1,24,1,0,0,24,0,2,0,6,0,0,6,0,0,1,0,21,153,33,1,13,2,5,7,11,22,16,9,2,0,0,0,71,1,0
/Users/kaiohs/Downloads/codes/lab02-experimentacao-software/data/repos/apache__groovy/src/main/java/org/codehaus/groovy/runtime/callsite/MetaClassConstructorSite.java,org.codehaus.groovy.runtime.callsite.MetaClassConstructorSite,class,6,7,1,6,5,3,0,6,0,0.0,0.0,0.0,2,0,2,0,0,0,2,0,0,0,2,0,0,2,0,0,2,0,2,18,2,0,2,1,0,0,0,2,0,2,2,0,0,0,24,1,0
/Users/kaiohs/Downloads/codes/lab02-experimentacao-software/data/repos/apache__groovy/src/main/java/org/codehaus/groovy/classgen/FinalVariableAnalyzer.java,org.codehaus.groovy.classgen.FinalVariableAnalyzer$VariableNotFinalCallback,interface,3,3,0,3,2,1,0,0,1,0.0,0.0,0.0,2,0,0,0,0,2,2,0,0,0,0,0,0,0,0,0,0,0,0,4,0,0,0,0,0,0,0,0,0,0,0,0,0,0,41,1,0
/Users/kaiohs/Downloads/codes/lab02-experimentacao-software/data/repos/apache__groovy/src/main/java/org/codehaus/groovy/runtime/callsite/PogoMetaMethodSite.java,org.codehaus.groovy.runtime.callsite.PogoMetaMethodSite$PogoMetaMethodSiteNoUnwrap,innerclass,5,5,0,5,3,6,0,2,1,0.0,0.0,0.0,2,0,2,0,0,0,2,0,1,0,0,0,0,0,0,0,0,0,1,13,1,0,0,1,0,0,0,0,0,0,1,0,0,0,29,9,0
/Users/kaiohs/Downloads/codes/lab02-experimentacao-software/data/repos/apache__groovy/src/main/java/org/codehaus/groovy/vmplugin/v9/PluginDefaultGroovyMethods.java,org.codehaus.groovy.vmplugin.v9.PluginDefaultGroovyMethods,class,1,2,1,1,16,2,0,3,120,0.0,0.0,0.0,16,15,15,1,0,0,15,0,0,0,0,0,0,0,0,0,0,0,0,49,0,0,0,0,0,0,0,0,0,0,0,0,0,0,36,1,0
/Users/kaiohs/Downloads/codes/lab02-experimentacao-software/data/repos/apache__groovy/src/main/java/org/apache/groovy/parser/antlr4/SyntaxErrorReportable.java,org.apache.groovy.parser.antlr4.SyntaxErrorReportable,interface,4,7,3,4,15,1,0,14,78,0.9230769,0.0,0.0,13,0,0,0,0,13,13,0,0,0,1,0,0,0,0,1,0,0,0,40,3,0,0,0,1,1,6,2,3,2,1,0,0,0,35,1,0
/Users/kaiohs/Downloads/codes/lab02-experimentacao-software/data/repos/apache__groovy/src/main/java/org/codehaus/groovy/ast/stmt/LoopingStatement.java,org.codehaus.groovy.ast.stmt.LoopingStatement,interface,1,4,3,1,2,1,0,0,1,0.0,0.0,0.0,2,0,0,0,0,2,2,0,0,0,0,0,0,0,0,0,0,0,0,4,0,0,0,0,0,0,0,0,0,0,0,0,0,0,37,1,0
/Users/kaiohs/Downloads/codes/lab02-experimentacao-software/data/repos/apache__groovy/src/main/java/org/codehaus/groovy/ast/RecordComponentNode.java,org.codehaus.groovy.ast.RecordComponentNode,class,4,9,5,4,9,3,0,7,0,0.33333334,0.0,0.0,6,0,6,0,0,0,6,0,0,0,2,0,0,2,0,0,2,0,2,29,6,1,1,0,1,0,0,2,0,2,1,0,0,0,27,1,0
/Users/kaiohs/Downloads/codes/lab02-experimentacao-software/data/repos/apache__groovy/src/main/java/org/codehaus/groovy/classgen/Verifier.java,org.codehaus.groovy.classgen.Verifier$SwapInitStatement$SwapInitInstruction,innerclass,5,5,0,5,1,2,0,2,0,0.0,NaN,NaN,1,0,1,0,0,0,1,0,0,0,1,0,0,1,0,0,0,0,0,6,0,0,0,0,0,0,0,0,0,1,0,0,0,0,10,10,0
/Users/kaiohs/Downloads/codes/lab02-experimentacao-software/data/repos/apache__groovy/src/main/java/org/apache/groovy/util/concurrent/concurrentlinkedhashmap/ConcurrentLinkedHashMap.java,org.apache.groovy.util.concurrent.concurrentlinkedhashmap.ConcurrentLinkedHashMap$ValueIterator,innerclass,4,4,0,4,4,1,0,7,0,0.33333334,0.0,0.0,3,0,3,0,0,0,3,0,0,0,2,0,0,0,0,2,1,0,1,16,2,0,1,0,0,0,0,3,0,2,0,0,0,0,19,16,0
/Users/kaiohs/Downloads/codes/lab02-experimentacao-software/data/repos/apache__groovy/src/main/java/groovy/inspect/Inspector.java,groovy.inspect.Inspector,class,7,9,2,7,50,1,0,72,251,0.875817,0.0,0.0,27,8,15,3,8,1,24,0,0,0,17,16,16,0,1,0,16,0,27,277,26,14,5,2,3,16,34,129,16,75,2,0,2,0,142,1,0
/Users/kaiohs/Downloads/codes/lab02-experimentacao-software/data/repos/apache__groovy/src/main/java/org/apache/groovy/util/concurrent/concurrentlinkedhashmap/ConcurrentLinkedHashMap.java,org.apache.groovy.util.concurrent.concurrentlinkedhashmap.ConcurrentLinkedHashMap$DrainStatus$Anonymous1,anonymous,0,0,0,0,1,1,0,0,0,0.0,NaN,NaN,1,0,0,0,0,1,1,0,0,0,0,0,0,0,0,0,0,0,0,5,1,0,0,0,0,0,0,0,0,0,0,0,0,0,4,-1,0
/Users/kaiohs/Downloads/codes/lab02-experimentacao-software/data/repos/apache__groovy/src/main/java/org/apache/groovy/util/concurrent/concurrentlinkedhashmap/ConcurrentLinkedHashMap.java,org.apache.groovy.util.concurrent.concurrentlinkedhashmap.ConcurrentLinkedHashMap$DrainStatus$Anonymous2,anonymous,0,0,0,0,1,1,0,0,0,0.0,NaN,NaN,1,0,0,0,0,1,1,0,0,0,0,0,0,0,0,0,0,0,0,5,1,0,0,0,0,0,0,0,0,0,0,0,0,0,5,-1,0
/Users/kaiohs/Downloads/codes/lab02-experimentacao-software/data/repos/apache__groovy/src/main/java/org/codehaus/groovy/tools/GrapeUtil.java,org.codehaus.groovy.tools.GrapeUtil,class,0,1,1,0,11,1,0,4,0,0.0,NaN,NaN,1,1,1,0,0,0,1,0,0,0,0,0,0,0,0,0,0,0,0,22,3,0,0,0,0,11,14,6,0,3,2,0,0,0,9,1,0
/Users/kaiohs/Downloads/codes/lab02-experimentacao-software/data/repos/apache__groovy/src/main/java/org/apache/groovy/util/concurrent/concurrentlinkedhashmap/ConcurrentLinkedHashMap.java,org.apache.groovy.util.concurrent.concurrentlinkedhashmap.ConcurrentLinkedHashMap$DrainStatus$Anonymous3,anonymous,0,0,0,0,1,1,0,0,0,0.0,NaN,NaN,1,0,0,0,0,1,1,0,0,0,0,0,0,0,0,0,0,0,0,5,1,0,0,0,0,0,0,0,0,0,0,0,0,0,5,-1,0
/Users/kaiohs/Downloads/codes/lab02-experimentacao-software/data/repos/apache__groovy/subprojects/groovy-xml/src/main/java/org/apache/groovy/xml/extensions/XmlExtensions.java,org.apache.groovy.xml.extensions.XmlExtensions,class,4,4,0,4,2,1,0,2,1,0.0,0.0,0.0,2,2,2,0,0,0,2,0,0,0,0,0,0,0,0,0,0,0,0,20,2,0,0,0,0,2,0,0,0,0,0,1,0,0,65,1,0
/Users/kaiohs/Downloads/codes/lab02-experimentacao-software/data/repos/apache__groovy/src/main/java/org/codehaus/groovy/tools/shell/util/MessageSource.java,org.codehaus.groovy.tools.shell.util.MessageSource,class,2,3,1,2,23,2,0,8,43,0.85,0.0,0.0,10,1,7,3,0,0,7,0,0,0,2,0,0,2,0,0,1,0,3,67,6,3,11,1,0,0,4,12,0,9,3,0,0,0,57,1,0
/Users/kaiohs/Downloads/codes/lab02-experimentacao-software/data/repos/apache__groovy/subprojects/groovy-swing/src/main/groovy/groovy/swing/binding/JTableProperties.java,groovy.swing.binding.JTableSelectedElementBinding,class,4,5,1,4,5,3,0,9,8,0.6,0.0,0.0,5,0,4,0,1,0,5,0,0,2,1,0,0,0,0,1,0,0,0,24,0,0,0,0,3,2,0,2,0,1,0,0,0,0,28,0,0
/Users/kaiohs/Downloads/codes/lab02-experimentacao-software/data/repos/apache__groovy/subprojects/groovy-xml/src/main/java/groovy/xml/slurpersupport/GPathResult.java,groovy.xml.slurpersupport.GPathResult$Anonymous1,anonymous,2,2,0,2,4,1,0,4,6,0.0,0.0,0.0,4,0,4,0,0,0,4,0,0,0,0,0,0,0,0,0,0,0,0,14,2,0,0,0,0,2,0,0,2,0,0,0,0,0,11,-1,0
/Users/kaiohs/Downloads/codes/lab02-experimentacao-software/data/repos/apache__groovy/src/test/groovy/org/codehaus/groovy/benchmarks/vm5/b2394/Builder.java,org.codehaus.groovy.benchmarks.vm5.b2394.Builder,class,0,1,1,0,1,1,0,0,0,0.0,NaN,NaN,1,0,1,0,0,0,1,0,0,0,0,0,0,0,0,0,0,0,0,4,0,0,0,0,0,0,0,0,0,0,0,0,0,0,3,1,0
/Users/kaiohs/Downloads/codes/lab02-experimentacao-software/data/repos/apache__groovy/subprojects/groovy-xml/src/main/java/groovy/xml/slurpersupport/GPathResult.java,groovy.xml.slurpersupport.GPathResult$Anonymous2,anonymous,1,1,0,1,1,1,0,3,0,0.0,NaN,NaN,1,0,1,0,0,0,1,0,0,0,0,0,0,0,0,0,0,0,0,9,0,0,0,0,0,4,0,1,0,1,0,0,0,0,10,-1,0
/Users/kaiohs/Downloads/codes/lab02-experimentacao-software/data/repos/apache__groovy/subprojects/groovy-xml/src/main/java/groovy/xml/slurpersupport/GPathResult.java,groovy.xml.slurpersupport.GPathResult$Anonymous3,anonymous,2,2,0,2,7,1,0,11,0,0.625,0.0,0.0,4,0,3,1,0,0,3,0,0,0,4,0,0,4,0,0,2,0,0,37,4,1,1,1,0,0,2,9,0,6,1,0,0,0,25,-1,0
/Users/kaiohs/Downloads/codes/lab02-experimentacao-software/data/repos/apache__groovy/subprojects/groovy-console/src/main/groovy/groovy/console/ui/text/FindReplaceUtility.java,groovy.console.ui.text.FindReplaceUtility$Anonymous2,anonymous,0,0,0,0,2,1,0,2,0,0.0,NaN,NaN,1,0,1,0,0,0,1,0,0,0,0,0,0,0,0,0,0,0,0,7,0,0,1,0,0,0,0,0,0,0,1,0,0,0,5,-1,0
/Users/kaiohs/Downloads/codes/lab02-experimentacao-software/data/repos/apache__groovy/subprojects/groovy-xml/src/main/java/groovy/xml/slurpersupport/GPathResult.java,groovy.xml.slurpersupport.GPathResult$Anonymous4,anonymous,2,2,0,2,11,1,0,10,0,0.5833333,0.0,0.0,4,0,3,1,0,0,3,0,0,0,3,0,0,3,0,0,1,0,0,51,4,3,1,1,0,0,4,12,0,8,4,0,0,0,28,-1,0
/Users/kaiohs/Downloads/codes/lab02-experimentacao-software/data/repos/apache__groovy/subprojects/groovy-console/src/main/groovy/groovy/console/ui/text/FindReplaceUtility.java,groovy.console.ui.text.FindReplaceUtility$Anonymous1,anonymous,0,0,0,0,1,1,0,4,0,0.0,NaN,NaN,1,0,1,0,0,0,1,0,0,0,0,0,0,0,0,0,0,0,0,6,0,0,0,0,0,0,0,2,0,0,0,0,0,0,11,-1,0
/Users/kaiohs/Downloads/codes/lab02-experimentacao-software/data/repos/apache__groovy/subprojects/groovy-xml/src/main/java/groovy/xml/slurpersupport/GPathResult.java,groovy.xml.slurpersupport.GPathResult$Anonymous5,anonymous,4,4,0,4,3,1,0,6,0,0.0,NaN,NaN,1,0,1,0,0,0,1,0,0,0,0,0,0,0,0,0,0,0,0,17,0,1,0,0,0,4,1,4,0,4,2,0,0,0,19,-1,0
/Users/kaiohs/Downloads/codes/lab02-experimentacao-software/data/repos/apache__groovy/subprojects/groovy-xml/src/main/java/groovy/xml/slurpersupport/GPathResult.java,groovy.xml.slurpersupport.GPathResult$Anonymous6,anonymous,0,0,0,0,4,1,0,0,1,0.33333334,0.0,0.0,3,0,3,0,0,0,3,0,0,0,1,0,0,1,0,0,0,0,0,17,2,0,0,1,1,0,0,2,0,1,1,0,0,0,12,-1,0
/Users/kaiohs/Downloads/codes/lab02-experimentacao-software/data/repos/apache__groovy/subprojects/groovy-swing/src/main/java/org/apache/groovy/swing/binding/PropertyBinding.java,org.apache.groovy.swing.binding.PropertyBinding$UpdateStrategy,enum,1,1,0,1,7,1,0,1,0,0.0,NaN,NaN,1,1,1,0,0,0,1,0,0,0,0,0,0,0,0,0,0,0,0,22,7,0,0,0,0,6,0,0,0,0,1,0,0,0,21,1,0
/Users/kaiohs/Downloads/codes/lab02-experimentacao-software/data/repos/apache__groovy/src/test/groovy/bugs/groovy8468/FactoryImpl.java,bugs.groovy8468.FactoryImpl,class,2,2,0,2,1,1,0,1,0,0.0,NaN,NaN,1,0,1,0,0,0,1,0,0,0,0,0,0,0,0,0,0,0,1,5,1,0,0,0,0,1,1,0,0,0,0,0,0,0,6,1,0
/Users/kaiohs/Downloads/codes/lab02-experimentacao-software/data/repos/apache__groovy/subprojects/groovy-jmx/src/main/java/groovy/jmx/builder/JmxEventEmitterMBean.java,groovy.jmx.builder.JmxEventEmitterMBean,interface,0,1,1,0,3,1,0,0,3,0.0,0.0,0.0,3,0,0,0,0,3,3,0,0,0,0,0,0,0,0,0,0,0,0,5,0,0,0,0,0,0,0,0,0,0,0,0,0,0,42,1,0
/Users/kaiohs/Downloads/codes/lab02-experimentacao-software/data/repos/apache__groovy/src/main/java/org/codehaus/groovy/transform/sc/transformers/VariableExpressionTransformer.java,org.codehaus.groovy.transform.sc.transformers.VariableExpressionTransformer,class,8,10,2,8,21,1,0,29,10,0.0,NaN,NaN,5,4,0,4,0,1,1,0,0,0,0,0,0,0,0,0,0,0,4,72,10,0,11,0,0,4,1,16,0,12,1,0,0,0,41,0,0
/Users/kaiohs/Downloads/codes/lab02-experimentacao-software/data/repos/apache__groovy/src/main/java/groovy/util/ObservableList.java,groovy.util.ObservableList$MultiElementRemovedEvent,innerclass,1,1,0,1,3,3,0,2,0,0.5,0.0,0.0,2,0,2,0,0,0,2,0,0,0,2,1,0,2,0,0,1,0,1,13,1,0,1,0,0,0,2,2,0,2,1,0,0,0,18,9,0
/Users/kaiohs/Downloads/codes/lab02-experimentacao-software/data/repos/apache__groovy/src/main/java/org/codehaus/groovy/runtime/dgmimpl/arrays/LongArrayGetAtMetaMethod.java,org.codehaus.groovy.runtime.dgmimpl.arrays.LongArrayGetAtMetaMethod$MyPojoMetaMethodSite,innerclass,6,6,0,6,5,6,0,3,1,0.0,0.0,0.0,2,0,2,0,0,0,2,0,0,0,0,0,0,0,0,0,0,0,1,11,2,0,0,0,1,0,0,0,0,0,1,0,0,0,16,10,0
/Users/kaiohs/Downloads/codes/lab02-experimentacao-software/data/repos/apache__groovy/src/main/java/org/apache/groovy/util/concurrent/concurrentlinkedhashmap/Weighers.java,org.apache.groovy.util.concurrent.concurrentlinkedhashmap.Weighers$SingletonWeigher,enum,1,1,0,1,1,1,0,0,0,0.0,NaN,NaN,1,0,1,0,0,0,1,0,0,0,0,0,0,0,0,0,0,0,0,4,1,0,0,0,0,0,1,0,0,0,0,0,0,0,14,0,0
/Users/kaiohs/Downloads/codes/lab02-experimentacao-software/data/repos/apache__groovy/subprojects/groovy-json/src/main/java/groovy/json/JsonTokenType.java,groovy.json.JsonTokenType,enum,2,6,4,2,8,1,0,5,2,0.5,0.0,0.0,5,1,4,0,0,1,5,0,0,0,2,0,0,2,0,0,2,0,1,40,7,0,0,0,2,21,0,3,0,3,1,1,0,0,129,1,0
/Users/kaiohs/Downloads/codes/lab02-experimentacao-software/data/repos/apache__groovy/src/main/java/org/codehaus/groovy/ast/stmt/ForStatement.java,org.codehaus.groovy.ast.stmt.ForStatement,class,10,16,6,10,15,3,0,7,33,0.78571427,0.0,0.0,14,0,14,0,0,0,14,0,0,0,6,2,1,5,0,0,3,0,3,53,7,0,1,0,0,4,0,7,0,7,0,0,0,0,90,1,0
/Users/kaiohs/Downloads/codes/lab02-experimentacao-software/data/repos/apache__groovy/src/main/java/groovy/lang/GroovyClassLoader.java,groovy.lang.GroovyClassLoader$TimestampAdder,innerclass,7,7,0,7,6,1,0,7,3,1.0,0.0,0.0,3,0,1,1,1,0,2,0,0,0,1,1,0,1,0,0,1,0,2,20,0,0,2,0,0,0,1,3,1,2,1,0,0,0,33,10,0
/Users/kaiohs/Downloads/codes/lab02-experimentacao-software/data/repos/apache__groovy/src/main/java/org/codehaus/groovy/runtime/callsite/BooleanClosurePredicate.java,org.codehaus.groovy.runtime.callsite.BooleanClosurePredicate,class,3,3,0,3,2,1,0,1,0,0.0,0.0,0.0,2,0,2,0,0,0,2,0,0,0,2,0,0,2,0,0,2,0,0,11,1,0,0,0,0,3,0,2,0,2,0,0,0,0,14,1,0
/Users/kaiohs/Downloads/codes/lab02-experimentacao-software/data/repos/apache__groovy/subprojects/groovy-groovysh/src/main/groovy/org/apache/groovy/groovysh/jline/GroovyEngine.java,org.apache.groovy.groovysh.jline.GroovyEngine$ImportCompleter,innerclass,7,7,0,7,15,1,0,21,0,0.0,0.0,0.0,2,0,2,0,0,0,2,0,0,0,2,0,0,2,0,0,2,0,4,38,1,2,2,1,0,4,8,8,4,7,4,0,0,0,32,10,0
/Users/kaiohs/Downloads/codes/lab02-experimentacao-software/data/repos/apache__groovy/src/test/groovy/bugs/groovy9742/DelegatingGroovyClassLoader.java,bugs.groovy9742.DelegatingGroovyClassLoader,class,2,3,1,2,9,2,0,9,1,0.44444445,0.0,0.0,3,0,1,1,1,0,3,0,0,0,3,1,1,2,0,0,2,0,0,43,4,0,1,2,0,2,1,6,1,6,3,0,0,0,33,1,0
/Users/kaiohs/Downloads/codes/lab02-experimentacao-software/data/repos/apache__groovy/src/main/java/org/codehaus/groovy/transform/SealedASTTransformation.java,org.codehaus.groovy.transform.SealedASTTransformation,class,18,21,3,18,20,2,0,30,4,0.75,0.0,0.0,4,3,3,1,0,0,3,0,0,0,6,6,1,5,0,0,6,0,3,77,7,0,7,0,0,12,3,22,5,21,4,0,0,1,116,1,0
/Users/kaiohs/Downloads/codes/lab02-experimentacao-software/data/repos/apache__groovy/src/main/java/org/codehaus/groovy/runtime/dgmimpl/NumberNumberMultiply.java,org.codehaus.groovy.runtime.dgmimpl.NumberNumberMultiply$FloatFloat,innerclass,5,5,0,5,4,7,0,3,1,0.0,0.0,0.0,2,0,2,0,0,0,2,0,1,0,0,0,0,0,0,0,0,0,0,15,2,0,0,1,2,0,1,0,1,0,2,0,0,0,18,10,0
/Users/kaiohs/Downloads/codes/lab02-experimentacao-software/data/repos/apache__groovy/src/test/groovy/groovy/io/PlatformLineWriterTest.java,groovy.io.PlatformLineWriterTest,class,4,4,0,4,1,2,0,8,0,0.0,NaN,NaN,1,0,1,0,0,0,1,0,0,0,0,0,0,0,0,0,0,0,1,19,0,0,0,0,0,10,0,7,2,5,0,0,0,0,22,1,0
/Users/kaiohs/Downloads/codes/lab02-experimentacao-software/data/repos/apache__groovy/src/test/groovy/org/codehaus/groovy/runtime/JdkDynamicProxyInvocationHandler.java,org.codehaus.groovy.runtime.JdkDynamicProxyInvocationHandler,class,1,3,2,1,3,1,0,5,1,0.33333334,0.0,0.0,3,1,2,1,0,0,2,0,0,0,1,0,0,0,0,1,0,0,1,13,2,0,0,0,0,0,0,2,0,2,0,0,0,0,17,1,0
/Users/kaiohs/Downloads/codes/lab02-experimentacao-software/data/repos/apache__groovy/src/main/java/org/codehaus/groovy/ast/expr/NotExpression.java,org.codehaus.groovy.ast.expr.NotExpression,class,5,9,4,5,5,4,0,6,10,0.0,0.0,0.0,5,0,5,0,0,0,5,0,0,0,0,0,0,0,0,0,0,0,0,20,3,0,0,0,0,2,0,1,1,1,0,0,0,0,18,1,0
/Users/kaiohs/Downloads/codes/lab02-experimentacao-software/data/repos/apache__groovy/src/main/java/groovy/io/LineColumnReader.java,groovy.io.LineColumnReader,class,2,3,1,2,33,3,0,11,99,0.7888889,0.0,0.0,18,0,18,0,0,0,18,0,0,0,5,0,0,5,0,0,0,0,0,106,12,3,10,0,0,1,15,29,2,14,4,0,0,0,169,1,0
/Users/kaiohs/Downloads/codes/lab02-experimentacao-software/data/repos/apache__groovy/src/main/java/groovy/lang/Sequence.java,groovy.lang.Sequence,class,4,6,2,4,39,4,1,28,182,0.8333334,0.0,0.0,24,0,21,0,3,0,24,0,0,0,4,1,0,4,0,0,2,0,0,136,17,4,7,1,1,3,16,21,1,10,3,0,0,0,101,1,0
/Users/kaiohs/Downloads/codes/lab02-experimentacao-software/data/repos/apache__groovy/src/main/java/org/codehaus/groovy/reflection/CachedClass.java,org.codehaus.groovy.reflection.CachedClass,class,18,44,26,18,72,1,8,52,406,0.921875,0.0,0.0,32,2,27,5,0,0,27,0,1,0,20,2,8,10,0,2,15,0,9,381,37,8,26,0,2,5,12,56,2,47,5,8,2,0,121,1,0
/Users/kaiohs/Downloads/codes/lab02-experimentacao-software/data/repos/apache__groovy/src/test/groovy/org/codehaus/groovy/runtime/methoddispatching/vm8/FooThree.java,org.codehaus.groovy.runtime.methoddispatching.vm8.BarThree,class,1,1,0,1,3,1,0,1,3,0.0,0.0,0.0,3,3,0,0,0,3,3,0,0,0,0,0,0,0,0,0,0,0,2,11,3,0,0,0,0,3,0,0,0,0,0,0,0,0,6,0,0
/Users/kaiohs/Downloads/codes/lab02-experimentacao-software/data/repos/apache__groovy/src/main/java/org/codehaus/groovy/transform/sc/StaticCompilationVisitor.java,org.codehaus.groovy.transform.sc.StaticCompilationVisitor,class,33,37,4,33,85,3,0,104,208,0.9714286,0.0,0.0,21,6,10,8,3,0,13,0,0,0,5,5,5,0,0,0,5,0,26,335,16,7,22,0,3,10,12,66,4,57,4,1,0,2,215,1,0
/Users/kaiohs/Downloads/codes/lab02-experimentacao-software/data/repos/apache__groovy/src/main/java/org/codehaus/groovy/transform/trait/TraitComposer.java,org.codehaus.groovy.transform.trait.TraitComposer,class,29,31,2,29,109,1,0,137,105,0.93333334,NaN,NaN,15,15,1,14,0,0,1,0,0,0,1,1,1,0,0,0,1,0,42,387,20,13,31,0,6,29,41,145,17,109,8,0,0,2,231,1025,0
/Users/kaiohs/Downloads/codes/lab02-experimentacao-software/data/repos/apache__groovy/src/main/java/org/apache/groovy/util/concurrent/ConcurrentReferenceHashMap.java,org.apache.groovy.util.concurrent.ConcurrentReferenceHashMap$Values,innerclass,2,2,0,2,5,2,0,4,10,0.0,0.0,0.0,5,0,5,0,0,0,5,0,0,0,0,0,0,0,0,0,0,0,0,17,4,0,0,0,0,0,0,0,0,0,0,0,0,0,11,18,0
/Users/kaiohs/Downloads/codes/lab02-experimentacao-software/data/repos/apache__groovy/src/main/java/org/apache/groovy/util/concurrent/concurrentlinkedhashmap/ConcurrentLinkedHashMap.java,org.apache.groovy.util.concurrent.concurrentlinkedhashmap.ConcurrentLinkedHashMap$RemovalTask,innerclass,6,6,0,6,2,1,0,2,0,0.0,0.0,0.0,2,0,1,0,0,1,2,0,0,0,1,0,0,0,0,1,1,0,0,10,0,0,0,0,0,1,0,1,0,1,0,0,0,0,13,16,0
/Users/kaiohs/Downloads/codes/lab02-experimentacao-software/data/repos/apache__groovy/subprojects/groovy-swing/src/main/java/groovy/swing/model/ValueModel.java,groovy.swing.model.ValueModel,interface,0,6,6,0,4,1,0,0,6,0.0,0.0,0.0,4,0,0,0,0,4,4,0,0,0,0,0,0,0,0,0,0,0,0,6,0,0,0,0,0,0,0,0,0,0,0,0,0,0,14,1,0
/Users/kaiohs/Downloads/codes/lab02-experimentacao-software/data/repos/apache__groovy/src/main/java/org/codehaus/groovy/transform/tailrec/VariableReplacedListener.java,org.codehaus.groovy.transform.tailrec.VariableReplacedListener,interface,2,6,4,2,1,1,0,0,0,1.0,NaN,NaN,1,0,0,0,0,1,1,0,0,0,1,0,0,0,0,1,0,0,0,6,0,0,0,0,0,0,0,1,0,3,0,0,0,1,10,1,0
/Users/kaiohs/Downloads/codes/lab02-experimentacao-software/data/repos/apache__groovy/subprojects/groovy-xml/src/main/java/groovy/xml/markupsupport/SurrogateToUndefined.java,groovy.xml.markupsupport.SurrogateToUndefined,class,0,0,0,0,2,1,0,3,0,0.0,NaN,NaN,1,0,1,0,0,0,1,0,0,0,0,0,0,0,0,0,0,0,3,8,2,0,0,0,0,1,0,0,0,0,1,0,0,0,14,1,0
/Users/kaiohs/Downloads/codes/lab02-experimentacao-software/data/repos/apache__groovy/src/test/groovy/org/codehaus/groovy/classgen/asm/sc/bugs/support/Groovy7363Support.java,org.codehaus.groovy.classgen.asm.sc.bugs.support.Groovy7363Support$BC,innerclass,2,2,0,2,1,1,0,0,0,0.0,NaN,NaN,1,0,1,0,0,0,1,0,0,0,0,0,0,0,0,0,0,0,0,5,1,0,0,0,0,0,0,0,0,0,0,0,0,0,4,9,0
/Users/kaiohs/Downloads/codes/lab02-experimentacao-software/data/repos/apache__groovy/src/main/java/org/codehaus/groovy/transform/sc/transformers/BooleanExpressionTransformer.java,org.codehaus.groovy.transform.sc.transformers.BooleanExpressionTransformer$OptimizingBooleanExpression,innerclass,17,17,0,17,21,2,0,43,15,0.0,0.0,0.0,6,3,2,3,0,1,3,0,0,0,0,0,0,0,0,0,0,0,11,80,8,1,3,0,3,5,4,14,1,14,4,0,0,0,97,10,0
/Users/kaiohs/Downloads/codes/lab02-experimentacao-software/data/repos/apache__groovy/src/main/java/groovy/beans/DefaultPropertyWriter.java,groovy.beans.DefaultPropertyWriter,class,2,3,1,2,1,1,0,1,0,1.0,NaN,NaN,1,0,1,0,0,0,1,0,0,0,1,1,1,0,0,0,1,0,0,6,0,0,0,0,0,0,0,1,0,1,0,0,0,0,13,1,0
/Users/kaiohs/Downloads/codes/lab02-experimentacao-software/data/repos/apache__groovy/subprojects/groovy-console/src/main/groovy/groovy/console/ui/text/TextEditor.java,groovy.console.ui.text.TextEditor$ReplaceAction,innerclass,1,1,0,1,1,2,0,1,0,0.0,NaN,NaN,1,0,1,0,0,0,1,0,0,0,0,0,0,0,0,0,0,0,1,5,0,0,0,0,0,0,0,0,0,0,0,0,0,0,8,10,0
/Users/kaiohs/Downloads/codes/lab02-experimentacao-software/data/repos/apache__groovy/subprojects/groovy-jmx/src/test/java/groovy/jmx/builder/MockSimpleObject.java,groovy.jmx.builder.MockSimpleObject,class,1,1,0,1,4,1,0,0,2,0.5,0.0,0.0,4,0,4,0,0,0,4,0,0,0,2,0,0,2,0,0,0,0,0,16,2,0,0,0,0,0,0,2,0,2,0,0,0,0,12,1,0
/Users/kaiohs/Downloads/codes/lab02-experimentacao-software/data/repos/apache__groovy/src/main/java/groovy/transform/stc/ClosureSignatureHint.java,groovy.transform.stc.ClosureSignatureHint,class,8,15,7,8,14,1,4,22,10,0.0,0.0,0.0,5,3,3,1,1,0,4,1,0,0,0,0,0,0,0,0,0,0,3,48,7,0,4,1,0,2,4,11,2,7,3,0,0,0,207,1025,0
/Users/kaiohs/Downloads/codes/lab02-experimentacao-software/data/repos/apache__groovy/src/main/java/groovy/util/ResourceConnector.java,groovy.util.ResourceConnector,interface,0,1,1,0,1,1,0,0,0,0.0,NaN,NaN,1,0,0,0,0,1,1,0,0,0,0,0,0,0,0,0,0,0,0,3,0,0,0,0,0,0,0,0,0,0,0,0,0,0,24,1,0
/Users/kaiohs/Downloads/codes/lab02-experimentacao-software/data/repos/apache__groovy/src/test/groovy/groovy/lang/IntegerObjectRangeTest.java,groovy.lang.IntegerObjectRangeTest,class,3,3,0,3,2,3,0,1,1,0.0,0.0,0.0,2,0,0,0,2,0,2,0,0,0,0,0,0,0,0,0,0,0,3,8,2,0,0,0,0,0,0,0,0,0,0,0,0,0,15,1,0
/Users/kaiohs/Downloads/codes/lab02-experimentacao-software/data/repos/apache__groovy/src/main/java/org/codehaus/groovy/transform/sc/transformers/ListExpressionTransformer.java,org.codehaus.groovy.transform.sc.transformers.ListExpressionTransformer,class,14,15,1,14,8,2,0,20,0,0.33333334,0.0,0.0,2,0,0,0,0,2,2,0,0,0,3,2,0,3,0,0,3,0,2,63,4,0,1,0,0,1,1,9,0,9,2,0,1,0,34,0,0
/Users/kaiohs/Downloads/codes/lab02-experimentacao-software/data/repos/apache__groovy/src/main/java/org/codehaus/groovy/control/CompilationUnit.java,org.codehaus.groovy.control.CompilationUnit$IGroovyClassOperation,interface,7,7,0,7,10,1,0,6,1,0.0,0.0,0.0,2,0,0,0,0,2,2,0,0,0,0,0,0,0,0,0,0,0,0,26,0,1,2,1,1,1,0,0,1,0,2,0,0,0,24,1,0
/Users/kaiohs/Downloads/codes/lab02-experimentacao-software/data/repos/apache__groovy/src/main/java/groovy/util/ObjectGraphBuilder.java,groovy.util.ObjectGraphBuilder$ChildPropertySetter,interface,0,0,0,0,1,1,0,0,0,0.0,NaN,NaN,1,0,0,0,0,1,1,0,0,0,0,0,0,0,0,0,0,0,0,3,0,0,0,0,0,0,0,0,0,0,0,0,0,0,27,1,0
/Users/kaiohs/Downloads/codes/lab02-experimentacao-software/data/repos/apache__groovy/benchmark/bench/random.java,random,class,1,2,1,1,3,1,0,8,0,0.375,0.0,0.0,2,2,2,0,0,0,2,0,0,0,4,4,4,0,0,0,3,0,4,20,1,1,0,0,3,0,11,7,6,6,1,0,0,0,14,1,0
/Users/kaiohs/Downloads/codes/lab02-experimentacao-software/data/repos/apache__groovy/src/main/java/org/codehaus/groovy/runtime/dgmimpl/arrays/ShortArrayGetAtMetaMethod.java,org.codehaus.groovy.runtime.dgmimpl.arrays.ShortArrayGetAtMetaMethod$MyPojoMetaMethodSite,innerclass,6,6,0,6,5,6,0,3,1,0.0,0.0,0.0,2,0,2,0,0,0,2,0,0,0,0,0,0,0,0,0,0,0,1,11,2,0,0,0,1,0,0,0,0,0,1,0,0,0,16,10,0
/Users/kaiohs/Downloads/codes/lab02-experimentacao-software/data/repos/apache__groovy/subprojects/groovy-osgi-test/src/test/java/org/apache/groovy/osgi/OsgiBundleTest.java,org.apache.groovy.osgi.OsgiBundleTest,class,10,11,1,10,21,1,0,36,24,0.41666666,0.0,0.0,12,1,0,3,0,9,9,0,0,0,1,0,0,1,0,0,0,0,12,112,4,0,3,1,0,44,3,32,9,32,1,0,0,0,105,0,0
/Users/kaiohs/Downloads/codes/lab02-experimentacao-software/data/repos/apache__groovy/subprojects/groovy-swing/src/main/groovy/groovy/swing/binding/AbstractSyntheticBinding.java,groovy.swing.binding.AbstractSyntheticBinding,class,5,17,12,5,17,2,11,14,14,0.6666667,0.0,0.0,8,0,6,0,2,0,8,2,0,0,3,0,0,0,0,3,0,0,0,58,0,0,1,2,4,5,0,6,2,4,3,0,0,0,37,1025,0
/Users/kaiohs/Downloads/codes/lab02-experimentacao-software/data/repos/apache__groovy/src/main/java/org/codehaus/groovy/runtime/DefaultGroovyMethods.java,org.codehaus.groovy.runtime.DefaultGroovyMethods$ZipIterator,innerclass,4,4,0,4,5,1,0,5,0,0.25,0.0,0.0,4,0,3,1,0,0,3,0,0,0,2,0,0,2,0,0,2,0,0,18,2,0,0,0,0,0,0,2,0,2,1,0,0,0,14,26,0
/Users/kaiohs/Downloads/codes/lab02-experimentacao-software/data/repos/apache__groovy/src/test/groovy/org/codehaus/groovy/runtime/NewStaticMetaMethodTest.java,org.codehaus.groovy.runtime.NewStaticMetaMethodTest,class,4,5,1,4,7,2,0,10,10,0.0,0.0,0.0,5,1,4,0,1,0,5,0,0,0,0,0,0,0,0,0,0,0,0,29,2,0,2,0,0,18,0,7,0,7,0,0,0,0,32,1,0
/Users/kaiohs/Downloads/codes/lab02-experimentacao-software/data/repos/apache__groovy/src/main/java/org/codehaus/groovy/transform/stc/StaticTypeCheckingSupport.java,org.codehaus.groovy.transform.stc.StaticTypeCheckingSupport,class,41,66,25,41,641,1,0,270,4906,0.98714286,0.0,0.0,100,100,36,30,9,25,70,0,0,0,14,14,0,1,13,0,14,0,289,1572,249,49,170,1,58,48,165,348,21,249,8,0,9,7,625,1025,0
/Users/kaiohs/Downloads/codes/lab02-experimentacao-software/data/repos/apache__groovy/src/main/java/org/codehaus/groovy/runtime/dgmimpl/arrays/FloatArrayGetAtMetaMethod.java,org.codehaus.groovy.runtime.dgmimpl.arrays.FloatArrayGetAtMetaMethod$MyPojoMetaMethodSite,innerclass,6,6,0,6,5,6,0,3,1,0.0,0.0,0.0,2,0,2,0,0,0,2,0,0,0,0,0,0,0,0,0,0,0,1,11,2,0,0,0,1,0,0,0,0,0,1,0,0,0,16,10,0
/Users/kaiohs/Downloads/codes/lab02-experimentacao-software/data/repos/apache__groovy/subprojects/groovy-ginq/src/main/groovy/org/apache/groovy/ginq/dsl/GinqAstBuilder.java,org.apache.groovy.ginq.dsl.GinqAstBuilder,class,35,36,1,35,91,2,0,68,53,0.8979593,0.0,0.0,14,1,10,4,0,0,11,0,0,0,28,23,2,26,0,0,26,0,12,323,14,2,16,0,18,55,12,74,11,64,7,1,0,0,140,1,0
/Users/kaiohs/Downloads/codes/lab02-experimentacao-software/data/repos/apache__groovy/src/test/groovy/bugs/Groovy2365.java,bugs.Groovy2365,class,5,5,0,5,6,2,0,11,0,0.0,NaN,NaN,1,0,0,0,0,1,1,0,0,0,0,0,0,0,0,0,0,0,0,57,0,1,0,6,0,3,10,15,0,11,5,0,0,2,30,16,0
/Users/kaiohs/Downloads/codes/lab02-experimentacao-software/data/repos/apache__groovy/subprojects/groovy-ant/src/test-resources/org/codehaus/groovy/ant/MakesExternalReference.java,org.codehaus.groovy.ant.MakesExternalReference,class,0,0,0,0,2,1,0,4,0,0.0,NaN,NaN,1,1,1,0,0,0,1,0,0,0,0,0,0,0,0,0,0,0,0,16,0,0,0,2,0,3,0,1,0,1,2,0,0,0,22,1,0
/Users/kaiohs/Downloads/codes/lab02-experimentacao-software/data/repos/apache__groovy/src/main/java/org/codehaus/groovy/tools/shell/util/Preferences.java,org.codehaus.groovy.tools.shell.util.Preferences,class,2,3,1,2,12,1,0,13,0,0.84444445,0.0,0.0,10,10,10,0,0,0,11,0,0,0,9,9,8,1,0,0,8,0,5,68,7,0,0,1,0,9,0,11,0,10,1,1,0,0,63,1,0
/Users/kaiohs/Downloads/codes/lab02-experimentacao-software/data/repos/apache__groovy/src/main/java/groovy/util/AbstractFactory.java,groovy.util.AbstractFactory,class,3,11,8,3,8,1,7,0,28,0.0,0.0,0.0,8,0,8,0,0,0,8,0,0,0,0,0,0,0,0,0,0,0,0,22,4,0,0,0,0,0,0,0,0,0,0,0,0,0,27,1025,0
/Users/kaiohs/Downloads/codes/lab02-experimentacao-software/data/repos/apache__groovy/src/main/java/groovy/transform/CompilationUnitAware.java,groovy.transform.CompilationUnitAware,interface,1,2,1,1,1,1,0,0,0,0.0,NaN,NaN,1,0,0,0,0,1,1,0,0,0,0,0,0,0,0,0,0,0,0,3,0,0,0,0,0,0,0,0,0,0,0,0,0,0,21,1,0
/Users/kaiohs/Downloads/codes/lab02-experimentacao-software/data/repos/apache__groovy/benchmark/bench/meteor.java,meteor$Entry,innerclass,1,1,0,1,0,1,0,0,0,NaN,-1.0,-1.0,0,0,0,0,0,0,0,0,0,0,3,0,3,0,0,0,0,0,0,5,0,0,0,0,0,0,0,0,0,3,0,0,0,0,9,10,0
/Users/kaiohs/Downloads/codes/lab02-experimentacao-software/data/repos/apache__groovy/src/main/java/org/codehaus/groovy/runtime/metaclass/NewStaticMetaMethod.java,org.codehaus.groovy.runtime.metaclass.NewStaticMetaMethod,class,2,5,3,2,4,4,0,2,6,0.0,0.0,0.0,4,0,4,0,0,0,4,0,0,0,0,0,0,0,0,0,0,0,1,18,3,0,0,0,0,0,4,3,1,2,0,0,0,0,44,1,0
/Users/kaiohs/Downloads/codes/lab02-experimentacao-software/data/repos/apache__groovy/src/main/java/org/codehaus/groovy/ast/tools/ParameterUtils.java,org.codehaus.groovy.ast.tools.ParameterUtils,class,3,5,2,3,12,1,0,7,15,0.0,0.0,0.0,6,6,4,2,0,0,4,0,0,0,0,0,0,0,0,0,0,0,4,38,10,1,3,0,1,0,4,7,1,6,3,0,0,1,33,1,0
/Users/kaiohs/Downloads/codes/lab02-experimentacao-software/data/repos/apache__groovy/src/main/java/org/codehaus/groovy/runtime/dgmimpl/NumberNumberMinus.java,org.codehaus.groovy.runtime.dgmimpl.NumberNumberMinus$LongInteger,innerclass,5,5,0,5,4,7,0,3,1,0.0,0.0,0.0,2,0,2,0,0,0,2,0,1,0,0,0,0,0,0,0,0,0,0,15,2,0,0,1,1,0,1,0,1,0,2,0,0,0,19,10,0
/Users/kaiohs/Downloads/codes/lab02-experimentacao-software/data/repos/apache__groovy/src/test/groovy/groovy/MetaClassCreator.java,groovy.MetaClassCreator,class,6,6,0,6,3,2,0,3,0,0.0,NaN,NaN,1,0,0,0,1,0,1,0,0,0,0,0,0,0,0,0,0,0,0,10,2,0,0,0,0,0,0,0,0,0,1,1,0,0,9,1,0
/Users/kaiohs/Downloads/codes/lab02-experimentacao-software/data/repos/apache__groovy/subprojects/groovy-xml/src/main/java/groovy/xml/XmlSlurper.java,groovy.xml.XmlSlurper,class,16,17,1,16,47,2,0,49,365,0.8612246,0.0,0.0,35,0,34,1,0,0,34,0,0,0,7,0,0,7,0,0,4,0,3,180,15,1,4,3,0,4,5,25,2,19,2,0,0,1,247,1,0
/Users/kaiohs/Downloads/codes/lab02-experimentacao-software/data/repos/apache__groovy/src/main/java/org/codehaus/groovy/ast/expr/ClassExpression.java,org.codehaus.groovy.ast.expr.ClassExpression,class,5,13,8,5,5,3,0,5,10,0.0,0.0,0.0,5,0,5,0,0,0,5,0,0,0,0,0,0,0,0,0,0,0,0,17,3,0,0,0,0,2,0,0,1,0,0,0,0,0,30,1,0
/Users/kaiohs/Downloads/codes/lab02-experimentacao-software/data/repos/apache__groovy/src/main/java/org/codehaus/groovy/transform/ASTTransformationVisitor.java,org.codehaus.groovy.transform.ASTTransformationVisitor$PriorityComparator,innerclass,2,2,0,2,3,1,0,3,0,0.0,NaN,NaN,1,0,1,0,0,0,1,0,0,0,0,0,0,0,0,0,0,0,1,13,1,0,0,0,2,0,2,4,0,2,1,0,0,0,8,10,0
/Users/kaiohs/Downloads/codes/lab02-experimentacao-software/data/repos/apache__groovy/src/test/groovy/org/codehaus/groovy/classgen/asm/sc/bugs/support/Groovy7538Support.java,org.codehaus.groovy.classgen.asm.sc.bugs.support.Groovy7538Support$StringAssert,innerclass,2,2,0,2,1,3,0,0,0,0.0,NaN,NaN,1,0,0,0,1,0,1,0,0,0,0,0,0,0,0,0,0,0,0,5,0,0,0,0,0,0,0,0,0,0,0,0,0,0,3,9,0
/Users/kaiohs/Downloads/codes/lab02-experimentacao-software/data/repos/apache__groovy/subprojects/groovy-ant/src/main/java/org/codehaus/groovy/ant/UberCompileTask.java,org.codehaus.groovy.ant.UberCompileTask$JavacAdapter,innerclass,2,2,0,2,2,2,0,2,1,0.0,0.0,0.0,2,0,2,0,0,0,2,0,0,0,0,0,0,0,0,0,0,0,0,8,2,0,0,0,0,1,0,0,1,0,0,0,0,0,7,2,0
/Users/kaiohs/Downloads/codes/lab02-experimentacao-software/data/repos/apache__groovy/subprojects/groovy-templates/src/main/groovy/groovy/text/StreamingTemplateEngine.java,groovy.text.StreamingTemplateEngine$StreamingTemplate$Position,innerclass,1,1,0,1,4,1,0,1,0,0.25,NaN,NaN,4,0,1,3,0,0,1,0,0,0,2,0,2,0,0,0,0,0,0,18,1,0,0,0,0,1,0,4,1,2,0,0,0,0,7,26,0
/Users/kaiohs/Downloads/codes/lab02-experimentacao-software/data/repos/apache__groovy/src/test-fixtures/extmodule/src/main/java/org/codehaus/groovy/runtime/m12n/TestStringExtension2.java,org.codehaus.groovy.runtime.m12n.TestStringExtension2,class,0,0,0,0,2,1,0,4,1,0.0,0.0,0.0,2,2,2,0,0,0,2,0,0,0,0,0,0,0,0,0,0,0,0,8,2,0,0,0,0,0,0,0,0,0,0,0,0,0,10,1,0
/Users/kaiohs/Downloads/codes/lab02-experimentacao-software/data/repos/apache__groovy/src/main/java/org/codehaus/groovy/classgen/InnerClassVisitor.java,org.codehaus.groovy.classgen.InnerClassVisitor$Anonymous1,anonymous,1,1,0,1,2,1,0,1,0,0.0,NaN,NaN,1,0,1,0,0,0,1,0,0,0,0,0,0,0,0,0,0,0,0,10,0,0,1,0,0,0,1,1,0,0,1,0,0,0,7,-1,0
/Users/kaiohs/Downloads/codes/lab02-experimentacao-software/data/repos/apache__groovy/src/main/java/org/apache/groovy/parser/antlr4/AbstractLexer.java,org.apache.groovy.parser.antlr4.AbstractLexer,class,3,3,0,3,1,2,0,0,0,0.0,NaN,NaN,1,0,1,0,0,0,1,0,0,0,0,0,0,0,0,0,0,0,0,5,0,0,0,0,0,0,0,0,0,0,0,0,0,0,26,1025,0
/Users/kaiohs/Downloads/codes/lab02-experimentacao-software/data/repos/apache__groovy/subprojects/groovy-macro/src/test/groovy/org/codehaus/groovy/macro/ExampleMacroMethods.java,org.codehaus.groovy.macro.ExampleMacroMethods,class,7,7,0,7,4,1,0,8,6,0.0,0.0,0.0,4,4,4,0,0,0,4,0,0,0,0,0,0,0,0,0,0,0,0,14,4,0,0,0,0,0,0,0,0,0,0,0,0,0,21,1,0
/Users/kaiohs/Downloads/codes/lab02-experimentacao-software/data/repos/apache__groovy/src/main/java/org/codehaus/groovy/runtime/DefaultGroovyMethods.java,org.codehaus.groovy.runtime.DefaultGroovyMethods$CollectIterator,innerclass,3,3,0,3,4,1,0,3,0,0.375,0.0,0.0,4,0,3,1,0,0,3,0,0,0,2,0,0,2,0,0,2,0,0,17,2,0,0,0,0,0,0,2,0,2,0,0,0,0,12,26,0
/Users/kaiohs/Downloads/codes/lab02-experimentacao-software/data/repos/apache__groovy/src/main/java/org/codehaus/groovy/reflection/ClassInfo.java,org.codehaus.groovy.reflection.ClassInfo$LazyClassLoaderRef,innerclass,4,4,0,4,2,2,0,1,0,0.5,0.0,0.0,2,0,1,0,0,1,2,0,0,0,2,1,0,2,0,0,2,0,0,11,1,0,0,0,0,0,1,2,0,2,0,0,0,0,20,10,0
/Users/kaiohs/Downloads/codes/lab02-experimentacao-software/data/repos/apache__groovy/src/main/java/org/codehaus/groovy/transform/stc/AbstractTypeCheckingExtension.java,org.codehaus.groovy.transform.stc.AbstractTypeCheckingExtension$TypeCheckingScope,innerclass,1,1,0,1,2,4,0,0,0,0.5,NaN,NaN,2,0,1,1,0,0,1,0,0,0,2,1,0,2,0,0,2,0,0,10,1,0,0,0,0,0,1,2,0,2,0,0,0,0,13,9,0
/Users/kaiohs/Downloads/codes/lab02-experimentacao-software/data/repos/apache__groovy/src/main/java/org/apache/groovy/util/JavaShell.java,org.apache.groovy.util.JavaShell$BytesJavaFileObject,innerclass,1,1,0,1,3,1,0,3,1,0.33333334,0.0,0.0,3,0,3,0,0,0,3,0,0,0,1,0,0,1,0,0,1,0,1,12,2,0,0,0,0,1,0,1,1,1,0,0,0,0,14,10,0
/Users/kaiohs/Downloads/codes/lab02-experimentacao-software/data/repos/apache__groovy/src/test/groovy/org/codehaus/groovy/runtime/MethodKeyTest.java,org.codehaus.groovy.runtime.MethodKeyTest,class,5,6,1,5,4,2,0,5,3,0.0,0.0,0.0,3,0,2,0,1,0,3,0,0,0,0,0,0,0,0,0,0,0,2,32,0,0,0,0,0,12,2,8,2,8,1,0,0,0,19,1,0
/Users/kaiohs/Downloads/codes/lab02-experimentacao-software/data/repos/apache__groovy/subprojects/groovy-ginq/src/main/groovy/org/apache/groovy/ginq/dsl/expression/LimitExpression.java,org.apache.groovy.ginq.dsl.expression.LimitExpression,class,5,10,5,5,5,4,0,3,4,0.4,0.0,0.0,5,0,5,0,0,0,5,0,0,0,1,0,0,1,0,0,1,0,0,18,4,0,0,0,0,1,0,1,1,1,0,0,0,0,18,1,0
/Users/kaiohs/Downloads/codes/lab02-experimentacao-software/data/repos/apache__groovy/src/test/groovy/org/codehaus/groovy/tools/rootloadersync/OtherConcreteGenericJavaSubclass.java,org.codehaus.groovy.tools.rootloadersync.OtherConcreteGenericJavaSubclass,class,1,2,1,1,2,2,0,0,1,0.0,0.0,0.0,2,0,1,0,1,0,2,0,0,0,0,0,0,0,0,0,0,0,0,7,0,0,0,0,0,0,0,0,0,0,0,0,0,0,9,1,0
/Users/kaiohs/Downloads/codes/lab02-experimentacao-software/data/repos/apache__groovy/subprojects/groovy-groovydoc/src/test/groovy/org/codehaus/groovy/tools/groovydoc/testfiles/Builder.java,org.codehaus.groovy.tools.groovydoc.testfiles.Builder,class,1,1,0,1,5,2,0,0,10,0.0,0.0,0.0,5,0,0,0,5,0,5,0,0,0,0,0,0,0,0,0,0,0,0,16,4,0,0,0,0,0,0,0,0,0,0,0,0,0,15,1,0
/Users/kaiohs/Downloads/codes/lab02-experimentacao-software/data/repos/apache__groovy/src/main/java/org/codehaus/groovy/transform/tailrec/InWhileLoopWrapper.java,org.codehaus.groovy.transform.tailrec.InWhileLoopWrapper,class,9,11,2,9,2,1,0,16,0,0.0,NaN,NaN,1,0,1,0,0,0,1,0,0,0,2,2,2,0,0,0,2,0,1,14,0,0,0,0,1,2,1,7,0,7,1,0,0,0,78,1,0
/Users/kaiohs/Downloads/codes/lab02-experimentacao-software/data/repos/apache__groovy/src/test/groovy/org/codehaus/groovy/classgen/TupleListTest.java,org.codehaus.groovy.classgen.TupleListTest,class,18,19,1,18,6,2,0,20,3,0.0,0.0,0.0,3,0,0,1,0,2,2,0,0,0,0,0,0,0,0,0,0,0,0,43,0,0,2,1,0,27,2,7,1,7,1,0,0,0,48,16,0
/Users/kaiohs/Downloads/codes/lab02-experimentacao-software/data/repos/apache__groovy/subprojects/groovy-swing/src/main/java/org/apache/groovy/swing/binding/BindingProxy.java,org.apache.groovy.swing.binding.BindingProxy,class,7,8,1,7,22,3,0,15,1,0.6,0.0,0.0,10,0,10,0,0,0,10,0,0,2,4,0,0,0,0,4,2,0,0,96,2,6,1,0,6,0,0,11,0,8,3,0,1,0,72,1,0
/Users/kaiohs/Downloads/codes/lab02-experimentacao-software/data/repos/apache__groovy/src/main/java/groovy/lang/ExpandoMetaClass.java,groovy.lang.ExpandoMetaClass$StaticDefiningClosure,innerclass,4,4,0,4,6,3,0,2,1,0.0,0.0,0.0,2,0,1,0,1,0,2,0,0,0,0,0,0,0,0,0,0,0,0,14,1,0,1,0,0,0,2,0,0,0,2,0,0,0,14,2,0
/Users/kaiohs/Downloads/codes/lab02-experimentacao-software/data/repos/apache__groovy/src/main/java/org/codehaus/groovy/runtime/StackTraceUtils.java,org.codehaus.groovy.runtime.StackTraceUtils,class,3,4,1,3,23,1,0,29,28,0.7777778,0.0,0.0,9,8,8,1,0,0,9,0,0,0,4,4,1,3,0,0,4,0,12,82,7,8,3,0,0,19,0,16,2,12,3,0,0,0,160,1,0
/Users/kaiohs/Downloads/codes/lab02-experimentacao-software/data/repos/apache__groovy/src/main/java/org/codehaus/groovy/ast/expr/VariableExpression.java,org.codehaus.groovy.ast.expr.VariableExpression,class,6,19,13,6,39,3,0,28,227,0.87777776,0.0,0.0,27,0,27,0,0,0,27,0,0,0,7,2,2,5,0,0,4,0,0,120,22,0,10,0,1,8,0,11,2,11,1,0,0,0,135,1,0
/Users/kaiohs/Downloads/codes/lab02-experimentacao-software/data/repos/apache__groovy/subprojects/groovy-ant/src/main/java/org/codehaus/groovy/ant/GroovycTask.java,org.codehaus.groovy.ant.GroovycTask,class,9,11,2,9,10,3,2,19,0,0.0,0.0,0.0,2,0,1,0,1,0,2,0,0,0,1,0,0,0,1,0,0,0,0,54,0,3,1,0,1,13,3,13,6,13,3,0,0,0,54,1,6
/Users/kaiohs/Downloads/codes/lab02-experimentacao-software/data/repos/apache__groovy/subprojects/groovy-jsr223/src/main/java/org/codehaus/groovy/jsr223/GroovyScriptEngineImpl.java,org.codehaus.groovy.jsr223.GroovyScriptEngineImpl,class,16,22,6,16,64,2,0,50,331,0.92592597,0.0,0.0,27,4,14,9,0,4,19,0,0,1,6,2,0,6,0,0,2,0,7,293,30,2,17,8,3,14,6,30,2,27,3,2,0,1,114,1,0
/Users/kaiohs/Downloads/codes/lab02-experimentacao-software/data/repos/apache__groovy/src/main/java/org/codehaus/groovy/ast/decompiled/AsmDecompiler.java,org.codehaus.groovy.ast.decompiled.AsmDecompiler$DecompilingVisitor$Anonymous2$Anonymous3,anonymous,0,0,0,0,1,1,0,0,0,0.0,NaN,NaN,1,0,0,0,0,1,1,0,0,0,0,0,0,0,0,0,0,0,0,5,0,0,0,0,0,0,0,1,0,0,0,0,0,0,4,-1,0
/Users/kaiohs/Downloads/codes/lab02-experimentacao-software/data/repos/apache__groovy/src/test/groovy/groovy/DummyInterface.java,groovy.DummyInterface,interface,0,0,0,0,1,1,0,0,0,0.0,NaN,NaN,1,0,0,0,0,1,1,0,0,0,0,0,0,0,0,0,0,0,0,3,0,0,0,0,0,0,0,0,0,0,0,0,0,0,7,1,0
/Users/kaiohs/Downloads/codes/lab02-experimentacao-software/data/repos/apache__groovy/src/main/java/groovy/transform/TypeCheckingMode.java,groovy.transform.TypeCheckingMode,enum,0,0,0,0,0,1,0,0,0,0.0,-1.0,-1.0,0,0,0,0,0,0,0,0,0,0,0,0,0,0,0,0,0,0,0,1,0,0,0,0,0,0,0,0,0,0,0,0,0,0,38,1,0
/Users/kaiohs/Downloads/codes/lab02-experimentacao-software/data/repos/apache__groovy/subprojects/groovy-console/src/main/groovy/groovy/console/ui/text/TextEditor.java,groovy.console.ui.text.TextEditor$TabAction,innerclass,1,1,0,1,5,2,0,18,0,0.0,NaN,NaN,1,0,1,0,0,0,1,0,0,0,0,0,0,0,0,0,0,0,2,28,0,0,1,1,0,1,0,9,1,8,2,0,0,0,41,2,0
/Users/kaiohs/Downloads/codes/lab02-experimentacao-software/data/repos/apache__groovy/src/test/groovy/gls/ch06/s05/testClasses/Tt1c.java,gls.ch06.s05.testClasses.Tt1c$Anonymous2,anonymous,0,0,0,0,1,1,0,0,0,0.0,NaN,NaN,1,0,1,0,0,0,1,0,0,0,0,0,0,0,0,0,0,0,0,5,1,0,0,0,0,1,0,0,0,0,0,0,0,0,4,-1,0
/Users/kaiohs/Downloads/codes/lab02-experimentacao-software/data/repos/apache__groovy/src/main/java/org/codehaus/groovy/transform/ImmutableASTTransformation.java,org.codehaus.groovy.transform.ImmutableASTTransformation,class,26,30,4,26,86,2,0,104,114,0.8823529,0.0,0.0,17,12,7,8,0,2,9,0,0,0,6,5,2,4,0,0,5,0,19,208,31,10,12,2,3,52,8,39,2,36,3,0,0,0,188,1,0
/Users/kaiohs/Downloads/codes/lab02-experimentacao-software/data/repos/apache__groovy/src/test/groovy/groovy/lang/GroovyShellTest.java,groovy.lang.GroovyShellTest,class,11,12,1,11,10,4,0,19,36,0.0,0.0,0.0,9,1,8,1,0,0,8,0,0,0,0,0,0,0,0,0,0,0,7,100,1,0,0,1,0,33,2,22,7,22,1,0,4,0,71,17,0
/Users/kaiohs/Downloads/codes/lab02-experimentacao-software/data/repos/apache__groovy/src/main/java/org/codehaus/groovy/classgen/asm/AssertionWriter.java,org.codehaus.groovy.classgen.asm.AssertionWriter,class,19,26,7,19,24,1,0,45,0,0.70909095,0.0,0.0,11,1,6,5,0,0,6,0,0,0,5,2,0,5,0,0,3,0,7,178,3,1,5,2,1,37,3,40,3,30,3,0,1,0,107,1,0
/Users/kaiohs/Downloads/codes/lab02-experimentacao-software/data/repos/apache__groovy/subprojects/groovy-jsr223/src/main/java/org/codehaus/groovy/jsr223/ScriptExtensions.java,org.codehaus.groovy.jsr223.ScriptExtensions,class,2,3,1,2,6,1,0,15,6,0.0,0.0,0.0,4,4,2,2,0,0,2,0,0,0,0,0,0,0,0,0,0,0,4,26,2,2,0,0,0,1,0,4,0,4,1,0,0,0,82,1,0
/Users/kaiohs/Downloads/codes/lab02-experimentacao-software/data/repos/apache__groovy/src/test/groovy/gls/ch06/s05/testClasses/Tt1c.java,gls.ch06.s05.testClasses.Tt1c$Anonymous1,anonymous,0,0,0,0,1,1,0,0,0,0.0,NaN,NaN,1,0,1,0,0,0,1,0,0,0,0,0,0,0,0,0,0,0,0,5,1,0,0,0,0,1,0,0,0,0,0,0,0,0,4,-1,0
/Users/kaiohs/Downloads/codes/lab02-experimentacao-software/data/repos/apache__groovy/src/main/java/org/codehaus/groovy/reflection/ClassInfo.java,org.codehaus.groovy.reflection.ClassInfo,class,40,67,27,40,85,3,0,50,481,0.9338236,0.0,0.0,34,12,26,7,0,1,27,0,2,0,16,5,1,13,0,2,11,0,8,310,32,3,43,1,5,0,1,58,0,35,3,1,4,0,203,1,0
/Users/kaiohs/Downloads/codes/lab02-experimentacao-software/data/repos/apache__groovy/subprojects/groovy-xml/src/main/java/groovy/xml/MarkupBuilder.java,groovy.xml.MarkupBuilder,class,6,8,2,6,74,2,0,32,406,0.8878788,0.0,0.0,33,1,17,5,9,2,28,0,0,0,10,0,0,10,0,0,0,0,3,280,19,1,12,0,1,23,26,34,1,20,4,0,2,0,258,1,0
/Users/kaiohs/Downloads/codes/lab02-experimentacao-software/data/repos/apache__groovy/src/test/groovy/groovy/lang/GroovyShellTest.java,groovy.lang.GroovyShellTest$BaseScript6615,innerclass,2,2,0,2,2,2,0,1,0,0.0,0.0,0.0,2,0,1,0,1,0,2,1,0,0,1,0,1,0,0,0,0,0,0,8,1,0,0,0,0,2,0,2,0,1,0,0,0,0,7,1033,0
/Users/kaiohs/Downloads/codes/lab02-experimentacao-software/data/repos/apache__groovy/src/main/java/org/codehaus/groovy/runtime/powerassert/SourceText.java,org.codehaus.groovy.runtime.powerassert.SourceText,class,6,7,1,6,22,1,0,20,6,0.6,0.0,0.0,5,2,3,2,0,0,3,0,0,0,4,0,0,4,0,0,3,0,3,45,6,2,5,0,1,2,14,14,6,10,2,0,0,0,77,1,0
/Users/kaiohs/Downloads/codes/lab02-experimentacao-software/data/repos/apache__groovy/subprojects/groovy-json/src/main/java/groovy/json/JsonGenerator.java,groovy.json.JsonGenerator$Options,innerclass,9,9,0,9,18,1,0,12,74,0.92307687,0.0,0.0,13,0,13,0,0,0,13,0,0,0,11,3,0,0,11,0,6,0,4,72,12,2,3,0,0,4,0,15,0,12,2,0,0,0,191,0,0
/Users/kaiohs/Downloads/codes/lab02-experimentacao-software/data/repos/apache__groovy/src/test/groovy/org/codehaus/groovy/runtime/InvokeConstructorTest.java,org.codehaus.groovy.runtime.InvokeConstructorTest,class,4,5,1,4,7,2,0,9,15,0.0,0.0,0.0,6,0,4,0,2,0,6,0,0,0,0,0,0,0,0,0,0,0,4,33,1,0,0,1,0,5,4,3,1,3,1,1,0,0,38,1,0
/Users/kaiohs/Downloads/codes/lab02-experimentacao-software/data/repos/apache__groovy/src/main/java/groovy/lang/Tuple.java,groovy.lang.Tuple,class,36,56,20,36,45,3,17,13,379,0.8666667,0.0,0.0,30,18,29,1,0,0,29,0,0,0,2,1,0,2,0,0,2,0,8,122,33,2,8,0,2,4,14,16,1,14,2,0,0,0,88,1,0
/Users/kaiohs/Downloads/codes/lab02-experimentacao-software/data/repos/apache__groovy/benchmark/bench/hello.java,hello,class,0,0,0,0,1,1,0,1,0,0.0,NaN,NaN,1,1,1,0,0,0,1,0,0,0,0,0,0,0,0,0,0,0,0,5,0,0,0,0,0,1,0,0,0,0,0,0,0,0,2,1,0
/Users/kaiohs/Downloads/codes/lab02-experimentacao-software/data/repos/apache__groovy/src/main/java/org/codehaus/groovy/transform/sc/transformers/MapExpressionTransformer.java,org.codehaus.groovy.transform.sc.transformers.MapExpressionTransformer,class,7,8,1,7,3,1,0,7,0,0.0,0.0,0.0,2,0,0,0,0,2,2,0,0,0,1,0,0,1,0,0,1,0,1,17,2,0,0,0,0,0,0,4,0,4,1,0,0,0,18,0,0
/Users/kaiohs/Downloads/codes/lab02-experimentacao-software/data/repos/apache__groovy/src/main/java/org/codehaus/groovy/control/messages/LocatedMessage.java,org.codehaus.groovy.control.messages.LocatedMessage,class,5,7,2,5,6,3,1,5,0,0.0,0.0,0.0,4,0,4,0,0,0,4,0,0,0,1,0,0,1,0,0,0,0,0,31,1,0,1,0,0,5,0,6,2,5,2,0,0,0,37,1,0
/Users/kaiohs/Downloads/codes/lab02-experimentacao-software/data/repos/apache__groovy/src/test/groovy/groovy/DummyMethodsJava.java,groovy.DummyMethodsJava,class,0,0,0,0,2,1,0,0,1,0.0,0.0,0.0,2,0,2,0,0,0,2,0,0,0,0,0,0,0,0,0,0,0,0,8,2,0,0,0,0,2,0,0,0,0,0,0,0,0,11,1,0
/Users/kaiohs/Downloads/codes/lab02-experimentacao-software/data/repos/apache__groovy/src/main/java/org/codehaus/groovy/tools/FileSystemCompiler.java,org.codehaus.groovy.tools.FileSystemCompiler$CompilationOptions,innerclass,9,9,0,9,33,1,0,35,4,0.7826087,0.0,0.0,4,0,2,2,0,0,2,0,0,0,23,0,0,23,0,0,0,0,10,115,4,1,13,0,1,87,3,10,0,32,3,0,0,0,138,9,0
/Users/kaiohs/Downloads/codes/lab02-experimentacao-software/data/repos/apache__groovy/subprojects/groovy-swing/src/main/groovy/groovy/swing/binding/JTextComponentProperties.java,groovy.swing.binding.JTextComponentProperties,class,3,3,0,3,1,1,0,2,0,0.0,NaN,NaN,1,1,1,0,0,0,1,0,0,0,0,0,0,0,0,0,0,0,0,7,1,0,0,0,0,1,0,1,1,3,0,0,0,1,10,1,0
/Users/kaiohs/Downloads/codes/lab02-experimentacao-software/data/repos/apache__groovy/benchmark/bench/raytracer.java,raytracer$Vec,innerclass,0,0,0,0,1,1,0,0,0,0.0,NaN,NaN,1,0,1,0,0,0,1,0,0,0,1,0,1,0,0,0,0,0,0,8,0,0,0,0,0,0,0,3,0,3,0,0,0,0,7,0,0
/Users/kaiohs/Downloads/codes/lab02-experimentacao-software/data/repos/apache__groovy/subprojects/groovy-json/src/main/java/org/apache/groovy/json/internal/ValueContainer.java,org.apache.groovy.json.internal.ValueContainer,class,5,8,3,5,32,1,0,5,198,0.85714287,0.0,0.0,25,0,25,0,0,0,25,0,0,0,7,3,6,1,0,0,3,0,6,113,27,0,2,0,2,4,6,15,0,7,1,0,0,0,55,1,0
/Users/kaiohs/Downloads/codes/lab02-experimentacao-software/data/repos/apache__groovy/subprojects/groovy-swing/src/main/java/groovy/swing/model/ValueHolder.java,groovy.swing.model.ValueHolder,class,1,2,1,1,14,1,0,4,25,0.725,0.0,0.0,10,0,10,0,0,0,10,0,0,0,4,0,0,4,0,0,1,0,0,46,3,0,4,0,1,1,0,8,0,5,1,0,0,0,45,1,0
/Users/kaiohs/Downloads/codes/lab02-experimentacao-software/data/repos/apache__groovy/src/main/java/org/apache/groovy/util/concurrent/concurrentlinkedhashmap/ConcurrentLinkedHashMap.java,org.apache.groovy.util.concurrent.concurrentlinkedhashmap.ConcurrentLinkedHashMap$Values,innerclass,2,2,0,2,4,2,0,3,6,0.0,0.0,0.0,4,0,4,0,0,0,4,0,0,0,0,0,0,0,0,0,0,0,0,14,3,0,0,0,0,0,0,0,0,0,0,0,0,0,15,16,0
/Users/kaiohs/Downloads/codes/lab02-experimentacao-software/data/repos/apache__groovy/src/main/java/org/codehaus/groovy/runtime/metaclass/MetaClassRegistryImpl.java,org.codehaus.groovy.runtime.metaclass.MetaClassRegistryImpl$DisabledMethodSpec,innerclass,2,2,0,2,27,1,0,16,3,0.4166667,0.0,0.0,6,3,0,2,0,4,4,0,0,0,2,0,0,2,0,0,2,0,3,71,14,5,8,0,0,1,13,20,3,17,4,0,0,0,57,26,0
/Users/kaiohs/Downloads/codes/lab02-experimentacao-software/data/repos/apache__groovy/src/main/java/org/apache/groovy/util/concurrent/ConcurrentReferenceHashMap.java,org.apache.groovy.util.concurrent.ConcurrentReferenceHashMap$WeakValueReference,innerclass,2,2,0,2,3,3,0,0,0,0.33333334,0.0,0.0,3,0,2,0,0,1,3,0,2,0,2,0,0,0,0,2,2,0,0,15,2,0,0,0,0,0,0,2,0,2,0,0,0,0,12,26,0
/Users/kaiohs/Downloads/codes/lab02-experimentacao-software/data/repos/apache__groovy/src/main/java/org/codehaus/groovy/transform/trait/TraitReceiverTransformer.java,org.codehaus.groovy.transform.trait.TraitReceiverTransformer,class,26,28,2,26,72,2,0,75,13,0.70129865,0.0,0.0,11,2,2,8,1,0,3,0,0,0,7,0,0,7,0,0,6,0,12,232,24,5,11,0,10,9,5,54,0,46,3,0,0,0,118,0,0
/Users/kaiohs/Downloads/codes/lab02-experimentacao-software/data/repos/apache__groovy/src/test/java/org/codehaus/groovy/util/CharSequenceReaderTest.java,org.codehaus.groovy.util.CharSequenceReaderTest,class,3,3,0,3,18,1,0,12,153,0.0,0.0,0.0,18,0,0,0,0,18,18,0,0,0,0,0,0,0,0,0,0,0,0,141,0,0,0,17,0,20,54,36,0,33,1,0,0,5,46,16,0
/Users/kaiohs/Downloads/codes/lab02-experimentacao-software/data/repos/apache__groovy/src/main/java/org/codehaus/groovy/control/io/URLReaderSource.java,org.codehaus.groovy.control.io.URLReaderSource,class,3,4,1,3,4,2,0,3,0,0.0,0.0,0.0,3,0,3,0,0,0,3,0,0,0,1,0,0,1,0,0,1,0,0,18,2,0,0,1,0,2,0,1,1,1,1,0,0,0,39,1,0
/Users/kaiohs/Downloads/codes/lab02-experimentacao-software/data/repos/apache__groovy/src/test/groovy/org/codehaus/groovy/classgen/ReflectorGeneratorTest.java,org.codehaus.groovy.classgen.A_GroovyReflector,class,2,2,0,2,2,1,0,5,0,0.0,NaN,NaN,1,1,0,0,0,1,1,0,0,0,0,0,0,0,0,0,0,0,0,16,0,0,0,1,0,1,2,2,0,2,1,0,1,0,18,0,0
/Users/kaiohs/Downloads/codes/lab02-experimentacao-software/data/repos/apache__groovy/src/main/java/groovy/util/NodeBuilder.java,groovy.util.NodeBuilder,class,3,5,2,3,7,3,0,2,21,0.0,0.0,0.0,7,1,1,0,6,0,7,0,0,0,0,0,0,0,0,0,0,0,0,22,6,0,0,0,0,0,0,0,0,0,0,0,0,0,26,1,0
/Users/kaiohs/Downloads/codes/lab02-experimentacao-software/data/repos/apache__groovy/src/main/java/org/codehaus/groovy/transform/tailrec/HasRecursiveCalls.java,org.codehaus.groovy.transform.tailrec.HasRecursiveCalls,class,8,10,2,8,6,2,0,7,0,0.375,0.0,0.0,4,0,3,1,0,0,3,0,0,1,2,0,0,2,0,0,0,0,1,29,2,0,0,0,0,2,0,5,0,2,1,0,0,0,29,1,0
/Users/kaiohs/Downloads/codes/lab02-experimentacao-software/data/repos/apache__groovy/src/main/java/org/apache/groovy/plugin/DefaultRunners.java,org.apache.groovy.plugin.DefaultRunners$Junit4TestRunner,innerclass,4,4,0,4,10,1,0,11,6,0.0,0.0,0.0,4,2,2,2,0,0,2,0,0,0,0,0,0,0,0,0,0,0,2,46,6,2,0,3,0,17,0,6,4,6,3,0,0,0,82,10,0
/Users/kaiohs/Downloads/codes/lab02-experimentacao-software/data/repos/apache__groovy/src/test-fixtures/extmodule/src/main/java/org/codehaus/groovy/runtime/m12n/Groovy7225Extension.java,org.codehaus.groovy.runtime.m12n.Groovy7225Extension,class,1,1,0,1,2,1,0,0,1,0.0,0.0,0.0,2,2,2,0,0,0,2,0,0,0,0,0,0,0,0,0,0,0,0,8,2,0,0,0,0,2,0,0,1,0,0,0,0,0,6,1,0
/Users/kaiohs/Downloads/codes/lab02-experimentacao-software/data/repos/apache__groovy/src/main/java/groovy/lang/MetaObjectProtocol.java,groovy.lang.MetaObjectProtocol,interface,2,12,10,2,17,1,0,0,136,0.0,0.0,0.0,17,0,0,0,0,17,17,0,0,0,0,0,0,0,0,0,0,0,0,19,0,0,0,0,0,0,0,0,0,0,0,0,0,0,167,1,0
/Users/kaiohs/Downloads/codes/lab02-experimentacao-software/data/repos/apache__groovy/subprojects/groovy-groovydoc/src/test/groovy/org/codehaus/groovy/tools/groovydoc/testfiles/ClassWithAnonymousInnerClass.java,org.codehaus.groovy.tools.groovydoc.testfiles.ClassWithAnonymousInnerClass,class,0,0,0,0,0,1,0,0,0,0.0,-1.0,-1.0,0,0,0,0,0,0,0,0,0,0,0,0,0,0,0,0,0,0,0,2,0,0,0,0,0,0,0,0,0,0,0,0,0,0,4,1,0
/Users/kaiohs/Downloads/codes/lab02-experimentacao-software/data/repos/apache__groovy/subprojects/groovy-groovydoc/src/main/java/org/codehaus/groovy/tools/groovydoc/GroovyDocWriter.java,org.codehaus.groovy.tools.groovydoc.GroovyDocWriter,class,11,13,2,11,22,1,0,31,0,0.42222223,0.0,0.0,9,1,8,1,0,0,8,0,0,0,5,1,0,5,0,0,5,0,3,75,1,5,0,0,0,20,0,17,9,17,2,0,0,0,41,1,4
/Users/kaiohs/Downloads/codes/lab02-experimentacao-software/data/repos/apache__groovy/subprojects/groovy-xml/src/main/java/groovy/xml/slurpersupport/Attributes.java,groovy.xml.slurpersupport.Attributes,class,9,12,3,9,14,4,1,16,66,0.9166667,0.0,0.0,12,0,12,0,0,0,12,0,0,0,1,0,0,0,0,1,1,0,0,72,8,2,0,0,0,6,2,4,1,4,1,1,0,0,77,1,0
/Users/kaiohs/Downloads/codes/lab02-experimentacao-software/data/repos/apache__groovy/src/main/java/org/codehaus/groovy/runtime/callsite/BooleanReturningMethodInvoker.java,org.codehaus.groovy.runtime.callsite.BooleanReturningMethodInvoker,class,3,7,4,3,8,1,0,3,0,0.25,0.0,0.0,4,0,4,0,0,0,4,0,0,0,1,0,0,1,0,0,1,0,0,32,5,0,1,2,0,2,2,3,0,2,1,0,0,0,67,1,0
/Users/kaiohs/Downloads/codes/lab02-experimentacao-software/data/repos/apache__groovy/src/main/java/org/codehaus/groovy/transform/sc/StaticCompilationMetadataKeys.java,org.codehaus.groovy.transform.sc.StaticCompilationMetadataKeys,enum,0,0,0,0,0,1,0,0,0,0.0,-1.0,-1.0,0,0,0,0,0,0,0,0,0,0,0,0,0,0,0,0,0,0,0,10,0,0,0,0,0,2,0,0,0,0,0,0,0,0,73,1,0
/Users/kaiohs/Downloads/codes/lab02-experimentacao-software/data/repos/apache__groovy/src/test/groovy/org/codehaus/groovy/ast/decompiled/support/Groovy8632.java,org.codehaus.groovy.ast.decompiled.support.Groovy8632,class,4,4,0,4,1,4,0,0,0,0.0,NaN,NaN,1,0,0,0,0,1,1,0,0,0,0,0,0,0,0,0,0,0,0,13,0,0,0,0,0,0,0,0,0,0,0,0,4,0,4,1,0
/Users/kaiohs/Downloads/codes/lab02-experimentacao-software/data/repos/apache__groovy/subprojects/groovy-ginq/src/main/groovy/org/apache/groovy/ginq/dsl/expression/HavingExpression.java,org.apache.groovy.ginq.dsl.expression.HavingExpression,class,5,10,5,5,4,5,0,3,6,0.0,0.0,0.0,4,0,4,0,0,0,4,0,0,0,0,0,0,0,0,0,0,0,0,14,3,0,0,0,0,1,0,0,1,0,0,0,0,0,15,1,0
/Users/kaiohs/Downloads/codes/lab02-experimentacao-software/data/repos/apache__groovy/src/main/java/org/codehaus/groovy/ast/decompiled/ClassSignatureParser.java,org.codehaus.groovy.ast.decompiled.ClassSignatureParser,class,11,13,2,11,12,1,0,21,1,0.0,NaN,NaN,2,2,0,1,0,1,1,0,0,0,0,0,0,0,0,0,0,0,6,78,1,3,3,0,0,0,7,16,0,13,3,2,0,0,33,0,0
/Users/kaiohs/Downloads/codes/lab02-experimentacao-software/data/repos/apache__groovy/src/main/java/org/codehaus/groovy/runtime/dgmimpl/NumberNumberMultiply.java,org.codehaus.groovy.runtime.dgmimpl.NumberNumberMultiply$LongInteger,innerclass,5,5,0,5,4,7,0,3,1,0.0,0.0,0.0,2,0,2,0,0,0,2,0,1,0,0,0,0,0,0,0,0,0,0,15,2,0,0,1,1,0,1,0,1,0,2,0,0,0,19,10,0
/Users/kaiohs/Downloads/codes/lab02-experimentacao-software/data/repos/apache__groovy/subprojects/groovy-xml/src/main/java/groovy/xml/slurpersupport/NodeParents.java,groovy.xml.slurpersupport.NodeParents,class,4,5,1,4,2,4,0,1,1,0.0,0.0,0.0,2,0,2,0,0,0,2,0,0,0,0,0,0,0,0,0,0,0,0,21,1,0,0,0,0,0,0,0,0,0,0,1,0,0,28,1,0
/Users/kaiohs/Downloads/codes/lab02-experimentacao-software/data/repos/apache__groovy/src/main/java/org/codehaus/groovy/ast/expr/GStringExpression.java,org.codehaus.groovy.ast.expr.GStringExpression,class,5,9,4,5,17,3,0,15,0,0.48717952,0.0,0.0,13,0,13,0,0,0,13,0,0,0,3,0,0,3,0,0,3,0,0,64,8,1,2,0,0,4,0,9,1,6,2,0,0,0,50,1,0
/Users/kaiohs/Downloads/codes/lab02-experimentacao-software/data/repos/apache__groovy/subprojects/groovy-console/src/main/groovy/groovy/console/ui/ConsoleTextEditor.java,groovy.console.ui.ConsoleTextEditor$UndoAction,innerclass,2,2,0,2,3,3,0,5,3,0.0,0.0,0.0,3,0,2,0,0,1,3,0,0,0,0,0,0,0,0,0,0,0,0,14,0,0,0,0,0,0,0,0,0,0,0,0,0,0,16,2,0
/Users/kaiohs/Downloads/codes/lab02-experimentacao-software/data/repos/apache__groovy/src/test/groovy/groovy/lang/ScriptPrintTest.java,groovy.lang.ScriptPrintTest,class,2,2,0,2,1,2,0,1,0,0.0,NaN,NaN,1,0,0,0,0,1,1,0,0,0,0,0,0,0,0,0,0,0,0,5,0,0,0,0,0,3,0,0,1,0,0,0,0,0,16,16,0
/Users/kaiohs/Downloads/codes/lab02-experimentacao-software/data/repos/apache__groovy/src/main/java/org/codehaus/groovy/classgen/VariableScopeVisitor.java,org.codehaus.groovy.classgen.VariableScopeVisitor$StateStackElement,innerclass,2,2,0,2,1,1,0,0,0,0.0,NaN,NaN,1,0,0,0,0,1,1,0,0,0,3,0,0,0,0,3,3,0,0,11,0,0,0,0,0,0,0,4,0,4,0,0,0,0,13,10,0
/Users/kaiohs/Downloads/codes/lab02-experimentacao-software/data/repos/apache__groovy/subprojects/groovy-swing/src/main/java/org/apache/groovy/swing/binding/TargetBinding.java,org.apache.groovy.swing.binding.TargetBinding,interface,0,25,25,0,1,1,0,0,0,0.0,NaN,NaN,1,0,0,0,0,1,1,0,0,0,0,0,0,0,0,0,0,0,0,3,0,0,0,0,0,0,0,0,0,0,0,0,0,0,7,1,0
/Users/kaiohs/Downloads/codes/lab02-experimentacao-software/data/repos/apache__groovy/src/main/java/org/codehaus/groovy/runtime/metaclass/ConcurrentReaderHashMap.java,org.codehaus.groovy.runtime.metaclass.ConcurrentReaderHashMap$Values,innerclass,2,2,0,2,6,2,0,5,15,0.0,0.0,0.0,6,0,6,0,0,0,6,0,0,0,0,0,0,0,0,0,0,0,0,22,5,0,0,0,0,0,0,2,0,2,0,0,0,0,16,2,0
/Users/kaiohs/Downloads/codes/lab02-experimentacao-software/data/repos/apache__groovy/src/test/groovy/org/codehaus/groovy/runtime/InvokeConstructorTest.java,org.codehaus.groovy.runtime.InvokeConstructorTest$Anonymous1,anonymous,0,0,0,0,1,1,0,0,0,0.0,NaN,NaN,1,0,1,0,0,0,1,0,0,0,0,0,0,0,0,0,0,0,0,5,1,0,0,0,0,1,0,0,0,0,0,0,0,0,2,-1,0
/Users/kaiohs/Downloads/codes/lab02-experimentacao-software/data/repos/apache__groovy/src/main/java/groovy/util/logging/Log.java,groovy.util.logging.Log$JavaUtilLoggingStrategy,class,10,10,0,10,4,2,0,9,6,0.75,0.0,0.0,4,0,3,0,1,0,4,0,0,0,2,2,0,2,0,0,2,0,0,21,3,0,0,0,0,3,0,5,0,5,0,0,0,0,64,0,0
/Users/kaiohs/Downloads/codes/lab02-experimentacao-software/data/repos/apache__groovy/src/main/java/org/apache/groovy/util/concurrent/concurrentlinkedhashmap/LinkedDeque.java,org.apache.groovy.util.concurrent.concurrentlinkedhashmap.LinkedDeque,class,5,11,6,5,63,2,0,25,606,0.73749995,0.0,0.0,40,0,32,0,0,8,40,0,0,0,2,0,0,0,0,2,0,0,0,248,33,3,14,0,6,1,1,28,0,15,1,2,1,0,145,16,0
/Users/kaiohs/Downloads/codes/lab02-experimentacao-software/data/repos/apache__groovy/src/main/java/org/codehaus/groovy/classgen/asm/LambdaWriter.java,org.codehaus.groovy.classgen.asm.LambdaWriter,class,4,9,5,4,3,2,1,2,3,0.0,0.0,0.0,3,0,2,0,1,0,3,0,0,0,0,0,0,0,0,0,0,0,0,11,1,0,0,0,0,0,0,0,0,0,0,0,0,0,11,1,0
/Users/kaiohs/Downloads/codes/lab02-experimentacao-software/data/repos/apache__groovy/subprojects/groovy-groovydoc/src/test/groovy/org/codehaus/groovy/tools/groovydoc/CustomGroovyDoc.java,org.codehaus.groovy.tools.groovydoc.CustomGroovyDoc,class,1,1,0,1,1,2,0,0,0,0.0,NaN,NaN,1,0,0,0,1,0,1,0,0,0,0,0,0,0,0,0,0,0,0,5,1,0,0,0,0,1,0,0,0,0,0,0,0,0,16,1,0
/Users/kaiohs/Downloads/codes/lab02-experimentacao-software/data/repos/apache__groovy/src/test/groovy/bugs/groovy6742/DeferredResult.java,bugs.groovy6742.DeferredResult,class,1,1,0,1,1,1,0,0,0,0.0,NaN,NaN,1,0,1,0,0,0,1,0,0,0,0,0,0,0,0,0,0,0,0,5,1,0,0,0,0,0,0,0,0,0,0,0,0,0,5,1,0
/Users/kaiohs/Downloads/codes/lab02-experimentacao-software/data/repos/apache__groovy/src/main/java/org/codehaus/groovy/runtime/dgmimpl/NumberNumberMultiply.java,org.codehaus.groovy.runtime.dgmimpl.NumberNumberMultiply$DoubleDouble,innerclass,5,5,0,5,4,7,0,2,1,0.0,0.0,0.0,2,0,2,0,0,0,2,0,1,0,0,0,0,0,0,0,0,0,0,15,2,0,0,1,0,0,1,0,1,0,2,0,0,0,18,10,0
/Users/kaiohs/Downloads/codes/lab02-experimentacao-software/data/repos/apache__groovy/src/main/java/groovy/lang/MetaMember.java,groovy.lang.MetaMember,interface,1,9,8,1,16,1,0,1,36,0.0,0.0,0.0,9,0,0,0,0,9,9,0,0,0,0,0,0,0,0,0,0,0,0,25,7,0,7,0,7,0,8,0,1,0,0,0,0,0,20,1,0
/Users/kaiohs/Downloads/codes/lab02-experimentacao-software/data/repos/apache__groovy/src/main/java/org/codehaus/groovy/runtime/callsite/BooleanClosureWrapper.java,org.codehaus.groovy.runtime.callsite.BooleanClosureWrapper,class,5,6,1,5,4,1,0,5,0,0.33333334,0.0,0.0,3,0,3,0,0,0,3,0,0,0,3,0,0,3,0,0,3,0,0,21,3,0,1,0,0,3,1,3,0,3,1,0,0,0,78,1,0
/Users/kaiohs/Downloads/codes/lab02-experimentacao-software/data/repos/apache__groovy/src/main/java/org/codehaus/groovy/control/ResolveVisitor.java,org.codehaus.groovy.control.ResolveVisitor,class,55,57,2,55,351,13,0,269,1524,0.95277774,0.0,0.0,60,9,10,28,22,0,33,0,0,0,17,4,3,13,0,1,6,0,43,1157,109,41,86,8,20,55,32,238,21,174,6,0,4,2,354,1,0
/Users/kaiohs/Downloads/codes/lab02-experimentacao-software/data/repos/apache__groovy/benchmark/bench/prodcons.java,prodcons$Consumer,innerclass,1,1,0,1,3,2,0,1,0,0.0,0.0,0.0,2,0,2,0,0,0,2,0,0,0,2,0,0,2,0,0,0,0,0,15,0,1,0,0,0,0,2,5,0,4,1,0,0,0,12,2,0
/Users/kaiohs/Downloads/codes/lab02-experimentacao-software/data/repos/apache__groovy/src/main/java/org/codehaus/groovy/classgen/InnerClassVisitor.java,org.codehaus.groovy.classgen.InnerClassVisitor,class,25,27,2,25,61,3,0,80,52,0.7948718,0.0,0.0,13,0,6,4,3,0,9,0,0,0,5,0,0,5,0,0,1,0,5,201,7,6,18,0,10,12,16,64,5,49,4,1,0,2,127,1,0
/Users/kaiohs/Downloads/codes/lab02-experimentacao-software/data/repos/apache__groovy/src/main/java/org/codehaus/groovy/transform/OperatorRenameASTTransformation.java,org.codehaus.groovy.transform.OperatorRenameASTTransformation,class,20,21,1,20,18,2,0,25,2,0.76000005,0.0,0.0,5,1,2,1,1,1,4,0,0,0,5,3,0,5,0,0,3,0,5,68,6,0,4,0,2,15,3,13,2,12,3,0,0,0,72,1,0
/Users/kaiohs/Downloads/codes/lab02-experimentacao-software/data/repos/apache__groovy/src/main/java/groovy/grape/GrapeEngine.java,groovy.grape.GrapeEngine,interface,0,1,1,0,9,1,0,0,36,1.0,0.0,0.0,9,0,0,0,0,9,9,0,0,0,2,0,0,0,0,2,0,0,0,14,0,0,0,0,0,1,1,2,0,2,0,0,0,0,42,1,0
/Users/kaiohs/Downloads/codes/lab02-experimentacao-software/data/repos/apache__groovy/src/main/java/org/codehaus/groovy/runtime/dgmimpl/NumberNumberDiv.java,org.codehaus.groovy.runtime.dgmimpl.NumberNumberDiv$FloatLong,innerclass,5,5,0,5,4,7,0,4,1,0.0,0.0,0.0,2,0,2,0,0,0,2,0,1,0,0,0,0,0,0,0,0,0,0,15,2,0,0,1,2,0,1,0,1,0,2,0,0,0,19,10,0
/Users/kaiohs/Downloads/codes/lab02-experimentacao-software/data/repos/apache__groovy/subprojects/groovy-swing/src/main/groovy/groovy/swing/binding/JSpinnerProperties.java,groovy.swing.binding.JSpinnerProperties,class,3,3,0,3,1,1,0,2,0,0.0,NaN,NaN,1,1,1,0,0,0,1,0,0,0,0,0,0,0,0,0,0,0,0,7,1,0,0,0,0,1,0,1,1,3,0,0,0,1,10,1,0
/Users/kaiohs/Downloads/codes/lab02-experimentacao-software/data/repos/apache__groovy/subprojects/groovy-grape-ivy/src/main/java/groovy/grape/ivy/PlatformLoggingMessageLogger.java,groovy.grape.ivy.PlatformLoggingMessageLogger,class,2,3,1,2,14,2,0,7,9,0.6666666,0.0,0.0,6,1,2,1,2,1,5,0,0,0,2,2,0,2,0,0,2,0,4,39,6,0,2,0,0,1,0,3,0,3,1,0,0,0,63,0,0
/Users/kaiohs/Downloads/codes/lab02-experimentacao-software/data/repos/apache__groovy/src/test/groovy/groovy/lang/GroovyShellTest.java,groovy.lang.GroovyShellTest$BaseScript228,innerclass,1,1,0,1,2,2,0,0,1,0.0,0.0,0.0,2,0,2,0,0,0,2,0,0,0,0,0,0,0,0,0,0,0,0,8,2,0,0,0,0,2,0,0,1,0,0,0,0,0,9,1033,0
/Users/kaiohs/Downloads/codes/lab02-experimentacao-software/data/repos/apache__groovy/src/test/groovy/groovy/lang/MetaClassTest.java,groovy.lang.MetaClassTest,class,9,9,0,9,17,1,0,22,91,0.0,0.0,0.0,14,0,1,0,0,13,14,0,0,0,0,0,0,0,0,0,0,0,15,150,0,2,0,0,0,37,30,34,4,34,3,0,2,1,50,16,0
/Users/kaiohs/Downloads/codes/lab02-experimentacao-software/data/repos/apache__groovy/src/main/java/org/apache/groovy/util/concurrent/concurrentlinkedhashmap/ConcurrentLinkedHashMap.java,org.apache.groovy.util.concurrent.concurrentlinkedhashmap.ConcurrentLinkedHashMap$Node,innerclass,6,6,0,6,7,2,0,1,15,0.75,0.0,0.0,7,0,4,0,0,3,7,0,0,0,4,0,0,0,0,4,1,0,0,29,4,0,0,0,0,7,0,4,0,4,0,0,0,0,33,24,0
/Users/kaiohs/Downloads/codes/lab02-experimentacao-software/data/repos/apache__groovy/src/main/java/org/codehaus/groovy/util/FloatArrayIterator.java,org.codehaus.groovy.util.FloatArrayIterator,class,1,3,2,1,6,1,0,1,0,0.375,0.0,0.0,4,0,4,0,0,0,4,0,0,0,2,0,0,2,0,0,1,0,0,21,2,0,0,1,0,1,0,1,0,2,1,0,0,0,30,1,0
/Users/kaiohs/Downloads/codes/lab02-experimentacao-software/data/repos/apache__groovy/src/main/java/org/codehaus/groovy/classgen/FinalVariableAnalyzer.java,org.codehaus.groovy.classgen.FinalVariableAnalyzer$VariableState,enum,1,1,0,1,3,1,0,0,1,0.33333334,0.0,0.0,3,0,2,0,0,1,3,0,0,0,1,0,0,1,0,0,1,0,0,11,2,0,0,0,0,0,0,1,0,1,0,0,0,0,14,2,0
/Users/kaiohs/Downloads/codes/lab02-experimentacao-software/data/repos/apache__groovy/src/test/groovy/groovy/OuterUser.java,groovy.OuterUser$InnerAddress,innerclass,0,0,0,0,4,1,0,0,2,0.5,0.0,0.0,4,0,4,0,0,0,4,0,0,0,2,0,0,2,0,0,0,0,0,32,2,0,0,0,0,0,0,2,0,2,0,0,1,0,9,9,0
/Users/kaiohs/Downloads/codes/lab02-experimentacao-software/data/repos/apache__groovy/subprojects/groovy-json/src/main/java/org/apache/groovy/json/internal/JsonParserUsingCharacterSource.java,org.apache.groovy.json.internal.JsonParserUsingCharacterSource,class,10,12,2,10,35,2,0,33,0,0.7,0.0,0.0,12,0,2,3,7,0,9,0,6,0,5,3,0,2,3,0,2,0,11,171,12,2,10,2,0,15,1,34,3,24,5,0,0,0,102,1,0
/Users/kaiohs/Downloads/codes/lab02-experimentacao-software/data/repos/apache__groovy/subprojects/groovy-ginq/src/main/groovy/org/apache/groovy/ginq/provider/collection/runtime/AbstractBound.java,org.apache.groovy.ginq.provider.collection.runtime.AbstractBound,class,2,6,4,2,3,1,0,0,0,0.5555556,0.0,0.0,3,0,2,0,0,1,3,0,0,0,3,1,0,3,0,0,3,0,0,15,2,0,0,0,0,0,1,3,0,3,0,0,0,0,32,1024,0
/Users/kaiohs/Downloads/codes/lab02-experimentacao-software/data/repos/apache__groovy/subprojects/groovy-console/src/main/groovy/groovy/console/ui/text/FindReplaceUtility.java,groovy.console.ui.text.FindReplaceUtility$FindAction,innerclass,1,1,0,1,7,2,0,14,1,0.0,0.0,0.0,2,0,1,0,0,1,2,0,0,0,0,0,0,0,0,0,0,0,3,23,0,0,2,0,1,0,4,7,1,3,1,0,0,0,33,10,0
/Users/kaiohs/Downloads/codes/lab02-experimentacao-software/data/repos/apache__groovy/src/test/groovy/groovy/lang/MissingPropertyExceptionTest.java,groovy.lang.MissingPropertyExceptionTest,class,2,2,0,2,1,2,0,4,0,0.0,NaN,NaN,1,0,1,0,0,0,1,0,0,0,0,0,0,0,0,0,0,0,0,7,0,0,0,0,0,1,0,1,0,1,0,0,0,0,18,1,0
/Users/kaiohs/Downloads/codes/lab02-experimentacao-software/data/repos/apache__groovy/src/main/java/org/codehaus/groovy/runtime/dgmimpl/NumberNumberMinus.java,org.codehaus.groovy.runtime.dgmimpl.NumberNumberMinus$DoubleFloat,innerclass,5,5,0,5,4,7,0,3,1,0.0,0.0,0.0,2,0,2,0,0,0,2,0,1,0,0,0,0,0,0,0,0,0,0,15,2,0,0,1,1,0,1,0,1,0,2,0,0,0,19,10,0
/Users/kaiohs/Downloads/codes/lab02-experimentacao-software/data/repos/apache__groovy/src/test/groovy/bugs/ClassInScriptBug.java,bugs.ClassInScriptBug,class,2,2,0,2,1,2,0,1,0,0.0,NaN,NaN,1,0,0,0,0,1,1,0,0,0,0,0,0,0,0,0,0,0,0,5,0,0,0,0,0,1,0,0,0,0,0,0,0,0,11,16,0
/Users/kaiohs/Downloads/codes/lab02-experimentacao-software/data/repos/apache__groovy/subprojects/groovy-json/src/main/java/org/apache/groovy/json/FastStringServiceFactory.java,org.apache.groovy.json.FastStringServiceFactory,interface,1,3,2,1,1,1,0,0,0,0.0,NaN,NaN,1,0,0,0,0,1,1,0,0,0,0,0,0,0,0,0,0,0,0,3,0,0,0,0,0,0,0,0,0,0,0,0,0,0,28,1,0
/Users/kaiohs/Downloads/codes/lab02-experimentacao-software/data/repos/apache__groovy/src/main/java/org/apache/groovy/ast/tools/VisibilityUtils.java,org.apache.groovy.ast.tools.VisibilityUtils,class,13,18,5,13,24,1,0,16,6,0.75,NaN,NaN,4,3,1,3,0,0,1,0,0,0,1,1,0,1,0,0,1,0,9,51,8,1,11,0,3,7,1,14,0,8,3,0,0,0,82,1,0
/Users/kaiohs/Downloads/codes/lab02-experimentacao-software/data/repos/apache__groovy/subprojects/groovy-groovydoc/src/main/java/org/codehaus/groovy/tools/groovydoc/GroovyRootDocBuilder.java,org.codehaus.groovy.tools.groovydoc.GroovyRootDocBuilder,class,13,16,3,13,42,1,0,62,100,0.8319327,0.0,0.0,17,6,4,12,0,1,5,0,0,0,7,2,0,7,0,0,7,0,22,164,12,3,5,2,0,43,9,51,8,32,4,0,0,0,91,1,2
/Users/kaiohs/Downloads/codes/lab02-experimentacao-software/data/repos/apache__groovy/src/test/groovy/org/codehaus/groovy/runtime/m12n/TestPrimitiveWrapperExtension.java,org.codehaus.groovy.runtime.m12n.TestPrimitiveWrapperExtension,class,0,0,0,0,2,1,0,0,0,0.0,NaN,NaN,1,1,1,0,0,0,1,0,0,0,0,0,0,0,0,0,0,0,0,5,1,0,1,0,0,0,2,0,1,0,0,0,0,0,8,1,0
/Users/kaiohs/Downloads/codes/lab02-experimentacao-software/data/repos/apache__groovy/src/main/java/org/codehaus/groovy/runtime/ProxyGeneratorAdapter.java,org.codehaus.groovy.runtime.ProxyGeneratorAdapter,class,21,22,1,21,163,4,0,155,401,0.9089638,0.0,0.0,34,16,6,26,2,0,9,0,0,0,21,8,0,21,0,0,21,0,60,639,41,28,29,3,9,80,64,126,22,108,5,0,2,2,322,1,0
/Users/kaiohs/Downloads/codes/lab02-experimentacao-software/data/repos/apache__groovy/src/main/java/org/codehaus/groovy/transform/stc/TypeCheckingExtension.java,org.codehaus.groovy.transform.stc.TypeCheckingExtension,class,21,28,7,21,48,1,3,35,503,0.85294116,0.0,0.0,34,0,34,0,0,0,34,0,0,0,2,0,0,1,1,0,1,0,7,131,29,1,6,0,2,3,2,9,1,8,3,0,0,0,321,1,0
/Users/kaiohs/Downloads/codes/lab02-experimentacao-software/data/repos/apache__groovy/src/main/java/org/codehaus/groovy/runtime/memoize/UnlimitedConcurrentCache.java,org.codehaus.groovy.runtime.memoize.UnlimitedConcurrentCache,class,5,5,0,5,23,1,0,17,0,0.5,0.0,0.0,18,0,18,0,0,0,18,0,0,0,2,1,0,2,0,0,2,0,0,73,13,2,1,0,1,0,1,8,0,7,2,0,0,0,114,17,0
/Users/kaiohs/Downloads/codes/lab02-experimentacao-software/data/repos/apache__groovy/src/main/java/org/codehaus/groovy/reflection/GroovyClassValue.java,org.codehaus.groovy.reflection.GroovyClassValue,interface,1,4,3,1,2,1,0,0,1,0.0,0.0,0.0,2,0,0,0,0,2,2,0,0,0,0,0,0,0,0,0,0,0,0,7,0,0,0,0,0,0,0,0,0,0,0,0,1,0,10,1,0
/Users/kaiohs/Downloads/codes/lab02-experimentacao-software/data/repos/apache__groovy/src/test/groovy/bugs/POJOCallSiteBugFoo.java,bugs.POJOCallSiteBugFoo,class,0,0,0,0,1,1,0,0,0,1.0,NaN,NaN,1,0,1,0,0,0,1,0,0,0,1,0,1,0,0,0,0,0,0,6,1,0,0,0,0,2,0,1,0,1,0,0,0,0,10,1,0
/Users/kaiohs/Downloads/codes/lab02-experimentacao-software/data/repos/apache__groovy/src/main/java/org/codehaus/groovy/reflection/stdclasses/BooleanCachedClass.java,org.codehaus.groovy.reflection.stdclasses.BooleanCachedClass,class,2,3,1,2,7,2,0,0,0,0.0,0.0,0.0,3,0,3,0,0,0,3,0,0,0,1,0,0,1,0,0,1,0,0,13,2,0,4,0,2,0,0,1,0,1,0,0,0,0,16,1,0
/Users/kaiohs/Downloads/codes/lab02-experimentacao-software/data/repos/apache__groovy/src/main/java/groovy/util/FactoryBuilderSupport.java,groovy.util.FactoryBuilderSupport$Anonymous1,anonymous,2,2,0,2,3,1,0,3,0,0.0,NaN,NaN,1,0,1,0,0,0,1,0,0,0,0,0,0,0,0,0,0,0,1,15,2,0,0,1,0,1,0,0,0,0,2,0,0,0,29,-1,0
/Users/kaiohs/Downloads/codes/lab02-experimentacao-software/data/repos/apache__groovy/subprojects/groovy-yaml/src/main/java/groovy/yaml/YamlBuilder.java,groovy.yaml.YamlBuilder,class,6,7,1,6,11,2,0,7,0,0.09090909,0.0,0.0,11,0,11,0,0,0,11,0,0,0,1,0,0,1,0,0,1,0,1,36,10,0,0,0,0,0,0,1,0,1,0,0,0,0,143,1,0
/Users/kaiohs/Downloads/codes/lab02-experimentacao-software/data/repos/apache__groovy/subprojects/groovy-groovydoc/src/main/java/org/codehaus/groovy/tools/groovydoc/SimpleGroovyPackageDoc.java,org.codehaus.groovy.tools.groovydoc.SimpleGroovyPackageDoc,class,5,7,2,5,28,2,0,21,42,0.725,0.0,0.0,16,0,16,0,0,0,16,0,0,0,5,2,0,4,0,1,3,0,0,98,12,7,0,0,0,4,1,17,1,15,2,0,0,0,60,1,0
/Users/kaiohs/Downloads/codes/lab02-experimentacao-software/data/repos/apache__groovy/src/test/groovy/org/codehaus/groovy/classgen/ClassCompletionVerifierTest.java,org.codehaus.groovy.classgen.ClassCompletionVerifierTest,class,9,10,1,9,26,1,0,28,100,0.625,0.0,0.0,24,1,0,6,0,18,18,0,0,0,2,0,0,2,0,0,2,0,0,180,3,1,1,1,0,97,15,21,3,20,2,0,0,0,142,16,0
/Users/kaiohs/Downloads/codes/lab02-experimentacao-software/data/repos/apache__groovy/src/test/groovy/bugs/groovy8531/Reducer.java,bugs.groovy8531.Reducer$PublicStaticContext,innerclass,0,0,0,0,0,1,0,0,0,0.0,-1.0,-1.0,0,0,0,0,0,0,0,0,0,0,0,0,0,0,0,0,0,0,0,2,0,0,0,0,0,0,0,0,0,0,0,0,0,0,3,1033,0
/Users/kaiohs/Downloads/codes/lab02-experimentacao-software/data/repos/apache__groovy/subprojects/groovy-contracts/src/main/java/org/apache/groovy/contracts/ast/visitor/BaseVisitor.java,org.apache.groovy.contracts.ast.visitor.BaseVisitor,class,8,18,10,8,8,2,8,12,13,0.8333334,0.0,0.0,6,4,2,0,4,0,6,0,0,0,2,1,1,0,1,0,2,0,1,36,6,0,0,0,1,7,1,8,0,8,1,0,0,0,64,1025,0
/Users/kaiohs/Downloads/codes/lab02-experimentacao-software/data/repos/apache__groovy/subprojects/groovy-sql/src/main/java/groovy/sql/Sql.java,groovy.sql.Sql$CreateStatementCommand,innerclass,2,2,0,2,1,2,0,1,0,0.0,NaN,NaN,1,0,0,0,1,0,1,0,0,0,0,0,0,0,0,0,0,0,0,5,1,0,0,0,0,0,0,0,0,0,0,0,0,0,13,2,0
/Users/kaiohs/Downloads/codes/lab02-experimentacao-software/data/repos/apache__groovy/src/main/java/org/codehaus/groovy/classgen/FinalVariableAnalyzer.java,org.codehaus.groovy.classgen.FinalVariableAnalyzer,class,31,34,3,31,119,4,0,78,303,0.8827161,0.0,0.0,27,1,13,13,1,0,14,0,0,0,6,0,0,6,0,0,3,0,7,394,21,12,32,0,12,0,4,83,1,64,4,0,3,1,132,1,0
/Users/kaiohs/Downloads/codes/lab02-experimentacao-software/data/repos/apache__groovy/src/main/java/groovy/lang/Writable.java,groovy.lang.Writable,interface,0,3,3,0,1,1,0,0,0,0.0,NaN,NaN,1,0,0,0,0,1,1,0,0,0,0,0,0,0,0,0,0,0,0,3,0,0,0,0,0,0,0,0,0,0,0,0,0,0,103,1,0
/Users/kaiohs/Downloads/codes/lab02-experimentacao-software/data/repos/apache__groovy/src/main/java/org/codehaus/groovy/runtime/dgmimpl/NumberNumberMinus.java,org.codehaus.groovy.runtime.dgmimpl.NumberNumberMinus$LongLong,innerclass,5,5,0,5,4,7,0,2,1,0.0,0.0,0.0,2,0,2,0,0,0,2,0,1,0,0,0,0,0,0,0,0,0,0,15,2,0,0,1,0,0,1,0,1,0,2,0,0,0,18,10,0
/Users/kaiohs/Downloads/codes/lab02-experimentacao-software/data/repos/apache__groovy/subprojects/groovy-ant/src/test/groovy/groovy/ant/SpoofTask.java,groovy.ant.SpoofTask,class,2,2,0,2,3,2,0,5,1,0.33333334,0.0,0.0,3,0,3,0,0,0,3,0,0,0,1,0,0,1,0,0,0,0,6,17,0,0,0,0,0,6,0,1,3,1,0,0,0,0,14,1,0
/Users/kaiohs/Downloads/codes/lab02-experimentacao-software/data/repos/apache__groovy/subprojects/groovy-groovydoc/src/main/java/org/codehaus/groovy/groovydoc/GroovyParameter.java,org.codehaus.groovy.groovydoc.GroovyParameter,interface,2,6,4,2,5,1,0,0,10,0.0,0.0,0.0,5,0,0,0,0,5,5,0,0,0,0,0,0,0,0,0,0,0,0,7,0,0,0,0,0,0,0,0,0,0,0,0,0,0,9,1,0
/Users/kaiohs/Downloads/codes/lab02-experimentacao-software/data/repos/apache__groovy/src/main/java/org/codehaus/groovy/transform/tailrec/AstHelper.java,org.codehaus.groovy.transform.tailrec.AstHelper,class,8,13,5,8,8,1,0,10,21,0.0,0.0,0.0,7,6,6,1,0,0,6,0,0,0,0,0,0,0,0,0,0,0,2,24,6,0,0,0,0,3,0,1,0,1,1,0,0,0,70,1,0
/Users/kaiohs/Downloads/codes/lab02-experimentacao-software/data/repos/apache__groovy/src/main/java/org/codehaus/groovy/transform/AnnotationCollectorTransform.java,org.codehaus.groovy.transform.AnnotationCollectorTransform$ClassChanger,innerclass,16,16,0,16,19,1,0,41,3,0.0,NaN,NaN,3,0,1,2,0,0,1,0,0,0,0,0,0,0,0,0,0,0,3,82,6,5,2,0,3,5,0,25,1,20,2,0,0,0,109,9,0
/Users/kaiohs/Downloads/codes/lab02-experimentacao-software/data/repos/apache__groovy/benchmark/bench/regexdna.java,regexdna,class,1,1,0,1,6,1,0,11,1,0.0,0.0,0.0,2,1,2,0,0,0,2,0,0,0,0,0,0,0,0,0,0,0,13,42,1,3,1,1,1,34,9,24,1,11,2,0,0,0,28,1,0
/Users/kaiohs/Downloads/codes/lab02-experimentacao-software/data/repos/apache__groovy/subprojects/groovy-contracts/src/main/java/org/apache/groovy/contracts/ast/ModifiesEnsuresValidationTransformation.java,org.apache.groovy.contracts.ast.ModifiesEnsuresValidationTransformation,class,7,7,0,7,10,1,0,6,0,0.0,NaN,NaN,1,0,1,0,0,0,1,0,0,0,0,0,0,0,0,0,0,0,0,16,5,1,3,0,2,4,3,2,1,2,2,0,0,0,59,1,0
/Users/kaiohs/Downloads/codes/lab02-experimentacao-software/data/repos/apache__groovy/src/main/java/org/codehaus/groovy/classgen/asm/CompileStack.java,org.codehaus.groovy.classgen.asm.CompileStack$BlockRecorder,innerclass,2,2,0,2,4,1,0,2,4,0.6666667,0.0,0.0,4,0,4,0,0,0,4,0,0,0,3,0,2,1,0,0,1,0,0,19,0,0,0,0,0,0,0,7,0,4,0,0,0,0,16,9,0
/Users/kaiohs/Downloads/codes/lab02-experimentacao-software/data/repos/apache__groovy/src/main/java/org/codehaus/groovy/control/CompilationUnit.java,org.codehaus.groovy.control.CompilationUnit,class,47,79,32,47,122,5,0,129,1526,0.9616229,0.0,0.0,57,4,43,11,3,0,47,0,0,0,16,0,0,6,10,0,2,0,19,729,27,20,9,6,6,16,23,79,7,69,6,5,10,21,378,1,0
/Users/kaiohs/Downloads/codes/lab02-experimentacao-software/data/repos/apache__groovy/subprojects/groovy-jsr223/src/main/java/org/codehaus/groovy/jsr223/GroovyScriptEngineFactory.java,org.codehaus.groovy.jsr223.GroovyScriptEngineFactory,class,2,4,2,2,26,1,0,10,58,0.8611111,0.0,0.0,12,0,12,0,0,0,13,0,0,0,6,6,0,6,0,0,6,0,3,113,18,3,2,0,0,18,7,17,2,15,2,0,0,0,105,1,0
/Users/kaiohs/Downloads/codes/lab02-experimentacao-software/data/repos/apache__groovy/subprojects/groovy-contracts/src/main/java/org/apache/groovy/contracts/common/impl/lc/ClassInvariantLifecycle.java,org.apache.groovy.contracts.common.impl.lc.ClassInvariantLifecycle,class,7,7,0,7,7,2,0,6,1,0.0,0.0,0.0,2,0,2,0,0,0,2,0,0,0,0,0,0,0,0,0,0,0,2,15,5,0,0,0,0,0,0,2,0,2,1,0,0,0,17,1,0
/Users/kaiohs/Downloads/codes/lab02-experimentacao-software/data/repos/apache__groovy/src/test/groovy/org/codehaus/groovy/control/io/AbstractReaderSourceTest.java,org.codehaus.groovy.control.io.AbstractReaderSourceTest$AbstractReaderSourceSubclass,innerclass,2,2,0,2,3,2,0,1,3,0.0,0.0,0.0,3,0,2,1,0,0,2,0,0,0,0,0,0,0,0,0,0,0,1,11,2,0,0,0,0,1,0,0,0,0,0,0,0,0,20,10,0
/Users/kaiohs/Downloads/codes/lab02-experimentacao-software/data/repos/apache__groovy/benchmark/bench/nbody.java,Body,class,1,3,2,1,7,1,0,0,0,0.4,0.0,0.0,7,5,1,0,0,6,7,0,0,0,4,3,1,0,0,3,3,0,0,63,6,0,0,0,0,0,31,40,20,15,0,0,0,0,28,16,0
/Users/kaiohs/Downloads/codes/lab02-experimentacao-software/data/repos/apache__groovy/subprojects/groovy-ginq/src/main/groovy/org/apache/groovy/ginq/dsl/expression/WhereExpression.java,org.apache.groovy.ginq.dsl.expression.WhereExpression,class,5,10,5,5,4,5,0,3,6,0.0,0.0,0.0,4,0,4,0,0,0,4,0,0,0,0,0,0,0,0,0,0,0,0,14,3,0,0,0,0,1,0,0,1,0,0,0,0,0,16,1,0
/Users/kaiohs/Downloads/codes/lab02-experimentacao-software/data/repos/apache__groovy/src/main/java/org/codehaus/groovy/reflection/ClassLoaderForClassArtifacts.java,org.codehaus.groovy.reflection.ClassLoaderForClassArtifacts,class,5,8,3,5,12,2,0,16,15,0.71428573,0.0,0.0,7,0,6,1,0,0,6,0,0,0,2,0,1,1,0,0,2,0,0,43,8,0,3,1,0,4,3,9,3,8,2,0,0,0,34,1,0
/Users/kaiohs/Downloads/codes/lab02-experimentacao-software/data/repos/apache__groovy/src/main/java/org/codehaus/groovy/util/FastArray.java,org.codehaus.groovy.util.FastArray$Anonymous1,anonymous,1,1,0,1,2,1,0,1,1,0.0,0.0,0.0,2,0,2,0,0,0,2,0,0,0,0,0,0,0,0,0,0,0,0,8,2,0,0,0,0,0,0,0,0,0,0,0,0,0,4,-1,0
/Users/kaiohs/Downloads/codes/lab02-experimentacao-software/data/repos/apache__groovy/src/main/java/groovy/lang/ExpandoMetaClass.java,groovy.lang.ExpandoMetaClass$MixedInAccessor$Anonymous2$Anonymous3,anonymous,1,1,0,1,2,1,0,1,1,0.0,0.0,0.0,2,0,0,0,2,0,2,0,0,0,0,0,0,0,0,0,0,0,0,8,2,0,0,0,0,0,0,0,0,0,0,0,0,0,8,-1,0
/Users/kaiohs/Downloads/codes/lab02-experimentacao-software/data/repos/apache__groovy/src/main/java/org/codehaus/groovy/runtime/metaclass/MetaMethodIndex.java,org.codehaus.groovy.runtime.metaclass.MetaMethodIndex$MetaMethodCache,innerclass,1,1,0,1,1,1,0,0,0,0.0,NaN,NaN,1,0,1,0,0,0,1,0,0,0,2,0,2,0,0,0,2,0,0,8,0,0,0,0,0,0,0,2,0,2,0,0,0,0,18,9,0
/Users/kaiohs/Downloads/codes/lab02-experimentacao-software/data/repos/apache__groovy/src/main/java/groovy/beans/BindableASTTransformation.java,groovy.beans.BindableASTTransformation,class,18,20,2,18,45,1,1,54,45,0.9,0.0,0.0,10,2,2,4,4,0,6,0,0,0,1,1,0,0,1,0,1,0,7,135,11,7,8,0,6,51,7,26,1,20,4,0,0,0,175,1,0
/Users/kaiohs/Downloads/codes/lab02-experimentacao-software/data/repos/apache__groovy/src/main/java/org/codehaus/groovy/ast/expr/ClosureExpression.java,org.codehaus.groovy.ast.expr.ClosureExpression,class,9,19,10,9,16,3,1,7,40,0.72222227,0.0,0.0,12,0,11,1,0,0,11,0,0,0,3,0,0,3,0,0,1,0,2,44,9,0,2,0,1,7,1,4,3,3,1,0,0,0,77,1,0
/Users/kaiohs/Downloads/codes/lab02-experimentacao-software/data/repos/apache__groovy/subprojects/groovy-json/src/main/java/org/apache/groovy/json/internal/Chr.java,org.apache.groovy.json.internal.Chr,class,5,14,9,5,44,1,0,12,253,0.0,0.0,0.0,23,23,21,2,0,0,21,0,0,0,0,0,0,0,0,0,0,0,18,161,24,11,7,2,3,2,22,33,9,27,2,0,0,0,52,1,0
/Users/kaiohs/Downloads/codes/lab02-experimentacao-software/data/repos/apache__groovy/subprojects/groovy-xml/src/main/java/groovy/xml/markupsupport/SingleQuoteFilter.java,groovy.xml.markupsupport.SingleQuoteFilter,class,0,1,1,0,2,1,0,2,0,0.0,NaN,NaN,1,0,1,0,0,0,1,0,0,0,0,0,0,0,0,0,0,0,2,6,2,0,1,0,0,1,0,0,0,0,1,0,0,0,7,1,0
/Users/kaiohs/Downloads/codes/lab02-experimentacao-software/data/repos/apache__groovy/subprojects/groovy-xml/src/main/java/groovy/xml/MarkupBuilder.java,groovy.xml.MarkupBuilder$DefaultXmlEscapingFunction,innerclass,4,4,0,4,4,1,0,4,0,0.25,0.0,0.0,2,0,2,0,0,0,2,0,0,0,4,0,0,4,0,0,4,0,0,19,3,0,0,0,0,0,0,4,0,4,2,0,0,2,23,9,0
/Users/kaiohs/Downloads/codes/lab02-experimentacao-software/data/repos/apache__groovy/src/main/java/org/apache/groovy/util/concurrent/concurrentlinkedhashmap/LinkedDeque.java,org.apache.groovy.util.concurrent.concurrentlinkedhashmap.LinkedDeque$AbstractLinkedIterator,innerclass,2,2,0,2,7,1,0,2,4,0.4,0.0,0.0,5,0,3,0,0,2,5,1,0,0,1,0,0,0,0,1,0,0,0,21,2,0,1,0,1,0,0,3,0,2,1,0,0,0,39,1024,0
/Users/kaiohs/Downloads/codes/lab02-experimentacao-software/data/repos/apache__groovy/subprojects/groovy-json/src/main/java/groovy/json/StreamingJsonBuilder.java,groovy.json.StreamingJsonBuilder$StreamingJsonDelegate,innerclass,10,10,0,10,56,2,0,35,22,0.64285713,0.0,0.0,28,10,19,5,4,0,23,0,0,0,4,0,0,1,3,0,2,0,13,225,18,1,5,1,1,5,9,18,1,15,5,0,1,0,115,9,0
/Users/kaiohs/Downloads/codes/lab02-experimentacao-software/data/repos/apache__groovy/src/main/java/org/codehaus/groovy/ast/expr/AttributeExpression.java,org.codehaus.groovy.ast.expr.AttributeExpression,class,5,9,4,5,7,4,0,20,10,0.0,0.0,0.0,5,0,5,0,0,0,5,0,0,0,0,0,0,0,0,0,0,0,0,28,2,0,0,0,0,1,0,2,0,2,1,0,0,0,35,1,0
/Users/kaiohs/Downloads/codes/lab02-experimentacao-software/data/repos/apache__groovy/subprojects/groovy-ant/src/main/java/org/codehaus/groovy/ant/LoggingHelper.java,org.codehaus.groovy.ant.LoggingHelper,class,1,7,6,1,8,1,0,1,0,0.0,0.0,0.0,7,0,7,0,0,0,7,0,0,0,1,0,0,1,0,0,1,0,0,25,0,0,1,0,0,0,0,1,0,1,0,0,0,0,19,1,0
/Users/kaiohs/Downloads/codes/lab02-experimentacao-software/data/repos/apache__groovy/src/main/java/org/codehaus/groovy/transform/PackageScopeASTTransformation.java,org.codehaus.groovy.transform.PackageScopeASTTransformation,class,23,24,1,23,51,2,0,55,22,0.8333333,NaN,NaN,9,5,1,8,0,0,1,0,0,0,6,6,0,6,0,0,6,0,12,155,4,8,7,1,1,21,4,31,7,27,4,0,0,0,115,1,0
/Users/kaiohs/Downloads/codes/lab02-experimentacao-software/data/repos/apache__groovy/src/main/java/org/codehaus/groovy/ast/tools/WideningCategories.java,org.codehaus.groovy.ast.tools.WideningCategories$LowestUpperBoundClassNode,innerclass,4,4,0,4,20,2,0,19,10,0.625,0.0,0.0,8,0,8,0,0,0,8,0,0,0,4,0,0,4,0,0,4,0,4,66,8,3,2,0,0,4,8,16,1,14,3,0,0,1,91,9,0
/Users/kaiohs/Downloads/codes/lab02-experimentacao-software/data/repos/apache__groovy/src/main/java/org/codehaus/groovy/control/ResolveVisitor.java,org.codehaus.groovy.control.ResolveVisitor$ConstructedClassWithPackage,innerclass,2,2,0,2,8,4,0,5,0,0.375,0.0,0.0,4,0,4,0,0,0,4,0,0,0,2,0,0,0,0,2,1,0,0,26,5,0,4,0,0,1,1,3,2,2,1,0,0,0,54,10,0
/Users/kaiohs/Downloads/codes/lab02-experimentacao-software/data/repos/apache__groovy/subprojects/groovy-groovydoc/src/main/java/org/codehaus/groovy/tools/groovydoc/GroovyDocParserI.java,org.codehaus.groovy.tools.groovydoc.GroovyDocParserI,interface,1,3,2,1,1,1,0,0,0,0.0,NaN,NaN,1,0,0,0,0,1,1,0,0,0,0,0,0,0,0,0,0,0,0,3,0,0,0,0,0,0,0,0,0,0,0,0,0,0,11,1,0
/Users/kaiohs/Downloads/codes/lab02-experimentacao-software/data/repos/apache__groovy/src/main/java/groovy/util/Iterators.java,groovy.util.Iterators$GenerateIterator,innerclass,2,2,0,2,4,1,0,1,4,0.5,0.0,0.0,4,0,3,1,0,0,3,0,0,0,1,0,0,1,0,0,1,0,0,15,2,0,0,0,0,0,0,1,0,1,0,0,0,0,11,26,0
/Users/kaiohs/Downloads/codes/lab02-experimentacao-software/data/repos/apache__groovy/src/main/java/org/apache/groovy/util/concurrent/ConcurrentReferenceHashMap.java,org.apache.groovy.util.concurrent.ConcurrentReferenceHashMap$EntryIterator,innerclass,4,4,0,4,1,2,0,3,0,0.0,NaN,NaN,1,0,1,0,0,0,1,0,0,0,0,0,0,0,0,0,0,0,0,6,1,0,0,0,0,0,0,1,0,1,0,0,0,0,7,18,0
/Users/kaiohs/Downloads/codes/lab02-experimentacao-software/data/repos/apache__groovy/src/main/java/org/codehaus/groovy/ast/decompiled/Annotations.java,org.codehaus.groovy.ast.decompiled.Annotations,class,19,23,4,19,24,2,0,21,10,0.0,0.0,0.0,5,5,0,2,0,3,3,0,0,0,0,0,0,0,0,0,0,0,10,106,10,5,10,0,1,0,1,13,0,13,3,0,1,0,41,0,0
/Users/kaiohs/Downloads/codes/lab02-experimentacao-software/data/repos/apache__groovy/src/main/java/org/codehaus/groovy/classgen/asm/sc/StaticInvocationWriter.java,org.codehaus.groovy.classgen.asm.sc.StaticInvocationWriter$CheckcastReceiverExpression,innerclass,17,17,0,17,22,2,0,27,0,0.375,0.0,0.0,4,0,4,0,0,0,4,0,0,0,2,0,0,2,0,0,2,0,13,59,4,0,5,0,1,0,0,13,0,7,3,0,0,0,27,2,0
/Users/kaiohs/Downloads/codes/lab02-experimentacao-software/data/repos/apache__groovy/src/main/java/groovy/util/ObservableMap.java,groovy.util.ObservableMap$ChangeType,enum,1,1,0,1,1,1,0,0,0,1.0,NaN,NaN,1,1,1,0,0,0,1,0,0,0,2,2,2,0,0,0,2,0,0,6,1,0,0,0,0,0,2,2,0,2,0,0,0,0,13,1,0
/Users/kaiohs/Downloads/codes/lab02-experimentacao-software/data/repos/apache__groovy/src/test/groovy/bugs/IanMaceysBug.java,bugs.IanMaceysBug,class,3,3,0,3,1,1,0,2,0,0.0,NaN,NaN,1,0,0,0,0,1,1,0,0,0,0,0,0,0,0,0,0,0,0,6,0,0,0,0,0,2,0,1,0,1,0,0,0,1,12,16,0
/Users/kaiohs/Downloads/codes/lab02-experimentacao-software/data/repos/apache__groovy/src/main/java/org/codehaus/groovy/runtime/dgmimpl/arrays/ArrayGetAtMetaMethod.java,org.codehaus.groovy.runtime.dgmimpl.arrays.ArrayGetAtMetaMethod,class,1,10,9,1,2,4,9,1,1,0.0,0.0,0.0,2,0,1,0,1,0,2,0,0,0,0,0,0,0,0,0,0,0,0,8,1,0,0,0,0,1,0,0,0,0,0,0,0,0,21,1025,0
/Users/kaiohs/Downloads/codes/lab02-experimentacao-software/data/repos/apache__groovy/src/main/java/org/codehaus/groovy/classgen/asm/BytecodeHelper.java,org.codehaus.groovy.classgen.asm.BytecodeHelper,class,17,53,36,17,139,4,0,87,1079,0.9574468,0.0,0.0,47,47,34,13,0,0,34,0,0,0,1,1,0,1,0,0,1,0,83,553,51,12,20,0,0,46,32,61,13,47,4,0,4,0,247,1,0
/Users/kaiohs/Downloads/codes/lab02-experimentacao-software/data/repos/apache__groovy/subprojects/groovy-templates/src/main/groovy/groovy/text/markup/MarkupTemplateEngine.java,groovy.text.markup.MarkupTemplateEngine$MarkupTemplateMaker,innerclass,7,7,0,7,7,1,0,10,0,0.25,0.0,0.0,4,0,3,0,0,1,4,0,0,0,2,0,0,0,0,2,2,0,1,33,2,0,2,0,0,4,0,10,1,6,2,0,0,0,45,2,0
/Users/kaiohs/Downloads/codes/lab02-experimentacao-software/data/repos/apache__groovy/src/main/java/org/codehaus/groovy/ast/ClassNode.java,org.codehaus.groovy.ast.ClassNode$MapOfLists,innerclass,3,3,0,3,6,1,0,6,1,0.33333334,0.0,0.0,3,0,0,0,0,3,3,0,0,0,1,0,0,0,0,1,0,0,1,17,2,0,3,0,0,0,1,2,0,3,2,0,0,1,14,10,0
/Users/kaiohs/Downloads/codes/lab02-experimentacao-software/data/repos/apache__groovy/subprojects/groovy-ginq/src/main/groovy/org/apache/groovy/ginq/dsl/expression/ProcessExpression.java,org.apache.groovy.ginq.dsl.expression.ProcessExpression,class,3,9,6,3,2,3,5,0,0,0.0,0.0,0.0,2,0,2,0,0,0,2,0,0,0,1,0,0,1,0,0,0,0,0,9,1,0,0,0,0,0,0,1,0,1,0,0,0,0,13,1025,0
/Users/kaiohs/Downloads/codes/lab02-experimentacao-software/data/repos/apache__groovy/subprojects/groovy-json/src/main/java/org/apache/groovy/json/internal/CharBuf.java,org.apache.groovy.json.internal.CharBuf$Anonymous1,anonymous,4,4,0,4,1,1,0,1,0,0.0,NaN,NaN,1,0,1,0,0,0,1,0,0,0,0,0,0,0,0,0,0,0,1,7,1,0,0,0,0,0,0,1,0,0,0,0,0,0,5,-1,0
/Users/kaiohs/Downloads/codes/lab02-experimentacao-software/data/repos/apache__groovy/src/main/java/groovy/io/FileType.java,groovy.io.FileType,enum,0,0,0,0,0,1,0,0,0,0.0,-1.0,-1.0,0,0,0,0,0,0,0,0,0,0,0,0,0,0,0,0,0,0,0,4,0,0,0,0,0,0,0,0,0,0,0,0,0,0,14,1,0
/Users/kaiohs/Downloads/codes/lab02-experimentacao-software/data/repos/apache__groovy/src/main/java/org/codehaus/groovy/control/CompilationUnit.java,org.codehaus.groovy.control.CompilationUnit$1ClosureFound,innerclass,1,1,0,1,1,4,0,0,0,1.0,NaN,NaN,1,0,1,0,0,0,1,0,0,0,1,1,0,1,0,0,1,0,0,6,1,0,0,0,0,0,1,1,0,1,0,0,0,0,14,0,0
/Users/kaiohs/Downloads/codes/lab02-experimentacao-software/data/repos/apache__groovy/subprojects/groovy-groovydoc/src/main/java/org/codehaus/groovy/tools/groovydoc/SimpleGroovyMemberDoc.java,org.codehaus.groovy.tools.groovydoc.SimpleGroovyMemberDoc,class,5,7,2,5,6,4,2,7,0,0.25,0.0,0.0,4,0,4,0,0,0,4,0,0,0,1,0,0,0,1,0,0,0,1,24,3,0,2,0,0,0,0,3,0,3,1,0,0,0,25,1,0
/Users/kaiohs/Downloads/codes/lab02-experimentacao-software/data/repos/apache__groovy/src/test/groovy/org/codehaus/groovy/classgen/asm/sc/Groovy6955Support.java,org.codehaus.groovy.classgen.asm.sc.Groovy6955Support,class,1,1,0,1,1,1,0,0,0,0.0,NaN,NaN,1,0,1,0,0,0,1,0,0,0,0,0,0,0,0,0,0,0,0,10,1,0,0,0,0,0,0,0,0,0,0,0,1,0,4,1,0
/Users/kaiohs/Downloads/codes/lab02-experimentacao-software/data/repos/apache__groovy/src/test/groovy/gls/annotations/closures/AnnotationClosureJavaCompatibilityParameterizedTest.java,gls.annotations.closures.AnnotationClosureJavaCompatibilityParameterizedTest,class,3,3,0,3,2,3,0,0,1,0.0,0.0,0.0,2,0,2,0,0,0,2,0,0,0,0,0,0,0,0,0,0,0,0,8,2,0,0,0,0,0,0,0,0,0,0,0,0,0,9,1,0
/Users/kaiohs/Downloads/codes/lab02-experimentacao-software/data/repos/apache__groovy/src/main/java/org/codehaus/groovy/vmplugin/v8/Selector.java,org.codehaus.groovy.vmplugin.v8.Selector$PropertySelector,innerclass,14,14,0,14,28,3,0,22,13,0.6666667,0.0,0.0,6,0,5,1,0,0,5,0,0,0,1,0,0,1,0,0,0,0,9,75,7,0,8,2,4,4,7,20,1,6,3,0,0,0,108,10,2
/Users/kaiohs/Downloads/codes/lab02-experimentacao-software/data/repos/apache__groovy/src/main/java/org/codehaus/groovy/control/io/AbstractReaderSource.java,org.codehaus.groovy.control.io.AbstractReaderSource,class,4,11,7,4,15,1,6,5,0,0.375,0.0,0.0,4,0,4,0,0,0,4,0,0,0,4,0,0,3,1,0,0,0,0,57,3,1,6,3,0,0,3,11,0,5,3,0,0,0,55,1025,0
/Users/kaiohs/Downloads/codes/lab02-experimentacao-software/data/repos/apache__groovy/src/main/java/groovy/util/ObservableSet.java,groovy.util.ObservableSet$ElementClearedEvent,innerclass,1,1,0,1,3,3,0,2,0,0.5,0.0,0.0,2,0,2,0,0,0,2,0,0,0,2,1,0,2,0,0,1,0,1,13,1,0,1,0,0,0,1,2,0,2,1,0,0,0,17,9,0
/Users/kaiohs/Downloads/codes/lab02-experimentacao-software/data/repos/apache__groovy/src/main/java/org/codehaus/groovy/classgen/asm/CallSiteWriter.java,org.codehaus.groovy.classgen.asm.CallSiteWriter,class,20,31,11,20,52,1,2,71,8,0.8571429,0.0,0.0,21,1,13,6,2,0,15,0,1,0,9,6,1,8,0,0,7,0,7,270,4,4,1,0,3,71,31,67,17,54,4,0,0,0,149,1,0
/Users/kaiohs/Downloads/codes/lab02-experimentacao-software/data/repos/apache__groovy/subprojects/groovy-groovysh/src/main/groovy/org/apache/groovy/groovysh/jline/PackageHelper.java,org.apache.groovy.groovysh.jline.PackageHelper$ClassOutput,enum,0,0,0,0,0,1,0,0,0,0.0,-1.0,-1.0,0,0,0,0,0,0,0,0,0,0,0,0,0,0,0,0,0,0,0,1,0,0,0,0,0,0,0,0,0,0,0,0,0,0,8,2,0
/Users/kaiohs/Downloads/codes/lab02-experimentacao-software/data/repos/apache__groovy/src/main/java/groovy/lang/MetaClassImpl.java,groovy.lang.MetaClassImpl,class,75,84,9,75,967,7,2,441,11020,0.9651892,0.0,0.0,173,32,63,81,29,0,92,0,2,2,45,18,1,30,14,0,31,0,118,2738,284,51,335,33,96,80,100,579,24,418,8,10,6,12,693,1,0
/Users/kaiohs/Downloads/codes/lab02-experimentacao-software/data/repos/apache__groovy/src/main/java/org/codehaus/groovy/classgen/asm/ExpressionAsVariableSlot.java,org.codehaus.groovy.classgen.asm.ExpressionAsVariableSlot,class,7,10,3,7,7,3,0,12,0,0.5,0.0,0.0,5,0,5,0,0,0,5,0,0,0,4,0,0,4,0,0,3,0,0,35,2,0,2,0,0,2,4,7,0,6,1,0,0,0,66,1,0
/Users/kaiohs/Downloads/codes/lab02-experimentacao-software/data/repos/apache__groovy/src/main/java/org/codehaus/groovy/control/ClassNodeResolver.java,org.codehaus.groovy.control.ClassNodeResolver$Anonymous1,anonymous,2,2,0,2,1,1,0,0,0,0.0,NaN,NaN,1,0,1,0,0,0,1,0,0,0,0,0,0,0,0,0,0,0,0,5,0,0,0,0,0,1,0,0,0,0,0,0,0,0,17,-1,0
/Users/kaiohs/Downloads/codes/lab02-experimentacao-software/data/repos/apache__groovy/src/main/java/org/codehaus/groovy/runtime/HandleMetaClass.java,org.codehaus.groovy.runtime.HandleMetaClass$Holder,innerclass,3,3,0,3,0,1,0,1,0,NaN,-1.0,-1.0,0,0,0,0,0,0,0,0,0,0,1,1,0,0,0,1,1,0,1,3,0,0,0,0,0,0,0,1,0,1,0,0,0,0,11,10,0
/Users/kaiohs/Downloads/codes/lab02-experimentacao-software/data/repos/apache__groovy/src/main/java/groovy/lang/MetaClassImpl.java,groovy.lang.MetaClassImpl$MetaConstructor,innerclass,4,4,0,4,8,3,0,7,0,0.5,0.0,0.0,8,0,7,1,0,0,7,0,0,0,2,0,0,2,0,0,2,0,0,31,7,0,0,0,0,0,0,2,0,2,0,0,0,0,39,25,0
/Users/kaiohs/Downloads/codes/lab02-experimentacao-software/data/repos/apache__groovy/src/main/java/org/codehaus/groovy/transform/stc/StaticTypeCheckingVisitor.java,org.codehaus.groovy.transform.stc.StaticTypeCheckingVisitor$VariableExpressionTypeMemoizer,innerclass,9,9,0,9,11,2,0,16,7,0.61111116,0.0,0.0,6,0,4,1,1,0,5,0,0,0,3,0,0,3,0,0,3,0,1,37,2,0,1,0,1,1,0,7,0,6,2,0,0,0,39,4,0
/Users/kaiohs/Downloads/codes/lab02-experimentacao-software/data/repos/apache__groovy/src/test/groovy/groovy/lang/BigIntegerNumberRangeTest.java,groovy.lang.BigIntegerNumberRangeTest,class,3,3,0,3,2,3,0,1,1,0.0,0.0,0.0,2,0,0,0,2,0,2,0,0,0,0,0,0,0,0,0,0,0,3,8,2,0,0,0,0,0,0,0,0,0,0,0,0,0,15,1,0
/Users/kaiohs/Downloads/codes/lab02-experimentacao-software/data/repos/apache__groovy/src/test/groovy/groovy/lang/BigIntegerObjectRangeTest.java,groovy.lang.BigIntegerObjectRangeTest,class,3,3,0,3,2,3,0,1,1,0.0,0.0,0.0,2,0,0,0,2,0,2,0,0,0,0,0,0,0,0,0,0,0,3,8,2,0,0,0,0,0,0,0,0,0,0,0,0,0,16,1,0
/Users/kaiohs/Downloads/codes/lab02-experimentacao-software/data/repos/apache__groovy/src/test/groovy/groovy/lang/DummyGStringBase.java,groovy.lang.DummyGStringBase,class,1,3,2,1,3,2,1,0,1,0.33333334,0.0,0.0,3,0,3,0,0,0,3,0,0,0,1,0,0,0,1,0,0,0,0,13,1,0,0,0,0,2,0,1,0,1,0,0,0,0,8,1,0
/Users/kaiohs/Downloads/codes/lab02-experimentacao-software/data/repos/apache__groovy/src/main/java/org/codehaus/groovy/ast/expr/PropertyExpression.java,org.codehaus.groovy.ast.expr.PropertyExpression,class,5,16,11,5,22,3,1,20,135,0.8508771,0.0,0.0,19,0,19,0,0,0,19,0,0,0,6,0,0,6,0,0,1,0,0,78,11,0,0,0,0,3,0,9,1,8,1,0,0,0,48,1,0
/Users/kaiohs/Downloads/codes/lab02-experimentacao-software/data/repos/apache__groovy/subprojects/groovy-groovysh/src/main/groovy/org/apache/groovy/groovysh/jline/GroovyPosixCommands.java,org.apache.groovy.groovysh.jline.GroovyPosixCommands,class,15,17,2,15,214,1,0,152,208,0.94285715,0.0,0.0,21,21,8,13,0,0,8,0,0,0,5,5,0,5,0,0,5,0,74,922,15,32,19,13,15,242,70,232,29,195,8,0,2,11,399,1,0
/Users/kaiohs/Downloads/codes/lab02-experimentacao-software/data/repos/apache__groovy/src/test/groovy/org/codehaus/groovy/benchmarks/vm5/b2394/Main.java,org.codehaus.groovy.benchmarks.vm5.b2394.Main,class,3,4,1,3,17,1,0,14,3,0.0,NaN,NaN,3,1,1,2,0,0,1,0,0,0,0,0,0,0,0,0,0,0,7,68,1,3,5,2,8,14,26,21,14,13,4,0,0,0,46,1,0
/Users/kaiohs/Downloads/codes/lab02-experimentacao-software/data/repos/apache__groovy/src/test/groovy/groovy/OuterUser.java,groovy.OuterUser,class,0,0,0,0,4,1,0,0,2,0.5,0.0,0.0,4,0,4,0,0,0,4,0,0,0,2,0,0,2,0,0,0,0,0,48,2,0,0,0,0,0,0,2,0,2,0,0,1,0,18,1,0
/Users/kaiohs/Downloads/codes/lab02-experimentacao-software/data/repos/apache__groovy/subprojects/groovy-xml/src/main/java/groovy/xml/slurpersupport/Node.java,groovy.xml.slurpersupport.Node,class,8,22,14,8,50,1,0,37,61,0.7936508,0.0,0.0,18,2,13,3,2,0,15,0,0,0,7,0,0,7,0,0,7,0,7,231,13,8,6,0,7,8,3,26,2,22,5,4,0,0,99,1,0
/Users/kaiohs/Downloads/codes/lab02-experimentacao-software/data/repos/apache__groovy/subprojects/groovy-swing/src/main/java/groovy/swing/model/NestedValueModel.java,groovy.swing.model.NestedValueModel,interface,1,4,3,1,1,1,0,0,0,0.0,NaN,NaN,1,0,0,0,0,1,1,0,0,0,0,0,0,0,0,0,0,0,0,3,0,0,0,0,0,0,0,0,0,0,0,0,0,0,15,1,0
/Users/kaiohs/Downloads/codes/lab02-experimentacao-software/data/repos/apache__groovy/src/main/java/org/apache/groovy/util/concurrent/concurrentlinkedhashmap/Weighers.java,org.apache.groovy.util.concurrent.concurrentlinkedhashmap.Weighers$ByteArrayWeigher,enum,2,2,0,2,1,1,0,0,0,0.0,NaN,NaN,1,0,1,0,0,0,1,0,0,0,0,0,0,0,0,0,0,0,0,4,1,0,0,0,0,0,0,0,0,0,0,0,0,0,14,0,0
/Users/kaiohs/Downloads/codes/lab02-experimentacao-software/data/repos/apache__groovy/subprojects/groovy-xml/src/main/java/groovy/xml/SAXBuilder.java,groovy.xml.SAXBuilder,class,9,11,2,9,18,2,0,20,41,0.72727275,0.0,0.0,11,0,1,2,8,0,9,0,0,0,2,0,0,2,0,0,1,0,0,92,5,1,2,3,1,3,1,26,0,23,1,0,0,0,50,1,0
/Users/kaiohs/Downloads/codes/lab02-experimentacao-software/data/repos/apache__groovy/src/test/groovy/bugs/groovy8531/Reducer.java,bugs.groovy8531.Reducer$PrivateContext,innerclass,0,0,0,0,0,1,0,0,0,0.0,-1.0,-1.0,0,0,0,0,0,0,0,0,0,0,0,0,0,0,0,0,0,0,0,2,0,0,0,0,0,0,0,0,0,0,0,0,0,0,2,1026,0
/Users/kaiohs/Downloads/codes/lab02-experimentacao-software/data/repos/apache__groovy/src/test/groovy/org/codehaus/groovy/runtime/memoize/CommonCacheTest.java,org.codehaus.groovy.runtime.memoize.CommonCacheTest,class,3,3,0,3,12,1,0,16,66,0.0,0.0,0.0,12,0,12,0,0,0,12,0,0,0,0,0,0,0,0,0,0,0,0,78,0,0,0,0,0,121,10,13,0,14,0,0,0,1,28,1,0
/Users/kaiohs/Downloads/codes/lab02-experimentacao-software/data/repos/apache__groovy/subprojects/groovy-groovydoc/src/test/resources/org/codehaus/groovy/tools/groovydoc/testfiles/MultiCatchExample.java,org.codehaus.groovy.tools.groovydoc.testfiles.MultiCatchExample,class,0,0,0,0,2,1,0,0,0,0.0,NaN,NaN,1,0,0,0,0,1,1,0,0,0,0,0,0,0,0,0,0,0,0,8,0,0,0,1,0,0,0,0,0,0,1,0,0,0,15,1,0
/Users/kaiohs/Downloads/codes/lab02-experimentacao-software/data/repos/apache__groovy/src/main/java/org/codehaus/groovy/classgen/asm/sc/AbstractFunctionalInterfaceWriter.java,org.codehaus.groovy.classgen.asm.sc.AbstractFunctionalInterfaceWriter,interface,8,11,3,8,36,1,0,26,15,0.0,0.0,0.0,6,0,0,0,0,6,6,0,0,0,0,0,0,0,0,0,0,0,15,86,6,0,0,0,2,8,7,23,1,4,2,0,0,0,62,1,0
/Users/kaiohs/Downloads/codes/lab02-experimentacao-software/data/repos/apache__groovy/src/main/java/org/codehaus/groovy/runtime/dgmimpl/NumberNumberDiv.java,org.codehaus.groovy.runtime.dgmimpl.NumberNumberDiv$FloatInteger,innerclass,5,5,0,5,4,7,0,4,1,0.0,0.0,0.0,2,0,2,0,0,0,2,0,1,0,0,0,0,0,0,0,0,0,0,15,2,0,0,1,2,0,1,0,1,0,2,0,0,0,19,10,0
/Users/kaiohs/Downloads/codes/lab02-experimentacao-software/data/repos/apache__groovy/src/main/java/org/codehaus/groovy/transform/SourceURIASTTransformation.java,org.codehaus.groovy.transform.SourceURIASTTransformation,class,15,16,1,15,16,2,0,26,4,0.75,0.0,0.0,5,1,1,3,1,0,2,0,0,0,4,4,0,4,0,0,4,0,4,64,6,0,3,0,2,14,2,11,5,10,2,0,0,0,65,1,0
/Users/kaiohs/Downloads/codes/lab02-experimentacao-software/data/repos/apache__groovy/src/main/java/org/codehaus/groovy/ast/MixinNode.java,org.codehaus.groovy.ast.MixinNode,class,2,5,3,2,2,2,0,0,1,0.5,0.0,0.0,2,0,2,0,0,0,2,0,0,0,1,1,1,0,0,0,1,0,0,9,0,0,0,0,0,0,0,1,0,1,0,0,0,0,35,1,0
/Users/kaiohs/Downloads/codes/lab02-experimentacao-software/data/repos/apache__groovy/src/main/java/org/codehaus/groovy/classgen/asm/indy/IndyCallSiteWriter.java,org.codehaus.groovy.classgen.asm.indy.IndyCallSiteWriter,class,5,6,1,5,9,2,0,5,30,0.6666667,0.0,0.0,9,0,9,0,0,0,9,0,0,0,1,0,0,1,0,0,1,0,0,28,0,0,0,0,0,8,0,3,1,3,0,0,0,0,70,1,0
/Users/kaiohs/Downloads/codes/lab02-experimentacao-software/data/repos/apache__groovy/src/main/java/org/codehaus/groovy/classgen/EnumCompletionVisitor.java,org.codehaus.groovy.classgen.EnumCompletionVisitor$Anonymous1,anonymous,1,1,0,1,2,1,0,2,0,0.0,NaN,NaN,1,0,1,0,0,0,1,0,0,0,0,0,0,0,0,0,0,0,0,5,0,0,0,0,0,0,1,1,0,0,1,0,0,0,5,-1,0
/Users/kaiohs/Downloads/codes/lab02-experimentacao-software/data/repos/apache__groovy/src/main/java/groovy/time/TimeDuration.java,groovy.time.TimeDuration,class,7,11,4,7,8,3,0,10,28,0.0,0.0,0.0,8,0,8,0,0,0,8,0,0,0,0,0,0,0,0,0,0,0,1,43,6,0,0,0,0,0,1,1,20,1,0,1,0,0,66,1,0
/Users/kaiohs/Downloads/codes/lab02-experimentacao-software/data/repos/apache__groovy/src/main/java/org/codehaus/groovy/runtime/DefaultGroovyMethodsSupport.java,org.codehaus.groovy.runtime.DefaultGroovyMethodsSupport,class,12,25,13,12,95,1,9,49,351,0.0,0.0,0.0,27,27,2,3,21,1,24,0,0,0,0,0,0,0,0,0,0,0,28,338,54,5,8,2,5,11,15,36,6,24,4,0,0,0,166,1,0
/Users/kaiohs/Downloads/codes/lab02-experimentacao-software/data/repos/apache__groovy/src/main/java/org/codehaus/groovy/runtime/typehandling/NumberMathModificationInfo.java,org.codehaus.groovy.runtime.typehandling.NumberMathModificationInfo,class,4,5,1,4,894,1,0,303,84678,0.98588336,0.0,0.0,580,576,289,291,0,0,290,0,0,0,80,2,79,1,0,0,2,0,577,3333,867,0,10,0,628,315,3,81,240,159,2,0,0,78,47,1,0
/Users/kaiohs/Downloads/codes/lab02-experimentacao-software/data/repos/apache__groovy/src/main/java/groovy/transform/stc/ThirdParam.java,groovy.transform.stc.ThirdParam$SecondGenericType,innerclass,1,1,0,1,1,4,0,0,0,0.0,NaN,NaN,1,0,1,0,0,0,1,0,0,0,0,0,0,0,0,0,0,0,0,5,0,0,0,0,0,0,2,0,0,0,0,0,0,0,33,9,0
/Users/kaiohs/Downloads/codes/lab02-experimentacao-software/data/repos/apache__groovy/src/test/groovy/groovy/lang/ShortNumberRangeTest.java,groovy.lang.ShortNumberRangeTest,class,3,3,0,3,2,3,0,2,1,0.0,0.0,0.0,2,0,0,0,2,0,2,0,0,0,0,0,0,0,0,0,0,0,3,8,2,0,0,0,0,0,0,0,0,0,0,0,0,0,14,1,0
/Users/kaiohs/Downloads/codes/lab02-experimentacao-software/data/repos/apache__groovy/src/main/java/groovy/util/ObjectGraphBuilder.java,groovy.util.ObjectGraphBuilder$DefaultChildPropertySetter,innerclass,1,1,0,1,4,1,0,5,0,0.0,NaN,NaN,1,0,1,0,0,0,1,0,0,0,0,0,0,0,0,0,0,0,0,15,0,0,1,1,1,0,0,1,0,1,2,0,0,0,25,9,0
/Users/kaiohs/Downloads/codes/lab02-experimentacao-software/data/repos/apache__groovy/subprojects/groovy-xml/src/main/java/groovy/xml/markupsupport/StandardXmlFilter.java,groovy.xml.markupsupport.StandardXmlFilter,class,0,1,1,0,1,1,0,1,0,0.0,NaN,NaN,1,0,1,0,0,0,1,0,0,0,0,0,0,0,0,0,0,0,1,6,1,0,0,0,0,0,0,1,0,1,0,0,0,0,8,1,0
/Users/kaiohs/Downloads/codes/lab02-experimentacao-software/data/repos/apache__groovy/src/main/java/org/codehaus/groovy/runtime/callsite/PogoGetPropertySite.java,org.codehaus.groovy.runtime.callsite.PogoGetPropertySite,class,5,7,2,5,9,2,0,5,0,0.25,0.0,0.0,4,0,4,0,0,0,4,0,0,0,1,0,0,1,0,0,1,0,1,23,5,0,4,1,1,0,0,1,0,1,1,0,0,0,21,1,0
/Users/kaiohs/Downloads/codes/lab02-experimentacao-software/data/repos/apache__groovy/subprojects/groovy-json/src/main/java/org/apache/groovy/json/internal/ByteScanner.java,org.apache.groovy.json.internal.ByteScanner,class,2,4,2,2,2,1,0,1,1,0.0,0.0,0.0,2,2,1,0,1,0,2,0,0,0,0,0,0,0,0,0,0,0,2,8,0,0,0,0,1,0,5,2,1,0,0,0,0,0,38,1,0
/Users/kaiohs/Downloads/codes/lab02-experimentacao-software/data/repos/apache__groovy/src/main/java/groovy/lang/Range.java,groovy.lang.Range,interface,2,23,21,2,7,1,0,0,21,0.0,0.0,0.0,7,0,0,0,0,7,7,0,0,0,0,0,0,0,0,0,0,0,0,9,0,0,0,0,0,0,0,0,0,0,0,0,0,0,156,1,0
/Users/kaiohs/Downloads/codes/lab02-experimentacao-software/data/repos/apache__groovy/subprojects/groovy-xml/src/test/groovy/groovy/xml/bugs/SeansBug.java,groovy.xml.bugs.SeansBug,class,3,4,1,3,4,1,0,4,3,0.0,0.0,0.0,3,0,0,0,1,2,3,0,0,0,0,0,0,0,0,0,0,0,0,21,1,1,0,0,0,11,1,7,0,7,1,0,0,0,31,16,0
/Users/kaiohs/Downloads/codes/lab02-experimentacao-software/data/repos/apache__groovy/subprojects/groovy-groovydoc/src/main/java/org/codehaus/groovy/tools/groovydoc/SimpleGroovyConstructorDoc.java,org.codehaus.groovy.tools.groovydoc.SimpleGroovyConstructorDoc,class,3,5,2,3,1,6,0,0,0,0.0,NaN,NaN,1,0,1,0,0,0,1,0,0,0,0,0,0,0,0,0,0,0,0,5,0,0,0,0,0,0,0,0,0,0,0,0,0,0,9,1,0
/Users/kaiohs/Downloads/codes/lab02-experimentacao-software/data/repos/apache__groovy/src/test/groovy/bugs/SimpleModel.java,bugs.SimpleModel,class,1,2,1,1,3,1,0,2,1,0.33333334,0.0,0.0,3,1,2,0,0,1,3,0,0,0,1,0,1,0,0,0,0,0,0,13,0,0,0,0,0,1,0,2,0,2,0,0,0,0,7,1,0
/Users/kaiohs/Downloads/codes/lab02-experimentacao-software/data/repos/apache__groovy/src/main/java/org/codehaus/groovy/runtime/metaclass/ClosureMetaMethod.java,org.codehaus.groovy.runtime.metaclass.ClosureMetaMethod,class,11,14,3,11,24,5,2,22,36,0.7083334,0.0,0.0,12,3,11,1,0,0,11,0,0,0,4,0,0,4,0,0,4,0,4,120,11,2,4,0,3,2,3,12,0,10,3,0,2,0,61,1,0
/Users/kaiohs/Downloads/codes/lab02-experimentacao-software/data/repos/apache__groovy/src/main/java/org/codehaus/groovy/ast/GroovyClassVisitor.java,org.codehaus.groovy.ast.GroovyClassVisitor,interface,5,7,2,5,5,1,0,0,10,0.0,0.0,0.0,5,0,0,0,0,5,5,0,0,0,0,0,0,0,0,0,0,0,0,7,0,0,0,0,0,0,0,0,0,0,0,0,0,0,31,1,0
/Users/kaiohs/Downloads/codes/lab02-experimentacao-software/data/repos/apache__groovy/src/main/java/groovy/util/Eval.java,groovy.util.Eval,class,3,4,1,3,5,1,0,3,10,0.0,0.0,0.0,5,5,5,0,0,0,5,0,0,0,0,0,0,0,0,0,0,0,2,29,5,0,0,0,0,6,0,6,0,6,0,0,0,0,74,1,0
/Users/kaiohs/Downloads/codes/lab02-experimentacao-software/data/repos/apache__groovy/src/main/java/org/codehaus/groovy/runtime/RangeInfo.java,org.codehaus.groovy.runtime.RangeInfo,class,0,5,5,0,1,1,0,0,0,0.0,NaN,NaN,1,0,1,0,0,0,1,0,0,0,3,0,3,0,0,0,3,0,0,10,0,0,0,0,0,0,0,3,0,3,0,0,0,0,5,1,0
/Users/kaiohs/Downloads/codes/lab02-experimentacao-software/data/repos/apache__groovy/subprojects/groovy-contracts/src/main/java/org/apache/groovy/contracts/ast/visitor/AnnotationProcessorVisitor.java,org.apache.groovy.contracts.ast.visitor.AnnotationProcessorVisitor,class,20,22,2,20,46,3,0,60,31,0.6363636,0.0,0.0,11,1,3,8,0,0,3,0,0,0,2,1,0,2,0,0,2,0,19,147,5,11,12,1,1,5,0,34,0,31,3,0,0,0,131,1,0
/Users/kaiohs/Downloads/codes/lab02-experimentacao-software/data/repos/apache__groovy/benchmark/bench/mandelbrot.java,mandelbrot,class,1,1,0,1,1,1,0,2,0,0.0,NaN,NaN,1,1,1,0,0,0,1,0,0,0,0,0,0,0,0,0,0,0,1,64,0,0,0,0,0,0,1,0,0,0,0,0,1,0,5,0,0
/Users/kaiohs/Downloads/codes/lab02-experimentacao-software/data/repos/apache__groovy/src/main/java/org/codehaus/groovy/classgen/asm/BytecodeHelper.java,org.codehaus.groovy.classgen.asm.BytecodeHelper$PrimitiveTypeHandler,innerclass,3,3,0,3,17,1,0,15,26,0.75,0.0,0.0,8,0,1,0,6,1,8,6,0,0,1,0,0,1,0,0,0,0,9,32,0,0,0,0,0,0,0,1,0,1,1,0,0,0,24,1034,0
/Users/kaiohs/Downloads/codes/lab02-experimentacao-software/data/repos/apache__groovy/src/main/java/org/codehaus/groovy/runtime/DefaultGroovyMethods.java,org.codehaus.groovy.runtime.DefaultGroovyMethods$FindIndexValuesIterator,innerclass,4,4,0,4,9,1,0,6,2,0.6000001,0.0,0.0,5,0,3,2,0,0,3,0,0,0,6,0,0,6,0,0,3,0,0,42,3,1,0,0,0,1,2,9,1,8,2,0,0,0,37,26,0
/Users/kaiohs/Downloads/codes/lab02-experimentacao-software/data/repos/apache__groovy/src/test/groovy/org/codehaus/groovy/ast/decompiled/support/Groovy8632.java,org.codehaus.groovy.ast.decompiled.support.Groovy8632$InnerPrivate,innerclass,0,0,0,0,0,1,0,0,0,0.0,-1.0,-1.0,0,0,0,0,0,0,0,0,0,0,0,0,0,0,0,0,0,0,0,2,0,0,0,0,0,0,0,0,0,0,0,0,0,0,2,2,0
/Users/kaiohs/Downloads/codes/lab02-experimentacao-software/data/repos/apache__groovy/benchmark/bench/nsievebits.java,nsievebits,class,1,2,1,1,9,1,0,10,3,0.0,0.0,0.0,3,3,2,1,0,0,2,0,0,0,0,0,0,0,0,0,0,0,10,33,2,3,0,0,3,8,25,15,16,10,3,0,0,0,25,1,0
/Users/kaiohs/Downloads/codes/lab02-experimentacao-software/data/repos/apache__groovy/subprojects/groovy-ginq/src/main/groovy/org/apache/groovy/ginq/dsl/expression/DataSourceHolder.java,org.apache.groovy.ginq.dsl.expression.DataSourceHolder,interface,1,5,4,1,2,1,0,0,1,0.0,0.0,0.0,2,0,0,0,0,2,2,0,0,0,0,0,0,0,0,0,0,0,0,4,0,0,0,0,0,0,0,0,0,0,0,0,0,0,9,1,0
/Users/kaiohs/Downloads/codes/lab02-experimentacao-software/data/repos/apache__groovy/src/main/java/org/codehaus/groovy/runtime/StringGroovyMethods.java,org.codehaus.groovy.runtime.StringGroovyMethods$CharacterIterator,innerclass,0,0,0,0,5,1,0,2,0,0.5,0.0,0.0,4,0,4,0,0,0,4,0,0,0,3,0,0,3,0,0,2,0,0,18,2,0,0,0,0,1,0,2,0,3,0,0,0,0,16,26,0
/Users/kaiohs/Downloads/codes/lab02-experimentacao-software/data/repos/apache__groovy/src/main/java/org/codehaus/groovy/runtime/IOGroovyMethods.java,org.codehaus.groovy.runtime.IOGroovyMethods$Anonymous3,anonymous,0,0,0,0,8,1,0,1,1,0.33333334,0.0,0.0,3,0,3,0,0,0,3,0,0,0,3,0,0,0,0,3,0,0,0,34,2,0,0,2,0,1,0,10,0,4,2,0,0,0,23,-1,0
/Users/kaiohs/Downloads/codes/lab02-experimentacao-software/data/repos/apache__groovy/subprojects/groovy-jsr223/src/test/java/org/codehaus/groovy/jsr223/JSR223SecurityTest.java,org.codehaus.groovy.jsr223.CustomCodeVisitorSupport,class,4,5,1,4,2,2,0,3,0,0.0,NaN,NaN,1,0,1,0,0,0,1,0,0,0,1,0,0,1,0,0,0,0,1,6,0,0,0,0,0,1,0,1,1,1,1,0,0,0,20,0,0
/Users/kaiohs/Downloads/codes/lab02-experimentacao-software/data/repos/apache__groovy/src/main/java/org/codehaus/groovy/runtime/IOGroovyMethods.java,org.codehaus.groovy.runtime.IOGroovyMethods$Anonymous4,anonymous,5,5,0,5,5,1,0,8,1,0.0,0.0,0.0,2,0,2,0,0,0,2,0,0,0,0,0,0,0,0,0,0,0,1,31,2,1,1,2,1,0,0,5,0,5,3,0,0,0,27,-1,0
/Users/kaiohs/Downloads/codes/lab02-experimentacao-software/data/repos/apache__groovy/src/main/java/org/codehaus/groovy/runtime/IOGroovyMethods.java,org.codehaus.groovy.runtime.IOGroovyMethods$Anonymous1,anonymous,0,0,0,0,1,1,0,2,0,0.0,NaN,NaN,1,0,0,0,1,0,1,0,0,0,0,0,0,0,0,0,0,0,1,5,1,0,0,0,0,0,0,0,0,0,0,0,0,0,8,-1,0
/Users/kaiohs/Downloads/codes/lab02-experimentacao-software/data/repos/apache__groovy/subprojects/groovy-groovysh/src/main/groovy/org/apache/groovy/groovysh/jline/GroovyEngine.java,org.apache.groovy.groovysh.jline.GroovyEngine$CandidateType,enum,0,0,0,0,0,1,0,0,0,0.0,-1.0,-1.0,0,0,0,0,0,0,0,0,0,0,0,0,0,0,0,0,0,0,0,1,0,0,0,0,0,0,0,0,0,0,0,0,0,0,8,2,0
/Users/kaiohs/Downloads/codes/lab02-experimentacao-software/data/repos/apache__groovy/src/main/java/org/codehaus/groovy/runtime/dgmimpl/arrays/ObjectArrayPutAtMetaMethod.java,org.codehaus.groovy.runtime.dgmimpl.arrays.ObjectArrayPutAtMetaMethod$Anonymous1,anonymous,3,3,0,3,5,1,0,4,0,0.0,NaN,NaN,1,0,1,0,0,0,1,0,0,0,0,0,0,0,0,0,0,0,2,17,2,0,0,1,2,0,0,2,0,1,3,0,0,0,19,-1,0
/Users/kaiohs/Downloads/codes/lab02-experimentacao-software/data/repos/apache__groovy/src/main/java/org/codehaus/groovy/runtime/IOGroovyMethods.java,org.codehaus.groovy.runtime.IOGroovyMethods$Anonymous2,anonymous,1,1,0,1,10,1,0,2,0,0.41666666,0.0,0.0,4,0,3,1,0,0,3,0,0,0,3,0,0,0,0,3,0,0,0,39,3,0,1,2,0,1,0,12,0,5,2,0,0,0,22,-1,0
/Users/kaiohs/Downloads/codes/lab02-experimentacao-software/data/repos/apache__groovy/src/main/java/org/apache/groovy/parser/antlr4/internal/atnmanager/AtnManager.java,org.apache.groovy.parser.antlr4.internal.atnmanager.AtnManager,class,5,12,7,5,19,3,2,24,15,0.9285714,0.0,0.0,6,1,1,2,3,0,6,2,0,0,7,5,1,6,0,0,6,0,4,97,5,1,3,1,1,3,3,14,1,12,4,0,2,1,56,1025,0
/Users/kaiohs/Downloads/codes/lab02-experimentacao-software/data/repos/apache__groovy/src/main/java/groovy/io/GroovyPrintWriter.java,groovy.io.GroovyPrintWriter,class,1,2,1,1,10,3,0,3,45,0.0,0.0,0.0,10,0,10,0,0,0,10,0,0,0,0,0,0,0,0,0,0,0,0,32,0,0,0,0,0,0,0,0,0,0,0,0,0,0,35,1,0
/Users/kaiohs/Downloads/codes/lab02-experimentacao-software/data/repos/apache__groovy/src/main/java/org/codehaus/groovy/ast/AnnotatedNode.java,org.codehaus.groovy.ast.AnnotatedNode,class,6,85,79,6,20,2,8,10,62,0.7948718,0.0,0.0,13,0,13,0,0,0,13,0,0,0,3,0,0,3,0,0,0,0,1,65,8,2,3,0,1,3,1,7,0,6,2,0,0,0,73,1,0
/Users/kaiohs/Downloads/codes/lab02-experimentacao-software/data/repos/apache__groovy/src/main/java/org/apache/groovy/parser/antlr4/internal/atnmanager/LexerAtnManager.java,org.apache.groovy.parser.antlr4.internal.atnmanager.LexerAtnManager,class,4,5,1,4,4,2,0,1,3,0.8888889,0.0,0.0,3,0,0,1,2,0,3,0,0,0,3,3,1,2,0,0,3,0,1,16,2,0,0,0,0,1,0,3,0,3,0,0,0,0,33,1,0
/Users/kaiohs/Downloads/codes/lab02-experimentacao-software/data/repos/apache__groovy/src/main/java/groovy/transform/options/LegacyHashMapPropertyHandler.java,groovy.transform.options.LegacyHashMapPropertyHandler,class,13,14,1,13,14,3,0,29,6,0.75,0.0,0.0,4,0,3,1,0,0,3,0,0,0,1,1,0,1,0,0,1,0,0,37,7,0,4,0,4,6,4,10,1,9,1,0,0,0,135,1,0
/Users/kaiohs/Downloads/codes/lab02-experimentacao-software/data/repos/apache__groovy/src/main/java/org/codehaus/groovy/runtime/callsite/MetaMethodSite.java,org.codehaus.groovy.runtime.callsite.MetaMethodSite,class,4,7,3,4,1,3,3,0,0,0.0,NaN,NaN,1,0,1,0,0,0,1,0,0,0,2,0,0,0,1,1,2,0,0,9,0,0,0,0,0,0,0,2,0,2,0,0,0,0,11,1025,0
/Users/kaiohs/Downloads/codes/lab02-experimentacao-software/data/repos/apache__groovy/src/main/java/groovy/util/function/FloatUnaryOperator.java,groovy.util.function.FloatUnaryOperator,interface,1,2,1,1,4,1,0,2,6,0.0,0.0,0.0,4,1,0,0,0,4,4,0,0,0,0,0,0,0,0,0,0,0,2,14,3,0,0,0,0,0,0,0,0,1,0,0,0,3,51,1,0
/Users/kaiohs/Downloads/codes/lab02-experimentacao-software/data/repos/apache__groovy/src/test/groovy/gls/generics/GenericsTestBase.java,gls.generics.GenericsTestBase$MyCollector,innerclass,9,9,0,9,2,2,0,2,1,0.0,0.0,0.0,2,0,0,0,1,1,2,0,0,0,0,0,0,0,0,0,0,0,0,11,1,0,0,0,0,0,0,2,0,2,0,0,0,0,18,2,0
/Users/kaiohs/Downloads/codes/lab02-experimentacao-software/data/repos/apache__groovy/src/main/java/org/codehaus/groovy/control/HasCleanup.java,org.codehaus.groovy.control.HasCleanup,interface,0,2,2,0,1,1,0,0,0,0.0,NaN,NaN,1,0,0,0,0,1,1,0,0,0,0,0,0,0,0,0,0,0,0,3,0,0,0,0,0,0,0,0,0,0,0,0,0,0,13,1,0
/Users/kaiohs/Downloads/codes/lab02-experimentacao-software/data/repos/apache__groovy/subprojects/groovy-swing/src/main/java/org/apache/groovy/swing/binding/PropertyChangeProxyTargetBinding.java,org.apache.groovy.swing.binding.PropertyChangeProxyTargetBinding,class,1,2,1,1,2,1,0,2,0,0.0,0.0,0.0,2,0,2,0,0,0,2,0,0,0,3,0,0,0,0,3,0,0,0,13,0,0,0,0,0,0,0,3,0,3,0,0,0,0,15,1,0
/Users/kaiohs/Downloads/codes/lab02-experimentacao-software/data/repos/apache__groovy/src/main/java/org/codehaus/groovy/runtime/dgmimpl/NumberNumberMultiply.java,org.codehaus.groovy.runtime.dgmimpl.NumberNumberMultiply$IntegerInteger,innerclass,5,5,0,5,4,7,0,2,1,0.0,0.0,0.0,2,0,2,0,0,0,2,0,1,0,0,0,0,0,0,0,0,0,0,15,2,0,0,1,0,0,1,0,1,0,2,0,0,0,18,10,0
/Users/kaiohs/Downloads/codes/lab02-experimentacao-software/data/repos/apache__groovy/src/main/java/org/codehaus/groovy/runtime/callsite/CallSite.java,org.codehaus.groovy.runtime.callsite.CallSite,interface,2,151,149,2,38,1,0,0,703,0.0,0.0,0.0,38,0,0,0,0,38,38,0,0,0,0,0,0,0,0,0,0,0,0,40,0,0,0,0,0,0,0,0,0,0,0,0,0,0,23,1,0
/Users/kaiohs/Downloads/codes/lab02-experimentacao-software/data/repos/apache__groovy/src/test/groovy/groovy/ClosureJavaIntegrationTest.java,groovy.ClosureJavaIntegrationTest$Anonymous1,anonymous,0,0,0,0,1,1,0,2,0,0.0,NaN,NaN,1,0,1,0,0,0,1,0,0,0,0,0,0,0,0,0,0,0,0,5,0,0,0,0,0,0,0,0,0,0,0,0,0,0,3,-1,0
/Users/kaiohs/Downloads/codes/lab02-experimentacao-software/data/repos/apache__groovy/src/main/java/org/codehaus/groovy/transform/stc/StaticTypeCheckingSupport.java,org.codehaus.groovy.transform.stc.StaticTypeCheckingSupport$ShortArrayStaticTypesHelper,innerclass,1,1,0,1,4,1,0,2,3,0.0,0.0,0.0,3,3,3,0,0,0,3,0,0,0,0,0,0,0,0,0,0,0,0,11,2,0,1,0,0,1,0,0,0,0,0,0,0,0,13,9,0
/Users/kaiohs/Downloads/codes/lab02-experimentacao-software/data/repos/apache__groovy/src/main/java/org/codehaus/groovy/ast/decompiled/AsmDecompiler.java,org.codehaus.groovy.ast.decompiled.AsmDecompiler$AnnotationReader$Anonymous6,anonymous,0,0,0,0,1,1,0,1,0,0.0,NaN,NaN,1,0,0,0,0,1,1,0,0,0,0,0,0,0,0,0,0,0,0,5,0,0,0,0,0,0,0,0,0,0,0,0,0,0,4,-1,0
/Users/kaiohs/Downloads/codes/lab02-experimentacao-software/data/repos/apache__groovy/subprojects/groovy-groovysh/src/main/groovy/org/apache/groovy/groovysh/jline/SystemRegistryImpl.java,org.apache.groovy.groovysh.jline.SystemRegistryImpl$UnknownCommandException,innerclass,0,0,0,0,1,3,0,0,0,0.0,NaN,NaN,1,0,1,0,0,0,1,0,0,0,0,0,0,0,0,0,0,0,0,5,0,0,0,0,0,1,0,0,0,0,0,0,0,0,4,9,0
/Users/kaiohs/Downloads/codes/lab02-experimentacao-software/data/repos/apache__groovy/subprojects/groovy-sql/src/main/java/groovy/sql/SqlOrderByVisitor.java,groovy.sql.SqlOrderByVisitor,class,3,4,1,3,3,2,0,5,1,0.33333334,0.0,0.0,3,0,3,0,0,0,3,0,0,0,1,0,0,1,0,0,1,0,0,12,1,0,0,0,0,0,0,1,0,1,0,0,0,0,17,1,0
/Users/kaiohs/Downloads/codes/lab02-experimentacao-software/data/repos/apache__groovy/subprojects/groovy-json/src/main/java/org/apache/groovy/json/internal/CacheType.java,org.apache.groovy.json.internal.CacheType,enum,0,2,2,0,0,1,0,0,0,0.0,-1.0,-1.0,0,0,0,0,0,0,0,0,0,0,0,0,0,0,0,0,0,0,0,1,0,0,0,0,0,0,0,0,0,0,0,0,0,0,6,1,0
/Users/kaiohs/Downloads/codes/lab02-experimentacao-software/data/repos/apache__groovy/src/main/java/org/codehaus/groovy/runtime/MethodRankHelper.java,org.codehaus.groovy.runtime.MethodRankHelper$RankableConstructor,innerclass,2,2,0,2,3,1,0,4,0,0.25,0.0,0.0,2,0,2,0,0,0,2,0,0,0,2,0,0,0,0,2,2,0,2,15,1,1,0,0,0,0,1,5,0,4,1,0,0,0,31,26,0
/Users/kaiohs/Downloads/codes/lab02-experimentacao-software/data/repos/apache__groovy/src/main/java/org/codehaus/groovy/classgen/asm/BinaryExpressionMultiTypeDispatcher.java,org.codehaus.groovy.classgen.asm.BinaryExpressionMultiTypeDispatcher$BinaryByteExpressionHelper,innerclass,5,5,0,5,2,3,0,1,1,0.5,NaN,NaN,2,0,0,1,1,0,1,0,0,0,1,1,0,1,0,0,1,0,2,9,1,0,0,0,0,2,0,2,0,2,0,0,0,0,24,10,0
/Users/kaiohs/Downloads/codes/lab02-experimentacao-software/data/repos/apache__groovy/src/main/java/org/codehaus/groovy/vmplugin/v16/Java16.java,org.codehaus.groovy.vmplugin.v16.Java16,class,9,10,1,9,13,4,1,30,10,0.0,0.0,0.0,5,0,4,0,1,0,5,0,0,0,0,0,0,0,0,0,0,0,8,43,10,0,0,1,1,2,1,4,0,5,2,0,0,1,48,1,0
/Users/kaiohs/Downloads/codes/lab02-experimentacao-software/data/repos/apache__groovy/src/test/groovy/org/codehaus/groovy/ast/decompiled/support/Groovy8632Abstract.java,org.codehaus.groovy.ast.decompiled.support.Groovy8632Abstract,class,1,2,1,1,1,1,1,0,0,0.0,NaN,NaN,1,0,0,0,0,1,1,0,0,0,0,0,0,0,0,0,0,0,0,8,0,0,0,0,0,0,0,0,0,0,0,0,2,0,4,1025,0
/Users/kaiohs/Downloads/codes/lab02-experimentacao-software/data/repos/apache__groovy/src/main/java/org/codehaus/groovy/runtime/callsite/StaticMetaClassSite.java,org.codehaus.groovy.runtime.callsite.StaticMetaClassSite,class,7,9,2,7,10,3,0,8,4,0.5,0.0,0.0,4,0,3,1,0,0,3,0,2,0,2,0,0,2,0,0,2,0,4,38,5,0,2,2,0,0,0,2,0,2,2,0,0,0,26,1,0
/Users/kaiohs/Downloads/codes/lab02-experimentacao-software/data/repos/apache__groovy/src/main/java/org/codehaus/groovy/ast/InnerClassNode.java,org.codehaus.groovy.ast.InnerClassNode,class,5,36,31,5,17,4,2,12,21,0.7,0.0,0.0,10,0,10,0,0,0,10,0,0,0,3,0,0,3,0,0,1,0,1,54,6,1,3,0,1,1,1,9,0,5,3,0,0,0,40,1,0
/Users/kaiohs/Downloads/codes/lab02-experimentacao-software/data/repos/apache__groovy/subprojects/groovy-macro/src/main/groovy/org/codehaus/groovy/macro/methods/MacroGroovyMethods.java,org.codehaus.groovy.macro.methods.MacroGroovyMethods$Anonymous1,anonymous,9,9,0,9,7,1,0,12,3,0.0,0.0,0.0,3,0,2,0,1,0,3,0,0,0,0,0,0,0,0,0,0,0,1,27,2,1,1,0,1,0,0,4,0,4,2,0,0,0,21,-1,0
/Users/kaiohs/Downloads/codes/lab02-experimentacao-software/data/repos/apache__groovy/subprojects/groovy-swing/src/main/java/org/apache/groovy/swing/binding/FullBinding.java,org.apache.groovy.swing.binding.FullBinding,interface,4,13,9,4,10,1,0,0,45,0.0,0.0,0.0,10,0,0,0,0,10,10,0,0,0,0,0,0,0,0,0,0,0,0,12,0,0,0,0,0,0,0,0,0,0,0,0,0,0,17,1,0
/Users/kaiohs/Downloads/codes/lab02-experimentacao-software/data/repos/apache__groovy/subprojects/groovy-json/src/main/java/org/apache/groovy/json/internal/CharBuf.java,org.apache.groovy.json.internal.CharBuf,class,12,26,14,12,153,2,0,70,2247,0.9252033,0.0,0.0,82,5,76,4,2,0,78,0,39,0,15,2,0,7,3,5,6,0,60,656,80,6,20,0,5,7,63,152,36,58,6,1,0,0,131,1,0
/Users/kaiohs/Downloads/codes/lab02-experimentacao-software/data/repos/apache__groovy/src/main/java/org/codehaus/groovy/runtime/m12n/MetaInfExtensionModule.java,org.codehaus.groovy.runtime.m12n.MetaInfExtensionModule,class,3,5,2,3,8,3,0,14,0,0.4375,0.0,0.0,4,1,3,1,0,0,3,0,0,0,4,2,2,2,0,0,4,0,5,46,5,0,2,1,0,11,0,13,3,13,3,0,0,1,65,1,0
/Users/kaiohs/Downloads/codes/lab02-experimentacao-software/data/repos/apache__groovy/subprojects/groovy-ant/src/main/java/org/codehaus/groovy/ant/UberCompileTask.java,org.codehaus.groovy.ant.UberCompileTask,class,13,14,1,13,33,9,0,28,55,0.82142854,0.0,0.0,14,0,12,1,1,0,13,0,0,0,6,0,0,6,0,0,0,0,0,152,8,0,14,1,0,9,0,21,1,10,1,0,3,0,81,1,0
/Users/kaiohs/Downloads/codes/lab02-experimentacao-software/data/repos/apache__groovy/src/main/java/org/codehaus/groovy/reflection/stdclasses/NumberCachedClass.java,org.codehaus.groovy.reflection.stdclasses.NumberCachedClass,class,3,12,9,3,14,2,7,5,6,0.0,0.0,0.0,4,0,3,1,0,0,3,0,0,0,0,0,0,0,0,0,0,0,1,24,4,0,9,0,1,0,0,3,0,1,1,0,0,0,20,1,0
/Users/kaiohs/Downloads/codes/lab02-experimentacao-software/data/repos/apache__groovy/subprojects/groovy-templates/src/test/java/groovy/text/XmlTemplateEngineTest.java,groovy.text.XmlTemplateEngineTest,class,4,4,0,4,4,2,0,8,6,0.0,0.0,0.0,4,0,4,0,0,0,4,0,0,0,0,0,0,0,0,0,0,0,3,36,0,0,0,0,0,43,0,19,9,19,0,0,0,0,29,1,0
/Users/kaiohs/Downloads/codes/lab02-experimentacao-software/data/repos/apache__groovy/src/test/groovy/bugs/groovy8531/Reducer.java,bugs.groovy8531.Reducer,class,2,2,0,2,0,2,0,0,0,0.0,-1.0,-1.0,0,0,0,0,0,0,0,0,0,0,0,0,0,0,0,0,0,0,0,17,0,0,0,0,0,0,0,0,0,0,0,0,8,0,10,1,0
/Users/kaiohs/Downloads/codes/lab02-experimentacao-software/data/repos/apache__groovy/src/main/java/org/codehaus/groovy/transform/stc/ExtensionMethodCache.java,org.codehaus.groovy.transform.stc.ExtensionMethodCache,class,13,15,2,13,5,2,0,10,10,1.0,0.0,0.0,5,0,0,1,4,0,4,0,0,0,1,1,1,0,0,0,1,0,4,30,3,0,0,0,0,0,1,1,0,3,0,0,0,2,63,1,0
/Users/kaiohs/Downloads/codes/lab02-experimentacao-software/data/repos/apache__groovy/src/main/java/org/codehaus/groovy/classgen/AnnotationVisitor.java,org.codehaus.groovy.classgen.AnnotationVisitor,class,21,24,3,21,75,1,0,67,139,0.8472222,0.0,0.0,18,1,5,6,7,0,12,0,0,0,4,0,0,4,0,0,2,0,16,230,17,5,4,1,5,33,1,32,18,28,4,0,0,1,137,1,0
/Users/kaiohs/Downloads/codes/lab02-experimentacao-software/data/repos/apache__groovy/subprojects/groovy-sql/src/main/java/groovy/sql/SqlWithParams.java,groovy.sql.SqlWithParams,class,0,1,1,0,3,1,0,0,0,0.33333334,0.0,0.0,3,0,3,0,0,0,3,0,0,0,2,0,0,2,0,0,2,0,0,14,2,0,0,0,0,1,0,2,0,2,0,0,0,0,6,1,0
/Users/kaiohs/Downloads/codes/lab02-experimentacao-software/data/repos/apache__groovy/subprojects/groovy-groovydoc/src/main/java/org/codehaus/groovy/tools/groovydoc/MockOutputTool.java,org.codehaus.groovy.tools.groovydoc.MockOutputTool,class,1,2,1,1,6,1,0,5,0,0.33333334,0.0,0.0,6,0,6,0,0,0,6,0,0,0,2,0,0,2,0,0,0,0,0,23,3,0,0,0,0,2,0,2,1,2,0,0,0,0,20,1,0
/Users/kaiohs/Downloads/codes/lab02-experimentacao-software/data/repos/apache__groovy/subprojects/groovy-templates/src/main/groovy/groovy/text/markup/TemplateResolver.java,groovy.text.markup.TemplateResolver,interface,1,3,2,1,2,1,0,0,1,0.0,0.0,0.0,2,0,0,0,0,2,2,0,0,0,0,0,0,0,0,0,0,0,0,4,0,0,0,0,0,0,0,0,0,0,0,0,0,0,53,1,0
/Users/kaiohs/Downloads/codes/lab02-experimentacao-software/data/repos/apache__groovy/src/main/java/groovy/util/ConfigObject.java,groovy.util.ConfigObject,class,6,7,1,6,74,2,0,53,320,0.8257576,0.0,0.0,33,2,27,6,0,0,27,0,0,0,4,2,0,2,0,2,2,0,5,257,27,6,5,5,5,13,7,50,7,37,7,0,0,0,215,1,0
/Users/kaiohs/Downloads/codes/lab02-experimentacao-software/data/repos/apache__groovy/src/main/java/org/codehaus/groovy/runtime/dgmimpl/NumberNumberDiv.java,org.codehaus.groovy.runtime.dgmimpl.NumberNumberDiv$LongFloat,innerclass,5,5,0,5,4,7,0,4,1,0.0,0.0,0.0,2,0,2,0,0,0,2,0,1,0,0,0,0,0,0,0,0,0,0,15,2,0,0,1,2,0,1,0,1,0,2,0,0,0,19,10,0
/Users/kaiohs/Downloads/codes/lab02-experimentacao-software/data/repos/apache__groovy/benchmark/bench/raytracer.java,raytracer$Group,innerclass,4,4,0,4,4,2,0,5,0,0.0,0.0,0.0,2,0,2,0,0,0,2,0,0,0,2,0,2,0,0,0,0,0,0,18,2,1,0,0,0,0,1,6,0,5,1,0,0,0,17,0,0
/Users/kaiohs/Downloads/codes/lab02-experimentacao-software/data/repos/apache__groovy/subprojects/groovy-ant/src/test-resources/org/codehaus/groovy/ant/ParameterMetadataCheck.java,org.codehaus.groovy.ant.ParameterMetadataCheck,class,0,0,0,0,1,1,0,3,0,0.0,NaN,NaN,1,1,1,0,0,0,1,0,0,0,0,0,0,0,0,0,0,0,0,9,0,0,0,1,0,2,0,2,0,2,1,0,0,0,19,1,0
/Users/kaiohs/Downloads/codes/lab02-experimentacao-software/data/repos/apache__groovy/src/main/java/org/codehaus/groovy/runtime/dgmimpl/NumberNumberMinus.java,org.codehaus.groovy.runtime.dgmimpl.NumberNumberMinus$NumberNumber,innerclass,5,5,0,5,3,7,0,1,3,0.0,0.0,0.0,3,0,3,0,0,0,3,0,2,0,0,0,0,0,0,0,0,0,0,11,2,0,0,0,0,0,2,0,0,0,0,0,0,0,11,10,0
/Users/kaiohs/Downloads/codes/lab02-experimentacao-software/data/repos/apache__groovy/src/main/java/groovy/transform/stc/MapEntryOrKeyValue.java,groovy.transform.stc.MapEntryOrKeyValue$Options,innerclass,4,4,0,4,6,1,0,6,0,0.25,NaN,NaN,2,1,0,1,0,1,1,0,0,0,2,0,0,0,0,2,2,0,2,32,1,1,1,0,0,5,4,9,1,7,3,0,0,0,27,26,0
/Users/kaiohs/Downloads/codes/lab02-experimentacao-software/data/repos/apache__groovy/benchmark/bench/wc.java,wc,class,1,1,0,1,7,1,0,5,0,0.0,NaN,NaN,1,1,1,0,0,0,1,0,0,0,0,0,0,0,0,0,0,0,4,28,1,2,3,1,1,2,6,11,1,8,5,0,0,0,17,1,0
/Users/kaiohs/Downloads/codes/lab02-experimentacao-software/data/repos/apache__groovy/src/main/java/groovy/lang/GroovyObject.java,groovy.lang.GroovyObject,interface,4,18,14,4,5,1,0,4,10,0.0,0.0,0.0,5,0,0,0,0,5,5,0,0,0,0,0,0,0,0,0,0,0,0,13,2,0,0,0,0,0,0,0,0,0,0,0,0,0,51,1,0
/Users/kaiohs/Downloads/codes/lab02-experimentacao-software/data/repos/apache__groovy/src/main/java/org/codehaus/groovy/transform/stc/ExtensionMethodNode.java,org.codehaus.groovy.transform.stc.ExtensionMethodNode,class,4,14,10,4,4,2,0,0,0,0.375,0.0,0.0,4,0,4,0,0,0,4,0,0,0,2,0,0,2,0,0,2,0,0,18,2,0,0,0,0,0,0,2,0,2,0,0,0,0,30,1,0
/Users/kaiohs/Downloads/codes/lab02-experimentacao-software/data/repos/apache__groovy/benchmark/bench/raytracer.java,raytracer$Ray,innerclass,1,1,0,1,1,1,0,0,0,0.0,NaN,NaN,1,0,1,0,0,0,1,0,0,0,1,0,1,0,0,0,0,0,0,7,0,0,0,0,0,0,0,2,0,2,0,0,0,0,6,0,0
/Users/kaiohs/Downloads/codes/lab02-experimentacao-software/data/repos/apache__groovy/src/main/java/org/codehaus/groovy/runtime/GroovyCategorySupport.java,org.codehaus.groovy.runtime.GroovyCategorySupport$CategoryMethod,innerclass,3,3,0,3,6,5,0,1,1,0.33333334,0.0,0.0,3,0,3,0,0,0,3,0,0,0,1,0,0,1,0,0,1,0,0,18,5,0,1,0,1,0,4,3,0,3,1,0,0,0,26,9,0
/Users/kaiohs/Downloads/codes/lab02-experimentacao-software/data/repos/apache__groovy/subprojects/groovy-console/src/main/groovy/groovy/console/ui/text/StructuredSyntaxDocumentFilter.java,groovy.console.ui.text.StructuredSyntaxDocumentFilter$MLComparator,innerclass,2,2,0,2,4,1,0,3,1,1.0,NaN,NaN,2,0,1,1,0,0,1,0,0,0,1,1,0,1,0,0,1,0,0,9,2,0,0,0,3,0,1,1,1,1,0,0,0,0,21,10,0
/Users/kaiohs/Downloads/codes/lab02-experimentacao-software/data/repos/apache__groovy/src/main/java/org/codehaus/groovy/runtime/DefaultGroovyMethods.java,org.codehaus.groovy.runtime.DefaultGroovyMethods$FindResultsIterator,innerclass,4,4,0,4,9,1,0,5,0,0.5,0.0,0.0,5,0,3,2,0,0,3,0,0,0,4,0,0,4,0,0,2,0,0,36,3,1,1,0,0,1,0,7,0,5,2,0,0,0,30,26,0
/Users/kaiohs/Downloads/codes/lab02-experimentacao-software/data/repos/apache__groovy/src/main/java/org/apache/groovy/util/concurrent/concurrentlinkedhashmap/ConcurrentLinkedHashMap.java,org.apache.groovy.util.concurrent.concurrentlinkedhashmap.ConcurrentLinkedHashMap,class,18,33,15,18,138,11,0,88,1106,0.93226606,0.0,0.0,56,5,28,2,0,26,54,0,0,0,29,11,0,1,0,28,26,0,30,880,55,23,27,5,23,17,26,111,16,105,4,0,18,1,466,17,0
/Users/kaiohs/Downloads/codes/lab02-experimentacao-software/data/repos/apache__groovy/subprojects/groovy-json/src/main/java/org/apache/groovy/json/internal/CharacterSource.java,org.apache.groovy.json.internal.CharacterSource,interface,1,3,2,1,11,1,0,0,55,0.0,0.0,0.0,11,0,0,0,0,11,11,0,0,0,0,0,0,0,0,0,0,0,0,13,0,0,0,0,0,0,0,0,0,0,0,0,0,0,85,1,0
/Users/kaiohs/Downloads/codes/lab02-experimentacao-software/data/repos/apache__groovy/src/test/groovy/org/codehaus/groovy/classgen/GStringTest.java,org.codehaus.groovy.classgen.GStringTest,class,14,14,0,14,4,2,0,14,0,0.0,NaN,NaN,1,0,0,0,0,1,1,0,0,0,0,0,0,0,0,0,0,0,0,28,0,0,2,1,0,26,8,5,1,5,1,0,0,0,43,16,0
/Users/kaiohs/Downloads/codes/lab02-experimentacao-software/data/repos/apache__groovy/subprojects/groovy-groovysh/src/main/groovy/org/apache/groovy/groovysh/jline/SystemRegistryImpl.java,org.apache.groovy.groovysh.jline.SystemRegistryImpl$CommandData,innerclass,1,1,0,1,13,1,0,8,9,0.68571424,0.0,0.0,10,0,10,0,0,0,10,0,0,0,7,0,0,7,0,0,4,0,1,55,8,1,0,0,0,16,4,12,4,8,3,0,0,0,19,12,0
/Users/kaiohs/Downloads/codes/lab02-experimentacao-software/data/repos/apache__groovy/src/test/groovy/groovy/ClosureJavaIntegrationTest.java,groovy.ClosureJavaIntegrationTest$Anonymous2,anonymous,0,0,0,0,1,1,0,1,0,0.0,NaN,NaN,1,0,1,0,0,0,1,0,0,0,0,0,0,0,0,0,0,0,0,5,0,0,0,0,0,2,0,0,1,0,0,0,0,0,5,-1,0
/Users/kaiohs/Downloads/codes/lab02-experimentacao-software/data/repos/apache__groovy/src/main/java/org/apache/groovy/util/concurrent/ConcurrentReferenceHashMap.java,org.apache.groovy.util.concurrent.ConcurrentReferenceHashMap$Option,enum,0,0,0,0,0,1,0,0,0,0.0,-1.0,-1.0,0,0,0,0,0,0,0,0,0,0,0,0,0,0,0,0,0,0,0,2,0,0,0,0,0,0,0,0,0,0,0,0,0,0,41,9,0
/Users/kaiohs/Downloads/codes/lab02-experimentacao-software/data/repos/apache__groovy/src/test/groovy/groovy/ClosureJavaIntegrationTest.java,groovy.ClosureJavaIntegrationTest$Anonymous3,anonymous,0,0,0,0,1,1,0,1,0,0.0,NaN,NaN,1,0,1,0,0,0,1,0,0,0,0,0,0,0,0,0,0,0,0,5,1,0,0,0,0,0,0,0,0,0,0,0,0,0,4,-1,0
/Users/kaiohs/Downloads/codes/lab02-experimentacao-software/data/repos/apache__groovy/src/test/groovy/groovy/lang/GroovyShellTest.java,groovy.lang.GroovyShellTest$BaseScript8096,innerclass,2,2,0,2,2,2,0,0,1,0.0,0.0,0.0,2,0,0,0,2,0,2,0,0,0,0,0,0,0,0,0,0,0,0,8,0,0,0,0,0,0,0,0,0,0,0,0,0,0,5,1033,0
/Users/kaiohs/Downloads/codes/lab02-experimentacao-software/data/repos/apache__groovy/src/test/groovy/groovy/ClosureJavaIntegrationTest.java,groovy.ClosureJavaIntegrationTest$Anonymous4,anonymous,0,0,0,0,1,1,0,3,0,0.0,NaN,NaN,1,0,1,0,0,0,1,0,0,0,0,0,0,0,0,0,0,0,0,5,1,0,0,0,0,0,0,0,1,0,0,0,0,0,4,-1,0
/Users/kaiohs/Downloads/codes/lab02-experimentacao-software/data/repos/apache__groovy/src/test/groovy/groovy/ClosureJavaIntegrationTest.java,groovy.ClosureJavaIntegrationTest$Anonymous5,anonymous,0,0,0,0,1,1,0,1,0,0.0,NaN,NaN,1,0,1,0,0,0,1,0,0,0,0,0,0,0,0,0,0,0,0,5,1,0,0,0,0,0,0,0,0,0,0,0,0,0,4,-1,0
/Users/kaiohs/Downloads/codes/lab02-experimentacao-software/data/repos/apache__groovy/src/main/java/org/codehaus/groovy/classgen/BytecodeInstruction.java,org.codehaus.groovy.classgen.BytecodeInstruction,class,1,7,6,1,1,1,2,0,0,0.0,NaN,NaN,1,0,1,0,0,0,1,1,0,0,0,0,0,0,0,0,0,0,0,3,0,0,0,0,0,0,0,0,0,0,0,0,0,0,20,1025,0
/Users/kaiohs/Downloads/codes/lab02-experimentacao-software/data/repos/apache__groovy/src/test/groovy/groovy/ClosureJavaIntegrationTest.java,groovy.ClosureJavaIntegrationTest$Anonymous6,anonymous,0,0,0,0,1,1,0,1,0,0.0,NaN,NaN,1,0,1,0,0,0,1,0,0,0,0,0,0,0,0,0,0,0,0,5,1,0,0,0,0,0,0,0,0,0,0,0,0,0,4,-1,0
/Users/kaiohs/Downloads/codes/lab02-experimentacao-software/data/repos/apache__groovy/src/test/groovy/groovy/ClosureJavaIntegrationTest.java,groovy.ClosureJavaIntegrationTest$Anonymous7,anonymous,0,0,0,0,2,1,0,1,0,0.0,NaN,NaN,1,0,1,0,0,0,1,0,0,0,0,0,0,0,0,0,0,0,0,5,1,0,1,0,0,1,1,0,0,0,0,0,0,0,5,-1,0
/Users/kaiohs/Downloads/codes/lab02-experimentacao-software/data/repos/apache__groovy/src/test/groovy/groovy/ClosureJavaIntegrationTest.java,groovy.ClosureJavaIntegrationTest$Anonymous8,anonymous,0,0,0,0,2,1,0,2,0,0.0,NaN,NaN,1,0,1,0,0,0,1,0,0,0,0,0,0,0,0,0,0,0,0,5,1,0,0,0,0,0,0,0,0,0,0,0,0,0,5,-1,0
/Users/kaiohs/Downloads/codes/lab02-experimentacao-software/data/repos/apache__groovy/src/main/java/org/codehaus/groovy/transform/LogASTTransformation.java,org.codehaus.groovy.transform.LogASTTransformation$Anonymous1,anonymous,15,15,0,15,27,1,0,28,11,0.6666667,0.0,0.0,6,0,2,3,1,0,3,0,0,0,2,0,0,2,0,0,0,0,1,84,15,1,4,1,2,3,0,11,1,8,3,0,0,0,66,-1,0
/Users/kaiohs/Downloads/codes/lab02-experimentacao-software/data/repos/apache__groovy/src/test/groovy/groovy/ClosureJavaIntegrationTest.java,groovy.ClosureJavaIntegrationTest$Anonymous9,anonymous,0,0,0,0,1,1,0,0,0,0.0,NaN,NaN,1,0,1,0,0,0,1,0,0,0,0,0,0,0,0,0,0,0,0,5,1,0,0,0,0,0,0,0,1,0,0,0,0,0,6,-1,0
/Users/kaiohs/Downloads/codes/lab02-experimentacao-software/data/repos/apache__groovy/src/main/java/org/codehaus/groovy/runtime/callsite/PogoInterceptableSite.java,org.codehaus.groovy.runtime.callsite.PogoInterceptableSite,class,7,9,2,7,7,2,0,5,6,0.0,0.0,0.0,4,0,4,0,0,0,4,0,2,0,0,0,0,0,0,0,0,0,5,29,4,0,0,2,2,0,0,0,0,0,2,0,0,0,17,1,0
/Users/kaiohs/Downloads/codes/lab02-experimentacao-software/data/repos/apache__groovy/subprojects/groovy-servlet/src/main/java/groovy/servlet/AbstractHttpServlet.java,groovy.servlet.AbstractHttpServlet,class,9,12,3,9,41,2,2,34,4,0.78518516,0.0,0.0,9,0,3,0,6,0,9,0,0,0,15,6,6,1,8,0,6,0,5,186,10,0,18,3,0,44,3,56,14,33,3,0,0,0,292,1025,0
/Users/kaiohs/Downloads/codes/lab02-experimentacao-software/data/repos/apache__groovy/subprojects/groovy-groovydoc/src/test/groovy/org/codehaus/groovy/tools/groovydoc/testfiles/groovy_10593/b/TestStar.java,org.codehaus.groovy.tools.groovydoc.testfiles.groovy_10593.b.TestStar,interface,1,1,0,1,0,1,0,0,0,0.0,-1.0,-1.0,0,0,0,0,0,0,0,0,0,0,0,0,0,0,0,0,0,0,0,2,0,0,0,0,0,0,0,0,0,0,0,0,0,0,3,1,0
/Users/kaiohs/Downloads/codes/lab02-experimentacao-software/data/repos/apache__groovy/src/main/java/org/codehaus/groovy/runtime/EncodingGroovyMethods.java,org.codehaus.groovy.runtime.EncodingGroovyMethods,class,5,7,2,5,36,1,0,23,227,0.9636364,0.0,0.0,22,22,19,3,0,0,19,0,0,0,5,5,0,5,0,0,5,0,24,184,23,3,8,0,5,8,24,26,7,20,3,2,0,0,175,1,0
/Users/kaiohs/Downloads/codes/lab02-experimentacao-software/data/repos/apache__groovy/subprojects/performance/src/jmh/groovy/org/apache/groovy/bench/AckermannBench.java,org.apache.groovy.bench.AckermannBench,class,9,9,0,9,2,1,0,2,0,0.0,0.0,0.0,2,0,2,0,0,0,2,0,0,0,1,0,0,1,0,0,0,0,1,16,2,0,0,0,0,4,7,0,0,1,0,0,1,0,6,1,0
/Users/kaiohs/Downloads/codes/lab02-experimentacao-software/data/repos/apache__groovy/src/main/java/groovy/util/ObservableSet.java,groovy.util.ObservableSet$ElementEvent,innerclass,1,1,0,1,4,2,0,3,0,0.5,0.0,0.0,4,0,4,0,0,0,4,0,0,0,2,1,0,2,0,0,2,0,0,17,3,0,0,0,0,0,1,2,0,2,0,0,0,0,17,1033,0
/Users/kaiohs/Downloads/codes/lab02-experimentacao-software/data/repos/apache__groovy/src/main/java/org/codehaus/groovy/transform/BuilderASTTransformation.java,org.codehaus.groovy.transform.BuilderASTTransformation$AbstractBuilderStrategy$PropertyInfo,innerclass,1,1,0,1,5,1,0,0,0,0.4,0.0,0.0,5,0,5,0,0,0,5,0,0,0,2,0,0,2,0,0,0,0,0,20,2,0,0,0,0,0,0,4,0,2,0,0,0,0,10,12,0
/Users/kaiohs/Downloads/codes/lab02-experimentacao-software/data/repos/apache__groovy/src/main/java/groovy/ui/GroovySocketServer.java,groovy.ui.GroovySocketServer,class,7,9,2,7,12,1,0,15,4,0.6000001,0.0,0.0,5,2,3,2,0,0,3,0,0,1,6,2,0,6,0,0,4,0,5,115,4,1,0,3,1,8,0,7,4,8,3,0,1,0,146,1,0
/Users/kaiohs/Downloads/codes/lab02-experimentacao-software/data/repos/apache__groovy/subprojects/groovy-swing/src/main/groovy/groovy/swing/impl/ListWrapperListModel.java,groovy.swing.impl.ListWrapperListModel,class,3,4,1,3,30,2,0,26,0,0.0,0.0,0.0,24,0,24,0,0,0,24,0,0,0,1,0,0,1,0,0,1,0,0,102,20,0,0,0,0,2,5,12,4,12,1,0,0,0,57,1,0
/Users/kaiohs/Downloads/codes/lab02-experimentacao-software/data/repos/apache__groovy/subprojects/groovy-xml/src/test/groovy/groovy/xml/CustomNode.java,groovy.xml.CustomNode,class,2,3,1,2,1,2,0,0,0,0.0,NaN,NaN,1,0,0,0,0,1,1,0,0,0,0,0,0,0,0,0,0,0,0,5,0,0,0,0,0,0,0,0,0,0,0,0,0,0,6,0,0
/Users/kaiohs/Downloads/codes/lab02-experimentacao-software/data/repos/apache__groovy/src/test/groovy/org/codehaus/groovy/ast/decompiled/support/Groovy8632Abstract.java,org.codehaus.groovy.ast.decompiled.support.Groovy8632Abstract$InnerBuilder,innerclass,0,0,0,0,0,1,0,0,0,0.0,-1.0,-1.0,0,0,0,0,0,0,0,0,0,0,0,0,0,0,0,0,0,0,0,2,0,0,0,0,0,0,0,0,0,0,0,0,0,0,2,1025,0
/Users/kaiohs/Downloads/codes/lab02-experimentacao-software/data/repos/apache__groovy/src/main/java/org/codehaus/groovy/classgen/EnumCompletionVisitor.java,org.codehaus.groovy.classgen.EnumCompletionVisitor,class,20,22,2,20,28,2,0,42,34,0.7777778,0.0,0.0,9,3,2,6,1,0,3,0,0,0,1,0,0,1,0,0,1,0,14,112,7,5,4,0,1,7,16,33,5,26,3,1,0,2,125,1,0
/Users/kaiohs/Downloads/codes/lab02-experimentacao-software/data/repos/apache__groovy/src/main/java/org/codehaus/groovy/runtime/metaclass/TransformMetaMethod.java,org.codehaus.groovy.runtime.metaclass.TransformMetaMethod,class,3,5,2,3,8,2,0,10,0,0.14285715,0.0,0.0,7,0,7,0,0,0,7,0,0,0,1,0,0,1,0,0,1,0,0,31,6,0,0,1,0,0,0,1,0,1,1,0,0,0,31,1,0
/Users/kaiohs/Downloads/codes/lab02-experimentacao-software/data/repos/apache__groovy/src/main/java/org/codehaus/groovy/ast/ASTNode.java,org.codehaus.groovy.ast.ASTNode,class,3,40,37,3,15,1,6,9,65,0.7999999,0.0,0.0,14,0,14,0,0,0,14,0,0,0,5,0,0,5,0,0,0,0,0,54,6,0,0,0,0,3,4,15,2,6,1,0,0,0,132,1,0
/Users/kaiohs/Downloads/codes/lab02-experimentacao-software/data/repos/apache__groovy/src/main/java/org/codehaus/groovy/ast/expr/TupleExpression.java,org.codehaus.groovy.ast.expr.TupleExpression,class,4,14,10,4,17,3,1,17,63,0.53333336,0.0,0.0,15,0,15,0,0,0,15,0,0,0,1,0,0,1,0,0,1,0,2,71,7,1,0,0,0,3,4,6,1,4,2,0,0,0,32,1,0
/Users/kaiohs/Downloads/codes/lab02-experimentacao-software/data/repos/apache__groovy/src/test/groovy/groovy/lang/MockWriter.java,groovy.lang.MockWriter,class,1,2,1,1,5,1,0,1,8,0.6,0.0,0.0,5,0,5,0,0,0,5,0,0,0,1,0,0,1,0,0,0,0,0,20,1,0,0,0,0,5,0,3,2,2,0,0,0,0,18,1,0
/Users/kaiohs/Downloads/codes/lab02-experimentacao-software/data/repos/apache__groovy/src/main/java/org/codehaus/groovy/runtime/dgmimpl/arrays/ByteArrayPutAtMetaMethod.java,org.codehaus.groovy.runtime.dgmimpl.arrays.ByteArrayPutAtMetaMethod$MyPojoMetaMethodSite,innerclass,6,6,0,6,11,6,0,4,3,0.0,0.0,0.0,3,0,3,0,0,0,3,0,0,0,0,0,0,0,0,0,0,0,2,25,4,0,0,1,3,0,4,3,0,1,3,0,0,0,24,10,0
/Users/kaiohs/Downloads/codes/lab02-experimentacao-software/data/repos/apache__groovy/src/main/java/org/codehaus/groovy/control/messages/WarningMessage.java,org.codehaus.groovy.control.messages.WarningMessage,class,5,9,4,5,6,4,0,3,4,0.88,0.0,0.0,5,1,5,0,0,0,5,0,0,0,5,4,4,1,0,0,5,0,1,25,2,0,0,0,0,1,4,6,0,5,0,0,0,0,73,1,0
/Users/kaiohs/Downloads/codes/lab02-experimentacao-software/data/repos/apache__groovy/src/main/java/org/codehaus/groovy/ast/expr/ExpressionTransformer.java,org.codehaus.groovy.ast.expr.ExpressionTransformer,interface,1,40,39,1,1,1,0,0,0,0.0,NaN,NaN,1,0,0,0,0,1,1,0,0,0,0,0,0,0,0,0,0,0,0,3,0,0,0,0,0,0,0,0,0,0,0,0,0,0,8,1,0
/Users/kaiohs/Downloads/codes/lab02-experimentacao-software/data/repos/apache__groovy/src/main/java/org/codehaus/groovy/ast/tools/GenericsUtils.java,org.codehaus.groovy.ast.tools.GenericsUtils,class,26,34,8,26,250,1,0,137,934,0.9488637,0.0,0.0,44,44,38,6,0,0,38,0,0,0,4,4,2,2,0,0,4,0,85,724,86,32,86,1,7,27,59,204,6,153,7,1,1,8,347,1,0
/Users/kaiohs/Downloads/codes/lab02-experimentacao-software/data/repos/apache__groovy/src/main/java/org/codehaus/groovy/ast/expr/MethodPointerExpression.java,org.codehaus.groovy.ast.expr.MethodPointerExpression,class,5,9,4,5,10,3,1,8,10,0.5,0.0,0.0,8,0,8,0,0,0,8,0,0,0,2,0,0,0,2,0,2,0,1,45,7,0,2,0,0,2,0,5,2,4,1,0,0,0,41,1,0
/Users/kaiohs/Downloads/codes/lab02-experimentacao-software/data/repos/apache__groovy/src/main/java/org/codehaus/groovy/control/GenericsVisitor.java,org.codehaus.groovy.control.GenericsVisitor,class,15,17,2,15,43,2,0,39,76,0.84615386,0.0,0.0,13,1,7,4,2,0,9,0,0,0,1,0,0,1,0,0,1,0,5,129,9,7,10,0,6,20,8,23,5,17,5,0,0,0,99,1,0
/Users/kaiohs/Downloads/codes/lab02-experimentacao-software/data/repos/apache__groovy/subprojects/groovy-groovydoc/src/main/java/org/codehaus/groovy/tools/groovydoc/OutputTool.java,org.codehaus.groovy.tools.groovydoc.OutputTool,interface,0,4,4,0,2,1,0,0,1,0.0,0.0,0.0,2,0,0,0,0,2,2,0,0,0,0,0,0,0,0,0,0,0,0,4,0,0,0,0,0,0,0,0,0,0,0,0,0,0,9,1,0
/Users/kaiohs/Downloads/codes/lab02-experimentacao-software/data/repos/apache__groovy/src/main/java/org/codehaus/groovy/transform/sc/StaticCompileTransformation.java,org.codehaus.groovy.transform.sc.StaticCompileTransformation,class,17,19,2,17,10,2,0,19,1,0.5,0.0,0.0,2,0,1,0,1,0,2,0,0,0,1,0,0,1,0,0,1,0,1,50,2,0,2,0,2,2,2,9,1,7,2,0,0,0,58,1,0
/Users/kaiohs/Downloads/codes/lab02-experimentacao-software/data/repos/apache__groovy/src/test/groovy/org/codehaus/groovy/classgen/asm/sc/bugs/support/Groovy6962Base.java,org.codehaus.groovy.classgen.asm.sc.bugs.support.Groovy6962Base,class,0,1,1,0,1,1,1,0,0,0.0,NaN,NaN,1,0,1,0,0,0,1,0,0,0,0,0,0,0,0,0,0,0,0,5,1,0,0,0,0,0,1,0,0,0,0,0,0,0,3,0,0
/Users/kaiohs/Downloads/codes/lab02-experimentacao-software/data/repos/apache__groovy/src/test/groovy/groovy/MetaClassCreator.java,groovy.MetaClassCreator$Anonymous1,anonymous,0,0,0,0,0,1,0,0,0,0.0,-1.0,-1.0,0,0,0,0,0,0,0,0,0,0,0,0,0,0,0,0,0,0,0,2,0,0,0,0,0,0,0,0,0,0,0,0,0,0,0,-1,0
/Users/kaiohs/Downloads/codes/lab02-experimentacao-software/data/repos/apache__groovy/benchmark/bench/hash2.java,Val,class,0,1,1,0,1,1,0,0,0,0.0,NaN,NaN,1,0,0,0,0,1,1,0,0,0,1,0,0,0,0,1,0,0,0,6,0,0,0,0,0,0,0,1,0,1,0,0,0,0,3,0,0
/Users/kaiohs/Downloads/codes/lab02-experimentacao-software/data/repos/apache__groovy/subprojects/groovy-macro/src/main/groovy/org/codehaus/groovy/macro/matcher/ContextualClassCodeVisitor.java,org.codehaus.groovy.macro.matcher.ContextualClassCodeVisitor,class,65,67,2,65,88,2,1,75,2248,0.9338235,0.0,0.0,68,1,64,0,4,0,68,0,0,0,2,0,0,2,0,0,1,0,2,402,11,4,12,0,0,1,1,19,0,14,4,1,1,0,140,1025,0
/Users/kaiohs/Downloads/codes/lab02-experimentacao-software/data/repos/apache__groovy/src/main/java/org/codehaus/groovy/classgen/asm/sc/StaticPropertyAccessHelper.java,org.codehaus.groovy.classgen.asm.sc.StaticPropertyAccessHelper$PoppingListOfExpressionsExpression,innerclass,8,8,0,8,4,3,0,5,0,0.16666667,0.0,0.0,3,0,3,0,0,0,3,0,0,0,2,0,0,2,0,0,2,0,1,19,1,0,0,0,1,0,0,3,0,3,1,0,0,0,22,10,0
/Users/kaiohs/Downloads/codes/lab02-experimentacao-software/data/repos/apache__groovy/src/main/java/org/codehaus/groovy/classgen/AsmClassGenerator.java,org.codehaus.groovy.classgen.AsmClassGenerator$Anonymous2,anonymous,1,1,0,1,1,1,0,2,0,0.0,NaN,NaN,1,0,1,0,0,0,1,0,0,0,0,0,0,0,0,0,0,0,0,6,0,0,0,0,0,0,3,0,1,0,0,0,0,0,4,-1,0
/Users/kaiohs/Downloads/codes/lab02-experimentacao-software/data/repos/apache__groovy/src/main/java/org/codehaus/groovy/classgen/AsmClassGenerator.java,org.codehaus.groovy.classgen.AsmClassGenerator$Anonymous1,anonymous,5,5,0,5,5,1,0,8,3,0.6666667,0.0,0.0,3,0,2,1,0,0,2,0,0,0,1,0,0,1,0,0,0,0,2,19,0,0,0,0,0,3,1,2,1,2,1,0,0,0,15,-1,0
/Users/kaiohs/Downloads/codes/lab02-experimentacao-software/data/repos/apache__groovy/src/main/java/org/codehaus/groovy/classgen/AsmClassGenerator.java,org.codehaus.groovy.classgen.AsmClassGenerator$Anonymous4,anonymous,1,1,0,1,1,1,0,1,0,0.0,NaN,NaN,1,0,1,0,0,0,1,0,0,0,0,0,0,0,0,0,0,0,0,5,0,0,0,0,0,0,0,0,0,0,0,0,0,0,4,-1,0
/Users/kaiohs/Downloads/codes/lab02-experimentacao-software/data/repos/apache__groovy/src/main/java/org/codehaus/groovy/classgen/AsmClassGenerator.java,org.codehaus.groovy.classgen.AsmClassGenerator$Anonymous3,anonymous,1,1,0,1,1,1,0,2,0,0.0,NaN,NaN,1,0,1,0,0,0,1,0,0,0,0,0,0,0,0,0,0,0,0,6,0,0,0,0,0,0,0,0,0,0,0,0,0,0,7,-1,0
/Users/kaiohs/Downloads/codes/lab02-experimentacao-software/data/repos/apache__groovy/subprojects/groovy-groovydoc/src/main/java/org/codehaus/groovy/groovydoc/GroovyTag.java,org.codehaus.groovy.groovydoc.GroovyTag,interface,0,2,2,0,3,1,0,0,3,0.0,0.0,0.0,3,0,0,0,0,3,3,0,0,0,0,0,0,0,0,0,0,0,0,5,0,0,0,0,0,0,0,0,0,0,0,0,0,0,16,1,0
/Users/kaiohs/Downloads/codes/lab02-experimentacao-software/data/repos/apache__groovy/src/main/java/org/codehaus/groovy/util/Reference.java,org.codehaus.groovy.util.Reference,interface,2,16,14,2,3,1,0,0,3,0.0,0.0,0.0,3,0,0,0,0,3,3,0,0,0,0,0,0,0,0,0,0,0,0,5,0,0,0,0,0,0,0,0,0,0,0,0,0,0,6,1,0
/Users/kaiohs/Downloads/codes/lab02-experimentacao-software/data/repos/apache__groovy/src/main/java/org/codehaus/groovy/runtime/callsite/ConstructorSite.java,org.codehaus.groovy.runtime.callsite.ConstructorSite$NoParamSite,innerclass,7,7,0,7,4,5,0,5,1,0.5,0.0,0.0,2,0,2,0,0,0,2,0,1,0,1,1,0,1,0,0,1,0,2,19,2,0,0,1,1,0,2,2,0,2,2,0,0,0,31,9,0
/Users/kaiohs/Downloads/codes/lab02-experimentacao-software/data/repos/apache__groovy/src/main/java/org/codehaus/groovy/classgen/AsmClassGenerator.java,org.codehaus.groovy.classgen.AsmClassGenerator$Anonymous6,anonymous,1,1,0,1,1,1,0,2,0,0.0,NaN,NaN,1,0,1,0,0,0,1,0,0,0,0,0,0,0,0,0,0,0,0,6,0,0,0,0,0,0,0,0,0,0,0,0,0,0,12,-1,0
/Users/kaiohs/Downloads/codes/lab02-experimentacao-software/data/repos/apache__groovy/src/main/java/org/codehaus/groovy/classgen/AsmClassGenerator.java,org.codehaus.groovy.classgen.AsmClassGenerator$Anonymous5,anonymous,1,1,0,1,1,1,0,1,0,0.0,NaN,NaN,1,0,1,0,0,0,1,0,0,0,0,0,0,0,0,0,0,0,0,5,0,0,0,0,0,0,0,0,0,0,0,0,0,0,5,-1,0
/Users/kaiohs/Downloads/codes/lab02-experimentacao-software/data/repos/apache__groovy/src/main/java/groovy/lang/NonEmptySequence.java,groovy.lang.NonEmptySequence,class,1,1,0,1,4,5,0,0,6,1.0,0.0,0.0,4,0,4,0,0,0,4,0,0,0,1,1,0,1,0,0,1,0,0,15,1,0,0,0,0,0,2,1,0,1,0,0,0,0,34,1,0
/Users/kaiohs/Downloads/codes/lab02-experimentacao-software/data/repos/apache__groovy/src/test/groovy/groovy/OuterUser.java,groovy.OuterUser$InnerAddress$Street,innerclass,0,0,0,0,4,1,0,0,2,0.5,0.0,0.0,4,0,4,0,0,0,4,0,0,0,2,0,0,2,0,0,0,0,0,16,2,0,0,0,0,0,0,2,0,2,0,0,0,0,7,9,0
/Users/kaiohs/Downloads/codes/lab02-experimentacao-software/data/repos/apache__groovy/subprojects/groovy-templates/src/main/groovy/groovy/text/XmlTemplateEngine.java,groovy.text.XmlTemplateEngine$XmlWritable,innerclass,5,5,0,5,4,1,0,9,0,0.33333334,0.0,0.0,3,0,2,0,0,1,3,0,0,0,3,0,0,3,0,0,2,0,0,27,3,0,1,0,0,1,1,8,0,7,1,0,0,0,22,10,0
/Users/kaiohs/Downloads/codes/lab02-experimentacao-software/data/repos/apache__groovy/subprojects/groovy-macro/src/main/groovy/org/codehaus/groovy/macro/matcher/MatcherUtils.java,org.codehaus.groovy.macro.matcher.MatcherUtils,class,2,3,1,2,1,1,0,3,0,0.0,NaN,NaN,1,1,0,0,0,1,1,0,0,0,0,0,0,0,0,0,0,0,0,8,1,0,0,0,0,1,0,1,0,1,0,0,0,0,7,0,0
/Users/kaiohs/Downloads/codes/lab02-experimentacao-software/data/repos/apache__groovy/src/main/java/org/codehaus/groovy/ast/decompiled/AsmDecompiler.java,org.codehaus.groovy.ast.decompiled.AsmDecompiler$DecompilingVisitor,innerclass,13,13,0,13,13,2,0,8,0,0.125,0.0,0.0,8,0,8,0,0,0,8,0,0,0,1,0,0,1,0,0,0,0,3,75,5,0,3,0,0,1,2,7,0,4,1,3,0,0,48,10,0
/Users/kaiohs/Downloads/codes/lab02-experimentacao-software/data/repos/apache__groovy/benchmark/bench/nestedloop.java,nestedloop,class,0,0,0,0,7,1,0,2,0,0.0,NaN,NaN,1,1,1,0,0,0,1,0,0,0,0,0,0,0,0,0,0,0,1,8,0,6,0,0,0,0,8,8,0,8,6,0,0,0,13,1,0
/Users/kaiohs/Downloads/codes/lab02-experimentacao-software/data/repos/apache__groovy/subprojects/groovy-groovysh/src/main/groovy/org/apache/groovy/groovysh/jline/SystemRegistryImpl.java,org.apache.groovy.groovysh.jline.SystemRegistryImpl$CommandOutputStream,innerclass,3,3,0,3,18,1,0,11,0,0.65909094,0.0,0.0,11,0,10,1,0,0,10,0,0,0,8,0,0,8,0,0,3,0,4,82,6,0,1,2,1,0,0,20,0,11,2,0,0,0,34,10,0
/Users/kaiohs/Downloads/codes/lab02-experimentacao-software/data/repos/apache__groovy/subprojects/groovy-groovydoc/src/test/groovy/org/codehaus/groovy/tools/groovydoc/testfiles/JavaClassWithMultipleInterfaces.java,org.codehaus.groovy.tools.groovydoc.testfiles.JavaClassWithMultipleInterfaces,class,2,2,0,2,0,1,0,0,0,0.0,-1.0,-1.0,0,0,0,0,0,0,0,0,0,0,0,0,0,0,0,0,0,0,0,2,0,0,0,0,0,0,0,0,0,0,0,0,0,0,6,1025,0
/Users/kaiohs/Downloads/codes/lab02-experimentacao-software/data/repos/apache__groovy/src/main/java/org/codehaus/groovy/runtime/memoize/EvictableCache.java,org.codehaus.groovy.runtime.memoize.EvictableCache$Action,interface,4,4,0,4,1,1,0,0,0,0.0,NaN,NaN,1,0,0,0,0,1,1,0,0,0,0,0,0,0,0,0,0,0,0,3,0,0,0,0,0,0,0,0,0,0,0,0,0,0,19,0,0
/Users/kaiohs/Downloads/codes/lab02-experimentacao-software/data/repos/apache__groovy/src/main/java/groovy/transform/builder/InitializerStrategy.java,groovy.transform.builder.InitializerStrategy$SET,innerclass,0,0,0,0,0,1,0,0,0,0.0,-1.0,-1.0,0,0,0,0,0,0,0,0,0,0,0,0,0,0,0,0,0,0,0,2,0,0,0,0,0,0,0,0,0,0,0,0,0,0,26,1033,0
/Users/kaiohs/Downloads/codes/lab02-experimentacao-software/data/repos/apache__groovy/subprojects/groovy-ginq/src/main/groovy/org/apache/groovy/ginq/provider/collection/runtime/QueryableCollection.java,org.apache.groovy.ginq.provider.collection.runtime.QueryableCollection$SortedPartitionCacheKey,innerclass,3,3,0,3,6,1,0,3,0,0.0,0.0,0.0,3,0,2,0,0,1,3,0,0,0,2,0,0,2,0,0,2,0,1,16,4,0,2,0,1,1,0,2,0,2,1,0,0,0,14,10,0
/Users/kaiohs/Downloads/codes/lab02-experimentacao-software/data/repos/apache__groovy/subprojects/groovy-ant/src/main/java/org/codehaus/groovy/ant/VerifyClass.java,org.codehaus.groovy.ant.VerifyClass,class,11,12,1,11,22,2,0,19,11,0.6666667,0.0,0.0,6,0,4,2,0,0,4,0,0,0,2,0,0,2,0,0,0,0,2,90,2,3,4,3,0,10,6,20,5,16,5,1,0,0,77,1,0
/Users/kaiohs/Downloads/codes/lab02-experimentacao-software/data/repos/apache__groovy/subprojects/groovy-contracts/src/main/java/org/apache/groovy/contracts/common/impl/RequiresAnnotationProcessor.java,org.apache.groovy.contracts.common.impl.RequiresAnnotationProcessor,class,9,9,0,9,3,2,0,3,0,0.0,NaN,NaN,1,0,1,0,0,0,1,0,0,0,0,0,0,0,0,0,0,0,0,7,2,0,1,0,0,0,0,0,0,0,1,0,0,0,21,1,0
/Users/kaiohs/Downloads/codes/lab02-experimentacao-software/data/repos/apache__groovy/src/test/groovy/bugs/Groovy3799Helper.java,bugs.Groovy3799Helper,class,1,1,0,1,3,1,0,0,0,0.0,0.0,0.0,3,0,3,0,0,0,3,0,0,0,1,0,0,1,0,0,1,0,0,12,1,0,0,0,0,0,0,2,0,1,0,0,0,0,5,1,0
/Users/kaiohs/Downloads/codes/lab02-experimentacao-software/data/repos/apache__groovy/src/main/java/org/codehaus/groovy/runtime/metaclass/NewInstanceMetaMethod.java,org.codehaus.groovy.runtime.metaclass.NewInstanceMetaMethod,class,2,8,6,2,4,4,2,2,6,0.0,0.0,0.0,4,0,4,0,0,0,4,0,0,0,0,0,0,0,0,0,0,0,1,18,3,0,0,0,0,0,4,3,1,2,0,0,0,0,51,1,0
/Users/kaiohs/Downloads/codes/lab02-experimentacao-software/data/repos/apache__groovy/src/main/java/groovy/transform/Undefined.java,groovy.transform.Undefined,class,3,7,4,3,4,4,0,4,4,0.5,0.0,0.0,4,3,3,1,0,0,3,0,0,0,1,1,1,0,0,0,1,0,0,19,3,0,0,0,0,1,0,1,0,1,0,0,2,0,37,17,0
/Users/kaiohs/Downloads/codes/lab02-experimentacao-software/data/repos/apache__groovy/subprojects/groovy-contracts/src/main/java/org/apache/groovy/contracts/generation/ContractExecutionTracker.java,org.apache.groovy.contracts.generation.ContractExecutionTracker$ContractExecution,innerclass,1,1,0,1,14,1,0,3,0,0.0,0.0,0.0,3,0,3,0,0,0,3,0,0,0,4,0,0,0,0,4,4,0,3,29,8,0,7,0,3,0,8,9,6,6,1,0,0,0,22,25,0
/Users/kaiohs/Downloads/codes/lab02-experimentacao-software/data/repos/apache__groovy/src/main/java/org/codehaus/groovy/ast/stmt/CaseStatement.java,org.codehaus.groovy.ast.stmt.CaseStatement,class,3,9,6,3,7,3,0,2,0,0.42857143,0.0,0.0,7,0,7,0,0,0,7,0,0,0,2,0,0,2,0,0,0,0,0,26,3,0,0,0,0,3,0,4,1,2,0,0,0,0,19,1,0
/Users/kaiohs/Downloads/codes/lab02-experimentacao-software/data/repos/apache__groovy/src/main/java/org/apache/groovy/util/concurrent/ConcurrentReferenceHashMap.java,org.apache.groovy.util.concurrent.ConcurrentReferenceHashMap$SimpleEntry,innerclass,3,3,0,3,13,1,0,7,0,0.5185185,0.0,0.0,9,1,8,1,0,0,8,0,0,0,3,1,0,1,2,0,2,0,2,40,8,0,4,0,3,2,3,8,1,5,1,0,0,0,33,12,0
/Users/kaiohs/Downloads/codes/lab02-experimentacao-software/data/repos/apache__groovy/subprojects/groovy-nio/src/main/java/org/apache/groovy/nio/runtime/WritablePath.java,org.apache.groovy.nio.runtime.WritablePath,class,1,2,1,1,34,1,0,33,0,0.484375,0.0,0.0,32,0,32,0,0,0,32,0,0,0,2,0,0,2,0,0,2,0,3,108,30,1,2,1,1,0,1,5,0,4,2,0,0,0,58,1,0
/Users/kaiohs/Downloads/codes/lab02-experimentacao-software/data/repos/apache__groovy/src/test/groovy/org/codehaus/groovy/ast/decompiled/AsmDecompilerTestData.java,org.codehaus.groovy.ast.decompiled.AsmDecompilerTestData,class,9,10,1,9,9,2,0,0,36,0.8888889,0.0,0.0,9,1,8,0,0,1,9,0,0,0,2,0,1,0,1,0,0,0,0,35,7,0,0,0,0,2,2,0,0,2,0,0,3,0,38,1,0
/Users/kaiohs/Downloads/codes/lab02-experimentacao-software/data/repos/apache__groovy/src/main/java/org/codehaus/groovy/runtime/ResourceGroovyMethods.java,org.codehaus.groovy.runtime.ResourceGroovyMethods$Anonymous1,anonymous,0,0,0,0,1,1,0,1,0,1.0,NaN,NaN,1,0,1,0,0,0,1,0,0,0,1,1,0,1,0,0,1,0,0,6,0,0,0,0,1,0,3,2,0,1,0,0,0,0,11,-1,0
/Users/kaiohs/Downloads/codes/lab02-experimentacao-software/data/repos/apache__groovy/src/test/groovy/org/codehaus/groovy/dummy/FooHandler.java,org.codehaus.groovy.dummy.FooHandler,interface,0,0,0,0,1,1,0,0,0,0.0,NaN,NaN,1,0,0,0,0,1,1,0,0,0,0,0,0,0,0,0,0,0,0,3,0,0,0,0,0,0,0,0,0,0,0,0,0,0,5,1,0
/Users/kaiohs/Downloads/codes/lab02-experimentacao-software/data/repos/apache__groovy/src/main/java/org/codehaus/groovy/runtime/dgmimpl/arrays/BooleanArrayGetAtMetaMethod.java,org.codehaus.groovy.runtime.dgmimpl.arrays.BooleanArrayGetAtMetaMethod,class,9,10,1,9,5,10,0,3,6,0.75,0.0,0.0,4,0,4,0,0,0,4,0,1,0,1,1,0,1,0,0,1,0,2,28,5,0,0,0,1,0,2,2,0,2,1,0,1,0,31,1,0
/Users/kaiohs/Downloads/codes/lab02-experimentacao-software/data/repos/apache__groovy/src/test/groovy/org/codehaus/groovy/classgen/asm/sc/bugs/support/Groovy7363Support.java,org.codehaus.groovy.classgen.asm.sc.bugs.support.Groovy7363Support,class,2,2,0,2,0,1,0,0,0,0.0,-1.0,-1.0,0,0,0,0,0,0,0,0,0,0,0,0,0,0,0,0,0,0,0,25,0,0,0,0,0,0,0,0,0,0,0,0,5,0,2,1,0
/Users/kaiohs/Downloads/codes/lab02-experimentacao-software/data/repos/apache__groovy/src/main/java/org/codehaus/groovy/runtime/DefaultGroovyMethods.java,org.codehaus.groovy.runtime.DefaultGroovyMethods$InjectAllIterator,innerclass,6,6,0,6,5,1,0,4,0,0.41666666,0.0,0.0,4,0,3,1,0,0,3,0,0,0,3,0,0,3,0,0,2,0,0,24,2,0,0,0,0,1,3,7,0,4,1,0,0,0,21,26,0
/Users/kaiohs/Downloads/codes/lab02-experimentacao-software/data/repos/apache__groovy/src/main/java/org/codehaus/groovy/vmplugin/VMPlugin.java,org.codehaus.groovy.vmplugin.VMPlugin,interface,7,18,11,7,21,1,0,12,153,0.0,0.0,0.0,18,1,0,0,0,18,18,0,0,0,0,0,0,0,0,0,0,0,6,48,5,0,0,3,0,5,0,5,0,5,2,0,0,0,173,1,0
/Users/kaiohs/Downloads/codes/lab02-experimentacao-software/data/repos/apache__groovy/src/main/java/org/codehaus/groovy/runtime/callsite/PerInstancePojoMetaClassSite.java,org.codehaus.groovy.runtime.callsite.PerInstancePojoMetaClassSite,class,6,7,1,6,5,2,0,5,0,0.0,0.0,0.0,2,0,2,0,0,0,2,0,0,0,1,0,0,1,0,0,1,0,3,20,2,0,1,1,0,0,0,1,0,1,2,0,0,0,21,1,0
/Users/kaiohs/Downloads/codes/lab02-experimentacao-software/data/repos/apache__groovy/src/main/java/org/codehaus/groovy/control/customizers/SecureASTCustomizer.java,org.codehaus.groovy.control.customizers.SecureASTCustomizer$SecuringCodeVisitor,innerclass,63,63,0,63,113,1,0,64,1711,0.0,0.0,0.0,59,0,54,1,4,0,58,0,0,0,0,0,0,0,0,0,0,0,0,366,1,5,18,1,0,40,0,19,20,19,3,0,0,0,161,4,0
/Users/kaiohs/Downloads/codes/lab02-experimentacao-software/data/repos/apache__groovy/src/main/java/org/codehaus/groovy/runtime/metaclass/DefaultMetaClassInfo.java,org.codehaus.groovy.runtime.metaclass.DefaultMetaClassInfo,class,2,5,3,2,34,1,0,10,192,0.86782604,0.0,0.0,25,25,24,1,0,0,24,0,0,0,23,23,0,23,0,0,1,0,9,162,12,0,8,0,0,0,0,66,0,23,1,0,1,0,77,1,0
/Users/kaiohs/Downloads/codes/lab02-experimentacao-software/data/repos/apache__groovy/src/main/java/org/codehaus/groovy/ast/decompiled/ClassStub.java,org.codehaus.groovy.ast.decompiled.AnnotatedTypeStub,interface,1,3,2,1,1,1,0,0,0,0.0,NaN,NaN,1,0,0,0,0,1,1,0,0,0,0,0,0,0,0,0,0,0,0,3,0,0,0,0,0,0,0,0,0,0,0,0,0,0,5,0,0
/Users/kaiohs/Downloads/codes/lab02-experimentacao-software/data/repos/apache__groovy/benchmark/bench/wordfreq.java,wordfreq$Anonymous1,anonymous,1,1,0,1,2,1,0,3,0,0.0,NaN,NaN,1,0,1,0,0,0,1,0,0,0,0,0,0,0,0,0,0,0,0,9,1,0,1,0,7,0,1,2,1,1,1,0,0,0,6,-1,0
/Users/kaiohs/Downloads/codes/lab02-experimentacao-software/data/repos/apache__groovy/src/main/java/org/codehaus/groovy/ast/decompiled/ClassStub.java,org.codehaus.groovy.ast.decompiled.TypeWrapper,class,0,3,3,0,1,1,0,0,0,0.0,NaN,NaN,1,0,1,0,0,0,1,0,0,0,1,0,0,0,0,1,1,0,0,6,0,0,0,0,0,0,0,1,0,1,0,0,0,0,3,0,0
/Users/kaiohs/Downloads/codes/lab02-experimentacao-software/data/repos/apache__groovy/src/main/java/org/codehaus/groovy/classgen/asm/AssertionWriter.java,org.codehaus.groovy.classgen.asm.AssertionWriter$AssertionTracker,innerclass,1,1,0,1,0,1,0,0,0,NaN,-1.0,-1.0,0,0,0,0,0,0,0,0,0,0,2,0,0,0,0,2,0,0,0,4,0,0,0,0,0,0,0,0,0,2,0,0,0,0,7,10,0
/Users/kaiohs/Downloads/codes/lab02-experimentacao-software/data/repos/apache__groovy/src/main/java/org/codehaus/groovy/classgen/ClassCompletionVerifier.java,org.codehaus.groovy.classgen.ClassCompletionVerifier,class,36,39,3,36,330,2,0,196,1363,0.93333334,0.0,0.0,55,8,14,40,1,0,15,0,0,0,5,1,0,5,0,0,3,0,117,730,27,42,27,1,45,246,13,103,56,84,7,0,0,1,341,1,0
/Users/kaiohs/Downloads/codes/lab02-experimentacao-software/data/repos/apache__groovy/src/main/java/groovy/util/ProxyGenerator.java,groovy.util.ProxyGenerator$CacheKey,innerclass,3,3,0,3,16,3,0,10,0,0.0952381,0.0,0.0,3,0,2,1,0,0,2,0,0,0,7,1,0,7,0,0,7,0,10,68,13,1,6,0,0,0,5,15,0,15,2,0,1,1,42,26,0
/Users/kaiohs/Downloads/codes/lab02-experimentacao-software/data/repos/apache__groovy/src/main/java/org/codehaus/groovy/runtime/callsite/MetaClassSite.java,org.codehaus.groovy.runtime.callsite.MetaClassSite,class,3,10,7,3,1,2,7,0,0,0.0,NaN,NaN,1,0,1,0,0,0,1,0,0,0,1,0,0,0,1,0,1,0,0,7,0,0,0,0,0,0,0,1,0,1,0,0,0,0,11,1025,0
/Users/kaiohs/Downloads/codes/lab02-experimentacao-software/data/repos/apache__groovy/subprojects/groovy-swing/src/main/java/org/apache/groovy/swing/binding/AbstractFullBinding.java,org.apache.groovy.swing.binding.AbstractFullBinding,class,5,33,28,5,24,1,7,8,63,0.8,0.0,0.0,14,0,12,2,0,0,12,0,0,0,5,0,0,0,5,0,0,0,0,69,7,0,6,0,9,1,0,10,0,8,2,0,0,0,30,1025,0
/Users/kaiohs/Downloads/codes/lab02-experimentacao-software/data/repos/apache__groovy/src/main/java/groovy/lang/AdaptingMetaClass.java,groovy.lang.AdaptingMetaClass,interface,1,4,3,1,2,1,0,0,1,0.0,0.0,0.0,2,0,0,0,0,2,2,0,0,0,0,0,0,0,0,0,0,0,0,4,0,0,0,0,0,0,0,0,0,0,0,0,0,0,28,1,0
/Users/kaiohs/Downloads/codes/lab02-experimentacao-software/data/repos/apache__groovy/subprojects/groovy-console/src/main/groovy/groovy/console/ui/text/MatchingHighlighter.java,groovy.console.ui.text.MatchingHighlighter,class,5,7,2,5,36,1,0,52,30,0.7380953,0.0,0.0,12,1,3,9,0,0,3,0,0,0,7,1,0,7,0,0,6,0,18,128,5,3,7,4,0,8,6,40,3,31,4,0,0,1,89,1,0
/Users/kaiohs/Downloads/codes/lab02-experimentacao-software/data/repos/apache__groovy/subprojects/groovy-swing/src/main/java/org/apache/groovy/swing/binding/EventTriggerBinding.java,org.apache.groovy.swing.binding.EventTriggerBinding$EventTriggerFullBinding$Anonymous1,anonymous,3,3,0,3,2,1,0,2,0,0.0,NaN,NaN,1,0,1,0,0,0,1,0,0,0,0,0,0,0,0,0,0,0,0,9,1,0,0,0,1,0,0,0,0,0,1,0,0,0,9,-1,0
/Users/kaiohs/Downloads/codes/lab02-experimentacao-software/data/repos/apache__groovy/subprojects/groovy-swing/src/main/java/org/apache/groovy/swing/binding/BindPath.java,org.apache.groovy.swing.binding.BindPath,class,7,10,3,7,38,1,0,28,0,0.6805556,0.0,0.0,8,0,6,1,0,1,7,0,0,3,9,2,0,0,0,9,2,0,0,145,5,4,15,6,5,9,2,27,2,20,3,0,0,0,131,1,0
/Users/kaiohs/Downloads/codes/lab02-experimentacao-software/data/repos/apache__groovy/src/test/groovy/groovy/lang/EmptyRangeTest.java,groovy.lang.EmptyRangeTest,class,5,5,0,5,49,2,0,39,0,0.36764705,0.0,0.0,34,0,33,0,1,0,34,0,0,0,2,1,0,2,0,0,1,0,0,225,0,0,0,15,0,63,29,16,2,14,1,0,0,0,103,1,0
/Users/kaiohs/Downloads/codes/lab02-experimentacao-software/data/repos/apache__groovy/src/test/groovy/gls/annotations/AnnotationsTestBase.java,gls.annotations.AnnotationsTestBase$MethodAnnotationScanner,innerclass,2,2,0,2,2,2,0,2,0,0.0,0.0,0.0,2,0,1,0,0,1,2,0,0,0,1,0,0,1,0,0,1,0,0,11,1,0,0,0,0,3,0,1,1,1,0,0,0,0,20,2,0
/Users/kaiohs/Downloads/codes/lab02-experimentacao-software/data/repos/apache__groovy/src/main/java/org/codehaus/groovy/classgen/asm/DelegatingController.java,org.codehaus.groovy.classgen.asm.DelegatingController,class,24,26,2,24,51,2,1,50,0,0.0,0.0,0.0,51,0,51,0,0,0,51,0,0,0,1,0,0,1,0,0,1,0,0,156,41,0,0,0,0,0,0,1,0,1,0,0,0,0,84,1,0
/Users/kaiohs/Downloads/codes/lab02-experimentacao-software/data/repos/apache__groovy/src/test/groovy/groovy/lang/IntegerNumberRangeTest.java,groovy.lang.IntegerNumberRangeTest,class,3,3,0,3,2,3,0,1,1,0.0,0.0,0.0,2,0,0,0,2,0,2,0,0,0,0,0,0,0,0,0,0,0,3,8,2,0,0,0,0,0,0,0,0,0,0,0,0,0,14,1,0
/Users/kaiohs/Downloads/codes/lab02-experimentacao-software/data/repos/apache__groovy/src/test/groovy/org/codehaus/groovy/classgen/asm/sc/Groovy6924Support.java,org.codehaus.groovy.classgen.asm.sc.Groovy6924Support,class,0,0,0,0,4,1,0,0,2,0.5,0.0,0.0,4,0,4,0,0,0,4,0,0,0,2,0,0,2,0,0,0,0,0,16,2,0,0,0,0,0,0,2,0,2,0,0,0,0,8,1,0
/Users/kaiohs/Downloads/codes/lab02-experimentacao-software/data/repos/apache__groovy/subprojects/groovy-json/src/main/java/groovy/json/StreamingJsonBuilder.java,groovy.json.StreamingJsonBuilder,class,7,8,1,7,36,3,0,26,0,0.609375,0.0,0.0,16,0,16,0,0,0,16,0,0,0,4,2,0,4,0,0,4,0,8,380,8,1,2,1,0,7,8,27,0,18,4,0,1,0,255,1,0
/Users/kaiohs/Downloads/codes/lab02-experimentacao-software/data/repos/apache__groovy/src/main/java/org/codehaus/groovy/vmplugin/v8/Selector.java,org.codehaus.groovy.vmplugin.v8.Selector$InitSelector,innerclass,9,9,0,9,27,3,0,23,16,0.6875,0.0,0.0,8,0,8,0,0,0,8,0,0,0,2,1,0,2,0,0,1,0,6,74,7,0,4,1,0,7,9,18,2,6,3,0,0,0,100,10,7
/Users/kaiohs/Downloads/codes/lab02-experimentacao-software/data/repos/apache__groovy/subprojects/groovy-groovydoc/src/test/groovy/org/codehaus/groovy/tools/groovydoc/testfiles/groovy_10593/a/StaticList.java,org.codehaus.groovy.tools.groovydoc.testfiles.groovy_10593.a.StaticList,interface,0,0,0,0,0,1,0,0,0,0.0,-1.0,-1.0,0,0,0,0,0,0,0,0,0,0,0,0,0,0,0,0,0,0,0,6,0,0,0,0,0,0,0,0,0,0,0,0,2,0,2,1,0
/Users/kaiohs/Downloads/codes/lab02-experimentacao-software/data/repos/apache__groovy/src/main/java/org/codehaus/groovy/runtime/dgmimpl/NumberNumberDiv.java,org.codehaus.groovy.runtime.dgmimpl.NumberNumberDiv$IntegerDouble,innerclass,5,5,0,5,4,7,0,2,1,0.0,0.0,0.0,2,0,2,0,0,0,2,0,1,0,0,0,0,0,0,0,0,0,0,15,2,0,0,1,0,0,1,0,1,0,2,0,0,0,19,10,0
/Users/kaiohs/Downloads/codes/lab02-experimentacao-software/data/repos/apache__groovy/src/main/java/org/codehaus/groovy/transform/stc/SharedVariableCollector.java,org.codehaus.groovy.transform.stc.SharedVariableCollector,class,3,4,1,3,6,2,0,4,2,0.5833333,0.0,0.0,4,0,3,0,1,0,4,0,0,0,3,0,0,3,0,0,2,0,1,22,3,0,0,0,0,0,0,3,0,3,1,0,0,0,29,1,0
/Users/kaiohs/Downloads/codes/lab02-experimentacao-software/data/repos/apache__groovy/src/main/java/org/codehaus/groovy/runtime/callsite/PogoMetaClassGetPropertySite.java,org.codehaus.groovy.runtime.callsite.PogoMetaClassGetPropertySite,class,6,8,2,6,9,2,0,5,0,0.0,0.0,0.0,4,0,4,0,0,0,4,0,3,0,1,0,0,1,0,0,1,0,1,23,5,0,2,1,4,0,0,1,0,1,1,0,0,0,20,1,0
/Users/kaiohs/Downloads/codes/lab02-experimentacao-software/data/repos/apache__groovy/subprojects/groovy-templates/src/main/groovy/groovy/text/markup/BaseTemplate.java,groovy.text.markup.BaseTemplate$TagData,innerclass,1,1,0,1,6,1,0,0,0,0.5,0.0,0.0,4,0,3,0,0,1,4,0,0,0,3,0,0,3,0,0,1,0,0,27,3,1,0,0,0,0,0,5,0,3,2,0,0,0,14,10,0
/Users/kaiohs/Downloads/codes/lab02-experimentacao-software/data/repos/apache__groovy/src/test/groovy/org/codehaus/groovy/runtime/typehandling/EqualityTestClassA.java,org.codehaus.groovy.runtime.typehandling.EqualityTestClassA,class,1,1,0,1,1,2,0,0,0,0.0,NaN,NaN,1,0,1,0,0,0,1,0,0,0,0,0,0,0,0,0,0,0,0,5,0,0,0,0,0,0,0,0,0,0,0,0,0,0,6,1,0
/Users/kaiohs/Downloads/codes/lab02-experimentacao-software/data/repos/apache__groovy/src/test/groovy/org/codehaus/groovy/classgen/asm/sc/bugs/support/Groovy6962Ext.java,org.codehaus.groovy.classgen.asm.sc.bugs.support.Groovy6962Ext,class,1,1,0,1,0,2,0,0,0,0.0,-1.0,-1.0,0,0,0,0,0,0,0,0,0,0,0,0,0,0,0,0,0,0,0,2,0,0,0,0,0,0,0,0,0,0,0,0,0,0,3,1,0
/Users/kaiohs/Downloads/codes/lab02-experimentacao-software/data/repos/apache__groovy/src/main/java/org/codehaus/groovy/classgen/asm/indy/sc/IndyStaticTypesMultiTypeDispatcher.java,org.codehaus.groovy.classgen.asm.indy.sc.IndyStaticTypesMultiTypeDispatcher$GenericArrayAccess,innerclass,2,2,0,2,2,2,0,1,0,0.0,NaN,NaN,2,0,1,1,0,0,1,0,0,0,1,0,0,1,0,0,1,0,0,10,0,0,0,0,0,0,0,2,0,2,0,0,0,0,10,10,0
/Users/kaiohs/Downloads/codes/lab02-experimentacao-software/data/repos/apache__groovy/src/test/groovy/org/codehaus/groovy/runtime/typehandling/EqualityTestClassB.java,org.codehaus.groovy.runtime.typehandling.EqualityTestClassB,class,1,1,0,1,1,2,0,0,0,0.0,NaN,NaN,1,0,1,0,0,0,1,0,0,0,0,0,0,0,0,0,0,0,0,5,0,0,0,0,0,0,0,0,0,0,0,0,0,0,6,1,0
/Users/kaiohs/Downloads/codes/lab02-experimentacao-software/data/repos/apache__groovy/subprojects/performance/src/test/java/org/apache/groovy/perf/CompilerPerformanceTest.java,org.apache.groovy.perf.CompilerPerformanceTest,class,2,2,0,2,9,1,0,22,0,0.0,NaN,NaN,1,1,1,0,0,0,1,0,0,0,3,3,0,3,0,0,3,0,3,50,0,3,1,0,2,9,7,15,8,13,3,0,0,0,48,1,0
/Users/kaiohs/Downloads/codes/lab02-experimentacao-software/data/repos/apache__groovy/src/main/java/org/codehaus/groovy/runtime/m12n/PropertiesModuleFactory.java,org.codehaus.groovy.runtime.m12n.PropertiesModuleFactory,class,1,2,1,1,1,1,1,0,0,1.0,NaN,NaN,1,0,1,0,0,0,1,1,0,0,2,2,2,0,0,0,2,0,0,5,0,0,0,0,0,2,0,2,0,2,0,0,0,0,32,1025,0
/Users/kaiohs/Downloads/codes/lab02-experimentacao-software/data/repos/apache__groovy/src/main/java/org/codehaus/groovy/ast/Parameter.java,org.codehaus.groovy.ast.Parameter,class,5,30,25,5,24,2,0,9,156,0.87619036,0.0,0.0,21,0,21,0,0,0,21,0,0,0,10,1,1,9,0,0,2,0,0,80,13,0,3,0,3,6,1,11,2,10,0,0,0,0,63,1,0
/Users/kaiohs/Downloads/codes/lab02-experimentacao-software/data/repos/apache__groovy/subprojects/groovy-templates/src/main/groovy/groovy/text/markup/TemplateConfiguration.java,groovy.text.markup.TemplateConfiguration,class,2,11,9,2,24,1,0,2,214,0.8787878,0.0,0.0,24,0,24,0,0,0,24,0,0,0,11,0,0,11,0,0,0,0,2,93,11,0,0,0,0,0,0,29,0,11,0,0,0,0,135,1,0
/Users/kaiohs/Downloads/codes/lab02-experimentacao-software/data/repos/apache__groovy/subprojects/groovy-contracts/src/main/java/org/apache/groovy/contracts/common/spi/Lifecycle.java,org.apache.groovy.contracts.common.spi.Lifecycle,interface,3,6,3,3,6,1,0,0,15,0.0,0.0,0.0,6,0,0,0,0,6,6,0,0,0,0,0,0,0,0,0,0,0,0,8,0,0,0,0,0,0,0,0,0,0,0,0,0,0,111,1,0
/Users/kaiohs/Downloads/codes/lab02-experimentacao-software/data/repos/apache__groovy/subprojects/groovy-groovydoc/src/main/java/org/codehaus/groovy/groovydoc/GroovyConstructorDoc.java,org.codehaus.groovy.groovydoc.GroovyConstructorDoc,interface,1,6,5,1,0,1,0,0,0,0.0,-1.0,-1.0,0,0,0,0,0,0,0,0,0,0,0,0,0,0,0,0,0,0,0,2,0,0,0,0,0,0,0,0,0,0,0,0,0,0,5,1,0
/Users/kaiohs/Downloads/codes/lab02-experimentacao-software/data/repos/apache__groovy/src/test/groovy/org/codehaus/groovy/control/CompilerConfigurationTest.java,org.codehaus.groovy.control.CompilerConfigurationTest,class,7,7,0,7,8,1,0,58,26,0.75,0.0,0.0,8,0,8,0,0,0,8,0,0,0,1,0,0,1,0,0,0,0,19,248,1,0,0,0,0,119,30,15,1,16,1,0,0,18,50,17,0
/Users/kaiohs/Downloads/codes/lab02-experimentacao-software/data/repos/apache__groovy/src/test/groovy/groovy/lang/ScriptIntegerDivideTest.java,groovy.lang.ScriptIntegerDivideTest,class,2,2,0,2,1,2,0,1,0,0.0,NaN,NaN,1,0,0,0,0,1,1,0,0,0,0,0,0,0,0,0,0,0,0,5,0,0,0,0,0,1,0,0,0,0,0,0,0,0,21,16,0
/Users/kaiohs/Downloads/codes/lab02-experimentacao-software/data/repos/apache__groovy/src/test/java/org/apache/groovy/util/concurrent/concurrentlinkedhashmap/LinkedDequeTest.java,org.apache.groovy.util.concurrent.concurrentlinkedhashmap.LinkedDequeTest$TestNode,innerclass,2,2,0,2,6,1,0,0,9,0.6666667,0.0,0.0,6,0,5,0,0,1,6,0,0,0,3,0,0,3,0,0,1,0,0,23,3,0,0,0,0,0,0,3,0,3,0,0,0,0,11,8,0
/Users/kaiohs/Downloads/codes/lab02-experimentacao-software/data/repos/apache__groovy/src/main/java/org/codehaus/groovy/runtime/metaclass/MetaClassRegistryImpl.java,org.codehaus.groovy.runtime.metaclass.MetaClassRegistryImpl$DefaultModuleListener,innerclass,8,8,0,8,6,1,0,12,0,0.0,0.0,0.0,2,0,2,0,0,0,2,0,0,0,1,0,0,1,0,0,1,0,0,30,1,1,0,0,0,3,1,5,1,6,2,0,0,1,28,2,0
/Users/kaiohs/Downloads/codes/lab02-experimentacao-software/data/repos/apache__groovy/src/main/java/org/codehaus/groovy/runtime/MethodRankHelper.java,org.codehaus.groovy.runtime.MethodRankHelper,class,11,15,4,11,86,1,0,58,70,0.875,0.0,0.0,13,13,5,7,1,0,6,0,0,0,8,8,8,0,0,0,8,0,26,333,26,22,20,0,2,25,96,86,32,63,4,0,5,2,245,1,0
/Users/kaiohs/Downloads/codes/lab02-experimentacao-software/data/repos/apache__groovy/src/main/java/groovy/lang/PropertyAccessInterceptor.java,groovy.lang.PropertyAccessInterceptor,interface,1,2,1,1,2,1,0,0,1,0.0,0.0,0.0,2,0,0,0,0,2,2,0,0,0,0,0,0,0,0,0,0,0,0,4,0,0,0,0,0,0,0,0,0,0,0,0,0,0,42,1,0
/Users/kaiohs/Downloads/codes/lab02-experimentacao-software/data/repos/apache__groovy/src/test/groovy/org/codehaus/groovy/classgen/ConstructorTest.java,org.codehaus.groovy.classgen.ConstructorTest,class,3,3,0,3,1,2,0,2,0,0.0,NaN,NaN,1,0,0,0,0,1,1,0,0,0,0,0,0,0,0,0,0,0,0,6,0,0,0,0,0,2,0,1,0,1,0,0,0,0,10,16,0
/Users/kaiohs/Downloads/codes/lab02-experimentacao-software/data/repos/apache__groovy/src/main/java/groovy/beans/VetoableASTTransformation.java,groovy.beans.VetoableASTTransformation,class,16,18,2,16,44,2,0,59,55,0.90909094,0.0,0.0,11,2,2,4,5,0,7,0,0,0,1,1,0,0,1,0,1,0,8,147,10,7,7,0,5,53,11,32,1,26,3,0,0,0,187,1,0
/Users/kaiohs/Downloads/codes/lab02-experimentacao-software/data/repos/apache__groovy/src/main/java/org/codehaus/groovy/util/ShortArrayIterator.java,org.codehaus.groovy.util.ShortArrayIterator,class,1,2,1,1,6,1,0,1,0,0.375,0.0,0.0,4,0,4,0,0,0,4,0,0,0,2,0,0,2,0,0,1,0,0,21,2,0,0,1,0,1,0,1,0,2,1,0,0,0,30,1,0
/Users/kaiohs/Downloads/codes/lab02-experimentacao-software/data/repos/apache__groovy/src/main/java/groovy/lang/Reference.java,groovy.lang.Reference,class,3,4,1,3,11,2,0,7,0,0.5714286,0.0,0.0,7,0,7,0,0,0,7,0,0,0,2,1,0,2,0,0,1,0,0,45,6,0,3,1,0,0,1,6,0,5,2,0,0,0,30,1,0
/Users/kaiohs/Downloads/codes/lab02-experimentacao-software/data/repos/apache__groovy/src/test/groovy/bugs/groovy8531/Reducer.java,bugs.groovy8531.Reducer$ProtectedStaticContext,innerclass,0,0,0,0,0,1,0,0,0,0.0,-1.0,-1.0,0,0,0,0,0,0,0,0,0,0,0,0,0,0,0,0,0,0,0,2,0,0,0,0,0,0,0,0,0,0,0,0,0,0,3,1036,0
/Users/kaiohs/Downloads/codes/lab02-experimentacao-software/data/repos/apache__groovy/src/main/java/org/codehaus/groovy/runtime/DefaultGroovyMethods.java,org.codehaus.groovy.runtime.DefaultGroovyMethods$TakeWhileIterator,innerclass,4,4,0,4,9,1,0,5,0,0.45000002,0.0,0.0,5,0,3,2,0,0,3,0,0,0,4,0,0,4,0,0,2,0,0,34,2,0,0,0,0,0,0,7,0,5,2,0,0,0,22,26,0
/Users/kaiohs/Downloads/codes/lab02-experimentacao-software/data/repos/apache__groovy/src/main/java/org/codehaus/groovy/runtime/dgmimpl/NumberNumberPlus.java,org.codehaus.groovy.runtime.dgmimpl.NumberNumberPlus$FloatDouble,innerclass,5,5,0,5,4,7,0,3,1,0.0,0.0,0.0,2,0,2,0,0,0,2,0,1,0,0,0,0,0,0,0,0,0,0,15,2,0,0,1,1,0,1,0,1,0,2,0,0,0,19,10,0
/Users/kaiohs/Downloads/codes/lab02-experimentacao-software/data/repos/apache__groovy/subprojects/groovy-groovysh/src/main/groovy/org/apache/groovy/groovysh/jline/SystemRegistryImpl.java,org.apache.groovy.groovysh.jline.SystemRegistryImpl$Pipe,enum,0,0,0,0,0,1,0,0,0,0.0,-1.0,-1.0,0,0,0,0,0,0,0,0,0,0,0,0,0,0,0,0,0,0,0,1,0,0,0,0,0,0,0,0,0,0,0,0,0,0,5,1,0
/Users/kaiohs/Downloads/codes/lab02-experimentacao-software/data/repos/apache__groovy/src/main/java/groovy/lang/IntRange.java,groovy.lang.IntRange$IntRangeIterator,innerclass,2,2,0,2,8,1,0,6,0,0.44444445,0.0,0.0,3,0,3,0,0,0,3,0,0,0,3,0,0,3,0,0,0,0,0,25,2,0,0,0,0,0,1,2,0,3,2,0,0,0,37,2,0
/Users/kaiohs/Downloads/codes/lab02-experimentacao-software/data/repos/apache__groovy/src/test/groovy/groovy/lang/TupleTest.java,groovy.lang.TupleTest,class,12,13,1,12,24,2,0,29,0,0.625,0.0,0.0,20,0,19,1,0,0,19,0,0,0,2,0,0,1,0,1,2,0,45,227,1,0,1,3,0,45,233,23,1,23,1,0,0,0,58,1,0
/Users/kaiohs/Downloads/codes/lab02-experimentacao-software/data/repos/apache__groovy/subprojects/groovy-ginq/src/main/groovy/org/apache/groovy/ginq/dsl/GinqAstVisitor.java,org.apache.groovy.ginq.dsl.GinqAstVisitor,interface,13,26,13,13,14,1,0,1,91,0.0,0.0,0.0,14,0,0,0,0,14,14,0,0,0,0,0,0,0,0,0,0,0,1,19,1,0,0,0,0,0,0,0,0,0,0,0,0,0,44,1,0
/Users/kaiohs/Downloads/codes/lab02-experimentacao-software/data/repos/apache__groovy/subprojects/groovy-swing/src/test/groovy/groovy/swing/StrangeBeanBeanInfo.java,groovy.swing.StrangeBeanBeanInfo,class,2,2,0,2,2,2,0,4,0,0.0,NaN,NaN,1,0,1,0,0,0,1,0,0,0,0,0,0,0,0,0,0,0,0,15,2,0,0,1,0,4,0,4,0,4,1,0,0,0,17,1,0
/Users/kaiohs/Downloads/codes/lab02-experimentacao-software/data/repos/apache__groovy/src/main/java/groovy/lang/IllegalPropertyAccessException.java,groovy.lang.IllegalPropertyAccessException,class,2,3,1,2,6,6,0,6,3,1.0,0.0,0.0,3,1,2,1,0,0,2,0,0,0,1,1,0,1,0,0,1,0,4,17,1,0,0,0,0,9,1,6,1,3,1,0,0,0,35,1,0
/Users/kaiohs/Downloads/codes/lab02-experimentacao-software/data/repos/apache__groovy/benchmark/bench/pidigits.java,Transformation,class,1,3,2,1,6,1,0,5,0,0.06666667,0.0,0.0,6,0,6,0,0,0,6,0,0,0,2,0,0,0,0,2,0,0,13,43,4,0,0,0,9,0,8,22,4,8,0,0,0,0,17,0,0
/Users/kaiohs/Downloads/codes/lab02-experimentacao-software/data/repos/apache__groovy/src/test/groovy/bugs/Groovy8008Bug.java,bugs.Groovy8008Bug$Inner$InnerInner,innerclass,2,2,0,2,1,1,0,0,0,0.0,-1.0,-1.0,1,0,0,1,0,0,0,0,0,0,0,0,0,0,0,0,0,0,0,4,0,0,0,0,0,0,0,0,0,0,0,0,0,0,3,2,0
/Users/kaiohs/Downloads/codes/lab02-experimentacao-software/data/repos/apache__groovy/subprojects/groovy-templates/src/main/groovy/groovy/text/markup/MarkupTemplateEngine.java,groovy.text.markup.MarkupTemplateEngine,class,16,19,3,16,24,4,0,15,182,0.95500004,0.0,0.0,20,1,19,1,0,0,19,0,0,0,10,5,0,8,0,2,10,0,4,221,15,0,1,1,0,6,0,11,0,11,1,1,5,0,94,1,0
/Users/kaiohs/Downloads/codes/lab02-experimentacao-software/data/repos/apache__groovy/subprojects/groovy-xml/src/main/java/groovy/xml/markupsupport/StandardControlToUndefined.java,groovy.xml.markupsupport.StandardControlToUndefined,class,1,3,2,1,8,1,1,3,1,0.0,NaN,NaN,2,0,1,1,0,0,1,0,0,0,0,0,0,0,0,0,0,0,2,11,3,0,4,0,0,1,5,0,0,0,1,0,0,0,10,1,0
/Users/kaiohs/Downloads/codes/lab02-experimentacao-software/data/repos/apache__groovy/subprojects/groovy-console/src/main/groovy/groovy/console/ui/text/GroovyFilter.java,groovy.console.ui.text.GroovyFilter,class,4,5,1,4,3,4,0,18,3,0.66666675,0.0,0.0,3,1,2,1,0,0,2,0,0,0,20,20,18,2,0,0,20,0,11,122,0,0,0,0,0,75,1,34,0,33,0,0,1,0,74,1,0
/Users/kaiohs/Downloads/codes/lab02-experimentacao-software/data/repos/apache__groovy/src/test/groovy/org/codehaus/groovy/runtime/InvokerTest.java,org.codehaus.groovy.runtime.InvokerTest$Anonymous2,anonymous,0,0,0,0,1,1,0,0,0,0.0,NaN,NaN,1,0,1,0,0,0,1,0,0,0,0,0,0,0,0,0,0,0,0,5,1,0,0,0,0,1,0,0,0,0,0,0,0,0,2,-1,0
/Users/kaiohs/Downloads/codes/lab02-experimentacao-software/data/repos/apache__groovy/src/main/java/org/codehaus/groovy/runtime/MethodClosure.java,org.codehaus.groovy.runtime.MethodClosure,class,6,12,6,6,23,2,0,22,41,0.90000004,0.0,0.0,10,1,5,4,1,0,6,0,0,0,6,4,3,3,0,0,4,0,6,90,8,2,1,0,3,2,6,19,1,13,3,0,0,0,80,1,0
/Users/kaiohs/Downloads/codes/lab02-experimentacao-software/data/repos/apache__groovy/src/test/groovy/org/codehaus/groovy/runtime/InvokerTest.java,org.codehaus.groovy.runtime.InvokerTest$Anonymous1,anonymous,0,0,0,0,1,1,0,0,0,0.0,NaN,NaN,1,0,1,0,0,0,1,0,0,0,0,0,0,0,0,0,0,0,0,5,1,0,0,0,0,1,0,0,0,0,0,0,0,0,2,-1,0
/Users/kaiohs/Downloads/codes/lab02-experimentacao-software/data/repos/apache__groovy/subprojects/groovy-swing/src/main/java/groovy/swing/model/DefaultTableModel.java,groovy.swing.model.DefaultTableModel$MyTableColumnModel,innerclass,2,2,0,2,5,2,0,6,6,0.0,0.0,0.0,4,0,4,0,0,0,4,0,0,0,0,0,0,0,0,0,0,0,0,18,1,1,0,0,1,1,2,1,1,1,1,0,0,0,16,12,0
/Users/kaiohs/Downloads/codes/lab02-experimentacao-software/data/repos/apache__groovy/src/main/java/org/codehaus/groovy/runtime/callsite/ClassMetaClassGetPropertySite.java,org.codehaus.groovy.runtime.callsite.ClassMetaClassGetPropertySite,class,6,8,2,6,6,2,0,6,0,0.25,0.0,0.0,3,0,3,0,0,0,3,0,2,0,4,0,0,3,0,1,4,0,1,25,3,0,2,1,0,0,0,4,0,4,1,0,0,0,23,0,0
/Users/kaiohs/Downloads/codes/lab02-experimentacao-software/data/repos/apache__groovy/subprojects/groovy-groovydoc/src/test/groovy/org/codehaus/groovy/tools/groovydoc/testfiles/groovy_10593/a/List.java,org.codehaus.groovy.tools.groovydoc.testfiles.groovy_10593.a.List,interface,0,2,2,0,0,1,0,0,0,0.0,-1.0,-1.0,0,0,0,0,0,0,0,0,0,0,0,0,0,0,0,0,0,0,0,2,0,0,0,0,0,0,0,0,0,0,0,0,0,0,1,1,0
/Users/kaiohs/Downloads/codes/lab02-experimentacao-software/data/repos/apache__groovy/src/main/java/org/codehaus/groovy/ast/tools/GenericsUtils.java,org.codehaus.groovy.ast.tools.GenericsUtils$Anonymous1,anonymous,2,2,0,2,1,1,0,3,0,0.0,NaN,NaN,1,0,1,0,0,0,1,0,0,0,0,0,0,0,0,0,0,0,0,5,0,0,0,0,0,0,0,0,0,0,0,0,0,0,11,-1,0
/Users/kaiohs/Downloads/codes/lab02-experimentacao-software/data/repos/apache__groovy/src/main/java/org/codehaus/groovy/classgen/asm/OptimizingStatementWriter.java,org.codehaus.groovy.classgen.asm.OptimizingStatementWriter$FastPathData,innerclass,1,1,0,1,0,1,0,0,0,NaN,-1.0,-1.0,0,0,0,0,0,0,0,0,0,0,2,0,0,2,0,0,0,0,0,4,0,0,0,0,0,0,0,2,0,2,0,0,0,0,7,10,0
/Users/kaiohs/Downloads/codes/lab02-experimentacao-software/data/repos/apache__groovy/subprojects/groovy-macro/src/main/groovy/org/codehaus/groovy/macro/matcher/ASTFinder.java,org.codehaus.groovy.macro.matcher.ASTFinder,class,63,64,1,63,64,3,0,64,1887,0.9677419,0.0,0.0,62,0,58,1,2,1,61,0,0,0,2,0,0,2,0,0,2,0,0,250,2,0,0,0,0,0,0,2,0,2,1,0,0,0,96,0,0
/Users/kaiohs/Downloads/codes/lab02-experimentacao-software/data/repos/apache__groovy/src/main/java/org/codehaus/groovy/ast/tools/GeneralUtils.java,org.codehaus.groovy.ast.tools.GeneralUtils,class,57,66,9,57,288,1,0,183,13348,0.99128914,0.0,0.0,164,164,162,2,0,0,162,0,0,0,14,14,14,0,0,0,14,0,166,822,179,28,28,0,22,18,48,100,4,86,5,1,0,2,361,1,0
/Users/kaiohs/Downloads/codes/lab02-experimentacao-software/data/repos/apache__groovy/src/test/groovy/bugs/groovy8531/Reducer.java,bugs.groovy8531.BaseReducer$PackagePrivateBaseContext,innerclass,0,0,0,0,0,1,0,0,0,0.0,-1.0,-1.0,0,0,0,0,0,0,0,0,0,0,0,0,0,0,0,0,0,0,0,2,0,0,0,0,0,0,0,0,0,0,0,0,0,0,4,1024,0
/Users/kaiohs/Downloads/codes/lab02-experimentacao-software/data/repos/apache__groovy/src/main/java/org/codehaus/groovy/classgen/BytecodeExpression.java,org.codehaus.groovy.classgen.BytecodeExpression,class,6,18,12,6,6,2,4,2,15,1.0,0.0,0.0,6,0,6,0,0,0,6,1,0,0,1,1,1,0,0,0,1,0,0,22,2,0,0,0,0,1,0,1,0,1,0,1,0,0,29,1025,0
/Users/kaiohs/Downloads/codes/lab02-experimentacao-software/data/repos/apache__groovy/src/main/java/groovy/lang/groovydoc/GroovydocTag.java,groovy.lang.groovydoc.GroovydocTag,class,2,5,3,2,10,1,0,3,0,0.3809524,0.0,0.0,7,0,7,0,0,0,7,0,0,0,3,0,0,3,0,0,0,0,4,31,8,0,3,0,0,0,0,4,0,4,1,0,0,0,25,1,0
/Users/kaiohs/Downloads/codes/lab02-experimentacao-software/data/repos/apache__groovy/src/main/java/org/codehaus/groovy/transform/BuilderASTTransformation.java,org.codehaus.groovy.transform.BuilderASTTransformation,class,22,25,3,22,22,2,0,32,2,0.8000001,0.0,0.0,5,0,3,2,0,0,3,0,0,0,7,6,3,4,0,0,6,0,3,211,11,1,3,1,1,12,5,21,4,19,4,0,2,0,92,1,0
/Users/kaiohs/Downloads/codes/lab02-experimentacao-software/data/repos/apache__groovy/src/main/java/org/codehaus/groovy/util/LazyReference.java,org.codehaus.groovy.util.LazyReference,class,5,6,1,5,13,1,0,6,1,0.6333333,0.0,0.0,6,0,5,1,0,0,5,1,0,0,5,3,0,5,0,0,4,0,0,49,8,0,6,1,0,1,1,13,0,10,2,2,0,0,42,1025,0
/Users/kaiohs/Downloads/codes/lab02-experimentacao-software/data/repos/apache__groovy/subprojects/groovy-macro/src/main/groovy/org/codehaus/groovy/macro/transform/MacroClass.java,org.codehaus.groovy.macro.transform.MacroClass,class,1,2,1,1,0,1,0,0,0,0.0,-1.0,-1.0,0,0,0,0,0,0,0,0,0,0,0,0,0,0,0,0,0,0,0,2,0,0,0,0,0,0,0,0,0,0,0,0,0,0,3,1025,0
/Users/kaiohs/Downloads/codes/lab02-experimentacao-software/data/repos/apache__groovy/src/main/java/org/codehaus/groovy/ast/decompiled/ClassStub.java,org.codehaus.groovy.ast.decompiled.RecordComponentStub,class,4,7,3,4,7,1,0,2,6,0.72,0.0,0.0,5,0,4,0,0,1,5,0,0,0,5,0,0,0,0,5,3,0,0,30,4,0,2,0,0,0,2,7,0,7,1,0,0,0,17,0,0
/Users/kaiohs/Downloads/codes/lab02-experimentacao-software/data/repos/apache__groovy/subprojects/groovy-contracts/src/main/java/org/apache/groovy/contracts/ast/ClosureExpressionEvaluationASTTransformation.java,org.apache.groovy.contracts.ast.ClosureExpressionEvaluationASTTransformation,class,16,17,1,16,15,2,0,31,6,0.0,NaN,NaN,4,1,1,3,0,0,1,0,0,0,0,0,0,0,0,0,0,0,3,47,1,3,2,0,0,0,0,10,0,9,5,0,0,0,70,1,0
/Users/kaiohs/Downloads/codes/lab02-experimentacao-software/data/repos/apache__groovy/src/main/java/groovy/util/ClosureComparator.java,groovy.util.ClosureComparator,class,2,3,1,2,2,1,0,2,0,0.5,0.0,0.0,2,0,2,0,0,0,2,0,0,0,2,1,0,1,0,1,1,0,0,11,1,0,0,0,0,0,1,3,0,3,0,0,0,0,24,1,0
/Users/kaiohs/Downloads/codes/lab02-experimentacao-software/data/repos/apache__groovy/benchmark/bench/spectralnorm.java,spectralnorm,class,2,3,1,2,15,1,0,9,15,0.8333333,NaN,NaN,6,1,1,5,0,0,1,0,5,0,1,1,0,1,0,0,1,0,2,44,2,8,0,0,3,1,22,24,12,15,2,0,0,0,20,1,0
/Users/kaiohs/Downloads/codes/lab02-experimentacao-software/data/repos/apache__groovy/src/test/groovy/org/codehaus/groovy/ast/ModuleNodeTest.java,org.codehaus.groovy.ast.ModuleNodeTest,class,3,3,0,3,3,1,0,18,3,0.0,0.0,0.0,3,0,3,0,0,0,3,0,0,0,0,0,0,0,0,0,0,0,0,21,0,0,0,0,0,12,5,4,1,4,0,0,0,0,34,17,0
/Users/kaiohs/Downloads/codes/lab02-experimentacao-software/data/repos/apache__groovy/src/main/java/org/codehaus/groovy/reflection/CacheAccessControlException.java,org.codehaus.groovy.reflection.CacheAccessControlException,class,1,1,0,1,1,2,0,0,0,1.0,NaN,NaN,1,0,1,0,0,0,1,0,0,0,1,1,0,1,0,0,1,0,0,6,0,0,0,0,0,0,1,1,0,1,0,0,0,0,15,1,0
/Users/kaiohs/Downloads/codes/lab02-experimentacao-software/data/repos/apache__groovy/src/main/java/groovy/util/logging/Commons.java,groovy.util.logging.Commons$CommonsLoggingStrategy,class,8,8,0,8,4,2,0,10,6,0.75,0.0,0.0,4,0,3,0,1,0,4,0,0,0,2,2,0,2,0,0,2,0,0,18,3,0,0,0,0,6,3,3,1,3,0,0,0,0,47,0,0
/Users/kaiohs/Downloads/codes/lab02-experimentacao-software/data/repos/apache__groovy/src/test/groovy/bugs/Groovy3799Helper.java,bugs.ConcreteFoo3799,class,1,1,0,1,0,2,0,0,0,0.0,-1.0,-1.0,0,0,0,0,0,0,0,0,0,0,0,0,0,0,0,0,0,0,0,2,0,0,0,0,0,0,0,0,0,0,0,0,0,0,3,0,0
/Users/kaiohs/Downloads/codes/lab02-experimentacao-software/data/repos/apache__groovy/src/main/java/org/codehaus/groovy/runtime/GeneratedLambda.java,org.codehaus.groovy.runtime.GeneratedLambda,interface,1,1,0,1,0,1,0,0,0,0.0,-1.0,-1.0,0,0,0,0,0,0,0,0,0,0,0,0,0,0,0,0,0,0,0,2,0,0,0,0,0,0,0,0,0,0,0,0,0,0,14,1,0
/Users/kaiohs/Downloads/codes/lab02-experimentacao-software/data/repos/apache__groovy/src/main/java/org/codehaus/groovy/runtime/metaclass/MethodMetaProperty.java,org.codehaus.groovy.runtime.metaclass.MethodMetaProperty$GetMethodMetaProperty,innerclass,2,2,0,2,2,3,0,2,1,0.0,0.0,0.0,2,0,2,0,0,0,2,0,0,0,0,0,0,0,0,0,0,0,0,8,1,0,0,0,0,0,0,0,0,0,0,0,0,0,23,9,0
/Users/kaiohs/Downloads/codes/lab02-experimentacao-software/data/repos/apache__groovy/src/main/java/org/codehaus/groovy/ast/decompiled/LazyConstructorNode.java,org.codehaus.groovy.ast.decompiled.LazyConstructorNode,class,16,17,1,16,76,4,0,69,0,0.6666667,0.0,0.0,75,0,75,0,0,0,75,0,0,0,3,0,0,3,0,0,1,0,0,302,47,0,1,0,0,0,0,4,0,4,1,0,0,0,116,0,0
/Users/kaiohs/Downloads/codes/lab02-experimentacao-software/data/repos/apache__groovy/subprojects/groovy-yaml/src/main/java/org/apache/groovy/yaml/util/YamlConverter.java,org.apache.groovy.yaml.util.YamlConverter,class,5,7,2,5,6,1,0,7,3,0.0,0.0,0.0,3,2,2,1,0,0,2,0,0,0,0,0,0,0,0,0,0,0,0,23,2,0,1,2,0,0,2,5,0,5,1,0,0,0,33,17,0
/Users/kaiohs/Downloads/codes/lab02-experimentacao-software/data/repos/apache__groovy/subprojects/groovy-swing/src/main/java/org/apache/groovy/swing/binding/BindingProxy.java,org.apache.groovy.swing.binding.BindingProxy$ModelBindingPropertyBinding,innerclass,4,4,0,4,2,2,0,2,1,0.0,0.0,0.0,2,0,1,0,0,1,2,0,0,0,0,0,0,0,0,0,0,0,0,10,1,0,0,0,0,0,0,1,0,1,0,0,0,0,12,0,0
/Users/kaiohs/Downloads/codes/lab02-experimentacao-software/data/repos/apache__groovy/src/main/java/org/codehaus/groovy/transform/AbstractInterruptibleASTTransformation.java,org.codehaus.groovy.transform.AbstractInterruptibleASTTransformation,class,24,25,1,24,38,2,0,38,99,0.9037037,0.0,0.0,15,3,4,1,10,0,14,3,4,0,9,4,0,2,7,0,4,0,12,131,7,2,5,2,3,19,5,18,7,18,4,0,0,0,151,1025,0
/Users/kaiohs/Downloads/codes/lab02-experimentacao-software/data/repos/apache__groovy/src/main/java/groovy/util/ObservableSet.java,groovy.util.ObservableSet$MultiElementAddedEvent,innerclass,1,1,0,1,3,3,0,2,0,0.5,0.0,0.0,2,0,2,0,0,0,2,0,0,0,2,1,0,2,0,0,1,0,1,13,1,0,1,0,0,0,1,2,0,2,1,0,0,0,18,9,0
/Users/kaiohs/Downloads/codes/lab02-experimentacao-software/data/repos/apache__groovy/src/main/java/org/codehaus/groovy/classgen/asm/sc/StaticTypesClosureWriter.java,org.codehaus.groovy.classgen.asm.sc.StaticTypesClosureWriter,class,14,17,3,14,11,3,0,27,10,0.0,0.0,0.0,5,3,1,3,1,0,2,0,0,0,0,0,0,0,0,0,0,0,6,66,2,1,2,0,0,7,5,13,1,11,1,0,1,0,60,1,0
/Users/kaiohs/Downloads/codes/lab02-experimentacao-software/data/repos/apache__groovy/subprojects/groovy-console/src/main/groovy/groovy/console/ui/ConsoleTextEditor.java,groovy.console.ui.ConsoleTextEditor$Anonymous2,anonymous,0,0,0,0,3,1,0,0,3,0.0,0.0,0.0,3,0,3,0,0,0,3,0,0,0,0,0,0,0,0,0,0,0,0,11,0,0,0,0,0,0,0,3,0,0,0,0,0,0,12,-1,0
/Users/kaiohs/Downloads/codes/lab02-experimentacao-software/data/repos/apache__groovy/subprojects/groovy-console/src/main/groovy/groovy/console/ui/ConsoleTextEditor.java,groovy.console.ui.ConsoleTextEditor$Anonymous1,anonymous,0,0,0,0,2,1,0,2,0,0.0,NaN,NaN,1,0,1,0,0,0,1,0,0,0,0,0,0,0,0,0,0,0,0,9,0,0,0,0,0,0,0,1,0,0,1,0,0,0,10,-1,0
/Users/kaiohs/Downloads/codes/lab02-experimentacao-software/data/repos/apache__groovy/subprojects/groovy-macro/src/main/groovy/org/codehaus/groovy/macro/methods/MacroGroovyMethods.java,org.codehaus.groovy.macro.methods.MacroGroovyMethods,class,23,26,3,23,22,1,0,26,55,1.0,0.0,0.0,11,11,9,0,2,0,11,0,0,0,1,1,1,0,0,0,1,0,6,113,13,0,5,1,2,13,4,10,7,10,1,1,1,0,84,1,0
/Users/kaiohs/Downloads/codes/lab02-experimentacao-software/data/repos/apache__groovy/src/main/java/org/codehaus/groovy/vmplugin/v7/IndyInterface.java,org.codehaus.groovy.vmplugin.v7.IndyInterface$CallType,enum,1,1,0,1,3,1,0,6,1,0.5,0.0,0.0,3,1,2,0,0,1,3,0,0,0,2,1,0,2,0,0,2,0,4,17,2,0,0,0,0,5,0,2,0,2,0,0,0,0,43,1,0
/Users/kaiohs/Downloads/codes/lab02-experimentacao-software/data/repos/apache__groovy/src/main/java/org/codehaus/groovy/runtime/memoize/ProtectionStorage.java,org.codehaus.groovy.runtime.memoize.ProtectionStorage,interface,2,6,4,2,1,1,0,0,0,0.0,NaN,NaN,1,0,0,0,0,1,1,0,0,0,0,0,0,0,0,0,0,0,0,3,0,0,0,0,0,0,0,0,0,0,0,0,0,0,30,0,0
/Users/kaiohs/Downloads/codes/lab02-experimentacao-software/data/repos/apache__groovy/subprojects/groovy-ant/src/main/java/org/codehaus/groovy/ant/Groovyc.java,org.codehaus.groovy.ant.Groovyc,class,26,27,1,26,219,2,0,153,3186,0.95851403,0.0,0.0,85,1,63,13,9,0,72,0,0,0,38,2,0,34,4,0,4,0,19,734,42,16,34,10,5,114,19,116,30,87,5,0,0,3,520,1,7
/Users/kaiohs/Downloads/codes/lab02-experimentacao-software/data/repos/apache__groovy/src/main/java/org/codehaus/groovy/runtime/dgmimpl/arrays/ByteArrayGetAtMetaMethod.java,org.codehaus.groovy.runtime.dgmimpl.arrays.ByteArrayGetAtMetaMethod,class,9,10,1,9,5,10,0,3,6,0.75,0.0,0.0,4,0,4,0,0,0,4,0,1,0,1,1,0,1,0,0,1,0,2,28,5,0,0,0,1,0,2,2,0,2,1,0,1,0,31,1,0
/Users/kaiohs/Downloads/codes/lab02-experimentacao-software/data/repos/apache__groovy/src/main/java/org/codehaus/groovy/ast/NodeMetaDataHandler.java,org.codehaus.groovy.ast.NodeMetaDataHandler,interface,4,8,4,4,23,1,0,11,45,0.0,0.0,0.0,10,0,0,0,0,10,10,0,0,0,0,0,0,0,0,0,0,0,2,67,11,0,13,0,0,10,0,11,4,8,2,0,0,0,64,1,0
/Users/kaiohs/Downloads/codes/lab02-experimentacao-software/data/repos/apache__groovy/benchmark/bench/revcomp.java,revcomp,class,2,3,1,2,12,1,0,6,1,0.5,0.0,0.0,2,2,1,0,0,1,3,0,0,0,1,1,0,0,0,1,1,0,1,29,0,5,4,0,0,2,7,13,1,8,2,0,0,0,17,17,0
/Users/kaiohs/Downloads/codes/lab02-experimentacao-software/data/repos/apache__groovy/src/main/java/org/codehaus/groovy/runtime/IteratorClosureAdapter.java,org.codehaus.groovy.runtime.IteratorClosureAdapter,class,4,6,2,4,5,2,0,3,6,0.73333335,0.0,0.0,5,0,4,0,1,0,5,0,0,0,3,1,0,3,0,0,2,0,1,21,3,0,0,0,0,0,1,4,0,3,0,0,0,0,41,1,0
/Users/kaiohs/Downloads/codes/lab02-experimentacao-software/data/repos/apache__groovy/benchmark/bench/threadring.java,threadring$CooperativeThread,innerclass,0,0,0,0,1,1,0,0,0,0.0,NaN,NaN,1,0,1,0,0,0,1,1,0,0,0,0,0,0,0,0,0,0,0,3,0,0,0,0,0,0,0,0,0,0,0,0,0,0,4,1032,0
/Users/kaiohs/Downloads/codes/lab02-experimentacao-software/data/repos/apache__groovy/src/main/java/groovy/transform/stc/ThirdParam.java,groovy.transform.stc.ThirdParam$Component,innerclass,6,6,0,6,1,5,0,2,0,0.0,NaN,NaN,1,0,1,0,0,0,1,0,0,0,0,0,0,0,0,0,0,0,0,7,1,0,0,0,0,0,2,2,0,1,0,0,0,0,44,9,0
/Users/kaiohs/Downloads/codes/lab02-experimentacao-software/data/repos/apache__groovy/src/main/java/org/codehaus/groovy/control/customizers/builder/ImportCustomizerFactory.java,org.codehaus.groovy.control.customizers.builder.ImportCustomizerFactory$ImportHelper,innerclass,1,1,0,1,12,1,0,7,0,0.0,0.0,0.0,10,0,0,1,9,0,9,0,0,0,1,0,0,1,0,0,1,0,0,37,0,2,0,0,0,0,0,1,0,1,1,0,0,0,20,26,0
/Users/kaiohs/Downloads/codes/lab02-experimentacao-software/data/repos/apache__groovy/src/main/java/org/codehaus/groovy/transform/sc/transformers/CastExpressionOptimizer.java,org.codehaus.groovy.transform.sc.transformers.CastExpressionOptimizer,class,11,13,2,11,15,1,0,20,1,0.33333334,0.0,0.0,3,1,2,1,0,0,2,0,0,0,1,0,0,1,0,0,1,0,4,47,7,0,2,0,1,0,2,9,0,9,4,0,0,0,28,1,0
/Users/kaiohs/Downloads/codes/lab02-experimentacao-software/data/repos/apache__groovy/subprojects/groovy-sql/src/main/java/groovy/sql/GroovyRowResult.java,groovy.sql.GroovyRowResult,class,3,6,3,3,34,2,0,26,0,0.15789473,0.0,0.0,19,0,18,1,0,0,18,0,0,0,1,0,0,1,0,0,1,0,1,95,20,3,4,2,4,0,2,9,0,7,3,0,0,0,122,1,0
/Users/kaiohs/Downloads/codes/lab02-experimentacao-software/data/repos/apache__groovy/subprojects/groovy-servlet/src/main/java/groovy/servlet/GroovyServlet.java,groovy.servlet.GroovyServlet,class,10,11,1,10,8,3,0,19,1,0.5,0.0,0.0,3,0,2,0,1,0,3,0,0,0,2,1,0,2,0,0,1,0,1,63,3,0,1,1,0,11,4,7,2,7,3,1,0,0,140,1,0
/Users/kaiohs/Downloads/codes/lab02-experimentacao-software/data/repos/apache__groovy/subprojects/groovy-jmx/src/main/java/groovy/jmx/GroovyMBean.java,groovy.jmx.GroovyMBean,class,3,5,2,3,62,2,0,34,108,0.7166667,0.0,0.0,24,0,18,2,4,0,22,0,0,0,5,0,0,5,0,0,4,0,0,248,21,12,3,10,0,41,3,37,12,35,3,0,0,0,139,1,0
/Users/kaiohs/Downloads/codes/lab02-experimentacao-software/data/repos/apache__groovy/src/main/java/org/codehaus/groovy/transform/stc/StaticTypeCheckingVisitor.java,org.codehaus.groovy.transform.stc.StaticTypeCheckingVisitor$SetterInfo,innerclass,2,2,0,2,1,1,0,0,0,0.0,-1.0,-1.0,1,0,0,1,0,0,0,0,0,0,3,0,0,0,0,3,3,0,0,10,0,0,0,0,0,0,0,3,0,3,0,0,0,0,8,10,0
/Users/kaiohs/Downloads/codes/lab02-experimentacao-software/data/repos/apache__groovy/src/main/java/groovy/util/ObservableMap.java,groovy.util.ObservableMap,class,8,9,1,8,58,12,0,39,256,0.8468468,0.0,0.0,37,0,27,0,10,0,37,0,0,0,6,3,3,3,0,0,6,0,5,282,19,1,10,0,0,3,3,30,0,22,5,0,7,0,152,1,0
/Users/kaiohs/Downloads/codes/lab02-experimentacao-software/data/repos/apache__groovy/subprojects/groovy-groovydoc/src/main/java/org/codehaus/groovy/tools/groovydoc/SimpleGroovyTag.java,org.codehaus.groovy.tools.groovydoc.SimpleGroovyTag,class,1,2,1,1,4,1,0,0,0,0.5,0.0,0.0,4,0,4,0,0,0,4,0,0,0,3,0,0,3,0,0,3,0,0,19,3,0,0,0,0,0,0,3,0,3,0,0,0,0,10,1,0
/Users/kaiohs/Downloads/codes/lab02-experimentacao-software/data/repos/apache__groovy/src/main/java/org/codehaus/groovy/runtime/dgmimpl/NumberNumberPlus.java,org.codehaus.groovy.runtime.dgmimpl.NumberNumberPlus$LongDouble,innerclass,5,5,0,5,4,7,0,3,1,0.0,0.0,0.0,2,0,2,0,0,0,2,0,1,0,0,0,0,0,0,0,0,0,0,15,2,0,0,1,1,0,1,0,1,0,2,0,0,0,19,10,0
/Users/kaiohs/Downloads/codes/lab02-experimentacao-software/data/repos/apache__groovy/subprojects/groovy-jsr223/src/test/java/org/codehaus/groovy/jsr223/JSR223SecurityTest.java,org.codehaus.groovy.jsr223.GroovySecurityManager,class,4,7,3,4,12,1,0,9,19,0.78571427,0.0,0.0,7,1,4,3,0,0,4,0,0,1,2,1,0,2,0,0,0,0,0,38,3,1,2,1,0,2,0,4,0,4,2,0,0,0,37,0,0
/Users/kaiohs/Downloads/codes/lab02-experimentacao-software/data/repos/apache__groovy/subprojects/groovy-xml/src/main/java/groovy/xml/slurpersupport/NoChildren.java,groovy.xml.slurpersupport.NoChildren$Anonymous1,anonymous,0,0,0,0,3,1,0,0,3,0.0,0.0,0.0,3,0,3,0,0,0,3,0,0,0,0,0,0,0,0,0,0,0,0,11,2,0,0,0,0,0,0,0,0,0,0,0,0,0,10,-1,0
/Users/kaiohs/Downloads/codes/lab02-experimentacao-software/data/repos/apache__groovy/src/main/java/org/codehaus/groovy/ast/stmt/DoWhileStatement.java,org.codehaus.groovy.ast.stmt.DoWhileStatement,class,4,8,4,4,6,3,0,1,3,0.5,0.0,0.0,6,0,6,0,0,0,6,0,0,0,2,0,0,2,0,0,0,0,0,23,2,0,0,0,0,0,0,4,0,2,0,0,0,0,21,1,0
/Users/kaiohs/Downloads/codes/lab02-experimentacao-software/data/repos/apache__groovy/src/main/java/org/codehaus/groovy/transform/AutoFinalASTTransformation.java,org.codehaus.groovy.transform.AutoFinalASTTransformation,class,16,18,2,16,33,2,0,37,24,0.8148148,NaN,NaN,9,1,1,8,0,0,1,0,0,0,3,2,0,3,0,0,2,0,4,108,11,4,1,0,0,5,2,6,1,7,2,1,0,1,67,1,0
/Users/kaiohs/Downloads/codes/lab02-experimentacao-software/data/repos/apache__groovy/src/main/java/org/codehaus/groovy/ast/expr/SpreadMapExpression.java,org.codehaus.groovy.ast.expr.SpreadMapExpression,class,5,8,3,5,6,3,0,7,13,0.6666667,0.0,0.0,6,0,6,0,0,0,6,0,0,0,1,0,0,1,0,0,1,0,0,24,4,0,0,0,0,1,0,2,1,2,0,0,0,0,28,1,0
/Users/kaiohs/Downloads/codes/lab02-experimentacao-software/data/repos/apache__groovy/subprojects/groovy-contracts/src/main/java/org/apache/groovy/contracts/generation/Configurator.java,org.apache.groovy.contracts.generation.Configurator,class,1,3,2,1,19,1,0,15,1,0.71428573,0.0,0.0,3,3,1,2,0,0,2,0,0,0,7,7,6,1,0,0,6,0,3,54,7,2,1,0,0,4,4,15,4,14,2,0,0,0,75,17,0
/Users/kaiohs/Downloads/codes/lab02-experimentacao-software/data/repos/apache__groovy/benchmark/bench/methcall.java,methcall,class,2,2,0,2,5,1,0,5,0,0.0,NaN,NaN,1,1,1,0,0,0,1,0,0,0,0,0,0,0,0,0,0,0,1,17,0,2,0,0,2,4,4,9,0,6,1,0,0,0,13,1,0
/Users/kaiohs/Downloads/codes/lab02-experimentacao-software/data/repos/apache__groovy/src/test/groovy/org/codehaus/groovy/runtime/MethodRankHelperTest.java,org.codehaus.groovy.runtime.MethodRankHelperTest,class,4,5,1,4,9,2,0,10,15,0.0,0.0,0.0,6,0,5,1,0,0,5,0,0,0,0,0,0,0,0,0,0,0,1,92,1,1,0,0,6,103,93,3,22,2,1,0,1,0,31,1,0
/Users/kaiohs/Downloads/codes/lab02-experimentacao-software/data/repos/apache__groovy/src/main/java/org/codehaus/groovy/runtime/metaclass/ClosureMetaClass.java,org.codehaus.groovy.runtime.metaclass.ClosureMetaClass$StandardClosureChooser,innerclass,2,2,0,2,4,1,0,0,0,0.0,0.0,0.0,2,0,1,0,0,1,2,0,0,0,2,0,0,2,0,0,2,0,0,13,3,0,2,0,0,0,2,2,0,2,1,0,0,0,14,10,0
/Users/kaiohs/Downloads/codes/lab02-experimentacao-software/data/repos/apache__groovy/src/test/groovy/org/codehaus/groovy/runtime/StaticInitTest.java,org.codehaus.groovy.runtime.StaticInitTest,class,2,2,0,2,1,2,0,4,0,0.0,NaN,NaN,1,0,1,0,0,0,1,0,0,0,1,1,0,0,0,1,0,0,0,9,0,0,0,0,0,2,0,1,0,2,0,0,0,0,18,1,0
/Users/kaiohs/Downloads/codes/lab02-experimentacao-software/data/repos/apache__groovy/src/test/groovy/bugs/Groovy4415BugSupport.java,bugs.Groovy4415BugSupport,interface,1,1,0,1,1,1,0,0,0,0.0,NaN,NaN,1,0,0,0,0,1,1,0,0,0,0,0,0,0,0,0,0,0,0,3,0,0,0,0,0,0,0,0,0,0,0,0,0,0,3,1,0
/Users/kaiohs/Downloads/codes/lab02-experimentacao-software/data/repos/apache__groovy/src/main/java/groovy/transform/stc/ThirdParam.java,groovy.transform.stc.ThirdParam,class,2,4,2,2,1,17,2,0,0,0.0,NaN,NaN,1,0,1,0,0,0,1,0,0,0,0,0,0,0,0,0,0,0,0,27,0,0,0,0,0,0,2,0,0,0,0,0,4,0,44,1,0
/Users/kaiohs/Downloads/codes/lab02-experimentacao-software/data/repos/apache__groovy/subprojects/performance/src/jmh/groovy/org/apache/groovy/bench/AryBench.java,org.apache.groovy.bench.AryBench,class,9,9,0,9,3,1,0,3,0,0.0,0.0,0.0,3,0,3,0,0,0,3,0,0,0,1,0,0,1,0,0,0,0,1,21,3,0,0,0,0,4,5,0,0,1,0,0,1,0,8,1,0
/Users/kaiohs/Downloads/codes/lab02-experimentacao-software/data/repos/apache__groovy/src/test/groovy/bugs/groovy8531/Reducer.java,bugs.groovy8531.BaseReducer$PublicStaticBaseContext,innerclass,0,0,0,0,0,1,0,0,0,0.0,-1.0,-1.0,0,0,0,0,0,0,0,0,0,0,0,0,0,0,0,0,0,0,0,2,0,0,0,0,0,0,0,0,0,0,0,0,0,0,4,1033,0
/Users/kaiohs/Downloads/codes/lab02-experimentacao-software/data/repos/apache__groovy/src/main/java/org/codehaus/groovy/runtime/callsite/ConstructorSite.java,org.codehaus.groovy.runtime.callsite.ConstructorSite$NoParamSiteInnerClass,innerclass,7,7,0,7,4,5,0,5,1,0.0,0.0,0.0,2,0,2,0,0,0,2,0,1,0,0,0,0,0,0,0,0,0,2,19,2,0,0,1,1,0,2,2,0,2,2,0,0,0,27,9,0
/Users/kaiohs/Downloads/codes/lab02-experimentacao-software/data/repos/apache__groovy/src/main/java/org/codehaus/groovy/ast/expr/DeclarationExpression.java,org.codehaus.groovy.ast.expr.DeclarationExpression,class,11,19,8,11,24,4,0,35,66,0.0,0.0,0.0,12,1,11,1,0,0,11,0,0,0,0,0,0,0,0,0,0,0,2,86,6,1,0,0,1,6,1,6,2,6,4,0,0,0,149,1,0
/Users/kaiohs/Downloads/codes/lab02-experimentacao-software/data/repos/apache__groovy/src/main/java/org/codehaus/groovy/ast/decompiled/ClassSignatureParser.java,org.codehaus.groovy.ast.decompiled.ClassSignatureParser$Anonymous2,anonymous,4,4,0,4,2,1,0,1,1,0.0,0.0,0.0,2,0,2,0,0,0,2,0,0,0,0,0,0,0,0,0,0,0,0,20,2,0,0,0,0,0,0,0,0,0,0,2,0,0,10,-1,0
/Users/kaiohs/Downloads/codes/lab02-experimentacao-software/data/repos/apache__groovy/subprojects/groovy-macro/src/main/groovy/org/codehaus/groovy/macro/transform/MacroCallTransformingVisitor.java,org.codehaus.groovy.macro.transform.MacroCallTransformingVisitor,class,16,18,2,16,13,2,0,29,2,0.725,0.0,0.0,5,0,2,2,1,0,3,0,0,0,8,5,0,8,0,0,8,0,3,69,6,2,2,0,2,3,5,19,2,16,2,0,0,0,103,0,0
/Users/kaiohs/Downloads/codes/lab02-experimentacao-software/data/repos/apache__groovy/src/main/java/org/codehaus/groovy/ast/decompiled/ClassSignatureParser.java,org.codehaus.groovy.ast.decompiled.ClassSignatureParser$Anonymous1,anonymous,2,2,0,2,1,1,0,1,0,0.0,NaN,NaN,1,0,0,0,0,1,1,0,0,0,0,0,0,0,0,0,0,0,1,5,0,0,0,0,0,0,2,1,0,0,0,0,0,0,6,-1,0
/Users/kaiohs/Downloads/codes/lab02-experimentacao-software/data/repos/apache__groovy/src/main/java/org/codehaus/groovy/ast/ImportNode.java,org.codehaus.groovy.ast.ImportNode,class,4,9,5,4,35,2,0,15,0,0.5714286,0.0,0.0,16,0,16,0,0,0,16,0,0,0,7,0,0,7,0,0,5,0,11,110,21,0,7,0,3,12,2,30,6,10,2,0,0,0,53,1,0
/Users/kaiohs/Downloads/codes/lab02-experimentacao-software/data/repos/apache__groovy/src/test/groovy/groovy/mock/interceptor/IteratorCounter.java,groovy.mock.interceptor.IteratorCounter,class,0,0,0,0,2,1,0,1,0,0.0,NaN,NaN,1,0,1,0,0,0,1,0,0,0,0,0,0,0,0,0,0,0,0,7,1,1,0,0,0,0,1,1,0,1,1,0,0,0,4,1,0
/Users/kaiohs/Downloads/codes/lab02-experimentacao-software/data/repos/apache__groovy/subprojects/groovy-groovysh/src/main/groovy/org/apache/groovy/groovysh/jline/GroovyEngine.java,org.apache.groovy.groovysh.jline.GroovyEngine$Brackets,innerclass,2,2,0,2,59,1,0,16,65,0.8500001,0.0,0.0,15,1,15,0,0,0,15,0,0,0,16,2,0,0,0,16,1,0,2,172,15,4,24,0,1,12,39,39,2,28,4,0,0,0,45,10,0
/Users/kaiohs/Downloads/codes/lab02-experimentacao-software/data/repos/apache__groovy/src/main/java/org/codehaus/groovy/transform/stc/StaticTypeCheckingSupport.java,org.codehaus.groovy.transform.stc.StaticTypeCheckingSupport$DoubleArrayStaticTypesHelper,innerclass,1,1,0,1,4,1,0,2,3,0.0,0.0,0.0,3,3,3,0,0,0,3,0,0,0,0,0,0,0,0,0,0,0,0,11,2,0,1,0,0,1,0,0,0,0,0,0,0,0,13,9,0
/Users/kaiohs/Downloads/codes/lab02-experimentacao-software/data/repos/apache__groovy/src/main/java/org/codehaus/groovy/util/ListBufferedIterator.java,org.codehaus.groovy.util.ListBufferedIterator,class,2,3,1,2,6,1,0,7,0,0.3,0.0,0.0,5,0,5,0,0,0,5,0,0,0,2,0,0,2,0,0,2,0,0,26,3,0,0,0,0,0,0,3,0,3,1,0,0,0,32,1,0
/Users/kaiohs/Downloads/codes/lab02-experimentacao-software/data/repos/apache__groovy/subprojects/groovy-contracts/src/main/java/org/apache/groovy/contracts/util/LifecycleImplementationLoader.java,org.apache.groovy.contracts.util.LifecycleImplementationLoader$LazyIterator,innerclass,2,2,0,2,14,1,0,16,0,0.5,0.0,0.0,4,0,3,1,0,0,3,0,0,0,5,0,0,0,0,5,0,0,5,56,4,1,4,2,1,5,0,13,3,8,3,0,0,0,45,18,0
/Users/kaiohs/Downloads/codes/lab02-experimentacao-software/data/repos/apache__groovy/src/main/java/org/codehaus/groovy/runtime/callsite/CallSiteClassLoader.java,org.codehaus.groovy.runtime.callsite.CallSiteClassLoader,class,1,2,1,1,5,2,0,6,1,0.5,0.0,0.0,2,0,1,0,1,0,3,0,0,1,1,1,0,1,0,0,1,0,1,20,3,0,0,1,0,7,0,1,0,1,3,0,0,0,25,1,0
/Users/kaiohs/Downloads/codes/lab02-experimentacao-software/data/repos/apache__groovy/src/main/java/org/codehaus/groovy/runtime/metaclass/ReflectorLoader.java,org.codehaus.groovy.runtime.metaclass.ReflectorLoader,class,2,2,0,2,16,2,0,16,9,0.7083334,0.0,0.0,6,1,3,0,2,1,6,0,0,3,4,1,0,4,0,0,3,0,0,66,8,2,1,0,0,6,5,24,4,15,3,0,0,0,114,1,0
/Users/kaiohs/Downloads/codes/lab02-experimentacao-software/data/repos/apache__groovy/subprojects/groovy-contracts/src/main/java/org/apache/groovy/contracts/generation/AssertStatementCreationUtility.java,org.apache.groovy.contracts.generation.AssertStatementCreationUtility$ReturnStatementVisitor,innerclass,4,4,0,4,4,2,0,1,4,0.5,0.0,0.0,4,0,3,0,1,0,4,0,0,0,1,0,0,1,0,0,1,0,0,14,2,0,0,0,0,0,0,1,0,1,0,0,0,0,24,9,0
/Users/kaiohs/Downloads/codes/lab02-experimentacao-software/data/repos/apache__groovy/src/main/java/org/codehaus/groovy/classgen/asm/MethodPointerExpressionWriter.java,org.codehaus.groovy.classgen.asm.MethodPointerExpressionWriter,class,8,12,4,8,4,1,1,16,0,0.25,0.0,0.0,2,0,2,0,0,0,2,0,0,0,2,1,0,1,1,0,2,0,3,19,0,0,0,0,0,2,1,4,0,4,1,0,0,0,25,1,0
